date,water_level
1/1/1980,5.74
1/2/1980,5.76
1/3/1980,5.76
1/4/1980,5.73
1/5/1980,5.67
1/6/1980,5.6
1/7/1980,5.58
1/8/1980,5.58
1/9/1980,5.56
1/10/1980,5.53
1/11/1980,5.54
1/12/1980,5.54
1/13/1980,5.53
1/14/1980,5.49
1/15/1980,5.45
1/16/1980,5.41
1/17/1980,5.39
1/18/1980,5.4
1/19/1980,5.4
1/20/1980,5.38
1/21/1980,5.3
1/22/1980,5.22
1/23/1980,5.21
1/24/1980,5.19
1/25/1980,5.17
1/26/1980,5.13
1/27/1980,5.13
1/28/1980,5.13
1/29/1980,5.12
1/30/1980,5.11
1/31/1980,5.11
2/1/1980,5.11
2/2/1980,5.11
2/3/1980,5.11
2/4/1980,5.08
2/5/1980,5.08
2/6/1980,5.07
2/7/1980,5.06
2/8/1980,5.03
2/9/1980,5.02
2/10/1980,5.02
2/11/1980,5.02
2/12/1980,5.01
2/13/1980,4.97
2/14/1980,4.92
2/15/1980,4.9
2/16/1980,4.89
2/17/1980,4.91
2/18/1980,4.91
2/19/1980,4.93
2/20/1980,4.92
2/21/1980,4.9
2/22/1980,4.89
2/23/1980,4.86
2/24/1980,4.83
2/25/1980,4.82
2/26/1980,4.82
2/27/1980,4.82
2/28/1980,4.83
2/29/1980,4.82
3/1/1980,4.83
3/2/1980,4.84
3/3/1980,4.83
3/4/1980,4.78
3/5/1980,4.78
3/6/1980,4.78
3/7/1980,4.78
3/8/1980,4.79
3/9/1980,4.79
3/10/1980,4.78
3/11/1980,4.78
3/12/1980,4.77
3/13/1980,4.75
3/14/1980,4.74
3/15/1980,4.73
3/16/1980,4.73
3/17/1980,4.73
3/18/1980,4.72
3/19/1980,4.7
3/20/1980,4.7
3/21/1980,4.7
3/22/1980,4.7
3/23/1980,4.7
3/24/1980,4.69
3/25/1980,4.69
3/26/1980,4.69
3/27/1980,4.69
3/28/1980,4.69
3/29/1980,4.68
3/30/1980,4.67
3/31/1980,4.67
4/1/1980,4.68
4/2/1980,4.68
4/3/1980,4.66
4/4/1980,4.64
4/5/1980,4.63
4/6/1980,4.64
4/7/1980,4.66
4/8/1980,4.67
4/9/1980,4.66
4/10/1980,4.66
4/11/1980,4.66
4/12/1980,4.66
4/13/1980,4.67
4/14/1980,4.67
4/15/1980,4.66
4/16/1980,4.66
4/17/1980,4.66
4/18/1980,4.66
4/19/1980,4.67
4/20/1980,4.68
4/21/1980,4.71
4/22/1980,4.69
4/23/1980,4.69
4/24/1980,4.7
4/25/1980,4.7
4/26/1980,4.71
4/27/1980,4.74
4/28/1980,4.77
4/29/1980,4.78
4/30/1980,4.79
5/1/1980,4.92
5/2/1980,5.04
5/3/1980,5.17
5/4/1980,5.24
5/5/1980,5.37
5/6/1980,5.5
5/7/1980,5.5
5/8/1980,5.5
5/9/1980,5.55
5/10/1980,5.52
5/11/1980,5.46
5/12/1980,5.39
5/13/1980,5.39
5/14/1980,5.44
5/15/1980,5.47
5/16/1980,5.48
5/17/1980,5.45
5/18/1980,5.42
5/19/1980,5.39
5/20/1980,5.42
5/21/1980,5.45
5/22/1980,5.45
5/23/1980,5.46
5/24/1980,5.45
5/25/1980,5.47
5/26/1980,5.52
5/27/1980,5.54
5/28/1980,5.56
5/29/1980,5.65
5/30/1980,5.68
5/31/1980,5.71
6/1/1980,5.73
6/2/1980,5.75
6/3/1980,5.66
6/4/1980,5.59
6/5/1980,5.65
6/6/1980,5.69
6/7/1980,5.69
6/8/1980,5.69
6/9/1980,5.76
6/10/1980,5.91
6/11/1980,6.03
6/12/1980,6.21
6/13/1980,6.38
6/14/1980,6.62
6/15/1980,6.87
6/16/1980,7.34
6/17/1980,7.69
6/18/1980,7.94
6/19/1980,8.24
6/20/1980,8.32
6/21/1980,8.25
6/22/1980,8.22
6/23/1980,8.19
6/24/1980,8.21
6/25/1980,8.21
6/26/1980,8.24
6/27/1980,8.23
6/28/1980,8.28
6/29/1980,8.32
6/30/1980,8.37
7/1/1980,8.36
7/2/1980,8.36
7/3/1980,8.28
7/4/1980,8.37
7/5/1980,8.73
7/6/1980,9.03
7/7/1980,9.37
7/8/1980,9.66
7/9/1980,9.98
7/10/1980,10.31
7/11/1980,10.62
7/12/1980,10.87
7/13/1980,11.16
7/14/1980,11.43
7/15/1980,11.73
7/16/1980,11.91
7/17/1980,12.07
7/18/1980,12.23
7/19/1980,12.4
7/20/1980,12.67
7/21/1980,12.84
7/22/1980,12.98
7/23/1980,13.08
7/24/1980,13.15
7/25/1980,13.19
7/26/1980,13.19
7/27/1980,13.15
7/28/1980,13.08
7/29/1980,13.02
7/30/1980,12.95
7/31/1980,12.87
8/1/1980,12.83
8/2/1980,12.83
8/3/1980,12.87
8/4/1980,12.96
8/5/1980,13
8/6/1980,13.04
8/7/1980,13.11
8/8/1980,13.17
8/9/1980,13.21
8/10/1980,13.27
8/11/1980,13.34
8/12/1980,13.43
8/13/1980,13.53
8/14/1980,13.61
8/15/1980,13.68
8/16/1980,13.75
8/17/1980,13.78
8/18/1980,13.88
8/19/1980,13.95
8/20/1980,13.98
8/21/1980,14
8/22/1980,14
8/23/1980,13.98
8/24/1980,13.89
8/25/1980,13.75
8/26/1980,13.62
8/27/1980,13.47
8/28/1980,13.35
8/29/1980,13.37
8/30/1980,13.44
8/31/1980,13.53
9/1/1980,13.59
9/2/1980,13.68
9/3/1980,13.79
9/4/1980,13.83
9/5/1980,13.87
9/6/1980,13.92
9/7/1980,13.97
9/8/1980,13.95
9/9/1980,13.91
9/10/1980,13.88
9/11/1980,13.82
9/12/1980,13.79
9/13/1980,13.73
9/14/1980,13.66
9/15/1980,13.59
9/16/1980,13.48
9/17/1980,13.37
9/18/1980,13.18
9/19/1980,12.94
9/20/1980,12.7
9/21/1980,12.49
9/22/1980,12.33
9/23/1980,12.26
9/24/1980,12.39
9/25/1980,12.54
9/26/1980,12.59
9/27/1980,12.57
9/28/1980,12.46
9/29/1980,12.28
9/30/1980,12.1
10/1/1980,11.94
10/2/1980,11.83
10/3/1980,11.74
10/4/1980,11.64
10/5/1980,11.52
10/6/1980,11.37
10/7/1980,11.2
10/8/1980,11
10/9/1980,10.83
10/10/1980,10.77
10/11/1980,10.65
10/12/1980,10.48
10/13/1980,10.31
10/14/1980,10.16
10/15/1980,10.04
10/16/1980,9.91
10/17/1980,9.79
10/18/1980,9.69
10/19/1980,9.64
10/20/1980,9.59
10/21/1980,9.61
10/22/1980,9.55
10/23/1980,9.49
10/24/1980,9.47
10/25/1980,9.44
10/26/1980,9.37
10/27/1980,9.3
10/28/1980,9.22
10/29/1980,9.18
10/30/1980,9.15
10/31/1980,9.11
11/1/1980,9.06
11/2/1980,8.99
11/3/1980,8.91
11/4/1980,8.87
11/5/1980,8.74
11/6/1980,8.63
11/7/1980,8.57
11/8/1980,8.5
11/9/1980,8.45
11/10/1980,8.37
11/11/1980,8.34
11/12/1980,8.31
11/13/1980,8.33
11/14/1980,8.31
11/15/1980,8.21
11/16/1980,8.17
11/17/1980,8.1
11/18/1980,8.03
11/19/1980,7.99
11/20/1980,8
11/21/1980,7.98
11/22/1980,7.93
11/23/1980,7.89
11/24/1980,7.83
11/25/1980,7.77
11/26/1980,7.75
11/27/1980,7.71
11/28/1980,7.66
11/29/1980,7.58
11/30/1980,7.54
12/1/1980,7.48
12/2/1980,7.43
12/3/1980,7.43
12/4/1980,7.42
12/5/1980,7.34
12/6/1980,7.28
12/7/1980,7.26
12/8/1980,7.24
12/9/1980,7.2
12/10/1980,7.16
12/11/1980,7.13
12/12/1980,7.09
12/13/1980,7.08
12/14/1980,7.06
12/15/1980,7.02
12/16/1980,6.94
12/17/1980,6.89
12/18/1980,6.85
12/19/1980,6.84
12/20/1980,6.82
12/21/1980,6.77
12/22/1980,6.71
12/23/1980,6.67
12/24/1980,6.64
12/25/1980,6.64
12/26/1980,6.61
12/27/1980,6.61
12/28/1980,6.61
12/29/1980,6.59
12/30/1980,6.58
12/31/1980,6.55
1/1/1981,6.52
1/2/1981,6.46
1/3/1981,6.41
1/4/1981,6.36
1/5/1981,6.3
1/6/1981,6.27
1/7/1981,6.27
1/8/1981,6.27
1/9/1981,6.25
1/10/1981,6.24
1/11/1981,6.26
1/12/1981,6.25
1/13/1981,6.23
1/14/1981,6.19
1/15/1981,6.17
1/16/1981,6.14
1/17/1981,6.11
1/18/1981,6.08
1/19/1981,6.03
1/20/1981,6.03
1/21/1981,6.04
1/22/1981,6.09
1/23/1981,6.08
1/24/1981,6.03
1/25/1981,5.97
1/26/1981,5.93
1/27/1981,5.91
1/28/1981,5.93
1/29/1981,5.97
1/30/1981,5.97
1/31/1981,5.95
2/1/1981,5.95
2/2/1981,5.94
2/3/1981,5.94
2/4/1981,5.97
2/5/1981,5.97
2/6/1981,5.99
2/7/1981,6.02
2/8/1981,6.03
2/9/1981,6.02
2/10/1981,5.99
2/11/1981,5.96
2/12/1981,5.92
2/13/1981,5.9
2/14/1981,5.89
2/15/1981,5.89
2/16/1981,5.88
2/17/1981,5.85
2/18/1981,5.82
2/19/1981,5.79
2/20/1981,5.78
2/21/1981,5.78
2/22/1981,5.78
2/23/1981,5.76
2/24/1981,5.72
2/25/1981,5.65
2/26/1981,5.6
2/27/1981,5.6
2/28/1981,5.62
3/1/1981,5.65
3/2/1981,5.66
3/3/1981,5.66
3/4/1981,5.63
3/5/1981,5.59
3/6/1981,5.54
3/7/1981,5.54
3/8/1981,5.57
3/9/1981,5.57
3/10/1981,5.57
3/11/1981,5.56
3/12/1981,5.51
3/13/1981,5.47
3/14/1981,5.44
3/15/1981,5.42
3/16/1981,5.42
3/17/1981,5.45
3/18/1981,5.46
3/19/1981,5.46
3/20/1981,5.46
3/21/1981,5.46
3/22/1981,5.41
3/23/1981,5.38
3/24/1981,5.35
3/25/1981,5.36
3/26/1981,5.42
3/27/1981,5.41
3/28/1981,5.41
3/29/1981,5.41
3/30/1981,5.41
3/31/1981,5.42
4/1/1981,5.42
4/2/1981,5.44
4/3/1981,5.4
4/4/1981,5.36
4/5/1981,5.33
4/6/1981,5.3
4/7/1981,5.27
4/8/1981,5.27
4/9/1981,5.27
4/10/1981,5.27
4/11/1981,5.29
4/12/1981,5.31
4/13/1981,5.36
4/14/1981,5.4
4/15/1981,5.42
4/16/1981,5.46
4/17/1981,5.55
4/18/1981,5.63
4/19/1981,5.7
4/20/1981,5.75
4/21/1981,5.78
4/22/1981,5.84
4/23/1981,5.9
4/24/1981,5.92
4/25/1981,5.92
4/26/1981,5.77
4/27/1981,5.67
4/28/1981,5.73
4/29/1981,5.84
4/30/1981,5.92
5/1/1981,5.86
5/2/1981,5.84
5/3/1981,5.87
5/4/1981,5.9
5/5/1981,5.9
5/6/1981,5.89
5/7/1981,5.9
5/8/1981,5.92
5/9/1981,5.92
5/10/1981,5.9
5/11/1981,5.87
5/12/1981,5.85
5/13/1981,5.84
5/14/1981,5.82
5/15/1981,5.87
5/16/1981,5.9
5/17/1981,5.92
5/18/1981,5.97
5/19/1981,5.98
5/20/1981,6.02
5/21/1981,6.03
5/22/1981,6.11
5/23/1981,6.17
5/24/1981,6.14
5/25/1981,6.08
5/26/1981,6.04
5/27/1981,6.13
5/28/1981,6.23
5/29/1981,6.25
5/30/1981,6.36
5/31/1981,6.53
6/1/1981,6.69
6/2/1981,6.77
6/3/1981,6.87
6/4/1981,6.84
6/5/1981,6.71
6/6/1981,6.63
6/7/1981,6.61
6/8/1981,6.63
6/9/1981,6.69
6/10/1981,6.67
6/11/1981,6.64
6/12/1981,6.57
6/13/1981,6.53
6/14/1981,6.48
6/15/1981,6.41
6/16/1981,6.38
6/17/1981,6.39
6/18/1981,6.36
6/19/1981,6.35
6/20/1981,6.49
6/21/1981,6.69
6/22/1981,6.78
6/23/1981,6.7
6/24/1981,6.59
6/25/1981,6.64
6/26/1981,6.73
6/27/1981,6.8
6/28/1981,6.86
6/29/1981,7.05
6/30/1981,7.33
7/1/1981,7.83
7/2/1981,8.36
7/3/1981,8.69
7/4/1981,9.05
7/5/1981,9.58
7/6/1981,10.21
7/7/1981,10.75
7/8/1981,11.16
7/9/1981,11.43
7/10/1981,11.55
7/11/1981,11.49
7/12/1981,11.41
7/13/1981,11.29
7/14/1981,11.2
7/15/1981,11.08
7/16/1981,11.04
7/17/1981,11.02
7/18/1981,11.08
7/19/1981,11.29
7/20/1981,11.71
7/21/1981,11.58
7/22/1981,12.27
7/23/1981,12.37
7/24/1981,12.42
7/25/1981,12.43
7/26/1981,12.4
7/27/1981,12.49
7/28/1981,12.62
7/29/1981,12.74
7/30/1981,12.83
7/31/1981,12.87
8/1/1981,12.91
8/2/1981,12.92
8/3/1981,13
8/4/1981,13.07
8/5/1981,13.11
8/6/1981,13.15
8/7/1981,13.17
8/8/1981,13.19
8/9/1981,13.13
8/10/1981,13.04
8/11/1981,12.98
8/12/1981,12.94
8/13/1981,12.91
8/14/1981,12.9
8/15/1981,12.91
8/16/1981,12.87
8/17/1981,12.8
8/18/1981,12.7
8/19/1981,12.58
8/20/1981,12.47
8/21/1981,12.42
8/22/1981,12.43
8/23/1981,12.45
8/24/1981,12.52
8/25/1981,12.63
8/26/1981,12.84
8/27/1981,13.03
8/28/1981,13.21
8/29/1981,13.29
8/30/1981,13.33
8/31/1981,13.27
9/1/1981,13.1
9/2/1981,12.98
9/3/1981,12.85
9/4/1981,12.77
9/5/1981,12.7
9/6/1981,12.62
9/7/1981,12.53
9/8/1981,12.4
9/9/1981,12.33
9/10/1981,12.27
9/11/1981,12.27
9/12/1981,12.34
9/13/1981,12.58
9/14/1981,12.74
9/15/1981,12.84
9/16/1981,12.87
9/17/1981,12.79
9/18/1981,12.71
9/19/1981,12.62
9/20/1981,12.45
9/21/1981,12.3
9/22/1981,12.19
9/23/1981,12.1
9/24/1981,12.05
9/25/1981,11.98
9/26/1981,11.91
9/27/1981,11.78
9/28/1981,11.67
9/29/1981,11.54
9/30/1981,11.38
10/1/1981,11.2
10/2/1981,11.15
10/3/1981,11.34
10/4/1981,11.56
10/5/1981,11.79
10/6/1981,11.92
10/7/1981,12
10/8/1981,11.99
10/9/1981,11.83
10/10/1981,11.65
10/11/1981,11.45
10/12/1981,11.29
10/13/1981,11.12
10/14/1981,10.95
10/15/1981,10.79
10/16/1981,10.63
10/17/1981,10.45
10/18/1981,10.27
10/19/1981,10.08
10/20/1981,9.9
10/21/1981,9.69
10/22/1981,9.53
10/23/1981,9.37
10/24/1981,9.15
10/25/1981,9.1
10/26/1981,8.99
10/27/1981,8.83
10/28/1981,8.74
10/29/1981,8.62
10/30/1981,8.56
10/31/1981,8.47
11/1/1981,8.41
11/2/1981,8.34
11/3/1981,8.25
11/4/1981,8.19
11/5/1981,8.12
11/6/1981,8.05
11/7/1981,8.02
11/8/1981,7.96
11/9/1981,7.88
11/10/1981,7.84
11/11/1981,7.87
11/12/1981,7.79
11/13/1981,7.74
11/14/1981,7.8
11/15/1981,7.74
11/16/1981,7.67
11/17/1981,7.66
11/18/1981,7.62
11/19/1981,7.49
11/20/1981,7.49
11/21/1981,7.48
11/22/1981,7.4
11/23/1981,7.37
11/24/1981,7.33
11/25/1981,7.27
11/26/1981,7.17
11/27/1981,7.23
11/28/1981,7.19
11/29/1981,7.13
11/30/1981,7.07
12/1/1981,7
12/2/1981,6.94
12/3/1981,6.92
12/4/1981,6.88
12/5/1981,6.84
12/6/1981,6.83
12/7/1981,6.79
12/8/1981,6.73
12/9/1981,6.68
12/10/1981,6.65
12/11/1981,6.63
12/12/1981,6.56
12/13/1981,6.52
12/14/1981,6.59
12/15/1981,6.59
12/16/1981,6.49
12/17/1981,6.46
12/18/1981,6.44
12/19/1981,6.42
12/20/1981,6.36
12/21/1981,6.3
12/22/1981,6.26
12/23/1981,6.23
12/24/1981,6.19
12/25/1981,6.17
12/26/1981,6.11
12/27/1981,6.07
12/28/1981,6.03
12/29/1981,6
12/30/1981,5.98
12/31/1981,5.93
1/1/1982,5.86
1/2/1982,5.82
1/3/1982,5.82
1/4/1982,5.86
1/5/1982,5.88
1/6/1982,5.83
1/7/1982,5.75
1/8/1982,5.67
1/9/1982,5.64
1/10/1982,5.6
1/11/1982,5.63
1/12/1982,5.56
1/13/1982,5.65
1/14/1982,5.57
1/15/1982,5.52
1/16/1982,5.48
1/17/1982,5.46
1/18/1982,5.46
1/19/1982,5.45
1/20/1982,5.44
1/21/1982,5.4
1/22/1982,5.4
1/23/1982,5.41
1/24/1982,5.4
1/25/1982,5.38
1/26/1982,5.34
1/27/1982,5.31
1/28/1982,5.31
1/29/1982,5.3
1/30/1982,5.27
1/31/1982,5.27
2/1/1982,5.27
2/2/1982,5.27
2/3/1982,5.25
2/4/1982,5.23
2/5/1982,5.25
2/6/1982,5.27
2/7/1982,5.28
2/8/1982,5.3
2/9/1982,5.38
2/10/1982,5.48
2/11/1982,5.53
2/12/1982,5.52
2/13/1982,5.5
2/14/1982,5.48
2/15/1982,5.46
2/16/1982,5.44
2/17/1982,5.42
2/18/1982,5.39
2/19/1982,5.4
2/20/1982,5.4
2/21/1982,5.38
2/22/1982,5.4
2/23/1982,5.37
2/24/1982,5.35
2/25/1982,5.32
2/26/1982,5.3
2/27/1982,5.28
2/28/1982,5.26
3/1/1982,5.25
3/2/1982,5.21
3/3/1982,5.2
3/4/1982,5.21
3/5/1982,5.21
3/6/1982,5.23
3/7/1982,5.28
3/8/1982,5.25
3/9/1982,5.21
3/10/1982,5.19
3/11/1982,5.17
3/12/1982,5.15
3/13/1982,5.14
3/14/1982,5.15
3/15/1982,5.16
3/16/1982,5.15
3/17/1982,5.13
3/18/1982,5.13
3/19/1982,5.15
3/20/1982,5.13
3/21/1982,5.15
3/22/1982,5.13
3/23/1982,5.13
3/24/1982,5.14
3/25/1982,5.12
3/26/1982,5.1
3/27/1982,5.07
3/28/1982,5.03
3/29/1982,5
3/30/1982,5.01
3/31/1982,5.04
4/1/1982,5.07
4/2/1982,5.12
4/3/1982,5.11
4/4/1982,5.11
4/5/1982,5.13
4/6/1982,5.13
4/7/1982,5.16
4/8/1982,5.19
4/9/1982,5.19
4/10/1982,5.19
4/11/1982,5.21
4/12/1982,5.23
4/13/1982,5.25
4/14/1982,5.28
4/15/1982,5.31
4/16/1982,5.34
4/17/1982,5.35
4/18/1982,5.38
4/19/1982,5.45
4/20/1982,5.5
4/21/1982,5.55
4/22/1982,5.55
4/23/1982,5.52
4/24/1982,5.5
4/25/1982,5.5
4/26/1982,5.53
4/27/1982,5.57
4/28/1982,5.57
4/29/1982,5.57
4/30/1982,5.57
5/1/1982,5.57
5/2/1982,5.59
5/3/1982,5.59
5/4/1982,5.59
5/5/1982,5.57
5/6/1982,5.57
5/7/1982,5.59
5/8/1982,5.61
5/9/1982,5.65
5/10/1982,5.67
5/11/1982,5.65
5/12/1982,5.63
5/13/1982,5.61
5/14/1982,5.58
5/15/1982,5.57
5/16/1982,5.55
5/17/1982,5.55
5/18/1982,5.59
5/19/1982,5.69
5/20/1982,5.8
5/21/1982,5.84
5/22/1982,5.8
5/23/1982,5.77
5/24/1982,5.75
5/25/1982,5.73
5/26/1982,5.72
5/27/1982,5.81
5/28/1982,5.75
5/29/1982,5.8
5/30/1982,5.82
5/31/1982,5.75
6/1/1982,5.7
6/2/1982,5.65
6/3/1982,5.59
6/4/1982,5.61
6/5/1982,5.65
6/6/1982,5.65
6/7/1982,5.64
6/8/1982,5.75
6/9/1982,5.9
6/10/1982,6.05
6/11/1982,6.4
6/12/1982,6.67
6/13/1982,6.94
6/14/1982,7.29
6/15/1982,7.52
6/16/1982,7.72
6/17/1982,7.84
6/18/1982,8.04
6/19/1982,8.24
6/20/1982,8.38
6/21/1982,8.54
6/22/1982,8.72
6/23/1982,8.91
6/24/1982,9.09
6/25/1982,9.16
6/26/1982,9.13
6/27/1982,9.07
6/28/1982,9.05
6/29/1982,9.09
6/30/1982,9.08
7/1/1982,8.95
7/2/1982,8.87
7/3/1982,8.87
7/4/1982,8.77
7/5/1982,8.7
7/6/1982,8.66
7/7/1982,8.67
7/8/1982,8.83
7/9/1982,8.95
7/10/1982,9.04
7/11/1982,9.11
7/12/1982,9.23
7/13/1982,9.58
7/14/1982,9.8
7/15/1982,9.9
7/16/1982,9.98
7/17/1982,10.08
7/18/1982,10.18
7/19/1982,10.2
7/20/1982,10.13
7/21/1982,10.1
7/22/1982,10.09
7/23/1982,10.2
7/24/1982,10.41
7/25/1982,10.62
7/26/1982,10.69
7/27/1982,10.73
7/28/1982,10.83
7/29/1982,11.03
7/30/1982,11.33
7/31/1982,11.47
8/1/1982,11.58
8/2/1982,11.86
8/3/1982,12.14
8/4/1982,12.33
8/5/1982,12.42
8/6/1982,12.47
8/7/1982,12.48
8/8/1982,12.5
8/9/1982,12.57
8/10/1982,12.65
8/11/1982,12.7
8/12/1982,12.78
8/13/1982,12.82
8/14/1982,12.81
8/15/1982,12.79
8/16/1982,12.77
8/17/1982,12.73
8/18/1982,12.68
8/19/1982,12.7
8/20/1982,12.66
8/21/1982,12.59
8/22/1982,12.6
8/23/1982,12.67
8/24/1982,12.78
8/25/1982,12.89
8/26/1982,12.98
8/27/1982,13.07
8/28/1982,13.14
8/29/1982,13.21
8/30/1982,13.27
8/31/1982,13.33
9/1/1982,13.37
9/2/1982,13.43
9/3/1982,13.46
9/4/1982,13.53
9/5/1982,13.57
9/6/1982,13.63
9/7/1982,13.69
9/8/1982,13.73
9/9/1982,13.76
9/10/1982,13.79
9/11/1982,13.75
9/12/1982,13.71
9/13/1982,13.62
9/14/1982,13.48
9/15/1982,13.34
9/16/1982,13.23
9/17/1982,13.16
9/18/1982,13.13
9/19/1982,13.12
9/20/1982,13.1
9/21/1982,13.05
9/22/1982,13
9/23/1982,12.9
9/24/1982,12.74
9/25/1982,12.61
9/26/1982,12.44
9/27/1982,12.26
9/28/1982,12.12
9/29/1982,12
9/30/1982,11.83
10/1/1982,11.65
10/2/1982,11.49
10/3/1982,11.33
10/4/1982,11.13
10/5/1982,10.95
10/6/1982,10.73
10/7/1982,10.51
10/8/1982,10.33
10/9/1982,10.15
10/10/1982,9.91
10/11/1982,9.78
10/12/1982,9.6
10/13/1982,9.45
10/14/1982,9.3
10/15/1982,9.2
10/16/1982,9.07
10/17/1982,8.94
10/18/1982,8.84
10/19/1982,8.73
10/20/1982,8.67
10/21/1982,8.57
10/22/1982,8.48
10/23/1982,8.44
10/24/1982,8.41
10/25/1982,8.42
10/26/1982,8.37
10/27/1982,8.36
10/28/1982,8.34
10/29/1982,8.34
10/30/1982,8.32
10/31/1982,8.3
11/1/1982,8.29
11/2/1982,8.19
11/3/1982,7.99
11/4/1982,7.96
11/5/1982,7.88
11/6/1982,7.83
11/7/1982,7.79
11/8/1982,7.79
11/9/1982,7.86
11/10/1982,7.87
11/11/1982,7.84
11/12/1982,7.84
11/13/1982,7.82
11/14/1982,7.78
11/15/1982,7.74
11/16/1982,7.74
11/17/1982,7.77
11/18/1982,7.76
11/19/1982,7.77
11/20/1982,7.75
11/21/1982,7.74
11/22/1982,7.69
11/23/1982,7.66
11/24/1982,7.65
11/25/1982,7.59
11/26/1982,7.55
11/27/1982,7.5
11/28/1982,7.48
11/29/1982,7.44
11/30/1982,7.4
12/1/1982,7.38
12/2/1982,7.41
12/3/1982,7.42
12/4/1982,7.37
12/5/1982,7.24
12/6/1982,7.17
12/7/1982,7.1
12/8/1982,7.02
12/9/1982,6.96
12/10/1982,6.9
12/11/1982,6.84
12/12/1982,6.8
12/13/1982,6.75
12/14/1982,6.71
12/15/1982,6.69
12/16/1982,6.67
12/17/1982,6.62
12/18/1982,6.57
12/19/1982,6.52
12/20/1982,6.48
12/21/1982,6.4
12/22/1982,6.34
12/23/1982,6.32
12/24/1982,6.32
12/25/1982,6.32
12/26/1982,6.28
12/27/1982,6.23
12/28/1982,6.22
12/29/1982,6.16
12/30/1982,6.03
12/31/1982,5.92
1/1/1983,5.81
1/2/1983,5.77
1/3/1983,5.8
1/4/1983,5.84
1/5/1983,5.86
1/6/1983,5.84
1/7/1983,5.8
1/8/1983,5.75
1/9/1983,5.71
1/10/1983,5.67
1/11/1983,5.64
1/12/1983,5.61
1/13/1983,5.59
1/14/1983,5.58
1/15/1983,5.59
1/16/1983,5.6
1/17/1983,5.59
1/18/1983,5.59
1/19/1983,5.58
1/20/1983,5.57
1/21/1983,5.57
1/22/1983,5.57
1/23/1983,5.57
1/24/1983,5.57
1/25/1983,5.57
1/26/1983,5.58
1/27/1983,5.57
1/28/1983,5.51
1/29/1983,5.46
1/30/1983,5.42
1/31/1983,5.43
2/1/1983,5.43
2/2/1983,5.42
2/3/1983,5.41
2/4/1983,5.43
2/5/1983,5.44
2/6/1983,5.44
2/7/1983,5.42
2/8/1983,5.4
2/9/1983,5.41
2/10/1983,5.41
2/11/1983,5.41
2/12/1983,5.4
2/13/1983,5.44
2/14/1983,5.45
2/15/1983,5.45
2/16/1983,5.45
2/17/1983,5.46
2/18/1983,5.44
2/19/1983,5.42
2/20/1983,5.39
2/21/1983,5.34
2/22/1983,5.28
2/23/1983,5.23
2/24/1983,5.18
2/25/1983,5.15
2/26/1983,5.15
2/27/1983,5.14
2/28/1983,5.13
3/1/1983,5.09
3/2/1983,5.05
3/3/1983,5
3/4/1983,5.02
3/5/1983,5.03
3/6/1983,5.02
3/7/1983,5.02
3/8/1983,5.02
3/9/1983,5
3/10/1983,4.97
3/11/1983,4.9
3/12/1983,4.86
3/13/1983,4.84
3/14/1983,4.83
3/15/1983,4.83
3/16/1983,4.84
3/17/1983,4.83
3/18/1983,4.82
3/19/1983,4.79
3/20/1983,4.77
3/21/1983,4.76
3/22/1983,4.73
3/23/1983,4.67
3/24/1983,4.61
3/25/1983,4.59
3/26/1983,4.58
3/27/1983,4.6
3/28/1983,4.61
3/29/1983,4.61
3/30/1983,4.6
3/31/1983,4.61
4/1/1983,4.61
4/2/1983,4.61
4/3/1983,4.61
4/4/1983,4.6
4/5/1983,4.57
4/6/1983,4.53
4/7/1983,4.52
4/8/1983,4.53
4/9/1983,4.56
4/10/1983,4.64
4/11/1983,4.66
4/12/1983,4.7
4/13/1983,4.73
4/14/1983,4.7
4/15/1983,4.64
4/16/1983,4.61
4/17/1983,4.63
4/18/1983,4.62
4/19/1983,4.62
4/20/1983,4.61
4/21/1983,4.63
4/22/1983,4.68
4/23/1983,4.74
4/24/1983,4.78
4/25/1983,4.82
4/26/1983,4.85
4/27/1983,4.87
4/28/1983,4.89
4/29/1983,4.86
4/30/1983,4.88
5/1/1983,4.92
5/2/1983,5.01
5/3/1983,5.2
5/4/1983,5.32
5/5/1983,5.38
5/6/1983,5.39
5/7/1983,5.41
5/8/1983,5.43
5/9/1983,5.42
5/10/1983,5.45
5/11/1983,5.49
5/12/1983,5.54
5/13/1983,5.61
5/14/1983,5.72
5/15/1983,5.84
5/16/1983,5.86
5/17/1983,5.82
5/18/1983,5.87
5/19/1983,5.89
5/20/1983,5.94
5/21/1983,5.98
5/22/1983,5.99
5/23/1983,6.02
5/24/1983,6.02
5/25/1983,6.01
5/26/1983,6.04
5/27/1983,6.13
5/28/1983,6.23
5/29/1983,6.3
5/30/1983,6.34
5/31/1983,6.34
6/1/1983,6.33
6/2/1983,6.3
6/3/1983,6.27
6/4/1983,6.19
6/5/1983,6.1
6/6/1983,6.03
6/7/1983,6.08
6/8/1983,6.22
6/9/1983,6.5
6/10/1983,6.55
6/11/1983,6.48
6/12/1983,6.48
6/13/1983,6.53
6/14/1983,6.56
6/15/1983,6.53
6/16/1983,6.5
6/17/1983,6.53
6/18/1983,6.47
6/19/1983,6.36
6/20/1983,6.34
6/21/1983,6.37
6/22/1983,6.42
6/23/1983,6.54
6/24/1983,6.74
6/25/1983,6.89
6/26/1983,7.01
6/27/1983,7.11
6/28/1983,7.34
6/29/1983,7.44
6/30/1983,7.38
7/1/1983,7.31
7/2/1983,7.44
7/3/1983,7.66
7/4/1983,7.83
7/5/1983,8.11
7/6/1983,8.45
7/7/1983,9.16
7/8/1983,9.84
7/9/1983,10.39
7/10/1983,10.78
7/11/1983,10.99
7/12/1983,11.03
7/13/1983,10.92
7/14/1983,10.72
7/15/1983,10.48
7/16/1983,10.33
7/17/1983,10.25
7/18/1983,10.35
7/19/1983,10.48
7/20/1983,10.58
7/21/1983,10.69
7/22/1983,10.8
7/23/1983,10.87
7/24/1983,10.89
7/25/1983,10.84
7/26/1983,10.88
7/27/1983,10.94
7/28/1983,11.11
7/29/1983,11.19
7/30/1983,11.36
7/31/1983,11.61
8/1/1983,11.87
8/2/1983,12.06
8/3/1983,12.18
8/4/1983,12.31
8/5/1983,12.41
8/6/1983,12.45
8/7/1983,12.46
8/8/1983,12.58
8/9/1983,12.65
8/10/1983,12.66
8/11/1983,12.63
8/12/1983,12.57
8/13/1983,12.43
8/14/1983,12.26
8/15/1983,12.11
8/16/1983,11.96
8/17/1983,11.86
8/18/1983,11.79
8/19/1983,11.78
8/20/1983,11.76
8/21/1983,11.81
8/22/1983,11.91
8/23/1983,12.02
8/24/1983,12.09
8/25/1983,12.18
8/26/1983,12.26
8/27/1983,12.37
8/28/1983,12.49
8/29/1983,12.64
8/30/1983,12.77
8/31/1983,12.83
9/1/1983,12.88
9/2/1983,12.87
9/3/1983,12.82
9/4/1983,12.77
9/5/1983,12.7
9/6/1983,12.69
9/7/1983,12.7
9/8/1983,12.74
9/9/1983,12.87
9/10/1983,12.99
9/11/1983,13.06
9/12/1983,13.19
9/13/1983,13.35
9/14/1983,13.45
9/15/1983,13.52
9/16/1983,13.6
9/17/1983,13.69
9/18/1983,13.71
9/19/1983,13.79
9/20/1983,13.83
9/21/1983,13.88
9/22/1983,13.95
9/23/1983,13.95
9/24/1983,13.92
9/25/1983,13.8
9/26/1983,13.67
9/27/1983,13.54
9/28/1983,13.36
9/29/1983,13.22
9/30/1983,13.09
10/1/1983,13.02
10/2/1983,12.97
10/3/1983,12.94
10/4/1983,12.93
10/5/1983,12.89
10/6/1983,12.83
10/7/1983,12.73
10/8/1983,12.58
10/9/1983,12.4
10/10/1983,12.38
10/11/1983,12.13
10/12/1983,11.98
10/13/1983,11.84
10/14/1983,11.69
10/15/1983,11.64
10/16/1983,11.69
10/17/1983,11.95
10/18/1983,12.17
10/19/1983,12.24
10/20/1983,12.14
10/21/1983,11.89
10/22/1983,11.66
10/23/1983,11.45
10/24/1983,11.27
10/25/1983,11.12
10/26/1983,10.96
10/27/1983,10.79
10/28/1983,10.62
10/29/1983,10.49
10/30/1983,10.34
10/31/1983,10.21
11/1/1983,10.08
11/2/1983,9.92
11/3/1983,9.83
11/4/1983,9.7
11/5/1983,9.6
11/6/1983,9.53
11/7/1983,9.44
11/8/1983,9.36
11/9/1983,9.25
11/10/1983,9.2
11/11/1983,9.13
11/12/1983,9.03
11/13/1983,8.96
11/14/1983,8.89
11/15/1983,8.82
11/16/1983,8.72
11/17/1983,8.69
11/18/1983,8.67
11/19/1983,8.57
11/20/1983,8.52
11/21/1983,8.47
11/22/1983,8.38
11/23/1983,8.32
11/24/1983,8.27
11/25/1983,8.19
11/26/1983,8.12
11/27/1983,8.09
11/28/1983,8.07
11/29/1983,7.99
11/30/1983,7.92
12/1/1983,7.83
12/2/1983,7.81
12/3/1983,7.78
12/4/1983,7.67
12/5/1983,7.63
12/6/1983,7.6
12/7/1983,7.53
12/8/1983,7.46
12/9/1983,7.4
12/10/1983,7.33
12/11/1983,7.3
12/12/1983,7.27
12/13/1983,7.2
12/14/1983,7.18
12/15/1983,7.18
12/16/1983,7.1
12/17/1983,7.06
12/18/1983,7.06
12/19/1983,7.05
12/20/1983,7
12/21/1983,6.97
12/22/1983,6.95
12/23/1983,6.94
12/24/1983,6.88
12/25/1983,6.84
12/26/1983,6.8
12/27/1983,6.77
12/28/1983,6.74
12/29/1983,6.75
12/30/1983,6.79
12/31/1983,6.75
1/1/1984,6.72
1/2/1984,6.71
1/3/1984,6.64
1/4/1984,6.61
1/5/1984,6.69
1/6/1984,6.68
1/7/1984,6.6
1/8/1984,6.58
1/9/1984,6.58
1/10/1984,6.58
1/11/1984,6.55
1/12/1984,6.51
1/13/1984,6.46
1/14/1984,6.44
1/15/1984,6.38
1/16/1984,6.39
1/17/1984,6.4
1/18/1984,6.4
1/19/1984,6.4
1/20/1984,6.41
1/21/1984,6.38
1/22/1984,6.25
1/23/1984,6.19
1/24/1984,6.21
1/25/1984,6.24
1/26/1984,6.25
1/27/1984,6.25
1/28/1984,6.27
1/29/1984,6.33
1/30/1984,6.4
1/31/1984,6.39
2/1/1984,6.34
2/2/1984,6.3
2/3/1984,6.26
2/4/1984,6.21
2/5/1984,6.16
2/6/1984,6.12
2/7/1984,6.09
2/8/1984,6.05
2/9/1984,5.99
2/10/1984,5.94
2/11/1984,5.91
2/12/1984,5.88
2/13/1984,5.88
2/14/1984,5.86
2/15/1984,5.84
2/16/1984,5.84
2/17/1984,5.84
2/18/1984,5.84
2/19/1984,5.81
2/20/1984,5.78
2/21/1984,5.76
2/22/1984,5.77
2/23/1984,5.8
2/24/1984,5.84
2/25/1984,5.84
2/26/1984,5.84
2/27/1984,5.82
2/28/1984,5.81
2/29/1984,5.78
3/1/1984,5.74
3/2/1984,5.73
3/3/1984,5.78
3/4/1984,5.82
3/5/1984,5.79
3/6/1984,5.76
3/7/1984,5.76
3/8/1984,5.79
3/9/1984,5.8
3/10/1984,5.77
3/11/1984,5.74
3/12/1984,5.71
3/13/1984,5.67
3/14/1984,5.64
3/15/1984,5.6
3/16/1984,5.56
3/17/1984,5.53
3/18/1984,5.5
3/19/1984,5.46
3/20/1984,5.42
3/21/1984,5.38
3/22/1984,5.34
3/23/1984,5.33
3/24/1984,5.34
3/25/1984,5.32
3/26/1984,5.3
3/27/1984,5.3
3/28/1984,5.3
3/29/1984,5.27
3/30/1984,5.24
3/31/1984,5.23
4/1/1984,5.23
4/2/1984,5.22
4/3/1984,5.2
4/4/1984,5.16
4/5/1984,5.19
4/6/1984,5.22
4/7/1984,5.23
4/8/1984,5.24
4/9/1984,5.22
4/10/1984,5.2
4/11/1984,5.19
4/12/1984,5.16
4/13/1984,5.18
4/14/1984,5.21
4/15/1984,5.22
4/16/1984,5.23
4/17/1984,5.24
4/18/1984,5.22
4/19/1984,5.21
4/20/1984,5.2
4/21/1984,5.21
4/22/1984,5.23
4/23/1984,5.22
4/24/1984,5.18
4/25/1984,5.19
4/26/1984,5.26
4/27/1984,5.3
4/28/1984,5.3
4/29/1984,5.31
4/30/1984,5.31
5/1/1984,5.29
5/2/1984,5.3
5/3/1984,5.36
5/4/1984,5.43
5/5/1984,5.47
5/6/1984,5.45
5/7/1984,5.44
5/8/1984,5.46
5/9/1984,5.49
5/10/1984,5.55
5/11/1984,5.55
5/12/1984,5.54
5/13/1984,5.58
5/14/1984,5.68
5/15/1984,5.72
5/16/1984,5.71
5/17/1984,5.69
5/18/1984,5.69
5/19/1984,5.68
5/20/1984,5.7
5/21/1984,5.74
5/22/1984,5.8
5/23/1984,5.78
5/24/1984,5.8
5/25/1984,5.98
5/26/1984,6.17
5/27/1984,6.25
5/28/1984,6.33
5/29/1984,6.37
5/30/1984,6.34
5/31/1984,6.26
6/1/1984,6.24
6/2/1984,6.22
6/3/1984,6.33
6/4/1984,6.67
6/5/1984,6.69
6/6/1984,6.65
6/7/1984,6.65
6/8/1984,6.75
6/9/1984,6.93
6/10/1984,7.26
6/11/1984,7.55
6/12/1984,7.68
6/13/1984,7.83
6/14/1984,8.17
6/15/1984,8.43
6/16/1984,8.64
6/17/1984,8.95
6/18/1984,9.44
6/19/1984,9.77
6/20/1984,9.92
6/21/1984,10.01
6/22/1984,10.17
6/23/1984,10.41
6/24/1984,10.57
6/25/1984,10.65
6/26/1984,10.75
6/27/1984,11.07
6/28/1984,11.29
6/29/1984,11.29
6/30/1984,11.14
7/1/1984,10.95
7/2/1984,10.83
7/3/1984,10.72
7/4/1984,10.67
7/5/1984,10.64
7/6/1984,10.64
7/7/1984,10.69
7/8/1984,10.77
7/9/1984,10.93
7/10/1984,11.13
7/11/1984,11.29
7/12/1984,11.61
7/13/1984,11.96
7/14/1984,12.29
7/15/1984,12.52
7/16/1984,12.63
7/17/1984,12.67
7/18/1984,12.68
7/19/1984,12.61
7/20/1984,12.55
7/21/1984,12.5
7/22/1984,12.42
7/23/1984,12.35
7/24/1984,12.3
7/25/1984,12.28
7/26/1984,12.3
7/27/1984,12.4
7/28/1984,12.56
7/29/1984,12.76
7/30/1984,12.96
7/31/1984,13.08
8/1/1984,13.21
8/2/1984,13.26
8/3/1984,13.32
8/4/1984,13.37
8/5/1984,13.42
8/6/1984,13.43
8/7/1984,13.35
8/8/1984,13.25
8/9/1984,13.04
8/10/1984,12.83
8/11/1984,12.61
8/12/1984,12.49
8/13/1984,12.46
8/14/1984,12.42
8/15/1984,12.36
8/16/1984,12.31
8/17/1984,12.18
8/18/1984,12.08
8/19/1984,11.97
8/20/1984,11.85
8/21/1984,11.77
8/22/1984,11.68
8/23/1984,11.77
8/24/1984,11.91
8/25/1984,12
8/26/1984,12.2
8/27/1984,12.43
8/28/1984,12.65
8/29/1984,12.84
8/30/1984,13.04
8/31/1984,13.11
9/1/1984,13.18
9/2/1984,13.21
9/3/1984,13.22
9/4/1984,13.18
9/5/1984,13.2
9/6/1984,13.28
9/7/1984,13.35
9/8/1984,13.42
9/9/1984,13.55
9/10/1984,13.62
9/11/1984,13.64
9/12/1984,13.64
9/13/1984,13.64
9/14/1984,13.62
9/15/1984,13.63
9/16/1984,13.65
9/17/1984,13.62
9/18/1984,13.5
9/19/1984,13.39
9/20/1984,13.26
9/21/1984,13.18
9/22/1984,13.14
9/23/1984,13.11
9/24/1984,13.03
9/25/1984,12.87
9/26/1984,12.69
9/27/1984,12.42
9/28/1984,12.28
9/29/1984,12.13
9/30/1984,11.97
10/1/1984,11.79
10/2/1984,11.63
10/3/1984,11.5
10/4/1984,11.39
10/5/1984,11.18
10/6/1984,11.02
10/7/1984,10.88
10/8/1984,10.68
10/9/1984,10.5
10/10/1984,10.34
10/11/1984,10.18
10/12/1984,10.01
10/13/1984,9.9
10/14/1984,9.79
10/15/1984,9.66
10/16/1984,9.55
10/17/1984,9.45
10/18/1984,9.33
10/19/1984,9.23
10/20/1984,9.12
10/21/1984,9.03
10/22/1984,8.99
10/23/1984,9.02
10/24/1984,8.98
10/25/1984,8.96
10/26/1984,8.88
10/27/1984,8.8
10/28/1984,8.7
10/29/1984,8.62
10/30/1984,8.51
10/31/1984,8.46
11/1/1984,8.4
11/2/1984,8.3
11/3/1984,8.23
11/4/1984,8.17
11/5/1984,8.11
11/6/1984,8.07
11/7/1984,8.04
11/8/1984,7.99
11/9/1984,7.88
11/10/1984,7.81
11/11/1984,7.78
11/12/1984,7.69
11/13/1984,7.66
11/14/1984,7.62
11/15/1984,7.57
11/16/1984,7.55
11/17/1984,7.53
11/18/1984,7.52
11/19/1984,7.44
11/20/1984,7.42
11/21/1984,7.38
11/22/1984,7.34
11/23/1984,7.28
11/24/1984,7.26
11/25/1984,7.25
11/26/1984,7.21
11/27/1984,7.15
11/28/1984,7.12
11/29/1984,7.08
11/30/1984,7.04
12/1/1984,6.98
12/2/1984,6.93
12/3/1984,6.9
12/4/1984,6.85
12/5/1984,6.82
12/6/1984,6.81
12/7/1984,6.81
12/8/1984,6.77
12/9/1984,6.68
12/10/1984,6.67
12/11/1984,6.69
12/12/1984,6.66
12/13/1984,6.61
12/14/1984,6.61
12/15/1984,6.6
12/16/1984,6.56
12/17/1984,6.54
12/18/1984,6.5
12/19/1984,6.47
12/20/1984,6.43
12/21/1984,6.41
12/22/1984,6.39
12/23/1984,6.36
12/24/1984,6.32
12/25/1984,6.28
12/26/1984,6.25
12/27/1984,6.24
12/28/1984,6.24
12/29/1984,6.25
12/30/1984,6.23
12/31/1984,6.21
1/1/1985,6.19
1/2/1985,6.16
1/3/1985,6.11
1/4/1985,6.06
1/5/1985,6.05
1/6/1985,6.06
1/7/1985,6.05
1/8/1985,6.03
1/9/1985,6.03
1/10/1985,6.02
1/11/1985,6
1/12/1985,5.97
1/13/1985,5.93
1/14/1985,5.91
1/15/1985,5.91
1/16/1985,5.91
1/17/1985,5.89
1/18/1985,5.87
1/19/1985,5.84
1/20/1985,5.83
1/21/1985,5.85
1/22/1985,5.88
1/23/1985,5.84
1/24/1985,5.78
1/25/1985,5.77
1/26/1985,5.78
1/27/1985,5.75
1/28/1985,5.71
1/29/1985,5.69
1/30/1985,5.68
1/31/1985,5.67
2/1/1985,5.66
2/2/1985,5.67
2/3/1985,5.67
2/4/1985,5.68
2/5/1985,5.67
2/6/1985,5.64
2/7/1985,5.62
2/8/1985,5.61
2/9/1985,5.59
2/10/1985,5.56
2/11/1985,5.52
2/12/1985,5.52
2/13/1985,5.51
2/14/1985,5.52
2/15/1985,5.5
2/16/1985,5.46
2/17/1985,5.43
2/18/1985,5.43
2/19/1985,5.42
2/20/1985,5.4
2/21/1985,5.36
2/22/1985,5.33
2/23/1985,5.32
2/24/1985,5.3
2/25/1985,5.25
2/26/1985,5.21
2/27/1985,5.2
2/28/1985,5.19
3/1/1985,5.17
3/2/1985,5.14
3/3/1985,5.16
3/4/1985,5.21
3/5/1985,5.22
3/6/1985,5.19
3/7/1985,5.18
3/8/1985,5.18
3/9/1985,5.17
3/10/1985,5.17
3/11/1985,5.16
3/12/1985,5.15
3/13/1985,5.14
3/14/1985,5.12
3/15/1985,5.07
3/16/1985,5.03
3/17/1985,5.02
3/18/1985,5.04
3/19/1985,5.03
3/20/1985,5.01
3/21/1985,4.97
3/22/1985,4.93
3/23/1985,4.91
3/24/1985,4.87
3/25/1985,4.87
3/26/1985,4.87
3/27/1985,4.86
3/28/1985,4.85
3/29/1985,4.86
3/30/1985,4.85
3/31/1985,4.84
4/1/1985,4.83
4/2/1985,4.82
4/3/1985,4.82
4/4/1985,4.82
4/5/1985,4.81
4/6/1985,4.82
4/7/1985,4.83
4/8/1985,4.84
4/9/1985,4.83
4/10/1985,4.84
4/11/1985,4.84
4/12/1985,4.83
4/13/1985,4.82
4/14/1985,4.84
4/15/1985,4.89
4/16/1985,4.91
4/17/1985,4.9
4/18/1985,4.92
4/19/1985,4.92
4/20/1985,4.91
4/21/1985,4.88
4/22/1985,4.88
4/23/1985,4.88
4/24/1985,4.89
4/25/1985,4.9
4/26/1985,4.91
4/27/1985,4.92
4/28/1985,4.93
4/29/1985,4.91
4/30/1985,4.86
5/1/1985,4.85
5/2/1985,4.89
5/3/1985,5.03
5/4/1985,5.11
5/5/1985,5.14
5/6/1985,5.16
5/7/1985,5.18
5/8/1985,5.09
5/9/1985,5.03
5/10/1985,5.04
5/11/1985,5.08
5/12/1985,5.06
5/13/1985,5.05
5/14/1985,5.04
5/15/1985,5.02
5/16/1985,4.99
5/17/1985,4.96
5/18/1985,4.92
5/19/1985,4.93
5/20/1985,4.91
5/21/1985,4.89
5/22/1985,4.9
5/23/1985,4.91
5/24/1985,4.93
5/25/1985,4.96
5/26/1985,5.02
5/27/1985,5.05
5/28/1985,5.09
5/29/1985,5.14
5/30/1985,5.13
5/31/1985,5.09
6/1/1985,5.08
6/2/1985,5.11
6/3/1985,5.22
6/4/1985,5.63
6/5/1985,6.17
6/6/1985,6.46
6/7/1985,6.5
6/8/1985,6.56
6/9/1985,6.52
6/10/1985,6.42
6/11/1985,6.24
6/12/1985,6.09
6/13/1985,6.05
6/14/1985,6.11
6/15/1985,6.17
6/16/1985,6.19
6/17/1985,6.23
6/18/1985,6.24
6/19/1985,6.26
6/20/1985,6.27
6/21/1985,6.39
6/22/1985,6.63
6/23/1985,6.8
6/24/1985,6.9
6/25/1985,6.98
6/26/1985,6.96
6/27/1985,6.94
6/28/1985,6.93
6/29/1985,7.02
6/30/1985,7.13
7/1/1985,7.29
7/2/1985,7.56
7/3/1985,7.95
7/4/1985,8.51
7/5/1985,8.73
7/6/1985,8.75
7/7/1985,8.7
7/8/1985,8.78
7/9/1985,8.99
7/10/1985,9.25
7/11/1985,9.62
7/12/1985,10.08
7/13/1985,10.42
7/14/1985,10.63
7/15/1985,10.78
7/16/1985,10.88
7/17/1985,10.95
7/18/1985,11.03
7/19/1985,11.08
7/20/1985,11.15
7/21/1985,11.22
7/22/1985,11.32
7/23/1985,11.43
7/24/1985,11.51
7/25/1985,11.65
7/26/1985,11.87
7/27/1985,12.08
7/28/1985,12.23
7/29/1985,12.35
7/30/1985,12.47
7/31/1985,12.61
8/1/1985,12.71
8/2/1985,12.84
8/3/1985,12.89
8/4/1985,12.92
8/5/1985,12.9
8/6/1985,12.86
8/7/1985,12.69
8/8/1985,12.48
8/9/1985,12.34
8/10/1985,12.25
8/11/1985,12.19
8/12/1985,12.15
8/13/1985,12.18
8/14/1985,12.32
8/15/1985,12.5
8/16/1985,12.63
8/17/1985,12.75
8/18/1985,12.79
8/19/1985,12.74
8/20/1985,12.49
8/21/1985,12.25
8/22/1985,12.21
8/23/1985,12.36
8/24/1985,12.58
8/25/1985,12.78
8/26/1985,12.98
8/27/1985,13.11
8/28/1985,13.23
8/29/1985,13.29
8/30/1985,13.3
8/31/1985,13.22
9/1/1985,13.15
9/2/1985,13.09
9/3/1985,13
9/4/1985,12.89
9/5/1985,12.81
9/6/1985,12.78
9/7/1985,12.79
9/8/1985,12.79
9/9/1985,12.79
9/10/1985,12.76
9/11/1985,12.73
9/12/1985,12.65
9/13/1985,12.52
9/14/1985,12.35
9/15/1985,12.23
9/16/1985,12.19
9/17/1985,12.25
9/18/1985,12.23
9/19/1985,12.4
9/20/1985,12.6
9/21/1985,12.73
9/22/1985,12.81
9/23/1985,12.85
9/24/1985,12.84
9/25/1985,12.76
9/26/1985,12.67
9/27/1985,12.58
9/28/1985,12.53
9/29/1985,12.46
9/30/1985,12.61
10/1/1985,12.79
10/2/1985,12.93
10/3/1985,12.97
10/4/1985,12.91
10/5/1985,12.72
10/6/1985,12.45
10/7/1985,12.26
10/8/1985,12.06
10/9/1985,11.91
10/10/1985,11.77
10/11/1985,11.67
10/12/1985,11.59
10/13/1985,11.63
10/14/1985,12.08
10/15/1985,12.46
10/16/1985,12.69
10/17/1985,12.83
10/18/1985,12.95
10/19/1985,13.12
10/20/1985,13.2
10/21/1985,13.24
10/22/1985,13.22
10/23/1985,13.13
10/24/1985,12.98
10/25/1985,12.77
10/26/1985,12.5
10/27/1985,12.19
10/28/1985,11.93
10/29/1985,11.68
10/30/1985,11.46
10/31/1985,11.31
11/1/1985,11.2
11/2/1985,11.04
11/3/1985,10.96
11/4/1985,10.83
11/5/1985,10.71
11/6/1985,10.58
11/7/1985,10.48
11/8/1985,10.36
11/9/1985,10.27
11/10/1985,10.17
11/11/1985,10.07
11/12/1985,9.98
11/13/1985,9.88
11/14/1985,9.81
11/15/1985,9.74
11/16/1985,9.63
11/17/1985,9.55
11/18/1985,9.47
11/19/1985,9.37
11/20/1985,9.29
11/21/1985,9.18
11/22/1985,9.11
11/23/1985,9.04
11/24/1985,8.97
11/25/1985,8.89
11/26/1985,8.82
11/27/1985,8.72
11/28/1985,8.64
11/29/1985,8.61
11/30/1985,8.53
12/1/1985,8.44
12/2/1985,8.41
12/3/1985,8.33
12/4/1985,8.23
12/5/1985,8.16
12/6/1985,8.06
12/7/1985,7.96
12/8/1985,7.93
12/9/1985,7.88
12/10/1985,7.81
12/11/1985,7.78
12/12/1985,7.64
12/13/1985,7.64
12/14/1985,7.61
12/15/1985,7.52
12/16/1985,7.5
12/17/1985,7.44
12/18/1985,7.4
12/19/1985,7.4
12/20/1985,7.39
12/21/1985,7.35
12/22/1985,7.24
12/23/1985,7.2
12/24/1985,7.17
12/25/1985,7.12
12/26/1985,7.07
12/27/1985,7.05
12/28/1985,7.02
12/29/1985,6.93
12/30/1985,6.92
12/31/1985,6.89
1/1/1986,6.86
1/2/1986,6.87
1/3/1986,6.93
1/4/1986,6.89
1/5/1986,6.89
1/6/1986,6.83
1/7/1986,6.79
1/8/1986,6.74
1/9/1986,6.71
1/10/1986,6.72
1/11/1986,6.75
1/12/1986,6.71
1/13/1986,6.64
1/14/1986,6.6
1/15/1986,6.59
1/16/1986,6.57
1/17/1986,6.49
1/18/1986,6.43
1/19/1986,6.4
1/20/1986,6.39
1/21/1986,6.38
1/22/1986,6.35
1/23/1986,6.3
1/24/1986,6.26
1/25/1986,6.22
1/26/1986,6.17
1/27/1986,6.13
1/28/1986,6.08
1/29/1986,6.04
1/30/1986,6.02
1/31/1986,5.98
2/1/1986,5.93
2/2/1986,5.92
2/3/1986,5.93
2/4/1986,5.91
2/5/1986,5.86
2/6/1986,5.84
2/7/1986,5.85
2/8/1986,5.86
2/9/1986,5.84
2/10/1986,5.81
2/11/1986,5.78
2/12/1986,5.78
2/13/1986,5.78
2/14/1986,5.79
2/15/1986,5.8
2/16/1986,5.78
2/17/1986,5.78
2/18/1986,5.81
2/19/1986,5.83
2/20/1986,5.82
2/21/1986,5.8
2/22/1986,5.8
2/23/1986,5.82
2/24/1986,5.83
2/25/1986,5.86
2/26/1986,5.93
2/27/1986,6
2/28/1986,6.03
3/1/1986,6.08
3/2/1986,6.1
3/3/1986,6.1
3/4/1986,6.1
3/5/1986,6.08
3/6/1986,6.04
3/7/1986,6.01
3/8/1986,5.97
3/9/1986,5.9
3/10/1986,5.87
3/11/1986,5.85
3/12/1986,5.79
3/13/1986,5.76
3/14/1986,5.74
3/15/1986,5.72
3/16/1986,5.67
3/17/1986,5.62
3/18/1986,5.59
3/19/1986,5.54
3/20/1986,5.48
3/21/1986,5.43
3/22/1986,5.43
3/23/1986,5.45
3/24/1986,5.38
3/25/1986,5.32
3/26/1986,5.3
3/27/1986,5.29
3/28/1986,5.24
3/29/1986,5.22
3/30/1986,5.19
3/31/1986,5.16
4/1/1986,5.14
4/2/1986,5.14
4/3/1986,5.16
4/4/1986,5.13
4/5/1986,5.12
4/6/1986,5.14
4/7/1986,5.16
4/8/1986,5.17
4/9/1986,5.2
4/10/1986,5.17
4/11/1986,5.16
4/12/1986,5.16
4/13/1986,5.14
4/14/1986,5.19
4/15/1986,5.22
4/16/1986,5.23
4/17/1986,5.23
4/18/1986,5.21
4/19/1986,5.22
4/20/1986,5.25
4/21/1986,5.29
4/22/1986,5.26
4/23/1986,5.29
4/24/1986,5.33
4/25/1986,5.41
4/26/1986,5.38
4/27/1986,5.35
4/28/1986,5.4
4/29/1986,5.46
4/30/1986,5.44
5/1/1986,5.45
5/2/1986,5.49
5/3/1986,5.55
5/4/1986,5.6
5/5/1986,5.59
5/6/1986,5.6
5/7/1986,5.59
5/8/1986,5.6
5/9/1986,5.56
5/10/1986,5.54
5/11/1986,5.53
5/12/1986,5.61
5/13/1986,5.6
5/14/1986,5.62
5/15/1986,5.52
5/16/1986,5.47
5/17/1986,5.5
5/18/1986,5.59
5/19/1986,5.63
5/20/1986,5.59
5/21/1986,5.59
5/22/1986,5.66
5/23/1986,5.66
5/24/1986,5.68
5/25/1986,5.71
5/26/1986,5.71
5/27/1986,5.69
5/28/1986,5.68
5/29/1986,5.67
5/30/1986,5.65
5/31/1986,5.63
6/1/1986,5.64
6/2/1986,5.61
6/3/1986,5.53
6/4/1986,5.46
6/5/1986,5.42
6/6/1986,5.4
6/7/1986,5.37
6/8/1986,5.36
6/9/1986,5.31
6/10/1986,5.23
6/11/1986,5.21
6/12/1986,5.29
6/13/1986,5.39
6/14/1986,5.41
6/15/1986,5.47
6/16/1986,5.6
6/17/1986,5.66
6/18/1986,5.71
6/19/1986,5.82
6/20/1986,5.98
6/21/1986,6.15
6/22/1986,6.38
6/23/1986,6.6
6/24/1986,6.93
6/25/1986,7.09
6/26/1986,7.24
6/27/1986,7.5
6/28/1986,7.78
6/29/1986,8.2
6/30/1986,8.56
7/1/1986,9.27
7/2/1986,10.07
7/3/1986,10.6
7/4/1986,10.89
7/5/1986,11.07
7/6/1986,11.19
7/7/1986,11.21
7/8/1986,11.24
7/9/1986,11.16
7/10/1986,11.1
7/11/1986,11.11
7/12/1986,11.08
7/13/1986,11.06
7/14/1986,11.13
7/15/1986,11.26
7/16/1986,11.31
7/17/1986,11.41
7/18/1986,11.51
7/19/1986,11.63
7/20/1986,11.73
7/21/1986,11.84
7/22/1986,11.95
7/23/1986,11.98
7/24/1986,12.01
7/25/1986,12.05
7/26/1986,12.14
7/27/1986,12.25
7/28/1986,12.41
7/29/1986,12.54
7/30/1986,12.69
7/31/1986,12.78
8/1/1986,12.89
8/2/1986,12.94
8/3/1986,13.05
8/4/1986,13.12
8/5/1986,13.18
8/6/1986,13.22
8/7/1986,13.25
8/8/1986,13.2
8/9/1986,13.06
8/10/1986,12.81
8/11/1986,12.46
8/12/1986,12.17
8/13/1986,11.98
8/14/1986,11.81
8/15/1986,11.65
8/16/1986,11.56
8/17/1986,11.49
8/18/1986,11.45
8/19/1986,11.45
8/20/1986,11.46
8/21/1986,11.48
8/22/1986,11.87
8/23/1986,12.33
8/24/1986,12.6
8/25/1986,12.82
8/26/1986,12.96
8/27/1986,13.08
8/28/1986,13.12
8/29/1986,13.11
8/30/1986,13.03
8/31/1986,12.87
9/1/1986,12.65
9/2/1986,12.45
9/3/1986,12.26
9/4/1986,12.12
9/5/1986,11.98
9/6/1986,11.94
9/7/1986,11.89
9/8/1986,11.81
9/9/1986,11.77
9/10/1986,11.73
9/11/1986,11.67
9/12/1986,11.65
9/13/1986,11.66
9/14/1986,11.72
9/15/1986,11.74
9/16/1986,11.8
9/17/1986,11.98
9/18/1986,12.28
9/19/1986,12.51
9/20/1986,12.59
9/21/1986,12.6
9/22/1986,12.52
9/23/1986,12.29
9/24/1986,12.07
9/25/1986,11.89
9/26/1986,11.79
9/27/1986,11.71
9/28/1986,11.59
9/29/1986,11.5
9/30/1986,11.32
10/1/1986,11.2
10/2/1986,11.13
10/3/1986,11.02
10/4/1986,11
10/5/1986,10.97
10/6/1986,11
10/7/1986,11.13
10/8/1986,11.5
10/9/1986,11.76
10/10/1986,11.78
10/11/1986,11.63
10/12/1986,11.42
10/13/1986,11.21
10/14/1986,11.12
10/15/1986,11.02
10/16/1986,10.97
10/17/1986,10.86
10/18/1986,10.81
10/19/1986,10.72
10/20/1986,10.65
10/21/1986,10.56
10/22/1986,10.36
10/23/1986,10.21
10/24/1986,10.07
10/25/1986,9.89
10/26/1986,9.74
10/27/1986,9.58
10/28/1986,9.44
10/29/1986,9.31
10/30/1986,9.17
10/31/1986,9.03
11/1/1986,8.92
11/2/1986,8.82
11/3/1986,8.73
11/4/1986,8.65
11/5/1986,8.57
11/6/1986,8.52
11/7/1986,8.47
11/8/1986,8.4
11/9/1986,8.38
11/10/1986,8.26
11/11/1986,8.26
11/12/1986,8.19
11/13/1986,8.13
11/14/1986,8.08
11/15/1986,8.04
11/16/1986,8.03
11/17/1986,8
11/18/1986,7.96
11/19/1986,7.92
11/20/1986,7.86
11/21/1986,7.82
11/22/1986,7.76
11/23/1986,7.69
11/24/1986,7.66
11/25/1986,7.61
11/26/1986,7.57
11/27/1986,7.54
11/28/1986,7.51
11/29/1986,7.48
11/30/1986,7.44
12/1/1986,7.41
12/2/1986,7.37
12/3/1986,7.33
12/4/1986,7.29
12/5/1986,7.26
12/6/1986,7.23
12/7/1986,7.19
12/8/1986,7.14
12/9/1986,7.08
12/10/1986,7.03
12/11/1986,7
12/12/1986,6.94
12/13/1986,6.9
12/14/1986,6.86
12/15/1986,6.81
12/16/1986,6.76
12/17/1986,6.71
12/18/1986,6.66
12/19/1986,6.62
12/20/1986,6.59
12/21/1986,6.59
12/22/1986,6.56
12/23/1986,6.55
12/24/1986,6.55
12/25/1986,6.59
12/26/1986,6.61
12/27/1986,6.69
12/28/1986,6.78
12/29/1986,6.85
12/30/1986,6.84
12/31/1986,6.86
1/1/1987,6.82
1/2/1987,6.8
1/3/1987,6.77
1/4/1987,6.72
1/5/1987,6.69
1/6/1987,6.65
1/7/1987,6.61
1/8/1987,6.59
1/9/1987,6.57
1/10/1987,6.52
1/11/1987,6.49
1/12/1987,6.47
1/13/1987,6.41
1/14/1987,6.38
1/15/1987,6.34
1/16/1987,6.29
1/17/1987,6.28
1/18/1987,6.22
1/19/1987,6.14
1/20/1987,6.11
1/21/1987,6.06
1/22/1987,6.03
1/23/1987,6.01
1/24/1987,5.96
1/25/1987,5.92
1/26/1987,5.89
1/27/1987,5.88
1/28/1987,5.87
1/29/1987,5.86
1/30/1987,5.84
1/31/1987,5.83
2/1/1987,5.82
2/2/1987,5.8
2/3/1987,5.79
2/4/1987,5.78
2/5/1987,5.76
2/6/1987,5.75
2/7/1987,5.74
2/8/1987,5.73
2/9/1987,5.7
2/10/1987,5.68
2/11/1987,5.66
2/12/1987,5.63
2/13/1987,5.6
2/14/1987,5.57
2/15/1987,5.54
2/16/1987,5.51
2/17/1987,5.5
2/18/1987,5.51
2/19/1987,5.49
2/20/1987,5.45
2/21/1987,5.42
2/22/1987,5.4
2/23/1987,5.38
2/24/1987,5.37
2/25/1987,5.36
2/26/1987,5.34
2/27/1987,5.32
2/28/1987,5.31
3/1/1987,5.31
3/2/1987,5.28
3/3/1987,5.27
3/4/1987,5.28
3/5/1987,5.28
3/6/1987,5.23
3/7/1987,5.17
3/8/1987,5.13
3/9/1987,5.11
3/10/1987,5.11
3/11/1987,5.08
3/12/1987,5.05
3/13/1987,5.04
3/14/1987,5.06
3/15/1987,5.03
3/16/1987,5.02
3/17/1987,5
3/18/1987,4.98
3/19/1987,4.99
3/20/1987,5
3/21/1987,5.04
3/22/1987,5.06
3/23/1987,5.06
3/24/1987,5.05
3/25/1987,5.04
3/26/1987,5.02
3/27/1987,5.01
3/28/1987,5
3/29/1987,4.98
3/30/1987,4.98
3/31/1987,4.99
4/1/1987,4.99
4/2/1987,4.98
4/3/1987,4.96
4/4/1987,4.95
4/5/1987,4.98
4/6/1987,4.98
4/7/1987,4.98
4/8/1987,4.99
4/9/1987,5.01
4/10/1987,5.06
4/11/1987,5.04
4/12/1987,5.02
4/13/1987,5.03
4/14/1987,5.02
4/15/1987,5.04
4/16/1987,5.19
4/17/1987,5.25
4/18/1987,5.24
4/19/1987,5.21
4/20/1987,5.19
4/21/1987,5.16
4/22/1987,5.18
4/23/1987,5.26
4/24/1987,5.25
4/25/1987,5.23
4/26/1987,5.24
4/27/1987,5.24
4/28/1987,5.23
4/29/1987,5.23
4/30/1987,5.25
5/1/1987,5.3
5/2/1987,5.32
5/3/1987,5.34
5/4/1987,5.38
5/5/1987,5.41
5/6/1987,5.4
5/7/1987,5.38
5/8/1987,5.36
5/9/1987,5.38
5/10/1987,5.46
5/11/1987,5.51
5/12/1987,5.47
5/13/1987,5.41
5/14/1987,5.37
5/15/1987,5.36
5/16/1987,5.37
5/17/1987,5.39
5/18/1987,5.4
5/19/1987,5.38
5/20/1987,5.35
5/21/1987,5.33
5/22/1987,5.34
5/23/1987,5.37
5/24/1987,5.31
5/25/1987,5.35
5/26/1987,5.32
5/27/1987,5.32
5/28/1987,5.36
5/29/1987,5.39
5/30/1987,5.38
5/31/1987,5.38
6/1/1987,5.37
6/2/1987,5.36
6/3/1987,5.33
6/4/1987,5.24
6/5/1987,5.18
6/6/1987,5.23
6/7/1987,5.32
6/8/1987,5.39
6/9/1987,5.39
6/10/1987,5.42
6/11/1987,5.63
6/12/1987,5.96
6/13/1987,6.18
6/14/1987,6.27
6/15/1987,6.31
6/16/1987,6.32
6/17/1987,6.36
6/18/1987,6.45
6/19/1987,6.6
6/20/1987,6.77
6/21/1987,7.03
6/22/1987,7.08
6/23/1987,7.1
6/24/1987,7.12
6/25/1987,7.25
6/26/1987,7.6
6/27/1987,7.78
6/28/1987,7.72
6/29/1987,7.7
6/30/1987,7.67
7/1/1987,7.74
7/2/1987,7.91
7/3/1987,8.08
7/4/1987,8.23
7/5/1987,8.49
7/6/1987,8.81
7/7/1987,9.04
7/8/1987,9.11
7/9/1987,9.42
7/10/1987,9.6
7/11/1987,9.77
7/12/1987,9.9
7/13/1987,10.09
7/14/1987,10.23
7/15/1987,10.36
7/16/1987,10.49
7/17/1987,10.61
7/18/1987,10.69
7/19/1987,10.68
7/20/1987,10.66
7/21/1987,10.57
7/22/1987,10.48
7/23/1987,10.5
7/24/1987,10.65
7/25/1987,10.87
7/26/1987,11.1
7/27/1987,11.39
7/28/1987,11.64
7/29/1987,11.96
7/30/1987,12.15
7/31/1987,12.36
8/1/1987,12.56
8/2/1987,12.78
8/3/1987,12.93
8/4/1987,12.98
8/5/1987,13.01
8/6/1987,12.99
8/7/1987,12.94
8/8/1987,12.85
8/9/1987,12.73
8/10/1987,12.6
8/11/1987,12.52
8/12/1987,12.6
8/13/1987,12.79
8/14/1987,13.05
8/15/1987,13.26
8/16/1987,13.43
8/17/1987,13.64
8/18/1987,13.77
8/19/1987,13.84
8/20/1987,13.87
8/21/1987,13.73
8/22/1987,13.57
8/23/1987,13.42
8/24/1987,13.3
8/25/1987,13.15
8/26/1987,12.98
8/27/1987,12.85
8/28/1987,12.83
8/29/1987,12.82
8/30/1987,12.81
8/31/1987,12.75
9/1/1987,12.67
9/2/1987,12.77
9/3/1987,12.9
9/4/1987,13.1
9/5/1987,13.25
9/6/1987,13.35
9/7/1987,13.42
9/8/1987,13.47
9/9/1987,13.47
9/10/1987,13.43
9/11/1987,13.37
9/12/1987,13.29
9/13/1987,13.39
9/14/1987,13.56
9/15/1987,13.72
9/16/1987,13.83
9/17/1987,13.91
9/18/1987,13.93
9/19/1987,13.93
9/20/1987,13.9
9/21/1987,13.86
9/22/1987,13.76
9/23/1987,13.58
9/24/1987,13.42
9/25/1987,13.24
9/26/1987,13.1
9/27/1987,12.96
9/28/1987,12.82
9/29/1987,12.6
9/30/1987,12.39
10/1/1987,12.16
10/2/1987,12.01
10/3/1987,11.86
10/4/1987,11.75
10/5/1987,11.64
10/6/1987,11.51
10/7/1987,11.32
10/8/1987,11.11
10/9/1987,10.94
10/10/1987,10.76
10/11/1987,10.61
10/12/1987,10.44
10/13/1987,10.27
10/14/1987,10.14
10/15/1987,10
10/16/1987,9.86
10/17/1987,9.7
10/18/1987,9.59
10/19/1987,9.47
10/20/1987,9.31
10/21/1987,9.23
10/22/1987,9.31
10/23/1987,9.79
10/24/1987,10.07
10/25/1987,10.4
10/26/1987,10.48
10/27/1987,10.48
10/28/1987,10.43
10/29/1987,10.34
10/30/1987,10.28
10/31/1987,10.19
11/1/1987,10.12
11/2/1987,10.03
11/3/1987,9.9
11/4/1987,9.73
11/5/1987,9.6
11/6/1987,9.43
11/7/1987,9.31
11/8/1987,9.17
11/9/1987,9.03
11/10/1987,8.88
11/11/1987,8.76
11/12/1987,8.67
11/13/1987,8.56
11/14/1987,8.45
11/15/1987,8.38
11/16/1987,8.32
11/17/1987,8.26
11/18/1987,8.18
11/19/1987,8.13
11/20/1987,8.08
11/21/1987,8.04
11/22/1987,7.99
11/23/1987,7.98
11/24/1987,7.92
11/25/1987,7.86
11/26/1987,7.78
11/27/1987,7.72
11/28/1987,7.65
11/29/1987,7.6
11/30/1987,7.58
12/1/1987,7.51
12/2/1987,7.44
12/3/1987,7.38
12/4/1987,7.35
12/5/1987,7.3
12/6/1987,7.22
12/7/1987,7.16
12/8/1987,7.14
12/9/1987,7.09
12/10/1987,7.03
12/11/1987,6.98
12/12/1987,6.96
12/13/1987,6.93
12/14/1987,6.88
12/15/1987,6.85
12/16/1987,6.84
12/17/1987,6.83
12/18/1987,6.82
12/19/1987,6.79
12/20/1987,6.74
12/21/1987,6.68
12/22/1987,6.66
12/23/1987,6.64
12/24/1987,6.62
12/25/1987,6.6
12/26/1987,6.57
12/27/1987,6.52
12/28/1987,6.48
12/29/1987,6.5
12/30/1987,6.49
12/31/1987,6.42
1/1/1988,6.39
1/2/1988,6.36
1/3/1988,6.35
1/4/1988,6.31
1/5/1988,6.28
1/6/1988,6.23
1/7/1988,6.18
1/8/1988,6.16
1/9/1988,6.16
1/10/1988,6.13
1/11/1988,6.1
1/12/1988,6.08
1/13/1988,6.06
1/14/1988,6.05
1/15/1988,6.04
1/16/1988,6.01
1/17/1988,5.98
1/18/1988,5.97
1/19/1988,5.95
1/20/1988,5.93
1/21/1988,5.93
1/22/1988,5.95
1/23/1988,5.94
1/24/1988,5.94
1/25/1988,5.92
1/26/1988,5.9
1/27/1988,5.88
1/28/1988,5.87
1/29/1988,5.86
1/30/1988,5.86
1/31/1988,5.82
2/1/1988,5.77
2/2/1988,5.74
2/3/1988,5.73
2/4/1988,5.75
2/5/1988,5.78
2/6/1988,5.79
2/7/1988,5.77
2/8/1988,5.76
2/9/1988,5.74
2/10/1988,5.72
2/11/1988,5.7
2/12/1988,5.69
2/13/1988,5.68
2/14/1988,5.67
2/15/1988,5.65
2/16/1988,5.65
2/17/1988,5.65
2/18/1988,5.66
2/19/1988,5.66
2/20/1988,5.64
2/21/1988,5.64
2/22/1988,5.63
2/23/1988,5.65
2/24/1988,5.63
2/25/1988,5.6
2/26/1988,5.56
2/27/1988,5.53
2/28/1988,5.51
2/29/1988,5.5
3/1/1988,5.48
3/2/1988,5.47
3/3/1988,5.47
3/4/1988,5.49
3/5/1988,5.5
3/6/1988,5.49
3/7/1988,5.5
3/8/1988,5.49
3/9/1988,5.48
3/10/1988,5.48
3/11/1988,5.47
3/12/1988,5.47
3/13/1988,5.47
3/14/1988,5.47
3/15/1988,5.5
3/16/1988,5.49
3/17/1988,5.5
3/18/1988,5.52
3/19/1988,5.53
3/20/1988,5.52
3/21/1988,5.52
3/22/1988,5.49
3/23/1988,5.47
3/24/1988,5.46
3/25/1988,5.46
3/26/1988,5.44
3/27/1988,5.43
3/28/1988,5.41
3/29/1988,5.39
3/30/1988,5.38
3/31/1988,5.37
4/1/1988,5.37
4/2/1988,5.4
4/3/1988,5.41
4/4/1988,5.42
4/5/1988,5.4
4/6/1988,5.4
4/7/1988,5.39
4/8/1988,5.38
4/9/1988,5.36
4/10/1988,5.36
4/11/1988,5.34
4/12/1988,5.32
4/13/1988,5.32
4/14/1988,5.32
4/15/1988,5.35
4/16/1988,5.39
4/17/1988,5.45
4/18/1988,5.46
4/19/1988,5.47
4/20/1988,5.48
4/21/1988,5.51
4/22/1988,5.51
4/23/1988,5.54
4/24/1988,5.61
4/25/1988,5.63
4/26/1988,5.62
4/27/1988,5.61
4/28/1988,5.61
4/29/1988,5.67
4/30/1988,5.72
5/1/1988,5.77
5/2/1988,5.78
5/3/1988,5.78
5/4/1988,5.79
5/5/1988,5.79
5/6/1988,5.79
5/7/1988,5.76
5/8/1988,5.72
5/9/1988,5.73
5/10/1988,5.77
5/11/1988,5.78
5/12/1988,5.78
5/13/1988,5.79
5/14/1988,5.78
5/15/1988,5.8
5/16/1988,5.79
5/17/1988,5.95
5/18/1988,6.07
5/19/1988,6.14
5/20/1988,6.11
5/21/1988,6.09
5/22/1988,6.1
5/23/1988,6.04
5/24/1988,5.99
5/25/1988,5.94
5/26/1988,5.95
5/27/1988,5.99
5/28/1988,6.16
5/29/1988,6.43
5/30/1988,6.7
5/31/1988,6.91
6/1/1988,7.05
6/2/1988,7.09
6/3/1988,7.13
6/4/1988,7.06
6/5/1988,6.88
6/6/1988,6.71
6/7/1988,6.58
6/8/1988,6.49
6/9/1988,6.6
6/10/1988,6.57
6/11/1988,6.54
6/12/1988,6.58
6/13/1988,6.65
6/14/1988,6.77
6/15/1988,6.95
6/16/1988,7.12
6/17/1988,7.19
6/18/1988,7.28
6/19/1988,7.46
6/20/1988,7.7
6/21/1988,7.89
6/22/1988,8.13
6/23/1988,8.21
6/24/1988,8.26
6/25/1988,8.31
6/26/1988,8.19
6/27/1988,8.14
6/28/1988,8.15
6/29/1988,8.2
6/30/1988,8.22
7/1/1988,8.18
7/2/1988,8.17
7/3/1988,8.17
7/4/1988,8.22
7/5/1988,8.54
7/6/1988,9.05
7/7/1988,9.63
7/8/1988,10.32
7/9/1988,10.84
7/10/1988,11.43
7/11/1988,11.89
7/12/1988,12.12
7/13/1988,12.33
7/14/1988,12.4
7/15/1988,12.41
7/16/1988,12.36
7/17/1988,12.31
7/18/1988,12.32
7/19/1988,12.3
7/20/1988,12.29
7/21/1988,12.26
7/22/1988,12.21
7/23/1988,12.2
7/24/1988,12.22
7/25/1988,12.25
7/26/1988,12.26
7/27/1988,12.2
7/28/1988,12.17
7/29/1988,12.2
7/30/1988,12.25
7/31/1988,12.31
8/1/1988,12.42
8/2/1988,12.54
8/3/1988,12.69
8/4/1988,12.74
8/5/1988,12.79
8/6/1988,12.86
8/7/1988,12.9
8/8/1988,12.92
8/9/1988,12.96
8/10/1988,13.01
8/11/1988,13.05
8/12/1988,13.11
8/13/1988,13.2
8/14/1988,13.27
8/15/1988,13.35
8/16/1988,13.43
8/17/1988,13.49
8/18/1988,13.55
8/19/1988,13.59
8/20/1988,13.59
8/21/1988,13.59
8/22/1988,13.58
8/23/1988,13.59
8/24/1988,13.58
8/25/1988,13.56
8/26/1988,13.64
8/27/1988,13.72
8/28/1988,13.8
8/29/1988,13.88
8/30/1988,13.93
8/31/1988,13.96
9/1/1988,13.99
9/2/1988,14.01
9/3/1988,14
9/4/1988,13.92
9/5/1988,13.78
9/6/1988,13.6
9/7/1988,13.39
9/8/1988,13.21
9/9/1988,13.1
9/10/1988,12.94
9/11/1988,12.86
9/12/1988,12.8
9/13/1988,12.71
9/14/1988,12.65
9/15/1988,12.57
9/16/1988,12.4
9/17/1988,12.31
9/18/1988,12.22
9/19/1988,12.12
9/20/1988,12
9/21/1988,11.84
9/22/1988,11.68
9/23/1988,11.59
9/24/1988,11.45
9/25/1988,11.34
9/26/1988,11.24
9/27/1988,11.07
9/28/1988,11.01
9/29/1988,10.89
9/30/1988,10.92
10/1/1988,10.89
10/2/1988,10.86
10/3/1988,10.84
10/4/1988,10.76
10/5/1988,10.77
10/6/1988,10.76
10/7/1988,10.83
10/8/1988,10.87
10/9/1988,10.87
10/10/1988,10.76
10/11/1988,10.67
10/12/1988,10.61
10/13/1988,10.57
10/14/1988,10.5
10/15/1988,10.27
10/16/1988,10.19
10/17/1988,10.12
10/18/1988,9.98
10/19/1988,9.83
10/20/1988,9.69
10/21/1988,9.59
10/22/1988,9.43
10/23/1988,9.32
10/24/1988,9.2
10/25/1988,9.09
10/26/1988,9.03
10/27/1988,8.89
10/28/1988,8.83
10/29/1988,8.76
10/30/1988,8.64
10/31/1988,8.56
11/1/1988,8.47
11/2/1988,8.4
11/3/1988,8.32
11/4/1988,8.25
11/5/1988,8.21
11/6/1988,8.11
11/7/1988,8.08
11/8/1988,8.05
11/9/1988,7.94
11/10/1988,7.93
11/11/1988,7.92
11/12/1988,7.85
11/13/1988,7.78
11/14/1988,7.78
11/15/1988,7.73
11/16/1988,7.67
11/17/1988,7.64
11/18/1988,7.59
11/19/1988,7.53
11/20/1988,7.5
11/21/1988,7.45
11/22/1988,7.39
11/23/1988,7.36
11/24/1988,7.36
11/25/1988,7.31
11/26/1988,7.32
11/27/1988,7.19
11/28/1988,7.16
11/29/1988,7.13
11/30/1988,7.12
12/1/1988,7.08
12/2/1988,7
12/3/1988,6.9
12/4/1988,6.9
12/5/1988,6.91
12/6/1988,6.86
12/7/1988,6.78
12/8/1988,6.71
12/9/1988,6.69
12/10/1988,6.72
12/11/1988,6.68
12/12/1988,6.64
12/13/1988,6.62
12/14/1988,6.61
12/15/1988,6.58
12/16/1988,6.54
12/17/1988,6.52
12/18/1988,6.49
12/19/1988,6.44
12/20/1988,6.4
12/21/1988,6.36
12/22/1988,6.33
12/23/1988,6.25
12/24/1988,6.19
12/25/1988,6.2
12/26/1988,6.22
12/27/1988,6.18
12/28/1988,6.13
12/29/1988,6.1
12/30/1988,6.08
12/31/1988,6.06
1/1/1989,6.02
1/2/1989,6.01
1/3/1989,6.05
1/4/1989,6.06
1/5/1989,6.07
1/6/1989,6.1
1/7/1989,6.12
1/8/1989,6.12
1/9/1989,6.1
1/10/1989,6.06
1/11/1989,6.04
1/12/1989,6.09
1/13/1989,6.1
1/14/1989,6.08
1/15/1989,6.07
1/16/1989,6.13
1/17/1989,6.17
1/18/1989,6.16
1/19/1989,6.14
1/20/1989,6.15
1/21/1989,6.17
1/22/1989,6.21
1/23/1989,6.24
1/24/1989,6.22
1/25/1989,6.18
1/26/1989,6.12
1/27/1989,6.05
1/28/1989,6.01
1/29/1989,5.99
1/30/1989,5.97
1/31/1989,5.91
2/1/1989,5.81
2/2/1989,5.77
2/3/1989,5.76
2/4/1989,5.73
2/5/1989,5.68
2/6/1989,5.68
2/7/1989,5.67
2/8/1989,5.68
2/9/1989,5.61
2/10/1989,5.53
2/11/1989,5.45
2/12/1989,5.39
2/13/1989,5.35
2/14/1989,5.31
2/15/1989,5.26
2/16/1989,5.2
2/17/1989,5.19
2/18/1989,5.19
2/19/1989,5.21
2/20/1989,5.14
2/21/1989,5.08
2/22/1989,5.05
2/23/1989,5.05
2/24/1989,5.03
2/25/1989,4.99
2/26/1989,4.97
2/27/1989,4.97
2/28/1989,4.98
3/1/1989,4.99
3/2/1989,4.98
3/3/1989,4.96
3/4/1989,4.93
3/5/1989,4.92
3/6/1989,4.92
3/7/1989,4.9
3/8/1989,4.86
3/9/1989,4.82
3/10/1989,4.81
3/11/1989,4.8
3/12/1989,4.83
3/13/1989,4.82
3/14/1989,4.81
3/15/1989,4.8
3/16/1989,4.78
3/17/1989,4.74
3/18/1989,4.75
3/19/1989,4.71
3/20/1989,4.74
3/21/1989,4.71
3/22/1989,4.67
3/23/1989,4.65
3/24/1989,4.62
3/25/1989,4.61
3/26/1989,4.61
3/27/1989,4.63
3/28/1989,4.64
3/29/1989,4.65
3/30/1989,4.61
3/31/1989,4.59
4/1/1989,4.59
4/2/1989,4.59
4/3/1989,4.58
4/4/1989,4.58
4/5/1989,4.6
4/6/1989,4.63
4/7/1989,4.64
4/8/1989,4.63
4/9/1989,4.59
4/10/1989,4.58
4/11/1989,4.64
4/12/1989,4.7
4/13/1989,4.71
4/14/1989,4.68
4/15/1989,4.65
4/16/1989,4.66
4/17/1989,4.67
4/18/1989,4.67
4/19/1989,4.7
4/20/1989,4.74
4/21/1989,4.79
4/22/1989,4.82
4/23/1989,4.84
4/24/1989,4.85
4/25/1989,4.85
4/26/1989,4.85
4/27/1989,4.85
4/28/1989,4.9
4/29/1989,4.9
4/30/1989,4.88
5/1/1989,4.88
5/2/1989,4.91
5/3/1989,4.87
5/4/1989,4.84
5/5/1989,4.85
5/6/1989,4.93
5/7/1989,5.02
5/8/1989,5.1
5/9/1989,5.03
5/10/1989,4.94
5/11/1989,4.92
5/12/1989,4.93
5/13/1989,4.99
5/14/1989,5.07
5/15/1989,5.06
5/16/1989,5.12
5/17/1989,5.25
5/18/1989,5.34
5/19/1989,5.34
5/20/1989,5.36
5/21/1989,5.32
5/22/1989,5.27
5/23/1989,5.21
5/24/1989,5.14
5/25/1989,5.16
5/26/1989,5.44
5/27/1989,5.79
5/28/1989,5.83
5/29/1989,5.89
5/30/1989,6.58
5/31/1989,7.57
6/1/1989,7.9
6/2/1989,7.89
6/3/1989,7.72
6/4/1989,7.64
6/5/1989,7.59
6/6/1989,7.58
6/7/1989,7.59
6/8/1989,7.74
6/9/1989,7.78
6/10/1989,7.65
6/11/1989,7.69
6/12/1989,7.7
6/13/1989,7.71
6/14/1989,7.64
6/15/1989,7.52
6/16/1989,7.53
6/17/1989,7.87
6/18/1989,8.67
6/19/1989,9.12
6/20/1989,9.24
6/21/1989,9.33
6/22/1989,9.42
6/23/1989,9.23
6/24/1989,9.05
6/25/1989,8.88
6/26/1989,8.75
6/27/1989,8.67
6/28/1989,8.7
6/29/1989,8.9
6/30/1989,9.01
7/1/1989,9.14
7/2/1989,9.3
7/3/1989,9.51
7/4/1989,9.65
7/5/1989,9.94
7/6/1989,10.13
7/7/1989,10.2
7/8/1989,10.26
7/9/1989,10.47
7/10/1989,10.64
7/11/1989,10.73
7/12/1989,10.8
7/13/1989,10.83
7/14/1989,10.83
7/15/1989,10.87
7/16/1989,11
7/17/1989,11.36
7/18/1989,11.78
7/19/1989,12.02
7/20/1989,12.11
7/21/1989,12.24
7/22/1989,12.35
7/23/1989,12.32
7/24/1989,12.23
7/25/1989,12.02
7/26/1989,11.8
7/27/1989,11.58
7/28/1989,11.47
7/29/1989,11.4
7/30/1989,11.39
7/31/1989,11.38
8/1/1989,11.57
8/2/1989,11.88
8/3/1989,12.19
8/4/1989,12.35
8/5/1989,12.39
8/6/1989,12.4
8/7/1989,12.31
8/8/1989,12.2
8/9/1989,12.11
8/10/1989,12.03
8/11/1989,11.93
8/12/1989,11.85
8/13/1989,11.73
8/14/1989,11.7
8/15/1989,11.71
8/16/1989,11.73
8/17/1989,11.77
8/18/1989,11.8
8/19/1989,11.83
8/20/1989,11.89
8/21/1989,12.01
8/22/1989,12.11
8/23/1989,12.13
8/24/1989,12.15
8/25/1989,12.12
8/26/1989,12.06
8/27/1989,12.03
8/28/1989,12.01
8/29/1989,12.01
8/30/1989,11.95
8/31/1989,11.94
9/1/1989,11.93
9/2/1989,11.91
9/3/1989,11.97
9/4/1989,12.09
9/5/1989,12.13
9/6/1989,12.19
9/7/1989,12.24
9/8/1989,12.32
9/9/1989,12.32
9/10/1989,12.32
9/11/1989,12.24
9/12/1989,12.22
9/13/1989,12.17
9/14/1989,12.12
9/15/1989,12.03
9/16/1989,11.94
9/17/1989,11.86
9/18/1989,11.79
9/19/1989,11.76
9/20/1989,11.87
9/21/1989,12.03
9/22/1989,12.08
9/23/1989,12.09
9/24/1989,12.04
9/25/1989,11.98
9/26/1989,11.97
9/27/1989,11.89
9/28/1989,11.82
9/29/1989,11.81
9/30/1989,11.9
10/1/1989,12.03
10/2/1989,12.04
10/3/1989,11.96
10/4/1989,11.85
10/5/1989,11.76
10/6/1989,11.66
10/7/1989,11.58
10/8/1989,11.44
10/9/1989,11.35
10/10/1989,11.26
10/11/1989,11.16
10/12/1989,11.1
10/13/1989,10.96
10/14/1989,10.82
10/15/1989,10.73
10/16/1989,10.62
10/17/1989,10.49
10/18/1989,10.34
10/19/1989,10.15
10/20/1989,10.06
10/21/1989,9.87
10/22/1989,9.75
10/23/1989,9.6
10/24/1989,9.46
10/25/1989,9.36
10/26/1989,9.22
10/27/1989,9.11
10/28/1989,9.02
10/29/1989,8.92
10/30/1989,8.82
10/31/1989,8.7
11/1/1989,8.62
11/2/1989,8.54
11/3/1989,8.43
11/4/1989,8.29
11/5/1989,8.22
11/6/1989,8.17
11/7/1989,8.09
11/8/1989,7.97
11/9/1989,7.92
11/10/1989,7.88
11/11/1989,7.85
11/12/1989,7.78
11/13/1989,7.73
11/14/1989,7.68
11/15/1989,7.61
11/16/1989,7.55
11/17/1989,7.53
11/18/1989,7.49
11/19/1989,7.4
11/20/1989,7.33
11/21/1989,7.32
11/22/1989,7.27
11/23/1989,7.22
11/24/1989,7.15
11/25/1989,7.08
11/26/1989,7.08
11/27/1989,7.1
11/28/1989,7.09
11/29/1989,7.01
11/30/1989,6.96
12/1/1989,6.9
12/2/1989,6.87
12/3/1989,6.84
12/4/1989,6.78
12/5/1989,6.71
12/6/1989,6.66
12/7/1989,6.61
12/8/1989,6.56
12/9/1989,6.56
12/10/1989,6.54
12/11/1989,6.47
12/12/1989,6.44
12/13/1989,6.39
12/14/1989,6.3
12/15/1989,6.25
12/16/1989,6.22
12/17/1989,6.16
12/18/1989,6.1
12/19/1989,6.07
12/20/1989,6.05
12/21/1989,6.03
12/22/1989,5.99
12/23/1989,5.96
12/24/1989,5.92
12/25/1989,5.87
12/26/1989,5.85
12/27/1989,5.82
12/28/1989,5.74
12/29/1989,5.7
12/30/1989,5.69
12/31/1989,5.67
1/1/1990,5.64
1/2/1990,5.62
1/3/1990,5.61
1/4/1990,5.63
1/5/1990,5.69
1/6/1990,5.73
1/7/1990,5.72
1/8/1990,5.69
1/9/1990,5.67
1/10/1990,5.69
1/11/1990,5.71
1/12/1990,5.73
1/13/1990,5.68
1/14/1990,5.61
1/15/1990,5.57
1/16/1990,5.54
1/17/1990,5.48
1/18/1990,5.38
1/19/1990,5.32
1/20/1990,5.27
1/21/1990,5.26
1/22/1990,5.21
1/23/1990,5.08
1/24/1990,4.96
1/25/1990,4.92
1/26/1990,4.93
1/27/1990,4.93
1/28/1990,4.78
1/29/1990,4.65
1/30/1990,4.64
1/31/1990,4.71
2/1/1990,4.66
2/2/1990,4.49
2/3/1990,4.43
2/4/1990,4.38
2/5/1990,4.36
2/6/1990,4.4
2/7/1990,4.4
2/8/1990,4.34
2/9/1990,4.3
2/10/1990,4.27
2/11/1990,4.25
2/12/1990,4.22
2/13/1990,4.17
2/14/1990,4.14
2/15/1990,4.13
2/16/1990,4.23
2/17/1990,4.3
2/18/1990,4.36
2/19/1990,4.39
2/20/1990,4.38
2/21/1990,4.36
2/22/1990,4.4
2/23/1990,4.42
2/24/1990,4.42
2/25/1990,4.42
2/26/1990,4.45
2/27/1990,4.46
2/28/1990,4.45
3/1/1990,4.45
3/2/1990,4.45
3/3/1990,4.46
3/4/1990,4.46
3/5/1990,4.51
3/6/1990,4.57
3/7/1990,4.66
3/8/1990,4.7
3/9/1990,4.7
3/10/1990,4.7
3/11/1990,4.71
3/12/1990,4.67
3/13/1990,4.6
3/14/1990,4.48
3/15/1990,4.4
3/16/1990,4.43
3/17/1990,4.5
3/18/1990,4.55
3/19/1990,4.56
3/20/1990,4.54
3/21/1990,4.52
3/22/1990,4.52
3/23/1990,4.54
3/24/1990,4.56
3/25/1990,4.54
3/26/1990,4.49
3/27/1990,4.45
3/28/1990,4.43
3/29/1990,4.42
3/30/1990,4.42
3/31/1990,4.42
4/1/1990,4.44
4/2/1990,4.44
4/3/1990,4.41
4/4/1990,4.43
4/5/1990,4.46
4/6/1990,4.49
4/7/1990,4.51
4/8/1990,4.52
4/9/1990,4.51
4/10/1990,4.48
4/11/1990,4.48
4/12/1990,4.49
4/13/1990,4.53
4/14/1990,4.55
4/15/1990,4.56
4/16/1990,4.57
4/17/1990,4.57
4/18/1990,4.59
4/19/1990,4.59
4/20/1990,4.59
4/21/1990,4.58
4/22/1990,4.55
4/23/1990,4.56
4/24/1990,4.63
4/25/1990,4.77
4/26/1990,4.85
4/27/1990,4.87
4/28/1990,4.89
4/29/1990,4.92
4/30/1990,4.93
5/1/1990,4.94
5/2/1990,5.02
5/3/1990,5.04
5/4/1990,5.03
5/5/1990,5.05
5/6/1990,5.04
5/7/1990,5.11
5/8/1990,5.27
5/9/1990,5.3
5/10/1990,5.25
5/11/1990,5.25
5/12/1990,5.23
5/13/1990,5.16
5/14/1990,5.19
5/15/1990,5.27
5/16/1990,5.29
5/17/1990,5.28
5/18/1990,5.48
5/19/1990,5.6
5/20/1990,5.61
5/21/1990,5.68
5/22/1990,5.83
5/23/1990,6.21
5/24/1990,6.49
5/25/1990,6.74
5/26/1990,6.8
5/27/1990,6.78
5/28/1990,6.69
5/29/1990,6.64
5/30/1990,6.6
5/31/1990,6.66
6/1/1990,6.71
6/2/1990,6.73
6/3/1990,6.76
6/4/1990,6.85
6/5/1990,6.81
6/6/1990,6.97
6/7/1990,7.09
6/8/1990,7.32
6/9/1990,7.58
6/10/1990,7.7
6/11/1990,7.82
6/12/1990,7.89
6/13/1990,8.1
6/14/1990,8.28
6/15/1990,8.35
6/16/1990,8.14
6/17/1990,7.97
6/18/1990,7.82
6/19/1990,7.73
6/20/1990,7.7
6/21/1990,7.75
6/22/1990,7.96
6/23/1990,8.2
6/24/1990,8.5
6/25/1990,8.78
6/26/1990,8.88
6/27/1990,9.08
6/28/1990,9.11
6/29/1990,9.15
6/30/1990,9.27
7/1/1990,9.35
7/2/1990,9.39
7/3/1990,9.51
7/4/1990,9.66
7/5/1990,10
7/6/1990,10.26
7/7/1990,10.5
7/8/1990,10.84
7/9/1990,11.14
7/10/1990,11.59
7/11/1990,11.86
7/12/1990,11.97
7/13/1990,12.06
7/14/1990,12.11
7/15/1990,12.19
7/16/1990,12.22
7/17/1990,12.25
7/18/1990,12.26
7/19/1990,12.35
7/20/1990,12.42
7/21/1990,12.53
7/22/1990,12.65
7/23/1990,12.74
7/24/1990,12.79
7/25/1990,12.8
7/26/1990,12.85
7/27/1990,12.88
7/28/1990,12.91
7/29/1990,12.93
7/30/1990,12.9
7/31/1990,12.89
8/1/1990,12.88
8/2/1990,12.93
8/3/1990,12.94
8/4/1990,12.93
8/5/1990,12.93
8/6/1990,12.97
8/7/1990,13.01
8/8/1990,13.03
8/9/1990,13.03
8/10/1990,12.99
8/11/1990,12.91
8/12/1990,12.85
8/13/1990,12.83
8/14/1990,12.85
8/15/1990,12.9
8/16/1990,12.95
8/17/1990,12.99
8/18/1990,13.03
8/19/1990,13.06
8/20/1990,13.09
8/21/1990,13.12
8/22/1990,13.07
8/23/1990,12.94
8/24/1990,12.8
8/25/1990,12.7
8/26/1990,12.53
8/27/1990,12.34
8/28/1990,12.23
8/29/1990,12.13
8/30/1990,12.04
8/31/1990,11.95
9/1/1990,11.93
9/2/1990,11.96
9/3/1990,11.88
9/4/1990,11.72
9/5/1990,11.54
9/6/1990,11.39
9/7/1990,11.23
9/8/1990,11.16
9/9/1990,11.29
9/10/1990,11.59
9/11/1990,11.85
9/12/1990,12.03
9/13/1990,12.14
9/14/1990,12.21
9/15/1990,12.22
9/16/1990,12.16
9/17/1990,12.06
9/18/1990,11.92
9/19/1990,11.81
9/20/1990,11.85
9/21/1990,11.93
9/22/1990,12.09
9/23/1990,12.37
9/24/1990,12.56
9/25/1990,12.68
9/26/1990,12.77
9/27/1990,12.77
9/28/1990,12.77
9/29/1990,12.72
9/30/1990,12.59
10/1/1990,12.53
10/2/1990,12.37
10/3/1990,12.34
10/4/1990,12.25
10/5/1990,12.15
10/6/1990,12.02
10/7/1990,11.9
10/8/1990,11.82
10/9/1990,11.71
10/10/1990,11.61
10/11/1990,11.49
10/12/1990,11.35
10/13/1990,11.29
10/14/1990,11.16
10/15/1990,11.02
10/16/1990,10.99
10/17/1990,10.97
10/18/1990,10.87
10/19/1990,10.77
10/20/1990,10.62
10/21/1990,10.46
10/22/1990,10.34
10/23/1990,10.22
10/24/1990,10.04
10/25/1990,9.93
10/26/1990,9.76
10/27/1990,9.63
10/28/1990,9.48
10/29/1990,9.36
10/30/1990,9.25
10/31/1990,9.16
11/1/1990,9.05
11/2/1990,8.96
11/3/1990,8.87
11/4/1990,8.82
11/5/1990,8.73
11/6/1990,8.68
11/7/1990,8.6
11/8/1990,8.53
11/9/1990,8.41
11/10/1990,8.38
11/11/1990,8.32
11/12/1990,8.24
11/13/1990,8.19
11/14/1990,8.15
11/15/1990,8.12
11/16/1990,8.06
11/17/1990,7.99
11/18/1990,7.96
11/19/1990,7.91
11/20/1990,7.86
11/21/1990,7.76
11/22/1990,7.67
11/23/1990,7.51
11/24/1990,7.4
11/25/1990,7.31
11/26/1990,7.24
11/27/1990,7.16
11/28/1990,7.08
11/29/1990,7.01
11/30/1990,6.95
12/1/1990,6.91
12/2/1990,6.84
12/3/1990,6.83
12/4/1990,6.81
12/5/1990,6.76
12/6/1990,6.74
12/7/1990,6.72
12/8/1990,6.69
12/9/1990,6.61
12/10/1990,6.63
12/11/1990,6.68
12/12/1990,6.64
12/13/1990,6.63
12/14/1990,6.63
12/15/1990,6.57
12/16/1990,6.51
12/17/1990,6.47
12/18/1990,6.5
12/19/1990,6.48
12/20/1990,6.39
12/21/1990,6.37
12/22/1990,6.36
12/23/1990,6.35
12/24/1990,6.32
12/25/1990,6.28
12/26/1990,6.22
12/27/1990,6.2
12/28/1990,6.14
12/29/1990,6.08
12/30/1990,6
12/31/1990,5.97
1/1/1991,5.94
1/2/1991,5.9
1/3/1991,5.84
1/4/1991,5.8
1/5/1991,5.77
1/6/1991,5.79
1/7/1991,5.78
1/8/1991,5.73
1/9/1991,5.67
1/10/1991,5.67
1/11/1991,5.71
1/12/1991,5.73
1/13/1991,5.74
1/14/1991,5.69
1/15/1991,5.68
1/16/1991,5.78
1/17/1991,5.81
1/18/1991,5.8
1/19/1991,5.79
1/20/1991,5.79
1/21/1991,5.73
1/22/1991,5.69
1/23/1991,5.69
1/24/1991,5.68
1/25/1991,5.65
1/26/1991,5.62
1/27/1991,5.59
1/28/1991,5.54
1/29/1991,5.48
1/30/1991,5.45
1/31/1991,5.43
2/1/1991,5.39
2/2/1991,5.37
2/3/1991,5.3
2/4/1991,5.29
2/5/1991,5.21
2/6/1991,5.11
2/7/1991,5.03
2/8/1991,4.97
2/9/1991,4.93
2/10/1991,4.9
2/11/1991,4.87
2/12/1991,4.81
2/13/1991,4.72
2/14/1991,4.66
2/15/1991,4.67
2/16/1991,4.64
2/17/1991,4.55
2/18/1991,4.46
2/19/1991,4.44
2/20/1991,4.46
2/21/1991,4.51
2/22/1991,4.55
2/23/1991,4.53
2/24/1991,4.44
2/25/1991,4.46
2/26/1991,4.51
2/27/1991,4.52
2/28/1991,4.53
3/1/1991,4.53
3/2/1991,4.52
3/3/1991,4.49
3/4/1991,4.47
3/5/1991,4.46
3/6/1991,4.45
3/7/1991,4.45
3/8/1991,4.43
3/9/1991,4.42
3/10/1991,4.42
3/11/1991,4.33
3/12/1991,4.26
3/13/1991,4.31
3/14/1991,4.32
3/15/1991,4.31
3/16/1991,4.3
3/17/1991,4.36
3/18/1991,4.39
3/19/1991,4.41
3/20/1991,4.41
3/21/1991,4.39
3/22/1991,4.34
3/23/1991,4.3
3/24/1991,4.31
3/25/1991,4.29
3/26/1991,4.27
3/27/1991,4.25
3/28/1991,4.29
3/29/1991,4.3
3/30/1991,4.31
3/31/1991,4.24
4/1/1991,4.2
4/2/1991,4.21
4/3/1991,4.25
4/4/1991,4.25
4/5/1991,4.25
4/6/1991,4.23
4/7/1991,4.26
4/8/1991,4.3
4/9/1991,4.33
4/10/1991,4.34
4/11/1991,4.38
4/12/1991,4.44
4/13/1991,4.53
4/14/1991,4.61
4/15/1991,4.66
4/16/1991,4.72
4/17/1991,4.77
4/18/1991,4.8
4/19/1991,4.8
4/20/1991,4.78
4/21/1991,4.74
4/22/1991,4.71
4/23/1991,4.7
4/24/1991,4.65
4/25/1991,4.61
4/26/1991,4.62
4/27/1991,4.69
4/28/1991,4.69
4/29/1991,4.69
4/30/1991,4.65
5/1/1991,4.63
5/2/1991,4.62
5/3/1991,4.67
5/4/1991,4.76
5/5/1991,4.74
5/6/1991,4.74
5/7/1991,4.74
5/8/1991,4.76
5/9/1991,4.81
5/10/1991,4.92
5/11/1991,5.14
5/12/1991,5.29
5/13/1991,5.43
5/14/1991,5.64
5/15/1991,5.9
5/16/1991,5.97
5/17/1991,6.03
5/18/1991,6.11
5/19/1991,6.22
5/20/1991,6.15
5/21/1991,5.96
5/22/1991,5.78
5/23/1991,5.68
5/24/1991,5.64
5/25/1991,5.67
5/26/1991,5.63
5/27/1991,5.65
5/28/1991,5.72
5/29/1991,5.78
5/30/1991,5.82
5/31/1991,5.9
6/1/1991,6.03
6/2/1991,6.14
6/3/1991,6.25
6/4/1991,6.41
6/5/1991,6.5
6/6/1991,6.7
6/7/1991,6.63
6/8/1991,6.52
6/9/1991,6.64
6/10/1991,6.8
6/11/1991,6.94
6/12/1991,7.05
6/13/1991,7.24
6/14/1991,7.43
6/15/1991,7.62
6/16/1991,7.91
6/17/1991,8.42
6/18/1991,8.79
6/19/1991,9.09
6/20/1991,9.49
6/21/1991,9.72
6/22/1991,9.83
6/23/1991,9.88
6/24/1991,9.84
6/25/1991,9.74
6/26/1991,9.64
6/27/1991,9.59
6/28/1991,9.45
6/29/1991,9.25
6/30/1991,9.09
7/1/1991,8.95
7/2/1991,9.04
7/3/1991,9.18
7/4/1991,9.23
7/5/1991,9.28
7/6/1991,9.44
7/7/1991,9.82
7/8/1991,10.11
7/9/1991,10.39
7/10/1991,10.51
7/11/1991,10.57
7/12/1991,10.66
7/13/1991,10.83
7/14/1991,11.03
7/15/1991,11.14
7/16/1991,11.07
7/17/1991,10.99
7/18/1991,10.93
7/19/1991,10.87
7/20/1991,10.76
7/21/1991,10.65
7/22/1991,10.55
7/23/1991,10.41
7/24/1991,10.31
7/25/1991,10.27
7/26/1991,10.25
7/27/1991,10.29
7/28/1991,10.4
7/29/1991,10.78
7/30/1991,11.15
7/31/1991,11.36
8/1/1991,11.62
8/2/1991,11.66
8/3/1991,11.74
8/4/1991,11.81
8/5/1991,11.85
8/6/1991,11.92
8/7/1991,11.96
8/8/1991,12.01
8/9/1991,12.12
8/10/1991,12.26
8/11/1991,12.39
8/12/1991,12.52
8/13/1991,12.58
8/14/1991,12.54
8/15/1991,12.48
8/16/1991,12.48
8/17/1991,12.49
8/18/1991,12.46
8/19/1991,12.41
8/20/1991,12.35
8/21/1991,12.38
8/22/1991,12.42
8/23/1991,12.47
8/24/1991,12.45
8/25/1991,12.48
8/26/1991,12.47
8/27/1991,12.49
8/28/1991,12.6
8/29/1991,12.67
8/30/1991,12.7
8/31/1991,12.79
9/1/1991,12.87
9/2/1991,12.98
9/3/1991,13.09
9/4/1991,13.16
9/5/1991,13.24
9/6/1991,13.35
9/7/1991,13.44
9/8/1991,13.45
9/9/1991,13.5
9/10/1991,13.57
9/11/1991,13.64
9/12/1991,13.72
9/13/1991,13.78
9/14/1991,13.77
9/15/1991,13.71
9/16/1991,13.59
9/17/1991,13.41
9/18/1991,13.2
9/19/1991,12.98
9/20/1991,12.76
9/21/1991,12.53
9/22/1991,12.31
9/23/1991,12.12
9/24/1991,11.83
9/25/1991,11.81
9/26/1991,11.72
9/27/1991,11.59
9/28/1991,11.51
9/29/1991,11.41
9/30/1991,11.31
10/1/1991,11.16
10/2/1991,11.04
10/3/1991,10.92
10/4/1991,10.81
10/5/1991,10.69
10/6/1991,10.58
10/7/1991,10.4
10/8/1991,10.23
10/9/1991,10.12
10/10/1991,9.98
10/11/1991,9.92
10/12/1991,9.84
10/13/1991,9.75
10/14/1991,9.67
10/15/1991,9.52
10/16/1991,9.38
10/17/1991,9.3
10/18/1991,9.2
10/19/1991,9.1
10/20/1991,9.03
10/21/1991,8.9
10/22/1991,8.82
10/23/1991,8.75
10/24/1991,8.62
10/25/1991,8.56
10/26/1991,8.48
10/27/1991,8.44
10/28/1991,8.31
10/29/1991,8.23
10/30/1991,8.25
10/31/1991,8.12
11/1/1991,8.04
11/2/1991,8.06
11/3/1991,7.99
11/4/1991,7.94
11/5/1991,7.89
11/6/1991,7.84
11/7/1991,7.77
11/8/1991,7.77
11/9/1991,7.72
11/10/1991,7.68
11/11/1991,7.63
11/12/1991,7.57
11/13/1991,7.59
11/14/1991,7.55
11/15/1991,7.49
11/16/1991,7.43
11/17/1991,7.43
11/18/1991,7.41
11/19/1991,7.36
11/20/1991,7.34
11/21/1991,7.28
11/22/1991,7.22
11/23/1991,7.2
11/24/1991,7.16
11/25/1991,7.12
11/26/1991,7.1
11/27/1991,7.06
11/28/1991,7.05
11/29/1991,7.04
11/30/1991,6.99
12/1/1991,6.94
12/2/1991,6.92
12/3/1991,6.89
12/4/1991,6.85
12/5/1991,6.82
12/6/1991,6.79
12/7/1991,6.75
12/8/1991,6.7
12/9/1991,6.65
12/10/1991,6.6
12/11/1991,6.57
12/12/1991,6.54
12/13/1991,6.51
12/14/1991,6.48
12/15/1991,6.45
12/16/1991,6.42
12/17/1991,6.38
12/18/1991,6.32
12/19/1991,6.34
12/20/1991,6.28
12/21/1991,6.23
12/22/1991,6.27
12/23/1991,6.17
12/24/1991,6.15
12/25/1991,6.22
12/26/1991,6.17
12/27/1991,6.25
12/28/1991,6.32
12/29/1991,6.23
12/30/1991,6.24
12/31/1991,6.2
1/1/1992,6.16
1/2/1992,6.12
1/3/1992,6.11
1/4/1992,6.1
1/5/1992,6.17
1/6/1992,6.23
1/7/1992,6.23
1/8/1992,6.26
1/9/1992,6.22
1/10/1992,6.17
1/11/1992,6.16
1/12/1992,6.16
1/13/1992,6.1
1/14/1992,6.06
1/15/1992,6.04
1/16/1992,5.97
1/17/1992,5.95
1/18/1992,5.92
1/19/1992,5.85
1/20/1992,5.83
1/21/1992,5.81
1/22/1992,5.74
1/23/1992,5.69
1/24/1992,5.65
1/25/1992,5.59
1/26/1992,5.49
1/27/1992,5.47
1/28/1992,5.42
1/29/1992,5.34
1/30/1992,5.33
1/31/1992,5.28
2/1/1992,5.26
2/2/1992,5.2
2/3/1992,5.15
2/4/1992,5.17
2/5/1992,5.12
2/6/1992,5.04
2/7/1992,5.02
2/8/1992,5.05
2/9/1992,5.03
2/10/1992,4.99
2/11/1992,4.96
2/12/1992,4.93
2/13/1992,4.91
2/14/1992,4.87
2/15/1992,4.85
2/16/1992,4.86
2/17/1992,4.92
2/18/1992,4.98
2/19/1992,4.95
2/20/1992,4.91
2/21/1992,4.89
2/22/1992,4.91
2/23/1992,4.87
2/24/1992,4.82
2/25/1992,4.82
2/26/1992,4.8
2/27/1992,4.73
2/28/1992,4.68
2/29/1992,4.65
3/1/1992,4.57
3/2/1992,4.53
3/3/1992,4.54
3/4/1992,4.51
3/5/1992,4.5
3/6/1992,4.49
3/7/1992,4.5
3/8/1992,4.51
3/9/1992,4.52
3/10/1992,4.48
3/11/1992,4.42
3/12/1992,4.33
3/13/1992,4.26
3/14/1992,4.21
3/15/1992,4.19
3/16/1992,4.16
3/17/1992,4.14
3/18/1992,4.17
3/19/1992,4.16
3/20/1992,4.15
3/21/1992,4.16
3/22/1992,4.1
3/23/1992,4.06
3/24/1992,4.02
3/25/1992,4
3/26/1992,3.97
3/27/1992,3.94
3/28/1992,3.9
3/29/1992,3.93
3/30/1992,3.94
3/31/1992,3.96
4/1/1992,3.95
4/2/1992,3.95
4/3/1992,3.95
4/4/1992,3.97
4/5/1992,3.99
4/6/1992,3.99
4/7/1992,3.99
4/8/1992,3.96
4/9/1992,3.96
4/10/1992,3.94
4/11/1992,3.94
4/12/1992,3.95
4/13/1992,3.95
4/14/1992,3.96
4/15/1992,3.99
4/16/1992,4.01
4/17/1992,4.02
4/18/1992,4.03
4/19/1992,4.04
4/20/1992,4.04
4/21/1992,4.02
4/22/1992,4.06
4/23/1992,4.13
4/24/1992,4.22
4/25/1992,4.28
4/26/1992,4.28
4/27/1992,4.24
4/28/1992,4.16
4/29/1992,4.11
4/30/1992,4.07
5/1/1992,4.02
5/2/1992,4.01
5/3/1992,4.06
5/4/1992,4.16
5/5/1992,4.22
5/6/1992,4.21
5/7/1992,4.17
5/8/1992,4.13
5/9/1992,4.13
5/10/1992,4.19
5/11/1992,4.24
5/12/1992,4.21
5/13/1992,4.21
5/14/1992,4.2
5/15/1992,4.27
5/16/1992,4.31
5/17/1992,4.36
5/18/1992,4.38
5/19/1992,4.4
5/20/1992,4.44
5/21/1992,4.46
5/22/1992,4.44
5/23/1992,4.49
5/24/1992,4.54
5/25/1992,4.59
5/26/1992,4.82
5/27/1992,4.92
5/28/1992,4.92
5/29/1992,4.86
5/30/1992,4.85
5/31/1992,4.89
6/1/1992,4.88
6/2/1992,4.87
6/3/1992,4.86
6/4/1992,4.9
6/5/1992,4.86
6/6/1992,4.82
6/7/1992,4.78
6/8/1992,4.71
6/9/1992,4.64
6/10/1992,4.58
6/11/1992,4.66
6/12/1992,4.71
6/13/1992,4.68
6/14/1992,4.64
6/15/1992,4.59
6/16/1992,4.62
6/17/1992,4.65
6/18/1992,4.8
6/19/1992,4.87
6/20/1992,4.84
6/21/1992,4.85
6/22/1992,4.93
6/23/1992,5.01
6/24/1992,4.98
6/25/1992,5
6/26/1992,5.2
6/27/1992,5.77
6/28/1992,6.45
6/29/1992,6.84
6/30/1992,7.16
7/1/1992,7.36
7/2/1992,7.48
7/3/1992,7.49
7/4/1992,7.45
7/5/1992,7.41
7/6/1992,7.44
7/7/1992,7.43
7/8/1992,7.57
7/9/1992,7.65
7/10/1992,7.74
7/11/1992,7.84
7/12/1992,7.97
7/13/1992,8.05
7/14/1992,8.26
7/15/1992,8.46
7/16/1992,8.53
7/17/1992,8.54
7/18/1992,8.57
7/19/1992,8.66
7/20/1992,8.98
7/21/1992,9.07
7/22/1992,9.02
7/23/1992,9
7/24/1992,9.12
7/25/1992,9.3
7/26/1992,9.6
7/27/1992,9.91
7/28/1992,10.1
7/29/1992,10.18
7/30/1992,10.28
7/31/1992,10.36
8/1/1992,10.41
8/2/1992,10.5
8/3/1992,10.61
8/4/1992,10.74
8/5/1992,10.94
8/6/1992,11.16
8/7/1992,11.35
8/8/1992,11.46
8/9/1992,11.52
8/10/1992,11.46
8/11/1992,11.46
8/12/1992,11.55
8/13/1992,11.64
8/14/1992,11.67
8/15/1992,11.7
8/16/1992,11.68
8/17/1992,11.62
8/18/1992,11.53
8/19/1992,11.4
8/20/1992,11.33
8/21/1992,11.26
8/22/1992,11.21
8/23/1992,11.17
8/24/1992,11.15
8/25/1992,11.36
8/26/1992,11.78
8/27/1992,12.09
8/28/1992,12.28
8/29/1992,12.42
8/30/1992,12.49
8/31/1992,12.57
9/1/1992,12.64
9/2/1992,12.6
9/3/1992,12.56
9/4/1992,12.47
9/5/1992,12.21
9/6/1992,11.9
9/7/1992,11.7
9/8/1992,11.56
9/9/1992,11.49
9/10/1992,11.47
9/11/1992,11.44
9/12/1992,11.41
9/13/1992,11.41
9/14/1992,11.44
9/15/1992,11.66
9/16/1992,11.93
9/17/1992,12.25
9/18/1992,12.49
9/19/1992,12.65
9/20/1992,12.75
9/21/1992,12.81
9/22/1992,12.72
9/23/1992,12.48
9/24/1992,11.94
9/25/1992,11.36
9/26/1992,10.95
9/27/1992,10.78
9/28/1992,10.77
9/29/1992,10.7
9/30/1992,10.56
10/1/1992,10.43
10/2/1992,10.3
10/3/1992,10.28
10/4/1992,10.25
10/5/1992,10.2
10/6/1992,10.03
10/7/1992,9.95
10/8/1992,9.86
10/9/1992,9.74
10/10/1992,9.62
10/11/1992,9.51
10/12/1992,9.37
10/13/1992,9.24
10/14/1992,9.17
10/15/1992,9.11
10/16/1992,9.07
10/17/1992,9.03
10/18/1992,9.03
10/19/1992,9.12
10/20/1992,9.26
10/21/1992,9.43
10/22/1992,9.64
10/23/1992,9.74
10/24/1992,9.82
10/25/1992,9.86
10/26/1992,9.78
10/27/1992,9.64
10/28/1992,9.46
10/29/1992,9.34
10/30/1992,9.18
10/31/1992,9.02
11/1/1992,8.9
11/2/1992,8.72
11/3/1992,8.57
11/4/1992,8.47
11/5/1992,8.34
11/6/1992,8.25
11/7/1992,8.17
11/8/1992,8.07
11/9/1992,8.01
11/10/1992,7.94
11/11/1992,7.85
11/12/1992,7.84
11/13/1992,7.74
11/14/1992,7.66
11/15/1992,7.63
11/16/1992,7.59
11/17/1992,7.49
11/18/1992,7.48
11/19/1992,7.4
11/20/1992,7.34
11/21/1992,7.29
11/22/1992,7.26
11/23/1992,7.17
11/24/1992,7.14
11/25/1992,7.03
11/26/1992,7.04
11/27/1992,6.97
11/28/1992,6.9
11/29/1992,6.83
11/30/1992,6.77
12/1/1992,6.76
12/2/1992,6.68
12/3/1992,6.63
12/4/1992,6.58
12/5/1992,6.54
12/6/1992,6.49
12/7/1992,6.44
12/8/1992,6.4
12/9/1992,6.38
12/10/1992,6.37
12/11/1992,6.32
12/12/1992,6.24
12/13/1992,6.2
12/14/1992,6.19
12/15/1992,6.13
12/16/1992,6.11
12/17/1992,6.1
12/18/1992,6.04
12/19/1992,5.97
12/20/1992,5.92
12/21/1992,5.88
12/22/1992,5.9
12/23/1992,5.88
12/24/1992,5.86
12/25/1992,5.84
12/26/1992,5.8
12/27/1992,5.78
12/28/1992,5.72
12/29/1992,5.68
12/30/1992,5.62
12/31/1992,5.57
1/1/1993,5.57
1/2/1993,5.54
1/3/1993,5.51
1/4/1993,5.47
1/5/1993,5.4
1/6/1993,5.35
1/7/1993,5.32
1/8/1993,5.27
1/9/1993,5.24
1/10/1993,5.29
1/11/1993,5.26
1/12/1993,5.16
1/13/1993,5.13
1/14/1993,5.15
1/15/1993,5.14
1/16/1993,5.11
1/17/1993,5.06
1/18/1993,4.98
1/19/1993,4.98
1/20/1993,4.96
1/21/1993,4.91
1/22/1993,4.89
1/23/1993,4.87
1/24/1993,4.8
1/25/1993,4.75
1/26/1993,4.73
1/27/1993,4.72
1/28/1993,4.66
1/29/1993,4.59
1/30/1993,4.56
1/31/1993,4.55
2/1/1993,4.51
2/2/1993,4.44
2/3/1993,4.37
2/4/1993,4.36
2/5/1993,4.35
2/6/1993,4.33
2/7/1993,4.27
2/8/1993,4.21
2/9/1993,4.16
2/10/1993,4.12
2/11/1993,4.09
2/12/1993,4.04
2/13/1993,3.95
2/14/1993,3.87
2/15/1993,3.8
2/16/1993,3.75
2/17/1993,3.7
2/18/1993,3.69
2/19/1993,3.72
2/20/1993,3.76
2/21/1993,3.72
2/22/1993,3.69
2/23/1993,3.67
2/24/1993,3.67
2/25/1993,3.66
2/26/1993,3.66
2/27/1993,3.63
2/28/1993,3.62
3/1/1993,3.61
3/2/1993,3.6
3/3/1993,3.6
3/4/1993,3.6
3/5/1993,3.6
3/6/1993,3.62
3/7/1993,3.61
3/8/1993,3.61
3/9/1993,3.57
3/10/1993,3.54
3/11/1993,3.51
3/12/1993,3.53
3/13/1993,3.52
3/14/1993,3.53
3/15/1993,3.54
3/16/1993,3.54
3/17/1993,3.55
3/18/1993,3.54
3/19/1993,3.52
3/20/1993,3.51
3/21/1993,3.49
3/22/1993,3.46
3/23/1993,3.43
3/24/1993,3.43
3/25/1993,3.43
3/26/1993,3.43
3/27/1993,3.44
3/28/1993,3.42
3/29/1993,3.39
3/30/1993,3.38
3/31/1993,3.4
4/1/1993,3.4
4/2/1993,3.41
4/3/1993,3.42
4/4/1993,3.39
4/5/1993,3.37
4/6/1993,3.36
4/7/1993,3.36
4/8/1993,3.37
4/9/1993,3.39
4/10/1993,3.39
4/11/1993,3.43
4/12/1993,3.71
4/13/1993,3.78
4/14/1993,3.7
4/15/1993,3.62
4/16/1993,3.54
4/17/1993,3.57
4/18/1993,3.65
4/19/1993,3.69
4/20/1993,3.67
4/21/1993,3.67
4/22/1993,3.73
4/23/1993,3.74
4/24/1993,3.7
4/25/1993,3.67
4/26/1993,3.7
4/27/1993,3.75
4/28/1993,3.83
4/29/1993,3.94
4/30/1993,3.96
5/1/1993,3.96
5/2/1993,3.99
5/3/1993,4.14
5/4/1993,4.3
5/5/1993,4.3
5/6/1993,4.3
5/7/1993,4.45
5/8/1993,4.55
5/9/1993,4.56
5/10/1993,4.69
5/11/1993,4.89
5/12/1993,4.98
5/13/1993,5.15
5/14/1993,5.27
5/15/1993,5.27
5/16/1993,5.35
5/17/1993,5.48
5/18/1993,5.56
5/19/1993,5.58
5/20/1993,5.62
5/21/1993,5.7
5/22/1993,5.76
5/23/1993,5.87
5/24/1993,5.84
5/25/1993,5.76
5/26/1993,5.85
5/27/1993,5.77
5/28/1993,5.67
5/29/1993,5.65
5/30/1993,5.55
5/31/1993,5.41
6/1/1993,5.46
6/2/1993,5.47
6/3/1993,5.42
6/4/1993,5.45
6/5/1993,5.46
6/6/1993,5.42
6/7/1993,5.52
6/8/1993,5.72
6/9/1993,5.96
6/10/1993,6.32
6/11/1993,6.79
6/12/1993,6.93
6/13/1993,7.11
6/14/1993,7.13
6/15/1993,7.17
6/16/1993,7.25
6/17/1993,7.32
6/18/1993,7.29
6/19/1993,7.18
6/20/1993,7.09
6/21/1993,6.97
6/22/1993,7.04
6/23/1993,7.11
6/24/1993,7.3
6/25/1993,7.57
6/26/1993,7.63
6/27/1993,7.61
6/28/1993,7.67
6/29/1993,7.79
6/30/1993,7.95
7/1/1993,8.02
7/2/1993,8.06
7/3/1993,8.25
7/4/1993,8.61
7/5/1993,8.9
7/6/1993,9.19
7/7/1993,9.44
7/8/1993,9.63
7/9/1993,9.68
7/10/1993,9.65
7/11/1993,9.6
7/12/1993,9.52
7/13/1993,9.4
7/14/1993,9.31
7/15/1993,9.38
7/16/1993,9.4
7/17/1993,9.51
7/18/1993,9.67
7/19/1993,9.73
7/20/1993,9.78
7/21/1993,9.89
7/22/1993,10.16
7/23/1993,10.53
7/24/1993,10.83
7/25/1993,11.14
7/26/1993,11.31
7/27/1993,11.37
7/28/1993,11.33
7/29/1993,11.26
7/30/1993,11.17
7/31/1993,11.12
8/1/1993,11.11
8/2/1993,11.18
8/3/1993,11.23
8/4/1993,11.25
8/5/1993,11.22
8/6/1993,11.26
8/7/1993,11.37
8/8/1993,11.51
8/9/1993,11.58
8/10/1993,11.63
8/11/1993,11.67
8/12/1993,11.73
8/13/1993,11.81
8/14/1993,12.09
8/15/1993,12.29
8/16/1993,12.38
8/17/1993,12.42
8/18/1993,12.39
8/19/1993,12.27
8/20/1993,12.11
8/21/1993,11.94
8/22/1993,11.85
8/23/1993,11.78
8/24/1993,11.82
8/25/1993,11.98
8/26/1993,12.2
8/27/1993,12.34
8/28/1993,12.42
8/29/1993,12.43
8/30/1993,12.38
8/31/1993,12.35
9/1/1993,12.33
9/2/1993,12.35
9/3/1993,12.37
9/4/1993,12.36
9/5/1993,12.33
9/6/1993,12.31
9/7/1993,12.3
9/8/1993,12.29
9/9/1993,12.28
9/10/1993,12.33
9/11/1993,12.36
9/12/1993,12.39
9/13/1993,12.45
9/14/1993,12.5
9/15/1993,12.52
9/16/1993,12.59
9/17/1993,12.67
9/18/1993,12.74
9/19/1993,12.8
9/20/1993,12.84
9/21/1993,12.88
9/22/1993,12.88
9/23/1993,12.87
9/24/1993,12.85
9/25/1993,12.81
9/26/1993,12.8
9/27/1993,12.8
9/28/1993,12.86
9/29/1993,12.88
9/30/1993,12.84
10/1/1993,12.7
10/2/1993,12.46
10/3/1993,12.2
10/4/1993,12.07
10/5/1993,11.96
10/6/1993,11.81
10/7/1993,11.62
10/8/1993,11.46
10/9/1993,11.28
10/10/1993,11.1
10/11/1993,11.02
10/12/1993,10.86
10/13/1993,10.74
10/14/1993,10.7
10/15/1993,10.61
10/16/1993,10.52
10/17/1993,10.47
10/18/1993,10.44
10/19/1993,10.36
10/20/1993,10.27
10/21/1993,10.13
10/22/1993,10.03
10/23/1993,9.97
10/24/1993,9.85
10/25/1993,9.69
10/26/1993,9.56
10/27/1993,9.39
10/28/1993,9.32
10/29/1993,9.28
10/30/1993,9.14
10/31/1993,9.03
11/1/1993,8.93
11/2/1993,8.87
11/3/1993,8.78
11/4/1993,8.77
11/5/1993,8.75
11/6/1993,8.71
11/7/1993,8.7
11/8/1993,8.67
11/9/1993,8.59
11/10/1993,8.55
11/11/1993,8.54
11/12/1993,8.5
11/13/1993,8.45
11/14/1993,8.39
11/15/1993,8.33
11/16/1993,8.26
11/17/1993,8.19
11/18/1993,8.15
11/19/1993,8.11
11/20/1993,8.07
11/21/1993,8.02
11/22/1993,7.95
11/23/1993,7.91
11/24/1993,7.85
11/25/1993,7.77
11/26/1993,7.72
11/27/1993,7.69
11/28/1993,7.64
11/29/1993,7.57
11/30/1993,7.55
12/1/1993,7.51
12/2/1993,7.44
12/3/1993,7.36
12/4/1993,7.28
12/5/1993,7.28
12/6/1993,7.25
12/7/1993,7.2
12/8/1993,7.16
12/9/1993,7.09
12/10/1993,7.01
12/11/1993,6.93
12/12/1993,6.92
12/13/1993,6.87
12/14/1993,6.79
12/15/1993,6.76
12/16/1993,6.7
12/17/1993,6.62
12/18/1993,6.55
12/19/1993,6.52
12/20/1993,6.47
12/21/1993,6.42
12/22/1993,6.4
12/23/1993,6.38
12/24/1993,6.34
12/25/1993,6.29
12/26/1993,6.29
12/27/1993,6.25
12/28/1993,6.19
12/29/1993,6.15
12/30/1993,6.08
12/31/1993,6.01
1/1/1994,5.98
1/2/1994,5.9
1/3/1994,5.87
1/4/1994,5.9
1/5/1994,5.81
1/6/1994,5.77
1/7/1994,5.75
1/8/1994,5.72
1/9/1994,5.67
1/10/1994,5.58
1/11/1994,5.52
1/12/1994,5.54
1/13/1994,5.52
1/14/1994,5.43
1/15/1994,5.43
1/16/1994,5.4
1/17/1994,5.34
1/18/1994,5.36
1/19/1994,5.37
1/20/1994,5.31
1/21/1994,5.3
1/22/1994,5.34
1/23/1994,5.33
1/24/1994,5.31
1/25/1994,5.34
1/26/1994,5.38
1/27/1994,5.41
1/28/1994,5.46
1/29/1994,5.51
1/30/1994,5.52
1/31/1994,5.51
2/1/1994,5.48
2/2/1994,5.52
2/3/1994,5.55
2/4/1994,5.5
2/5/1994,5.37
2/6/1994,5.28
2/7/1994,5.3
2/8/1994,5.29
2/9/1994,5.25
2/10/1994,5.23
2/11/1994,5.21
2/12/1994,5.19
2/13/1994,5.17
2/14/1994,5.15
2/15/1994,5.11
2/16/1994,5.08
2/17/1994,5.11
2/18/1994,5.15
2/19/1994,5.16
2/20/1994,5.15
2/21/1994,5.14
2/22/1994,5.17
2/23/1994,5.16
2/24/1994,5.15
2/25/1994,5.14
2/26/1994,5.16
2/27/1994,5.15
2/28/1994,5.1
3/1/1994,5.04
3/2/1994,4.99
3/3/1994,4.97
3/4/1994,4.9
3/5/1994,4.83
3/6/1994,4.76
3/7/1994,4.72
3/8/1994,4.68
3/9/1994,4.64
3/10/1994,4.57
3/11/1994,4.52
3/12/1994,4.48
3/13/1994,4.45
3/14/1994,4.41
3/15/1994,4.35
3/16/1994,4.25
3/17/1994,4.21
3/18/1994,4.19
3/19/1994,4.18
3/20/1994,4.14
3/21/1994,4.12
3/22/1994,4.1
3/23/1994,4.09
3/24/1994,4.08
3/25/1994,4.07
3/26/1994,4.07
3/27/1994,4.09
3/28/1994,4.09
3/29/1994,4.08
3/30/1994,4.09
3/31/1994,4.12
4/1/1994,4.17
4/2/1994,4.18
4/3/1994,4.23
4/4/1994,4.19
4/5/1994,4.17
4/6/1994,4.18
4/7/1994,4.18
4/8/1994,4.16
4/9/1994,4.15
4/10/1994,4.15
4/11/1994,4.15
4/12/1994,4.17
4/13/1994,4.18
4/14/1994,4.19
4/15/1994,4.18
4/16/1994,4.15
4/17/1994,4.12
4/18/1994,4.09
4/19/1994,4.07
4/20/1994,4.05
4/21/1994,4.06
4/22/1994,4.1
4/23/1994,4.14
4/24/1994,4.14
4/25/1994,4.13
4/26/1994,4.13
4/27/1994,4.14
4/28/1994,4.16
4/29/1994,4.19
4/30/1994,4.19
5/1/1994,4.2
5/2/1994,4.19
5/3/1994,4.18
5/4/1994,4.22
5/5/1994,4.29
5/6/1994,4.31
5/7/1994,4.27
5/8/1994,4.22
5/9/1994,4.2
5/10/1994,4.19
5/11/1994,4.22
5/12/1994,4.23
5/13/1994,4.27
5/14/1994,4.34
5/15/1994,4.59
5/16/1994,4.78
5/17/1994,4.79
5/18/1994,4.69
5/19/1994,4.67
5/20/1994,4.58
5/21/1994,4.52
5/22/1994,4.44
5/23/1994,4.38
5/24/1994,4.4
5/25/1994,4.5
5/26/1994,4.57
5/27/1994,4.52
5/28/1994,4.47
5/29/1994,4.39
5/30/1994,4.39
5/31/1994,4.55
6/1/1994,4.66
6/2/1994,4.77
6/3/1994,5.14
6/4/1994,5.66
6/5/1994,6.05
6/6/1994,6.3
6/7/1994,6.51
6/8/1994,6.63
6/9/1994,6.67
6/10/1994,6.69
6/11/1994,6.71
6/12/1994,6.69
6/13/1994,6.62
6/14/1994,6.6
6/15/1994,6.61
6/16/1994,6.66
6/17/1994,6.66
6/18/1994,6.74
6/19/1994,6.91
6/20/1994,7.04
6/21/1994,7.19
6/22/1994,7.36
6/23/1994,7.66
6/24/1994,8.23
6/25/1994,8.64
6/26/1994,8.86
6/27/1994,8.97
6/28/1994,9.06
6/29/1994,9.08
6/30/1994,9.23
7/1/1994,9.4
7/2/1994,9.46
7/3/1994,9.56
7/4/1994,9.62
7/5/1994,9.75
7/6/1994,9.99
7/7/1994,10.17
7/8/1994,10.25
7/9/1994,10.3
7/10/1994,10.39
7/11/1994,10.57
7/12/1994,10.77
7/13/1994,10.89
7/14/1994,10.9
7/15/1994,10.81
7/16/1994,10.71
7/17/1994,10.59
7/18/1994,10.45
7/19/1994,10.37
7/20/1994,10.38
7/21/1994,10.48
7/22/1994,10.62
7/23/1994,10.8
7/24/1994,11.06
7/25/1994,11.45
7/26/1994,11.72
7/27/1994,11.88
7/28/1994,11.96
7/29/1994,12.02
7/30/1994,12.05
7/31/1994,12.08
8/1/1994,12.04
8/2/1994,12.01
8/3/1994,12.07
8/4/1994,12.08
8/5/1994,12.14
8/6/1994,12.18
8/7/1994,12.23
8/8/1994,12.34
8/9/1994,12.42
8/10/1994,12.49
8/11/1994,12.55
8/12/1994,12.6
8/13/1994,12.72
8/14/1994,12.84
8/15/1994,12.99
8/16/1994,13.11
8/17/1994,13.26
8/18/1994,13.35
8/19/1994,13.35
8/20/1994,13.32
8/21/1994,13.29
8/22/1994,13.24
8/23/1994,13.15
8/24/1994,13.04
8/25/1994,12.9
8/26/1994,12.69
8/27/1994,12.46
8/28/1994,12.35
8/29/1994,12.32
8/30/1994,12.35
8/31/1994,12.34
9/1/1994,12.37
9/2/1994,12.4
9/3/1994,12.42
9/4/1994,12.38
9/5/1994,12.34
9/6/1994,12.25
9/7/1994,12.15
9/8/1994,12.02
9/9/1994,11.83
9/10/1994,11.64
9/11/1994,11.5
9/12/1994,11.47
9/13/1994,11.49
9/14/1994,11.52
9/15/1994,11.55
9/16/1994,11.64
9/17/1994,11.76
9/18/1994,11.89
9/19/1994,11.94
9/20/1994,11.98
9/21/1994,12.06
9/22/1994,12.38
9/23/1994,12.55
9/24/1994,12.61
9/25/1994,12.53
9/26/1994,12.33
9/27/1994,12
9/28/1994,11.64
9/29/1994,11.38
9/30/1994,11.17
10/1/1994,10.96
10/2/1994,10.72
10/3/1994,10.65
10/4/1994,10.54
10/5/1994,10.42
10/6/1994,10.32
10/7/1994,10.3
10/8/1994,10.23
10/9/1994,10.01
10/10/1994,10.14
10/11/1994,10.15
10/12/1994,9.84
10/13/1994,9.84
10/14/1994,9.92
10/15/1994,9.88
10/16/1994,9.79
10/17/1994,9.58
10/18/1994,9.52
10/19/1994,9.43
10/20/1994,9.24
10/21/1994,9.1
10/22/1994,8.98
10/23/1994,8.87
10/24/1994,8.75
10/25/1994,8.63
10/26/1994,8.56
10/27/1994,8.39
10/28/1994,8.25
10/29/1994,8.29
10/30/1994,8.18
10/31/1994,8.13
11/1/1994,8.07
11/2/1994,8.02
11/3/1994,7.94
11/4/1994,7.92
11/5/1994,7.9
11/6/1994,7.91
11/7/1994,7.88
11/8/1994,7.86
11/9/1994,7.82
11/10/1994,7.78
11/11/1994,7.72
11/12/1994,7.66
11/13/1994,7.59
11/14/1994,7.52
11/15/1994,7.45
11/16/1994,7.4
11/17/1994,7.39
11/18/1994,7.33
11/19/1994,7.29
11/20/1994,7.24
11/21/1994,7.23
11/22/1994,7.22
11/23/1994,7.21
11/24/1994,7.23
11/25/1994,7.18
11/26/1994,7.14
11/27/1994,7.1
11/28/1994,7.05
11/29/1994,7.05
11/30/1994,7.02
12/1/1994,6.97
12/2/1994,6.92
12/3/1994,6.89
12/4/1994,6.85
12/5/1994,6.8
12/6/1994,6.8
12/7/1994,6.8
12/8/1994,6.79
12/9/1994,6.77
12/10/1994,6.72
12/11/1994,6.66
12/12/1994,6.62
12/13/1994,6.58
12/14/1994,6.5
12/15/1994,6.44
12/16/1994,6.43
12/17/1994,6.42
12/18/1994,6.37
12/19/1994,6.33
12/20/1994,6.31
12/21/1994,6.28
12/22/1994,6.25
12/23/1994,6.23
12/24/1994,6.2
12/25/1994,6.17
12/26/1994,6.12
12/27/1994,6.08
12/28/1994,6.06
12/29/1994,6.04
12/30/1994,6
12/31/1994,5.95
1/1/1995,5.89
1/2/1995,5.81
1/3/1995,5.76
1/4/1995,5.71
1/5/1995,5.63
1/6/1995,5.59
1/7/1995,5.54
1/8/1995,5.51
1/9/1995,5.48
1/10/1995,5.46
1/11/1995,5.43
1/12/1995,5.41
1/13/1995,5.39
1/14/1995,5.36
1/15/1995,5.34
1/16/1995,5.31
1/17/1995,5.28
1/18/1995,5.25
1/19/1995,5.23
1/20/1995,5.22
1/21/1995,5.21
1/22/1995,5.23
1/23/1995,5.24
1/24/1995,5.22
1/25/1995,5.22
1/26/1995,5.21
1/27/1995,5.2
1/28/1995,5.19
1/29/1995,5.17
1/30/1995,5.15
1/31/1995,5.14
2/1/1995,5.11
2/2/1995,5.1
2/3/1995,5.07
2/4/1995,5.05
2/5/1995,5.03
2/6/1995,5.02
2/7/1995,5
2/8/1995,4.98
2/9/1995,4.96
2/10/1995,4.94
2/11/1995,4.93
2/12/1995,4.93
2/13/1995,4.92
2/14/1995,4.92
2/15/1995,4.92
2/16/1995,4.89
2/17/1995,4.84
2/18/1995,4.76
2/19/1995,4.74
2/20/1995,4.72
2/21/1995,4.7
2/22/1995,4.69
2/23/1995,4.69
2/24/1995,4.69
2/25/1995,4.69
2/26/1995,4.7
2/27/1995,4.67
2/28/1995,4.65
3/1/1995,4.64
3/2/1995,4.64
3/3/1995,4.63
3/4/1995,4.63
3/5/1995,4.63
3/6/1995,4.61
3/7/1995,4.6
3/8/1995,4.59
3/9/1995,4.59
3/10/1995,4.58
3/11/1995,4.58
3/12/1995,4.58
3/13/1995,4.57
3/14/1995,4.56
3/15/1995,4.54
3/16/1995,4.53
3/17/1995,4.51
3/18/1995,4.5
3/19/1995,4.49
3/20/1995,4.48
3/21/1995,4.47
3/22/1995,4.46
3/23/1995,4.46
3/24/1995,4.45
3/25/1995,4.45
3/26/1995,4.46
3/27/1995,4.47
3/28/1995,4.49
3/29/1995,4.49
3/30/1995,4.48
3/31/1995,4.48
4/1/1995,4.46
4/2/1995,4.42
4/3/1995,4.37
4/4/1995,4.14
4/5/1995,4.05
4/6/1995,3.98
4/7/1995,3.91
4/8/1995,3.86
4/9/1995,3.82
4/10/1995,3.77
4/11/1995,3.75
4/12/1995,3.75
4/13/1995,3.75
4/14/1995,3.74
4/15/1995,3.75
4/16/1995,3.76
4/17/1995,3.76
4/18/1995,3.76
4/19/1995,3.78
4/20/1995,3.8
4/21/1995,3.81
4/22/1995,3.83
4/23/1995,3.83
4/24/1995,3.84
4/25/1995,3.81
4/26/1995,3.79
4/27/1995,3.78
4/28/1995,3.78
4/29/1995,3.8
4/30/1995,3.81
5/1/1995,3.82
5/2/1995,3.84
5/3/1995,3.86
5/4/1995,3.88
5/5/1995,3.91
5/6/1995,3.93
5/7/1995,3.96
5/8/1995,3.98
5/9/1995,4.05
5/10/1995,4.2
5/11/1995,4.36
5/12/1995,4.57
5/13/1995,4.71
5/14/1995,4.81
5/15/1995,4.89
5/16/1995,4.95
5/17/1995,4.82
5/18/1995,4.63
5/19/1995,4.57
5/20/1995,4.7
5/21/1995,4.81
5/22/1995,5.08
5/23/1995,5.87
5/24/1995,6.41
5/25/1995,6.72
5/26/1995,6.95
5/27/1995,7.07
5/28/1995,7.09
5/29/1995,7.1
5/30/1995,7.01
5/31/1995,6.87
6/1/1995,6.72
6/2/1995,6.64
6/3/1995,6.57
6/4/1995,6.51
6/5/1995,6.54
6/6/1995,6.74
6/7/1995,6.88
6/8/1995,6.93
6/9/1995,6.96
6/10/1995,6.95
6/11/1995,7.04
6/12/1995,7.11
6/13/1995,7.23
6/14/1995,7.41
6/15/1995,7.63
6/16/1995,7.87
6/17/1995,8.22
6/18/1995,8.59
6/19/1995,8.9
6/20/1995,9.13
6/21/1995,9.19
6/22/1995,9.22
6/23/1995,9.3
6/24/1995,9.39
6/25/1995,9.61
6/26/1995,9.74
6/27/1995,9.74
6/28/1995,9.69
6/29/1995,9.66
6/30/1995,9.69
7/1/1995,9.75
7/2/1995,9.8
7/3/1995,9.94
7/4/1995,10.09
7/5/1995,10.27
7/6/1995,10.36
7/7/1995,10.54
7/8/1995,10.72
7/9/1995,10.93
7/10/1995,11.17
7/11/1995,11.35
7/12/1995,11.45
7/13/1995,11.47
7/14/1995,11.49
7/15/1995,11.49
7/16/1995,11.5
7/17/1995,11.59
7/18/1995,11.71
7/19/1995,11.77
7/20/1995,11.8
7/21/1995,11.8
7/22/1995,11.83
7/23/1995,11.87
7/24/1995,11.93
7/25/1995,11.97
7/26/1995,11.85
7/27/1995,11.67
7/28/1995,11.48
7/29/1995,11.39
7/30/1995,11.35
7/31/1995,11.38
8/1/1995,11.35
8/2/1995,11.29
8/3/1995,11.3
8/4/1995,11.36
8/5/1995,11.39
8/6/1995,11.45
8/7/1995,11.49
8/8/1995,11.58
8/9/1995,11.68
8/10/1995,11.83
8/11/1995,11.97
8/12/1995,12.09
8/13/1995,12.26
8/14/1995,12.44
8/15/1995,12.63
8/16/1995,12.74
8/17/1995,12.83
8/18/1995,12.9
8/19/1995,12.89
8/20/1995,12.85
8/21/1995,12.76
8/22/1995,12.68
8/23/1995,12.61
8/24/1995,12.54
8/25/1995,12.47
8/26/1995,12.42
8/27/1995,12.41
8/28/1995,12.42
8/29/1995,12.48
8/30/1995,12.54
8/31/1995,12.58
9/1/1995,12.62
9/2/1995,12.66
9/3/1995,12.63
9/4/1995,12.59
9/5/1995,12.5
9/6/1995,12.43
9/7/1995,12.31
9/8/1995,12.25
9/9/1995,12.33
9/10/1995,12.47
9/11/1995,12.61
9/12/1995,12.74
9/13/1995,12.84
9/14/1995,12.91
9/15/1995,12.91
9/16/1995,12.86
9/17/1995,12.81
9/18/1995,12.67
9/19/1995,12.53
9/20/1995,12.37
9/21/1995,12.21
9/22/1995,12.18
9/23/1995,12.25
9/24/1995,12.2
9/25/1995,12.17
9/26/1995,12.13
9/27/1995,12.07
9/28/1995,12.33
9/29/1995,12.67
9/30/1995,12.67
10/1/1995,12.49
10/2/1995,12.24
10/3/1995,12.03
10/4/1995,11.79
10/5/1995,11.59
10/6/1995,11.34
10/7/1995,11.22
10/8/1995,11.17
10/9/1995,11.08
10/10/1995,10.92
10/11/1995,10.77
10/12/1995,10.64
10/13/1995,10.5
10/14/1995,10.35
10/15/1995,10.27
10/16/1995,10.15
10/17/1995,10.07
10/18/1995,9.94
10/19/1995,9.83
10/20/1995,9.71
10/21/1995,9.62
10/22/1995,9.53
10/23/1995,9.38
10/24/1995,9.28
10/25/1995,9.15
10/26/1995,9.03
10/27/1995,8.91
10/28/1995,8.83
10/29/1995,8.73
10/30/1995,8.63
10/31/1995,8.5
11/1/1995,8.34
11/2/1995,8.29
11/3/1995,8.19
11/4/1995,8.11
11/5/1995,8.04
11/6/1995,7.96
11/7/1995,7.91
11/8/1995,7.86
11/9/1995,7.82
11/10/1995,7.81
11/11/1995,7.81
11/12/1995,7.84
11/13/1995,8.11
11/14/1995,8.49
11/15/1995,8.62
11/16/1995,8.61
11/17/1995,8.64
11/18/1995,8.64
11/19/1995,8.53
11/20/1995,8.4
11/21/1995,8.26
11/22/1995,8.13
11/23/1995,8.01
11/24/1995,7.9
11/25/1995,7.79
11/26/1995,7.72
11/27/1995,7.62
11/28/1995,7.51
11/29/1995,7.42
11/30/1995,7.41
12/1/1995,7.29
12/2/1995,7.27
12/3/1995,7.17
12/4/1995,7.17
12/5/1995,7.1
12/6/1995,7.05
12/7/1995,6.98
12/8/1995,6.93
12/9/1995,6.9
12/10/1995,6.85
12/11/1995,6.78
12/12/1995,6.76
12/13/1995,6.74
12/14/1995,6.69
12/15/1995,6.61
12/16/1995,6.57
12/17/1995,6.49
12/18/1995,6.41
12/19/1995,6.39
12/20/1995,6.32
12/21/1995,6.28
12/22/1995,6.24
12/23/1995,6.2
12/24/1995,6.18
12/25/1995,6.12
12/26/1995,6.04
12/27/1995,5.99
12/28/1995,5.98
12/29/1995,5.97
12/30/1995,5.95
12/31/1995,5.94
1/1/1996,5.92
1/2/1996,5.9
1/3/1996,5.86
1/4/1996,5.85
1/5/1996,5.84
1/6/1996,5.82
1/7/1996,5.81
1/8/1996,5.78
1/9/1996,5.75
1/10/1996,5.71
1/11/1996,5.66
1/12/1996,5.62
1/13/1996,5.57
1/14/1996,5.52
1/15/1996,5.51
1/16/1996,5.53
1/17/1996,5.55
1/18/1996,5.53
1/19/1996,5.54
1/20/1996,5.56
1/21/1996,5.58
1/22/1996,5.63
1/23/1996,5.74
1/24/1996,5.81
1/25/1996,5.79
1/26/1996,5.8
1/27/1996,5.84
1/28/1996,5.84
1/29/1996,5.8
1/30/1996,5.79
1/31/1996,5.79
2/1/1996,5.76
2/2/1996,5.7
2/3/1996,5.67
2/4/1996,5.6
2/5/1996,5.53
2/6/1996,5.49
2/7/1996,5.43
2/8/1996,5.4
2/9/1996,5.32
2/10/1996,5.25
2/11/1996,5.2
2/12/1996,5.15
2/13/1996,5.1
2/14/1996,5.06
2/15/1996,5.03
2/16/1996,4.96
2/17/1996,4.96
2/18/1996,5.01
2/19/1996,5.05
2/20/1996,5.05
2/21/1996,5.03
2/22/1996,5.01
2/23/1996,5.05
2/24/1996,5.1
2/25/1996,5.09
2/26/1996,5.04
2/27/1996,5.03
2/28/1996,5.06
2/29/1996,5.06
3/1/1996,5
3/2/1996,4.92
3/3/1996,4.92
3/4/1996,4.88
3/5/1996,4.83
3/6/1996,4.8
3/7/1996,4.79
3/8/1996,4.74
3/9/1996,4.67
3/10/1996,4.65
3/11/1996,4.66
3/12/1996,4.66
3/13/1996,4.64
3/14/1996,4.63
3/15/1996,4.64
3/16/1996,4.66
3/17/1996,4.66
3/18/1996,4.62
3/19/1996,4.54
3/20/1996,4.5
3/21/1996,4.46
3/22/1996,4.4
3/23/1996,4.34
3/24/1996,4.27
3/25/1996,4.2
3/26/1996,4.17
3/27/1996,4.15
3/28/1996,4.19
3/29/1996,4.19
3/30/1996,4.17
3/31/1996,4.14
4/1/1996,4.082
4/2/1996,4.018
4/3/1996,4.04
4/4/1996,4.156
4/5/1996,4.18
4/6/1996,4.168
4/7/1996,4.108
4/8/1996,4.074
4/9/1996,4.056
4/10/1996,4.036
4/11/1996,4.012
4/12/1996,3.962
4/13/1996,3.926
4/14/1996,3.902
4/15/1996,3.864
4/16/1996,3.846
4/17/1996,3.83
4/18/1996,3.83
4/19/1996,3.834
4/20/1996,3.854
4/21/1996,3.87
4/22/1996,3.866
4/23/1996,3.87
4/24/1996,3.888
4/25/1996,3.86
4/26/1996,3.852
4/27/1996,3.826
4/28/1996,3.918
4/29/1996,4.104
4/30/1996,4.22
5/1/1996,4.302
5/2/1996,4.398
5/3/1996,4.528
5/4/1996,4.62
5/5/1996,4.562
5/6/1996,4.448
5/7/1996,4.364
5/8/1996,4.502
5/9/1996,4.652
5/10/1996,4.75
5/11/1996,4.824
5/12/1996,4.988
5/13/1996,5.064
5/14/1996,5.292
5/15/1996,5.544
5/16/1996,5.828
5/17/1996,6.04
5/18/1996,6.152
5/19/1996,6.236
5/20/1996,6.198
5/21/1996,6.1
5/22/1996,6.018
5/23/1996,5.988
5/24/1996,5.944
5/25/1996,5.9
5/26/1996,5.86
5/27/1996,5.734
5/28/1996,5.642
5/29/1996,5.648
5/30/1996,5.602
5/31/1996,5.63
6/1/1996,5.582
6/2/1996,5.688
6/3/1996,5.874
6/4/1996,6.142
6/5/1996,6.466
6/6/1996,6.536
6/7/1996,6.548
6/8/1996,6.59
6/9/1996,6.564
6/10/1996,6.472
6/11/1996,6.444
6/12/1996,6.428
6/13/1996,6.364
6/14/1996,6.24
6/15/1996,6.094
6/16/1996,5.992
6/17/1996,5.864
6/18/1996,5.806
6/19/1996,5.8
6/20/1996,6.01
6/21/1996,6.288
6/22/1996,6.38
6/23/1996,6.34
6/24/1996,6.268
6/25/1996,6.402
6/26/1996,6.732
6/27/1996,7.12
6/28/1996,7.454
6/29/1996,7.892
6/30/1996,8.52
7/1/1996,9.002
7/2/1996,9.468
7/3/1996,9.704
7/4/1996,9.888
7/5/1996,10.008
7/6/1996,10.12
7/7/1996,10.21
7/8/1996,10.196
7/9/1996,10.128
7/10/1996,10
7/11/1996,9.936
7/12/1996,9.9
7/13/1996,9.932
7/14/1996,10.192
7/15/1996,10.582
7/16/1996,10.982
7/17/1996,11.47
7/18/1996,11.788
7/19/1996,12.04
7/20/1996,12.298
7/21/1996,12.468
7/22/1996,12.54
7/23/1996,12.488
7/24/1996,12.442
7/25/1996,12.41
7/26/1996,12.34
7/27/1996,12.218
7/28/1996,12.152
7/29/1996,12.088
7/30/1996,11.99
7/31/1996,11.972
8/1/1996,11.924
8/2/1996,11.86
8/3/1996,11.848
8/4/1996,11.952
8/5/1996,12.076
8/6/1996,12.188
8/7/1996,12.232
8/8/1996,12.25
8/9/1996,12.332
8/10/1996,12.386
8/11/1996,12.434
8/12/1996,12.382
8/13/1996,12.33
8/14/1996,12.338
8/15/1996,12.4
8/16/1996,12.466
8/17/1996,12.538
8/18/1996,12.644
8/19/1996,12.68
8/20/1996,12.732
8/21/1996,12.822
8/22/1996,12.91
8/23/1996,12.956
8/24/1996,12.962
8/25/1996,13.02
8/26/1996,13.066
8/27/1996,13.09
8/28/1996,13.172
8/29/1996,13.228
8/30/1996,13.274
8/31/1996,13.318
9/1/1996,13.396
9/2/1996,13.492
9/3/1996,13.57
9/4/1996,13.632
9/5/1996,13.63
9/6/1996,13.582
9/7/1996,13.52
9/8/1996,13.456
9/9/1996,13.432
9/10/1996,13.42
9/11/1996,13.42
9/12/1996,13.41
9/13/1996,13.36
9/14/1996,13.28
9/15/1996,13.192
9/16/1996,13.072
9/17/1996,12.932
9/18/1996,12.76
9/19/1996,12.51
9/20/1996,12.27
9/21/1996,12.044
9/22/1996,11.85
9/23/1996,11.69
9/24/1996,11.578
9/25/1996,11.47
9/26/1996,11.292
9/27/1996,11.2
9/28/1996,11.24
9/29/1996,11.226
9/30/1996,11.23
10/1/1996,11.248
10/2/1996,11.184
10/3/1996,11.088
10/4/1996,10.958
10/5/1996,10.822
10/6/1996,10.8
10/7/1996,10.802
10/8/1996,10.848
10/9/1996,10.862
10/10/1996,10.97
10/11/1996,11.028
10/12/1996,11.05
10/13/1996,11.048
10/14/1996,10.998
10/15/1996,10.866
10/16/1996,10.682
10/17/1996,10.578
10/18/1996,10.452
10/19/1996,10.308
10/20/1996,10.138
10/21/1996,10.038
10/22/1996,9.922
10/23/1996,9.802
10/24/1996,9.682
10/25/1996,9.584
10/26/1996,9.492
10/27/1996,9.43
10/28/1996,9.36
10/29/1996,9.46
10/30/1996,9.262
10/31/1996,9.152
11/1/1996,9.09
11/2/1996,9.038
11/3/1996,8.972
11/4/1996,8.936
11/5/1996,8.888
11/6/1996,8.832
11/7/1996,8.772
11/8/1996,8.732
11/9/1996,8.692
11/10/1996,8.628
11/11/1996,8.568
11/12/1996,8.532
11/13/1996,8.458
11/14/1996,8.392
11/15/1996,8.338
11/16/1996,8.272
11/17/1996,8.254
11/18/1996,8.246
11/19/1996,8.17
11/20/1996,8.11
11/21/1996,8.092
11/22/1996,8.052
11/23/1996,8.01
11/24/1996,7.912
11/25/1996,7.892
11/26/1996,7.848
11/27/1996,7.822
11/28/1996,7.748
11/29/1996,7.678
11/30/1996,7.618
12/1/1996,7.552
12/2/1996,7.54
12/3/1996,7.536
12/4/1996,7.442
12/5/1996,7.388
12/6/1996,7.332
12/7/1996,7.286
12/8/1996,7.21
12/9/1996,7.132
12/10/1996,7.086
12/11/1996,7.046
12/12/1996,7.012
12/13/1996,6.972
12/14/1996,6.932
12/15/1996,6.882
12/16/1996,6.828
12/17/1996,6.776
12/18/1996,6.732
12/19/1996,6.698
12/20/1996,6.656
12/21/1996,6.638
12/22/1996,6.604
12/23/1996,6.578
12/24/1996,6.552
12/25/1996,6.526
12/26/1996,6.51
12/27/1996,6.496
12/28/1996,6.474
12/29/1996,6.462
12/30/1996,6.426
12/31/1996,6.404
1/1/1997,6.388
1/2/1997,6.35
1/3/1997,6.302
1/4/1997,6.266
1/5/1997,6.236
1/6/1997,6.206
1/7/1997,6.178
1/8/1997,6.13
1/9/1997,6.092
1/10/1997,6.054
1/11/1997,6.012
1/12/1997,5.984
1/13/1997,5.966
1/14/1997,5.936
1/15/1997,5.882
1/16/1997,5.846
1/17/1997,5.824
1/18/1997,5.802
1/19/1997,5.776
1/20/1997,5.732
1/21/1997,5.672
1/22/1997,5.63
1/23/1997,5.598
1/24/1997,5.61
1/25/1997,5.606
1/26/1997,5.596
1/27/1997,5.576
1/28/1997,5.566
1/29/1997,5.56
1/30/1997,5.552
1/31/1997,5.562
2/1/1997,5.582
2/2/1997,5.61
2/3/1997,5.61
2/4/1997,5.604
2/5/1997,5.57
2/6/1997,5.512
2/7/1997,5.482
2/8/1997,5.454
2/9/1997,5.448
2/10/1997,5.426
2/11/1997,5.402
2/12/1997,5.356
2/13/1997,5.308
2/14/1997,5.274
2/15/1997,5.242
2/16/1997,5.216
2/17/1997,5.184
2/18/1997,5.156
2/19/1997,5.134
2/20/1997,5.116
2/21/1997,5.092
2/22/1997,5.052
2/23/1997,5.024
2/24/1997,5.004
2/25/1997,4.984
2/26/1997,4.964
2/27/1997,4.972
2/28/1997,4.968
3/1/1997,4.948
3/2/1997,4.92
3/3/1997,4.9
3/4/1997,4.9
3/5/1997,4.88
3/6/1997,4.87
3/7/1997,4.86
3/8/1997,4.84
3/9/1997,4.834
3/10/1997,4.8
3/11/1997,4.778
3/12/1997,4.726
3/13/1997,4.64
3/14/1997,4.59
3/15/1997,4.634
3/16/1997,4.73
3/17/1997,4.73
3/18/1997,4.73
3/19/1997,4.79
3/20/1997,4.844
3/21/1997,4.86
3/22/1997,4.86
3/23/1997,4.816
3/24/1997,4.68
3/25/1997,4.53
3/26/1997,4.386
3/27/1997,4.33
3/28/1997,4.288
3/29/1997,4.256
3/30/1997,4.24
3/31/1997,4.25
4/1/1997,4.25
4/2/1997,4.25
4/3/1997,4.25
4/4/1997,4.3
4/5/1997,4.43
4/6/1997,4.56
4/7/1997,4.666
4/8/1997,4.69
4/9/1997,4.71
4/10/1997,4.74
4/11/1997,4.75
4/12/1997,4.774
4/13/1997,4.784
4/14/1997,4.84
4/15/1997,4.89
4/16/1997,4.9
4/17/1997,4.874
4/18/1997,4.73
4/19/1997,4.53
4/20/1997,4.36
4/21/1997,4.23
4/22/1997,4.204
4/23/1997,4.2
4/24/1997,4.286
4/25/1997,4.478
4/26/1997,4.742
4/27/1997,5.004
4/28/1997,5.15
4/29/1997,5.16
4/30/1997,5.138
5/1/1997,5.1
5/2/1997,5.036
5/3/1997,4.964
5/4/1997,4.896
5/5/1997,4.83
5/6/1997,4.766
5/7/1997,4.756
5/8/1997,4.754
5/9/1997,4.786
5/10/1997,4.814
5/11/1997,4.82
5/12/1997,4.8
5/13/1997,4.8
5/14/1997,4.8
5/15/1997,4.81
5/16/1997,4.836
5/17/1997,4.88
5/18/1997,4.886
5/19/1997,4.9
5/20/1997,4.884
5/21/1997,4.92
5/22/1997,4.932
5/23/1997,4.94
5/24/1997,4.94
5/25/1997,4.924
5/26/1997,4.96
5/27/1997,4.974
5/28/1997,5.066
5/29/1997,5.176
5/30/1997,5.21
5/31/1997,5.206
6/1/1997,5.19
6/2/1997,5.18
6/3/1997,5.186
6/4/1997,5.09
6/5/1997,4.95
6/6/1997,4.784
6/7/1997,4.842
6/8/1997,4.992
6/9/1997,5.118
6/10/1997,5.204
6/11/1997,5.344
6/12/1997,5.558
6/13/1997,5.794
6/14/1997,5.84
6/15/1997,6.052
6/16/1997,6.192
6/17/1997,6.384
6/18/1997,6.63
6/19/1997,6.81
6/20/1997,6.878
6/21/1997,6.908
6/22/1997,6.928
6/23/1997,6.968
6/24/1997,6.95
6/25/1997,6.87
6/26/1997,6.818
6/27/1997,6.912
6/28/1997,6.964
6/29/1997,7.06
6/30/1997,7.25
7/1/1997,7.582
7/2/1997,7.752
7/3/1997,8.128
7/4/1997,8.628
7/5/1997,9.09
7/6/1997,9.472
7/7/1997,9.648
7/8/1997,9.676
7/9/1997,9.75
7/10/1997,10.072
7/11/1997,10.512
7/12/1997,10.95
7/13/1997,11.358
7/14/1997,11.77
7/15/1997,12.04
7/16/1997,12.232
7/17/1997,12.328
7/18/1997,12.348
7/19/1997,12.312
7/20/1997,12.3
7/21/1997,12.31
7/22/1997,12.272
7/23/1997,12.166
7/24/1997,12.062
7/25/1997,11.95
7/26/1997,11.858
7/27/1997,11.778
7/28/1997,11.71
7/29/1997,11.668
7/30/1997,11.648
7/31/1997,11.518
8/1/1997,11.49
8/2/1997,11.43
8/3/1997,11.392
8/4/1997,11.356
8/5/1997,11.482
8/6/1997,11.56
8/7/1997,11.642
8/8/1997,11.814
8/9/1997,12.172
8/10/1997,12.322
8/11/1997,12.35
8/12/1997,12.392
8/13/1997,12.512
8/14/1997,12.64
8/15/1997,12.706
8/16/1997,12.698
8/17/1997,12.716
8/18/1997,12.74
8/19/1997,12.694
8/20/1997,12.718
8/21/1997,12.692
8/22/1997,12.628
8/23/1997,12.534
8/24/1997,12.472
8/25/1997,12.356
8/26/1997,12.188
8/27/1997,11.934
8/28/1997,11.698
8/29/1997,11.53
8/30/1997,11.482
8/31/1997,11.492
9/1/1997,11.466
9/2/1997,11.472
9/3/1997,11.564
9/4/1997,12.118
9/5/1997,12.45
9/6/1997,12.644
9/7/1997,12.798
9/8/1997,12.87
9/9/1997,12.874
9/10/1997,12.73
9/11/1997,12.494
9/12/1997,12.26
9/13/1997,11.964
9/14/1997,11.766
9/15/1997,11.622
9/16/1997,11.69
9/17/1997,11.84
9/18/1997,11.956
9/19/1997,12.008
9/20/1997,12.092
9/21/1997,12.102
9/22/1997,12.04
9/23/1997,11.934
9/24/1997,11.864
9/25/1997,11.788
9/26/1997,11.752
9/27/1997,11.664
9/28/1997,11.518
9/29/1997,11.402
9/30/1997,11.316
10/1/1997,11.29
10/2/1997,11.22
10/3/1997,11.146
10/4/1997,10.968
10/5/1997,10.834
10/6/1997,10.722
10/7/1997,10.59
10/8/1997,10.44
10/9/1997,10.282
10/10/1997,10.086
10/11/1997,9.918
10/12/1997,9.784
10/13/1997,9.688
10/14/1997,9.558
10/15/1997,9.414
10/16/1997,9.316
10/17/1997,9.22
10/18/1997,9.084
10/19/1997,8.974
10/20/1997,8.87
10/21/1997,8.784
10/22/1997,8.68
10/23/1997,8.62
10/24/1997,8.508
10/25/1997,8.396
10/26/1997,8.284
10/27/1997,8.19
10/28/1997,8.132
10/29/1997,8.098
10/30/1997,8.07
10/31/1997,8.062
11/1/1997,8.09
11/2/1997,8.09
11/3/1997,8.09
11/4/1997,8.092
11/5/1997,8.118
11/6/1997,8.13
11/7/1997,8.142
11/8/1997,8.142
11/9/1997,8.11
11/10/1997,8.104
11/11/1997,8.088
11/12/1997,8.012
11/13/1997,8.026
11/14/1997,7.994
11/15/1997,7.932
11/16/1997,7.958
11/17/1997,7.872
11/18/1997,7.832
11/19/1997,7.792
11/20/1997,7.732
11/21/1997,7.682
11/22/1997,7.626
11/23/1997,7.576
11/24/1997,7.532
11/25/1997,7.48
11/26/1997,7.412
11/27/1997,7.378
11/28/1997,7.322
11/29/1997,7.3
11/30/1997,7.288
12/1/1997,7.22
12/2/1997,7.218
12/3/1997,7.2
12/4/1997,7.21
12/5/1997,7.236
12/6/1997,7.238
12/7/1997,7.196
12/8/1997,7.192
12/9/1997,7.216
12/10/1997,7.218
12/11/1997,7.196
12/12/1997,7.208
12/13/1997,7.258
12/14/1997,7.292
12/15/1997,7.308
12/16/1997,7.382
12/17/1997,7.58
12/18/1997,8.082
12/19/1997,8.638
12/20/1997,8.91
12/21/1997,8.988
12/22/1997,8.962
12/23/1997,8.85
12/24/1997,8.682
12/25/1997,8.554
12/26/1997,8.406
12/27/1997,8.282
12/28/1997,8.158
12/29/1997,8.068
12/30/1997,7.99
12/31/1997,7.906
1/1/1998,7.84
1/2/1998,7.782
1/3/1998,7.728
1/4/1998,7.678
1/5/1998,7.618
1/6/1998,7.528
1/7/1998,7.48
1/8/1998,7.458
1/9/1998,7.412
1/10/1998,7.384
1/11/1998,7.358
1/12/1998,7.298
1/13/1998,7.236
1/14/1998,7.218
1/15/1998,7.17
1/16/1998,7.122
1/17/1998,7.078
1/18/1998,7.052
1/19/1998,6.988
1/20/1998,6.938
1/21/1998,6.902
1/22/1998,6.832
1/23/1998,6.762
1/24/1998,6.688
1/25/1998,6.602
1/26/1998,6.542
1/27/1998,6.45
1/28/1998,6.382
1/29/1998,6.338
1/30/1998,6.268
1/31/1998,6.198
2/1/1998,6.122
2/2/1998,6.062
2/3/1998,5.998
2/4/1998,5.902
2/5/1998,5.864
2/6/1998,5.82
2/7/1998,5.824
2/8/1998,5.844
2/9/1998,5.91
2/10/1998,5.822
2/11/1998,5.78
2/12/1998,5.806
2/13/1998,5.736
2/14/1998,5.602
2/15/1998,5.548
2/16/1998,5.528
2/17/1998,5.45
2/18/1998,5.36
2/19/1998,5.298
2/20/1998,5.232
2/21/1998,5.172
2/22/1998,5.116
2/23/1998,5.088
2/24/1998,5.07
2/25/1998,5.062
2/26/1998,5.032
2/27/1998,4.952
2/28/1998,4.902
3/1/1998,4.88
3/2/1998,4.864
3/3/1998,4.838
3/4/1998,4.818
3/5/1998,4.798
3/6/1998,4.75
3/7/1998,4.748
3/8/1998,4.698
3/9/1998,4.62
3/10/1998,4.638
3/11/1998,4.66
3/12/1998,4.642
3/13/1998,4.56
3/14/1998,4.446
3/15/1998,4.424
3/16/1998,4.476
3/17/1998,4.478
3/18/1998,4.458
3/19/1998,4.418
3/20/1998,4.456
3/21/1998,4.458
3/22/1998,4.434
3/23/1998,4.444
3/24/1998,4.442
3/25/1998,4.458
3/26/1998,4.396
3/27/1998,4.32
3/28/1998,4.32
3/29/1998,4.31
3/30/1998,4.314
3/31/1998,4.388
4/1/1998,4.52
4/2/1998,4.762
4/3/1998,4.778
4/4/1998,4.618
4/5/1998,4.614
4/6/1998,4.634
4/7/1998,4.582
4/8/1998,4.572
4/9/1998,4.642
4/10/1998,4.65
4/11/1998,4.666
4/12/1998,4.726
4/13/1998,4.812
4/14/1998,4.852
4/15/1998,4.894
4/16/1998,4.916
4/17/1998,4.962
4/18/1998,4.994
4/19/1998,5.01
4/20/1998,5.002
4/21/1998,4.98
4/22/1998,4.976
4/23/1998,4.938
4/24/1998,4.864
4/25/1998,4.788
4/26/1998,4.798
4/27/1998,4.908
4/28/1998,4.97
4/29/1998,4.964
4/30/1998,5.156
5/1/1998,5.266
5/2/1998,5.298
5/3/1998,5.394
5/4/1998,5.47
5/5/1998,5.592
5/6/1998,5.646
5/7/1998,5.698
5/8/1998,5.72
5/9/1998,5.72
5/10/1998,5.882
5/11/1998,5.942
5/12/1998,6.004
5/13/1998,6.1
5/14/1998,6.14
5/15/1998,6.14
5/16/1998,6.146
5/17/1998,6.104
5/18/1998,6.078
5/19/1998,6.05
5/20/1998,6.01
5/21/1998,5.942
5/22/1998,5.92
5/23/1998,5.914
5/24/1998,5.864
5/25/1998,5.826
5/26/1998,5.886
5/27/1998,5.968
5/28/1998,6.062
5/29/1998,6.202
5/30/1998,6.296
5/31/1998,6.454
6/1/1998,6.612
6/2/1998,6.758
6/3/1998,6.754
6/4/1998,6.75
6/5/1998,6.752
6/6/1998,6.792
6/7/1998,6.866
6/8/1998,6.96
6/9/1998,7.058
6/10/1998,7.1
6/11/1998,7.076
6/12/1998,7.08
6/13/1998,7.246
6/14/1998,7.45
6/15/1998,7.604
6/16/1998,7.66
6/17/1998,7.654
6/18/1998,7.642
6/19/1998,7.612
6/20/1998,7.58
6/21/1998,7.602
6/22/1998,7.696
6/23/1998,7.91
6/24/1998,8.13
6/25/1998,8.256
6/26/1998,8.288
6/27/1998,8.36
6/28/1998,8.478
6/29/1998,8.77
6/30/1998,8.944
7/1/1998,9.058
7/2/1998,9.198
7/3/1998,9.458
7/4/1998,9.7
7/5/1998,9.904
7/6/1998,10.024
7/7/1998,10.23
7/8/1998,10.412
7/9/1998,10.66
7/10/1998,10.976
7/11/1998,11.312
7/12/1998,11.588
7/13/1998,11.822
7/14/1998,12.06
7/15/1998,12.278
7/16/1998,12.458
7/17/1998,12.562
7/18/1998,12.59
7/19/1998,12.574
7/20/1998,12.568
7/21/1998,12.524
7/22/1998,12.526
7/23/1998,12.592
7/24/1998,12.648
7/25/1998,12.726
7/26/1998,12.816
7/27/1998,12.878
7/28/1998,12.88
7/29/1998,12.904
7/30/1998,12.902
7/31/1998,12.846
8/1/1998,12.82
8/2/1998,12.738
8/3/1998,12.668
8/4/1998,12.642
8/5/1998,12.592
8/6/1998,12.554
8/7/1998,12.532
8/8/1998,12.5
8/9/1998,12.504
8/10/1998,12.54
8/11/1998,12.608
8/12/1998,12.678
8/13/1998,12.762
8/14/1998,12.836
8/15/1998,12.924
8/16/1998,12.972
8/17/1998,13.048
8/18/1998,13.13
8/19/1998,13.248
8/20/1998,13.368
8/21/1998,13.49
8/22/1998,13.618
8/23/1998,13.742
8/24/1998,13.81
8/25/1998,13.844
8/26/1998,13.878
8/27/1998,13.89
8/28/1998,13.916
8/29/1998,13.94
8/30/1998,13.94
8/31/1998,13.964
9/1/1998,13.986
9/2/1998,14.008
9/3/1998,14.034
9/4/1998,14.09
9/5/1998,14.128
9/6/1998,14.18
9/7/1998,14.212
9/8/1998,14.282
9/9/1998,14.33
9/10/1998,14.33
9/11/1998,14.298
9/12/1998,14.164
9/13/1998,13.988
9/14/1998,13.77
9/15/1998,13.504
9/16/1998,13.18
9/17/1998,12.874
9/18/1998,12.596
9/19/1998,12.32
9/20/1998,12.07
9/21/1998,11.896
9/22/1998,11.698
9/23/1998,11.546
9/24/1998,11.478
9/25/1998,11.43
9/26/1998,11.45
9/27/1998,11.408
9/28/1998,11.402
9/29/1998,11.44
9/30/1998,11.43
10/1/1998,11.43
10/2/1998,11.416
10/3/1998,11.41
10/4/1998,11.51
10/5/1998,11.68
10/6/1998,11.806
10/7/1998,11.802
10/8/1998,11.71
10/9/1998,11.552
10/10/1998,11.35
10/11/1998,11.19
10/12/1998,11.032
10/13/1998,10.912
10/14/1998,10.792
10/15/1998,10.664
10/16/1998,10.564
10/17/1998,10.462
10/18/1998,10.392
10/19/1998,10.292
10/20/1998,10.328
10/21/1998,10.386
10/22/1998,10.478
10/23/1998,10.522
10/24/1998,10.524
10/25/1998,10.516
10/26/1998,10.596
10/27/1998,10.74
10/28/1998,10.798
10/29/1998,10.842
10/30/1998,10.888
10/31/1998,10.938
11/1/1998,10.958
11/2/1998,10.868
11/3/1998,10.73
11/4/1998,10.55
11/5/1998,10.406
11/6/1998,10.25
11/7/1998,10.098
11/8/1998,9.974
11/9/1998,9.838
11/10/1998,9.72
11/11/1998,9.638
11/12/1998,9.56
11/13/1998,9.49
11/14/1998,9.428
11/15/1998,9.36
11/16/1998,9.264
11/17/1998,9.176
11/18/1998,9.126
11/19/1998,9.066
11/20/1998,9.008
11/21/1998,8.972
11/22/1998,8.932
11/23/1998,8.898
11/24/1998,8.85
11/25/1998,8.792
11/26/1998,8.732
11/27/1998,8.67
11/28/1998,8.622
11/29/1998,8.574
11/30/1998,8.502
12/1/1998,8.424
12/2/1998,8.4
12/3/1998,8.302
12/4/1998,8.282
12/5/1998,8.194
12/6/1998,8.094
12/7/1998,8.012
12/8/1998,7.984
12/9/1998,7.884
12/10/1998,7.784
12/11/1998,7.722
12/12/1998,7.682
12/13/1998,7.63
12/14/1998,7.568
12/15/1998,7.516
12/16/1998,7.444
12/17/1998,7.41
12/18/1998,7.324
12/19/1998,7.238
12/20/1998,7.192
12/21/1998,7.164
12/22/1998,7.058
12/23/1998,7.004
12/24/1998,6.982
12/25/1998,6.922
12/26/1998,6.832
12/27/1998,6.744
12/28/1998,6.694
12/29/1998,6.632
12/30/1998,6.552
12/31/1998,6.504
1/1/1999,6.48
1/2/1999,6.47
1/3/1999,6.468
1/4/1999,6.442
1/5/1999,6.412
1/6/1999,6.378
1/7/1999,6.358
1/8/1999,6.316
1/9/1999,6.3
1/10/1999,6.278
1/11/1999,6.254
1/12/1999,6.238
1/13/1999,6.208
1/14/1999,6.146
1/15/1999,6.104
1/16/1999,6.076
1/17/1999,6.04
1/18/1999,6.028
1/19/1999,5.99
1/20/1999,5.966
1/21/1999,5.948
1/22/1999,5.94
1/23/1999,5.926
1/24/1999,5.91
1/25/1999,5.91
1/26/1999,5.91
1/27/1999,5.91
1/28/1999,5.93
1/29/1999,5.974
1/30/1999,5.99
1/31/1999,5.944
2/1/1999,5.872
2/2/1999,5.76
2/3/1999,5.65
2/4/1999,5.614
2/5/1999,5.61
2/6/1999,5.618
2/7/1999,5.59
2/8/1999,5.55
2/9/1999,5.504
2/10/1999,5.44
2/11/1999,5.39
2/12/1999,5.39
2/13/1999,5.39
2/14/1999,5.412
2/15/1999,5.43
2/16/1999,5.44
2/17/1999,5.44
2/18/1999,5.426
2/19/1999,5.396
2/20/1999,5.342
2/21/1999,5.282
2/22/1999,5.22
2/23/1999,5.182
2/24/1999,5.16
2/25/1999,5.156
2/26/1999,5.118
2/27/1999,5.054
2/28/1999,4.994
3/1/1999,4.952
3/2/1999,4.924
3/3/1999,4.892
3/4/1999,4.858
3/5/1999,4.812
3/6/1999,4.782
3/7/1999,4.74
3/8/1999,4.702
3/9/1999,4.662
3/10/1999,4.61
3/11/1999,4.566
3/12/1999,4.526
3/13/1999,4.5
3/14/1999,4.482
3/15/1999,4.488
3/16/1999,4.462
3/17/1999,4.45
3/18/1999,4.434
3/19/1999,4.43
3/20/1999,4.428
3/21/1999,4.42
3/22/1999,4.41
3/23/1999,4.41
3/24/1999,4.404
3/25/1999,4.4
3/26/1999,4.374
3/27/1999,4.36
3/28/1999,4.374
3/29/1999,4.38
3/30/1999,4.38
3/31/1999,4.39
4/1/1999,4.34
4/2/1999,4.33
4/3/1999,4.33
4/4/1999,4.33
4/5/1999,4.314
4/6/1999,4.31
4/7/1999,4.31
4/8/1999,4.3
4/9/1999,4.29
4/10/1999,4.28
4/11/1999,4.28
4/12/1999,4.28
4/13/1999,4.278
4/14/1999,4.236
4/15/1999,4.214
4/16/1999,4.21
4/17/1999,4.2
4/18/1999,4.166
4/19/1999,4.16
4/20/1999,4.16
4/21/1999,4.15
4/22/1999,4.14
4/23/1999,4.13
4/24/1999,4.148
4/25/1999,4.184
4/26/1999,4.238
4/27/1999,4.268
4/28/1999,4.318
4/29/1999,4.3
4/30/1999,4.3
5/1/1999,4.342
5/2/1999,4.368
5/3/1999,4.338
5/4/1999,4.306
5/5/1999,4.29
5/6/1999,4.31
5/7/1999,4.43
5/8/1999,4.604
5/9/1999,4.806
5/10/1999,4.838
5/11/1999,4.99
5/12/1999,5.15
5/13/1999,5.118
5/14/1999,5.044
5/15/1999,5.004
5/16/1999,5.01
5/17/1999,5.02
5/18/1999,4.954
5/19/1999,4.854
5/20/1999,4.79
5/21/1999,4.844
5/22/1999,4.936
5/23/1999,4.948
5/24/1999,4.928
5/25/1999,4.9
5/26/1999,4.862
5/27/1999,4.856
5/28/1999,4.914
5/29/1999,4.976
5/30/1999,5.482
5/31/1999,5.906
6/1/1999,6.208
6/2/1999,6.4
6/3/1999,6.624
6/4/1999,6.84
6/5/1999,6.996
6/6/1999,7.07
6/7/1999,7.046
6/8/1999,6.888
6/9/1999,6.674
6/10/1999,6.536
6/11/1999,6.484
6/12/1999,6.296
6/13/1999,6.094
6/14/1999,5.926
6/15/1999,5.97
6/16/1999,6.056
6/17/1999,6.144
6/18/1999,6.318
6/19/1999,6.828
6/20/1999,7.29
6/21/1999,7.694
6/22/1999,7.894
6/23/1999,8.092
6/24/1999,8.27
6/25/1999,8.49
6/26/1999,8.888
6/27/1999,9.236
6/28/1999,9.324
6/29/1999,9.496
6/30/1999,9.846
7/1/1999,10.232
7/2/1999,10.45
7/3/1999,10.588
7/4/1999,10.67
7/5/1999,10.744
7/6/1999,10.756
7/7/1999,11.006
7/8/1999,11.162
7/9/1999,11.27
7/10/1999,11.37
7/11/1999,11.506
7/12/1999,11.584
7/13/1999,11.72
7/14/1999,11.814
7/15/1999,11.958
7/16/1999,12.078
7/17/1999,12.144
7/18/1999,12.062
7/19/1999,11.972
7/20/1999,11.936
7/21/1999,11.912
7/22/1999,11.882
7/23/1999,11.814
7/24/1999,11.74
7/25/1999,11.748
7/26/1999,11.8
7/27/1999,11.888
7/28/1999,11.9
7/29/1999,11.9
7/30/1999,11.894
7/31/1999,11.948
8/1/1999,12.28
8/2/1999,12.52
8/3/1999,12.674
8/4/1999,12.724
8/5/1999,12.69
8/6/1999,12.626
8/7/1999,12.566
8/8/1999,12.396
8/9/1999,12.278
8/10/1999,12.24
8/11/1999,12.18
8/12/1999,12.168
8/13/1999,12.302
8/14/1999,12.482
8/15/1999,12.626
8/16/1999,12.752
8/17/1999,12.838
8/18/1999,12.948
8/19/1999,13.04
8/20/1999,13.09
8/21/1999,13.14
8/22/1999,13.16
8/23/1999,13.082
8/24/1999,12.988
8/25/1999,12.942
8/26/1999,12.938
8/27/1999,13.01
8/28/1999,13.078
8/29/1999,13.168
8/30/1999,13.228
8/31/1999,13.266
9/1/1999,13.296
9/2/1999,13.31
9/3/1999,13.28
9/4/1999,13.228
9/5/1999,13.16
9/6/1999,13.102
9/7/1999,13.046
9/8/1999,12.96
9/9/1999,12.946
9/10/1999,13
9/11/1999,13.062
9/12/1999,13.176
9/13/1999,13.21
9/14/1999,13.202
9/15/1999,13.156
9/16/1999,13.096
9/17/1999,12.95
9/18/1999,12.836
9/19/1999,12.75
9/20/1999,12.68
9/21/1999,12.692
9/22/1999,12.748
9/23/1999,12.82
9/24/1999,12.922
9/25/1999,12.99
9/26/1999,13.216
9/27/1999,13.47
9/28/1999,13.578
9/29/1999,13.59
9/30/1999,13.416
10/1/1999,13.126
10/2/1999,12.772
10/3/1999,12.442
10/4/1999,12.212
10/5/1999,12.018
10/6/1999,11.96
10/7/1999,11.92
10/8/1999,11.89
10/9/1999,11.914
10/10/1999,11.928
10/11/1999,11.986
10/12/1999,11.984
10/13/1999,11.966
10/14/1999,11.93
10/15/1999,11.808
10/16/1999,11.658
10/17/1999,11.508
10/18/1999,11.394
10/19/1999,11.234
10/20/1999,11.282
10/21/1999,11.426
10/22/1999,11.48
10/23/1999,11.47
10/24/1999,11.36
10/25/1999,11.202
10/26/1999,11.064
10/27/1999,11
10/28/1999,10.904
10/29/1999,10.816
10/30/1999,10.714
10/31/1999,10.59
11/1/1999,10.384
11/2/1999,10.232
11/3/1999,10.104
11/4/1999,9.962
11/5/1999,9.836
11/6/1999,9.712
11/7/1999,9.614
11/8/1999,9.518
11/9/1999,9.382
11/10/1999,9.25
11/11/1999,9.18
11/12/1999,9.088
11/13/1999,8.998
11/14/1999,8.906
11/15/1999,8.804
11/16/1999,8.72
11/17/1999,8.64
11/18/1999,8.564
11/19/1999,8.5
11/20/1999,8.438
11/21/1999,8.37
11/22/1999,8.274
11/23/1999,8.192
11/24/1999,8.142
11/25/1999,8.112
11/26/1999,8.072
11/27/1999,8.028
11/28/1999,7.952
11/29/1999,7.838
11/30/1999,7.8
12/1/1999,7.74
12/2/1999,7.666
12/3/1999,7.634
12/4/1999,7.608
12/5/1999,7.528
12/6/1999,7.452
12/7/1999,7.37
12/8/1999,7.35
12/9/1999,7.34
12/10/1999,7.284
12/11/1999,7.23
12/12/1999,7.172
12/13/1999,7.106
12/14/1999,7.08
12/15/1999,7.052
12/16/1999,7.008
12/17/1999,6.904
12/18/1999,6.876
12/19/1999,6.858
12/20/1999,6.826
12/21/1999,6.806
12/22/1999,6.78
12/23/1999,6.76
12/24/1999,6.746
12/25/1999,6.73
12/26/1999,6.73
12/27/1999,6.704
12/28/1999,6.678
12/29/1999,6.614
12/30/1999,6.522
12/31/1999,6.486
1/1/2000,6.536
1/2/2000,6.554
1/3/2000,6.53
1/4/2000,6.486
1/5/2000,6.344
1/6/2000,6.268
1/7/2000,6.24
1/8/2000,6.22
1/9/2000,6.22
1/10/2000,6.206
1/11/2000,6.186
1/12/2000,6.148
1/13/2000,6.06
1/14/2000,5.97
1/15/2000,5.916
1/16/2000,5.906
1/17/2000,5.89
1/18/2000,5.89
1/19/2000,5.868
1/20/2000,5.842
1/21/2000,5.794
1/22/2000,5.734
1/23/2000,5.684
1/24/2000,5.63
1/25/2000,5.568
1/26/2000,5.54
1/27/2000,5.53
1/28/2000,5.52
1/29/2000,5.506
1/30/2000,5.49
1/31/2000,5.48
2/1/2000,5.464
2/2/2000,5.41
2/3/2000,5.362
2/4/2000,5.31
2/5/2000,5.296
2/6/2000,5.318
2/7/2000,5.352
2/8/2000,5.396
2/9/2000,5.41
2/10/2000,5.406
2/11/2000,5.372
2/12/2000,5.338
2/13/2000,5.298
2/14/2000,5.27
2/15/2000,5.256
2/16/2000,5.236
2/17/2000,5.22
2/18/2000,5.204
2/19/2000,5.174
2/20/2000,5.112
2/21/2000,5.07
2/22/2000,5.044
2/23/2000,5.026
2/24/2000,5.03
2/25/2000,5.03
2/26/2000,5.03
2/27/2000,5.04
2/28/2000,5.04
2/29/2000,5.024
3/1/2000,5.01
3/2/2000,5.008
3/3/2000,4.99
3/4/2000,4.982
3/5/2000,4.958
3/6/2000,4.932
3/7/2000,4.898
3/8/2000,4.87
3/9/2000,4.87
3/10/2000,4.87
3/11/2000,4.856
3/12/2000,4.806
3/13/2000,4.76
3/14/2000,4.708
3/15/2000,4.666
3/16/2000,4.644
3/17/2000,4.62
3/18/2000,4.606
3/19/2000,4.586
3/20/2000,4.59
3/21/2000,4.562
3/22/2000,4.528
3/23/2000,4.488
3/24/2000,4.466
3/25/2000,4.426
3/26/2000,4.416
3/27/2000,4.45
3/28/2000,4.532
3/29/2000,4.578
3/30/2000,4.53
3/31/2000,4.502
4/1/2000,4.47
4/2/2000,4.454
4/3/2000,4.44
4/4/2000,4.43
4/5/2000,4.44
4/6/2000,4.44
4/7/2000,4.444
4/8/2000,4.474
4/9/2000,4.498
4/10/2000,4.454
4/11/2000,4.452
4/12/2000,4.51
4/13/2000,4.49
4/14/2000,4.47
4/15/2000,4.492
4/16/2000,4.52
4/17/2000,4.526
4/18/2000,4.568
4/19/2000,4.592
4/20/2000,4.616
4/21/2000,4.62
4/22/2000,4.62
4/23/2000,4.606
4/24/2000,4.65
4/25/2000,4.734
4/26/2000,4.842
4/27/2000,4.79
4/28/2000,4.806
4/29/2000,4.898
4/30/2000,5.044
5/1/2000,5.17
5/2/2000,5.28
5/3/2000,5.34
5/4/2000,5.38
5/5/2000,5.37
5/6/2000,5.374
5/7/2000,5.456
5/8/2000,5.444
5/9/2000,5.46
5/10/2000,5.468
5/11/2000,5.398
5/12/2000,5.302
5/13/2000,5.264
5/14/2000,5.374
5/15/2000,5.29
5/16/2000,5.148
5/17/2000,5.122
5/18/2000,5.164
5/19/2000,5.198
5/20/2000,5.226
5/21/2000,5.246
5/22/2000,5.462
5/23/2000,5.744
5/24/2000,5.894
5/25/2000,6.04
5/26/2000,6.248
5/27/2000,6.456
5/28/2000,6.47
5/29/2000,6.492
5/30/2000,6.662
5/31/2000,7.002
6/1/2000,7.24
6/2/2000,7.388
6/3/2000,7.488
6/4/2000,7.52
6/5/2000,7.526
6/6/2000,7.578
6/7/2000,7.594
6/8/2000,7.52
6/9/2000,7.46
6/10/2000,7.526
6/11/2000,7.702
6/12/2000,7.802
6/13/2000,8.078
6/14/2000,8.396
6/15/2000,8.96
6/16/2000,9.506
6/17/2000,9.818
6/18/2000,9.96
6/19/2000,9.988
6/20/2000,9.818
6/21/2000,9.654
6/22/2000,9.596
6/23/2000,9.76
6/24/2000,10.566
6/25/2000,10.906
6/26/2000,11.196
6/27/2000,11.376
6/28/2000,11.606
6/29/2000,11.81
6/30/2000,11.844
7/1/2000,11.75
7/2/2000,11.586
7/3/2000,11.454
7/4/2000,11.422
7/5/2000,11.502
7/6/2000,11.63
7/7/2000,11.678
7/8/2000,11.708
7/9/2000,11.742
7/10/2000,11.776
7/11/2000,11.774
7/12/2000,11.798
7/13/2000,11.78
7/14/2000,11.81
7/15/2000,11.91
7/16/2000,11.978
7/17/2000,12.026
7/18/2000,12.042
7/19/2000,12.06
7/20/2000,12.054
7/21/2000,12.022
7/22/2000,11.992
7/23/2000,11.968
7/24/2000,12.006
7/25/2000,12.068
7/26/2000,12.138
7/27/2000,12.348
7/28/2000,12.63
7/29/2000,12.79
7/30/2000,12.892
7/31/2000,12.93
8/1/2000,12.922
8/2/2000,12.862
8/3/2000,12.76
8/4/2000,12.692
8/5/2000,12.702
8/6/2000,12.77
8/7/2000,12.84
8/8/2000,12.9
8/9/2000,12.912
8/10/2000,12.896
8/11/2000,12.856
8/12/2000,12.758
8/13/2000,12.64
8/14/2000,12.544
8/15/2000,12.478
8/16/2000,12.426
8/17/2000,12.406
8/18/2000,12.388
8/19/2000,12.368
8/20/2000,12.346
8/21/2000,12.358
8/22/2000,12.418
8/23/2000,12.458
8/24/2000,12.46
8/25/2000,12.494
8/26/2000,12.508
8/27/2000,12.468
8/28/2000,12.406
8/29/2000,12.358
8/30/2000,12.29
8/31/2000,12.242
9/1/2000,12.292
9/2/2000,12.396
9/3/2000,12.486
9/4/2000,12.602
9/5/2000,12.788
9/6/2000,12.962
9/7/2000,13.118
9/8/2000,13.178
9/9/2000,13.238
9/10/2000,13.25
9/11/2000,13.23
9/12/2000,13.22
9/13/2000,13.226
9/14/2000,13.238
9/15/2000,13.224
9/16/2000,13.144
9/17/2000,13.054
9/18/2000,13.024
9/19/2000,13.136
9/20/2000,13.23
9/21/2000,13.166
9/22/2000,13.134
9/23/2000,13.266
9/24/2000,13.334
9/25/2000,13.294
9/26/2000,13.124
9/27/2000,12.894
9/28/2000,12.61
9/29/2000,12.298
9/30/2000,12.022
10/1/2000,11.754
10/2/2000,11.56
10/3/2000,11.4
10/4/2000,11.234
10/5/2000,11.08
10/6/2000,10.956
10/7/2000,10.804
10/8/2000,10.684
10/9/2000,10.586
10/10/2000,10.462
10/11/2000,10.35
10/12/2000,10.26
10/13/2000,10.144
10/14/2000,10.016
10/15/2000,9.894
10/16/2000,9.77
10/17/2000,9.64
10/18/2000,9.552
10/19/2000,9.416
10/20/2000,9.286
10/21/2000,9.194
10/22/2000,9.088
10/23/2000,8.99
10/24/2000,8.896
10/25/2000,8.77
10/26/2000,8.712
10/27/2000,8.67
10/28/2000,8.618
10/29/2000,8.502
10/30/2000,8.526
10/31/2000,8.45
11/1/2000,8.328
11/2/2000,8.272
11/3/2000,8.234
11/4/2000,8.212
11/5/2000,8.158
11/6/2000,8.114
11/7/2000,8.062
11/8/2000,8.008
11/9/2000,7.952
11/10/2000,7.912
11/11/2000,7.868
11/12/2000,7.812
11/13/2000,7.758
11/14/2000,7.716
11/15/2000,7.694
11/16/2000,7.652
11/17/2000,7.612
11/18/2000,7.57
11/19/2000,7.534
11/20/2000,7.51
11/21/2000,7.474
11/22/2000,7.432
11/23/2000,7.392
11/24/2000,7.352
11/25/2000,7.302
11/26/2000,7.248
11/27/2000,7.202
11/28/2000,7.162
11/29/2000,7.122
11/30/2000,7.082
12/1/2000,7.034
12/2/2000,7.014
12/3/2000,6.994
12/4/2000,6.972
12/5/2000,6.932
12/6/2000,6.892
12/7/2000,6.844
12/8/2000,6.824
12/9/2000,6.802
12/10/2000,6.752
12/11/2000,6.712
12/12/2000,6.672
12/13/2000,6.65
12/14/2000,6.64
12/15/2000,6.626
12/16/2000,6.602
12/17/2000,6.564
12/18/2000,6.556
12/19/2000,6.546
12/20/2000,6.512
12/21/2000,6.476
12/22/2000,6.454
12/23/2000,6.434
12/24/2000,6.412
12/25/2000,6.372
12/26/2000,6.334
12/27/2000,6.318
12/28/2000,6.298
12/29/2000,6.276
12/30/2000,6.254
12/31/2000,6.232
1/1/2001,6.04
1/2/2001,6.03
1/3/2001,6.012
1/4/2001,5.954
1/5/2001,5.882
1/6/2001,5.82
1/7/2001,5.752
1/8/2001,5.72
1/9/2001,5.706
1/10/2001,5.688
1/11/2001,5.652
1/12/2001,5.602
1/13/2001,5.524
1/14/2001,5.472
1/15/2001,5.446
1/16/2001,5.43
1/17/2001,5.43
1/18/2001,5.452
1/19/2001,5.47
1/20/2001,5.474
1/21/2001,5.444
1/22/2001,5.402
1/23/2001,5.38
1/24/2001,5.36
1/25/2001,5.35
1/26/2001,5.33
1/27/2001,5.33
1/28/2001,5.33
1/29/2001,5.32
1/30/2001,5.31
1/31/2001,5.296
2/1/2001,5.272
2/2/2001,5.236
2/3/2001,5.218
2/4/2001,5.18
2/5/2001,5.162
2/6/2001,5.134
2/7/2001,5.072
2/8/2001,5.006
2/9/2001,4.97
2/10/2001,4.956
2/11/2001,4.944
2/12/2001,4.936
2/13/2001,4.924
2/14/2001,4.906
2/15/2001,4.876
2/16/2001,4.824
2/17/2001,4.752
2/18/2001,4.692
2/19/2001,4.666
2/20/2001,4.646
2/21/2001,4.63
2/22/2001,4.634
2/23/2001,4.65
2/24/2001,4.654
2/25/2001,4.67
2/26/2001,4.656
2/27/2001,4.634
2/28/2001,4.636
3/1/2001,4.64
3/2/2001,4.618
3/3/2001,4.596
3/4/2001,4.576
3/5/2001,4.57
3/6/2001,4.57
3/7/2001,4.58
3/8/2001,4.588
3/9/2001,4.566
3/10/2001,4.516
3/11/2001,4.484
3/12/2001,4.48
3/13/2001,4.472
3/14/2001,4.5
3/15/2001,4.568
3/16/2001,4.614
3/17/2001,4.65
3/18/2001,4.63
3/19/2001,4.602
3/20/2001,4.576
3/21/2001,4.58
3/22/2001,4.586
3/23/2001,4.574
3/24/2001,4.502
3/25/2001,4.354
3/26/2001,4.23
3/27/2001,4.048
3/28/2001,3.974
3/29/2001,3.904
3/30/2001,3.866
3/31/2001,3.86
4/1/2001,3.882
4/2/2001,3.968
4/3/2001,4.018
4/4/2001,4.082
4/5/2001,4.164
4/6/2001,4.308
4/7/2001,4.39
4/8/2001,4.49
4/9/2001,4.596
4/10/2001,4.66
4/11/2001,4.68
4/12/2001,4.636
4/13/2001,4.572
4/14/2001,4.466
4/15/2001,4.336
4/16/2001,4.2
4/17/2001,4.03
4/18/2001,3.91
4/19/2001,3.828
4/20/2001,3.79
4/21/2001,3.792
4/22/2001,3.888
4/23/2001,4.072
4/24/2001,4.232
4/25/2001,4.408
4/26/2001,4.5
4/27/2001,4.54
4/28/2001,4.54
4/29/2001,4.54
4/30/2001,4.526
5/1/2001,4.512
5/2/2001,4.52
5/3/2001,4.546
5/4/2001,4.514
5/5/2001,4.392
5/6/2001,4.29
5/7/2001,4.196
5/8/2001,4.152
5/9/2001,4.188
5/10/2001,4.276
5/11/2001,4.438
5/12/2001,4.58
5/13/2001,4.688
5/14/2001,4.724
5/15/2001,4.75
5/16/2001,4.896
5/17/2001,5.05
5/18/2001,5.056
5/19/2001,4.99
5/20/2001,4.974
5/21/2001,4.966
5/22/2001,5.064
5/23/2001,5.142
5/24/2001,5.2
5/25/2001,5.2
5/26/2001,5.228
5/27/2001,5.184
5/28/2001,5.144
5/29/2001,5.242
5/30/2001,5.604
5/31/2001,5.876
6/1/2001,5.986
6/2/2001,5.964
6/3/2001,5.882
6/4/2001,5.89
6/5/2001,5.96
6/6/2001,6.174
6/7/2001,6.488
6/8/2001,6.716
6/9/2001,6.85
6/10/2001,6.988
6/11/2001,7.268
6/12/2001,7.506
6/13/2001,7.47
6/14/2001,7.486
6/15/2001,7.466
6/16/2001,7.432
6/17/2001,7.388
6/18/2001,7.314
6/19/2001,7.29
6/20/2001,7.324
6/21/2001,7.53
6/22/2001,7.806
6/23/2001,8.056
6/24/2001,8.288
6/25/2001,8.456
6/26/2001,8.648
6/27/2001,8.778
6/28/2001,8.96
6/29/2001,9.074
6/30/2001,9.076
7/1/2001,9.204
7/2/2001,9.526
7/3/2001,9.864
7/4/2001,10.11
7/5/2001,10.2
7/6/2001,10.24
7/7/2001,10.228
7/8/2001,10.196
7/9/2001,10.19
7/10/2001,10.56
7/11/2001,10.984
7/12/2001,11.058
7/13/2001,11.038
7/14/2001,10.908
7/15/2001,10.798
7/16/2001,10.846
7/17/2001,11.136
7/18/2001,11.428
7/19/2001,11.708
7/20/2001,11.912
7/21/2001,12.054
7/22/2001,12.156
7/23/2001,12.218
7/24/2001,12.18
7/25/2001,12.112
7/26/2001,12.09
7/27/2001,12.09
7/28/2001,12.132
7/29/2001,12.248
7/30/2001,12.284
7/31/2001,12.402
8/1/2001,12.524
8/2/2001,12.644
8/3/2001,12.77
8/4/2001,12.83
8/5/2001,12.91
8/6/2001,12.92
8/7/2001,12.878
8/8/2001,12.764
8/9/2001,12.662
8/10/2001,12.55
8/11/2001,12.282
8/12/2001,11.95
8/13/2001,11.7
8/14/2001,11.574
8/15/2001,11.48
8/16/2001,11.408
8/17/2001,11.362
8/18/2001,11.34
8/19/2001,11.348
8/20/2001,11.388
8/21/2001,11.486
8/22/2001,11.694
8/23/2001,12
8/24/2001,12.304
8/25/2001,12.512
8/26/2001,12.692
8/27/2001,12.806
8/28/2001,12.87
8/29/2001,12.95
8/30/2001,13.018
8/31/2001,13.04
9/1/2001,12.99
9/2/2001,12.896
9/3/2001,12.776
9/4/2001,12.682
9/5/2001,12.7
9/6/2001,12.8
9/7/2001,12.918
9/8/2001,12.88
9/9/2001,12.88
9/10/2001,12.862
9/11/2001,12.818
9/12/2001,12.766
9/13/2001,12.708
9/14/2001,12.64
9/15/2001,12.562
9/16/2001,12.538
9/17/2001,12.486
9/18/2001,12.378
9/19/2001,12.208
9/20/2001,12.056
9/21/2001,11.938
9/22/2001,11.804
9/23/2001,11.65
9/24/2001,11.48
9/25/2001,11.332
9/26/2001,11.214
9/27/2001,11.066
9/28/2001,10.958
9/29/2001,10.89
9/30/2001,10.794
10/1/2001,10.722
10/2/2001,10.676
10/3/2001,10.68
10/4/2001,10.794
10/5/2001,10.91
10/6/2001,11.058
10/7/2001,11.4
10/8/2001,11.698
10/9/2001,11.84
10/10/2001,11.89
10/11/2001,11.862
10/12/2001,11.822
10/13/2001,11.778
10/14/2001,11.698
10/15/2001,11.556
10/16/2001,11.4
10/17/2001,11.254
10/18/2001,11.15
10/19/2001,11.02
10/20/2001,10.876
10/21/2001,10.734
10/22/2001,10.598
10/23/2001,10.46
10/24/2001,10.314
10/25/2001,10.176
10/26/2001,10.038
10/27/2001,9.88
10/28/2001,9.72
10/29/2001,9.556
10/30/2001,9.452
10/31/2001,9.31
11/1/2001,9.184
11/2/2001,9.12
11/3/2001,9.048
11/4/2001,9.002
11/5/2001,8.97
11/6/2001,8.862
11/7/2001,8.752
11/8/2001,8.718
11/9/2001,8.656
11/10/2001,8.574
11/11/2001,8.482
11/12/2001,8.43
11/13/2001,8.35
11/14/2001,8.276
11/15/2001,8.216
11/16/2001,8.17
11/17/2001,8.132
11/18/2001,8.074
11/19/2001,7.978
11/20/2001,7.924
11/21/2001,7.878
11/22/2001,7.818
11/23/2001,7.746
11/24/2001,7.682
11/25/2001,7.64
11/26/2001,7.56
11/27/2001,7.484
11/28/2001,7.446
11/29/2001,7.426
11/30/2001,7.406
12/1/2001,7.394
12/2/2001,7.356
12/3/2001,7.278
12/4/2001,7.226
12/5/2001,7.204
12/6/2001,7.168
12/7/2001,7.11
12/8/2001,7.026
12/9/2001,6.952
12/10/2001,6.92
12/11/2001,6.92
12/12/2001,6.92
12/13/2001,6.942
12/14/2001,6.868
12/15/2001,6.768
12/16/2001,6.712
12/17/2001,6.658
12/18/2001,6.602
12/19/2001,6.556
12/20/2001,6.546
12/21/2001,6.508
12/22/2001,6.462
12/23/2001,6.426
12/24/2001,6.408
12/25/2001,6.358
12/26/2001,6.294
12/27/2001,6.22
12/28/2001,6.194
12/29/2001,6.18
12/30/2001,6.19
12/31/2001,6.184
1/1/2002,6.126
1/2/2002,6.028
1/3/2002,5.972
1/4/2002,5.946
1/5/2002,5.912
1/6/2002,5.874
1/7/2002,5.788
1/8/2002,5.7
1/9/2002,5.692
1/10/2002,5.726
1/11/2002,5.738
1/12/2002,5.64
1/13/2002,5.582
1/14/2002,5.56
1/15/2002,5.55
1/16/2002,5.55
1/17/2002,5.55
1/18/2002,5.546
1/19/2002,5.486
1/20/2002,5.376
1/21/2002,5.27
1/22/2002,5.22
1/23/2002,5.228
1/24/2002,5.308
1/25/2002,5.36
1/26/2002,5.388
1/27/2002,5.342
1/28/2002,5.286
1/29/2002,5.28
1/30/2002,5.282
1/31/2002,5.352
2/1/2002,5.43
2/2/2002,5.442
2/3/2002,5.386
2/4/2002,5.322
2/5/2002,5.296
2/6/2002,5.362
2/7/2002,5.43
2/8/2002,5.426
2/9/2002,5.292
2/10/2002,5.202
2/11/2002,5.242
2/12/2002,5.294
2/13/2002,5.222
2/14/2002,5.142
2/15/2002,5.09
2/16/2002,5.098
2/17/2002,5.148
2/18/2002,5.16
2/19/2002,5.15
2/20/2002,5.16
2/21/2002,5.184
2/22/2002,5.192
2/23/2002,5.138
2/24/2002,5.084
2/25/2002,5.16
2/26/2002,5.184
2/27/2002,5.17
2/28/2002,5.17
3/1/2002,5.192
3/2/2002,5.21
3/3/2002,5.22
3/4/2002,5.208
3/5/2002,5.176
3/6/2002,5.118
3/7/2002,5.058
3/8/2002,5.002
3/9/2002,4.934
3/10/2002,4.882
3/11/2002,4.86
3/12/2002,4.858
3/13/2002,4.848
3/14/2002,4.782
3/15/2002,4.724
3/16/2002,4.658
3/17/2002,4.608
3/18/2002,4.586
3/19/2002,4.588
3/20/2002,4.6
3/21/2002,4.59
3/22/2002,4.566
3/23/2002,4.55
3/24/2002,4.53
3/25/2002,4.52
3/26/2002,4.51
3/27/2002,4.52
3/28/2002,4.528
3/29/2002,4.474
3/30/2002,4.408
3/31/2002,4.354
4/1/2002,4.376
4/2/2002,4.414
4/3/2002,4.472
4/4/2002,4.514
4/5/2002,4.532
4/6/2002,4.544
4/7/2002,4.536
4/8/2002,4.54
4/9/2002,4.554
4/10/2002,4.574
4/11/2002,4.54
4/12/2002,4.542
4/13/2002,4.57
4/14/2002,4.57
4/15/2002,4.572
4/16/2002,4.6
4/17/2002,4.616
4/18/2002,4.584
4/19/2002,4.58
4/20/2002,4.58
4/21/2002,4.596
4/22/2002,4.582
4/23/2002,4.634
4/24/2002,4.7
4/25/2002,4.798
4/26/2002,4.842
4/27/2002,4.92
4/28/2002,4.98
4/29/2002,5.006
4/30/2002,4.986
5/1/2002,4.97
5/2/2002,4.952
5/3/2002,4.916
5/4/2002,4.886
5/5/2002,4.858
5/6/2002,4.884
5/7/2002,4.914
5/8/2002,4.958
5/9/2002,5.01
5/10/2002,5.01
5/11/2002,4.95
5/12/2002,4.952
5/13/2002,4.99
5/14/2002,5.012
5/15/2002,5.068
5/16/2002,5.124
5/17/2002,5.066
5/18/2002,5.004
5/19/2002,5.08
5/20/2002,5.102
5/21/2002,5.18
5/22/2002,5.318
5/23/2002,5.462
5/24/2002,5.738
5/25/2002,6.052
5/26/2002,6.26
5/27/2002,6.362
5/28/2002,6.394
5/29/2002,6.48
5/30/2002,6.448
5/31/2002,6.388
6/1/2002,6.34
6/2/2002,6.326
6/3/2002,6.28
6/4/2002,6.246
6/5/2002,6.208
6/6/2002,6.066
6/7/2002,5.948
6/8/2002,6.056
6/9/2002,6.098
6/10/2002,6.128
6/11/2002,6.172
6/12/2002,6.272
6/13/2002,6.43
6/14/2002,6.508
6/15/2002,6.532
6/16/2002,6.576
6/17/2002,6.706
6/18/2002,6.934
6/19/2002,7.228
6/20/2002,7.48
6/21/2002,7.68
6/22/2002,7.838
6/23/2002,8.134
6/24/2002,8.2
6/25/2002,8.304
6/26/2002,8.342
6/27/2002,8.342
6/28/2002,8.368
6/29/2002,8.348
6/30/2002,8.268
7/1/2002,8.242
7/2/2002,8.282
7/3/2002,8.412
7/4/2002,8.81
7/5/2002,9.088
7/6/2002,9.272
7/7/2002,9.834
7/8/2002,10.312
7/9/2002,10.696
7/10/2002,10.82
7/11/2002,10.926
7/12/2002,10.992
7/13/2002,10.972
7/14/2002,10.976
7/15/2002,10.95
7/16/2002,10.848
7/17/2002,10.77
7/18/2002,10.644
7/19/2002,10.5
7/20/2002,10.356
7/21/2002,10.312
7/22/2002,10.38
7/23/2002,10.456
7/24/2002,10.702
7/25/2002,11.062
7/26/2002,11.418
7/27/2002,11.79
7/28/2002,12.088
7/29/2002,12.328
7/30/2002,12.51
7/31/2002,12.636
8/1/2002,12.666
8/2/2002,12.582
8/3/2002,12.528
8/4/2002,12.45
8/5/2002,12.328
8/6/2002,12.19
8/7/2002,12.02
8/8/2002,11.866
8/9/2002,11.79
8/10/2002,11.7
8/11/2002,11.64
8/12/2002,11.624
8/13/2002,11.67
8/14/2002,11.786
8/15/2002,11.92
8/16/2002,12
8/17/2002,12.09
8/18/2002,12.178
8/19/2002,12.184
8/20/2002,12.202
8/21/2002,12.152
8/22/2002,12.104
8/23/2002,12.128
8/24/2002,12.182
8/25/2002,12.26
8/26/2002,12.376
8/27/2002,12.446
8/28/2002,12.444
8/29/2002,12.398
8/30/2002,12.27
8/31/2002,12.098
9/1/2002,11.86
9/2/2002,11.594
9/3/2002,11.422
9/4/2002,11.312
9/5/2002,11.032
9/6/2002,10.97
9/7/2002,10.896
9/8/2002,10.896
9/9/2002,10.922
9/10/2002,10.998
9/11/2002,11.03
9/12/2002,11.066
9/13/2002,11.276
9/14/2002,11.524
9/15/2002,11.692
9/16/2002,11.752
9/17/2002,11.84
9/18/2002,11.906
9/19/2002,11.92
9/20/2002,11.88
9/21/2002,11.74
9/22/2002,11.544
9/23/2002,11.348
9/24/2002,11.156
9/25/2002,11.158
9/26/2002,11.17
9/27/2002,11.188
9/28/2002,11.27
9/29/2002,11.358
9/30/2002,11.408
10/1/2002,11.394
10/2/2002,11.35
10/3/2002,11.214
10/4/2002,11.106
10/5/2002,10.99
10/6/2002,10.9
10/7/2002,10.824
10/8/2002,10.718
10/9/2002,10.528
10/10/2002,10.388
10/11/2002,10.24
10/12/2002,10.1
10/13/2002,9.95
10/14/2002,9.87
10/15/2002,9.76
10/16/2002,9.654
10/17/2002,9.51
10/18/2002,9.41
10/19/2002,9.304
10/20/2002,9.242
10/21/2002,9.152
10/22/2002,9.102
10/23/2002,9.032
10/24/2002,8.972
10/25/2002,8.912
10/26/2002,8.848
10/27/2002,8.778
10/28/2002,8.712
10/29/2002,8.668
10/30/2002,8.59
10/31/2002,8.49
11/1/2002,8.4
11/2/2002,8.32
11/3/2002,8.25
11/4/2002,8.15
11/5/2002,8.1
11/6/2002,8.02
11/7/2002,7.94
11/8/2002,7.848
11/9/2002,7.794
11/10/2002,7.738
11/11/2002,7.67
11/12/2002,7.642
11/13/2002,7.54
11/14/2002,7.42
11/15/2002,7.46
11/16/2002,7.458
11/17/2002,7.39
11/18/2002,7.378
11/19/2002,7.342
11/20/2002,7.3
11/21/2002,7.312
11/22/2002,7.272
11/23/2002,7.216
11/24/2002,7.2
11/25/2002,7.188
11/26/2002,7.09
11/27/2002,6.998
11/28/2002,6.97
11/29/2002,6.988
11/30/2002,6.958
12/1/2002,6.898
12/2/2002,6.854
12/3/2002,6.836
12/4/2002,6.806
12/5/2002,6.772
12/6/2002,6.732
12/7/2002,6.682
12/8/2002,6.618
12/9/2002,6.558
12/10/2002,6.498
12/11/2002,6.454
12/12/2002,6.404
12/13/2002,6.342
12/14/2002,6.286
12/15/2002,6.268
12/16/2002,6.204
12/17/2002,6.146
12/18/2002,6.082
12/19/2002,6.046
12/20/2002,6.016
12/21/2002,6
12/22/2002,5.99
12/23/2002,5.984
12/24/2002,5.952
12/25/2002,5.908
12/26/2002,5.872
12/27/2002,5.816
12/28/2002,5.758
12/29/2002,5.73
12/30/2002,5.696
12/31/2002,5.668
1/1/2003,5.57
1/2/2003,5.462
1/3/2003,5.45
1/4/2003,5.45
1/5/2003,5.454
1/6/2003,5.406
1/7/2003,5.354
1/8/2003,5.326
1/9/2003,5.31
1/10/2003,5.3
1/11/2003,5.288
1/12/2003,5.242
1/13/2003,5.216
1/14/2003,5.204
1/15/2003,5.19
1/16/2003,5.32
1/17/2003,5.34
1/18/2003,5.314
1/19/2003,5.232
1/20/2003,5.2
1/21/2003,5.234
1/22/2003,5.28
1/23/2003,5.258
1/24/2003,5.184
1/25/2003,5.096
1/26/2003,5.054
1/27/2003,5.098
1/28/2003,5.128
1/29/2003,5.084
1/30/2003,5.014
1/31/2003,5.01
2/1/2003,5.024
2/2/2003,4.998
2/3/2003,4.96
2/4/2003,4.96
2/5/2003,4.996
2/6/2003,5.01
2/7/2003,5.02
2/8/2003,5.024
2/9/2003,5.02
2/10/2003,5
2/11/2003,5.02
2/12/2003,5.03
2/13/2003,5.046
2/14/2003,5.06
2/15/2003,5.06
2/16/2003,5.06
2/17/2003,5.062
2/18/2003,5.094
2/19/2003,5.12
2/20/2003,5.132
2/21/2003,5.136
2/22/2003,5.086
2/23/2003,5.108
2/24/2003,5.156
2/25/2003,5.166
2/26/2003,5.118
2/27/2003,5.064
2/28/2003,5.062
3/1/2003,5.104
3/2/2003,5.128
3/3/2003,5.11
3/4/2003,5.112
3/5/2003,5.138
3/6/2003,5.194
3/7/2003,5.234
3/8/2003,5.232
3/9/2003,5.172
3/10/2003,5.126
3/11/2003,5.098
3/12/2003,5.066
3/13/2003,5.012
3/14/2003,4.956
3/15/2003,4.9
3/16/2003,4.86
3/17/2003,4.858
3/18/2003,4.808
3/19/2003,4.752
3/20/2003,4.696
3/21/2003,4.648
3/22/2003,4.632
3/23/2003,4.7
3/24/2003,4.73
3/25/2003,4.718
3/26/2003,4.654
3/27/2003,4.64
3/28/2003,4.664
3/29/2003,4.702
3/30/2003,4.722
3/31/2003,4.744
4/1/2003,4.73
4/2/2003,4.72
4/3/2003,4.72
4/4/2003,4.7
4/5/2003,4.678
4/6/2003,4.66
4/7/2003,4.678
4/8/2003,4.714
4/9/2003,4.768
4/10/2003,4.728
4/11/2003,4.7
4/12/2003,4.678
4/13/2003,4.64
4/14/2003,4.63
4/15/2003,4.66
4/16/2003,4.678
4/17/2003,4.622
4/18/2003,4.6
4/19/2003,4.608
4/20/2003,4.632
4/21/2003,4.65
4/22/2003,4.67
4/23/2003,4.656
4/24/2003,4.65
4/25/2003,4.65
4/26/2003,4.656
4/27/2003,4.66
4/28/2003,4.662
4/29/2003,4.704
4/30/2003,4.798
5/1/2003,4.868
5/2/2003,4.932
5/3/2003,4.962
5/4/2003,5.044
5/5/2003,5.12
5/6/2003,5.224
5/7/2003,5.332
5/8/2003,5.37
5/9/2003,5.358
5/10/2003,5.3
5/11/2003,5.258
5/12/2003,5.234
5/13/2003,5.258
5/14/2003,5.308
5/15/2003,5.338
5/16/2003,5.384
5/17/2003,5.416
5/18/2003,5.414
5/19/2003,5.408
5/20/2003,5.372
5/21/2003,5.358
5/22/2003,5.304
5/23/2003,5.302
5/24/2003,5.338
5/25/2003,5.396
5/26/2003,5.362
5/27/2003,5.312
5/28/2003,5.338
5/29/2003,5.378
5/30/2003,5.396
5/31/2003,5.332
6/1/2003,5.39
6/2/2003,5.466
6/3/2003,5.482
6/4/2003,5.45
6/5/2003,5.458
6/6/2003,5.498
6/7/2003,5.564
6/8/2003,5.588
6/9/2003,5.65
6/10/2003,5.74
6/11/2003,5.82
6/12/2003,5.92
6/13/2003,6.048
6/14/2003,6.172
6/15/2003,6.346
6/16/2003,6.582
6/17/2003,6.82
6/18/2003,6.954
6/19/2003,7.06
6/20/2003,7.17
6/21/2003,7.27
6/22/2003,7.35
6/23/2003,7.35
6/24/2003,7.362
6/25/2003,7.482
6/26/2003,7.642
6/27/2003,7.91
6/28/2003,8.122
6/29/2003,8.39
6/30/2003,8.82
7/1/2003,9.378
7/2/2003,9.764
7/3/2003,10.11
7/4/2003,10.42
7/5/2003,10.66
7/6/2003,10.884
7/7/2003,11.056
7/8/2003,11.188
7/9/2003,11.252
7/10/2003,11.422
7/11/2003,11.666
7/12/2003,11.86
7/13/2003,12.002
7/14/2003,12.156
7/15/2003,12.296
7/16/2003,12.348
7/17/2003,12.388
7/18/2003,12.372
7/19/2003,12.332
7/20/2003,12.274
7/21/2003,12.192
7/22/2003,12.12
7/23/2003,12
7/24/2003,11.922
7/25/2003,11.96
7/26/2003,12.048
7/27/2003,12.068
7/28/2003,11.996
7/29/2003,11.97
7/30/2003,11.91
7/31/2003,11.87
8/1/2003,11.872
8/2/2003,11.95
8/3/2003,12.02
8/4/2003,12.086
8/5/2003,12.19
8/6/2003,12.25
8/7/2003,12.318
8/8/2003,12.33
8/9/2003,12.24
8/10/2003,12.128
8/11/2003,11.992
8/12/2003,11.944
8/13/2003,11.918
8/14/2003,11.9
8/15/2003,11.872
8/16/2003,11.84
8/17/2003,11.88
8/18/2003,11.948
8/19/2003,12.052
8/20/2003,12.158
8/21/2003,12.252
8/22/2003,12.388
8/23/2003,12.506
8/24/2003,12.61
8/25/2003,12.692
8/26/2003,12.76
8/27/2003,12.818
8/28/2003,12.84
8/29/2003,12.822
8/30/2003,12.76
8/31/2003,12.702
9/1/2003,12.644
9/2/2003,12.554
9/3/2003,12.46
9/4/2003,12.39
9/5/2003,12.388
9/6/2003,12.464
9/7/2003,12.59
9/8/2003,12.672
9/9/2003,12.78
9/10/2003,12.86
9/11/2003,12.93
9/12/2003,13.016
9/13/2003,13.062
9/14/2003,13.132
9/15/2003,13.192
9/16/2003,13.274
9/17/2003,13.314
9/18/2003,13.37
9/19/2003,13.396
9/20/2003,13.42
9/21/2003,13.396
9/22/2003,13.354
9/23/2003,13.302
9/24/2003,13.246
9/25/2003,13.19
9/26/2003,13.156
9/27/2003,13.082
9/28/2003,12.988
9/29/2003,12.932
9/30/2003,12.906
10/1/2003,12.838
10/2/2003,12.786
10/3/2003,12.704
10/4/2003,12.63
10/5/2003,12.578
10/6/2003,12.484
10/7/2003,12.38
10/8/2003,12.26
10/9/2003,11.986
10/10/2003,11.88
10/11/2003,11.86
10/12/2003,11.86
10/13/2003,11.684
10/14/2003,11.47
10/15/2003,11.27
10/16/2003,11.1
10/17/2003,10.952
10/18/2003,10.834
10/19/2003,10.688
10/20/2003,10.556
10/21/2003,10.436
10/22/2003,10.33
10/23/2003,10.234
10/24/2003,10.124
10/25/2003,10.01
10/26/2003,9.96
10/27/2003,9.988
10/28/2003,10.062
10/29/2003,10.14
10/30/2003,10.208
10/31/2003,10.23
11/1/2003,10.228
11/2/2003,10.112
11/3/2003,10
11/4/2003,9.89
11/5/2003,9.81
11/6/2003,9.7
11/7/2003,9.61
11/8/2003,9.528
11/9/2003,9.44
11/10/2003,9.36
11/11/2003,9.286
11/12/2003,9.208
11/13/2003,9.14
11/14/2003,9.06
11/15/2003,8.998
11/16/2003,8.928
11/17/2003,8.868
11/18/2003,8.808
11/19/2003,8.738
11/20/2003,8.67
11/21/2003,8.608
11/22/2003,8.552
11/23/2003,8.516
11/24/2003,8.476
11/25/2003,8.428
11/26/2003,8.372
11/27/2003,8.324
11/28/2003,8.262
11/29/2003,8.218
11/30/2003,8.14
12/1/2003,8.052
12/2/2003,8.038
12/3/2003,7.966
12/4/2003,7.926
12/5/2003,7.882
12/6/2003,7.832
12/7/2003,7.786
12/8/2003,7.752
12/9/2003,7.692
12/10/2003,7.662
12/11/2003,7.626
12/12/2003,7.592
12/13/2003,7.514
12/14/2003,7.5
12/15/2003,7.482
12/16/2003,7.418
12/17/2003,7.348
12/18/2003,7.332
12/19/2003,7.282
12/20/2003,7.222
12/21/2003,7.152
12/22/2003,7.102
12/23/2003,7.044
12/24/2003,7.056
12/25/2003,7.012
12/26/2003,6.95
12/27/2003,6.902
12/28/2003,6.88
12/29/2003,6.856
12/30/2003,6.804
12/31/2003,6.736
1/1/2004,6.68
1/2/2004,6.666
1/3/2004,6.658
1/4/2004,6.648
1/5/2004,6.624
1/6/2004,6.568
1/7/2004,6.508
1/8/2004,6.494
1/9/2004,6.548
1/10/2004,6.596
1/11/2004,6.558
1/12/2004,6.486
1/13/2004,6.45
1/14/2004,6.482
1/15/2004,6.51
1/16/2004,6.482
1/17/2004,6.41
1/18/2004,6.384
1/19/2004,6.392
1/20/2004,6.358
1/21/2004,6.32
1/22/2004,6.33
1/23/2004,6.302
1/24/2004,6.268
1/25/2004,6.23
1/26/2004,6.21
1/27/2004,6.21
1/28/2004,6.22
1/29/2004,6.23
1/30/2004,6.22
1/31/2004,6.216
2/1/2004,6.21
2/2/2004,6.21
2/3/2004,6.224
2/4/2004,6.252
2/5/2004,6.314
2/6/2004,6.322
2/7/2004,6.322
2/8/2004,6.374
2/9/2004,6.378
2/10/2004,6.322
2/11/2004,6.286
2/12/2004,6.296
2/13/2004,6.274
2/14/2004,6.226
2/15/2004,6.184
2/16/2004,6.178
2/17/2004,6.148
2/18/2004,6.094
2/19/2004,5.994
2/20/2004,5.946
2/21/2004,5.94
2/22/2004,5.926
2/23/2004,5.874
2/24/2004,5.822
2/25/2004,5.778
2/26/2004,5.724
2/27/2004,5.672
2/28/2004,5.602
2/29/2004,5.536
3/1/2004,5.492
3/2/2004,5.436
3/3/2004,5.388
3/4/2004,5.346
3/5/2004,5.33
3/6/2004,5.31
3/7/2004,5.308
3/8/2004,5.284
3/9/2004,5.27
3/10/2004,5.256
3/11/2004,5.23
3/12/2004,5.224
3/13/2004,5.21
3/14/2004,5.232
3/15/2004,5.276
3/16/2004,5.268
3/17/2004,5.23
3/18/2004,5.22
3/19/2004,5.22
3/20/2004,5.22
3/21/2004,5.208
3/22/2004,5.186
3/23/2004,5.15
3/24/2004,5.056
3/25/2004,4.908
3/26/2004,4.866
3/27/2004,4.824
3/28/2004,4.796
3/29/2004,4.786
3/30/2004,4.8
3/31/2004,4.806
4/1/2004,4.858
4/2/2004,4.906
4/3/2004,4.982
4/4/2004,5.048
4/5/2004,5.094
4/6/2004,5.064
4/7/2004,5.094
4/8/2004,5.126
4/9/2004,5.154
4/10/2004,5.194
4/11/2004,5.21
4/12/2004,5.21
4/13/2004,5.194
4/14/2004,5.106
4/15/2004,4.97
4/16/2004,4.96
4/17/2004,4.994
4/18/2004,5.16
4/19/2004,5.25
4/20/2004,5.198
4/21/2004,5.14
4/22/2004,5.104
4/23/2004,5.154
4/24/2004,5.28
4/25/2004,5.338
4/26/2004,5.35
4/27/2004,5.358
4/28/2004,5.322
4/29/2004,5.29
4/30/2004,5.29
5/1/2004,5.31
5/2/2004,5.31
5/3/2004,5.31
5/4/2004,5.308
5/5/2004,5.23
5/6/2004,5.126
5/7/2004,5.158
5/8/2004,5.246
5/9/2004,5.248
5/10/2004,5.208
5/11/2004,5.194
5/12/2004,5.152
5/13/2004,5.116
5/14/2004,5.08
5/15/2004,5.052
5/16/2004,5.016
5/17/2004,5.058
5/18/2004,5.156
5/19/2004,5.466
5/20/2004,5.89
5/21/2004,6.134
5/22/2004,6.288
5/23/2004,6.452
5/24/2004,6.64
5/25/2004,6.592
5/26/2004,6.55
5/27/2004,6.614
5/28/2004,6.64
5/29/2004,6.658
5/30/2004,6.76
5/31/2004,6.804
6/1/2004,6.692
6/2/2004,6.644
6/3/2004,6.616
6/4/2004,6.582
6/5/2004,6.528
6/6/2004,6.462
6/7/2004,6.44
6/8/2004,6.482
6/9/2004,6.552
6/10/2004,6.618
6/11/2004,6.664
6/12/2004,6.714
6/13/2004,6.844
6/14/2004,6.932
6/15/2004,6.9
6/16/2004,6.8
6/17/2004,6.75
6/18/2004,6.77
6/19/2004,6.764
6/20/2004,6.784
6/21/2004,6.93
6/22/2004,7.506
6/23/2004,8.062
6/24/2004,8.74
6/25/2004,9.178
6/26/2004,9.428
6/27/2004,9.64
6/28/2004,9.762
6/29/2004,9.846
6/30/2004,9.828
7/1/2004,9.746
7/2/2004,9.63
7/3/2004,9.566
7/4/2004,9.542
7/5/2004,9.498
7/6/2004,9.444
7/7/2004,9.492
7/8/2004,9.626
7/9/2004,9.93
7/10/2004,10.29
7/11/2004,10.77
7/12/2004,11.146
7/13/2004,11.52
7/14/2004,11.888
7/15/2004,12.192
7/16/2004,12.464
7/17/2004,12.628
7/18/2004,12.676
7/19/2004,12.724
7/20/2004,12.73
7/21/2004,12.74
7/22/2004,12.748
7/23/2004,12.798
7/24/2004,12.826
7/25/2004,12.822
7/26/2004,12.75
7/27/2004,12.668
7/28/2004,12.564
7/29/2004,12.34
7/30/2004,12.23
7/31/2004,12.14
8/1/2004,12.008
8/2/2004,11.886
8/3/2004,11.794
8/4/2004,11.796
8/5/2004,11.82
8/6/2004,11.826
8/7/2004,11.8
8/8/2004,11.778
8/9/2004,11.69
8/10/2004,11.54
8/11/2004,11.42
8/12/2004,11.36
8/13/2004,11.356
8/14/2004,11.32
8/15/2004,11.398
8/16/2004,11.534
8/17/2004,11.688
8/18/2004,11.788
8/19/2004,11.796
8/20/2004,11.824
8/21/2004,11.86
8/22/2004,11.968
8/23/2004,12.098
8/24/2004,12.238
8/25/2004,12.35
8/26/2004,12.4
8/27/2004,12.406
8/28/2004,12.32
8/29/2004,12.244
8/30/2004,12.278
8/31/2004,12.308
9/1/2004,12.39
9/2/2004,12.434
9/3/2004,12.358
9/4/2004,12.22
9/5/2004,12.036
9/6/2004,11.87
9/7/2004,11.712
9/8/2004,11.562
9/9/2004,11.44
9/10/2004,11.382
9/11/2004,11.342
9/12/2004,11.45
9/13/2004,11.38
9/14/2004,11.388
9/15/2004,11.354
9/16/2004,11.28
9/17/2004,11.188
9/18/2004,11.03
9/19/2004,10.98
9/20/2004,10.988
9/21/2004,10.892
9/22/2004,10.772
9/23/2004,10.638
9/24/2004,10.542
9/25/2004,10.424
9/26/2004,10.344
9/27/2004,10.332
9/28/2004,10.536
9/29/2004,10.904
9/30/2004,11.118
10/1/2004,11.164
10/2/2004,11.074
10/3/2004,10.934
10/4/2004,10.8
10/5/2004,10.752
10/6/2004,10.726
10/7/2004,10.694
10/8/2004,10.782
10/9/2004,11.28
10/10/2004,11.548
10/11/2004,11.48
10/12/2004,11.356
10/13/2004,11.216
10/14/2004,11.12
10/15/2004,11.02
10/16/2004,10.76
10/17/2004,10.6
10/18/2004,10.45
10/19/2004,10.278
10/20/2004,10.1
10/21/2004,9.974
10/22/2004,9.872
10/23/2004,9.75
10/24/2004,9.63
10/25/2004,9.514
10/26/2004,9.42
10/27/2004,9.308
10/28/2004,9.172
10/29/2004,9.088
10/30/2004,9.004
10/31/2004,8.952
11/1/2004,8.872
11/2/2004,8.79
11/3/2004,8.72
11/4/2004,8.65
11/5/2004,8.588
11/6/2004,8.512
11/7/2004,8.43
11/8/2004,8.35
11/9/2004,8.288
11/10/2004,8.21
11/11/2004,8.148
11/12/2004,8.08
11/13/2004,8.01
11/14/2004,7.958
11/15/2004,7.896
11/16/2004,7.828
11/17/2004,7.778
11/18/2004,7.732
11/19/2004,7.66
11/20/2004,7.596
11/21/2004,7.572
11/22/2004,7.492
11/23/2004,7.442
11/24/2004,7.392
11/25/2004,7.332
11/26/2004,7.262
11/27/2004,7.202
11/28/2004,7.186
11/29/2004,7.168
11/30/2004,7.15
12/1/2004,7.14
12/2/2004,7.13
12/3/2004,7.058
12/4/2004,6.99
12/5/2004,6.962
12/6/2004,6.93
12/7/2004,6.88
12/8/2004,6.84
12/9/2004,6.78
12/10/2004,6.732
12/11/2004,6.69
12/12/2004,6.614
12/13/2004,6.56
12/14/2004,6.506
12/15/2004,6.506
12/16/2004,6.502
12/17/2004,6.452
12/18/2004,6.38
12/19/2004,6.37
12/20/2004,6.35
12/21/2004,6.29
12/22/2004,6.246
12/23/2004,6.216
12/24/2004,6.142
12/25/2004,6.102
12/26/2004,6.07
12/27/2004,6.052
12/28/2004,6.016
12/29/2004,5.966
12/30/2004,5.912
12/31/2004,5.834
1/1/2005,5.81
1/2/2005,5.8
1/3/2005,5.8
1/4/2005,5.78
1/5/2005,5.722
1/6/2005,5.664
1/7/2005,5.66
1/8/2005,5.658
1/9/2005,5.632
1/10/2005,5.582
1/11/2005,5.528
1/12/2005,5.49
1/13/2005,5.466
1/14/2005,5.436
1/15/2005,5.406
1/16/2005,5.368
1/17/2005,5.33
1/18/2005,5.3
1/19/2005,5.304
1/20/2005,5.3
1/21/2005,5.29
1/22/2005,5.25
1/23/2005,5.25
1/24/2005,5.244
1/25/2005,5.188
1/26/2005,5.16
1/27/2005,5.176
1/28/2005,5.212
1/29/2005,5.25
1/30/2005,5.21
1/31/2005,5.206
2/1/2005,5.25
2/2/2005,5.314
2/3/2005,5.238
2/4/2005,5.196
2/5/2005,5.244
2/6/2005,5.198
2/7/2005,5.146
2/8/2005,5.192
2/9/2005,5.278
2/10/2005,5.216
2/11/2005,5.194
2/12/2005,5.22
2/13/2005,5.26
2/14/2005,5.25
2/15/2005,5.248
2/16/2005,5.196
2/17/2005,5.172
2/18/2005,5.222
2/19/2005,5.274
2/20/2005,5.218
2/21/2005,5.164
2/22/2005,5.1
2/23/2005,5.12
2/24/2005,5.154
2/25/2005,5.098
2/26/2005,4.986
2/27/2005,4.862
2/28/2005,4.842
3/1/2005,4.878
3/2/2005,4.834
3/3/2005,4.77
3/4/2005,4.806
3/5/2005,4.862
3/6/2005,4.88
3/7/2005,4.858
3/8/2005,4.84
3/9/2005,4.82
3/10/2005,4.82
3/11/2005,4.806
3/12/2005,4.78
3/13/2005,4.78
3/14/2005,4.792
3/15/2005,4.836
3/16/2005,4.83
3/17/2005,4.83
3/18/2005,4.842
3/19/2005,4.86
3/20/2005,4.87
3/21/2005,4.87
3/22/2005,4.858
3/23/2005,4.832
3/24/2005,4.718
3/25/2005,4.596
3/26/2005,4.498
3/27/2005,4.432
3/28/2005,4.41
3/29/2005,4.4
3/30/2005,4.39
3/31/2005,4.406
4/1/2005,4.48
4/2/2005,4.554
4/3/2005,4.638
4/4/2005,4.724
4/5/2005,4.788
4/6/2005,4.848
4/7/2005,4.86
4/8/2005,4.86
4/9/2005,4.854
4/10/2005,4.854
4/11/2005,4.89
4/12/2005,4.872
4/13/2005,4.836
4/14/2005,4.736
4/15/2005,4.624
4/16/2005,4.548
4/17/2005,4.51
4/18/2005,4.536
4/19/2005,4.592
4/20/2005,4.636
4/21/2005,4.64
4/22/2005,4.616
4/23/2005,4.576
4/24/2005,4.612
4/25/2005,4.712
4/26/2005,4.778
4/27/2005,4.814
4/28/2005,4.858
4/29/2005,4.896
4/30/2005,4.934
5/1/2005,4.95
5/2/2005,4.92
5/3/2005,4.878
5/4/2005,4.816
5/5/2005,4.75
5/6/2005,4.766
5/7/2005,4.812
5/8/2005,4.898
5/9/2005,4.966
5/10/2005,4.98
5/11/2005,4.976
5/12/2005,4.95
5/13/2005,4.95
5/14/2005,4.958
5/15/2005,4.934
5/16/2005,4.93
5/17/2005,4.93
5/18/2005,4.93
5/19/2005,4.92
5/20/2005,4.922
5/21/2005,4.958
5/22/2005,4.992
5/23/2005,5.02
5/24/2005,5.02
5/25/2005,5.02
5/26/2005,5.01
5/27/2005,5.01
5/28/2005,5.01
5/29/2005,5.046
5/30/2005,5.06
5/31/2005,5.046
6/1/2005,5.05
6/2/2005,5.06
6/3/2005,5.088
6/4/2005,5.138
6/5/2005,5.19
6/6/2005,5.24
6/7/2005,5.266
6/8/2005,5.336
6/9/2005,5.55
6/10/2005,5.674
6/11/2005,5.682
6/12/2005,5.598
6/13/2005,5.42
6/14/2005,5.24
6/15/2005,5.19
6/16/2005,5.07
6/17/2005,5.02
6/18/2005,5.006
6/19/2005,4.996
6/20/2005,5.058
6/21/2005,5.09
6/22/2005,5.152
6/23/2005,5.39
6/24/2005,5.666
6/25/2005,6.884
6/26/2005,7.376
6/27/2005,7.578
6/28/2005,7.4
6/29/2005,7.312
6/30/2005,7.28
7/1/2005,7.256
7/2/2005,7.236
7/3/2005,7.218
7/4/2005,7.292
7/5/2005,7.41
7/6/2005,7.58
7/7/2005,7.884
7/8/2005,8.516
7/9/2005,9.36
7/10/2005,10.438
7/11/2005,11.258
7/12/2005,11.912
7/13/2005,12.29
7/14/2005,12.348
7/15/2005,12.36
7/16/2005,12.258
7/17/2005,12.168
7/18/2005,12.054
7/19/2005,12.012
7/20/2005,11.972
7/21/2005,12.1
7/22/2005,12.28
7/23/2005,12.414
7/24/2005,12.498
7/25/2005,12.522
7/26/2005,12.53
7/27/2005,12.498
7/28/2005,12.33
7/29/2005,12.1
7/30/2005,11.94
7/31/2005,11.812
8/1/2005,11.618
8/2/2005,11.478
8/3/2005,11.37
8/4/2005,11.308
8/5/2005,11.278
8/6/2005,11.348
8/7/2005,11.39
8/8/2005,11.39
8/9/2005,11.396
8/10/2005,11.478
8/11/2005,12.008
8/12/2005,12.536
8/13/2005,12.56
8/14/2005,12.562
8/15/2005,12.522
8/16/2005,12.45
8/17/2005,12.326
8/18/2005,12.096
8/19/2005,11.88
8/20/2005,11.756
8/21/2005,11.734
8/22/2005,11.766
8/23/2005,11.8
8/24/2005,11.88
8/25/2005,12.01
8/26/2005,12.162
8/27/2005,12.45
8/28/2005,12.63
8/29/2005,12.778
8/30/2005,12.862
8/31/2005,12.9
9/1/2005,12.924
9/2/2005,12.97
9/3/2005,12.87
9/4/2005,12.69
9/5/2005,12.258
9/6/2005,12.11
9/7/2005,11.94
9/8/2005,11.788
9/9/2005,11.64
9/10/2005,11.544
9/11/2005,11.434
9/12/2005,11.408
9/13/2005,11.33
9/14/2005,11.24
9/15/2005,11.07
9/16/2005,10.964
9/17/2005,10.86
9/18/2005,10.734
9/19/2005,10.492
9/20/2005,10.394
9/21/2005,10.28
9/22/2005,10.226
9/23/2005,10.304
9/24/2005,10.314
9/25/2005,10.366
9/26/2005,10.6
9/27/2005,10.62
9/28/2005,10.63
9/29/2005,10.62
9/30/2005,10.61
10/1/2005,10.606
10/2/2005,10.704
10/3/2005,10.96
10/4/2005,11.076
10/5/2005,11.08
10/6/2005,11.086
10/7/2005,11.066
10/8/2005,11.034
10/9/2005,11
10/10/2005,10.9
10/11/2005,10.77
10/12/2005,10.696
10/13/2005,10.63
10/14/2005,10.52
10/15/2005,10.34
10/16/2005,10.128
10/17/2005,9.886
10/18/2005,9.718
10/19/2005,9.61
10/20/2005,9.46
10/21/2005,9.312
10/22/2005,9.214
10/23/2005,9.18
10/24/2005,9.16
10/25/2005,9.128
10/26/2005,9.066
10/27/2005,9.08
10/28/2005,9.25
10/29/2005,9.39
10/30/2005,9.466
10/31/2005,9.436
11/1/2005,9.364
11/2/2005,9.266
11/3/2005,9.144
11/4/2005,9.01
11/5/2005,8.9
11/6/2005,8.786
11/7/2005,8.7
11/8/2005,8.62
11/9/2005,8.53
11/10/2005,8.34
11/11/2005,8.262
11/12/2005,8.208
11/13/2005,8.152
11/14/2005,8.086
11/15/2005,7.97
11/16/2005,7.89
11/17/2005,7.8
11/18/2005,7.73
11/19/2005,7.668
11/20/2005,7.596
11/21/2005,7.566
11/22/2005,7.536
11/23/2005,7.514
11/24/2005,7.47
11/25/2005,7.422
11/26/2005,7.37
11/27/2005,7.328
11/28/2005,7.282
11/29/2005,7.242
11/30/2005,7.2
12/1/2005,7.16
12/2/2005,7.142
12/3/2005,7.106
12/4/2005,7.026
12/5/2005,6.982
12/6/2005,6.942
12/7/2005,6.906
12/8/2005,6.872
12/9/2005,6.836
12/10/2005,6.812
12/11/2005,6.766
12/12/2005,6.722
12/13/2005,6.682
12/14/2005,6.648
12/15/2005,6.602
12/16/2005,6.556
12/17/2005,6.516
12/18/2005,6.47
12/19/2005,6.408
12/20/2005,6.346
12/21/2005,6.296
12/22/2005,6.252
12/23/2005,6.204
12/24/2005,6.176
12/25/2005,6.136
12/26/2005,6.1
12/27/2005,6.076
12/28/2005,6.038
12/29/2005,6.018
12/30/2005,5.942
12/31/2005,5.888
1/1/2006,5.778
1/2/2006,5.72
1/3/2006,5.7
1/4/2006,5.72
1/5/2006,5.72
1/6/2006,5.69
1/7/2006,5.67
1/8/2006,5.638
1/9/2006,5.6
1/10/2006,5.568
1/11/2006,5.522
1/12/2006,5.428
1/13/2006,5.378
1/14/2006,5.328
1/15/2006,5.288
1/16/2006,5.254
1/17/2006,5.22
1/18/2006,5.198
1/19/2006,5.168
1/20/2006,5.14
1/21/2006,5.14
1/22/2006,5.13
1/23/2006,5.104
1/24/2006,5.068
1/25/2006,5.04
1/26/2006,5.03
1/27/2006,5.01
1/28/2006,5.02
1/29/2006,5.02
1/30/2006,5.02
1/31/2006,5.01
2/1/2006,5
2/2/2006,4.99
2/3/2006,4.97
2/4/2006,4.96
2/5/2006,4.936
2/6/2006,4.908
2/7/2006,4.89
2/8/2006,4.88
2/9/2006,4.856
2/10/2006,4.84
2/11/2006,4.83
2/12/2006,4.82
2/13/2006,4.82
2/14/2006,4.82
2/15/2006,4.81
2/16/2006,4.81
2/17/2006,4.8
2/18/2006,4.79
2/19/2006,4.77
2/20/2006,4.752
2/21/2006,4.728
2/22/2006,4.7
2/23/2006,4.688
2/24/2006,4.67
2/25/2006,4.668
2/26/2006,4.648
2/27/2006,4.63
2/28/2006,4.62
3/1/2006,4.62
3/2/2006,4.61
3/3/2006,4.61
3/4/2006,4.61
3/5/2006,4.6
3/6/2006,4.592
3/7/2006,4.57
3/8/2006,4.56
3/9/2006,4.55
3/10/2006,4.54
3/11/2006,4.53
3/12/2006,4.53
3/13/2006,4.54
3/14/2006,4.676
3/15/2006,4.78
3/16/2006,4.81
3/17/2006,4.81
3/18/2006,4.81
3/19/2006,4.8
3/20/2006,4.8
3/21/2006,4.802
3/22/2006,4.8
3/23/2006,4.722
3/24/2006,4.508
3/25/2006,4.292
3/26/2006,4.166
3/27/2006,4.106
3/28/2006,4.068
3/29/2006,4.024
3/30/2006,4.02
3/31/2006,4.01
4/1/2006,3.978
4/2/2006,3.952
4/3/2006,3.988
4/4/2006,4.338
4/5/2006,4.552
4/6/2006,4.632
4/7/2006,4.662
4/8/2006,4.722
4/9/2006,4.75
4/10/2006,4.75
4/11/2006,4.756
4/12/2006,4.788
4/13/2006,4.742
4/14/2006,4.542
4/15/2006,4.266
4/16/2006,4.076
4/17/2006,3.938
4/18/2006,3.842
4/19/2006,3.792
4/20/2006,3.77
4/21/2006,3.76
4/22/2006,3.784
4/23/2006,3.84
4/24/2006,4.126
4/25/2006,4.452
4/26/2006,4.628
4/27/2006,4.708
4/28/2006,4.736
4/29/2006,4.77
4/30/2006,4.77
5/1/2006,4.77
5/2/2006,4.772
5/3/2006,4.772
5/4/2006,4.636
5/5/2006,4.542
5/6/2006,4.454
5/7/2006,4.428
5/8/2006,4.364
5/9/2006,4.308
5/10/2006,4.27
5/11/2006,4.26
5/12/2006,4.24
5/13/2006,4.246
5/14/2006,4.326
5/15/2006,4.438
5/16/2006,4.534
5/17/2006,4.622
5/18/2006,4.892
5/19/2006,5.146
5/20/2006,5.17
5/21/2006,5.056
5/22/2006,4.968
5/23/2006,4.902
5/24/2006,4.838
5/25/2006,4.8
5/26/2006,4.808
5/27/2006,4.848
5/28/2006,4.878
5/29/2006,4.966
5/30/2006,4.966
5/31/2006,4.946
6/1/2006,4.958
6/2/2006,5.024
6/3/2006,5.634
6/4/2006,6.346
6/5/2006,6.534
6/6/2006,6.938
6/7/2006,7.13
6/8/2006,7.2
6/9/2006,7.276
6/10/2006,7.43
6/11/2006,7.56
6/12/2006,7.682
6/13/2006,7.878
6/14/2006,8.206
6/15/2006,8.566
6/16/2006,8.794
6/17/2006,8.878
6/18/2006,8.902
6/19/2006,8.668
6/20/2006,8.328
6/21/2006,8.168
6/22/2006,7.97
6/23/2006,7.86
6/24/2006,7.78
6/25/2006,7.714
6/26/2006,7.596
6/27/2006,7.572
6/28/2006,7.542
6/29/2006,7.782
6/30/2006,8.108
7/1/2006,8.476
7/2/2006,8.84
7/3/2006,8.958
7/4/2006,8.984
7/5/2006,9.006
7/6/2006,9.05
7/7/2006,9.056
7/8/2006,8.99
7/9/2006,8.946
7/10/2006,9.248
7/11/2006,9.488
7/12/2006,9.632
7/13/2006,9.996
7/14/2006,10.562
7/15/2006,10.886
7/16/2006,11.14
7/17/2006,11.298
7/18/2006,11.36
7/19/2006,11.364
7/20/2006,11.37
7/21/2006,11.384
7/22/2006,11.422
7/23/2006,11.51
7/24/2006,11.592
7/25/2006,11.644
7/26/2006,11.662
7/27/2006,11.68
7/28/2006,11.688
7/29/2006,11.73
7/30/2006,11.728
7/31/2006,11.646
8/1/2006,11.634
8/2/2006,11.7
8/3/2006,11.76
8/4/2006,11.756
8/5/2006,11.73
8/6/2006,11.73
8/7/2006,11.716
8/8/2006,11.69
8/9/2006,11.694
8/10/2006,11.702
8/11/2006,11.67
8/12/2006,11.662
8/13/2006,11.598
8/14/2006,11.43
8/15/2006,11.27
8/16/2006,11.18
8/17/2006,11.102
8/18/2006,11.006
8/19/2006,11.004
8/20/2006,11.17
8/21/2006,11.278
8/22/2006,11.338
8/23/2006,11.54
8/24/2006,11.69
8/25/2006,11.772
8/26/2006,11.822
8/27/2006,11.912
8/28/2006,12.056
8/29/2006,12.248
8/30/2006,12.4
8/31/2006,12.468
9/1/2006,12.478
9/2/2006,12.404
9/3/2006,12.43
9/4/2006,12.406
9/5/2006,12.27
9/6/2006,12.058
9/7/2006,11.86
9/8/2006,11.766
9/9/2006,11.95
9/10/2006,12.062
9/11/2006,12.318
9/12/2006,12.392
9/13/2006,12.34
9/14/2006,12.27
9/15/2006,12.21
9/16/2006,12.206
9/17/2006,12.186
9/18/2006,12.162
9/19/2006,12.08
9/20/2006,12.014
9/21/2006,11.98
9/22/2006,11.866
9/23/2006,11.692
9/24/2006,11.612
9/25/2006,11.738
9/26/2006,12.108
9/27/2006,12.238
9/28/2006,12.252
9/29/2006,12.178
9/30/2006,11.98
10/1/2006,11.906
10/2/2006,11.68
10/3/2006,11.518
10/4/2006,11.364
10/5/2006,11.322
10/6/2006,11.272
10/7/2006,11.204
10/8/2006,11.062
10/9/2006,10.95
10/10/2006,10.824
10/11/2006,10.61
10/12/2006,10.54
10/13/2006,10.452
10/14/2006,10.33
10/15/2006,10.2
10/16/2006,10.05
10/17/2006,9.894
10/18/2006,9.706
10/19/2006,9.59
10/20/2006,9.43
10/21/2006,9.37
10/22/2006,9.28
10/23/2006,9.162
10/24/2006,9.11
10/25/2006,9.02
10/26/2006,8.94
10/27/2006,8.882
10/28/2006,8.92
10/29/2006,8.912
10/30/2006,8.872
10/31/2006,8.822
11/1/2006,8.784
11/2/2006,8.722
11/3/2006,8.678
11/4/2006,8.616
11/5/2006,8.578
11/6/2006,8.502
11/7/2006,8.39
11/8/2006,8.41
11/9/2006,8.36
11/10/2006,8.26
11/11/2006,8.19
11/12/2006,8.186
11/13/2006,8.162
11/14/2006,8.248
11/15/2006,8.216
11/16/2006,8.182
11/17/2006,8.144
11/18/2006,8.098
11/19/2006,8
11/20/2006,7.972
11/21/2006,7.934
11/22/2006,7.906
11/23/2006,7.872
11/24/2006,7.818
11/25/2006,7.72
11/26/2006,7.66
11/27/2006,7.66
11/28/2006,7.652
11/29/2006,7.608
11/30/2006,7.55
12/1/2006,7.488
12/2/2006,7.418
12/3/2006,7.356
12/4/2006,7.328
12/5/2006,7.25
12/6/2006,7.18
12/7/2006,7.13
12/8/2006,7.126
12/9/2006,7.102
12/10/2006,7.04
12/11/2006,6.924
12/12/2006,6.806
12/13/2006,6.694
12/14/2006,6.564
12/15/2006,6.47
12/16/2006,6.39
12/17/2006,6.304
12/18/2006,6.184
12/19/2006,6.16
12/20/2006,6.15
12/21/2006,6.14
12/22/2006,6.122
12/23/2006,6.058
12/24/2006,5.988
12/25/2006,5.942
12/26/2006,5.904
12/27/2006,5.882
12/28/2006,5.838
12/29/2006,5.768
12/30/2006,5.712
12/31/2006,5.662
1/1/2007,5.58
1/2/2007,5.512
1/3/2007,5.47
1/4/2007,5.436
1/5/2007,5.404
1/6/2007,5.384
1/7/2007,5.308
1/8/2007,5.218
1/9/2007,5.15
1/10/2007,5.118
1/11/2007,5.11
1/12/2007,5.11
1/13/2007,5.07
1/14/2007,5.03
1/15/2007,5.04
1/16/2007,5.08
1/17/2007,5.058
1/18/2007,5
1/19/2007,4.99
1/20/2007,5
1/21/2007,5
1/22/2007,5.01
1/23/2007,4.98
1/24/2007,4.984
1/25/2007,4.95
1/26/2007,4.95
1/27/2007,4.986
1/28/2007,4.986
1/29/2007,4.954
1/30/2007,4.93
1/31/2007,4.904
2/1/2007,4.89
2/2/2007,4.88
2/3/2007,4.88
2/4/2007,4.866
2/5/2007,4.85
2/6/2007,4.85
2/7/2007,4.84
2/8/2007,4.848
2/9/2007,4.86
2/10/2007,4.848
2/11/2007,4.804
2/12/2007,4.784
2/13/2007,4.76
2/14/2007,4.76
2/15/2007,4.748
2/16/2007,4.772
2/17/2007,4.802
2/18/2007,4.856
2/19/2007,4.896
2/20/2007,4.91
2/21/2007,4.962
2/22/2007,5.06
2/23/2007,5.288
2/24/2007,5.382
2/25/2007,5.43
2/26/2007,5.444
2/27/2007,5.318
2/28/2007,5.198
3/1/2007,5.17
3/2/2007,5.17
3/3/2007,5.17
3/4/2007,5.17
3/5/2007,5.248
3/6/2007,5.324
3/7/2007,5.256
3/8/2007,5.13
3/9/2007,5.038
3/10/2007,5.036
3/11/2007,5.042
3/12/2007,5.166
3/13/2007,5.12
3/14/2007,5.038
3/15/2007,4.974
3/16/2007,4.95
3/17/2007,4.94
3/18/2007,4.92
3/19/2007,4.91
3/20/2007,4.91
3/21/2007,4.92
3/22/2007,4.92
3/23/2007,4.9
3/24/2007,4.9
3/25/2007,4.91
3/26/2007,4.888
3/27/2007,4.824
3/28/2007,4.818
3/29/2007,4.79
3/30/2007,4.79
3/31/2007,4.81
4/1/2007,4.832
4/2/2007,4.848
4/3/2007,4.852
4/4/2007,4.878
4/5/2007,4.91
4/6/2007,4.91
4/7/2007,4.92
4/8/2007,4.94
4/9/2007,4.95
4/10/2007,4.978
4/11/2007,5.022
4/12/2007,5.064
4/13/2007,5.07
4/14/2007,5.102
4/15/2007,5.156
4/16/2007,5.16
4/17/2007,5.14
4/18/2007,5.14
4/19/2007,5.14
4/20/2007,5.128
4/21/2007,5.078
4/22/2007,5.018
4/23/2007,4.99
4/24/2007,4.99
4/25/2007,5.01
4/26/2007,5.01
4/27/2007,5.01
4/28/2007,5.002
4/29/2007,5.07
4/30/2007,5.1
5/1/2007,5.09
5/2/2007,5.08
5/3/2007,5.07
5/4/2007,5.04
5/5/2007,4.98
5/6/2007,4.948
5/7/2007,4.9
5/8/2007,4.92
5/9/2007,4.9
5/10/2007,4.89
5/11/2007,4.89
5/12/2007,4.89
5/13/2007,4.888
5/14/2007,4.85
5/15/2007,4.852
5/16/2007,4.924
5/17/2007,5.05
5/18/2007,5.25
5/19/2007,5.398
5/20/2007,5.458
5/21/2007,5.408
5/22/2007,5.328
5/23/2007,5.29
5/24/2007,5.292
5/25/2007,5.372
5/26/2007,5.432
5/27/2007,5.504
5/28/2007,5.654
5/29/2007,5.792
5/30/2007,5.868
5/31/2007,5.83
6/1/2007,5.81
6/2/2007,5.782
6/3/2007,5.736
6/4/2007,5.71
6/5/2007,5.706
6/6/2007,5.702
6/7/2007,5.612
6/8/2007,5.558
6/9/2007,5.512
6/10/2007,5.626
6/11/2007,5.99
6/12/2007,6.1
6/13/2007,6.17
6/14/2007,6.252
6/15/2007,6.32
6/16/2007,6.494
6/17/2007,6.786
6/18/2007,7.2
6/19/2007,7.724
6/20/2007,8.018
6/21/2007,8.168
6/22/2007,8.434
6/23/2007,8.702
6/24/2007,8.838
6/25/2007,8.848
6/26/2007,8.83
6/27/2007,8.78
6/28/2007,8.754
6/29/2007,8.802
6/30/2007,8.694
7/1/2007,8.588
7/2/2007,8.438
7/3/2007,8.35
7/4/2007,8.27
7/5/2007,8.25
7/6/2007,8.38
7/7/2007,8.36
7/8/2007,8.32
7/9/2007,8.342
7/10/2007,8.374
7/11/2007,8.424
7/12/2007,8.496
7/13/2007,8.582
7/14/2007,8.862
7/15/2007,9.142
7/16/2007,9.438
7/17/2007,9.622
7/18/2007,9.908
7/19/2007,10.14
7/20/2007,10.346
7/21/2007,10.752
7/22/2007,11.298
7/23/2007,11.606
7/24/2007,11.856
7/25/2007,11.948
7/26/2007,12.04
7/27/2007,12.098
7/28/2007,12.17
7/29/2007,12.346
7/30/2007,12.514
7/31/2007,12.662
8/1/2007,12.812
8/2/2007,12.928
8/3/2007,13.006
8/4/2007,13.064
8/5/2007,13.12
8/6/2007,13.14
8/7/2007,13.07
8/8/2007,12.942
8/9/2007,12.8
8/10/2007,12.652
8/11/2007,12.554
8/12/2007,12.47
8/13/2007,12.354
8/14/2007,12.24
8/15/2007,12.192
8/16/2007,12.19
8/17/2007,12.3
8/18/2007,12.418
8/19/2007,12.542
8/20/2007,12.594
8/21/2007,12.58
8/22/2007,12.584
8/23/2007,12.602
8/24/2007,12.64
8/25/2007,12.65
8/26/2007,12.622
8/27/2007,12.56
8/28/2007,12.474
8/29/2007,12.342
8/30/2007,12.212
8/31/2007,12.112
9/1/2007,12.09
9/2/2007,12.118
9/3/2007,12.13
9/4/2007,12.172
9/5/2007,12.214
9/6/2007,12.28
9/7/2007,12.386
9/8/2007,12.48
9/9/2007,12.548
9/10/2007,12.652
9/11/2007,12.736
9/12/2007,12.772
9/13/2007,12.858
9/14/2007,12.95
9/15/2007,12.964
9/16/2007,12.928
9/17/2007,12.82
9/18/2007,12.694
9/19/2007,12.522
9/20/2007,12.32
9/21/2007,12.1
9/22/2007,11.944
9/23/2007,11.908
9/24/2007,11.838
9/25/2007,11.62
9/26/2007,11.432
9/27/2007,11.56
9/28/2007,11.614
9/29/2007,11.578
9/30/2007,11.518
10/1/2007,11.598
10/2/2007,11.616
10/3/2007,11.658
10/4/2007,11.762
10/5/2007,11.808
10/6/2007,11.858
10/7/2007,11.87
10/8/2007,11.776
10/9/2007,11.654
10/10/2007,11.44
10/11/2007,11.32
10/12/2007,11.168
10/13/2007,10.984
10/14/2007,10.942
10/15/2007,10.884
10/16/2007,10.802
10/17/2007,10.762
10/18/2007,10.694
10/19/2007,10.45
10/20/2007,10.342
10/21/2007,10.364
10/22/2007,10.294
10/23/2007,10.184
10/24/2007,10.09
10/25/2007,9.998
10/26/2007,9.872
10/27/2007,9.788
10/28/2007,9.682
10/29/2007,9.646
10/30/2007,9.6
10/31/2007,9.508
11/1/2007,9.346
11/2/2007,9.214
11/3/2007,9.164
11/4/2007,9.094
11/5/2007,9
11/6/2007,8.898
11/7/2007,8.816
11/8/2007,8.792
11/9/2007,8.74
11/10/2007,8.67
11/11/2007,8.614
11/12/2007,8.564
11/13/2007,8.484
11/14/2007,8.442
11/15/2007,8.396
11/16/2007,8.372
11/17/2007,8.34
11/18/2007,8.256
11/19/2007,8.232
11/20/2007,8.17
11/21/2007,8.058
11/22/2007,7.882
11/23/2007,7.78
11/24/2007,7.73
11/25/2007,7.646
11/26/2007,7.63
11/27/2007,7.61
11/28/2007,7.6
11/29/2007,7.584
11/30/2007,7.538
12/1/2007,7.484
12/2/2007,7.448
12/3/2007,7.388
12/4/2007,7.348
12/5/2007,7.318
12/6/2007,7.256
12/7/2007,7.21
12/8/2007,7.134
12/9/2007,7.076
12/10/2007,7.066
12/11/2007,7.04
12/12/2007,7.014
12/13/2007,6.962
12/14/2007,6.902
12/15/2007,6.822
12/16/2007,6.762
12/17/2007,6.714
12/18/2007,6.71
12/19/2007,6.71
12/20/2007,6.69
12/21/2007,6.59
12/22/2007,6.474
12/23/2007,6.412
12/24/2007,6.38
12/25/2007,6.37
12/26/2007,6.36
12/27/2007,6.37
12/28/2007,6.36
12/29/2007,6.36
12/30/2007,6.344
12/31/2007,6.31
1/1/2008,6.29
1/2/2008,6.276
1/3/2008,6.26
1/4/2008,6.238
1/5/2008,6.168
1/6/2008,6.092
1/7/2008,6.05
1/8/2008,6.022
1/9/2008,6.074
1/10/2008,6.04
1/11/2008,5.922
1/12/2008,5.808
1/13/2008,5.76
1/14/2008,5.772
1/15/2008,5.816
1/16/2008,5.84
1/17/2008,5.814
1/18/2008,5.718
1/19/2008,5.618
1/20/2008,5.51
1/21/2008,5.43
1/22/2008,5.404
1/23/2008,5.386
1/24/2008,5.422
1/25/2008,5.466
1/26/2008,5.518
1/27/2008,5.556
1/28/2008,5.574
1/29/2008,5.57
1/30/2008,5.58
1/31/2008,5.61
2/1/2008,5.682
2/2/2008,5.744
2/3/2008,5.85
2/4/2008,5.88
2/5/2008,5.85
2/6/2008,5.732
2/7/2008,5.642
2/8/2008,5.582
2/9/2008,5.554
2/10/2008,5.512
2/11/2008,5.474
2/12/2008,5.434
2/13/2008,5.398
2/14/2008,5.338
2/15/2008,5.288
2/16/2008,5.244
2/17/2008,5.27
2/18/2008,5.274
2/19/2008,5.254
2/20/2008,5.248
2/21/2008,5.24
2/22/2008,5.24
2/23/2008,5.24
2/24/2008,5.25
2/25/2008,5.26
2/26/2008,5.248
2/27/2008,5.218
2/28/2008,5.196
2/29/2008,5.19
3/1/2008,5.2
3/2/2008,5.19
3/3/2008,5.168
3/4/2008,5.13
3/5/2008,5.098
3/6/2008,5.07
3/7/2008,5.06
3/8/2008,5.05
3/9/2008,5.05
3/10/2008,5.05
3/11/2008,5.07
3/12/2008,5.092
3/13/2008,5.13
3/14/2008,5.216
3/15/2008,5.26
3/16/2008,5.27
3/17/2008,5.28
3/18/2008,5.28
3/19/2008,5.27
3/20/2008,5.26
3/21/2008,5.25
3/22/2008,5.248
3/23/2008,5.19
3/24/2008,5.02
3/25/2008,4.848
3/26/2008,4.768
3/27/2008,4.688
3/28/2008,4.622
3/29/2008,4.572
3/30/2008,4.532
3/31/2008,4.498
4/1/2008,4.47
4/2/2008,4.472
4/3/2008,4.528
4/4/2008,4.806
4/5/2008,5.01
4/6/2008,5.102
4/7/2008,5.14
4/8/2008,5.172
4/9/2008,5.19
4/10/2008,5.19
4/11/2008,5.2
4/12/2008,5.188
4/13/2008,5.136
4/14/2008,4.984
4/15/2008,4.766
4/16/2008,4.632
4/17/2008,4.53
4/18/2008,4.5
4/19/2008,4.49
4/20/2008,4.47
4/21/2008,4.45
4/22/2008,4.452
4/23/2008,4.562
4/24/2008,4.822
4/25/2008,5.05
4/26/2008,5.132
4/27/2008,5.19
4/28/2008,5.19
4/29/2008,5.19
4/30/2008,5.19
5/1/2008,5.21
5/2/2008,5.23
5/3/2008,5.196
5/4/2008,5.06
5/5/2008,4.912
5/6/2008,4.832
5/7/2008,4.81
5/8/2008,4.81
5/9/2008,4.8
5/10/2008,4.7
5/11/2008,4.71
5/12/2008,4.67
5/13/2008,4.672
5/14/2008,4.778
5/15/2008,4.888
5/16/2008,5.02
5/17/2008,5.052
5/18/2008,5.1
5/19/2008,5.106
5/20/2008,5.186
5/21/2008,5.166
5/22/2008,5.13
5/23/2008,5.13
5/24/2008,5.142
5/25/2008,5.208
5/26/2008,5.2
5/27/2008,5.22
5/28/2008,5.222
5/29/2008,5.27
5/30/2008,5.292
5/31/2008,5.332
6/1/2008,5.35
6/2/2008,5.32
6/3/2008,5.36
6/4/2008,5.374
6/5/2008,5.428
6/6/2008,5.492
6/7/2008,5.56
6/8/2008,5.642
6/9/2008,5.678
6/10/2008,5.74
6/11/2008,5.842
6/12/2008,6.084
6/13/2008,6.27
6/14/2008,6.322
6/15/2008,6.402
6/16/2008,6.638
6/17/2008,7.102
6/18/2008,7.602
6/19/2008,8.058
6/20/2008,8.298
6/21/2008,8.378
6/22/2008,8.84
6/23/2008,9.308
6/24/2008,9.558
6/25/2008,9.77
6/26/2008,9.82
6/27/2008,9.838
6/28/2008,10.39
6/29/2008,10.848
6/30/2008,11.058
7/1/2008,11.18
7/2/2008,11.25
7/3/2008,11.308
7/4/2008,11.42
7/5/2008,11.51
7/6/2008,11.62
7/7/2008,11.74
7/8/2008,11.836
7/9/2008,11.91
7/10/2008,11.89
7/11/2008,11.89
7/12/2008,11.88
7/13/2008,11.826
7/14/2008,11.766
7/15/2008,11.726
7/16/2008,11.72
7/17/2008,11.72
7/18/2008,11.782
7/19/2008,11.866
7/20/2008,11.972
7/21/2008,12.028
7/22/2008,12.094
7/23/2008,12.158
7/24/2008,12.25
7/25/2008,12.298
7/26/2008,12.328
7/27/2008,12.398
7/28/2008,12.468
7/29/2008,12.504
7/30/2008,12.51
7/31/2008,12.49
8/1/2008,12.488
8/2/2008,12.46
8/3/2008,12.436
8/4/2008,12.418
8/5/2008,12.35
8/6/2008,12.31
8/7/2008,12.282
8/8/2008,12.212
8/9/2008,12.18
8/10/2008,12.18
8/11/2008,12.176
8/12/2008,12.17
8/13/2008,12.184
8/14/2008,12.298
8/15/2008,12.346
8/16/2008,12.386
8/17/2008,12.432
8/18/2008,12.526
8/19/2008,12.6
8/20/2008,12.766
8/21/2008,12.87
8/22/2008,12.946
8/23/2008,12.97
8/24/2008,12.97
8/25/2008,12.97
8/26/2008,12.88
8/27/2008,12.846
8/28/2008,12.84
8/29/2008,12.842
8/30/2008,12.868
8/31/2008,12.88
9/1/2008,12.908
9/2/2008,12.946
9/3/2008,12.97
9/4/2008,12.942
9/5/2008,12.92
9/6/2008,12.906
9/7/2008,12.814
9/8/2008,12.692
9/9/2008,12.55
9/10/2008,12.39
9/11/2008,12.184
9/12/2008,11.942
9/13/2008,11.75
9/14/2008,11.582
9/15/2008,11.442
9/16/2008,11.306
9/17/2008,11.21
9/18/2008,11.092
9/19/2008,10.962
9/20/2008,10.848
9/21/2008,10.682
9/22/2008,10.556
9/23/2008,10.47
9/24/2008,10.5
9/25/2008,10.526
9/26/2008,10.864
9/27/2008,11.09
9/28/2008,11.312
9/29/2008,11.482
9/30/2008,11.64
10/1/2008,11.71
10/2/2008,11.778
10/3/2008,11.806
10/4/2008,11.686
10/5/2008,11.5
10/6/2008,11.324
10/7/2008,11.12
10/8/2008,11
10/9/2008,10.93
10/10/2008,10.85
10/11/2008,10.772
10/12/2008,10.72
10/13/2008,10.642
10/14/2008,10.55
10/15/2008,10.47
10/16/2008,10.368
10/17/2008,10.232
10/18/2008,10.106
10/19/2008,9.984
10/20/2008,9.848
10/21/2008,9.792
10/22/2008,9.68
10/23/2008,9.536
10/24/2008,9.422
10/25/2008,9.312
10/26/2008,9.3
10/27/2008,9.41
10/28/2008,9.42
10/29/2008,9.404
10/30/2008,9.372
10/31/2008,9.36
11/1/2008,9.326
11/2/2008,9.286
11/3/2008,9.232
11/4/2008,9.21
11/5/2008,9.182
11/6/2008,9.142
11/7/2008,9.102
11/8/2008,9.076
11/9/2008,9.046
11/10/2008,9
11/11/2008,8.91
11/12/2008,8.836
11/13/2008,8.79
11/14/2008,8.72
11/15/2008,8.63
11/16/2008,8.576
11/17/2008,8.554
11/18/2008,8.528
11/19/2008,8.496
11/20/2008,8.472
11/21/2008,8.412
11/22/2008,8.386
11/23/2008,8.354
11/24/2008,8.326
11/25/2008,8.272
11/26/2008,8.222
11/27/2008,8.15
11/28/2008,8.116
11/29/2008,8.096
11/30/2008,8.068
12/1/2008,7.96
12/2/2008,7.864
12/3/2008,7.786
12/4/2008,7.716
12/5/2008,7.584
12/6/2008,7.476
12/7/2008,7.408
12/8/2008,7.414
12/9/2008,7.304
12/10/2008,7.158
12/11/2008,7.1
12/12/2008,7.06
12/13/2008,7.026
12/14/2008,7.004
12/15/2008,6.996
12/16/2008,6.986
12/17/2008,6.968
12/18/2008,6.902
12/19/2008,6.858
12/20/2008,6.798
12/21/2008,6.756
12/22/2008,6.716
12/23/2008,6.704
12/24/2008,6.69
12/25/2008,6.656
12/26/2008,6.65
12/27/2008,6.638
12/28/2008,6.622
12/29/2008,6.606
12/30/2008,6.574
12/31/2008,6.516
1/1/2009,6.41
1/2/2009,6.37
1/3/2009,6.37
1/4/2009,6.37
1/5/2009,6.396
1/6/2009,6.416
1/7/2009,6.394
1/8/2009,6.34
1/9/2009,6.26
1/10/2009,6.214
1/11/2009,6.188
1/12/2009,6.154
1/13/2009,6.136
1/14/2009,6.13
1/15/2009,6.124
1/16/2009,6.094
1/17/2009,6.08
1/18/2009,6.08
1/19/2009,6.07
1/20/2009,6.07
1/21/2009,6.06
1/22/2009,6.06
1/23/2009,6.04
1/24/2009,6.01
1/25/2009,5.99
1/26/2009,5.99
1/27/2009,5.99
1/28/2009,5.98
1/29/2009,5.97
1/30/2009,5.948
1/31/2009,5.92
2/1/2009,5.894
2/2/2009,5.864
2/3/2009,5.842
2/4/2009,5.824
2/5/2009,5.794
2/6/2009,5.79
2/7/2009,5.79
2/8/2009,5.78
2/9/2009,5.76
2/10/2009,5.75
2/11/2009,5.738
2/12/2009,5.69
2/13/2009,5.638
2/14/2009,5.586
2/15/2009,5.56
2/16/2009,5.546
2/17/2009,5.54
2/18/2009,5.53
2/19/2009,5.504
2/20/2009,5.48
2/21/2009,5.48
2/22/2009,5.496
2/23/2009,5.492
2/24/2009,5.47
2/25/2009,5.434
2/26/2009,5.408
2/27/2009,5.38
2/28/2009,5.36
3/1/2009,5.35
3/2/2009,5.332
3/3/2009,5.33
3/4/2009,5.34
3/5/2009,5.34
3/6/2009,5.34
3/7/2009,5.34
3/8/2009,5.34
3/9/2009,5.34
3/10/2009,5.328
3/11/2009,5.294
3/12/2009,5.264
3/13/2009,5.272
3/14/2009,5.366
3/15/2009,5.422
3/16/2009,5.45
3/17/2009,5.46
3/18/2009,5.46
3/19/2009,5.45
3/20/2009,5.44
3/21/2009,5.43
3/22/2009,5.42
3/23/2009,5.38
3/24/2009,5.228
3/25/2009,5.11
3/26/2009,5.03
3/27/2009,4.994
3/28/2009,4.94
3/29/2009,4.902
3/30/2009,4.914
3/31/2009,4.842
4/1/2009,4.804
4/2/2009,4.788
4/3/2009,4.804
4/4/2009,5.008
4/5/2009,5.182
4/6/2009,5.256
4/7/2009,5.306
4/8/2009,5.31
4/9/2009,5.304
4/10/2009,5.3
4/11/2009,5.294
4/12/2009,5.288
4/13/2009,5.228
4/14/2009,5.086
4/15/2009,4.93
4/16/2009,4.844
4/17/2009,4.796
4/18/2009,4.77
4/19/2009,4.76
4/20/2009,4.75
4/21/2009,4.74
4/22/2009,4.73
4/23/2009,4.774
4/24/2009,4.988
4/25/2009,5.152
4/26/2009,5.24
4/27/2009,5.274
4/28/2009,5.306
4/29/2009,5.336
4/30/2009,5.34
5/1/2009,5.33
5/2/2009,5.328
5/3/2009,5.266
5/4/2009,5.146
5/5/2009,5
5/6/2009,4.89
5/7/2009,4.824
5/8/2009,4.84
5/9/2009,4.86
5/10/2009,4.842
5/11/2009,4.896
5/12/2009,4.976
5/13/2009,5.044
5/14/2009,5.088
5/15/2009,5.14
5/16/2009,5.166
5/17/2009,5.17
5/18/2009,5.18
5/19/2009,5.19
5/20/2009,5.17
5/21/2009,5.128
5/22/2009,5.12
5/23/2009,5.158
5/24/2009,5.19
5/25/2009,5.232
5/26/2009,5.442
5/27/2009,5.44
5/28/2009,5.382
5/29/2009,5.354
5/30/2009,5.454
5/31/2009,6.264
6/1/2009,6.49
6/2/2009,6.532
6/3/2009,6.538
6/4/2009,6.418
6/5/2009,6.23
6/6/2009,6.08
6/7/2009,5.942
6/8/2009,5.84
6/9/2009,5.76
6/10/2009,5.716
6/11/2009,5.676
6/12/2009,5.67
6/13/2009,5.67
6/14/2009,5.718
6/15/2009,5.764
6/16/2009,5.794
6/17/2009,5.8
6/18/2009,5.766
6/19/2009,5.75
6/20/2009,5.75
6/21/2009,5.732
6/22/2009,5.68
6/23/2009,5.616
6/24/2009,5.572
6/25/2009,5.526
6/26/2009,5.52
6/27/2009,5.562
6/28/2009,5.692
6/29/2009,5.894
6/30/2009,6
7/1/2009,6.146
7/2/2009,6.516
7/3/2009,6.95
7/4/2009,7.296
7/5/2009,7.796
7/6/2009,8.252
7/7/2009,8.7
7/8/2009,8.91
7/9/2009,9.1
7/10/2009,9.13
7/11/2009,9.05
7/12/2009,8.92
7/13/2009,8.87
7/14/2009,8.85
7/15/2009,8.83
7/16/2009,8.792
7/17/2009,8.736
7/18/2009,8.696
7/19/2009,8.678
7/20/2009,8.65
7/21/2009,8.626
7/22/2009,8.576
7/23/2009,8.544
7/24/2009,8.54
7/25/2009,8.58
7/26/2009,8.682
7/27/2009,8.86
7/28/2009,8.968
7/29/2009,9.292
7/30/2009,9.726
7/31/2009,10.01
8/1/2009,10.182
8/2/2009,10.426
8/3/2009,10.72
8/4/2009,11.022
8/5/2009,11.29
8/6/2009,11.38
8/7/2009,11.39
8/8/2009,11.386
8/9/2009,11.43
8/10/2009,11.424
8/11/2009,11.376
8/12/2009,11.35
8/13/2009,11.39
8/14/2009,11.53
8/15/2009,11.594
8/16/2009,11.62
8/17/2009,11.618
8/18/2009,11.63
8/19/2009,11.752
8/20/2009,11.852
8/21/2009,11.96
8/22/2009,12.128
8/23/2009,12.268
8/24/2009,12.37
8/25/2009,12.43
8/26/2009,12.472
8/27/2009,12.5
8/28/2009,12.48
8/29/2009,12.42
8/30/2009,12.31
8/31/2009,12.154
9/1/2009,11.96
9/2/2009,11.8
9/3/2009,11.68
9/4/2009,11.61
9/5/2009,11.594
9/6/2009,11.54
9/7/2009,11.45
9/8/2009,11.372
9/9/2009,11.382
9/10/2009,11.332
9/11/2009,11.308
9/12/2009,11.346
9/13/2009,11.394
9/14/2009,11.394
9/15/2009,11.34
9/16/2009,11.258
9/17/2009,11.16
9/18/2009,11.11
9/19/2009,11.11
9/20/2009,11.106
9/21/2009,11.056
9/22/2009,10.93
9/23/2009,10.84
9/24/2009,10.682
9/25/2009,10.56
9/26/2009,10.432
9/27/2009,10.34
9/28/2009,10.272
9/29/2009,10.212
9/30/2009,10.112
10/1/2009,10.022
10/2/2009,9.906
10/3/2009,9.792
10/4/2009,9.72
10/5/2009,9.676
10/6/2009,9.56
10/7/2009,9.412
10/8/2009,9.322
10/9/2009,9.262
10/10/2009,9.534
10/11/2009,10.05
10/12/2009,10.298
10/13/2009,10.64
10/14/2009,10.898
10/15/2009,11.004
10/16/2009,11.108
10/17/2009,11.2
10/18/2009,11.226
10/19/2009,11.154
10/20/2009,10.932
10/21/2009,10.63
10/22/2009,10.406
10/23/2009,10.194
10/24/2009,9.992
10/25/2009,9.796
10/26/2009,9.66
10/27/2009,9.506
10/28/2009,9.392
10/29/2009,9.3
10/30/2009,9.204
10/31/2009,9.006
11/1/2009,8.894
11/2/2009,8.84
11/3/2009,8.728
11/4/2009,8.57
11/5/2009,8.424
11/6/2009,8.4
11/7/2009,8.362
11/8/2009,8.244
11/9/2009,8.138
11/10/2009,8.01
11/11/2009,7.968
11/12/2009,7.932
11/13/2009,7.862
11/14/2009,7.766
11/15/2009,7.746
11/16/2009,7.698
11/17/2009,7.648
11/18/2009,7.62
11/19/2009,7.6
11/20/2009,7.594
11/21/2009,7.558
11/22/2009,7.49
11/23/2009,7.426
11/24/2009,7.408
11/25/2009,7.362
11/26/2009,7.3
11/27/2009,7.26
11/28/2009,7.226
11/29/2009,7.2
11/30/2009,7.178
12/1/2009,7.15
12/2/2009,7.13
12/3/2009,7.114
12/4/2009,7.06
12/5/2009,6.992
12/6/2009,6.954
12/7/2009,6.918
12/8/2009,6.84
12/9/2009,6.78
12/10/2009,6.76
12/11/2009,6.754
12/12/2009,6.666
12/13/2009,6.57
12/14/2009,6.524
12/15/2009,6.516
12/16/2009,6.51
12/17/2009,6.508
12/18/2009,6.49
12/19/2009,6.464
12/20/2009,6.384
12/21/2009,6.302
12/22/2009,6.264
12/23/2009,6.222
12/24/2009,6.156
12/25/2009,6.104
12/26/2009,6.074
12/27/2009,6.02
12/28/2009,5.93
12/29/2009,5.824
12/30/2009,5.79
12/31/2009,5.764
1/1/2010,5.748
1/2/2010,5.73
1/3/2010,5.72
1/4/2010,5.71
1/5/2010,5.676
1/6/2010,5.602
1/7/2010,5.532
1/8/2010,5.508
1/9/2010,5.472
1/10/2010,5.44
1/11/2010,5.4
1/12/2010,5.366
1/13/2010,5.346
1/14/2010,5.318
1/15/2010,5.284
1/16/2010,5.238
1/17/2010,5.208
1/18/2010,5.172
1/19/2010,5.15
1/20/2010,5.13
1/21/2010,5.12
1/22/2010,5.12
1/23/2010,5.11
1/24/2010,5.11
1/25/2010,5.074
1/26/2010,5.036
1/27/2010,5.02
1/28/2010,5.01
1/29/2010,5.01
1/30/2010,5.01
1/31/2010,5.01
2/1/2010,5.01
2/2/2010,5.03
2/3/2010,5.048
2/4/2010,5.05
2/5/2010,5.05
2/6/2010,5.05
2/7/2010,5.04
2/8/2010,5.03
2/9/2010,5.03
2/10/2010,5.02
2/11/2010,5.01
2/12/2010,5.01
2/13/2010,4.99
2/14/2010,4.98
2/15/2010,4.95
2/16/2010,4.908
2/17/2010,4.88
2/18/2010,4.9
2/19/2010,4.902
2/20/2010,4.884
2/21/2010,4.87
2/22/2010,4.86
2/23/2010,4.85
2/24/2010,4.85
2/25/2010,4.838
2/26/2010,4.798
2/27/2010,4.72
2/28/2010,4.652
3/1/2010,4.64
3/2/2010,4.64
3/3/2010,4.63
3/4/2010,4.64
3/5/2010,4.64
3/6/2010,4.64
3/7/2010,4.65
3/8/2010,4.65
3/9/2010,4.67
3/10/2010,4.67
3/11/2010,4.644
3/12/2010,4.632
3/13/2010,4.64
3/14/2010,4.7
3/15/2010,4.758
3/16/2010,4.77
3/17/2010,4.77
3/18/2010,4.8
3/19/2010,4.822
3/20/2010,4.85
3/21/2010,4.828
3/22/2010,4.79
3/23/2010,4.658
3/24/2010,4.434
3/25/2010,4.192
3/26/2010,4.048
3/27/2010,3.946
3/28/2010,3.886
3/29/2010,3.9
3/30/2010,3.872
3/31/2010,3.84
4/1/2010,3.83
4/2/2010,3.82
4/3/2010,3.832
4/4/2010,3.962
4/5/2010,4.184
4/6/2010,4.3
4/7/2010,4.362
4/8/2010,4.418
4/9/2010,4.466
4/10/2010,4.526
4/11/2010,4.586
4/12/2010,4.626
4/13/2010,4.62
4/14/2010,4.522
4/15/2010,4.358
4/16/2010,4.304
4/17/2010,4.24
4/18/2010,4.2
4/19/2010,4.23
4/20/2010,4.19
4/21/2010,4.226
4/22/2010,4.272
4/23/2010,4.396
4/24/2010,4.658
4/25/2010,4.888
4/26/2010,5.016
4/27/2010,5.058
4/28/2010,5.192
4/29/2010,5.71
4/30/2010,6.08
5/1/2010,6.154
5/2/2010,6.036
5/3/2010,5.81
5/4/2010,5.506
5/5/2010,5.262
5/6/2010,5.084
5/7/2010,4.894
5/8/2010,4.788
5/9/2010,4.692
5/10/2010,4.614
5/11/2010,4.594
5/12/2010,4.594
5/13/2010,4.65
5/14/2010,4.782
5/15/2010,4.94
5/16/2010,4.962
5/17/2010,5.024
5/18/2010,5.374
5/19/2010,5.81
5/20/2010,6.114
5/21/2010,6.476
5/22/2010,6.5
5/23/2010,6.39
5/24/2010,6.232
5/25/2010,6.076
5/26/2010,6.054
5/27/2010,6.182
5/28/2010,6.378
5/29/2010,6.336
5/30/2010,6.222
5/31/2010,6.1
6/1/2010,6.036
6/2/2010,5.944
6/3/2010,5.908
6/4/2010,5.868
6/5/2010,5.844
6/6/2010,5.78
6/7/2010,5.806
6/8/2010,5.97
6/9/2010,6.108
6/10/2010,6.192
6/11/2010,6.346
6/12/2010,6.688
6/13/2010,6.97
6/14/2010,6.998
6/15/2010,6.924
6/16/2010,6.824
6/17/2010,6.71
6/18/2010,6.632
6/19/2010,6.612
6/20/2010,6.664
6/21/2010,6.732
6/22/2010,6.902
6/23/2010,7.186
6/24/2010,7.434
6/25/2010,7.6
6/26/2010,7.758
6/27/2010,7.804
6/28/2010,7.77
6/29/2010,7.852
6/30/2010,8.124
7/1/2010,8.39
7/2/2010,8.45
7/3/2010,8.474
7/4/2010,8.52
7/5/2010,8.652
7/6/2010,8.784
7/7/2010,8.75
7/8/2010,8.712
7/9/2010,8.846
7/10/2010,9.028
7/11/2010,9.12
7/12/2010,9.19
7/13/2010,9.336
7/14/2010,9.584
7/15/2010,9.712
7/16/2010,9.88
7/17/2010,9.994
7/18/2010,9.98
7/19/2010,9.926
7/20/2010,10.026
7/21/2010,10.208
7/22/2010,10.384
7/23/2010,10.528
7/24/2010,10.73
7/25/2010,11.01
7/26/2010,11.302
7/27/2010,11.48
7/28/2010,11.55
7/29/2010,11.594
7/30/2010,11.608
7/31/2010,11.578
8/1/2010,11.56
8/2/2010,11.55
8/3/2010,11.558
8/4/2010,11.53
8/5/2010,11.546
8/6/2010,11.594
8/7/2010,11.6
8/8/2010,11.562
8/9/2010,11.482
8/10/2010,11.41
8/11/2010,11.326
8/12/2010,11.292
8/13/2010,11.26
8/14/2010,11.238
8/15/2010,11.196
8/16/2010,11.172
8/17/2010,11.196
8/18/2010,11.242
8/19/2010,11.292
8/20/2010,11.402
8/21/2010,11.534
8/22/2010,11.646
8/23/2010,11.772
8/24/2010,11.874
8/25/2010,12.03
8/26/2010,12.22
8/27/2010,12.354
8/28/2010,12.464
8/29/2010,12.568
8/30/2010,12.65
8/31/2010,12.73
9/1/2010,12.794
9/2/2010,12.8
9/3/2010,12.8
9/4/2010,12.802
9/5/2010,12.83
9/6/2010,12.83
9/7/2010,12.828
9/8/2010,12.8
9/9/2010,12.788
9/10/2010,12.76
9/11/2010,12.76
9/12/2010,12.74
9/13/2010,12.742
9/14/2010,12.76
9/15/2010,12.77
9/16/2010,12.76
9/17/2010,12.748
9/18/2010,12.72
9/19/2010,12.688
9/20/2010,12.634
9/21/2010,12.59
9/22/2010,12.61
9/23/2010,12.6
9/24/2010,12.6
9/25/2010,12.6
9/26/2010,12.6
9/27/2010,12.59
9/28/2010,12.588
9/29/2010,12.554
9/30/2010,12.514
10/1/2010,12.424
10/2/2010,12.29
10/3/2010,12.14
10/4/2010,11.98
10/5/2010,11.866
10/6/2010,11.778
10/7/2010,11.738
10/8/2010,11.67
10/9/2010,11.488
10/10/2010,11.26
10/11/2010,11.092
10/12/2010,10.95
10/13/2010,10.838
10/14/2010,10.8
10/15/2010,10.77
10/16/2010,10.678
10/17/2010,10.514
10/18/2010,10.328
10/19/2010,10.196
10/20/2010,10.244
10/21/2010,10.198
10/22/2010,10.12
10/23/2010,9.988
10/24/2010,9.918
10/25/2010,9.826
10/26/2010,9.804
10/27/2010,9.75
10/28/2010,9.59
10/29/2010,9.444
10/30/2010,9.216
10/31/2010,9
11/1/2010,8.87
11/2/2010,8.8
11/3/2010,8.724
11/4/2010,8.632
11/5/2010,8.586
11/6/2010,8.578
11/7/2010,8.542
11/8/2010,8.462
11/9/2010,8.34
11/10/2010,8.29
11/11/2010,8.29
11/12/2010,8.262
11/13/2010,8.202
11/14/2010,8.142
11/15/2010,8.094
11/16/2010,8.046
11/17/2010,8.002
11/18/2010,7.942
11/19/2010,7.894
11/20/2010,7.858
11/21/2010,7.816
11/22/2010,7.8
11/23/2010,7.788
11/24/2010,7.74
11/25/2010,7.642
11/26/2010,7.526
11/27/2010,7.508
11/28/2010,7.49
11/29/2010,7.478
11/30/2010,7.458
12/1/2010,7.43
12/2/2010,7.314
12/3/2010,7.258
12/4/2010,7.23
12/5/2010,7.194
12/6/2010,7.14
12/7/2010,7.08
12/8/2010,6.996
12/9/2010,7.008
12/10/2010,6.954
12/11/2010,6.904
12/12/2010,6.846
12/13/2010,6.802
12/14/2010,6.778
12/15/2010,6.724
12/16/2010,6.674
12/17/2010,6.58
12/18/2010,6.524
12/19/2010,6.494
12/20/2010,6.48
12/21/2010,6.468
12/22/2010,6.43
12/23/2010,6.386
12/24/2010,6.344
12/25/2010,6.266
12/26/2010,6.106
12/27/2010,5.994
12/28/2010,5.98
12/29/2010,6.04
12/30/2010,6.068
12/31/2010,6.064
1/1/2011,5.99
1/2/2011,5.912
1/3/2011,5.87
1/4/2011,5.86
1/5/2011,5.86
1/6/2011,5.86
1/7/2011,5.838
1/8/2011,5.76
1/9/2011,5.654
1/10/2011,5.57
1/11/2011,5.524
1/12/2011,5.52
1/13/2011,5.51
1/14/2011,5.51
1/15/2011,5.5
1/16/2011,5.5
1/17/2011,5.472
1/18/2011,5.434
1/19/2011,5.41
1/20/2011,5.402
1/21/2011,5.39
1/22/2011,5.376
1/23/2011,5.36
1/24/2011,5.35
1/25/2011,5.34
1/26/2011,5.32
1/27/2011,5.29
1/28/2011,5.27
1/29/2011,5.26
1/30/2011,5.238
1/31/2011,5.116
2/1/2011,4.984
2/2/2011,4.908
2/3/2011,4.892
2/4/2011,4.956
2/5/2011,5
2/6/2011,5.01
2/7/2011,5.01
2/8/2011,4.994
2/9/2011,4.98
2/10/2011,4.982
2/11/2011,5
2/12/2011,5
2/13/2011,5
2/14/2011,4.99
2/15/2011,4.98
2/16/2011,4.96
2/17/2011,4.95
2/18/2011,4.95
2/19/2011,4.934
2/20/2011,4.924
2/21/2011,4.92
2/22/2011,4.904
2/23/2011,4.9
2/24/2011,4.9
2/25/2011,4.9
2/26/2011,4.9
2/27/2011,4.884
2/28/2011,4.88
3/1/2011,4.88
3/2/2011,4.87
3/3/2011,4.86
3/4/2011,4.86
3/5/2011,4.86
3/6/2011,4.844
3/7/2011,4.824
3/8/2011,4.818
3/9/2011,4.81
3/10/2011,4.81
3/11/2011,4.81
3/12/2011,4.81
3/13/2011,4.81
3/14/2011,4.852
3/15/2011,4.9
3/16/2011,4.9
3/17/2011,4.9
3/18/2011,4.89
3/19/2011,4.87
3/20/2011,4.87
3/21/2011,4.88
3/22/2011,4.88
3/23/2011,4.848
3/24/2011,4.8
3/25/2011,4.756
3/26/2011,4.72
3/27/2011,4.7
3/28/2011,4.67
3/29/2011,4.66
3/30/2011,4.66
3/31/2011,4.66
4/1/2011,4.654
4/2/2011,4.6
4/3/2011,4.6
4/4/2011,4.616
4/5/2011,4.782
4/6/2011,4.796
4/7/2011,4.78
4/8/2011,4.78
4/9/2011,4.78
4/10/2011,4.78
4/11/2011,4.77
4/12/2011,4.77
4/13/2011,4.738
4/14/2011,4.64
4/15/2011,4.524
4/16/2011,4.45
4/17/2011,4.404
4/18/2011,4.394
4/19/2011,4.39
4/20/2011,4.39
4/21/2011,4.426
4/22/2011,4.42
4/23/2011,4.404
4/24/2011,4.5
4/25/2011,4.61
4/26/2011,4.67
4/27/2011,4.686
4/28/2011,4.69
4/29/2011,4.716
4/30/2011,4.77
5/1/2011,4.782
5/2/2011,4.81
5/3/2011,4.818
5/4/2011,4.73
5/5/2011,4.638
5/6/2011,4.56
5/7/2011,4.498
5/8/2011,4.45
5/9/2011,4.43
5/10/2011,4.438
5/11/2011,4.442
5/12/2011,4.5
5/13/2011,4.562
5/14/2011,4.65
5/15/2011,4.718
5/16/2011,4.73
5/17/2011,4.738
5/18/2011,4.752
5/19/2011,4.8
5/20/2011,4.81
5/21/2011,4.82
5/22/2011,4.866
5/23/2011,4.89
5/24/2011,4.91
5/25/2011,4.92
5/26/2011,4.92
5/27/2011,4.938
5/28/2011,5.012
5/29/2011,5.128
5/30/2011,5.21
5/31/2011,5.24
6/1/2011,5.3
6/2/2011,5.462
6/3/2011,5.558
6/4/2011,5.6
6/5/2011,5.58
6/6/2011,5.506
6/7/2011,5.55
6/8/2011,5.768
6/9/2011,5.9
6/10/2011,5.98
6/11/2011,6.044
6/12/2011,6.07
6/13/2011,6.1
6/14/2011,6.1
6/15/2011,6.066
6/16/2011,6.04
6/17/2011,6.158
6/18/2011,6.346
6/19/2011,6.414
6/20/2011,6.458
6/21/2011,6.47
6/22/2011,6.48
6/23/2011,6.848
6/24/2011,7.05
6/25/2011,7.1
6/26/2011,7.182
6/27/2011,7.984
6/28/2011,8.8
6/29/2011,9.16
6/30/2011,9.214
7/1/2011,9.27
7/2/2011,9.43
7/3/2011,9.928
7/4/2011,10.586
7/5/2011,11.156
7/6/2011,11.45
7/7/2011,11.764
7/8/2011,11.95
7/9/2011,11.974
7/10/2011,11.604
7/11/2011,11.552
7/12/2011,11.414
7/13/2011,11.276
7/14/2011,11.164
7/15/2011,11.046
7/16/2011,11.01
7/17/2011,11.01
7/18/2011,10.976
7/19/2011,10.97
7/20/2011,10.996
7/21/2011,11.216
7/22/2011,11.346
7/23/2011,11.502
7/24/2011,11.676
7/25/2011,11.768
7/26/2011,11.826
7/27/2011,11.85
7/28/2011,11.878
7/29/2011,12.02
7/30/2011,12.11
7/31/2011,12.274
8/1/2011,12.352
8/2/2011,12.4
8/3/2011,12.48
8/4/2011,12.544
8/5/2011,12.54
8/6/2011,12.378
8/7/2011,12.248
8/8/2011,12.166
8/9/2011,12.116
8/10/2011,12.17
8/11/2011,12.25
8/12/2011,12.372
8/13/2011,12.504
8/14/2011,12.524
8/15/2011,12.544
8/16/2011,12.57
8/17/2011,12.584
8/18/2011,12.628
8/19/2011,12.664
8/20/2011,12.758
8/21/2011,12.86
8/22/2011,12.88
8/23/2011,12.854
8/24/2011,12.802
8/25/2011,12.764
8/26/2011,12.734
8/27/2011,12.674
8/28/2011,12.616
8/29/2011,12.576
8/30/2011,12.56
8/31/2011,12.516
9/1/2011,12.466
9/2/2011,12.44
9/3/2011,12.416
9/4/2011,12.38
9/5/2011,12.332
9/6/2011,12.28
9/7/2011,12.234
9/8/2011,12.186
9/9/2011,12.13
9/10/2011,12.08
9/11/2011,12.012
9/12/2011,11.954
9/13/2011,11.974
9/14/2011,12.128
9/15/2011,12.196
9/16/2011,12.292
9/17/2011,12.406
9/18/2011,12.38
9/19/2011,12.326
9/20/2011,12.3
9/21/2011,12.34
9/22/2011,12.42
9/23/2011,12.478
9/24/2011,12.53
9/25/2011,12.508
9/26/2011,12.454
9/27/2011,12.446
9/28/2011,12.54
9/29/2011,12.628
9/30/2011,12.69
10/1/2011,12.866
10/2/2011,12.918
10/3/2011,12.83
10/4/2011,12.752
10/5/2011,12.678
10/6/2011,12.592
10/7/2011,12.526
10/8/2011,12.44
10/9/2011,12.318
10/10/2011,12.152
10/11/2011,12.034
10/12/2011,11.94
10/13/2011,11.856
10/14/2011,11.77
10/15/2011,11.65
10/16/2011,11.562
10/17/2011,11.488
10/18/2011,11.41
10/19/2011,11.306
10/20/2011,11.222
10/21/2011,11.15
10/22/2011,11.074
10/23/2011,10.99
10/24/2011,10.92
10/25/2011,10.814
10/26/2011,10.678
10/27/2011,10.518
10/28/2011,10.376
10/29/2011,10.222
10/30/2011,10.098
10/31/2011,9.9
11/1/2011,9.758
11/2/2011,9.6
11/3/2011,9.45
11/4/2011,9.294
11/5/2011,9.1
11/6/2011,9.044
11/7/2011,8.96
11/8/2011,8.8
11/9/2011,8.67
11/10/2011,8.52
11/11/2011,8.348
11/12/2011,8.16
11/13/2011,8.1
11/14/2011,8.15
11/15/2011,8.08
11/16/2011,8.01
11/17/2011,7.924
11/18/2011,7.872
11/19/2011,7.84
11/20/2011,7.842
11/21/2011,7.866
11/22/2011,7.848
11/23/2011,7.812
11/24/2011,7.766
11/25/2011,7.724
11/26/2011,7.57
11/27/2011,7.548
11/28/2011,7.524
11/29/2011,7.464
11/30/2011,7.39
12/1/2011,7.292
12/2/2011,7.258
12/3/2011,7.232
12/4/2011,7.224
12/5/2011,7.214
12/6/2011,7.2
12/7/2011,7.184
12/8/2011,7.16
12/9/2011,7.012
12/10/2011,6.932
12/11/2011,7.034
12/12/2011,6.964
12/13/2011,6.872
12/14/2011,6.84
12/15/2011,6.82
12/16/2011,6.81
12/17/2011,6.81
12/18/2011,6.796
12/19/2011,6.74
12/20/2011,6.67
12/21/2011,6.642
12/22/2011,6.596
12/23/2011,6.552
12/24/2011,6.486
12/25/2011,6.47
12/26/2011,6.454
12/27/2011,6.416
12/28/2011,6.33
12/29/2011,6.31
12/30/2011,6.284
12/31/2011,6.248
1/1/2012,6.22
1/2/2012,6.2
1/3/2012,6.18
1/4/2012,6.16
1/5/2012,6.14
1/6/2012,6.12
1/7/2012,6.08
1/8/2012,6.06
1/9/2012,6.05
1/10/2012,6.05
1/11/2012,6.004
1/12/2012,5.964
1/13/2012,5.97
1/14/2012,5.98
1/15/2012,6.014
1/16/2012,6.02
1/17/2012,6.02
1/18/2012,6.02
1/19/2012,6.01
1/20/2012,6
1/21/2012,5.98
1/22/2012,5.97
1/23/2012,5.96
1/24/2012,5.93
1/25/2012,5.92
1/26/2012,5.92
1/27/2012,5.91
1/28/2012,5.9
1/29/2012,5.89
1/30/2012,5.89
1/31/2012,5.89
2/1/2012,5.858
2/2/2012,5.836
2/3/2012,5.822
2/4/2012,5.81
2/5/2012,5.79
2/6/2012,5.74
2/7/2012,5.74
2/8/2012,5.718
2/9/2012,5.688
2/10/2012,5.65
2/11/2012,5.63
2/12/2012,5.61
2/13/2012,5.59
2/14/2012,5.58
2/15/2012,5.57
2/16/2012,5.55
2/17/2012,5.54
2/18/2012,5.53
2/19/2012,5.53
2/20/2012,5.51
2/21/2012,5.498
2/22/2012,5.422
2/23/2012,5.348
2/24/2012,5.298
2/25/2012,5.26
2/26/2012,5.258
2/27/2012,5.24
2/28/2012,5.22
2/29/2012,5.22
3/1/2012,5.198
3/2/2012,5.12
3/3/2012,4.862
3/4/2012,4.804
3/5/2012,4.778
3/6/2012,4.75
3/7/2012,4.798
3/8/2012,4.744
3/9/2012,4.74
3/10/2012,4.73
3/11/2012,4.71
3/12/2012,4.7
3/13/2012,4.678
3/14/2012,4.538
3/15/2012,4.374
3/16/2012,4.326
3/17/2012,4.344
3/18/2012,4.34
3/19/2012,4.34
3/20/2012,4.34
3/21/2012,4.35
3/22/2012,4.33
3/23/2012,4.32
3/24/2012,4.31
3/25/2012,4.28
3/26/2012,4.26
3/27/2012,4.25
3/28/2012,4.24
3/29/2012,4.24
3/30/2012,4.24
3/31/2012,4.24
4/1/2012,4.24
4/2/2012,4.24
4/3/2012,4.242
4/4/2012,4.288
4/5/2012,4.328
4/6/2012,4.366
4/7/2012,4.402
4/8/2012,4.478
4/9/2012,4.5
4/10/2012,4.5
4/11/2012,4.5
4/12/2012,4.48
4/13/2012,4.492
4/14/2012,4.552
4/15/2012,4.656
4/16/2012,4.67
4/17/2012,4.648
4/18/2012,4.59
4/19/2012,4.452
4/20/2012,4.45
4/21/2012,4.452
4/22/2012,4.518
4/23/2012,4.52
4/24/2012,4.52
4/25/2012,4.52
4/26/2012,4.53
4/27/2012,4.5
4/28/2012,4.49
4/29/2012,4.5
4/30/2012,4.54
5/1/2012,4.582
5/2/2012,4.63
5/3/2012,4.6
5/4/2012,4.62
5/5/2012,4.64
5/6/2012,4.652
5/7/2012,4.71
5/8/2012,4.768
5/9/2012,4.77
5/10/2012,4.732
5/11/2012,4.698
5/12/2012,4.608
5/13/2012,4.57
5/14/2012,4.54
5/15/2012,4.53
5/16/2012,4.49
5/17/2012,4.48
5/18/2012,4.45
5/19/2012,4.424
5/20/2012,4.45
5/21/2012,4.45
5/22/2012,4.462
5/23/2012,4.58
5/24/2012,4.81
5/25/2012,4.88
5/26/2012,4.888
5/27/2012,4.838
5/28/2012,4.788
5/29/2012,4.75
5/30/2012,4.7
5/31/2012,4.67
6/1/2012,4.644
6/2/2012,4.686
6/3/2012,4.734
6/4/2012,4.88
6/5/2012,5.082
6/6/2012,5.32
6/7/2012,5.578
6/8/2012,5.69
6/9/2012,5.796
6/10/2012,6.036
6/11/2012,6.248
6/12/2012,6.304
6/13/2012,6.23
6/14/2012,6.13
6/15/2012,5.99
6/16/2012,6.002
6/17/2012,6.18
6/18/2012,6.346
6/19/2012,6.562
6/20/2012,6.814
6/21/2012,6.898
6/22/2012,6.832
6/23/2012,6.786
6/24/2012,6.78
6/25/2012,6.784
6/26/2012,6.876
6/27/2012,7.294
6/28/2012,7.552
6/29/2012,7.932
6/30/2012,8.26
7/1/2012,8.52
7/2/2012,8.604
7/3/2012,8.672
7/4/2012,8.59
7/5/2012,8.42
7/6/2012,8.262
7/7/2012,8.24
7/8/2012,8.298
7/9/2012,8.33
7/10/2012,8.408
7/11/2012,8.454
7/12/2012,8.478
7/13/2012,8.562
7/14/2012,8.946
7/15/2012,9.298
7/16/2012,9.668
7/17/2012,9.942
7/18/2012,10.354
7/19/2012,10.65
7/20/2012,10.86
7/21/2012,10.942
7/22/2012,11.04
7/23/2012,11.11
7/24/2012,11.13
7/25/2012,11.002
7/26/2012,10.992
7/27/2012,11.106
7/28/2012,11.13
7/29/2012,11.278
7/30/2012,11.318
7/31/2012,11.35
8/1/2012,11.36
8/2/2012,11.398
8/3/2012,11.448
8/4/2012,11.454
8/5/2012,11.376
8/6/2012,11.45
8/7/2012,11.57
8/8/2012,11.702
8/9/2012,11.836
8/10/2012,11.96
8/11/2012,12.038
8/12/2012,12.05
8/13/2012,11.922
8/14/2012,11.764
8/15/2012,11.728
8/16/2012,11.69
8/17/2012,11.68
8/18/2012,11.674
8/19/2012,11.64
8/20/2012,11.616
8/21/2012,11.562
8/22/2012,11.484
8/23/2012,11.342
8/24/2012,11.29
8/25/2012,11.23
8/26/2012,11.212
8/27/2012,11.254
8/28/2012,11.346
8/29/2012,11.462
8/30/2012,11.58
8/31/2012,11.68
9/1/2012,11.83
9/2/2012,11.876
9/3/2012,11.93
9/4/2012,11.936
9/5/2012,11.88
9/6/2012,11.808
9/7/2012,11.72
9/8/2012,11.65
9/9/2012,11.582
9/10/2012,11.526
9/11/2012,11.42
9/12/2012,11.27
9/13/2012,11.08
9/14/2012,11.03
9/15/2012,11.016
9/16/2012,11.06
9/17/2012,11.33
9/18/2012,11.612
9/19/2012,11.83
9/20/2012,12.03
9/21/2012,12.26
9/22/2012,12.408
9/23/2012,12.528
9/24/2012,12.62
9/25/2012,12.688
9/26/2012,12.7
9/27/2012,12.7
9/28/2012,12.664
9/29/2012,12.6
9/30/2012,12.42
10/1/2012,11.934
10/2/2012,11.592
10/3/2012,11.32
10/4/2012,11.128
10/5/2012,10.992
10/6/2012,10.872
10/7/2012,10.73
10/8/2012,10.572
10/9/2012,10.388
10/10/2012,10.33
10/11/2012,10.364
10/12/2012,10.26
10/13/2012,10.14
10/14/2012,9.95
10/15/2012,9.808
10/16/2012,9.65
10/17/2012,9.44
10/18/2012,9.352
10/19/2012,9.242
10/20/2012,9.08
10/21/2012,8.926
10/22/2012,8.83
10/23/2012,8.74
10/24/2012,8.654
10/25/2012,8.52
10/26/2012,8.34
10/27/2012,8.29
10/28/2012,8.25
10/29/2012,8.172
10/30/2012,8.102
10/31/2012,8.064
11/1/2012,8.002
11/2/2012,7.924
11/3/2012,7.878
11/4/2012,7.85
11/5/2012,7.898
11/6/2012,7.856
11/7/2012,7.762
11/8/2012,7.72
11/9/2012,7.72
11/10/2012,7.744
11/11/2012,7.74
11/12/2012,7.746
11/13/2012,7.74
11/14/2012,7.73
11/15/2012,7.716
11/16/2012,7.71
11/17/2012,7.694
11/18/2012,7.648
11/19/2012,7.63
11/20/2012,7.58
11/21/2012,7.422
11/22/2012,7.352
11/23/2012,7.34
11/24/2012,7.334
11/25/2012,7.256
11/26/2012,7.216
11/27/2012,7.18
11/28/2012,7.12
11/29/2012,7.04
11/30/2012,6.98
12/1/2012,6.904
12/2/2012,6.824
12/3/2012,6.784
12/4/2012,6.742
12/5/2012,6.63
12/6/2012,6.698
12/7/2012,6.606
12/8/2012,6.526
12/9/2012,6.51
12/10/2012,6.51
12/11/2012,6.498
12/12/2012,6.442
12/13/2012,6.41
12/14/2012,6.342
12/15/2012,6.298
12/16/2012,6.28
12/17/2012,6.144
12/18/2012,6.12
12/19/2012,6.11
12/20/2012,6.094
12/21/2012,6.07
12/22/2012,6.036
12/23/2012,6.006
12/24/2012,5.966
12/25/2012,5.924
12/26/2012,5.884
12/27/2012,5.85
12/28/2012,5.804
12/29/2012,5.722
12/30/2012,5.684
12/31/2012,5.66
1/1/2013,5.65
1/2/2013,5.64
1/3/2013,5.63
1/4/2013,5.618
1/5/2013,5.588
1/6/2013,5.558
1/7/2013,5.444
1/8/2013,5.388
1/9/2013,5.312
1/10/2013,5.268
1/11/2013,5.24
1/12/2013,5.23
1/13/2013,5.198
1/14/2013,5.148
1/15/2013,5.094
1/16/2013,4.992
1/17/2013,4.992
1/18/2013,4.94
1/19/2013,4.932
1/20/2013,4.99
1/21/2013,5.024
1/22/2013,5.04
1/23/2013,5.008
1/24/2013,4.96
1/25/2013,4.926
1/26/2013,4.89
1/27/2013,4.87
1/28/2013,4.854
1/29/2013,4.85
1/30/2013,4.87
1/31/2013,4.87
2/1/2013,4.88
2/2/2013,4.89
2/3/2013,4.9
2/4/2013,4.9
2/5/2013,4.896
2/6/2013,4.968
2/7/2013,5.068
2/8/2013,5.06
2/9/2013,5.038
2/10/2013,4.958
2/11/2013,4.92
2/12/2013,4.92
2/13/2013,4.904
2/14/2013,4.9
2/15/2013,4.89
2/16/2013,4.87
2/17/2013,4.85
2/18/2013,4.88
2/19/2013,4.852
2/20/2013,4.802
2/21/2013,4.78
2/22/2013,4.77
2/23/2013,4.77
2/24/2013,4.772
2/25/2013,5.09
2/26/2013,5.236
2/27/2013,5.316
2/28/2013,5.382
3/1/2013,5.416
3/2/2013,5.486
3/3/2013,5.534
3/4/2013,5.654
3/5/2013,5.648
3/6/2013,5.54
3/7/2013,5.494
3/8/2013,5.49
3/9/2013,5.472
3/10/2013,5.414
3/11/2013,5.32
3/12/2013,5.248
3/13/2013,5.214
3/14/2013,5.21
3/15/2013,5.22
3/16/2013,5.23
3/17/2013,5.21
3/18/2013,5.15
3/19/2013,5.05
3/20/2013,4.978
3/21/2013,4.946
3/22/2013,4.924
3/23/2013,4.854
3/24/2013,4.778
3/25/2013,4.728
3/26/2013,4.684
3/27/2013,4.628
3/28/2013,4.588
3/29/2013,4.55
3/30/2013,4.536
3/31/2013,4.53
4/1/2013,4.53
4/2/2013,4.53
4/3/2013,4.53
4/4/2013,4.52
4/5/2013,4.51
4/6/2013,4.5
4/7/2013,4.49
4/8/2013,4.48
4/9/2013,4.48
4/10/2013,4.48
4/11/2013,4.504
4/12/2013,4.5
4/13/2013,4.49
4/14/2013,4.48
4/15/2013,4.47
4/16/2013,4.47
4/17/2013,4.47
4/18/2013,4.47
4/19/2013,4.47
4/20/2013,4.47
4/21/2013,4.47
4/22/2013,4.47
4/23/2013,4.47
4/24/2013,4.48
4/25/2013,4.49
4/26/2013,4.5
4/27/2013,4.52
4/28/2013,4.55
4/29/2013,4.57
4/30/2013,4.57
5/1/2013,4.58
5/2/2013,4.59
5/3/2013,4.6
5/4/2013,4.61
5/5/2013,4.61
5/6/2013,4.63
5/7/2013,4.65
5/8/2013,4.65
5/9/2013,4.65
5/10/2013,4.67
5/11/2013,4.75
5/12/2013,4.87
5/13/2013,4.95
5/14/2013,4.96
5/15/2013,4.918
5/16/2013,4.89
5/17/2013,4.874
5/18/2013,4.838
5/19/2013,4.8
5/20/2013,4.81
5/21/2013,4.916
5/22/2013,4.92
5/23/2013,4.926
5/24/2013,4.968
5/25/2013,5.03
5/26/2013,5.04
5/27/2013,5.04
5/28/2013,5.04
5/29/2013,5.032
5/30/2013,5.086
5/31/2013,5.28
6/1/2013,5.726
6/2/2013,6.058
6/3/2013,6.06
6/4/2013,6.05
6/5/2013,6.648
6/6/2013,6.66
6/7/2013,6.594
6/8/2013,6.452
6/9/2013,6.92
6/10/2013,7.04
6/11/2013,7.138
6/12/2013,7.228
6/13/2013,7.26
6/14/2013,7.234
6/15/2013,7.06
6/16/2013,6.94
6/17/2013,6.732
6/18/2013,6.722
6/19/2013,6.698
6/20/2013,6.69
6/21/2013,6.692
6/22/2013,6.942
6/23/2013,7.49
6/24/2013,8.324
6/25/2013,9.072
6/26/2013,9.52
6/27/2013,9.82
6/28/2013,10.062
6/29/2013,10.16
6/30/2013,10.19
7/1/2013,10.302
7/2/2013,10.536
7/3/2013,10.872
7/4/2013,11.15
7/5/2013,11.35
7/6/2013,11.48
7/7/2013,11.56
7/8/2013,11.582
7/9/2013,11.642
7/10/2013,11.772
7/11/2013,11.896
7/12/2013,12.03
7/13/2013,12.11
7/14/2013,12.18
7/15/2013,12.3
7/16/2013,12.23
7/17/2013,12.174
7/18/2013,12.12
7/19/2013,12.022
7/20/2013,11.962
7/21/2013,11.94
7/22/2013,11.942
7/23/2013,12
7/24/2013,12.06
7/25/2013,12.11
7/26/2013,12.158
7/27/2013,12.194
7/28/2013,12.22
7/29/2013,12.282
7/30/2013,12.4
7/31/2013,12.41
8/1/2013,12.41
8/2/2013,12.41
8/3/2013,12.43
8/4/2013,12.45
8/5/2013,12.502
8/6/2013,12.56
8/7/2013,12.602
8/8/2013,12.668
8/9/2013,12.728
8/10/2013,12.778
8/11/2013,12.828
8/12/2013,12.84
8/13/2013,12.874
8/14/2013,12.9
8/15/2013,12.86
8/16/2013,12.808
8/17/2013,12.762
8/18/2013,12.694
8/19/2013,12.692
8/20/2013,12.758
8/21/2013,12.828
8/22/2013,12.888
8/23/2013,12.94
8/24/2013,13
8/25/2013,12.95
8/26/2013,12.878
8/27/2013,12.828
8/28/2013,12.8
8/29/2013,12.8
8/30/2013,12.81
8/31/2013,12.87
9/1/2013,12.936
9/2/2013,13.032
9/3/2013,13.096
9/4/2013,13.14
9/5/2013,13.208
9/6/2013,13.25
9/7/2013,13.27
9/8/2013,13.27
9/9/2013,13.198
9/10/2013,13.186
9/11/2013,13.146
9/12/2013,12.996
9/13/2013,12.52
9/14/2013,11.832
9/15/2013,11.39
9/16/2013,11.09
9/17/2013,10.892
9/18/2013,10.75
9/19/2013,10.75
9/20/2013,10.74
9/21/2013,10.662
9/22/2013,10.528
9/23/2013,10.398
9/24/2013,10.074
9/25/2013,9.87
9/26/2013,9.722
9/27/2013,9.684
9/28/2013,9.634
9/29/2013,9.59
9/30/2013,9.59
10/1/2013,9.656
10/2/2013,9.668
10/3/2013,9.63
10/4/2013,9.61
10/5/2013,9.59
10/6/2013,9.528
10/7/2013,9.46
10/8/2013,9.464
10/9/2013,9.58
10/10/2013,9.66
10/11/2013,9.78
10/12/2013,10.1
10/13/2013,10.306
10/14/2013,10.536
10/15/2013,10.712
10/16/2013,10.808
10/17/2013,10.882
10/18/2013,10.98
10/19/2013,11.038
10/20/2013,10.976
10/21/2013,10.924
10/22/2013,10.792
10/23/2013,10.5
10/24/2013,10.354
10/25/2013,10.234
10/26/2013,10.196
10/27/2013,10.16
10/28/2013,10.05
10/29/2013,9.858
10/30/2013,9.76
10/31/2013,9.676
11/1/2013,9.582
11/2/2013,9.542
11/3/2013,9.376
11/4/2013,9.308
11/5/2013,9.24
11/6/2013,9.12
11/7/2013,8.95
11/8/2013,8.87
11/9/2013,8.79
11/10/2013,8.73
11/11/2013,8.73
11/12/2013,8.628
11/13/2013,8.574
11/14/2013,8.522
11/15/2013,8.452
11/16/2013,8.36
11/17/2013,8.31
11/18/2013,8.338
11/19/2013,8.272
11/20/2013,8.224
11/21/2013,8.174
11/22/2013,8.114
11/23/2013,8.06
11/24/2013,7.98
11/25/2013,7.928
11/26/2013,7.884
11/27/2013,7.826
11/28/2013,7.8
11/29/2013,7.716
11/30/2013,7.69
12/1/2013,7.678
12/2/2013,7.622
12/3/2013,7.53
12/4/2013,7.484
12/5/2013,7.448
12/6/2013,7.382
12/7/2013,7.328
12/8/2013,7.334
12/9/2013,7.328
12/10/2013,7.328
12/11/2013,7.136
12/12/2013,7.11
12/13/2013,7.16
12/14/2013,7.16
12/15/2013,6.908
12/16/2013,6.9
12/17/2013,6.894
12/18/2013,6.854
12/19/2013,6.84
12/20/2013,6.828
12/21/2013,6.776
12/22/2013,6.71
12/23/2013,6.622
12/24/2013,6.568
12/25/2013,6.536
12/26/2013,6.52
12/27/2013,6.4
12/28/2013,6.264
12/29/2013,6.214
12/30/2013,6.196
12/31/2013,6.158
1/1/2014,6.088
1/2/2014,6.028
1/3/2014,6.01
1/4/2014,6
1/5/2014,6.002
1/6/2014,6.028
1/7/2014,5.97
1/8/2014,5.89
1/9/2014,5.812
1/10/2014,5.778
1/11/2014,5.742
1/12/2014,5.69
1/13/2014,5.644
1/14/2014,5.61
1/15/2014,5.6
1/16/2014,5.61
1/17/2014,5.62
1/18/2014,5.64
1/19/2014,5.64
1/20/2014,5.642
1/21/2014,5.718
1/22/2014,5.796
1/23/2014,5.806
1/24/2014,5.82
1/25/2014,5.83
1/26/2014,5.89
1/27/2014,5.916
1/28/2014,5.92
1/29/2014,5.92
1/30/2014,5.92
1/31/2014,5.96
2/1/2014,6.03
2/2/2014,6.09
2/3/2014,6.062
2/4/2014,6.004
2/5/2014,5.952
2/6/2014,5.914
2/7/2014,5.888
2/8/2014,5.848
2/9/2014,5.84
2/10/2014,5.84
2/11/2014,5.84
2/12/2014,5.84
2/13/2014,5.8
2/14/2014,5.77
2/15/2014,5.76
2/16/2014,5.75
2/17/2014,5.74
2/18/2014,5.72
2/19/2014,5.7
2/20/2014,5.694
2/21/2014,5.72
2/22/2014,5.728
2/23/2014,5.594
2/24/2014,5.49
2/25/2014,5.49
2/26/2014,5.49
2/27/2014,5.48
2/28/2014,5.47
3/1/2014,5.46
3/2/2014,5.46
3/3/2014,5.44
3/4/2014,5.42
3/5/2014,5.44
3/6/2014,5.474
3/7/2014,5.49
3/8/2014,5.514
3/9/2014,5.52
3/10/2014,5.52
3/11/2014,5.52
3/12/2014,5.54
3/13/2014,5.54
3/14/2014,5.56
3/15/2014,5.592
3/16/2014,5.644
3/17/2014,5.67
3/18/2014,5.68
3/19/2014,5.598
3/20/2014,5.54
3/21/2014,5.508
3/22/2014,5.45
3/23/2014,5.388
3/24/2014,5.308
3/25/2014,5.25
3/26/2014,5.218
3/27/2014,5.19
3/28/2014,5.178
3/29/2014,5.138
3/30/2014,5.09
3/31/2014,5.07
4/1/2014,5.05
4/2/2014,5.05
4/3/2014,5.05
4/4/2014,5.05
4/5/2014,5.05
4/6/2014,5.05
4/7/2014,5.018
4/8/2014,4.978
4/9/2014,4.938
4/10/2014,4.908
4/11/2014,4.888
4/12/2014,4.86
4/13/2014,4.8
4/14/2014,4.78
4/15/2014,4.76
4/16/2014,4.74
4/17/2014,4.73
4/18/2014,4.72
4/19/2014,4.71
4/20/2014,4.7
4/21/2014,4.68
4/22/2014,4.67
4/23/2014,4.66
4/24/2014,4.64
4/25/2014,4.63
4/26/2014,4.62
4/27/2014,4.62
4/28/2014,4.6
4/29/2014,4.58
4/30/2014,4.58
5/1/2014,4.59
5/2/2014,4.62
5/3/2014,4.63
5/4/2014,4.608
5/5/2014,4.58
5/6/2014,4.56
5/7/2014,4.56
5/8/2014,4.56
5/9/2014,4.55
5/10/2014,4.54
5/11/2014,4.52
5/12/2014,4.52
5/13/2014,4.51
5/14/2014,4.5
5/15/2014,4.52
5/16/2014,4.544
5/17/2014,4.632
5/18/2014,4.802
5/19/2014,4.962
5/20/2014,5.092
5/21/2014,5.2
5/22/2014,5.28
5/23/2014,5.304
5/24/2014,5.26
5/25/2014,5.24
5/26/2014,5.236
5/27/2014,5.17
5/28/2014,5.108
5/29/2014,5.02
5/30/2014,5.002
5/31/2014,5.07
6/1/2014,5.442
6/2/2014,6.038
6/3/2014,6.1
6/4/2014,6.076
6/5/2014,6.038
6/6/2014,5.904
6/7/2014,5.846
6/8/2014,5.8
6/9/2014,5.812
6/10/2014,5.844
6/11/2014,6.032
6/12/2014,6.432
6/13/2014,6.5
6/14/2014,6.456
6/15/2014,6.43
6/16/2014,6.392
6/17/2014,6.386
6/18/2014,6.434
6/19/2014,6.458
6/20/2014,6.534
6/21/2014,6.578
6/22/2014,6.62
6/23/2014,6.62
6/24/2014,6.65
6/25/2014,6.81
6/26/2014,7.092
6/27/2014,7.726
6/28/2014,7.85
6/29/2014,7.914
6/30/2014,7.852
7/1/2014,7.82
7/2/2014,7.98
7/3/2014,8.28
7/4/2014,8.42
7/5/2014,8.512
7/6/2014,8.732
7/7/2014,8.942
7/8/2014,8.97
7/9/2014,8.97
7/10/2014,8.932
7/11/2014,8.882
7/12/2014,8.85
7/13/2014,8.89
7/14/2014,8.92
7/15/2014,8.94
7/16/2014,9.05
7/17/2014,9.44
7/18/2014,9.568
7/19/2014,9.58
7/20/2014,9.568
7/21/2014,9.464
7/22/2014,9.52
7/23/2014,9.662
7/24/2014,9.898
7/25/2014,10.188
7/26/2014,10.4
7/27/2014,10.598
7/28/2014,10.71
7/29/2014,10.812
7/30/2014,10.91
7/31/2014,10.892
8/1/2014,10.622
8/2/2014,10.55
8/3/2014,10.506
8/4/2014,10.58
8/5/2014,10.6
8/6/2014,10.634
8/7/2014,10.684
8/8/2014,10.71
8/9/2014,10.76
8/10/2014,10.944
8/11/2014,11.09
8/12/2014,11.16
8/13/2014,11.26
8/14/2014,11.34
8/15/2014,11.456
8/16/2014,11.63
8/17/2014,11.75
8/18/2014,12
8/19/2014,12.13
8/20/2014,12.19
8/21/2014,12.3
8/22/2014,12.43
8/23/2014,12.45
8/24/2014,12.44
8/25/2014,12.396
8/26/2014,12.374
8/27/2014,12.25
8/28/2014,12.086
8/29/2014,11.926
8/30/2014,11.854
8/31/2014,11.82
9/1/2014,11.78
9/2/2014,11.58
9/3/2014,11.422
9/4/2014,11.352
9/5/2014,11.22
9/6/2014,10.95
9/7/2014,10.82
9/8/2014,10.62
9/9/2014,10.53
9/10/2014,10.452
9/11/2014,10.396
9/12/2014,10.34
9/13/2014,10.32
9/14/2014,10.408
9/15/2014,10.43
9/16/2014,10.41
9/17/2014,10.47
9/18/2014,10.608
9/19/2014,10.64
9/20/2014,10.7
9/21/2014,10.94
9/22/2014,10.99
9/23/2014,11.022
9/24/2014,11.1
9/25/2014,11.14
9/26/2014,11.122
9/27/2014,11.058
9/28/2014,10.96
9/29/2014,10.91
9/30/2014,10.884
10/1/2014,10.86
10/2/2014,10.804
10/3/2014,10.57
10/4/2014,10.332
10/5/2014,10.166
10/6/2014,9.982
10/7/2014,9.86
10/8/2014,9.71
10/9/2014,9.548
10/10/2014,9.328
10/11/2014,9.22
10/12/2014,9.08
10/13/2014,8.95
10/14/2014,8.86
10/15/2014,8.572
10/16/2014,8.47
10/17/2014,8.402
10/18/2014,8.37
10/19/2014,8.456
10/20/2014,8.91
10/21/2014,9.104
10/22/2014,9.22
10/23/2014,9.28
10/24/2014,9.276
10/25/2014,9.17
10/26/2014,9.08
10/27/2014,8.958
10/28/2014,8.85
10/29/2014,8.698
10/30/2014,8.576
10/31/2014,8.438
11/1/2014,8.32
11/2/2014,8.222
11/3/2014,8.168
11/4/2014,8.048
11/5/2014,7.98
11/6/2014,7.882
11/7/2014,7.802
11/8/2014,7.732
11/9/2014,7.672
11/10/2014,7.618
11/11/2014,7.522
11/12/2014,7.49
11/13/2014,7.49
11/14/2014,7.43
11/15/2014,7.292
11/16/2014,7.23
11/17/2014,7.172
11/18/2014,7.112
11/19/2014,7.02
11/20/2014,6.952
11/21/2014,6.91
11/22/2014,6.888
11/23/2014,6.83
11/24/2014,6.756
11/25/2014,6.72
11/26/2014,6.69
11/27/2014,6.62
11/28/2014,6.552
11/29/2014,6.51
11/30/2014,6.486
12/1/2014,6.45
12/2/2014,6.438
12/3/2014,6.36
12/4/2014,6.31
12/5/2014,6.276
12/6/2014,6.254
12/7/2014,6.162
12/8/2014,6.092
12/9/2014,6.106
12/10/2014,6.094
12/11/2014,6.046
12/12/2014,6.028
12/13/2014,5.966
12/14/2014,5.96
12/15/2014,5.906
12/16/2014,5.878
12/17/2014,5.812
12/18/2014,5.788
12/19/2014,5.776
12/20/2014,5.716
12/21/2014,5.684
12/22/2014,5.636
12/23/2014,5.616
12/24/2014,5.61
12/25/2014,5.562
12/26/2014,5.5
12/27/2014,5.392
12/28/2014,5.426
12/29/2014,5.428
12/30/2014,5.346
12/31/2014,5.348
1/1/2015,5.37
1/2/2015,5.38
1/3/2015,5.388
1/4/2015,5.338
1/5/2015,5.284
1/6/2015,5.28
1/7/2015,5.3
1/8/2015,5.258
1/9/2015,5.194
1/10/2015,5.144
1/11/2015,5.132
1/12/2015,5.18
1/13/2015,5.2
1/14/2015,5.19
1/15/2015,5.18
1/16/2015,5.2
1/17/2015,5.222
1/18/2015,5.262
1/19/2015,5.282
1/20/2015,5.302
1/21/2015,5.308
1/22/2015,5.22
1/23/2015,5.156
1/24/2015,5.092
1/25/2015,5.068
1/26/2015,5.038
1/27/2015,4.984
1/28/2015,4.934
1/29/2015,4.878
1/30/2015,4.834
1/31/2015,4.78
2/1/2015,4.772
2/2/2015,4.78
2/3/2015,4.758
2/4/2015,4.68
2/5/2015,4.526
2/6/2015,4.55
2/7/2015,4.58
2/8/2015,4.668
2/9/2015,4.644
2/10/2015,4.568
2/11/2015,4.51
2/12/2015,4.488
2/13/2015,4.472
2/14/2015,4.474
2/15/2015,4.524
2/16/2015,4.53
2/17/2015,4.53
2/18/2015,4.52
2/19/2015,4.5
2/20/2015,4.49
2/21/2015,4.44
2/22/2015,4.384
2/23/2015,4.368
2/24/2015,4.314
2/25/2015,4.262
2/26/2015,4.174
2/27/2015,4.148
2/28/2015,4.114
3/1/2015,4.148
3/2/2015,4.158
3/3/2015,4.13
3/4/2015,4.13
3/5/2015,4.12
3/6/2015,4.11
3/7/2015,4.09
3/8/2015,4.09
3/9/2015,4.08
3/10/2015,4.06
3/11/2015,4.04
3/12/2015,4.03
3/13/2015,4.04
3/14/2015,4.076
3/15/2015,4.116
3/16/2015,4.176
3/17/2015,4.368
3/18/2015,4.582
3/19/2015,4.598
3/20/2015,4.53
3/21/2015,4.452
3/22/2015,4.43
3/23/2015,4.41
3/24/2015,4.39
3/25/2015,4.38
3/26/2015,4.37
3/27/2015,4.36
3/28/2015,4.35
3/29/2015,4.372
3/30/2015,4.408
3/31/2015,4.516
4/1/2015,4.542
4/2/2015,4.606
4/3/2015,4.74
4/4/2015,4.788
4/5/2015,4.874
4/6/2015,4.918
4/7/2015,4.926
4/8/2015,5.004
4/9/2015,5.02
4/10/2015,5.024
4/11/2015,5.02
4/12/2015,5.02
4/13/2015,5.016
4/14/2015,4.998
4/15/2015,4.958
4/16/2015,4.93
4/17/2015,4.92
4/18/2015,4.91
4/19/2015,4.918
4/20/2015,4.844
4/21/2015,4.794
4/22/2015,4.78
4/23/2015,4.78
4/24/2015,4.792
4/25/2015,4.878
4/26/2015,4.858
4/27/2015,4.782
4/28/2015,4.808
4/29/2015,4.908
4/30/2015,5.024
5/1/2015,5.126
5/2/2015,5.208
5/3/2015,5.238
5/4/2015,5.23
5/5/2015,5.23
5/6/2015,5.24
5/7/2015,5.25
5/8/2015,5.262
5/9/2015,5.298
5/10/2015,5.332
5/11/2015,5.392
5/12/2015,5.436
5/13/2015,5.396
5/14/2015,5.354
5/15/2015,5.35
5/16/2015,5.384
5/17/2015,5.36
5/18/2015,5.362
5/19/2015,5.414
5/20/2015,5.42
5/21/2015,5.39
5/22/2015,5.402
5/23/2015,5.476
5/24/2015,5.528
5/25/2015,5.59
5/26/2015,5.784
5/27/2015,5.926
5/28/2015,5.952
5/29/2015,5.982
5/30/2015,6.048
5/31/2015,6.062
6/1/2015,6.082
6/2/2015,6.18
6/3/2015,6.242
6/4/2015,6.27
6/5/2015,6.28
6/6/2015,6.29
6/7/2015,6.34
6/8/2015,6.39
6/9/2015,6.418
6/10/2015,6.512
6/11/2015,6.73
6/12/2015,6.84
6/13/2015,6.932
6/14/2015,7.122
6/15/2015,7.302
6/16/2015,7.49
6/17/2015,7.666
6/18/2015,7.602
6/19/2015,7.384
6/20/2015,7.31
6/21/2015,7.336
6/22/2015,7.392
6/23/2015,7.308
6/24/2015,7.378
6/25/2015,7.4
6/26/2015,7.39
6/27/2015,7.47
6/28/2015,7.612
6/29/2015,7.63
6/30/2015,7.94
7/1/2015,7.94
7/2/2015,7.942
7/3/2015,8.012
7/4/2015,8.28
7/5/2015,8.87
7/6/2015,9.106
7/7/2015,9.26
7/8/2015,9.466
7/9/2015,9.49
7/10/2015,9.528
7/11/2015,9.416
7/12/2015,9.302
7/13/2015,9.312
7/14/2015,9.43
7/15/2015,9.596
7/16/2015,9.644
7/17/2015,9.792
7/18/2015,10.09
7/19/2015,10.294
7/20/2015,10.352
7/21/2015,10.402
7/22/2015,10.582
7/23/2015,10.802
7/24/2015,10.88
7/25/2015,10.896
7/26/2015,10.78
7/27/2015,10.606
7/28/2015,10.5
7/29/2015,10.402
7/30/2015,10.394
7/31/2015,10.502
8/1/2015,10.592
8/2/2015,10.782
8/3/2015,11.08
8/4/2015,11.35
8/5/2015,11.5
8/6/2015,11.52
8/7/2015,11.472
8/8/2015,11.28
8/9/2015,11.154
8/10/2015,11.06
8/11/2015,10.958
8/12/2015,10.834
8/13/2015,10.728
8/14/2015,10.76
8/15/2015,10.842
8/16/2015,11.06
8/17/2015,11.32
8/18/2015,11.5
8/19/2015,11.73
8/20/2015,11.812
8/21/2015,12
8/22/2015,12.242
8/23/2015,12.45
8/24/2015,12.65
8/25/2015,12.744
8/26/2015,12.832
8/27/2015,12.86
8/28/2015,12.89
8/29/2015,12.838
8/30/2015,12.702
8/31/2015,12.628
9/1/2015,12.478
9/2/2015,12.38
9/3/2015,12.312
9/4/2015,12.34
9/5/2015,12.282
9/6/2015,12.27
9/7/2015,12.268
9/8/2015,12.198
9/9/2015,12.078
9/10/2015,11.886
9/11/2015,11.66
9/12/2015,11.36
9/13/2015,11.108
9/14/2015,10.87
9/15/2015,10.672
9/16/2015,10.52
9/17/2015,10.38
9/18/2015,10.268
9/19/2015,10.156
9/20/2015,10.04
9/21/2015,10.018
9/22/2015,9.87
9/23/2015,9.93
9/24/2015,10.004
9/25/2015,9.968
9/26/2015,9.99
9/27/2015,9.978
9/28/2015,9.902
9/29/2015,9.868
9/30/2015,9.736
10/1/2015,9.602
10/2/2015,9.476
10/3/2015,9.256
10/4/2015,9.08
10/5/2015,8.968
10/6/2015,8.8
10/7/2015,8.622
10/8/2015,8.5
10/9/2015,8.42
10/10/2015,8.258
10/11/2015,8.106
10/12/2015,7.972
10/13/2015,7.85
10/14/2015,7.712
10/15/2015,7.688
10/16/2015,7.632
10/17/2015,7.56
10/18/2015,7.48
10/19/2015,7.38
10/20/2015,7.3
10/21/2015,7.242
10/22/2015,7.198
10/23/2015,7.09
10/24/2015,7.034
10/25/2015,6.988
10/26/2015,6.912
10/27/2015,6.772
10/28/2015,6.744
10/29/2015,6.672
10/30/2015,6.62
10/31/2015,6.67
11/1/2015,6.68
11/2/2015,6.66
11/3/2015,6.65
11/4/2015,6.634
11/5/2015,6.612
11/6/2015,6.542
11/7/2015,6.482
11/8/2015,6.454
11/9/2015,6.47
11/10/2015,6.488
11/11/2015,6.454
11/12/2015,6.404
11/13/2015,6.38
11/14/2015,6.36
11/15/2015,6.372
11/16/2015,6.446
11/17/2015,6.46
11/18/2015,6.438
11/19/2015,6.386
11/20/2015,6.37
11/21/2015,6.33
11/22/2015,6.24
11/23/2015,6.168
11/24/2015,6.198
11/25/2015,6.156
11/26/2015,6.14
11/27/2015,6.102
11/28/2015,6.046
11/29/2015,6.04
11/30/2015,6.038
12/1/2015,5.986
12/2/2015,6.022
12/3/2015,6.074
12/4/2015,6.066
12/5/2015,5.984
12/6/2015,5.926
12/7/2015,5.91
12/8/2015,5.9
12/9/2015,5.88
12/10/2015,5.836
12/11/2015,5.818
12/12/2015,5.69
12/13/2015,5.66
12/14/2015,5.626
12/15/2015,5.586
12/16/2015,5.57
12/17/2015,5.55
12/18/2015,5.538
12/19/2015,5.47
12/20/2015,5.406
12/21/2015,5.38
12/22/2015,5.278
12/23/2015,5.218
12/24/2015,5.198
12/25/2015,5.162
12/26/2015,5.124
12/27/2015,5.052
12/28/2015,5.04
12/29/2015,4.974
12/30/2015,4.914
12/31/2015,4.86
1/1/2016,4.838
1/2/2016,4.806
1/3/2016,4.8
1/4/2016,4.788
1/5/2016,4.72
1/6/2016,4.642
1/7/2016,4.62
1/8/2016,4.62
1/9/2016,4.62
1/10/2016,4.596
1/11/2016,4.58
1/12/2016,4.58
1/13/2016,4.58
1/14/2016,4.56
1/15/2016,4.538
1/16/2016,4.502
1/17/2016,4.454
1/18/2016,4.384
1/19/2016,4.312
1/20/2016,4.3
1/21/2016,4.32
1/22/2016,4.332
1/23/2016,4.352
1/24/2016,4.396
1/25/2016,4.41
1/26/2016,4.378
1/27/2016,4.32
1/28/2016,4.252
1/29/2016,4.25
1/30/2016,4.252
1/31/2016,4.314
2/1/2016,4.32
2/2/2016,4.31
2/3/2016,4.29
2/4/2016,4.27
2/5/2016,4.26
2/6/2016,4.248
2/7/2016,4.22
2/8/2016,4.21
2/9/2016,4.19
2/10/2016,4.2
2/11/2016,4.19
2/12/2016,4.19
2/13/2016,4.19
2/14/2016,4.178
2/15/2016,4.15
2/16/2016,4.15
2/17/2016,4.138
2/18/2016,4.12
2/19/2016,4.12
2/20/2016,4.12
2/21/2016,4.11
2/22/2016,4.09
2/23/2016,4.076
2/24/2016,4.038
2/25/2016,4.008
2/26/2016,3.978
2/27/2016,3.95
2/28/2016,3.94
2/29/2016,3.93
3/1/2016,3.93
3/2/2016,3.928
3/3/2016,3.908
3/4/2016,3.878
3/5/2016,3.85
3/6/2016,3.838
3/7/2016,3.82
3/8/2016,3.778
3/9/2016,3.76
3/10/2016,3.77
3/11/2016,3.78
3/12/2016,3.79
3/13/2016,3.792
3/14/2016,3.884
3/15/2016,4.042
3/16/2016,4.14
3/17/2016,4.14
3/18/2016,4.15
3/19/2016,4.158
3/20/2016,4.094
3/21/2016,4.06
3/22/2016,4.078
3/23/2016,4.038
3/24/2016,3.788
3/25/2016,3.546
3/26/2016,3.43
3/27/2016,3.374
3/28/2016,3.37
3/29/2016,3.37
3/30/2016,3.372
3/31/2016,3.4
4/1/2016,3.396
4/2/2016,3.37
4/3/2016,3.384
4/4/2016,3.634
4/5/2016,3.86
4/6/2016,3.992
4/7/2016,4.084
4/8/2016,4.162
4/9/2016,4.2
4/10/2016,4.21
4/11/2016,4.154
4/12/2016,4.164
4/13/2016,4.126
4/14/2016,3.988
4/15/2016,3.794
4/16/2016,3.692
4/17/2016,3.766
4/18/2016,3.878
4/19/2016,3.89
4/20/2016,3.912
4/21/2016,3.952
4/22/2016,4.032
4/23/2016,4.1
4/24/2016,4.272
4/25/2016,4.43
4/26/2016,4.514
4/27/2016,4.592
4/28/2016,4.66
4/29/2016,4.726
4/30/2016,4.83
5/1/2016,4.998
5/2/2016,5.1
5/3/2016,5.044
5/4/2016,4.886
5/5/2016,4.736
5/6/2016,4.686
5/7/2016,4.75
5/8/2016,4.828
5/9/2016,4.73
5/10/2016,4.62
5/11/2016,4.456
5/12/2016,4.342
5/13/2016,4.308
5/14/2016,4.27
5/15/2016,4.27
5/16/2016,4.316
5/17/2016,4.262
5/18/2016,4.242
5/19/2016,4.312
5/20/2016,4.452
5/21/2016,4.716
5/22/2016,4.89
5/23/2016,5.172
5/24/2016,5.508
5/25/2016,5.736
5/26/2016,5.738
5/27/2016,5.648
5/28/2016,5.53
5/29/2016,5.468
5/30/2016,5.41
5/31/2016,5.378
6/1/2016,5.39
6/2/2016,5.4
6/3/2016,5.42
6/4/2016,5.454
6/5/2016,5.416
6/6/2016,5.328
6/7/2016,5.208
6/8/2016,5.178
6/9/2016,5.11
6/10/2016,5.064
6/11/2016,4.982
6/12/2016,4.912
6/13/2016,5.122
6/14/2016,5.35
6/15/2016,5.47
6/16/2016,5.55
6/17/2016,5.682
6/18/2016,5.99
6/19/2016,6.36
6/20/2016,6.676
6/21/2016,6.71
6/22/2016,6.652
6/23/2016,6.722
6/24/2016,7.186
6/25/2016,7.686
6/26/2016,8.204
6/27/2016,8.334
6/28/2016,8.66
6/29/2016,8.718
6/30/2016,8.6
7/1/2016,8.46
7/2/2016,8.38
7/3/2016,8.416
7/4/2016,8.58
7/5/2016,8.702
7/6/2016,9.01
7/7/2016,9.132
7/8/2016,9.226
7/9/2016,9.372
7/10/2016,9.55
7/11/2016,9.752
7/12/2016,9.896
7/13/2016,10.026
7/14/2016,10.12
7/15/2016,10.806
7/16/2016,11.168
7/17/2016,11.334
7/18/2016,11.532
7/19/2016,11.652
7/20/2016,11.91
7/21/2016,12.08
7/22/2016,12.27
7/23/2016,12.32
7/24/2016,12.36
7/25/2016,12.44
7/26/2016,12.52
7/27/2016,12.59
7/28/2016,12.65
7/29/2016,12.76
7/30/2016,12.79
7/31/2016,12.79
8/1/2016,12.8
8/2/2016,12.81
8/3/2016,12.762
8/4/2016,12.704
8/5/2016,12.668
8/6/2016,12.634
8/7/2016,12.538
8/8/2016,12.366
8/9/2016,12.244
8/10/2016,12.144
8/11/2016,12.052
8/12/2016,11.968
8/13/2016,11.982
8/14/2016,12.02
8/15/2016,12.08
8/16/2016,12.208
8/17/2016,12.332
8/18/2016,12.5
8/19/2016,12.55
8/20/2016,12.59
8/21/2016,12.68
8/22/2016,12.76
8/23/2016,12.852
8/24/2016,12.962
8/25/2016,13.06
8/26/2016,13.198
8/27/2016,13.296
8/28/2016,13.272
8/29/2016,13.246
8/30/2016,13.224
8/31/2016,13.196
9/1/2016,13.164
9/2/2016,13.06
9/3/2016,12.904
9/4/2016,12.658
9/5/2016,12.23
9/6/2016,11.92
9/7/2016,11.62
9/8/2016,11.568
9/9/2016,11.56
9/10/2016,11.546
9/11/2016,11.506
9/12/2016,11.5
9/13/2016,11.51
9/14/2016,11.534
9/15/2016,11.598
9/16/2016,11.572
9/17/2016,11.49
9/18/2016,11.338
9/19/2016,11.288
9/20/2016,11.274
9/21/2016,11.246
9/22/2016,11.216
9/23/2016,11.2
9/24/2016,11.244
9/25/2016,11.236
9/26/2016,11.25
9/27/2016,11.25
9/28/2016,11.178
9/29/2016,11.24
9/30/2016,11.36
10/1/2016,11.44
10/2/2016,11.48
10/3/2016,11.562
10/4/2016,11.65
10/5/2016,11.71
10/6/2016,11.59
10/7/2016,11.41
10/8/2016,11.22
10/9/2016,11.02
10/10/2016,10.844
10/11/2016,10.82
10/12/2016,10.84
10/13/2016,10.814
10/14/2016,10.8
10/15/2016,10.87
10/16/2016,10.944
10/17/2016,10.94
10/18/2016,10.876
10/19/2016,10.79
10/20/2016,10.448
10/21/2016,10.254
10/22/2016,10.22
10/23/2016,10.122
10/24/2016,9.924
10/25/2016,9.57
10/26/2016,9.442
10/27/2016,9.34
10/28/2016,9.232
10/29/2016,9.132
10/30/2016,8.946
10/31/2016,8.83
11/1/2016,8.786
11/2/2016,8.726
11/3/2016,8.598
11/4/2016,8.482
11/5/2016,8.434
11/6/2016,8.36
11/7/2016,8.238
11/8/2016,8.2
11/9/2016,8.1
11/10/2016,8.03
11/11/2016,7.984
11/12/2016,7.882
11/13/2016,8.058
11/14/2016,8.15
11/15/2016,8.102
11/16/2016,7.958
11/17/2016,7.92
11/18/2016,7.882
11/19/2016,7.844
11/20/2016,8.038
11/21/2016,8.008
11/22/2016,7.92
11/23/2016,7.818
11/24/2016,7.72
11/25/2016,7.7
11/26/2016,7.7
11/27/2016,7.69
11/28/2016,7.638
11/29/2016,7.61
11/30/2016,7.586
12/1/2016,7.566
12/2/2016,7.56
12/3/2016,7.548
12/4/2016,7.51
12/5/2016,7.474
12/6/2016,7.444
12/7/2016,7.42
12/8/2016,7.344
12/9/2016,7.276
12/10/2016,7.242
12/11/2016,7.25
12/12/2016,7.24
12/13/2016,7.23
12/14/2016,7.136
12/15/2016,7.042
12/16/2016,7.07
12/17/2016,7.096
12/18/2016,7.078
12/19/2016,6.846
12/20/2016,6.574
12/21/2016,6.3
12/22/2016,6.042
12/23/2016,5.92
12/24/2016,5.89
12/25/2016,5.868
12/26/2016,5.782
12/27/2016,5.728
12/28/2016,5.676
12/29/2016,5.65
12/30/2016,5.608
12/31/2016,5.492
1/1/2017,5.456
1/2/2017,5.414
1/3/2017,5.39
1/4/2017,5.378
1/5/2017,5.328
1/6/2017,5.286
1/7/2017,5.24
1/8/2017,5.198
1/9/2017,5.138
1/10/2017,5.068
1/11/2017,4.998
1/12/2017,4.928
1/13/2017,4.876
1/14/2017,4.83
1/15/2017,4.882
1/16/2017,4.952
1/17/2017,4.958
1/18/2017,4.878
1/19/2017,4.802
1/20/2017,4.768
1/21/2017,4.742
1/22/2017,4.718
1/23/2017,4.68
1/24/2017,4.67
1/25/2017,4.67
1/26/2017,4.67
1/27/2017,4.67
1/28/2017,4.67
1/29/2017,4.67
1/30/2017,4.67
1/31/2017,4.67
2/1/2017,4.638
2/2/2017,4.59
2/3/2017,4.57
2/4/2017,4.55
2/5/2017,4.51
2/6/2017,4.47
2/7/2017,4.44
2/8/2017,4.43
2/9/2017,4.42
2/10/2017,4.41
2/11/2017,4.39
2/12/2017,4.38
2/13/2017,4.38
2/14/2017,4.37
2/15/2017,4.362
2/16/2017,4.344
2/17/2017,4.33
2/18/2017,4.314
2/19/2017,4.296
2/20/2017,4.258
2/21/2017,4.224
2/22/2017,4.17
2/23/2017,4.16
2/24/2017,4.172
2/25/2017,4.19
2/26/2017,4.19
2/27/2017,4.19
2/28/2017,4.19
3/1/2017,4.19
3/2/2017,4.18
3/3/2017,4.158
3/4/2017,4.14
3/5/2017,4.13
3/6/2017,4.118
3/7/2017,4.088
3/8/2017,4.054
3/9/2017,4.024
3/10/2017,4.02
3/11/2017,4.008
3/12/2017,3.974
3/13/2017,3.998
3/14/2017,4.088
3/15/2017,4.128
3/16/2017,4.17
3/17/2017,4.18
3/18/2017,4.19
3/19/2017,4.17
3/20/2017,4.17
3/21/2017,4.18
3/22/2017,4.17
3/23/2017,4.158
3/24/2017,4.064
3/25/2017,3.984
3/26/2017,3.946
3/27/2017,3.904
3/28/2017,3.9
3/29/2017,3.9
3/30/2017,3.9
3/31/2017,3.9
4/1/2017,3.9
4/2/2017,3.9
4/3/2017,3.918
4/4/2017,4.076
4/5/2017,4.168
4/6/2017,4.21
4/7/2017,4.236
4/8/2017,4.27
4/9/2017,4.27
4/10/2017,4.27
4/11/2017,4.29
4/12/2017,4.312
4/13/2017,4.356
4/14/2017,4.35
4/15/2017,4.34
4/16/2017,4.34
4/17/2017,4.314
4/18/2017,4.294
4/19/2017,4.292
4/20/2017,4.352
4/21/2017,4.302
4/22/2017,4.256
4/23/2017,4.152
4/24/2017,4.178
4/25/2017,4.272
4/26/2017,4.38
4/27/2017,4.428
4/28/2017,4.476
4/29/2017,4.522
4/30/2017,4.616
5/1/2017,4.6
5/2/2017,4.59
5/3/2017,4.562
5/4/2017,4.712
5/5/2017,4.858
5/6/2017,5.018
5/7/2017,5.008
5/8/2017,4.96
5/9/2017,4.94
5/10/2017,4.918
5/11/2017,4.874
5/12/2017,4.818
5/13/2017,4.78
5/14/2017,4.776
5/15/2017,4.84
5/16/2017,4.84
5/17/2017,4.848
5/18/2017,4.742
5/19/2017,4.676
5/20/2017,4.628
5/21/2017,4.61
5/22/2017,4.63
5/23/2017,4.63
5/24/2017,4.62
5/25/2017,4.62
5/26/2017,4.672
5/27/2017,4.75
5/28/2017,4.822
5/29/2017,4.926
5/30/2017,5.032
5/31/2017,5.062
6/1/2017,5.09
6/2/2017,5.12
6/3/2017,5.16
6/4/2017,5.17
6/5/2017,5.23
6/6/2017,5.28
6/7/2017,5.59
6/8/2017,5.88
6/9/2017,6.1
6/10/2017,6.19
6/11/2017,6.16
6/12/2017,6.03
6/13/2017,5.86
6/14/2017,5.71
6/15/2017,5.63
6/16/2017,5.6
6/17/2017,5.59
6/18/2017,5.64
6/19/2017,5.79
6/20/2017,6.04
6/21/2017,6.33
6/22/2017,6.54
6/23/2017,6.68
6/24/2017,6.76
6/25/2017,6.8
6/26/2017,6.9
6/27/2017,6.99
6/28/2017,6.97
6/29/2017,6.93
6/30/2017,6.93
7/1/2017,7.392
7/2/2017,7.49
7/3/2017,7.622
7/4/2017,7.762
7/5/2017,7.87
7/6/2017,8.054
7/7/2017,8.274
7/8/2017,8.442
7/9/2017,8.574
7/10/2017,8.664
7/11/2017,8.796
7/12/2017,8.97
7/13/2017,9.128
7/14/2017,9.258
7/15/2017,9.3
7/16/2017,9.26
7/17/2017,9.11
7/18/2017,8.906
7/19/2017,8.72
7/20/2017,8.558
7/21/2017,8.398
7/22/2017,8.236
7/23/2017,8.12
7/24/2017,8.154
7/25/2017,8.186
7/26/2017,8.11
7/27/2017,8.006
7/28/2017,7.92
7/29/2017,7.844
7/30/2017,7.808
7/31/2017,7.86
8/1/2017,11.2
8/2/2017,11.25
8/3/2017,11.226
8/4/2017,11.194
8/5/2017,11.14
8/6/2017,11.17
8/7/2017,11.218
8/8/2017,11.302
8/9/2017,11.354
8/10/2017,11.464
8/11/2017,11.65
8/12/2017,11.74
8/13/2017,11.946
8/14/2017,12.21
8/15/2017,12.458
8/16/2017,12.65
8/17/2017,12.738
8/18/2017,12.84
8/19/2017,12.92
8/20/2017,12.96
8/21/2017,12.986
8/22/2017,12.97
8/23/2017,12.938
8/24/2017,12.892
8/25/2017,12.81
8/26/2017,12.654
8/27/2017,12.51
8/28/2017,12.49
8/29/2017,12.37
8/30/2017,12.26
8/31/2017,12.1
9/1/2017,12.01
9/2/2017,11.99
9/3/2017,11.912
9/4/2017,11.89
9/5/2017,11.876
9/6/2017,11.796
9/7/2017,11.764
9/8/2017,11.75
9/9/2017,11.722
9/10/2017,11.59
9/11/2017,11.418
9/12/2017,11.14
9/13/2017,11.022
9/14/2017,10.994
9/15/2017,10.97
9/16/2017,10.852
9/17/2017,10.786
9/18/2017,10.756
9/19/2017,10.61
9/20/2017,10.482
9/21/2017,10.358
9/22/2017,10.33
9/23/2017,10.354
9/24/2017,10.29
9/25/2017,10.202
9/26/2017,10.112
9/27/2017,10.05
9/28/2017,10.01
9/29/2017,10
9/30/2017,10
10/1/2017,10.024
10/2/2017,9.962
10/3/2017,9.926
10/4/2017,9.92
10/5/2017,9.91
10/6/2017,10.19
10/7/2017,10.14
10/8/2017,10.106
10/9/2017,10.046
10/10/2017,9.94
10/11/2017,9.79
10/12/2017,9.702
10/13/2017,9.676
10/14/2017,9.67
10/15/2017,9.74
10/16/2017,9.6
10/17/2017,9.42
10/18/2017,9.156
10/19/2017,9.05
10/20/2017,8.992
10/21/2017,9
10/22/2017,8.92
10/23/2017,8.774
10/24/2017,8.636
10/25/2017,8.42
10/26/2017,8.4
10/27/2017,8.39
10/28/2017,8.374
10/29/2017,8.25
10/30/2017,8.064
10/31/2017,8.07
11/1/2017,8.024
11/2/2017,7.952
11/3/2017,7.82
11/4/2017,7.79
11/5/2017,7.75
11/6/2017,7.692
11/7/2017,7.62
11/8/2017,7.52
11/9/2017,7.338
11/10/2017,7.286
11/11/2017,7.246
11/12/2017,7.28
11/13/2017,7.256
11/14/2017,7.16
11/15/2017,7.088
11/16/2017,7.046
11/17/2017,7.02
11/18/2017,6.982
11/19/2017,6.89
11/20/2017,6.76
11/21/2017,6.716
11/22/2017,6.674
11/23/2017,6.66
11/24/2017,6.622
11/25/2017,6.482
11/26/2017,6.422
11/27/2017,6.37
11/28/2017,6.346
11/29/2017,6.33
11/30/2017,6.32
12/1/2017,6.198
12/2/2017,6.154
12/3/2017,6.118
12/4/2017,6.11
12/5/2017,6.1
12/6/2017,6.056
12/7/2017,5.932
12/8/2017,5.93
12/9/2017,5.932
12/10/2017,5.97
12/11/2017,5.882
12/12/2017,5.842
12/13/2017,5.82
12/14/2017,5.8
12/15/2017,5.734
12/16/2017,5.666
12/17/2017,5.64
12/18/2017,5.614
12/19/2017,5.556
12/20/2017,5.46
12/21/2017,5.376
12/22/2017,5.37
12/23/2017,5.36
12/24/2017,5.36
12/25/2017,5.302
12/26/2017,5.27
12/27/2017,5.26
12/28/2017,5.24
12/29/2017,5.186
12/30/2017,5.118
12/31/2017,4.98
1/1/2018,4.888
1/2/2018,4.84
1/3/2018,4.82
1/4/2018,4.8
1/5/2018,4.79
1/6/2018,4.78
1/7/2018,4.76
1/8/2018,4.736
1/9/2018,4.682
1/10/2018,4.608
1/11/2018,4.548
1/12/2018,4.488
1/13/2018,4.434
1/14/2018,4.394
1/15/2018,4.356
1/16/2018,4.336
1/17/2018,4.32
1/18/2018,4.31
1/19/2018,4.3
1/20/2018,4.29
1/21/2018,4.28
1/22/2018,4.28
1/23/2018,4.28
1/24/2018,4.268
1/25/2018,4.234
1/26/2018,4.22
1/27/2018,4.194
1/28/2018,4.19
1/29/2018,4.19
1/30/2018,4.19
1/31/2018,4.19
2/1/2018,4.21
2/2/2018,4.22
2/3/2018,4.24
2/4/2018,4.24
2/5/2018,4.22
2/6/2018,4.19
2/7/2018,4.15
2/8/2018,4.12
2/9/2018,4.09
2/10/2018,4.05
2/11/2018,4.03
2/12/2018,4.02
2/13/2018,3.99
2/14/2018,3.99
2/15/2018,3.99
2/16/2018,3.98
2/17/2018,3.97
2/18/2018,3.97
2/19/2018,3.97
2/20/2018,3.94
2/21/2018,3.92
2/22/2018,3.91
2/23/2018,3.91
2/24/2018,3.91
2/25/2018,3.9
2/26/2018,3.9
2/27/2018,3.9
2/28/2018,3.88
3/1/2018,3.86
3/2/2018,3.86
3/3/2018,3.858
3/4/2018,3.824
3/5/2018,3.81
3/6/2018,3.8
3/7/2018,3.79
3/8/2018,3.78
3/9/2018,3.77
3/10/2018,3.76
3/11/2018,3.75
3/12/2018,3.74
3/13/2018,3.74
3/14/2018,3.776
3/15/2018,3.8
3/16/2018,3.81
3/17/2018,3.82
3/18/2018,3.83
3/19/2018,3.818
3/20/2018,3.79
3/21/2018,3.78
3/22/2018,3.78
3/23/2018,3.748
3/24/2018,3.728
3/25/2018,3.684
3/26/2018,3.66
3/27/2018,3.634
3/28/2018,3.63
3/29/2018,3.62
3/30/2018,3.64
3/31/2018,3.66
4/1/2018,3.668
4/2/2018,3.624
4/3/2018,3.61
4/4/2018,3.61
4/5/2018,3.632
4/6/2018,3.684
4/7/2018,3.746
4/8/2018,3.76
4/9/2018,3.77
4/10/2018,3.77
4/11/2018,3.79
4/12/2018,3.8
4/13/2018,3.77
4/14/2018,3.72
4/15/2018,3.68
4/16/2018,3.62
4/17/2018,3.6
4/18/2018,3.65
4/19/2018,3.63
4/20/2018,3.63
4/21/2018,3.63
4/22/2018,3.65
4/23/2018,3.67
4/24/2018,3.736
4/25/2018,3.832
4/26/2018,3.902
4/27/2018,3.91
4/28/2018,3.92
4/29/2018,3.954
4/30/2018,3.996
5/1/2018,4.054
5/2/2018,4.082
5/3/2018,4.098
5/4/2018,4.014
5/5/2018,3.928
5/6/2018,3.878
5/7/2018,3.83
5/8/2018,3.82
5/9/2018,3.8
5/10/2018,3.78
5/11/2018,3.79
5/12/2018,3.8
5/13/2018,3.82
5/14/2018,3.95
5/15/2018,3.994
5/16/2018,4.09
5/17/2018,4.136
5/18/2018,4.206
5/19/2018,4.278
5/20/2018,4.3
5/21/2018,4.32
5/22/2018,4.318
5/23/2018,4.29
5/24/2018,4.27
5/25/2018,4.26
5/26/2018,4.25
5/27/2018,4.252
5/28/2018,4.288
5/29/2018,4.384
5/30/2018,4.522
5/31/2018,4.778
6/1/2018,5.258
6/2/2018,5.484
6/3/2018,5.62
6/4/2018,5.65
6/5/2018,5.61
6/6/2018,5.506
6/7/2018,5.432
6/8/2018,5.266
6/9/2018,5.096
6/10/2018,5.02
6/11/2018,4.97
6/12/2018,4.926
6/13/2018,4.97
6/14/2018,5.04
6/15/2018,5.14
6/16/2018,5.266
6/17/2018,5.42
6/18/2018,5.66
6/19/2018,5.92
6/20/2018,6.302
6/21/2018,6.542
6/22/2018,6.912
6/23/2018,7.014
6/24/2018,6.984
6/25/2018,6.88
6/26/2018,6.798
6/27/2018,6.84
6/28/2018,7.06
6/29/2018,7.11
6/30/2018,7.11
7/1/2018,7.1
7/2/2018,7.094
7/3/2018,7.1
7/4/2018,7.356
7/5/2018,7.75
7/6/2018,8.022
7/7/2018,8.478
7/8/2018,8.81
7/9/2018,9.03
7/10/2018,9.162
7/11/2018,9.088
7/12/2018,9.04
7/13/2018,9.132
7/14/2018,9.242
7/15/2018,9.294
7/16/2018,9.318
7/17/2018,9.45
7/18/2018,9.49
7/19/2018,9.5
7/20/2018,9.57
7/21/2018,9.65
7/22/2018,9.708
7/23/2018,9.7
7/24/2018,9.64
7/25/2018,9.594
7/26/2018,9.502
7/27/2018,9.482
7/28/2018,9.54
7/29/2018,9.728
7/30/2018,9.966
7/31/2018,10.18
8/1/2018,10.514
8/2/2018,10.94
8/3/2018,11.358
8/4/2018,11.614
8/5/2018,11.736
8/6/2018,11.79
8/7/2018,11.81
8/8/2018,11.95
8/9/2018,12.024
8/10/2018,12.03
8/11/2018,12.04
8/12/2018,11.966
8/13/2018,11.91
8/14/2018,11.84
8/15/2018,11.806
8/16/2018,11.814
8/17/2018,11.788
8/18/2018,11.74
8/19/2018,11.74
8/20/2018,11.77
8/21/2018,11.77
8/22/2018,11.76
8/23/2018,11.726
8/24/2018,11.686
8/25/2018,11.67
8/26/2018,11.67
8/27/2018,11.748
8/28/2018,11.792
8/29/2018,11.89
8/30/2018,11.986
8/31/2018,11.95
9/1/2018,12.018
9/2/2018,12.104
9/3/2018,12.218
9/4/2018,12.28
9/5/2018,12.34
9/6/2018,12.34
9/7/2018,12.41
9/8/2018,12.53
9/9/2018,12.542
9/10/2018,12.59
9/11/2018,12.606
9/12/2018,12.59
9/13/2018,12.64
9/14/2018,12.686
9/15/2018,12.734
9/16/2018,12.78
9/17/2018,12.83
9/18/2018,12.808
9/19/2018,12.722
9/20/2018,12.45
9/21/2018,12.162
9/22/2018,11.8
9/23/2018,11.344
9/24/2018,11.06
9/25/2018,10.74
9/26/2018,10.572
9/27/2018,10.4
9/28/2018,10.23
9/29/2018,10.06
9/30/2018,9.93
10/1/2018,9.824
10/2/2018,9.62
10/3/2018,9.522
10/4/2018,9.608
10/5/2018,9.55
10/6/2018,9.412
10/7/2018,9.21
10/8/2018,9.044
10/9/2018,9.014
10/10/2018,8.996
10/11/2018,8.97
10/12/2018,8.984
10/13/2018,8.99
10/14/2018,8.936
10/15/2018,8.802
10/16/2018,8.724
10/17/2018,8.4
10/18/2018,8.284
10/19/2018,8.408
10/20/2018,8.256
10/21/2018,8.01
10/22/2018,7.916
10/23/2018,7.81
10/24/2018,7.73
10/25/2018,7.672
10/26/2018,7.56
10/27/2018,7.482
10/28/2018,7.47
10/29/2018,7.43
10/30/2018,7.368
10/31/2018,7.328
11/1/2018,7.252
11/2/2018,7.198
11/3/2018,7.19
11/4/2018,7.186
11/5/2018,7.18
11/6/2018,7.17
11/7/2018,7.09
11/8/2018,7.042
11/9/2018,7.036
11/10/2018,7.03
11/11/2018,7.03
11/12/2018,7.03
11/13/2018,7.016
11/14/2018,6.986
11/15/2018,6.956
11/16/2018,6.908
11/17/2018,6.84
11/18/2018,6.682
11/19/2018,6.61
11/20/2018,6.588
11/21/2018,6.552
11/22/2018,6.728
11/23/2018,6.72
11/24/2018,6.72
11/25/2018,6.686
11/26/2018,6.636
11/27/2018,6.53
11/28/2018,6.472
11/29/2018,6.436
11/30/2018,6.412
12/1/2018,6.394
12/2/2018,6.358
12/3/2018,6.324
12/4/2018,6.286
12/5/2018,6.226
12/6/2018,6.178
12/7/2018,6.134
12/8/2018,6.06
12/9/2018,6.014
12/10/2018,5.992
12/11/2018,5.91
12/12/2018,5.772
12/13/2018,5.688
12/14/2018,5.68
12/15/2018,5.66
12/16/2018,5.65
12/17/2018,5.64
12/18/2018,5.64
12/19/2018,5.768
12/20/2018,5.742
12/21/2018,5.692
12/22/2018,5.626
12/23/2018,5.576
12/24/2018,5.544
12/25/2018,5.45
12/26/2018,5.434
12/27/2018,5.416
12/28/2018,5.382
12/29/2018,5.37
12/30/2018,5.34
12/31/2018,5.326
1/1/2019,5.298
1/2/2019,5.26
1/3/2019,5.236
1/4/2019,5.21
1/5/2019,5.174
1/6/2019,5.144
1/7/2019,5.118
1/8/2019,5.084
1/9/2019,5.04
1/10/2019,4.986
1/11/2019,4.95
1/12/2019,4.934
1/13/2019,4.912
1/14/2019,4.888
1/15/2019,4.874
1/16/2019,4.846
1/17/2019,4.744
1/18/2019,4.536
1/19/2019,4.37
1/20/2019,4.282
1/21/2019,4.238
1/22/2019,4.226
1/23/2019,4.212
1/24/2019,4.234
1/25/2019,4.25
1/26/2019,4.256
1/27/2019,4.206
1/28/2019,4.186
1/29/2019,4.18
1/30/2019,4.19
1/31/2019,4.19
2/1/2019,4.19
2/2/2019,4.19
2/3/2019,4.172
2/4/2019,4.168
2/5/2019,4.15
2/6/2019,4.16
2/7/2019,4.15
2/8/2019,4.15
2/9/2019,4.15
2/10/2019,4.15
2/11/2019,4.136
2/12/2019,4.134
2/13/2019,4.13
2/14/2019,4.14
2/15/2019,4.14
2/16/2019,4.14
2/17/2019,4.142
2/18/2019,4.162
2/19/2019,4.186
2/20/2019,4.234
2/21/2019,4.23
2/22/2019,4.22
2/23/2019,4.214
2/24/2019,4.196
2/25/2019,4.17
2/26/2019,4.152
2/27/2019,4.15
2/28/2019,4.16
3/1/2019,4.15
3/2/2019,4.14
3/3/2019,4.12
3/4/2019,4.11
3/5/2019,4.09
3/6/2019,4.07
3/7/2019,4.02
3/8/2019,3.96
3/9/2019,3.93
3/10/2019,3.93
3/11/2019,3.96
3/12/2019,3.96
3/13/2019,3.95
3/14/2019,3.96
3/15/2019,3.96
3/16/2019,3.96
3/17/2019,3.95
3/18/2019,3.94
3/19/2019,3.92
3/20/2019,3.9
3/21/2019,3.9
3/22/2019,3.89
3/23/2019,3.87
3/24/2019,3.84
3/25/2019,3.81
3/26/2019,3.79
3/27/2019,3.77
3/28/2019,3.75
3/29/2019,3.74
3/30/2019,3.72
3/31/2019,3.72
4/1/2019,3.73
4/2/2019,3.706
4/3/2019,3.702
4/4/2019,3.732
4/5/2019,3.792
4/6/2019,3.87
4/7/2019,3.936
4/8/2019,3.996
4/9/2019,4.188
4/10/2019,4.35
4/11/2019,4.394
4/12/2019,4.4
4/13/2019,4.4
4/14/2019,4.32
4/15/2019,4.232
4/16/2019,4.012
4/17/2019,3.81
4/18/2019,3.74
4/19/2019,3.854
4/20/2019,3.98
4/21/2019,4.07
4/22/2019,4.084
4/23/2019,4.07
4/24/2019,4.086
4/25/2019,4.21
4/26/2019,4.294
4/27/2019,4.3
4/28/2019,4.304
4/29/2019,4.404
4/30/2019,4.454
5/1/2019,4.446
5/2/2019,4.416
5/3/2019,4.432
5/4/2019,4.576
5/5/2019,4.742
5/6/2019,4.96
5/7/2019,5.052
5/8/2019,5.002
5/9/2019,5.112
5/10/2019,5.254
5/11/2019,5.454
5/12/2019,5.56
5/13/2019,5.646
5/14/2019,5.726
5/15/2019,5.582
5/16/2019,5.556
5/17/2019,5.57
5/18/2019,5.6
5/19/2019,5.68
5/20/2019,5.75
5/21/2019,5.796
5/22/2019,5.714
5/23/2019,5.652
5/24/2019,5.628
5/25/2019,5.39
5/26/2019,5.322
5/27/2019,5.284
5/28/2019,5.34
5/29/2019,5.33
5/30/2019,5.268
5/31/2019,5.26
6/1/2019,5.17
6/2/2019,5.122
6/3/2019,5.254
6/4/2019,5.286
6/5/2019,5.334
6/6/2019,5.382
6/7/2019,5.428
6/8/2019,5.146
6/9/2019,5.01
6/10/2019,4.91
6/11/2019,4.842
6/12/2019,4.854
6/13/2019,4.888
6/14/2019,5.06
6/15/2019,5.2
6/16/2019,5.362
6/17/2019,5.658
6/18/2019,5.6
6/19/2019,5.638
6/20/2019,5.65
6/21/2019,5.74
6/22/2019,6.01
6/23/2019,6.18
6/24/2019,6.332
6/25/2019,6.392
6/26/2019,6.33
6/27/2019,6.272
6/28/2019,6.262
6/29/2019,6.412
6/30/2019,6.552
7/1/2019,6.736
7/2/2019,7.03
7/3/2019,7.222
7/4/2019,7.12
7/5/2019,7.002
7/6/2019,6.996
7/7/2019,6.84
7/8/2019,6.768
7/9/2019,6.84
7/10/2019,6.982
7/11/2019,7.242
7/12/2019,7.58
7/13/2019,8.062
7/14/2019,8.622
7/15/2019,9.554
7/16/2019,10.162
7/17/2019,10.922
7/18/2019,11.432
7/19/2019,11.722
7/20/2019,11.892
7/21/2019,11.926
7/22/2019,11.844
7/23/2019,11.712
7/24/2019,11.498
7/25/2019,11.432
7/26/2019,11.382
7/27/2019,11.4
7/28/2019,11.458
7/29/2019,11.492
7/30/2019,11.408
7/31/2019,11.362
8/1/2019,11.332
8/2/2019,11.28
8/3/2019,11.022
8/4/2019,10.968
8/5/2019,10.854
8/6/2019,10.802
8/7/2019,10.746
8/8/2019,10.764
8/9/2019,10.702
8/10/2019,10.57
8/11/2019,10.802
8/12/2019,10.96
8/13/2019,11.01
8/14/2019,11.1
8/15/2019,11.072
8/16/2019,11.024
8/17/2019,10.93
8/18/2019,10.862
8/19/2019,10.844
8/20/2019,10.9
8/21/2019,11.082
8/22/2019,11.32
8/23/2019,11.628
8/24/2019,11.84
8/25/2019,11.972
8/26/2019,12.06
8/27/2019,12.148
8/28/2019,12.16
8/29/2019,11.962
8/30/2019,11.866
8/31/2019,11.46
9/1/2019,11.304
9/2/2019,11.266
9/3/2019,11.252
9/4/2019,11.33
9/5/2019,11.396
9/6/2019,11.446
9/7/2019,11.36
9/8/2019,11.3
9/9/2019,11.14
9/10/2019,11.07
9/11/2019,11
9/12/2019,10.98
9/13/2019,10.962
9/14/2019,10.916
9/15/2019,10.858
9/16/2019,11.226
9/17/2019,11.522
9/18/2019,11.8
9/19/2019,12.08
9/20/2019,12.32
9/21/2019,12.53
9/22/2019,12.706
9/23/2019,12.85
9/24/2019,12.888
9/25/2019,12.948
9/26/2019,13.014
9/27/2019,13.044
9/28/2019,13.116
9/29/2019,13.192
9/30/2019,13.272
10/1/2019,13.4
10/2/2019,13.464
10/3/2019,13.464
10/4/2019,13.408
10/5/2019,13.316
10/6/2019,13.316
10/7/2019,13.19
10/8/2019,13.098
10/9/2019,12.88
10/10/2019,12.68
10/11/2019,12.478
10/12/2019,12.174
10/13/2019,11.95
10/14/2019,11.62
10/15/2019,11.026
10/16/2019,10.688
10/17/2019,10.48
10/18/2019,10.276
10/19/2019,10.2
10/20/2019,10.12
10/21/2019,10.03
10/22/2019,9.848
10/23/2019,9.73
10/24/2019,9.63
10/25/2019,9.57
10/26/2019,9.54
10/27/2019,9.498
10/28/2019,9.466
10/29/2019,9.42
10/30/2019,9.37
10/31/2019,9.32
11/1/2019,9.3
11/2/2019,9.3
11/3/2019,9.29
11/4/2019,9.28
11/5/2019,9.268
11/6/2019,9.232
11/7/2019,9.204
11/8/2019,9.186
11/9/2019,9.17
11/10/2019,9.16
11/11/2019,9.118
11/12/2019,9.1
11/13/2019,9.09
11/14/2019,9.046
11/15/2019,8.912
11/16/2019,8.874
11/17/2019,8.86
11/18/2019,8.594
11/19/2019,8.206
11/20/2019,7.83
11/21/2019,7.682
11/22/2019,7.668
11/23/2019,7.628
11/24/2019,7.5
11/25/2019,7.32
11/26/2019,7.232
11/27/2019,7.23
11/28/2019,7.204
11/29/2019,7.166
11/30/2019,7.1
12/1/2019,7.042
12/2/2019,6.978
12/3/2019,6.952
12/4/2019,6.884
12/5/2019,6.88
12/6/2019,6.87
12/7/2019,6.85
12/8/2019,6.82
12/9/2019,6.81
12/10/2019,6.784
12/11/2019,6.716
12/12/2019,6.7
12/13/2019,6.67
12/14/2019,6.66
12/15/2019,6.65
12/16/2019,6.57
12/17/2019,6.396
12/18/2019,6.332
12/19/2019,6.284
12/20/2019,6.26
12/21/2019,6.25
12/22/2019,6.216
12/23/2019,6.186
12/24/2019,6.18
12/25/2019,6.17
12/26/2019,6.15
12/27/2019,6.16
12/28/2019,6.25
12/29/2019,6.27
12/30/2019,6.258
12/31/2019,6.194
1/1/2020,6.108
1/2/2020,6.054
1/3/2020,6.03
1/4/2020,6.01
1/5/2020,5.998
1/6/2020,5.95
1/7/2020,5.928
1/8/2020,5.89
1/9/2020,5.866
1/10/2020,5.82
1/11/2020,5.746
1/12/2020,5.696
1/13/2020,5.666
1/14/2020,5.66
1/15/2020,5.65
1/16/2020,5.64
1/17/2020,5.63
1/18/2020,5.62
1/19/2020,5.62
1/20/2020,5.62
1/21/2020,5.61
1/22/2020,5.598
1/23/2020,5.57
1/24/2020,5.554
1/25/2020,5.456
1/26/2020,5.396
1/27/2020,5.39
1/28/2020,5.39
1/29/2020,5.392
1/30/2020,5.454
1/31/2020,5.502
2/1/2020,5.544
2/2/2020,5.54
2/3/2020,5.516
2/4/2020,5.496
2/5/2020,5.458
2/6/2020,5.426
2/7/2020,5.4
2/8/2020,5.39
2/9/2020,5.376
2/10/2020,5.328
2/11/2020,5.296
2/12/2020,5.258
2/13/2020,5.226
2/14/2020,5.21
2/15/2020,5.2
2/16/2020,5.168
2/17/2020,5.098
2/18/2020,5.034
2/19/2020,4.984
2/20/2020,4.932
2/21/2020,4.878
2/22/2020,4.842
2/23/2020,4.806
2/24/2020,4.776
2/25/2020,4.686
2/26/2020,4.596
2/27/2020,4.562
2/28/2020,4.53
2/29/2020,4.526
3/1/2020,4.516
3/2/2020,4.496
3/3/2020,4.48
3/4/2020,4.48
3/5/2020,4.542
3/6/2020,4.592
3/7/2020,4.654
3/8/2020,4.714
3/9/2020,4.742
3/10/2020,4.784
3/11/2020,4.804
3/12/2020,4.81
3/13/2020,4.778
3/14/2020,4.704
3/15/2020,4.636
3/16/2020,4.614
3/17/2020,4.634
3/18/2020,4.678
3/19/2020,4.726
3/20/2020,4.74
3/21/2020,4.75
3/22/2020,4.744
3/23/2020,4.762
3/24/2020,4.884
3/25/2020,5.07
3/26/2020,5.138
3/27/2020,5.14
3/28/2020,5.148
3/29/2020,5.064
3/30/2020,5.034
3/31/2020,5.03
4/1/2020,5.02
4/2/2020,5.01
4/3/2020,5
4/4/2020,4.988
4/5/2020,4.926
4/6/2020,4.874
4/7/2020,4.832
4/8/2020,4.806
4/9/2020,4.836
4/10/2020,4.86
4/11/2020,4.85
4/12/2020,4.85
4/13/2020,4.85
4/14/2020,4.85
4/15/2020,4.838
4/16/2020,4.776
4/17/2020,4.728
4/18/2020,4.72
4/19/2020,4.708
4/20/2020,4.672
4/21/2020,4.636
4/22/2020,4.608
4/23/2020,4.592
4/24/2020,4.652
4/25/2020,4.686
4/26/2020,4.718
4/27/2020,4.746
4/28/2020,4.788
4/29/2020,4.828
4/30/2020,4.96
5/1/2020,5.018
5/2/2020,5.018
5/3/2020,4.99
5/4/2020,4.998
5/5/2020,4.99
5/6/2020,4.99
5/7/2020,4.98
5/8/2020,4.982
5/9/2020,5.028
5/10/2020,5.068
5/11/2020,5.144
5/12/2020,5.18
5/13/2020,5.178
5/14/2020,5.162
5/15/2020,5.206
5/16/2020,5.208
5/17/2020,5.184
5/18/2020,5.17
5/19/2020,5.142
5/20/2020,5.094
5/21/2020,5.19
5/22/2020,5.322
5/23/2020,5.31
5/24/2020,5.32
5/25/2020,5.33
5/26/2020,5.44
5/27/2020,5.78
5/28/2020,6.05
5/29/2020,6.162
5/30/2020,6.61
5/31/2020,6.856
6/1/2020,6.816
6/2/2020,6.694
6/3/2020,6.562
6/4/2020,6.552
6/5/2020,6.596
6/6/2020,6.592
6/7/2020,6.628
6/8/2020,6.672
6/9/2020,6.768
6/10/2020,6.788
6/11/2020,6.83
6/12/2020,6.822
6/13/2020,7.036
6/14/2020,7.118
6/15/2020,7.08
6/16/2020,7.074
6/17/2020,7.19
6/18/2020,7.282
6/19/2020,7.484
6/20/2020,7.822
6/21/2020,8.2
6/22/2020,8.422
6/23/2020,8.676
6/24/2020,8.82
6/25/2020,8.932
6/26/2020,9.232
6/27/2020,9.69
6/28/2020,10.03
6/29/2020,10.338
6/30/2020,10.642
7/1/2020,10.864
7/2/2020,11.026
7/3/2020,11.12
7/4/2020,11.108
7/5/2020,11.082
7/6/2020,11.112
7/7/2020,11.112
7/8/2020,11.084
7/9/2020,11.066
7/10/2020,11.056
7/11/2020,11.026
7/12/2020,11.124
7/13/2020,11.416
7/14/2020,11.792
7/15/2020,12.03
7/16/2020,12.24
7/17/2020,12.348
7/18/2020,12.382
7/19/2020,12.49
7/20/2020,12.51
7/21/2020,12.526
7/22/2020,12.492
7/23/2020,12.438
7/24/2020,12.42
7/25/2020,12.52
7/26/2020,12.564
7/27/2020,12.594
7/28/2020,12.626
7/29/2020,12.64
7/30/2020,12.558
7/31/2020,12.544
8/1/2020,12.508
8/2/2020,12.458
8/3/2020,12.414
8/4/2020,12.43
8/5/2020,12.468
8/6/2020,12.49
8/7/2020,12.46
8/8/2020,12.424
8/9/2020,12.372
8/10/2020,12.318
8/11/2020,12.258
8/12/2020,12.212
8/13/2020,12.136
8/14/2020,12.098
8/15/2020,12.098
8/16/2020,12.09
8/17/2020,12.12
8/18/2020,12.148
8/19/2020,12.192
8/20/2020,12.298
8/21/2020,12.33
8/22/2020,12.294
8/23/2020,12.316
8/24/2020,12.29
8/25/2020,12.29
8/26/2020,12.312
8/27/2020,12.294
8/28/2020,12.17
8/29/2020,12.128
8/30/2020,12.038
8/31/2020,11.954
9/1/2020,11.88
9/2/2020,11.86
9/3/2020,11.86
9/4/2020,11.86
9/5/2020,11.85
9/6/2020,11.812
9/7/2020,11.822
9/8/2020,11.782
9/9/2020,11.77
9/10/2020,11.714
9/11/2020,11.644
9/12/2020,11.612
9/13/2020,11.544
9/14/2020,11.394
9/15/2020,11.37
9/16/2020,11.31
9/17/2020,11.284
9/18/2020,11.314
9/19/2020,11.388
9/20/2020,11.4
9/21/2020,11.372
9/22/2020,11.394
9/23/2020,11.366
9/24/2020,11.34
9/25/2020,11.366
9/26/2020,11.478
9/27/2020,11.61
9/28/2020,11.798
9/29/2020,11.944
9/30/2020,12.04
10/1/2020,12.072
10/2/2020,12.1
10/3/2020,12.052
10/4/2020,11.97
10/5/2020,11.812
10/6/2020,11.676
10/7/2020,11.532
10/8/2020,11.458
10/9/2020,11.3
10/10/2020,11.17
10/11/2020,11.1
10/12/2020,10.994
10/13/2020,10.9
10/14/2020,10.8
10/15/2020,10.59
10/16/2020,10.444
10/17/2020,10.322
10/18/2020,10.112
10/19/2020,9.97
10/20/2020,9.774
10/21/2020,9.474
10/22/2020,9.37
10/23/2020,9.198
10/24/2020,9.06
10/25/2020,8.828
10/26/2020,8.73
10/27/2020,8.618
10/28/2020,8.522
10/29/2020,8.46
10/30/2020,8.388
10/31/2020,8.31
11/1/2020,8.238
11/2/2020,8.192
11/3/2020,8.096
11/4/2020,8.008
11/5/2020,7.954
11/6/2020,7.922
11/7/2020,7.892
11/8/2020,7.848
11/9/2020,7.822
11/10/2020,7.784
11/11/2020,7.706
11/12/2020,7.618
11/13/2020,7.53
11/14/2020,7.454
11/15/2020,7.36
11/16/2020,7.304
11/17/2020,7.268
11/18/2020,7.2
11/19/2020,7.122
11/20/2020,7.06
11/21/2020,6.98
11/22/2020,6.898
11/23/2020,6.84
11/24/2020,6.75
11/25/2020,6.674
11/26/2020,6.62
11/27/2020,6.584
11/28/2020,6.554
11/29/2020,6.55
11/30/2020,6.56
12/1/2020,6.56
12/2/2020,6.56
12/3/2020,6.498
12/4/2020,6.442
12/5/2020,6.406
12/6/2020,6.39
12/7/2020,6.34
12/8/2020,6.294
12/9/2020,6.246
12/10/2020,6.23
12/11/2020,6.258
12/12/2020,6.266
12/13/2020,6.254
12/14/2020,6.196
12/15/2020,6.126
12/16/2020,6.078
12/17/2020,6.07
12/18/2020,6.066
12/19/2020,6.054
12/20/2020,6.048
12/21/2020,6.018
12/22/2020,5.952
12/23/2020,5.878
12/24/2020,5.808
12/25/2020,5.774
12/26/2020,5.756
12/27/2020,5.712
12/28/2020,5.61
12/29/2020,5.548
12/30/2020,5.528
12/31/2020,5.506
1/1/2021,5.42
1/2/2021,5.34
1/3/2021,5.302
1/4/2021,5.22
1/5/2021,5.152
1/6/2021,5.082
1/7/2021,4.996
1/8/2021,4.938
1/9/2021,4.9
1/10/2021,4.878
1/11/2021,4.852
1/12/2021,4.848
1/13/2021,4.81
1/14/2021,4.772
1/15/2021,4.732
1/16/2021,4.672
1/17/2021,4.614
1/18/2021,4.594
1/19/2021,4.592
1/20/2021,4.674
1/21/2021,4.728
1/22/2021,4.728
1/23/2021,4.69
1/24/2021,4.638
1/25/2021,4.62
1/26/2021,4.6
1/27/2021,4.608
1/28/2021,4.648
1/29/2021,4.654
1/30/2021,4.654
1/31/2021,4.65
2/1/2021,4.66
2/2/2021,4.712
2/3/2021,4.72
2/4/2021,4.708
2/5/2021,4.644
2/6/2021,4.614
2/7/2021,4.562
2/8/2021,4.472
2/9/2021,4.438
2/10/2021,4.418
2/11/2021,4.386
2/12/2021,4.368
2/13/2021,4.292
2/14/2021,4.228
2/15/2021,4.158
2/16/2021,4.13
2/17/2021,4.116
2/18/2021,4.11
2/19/2021,4.096
2/20/2021,4
2/21/2021,4.008
2/22/2021,4.022
2/23/2021,4.086
2/24/2021,4.04
2/25/2021,4.02
2/26/2021,4.02
2/27/2021,4.02
2/28/2021,4.04
3/1/2021,4.04
3/2/2021,4.02
3/3/2021,4.02
3/4/2021,4.01
3/5/2021,3.97
3/6/2021,3.94
3/7/2021,3.9
3/8/2021,3.86
3/9/2021,3.84
3/10/2021,3.83
3/11/2021,3.82
3/12/2021,3.82
3/13/2021,3.82
3/14/2021,3.85
3/15/2021,3.92
3/16/2021,3.95
3/17/2021,3.97
3/18/2021,3.97
3/19/2021,3.98
3/20/2021,3.99
3/21/2021,3.98
3/22/2021,3.94
3/23/2021,3.94
3/24/2021,3.81
3/25/2021,3.66
3/26/2021,3.6
3/27/2021,3.58
3/28/2021,3.55
3/29/2021,3.54
3/30/2021,3.57
3/31/2021,3.54
4/1/2021,3.576
4/2/2021,3.57
4/3/2021,3.56
4/4/2021,3.724
4/5/2021,3.82
4/6/2021,3.83
4/7/2021,3.82
4/8/2021,3.82
4/9/2021,3.83
4/10/2021,3.84
4/11/2021,3.86
4/12/2021,3.86
4/13/2021,3.816
4/14/2021,3.668
4/15/2021,3.49
4/16/2021,3.46
4/17/2021,3.45
4/18/2021,3.44
4/19/2021,3.43
4/20/2021,3.43
4/21/2021,3.43
4/22/2021,3.442
4/23/2021,3.45
4/24/2021,3.566
4/25/2021,3.712
4/26/2021,3.82
4/27/2021,3.86
4/28/2021,3.912
4/29/2021,3.92
4/30/2021,3.92
5/1/2021,3.92
5/2/2021,3.92
5/3/2021,3.888
5/4/2021,3.728
5/5/2021,3.492
5/6/2021,3.4
5/7/2021,3.33
5/8/2021,3.282
5/9/2021,3.272
5/10/2021,3.306
5/11/2021,3.366
5/12/2021,3.444
5/13/2021,3.488
5/14/2021,3.63
5/15/2021,3.76
5/16/2021,3.86
5/17/2021,3.922
5/18/2021,3.946
5/19/2021,3.972
5/20/2021,3.98
5/21/2021,3.99
5/22/2021,4.022
5/23/2021,4.054
5/24/2021,4.12
5/25/2021,4.23
5/26/2021,4.32
5/27/2021,4.672
5/28/2021,4.98
5/29/2021,5.13
5/30/2021,5.43
5/31/2021,5.928
6/1/2021,6.442
6/2/2021,6.934
6/3/2021,7.282
6/4/2021,7.492
6/5/2021,7.548
6/6/2021,7.514
6/7/2021,7.27
6/8/2021,7.138
6/9/2021,6.954
6/10/2021,6.924
6/11/2021,6.852
6/12/2021,6.9
6/13/2021,6.92
6/14/2021,7.092
6/15/2021,7.11
6/16/2021,7.1
6/17/2021,7.1
6/18/2021,7.128
6/19/2021,7.27
6/20/2021,7.804
6/21/2021,8.618
6/22/2021,9.508
6/23/2021,10.016
6/24/2021,10.328
6/25/2021,10.506
6/26/2021,10.53
6/27/2021,10.54
6/28/2021,10.53
6/29/2021,10.56
6/30/2021,10.628
7/1/2021,10.598
7/2/2021,10.55
7/3/2021,10.472
7/4/2021,10.512
7/5/2021,10.622
7/6/2021,10.882
7/7/2021,11.052
7/8/2021,11.08
7/9/2021,11.128
7/10/2021,11.09
7/11/2021,11.07
7/12/2021,11.07
7/13/2021,11.05
7/14/2021,11.05
7/15/2021,11.05
7/16/2021,11.03
7/17/2021,10.974
7/18/2021,11.03
7/19/2021,11.01
7/20/2021,11.01
7/21/2021,11.03
7/22/2021,11.07
7/23/2021,11.13
7/24/2021,11.198
7/25/2021,11.17
7/26/2021,11.18
7/27/2021,11.226
7/28/2021,11.262
7/29/2021,11.312
7/30/2021,11.368
7/31/2021,11.378
8/1/2021,11.3
8/2/2021,11.256
8/3/2021,11.274
8/4/2021,11.344
8/5/2021,11.54
8/6/2021,11.738
8/7/2021,11.828
8/8/2021,11.948
8/9/2021,12.08
8/10/2021,12.172
8/11/2021,12.27
8/12/2021,12.35
8/13/2021,12.462
8/14/2021,12.622
8/15/2021,12.72
8/16/2021,12.842
8/17/2021,12.944
8/18/2021,13.06
8/19/2021,13.24
8/20/2021,13.318
8/21/2021,13.34
8/22/2021,13.328
8/23/2021,13.252
8/24/2021,13.17
8/25/2021,13.07
8/26/2021,12.96
8/27/2021,12.83
8/28/2021,12.752
8/29/2021,12.682
8/30/2021,12.67
8/31/2021,12.692
9/1/2021,12.748
9/2/2021,12.8
9/3/2021,12.86
9/4/2021,12.912
9/5/2021,12.944
9/6/2021,12.99
9/7/2021,12.958
9/8/2021,12.85
9/9/2021,12.722
9/10/2021,12.632
9/11/2021,12.498
9/12/2021,12.382
9/13/2021,12.364
9/14/2021,12.204
9/15/2021,12.034
9/16/2021,11.89
9/17/2021,11.76
9/18/2021,11.67
9/19/2021,11.552
9/20/2021,11.53
9/21/2021,11.572
9/22/2021,11.678
9/23/2021,11.72
9/24/2021,11.73
9/25/2021,11.728
9/26/2021,11.658
9/27/2021,11.608
9/28/2021,11.532
9/29/2021,11.568
9/30/2021,11.52
10/1/2021,11.48
10/2/2021,11.424
10/3/2021,11.368
10/4/2021,11.38
10/5/2021,11.39
10/6/2021,11.376
10/7/2021,11.418
10/8/2021,11.386
10/9/2021,11.306
10/10/2021,11.258
10/11/2021,11.2
10/12/2021,11.102
10/13/2021,11.016
10/14/2021,10.91
10/15/2021,10.79
10/16/2021,10.682
10/17/2021,10.536
10/18/2021,10.35
10/19/2021,10.334
10/20/2021,10.322
10/21/2021,10.394
10/22/2021,10.562
10/23/2021,10.86
10/24/2021,10.976
10/25/2021,11.066
10/26/2021,11.356
10/27/2021,11.37
10/28/2021,11.37
10/29/2021,11.37
10/30/2021,11.37
10/31/2021,11.2
11/1/2021,10.998
11/2/2021,10.798
11/3/2021,10.612
11/4/2021,10.51
11/5/2021,10.41
11/6/2021,10.31
11/7/2021,10.19
11/8/2021,10.068
11/9/2021,9.948
11/10/2021,9.826
11/11/2021,9.74
11/12/2021,9.63
11/13/2021,9.542
11/14/2021,9.52
11/15/2021,9.486
11/16/2021,9.404
11/17/2021,9.282
11/18/2021,9.21
11/19/2021,9.152
11/20/2021,9.08
11/21/2021,9.038
11/22/2021,8.8
11/23/2021,8.62
11/24/2021,8.42
11/25/2021,8.27
11/26/2021,8.07
11/27/2021,7.92
11/28/2021,7.864
11/29/2021,7.676
11/30/2021,7.58
12/1/2021,7.542
12/2/2021,7.518
12/3/2021,7.47
12/4/2021,7.404
12/5/2021,7.37
12/6/2021,7.34
12/7/2021,7.34
12/8/2021,7.314
12/9/2021,7.242
12/10/2021,7.216
12/11/2021,7.182
12/12/2021,7.144
12/13/2021,7.06
12/14/2021,7.016
12/15/2021,7.01
12/16/2021,7
12/17/2021,6.96
12/18/2021,6.79
12/19/2021,6.696
12/20/2021,6.628
12/21/2021,6.55
12/22/2021,6.48
12/23/2021,6.408
12/24/2021,6.352
12/25/2021,6.31
12/26/2021,6.298
12/27/2021,6.262
12/28/2021,6.222
12/29/2021,6.164
12/30/2021,6.074
12/31/2021,6.018
1/1/2022,5.994
1/2/2022,5.978
1/3/2022,5.93
1/4/2022,5.868
1/5/2022,5.834
1/6/2022,5.796
1/7/2022,5.756
1/8/2022,5.746
1/9/2022,5.73
1/10/2022,5.73
1/11/2022,5.72
1/12/2022,5.71
1/13/2022,5.668
1/14/2022,5.632
1/15/2022,5.596
1/16/2022,5.59
1/17/2022,5.59
1/18/2022,5.59
1/19/2022,5.59
1/20/2022,5.59
1/21/2022,5.58
1/22/2022,5.57
1/23/2022,5.612
1/24/2022,5.688
1/25/2022,5.714
1/26/2022,5.668
1/27/2022,5.626
1/28/2022,5.606
1/29/2022,5.59
1/30/2022,5.592
1/31/2022,5.622
2/1/2022,5.578
2/2/2022,5.556
2/3/2022,5.54
2/4/2022,5.54
2/5/2022,5.542
2/6/2022,5.592
2/7/2022,5.576
2/8/2022,5.57
2/9/2022,5.568
2/10/2022,5.508
2/11/2022,5.498
2/12/2022,5.458
2/13/2022,5.472
2/14/2022,5.544
2/15/2022,5.602
2/16/2022,5.596
2/17/2022,5.578
2/18/2022,5.554
2/19/2022,5.47
2/20/2022,5.398
2/21/2022,5.388
2/22/2022,5.336
2/23/2022,5.276
2/24/2022,5.18
2/25/2022,5.14
2/26/2022,5.086
2/27/2022,5.038
2/28/2022,5.014
3/1/2022,4.96
3/2/2022,4.906
3/3/2022,4.83
3/4/2022,4.77
3/5/2022,4.7
3/6/2022,4.658
3/7/2022,4.65
3/8/2022,4.654
3/9/2022,4.62
3/10/2022,4.592
3/11/2022,4.578
3/12/2022,4.53
3/13/2022,4.486
3/14/2022,4.446
3/15/2022,4.374
3/16/2022,4.29
3/17/2022,4.208
3/18/2022,4.138
3/19/2022,4.118
3/20/2022,4.096
3/21/2022,4.09
3/22/2022,4.14
3/23/2022,4.18
3/24/2022,4.134
3/25/2022,4.106
3/26/2022,4.096
3/27/2022,4.066
3/28/2022,4.06
3/29/2022,4.064
3/30/2022,4.108
3/31/2022,4.12
4/1/2022,4.12
4/2/2022,4.12
4/3/2022,4.134
4/4/2022,4.154
4/5/2022,4.202
4/6/2022,4.22
4/7/2022,4.22
4/8/2022,4.202
4/9/2022,4.31
4/10/2022,4.45
4/11/2022,4.64
4/12/2022,4.776
4/13/2022,4.82
4/14/2022,4.808
4/15/2022,4.774
4/16/2022,4.744
4/17/2022,4.774
4/18/2022,4.83
4/19/2022,4.858
4/20/2022,4.808
4/21/2022,4.79
4/22/2022,4.808
4/23/2022,4.87
4/24/2022,4.888
4/25/2022,4.84
4/26/2022,4.72
4/27/2022,4.62
4/28/2022,4.52
4/29/2022,4.462
4/30/2022,4.45
5/1/2022,4.46
5/2/2022,4.476
5/3/2022,4.518
5/4/2022,4.628
5/5/2022,4.64
5/6/2022,4.57
5/7/2022,4.45
5/8/2022,4.37
5/9/2022,4.3
5/10/2022,4.27
5/11/2022,4.286
5/12/2022,4.242
5/13/2022,4.25
5/14/2022,4.264
5/15/2022,4.288
5/16/2022,4.34
5/17/2022,4.43
5/18/2022,4.548
5/19/2022,4.85
5/20/2022,5.468
5/21/2022,5.908
5/22/2022,6.082
5/23/2022,6.25
5/24/2022,6.328
5/25/2022,6.32
5/26/2022,6.248
5/27/2022,6.08
5/28/2022,5.95
5/29/2022,5.85
5/30/2022,5.782
5/31/2022,5.758
6/1/2022,5.738
6/2/2022,5.712
6/3/2022,5.68
6/4/2022,5.666
6/5/2022,5.626
6/6/2022,5.618
6/7/2022,5.694
6/8/2022,5.8
6/9/2022,5.906
6/10/2022,6.09
6/11/2022,6.208
6/12/2022,6.332
6/13/2022,6.622
6/14/2022,6.922
6/15/2022,7.106
6/16/2022,7.242
6/17/2022,7.44
6/18/2022,7.72
6/19/2022,7.908
6/20/2022,8.212
6/21/2022,8.546
6/22/2022,8.738
6/23/2022,8.894
6/24/2022,9.082
6/25/2022,9.02
6/26/2022,8.772
6/27/2022,8.444
6/28/2022,8.318
6/29/2022,8.276
6/30/2022,8.344
7/1/2022,8.648
7/2/2022,9.034
7/3/2022,9.31
7/4/2022,9.538
7/5/2022,9.596
7/6/2022,9.67
7/7/2022,9.53
7/8/2022,9.26
7/9/2022,9.086
7/10/2022,8.876
7/11/2022,8.7
7/12/2022,8.56
7/13/2022,8.466
7/14/2022,8.444
7/15/2022,8.38
7/16/2022,8.364
7/17/2022,8.336
7/18/2022,8.314
7/19/2022,8.282
7/20/2022,8.23
7/21/2022,8.18
7/22/2022,8.136
7/23/2022,8.202
7/24/2022,8.25
7/25/2022,8.424
7/26/2022,8.83
7/27/2022,9.172
7/28/2022,9.474
7/29/2022,9.76
7/30/2022,9.96
7/31/2022,10.108
8/1/2022,10.304
8/2/2022,10.52
8/3/2022,10.674
8/4/2022,11.012
8/5/2022,11.112
8/6/2022,11.216
8/7/2022,11.27
8/8/2022,11.286
8/9/2022,11.278
8/10/2022,11.252
8/11/2022,11.158
8/12/2022,10.938
8/13/2022,10.894
8/14/2022,10.83
8/15/2022,10.648
8/16/2022,10.42
8/17/2022,10.238
8/18/2022,10.138
8/19/2022,10.042
8/20/2022,10.026
8/21/2022,10.084
8/22/2022,10.336
8/23/2022,10.796
8/24/2022,11.156
8/25/2022,11.268
8/26/2022,11.296
8/27/2022,11.33
8/28/2022,11.422
8/29/2022,11.478
8/30/2022,11.56
8/31/2022,11.682
9/1/2022,11.862
9/2/2022,12.008
9/3/2022,12.104
9/4/2022,12.258
9/5/2022,12.352
9/6/2022,12.466
9/7/2022,12.48
9/8/2022,12.402
9/9/2022,12.21
9/10/2022,11.88
9/11/2022,11.646
9/12/2022,11.464
9/13/2022,11.432
9/14/2022,11.27
9/15/2022,11.092
9/16/2022,10.98
9/17/2022,10.876
9/18/2022,10.73
9/19/2022,10.664
9/20/2022,10.83
9/21/2022,10.968
9/22/2022,11.008
9/23/2022,11.088
9/24/2022,11.25
9/25/2022,11.41
9/26/2022,11.55
9/27/2022,11.632
9/28/2022,11.656
9/29/2022,11.656
9/30/2022,11.558
10/1/2022,11.428
10/2/2022,11.37
10/3/2022,11.312
10/4/2022,11.262
10/5/2022,11.118
10/6/2022,10.964
10/7/2022,10.934
10/8/2022,10.842
10/9/2022,10.832
10/10/2022,10.888
10/11/2022,10.956
10/12/2022,11.126
10/13/2022,11.472
10/14/2022,11.68
10/15/2022,11.832
10/16/2022,11.938
10/17/2022,11.972
10/18/2022,12.002
10/19/2022,12.044
10/20/2022,12.068
10/21/2022,12.03
10/22/2022,11.918
10/23/2022,11.678
10/24/2022,11.408
10/25/2022,11.094
10/26/2022,10.838
10/27/2022,10.624
10/28/2022,10.434
10/29/2022,10.24
10/30/2022,10.09
10/31/2022,9.994
11/1/2022,9.908
11/2/2022,9.768
11/3/2022,9.602
11/4/2022,9.506
11/5/2022,9.378
11/6/2022,9.258
11/7/2022,9.11
11/8/2022,8.984
11/9/2022,8.91
11/10/2022,8.742
11/11/2022,8.668
11/12/2022,8.556
11/13/2022,8.456
11/14/2022,8.358
11/15/2022,8.26
11/16/2022,8.194
11/17/2022,8.088
11/18/2022,8.038
11/19/2022,7.956
11/20/2022,7.822
11/21/2022,7.726
11/22/2022,7.64
11/23/2022,7.568
11/24/2022,7.548
11/25/2022,7.46
11/26/2022,7.376
11/27/2022,7.31
11/28/2022,7.33
11/29/2022,7.302
11/30/2022,7.22
12/1/2022,7.156
12/2/2022,7.094
12/3/2022,7.034
12/4/2022,6.99
12/5/2022,6.952
12/6/2022,6.88
12/7/2022,6.818
12/8/2022,6.738
12/9/2022,6.706
12/10/2022,6.688
12/11/2022,6.664
12/12/2022,6.58
12/13/2022,6.524
12/14/2022,6.49
12/15/2022,6.466
12/16/2022,6.45
12/17/2022,6.422
12/18/2022,6.372
12/19/2022,6.326
12/20/2022,6.29
12/21/2022,6.226
12/22/2022,6.176
12/23/2022,6.132
12/24/2022,6.078
12/25/2022,6.044
12/26/2022,5.994
12/27/2022,5.934
12/28/2022,5.914
12/29/2022,5.826
12/30/2022,5.78
12/31/2022,5.614
1/1/2023,5.52
1/2/2023,5.442
1/3/2023,5.392
1/4/2023,5.382
1/5/2023,5.398
1/6/2023,5.376
1/7/2023,5.346
1/8/2023,5.324
1/9/2023,5.284
1/10/2023,5.234
1/11/2023,5.152
1/12/2023,5.092
1/13/2023,5.05
1/14/2023,5.012
1/15/2023,4.95
1/16/2023,4.888
1/17/2023,4.87
1/18/2023,4.872
1/19/2023,4.898
1/20/2023,4.938
1/21/2023,4.982
1/22/2023,4.998
1/23/2023,5
1/24/2023,5
1/25/2023,4.972
1/26/2023,4.926
1/27/2023,4.92
1/28/2023,4.894
1/29/2023,4.88
1/30/2023,4.882
1/31/2023,4.898
2/1/2023,4.872
2/2/2023,4.842
2/3/2023,4.802
2/4/2023,4.812
2/5/2023,4.832
2/6/2023,4.842
2/7/2023,4.808
2/8/2023,4.758
2/9/2023,4.698
2/10/2023,4.664
2/11/2023,4.636
2/12/2023,4.62
2/13/2023,4.618
2/14/2023,4.598
2/15/2023,4.576
2/16/2023,4.544
2/17/2023,4.518
2/18/2023,4.498
2/19/2023,4.444
2/20/2023,4.364
2/21/2023,4.294
2/22/2023,4.226
2/23/2023,4.198
2/24/2023,4.16
2/25/2023,4.12
2/26/2023,4.092
2/27/2023,4.078
2/28/2023,4.038
3/1/2023,4.018
3/2/2023,3.998
3/3/2023,3.956
3/4/2023,3.912
3/5/2023,3.858
3/6/2023,3.85
3/7/2023,3.868
3/8/2023,3.85
3/9/2023,3.84
3/10/2023,3.84
3/11/2023,3.824
3/12/2023,3.804
3/13/2023,3.792
3/14/2023,3.814
3/15/2023,3.82
3/16/2023,3.82
3/17/2023,3.83
3/18/2023,3.83
3/19/2023,3.84
3/20/2023,3.84
3/21/2023,3.84
3/22/2023,3.832
3/23/2023,3.788
3/24/2023,3.704
3/25/2023,3.67
3/26/2023,3.736
3/27/2023,3.784
3/28/2023,3.806
3/29/2023,3.844
3/30/2023,3.854
3/31/2023,3.816
4/1/2023,3.81
4/2/2023,3.812
4/3/2023,3.81
4/4/2023,3.828
4/5/2023,3.884
4/6/2023,3.954
4/7/2023,3.986
4/8/2023,3.914
4/9/2023,3.854
4/10/2023,3.81
4/11/2023,3.774
4/12/2023,3.77
4/13/2023,3.76
4/14/2023,3.76
4/15/2023,3.76
4/16/2023,3.76
4/17/2023,3.76
4/18/2023,3.77
4/19/2023,3.78
4/20/2023,3.796
4/21/2023,3.81
4/22/2023,3.82
4/23/2023,3.828
4/24/2023,3.786
4/25/2023,3.78
4/26/2023,3.78
4/27/2023,3.782
4/28/2023,3.786
4/29/2023,3.766
4/30/2023,3.78
5/1/2023,3.782
5/2/2023,3.824
5/3/2023,3.83
5/4/2023,3.83
5/5/2023,3.832
5/6/2023,3.85
5/7/2023,3.836
5/8/2023,3.81
5/9/2023,3.776
5/10/2023,3.758
5/11/2023,3.78
5/12/2023,3.794
5/13/2023,3.908
5/14/2023,3.984
5/15/2023,4.036
5/16/2023,4.044
5/17/2023,4.082
5/18/2023,4.112
5/19/2023,4.072
5/20/2023,4.032
5/21/2023,4.006
5/22/2023,3.998
5/23/2023,3.972
5/24/2023,3.974
5/25/2023,3.97
5/26/2023,3.986
5/27/2023,4.008
5/28/2023,4.03
5/29/2023,4.022
5/30/2023,4.044
5/31/2023,4.068
6/1/2023,4.112
6/2/2023,4.14
6/3/2023,4.208
6/4/2023,4.308
6/5/2023,4.342
6/6/2023,4.32
6/7/2023,4.29
6/8/2023,4.152
6/9/2023,4.116
6/10/2023,4.15
6/11/2023,4.144
6/12/2023,4.092
6/13/2023,4.1
6/14/2023,4.1
6/15/2023,4.14
6/16/2023,4.198
6/17/2023,4.354
6/18/2023,4.752
6/19/2023,5.448
6/20/2023,6.076
6/21/2023,6.508
6/22/2023,6.9
6/23/2023,7.08
6/24/2023,7.178
6/25/2023,7.2
6/26/2023,7.094
6/27/2023,7
6/28/2023,7
6/29/2023,6.99
6/30/2023,6.932
7/1/2023,6.856
7/2/2023,6.836
7/3/2023,7.17
7/4/2023,7.548
7/5/2023,7.736
7/6/2023,7.998
7/7/2023,8.348
7/8/2023,8.696
7/9/2023,8.996
7/10/2023,9.156
7/11/2023,9.272
7/12/2023,9.3
7/13/2023,9.334
7/14/2023,9.392
7/15/2023,9.54
7/16/2023,9.798
7/17/2023,10.05
7/18/2023,10.142
7/19/2023,10.126
7/20/2023,10.092
7/21/2023,10.084
7/22/2023,10.142
7/23/2023,10.134
7/24/2023,10.068
7/25/2023,9.986
7/26/2023,9.96
7/27/2023,10.104
7/28/2023,10.268
7/29/2023,10.4
7/30/2023,10.454
7/31/2023,10.504
8/1/2023,10.548
8/2/2023,10.68
8/3/2023,10.734
8/4/2023,10.776
8/5/2023,10.798
8/6/2023,10.742
8/7/2023,10.694
8/8/2023,10.69
8/9/2023,10.778
8/10/2023,11.094
8/11/2023,11.422
8/12/2023,11.582
8/13/2023,11.764
8/14/2023,11.856
8/15/2023,11.894
8/16/2023,11.954
8/17/2023,11.96
8/18/2023,11.944
8/19/2023,11.926
8/20/2023,11.87
8/21/2023,11.78
8/22/2023,11.584
8/23/2023,11.524
8/24/2023,11.368
8/25/2023,11.244
8/26/2023,11.21
8/27/2023,11.218
8/28/2023,11.362
8/29/2023,11.524
8/30/2023,11.648
8/31/2023,11.788
9/1/2023,11.89
9/2/2023,11.942
9/3/2023,11.932
9/4/2023,11.856
9/5/2023,11.716
9/6/2023,11.54
9/7/2023,11.392
9/8/2023,11.18
9/9/2023,10.994
9/10/2023,10.788
9/11/2023,10.59
9/12/2023,10.422
9/13/2023,10.3
9/14/2023,10.228
9/15/2023,10.134
9/16/2023,10.034
9/17/2023,9.942
9/18/2023,9.906
9/19/2023,9.986
9/20/2023,10.044
9/21/2023,10.066
9/22/2023,10.076
9/23/2023,10.174
9/24/2023,10.384
9/25/2023,10.826
9/26/2023,11.072
9/27/2023,11.216
9/28/2023,11.262
9/29/2023,11.232
9/30/2023,11.25
10/1/2023,11.234
10/2/2023,11.144
10/3/2023,10.994
10/4/2023,10.906
10/5/2023,10.932
10/6/2023,10.918
10/7/2023,10.892
10/8/2023,10.954
10/9/2023,11.082
10/10/2023,11.12
10/11/2023,11.064
10/12/2023,10.926
10/13/2023,10.75
10/14/2023,10.562
10/15/2023,10.408
10/16/2023,10.26
10/17/2023,10.052
10/18/2023,9.836
10/19/2023,9.62
10/20/2023,9.424
10/21/2023,9.258
10/22/2023,9.042
10/23/2023,8.85
10/24/2023,8.698
10/25/2023,8.526
10/26/2023,8.39
10/27/2023,8.26
10/28/2023,8.118
10/29/2023,8.004
10/30/2023,7.94
10/31/2023,7.888
11/1/2023,7.758
11/2/2023,7.662
11/3/2023,7.626
11/4/2023,7.524
11/5/2023,7.398
11/6/2023,7.292
11/7/2023,7.29
11/8/2023,7.208
11/9/2023,7.126
11/10/2023,7.08
11/11/2023,6.996
11/12/2023,6.94
11/13/2023,6.902
11/14/2023,6.888
11/15/2023,6.828
11/16/2023,6.694
11/17/2023,6.68
11/18/2023,6.68
11/19/2023,6.566
11/20/2023,6.37
11/21/2023,6.274
11/22/2023,6.316
11/23/2023,6.282
11/24/2023,6.186
11/25/2023,6.082
11/26/2023,6.058
11/27/2023,6.096
11/28/2023,6.114
11/29/2023,6.11
11/30/2023,6.098
12/1/2023,6.052
12/2/2023,5.95
12/3/2023,5.902
12/4/2023,5.864
12/5/2023,5.762
12/6/2023,5.712
12/7/2023,5.69
12/8/2023,5.668
12/9/2023,5.62
12/10/2023,5.61
12/11/2023,5.594
12/12/2023,5.588
12/13/2023,5.552
12/14/2023,5.508
12/15/2023,5.472
12/16/2023,5.41
12/17/2023,5.37
12/18/2023,5.324
12/19/2023,5.224
12/20/2023,5.128
12/21/2023,5.104
12/22/2023,5.1
12/23/2023,5.106
12/24/2023,5.1
12/25/2023,5.082
12/26/2023,5.038
12/27/2023,4.958
12/28/2023,4.826
12/29/2023,4.752
12/30/2023,4.75
12/31/2023,4.74
1/1/2024,4.718
1/2/2024,4.62
1/3/2024,4.52
1/4/2024,4.45
1/5/2024,4.398
1/6/2024,4.312
1/7/2024,4.26
1/8/2024,4.218
1/9/2024,4.176
1/10/2024,4.124
1/11/2024,4.062
1/12/2024,4.032
1/13/2024,3.982
1/14/2024,3.94
1/15/2024,3.906
1/16/2024,3.888
1/17/2024,3.87
1/18/2024,3.882
1/19/2024,3.872
1/20/2024,3.87
1/21/2024,3.868
1/22/2024,3.85
1/23/2024,3.824
1/24/2024,3.812
1/25/2024,3.83
1/26/2024,3.87
1/27/2024,3.89
1/28/2024,3.9
1/29/2024,3.906
1/30/2024,3.92
1/31/2024,3.902
2/1/2024,3.852
2/2/2024,3.828
2/3/2024,3.814
2/4/2024,3.792
2/5/2024,3.776
2/6/2024,3.764
2/7/2024,3.732
2/8/2024,3.69
2/9/2024,3.616
2/10/2024,3.564
2/11/2024,3.526
2/12/2024,3.5
2/13/2024,3.478
2/14/2024,3.428
2/15/2024,3.386
2/16/2024,3.336
2/17/2024,3.31
2/18/2024,3.31
2/19/2024,3.3
2/20/2024,3.306
2/21/2024,3.284
2/22/2024,3.294
2/23/2024,3.308
2/24/2024,3.304
2/25/2024,3.32
2/26/2024,3.36
2/27/2024,3.444
2/28/2024,3.492
2/29/2024,3.504
3/1/2024,3.51
3/2/2024,3.52
3/3/2024,3.496
3/4/2024,3.466
3/5/2024,3.418
3/6/2024,3.382
3/7/2024,3.348
3/8/2024,3.358
3/9/2024,3.384
3/10/2024,3.394
3/11/2024,3.386
3/12/2024,3.37
3/13/2024,3.426
3/14/2024,3.46
3/15/2024,3.45
3/16/2024,3.42
3/17/2024,3.364
3/18/2024,3.316
3/19/2024,3.31
3/20/2024,3.31
3/21/2024,3.35
3/22/2024,3.37
3/23/2024,3.298
3/24/2024,3.12
3/25/2024,2.994
3/26/2024,2.994
3/27/2024,3.036
3/28/2024,3.1
3/29/2024,3.168
3/30/2024,3.196
3/31/2024,3.222
4/1/2024,3.278
4/2/2024,3.356
4/3/2024,3.408
4/4/2024,3.392
4/5/2024,3.372
4/6/2024,3.37
4/7/2024,3.376
4/8/2024,3.388
4/9/2024,3.39
4/10/2024,3.38
4/11/2024,3.396
4/12/2024,3.398
4/13/2024,3.392
4/14/2024,3.316
4/15/2024,3.24
4/16/2024,3.21
4/17/2024,3.248
4/18/2024,3.286
4/19/2024,3.26
4/20/2024,3.21
4/21/2024,3.18
4/22/2024,3.182
4/23/2024,3.208
4/24/2024,3.338
4/25/2024,3.468
4/26/2024,3.516
4/27/2024,3.548
4/28/2024,3.556
4/29/2024,3.56
4/30/2024,3.55
5/1/2024,3.56
5/2/2024,3.598
5/3/2024,3.624
5/4/2024,3.536
5/5/2024,3.448
5/6/2024,3.446
5/7/2024,3.49
5/8/2024,3.45
5/9/2024,3.476
5/10/2024,3.51
5/11/2024,3.588
5/12/2024,3.592
5/13/2024,3.518
5/14/2024,3.478
5/15/2024,3.444
5/16/2024,3.37
5/17/2024,3.316
5/18/2024,3.32
5/19/2024,3.33
5/20/2024,3.33
5/21/2024,3.34
5/22/2024,3.362
5/23/2024,3.402
5/24/2024,3.434
5/25/2024,3.474
5/26/2024,3.608
5/27/2024,4.084
5/28/2024,4.184
5/29/2024,4.07
5/30/2024,3.966
5/31/2024,3.862
6/1/2024,3.842
6/2/2024,3.928
6/3/2024,4.102
6/4/2024,4.324
6/5/2024,4.65
6/6/2024,4.958
6/7/2024,5.158
6/8/2024,5.364
6/9/2024,5.418
6/10/2024,5.45
6/11/2024,5.38
6/12/2024,5.268
6/13/2024,5.148
6/14/2024,5.122
6/15/2024,5.07
6/16/2024,5.084
6/17/2024,5.236
6/18/2024,5.49
6/19/2024,5.84
6/20/2024,6.272
6/21/2024,6.68
6/22/2024,7.078
6/23/2024,7.316
6/24/2024,7.508
6/25/2024,7.436
6/26/2024,7.13
6/27/2024,6.932
6/28/2024,6.954
6/29/2024,7.226
6/30/2024,7.568
7/1/2024,7.576
7/2/2024,7.618
7/3/2024,7.926
7/4/2024,8.382
7/5/2024,8.768
7/6/2024,9.046
7/7/2024,9.172
7/8/2024,9.232
7/9/2024,9.422
7/10/2024,9.726
7/11/2024,10.078
7/12/2024,10.508
7/13/2024,10.844
7/14/2024,11.108
7/15/2024,11.332
7/16/2024,11.424
7/17/2024,11.48
7/18/2024,11.47
7/19/2024,11.456
7/20/2024,11.372
7/21/2024,11.222
7/22/2024,11.098
7/23/2024,11.028
7/24/2024,10.96
7/25/2024,10.92
7/26/2024,10.938
7/27/2024,10.954
7/28/2024,10.89
7/29/2024,10.832
7/30/2024,10.76
7/31/2024,10.63
8/1/2024,10.57
8/2/2024,10.608
8/3/2024,10.646
8/4/2024,10.804
8/5/2024,10.886
8/6/2024,10.952
8/7/2024,11.004
8/8/2024,11.154
8/9/2024,11.314
8/10/2024,11.482
8/11/2024,11.522
8/12/2024,11.78
8/13/2024,11.932
8/14/2024,11.998
8/15/2024,12.076
8/16/2024,12.114
8/17/2024,12.166
8/18/2024,12.164
8/19/2024,12.18
8/20/2024,12.114
8/21/2024,12.026
8/22/2024,11.982
8/23/2024,11.95
8/24/2024,11.956
8/25/2024,11.932
8/26/2024,11.978
8/27/2024,11.98
8/28/2024,11.954
8/29/2024,11.968
8/30/2024,11.936
8/31/2024,11.878
9/1/2024,11.802
9/2/2024,11.744
9/3/2024,11.722
9/4/2024,11.688
9/5/2024,11.644
9/6/2024,11.636
9/7/2024,11.578
9/8/2024,11.462
9/9/2024,11.366
9/10/2024,11.256
9/11/2024,11.17
9/12/2024,11.128
9/13/2024,10.98
9/14/2024,10.94
9/15/2024,10.96
9/16/2024,10.948
9/17/2024,10.864
9/18/2024,10.996
9/19/2024,11.248
9/20/2024,11.496
9/21/2024,11.694
9/22/2024,11.96
9/23/2024,12.13
9/24/2024,12.236
9/25/2024,12.336
9/26/2024,12.38
9/27/2024,12.312
9/28/2024,12.256
9/29/2024,12.16
9/30/2024,12.076
10/1/2024,12.078
10/2/2024,12.094
10/3/2024,12.124
10/4/2024,12.16
10/5/2024,12.232
10/6/2024,12.23
10/7/2024,12.136
10/8/2024,11.938
10/9/2024,11.708
10/10/2024,11.508
10/11/2024,11.322
10/12/2024,11.138
10/13/2024,11.018
10/14/2024,10.902
10/15/2024,10.77
10/16/2024,10.654
10/17/2024,10.546
10/18/2024,10.402
10/19/2024,10.232
10/20/2024,10.064
10/21/2024,9.946
10/22/2024,9.77
10/23/2024,9.618
10/24/2024,9.5
10/25/2024,9.43
10/26/2024,9.308
10/27/2024,9.21
10/28/2024,9.104
10/29/2024,9.078
10/30/2024,9.012
10/31/2024,8.926
11/1/2024,8.814
11/2/2024,8.74
11/3/2024,8.654
11/4/2024,8.51
11/5/2024,8.454
11/6/2024,8.38
11/7/2024,8.268
11/8/2024,8.16
11/9/2024,8.098
11/10/2024,8.026
11/11/2024,7.97
11/12/2024,7.876
11/13/2024,7.796
11/14/2024,7.824
11/15/2024,7.806
11/16/2024,7.764
11/17/2024,7.724
11/18/2024,7.744
11/19/2024,7.76
11/20/2024,7.726
11/21/2024,7.66
11/22/2024,7.706
11/23/2024,7.788
11/24/2024,7.79
11/25/2024,7.75
11/26/2024,7.764
11/27/2024,7.82
11/28/2024,7.822
11/29/2024,7.774
11/30/2024,7.8
12/1/2024,7.938
12/2/2024,7.96
12/3/2024,7.922
12/4/2024,7.792
12/5/2024,7.778
12/6/2024,7.85
12/7/2024,7.904
12/8/2024,7.892
12/9/2024,7.818
12/10/2024,7.508
12/11/2024,7.23
12/12/2024,7.084
12/13/2024,7.008
12/14/2024,6.966
12/15/2024,6.904
12/16/2024,6.706
12/17/2024,6.72
12/18/2024,6.872
12/19/2024,6.822
12/20/2024,6.726
12/21/2024,6.594
12/22/2024,6.5
12/23/2024,6.464
12/24/2024,6.452
12/25/2024,6.44
12/26/2024,6.426
12/27/2024,6.352
12/28/2024,6.222
12/29/2024,6.134
12/30/2024,5.81
12/31/2024,5.446
1/1/2025,5.056
1/2/2025,5.006
1/3/2025,5
1/4/2025,4.994
1/5/2025,4.98
1/6/2025,4.97
1/7/2025,4.95
1/8/2025,4.888
1/9/2025,4.812
1/10/2025,4.756
1/11/2025,4.71
1/12/2025,4.7
1/13/2025,4.676
1/14/2025,4.664
1/15/2025,4.64
1/16/2025,4.604
1/17/2025,4.58
1/18/2025,4.556
1/19/2025,4.57
1/20/2025,4.628
1/21/2025,4.666
1/22/2025,4.68
1/23/2025,4.664
1/24/2025,4.644
1/25/2025,4.634
1/26/2025,4.624
1/27/2025,4.606
1/28/2025,4.6
1/29/2025,4.6
1/30/2025,4.576
1/31/2025,4.56
2/1/2025,4.512
2/2/2025,4.486
2/3/2025,4.48
2/4/2025,4.47
2/5/2025,4.46
2/6/2025,4.436
2/7/2025,4.416
2/8/2025,4.378
2/9/2025,4.36
2/10/2025,4.366
2/11/2025,4.36
2/12/2025,4.35
2/13/2025,4.33
2/14/2025,4.282
2/15/2025,4.28
2/16/2025,4.114
2/17/2025,4.008
2/18/2025,3.924
2/19/2025,3.894
2/20/2025,3.872
2/21/2025,3.87
2/22/2025,3.838
2/23/2025,3.83
2/24/2025,3.84
2/25/2025,3.844
2/26/2025,3.83
2/27/2025,3.83
2/28/2025,3.83
3/1/2025,3.82
3/2/2025,3.81
3/3/2025,3.808
3/4/2025,3.79
3/5/2025,3.768
3/6/2025,3.75
3/7/2025,3.74
3/8/2025,3.716
3/9/2025,3.696
3/10/2025,3.68
3/11/2025,3.67
3/12/2025,3.67
3/13/2025,3.67
3/14/2025,3.706
3/15/2025,3.762
3/16/2025,3.8
3/17/2025,3.782
3/18/2025,3.764
3/19/2025,3.77
3/20/2025,3.758
3/21/2025,3.75
3/22/2025,3.738
3/23/2025,3.7
3/24/2025,3.528
3/25/2025,3.402
3/26/2025,3.376
3/27/2025,3.364
3/28/2025,3.36
3/29/2025,3.35
3/30/2025,3.36
3/31/2025,3.386
4/1/2025,3.402
4/2/2025,3.438
4/3/2025,3.498
4/4/2025,3.626
4/5/2025,3.678
4/6/2025,3.716
4/7/2025,3.738
4/8/2025,3.72
4/9/2025,3.72
4/10/2025,3.726
4/11/2025,3.75
4/12/2025,3.758
4/13/2025,3.72
4/14/2025,3.64
4/15/2025,3.546
4/16/2025,3.53
4/17/2025,3.522
4/18/2025,3.52
4/19/2025,3.532
4/20/2025,3.556
4/21/2025,3.582
4/22/2025,3.618
4/23/2025,3.676
4/24/2025,3.754
4/25/2025,3.822
4/26/2025,3.868
4/27/2025,3.92
4/28/2025,3.926
4/29/2025,3.95
4/30/2025,3.94
5/1/2025,3.988
5/2/2025,4.12
5/3/2025,4.204
5/4/2025,4.208
5/5/2025,4.1
5/6/2025,3.99
5/7/2025,3.9
5/8/2025,3.82
5/9/2025,3.772
5/10/2025,3.738
5/11/2025,3.71
5/12/2025,3.726
5/13/2025,3.73
5/14/2025,3.77
5/15/2025,3.812
5/16/2025,3.858
5/17/2025,3.9
5/18/2025,3.978
5/19/2025,4.026
5/20/2025,4.072
5/21/2025,4.178
5/22/2025,4.39
5/23/2025,4.586
5/24/2025,4.804
5/25/2025,4.958
5/26/2025,5.056
5/27/2025,5.09
5/28/2025,5.11
5/29/2025,5.168
5/30/2025,5.218
5/31/2025,5.104
6/1/2025,5.038
6/2/2025,5.018
6/3/2025,5.142
6/4/2025,5.484
6/5/2025,6.03
6/6/2025,6.488
6/7/2025,6.724
6/8/2025,6.696
6/9/2025,6.602
6/10/2025,6.318
6/11/2025,6.14
6/12/2025,5.964
6/13/2025,5.792
6/14/2025,5.656
6/15/2025,5.522
6/16/2025,5.4
6/17/2025,5.348
6/18/2025,5.296
6/19/2025,5.244
6/20/2025,5.34
6/21/2025,5.486
6/22/2025,5.708
6/23/2025,5.858
6/24/2025,5.976
6/25/2025,6.182
6/26/2025,6.628
6/27/2025,7.134
6/28/2025,7.546
6/29/2025,7.746
6/30/2025,7.752
7/1/2025,7.786
7/2/2025,7.812
7/3/2025,7.816
7/4/2025,7.792
7/5/2025,7.77
7/6/2025,7.822
7/7/2025,7.974
7/8/2025,8.318
7/9/2025,8.648
7/10/2025,8.866
7/11/2025,8.918
7/12/2025,8.95
7/13/2025,9.05
7/14/2025,9.39
7/15/2025,9.642
7/16/2025,9.858
7/17/2025,10.268
7/18/2025,10.672
7/19/2025,11.046
7/20/2025,11.246
7/21/2025,11.438
7/22/2025,11.548
7/23/2025,11.666
7/24/2025,11.746
7/25/2025,11.832
7/26/2025,11.864
7/27/2025,11.752
7/28/2025,11.544
7/29/2025,11.36
7/30/2025,11.212
7/31/2025,11.19
8/1/2025,11.282
8/2/2025,11.344
8/3/2025,11.496
8/4/2025,11.626
8/5/2025,11.824
8/6/2025,11.984
8/7/2025,12.134
8/8/2025,12.288
8/9/2025,12.41
8/10/2025,12.566
8/11/2025,12.714
8/12/2025,12.814
8/13/2025,12.898
8/14/2025,12.932
8/15/2025,12.94
8/16/2025,12.93
8/17/2025,12.826
8/18/2025,12.762
8/19/2025,12.596
8/20/2025,12.352
8/21/2025,12.142
8/22/2025,11.988
8/23/2025,11.85
8/24/2025,11.702
8/25/2025,11.616
8/26/2025,11.562
8/27/2025,11.566
8/28/2025,11.588
8/29/2025,11.652
8/30/2025,11.76
8/31/2025,11.886
9/1/2025,12.018
9/2/2025,12.144
9/3/2025,12.25
9/4/2025,12.312
9/5/2025,12.34
9/6/2025,12.31
9/7/2025,12.234
9/8/2025,12.136
9/9/2025,12.046
9/10/2025,12.002
9/11/2025,12.042
9/12/2025,12.112
9/13/2025,12.202
9/14/2025,12.28
9/15/2025,12.334
9/16/2025,12.41
9/17/2025,12.458
9/18/2025,12.482
9/19/2025,12.528
9/20/2025,12.528
9/21/2025,12.476
9/22/2025,12.398
9/23/2025,12.312
9/24/2025,12.262
9/25/2025,12.13
9/26/2025,11.964
9/27/2025,11.772
9/28/2025,11.574
9/29/2025,11.36
9/30/2025,11.104
10/1/2025,10.912
10/2/2025,10.8
10/3/2025,10.71
10/4/2025,10.66
10/5/2025,10.61
10/6/2025,10.698
10/7/2025,10.868
10/8/2025,11.118
10/9/2025,11.238
10/10/2025,11.294
10/11/2025,11.282
10/12/2025,11.18
10/13/2025,10.996
10/14/2025,10.796
10/15/2025,10.576
10/16/2025,10.5
10/17/2025,10.37
10/18/2025,10.232
10/19/2025,10.182
10/20/2025,10.13
10/21/2025,10.022
10/22/2025,9.986
10/23/2025,9.9
10/24/2025,9.77
10/25/2025,9.72
10/26/2025,9.622
10/27/2025,9.458
10/28/2025,9.318
10/29/2025,9.294
10/30/2025,9.202
10/31/2025,9.078
11/1/2025,9.09
11/2/2025,9.194
11/3/2025,9.438
11/4/2025,9.702
11/5/2025,9.774
11/6/2025,9.776
11/7/2025,9.758
11/8/2025,9.59
11/9/2025,9.5
11/10/2025,9.434
11/11/2025,9.252
11/12/2025,9.17
11/13/2025,8.988
11/14/2025,8.938
11/15/2025,8.872
11/16/2025,8.766
11/17/2025,8.632
11/18/2025,8.482
11/19/2025,8.382
11/20/2025,8.268
11/21/2025,8.21
11/22/2025,8.112
11/23/2025,8.002
11/24/2025,7.918
11/25/2025,7.79
11/26/2025,7.73
11/27/2025,7.68
11/28/2025,7.654
11/29/2025,7.588
11/30/2025,7.528
12/1/2025,7.39
12/2/2025,7.296
12/3/2025,7.232
12/4/2025,7.194
12/5/2025,7.162
12/6/2025,7.038
12/7/2025,6.99
12/8/2025,6.97
12/9/2025,6.892
12/10/2025,6.78
12/11/2025,6.756
12/12/2025,6.746
12/13/2025,6.714
12/14/2025,6.65
12/15/2025,6.59
12/16/2025,6.52
12/17/2025,6.46
12/18/2025,6.43
12/19/2025,6.374
12/20/2025,6.35
12/21/2025,6.27
12/22/2025,6.226
12/23/2025,6.174
12/24/2025,6.084
12/25/2025,6.04
12/26/2025,5.958
12/27/2025,5.944
12/28/2025,5.94
12/29/2025,5.894
12/30/2025,5.876
12/31/2025,5.81
