date,water_level
1976-01-01,6.728
1976-01-02,6.728
1976-01-03,6.728
1976-01-04,6.728
1976-01-05,6.728
1976-01-06,6.708
1976-01-07,6.708
1976-01-08,6.708
1976-01-09,6.708
1976-01-10,6.708
1976-01-11,6.698
1976-01-12,6.698
1976-01-13,6.688
1976-01-14,6.668
1976-01-15,6.668
1976-01-16,6.668
1976-01-17,6.668
1976-01-18,6.668
1976-01-19,6.668
1976-01-20,6.668
1976-01-21,6.668
1976-01-22,6.628
1976-01-23,6.598
1976-01-24,6.578
1976-01-25,6.558
1976-01-26,6.548
1976-01-27,6.548
1976-01-28,6.558
1976-01-29,6.558
1976-01-30,6.558
1976-01-31,6.548
1976-02-01,6.548
1976-02-02,6.548
1976-02-03,6.548
1976-02-04,6.668
1976-02-05,6.668
1976-02-06,6.708
1976-02-07,6.688
1976-02-08,6.718
1976-02-09,6.708
1976-02-10,6.618
1976-02-11,6.578
1976-02-12,6.548
1976-02-13,6.538
1976-02-14,6.518
1976-02-15,6.478
1976-02-16,6.458
1976-02-17,6.438
1976-02-18,6.418
1976-02-19,6.418
1976-02-20,6.418
1976-02-21,6.408
1976-02-22,6.398
1976-02-23,6.398
1976-02-24,6.398
1976-02-25,6.418
1976-02-26,6.408
1976-02-27,6.408
1976-02-28,6.398
1976-02-29,6.368
1976-03-01,6.328
1976-03-02,6.328
1976-03-03,6.328
1976-03-04,6.368
1976-03-05,6.418
1976-03-06,6.418
1976-03-07,6.418
1976-03-08,6.418
1976-03-09,6.418
1976-03-10,6.418
1976-03-11,6.408
1976-03-12,6.398
1976-03-13,6.378
1976-03-14,6.348
1976-03-15,6.308
1976-03-16,6.268
1976-03-17,6.268
1976-03-18,6.268
1976-03-19,6.258
1976-03-20,6.308
1976-03-21,6.248
1976-03-22,6.248
1976-03-23,6.418
1976-03-24,6.738
1976-03-25,6.668
1976-03-26,6.558
1976-03-27,6.468
1976-03-28,6.418
1976-03-29,6.398
1976-03-30,6.398
1976-03-31,6.398
1976-04-01,6.378
1976-04-02,6.368
1976-04-03,6.328
1976-04-04,6.318
1976-04-05,6.318
1976-04-06,6.288
1976-04-07,6.208
1976-04-08,6.208
1976-04-09,6.208
1976-04-10,6.198
1976-04-11,6.948
1976-04-12,7.348
1976-04-13,7.088
1976-04-14,6.848
1976-04-15,6.668
1976-04-16,6.598
1976-04-17,6.548
1976-04-18,6.468
1976-04-19,6.378
1976-04-20,6.368
1976-04-21,6.328
1976-04-22,6.328
1976-04-23,6.318
1976-04-24,6.318
1976-04-25,6.308
1976-04-26,6.408
1976-04-27,6.648
1976-04-28,6.708
1976-04-29,6.648
1976-04-30,6.638
1976-05-01,6.598
1976-05-02,6.538
1976-05-03,6.518
1976-05-04,6.418
1976-05-05,6.398
1976-05-06,6.348
1976-05-07,6.768
1976-05-08,7.398
1976-05-09,7.258
1976-05-10,7.228
1976-05-11,7.538
1976-05-12,7.968
1976-05-13,7.708
1976-05-14,7.688
1976-05-15,8.498
1976-05-16,7.968
1976-05-17,8.118
1976-05-18,8.308
1976-05-19,8.708
1976-05-20,8.258
1976-05-21,7.948
1976-05-22,7.808
1976-05-23,7.538
1976-05-24,7.278
1976-05-25,7.108
1976-05-26,7.018
1976-05-27,6.928
1976-05-28,6.848
1976-05-29,6.768
1976-05-30,6.698
1976-05-31,6.688
1976-06-01,6.688
1976-06-02,7.628
1976-06-03,7.618
1976-06-04,7.548
1976-06-05,7.368
1976-06-06,7.438
1976-06-07,7.508
1976-06-08,9.138
1976-06-09,9.288
1976-06-10,10.428
1976-06-11,10.848
1976-06-12,11.088
1976-06-13,8.298
1976-06-14,8.018
1976-06-15,7.808
1976-06-16,7.668
1976-06-17,7.548
1976-06-18,7.518
1976-06-19,7.558
1976-06-20,9.418
1976-06-21,9.038
1976-06-22,8.758
1976-06-23,8.748
1976-06-24,8.868
1976-06-25,8.938
1976-06-26,8.688
1976-06-27,8.398
1976-06-28,8.328
1976-06-29,9.048
1976-06-30,10.498
1976-07-01,10.968
1976-07-02,11.278
1976-07-03,11.428
1976-07-04,11.228
1976-07-05,10.768
1976-07-06,10.368
1976-07-07,9.978
1976-07-08,9.998
1976-07-09,10.258
1976-07-10,10.428
1976-07-11,10.508
1976-07-12,10.978
1976-07-13,11.188
1976-07-14,11.138
1976-07-15,10.918
1976-07-16,10.648
1976-07-17,10.438
1976-07-18,10.118
1976-07-19,9.838
1976-07-20,9.508
1976-07-21,9.258
1976-07-22,9.348
1976-07-23,9.218
1976-07-24,9.048
1976-07-25,8.938
1976-07-26,8.798
1976-07-27,8.728
1976-07-28,8.648
1976-07-29,8.558
1976-07-30,8.428
1976-07-31,8.678
1976-08-01,8.838
1976-08-02,8.638
1976-08-03,8.578
1976-08-04,8.878
1976-08-05,8.928
1976-08-06,9.148
1976-08-07,9.118
1976-08-08,8.958
1976-08-09,8.798
1976-08-10,8.748
1976-08-11,8.948
1976-08-12,8.888
1976-08-13,8.958
1976-08-14,8.838
1976-08-15,8.758
1976-08-16,8.798
1976-08-17,9.388
1976-08-18,9.598
1976-08-19,9.378
1976-08-20,9.188
1976-08-21,9.148
1976-08-22,8.928
1976-08-23,8.788
1976-08-24,8.688
1976-08-25,9.488
1976-08-26,10.098
1976-08-27,9.888
1976-08-28,9.518
1976-08-29,9.358
1976-08-30,9.258
1976-08-31,9.088
1976-09-01,9.078
1976-09-02,9.008
1976-09-03,8.888
1976-09-04,8.718
1976-09-05,8.588
1976-09-06,8.438
1976-09-07,8.388
1976-09-08,8.288
1976-09-09,8.218
1976-09-10,8.318
1976-09-11,9.208
1976-09-12,8.618
1976-09-13,8.538
1976-09-14,8.388
1976-09-15,8.318
1976-09-16,8.188
1976-09-17,8.118
1976-09-18,8.068
1976-09-19,7.958
1976-09-20,7.888
1976-09-21,7.828
1976-09-22,7.768
1976-09-23,7.758
1976-09-24,7.728
1976-09-25,7.688
1976-09-26,7.728
1976-09-27,7.848
1976-09-28,7.728
1976-09-29,7.688
1976-09-30,7.718
1976-10-01,7.688
1976-10-02,7.598
1976-10-03,7.558
1976-10-04,7.548
1976-10-05,7.498
1976-10-06,7.498
1976-10-07,7.578
1976-10-08,8.098
1976-10-09,7.968
1976-10-10,7.718
1976-10-11,7.648
1976-10-12,7.548
1976-10-13,7.518
1976-10-14,7.468
1976-10-15,7.408
1976-10-16,7.368
1976-10-17,7.328
1976-10-18,7.298
1976-10-19,7.358
1976-10-20,7.378
1976-10-21,7.538
1976-10-22,7.758
1976-10-23,7.518
1976-10-24,7.398
1976-10-25,7.338
1976-10-26,7.328
1976-10-27,7.278
1976-10-28,7.218
1976-10-29,7.188
1976-10-30,7.158
1976-10-31,7.068
1976-11-01,7.028
1976-11-02,7.058
1976-11-03,7.078
1976-11-04,7.058
1976-11-05,7.058
1976-11-06,7.048
1976-11-07,7.038
1976-11-08,7.008
1976-11-09,7.038
1976-11-10,7.018
1976-11-11,6.948
1976-11-12,6.938
1976-11-13,6.938
1976-11-14,6.918
1976-11-15,6.918
1976-11-16,6.918
1976-11-17,6.908
1976-11-18,6.898
1976-11-19,6.878
1976-11-20,6.958
1976-11-21,6.928
1976-11-22,6.858
1976-11-23,6.828
1976-11-24,6.848
1976-11-25,6.828
1976-11-26,6.898
1976-11-27,6.948
1976-11-28,7.048
1976-11-29,7.038
1976-11-30,6.978
1976-12-01,6.938
1976-12-02,6.828
1976-12-03,6.788
1976-12-04,6.768
1976-12-05,6.748
1976-12-06,6.748
1976-12-07,6.728
1976-12-08,6.728
1976-12-09,6.718
1976-12-10,6.708
1976-12-11,6.708
1976-12-12,6.708
1976-12-13,6.698
1976-12-14,6.688
1976-12-15,6.688
1976-12-16,6.688
1976-12-17,6.688
1976-12-18,6.688
1976-12-19,6.688
1976-12-20,6.688
1976-12-21,6.688
1976-12-22,6.668
1976-12-23,6.658
1976-12-24,6.658
1976-12-25,6.648
1976-12-26,6.678
1976-12-27,6.708
1976-12-28,6.668
1976-12-29,6.668
1976-12-30,6.748
1976-12-31,6.738
1977-01-01,6.808
1977-01-02,6.838
1977-01-03,6.828
1977-01-04,6.828
1977-01-05,6.838
1977-01-06,6.838
1977-01-07,6.838
1977-01-08,6.858
1977-01-09,6.848
1977-01-10,6.798
1977-01-11,6.828
1977-01-12,6.828
1977-01-13,6.828
1977-01-14,6.828
1977-01-15,6.828
1977-01-16,6.838
1977-01-17,6.828
1977-01-18,6.868
1977-01-19,6.868
1977-01-20,6.728
1977-01-21,6.788
1977-01-22,6.768
1977-01-23,6.748
1977-01-24,6.768
1977-01-25,6.778
1977-01-26,6.778
1977-01-27,6.768
1977-01-28,6.758
1977-01-29,6.758
1977-01-30,6.808
1977-01-31,6.768
1977-02-01,6.658
1977-02-02,6.718
1977-02-03,6.738
1977-02-04,6.748
1977-02-05,6.748
1977-02-06,6.728
1977-02-07,6.728
1977-02-08,6.758
1977-02-09,6.718
1977-02-10,6.708
1977-02-11,6.708
1977-02-12,6.688
1977-02-13,6.708
1977-02-14,6.708
1977-02-15,6.728
1977-02-16,6.718
1977-02-17,6.718
1977-02-18,6.748
1977-02-19,6.718
1977-02-20,6.718
1977-02-21,6.728
1977-02-22,6.728
1977-02-23,6.738
1977-02-24,6.728
1977-02-25,6.808
1977-02-26,7.098
1977-02-27,6.998
1977-02-28,6.878
1977-03-01,6.828
1977-03-02,6.808
1977-03-03,6.768
1977-03-04,6.748
1977-03-05,6.728
1977-03-06,6.668
1977-03-07,6.708
1977-03-08,6.708
1977-03-09,6.708
1977-03-10,6.708
1977-03-11,6.718
1977-03-12,6.708
1977-03-13,6.688
1977-03-14,6.688
1977-03-15,6.688
1977-03-16,6.668
1977-03-17,6.648
1977-03-18,6.638
1977-03-19,6.638
1977-03-20,6.628
1977-03-21,6.628
1977-03-22,6.628
1977-03-23,6.628
1977-03-24,6.618
1977-03-25,6.628
1977-03-26,6.578
1977-03-27,6.598
1977-03-28,6.598
1977-03-29,6.558
1977-03-30,6.538
1977-03-31,6.558
1977-04-01,6.548
1977-04-02,6.558
1977-04-03,6.648
1977-04-04,7.208
1977-04-05,8.078
1977-04-06,7.588
1977-04-07,7.788
1977-04-08,7.868
1977-04-09,7.598
1977-04-10,7.388
1977-04-11,7.418
1977-04-12,7.808
1977-04-13,8.198
1977-04-14,8.218
1977-04-15,8.148
1977-04-16,8.558
1977-04-17,8.118
1977-04-18,7.718
1977-04-19,7.498
1977-04-20,7.338
1977-04-21,7.228
1977-04-22,7.668
1977-04-23,7.638
1977-04-24,7.918
1977-04-25,7.828
1977-04-26,7.898
1977-04-27,7.768
1977-04-28,7.458
1977-04-29,7.498
1977-04-30,7.218
1977-05-01,8.368
1977-05-02,8.058
1977-05-03,8.018
1977-05-04,7.718
1977-05-05,7.548
1977-05-06,7.588
1977-05-07,7.718
1977-05-08,7.468
1977-05-09,7.288
1977-05-10,7.178
1977-05-11,7.088
1977-05-12,7.038
1977-05-13,7.318
1977-05-14,8.018
1977-05-15,7.758
1977-05-16,7.548
1977-05-17,7.898
1977-05-18,8.128
1977-05-19,8.218
1977-05-20,9.258
1977-05-21,8.828
1977-05-22,8.968
1977-05-23,8.548
1977-05-24,8.388
1977-05-25,8.218
1977-05-26,8.058
1977-05-27,7.928
1977-05-28,8.078
1977-05-29,7.928
1977-05-30,8.258
1977-05-31,8.228
1977-06-01,9.548
1977-06-02,10.298
1977-06-03,10.028
1977-06-04,9.628
1977-06-05,9.298
1977-06-06,9.068
1977-06-07,8.808
1977-06-08,8.648
1977-06-09,9.088
1977-06-10,8.868
1977-06-11,8.968
1977-06-12,8.468
1977-06-13,8.298
1977-06-14,8.428
1977-06-15,8.258
1977-06-16,8.178
1977-06-17,8.228
1977-06-18,8.328
1977-06-19,8.268
1977-06-20,8.178
1977-06-21,8.048
1977-06-22,8.048
1977-06-23,8.058
1977-06-24,9.038
1977-06-25,9.088
1977-06-26,8.948
1977-06-27,9.338
1977-06-28,10.178
1977-06-29,10.468
1977-06-30,10.438
1977-07-01,10.078
1977-07-02,9.828
1977-07-03,9.628
1977-07-04,9.398
1977-07-05,9.228
1977-07-06,9.038
1977-07-07,8.908
1977-07-08,8.748
1977-07-09,8.588
1977-07-10,8.468
1977-07-11,8.398
1977-07-12,8.348
1977-07-13,8.428
1977-07-14,9.298
1977-07-15,9.208
1977-07-16,9.288
1977-07-17,9.098
1977-07-18,8.938
1977-07-19,8.728
1977-07-20,8.538
1977-07-21,8.418
1977-07-22,8.298
1977-07-23,8.258
1977-07-24,8.578
1977-07-25,8.488
1977-07-26,8.438
1977-07-27,8.628
1977-07-28,8.618
1977-07-29,8.518
1977-07-30,8.478
1977-07-31,8.578
1977-08-01,8.518
1977-08-02,8.348
1977-08-03,8.228
1977-08-04,8.138
1977-08-05,7.998
1977-08-06,7.908
1977-08-07,7.888
1977-08-08,7.828
1977-08-09,7.798
1977-08-10,7.898
1977-08-11,7.858
1977-08-12,7.848
1977-08-13,7.978
1977-08-14,7.978
1977-08-15,8.058
1977-08-16,8.338
1977-08-17,9.558
1977-08-18,9.068
1977-08-19,8.648
1977-08-20,7.518
1977-08-21,8.398
1977-08-22,8.258
1977-08-23,8.208
1977-08-24,8.218
1977-08-25,8.508
1977-08-26,8.488
1977-08-27,8.398
1977-08-28,8.388
1977-08-29,8.428
1977-08-30,8.298
1977-08-31,8.138
1977-09-01,8.048
1977-09-02,8.288
1977-09-03,8.198
1977-09-04,8.048
1977-09-05,7.948
1977-09-06,7.868
1977-09-07,7.808
1977-09-08,7.928
1977-09-09,8.388
1977-09-10,8.028
1977-09-11,8.018
1977-09-12,8.328
1977-09-13,7.978
1977-09-14,7.858
1977-09-15,7.808
1977-09-16,8.338
1977-09-17,8.548
1977-09-18,8.228
1977-09-19,7.168
1977-09-20,7.978
1977-09-21,7.898
1977-09-22,7.808
1977-09-23,7.748
1977-09-24,7.668
1977-09-25,7.748
1977-09-26,7.798
1977-09-27,7.718
1977-09-28,7.588
1977-09-29,7.508
1977-09-30,7.448
1977-10-01,7.468
1977-10-02,7.438
1977-10-03,7.398
1977-10-04,7.708
1977-10-05,8.188
1977-10-06,8.178
1977-10-07,9.178
1977-10-08,8.728
1977-10-09,8.518
1977-10-10,8.318
1977-10-11,8.148
1977-10-12,8.008
1977-10-13,7.908
1977-10-14,7.798
1977-10-15,7.718
1977-10-16,7.638
1977-10-17,7.578
1977-10-18,7.518
1977-10-19,7.458
1977-10-20,7.418
1977-10-21,7.378
1977-10-22,7.338
1977-10-23,7.298
1977-10-24,7.258
1977-10-25,7.228
1977-10-26,7.218
1977-10-27,7.228
1977-10-28,7.268
1977-10-29,7.268
1977-10-30,7.228
1977-10-31,7.548
1977-11-01,7.458
1977-11-02,7.308
1977-11-03,7.228
1977-11-04,7.208
1977-11-05,7.258
1977-11-06,7.418
1977-11-07,7.548
1977-11-08,7.718
1977-11-09,7.478
1977-11-10,7.388
1977-11-11,7.308
1977-11-12,7.248
1977-11-13,7.208
1977-11-14,7.148
1977-11-15,7.108
1977-11-16,7.078
1977-11-17,7.058
1977-11-18,7.048
1977-11-19,7.018
1977-11-20,7.008
1977-11-21,7.008
1977-11-22,7.018
1977-11-23,7.008
1977-11-24,6.988
1977-11-25,6.988
1977-11-26,6.998
1977-11-27,6.978
1977-11-28,6.908
1977-11-29,6.938
1977-11-30,6.918
1977-12-01,6.918
1977-12-02,6.908
1977-12-03,6.878
1977-12-04,6.878
1977-12-05,6.878
1977-12-06,6.878
1977-12-07,6.868
1977-12-08,6.868
1977-12-09,6.858
1977-12-10,6.848
1977-12-11,6.838
1977-12-12,6.838
1977-12-13,6.848
1977-12-14,6.848
1977-12-15,6.838
1977-12-16,6.828
1977-12-17,6.808
1977-12-18,6.808
1977-12-19,6.808
1977-12-20,6.788
1977-12-21,6.788
1977-12-22,6.788
1977-12-23,6.788
1977-12-24,6.788
1977-12-25,6.788
1977-12-26,6.788
1977-12-27,6.788
1977-12-28,6.778
1977-12-29,6.798
1977-12-30,6.838
1977-12-31,6.858
1978-01-01,6.828
1978-01-02,6.788
1978-01-03,6.798
1978-01-04,6.798
1978-01-05,6.788
1978-01-06,6.768
1978-01-07,6.788
1978-01-08,6.768
1978-01-09,6.668
1978-01-10,6.628
1978-01-11,6.768
1978-01-12,6.778
1978-01-13,6.708
1978-01-14,6.758
1978-01-15,6.768
1978-01-16,6.788
1978-01-17,6.748
1978-01-18,6.748
1978-01-19,6.748
1978-01-20,6.748
1978-01-21,6.748
1978-01-22,6.738
1978-01-23,6.748
1978-01-24,6.728
1978-01-25,6.728
1978-01-26,6.718
1978-01-27,6.698
1978-01-28,6.628
1978-01-29,6.708
1978-01-30,6.728
1978-01-31,6.708
1978-02-01,6.718
1978-02-02,6.708
1978-02-03,6.708
1978-02-04,6.698
1978-02-05,6.688
1978-02-06,6.688
1978-02-07,6.668
1978-02-08,6.668
1978-02-09,6.688
1978-02-10,6.698
1978-02-11,6.688
1978-02-12,6.688
1978-02-13,6.688
1978-02-14,6.698
1978-02-15,6.688
1978-02-16,6.688
1978-02-17,6.688
1978-02-18,6.688
1978-02-19,6.668
1978-02-20,6.648
1978-02-21,6.648
1978-02-22,6.628
1978-02-23,6.648
1978-02-24,6.628
1978-02-25,6.628
1978-02-26,6.628
1978-02-27,6.628
1978-02-28,6.618
1978-03-01,6.598
1978-03-02,6.598
1978-03-03,6.578
1978-03-04,6.588
1978-03-05,6.598
1978-03-06,6.598
1978-03-07,6.598
1978-03-08,6.588
1978-03-09,6.578
1978-03-10,6.578
1978-03-11,6.588
1978-03-12,6.578
1978-03-13,6.578
1978-03-14,6.578
1978-03-15,6.578
1978-03-16,6.568
1978-03-17,6.558
1978-03-18,6.558
1978-03-19,6.538
1978-03-20,6.528
1978-03-21,6.518
1978-03-22,6.528
1978-03-23,6.538
1978-03-24,6.538
1978-03-25,6.558
1978-03-26,6.538
1978-03-27,6.538
1978-03-28,6.518
1978-03-29,6.538
1978-03-30,6.558
1978-03-31,6.588
1978-04-01,6.548
1978-04-02,6.678
1978-04-03,6.568
1978-04-04,6.448
1978-04-05,6.478
1978-04-06,6.498
1978-04-07,6.488
1978-04-08,6.518
1978-04-09,6.508
1978-04-10,6.518
1978-04-11,6.498
1978-04-12,6.488
1978-04-13,6.488
1978-04-14,6.518
1978-04-15,6.568
1978-04-16,6.458
1978-04-17,6.518
1978-04-18,6.898
1978-04-19,6.818
1978-04-20,7.008
1978-04-21,6.708
1978-04-22,6.548
1978-04-23,6.588
1978-04-24,6.508
1978-04-25,6.438
1978-04-26,6.398
1978-04-27,6.338
1978-04-28,6.278
1978-04-29,6.278
1978-04-30,6.388
1978-05-01,6.288
1978-05-02,6.268
1978-05-03,6.228
1978-05-04,6.248
1978-05-05,6.228
1978-05-06,6.348
1978-05-07,6.658
1978-05-08,7.158
1978-05-09,6.868
1978-05-10,6.768
1978-05-11,6.918
1978-05-12,8.048
1978-05-13,7.648
1978-05-14,7.548
1978-05-15,7.308
1978-05-16,7.048
1978-05-17,6.918
1978-05-18,6.818
1978-05-19,7.198
1978-05-20,7.498
1978-05-21,8.068
1978-05-22,9.838
1978-05-23,9.598
1978-05-24,9.508
1978-05-25,9.158
1978-05-26,8.928
1978-05-27,9.338
1978-05-28,9.828
1978-05-29,9.338
1978-05-30,8.918
1978-05-31,9.128
1978-06-01,8.728
1978-06-02,8.598
1978-06-03,8.438
1978-06-04,8.268
1978-06-05,8.628
1978-06-06,9.818
1978-06-07,10.238
1978-06-08,9.668
1978-06-09,9.898
1978-06-10,10.238
1978-06-11,10.218
1978-06-12,9.898
1978-06-13,9.878
1978-06-14,9.798
1978-06-15,9.498
1978-06-16,9.298
1978-06-17,9.248
1978-06-18,9.068
1978-06-19,8.918
1978-06-20,8.718
1978-06-21,8.578
1978-06-22,8.438
1978-06-23,8.348
1978-06-24,8.568
1978-06-25,10.358
1978-06-26,10.948
1978-06-27,11.198
1978-06-28,10.768
1978-06-29,10.308
1978-06-30,10.048
1978-07-01,9.758
1978-07-02,9.528
1978-07-03,9.298
1978-07-04,9.128
1978-07-05,8.998
1978-07-06,8.908
1978-07-07,8.748
1978-07-08,8.598
1978-07-09,8.488
1978-07-10,8.378
1978-07-11,8.398
1978-07-12,8.618
1978-07-13,8.648
1978-07-14,8.538
1978-07-15,8.448
1978-07-16,8.938
1978-07-17,9.348
1978-07-18,9.088
1978-07-19,8.968
1978-07-20,8.938
1978-07-21,8.868
1978-07-22,9.038
1978-07-23,9.018
1978-07-24,8.908
1978-07-25,8.748
1978-07-26,8.698
1978-07-27,9.188
1978-07-28,9.148
1978-07-29,9.178
1978-07-30,9.008
1978-07-31,8.898
1978-08-01,8.828
1978-08-02,8.908
1978-08-03,8.828
1978-08-04,8.768
1978-08-05,8.698
1978-08-06,8.638
1978-08-07,8.578
1978-08-08,8.468
1978-08-09,8.378
1978-08-10,8.298
1978-08-11,8.208
1978-08-12,8.258
1978-08-13,8.288
1978-08-14,8.158
1978-08-15,8.148
1978-08-16,8.048
1978-08-17,7.988
1978-08-18,7.938
1978-08-19,7.948
1978-08-20,7.948
1978-08-21,8.178
1978-08-22,8.368
1978-08-23,8.298
1978-08-24,8.378
1978-08-25,8.308
1978-08-26,8.268
1978-08-27,8.378
1978-08-28,8.138
1978-08-29,8.018
1978-08-30,8.008
1978-08-31,8.598
1978-09-01,8.428
1978-09-02,8.298
1978-09-03,8.258
1978-09-04,8.178
1978-09-05,8.398
1978-09-06,8.608
1978-09-07,9.158
1978-09-08,9.448
1978-09-09,9.048
1978-09-10,8.878
1978-09-11,8.798
1978-09-12,8.628
1978-09-13,8.458
1978-09-14,8.338
1978-09-15,8.298
1978-09-16,8.258
1978-09-17,8.098
1978-09-18,8.018
1978-09-19,7.988
1978-09-20,8.238
1978-09-21,8.128
1978-09-22,8.018
1978-09-23,7.918
1978-09-24,8.768
1978-09-25,9.038
1978-09-26,8.648
1978-09-27,8.528
1978-09-28,8.418
1978-09-29,8.288
1978-09-30,8.188
1978-10-01,8.128
1978-10-02,8.658
1978-10-03,8.608
1978-10-04,8.678
1978-10-05,8.508
1978-10-06,8.288
1978-10-07,8.178
1978-10-08,8.078
1978-10-09,8.048
1978-10-10,7.998
1978-10-11,7.898
1978-10-12,7.898
1978-10-13,7.928
1978-10-14,7.768
1978-10-15,7.688
1978-10-16,7.648
1978-10-17,7.698
1978-10-18,7.628
1978-10-19,7.598
1978-10-20,7.548
1978-10-21,7.528
1978-10-22,7.498
1978-10-23,7.458
1978-10-24,7.418
1978-10-25,7.318
1978-10-26,7.288
1978-10-27,7.288
1978-10-28,7.298
1978-10-29,7.268
1978-10-30,7.288
1978-10-31,7.268
1978-11-01,7.228
1978-11-02,7.218
1978-11-03,7.198
1978-11-04,7.188
1978-11-05,7.168
1978-11-06,7.138
1978-11-07,7.138
1978-11-08,7.128
1978-11-09,7.128
1978-11-10,7.108
1978-11-11,7.098
1978-11-12,7.098
1978-11-13,7.098
1978-11-14,7.078
1978-11-15,7.078
1978-11-16,7.078
1978-11-17,7.068
1978-11-18,7.068
1978-11-19,7.068
1978-11-20,7.068
1978-11-21,7.058
1978-11-22,7.068
1978-11-23,7.068
1978-11-24,7.048
1978-11-25,7.048
1978-11-26,7.048
1978-11-27,7.048
1978-11-28,7.038
1978-11-29,7.038
1978-11-30,7.038
1978-12-01,7.028
1978-12-02,7.018
1978-12-03,7.018
1978-12-04,7.018
1978-12-05,7.008
1978-12-06,7.008
1978-12-07,7.008
1978-12-08,7.008
1978-12-09,6.998
1978-12-10,6.988
1978-12-11,6.988
1978-12-12,6.988
1978-12-13,6.978
1978-12-14,6.968
1978-12-15,6.958
1978-12-16,6.968
1978-12-17,6.968
1978-12-18,6.938
1978-12-19,6.938
1978-12-20,6.938
1978-12-21,6.938
1978-12-22,6.928
1978-12-23,6.928
1978-12-24,6.928
1978-12-25,6.918
1978-12-26,6.908
1978-12-27,6.898
1978-12-28,6.938
1978-12-29,6.928
1978-12-30,6.918
1978-12-31,6.918
1979-01-01,6.908
1979-01-02,6.898
1979-01-03,6.898
1979-01-04,6.898
1979-01-05,6.898
1979-01-06,6.898
1979-01-07,6.898
1979-01-08,6.898
1979-01-09,6.898
1979-01-10,6.938
1979-01-11,6.918
1979-01-12,6.938
1979-01-13,6.918
1979-01-14,6.928
1979-01-15,6.928
1979-01-16,6.938
1979-01-17,6.918
1979-01-18,6.918
1979-01-19,6.878
1979-01-20,6.918
1979-01-21,6.918
1979-01-22,6.918
1979-01-23,6.918
1979-01-24,6.898
1979-01-25,6.898
1979-01-26,6.868
1979-01-27,6.818
1979-01-28,6.848
1979-01-29,6.878
1979-01-30,6.868
1979-01-31,6.898
1979-02-01,6.908
1979-02-02,6.948
1979-02-03,6.958
1979-02-04,6.978
1979-02-05,6.978
1979-02-06,6.848
1979-02-07,6.938
1979-02-08,6.898
1979-02-09,6.788
1979-02-10,6.878
1979-02-11,6.858
1979-02-12,6.858
1979-02-13,6.828
1979-02-14,6.838
1979-02-15,6.828
1979-02-16,6.788
1979-02-17,6.798
1979-02-18,6.798
1979-02-19,6.798
1979-02-20,6.798
1979-02-21,6.798
1979-02-22,6.798
1979-02-23,6.798
1979-02-24,6.788
1979-02-25,6.788
1979-02-26,6.778
1979-02-27,6.768
1979-02-28,6.748
1979-03-01,6.758
1979-03-02,6.778
1979-03-03,6.768
1979-03-04,6.758
1979-03-05,6.768
1979-03-06,6.738
1979-03-07,6.728
1979-03-08,6.668
1979-03-09,6.758
1979-03-10,6.768
1979-03-11,6.738
1979-03-12,6.718
1979-03-13,6.718
1979-03-14,6.718
1979-03-15,6.728
1979-03-16,6.718
1979-03-17,6.718
1979-03-18,6.708
1979-03-19,6.798
1979-03-20,6.918
1979-03-21,6.898
1979-03-22,6.918
1979-03-23,6.888
1979-03-24,6.808
1979-03-25,6.758
1979-03-26,6.738
1979-03-27,6.718
1979-03-28,6.698
1979-03-29,6.698
1979-03-30,6.678
1979-03-31,6.668
1979-04-01,6.688
1979-04-02,6.688
1979-04-03,6.658
1979-04-04,6.648
1979-04-05,6.658
1979-04-06,6.668
1979-04-07,6.678
1979-04-08,6.698
1979-04-09,6.668
1979-04-10,6.628
1979-04-11,6.648
1979-04-12,6.648
1979-04-13,6.618
1979-04-14,6.648
1979-04-15,6.678
1979-04-16,6.648
1979-04-17,6.658
1979-04-18,6.638
1979-04-19,6.648
1979-04-20,6.638
1979-04-21,6.538
1979-04-22,6.598
1979-04-23,6.598
1979-04-24,6.618
1979-04-25,6.628
1979-04-26,6.628
1979-04-27,6.618
1979-04-28,6.588
1979-04-29,6.618
1979-04-30,6.728
1979-05-01,6.688
1979-05-02,6.988
1979-05-03,7.258
1979-05-04,6.998
1979-05-05,6.878
1979-05-06,6.808
1979-05-07,6.748
1979-05-08,6.718
1979-05-09,6.688
1979-05-10,6.708
1979-05-11,6.708
1979-05-12,6.708
1979-05-13,6.708
1979-05-14,6.688
1979-05-15,6.688
1979-05-16,6.688
1979-05-17,6.678
1979-05-18,6.658
1979-05-19,6.778
1979-05-20,6.718
1979-05-21,6.668
1979-05-22,6.728
1979-05-23,6.728
1979-05-24,6.708
1979-05-25,6.678
1979-05-26,6.588
1979-05-27,6.608
1979-05-28,6.598
1979-05-29,6.618
1979-05-30,6.638
1979-05-31,6.618
1979-06-01,6.568
1979-06-02,6.618
1979-06-03,6.608
1979-06-04,6.628
1979-06-05,6.618
1979-06-06,6.628
1979-06-07,6.648
1979-06-08,6.758
1979-06-09,6.798
1979-06-10,6.898
1979-06-11,7.028
1979-06-12,7.148
1979-06-13,7.548
1979-06-14,7.778
1979-06-15,7.508
1979-06-16,7.678
1979-06-17,7.598
1979-06-18,7.408
1979-06-19,7.378
1979-06-20,7.358
1979-06-21,7.198
1979-06-22,7.298
1979-06-23,7.168
1979-06-24,7.238
1979-06-25,7.258
1979-06-26,7.048
1979-06-27,7.018
1979-06-28,6.988
1979-06-29,7.078
1979-06-30,7.098
1979-07-01,9.048
1979-07-02,9.328
1979-07-03,9.008
1979-07-04,8.378
1979-07-05,8.108
1979-07-06,8.688
1979-07-07,8.438
1979-07-08,8.728
1979-07-09,8.958
1979-07-10,8.268
1979-07-11,8.728
1979-07-12,8.348
1979-07-13,8.098
1979-07-14,8.038
1979-07-15,7.928
1979-07-16,8.138
1979-07-17,9.068
1979-07-18,8.768
1979-07-19,8.368
1979-07-20,8.268
1979-07-21,8.418
1979-07-22,8.178
1979-07-23,7.938
1979-07-24,7.848
1979-07-25,7.728
1979-07-26,7.628
1979-07-27,7.548
1979-07-28,7.448
1979-07-29,7.078
1979-07-30,7.428
1979-07-31,7.388
1979-08-01,7.268
1979-08-02,7.218
1979-08-03,7.148
1979-08-04,7.108
1979-08-05,7.298
1979-08-06,7.638
1979-08-07,7.988
1979-08-08,7.578
1979-08-09,7.248
1979-08-10,7.218
1979-08-11,7.198
1979-08-12,7.108
1979-08-13,7.038
1979-08-14,7.088
1979-08-15,7.748
1979-08-16,8.978
1979-08-17,8.868
1979-08-18,7.368
1979-08-19,8.108
1979-08-20,9.038
1979-08-21,10.628
1979-08-22,10.568
1979-08-23,9.668
1979-08-24,9.268
1979-08-25,9.098
1979-08-26,8.928
1979-08-27,9.728
1979-08-28,8.898
1979-08-29,8.658
1979-08-30,8.568
1979-08-31,8.568
1979-09-01,8.588
1979-09-02,8.508
1979-09-03,8.378
1979-09-04,8.268
1979-09-05,8.328
1979-09-06,8.428
1979-09-07,8.368
1979-09-08,8.298
1979-09-09,8.168
1979-09-10,8.108
1979-09-11,8.288
1979-09-12,9.948
1979-09-13,9.328
1979-09-14,9.018
1979-09-15,8.798
1979-09-16,8.688
1979-09-17,8.558
1979-09-18,8.408
1979-09-19,8.318
1979-09-20,8.218
1979-09-21,8.058
1979-09-22,7.998
1979-09-23,7.968
1979-09-24,8.408
1979-09-25,8.938
1979-09-26,8.438
1979-09-27,8.268
1979-09-28,8.158
1979-09-29,8.288
1979-09-30,8.278
1979-10-01,8.108
1979-10-02,7.958
1979-10-03,7.858
1979-10-04,7.798
1979-10-05,7.798
1979-10-06,7.878
1979-10-07,8.648
1979-10-08,8.558
1979-10-09,8.268
1979-10-10,8.208
1979-10-11,8.068
1979-10-12,7.918
1979-10-13,7.828
1979-10-14,7.778
1979-10-15,7.668
1979-10-16,7.618
1979-10-17,7.538
1979-10-18,7.498
1979-10-19,7.468
1979-10-20,7.428
1979-10-21,7.398
1979-10-22,7.378
1979-10-23,7.338
1979-10-24,7.288
1979-10-25,7.258
1979-10-26,7.238
1979-10-27,7.228
1979-10-28,7.208
1979-10-29,7.188
1979-10-30,7.168
1979-10-31,7.158
1979-11-01,7.128
1979-11-02,7.118
1979-11-03,7.108
1979-11-04,7.098
1979-11-05,7.088
1979-11-06,7.108
1979-11-07,7.068
1979-11-08,7.058
1979-11-09,7.048
1979-11-10,7.048
1979-11-11,7.038
1979-11-12,7.028
1979-11-13,7.018
1979-11-14,7.018
1979-11-15,7.018
1979-11-16,7.018
1979-11-17,7.018
1979-11-18,6.998
1979-11-19,6.908
1979-11-20,6.998
1979-11-21,7.118
1979-11-22,7.258
1979-11-23,7.458
1979-11-24,7.298
1979-11-25,7.158
1979-11-26,7.188
1979-11-27,7.248
1979-11-28,7.218
1979-11-29,7.338
1979-11-30,7.788
1979-12-01,7.888
1979-12-02,8.078
1979-12-03,7.788
1979-12-04,7.568
1979-12-05,7.428
1979-12-06,7.338
1979-12-07,7.258
1979-12-08,7.188
1979-12-09,7.148
1979-12-10,7.028
1979-12-11,7.078
1979-12-12,7.058
1979-12-13,7.068
1979-12-14,7.048
1979-12-15,7.038
1979-12-16,7.028
1979-12-17,7.008
1979-12-18,6.978
1979-12-19,6.978
1979-12-20,6.968
1979-12-21,6.958
1979-12-22,6.978
1979-12-23,6.988
1979-12-24,6.968
1979-12-25,6.948
1979-12-26,6.948
1979-12-27,6.948
1979-12-28,6.948
1979-12-29,6.928
1979-12-30,6.928
1979-12-31,6.938
1980-01-01,6.958
1980-01-02,6.968
1980-01-03,6.948
1980-01-04,6.948
1980-01-05,6.928
1980-01-06,6.918
1980-01-07,6.928
1980-01-08,6.918
1980-01-09,6.928
1980-01-10,6.918
1980-01-11,6.928
1980-01-12,6.948
1980-01-13,6.928
1980-01-14,6.888
1980-01-15,6.938
1980-01-16,6.928
1980-01-17,6.938
1980-01-18,6.958
1980-01-19,6.948
1980-01-20,6.958
1980-01-21,6.938
1980-01-22,6.938
1980-01-23,6.938
1980-01-24,6.928
1980-01-25,6.928
1980-01-26,6.908
1980-01-27,6.918
1980-01-28,6.888
1980-01-29,6.888
1980-01-30,6.938
1980-01-31,6.868
1980-02-01,6.868
1980-02-02,6.838
1980-02-03,6.858
1980-02-04,6.848
1980-02-05,6.918
1980-02-06,7.098
1980-02-07,7.078
1980-02-08,6.988
1980-02-09,6.908
1980-02-10,6.868
1980-02-11,6.848
1980-02-12,6.818
1980-02-13,6.828
1980-02-14,6.818
1980-02-15,6.808
1980-02-16,6.808
1980-02-17,6.808
1980-02-18,6.768
1980-02-19,6.758
1980-02-20,6.758
1980-02-21,6.768
1980-02-22,6.758
1980-02-23,6.758
1980-02-24,6.718
1980-02-25,6.728
1980-02-26,6.728
1980-02-27,6.878
1980-02-28,6.788
1980-02-29,6.788
1980-03-01,6.808
1980-03-02,6.928
1980-03-03,6.988
1980-03-04,6.928
1980-03-05,6.918
1980-03-06,7.158
1980-03-07,6.958
1980-03-08,6.958
1980-03-09,6.848
1980-03-10,6.818
1980-03-11,6.788
1980-03-12,6.758
1980-03-13,6.748
1980-03-14,6.738
1980-03-15,6.718
1980-03-16,6.708
1980-03-17,6.698
1980-03-18,6.688
1980-03-19,6.698
1980-03-20,6.728
1980-03-21,6.738
1980-03-22,6.728
1980-03-23,6.678
1980-03-24,6.688
1980-03-25,6.668
1980-03-26,6.688
1980-03-27,6.708
1980-03-28,6.698
1980-03-29,6.688
1980-03-30,6.708
1980-03-31,6.698
1980-04-01,6.668
1980-04-02,6.688
1980-04-03,6.668
1980-04-04,6.688
1980-04-05,6.688
1980-04-06,6.698
1980-04-07,6.708
1980-04-08,6.718
1980-04-09,6.678
1980-04-10,6.688
1980-04-11,6.668
1980-04-12,6.658
1980-04-13,6.668
1980-04-14,6.648
1980-04-15,6.658
1980-04-16,6.658
1980-04-17,6.668
1980-04-18,6.688
1980-04-19,6.708
1980-04-20,6.728
1980-04-21,6.768
1980-04-22,6.788
1980-04-23,6.758
1980-04-24,6.718
1980-04-25,6.708
1980-04-26,6.678
1980-04-27,6.678
1980-04-28,6.678
1980-04-29,6.658
1980-04-30,6.668
1980-05-01,6.738
1980-05-02,6.738
1980-05-03,6.688
1980-05-04,6.688
1980-05-05,6.748
1980-05-06,7.068
1980-05-07,8.308
1980-05-08,8.658
1980-05-09,9.188
1980-05-10,8.918
1980-05-11,8.888
1980-05-12,8.778
1980-05-13,8.598
1980-05-14,8.648
1980-05-15,8.418
1980-05-16,8.358
1980-05-17,8.638
1980-05-18,8.338
1980-05-19,8.168
1980-05-20,8.278
1980-05-21,8.088
1980-05-22,7.868
1980-05-23,7.668
1980-05-24,7.518
1980-05-25,7.428
1980-05-26,7.368
1980-05-27,7.328
1980-05-28,7.338
1980-05-29,7.618
1980-05-30,7.648
1980-05-31,8.688
1980-06-01,8.718
1980-06-02,8.478
1980-06-03,8.368
1980-06-04,8.148
1980-06-05,7.928
1980-06-06,7.718
1980-06-07,9.128
1980-06-08,8.768
1980-06-09,8.258
1980-06-10,8.018
1980-06-11,8.018
1980-06-12,8.168
1980-06-13,7.978
1980-06-14,7.998
1980-06-15,7.828
1980-06-16,7.998
1980-06-17,8.008
1980-06-18,7.968
1980-06-19,7.828
1980-06-20,7.758
1980-06-21,7.668
1980-06-22,7.668
1980-06-23,7.818
1980-06-24,7.728
1980-06-25,7.598
1980-06-26,7.478
1980-06-27,7.378
1980-06-28,7.298
1980-06-29,7.238
1980-06-30,7.188
1980-07-01,7.168
1980-07-02,7.308
1980-07-03,7.168
1980-07-04,7.158
1980-07-05,7.078
1980-07-06,7.118
1980-07-07,7.168
1980-07-08,7.398
1980-07-09,7.288
1980-07-10,7.178
1980-07-11,6.988
1980-07-12,7.048
1980-07-13,6.998
1980-07-14,6.998
1980-07-15,7.018
1980-07-16,7.318
1980-07-17,8.368
1980-07-18,8.518
1980-07-19,8.128
1980-07-20,7.978
1980-07-21,7.898
1980-07-22,7.958
1980-07-23,7.798
1980-07-24,8.208
1980-07-25,8.778
1980-07-26,9.098
1980-07-27,8.748
1980-07-28,8.738
1980-07-29,8.528
1980-07-30,8.468
1980-07-31,8.358
1980-08-01,8.298
1980-08-02,8.298
1980-08-03,8.178
1980-08-04,8.038
1980-08-05,7.918
1980-08-06,7.888
1980-08-07,8.018
1980-08-08,8.038
1980-08-09,7.968
1980-08-10,7.878
1980-08-11,7.828
1980-08-12,7.788
1980-08-13,7.798
1980-08-14,7.798
1980-08-15,7.688
1980-08-16,7.748
1980-08-17,7.788
1980-08-18,7.778
1980-08-19,7.828
1980-08-20,8.348
1980-08-21,9.058
1980-08-22,8.518
1980-08-23,8.188
1980-08-24,8.178
1980-08-25,8.218
1980-08-26,8.168
1980-08-27,8.098
1980-08-28,8.248
1980-08-29,8.248
1980-08-30,8.168
1980-08-31,8.268
1980-09-01,8.388
1980-09-02,8.238
1980-09-03,8.208
1980-09-04,8.188
1980-09-05,8.088
1980-09-06,7.968
1980-09-07,7.848
1980-09-08,7.788
1980-09-09,7.728
1980-09-10,7.918
1980-09-11,8.348
1980-09-12,8.618
1980-09-13,8.988
1980-09-14,8.688
1980-09-15,8.438
1980-09-16,9.698
1980-09-17,9.628
1980-09-18,9.328
1980-09-19,8.988
1980-09-20,8.838
1980-09-21,8.708
1980-09-22,8.918
1980-09-23,9.218
1980-09-24,9.048
1980-09-25,8.848
1980-09-26,8.718
1980-09-27,8.578
1980-09-28,8.638
1980-09-29,8.468
1980-09-30,8.328
1980-10-01,8.188
1980-10-02,8.068
1980-10-03,8.558
1980-10-04,8.718
1980-10-05,8.528
1980-10-06,8.328
1980-10-07,8.258
1980-10-08,8.128
1980-10-09,7.998
1980-10-10,7.898
1980-10-11,7.808
1980-10-12,7.748
1980-10-13,7.678
1980-10-14,7.598
1980-10-15,7.568
1980-10-16,7.538
1980-10-17,7.368
1980-10-18,7.468
1980-10-19,7.848
1980-10-20,8.008
1980-10-21,7.898
1980-10-22,8.058
1980-10-23,8.138
1980-10-24,7.918
1980-10-25,7.788
1980-10-26,7.688
1980-10-27,7.638
1980-10-28,7.588
1980-10-29,7.498
1980-10-30,7.468
1980-10-31,7.428
1980-11-01,7.388
1980-11-02,7.348
1980-11-03,7.328
1980-11-04,7.298
1980-11-05,7.238
1980-11-06,7.238
1980-11-07,7.218
1980-11-08,7.198
1980-11-09,7.198
1980-11-10,7.178
1980-11-11,7.178
1980-11-12,7.148
1980-11-13,7.148
1980-11-14,7.138
1980-11-15,7.128
1980-11-16,7.138
1980-11-17,7.138
1980-11-18,7.128
1980-11-19,7.108
1980-11-20,7.088
1980-11-21,7.088
1980-11-22,7.088
1980-11-23,7.088
1980-11-24,7.078
1980-11-25,7.078
1980-11-26,7.078
1980-11-27,7.068
1980-11-28,7.068
1980-11-29,7.068
1980-11-30,7.068
1980-12-01,7.038
1980-12-02,7.038
1980-12-03,7.038
1980-12-04,7.038
1980-12-05,7.038
1980-12-06,7.038
1980-12-07,7.038
1980-12-08,7.038
1980-12-09,7.018
1980-12-10,7.038
1980-12-11,7.038
1980-12-12,7.038
1980-12-13,7.038
1980-12-14,7.038
1980-12-15,6.998
1980-12-16,6.998
1980-12-17,6.998
1980-12-18,6.998
1980-12-19,6.998
1980-12-20,6.998
1980-12-21,6.988
1980-12-22,7.008
1980-12-23,6.988
1980-12-24,6.988
1980-12-25,6.988
1980-12-26,6.988
1980-12-27,6.978
1980-12-28,6.978
1980-12-29,6.978
1980-12-30,6.978
1980-12-31,6.968
1981-01-01,6.968
1981-01-02,6.958
1981-01-03,6.958
1981-01-04,6.958
1981-01-05,6.958
1981-01-06,6.958
1981-01-07,6.968
1981-01-08,7.058
1981-01-09,7.298
1981-01-10,7.108
1981-01-11,7.038
1981-01-12,7.018
1981-01-13,7.018
1981-01-14,7.018
1981-01-15,7.008
1981-01-16,7.008
1981-01-17,7.008
1981-01-18,6.938
1981-01-19,6.918
1981-01-20,6.918
1981-01-21,6.918
1981-01-22,6.878
1981-01-23,6.928
1981-01-24,6.938
1981-01-25,6.918
1981-01-26,6.928
1981-01-27,6.918
1981-01-28,6.918
1981-01-29,6.918
1981-01-30,6.918
1981-01-31,6.918
1981-02-01,6.938
1981-02-02,6.958
1981-02-03,6.948
1981-02-04,6.938
1981-02-05,6.938
1981-02-06,6.918
1981-02-07,6.918
1981-02-08,6.888
1981-02-09,6.908
1981-02-10,6.918
1981-02-11,6.958
1981-02-12,6.998
1981-02-13,6.958
1981-02-14,6.948
1981-02-15,6.928
1981-02-16,6.918
1981-02-17,6.888
1981-02-18,6.898
1981-02-19,6.898
1981-02-20,6.888
1981-02-21,6.868
1981-02-22,6.848
1981-02-23,6.848
1981-02-24,6.788
1981-02-25,6.778
1981-02-26,6.808
1981-02-27,6.808
1981-02-28,6.808
1981-03-01,6.808
1981-03-02,6.808
1981-03-03,6.768
1981-03-04,6.788
1981-03-05,6.808
1981-03-06,6.788
1981-03-07,6.788
1981-03-08,6.798
1981-03-09,6.808
1981-03-10,6.798
1981-03-11,6.848
1981-03-12,6.858
1981-03-13,6.908
1981-03-14,6.878
1981-03-15,6.848
1981-03-16,6.808
1981-03-17,6.808
1981-03-18,6.808
1981-03-19,6.808
1981-03-20,6.788
1981-03-21,6.788
1981-03-22,6.778
1981-03-23,6.778
1981-03-24,6.828
1981-03-25,7.468
1981-03-26,7.248
1981-03-27,6.878
1981-03-28,7.028
1981-03-29,7.088
1981-03-30,7.008
1981-03-31,6.938
1981-04-01,7.188
1981-04-02,7.358
1981-04-03,7.218
1981-04-04,7.118
1981-04-05,7.148
1981-04-06,7.558
1981-04-07,7.428
1981-04-08,7.188
1981-04-09,7.078
1981-04-10,7.008
1981-04-11,6.938
1981-04-12,6.938
1981-04-13,7.428
1981-04-14,8.088
1981-04-15,8.538
1981-04-16,8.008
1981-04-17,7.848
1981-04-18,8.138
1981-04-19,8.998
1981-04-20,9.078
1981-04-21,8.788
1981-04-22,8.348
1981-04-23,8.048
1981-04-24,7.858
1981-04-25,7.678
1981-04-26,7.548
1981-04-27,7.438
1981-04-28,7.338
1981-04-29,7.308
1981-04-30,7.258
1981-05-01,7.208
1981-05-02,7.168
1981-05-03,7.158
1981-05-04,7.118
1981-05-05,7.098
1981-05-06,7.218
1981-05-07,7.428
1981-05-08,7.218
1981-05-09,7.148
1981-05-10,7.098
1981-05-11,7.398
1981-05-12,7.488
1981-05-13,7.578
1981-05-14,7.648
1981-05-15,7.558
1981-05-16,8.688
1981-05-17,8.988
1981-05-18,8.938
1981-05-19,8.708
1981-05-20,8.338
1981-05-21,8.098
1981-05-22,7.898
1981-05-23,7.768
1981-05-24,7.658
1981-05-25,7.658
1981-05-26,7.768
1981-05-27,7.668
1981-05-28,7.578
1981-05-29,7.548
1981-05-30,8.538
1981-05-31,8.558
1981-06-01,9.398
1981-06-02,9.258
1981-06-03,8.958
1981-06-04,8.818
1981-06-05,8.408
1981-06-06,8.018
1981-06-07,8.068
1981-06-08,8.038
1981-06-09,7.898
1981-06-10,7.768
1981-06-11,7.688
1981-06-12,7.728
1981-06-13,7.648
1981-06-14,7.608
1981-06-15,7.678
1981-06-16,7.588
1981-06-17,7.508
1981-06-18,7.438
1981-06-19,7.368
1981-06-20,7.478
1981-06-21,7.388
1981-06-22,8.298
1981-06-23,8.338
1981-06-24,8.488
1981-06-25,7.548
1981-06-26,7.468
1981-06-27,7.418
1981-06-28,7.408
1981-06-29,7.368
1981-06-30,7.548
1981-07-01,8.788
1981-07-02,10.498
1981-07-03,10.648
1981-07-04,10.678
1981-07-05,10.278
1981-07-06,9.688
1981-07-07,9.318
1981-07-08,9.028
1981-07-09,8.798
1981-07-10,8.588
1981-07-11,8.418
1981-07-12,8.268
1981-07-13,8.148
1981-07-14,8.318
1981-07-15,8.218
1981-07-16,8.218
1981-07-17,8.138
1981-07-18,8.688
1981-07-19,9.388
1981-07-20,9.338
1981-07-21,8.938
1981-07-22,8.928
1981-07-23,8.718
1981-07-24,8.508
1981-07-25,8.368
1981-07-26,8.288
1981-07-27,8.508
1981-07-28,9.038
1981-07-29,8.748
1981-07-30,8.648
1981-07-31,8.708
1981-08-01,8.588
1981-08-02,8.438
1981-08-03,8.618
1981-08-04,8.528
1981-08-05,8.428
1981-08-06,8.298
1981-08-07,8.388
1981-08-08,8.398
1981-08-09,8.388
1981-08-10,8.308
1981-08-11,8.328
1981-08-12,8.348
1981-08-13,8.238
1981-08-14,8.338
1981-08-15,8.128
1981-08-16,7.998
1981-08-17,7.908
1981-08-18,7.888
1981-08-19,7.878
1981-08-20,7.798
1981-08-21,7.738
1981-08-22,7.788
1981-08-23,8.118
1981-08-24,8.578
1981-08-25,9.248
1981-08-26,9.388
1981-08-27,8.998
1981-08-28,8.938
1981-08-29,8.878
1981-08-30,8.788
1981-08-31,8.658
1981-09-01,8.608
1981-09-02,8.408
1981-09-03,8.308
1981-09-04,8.318
1981-09-05,8.208
1981-09-06,8.118
1981-09-07,8.038
1981-09-08,7.438
1981-09-09,8.088
1981-09-10,8.088
1981-09-11,8.098
1981-09-12,8.098
1981-09-13,8.108
1981-09-14,8.058
1981-09-15,7.998
1981-09-16,7.868
1981-09-17,7.808
1981-09-18,7.718
1981-09-19,7.668
1981-09-20,7.718
1981-09-21,7.618
1981-09-22,7.588
1981-09-23,7.558
1981-09-24,7.428
1981-09-25,7.468
1981-09-26,7.448
1981-09-27,7.448
1981-09-28,7.428
1981-09-29,7.458
1981-09-30,7.488
1981-10-01,7.468
1981-10-02,7.438
1981-10-03,7.688
1981-10-04,7.508
1981-10-05,7.438
1981-10-06,7.388
1981-10-07,7.368
1981-10-08,7.338
1981-10-09,7.318
1981-10-10,7.288
1981-10-11,7.268
1981-10-12,7.268
1981-10-13,7.248
1981-10-14,7.218
1981-10-15,7.238
1981-10-16,7.288
1981-10-17,7.268
1981-10-18,7.218
1981-10-19,7.228
1981-10-20,7.198
1981-10-21,7.198
1981-10-22,7.198
1981-10-23,7.178
1981-10-24,7.158
1981-10-25,7.138
1981-10-26,7.138
1981-10-27,7.138
1981-10-28,7.128
1981-10-29,7.128
1981-10-30,7.118
1981-10-31,7.118
1981-11-01,7.108
1981-11-02,7.108
1981-11-03,7.138
1981-11-04,7.078
1981-11-05,7.068
1981-11-06,7.088
1981-11-07,7.088
1981-11-08,7.088
1981-11-09,7.078
1981-11-10,7.088
1981-11-11,7.128
1981-11-12,7.138
1981-11-13,7.118
1981-11-14,7.118
1981-11-15,7.108
1981-11-16,7.098
1981-11-17,7.098
1981-11-18,7.088
1981-11-19,7.098
1981-11-20,7.108
1981-11-21,7.128
1981-11-22,7.138
1981-11-23,7.118
1981-11-24,7.118
1981-11-25,7.118
1981-11-26,7.118
1981-11-27,7.118
1981-11-28,7.108
1981-11-29,7.108
1981-11-30,7.068
1981-12-01,7.078
1981-12-02,7.078
1981-12-03,7.068
1981-12-04,7.048
1981-12-05,7.058
1981-12-06,7.058
1981-12-07,7.068
1981-12-08,7.068
1981-12-09,7.078
1981-12-10,7.088
1981-12-11,7.098
1981-12-12,7.118
1981-12-13,7.118
1981-12-14,7.108
1981-12-15,7.078
1981-12-16,7.058
1981-12-17,7.048
1981-12-18,6.958
1981-12-19,7.048
1981-12-20,7.058
1981-12-21,7.058
1981-12-22,7.058
1981-12-23,7.048
1981-12-24,7.048
1981-12-25,7.048
1981-12-26,7.058
1981-12-27,7.068
1981-12-28,7.078
1981-12-29,7.068
1981-12-30,7.068
1981-12-31,7.058
1982-01-01,7.058
1982-01-02,7.048
1982-01-03,7.048
1982-01-04,7.048
1982-01-05,7.038
1982-01-06,7.038
1982-01-07,7.028
1982-01-08,7.038
1982-01-09,7.038
1982-01-10,7.018
1982-01-11,7.018
1982-01-12,7.018
1982-01-13,7.018
1982-01-14,7.028
1982-01-15,7.028
1982-01-16,7.018
1982-01-17,7.008
1982-01-18,6.998
1982-01-19,6.978
1982-01-20,6.988
1982-01-21,6.978
1982-01-22,6.958
1982-01-23,6.948
1982-01-24,6.968
1982-01-25,6.998
1982-01-26,6.998
1982-01-27,7.008
1982-01-28,7.008
1982-01-29,6.998
1982-01-30,6.998
1982-01-31,6.998
1982-02-01,7.068
1982-02-02,7.068
1982-02-03,7.068
1982-02-04,7.028
1982-02-05,7.028
1982-02-06,7.028
1982-02-07,6.898
1982-02-08,6.908
1982-02-09,6.908
1982-02-10,6.908
1982-02-11,6.898
1982-02-12,6.898
1982-02-13,6.898
1982-02-14,6.918
1982-02-15,6.928
1982-02-16,6.928
1982-02-17,6.928
1982-02-18,6.908
1982-02-19,6.908
1982-02-20,6.958
1982-02-21,6.958
1982-02-22,6.998
1982-02-23,6.928
1982-02-24,6.948
1982-02-25,6.968
1982-02-26,6.978
1982-02-27,6.978
1982-02-28,6.978
1982-03-01,6.958
1982-03-02,6.948
1982-03-03,6.948
1982-03-04,6.948
1982-03-05,6.918
1982-03-06,6.918
1982-03-07,6.928
1982-03-08,6.958
1982-03-09,6.948
1982-03-10,6.938
1982-03-11,6.938
1982-03-12,6.938
1982-03-13,6.898
1982-03-14,6.898
1982-03-15,6.888
1982-03-16,6.888
1982-03-17,6.878
1982-03-18,6.878
1982-03-19,6.868
1982-03-20,6.838
1982-03-21,6.808
1982-03-22,6.878
1982-03-23,6.848
1982-03-24,6.878
1982-03-25,6.848
1982-03-26,6.848
1982-03-27,6.858
1982-03-28,6.858
1982-03-29,6.858
1982-03-30,6.858
1982-03-31,6.858
1982-04-01,6.858
1982-04-02,6.858
1982-04-03,6.878
1982-04-04,7.018
1982-04-05,7.088
1982-04-06,6.948
1982-04-07,6.938
1982-04-08,6.918
1982-04-09,6.868
1982-04-10,6.858
1982-04-11,6.848
1982-04-12,6.878
1982-04-13,6.898
1982-04-14,6.888
1982-04-15,6.988
1982-04-16,6.958
1982-04-17,6.998
1982-04-18,6.968
1982-04-19,6.958
1982-04-20,6.888
1982-04-21,6.878
1982-04-22,6.928
1982-04-23,6.938
1982-04-24,7.088
1982-04-25,7.018
1982-04-26,7.028
1982-04-27,7.298
1982-04-28,7.308
1982-04-29,7.268
1982-04-30,7.178
1982-05-01,7.088
1982-05-02,7.068
1982-05-03,7.218
1982-05-04,7.148
1982-05-05,7.088
1982-05-06,7.028
1982-05-07,7.108
1982-05-08,7.078
1982-05-09,6.998
1982-05-10,6.998
1982-05-11,6.988
1982-05-12,7.298
1982-05-13,8.038
1982-05-14,7.898
1982-05-15,7.748
1982-05-16,7.658
1982-05-17,7.428
1982-05-18,7.378
1982-05-19,7.258
1982-05-20,7.198
1982-05-21,7.078
1982-05-22,7.078
1982-05-23,7.058
1982-05-24,7.048
1982-05-25,6.978
1982-05-26,6.968
1982-05-27,6.958
1982-05-28,6.938
1982-05-29,6.938
1982-05-30,6.958
1982-05-31,6.938
1982-06-01,6.928
1982-06-02,6.918
1982-06-03,6.948
1982-06-04,6.968
1982-06-05,6.938
1982-06-06,6.908
1982-06-07,6.898
1982-06-08,6.828
1982-06-09,6.878
1982-06-10,7.048
1982-06-11,7.478
1982-06-12,7.908
1982-06-13,7.868
1982-06-14,8.768
1982-06-15,8.248
1982-06-16,7.768
1982-06-17,7.578
1982-06-18,7.398
1982-06-19,7.438
1982-06-20,9.018
1982-06-21,9.188
1982-06-22,8.418
1982-06-23,8.028
1982-06-24,7.738
1982-06-25,7.578
1982-06-26,7.468
1982-06-27,7.388
1982-06-28,7.338
1982-06-29,7.548
1982-06-30,7.478
1982-07-01,7.468
1982-07-02,7.418
1982-07-03,7.888
1982-07-04,8.468
1982-07-05,7.878
1982-07-06,7.678
1982-07-07,7.548
1982-07-08,7.478
1982-07-09,7.388
1982-07-10,7.298
1982-07-11,7.408
1982-07-12,7.538
1982-07-13,7.458
1982-07-14,7.458
1982-07-15,7.368
1982-07-16,7.268
1982-07-17,7.548
1982-07-18,7.768
1982-07-19,7.708
1982-07-20,7.538
1982-07-21,7.578
1982-07-22,7.448
1982-07-23,7.408
1982-07-24,7.418
1982-07-25,7.558
1982-07-26,7.738
1982-07-27,7.658
1982-07-28,7.568
1982-07-29,7.458
1982-07-30,7.558
1982-07-31,7.728
1982-08-01,8.038
1982-08-02,8.848
1982-08-03,10.658
1982-08-04,11.328
1982-08-05,11.488
1982-08-06,11.148
1982-08-07,10.378
1982-08-08,9.698
1982-08-09,9.428
1982-08-10,9.368
1982-08-11,9.148
1982-08-12,9.168
1982-08-13,8.908
1982-08-14,8.638
1982-08-15,8.478
1982-08-16,8.378
1982-08-17,8.168
1982-08-18,8.028
1982-08-19,7.958
1982-08-20,7.828
1982-08-21,7.778
1982-08-22,7.758
1982-08-23,7.788
1982-08-24,7.778
1982-08-25,7.928
1982-08-26,7.788
1982-08-27,7.738
1982-08-28,7.708
1982-08-29,7.638
1982-08-30,7.528
1982-08-31,7.668
1982-09-01,7.638
1982-09-02,7.568
1982-09-03,7.478
1982-09-04,7.718
1982-09-05,7.848
1982-09-06,8.308
1982-09-07,8.598
1982-09-08,8.248
1982-09-09,8.638
1982-09-10,8.258
1982-09-11,8.168
1982-09-12,8.588
1982-09-13,8.338
1982-09-14,8.258
1982-09-15,8.778
1982-09-16,8.878
1982-09-17,9.248
1982-09-18,8.898
1982-09-19,8.708
1982-09-20,8.508
1982-09-21,8.298
1982-09-22,8.138
1982-09-23,7.988
1982-09-24,7.918
1982-09-25,7.798
1982-09-26,7.788
1982-09-27,8.298
1982-09-28,7.918
1982-09-29,7.798
1982-09-30,7.908
1982-10-01,7.878
1982-10-02,7.718
1982-10-03,7.628
1982-10-04,7.828
1982-10-05,7.718
1982-10-06,7.608
1982-10-07,7.608
1982-10-08,7.478
1982-10-09,7.448
1982-10-10,7.398
1982-10-11,7.338
1982-10-12,7.218
1982-10-13,7.268
1982-10-14,7.258
1982-10-15,7.238
1982-10-16,7.328
1982-10-17,7.368
1982-10-18,7.328
1982-10-19,7.278
1982-10-20,7.248
1982-10-21,7.208
1982-10-22,7.168
1982-10-23,7.158
1982-10-24,7.148
1982-10-25,7.148
1982-10-26,7.138
1982-10-27,7.128
1982-10-28,7.118
1982-10-29,7.098
1982-10-30,7.078
1982-10-31,7.078
1982-11-01,7.088
1982-11-02,7.078
1982-11-03,7.068
1982-11-04,7.048
1982-11-05,7.028
1982-11-06,7.048
1982-11-07,7.038
1982-11-08,7.038
1982-11-09,7.038
1982-11-10,7.068
1982-11-11,7.118
1982-11-12,7.158
1982-11-13,7.248
1982-11-14,7.348
1982-11-15,7.248
1982-11-16,7.178
1982-11-17,7.158
1982-11-18,7.108
1982-11-19,7.108
1982-11-20,7.098
1982-11-21,7.068
1982-11-22,7.048
1982-11-23,7.028
1982-11-24,7.048
1982-11-25,7.038
1982-11-26,6.998
1982-11-27,6.968
1982-11-28,6.958
1982-11-29,6.948
1982-11-30,6.938
1982-12-01,6.928
1982-12-02,6.928
1982-12-03,6.928
1982-12-04,6.918
1982-12-05,6.918
1982-12-06,6.918
1982-12-07,7.018
1982-12-08,7.028
1982-12-09,7.028
1982-12-10,7.028
1982-12-11,7.038
1982-12-12,7.038
1982-12-13,7.038
1982-12-14,7.038
1982-12-15,7.048
1982-12-16,7.048
1982-12-17,7.038
1982-12-18,7.038
1982-12-19,7.028
1982-12-20,7.028
1982-12-21,7.028
1982-12-22,7.028
1982-12-23,7.008
1982-12-24,6.998
1982-12-25,6.998
1982-12-26,7.018
1982-12-27,7.008
1982-12-28,6.998
1982-12-29,6.998
1982-12-30,6.988
1982-12-31,6.978
1983-01-01,6.988
1983-01-02,6.978
1983-01-03,6.988
1983-01-04,6.988
1983-01-05,6.978
1983-01-06,6.978
1983-01-07,6.988
1983-01-08,6.978
1983-01-09,6.978
1983-01-10,6.968
1983-01-11,6.978
1983-01-12,6.968
1983-01-13,6.998
1983-01-14,6.968
1983-01-15,7.018
1983-01-16,7.008
1983-01-17,7.008
1983-01-18,6.978
1983-01-19,6.968
1983-01-20,6.978
1983-01-21,6.978
1983-01-22,6.958
1983-01-23,6.958
1983-01-24,6.948
1983-01-25,6.948
1983-01-26,6.948
1983-01-27,6.958
1983-01-28,6.958
1983-01-29,6.938
1983-01-30,6.948
1983-01-31,6.938
1983-02-01,6.938
1983-02-02,6.948
1983-02-03,6.908
1983-02-04,6.898
1983-02-05,6.898
1983-02-06,6.888
1983-02-07,6.888
1983-02-08,6.878
1983-02-09,6.878
1983-02-10,6.878
1983-02-11,6.868
1983-02-12,6.868
1983-02-13,6.868
1983-02-14,6.868
1983-02-15,6.858
1983-02-16,6.878
1983-02-17,6.868
1983-02-18,6.878
1983-02-19,6.878
1983-02-20,6.878
1983-02-21,6.868
1983-02-22,6.868
1983-02-23,6.868
1983-02-24,6.878
1983-02-25,6.888
1983-02-26,6.928
1983-02-27,7.028
1983-02-28,7.268
1983-03-01,7.068
1983-03-02,6.968
1983-03-03,6.978
1983-03-04,7.038
1983-03-05,7.028
1983-03-06,7.018
1983-03-07,6.998
1983-03-08,6.958
1983-03-09,6.958
1983-03-10,6.948
1983-03-11,6.948
1983-03-12,6.928
1983-03-13,6.918
1983-03-14,6.918
1983-03-15,6.908
1983-03-16,6.948
1983-03-17,7.168
1983-03-18,7.248
1983-03-19,7.238
1983-03-20,7.228
1983-03-21,7.318
1983-03-22,7.688
1983-03-23,7.608
1983-03-24,7.428
1983-03-25,7.278
1983-03-26,7.198
1983-03-27,7.178
1983-03-28,7.018
1983-03-29,6.988
1983-03-30,6.958
1983-03-31,7.008
1983-04-01,6.968
1983-04-02,6.958
1983-04-03,6.928
1983-04-04,6.918
1983-04-05,6.908
1983-04-06,6.888
1983-04-07,6.868
1983-04-08,6.878
1983-04-09,6.878
1983-04-10,6.898
1983-04-11,6.938
1983-04-12,7.248
1983-04-13,7.158
1983-04-14,7.818
1983-04-15,8.058
1983-04-16,7.648
1983-04-17,7.498
1983-04-18,7.288
1983-04-19,7.168
1983-04-20,7.118
1983-04-21,7.078
1983-04-22,7.048
1983-04-23,7.048
1983-04-24,7.038
1983-04-25,7.798
1983-04-26,8.948
1983-04-27,8.888
1983-04-28,8.448
1983-04-29,8.468
1983-04-30,8.508
1983-05-01,9.288
1983-05-02,10.138
1983-05-03,10.418
1983-05-04,9.938
1983-05-05,10.388
1983-05-06,10.308
1983-05-07,9.818
1983-05-08,9.528
1983-05-09,9.408
1983-05-10,9.168
1983-05-11,9.148
1983-05-12,9.048
1983-05-13,8.618
1983-05-14,8.398
1983-05-15,8.478
1983-05-16,9.408
1983-05-17,8.798
1983-05-18,8.898
1983-05-19,8.558
1983-05-20,8.768
1983-05-21,8.778
1983-05-22,8.958
1983-05-23,9.088
1983-05-24,8.838
1983-05-25,8.868
1983-05-26,8.568
1983-05-27,8.298
1983-05-28,8.138
1983-05-29,7.978
1983-05-30,7.868
1983-05-31,7.788
1983-06-01,7.938
1983-06-02,8.478
1983-06-03,8.008
1983-06-04,7.918
1983-06-05,7.808
1983-06-06,7.708
1983-06-07,7.628
1983-06-08,7.658
1983-06-09,7.608
1983-06-10,7.478
1983-06-11,7.428
1983-06-12,7.378
1983-06-13,7.328
1983-06-14,7.298
1983-06-15,7.418
1983-06-16,7.478
1983-06-17,7.718
1983-06-18,7.788
1983-06-19,9.458
1983-06-20,8.838
1983-06-21,8.478
1983-06-22,8.188
1983-06-23,8.008
1983-06-24,8.228
1983-06-25,8.588
1983-06-26,8.258
1983-06-27,8.218
1983-06-28,8.178
1983-06-29,7.928
1983-06-30,7.888
1983-07-01,7.808
1983-07-02,7.778
1983-07-03,7.998
1983-07-04,8.808
1983-07-05,10.668
1983-07-06,11.038
1983-07-07,10.928
1983-07-08,10.358
1983-07-09,9.518
1983-07-10,9.198
1983-07-11,8.968
1983-07-12,8.738
1983-07-13,8.568
1983-07-14,8.408
1983-07-15,8.248
1983-07-16,8.218
1983-07-17,8.208
1983-07-18,8.118
1983-07-19,7.998
1983-07-20,7.888
1983-07-21,7.828
1983-07-22,7.768
1983-07-23,7.788
1983-07-24,7.828
1983-07-25,7.858
1983-07-26,7.838
1983-07-27,8.008
1983-07-28,8.018
1983-07-29,7.938
1983-07-30,7.908
1983-07-31,7.938
1983-08-01,7.898
1983-08-02,7.788
1983-08-03,8.218
1983-08-04,10.618
1983-08-05,11.688
1983-08-06,12.128
1983-08-07,11.978
1983-08-08,12.208
1983-08-09,12.098
1983-08-10,11.828
1983-08-11,11.478
1983-08-12,11.148
1983-08-13,10.828
1983-08-14,10.518
1983-08-15,10.228
1983-08-16,9.998
1983-08-17,9.808
1983-08-18,9.868
1983-08-19,9.748
1983-08-20,9.558
1983-08-21,9.358
1983-08-22,9.288
1983-08-23,9.548
1983-08-24,9.598
1983-08-25,9.948
1983-08-26,10.058
1983-08-27,9.918
1983-08-28,9.758
1983-08-29,9.588
1983-08-30,9.348
1983-08-31,9.148
1983-09-01,9.108
1983-09-02,9.008
1983-09-03,8.848
1983-09-04,8.748
1983-09-05,8.658
1983-09-06,8.668
1983-09-07,8.718
1983-09-08,8.698
1983-09-09,8.568
1983-09-10,8.368
1983-09-11,8.238
1983-09-12,8.108
1983-09-13,8.038
1983-09-14,7.998
1983-09-15,8.168
1983-09-16,8.198
1983-09-17,8.228
1983-09-18,8.348
1983-09-19,8.348
1983-09-20,8.358
1983-09-21,8.148
1983-09-22,8.048
1983-09-23,8.178
1983-09-24,8.078
1983-09-25,8.258
1983-09-26,7.938
1983-09-27,7.808
1983-09-28,7.828
1983-09-29,7.738
1983-09-30,8.058
1983-10-01,8.698
1983-10-02,8.168
1983-10-03,8.288
1983-10-04,8.068
1983-10-05,7.918
1983-10-06,8.088
1983-10-07,8.128
1983-10-08,8.218
1983-10-09,8.068
1983-10-10,8.208
1983-10-11,8.198
1983-10-12,8.488
1983-10-13,8.228
1983-10-14,8.058
1983-10-15,8.248
1983-10-16,8.538
1983-10-17,8.958
1983-10-18,8.488
1983-10-19,8.228
1983-10-20,8.058
1983-10-21,8.238
1983-10-22,8.648
1983-10-23,8.178
1983-10-24,7.968
1983-10-25,7.998
1983-10-26,7.878
1983-10-27,7.728
1983-10-28,7.678
1983-10-29,7.638
1983-10-30,7.568
1983-10-31,7.518
1983-11-01,7.488
1983-11-02,7.448
1983-11-03,7.428
1983-11-04,7.388
1983-11-05,7.338
1983-11-06,7.328
1983-11-07,7.328
1983-11-08,7.278
1983-11-09,7.298
1983-11-10,7.318
1983-11-11,7.388
1983-11-12,7.318
1983-11-13,7.278
1983-11-14,7.268
1983-11-15,7.258
1983-11-16,7.248
1983-11-17,7.238
1983-11-18,7.228
1983-11-19,7.218
1983-11-20,7.188
1983-11-21,7.198
1983-11-22,7.188
1983-11-23,7.178
1983-11-24,7.178
1983-11-25,7.178
1983-11-26,7.178
1983-11-27,7.138
1983-11-28,7.168
1983-11-29,7.158
1983-11-30,7.158
1983-12-01,7.138
1983-12-02,7.108
1983-12-03,7.138
1983-12-04,7.138
1983-12-05,7.138
1983-12-06,7.128
1983-12-07,7.068
1983-12-08,7.008
1983-12-09,7.068
1983-12-10,7.098
1983-12-11,7.088
1983-12-12,7.068
1983-12-13,7.068
1983-12-14,7.048
1983-12-15,7.018
1983-12-16,7.048
1983-12-17,7.058
1983-12-18,7.058
1983-12-19,7.048
1983-12-20,7.038
1983-12-21,7.028
1983-12-22,6.988
1983-12-23,6.978
1983-12-24,6.968
1983-12-25,6.968
1983-12-26,6.968
1983-12-27,7.008
1983-12-28,7.198
1983-12-29,7.238
1983-12-30,7.118
1983-12-31,7.068
1984-01-01,7.048
1984-01-02,7.048
1984-01-03,7.018
1984-01-04,7.018
1984-01-05,7.008
1984-01-06,6.988
1984-01-07,6.968
1984-01-08,6.988
1984-01-09,6.988
1984-01-10,6.978
1984-01-11,6.978
1984-01-12,6.958
1984-01-13,6.968
1984-01-14,6.968
1984-01-15,6.968
1984-01-16,6.958
1984-01-17,6.968
1984-01-18,6.968
1984-01-19,6.968
1984-01-20,6.958
1984-01-21,6.958
1984-01-22,6.958
1984-01-23,6.968
1984-01-24,6.998
1984-01-25,7.008
1984-01-26,6.988
1984-01-27,6.968
1984-01-28,6.948
1984-01-29,6.948
1984-01-30,6.948
1984-01-31,6.948
1984-02-01,6.938
1984-02-02,6.938
1984-02-03,6.908
1984-02-04,6.788
1984-02-05,6.898
1984-02-06,6.918
1984-02-07,6.928
1984-02-08,6.838
1984-02-09,6.938
1984-02-10,6.948
1984-02-11,6.908
1984-02-12,6.798
1984-02-13,6.898
1984-02-14,6.878
1984-02-15,6.878
1984-02-16,6.888
1984-02-17,6.888
1984-02-18,6.898
1984-02-19,6.888
1984-02-20,6.868
1984-02-21,6.838
1984-02-22,6.848
1984-02-23,6.848
1984-02-24,6.838
1984-02-25,6.848
1984-02-26,6.838
1984-02-27,6.838
1984-02-28,6.838
1984-02-29,6.828
1984-03-01,6.838
1984-03-02,6.768
1984-03-03,6.788
1984-03-04,6.788
1984-03-05,6.788
1984-03-06,6.788
1984-03-07,6.788
1984-03-08,6.778
1984-03-09,6.778
1984-03-10,6.768
1984-03-11,6.768
1984-03-12,6.758
1984-03-13,6.748
1984-03-14,6.738
1984-03-15,6.738
1984-03-16,6.728
1984-03-17,6.608
1984-03-18,6.728
1984-03-19,6.698
1984-03-20,6.688
1984-03-21,6.708
1984-03-22,6.708
1984-03-23,6.698
1984-03-24,6.708
1984-03-25,6.708
1984-03-26,6.708
1984-03-27,6.668
1984-03-28,6.698
1984-03-29,6.668
1984-03-30,6.688
1984-03-31,6.688
1984-04-01,6.548
1984-04-02,6.678
1984-04-03,6.648
1984-04-04,6.658
1984-04-05,6.638
1984-04-06,6.628
1984-04-07,6.618
1984-04-08,6.658
1984-04-09,6.698
1984-04-10,6.678
1984-04-11,6.668
1984-04-12,6.658
1984-04-13,6.658
1984-04-14,6.658
1984-04-15,6.668
1984-04-16,6.658
1984-04-17,6.648
1984-04-18,6.668
1984-04-19,6.658
1984-04-20,6.678
1984-04-21,6.668
1984-04-22,6.678
1984-04-23,6.688
1984-04-24,6.708
1984-04-25,6.748
1984-04-26,6.728
1984-04-27,6.718
1984-04-28,6.708
1984-04-29,6.788
1984-04-30,6.828
1984-05-01,7.018
1984-05-02,7.118
1984-05-03,6.938
1984-05-04,6.978
1984-05-05,6.708
1984-05-06,6.818
1984-05-07,7.058
1984-05-08,7.818
1984-05-09,8.088
1984-05-10,8.098
1984-05-11,8.738
1984-05-12,9.508
1984-05-13,10.908
1984-05-14,11.288
1984-05-15,11.028
1984-05-16,11.108
1984-05-17,10.578
1984-05-18,9.938
1984-05-19,9.358
1984-05-20,8.998
1984-05-21,8.688
1984-05-22,8.408
1984-05-23,8.228
1984-05-24,8.178
1984-05-25,8.848
1984-05-26,8.438
1984-05-27,8.158
1984-05-28,7.978
1984-05-29,7.838
1984-05-30,7.718
1984-05-31,7.648
1984-06-01,7.818
1984-06-02,7.798
1984-06-03,7.628
1984-06-04,7.568
1984-06-05,7.448
1984-06-06,7.348
1984-06-07,7.318
1984-06-08,7.308
1984-06-09,7.408
1984-06-10,7.458
1984-06-11,7.758
1984-06-12,7.778
1984-06-13,7.668
1984-06-14,7.568
1984-06-15,7.498
1984-06-16,7.658
1984-06-17,8.888
1984-06-18,10.338
1984-06-19,11.178
1984-06-20,10.548
1984-06-21,9.968
1984-06-22,9.578
1984-06-23,9.308
1984-06-24,8.988
1984-06-25,8.958
1984-06-26,8.748
1984-06-27,9.188
1984-06-28,8.808
1984-06-29,8.508
1984-06-30,8.328
1984-07-01,8.128
1984-07-02,7.978
1984-07-03,7.898
1984-07-04,7.798
1984-07-05,7.728
1984-07-06,7.618
1984-07-07,7.698
1984-07-08,8.348
1984-07-09,9.028
1984-07-10,9.148
1984-07-11,10.248
1984-07-12,9.668
1984-07-13,9.138
1984-07-14,9.138
1984-07-15,9.928
1984-07-16,10.138
1984-07-17,9.788
1984-07-18,9.558
1984-07-19,9.238
1984-07-20,8.948
1984-07-21,8.808
1984-07-22,9.048
1984-07-23,9.518
1984-07-24,9.668
1984-07-25,9.488
1984-07-26,9.248
1984-07-27,9.028
1984-07-28,8.838
1984-07-29,8.648
1984-07-30,8.518
1984-07-31,8.938
1984-08-01,9.138
1984-08-02,8.858
1984-08-03,8.748
1984-08-04,8.608
1984-08-05,8.938
1984-08-06,8.998
1984-08-07,8.738
1984-08-08,8.818
1984-08-09,8.498
1984-08-10,8.388
1984-08-11,8.298
1984-08-12,8.448
1984-08-13,8.738
1984-08-14,8.558
1984-08-15,8.548
1984-08-16,8.958
1984-08-17,8.648
1984-08-18,8.588
1984-08-19,8.758
1984-08-20,8.748
1984-08-21,8.768
1984-08-22,8.698
1984-08-23,8.598
1984-08-24,8.758
1984-08-25,8.648
1984-08-26,8.648
1984-08-27,8.498
1984-08-28,8.478
1984-08-29,8.468
1984-08-30,8.388
1984-08-31,8.098
1984-09-01,8.218
1984-09-02,8.478
1984-09-03,8.678
1984-09-04,8.658
1984-09-05,8.888
1984-09-06,9.458
1984-09-07,9.148
1984-09-08,9.078
1984-09-09,8.978
1984-09-10,8.828
1984-09-11,8.658
1984-09-12,8.738
1984-09-13,8.678
1984-09-14,8.518
1984-09-15,8.418
1984-09-16,8.698
1984-09-17,10.008
1984-09-18,10.168
1984-09-19,9.798
1984-09-20,9.618
1984-09-21,9.468
1984-09-22,9.288
1984-09-23,9.118
1984-09-24,8.948
1984-09-25,8.778
1984-09-26,8.648
1984-09-27,8.498
1984-09-28,8.418
1984-09-29,8.138
1984-09-30,8.028
1984-10-01,7.938
1984-10-02,7.918
1984-10-03,8.028
1984-10-04,8.048
1984-10-05,8.348
1984-10-06,8.558
1984-10-07,8.318
1984-10-08,8.128
1984-10-09,8.098
1984-10-10,7.988
1984-10-11,7.868
1984-10-12,7.788
1984-10-13,7.828
1984-10-14,7.798
1984-10-15,7.718
1984-10-16,7.638
1984-10-17,7.648
1984-10-18,7.678
1984-10-19,7.668
1984-10-20,7.628
1984-10-21,8.008
1984-10-22,7.948
1984-10-23,7.838
1984-10-24,7.708
1984-10-25,7.638
1984-10-26,7.588
1984-10-27,7.538
1984-10-28,7.488
1984-10-29,7.468
1984-10-30,7.438
1984-10-31,7.408
1984-11-01,7.408
1984-11-02,7.388
1984-11-03,7.358
1984-11-04,7.368
1984-11-05,7.318
1984-11-06,7.328
1984-11-07,7.258
1984-11-08,7.248
1984-11-09,7.308
1984-11-10,7.298
1984-11-11,7.268
1984-11-12,7.268
1984-11-13,7.248
1984-11-14,7.278
1984-11-15,7.278
1984-11-16,7.268
1984-11-17,7.248
1984-11-18,7.208
1984-11-19,7.228
1984-11-20,7.228
1984-11-21,7.218
1984-11-22,7.168
1984-11-23,7.188
1984-11-24,7.198
1984-11-25,7.178
1984-11-26,7.178
1984-11-27,7.168
1984-11-28,7.178
1984-11-29,7.178
1984-11-30,7.168
1984-12-01,7.168
1984-12-02,7.098
1984-12-03,7.118
1984-12-04,7.118
1984-12-05,7.138
1984-12-06,7.148
1984-12-07,7.138
1984-12-08,7.148
1984-12-09,7.148
1984-12-10,7.158
1984-12-11,7.148
1984-12-12,7.138
1984-12-13,7.138
1984-12-14,7.118
1984-12-15,7.178
1984-12-16,7.208
1984-12-17,7.178
1984-12-18,7.148
1984-12-19,7.148
1984-12-20,7.128
1984-12-21,7.128
1984-12-22,7.128
1984-12-23,7.128
1984-12-24,7.128
1984-12-25,7.128
1984-12-26,7.128
1984-12-27,7.118
1984-12-28,7.118
1984-12-29,7.108
1984-12-30,7.098
1984-12-31,7.098
1985-01-01,7.088
1985-01-02,7.078
1985-01-03,7.118
1985-01-04,7.118
1985-01-05,7.108
1985-01-06,7.108
1985-01-07,7.088
1985-01-08,6.878
1985-01-09,6.838
1985-01-10,6.998
1985-01-11,7.018
1985-01-12,7.018
1985-01-13,7.008
1985-01-14,7.008
1985-01-15,7.008
1985-01-16,7.008
1985-01-17,6.998
1985-01-18,7.008
1985-01-19,7.008
1985-01-20,7.028
1985-01-21,7.028
1985-01-22,7.028
1985-01-23,7.038
1985-01-24,6.998
1985-01-25,6.978
1985-01-26,7.008
1985-01-27,7.018
1985-01-28,7.008
1985-01-29,6.988
1985-01-30,7.008
1985-01-31,7.018
1985-02-01,7.028
1985-02-02,7.038
1985-02-03,7.038
1985-02-04,7.028
1985-02-05,6.998
1985-02-06,6.998
1985-02-07,7.318
1985-02-08,7.228
1985-02-09,7.098
1985-02-10,7.058
1985-02-11,7.028
1985-02-12,6.988
1985-02-13,6.998
1985-02-14,6.988
1985-02-15,6.948
1985-02-16,6.938
1985-02-17,6.928
1985-02-18,6.948
1985-02-19,6.918
1985-02-20,6.948
1985-02-21,6.948
1985-02-22,6.908
1985-02-23,6.918
1985-02-24,6.918
1985-02-25,6.918
1985-02-26,6.888
1985-02-27,6.888
1985-02-28,6.888
1985-03-01,6.878
1985-03-02,6.888
1985-03-03,6.888
1985-03-04,6.888
1985-03-05,6.858
1985-03-06,6.868
1985-03-07,6.868
1985-03-08,6.848
1985-03-09,6.828
1985-03-10,6.828
1985-03-11,6.828
1985-03-12,6.828
1985-03-13,6.838
1985-03-14,6.838
1985-03-15,6.838
1985-03-16,6.828
1985-03-17,6.828
1985-03-18,6.838
1985-03-19,6.848
1985-03-20,6.878
1985-03-21,6.878
1985-03-22,6.848
1985-03-23,6.888
1985-03-24,6.898
1985-03-25,6.918
1985-03-26,7.268
1985-03-27,7.338
1985-03-28,7.108
1985-03-29,7.018
1985-03-30,6.998
1985-03-31,7.068
1985-04-01,6.998
1985-04-02,6.938
1985-04-03,6.938
1985-04-04,7.088
1985-04-05,6.988
1985-04-06,6.938
1985-04-07,6.908
1985-04-08,6.888
1985-04-09,6.968
1985-04-10,7.708
1985-04-11,7.568
1985-04-12,7.218
1985-04-13,7.108
1985-04-14,7.038
1985-04-15,6.968
1985-04-16,6.928
1985-04-17,7.208
1985-04-18,7.448
1985-04-19,7.448
1985-04-20,7.218
1985-04-21,7.188
1985-04-22,7.088
1985-04-23,7.068
1985-04-24,6.988
1985-04-25,6.938
1985-04-26,6.898
1985-04-27,6.888
1985-04-28,6.928
1985-04-29,7.088
1985-04-30,7.038
1985-05-01,7.768
1985-05-02,7.428
1985-05-03,7.858
1985-05-04,7.488
1985-05-05,7.308
1985-05-06,7.728
1985-05-07,7.548
1985-05-08,7.388
1985-05-09,7.248
1985-05-10,7.138
1985-05-11,7.108
1985-05-12,7.028
1985-05-13,7.028
1985-05-14,7.068
1985-05-15,7.138
1985-05-16,7.368
1985-05-17,7.328
1985-05-18,7.168
1985-05-19,7.098
1985-05-20,7.048
1985-05-21,7.028
1985-05-22,7.018
1985-05-23,7.008
1985-05-24,6.988
1985-05-25,7.438
1985-05-26,10.398
1985-05-27,10.628
1985-05-28,9.758
1985-05-29,9.288
1985-05-30,8.778
1985-05-31,8.448
1985-06-01,8.228
1985-06-02,8.268
1985-06-03,8.248
1985-06-04,7.988
1985-06-05,7.998
1985-06-06,7.898
1985-06-07,7.968
1985-06-08,8.688
1985-06-09,8.458
1985-06-10,9.198
1985-06-11,9.458
1985-06-12,8.688
1985-06-13,8.438
1985-06-14,8.258
1985-06-15,8.018
1985-06-16,8.068
1985-06-17,9.568
1985-06-18,9.378
1985-06-19,9.408
1985-06-20,9.108
1985-06-21,8.588
1985-06-22,8.388
1985-06-23,8.268
1985-06-24,8.278
1985-06-25,8.158
1985-06-26,8.038
1985-06-27,7.958
1985-06-28,7.938
1985-06-29,7.848
1985-06-30,7.878
1985-07-01,8.108
1985-07-02,8.188
1985-07-03,8.018
1985-07-04,7.818
1985-07-05,7.738
1985-07-06,7.828
1985-07-07,8.528
1985-07-08,9.518
1985-07-09,10.678
1985-07-10,11.178
1985-07-11,10.768
1985-07-12,10.008
1985-07-13,9.568
1985-07-14,9.248
1985-07-15,9.018
1985-07-16,8.818
1985-07-17,8.588
1985-07-18,8.458
1985-07-19,8.348
1985-07-20,8.248
1985-07-21,8.118
1985-07-22,8.068
1985-07-23,8.268
1985-07-24,8.208
1985-07-25,8.458
1985-07-26,8.408
1985-07-27,8.248
1985-07-28,8.158
1985-07-29,8.038
1985-07-30,7.908
1985-07-31,8.248
1985-08-01,8.188
1985-08-02,8.218
1985-08-03,8.058
1985-08-04,7.928
1985-08-05,7.978
1985-08-06,8.048
1985-08-07,7.858
1985-08-08,8.018
1985-08-09,8.108
1985-08-10,8.138
1985-08-11,8.218
1985-08-12,8.168
1985-08-13,8.058
1985-08-14,7.978
1985-08-15,7.918
1985-08-16,7.788
1985-08-17,7.738
1985-08-18,7.658
1985-08-19,7.658
1985-08-20,8.238
1985-08-21,8.318
1985-08-22,8.518
1985-08-23,8.878
1985-08-24,9.098
1985-08-25,8.688
1985-08-26,8.578
1985-08-27,8.418
1985-08-28,8.218
1985-08-29,8.118
1985-08-30,7.958
1985-08-31,7.838
1985-09-01,7.748
1985-09-02,7.848
1985-09-03,7.808
1985-09-04,7.758
1985-09-05,7.788
1985-09-06,7.628
1985-09-07,7.558
1985-09-08,7.698
1985-09-09,8.038
1985-09-10,8.028
1985-09-11,7.868
1985-09-12,7.788
1985-09-13,7.698
1985-09-14,7.738
1985-09-15,7.768
1985-09-16,7.718
1985-09-17,7.688
1985-09-18,7.568
1985-09-19,7.528
1985-09-20,7.588
1985-09-21,7.828
1985-09-22,7.748
1985-09-23,7.938
1985-09-24,8.308
1985-09-25,8.158
1985-09-26,8.278
1985-09-27,8.288
1985-09-28,8.088
1985-09-29,7.928
1985-09-30,7.838
1985-10-01,8.288
1985-10-02,7.888
1985-10-03,7.748
1985-10-04,7.648
1985-10-05,7.588
1985-10-06,7.498
1985-10-07,7.468
1985-10-08,7.448
1985-10-09,7.398
1985-10-10,7.328
1985-10-11,7.268
1985-10-12,7.308
1985-10-13,7.298
1985-10-14,7.258
1985-10-15,7.248
1985-10-16,7.298
1985-10-17,7.388
1985-10-18,7.338
1985-10-19,7.358
1985-10-20,7.388
1985-10-21,7.368
1985-10-22,7.348
1985-10-23,7.318
1985-10-24,7.288
1985-10-25,7.248
1985-10-26,7.198
1985-10-27,7.188
1985-10-28,7.188
1985-10-29,7.168
1985-10-30,7.168
1985-10-31,7.158
1985-11-01,7.168
1985-11-02,7.168
1985-11-03,7.158
1985-11-04,7.158
1985-11-05,7.188
1985-11-06,7.178
1985-11-07,7.188
1985-11-08,7.178
1985-11-09,7.138
1985-11-10,7.108
1985-11-11,7.108
1985-11-12,7.138
1985-11-13,7.158
1985-11-14,7.158
1985-11-15,7.148
1985-11-16,7.168
1985-11-17,7.148
1985-11-18,7.158
1985-11-19,7.148
1985-11-20,7.148
1985-11-21,7.148
1985-11-22,7.148
1985-11-23,7.148
1985-11-24,7.148
1985-11-25,7.138
1985-11-26,7.128
1985-11-27,7.138
1985-11-28,7.138
1985-11-29,7.138
1985-11-30,7.128
1985-12-01,7.138
1985-12-02,7.138
1985-12-03,7.118
1985-12-04,7.138
1985-12-05,7.138
1985-12-06,7.138
1985-12-07,7.128
1985-12-08,7.118
1985-12-09,7.128
1985-12-10,7.138
1985-12-11,7.138
1985-12-12,7.118
1985-12-13,7.128
1985-12-14,7.138
1985-12-15,7.138
1985-12-16,7.118
1985-12-17,7.128
1985-12-18,7.098
1985-12-19,7.098
1985-12-20,7.098
1985-12-21,7.088
1985-12-22,7.078
1985-12-23,7.058
1985-12-24,7.048
1985-12-25,7.068
1985-12-26,7.068
1985-12-27,7.048
1985-12-28,7.048
1985-12-29,7.078
1985-12-30,7.118
1985-12-31,7.078
1986-01-01,7.058
1986-01-02,7.058
1986-01-03,7.058
1986-01-04,7.048
1986-01-05,7.048
1986-01-06,7.038
1986-01-07,7.018
1986-01-08,7.038
1986-01-09,7.038
1986-01-10,7.058
1986-01-11,7.058
1986-01-12,7.078
1986-01-13,7.078
1986-01-14,7.068
1986-01-15,7.058
1986-01-16,7.058
1986-01-17,7.088
1986-01-18,7.108
1986-01-19,7.098
1986-01-20,7.088
1986-01-21,7.078
1986-01-22,7.078
1986-01-23,7.088
1986-01-24,7.078
1986-01-25,7.078
1986-01-26,7.068
1986-01-27,7.058
1986-01-28,7.028
1986-01-29,7.028
1986-01-30,7.018
1986-01-31,7.008
1986-02-01,7.028
1986-02-02,7.008
1986-02-03,7.008
1986-02-04,6.998
1986-02-05,6.938
1986-02-06,6.948
1986-02-07,6.978
1986-02-08,6.948
1986-02-09,6.928
1986-02-10,6.918
1986-02-11,6.898
1986-02-12,6.918
1986-02-13,6.898
1986-02-14,6.918
1986-02-15,6.918
1986-02-16,6.918
1986-02-17,6.908
1986-02-18,6.888
1986-02-19,6.878
1986-02-20,6.868
1986-02-21,6.858
1986-02-22,6.878
1986-02-23,6.878
1986-02-24,6.878
1986-02-25,6.858
1986-02-26,6.858
1986-02-27,6.858
1986-02-28,6.858
1986-03-01,6.858
1986-03-02,6.878
1986-03-03,6.858
1986-03-04,6.838
1986-03-05,6.828
1986-03-06,6.818
1986-03-07,6.818
1986-03-08,6.788
1986-03-09,6.808
1986-03-10,6.778
1986-03-11,6.788
1986-03-12,6.788
1986-03-13,6.778
1986-03-14,6.778
1986-03-15,6.788
1986-03-16,6.788
1986-03-17,6.788
1986-03-18,6.788
1986-03-19,6.768
1986-03-20,6.778
1986-03-21,6.778
1986-03-22,6.778
1986-03-23,6.768
1986-03-24,6.728
1986-03-25,6.698
1986-03-26,6.728
1986-03-27,6.728
1986-03-28,6.698
1986-03-29,6.678
1986-03-30,6.708
1986-03-31,6.728
1986-04-01,6.688
1986-04-02,6.718
1986-04-03,6.708
1986-04-04,6.718
1986-04-05,6.728
1986-04-06,6.738
1986-04-07,6.778
1986-04-08,6.728
1986-04-09,6.778
1986-04-10,6.868
1986-04-11,6.898
1986-04-12,6.868
1986-04-13,6.848
1986-04-14,6.848
1986-04-15,6.818
1986-04-16,6.808
1986-04-17,6.758
1986-04-18,6.758
1986-04-19,6.858
1986-04-20,7.598
1986-04-21,7.368
1986-04-22,7.128
1986-04-23,7.058
1986-04-24,6.918
1986-04-25,7.048
1986-04-26,7.378
1986-04-27,7.248
1986-04-28,7.118
1986-04-29,7.018
1986-04-30,6.928
1986-05-01,6.998
1986-05-02,6.988
1986-05-03,6.978
1986-05-04,7.028
1986-05-05,7.118
1986-05-06,7.368
1986-05-07,7.778
1986-05-08,7.598
1986-05-09,7.358
1986-05-10,7.218
1986-05-11,7.128
1986-05-12,7.018
1986-05-13,7.028
1986-05-14,6.928
1986-05-15,6.968
1986-05-16,7.258
1986-05-17,7.318
1986-05-18,7.388
1986-05-19,7.548
1986-05-20,7.548
1986-05-21,7.468
1986-05-22,7.328
1986-05-23,7.298
1986-05-24,7.118
1986-05-25,7.038
1986-05-26,6.698
1986-05-27,6.818
1986-05-28,7.148
1986-05-29,6.898
1986-05-30,6.608
1986-05-31,6.848
1986-06-01,6.798
1986-06-02,7.278
1986-06-03,6.908
1986-06-04,6.818
1986-06-05,6.768
1986-06-06,6.748
1986-06-07,6.708
1986-06-08,6.648
1986-06-09,6.348
1986-06-10,7.118
1986-06-11,6.728
1986-06-12,6.678
1986-06-13,6.808
1986-06-14,6.798
1986-06-15,6.788
1986-06-16,6.778
1986-06-17,6.858
1986-06-18,6.888
1986-06-19,6.838
1986-06-20,6.758
1986-06-21,6.728
1986-06-22,6.678
1986-06-23,6.678
1986-06-24,6.668
1986-06-25,6.638
1986-06-26,6.638
1986-06-27,6.628
1986-06-28,6.658
1986-06-29,6.668
1986-06-30,7.698
1986-07-01,8.888
1986-07-02,8.148
1986-07-03,7.778
1986-07-04,7.498
1986-07-05,7.568
1986-07-06,7.518
1986-07-07,7.598
1986-07-08,7.848
1986-07-09,7.648
1986-07-10,7.588
1986-07-11,7.448
1986-07-12,7.418
1986-07-13,7.308
1986-07-14,7.188
1986-07-15,7.078
1986-07-16,7.008
1986-07-17,6.938
1986-07-18,6.858
1986-07-19,6.808
1986-07-20,6.808
1986-07-21,6.848
1986-07-22,6.848
1986-07-23,7.328
1986-07-24,9.018
1986-07-25,8.998
1986-07-26,9.678
1986-07-27,9.558
1986-07-28,9.238
1986-07-29,9.048
1986-07-30,8.648
1986-07-31,8.328
1986-08-01,8.108
1986-08-02,7.988
1986-08-03,7.868
1986-08-04,7.788
1986-08-05,7.768
1986-08-06,7.818
1986-08-07,7.838
1986-08-08,7.608
1986-08-09,7.468
1986-08-10,7.358
1986-08-11,7.248
1986-08-12,7.278
1986-08-13,7.598
1986-08-14,7.958
1986-08-15,8.008
1986-08-16,7.798
1986-08-17,7.538
1986-08-18,7.358
1986-08-19,7.358
1986-08-20,7.558
1986-08-21,7.498
1986-08-22,7.408
1986-08-23,7.448
1986-08-24,7.568
1986-08-25,7.518
1986-08-26,7.528
1986-08-27,7.708
1986-08-28,7.468
1986-08-29,7.458
1986-08-30,7.358
1986-08-31,7.418
1986-09-01,7.398
1986-09-02,7.238
1986-09-03,7.268
1986-09-04,7.248
1986-09-05,7.808
1986-09-06,7.758
1986-09-07,7.458
1986-09-08,7.438
1986-09-09,8.448
1986-09-10,8.238
1986-09-11,8.108
1986-09-12,8.038
1986-09-13,7.868
1986-09-14,7.718
1986-09-15,7.708
1986-09-16,7.558
1986-09-17,7.338
1986-09-18,7.518
1986-09-19,7.858
1986-09-20,7.618
1986-09-21,9.078
1986-09-22,9.008
1986-09-23,8.558
1986-09-24,8.318
1986-09-25,8.048
1986-09-26,7.878
1986-09-27,7.978
1986-09-28,9.218
1986-09-29,8.988
1986-09-30,9.028
1986-10-01,9.438
1986-10-02,9.378
1986-10-03,9.668
1986-10-04,9.278
1986-10-05,8.938
1986-10-06,8.818
1986-10-07,8.848
1986-10-08,9.128
1986-10-09,9.028
1986-10-10,9.238
1986-10-11,9.018
1986-10-12,8.698
1986-10-13,8.448
1986-10-14,8.268
1986-10-15,8.128
1986-10-16,8.138
1986-10-17,8.038
1986-10-18,7.868
1986-10-19,7.748
1986-10-20,7.648
1986-10-21,7.568
1986-10-22,7.488
1986-10-23,7.418
1986-10-24,7.368
1986-10-25,7.328
1986-10-26,7.288
1986-10-27,7.268
1986-10-28,7.238
1986-10-29,7.228
1986-10-30,7.228
1986-10-31,7.208
1986-11-01,7.218
1986-11-02,7.228
1986-11-03,7.208
1986-11-04,7.208
1986-11-05,7.198
1986-11-06,7.198
1986-11-07,7.208
1986-11-08,7.208
1986-11-09,7.508
1986-11-10,9.368
1986-11-11,8.698
1986-11-12,8.318
1986-11-13,8.048
1986-11-14,7.888
1986-11-15,7.748
1986-11-16,7.628
1986-11-17,7.518
1986-11-18,7.458
1986-11-19,7.368
1986-11-20,7.318
1986-11-21,7.268
1986-11-22,7.268
1986-11-23,7.238
1986-11-24,7.218
1986-11-25,7.188
1986-11-26,7.178
1986-11-27,7.158
1986-11-28,7.158
1986-11-29,7.138
1986-11-30,7.118
1986-12-01,7.098
1986-12-02,7.108
1986-12-03,7.098
1986-12-04,7.088
1986-12-05,7.078
1986-12-06,7.068
1986-12-07,7.058
1986-12-08,7.058
1986-12-09,7.048
1986-12-10,7.028
1986-12-11,7.028
1986-12-12,7.028
1986-12-13,7.028
1986-12-14,7.028
1986-12-15,7.028
1986-12-16,7.038
1986-12-17,7.018
1986-12-18,7.008
1986-12-19,7.018
1986-12-20,7.008
1986-12-21,6.988
1986-12-22,6.988
1986-12-23,6.988
1986-12-24,6.978
1986-12-25,6.978
1986-12-26,6.968
1986-12-27,6.968
1986-12-28,6.968
1986-12-29,6.978
1986-12-30,6.978
1986-12-31,6.978
1987-01-01,6.968
1987-01-02,6.958
1987-01-03,6.968
1987-01-04,6.988
1987-01-05,6.998
1987-01-06,6.968
1987-01-07,6.968
1987-01-08,6.938
1987-01-09,6.928
1987-01-10,6.958
1987-01-11,6.938
1987-01-12,6.928
1987-01-13,6.918
1987-01-14,6.928
1987-01-15,6.938
1987-01-16,6.908
1987-01-17,6.918
1987-01-18,6.908
1987-01-19,6.888
1987-01-20,6.858
1987-01-21,6.868
1987-01-22,6.868
1987-01-23,6.888
1987-01-24,6.878
1987-01-25,6.868
1987-01-26,6.818
1987-01-27,6.558
1987-01-28,6.338
1987-01-29,6.758
1987-01-30,6.788
1987-01-31,6.878
1987-02-01,6.808
1987-02-02,6.748
1987-02-03,6.718
1987-02-04,6.618
1987-02-05,6.788
1987-02-06,6.638
1987-02-07,6.708
1987-02-08,6.678
1987-02-09,6.638
1987-02-10,6.668
1987-02-11,6.618
1987-02-12,6.648
1987-02-13,6.638
1987-02-14,6.598
1987-02-15,6.598
1987-02-16,6.548
1987-02-17,6.628
1987-02-18,6.478
1987-02-19,6.648
1987-02-20,6.638
1987-02-21,6.578
1987-02-22,6.618
1987-02-23,6.658
1987-02-24,6.518
1987-02-25,6.518
1987-02-26,6.498
1987-02-27,6.618
1987-02-28,6.558
1987-03-01,6.738
1987-03-02,6.528
1987-03-03,6.618
1987-03-04,6.588
1987-03-05,6.538
1987-03-06,6.608
1987-03-07,6.688
1987-03-08,6.338
1987-03-09,6.518
1987-03-10,6.548
1987-03-11,6.908
1987-03-12,6.758
1987-03-13,7.008
1987-03-14,7.498
1987-03-15,6.998
1987-03-16,6.858
1987-03-17,6.758
1987-03-18,6.848
1987-03-19,6.878
1987-03-20,6.738
1987-03-21,6.788
1987-03-22,6.678
1987-03-23,6.738
1987-03-24,6.868
1987-03-25,6.688
1987-03-26,6.648
1987-03-27,6.518
1987-03-28,6.328
1987-03-29,6.758
1987-03-30,6.788
1987-03-31,6.598
1987-04-01,6.388
1987-04-02,6.548
1987-04-03,6.528
1987-04-04,6.398
1987-04-05,6.668
1987-04-06,6.388
1987-04-07,6.498
1987-04-08,6.428
1987-04-09,6.618
1987-04-10,6.748
1987-04-11,6.858
1987-04-12,6.848
1987-04-13,6.718
1987-04-14,6.598
1987-04-15,6.728
1987-04-16,6.598
1987-04-17,6.518
1987-04-18,6.518
1987-04-19,6.568
1987-04-20,6.608
1987-04-21,6.568
1987-04-22,6.468
1987-04-23,6.438
1987-04-24,6.618
1987-04-25,6.988
1987-04-26,8.238
1987-04-27,7.718
1987-04-28,7.378
1987-04-29,7.408
1987-04-30,7.278
1987-05-01,7.308
1987-05-02,7.228
1987-05-03,7.318
1987-05-04,7.238
1987-05-05,7.088
1987-05-06,7.058
1987-05-07,7.168
1987-05-08,7.898
1987-05-09,7.338
1987-05-10,7.238
1987-05-11,7.138
1987-05-12,7.078
1987-05-13,6.948
1987-05-14,6.848
1987-05-15,6.818
1987-05-16,6.708
1987-05-17,6.608
1987-05-18,6.698
1987-05-19,6.548
1987-05-20,6.658
1987-05-21,6.568
1987-05-22,6.628
1987-05-23,6.608
1987-05-24,6.698
1987-05-25,6.788
1987-05-26,6.728
1987-05-27,6.668
1987-05-28,6.708
1987-05-29,6.688
1987-05-30,6.598
1987-05-31,6.608
1987-06-01,6.638
1987-06-02,6.618
1987-06-03,6.918
1987-06-04,6.948
1987-06-05,7.078
1987-06-06,8.608
1987-06-07,8.068
1987-06-08,7.548
1987-06-09,7.278
1987-06-10,6.988
1987-06-11,7.158
1987-06-12,7.108
1987-06-13,7.028
1987-06-14,7.078
1987-06-15,7.098
1987-06-16,7.008
1987-06-17,6.968
1987-06-18,7.688
1987-06-19,7.718
1987-06-20,7.898
1987-06-21,7.688
1987-06-22,7.348
1987-06-23,7.078
1987-06-24,7.068
1987-06-25,7.038
1987-06-26,6.978
1987-06-27,6.788
1987-06-28,6.818
1987-06-29,6.888
1987-06-30,6.748
1987-07-01,6.728
1987-07-02,6.818
1987-07-03,7.058
1987-07-04,6.948
1987-07-05,6.928
1987-07-06,6.918
1987-07-07,6.988
1987-07-08,7.058
1987-07-09,7.218
1987-07-10,7.108
1987-07-11,7.408
1987-07-12,7.328
1987-07-13,7.188
1987-07-14,7.078
1987-07-15,7.038
1987-07-16,7.688
1987-07-17,8.028
1987-07-18,8.288
1987-07-19,7.728
1987-07-20,7.448
1987-07-21,7.508
1987-07-22,7.358
1987-07-23,7.428
1987-07-24,8.498
1987-07-25,8.918
1987-07-26,9.498
1987-07-27,9.858
1987-07-28,9.198
1987-07-29,9.118
1987-07-30,9.828
1987-07-31,10.378
1987-08-01,11.148
1987-08-02,10.918
1987-08-03,10.218
1987-08-04,9.708
1987-08-05,9.358
1987-08-06,9.018
1987-08-07,8.728
1987-08-08,8.528
1987-08-09,8.338
1987-08-10,8.118
1987-08-11,7.968
1987-08-12,7.878
1987-08-13,7.808
1987-08-14,7.918
1987-08-15,8.048
1987-08-16,8.068
1987-08-17,7.898
1987-08-18,7.758
1987-08-19,7.628
1987-08-20,7.898
1987-08-21,7.958
1987-08-22,7.918
1987-08-23,7.908
1987-08-24,7.958
1987-08-25,8.428
1987-08-26,8.258
1987-08-27,10.468
1987-08-28,11.368
1987-08-29,11.288
1987-08-30,10.378
1987-08-31,9.628
1987-09-01,9.278
1987-09-02,8.998
1987-09-03,8.828
1987-09-04,8.678
1987-09-05,8.488
1987-09-06,8.288
1987-09-07,8.148
1987-09-08,7.988
1987-09-09,7.898
1987-09-10,7.938
1987-09-11,7.908
1987-09-12,7.918
1987-09-13,7.948
1987-09-14,8.108
1987-09-15,7.988
1987-09-16,7.908
1987-09-17,7.818
1987-09-18,7.888
1987-09-19,7.818
1987-09-20,7.738
1987-09-21,7.768
1987-09-22,8.438
1987-09-23,8.578
1987-09-24,8.448
1987-09-25,9.468
1987-09-26,9.948
1987-09-27,9.598
1987-09-28,9.458
1987-09-29,9.288
1987-09-30,9.048
1987-10-01,8.818
1987-10-02,8.588
1987-10-03,8.348
1987-10-04,8.168
1987-10-05,8.008
1987-10-06,7.898
1987-10-07,7.808
1987-10-08,7.738
1987-10-09,8.048
1987-10-10,8.378
1987-10-11,8.208
1987-10-12,8.068
1987-10-13,7.878
1987-10-14,7.728
1987-10-15,7.648
1987-10-16,7.618
1987-10-17,7.558
1987-10-18,7.508
1987-10-19,7.488
1987-10-20,7.538
1987-10-21,8.168
1987-10-22,7.968
1987-10-23,7.758
1987-10-24,7.578
1987-10-25,7.478
1987-10-26,7.468
1987-10-27,7.418
1987-10-28,7.368
1987-10-29,7.318
1987-10-30,7.288
1987-10-31,7.278
1987-11-01,7.278
1987-11-02,7.268
1987-11-03,7.258
1987-11-04,7.248
1987-11-05,7.238
1987-11-06,7.228
1987-11-07,7.218
1987-11-08,7.198
1987-11-09,7.178
1987-11-10,7.178
1987-11-11,7.188
1987-11-12,7.168
1987-11-13,7.158
1987-11-14,7.178
1987-11-15,7.228
1987-11-16,7.838
1987-11-17,8.048
1987-11-18,7.648
1987-11-19,7.448
1987-11-20,7.318
1987-11-21,7.268
1987-11-22,7.218
1987-11-23,7.208
1987-11-24,7.168
1987-11-25,7.098
1987-11-26,7.098
1987-11-27,7.098
1987-11-28,7.088
1987-11-29,7.098
1987-11-30,7.078
1987-12-01,7.058
1987-12-02,7.068
1987-12-03,7.078
1987-12-04,7.088
1987-12-05,7.078
1987-12-06,7.048
1987-12-07,7.058
1987-12-08,7.098
1987-12-09,7.078
1987-12-10,7.058
1987-12-11,7.048
1987-12-12,7.038
1987-12-13,7.028
1987-12-14,7.058
1987-12-15,7.108
1987-12-16,7.078
1987-12-17,7.058
1987-12-18,7.028
1987-12-19,7.038
1987-12-20,7.098
1987-12-21,7.128
1987-12-22,7.158
1987-12-23,7.138
1987-12-24,7.128
1987-12-25,7.118
1987-12-26,7.078
1987-12-27,7.048
1987-12-28,7.078
1987-12-29,7.098
1987-12-30,7.098
1987-12-31,7.098
1988-01-01,7.098
1988-01-02,7.098
1988-01-03,7.098
1988-01-04,7.088
1988-01-05,7.088
1988-01-06,7.078
1988-01-07,7.058
1988-01-08,7.068
1988-01-09,7.058
1988-01-10,7.008
1988-01-11,6.988
1988-01-12,6.998
1988-01-13,7.008
1988-01-14,6.988
1988-01-15,7.008
1988-01-16,7.018
1988-01-17,7.008
1988-01-18,7.028
1988-01-19,7.028
1988-01-20,6.978
1988-01-21,6.998
1988-01-22,6.978
1988-01-23,6.968
1988-01-24,6.968
1988-01-25,6.988
1988-01-26,6.998
1988-01-27,6.978
1988-01-28,6.998
1988-01-29,7.008
1988-01-30,6.998
1988-01-31,6.978
1988-02-01,7.008
1988-02-02,7.018
1988-02-03,7.018
1988-02-04,7.018
1988-02-05,7.008
1988-02-06,7.018
1988-02-07,7.008
1988-02-08,7.008
1988-02-09,7.008
1988-02-10,7.008
1988-02-11,7.008
1988-02-12,6.988
1988-02-13,6.988
1988-02-14,6.968
1988-02-15,6.938
1988-02-16,6.958
1988-02-17,6.948
1988-02-18,6.908
1988-02-19,6.908
1988-02-20,6.878
1988-02-21,6.888
1988-02-22,6.898
1988-02-23,6.898
1988-02-24,6.888
1988-02-25,6.938
1988-02-26,6.928
1988-02-27,6.938
1988-02-28,6.898
1988-02-29,6.898
1988-03-01,6.918
1988-03-02,6.958
1988-03-03,7.058
1988-03-04,6.988
1988-03-05,6.948
1988-03-06,6.968
1988-03-07,6.948
1988-03-08,6.908
1988-03-09,6.898
1988-03-10,6.848
1988-03-11,6.818
1988-03-12,6.808
1988-03-13,6.828
1988-03-14,6.818
1988-03-15,7.268
1988-03-16,7.248
1988-03-17,7.048
1988-03-18,6.918
1988-03-19,6.888
1988-03-20,7.058
1988-03-21,6.998
1988-03-22,6.958
1988-03-23,6.708
1988-03-24,6.628
1988-03-25,6.838
1988-03-26,6.868
1988-03-27,6.868
1988-03-28,6.828
1988-03-29,6.798
1988-03-30,6.818
1988-03-31,6.838
1988-04-01,6.798
1988-04-02,6.738
1988-04-03,6.788
1988-04-04,6.808
1988-04-05,6.758
1988-04-06,6.738
1988-04-07,6.758
1988-04-08,6.768
1988-04-09,6.768
1988-04-10,6.788
1988-04-11,6.788
1988-04-12,6.718
1988-04-13,6.768
1988-04-14,6.738
1988-04-15,7.058
1988-04-16,7.178
1988-04-17,7.428
1988-04-18,7.118
1988-04-19,7.098
1988-04-20,6.968
1988-04-21,7.048
1988-04-22,7.458
1988-04-23,7.408
1988-04-24,7.278
1988-04-25,7.038
1988-04-26,7.088
1988-04-27,7.038
1988-04-28,6.978
1988-04-29,6.978
1988-04-30,6.978
1988-05-01,6.818
1988-05-02,6.888
1988-05-03,6.918
1988-05-04,6.898
1988-05-05,6.868
1988-05-06,6.878
1988-05-07,6.878
1988-05-08,6.828
1988-05-09,7.648
1988-05-10,8.378
1988-05-11,8.078
1988-05-12,7.838
1988-05-13,8.748
1988-05-14,7.938
1988-05-15,7.948
1988-05-16,8.678
1988-05-17,8.238
1988-05-18,8.008
1988-05-19,7.798
1988-05-20,7.788
1988-05-21,7.728
1988-05-22,8.128
1988-05-23,10.178
1988-05-24,9.958
1988-05-25,9.848
1988-05-26,9.748
1988-05-27,9.368
1988-05-28,8.988
1988-05-29,8.708
1988-05-30,9.848
1988-05-31,10.268
1988-06-01,9.658
1988-06-02,9.138
1988-06-03,8.778
1988-06-04,8.598
1988-06-05,8.568
1988-06-06,8.258
1988-06-07,8.058
1988-06-08,8.088
1988-06-09,8.228
1988-06-10,7.928
1988-06-11,7.858
1988-06-12,7.868
1988-06-13,8.008
1988-06-14,7.988
1988-06-15,7.858
1988-06-16,7.788
1988-06-17,7.788
1988-06-18,7.718
1988-06-19,7.558
1988-06-20,7.478
1988-06-21,7.408
1988-06-22,7.338
1988-06-23,7.418
1988-06-24,8.428
1988-06-25,8.648
1988-06-26,8.678
1988-06-27,8.918
1988-06-28,8.718
1988-06-29,8.398
1988-06-30,8.158
1988-07-01,7.968
1988-07-02,7.868
1988-07-03,7.918
1988-07-04,8.258
1988-07-05,10.388
1988-07-06,10.998
1988-07-07,11.258
1988-07-08,11.558
1988-07-09,11.768
1988-07-10,11.488
1988-07-11,10.708
1988-07-12,10.478
1988-07-13,10.158
1988-07-14,10.098
1988-07-15,10.098
1988-07-16,10.028
1988-07-17,9.948
1988-07-18,10.088
1988-07-19,10.018
1988-07-20,9.788
1988-07-21,9.578
1988-07-22,9.408
1988-07-23,9.208
1988-07-24,9.108
1988-07-25,9.108
1988-07-26,9.108
1988-07-27,8.938
1988-07-28,8.748
1988-07-29,8.568
1988-07-30,8.528
1988-07-31,8.388
1988-08-01,8.758
1988-08-02,8.718
1988-08-03,8.418
1988-08-04,8.208
1988-08-05,8.248
1988-08-06,8.198
1988-08-07,8.368
1988-08-08,8.168
1988-08-09,8.028
1988-08-10,8.018
1988-08-11,8.598
1988-08-12,8.988
1988-08-13,8.998
1988-08-14,9.908
1988-08-15,10.398
1988-08-16,10.538
1988-08-17,10.488
1988-08-18,10.278
1988-08-19,10.028
1988-08-20,9.808
1988-08-21,9.708
1988-08-22,9.768
1988-08-23,9.658
1988-08-24,9.668
1988-08-25,9.778
1988-08-26,9.678
1988-08-27,9.508
1988-08-28,9.338
1988-08-29,9.878
1988-08-30,10.318
1988-08-31,9.768
1988-09-01,9.498
1988-09-02,9.408
1988-09-03,9.338
1988-09-04,9.478
1988-09-05,10.408
1988-09-06,10.438
1988-09-07,10.268
1988-09-08,10.058
1988-09-09,10.028
1988-09-10,9.988
1988-09-11,9.868
1988-09-12,9.808
1988-09-13,9.898
1988-09-14,9.808
1988-09-15,9.558
1988-09-16,9.318
1988-09-17,9.248
1988-09-18,9.138
1988-09-19,8.918
1988-09-20,9.578
1988-09-21,9.708
1988-09-22,9.348
1988-09-23,9.188
1988-09-24,8.878
1988-09-25,8.678
1988-09-26,8.528
1988-09-27,8.418
1988-09-28,8.308
1988-09-29,8.198
1988-09-30,8.378
1988-10-01,8.288
1988-10-02,8.258
1988-10-03,8.248
1988-10-04,8.278
1988-10-05,9.308
1988-10-06,8.998
1988-10-07,9.238
1988-10-08,8.678
1988-10-09,8.508
1988-10-10,8.368
1988-10-11,8.248
1988-10-12,8.178
1988-10-13,8.078
1988-10-14,8.518
1988-10-15,8.518
1988-10-16,8.268
1988-10-17,8.118
1988-10-18,8.028
1988-10-19,8.658
1988-10-20,9.218
1988-10-21,9.058
1988-10-22,8.798
1988-10-23,8.588
1988-10-24,8.438
1988-10-25,8.328
1988-10-26,8.238
1988-10-27,8.128
1988-10-28,8.038
1988-10-29,7.938
1988-10-30,7.858
1988-10-31,7.788
1988-11-01,7.708
1988-11-02,7.658
1988-11-03,7.598
1988-11-04,7.558
1988-11-05,7.548
1988-11-06,7.568
1988-11-07,7.548
1988-11-08,7.538
1988-11-09,7.518
1988-11-10,7.498
1988-11-11,7.488
1988-11-12,7.478
1988-11-13,7.468
1988-11-14,7.458
1988-11-15,7.438
1988-11-16,7.428
1988-11-17,7.418
1988-11-18,7.398
1988-11-19,7.378
1988-11-20,7.388
1988-11-21,7.408
1988-11-22,7.398
1988-11-23,7.368
1988-11-24,7.338
1988-11-25,7.338
1988-11-26,7.338
1988-11-27,7.338
1988-11-28,7.378
1988-11-29,7.678
1988-11-30,7.758
1988-12-01,8.048
1988-12-02,7.768
1988-12-03,7.608
1988-12-04,7.538
1988-12-05,7.468
1988-12-06,7.438
1988-12-07,7.388
1988-12-08,7.368
1988-12-09,7.338
1988-12-10,7.318
1988-12-11,7.318
1988-12-12,7.318
1988-12-13,7.308
1988-12-14,7.308
1988-12-15,7.298
1988-12-16,7.298
1988-12-17,7.298
1988-12-18,7.288
1988-12-19,7.288
1988-12-20,7.288
1988-12-21,7.268
1988-12-22,7.258
1988-12-23,7.248
1988-12-24,7.228
1988-12-25,7.228
1988-12-26,7.228
1988-12-27,7.228
1988-12-28,7.228
1988-12-29,7.218
1988-12-30,7.158
1988-12-31,7.088
1989-01-01,7.158
1989-01-02,7.148
1989-01-03,7.218
1989-01-04,7.248
1989-01-05,7.198
1989-01-06,7.118
1989-01-07,7.208
1989-01-08,7.178
1989-01-09,7.168
1989-01-10,7.188
1989-01-11,7.168
1989-01-12,7.208
1989-01-13,7.188
1989-01-14,7.168
1989-01-15,7.178
1989-01-16,7.168
1989-01-17,7.198
1989-01-18,7.198
1989-01-19,7.148
1989-01-20,7.198
1989-01-21,7.198
1989-01-22,7.198
1989-01-23,7.178
1989-01-24,7.168
1989-01-25,7.188
1989-01-26,7.128
1989-01-27,7.178
1989-01-28,7.408
1989-01-29,6.908
1989-01-30,7.118
1989-01-31,7.108
1989-02-01,7.068
1989-02-02,7.038
1989-02-03,7.078
1989-02-04,7.078
1989-02-05,7.078
1989-02-06,7.058
1989-02-07,7.088
1989-02-08,7.058
1989-02-09,7.038
1989-02-10,7.028
1989-02-11,7.018
1989-02-12,7.018
1989-02-13,7.018
1989-02-14,7.028
1989-02-15,7.018
1989-02-16,7.018
1989-02-17,7.008
1989-02-18,7.018
1989-02-19,7.008
1989-02-20,7.108
1989-02-21,7.138
1989-02-22,7.088
1989-02-23,7.058
1989-02-24,7.048
1989-02-25,7.008
1989-02-26,7.028
1989-02-27,7.038
1989-02-28,7.068
1989-03-01,6.998
1989-03-02,6.988
1989-03-03,7.008
1989-03-04,7.008
1989-03-05,7.018
1989-03-06,6.988
1989-03-07,6.968
1989-03-08,6.988
1989-03-09,6.968
1989-03-10,6.998
1989-03-11,6.958
1989-03-12,6.988
1989-03-13,6.968
1989-03-14,6.948
1989-03-15,6.918
1989-03-16,6.958
1989-03-17,6.938
1989-03-18,6.918
1989-03-19,6.898
1989-03-20,6.918
1989-03-21,6.908
1989-03-22,6.888
1989-03-23,6.888
1989-03-24,6.898
1989-03-25,6.878
1989-03-26,6.838
1989-03-27,6.888
1989-03-28,6.908
1989-03-29,6.888
1989-03-30,6.888
1989-03-31,6.888
1989-04-01,6.868
1989-04-02,6.868
1989-04-03,7.068
1989-04-04,7.068
1989-04-05,6.998
1989-04-06,6.998
1989-04-07,6.998
1989-04-08,6.988
1989-04-09,6.908
1989-04-10,6.868
1989-04-11,6.888
1989-04-12,6.918
1989-04-13,6.918
1989-04-14,6.928
1989-04-15,6.888
1989-04-16,6.868
1989-04-17,6.868
1989-04-18,6.868
1989-04-19,6.868
1989-04-20,6.858
1989-04-21,6.858
1989-04-22,6.838
1989-04-23,6.838
1989-04-24,6.918
1989-04-25,6.828
1989-04-26,6.868
1989-04-27,6.868
1989-04-28,7.008
1989-04-29,7.108
1989-04-30,7.618
1989-05-01,7.518
1989-05-02,7.258
1989-05-03,7.028
1989-05-04,7.018
1989-05-05,6.958
1989-05-06,6.938
1989-05-07,6.928
1989-05-08,6.938
1989-05-09,6.938
1989-05-10,6.848
1989-05-11,6.858
1989-05-12,6.838
1989-05-13,6.758
1989-05-14,6.898
1989-05-15,6.858
1989-05-16,7.028
1989-05-17,7.498
1989-05-18,7.358
1989-05-19,7.118
1989-05-20,7.148
1989-05-21,7.148
1989-05-22,7.058
1989-05-23,7.008
1989-05-24,7.348
1989-05-25,7.078
1989-05-26,7.498
1989-05-27,7.308
1989-05-28,7.148
1989-05-29,7.138
1989-05-30,7.128
1989-05-31,6.918
1989-06-01,6.898
1989-06-02,6.928
1989-06-03,6.998
1989-06-04,7.308
1989-06-05,7.308
1989-06-06,7.378
1989-06-07,7.718
1989-06-08,7.858
1989-06-09,7.438
1989-06-10,7.308
1989-06-11,7.558
1989-06-12,7.548
1989-06-13,7.548
1989-06-14,7.728
1989-06-15,9.128
1989-06-16,9.648
1989-06-17,9.118
1989-06-18,8.648
1989-06-19,8.348
1989-06-20,8.218
1989-06-21,7.908
1989-06-22,7.678
1989-06-23,7.538
1989-06-24,7.398
1989-06-25,7.248
1989-06-26,7.158
1989-06-27,7.178
1989-06-28,7.118
1989-06-29,7.048
1989-06-30,7.018
1989-07-01,7.008
1989-07-02,8.298
1989-07-03,9.378
1989-07-04,9.468
1989-07-05,9.018
1989-07-06,8.528
1989-07-07,8.138
1989-07-08,7.968
1989-07-09,7.788
1989-07-10,7.598
1989-07-11,7.508
1989-07-12,7.598
1989-07-13,8.718
1989-07-14,8.548
1989-07-15,8.668
1989-07-16,8.368
1989-07-17,8.108
1989-07-18,7.948
1989-07-19,7.948
1989-07-20,7.898
1989-07-21,7.678
1989-07-22,7.578
1989-07-23,7.548
1989-07-24,7.448
1989-07-25,7.358
1989-07-26,7.218
1989-07-27,7.178
1989-07-28,7.218
1989-07-29,8.488
1989-07-30,10.078
1989-07-31,9.668
1989-08-01,9.428
1989-08-02,9.028
1989-08-03,8.508
1989-08-04,8.318
1989-08-05,8.078
1989-08-06,8.048
1989-08-07,7.988
1989-08-08,7.868
1989-08-09,7.788
1989-08-10,7.708
1989-08-11,8.018
1989-08-12,8.288
1989-08-13,7.948
1989-08-14,7.868
1989-08-15,7.728
1989-08-16,7.568
1989-08-17,7.478
1989-08-18,7.448
1989-08-19,7.358
1989-08-20,7.288
1989-08-21,7.308
1989-08-22,7.458
1989-08-23,7.478
1989-08-24,7.548
1989-08-25,7.428
1989-08-26,7.388
1989-08-27,7.348
1989-08-28,7.448
1989-08-29,7.458
1989-08-30,7.328
1989-08-31,7.268
1989-09-01,7.228
1989-09-02,7.158
1989-09-03,7.128
1989-09-04,7.148
1989-09-05,7.668
1989-09-06,7.988
1989-09-07,7.728
1989-09-08,7.648
1989-09-09,7.458
1989-09-10,8.648
1989-09-11,8.878
1989-09-12,8.228
1989-09-13,8.018
1989-09-14,7.978
1989-09-15,7.828
1989-09-16,7.578
1989-09-17,7.778
1989-09-18,7.738
1989-09-19,7.578
1989-09-20,7.538
1989-09-21,7.488
1989-09-22,7.428
1989-09-23,8.218
1989-09-24,7.808
1989-09-25,7.668
1989-09-26,7.688
1989-09-27,7.798
1989-09-28,7.778
1989-09-29,7.738
1989-09-30,7.608
1989-10-01,7.488
1989-10-02,7.378
1989-10-03,7.318
1989-10-04,7.178
1989-10-05,7.218
1989-10-06,7.338
1989-10-07,8.018
1989-10-08,7.758
1989-10-09,7.888
1989-10-10,9.058
1989-10-11,10.148
1989-10-12,10.518
1989-10-13,9.788
1989-10-14,9.068
1989-10-15,8.718
1989-10-16,8.488
1989-10-17,8.328
1989-10-18,8.628
1989-10-19,9.288
1989-10-20,8.928
1989-10-21,8.658
1989-10-22,8.228
1989-10-23,8.278
1989-10-24,8.168
1989-10-25,7.818
1989-10-26,7.938
1989-10-27,7.778
1989-10-28,7.698
1989-10-29,7.648
1989-10-30,7.518
1989-10-31,7.538
1989-11-01,7.808
1989-11-02,7.658
1989-11-03,7.498
1989-11-04,7.528
1989-11-05,7.458
1989-11-06,7.408
1989-11-07,7.308
1989-11-08,7.328
1989-11-09,7.298
1989-11-10,7.218
1989-11-11,7.228
1989-11-12,7.188
1989-11-13,7.188
1989-11-14,7.238
1989-11-15,7.138
1989-11-16,7.178
1989-11-17,7.148
1989-11-18,7.148
1989-11-19,7.148
1989-11-20,7.148
1989-11-21,7.068
1989-11-22,7.128
1989-11-23,7.118
1989-11-24,7.098
1989-11-25,7.108
1989-11-26,7.028
1989-11-27,7.118
1989-11-28,7.128
1989-11-29,7.118
1989-11-30,7.118
1989-12-01,7.058
1989-12-02,7.068
1989-12-03,7.138
1989-12-04,7.048
1989-12-05,7.078
1989-12-06,7.028
1989-12-07,7.028
1989-12-08,7.108
1989-12-09,6.878
1989-12-10,7.108
1989-12-11,7.028
1989-12-12,7.058
1989-12-13,6.978
1989-12-14,7.088
1989-12-15,6.968
1989-12-16,7.028
1989-12-17,7.048
1989-12-18,7.058
1989-12-19,7.048
1989-12-20,6.998
1989-12-21,7.028
1989-12-22,6.998
1989-12-23,6.958
1989-12-24,6.968
1989-12-25,7.008
1989-12-26,6.958
1989-12-27,6.998
1989-12-28,6.978
1989-12-29,6.978
1989-12-30,6.938
1989-12-31,6.978
1990-01-01,7.028
1990-01-02,6.998
1990-01-03,6.948
1990-01-04,6.968
1990-01-05,6.908
1990-01-06,6.938
1990-01-07,6.958
1990-01-08,6.938
1990-01-09,6.968
1990-01-10,6.988
1990-01-11,7.018
1990-01-12,6.988
1990-01-13,6.908
1990-01-14,6.948
1990-01-15,6.928
1990-01-16,6.978
1990-01-17,6.938
1990-01-18,6.978
1990-01-19,6.938
1990-01-20,6.978
1990-01-21,6.828
1990-01-22,6.988
1990-01-23,6.928
1990-01-24,6.928
1990-01-25,6.878
1990-01-26,6.808
1990-01-27,6.858
1990-01-28,6.838
1990-01-29,6.878
1990-01-30,6.808
1990-01-31,6.758
1990-02-01,6.848
1990-02-02,6.848
1990-02-03,6.868
1990-02-04,6.878
1990-02-05,6.838
1990-02-06,6.828
1990-02-07,6.768
1990-02-08,6.818
1990-02-09,6.838
1990-02-10,6.738
1990-02-11,6.868
1990-02-12,6.808
1990-02-13,6.858
1990-02-14,6.828
1990-02-15,6.798
1990-02-16,6.818
1990-02-17,6.808
1990-02-18,6.878
1990-02-19,6.888
1990-02-20,6.868
1990-02-21,6.778
1990-02-22,6.938
1990-02-23,6.858
1990-02-24,6.898
1990-02-25,6.808
1990-02-26,6.858
1990-02-27,6.838
1990-02-28,6.708
1990-03-01,6.848
1990-03-02,6.848
1990-03-03,6.918
1990-03-04,7.368
1990-03-05,7.168
1990-03-06,7.068
1990-03-07,6.958
1990-03-08,6.978
1990-03-09,6.888
1990-03-10,6.888
1990-03-11,6.938
1990-03-12,6.958
1990-03-13,6.928
1990-03-14,6.748
1990-03-15,6.808
1990-03-16,6.888
1990-03-17,6.838
1990-03-18,6.808
1990-03-19,6.858
1990-03-20,6.778
1990-03-21,6.818
1990-03-22,6.728
1990-03-23,6.848
1990-03-24,7.768
1990-03-25,9.268
1990-03-26,8.868
1990-03-27,8.338
1990-03-28,7.948
1990-03-29,7.838
1990-03-30,7.798
1990-03-31,7.608
1990-04-01,7.438
1990-04-02,7.448
1990-04-03,7.768
1990-04-04,7.598
1990-04-05,7.168
1990-04-06,7.068
1990-04-07,7.168
1990-04-08,7.108
1990-04-09,7.178
1990-04-10,7.248
1990-04-11,7.268
1990-04-12,7.138
1990-04-13,7.078
1990-04-14,7.108
1990-04-15,7.038
1990-04-16,7.018
1990-04-17,6.988
1990-04-18,7.008
1990-04-19,6.988
1990-04-20,6.988
1990-04-21,7.268
1990-04-22,7.338
1990-04-23,7.268
1990-04-24,7.368
1990-04-25,7.678
1990-04-26,7.298
1990-04-27,7.408
1990-04-28,7.228
1990-04-29,8.428
1990-04-30,8.368
1990-05-01,7.908
1990-05-02,7.808
1990-05-03,7.618
1990-05-04,7.398
1990-05-05,7.368
1990-05-06,7.138
1990-05-07,7.128
1990-05-08,7.148
1990-05-09,7.068
1990-05-10,7.018
1990-05-11,7.018
1990-05-12,6.988
1990-05-13,6.988
1990-05-14,7.028
1990-05-15,8.318
1990-05-16,10.368
1990-05-17,9.508
1990-05-18,9.008
1990-05-19,8.748
1990-05-20,8.358
1990-05-21,8.608
1990-05-22,8.018
1990-05-23,8.048
1990-05-24,7.978
1990-05-25,7.828
1990-05-26,7.988
1990-05-27,7.968
1990-05-28,7.758
1990-05-29,8.668
1990-05-30,8.698
1990-05-31,8.318
1990-06-01,8.548
1990-06-02,9.018
1990-06-03,8.908
1990-06-04,8.918
1990-06-05,8.648
1990-06-06,8.868
1990-06-07,8.808
1990-06-08,8.598
1990-06-09,8.398
1990-06-10,9.418
1990-06-11,9.598
1990-06-12,9.258
1990-06-13,8.928
1990-06-14,8.668
1990-06-15,8.448
1990-06-16,8.248
1990-06-17,8.088
1990-06-18,7.978
1990-06-19,7.958
1990-06-20,7.958
1990-06-21,7.778
1990-06-22,7.628
1990-06-23,7.758
1990-06-24,8.008
1990-06-25,7.908
1990-06-26,7.938
1990-06-27,7.878
1990-06-28,7.868
1990-06-29,7.768
1990-06-30,7.988
1990-07-01,9.508
1990-07-02,8.898
1990-07-03,8.578
1990-07-04,8.688
1990-07-05,9.248
1990-07-06,9.198
1990-07-07,9.008
1990-07-08,8.798
1990-07-09,9.058
1990-07-10,9.288
1990-07-11,9.148
1990-07-12,8.978
1990-07-13,8.808
1990-07-14,8.748
1990-07-15,8.568
1990-07-16,8.338
1990-07-17,8.188
1990-07-18,8.148
1990-07-19,8.188
1990-07-20,8.068
1990-07-21,7.968
1990-07-22,7.908
1990-07-23,8.138
1990-07-24,7.998
1990-07-25,7.858
1990-07-26,7.818
1990-07-27,8.278
1990-07-28,8.978
1990-07-29,8.778
1990-07-30,8.528
1990-07-31,8.528
1990-08-01,9.018
1990-08-02,9.228
1990-08-03,9.128
1990-08-04,9.098
1990-08-05,8.888
1990-08-06,9.148
1990-08-07,10.078
1990-08-08,9.868
1990-08-09,9.468
1990-08-10,9.168
1990-08-11,8.938
1990-08-12,8.748
1990-08-13,8.628
1990-08-14,8.668
1990-08-15,8.698
1990-08-16,8.508
1990-08-17,8.358
1990-08-18,8.248
1990-08-19,8.108
1990-08-20,8.008
1990-08-21,7.938
1990-08-22,7.828
1990-08-23,7.768
1990-08-24,7.748
1990-08-25,7.788
1990-08-26,7.988
1990-08-27,8.068
1990-08-28,8.188
1990-08-29,8.108
1990-08-30,7.988
1990-08-31,7.788
1990-09-01,7.758
1990-09-02,7.798
1990-09-03,7.878
1990-09-04,7.738
1990-09-05,7.618
1990-09-06,7.618
1990-09-07,7.628
1990-09-08,7.618
1990-09-09,7.558
1990-09-10,7.488
1990-09-11,8.168
1990-09-12,8.448
1990-09-13,8.138
1990-09-14,8.028
1990-09-15,7.938
1990-09-16,7.858
1990-09-17,7.698
1990-09-18,8.048
1990-09-19,8.308
1990-09-20,8.038
1990-09-21,8.058
1990-09-22,7.968
1990-09-23,7.738
1990-09-24,7.708
1990-09-25,7.788
1990-09-26,7.798
1990-09-27,7.828
1990-09-28,8.028
1990-09-29,8.028
1990-09-30,8.108
1990-10-01,8.158
1990-10-02,8.088
1990-10-03,7.988
1990-10-04,7.898
1990-10-05,7.788
1990-10-06,7.678
1990-10-07,7.588
1990-10-08,8.008
1990-10-09,9.708
1990-10-10,10.558
1990-10-11,10.368
1990-10-12,9.938
1990-10-13,9.748
1990-10-14,9.548
1990-10-15,9.318
1990-10-16,9.128
1990-10-17,8.958
1990-10-18,8.678
1990-10-19,8.338
1990-10-20,8.168
1990-10-21,8.068
1990-10-22,7.968
1990-10-23,7.878
1990-10-24,7.808
1990-10-25,7.728
1990-10-26,7.678
1990-10-27,7.628
1990-10-28,7.598
1990-10-29,7.568
1990-10-30,7.518
1990-10-31,7.498
1990-11-01,7.478
1990-11-02,7.458
1990-11-03,7.448
1990-11-04,7.478
1990-11-05,7.688
1990-11-06,8.008
1990-11-07,8.188
1990-11-08,8.648
1990-11-09,8.198
1990-11-10,8.008
1990-11-11,7.938
1990-11-12,7.888
1990-11-13,7.848
1990-11-14,7.718
1990-11-15,7.628
1990-11-16,7.248
1990-11-17,7.478
1990-11-18,7.428
1990-11-19,7.408
1990-11-20,7.398
1990-11-21,7.388
1990-11-22,7.388
1990-11-23,7.358
1990-11-24,7.358
1990-11-25,7.328
1990-11-26,7.308
1990-11-27,7.308
1990-11-28,7.308
1990-11-29,7.288
1990-11-30,7.288
1990-12-01,7.278
1990-12-02,7.258
1990-12-03,7.288
1990-12-04,7.268
1990-12-05,7.278
1990-12-06,7.188
1990-12-07,7.278
1990-12-08,7.238
1990-12-09,7.318
1990-12-10,7.208
1990-12-11,7.278
1990-12-12,7.238
1990-12-13,7.158
1990-12-14,7.178
1990-12-15,7.128
1990-12-16,7.138
1990-12-17,7.158
1990-12-18,7.158
1990-12-19,7.458
1990-12-20,7.588
1990-12-21,7.408
1990-12-22,7.308
1990-12-23,7.258
1990-12-24,7.168
1990-12-25,7.168
1990-12-26,7.198
1990-12-27,7.218
1990-12-28,7.118
1990-12-29,7.108
1990-12-30,7.068
1990-12-31,7.128
1991-01-01,7.018
1991-01-02,7.078
1991-01-03,7.108
1991-01-04,7.248
1991-01-05,7.318
1991-01-06,7.238
1991-01-07,7.118
1991-01-08,7.138
1991-01-09,7.088
1991-01-10,7.078
1991-01-11,7.028
1991-01-12,7.018
1991-01-13,7.018
1991-01-14,6.988
1991-01-15,7.038
1991-01-16,7.058
1991-01-17,7.088
1991-01-18,7.088
1991-01-19,7.068
1991-01-20,7.058
1991-01-21,7.018
1991-01-22,7.058
1991-01-23,7.078
1991-01-24,7.078
1991-01-25,7.048
1991-01-26,7.098
1991-01-27,6.948
1991-01-28,7.038
1991-01-29,7.068
1991-01-30,7.008
1991-01-31,7.058
1991-02-01,6.948
1991-02-02,6.968
1991-02-03,7.048
1991-02-04,7.688
1991-02-05,7.898
1991-02-06,7.498
1991-02-07,7.408
1991-02-08,7.278
1991-02-09,7.218
1991-02-10,7.188
1991-02-11,7.118
1991-02-12,7.088
1991-02-13,7.018
1991-02-14,6.938
1991-02-15,6.998
1991-02-16,6.928
1991-02-17,6.968
1991-02-18,6.938
1991-02-19,6.948
1991-02-20,6.938
1991-02-21,6.888
1991-02-22,6.908
1991-02-23,6.898
1991-02-24,6.848
1991-02-25,6.898
1991-02-26,6.868
1991-02-27,6.888
1991-02-28,6.868
1991-03-01,6.878
1991-03-02,6.898
1991-03-03,6.818
1991-03-04,6.798
1991-03-05,6.878
1991-03-06,6.898
1991-03-07,6.958
1991-03-08,6.668
1991-03-09,7.048
1991-03-10,7.018
1991-03-11,6.968
1991-03-12,6.648
1991-03-13,6.968
1991-03-14,6.828
1991-03-15,6.918
1991-03-16,6.918
1991-03-17,6.908
1991-03-18,6.948
1991-03-19,6.858
1991-03-20,6.818
1991-03-21,6.908
1991-03-22,6.918
1991-03-23,6.918
1991-03-24,6.928
1991-03-25,6.898
1991-03-26,6.898
1991-03-27,6.828
1991-03-28,6.818
1991-03-29,6.828
1991-03-30,6.808
1991-03-31,6.928
1991-04-01,7.128
1991-04-02,7.068
1991-04-03,7.128
1991-04-04,7.198
1991-04-05,7.388
1991-04-06,7.998
1991-04-07,8.028
1991-04-08,7.608
1991-04-09,7.228
1991-04-10,7.208
1991-04-11,7.188
1991-04-12,7.208
1991-04-13,7.068
1991-04-14,7.028
1991-04-15,6.998
1991-04-16,6.938
1991-04-17,6.908
1991-04-18,6.898
1991-04-19,6.848
1991-04-20,6.838
1991-04-21,6.908
1991-04-22,6.878
1991-04-23,6.918
1991-04-24,6.808
1991-04-25,6.828
1991-04-26,6.758
1991-04-27,6.788
1991-04-28,6.828
1991-04-29,6.798
1991-04-30,6.998
1991-05-01,8.048
1991-05-02,7.508
1991-05-03,8.118
1991-05-04,7.998
1991-05-05,7.688
1991-05-06,8.238
1991-05-07,9.228
1991-05-08,9.678
1991-05-09,9.738
1991-05-10,10.178
1991-05-11,9.718
1991-05-12,9.578
1991-05-13,9.148
1991-05-14,9.058
1991-05-15,9.358
1991-05-16,9.298
1991-05-17,9.058
1991-05-18,9.228
1991-05-19,9.448
1991-05-20,10.388
1991-05-21,10.298
1991-05-22,10.078
1991-05-23,10.128
1991-05-24,9.938
1991-05-25,10.218
1991-05-26,10.118
1991-05-27,10.048
1991-05-28,9.898
1991-05-29,9.758
1991-05-30,9.618
1991-05-31,9.498
1991-06-01,9.388
1991-06-02,9.698
1991-06-03,10.438
1991-06-04,10.218
1991-06-05,10.008
1991-06-06,10.198
1991-06-07,10.088
1991-06-08,9.888
1991-06-09,9.708
1991-06-10,9.608
1991-06-11,9.858
1991-06-12,10.178
1991-06-13,10.068
1991-06-14,10.138
1991-06-15,10.098
1991-06-16,10.158
1991-06-17,10.738
1991-06-18,10.748
1991-06-19,10.678
1991-06-20,10.408
1991-06-21,10.178
1991-06-22,9.978
1991-06-23,9.848
1991-06-24,10.008
1991-06-25,9.948
1991-06-26,9.688
1991-06-27,9.608
1991-06-28,9.408
1991-06-29,9.308
1991-06-30,9.038
1991-07-01,8.838
1991-07-02,8.858
1991-07-03,8.988
1991-07-04,8.858
1991-07-05,8.848
1991-07-06,9.068
1991-07-07,8.678
1991-07-08,8.508
1991-07-09,8.408
1991-07-10,8.358
1991-07-11,8.268
1991-07-12,8.288
1991-07-13,7.968
1991-07-14,7.888
1991-07-15,7.838
1991-07-16,8.158
1991-07-17,8.288
1991-07-18,8.408
1991-07-19,8.938
1991-07-20,8.808
1991-07-21,8.448
1991-07-22,8.508
1991-07-23,8.938
1991-07-24,8.948
1991-07-25,8.748
1991-07-26,8.648
1991-07-27,9.278
1991-07-28,9.058
1991-07-29,9.158
1991-07-30,8.818
1991-07-31,9.688
1991-08-01,10.178
1991-08-02,10.708
1991-08-03,11.368
1991-08-04,11.378
1991-08-05,11.018
1991-08-06,10.648
1991-08-07,10.448
1991-08-08,10.298
1991-08-09,10.098
1991-08-10,9.888
1991-08-11,9.728
1991-08-12,9.588
1991-08-13,9.368
1991-08-14,9.128
1991-08-15,9.008
1991-08-16,8.848
1991-08-17,8.718
1991-08-18,8.668
1991-08-19,8.518
1991-08-20,8.358
1991-08-21,8.248
1991-08-22,8.358
1991-08-23,8.478
1991-08-24,8.338
1991-08-25,8.338
1991-08-26,8.248
1991-08-27,8.128
1991-08-28,8.628
1991-08-29,8.898
1991-08-30,8.498
1991-08-31,8.348
1991-09-01,8.748
1991-09-02,8.628
1991-09-03,8.738
1991-09-04,8.788
1991-09-05,8.768
1991-09-06,9.068
1991-09-07,9.298
1991-09-08,10.028
1991-09-09,9.658
1991-09-10,9.438
1991-09-11,9.468
1991-09-12,9.278
1991-09-13,9.548
1991-09-14,9.798
1991-09-15,9.758
1991-09-16,9.658
1991-09-17,9.548
1991-09-18,9.428
1991-09-19,9.318
1991-09-20,9.218
1991-09-21,9.078
1991-09-22,8.948
1991-09-23,9.048
1991-09-24,9.148
1991-09-25,9.708
1991-09-26,9.818
1991-09-27,10.108
1991-09-28,9.858
1991-09-29,9.548
1991-09-30,9.308
1991-10-01,9.098
1991-10-02,8.908
1991-10-03,8.688
1991-10-04,8.818
1991-10-05,8.898
1991-10-06,9.068
1991-10-07,9.038
1991-10-08,9.028
1991-10-09,9.448
1991-10-10,9.098
1991-10-11,8.868
1991-10-12,8.698
1991-10-13,8.748
1991-10-14,9.928
1991-10-15,9.888
1991-10-16,9.878
1991-10-17,9.638
1991-10-18,9.388
1991-10-19,9.128
1991-10-20,8.938
1991-10-21,8.738
1991-10-22,8.588
1991-10-23,8.448
1991-10-24,8.358
1991-10-25,8.238
1991-10-26,8.178
1991-10-27,8.118
1991-10-28,8.058
1991-10-29,8.008
1991-10-30,8.068
1991-10-31,8.228
1991-11-01,9.808
1991-11-02,9.018
1991-11-03,8.918
1991-11-04,8.778
1991-11-05,8.618
1991-11-06,8.458
1991-11-07,8.378
1991-11-08,8.248
1991-11-09,8.148
1991-11-10,8.058
1991-11-11,7.998
1991-11-12,7.938
1991-11-13,7.838
1991-11-14,7.788
1991-11-15,7.768
1991-11-16,7.708
1991-11-17,7.658
1991-11-18,7.638
1991-11-19,7.608
1991-11-20,7.598
1991-11-21,7.588
1991-11-22,7.588
1991-11-23,7.568
1991-11-24,7.568
1991-11-25,7.528
1991-11-26,7.178
1991-11-27,7.478
1991-11-28,7.478
1991-11-29,7.458
1991-11-30,7.538
1991-12-01,7.488
1991-12-02,7.478
1991-12-03,7.428
1991-12-04,7.428
1991-12-05,7.428
1991-12-06,7.448
1991-12-07,7.438
1991-12-08,7.398
1991-12-09,7.418
1991-12-10,7.438
1991-12-11,7.418
1991-12-12,7.408
1991-12-13,7.428
1991-12-14,7.408
1991-12-15,7.398
1991-12-16,7.388
1991-12-17,7.358
1991-12-18,7.348
1991-12-19,7.378
1991-12-20,7.368
1991-12-21,7.358
1991-12-22,7.368
1991-12-23,7.358
1991-12-24,7.388
1991-12-25,7.938
1991-12-26,8.138
1991-12-27,7.878
1991-12-28,7.758
1991-12-29,7.618
1991-12-30,7.578
1991-12-31,7.518
1992-01-01,7.478
1992-01-02,7.428
1992-01-03,7.398
1992-01-04,7.398
1992-01-05,7.388
1992-01-06,7.338
1992-01-07,7.388
1992-01-08,7.298
1992-01-09,7.328
1992-01-10,7.338
1992-01-11,7.318
1992-01-12,7.308
1992-01-13,7.298
1992-01-14,7.298
1992-01-15,7.308
1992-01-16,7.298
1992-01-17,7.278
1992-01-18,7.248
1992-01-19,7.288
1992-01-20,7.318
1992-01-21,7.268
1992-01-22,7.238
1992-01-23,7.278
1992-01-24,7.288
1992-01-25,7.288
1992-01-26,7.268
1992-01-27,7.248
1992-01-28,7.268
1992-01-29,7.248
1992-01-30,7.228
1992-01-31,7.248
1992-02-01,7.278
1992-02-02,7.348
1992-02-03,7.308
1992-02-04,7.328
1992-02-05,7.288
1992-02-06,7.268
1992-02-07,7.248
1992-02-08,7.308
1992-02-09,7.398
1992-02-10,7.398
1992-02-11,7.318
1992-02-12,7.278
1992-02-13,7.248
1992-02-14,7.258
1992-02-15,7.208
1992-02-16,7.518
1992-02-17,7.348
1992-02-18,7.298
1992-02-19,7.348
1992-02-20,7.278
1992-02-21,7.258
1992-02-22,7.248
1992-02-23,7.218
1992-02-24,7.228
1992-02-25,7.228
1992-02-26,7.198
1992-02-27,7.168
1992-02-28,7.198
1992-02-29,7.188
1992-03-01,7.208
1992-03-02,7.228
1992-03-03,7.218
1992-03-04,7.198
1992-03-05,7.188
1992-03-06,7.128
1992-03-07,7.148
1992-03-08,7.108
1992-03-09,7.078
1992-03-10,7.108
1992-03-11,7.068
1992-03-12,7.068
1992-03-13,7.058
1992-03-14,6.998
1992-03-15,6.998
1992-03-16,6.998
1992-03-17,7.048
1992-03-18,6.998
1992-03-19,7.048
1992-03-20,7.048
1992-03-21,6.998
1992-03-22,6.948
1992-03-23,7.008
1992-03-24,7.008
1992-03-25,7.038
1992-03-26,6.968
1992-03-27,6.978
1992-03-28,7.028
1992-03-29,6.938
1992-03-30,6.938
1992-03-31,6.868
1992-04-01,7.018
1992-04-02,6.948
1992-04-03,6.978
1992-04-04,6.968
1992-04-05,6.948
1992-04-06,6.958
1992-04-07,6.968
1992-04-08,6.868
1992-04-09,6.998
1992-04-10,6.938
1992-04-11,6.928
1992-04-12,6.938
1992-04-13,6.908
1992-04-14,6.938
1992-04-15,6.948
1992-04-16,6.908
1992-04-17,6.958
1992-04-18,7.008
1992-04-19,7.038
1992-04-20,7.008
1992-04-21,6.928
1992-04-22,6.868
1992-04-23,6.898
1992-04-24,6.988
1992-04-25,6.988
1992-04-26,6.968
1992-04-27,6.958
1992-04-28,6.908
1992-04-29,6.938
1992-04-30,6.828
1992-05-01,7.098
1992-05-02,7.108
1992-05-03,7.188
1992-05-04,7.008
1992-05-05,7.028
1992-05-06,7.228
1992-05-07,7.178
1992-05-08,7.098
1992-05-09,7.068
1992-05-10,7.068
1992-05-11,7.028
1992-05-12,7.028
1992-05-13,6.968
1992-05-14,6.988
1992-05-15,7.058
1992-05-16,7.018
1992-05-17,7.028
1992-05-18,6.978
1992-05-19,6.918
1992-05-20,6.988
1992-05-21,6.988
1992-05-22,6.988
1992-05-23,7.308
1992-05-24,7.158
1992-05-25,7.068
1992-05-26,6.968
1992-05-27,7.148
1992-05-28,7.178
1992-05-29,7.388
1992-05-30,7.398
1992-05-31,7.508
1992-06-01,7.448
1992-06-02,7.308
1992-06-03,7.208
1992-06-04,7.168
1992-06-05,7.128
1992-06-06,7.108
1992-06-07,7.098
1992-06-08,7.088
1992-06-09,7.128
1992-06-10,7.168
1992-06-11,7.278
1992-06-12,7.938
1992-06-13,7.718
1992-06-14,7.488
1992-06-15,7.608
1992-06-16,7.958
1992-06-17,8.868
1992-06-18,7.958
1992-06-19,7.598
1992-06-20,7.698
1992-06-21,7.458
1992-06-22,7.358
1992-06-23,7.288
1992-06-24,7.518
1992-06-25,7.978
1992-06-26,8.298
1992-06-27,8.188
1992-06-28,8.128
1992-06-29,7.828
1992-06-30,7.448
1992-07-01,7.388
1992-07-02,7.428
1992-07-03,7.828
1992-07-04,8.168
1992-07-05,7.988
1992-07-06,7.948
1992-07-07,7.988
1992-07-08,7.698
1992-07-09,7.558
1992-07-10,7.428
1992-07-11,7.738
1992-07-12,8.118
1992-07-13,8.108
1992-07-14,7.868
1992-07-15,7.748
1992-07-16,7.678
1992-07-17,7.628
1992-07-18,7.638
1992-07-19,7.598
1992-07-20,7.518
1992-07-21,7.668
1992-07-22,7.708
1992-07-23,7.498
1992-07-24,7.608
1992-07-25,7.348
1992-07-26,7.448
1992-07-27,7.328
1992-07-28,7.368
1992-07-29,7.238
1992-07-30,7.128
1992-07-31,7.098
1992-08-01,8.098
1992-08-02,8.738
1992-08-03,9.008
1992-08-04,8.398
1992-08-05,7.948
1992-08-06,7.798
1992-08-07,7.898
1992-08-08,7.688
1992-08-09,7.598
1992-08-10,7.488
1992-08-11,7.308
1992-08-12,7.258
1992-08-13,7.088
1992-08-14,6.928
1992-08-15,7.418
1992-08-16,7.468
1992-08-17,7.138
1992-08-18,6.978
1992-08-19,7.358
1992-08-20,7.238
1992-08-21,7.108
1992-08-22,6.978
1992-08-23,7.018
1992-08-24,6.898
1992-08-25,7.428
1992-08-26,7.198
1992-08-27,7.128
1992-08-28,7.088
1992-08-29,7.068
1992-08-30,7.088
1992-08-31,7.278
1992-09-01,7.128
1992-09-02,7.298
1992-09-03,7.438
1992-09-04,7.208
1992-09-05,7.098
1992-09-06,7.098
1992-09-07,7.478
1992-09-08,7.428
1992-09-09,7.178
1992-09-10,7.138
1992-09-11,7.088
1992-09-12,7.388
1992-09-13,7.498
1992-09-14,7.268
1992-09-15,7.198
1992-09-16,7.328
1992-09-17,7.478
1992-09-18,8.318
1992-09-19,7.678
1992-09-20,7.438
1992-09-21,7.438
1992-09-22,7.338
1992-09-23,7.308
1992-09-24,7.348
1992-09-25,7.508
1992-09-26,7.448
1992-09-27,7.648
1992-09-28,8.088
1992-09-29,7.808
1992-09-30,7.538
1992-10-01,7.438
1992-10-02,7.328
1992-10-03,7.228
1992-10-04,7.148
1992-10-05,7.098
1992-10-06,7.258
1992-10-07,7.258
1992-10-08,7.238
1992-10-09,7.138
1992-10-10,7.128
1992-10-11,7.028
1992-10-12,7.168
1992-10-13,7.258
1992-10-14,7.308
1992-10-15,9.898
1992-10-16,9.848
1992-10-17,9.268
1992-10-18,8.868
1992-10-19,8.508
1992-10-20,8.368
1992-10-21,8.148
1992-10-22,7.978
1992-10-23,7.778
1992-10-24,7.648
1992-10-25,7.568
1992-10-26,7.478
1992-10-27,7.438
1992-10-28,7.358
1992-10-29,7.288
1992-10-30,7.198
1992-10-31,7.238
1992-11-01,7.198
1992-11-02,7.228
1992-11-03,7.228
1992-11-04,7.178
1992-11-05,7.058
1992-11-06,7.048
1992-11-07,7.088
1992-11-08,6.958
1992-11-09,6.948
1992-11-10,6.938
1992-11-11,7.038
1992-11-12,6.948
1992-11-13,7.038
1992-11-14,7.048
1992-11-15,7.088
1992-11-16,6.948
1992-11-17,6.828
1992-11-18,6.778
1992-11-19,6.748
1992-11-20,6.738
1992-11-21,6.738
1992-11-22,6.738
1992-11-23,6.728
1992-11-24,6.688
1992-11-25,6.698
1992-11-26,6.708
1992-11-27,6.698
1992-11-28,6.678
1992-11-29,6.658
1992-11-30,6.658
1992-12-01,6.648
1992-12-02,6.648
1992-12-03,6.558
1992-12-04,6.538
1992-12-05,6.528
1992-12-06,6.518
1992-12-07,6.508
1992-12-08,6.508
1992-12-09,6.608
1992-12-10,6.558
1992-12-11,6.578
1992-12-12,6.598
1992-12-13,6.598
1992-12-14,6.598
1992-12-15,6.638
1992-12-16,6.548
1992-12-17,6.668
1992-12-18,6.558
1992-12-19,6.548
1992-12-20,6.758
1992-12-21,6.848
1992-12-22,6.958
1992-12-23,7.008
1992-12-24,7.008
1992-12-25,7.018
1992-12-26,6.888
1992-12-27,6.988
1992-12-28,7.008
1992-12-29,7.018
1992-12-30,7.048
1992-12-31,7.018
1993-01-01,7.038
1993-01-02,7.038
1993-01-03,7.028
1993-01-04,7.028
1993-01-05,7.068
1993-01-06,7.068
1993-01-07,7.068
1993-01-08,6.968
1993-01-09,6.998
1993-01-10,6.978
1993-01-11,6.968
1993-01-12,6.988
1993-01-13,6.998
1993-01-14,7.048
1993-01-15,7.078
1993-01-16,7.098
1993-01-17,7.058
1993-01-18,6.988
1993-01-19,6.998
1993-01-20,7.038
1993-01-21,7.038
1993-01-22,7.028
1993-01-23,7.028
1993-01-24,7.028
1993-01-25,6.998
1993-01-26,6.988
1993-01-27,6.978
1993-01-28,6.978
1993-01-29,6.998
1993-01-30,7.068
1993-01-31,7.028
1993-02-01,7.048
1993-02-02,7.058
1993-02-03,7.038
1993-02-04,6.968
1993-02-05,7.018
1993-02-06,6.978
1993-02-07,6.818
1993-02-08,6.958
1993-02-09,6.928
1993-02-10,6.888
1993-02-11,6.768
1993-02-12,6.818
1993-02-13,6.808
1993-02-14,6.778
1993-02-15,6.808
1993-02-16,6.728
1993-02-17,6.778
1993-02-18,6.788
1993-02-19,7.078
1993-02-20,9.228
1993-02-21,9.178
1993-02-22,8.288
1993-02-23,7.808
1993-02-24,7.748
1993-02-25,7.548
1993-02-26,7.388
1993-02-27,7.268
1993-02-28,7.188
1993-03-01,7.008
1993-03-02,7.088
1993-03-03,7.308
1993-03-04,6.748
1993-03-05,7.008
1993-03-06,6.898
1993-03-07,6.908
1993-03-08,6.818
1993-03-09,6.858
1993-03-10,6.838
1993-03-11,6.788
1993-03-12,6.758
1993-03-13,6.818
1993-03-14,6.788
1993-03-15,6.888
1993-03-16,6.948
1993-03-17,6.888
1993-03-18,6.838
1993-03-19,6.748
1993-03-20,6.748
1993-03-21,6.898
1993-03-22,7.038
1993-03-23,7.048
1993-03-24,7.088
1993-03-25,7.158
1993-03-26,7.358
1993-03-27,7.388
1993-03-28,7.658
1993-03-29,7.498
1993-03-30,7.308
1993-03-31,6.888
1993-04-01,6.728
1993-04-02,6.638
1993-04-03,6.668
1993-04-04,6.698
1993-04-05,6.728
1993-04-06,6.748
1993-04-07,6.688
1993-04-08,6.738
1993-04-09,6.848
1993-04-10,6.828
1993-04-11,6.708
1993-04-12,6.878
1993-04-13,7.168
1993-04-14,7.018
1993-04-15,6.908
1993-04-16,6.898
1993-04-17,7.438
1993-04-18,7.428
1993-04-19,7.208
1993-04-20,6.788
1993-04-21,6.588
1993-04-22,6.818
1993-04-23,6.778
1993-04-24,6.968
1993-04-25,6.778
1993-04-26,7.208
1993-04-27,7.288
1993-04-28,7.468
1993-04-29,7.478
1993-04-30,7.428
1993-05-01,8.478
1993-05-02,10.168
1993-05-03,9.518
1993-05-04,9.998
1993-05-05,9.248
1993-05-06,9.258
1993-05-07,10.278
1993-05-08,10.768
1993-05-09,10.408
1993-05-10,9.948
1993-05-11,9.818
1993-05-12,10.338
1993-05-13,10.028
1993-05-14,9.658
1993-05-15,9.178
1993-05-16,8.898
1993-05-17,9.128
1993-05-18,9.108
1993-05-19,9.548
1993-05-20,9.188
1993-05-21,8.918
1993-05-22,8.598
1993-05-23,8.418
1993-05-24,8.248
1993-05-25,8.058
1993-05-26,7.918
1993-05-27,7.828
1993-05-28,7.808
1993-05-29,7.858
1993-05-30,7.938
1993-05-31,8.018
1993-06-01,7.858
1993-06-02,7.878
1993-06-03,8.108
1993-06-04,8.728
1993-06-05,8.328
1993-06-06,8.278
1993-06-07,9.948
1993-06-08,9.958
1993-06-09,9.788
1993-06-10,9.618
1993-06-11,9.318
1993-06-12,9.228
1993-06-13,9.508
1993-06-14,9.228
1993-06-15,8.888
1993-06-16,8.768
1993-06-17,8.608
1993-06-18,8.838
1993-06-19,10.588
1993-06-20,10.948
1993-06-21,11.188
1993-06-22,10.748
1993-06-23,10.088
1993-06-24,9.578
1993-06-25,9.168
1993-06-26,8.888
1993-06-27,8.678
1993-06-28,8.538
1993-06-29,8.298
1993-06-30,8.188
1993-07-01,8.378
1993-07-02,8.658
1993-07-03,8.298
1993-07-04,8.128
1993-07-05,8.098
1993-07-06,8.198
1993-07-07,8.238
1993-07-08,8.938
1993-07-09,8.798
1993-07-10,8.608
1993-07-11,8.348
1993-07-12,8.148
1993-07-13,8.338
1993-07-14,8.458
1993-07-15,8.578
1993-07-16,8.548
1993-07-17,8.528
1993-07-18,8.498
1993-07-19,9.528
1993-07-20,10.368
1993-07-21,11.228
1993-07-22,12.138
1993-07-23,12.238
1993-07-24,12.208
1993-07-25,12.108
1993-07-26,11.878
1993-07-27,11.578
1993-07-28,11.358
1993-07-29,11.098
1993-07-30,10.868
1993-07-31,10.648
1993-08-01,10.418
1993-08-02,10.108
1993-08-03,9.948
1993-08-04,9.748
1993-08-05,9.558
1993-08-06,9.498
1993-08-07,9.468
1993-08-08,9.268
1993-08-09,9.678
1993-08-10,9.548
1993-08-11,9.328
1993-08-12,9.098
1993-08-13,8.908
1993-08-14,8.728
1993-08-15,8.578
1993-08-16,8.438
1993-08-17,8.328
1993-08-18,8.318
1993-08-19,8.378
1993-08-20,8.878
1993-08-21,9.088
1993-08-22,10.258
1993-08-23,10.188
1993-08-24,9.828
1993-08-25,9.578
1993-08-26,9.358
1993-08-27,9.178
1993-08-28,9.348
1993-08-29,9.168
1993-08-30,8.968
1993-08-31,9.048
1993-09-01,9.098
1993-09-02,8.988
1993-09-03,9.078
1993-09-04,9.078
1993-09-05,8.988
1993-09-06,9.148
1993-09-07,8.968
1993-09-08,8.868
1993-09-09,8.738
1993-09-10,8.608
1993-09-11,8.528
1993-09-12,8.578
1993-09-13,9.078
1993-09-14,8.508
1993-09-15,8.298
1993-09-16,8.348
1993-09-17,8.268
1993-09-18,8.008
1993-09-19,7.938
1993-09-20,8.298
1993-09-21,8.098
1993-09-22,8.488
1993-09-23,9.288
1993-09-24,8.928
1993-09-25,8.628
1993-09-26,8.438
1993-09-27,8.348
1993-09-28,8.348
1993-09-29,8.418
1993-09-30,8.728
1993-10-01,8.418
1993-10-02,8.338
1993-10-03,9.008
1993-10-04,9.008
1993-10-05,8.628
1993-10-06,8.378
1993-10-07,8.278
1993-10-08,8.208
1993-10-09,8.098
1993-10-10,7.988
1993-10-11,7.868
1993-10-12,7.848
1993-10-13,7.828
1993-10-14,8.218
1993-10-15,7.998
1993-10-16,7.928
1993-10-17,8.048
1993-10-18,7.928
1993-10-19,7.748
1993-10-20,7.628
1993-10-21,7.788
1993-10-22,7.888
1993-10-23,7.888
1993-10-24,7.848
1993-10-25,7.778
1993-10-26,7.618
1993-10-27,7.548
1993-10-28,7.498
1993-10-29,7.448
1993-10-30,7.418
1993-10-31,7.398
1993-11-01,7.378
1993-11-02,7.428
1993-11-03,7.438
1993-11-04,7.528
1993-11-05,7.428
1993-11-06,7.388
1993-11-07,7.348
1993-11-08,7.368
1993-11-09,7.338
1993-11-10,7.308
1993-11-11,7.308
1993-11-12,7.288
1993-11-13,7.278
1993-11-14,7.248
1993-11-15,7.268
1993-11-16,7.278
1993-11-17,7.268
1993-11-18,7.248
1993-11-19,7.238
1993-11-20,7.228
1993-11-21,7.218
1993-11-22,7.228
1993-11-23,7.218
1993-11-24,7.208
1993-11-25,7.218
1993-11-26,7.208
1993-11-27,7.208
1993-11-28,7.208
1993-11-29,7.188
1993-11-30,7.188
1993-12-01,7.068
1993-12-02,6.988
1993-12-03,7.048
1993-12-04,7.158
1993-12-05,7.168
1993-12-06,7.108
1993-12-07,7.178
1993-12-08,7.038
1993-12-09,7.158
1993-12-10,7.148
1993-12-11,7.118
1993-12-12,7.148
1993-12-13,7.138
1993-12-14,7.128
1993-12-15,7.118
1993-12-16,7.118
1993-12-17,7.138
1993-12-18,7.108
1993-12-19,7.088
1993-12-20,7.128
1993-12-21,7.098
1993-12-22,7.068
1993-12-23,7.128
1993-12-24,7.098
1993-12-25,7.098
1993-12-26,7.128
1993-12-27,7.058
1993-12-28,7.078
1993-12-29,7.088
1993-12-30,7.098
1993-12-31,7.108
1994-01-01,7.108
1994-01-02,7.108
1994-01-03,7.128
1994-01-04,7.098
1994-01-05,7.088
1994-01-06,7.078
1994-01-07,7.058
1994-01-08,7.088
1994-01-09,7.088
1994-01-10,7.098
1994-01-11,7.088
1994-01-12,7.098
1994-01-13,7.108
1994-01-14,7.118
1994-01-15,7.088
1994-01-16,7.058
1994-01-17,7.108
1994-01-18,7.228
1994-01-19,7.198
1994-01-20,7.108
1994-01-21,7.118
1994-01-22,7.118
1994-01-23,7.118
1994-01-24,7.048
1994-01-25,7.058
1994-01-26,7.088
1994-01-27,7.048
1994-01-28,7.048
1994-01-29,7.058
1994-01-30,7.078
1994-01-31,7.018
1994-02-01,7.068
1994-02-02,7.068
1994-02-03,7.078
1994-02-04,7.058
1994-02-05,7.028
1994-02-06,7.028
1994-02-07,7.008
1994-02-08,6.998
1994-02-09,6.998
1994-02-10,6.978
1994-02-11,6.998
1994-02-12,7.068
1994-02-13,6.998
1994-02-14,6.978
1994-02-15,7.018
1994-02-16,6.978
1994-02-17,7.008
1994-02-18,6.978
1994-02-19,6.938
1994-02-20,6.968
1994-02-21,6.858
1994-02-22,6.978
1994-02-23,6.968
1994-02-24,6.928
1994-02-25,6.928
1994-02-26,6.918
1994-02-27,6.928
1994-02-28,6.878
1994-03-01,6.828
1994-03-02,6.888
1994-03-03,6.888
1994-03-04,6.858
1994-03-05,6.858
1994-03-06,6.828
1994-03-07,6.888
1994-03-08,6.868
1994-03-09,6.858
1994-03-10,6.908
1994-03-11,6.898
1994-03-12,6.778
1994-03-13,6.838
1994-03-14,6.958
1994-03-15,6.968
1994-03-16,6.858
1994-03-17,6.888
1994-03-18,6.888
1994-03-19,6.848
1994-03-20,6.898
1994-03-21,6.848
1994-03-22,6.868
1994-03-23,6.738
1994-03-24,7.008
1994-03-25,6.678
1994-03-26,7.078
1994-03-27,7.098
1994-03-28,7.368
1994-03-29,7.258
1994-03-30,8.238
1994-03-31,7.978
1994-04-01,7.658
1994-04-02,9.918
1994-04-03,9.168
1994-04-04,8.558
1994-04-05,8.138
1994-04-06,7.838
1994-04-07,7.618
1994-04-08,7.478
1994-04-09,7.118
1994-04-10,7.178
1994-04-11,7.128
1994-04-13,7.028
1994-04-14,6.928
1994-04-15,6.988
1994-04-16,6.908
1994-04-17,6.978
1994-04-18,7.028
1994-04-19,7.318
1994-04-20,7.378
1994-04-21,7.308
1994-04-22,7.268
1994-04-23,7.368
1994-04-24,7.328
1994-04-25,7.238
1994-04-26,7.118
1994-04-27,7.108
1994-04-29,7.018
1994-04-30,6.688
1994-05-01,6.648
1994-05-02,6.948
1994-05-03,6.928
1994-05-04,6.758
1994-05-05,6.948
1994-05-06,6.908
1994-05-07,7.198
1994-05-08,6.638
1994-05-09,7.078
1994-05-10,7.228
1994-05-11,7.208
1994-05-12,7.168
1994-05-13,7.048
1994-05-14,7.008
1994-05-15,6.948
1994-05-16,6.908
1994-05-17,6.958
1994-05-18,7.138
1994-05-19,7.368
1994-05-20,7.158
1994-05-21,7.148
1994-05-22,7.228
1994-05-23,7.208
1994-05-24,7.088
1994-05-25,7.068
1994-05-26,7.058
1994-05-27,7.028
1994-05-28,6.948
1994-05-29,6.918
1994-05-30,6.908
1994-05-31,6.898
1994-06-01,6.948
1994-06-02,6.928
1994-06-03,6.898
1994-06-04,6.898
1994-06-05,6.938
1994-06-06,7.008
1994-06-07,7.088
1994-06-08,7.018
1994-06-09,7.078
1994-06-10,7.028
1994-06-11,7.058
1994-06-12,7.138
1994-06-13,7.158
1994-06-14,7.228
1994-06-15,7.178
1994-06-16,7.128
1994-06-17,7.108
1994-06-18,7.338
1994-06-19,7.888
1994-06-20,7.678
1994-06-21,7.448
1994-06-22,7.318
1994-06-23,7.238
1994-06-24,7.158
1994-06-25,7.168
1994-06-26,7.138
1994-06-27,7.068
1994-06-28,7.218
1994-06-29,7.398
1994-06-30,7.648
1994-07-01,7.438
1994-07-02,7.268
1994-07-03,7.448
1994-07-04,7.408
1994-07-05,7.308
1994-07-06,7.168
1994-07-07,7.278
1994-07-08,8.068
1994-07-09,7.628
1994-07-10,7.278
1994-07-11,7.158
1994-07-12,7.068
1994-07-13,6.758
1994-07-14,6.988
1994-07-15,6.928
1994-07-16,6.918
1994-07-17,7.118
1994-07-18,7.428
1994-07-19,7.198
1994-07-20,6.878
1994-07-21,7.058
1994-07-22,7.368
1994-07-23,7.208
1994-07-24,7.138
1994-07-25,7.038
1994-07-26,7.018
1994-07-27,6.918
1994-07-28,6.868
1994-07-29,7.468
1994-07-30,6.968
1994-07-31,6.838
1994-08-01,7.078
1994-08-02,6.668
1994-08-03,6.638
1994-08-04,6.908
1994-08-05,6.758
1994-08-06,7.608
1994-08-07,7.498
1994-08-08,7.008
1994-08-09,7.438
1994-08-10,7.438
1994-08-11,7.278
1994-08-12,7.258
1994-08-13,8.018
1994-08-14,8.658
1994-08-15,8.508
1994-08-16,8.128
1994-08-17,7.698
1994-08-18,7.528
1994-08-19,7.388
1994-08-20,7.058
1994-08-21,7.118
1994-08-22,7.168
1994-08-23,7.088
1994-08-24,7.318
1994-08-25,7.638
1994-08-26,7.448
1994-08-27,7.778
1994-08-28,7.528
1994-08-29,7.808
1994-08-30,7.338
1994-08-31,7.538
1994-09-01,7.828
1994-09-02,7.818
1994-09-03,7.358
1994-09-04,7.258
1994-09-05,7.278
1994-09-06,7.268
1994-09-07,6.838
1994-09-08,7.028
1994-09-10,7.288
1994-09-11,7.598
1994-09-12,7.728
1994-09-13,7.468
1994-09-14,7.608
1994-09-15,7.458
1994-09-16,8.208
1994-09-17,7.558
1994-09-18,7.378
1994-09-19,7.228
1994-09-20,7.128
1994-09-21,7.058
1994-09-22,6.988
1994-09-23,7.058
1994-09-24,7.008
1994-09-25,7.068
1994-09-26,6.948
1994-09-27,6.938
1994-09-28,6.918
1994-09-29,6.828
1994-09-30,6.798
1994-10-01,6.948
1994-10-03,7.098
1994-10-04,6.958
1994-10-05,7.138
1994-10-06,7.198
1994-10-07,7.088
1994-10-08,7.378
1994-10-09,7.518
1994-10-10,7.278
1994-10-11,7.238
1994-10-12,7.208
1994-10-13,7.108
1994-10-14,6.988
1994-10-15,6.978
1994-10-16,6.928
1994-10-17,6.888
1994-10-18,6.848
1994-10-19,6.848
1994-10-20,6.798
1994-10-21,6.808
1994-10-22,6.858
1994-10-23,6.818
1994-10-24,6.778
1994-10-25,6.778
1994-10-26,6.748
1994-10-27,6.758
1994-10-28,6.618
1994-10-29,6.738
1994-10-30,6.728
1994-10-31,6.728
1994-11-01,6.638
1994-11-02,6.728
1994-11-03,6.728
1994-11-04,6.738
1994-11-05,6.768
1994-11-06,6.698
1994-11-07,6.708
1994-11-08,6.748
1994-11-09,6.718
1994-11-10,6.978
1994-11-11,6.898
1994-11-12,6.848
1994-11-13,6.818
1994-11-14,6.808
1994-11-15,6.768
1994-11-16,6.758
1994-11-17,6.768
1994-11-18,6.758
1994-11-19,6.748
1994-11-20,6.748
1994-11-21,6.598
1994-11-22,6.378
1994-11-23,6.408
1994-11-24,6.678
1994-11-25,6.648
1994-11-26,6.668
1994-11-27,6.688
1994-11-28,6.558
1994-11-29,6.558
1994-11-30,6.618
1994-12-01,6.528
1994-12-02,6.508
1994-12-03,6.548
1994-12-04,6.548
1994-12-05,6.578
1994-12-06,6.518
1994-12-07,6.528
1994-12-08,6.518
1994-12-09,6.438
1994-12-10,6.688
1994-12-11,6.518
1994-12-12,6.498
1994-12-13,6.438
1994-12-14,6.558
1994-12-15,6.518
1994-12-16,6.538
1994-12-17,6.368
1994-12-18,6.338
1994-12-19,6.288
1994-12-20,6.278
1994-12-21,6.278
1994-12-22,6.268
1994-12-23,6.268
1994-12-24,6.108
1994-12-25,6.038
1994-12-26,6.088
1994-12-27,6.218
1994-12-28,6.248
1994-12-29,6.178
1994-12-30,6.238
1994-12-31,6.208
1995-01-01,6.218
1995-01-02,6.238
1995-01-03,6.078
1995-01-04,6.208
1995-01-05,6.108
1995-01-06,6.048
1995-01-07,6.118
1995-01-08,6.158
1995-01-09,6.178
1995-01-10,6.178
1995-01-11,6.168
1995-01-12,6.178
1995-01-13,6.348
1995-01-14,6.598
1995-01-15,6.718
1995-01-16,6.688
1995-01-17,6.528
1995-01-18,6.398
1995-01-19,6.248
1995-01-20,6.238
1995-01-21,6.358
1995-01-22,6.438
1995-01-23,6.418
1995-01-24,6.288
1995-01-25,6.378
1995-01-26,6.328
1995-01-27,6.258
1995-01-28,6.348
1995-01-29,6.308
1995-01-30,6.348
1995-01-31,6.378
1995-02-01,6.338
1995-02-02,6.298
1995-02-03,6.218
1995-02-04,6.358
1995-02-05,6.328
1995-02-06,6.608
1995-02-07,6.478
1995-02-08,6.378
1995-02-09,6.288
1995-02-10,6.268
1995-02-11,6.378
1995-02-12,6.338
1995-02-13,6.538
1995-02-14,6.368
1995-02-15,6.318
1995-02-16,6.638
1995-02-17,6.348
1995-02-18,6.268
1995-02-19,6.308
1995-02-20,6.368
1995-02-21,6.338
1995-02-22,6.308
1995-02-23,6.498
1995-02-24,6.578
1995-02-25,6.608
1995-02-26,6.528
1995-02-27,6.608
1995-02-28,6.568
1995-03-01,6.498
1995-03-02,6.578
1995-03-03,6.618
1995-03-04,6.398
1995-03-05,6.328
1995-03-06,6.408
1995-03-07,6.328
1995-03-08,6.328
1995-03-09,6.298
1995-03-10,6.318
1995-03-11,6.348
1995-03-12,6.398
1995-03-13,6.348
1995-03-14,6.298
1995-03-15,6.208
1995-03-16,6.178
1995-03-17,6.038
1995-03-18,6.128
1995-03-19,6.028
1995-03-20,5.968
1995-03-21,5.988
1995-03-22,6.208
1995-03-23,6.218
1995-03-24,6.188
1995-03-25,6.198
1995-03-26,6.298
1995-03-27,6.268
1995-03-28,6.388
1995-03-29,6.338
1995-03-30,6.258
1995-03-31,6.338
1995-04-01,6.428
1995-04-02,6.378
1995-04-03,6.418
1995-04-04,6.358
1995-04-05,6.308
1995-04-06,6.338
1995-04-07,6.288
1995-04-08,6.668
1995-04-09,6.618
1995-04-10,6.608
1995-04-11,6.698
1995-04-12,6.758
1995-04-13,6.748
1995-04-14,6.748
1995-04-15,6.748
1995-04-16,6.568
1995-04-17,6.588
1995-04-18,6.438
1995-04-19,6.568
1995-04-20,6.518
1995-04-21,6.648
1995-04-22,6.488
1995-04-23,6.398
1995-04-24,6.488
1995-04-25,6.518
1995-04-26,6.478
1995-04-27,6.418
1995-04-28,6.358
1995-04-29,6.378
1995-04-30,6.498
1995-05-01,6.418
1995-05-02,6.438
1995-05-03,6.448
1995-05-04,6.378
1995-05-05,6.428
1995-05-06,6.768
1995-05-07,6.728
1995-05-08,7.008
1995-05-09,6.328
1995-05-10,6.418
1995-05-11,6.558
1995-05-12,6.388
1995-05-13,6.408
1995-05-14,6.438
1995-05-15,6.618
1995-05-16,6.708
1995-05-17,7.088
1995-05-18,9.418
1995-05-19,8.428
1995-05-20,7.678
1995-05-21,7.418
1995-05-22,7.178
1995-05-23,7.168
1995-05-24,6.898
1995-05-25,6.838
1995-05-26,6.858
1995-05-27,6.808
1995-05-28,6.768
1995-05-29,6.678
1995-05-30,6.598
1995-05-31,6.578
1995-06-01,6.418
1995-06-02,6.208
1995-06-03,6.438
1995-06-04,6.478
1995-06-05,6.768
1995-06-06,6.448
1995-06-07,6.458
1995-06-08,6.888
1995-06-09,6.478
1995-06-10,6.198
1995-06-11,6.478
1995-06-12,6.818
1995-06-13,7.118
1995-06-14,7.658
1995-06-15,7.488
1995-06-16,7.128
1995-06-17,7.688
1995-06-18,10.218
1995-06-19,9.938
1995-06-20,9.258
1995-06-21,8.988
1995-06-22,8.538
1995-06-23,8.128
1995-06-24,7.638
1995-06-25,7.558
1995-06-26,7.398
1995-06-27,7.248
1995-06-28,7.228
1995-06-29,7.198
1995-06-30,7.128
1995-07-01,7.038
1995-07-02,7.078
1995-07-03,7.298
1995-07-04,8.208
1995-07-05,10.328
1995-07-06,11.028
1995-07-07,10.408
1995-07-08,9.758
1995-07-09,9.188
1995-07-10,8.848
1995-07-11,8.518
1995-07-12,8.268
1995-07-13,8.128
1995-07-14,7.948
1995-07-15,7.778
1995-07-16,7.638
1995-07-17,7.568
1995-07-18,7.428
1995-07-19,7.188
1995-07-20,7.088
1995-07-21,7.238
1995-07-22,7.098
1995-07-23,7.118
1995-07-24,7.018
1995-07-25,6.818
1995-07-26,6.608
1995-07-27,6.878
1995-07-28,7.438
1995-07-29,7.198
1995-07-30,7.198
1995-07-31,7.908
1995-08-01,7.728
1995-08-02,7.398
1995-08-03,7.588
1995-08-04,7.328
1995-08-05,7.428
1995-08-06,7.318
1995-08-07,7.248
1995-08-08,7.268
1995-08-09,7.488
1995-08-10,7.428
1995-08-11,7.348
1995-08-12,7.388
1995-08-13,9.548
1995-08-14,10.668
1995-08-15,10.488
1995-08-16,9.818
1995-08-17,9.398
1995-08-18,9.288
1995-08-19,9.858
1995-08-20,9.668
1995-08-21,9.568
1995-08-22,9.058
1995-08-23,8.758
1995-08-24,8.508
1995-08-25,8.388
1995-08-26,8.188
1995-08-27,8.038
1995-08-28,8.088
1995-08-29,8.258
1995-08-30,8.248
1995-08-31,8.318
1995-09-01,8.018
1995-09-02,8.188
1995-09-03,8.348
1995-09-04,7.988
1995-09-05,7.918
1995-09-06,7.868
1995-09-07,7.768
1995-09-08,7.658
1995-09-09,7.598
1995-09-10,7.628
1995-09-11,7.668
1995-09-12,7.568
1995-09-13,7.438
1995-09-14,7.368
1995-09-15,7.288
1995-09-16,7.258
1995-09-17,7.348
1995-09-18,7.358
1995-09-19,7.498
1995-09-20,7.488
1995-09-21,7.358
1995-09-22,7.258
1995-09-23,7.208
1995-09-24,6.918
1995-09-25,7.808
1995-09-26,7.998
1995-09-27,8.058
1995-09-28,7.828
1995-09-29,7.668
1995-09-30,7.568
1995-10-01,7.468
1995-10-02,7.388
1995-10-03,7.328
1995-10-04,7.448
1995-10-05,7.308
1995-10-06,7.308
1995-10-07,7.608
1995-10-08,7.388
1995-10-09,7.408
1995-10-10,7.358
1995-10-11,7.228
1995-10-12,7.158
1995-10-13,7.108
1995-10-14,7.088
1995-10-15,7.008
1995-10-16,6.978
1995-10-17,6.968
1995-10-18,6.948
1995-10-19,7.148
1995-10-20,7.168
1995-10-21,6.958
1995-10-22,7.008
1995-10-23,7.038
1995-10-24,7.028
1995-10-25,6.948
1995-10-26,6.918
1995-10-27,6.828
1995-10-28,6.888
1995-10-29,7.008
1995-10-30,6.888
1995-10-31,6.858
1995-11-01,6.828
1995-11-02,6.678
1995-11-03,6.818
1995-11-04,7.008
1995-11-05,6.748
1995-11-06,6.708
1995-11-07,6.778
1995-11-08,6.738
1995-11-09,6.768
1995-11-10,7.018
1995-11-11,7.908
1995-11-12,7.858
1995-11-13,7.538
1995-11-14,7.318
1995-11-15,7.188
1995-11-16,7.098
1995-11-17,7.048
1995-11-18,6.988
1995-11-19,6.988
1995-11-20,7.408
1995-11-21,7.238
1995-11-22,7.098
1995-11-23,7.038
1995-11-24,6.968
1995-11-25,6.988
1995-11-26,7.238
1995-11-27,7.028
1995-11-28,7.288
1995-11-29,7.118
1995-11-30,7.058
1995-12-01,7.018
1995-12-02,6.958
1995-12-03,7.038
1995-12-04,7.038
1995-12-05,6.868
1995-12-06,6.788
1995-12-07,6.688
1995-12-08,6.878
1995-12-09,6.938
1995-12-10,6.918
1995-12-11,6.868
1995-12-12,6.898
1995-12-13,6.848
1995-12-14,6.898
1995-12-15,6.838
1995-12-16,6.638
1995-12-17,6.798
1995-12-18,6.888
1995-12-19,6.868
1995-12-20,6.848
1995-12-21,6.878
1995-12-22,6.858
1995-12-23,6.858
1995-12-24,6.818
1995-12-25,6.878
1995-12-26,6.858
1995-12-27,6.868
1995-12-28,6.828
1995-12-29,6.598
1995-12-30,6.588
1995-12-31,6.778
1996-01-01,6.808
1996-01-02,6.678
1996-01-03,6.738
1996-01-04,6.508
1996-01-05,6.418
1996-01-06,6.588
1996-01-07,6.728
1996-01-08,6.678
1996-01-09,6.438
1996-01-10,6.538
1996-01-11,6.698
1996-01-12,6.768
1996-01-13,6.808
1996-01-14,6.438
1996-01-15,6.368
1996-01-16,6.698
1996-01-17,6.688
1996-01-18,6.668
1996-01-19,6.658
1996-01-20,6.668
1996-01-21,6.638
1996-01-22,6.378
1996-01-23,6.478
1996-01-24,6.378
1996-01-25,6.388
1996-01-26,6.508
1996-01-27,6.738
1996-01-28,6.588
1996-01-29,6.268
1996-01-30,6.338
1996-01-31,6.658
1996-02-01,6.478
1996-02-02,6.558
1996-02-03,6.608
1996-02-04,6.598
1996-02-05,6.568
1996-02-06,6.608
1996-02-07,6.548
1996-02-08,6.518
1996-02-09,6.628
1996-02-10,6.638
1996-02-11,6.708
1996-02-12,6.588
1996-02-13,6.608
1996-02-14,6.598
1996-02-15,6.558
1996-02-16,6.638
1996-02-17,6.438
1996-02-18,6.588
1996-02-19,6.538
1996-02-20,6.558
1996-02-21,6.508
1996-02-22,6.518
1996-02-23,6.388
1996-02-24,6.518
1996-02-25,6.608
1996-02-26,6.648
1996-02-27,6.448
1996-02-28,6.428
1996-02-29,6.478
1996-03-01,6.518
1996-03-02,6.368
1996-03-03,6.568
1996-03-04,6.468
1996-03-05,6.458
1996-03-06,6.688
1996-03-07,6.388
1996-03-08,6.438
1996-03-09,6.408
1996-03-10,6.468
1996-03-11,6.448
1996-03-12,6.458
1996-03-13,6.408
1996-03-14,6.398
1996-03-15,6.548
1996-03-16,6.458
1996-03-17,6.408
1996-03-18,6.498
1996-03-19,6.508
1996-03-20,6.428
1996-03-21,6.508
1996-03-22,6.538
1996-03-23,6.688
1996-03-24,6.658
1996-03-25,6.358
1996-03-26,6.528
1996-03-27,6.688
1996-03-28,7.338
1996-03-29,7.208
1996-03-30,7.148
1996-03-31,6.628
1996-04-01,6.448
1996-04-02,7.1240000000000006
1996-04-03,6.715999999999999
1996-04-04,6.537999999999999
1996-04-05,6.438
1996-04-06,6.696000000000001
1996-04-07,6.536
1996-04-08,6.56
1996-04-09,6.7219999999999995
1996-04-10,6.540000000000001
1996-04-11,6.4959999999999996
1996-04-12,6.5
1996-04-13,6.5760000000000005
1996-04-14,6.422
1996-04-15,6.434
1996-04-16,6.448
1996-04-17,6.35
1996-04-18,6.328
1996-04-19,6.522
1996-04-20,6.57
1996-04-21,6.478
1996-04-22,6.468000000000001
1996-04-23,6.632
1996-04-24,6.564
1996-04-25,6.836
1996-04-26,7.0
1996-04-27,7.18
1996-04-28,6.892
1996-04-29,6.76
1996-04-30,6.7299999999999995
1996-05-01,6.734
1996-05-02,6.6579999999999995
1996-05-03,6.698
1996-05-04,6.525999999999999
1996-05-05,6.444
1996-05-06,6.183999999999999
1996-05-07,6.558
1996-05-08,6.659999999999999
1996-05-09,6.702
1996-05-10,6.544
1996-05-11,6.468000000000001
1996-05-12,7.526000000000001
1996-05-13,7.998
1996-05-14,7.866
1996-05-15,8.426
1996-05-16,8.726
1996-05-17,7.81
1996-05-18,8.126
1996-05-19,7.766
1996-05-20,7.454000000000001
1996-05-21,7.194
1996-05-22,7.017999999999999
1996-05-23,6.938
1996-05-24,6.928
1996-05-25,6.892
1996-05-26,6.798
1996-05-27,6.808
1996-05-28,6.74
1996-05-29,7.688
1996-05-30,8.142
1996-05-31,8.526
1996-06-01,8.472
1996-06-02,8.908
1996-06-03,9.198
1996-06-04,8.926
1996-06-05,9.32
1996-06-06,8.718
1996-06-07,8.538
1996-06-08,8.49
1996-06-09,8.168000000000001
1996-06-10,7.8340000000000005
1996-06-11,7.608
1996-06-12,7.586
1996-06-13,7.593999999999999
1996-06-14,7.656000000000001
1996-06-15,7.140000000000001
1996-06-16,7.206
1996-06-17,7.2700000000000005
1996-06-18,7.154000000000001
1996-06-19,7.056
1996-06-20,7.01
1996-06-21,7.13
1996-06-22,8.303999999999998
1996-06-23,8.636
1996-06-24,8.528
1996-06-25,8.544
1996-06-26,9.212
1996-06-27,8.776
1996-06-28,8.3
1996-06-29,8.018
1996-06-30,7.914
1996-07-01,7.986
1996-07-02,9.408000000000001
1996-07-03,10.432
1996-07-04,10.110000000000001
1996-07-05,9.478
1996-07-06,8.962
1996-07-07,8.648
1996-07-08,8.308
1996-07-09,8.296000000000001
1996-07-10,8.042
1996-07-11,7.856
1996-07-12,7.75
1996-07-13,7.786
1996-07-14,7.596000000000001
1996-07-15,7.553999999999999
1996-07-16,7.590000000000001
1996-07-17,7.558
1996-07-18,7.37
1996-07-19,7.434
1996-07-20,7.476000000000001
1996-07-21,7.414
1996-07-22,7.382000000000001
1996-07-23,7.351999999999999
1996-07-24,7.128
1996-07-25,7.202000000000001
1996-07-26,7.2620000000000005
1996-07-27,7.448
1996-07-28,7.404000000000001
1996-07-29,7.388
1996-07-30,7.036
1996-07-31,8.836
1996-08-01,8.578
1996-08-02,8.216
1996-08-03,8.014
1996-08-04,7.795999999999999
1996-08-05,7.718000000000001
1996-08-06,7.614
1996-08-07,7.6
1996-08-08,7.837999999999999
1996-08-09,7.776000000000001
1996-08-10,7.62
1996-08-11,7.434
1996-08-12,7.494
1996-08-13,7.353999999999999
1996-08-14,7.494
1996-08-15,7.874
1996-08-16,7.962000000000001
1996-08-17,7.796000000000001
1996-08-18,7.606
1996-08-19,7.651999999999999
1996-08-20,7.618
1996-08-21,7.508
1996-08-22,7.306
1996-08-23,7.5
1996-08-24,7.098000000000001
1996-08-25,7.345999999999999
1996-08-26,7.244
1996-08-27,7.128
1996-08-28,7.103999999999999
1996-08-29,6.81
1996-08-30,6.803999999999999
1996-08-31,7.118
1996-09-01,7.186
1996-09-02,7.048
1996-09-03,6.882
1996-09-04,7.0840000000000005
1996-09-05,7.31
1996-09-06,7.2
1996-09-07,6.9799999999999995
1996-09-08,7.156000000000001
1996-09-09,7.351999999999999
1996-09-10,7.093999999999999
1996-09-11,7.302
1996-09-12,6.92
1996-09-13,6.984
1996-09-14,6.878
1996-09-15,6.868
1996-09-16,6.75
1996-09-17,6.9159999999999995
1996-09-18,7.114
1996-09-19,7.103999999999999
1996-09-20,7.053999999999999
1996-09-21,6.9879999999999995
1996-09-22,7.9079999999999995
1996-09-23,9.036
1996-09-24,8.364
1996-09-25,8.354
1996-09-26,8.138
1996-09-27,8.2
1996-09-28,8.272
1996-09-29,7.982000000000001
1996-09-30,7.82
1996-10-01,7.628
1996-10-02,7.468000000000001
1996-10-03,7.518000000000001
1996-10-04,8.278
1996-10-05,8.001999999999999
1996-10-06,8.196000000000002
1996-10-07,9.196000000000002
1996-10-08,8.654
1996-10-09,8.202
1996-10-10,7.970000000000001
1996-10-11,7.76
1996-10-12,7.596000000000001
1996-10-13,7.258
1996-10-14,7.33
1996-10-15,7.234
1996-10-16,7.159999999999999
1996-10-17,7.086
1996-10-18,6.968000000000001
1996-10-19,6.781999999999999
1996-10-20,6.946000000000001
1996-10-21,6.912000000000001
1996-10-22,6.959999999999999
1996-10-23,6.95
1996-10-24,6.906000000000001
1996-10-25,6.856
1996-10-26,6.853999999999999
1996-10-27,6.956
1996-10-28,7.164
1996-10-29,7.598000000000001
1996-10-30,8.616
1996-10-31,8.596
1996-11-01,8.274000000000001
1996-11-02,7.9159999999999995
1996-11-03,7.692
1996-11-04,7.514
1996-11-05,7.386
1996-11-06,7.314
1996-11-07,7.258
1996-11-08,7.318
1996-11-09,7.192
1996-11-10,7.128
1996-11-11,7.064
1996-11-12,7.058
1996-11-13,7.044
1996-11-14,7.006
1996-11-15,6.714
1996-11-16,6.8
1996-11-17,6.868
1996-11-18,6.9079999999999995
1996-11-19,6.8740000000000006
1996-11-20,6.906000000000001
1996-11-21,6.909999999999999
1996-11-22,6.9079999999999995
1996-11-23,6.906000000000001
1996-11-24,6.858
1996-11-25,6.904000000000001
1996-11-26,7.095999999999999
1996-11-27,7.0280000000000005
1996-11-28,6.938
1996-11-29,6.956
1996-11-30,6.922
1996-12-01,6.898
1996-12-02,6.918
1996-12-03,6.618
1996-12-04,6.738
1996-12-05,6.868
1996-12-06,6.818
1996-12-07,6.908
1996-12-08,6.908
1996-12-09,6.868
1996-12-10,6.878
1996-12-11,6.878
1996-12-12,6.798
1996-12-13,6.898
1996-12-14,6.858
1996-12-15,6.898
1996-12-16,6.898
1996-12-17,6.898
1996-12-18,6.828
1996-12-19,6.908
1996-12-20,6.738
1996-12-21,6.818
1996-12-22,6.838
1996-12-23,6.808
1996-12-24,6.828
1996-12-25,6.918
1996-12-26,6.698
1996-12-27,6.778
1996-12-28,6.728
1996-12-29,6.798
1996-12-30,6.808
1996-12-31,6.778
1997-01-01,6.748
1997-01-02,6.808
1997-01-03,6.788
1997-01-04,6.778
1997-01-05,6.808
1997-01-06,6.668
1997-01-07,6.798
1997-01-08,6.768
1997-01-09,6.798
1997-01-10,6.818
1997-01-11,6.758
1997-01-12,6.828
1997-01-13,6.808
1997-01-14,6.808
1997-01-15,6.758
1997-01-16,6.788
1997-01-17,6.748
1997-01-18,6.738
1997-01-19,6.768
1997-01-20,6.778
1997-01-21,6.798
1997-01-22,6.718
1997-01-23,6.818
1997-01-24,6.608
1997-01-25,6.778
1997-01-26,6.748
1997-01-27,6.788
1997-01-28,6.698
1997-01-29,6.708
1997-01-30,6.728
1997-01-31,6.738
1997-02-01,6.748
1997-02-02,6.808
1997-02-03,6.758
1997-02-04,6.768
1997-02-05,6.688
1997-02-06,6.848
1997-02-07,6.648
1997-02-08,6.768
1997-02-09,6.718
1997-02-10,6.768
1997-02-11,6.708
1997-02-12,6.768
1997-02-13,6.728
1997-02-14,6.798
1997-02-15,6.678
1997-02-16,6.738
1997-02-17,6.578
1997-02-18,6.668
1997-02-19,6.688
1997-02-20,6.698
1997-02-21,6.628
1997-02-22,6.798
1997-02-23,6.568
1997-02-24,6.548
1997-02-25,6.668
1997-02-26,6.708
1997-02-27,6.638
1997-02-28,6.608
1997-03-01,6.698
1997-03-02,6.648
1997-03-03,6.628
1997-03-04,6.528
1997-03-05,6.418
1997-03-06,6.408
1997-03-07,6.368
1997-03-08,6.348
1997-03-09,6.478
1997-03-10,6.678
1997-03-11,6.518
1997-03-12,6.518
1997-03-13,6.408
1997-03-14,6.388
1997-03-15,6.418
1997-03-16,6.468
1997-03-17,6.438
1997-03-18,6.498
1997-03-19,6.398
1997-03-20,6.478
1997-03-21,6.458
1997-03-22,6.628
1997-03-23,7.038
1997-03-24,7.008
1997-03-25,6.508
1997-03-26,6.368
1997-03-27,6.268
1997-03-28,6.338
1997-03-29,6.418
1997-03-30,6.458
1997-03-31,6.718
1997-04-01,6.6
1997-04-02,6.386
1997-04-03,6.702
1997-04-04,6.816
1997-04-05,6.6
1997-04-06,6.712000000000001
1997-04-07,6.742
1997-04-08,6.664
1997-04-09,6.586
1997-04-10,6.55
1997-04-11,6.51
1997-04-12,6.04
1997-04-13,6.634
1997-04-14,6.866
1997-04-15,6.686
1997-04-16,6.598000000000001
1997-04-17,6.202
1997-04-18,6.188
1997-04-19,6.362
1997-04-20,6.558
1997-04-21,6.43
1997-04-22,6.042
1997-04-23,6.566
1997-04-24,6.318
1997-04-25,6.004
1997-04-26,5.938000000000001
1997-04-27,6.182
1997-04-28,6.456
1997-04-29,6.366
1997-04-30,6.720000000000001
1997-05-01,6.572
1997-05-02,6.5120000000000005
1997-05-03,6.553999999999999
1997-05-04,6.486
1997-05-05,6.118
1997-05-06,6.088
1997-05-07,6.068
1997-05-08,6.17
1997-05-09,6.386
1997-05-10,6.244
1997-05-11,6.664
1997-05-12,6.967999999999999
1997-05-13,6.618
1997-05-14,6.39
1997-05-15,6.337999999999999
1997-05-16,6.308
1997-05-17,6.224
1997-05-18,6.21
1997-05-19,6.178
1997-05-20,6.206
1997-05-21,6.438
1997-05-22,6.786
1997-05-23,6.786
1997-05-24,7.32
1997-05-25,6.981999999999999
1997-05-26,6.738000000000001
1997-05-27,6.846000000000001
1997-05-28,6.7780000000000005
1997-05-29,7.57
1997-05-30,7.434
1997-05-31,7.114
1997-06-01,6.858
1997-06-02,6.696
1997-06-03,6.688
1997-06-04,6.968000000000001
1997-06-05,6.7780000000000005
1997-06-06,7.023999999999999
1997-06-07,7.878
1997-06-08,7.434
1997-06-09,7.448
1997-06-10,7.336
1997-06-11,7.638
1997-06-12,7.4
1997-06-13,7.140000000000001
1997-06-14,6.992
1997-06-15,6.938
1997-06-16,6.806
1997-06-17,6.798
1997-06-18,6.828
1997-06-19,6.836
1997-06-20,6.672
1997-06-21,8.436
1997-06-22,8.364
1997-06-23,8.144
1997-06-24,8.812000000000001
1997-06-25,9.616
1997-06-26,8.89
1997-06-27,8.232
1997-06-28,7.946000000000001
1997-06-29,8.364
1997-06-30,8.336
1997-07-01,9.392
1997-07-02,8.89
1997-07-03,8.234
1997-07-04,8.106
1997-07-05,7.803999999999999
1997-07-06,7.7
1997-07-07,7.644
1997-07-08,7.562
1997-07-09,7.816
1997-07-10,9.328
1997-07-11,10.92
1997-07-12,11.553999999999998
1997-07-13,11.808
1997-07-14,10.988
1997-07-15,10.274
1997-07-16,10.148
1997-07-17,9.7
1997-07-18,9.290000000000001
1997-07-19,8.914
1997-07-20,8.626000000000001
1997-07-21,9.126000000000001
1997-07-22,9.454
1997-07-23,9.266
1997-07-24,8.922
1997-07-25,8.658
1997-07-26,8.437999999999999
1997-07-27,8.78
1997-07-28,9.424000000000001
1997-07-29,9.59
1997-07-30,9.552
1997-07-31,9.258
1997-08-01,9.11
1997-08-02,9.474
1997-08-03,9.142
1997-08-04,8.934000000000001
1997-08-05,9.324
1997-08-06,9.014
1997-08-07,8.620000000000001
1997-08-08,8.379999999999999
1997-08-09,8.26
1997-08-10,8.632000000000001
1997-08-11,8.652000000000001
1997-08-12,8.547999999999998
1997-08-13,8.51
1997-08-14,9.274000000000001
1997-08-15,9.322
1997-08-16,8.858
1997-08-17,8.638
1997-08-18,8.964
1997-08-19,10.088
1997-08-20,10.078
1997-08-21,9.616
1997-08-22,9.258
1997-08-23,9.028
1997-08-24,8.858
1997-08-25,8.564
1997-08-26,8.428
1997-08-27,8.192
1997-08-28,8.175999999999998
1997-08-29,8.438
1997-08-30,8.547999999999998
1997-08-31,8.698
1997-09-01,8.628
1997-09-02,8.344
1997-09-03,8.094
1997-09-04,8.092
1997-09-05,8.47
1997-09-06,8.687999999999999
1997-09-07,8.708
1997-09-08,8.534
1997-09-09,8.334
1997-09-10,8.086
1997-09-11,7.896000000000001
1997-09-12,7.775999999999999
1997-09-13,7.728
1997-09-14,7.647999999999999
1997-09-15,7.574
1997-09-16,7.398000000000001
1997-09-17,7.514
1997-09-18,7.5760000000000005
1997-09-19,7.526000000000001
1997-09-20,7.442
1997-09-21,7.306
1997-09-22,7.037999999999999
1997-09-23,7.546000000000001
1997-09-24,7.536
1997-09-25,7.428
1997-09-26,7.290000000000001
1997-09-27,7.794
1997-09-28,9.092
1997-09-29,8.552
1997-09-30,8.516
1997-10-01,8.943999999999999
1997-10-02,8.538
1997-10-03,8.374
1997-10-04,8.06
1997-10-05,7.812
1997-10-06,7.636
1997-10-07,7.646000000000001
1997-10-08,7.758
1997-10-09,7.858
1997-10-10,7.82
1997-10-11,7.656000000000001
1997-10-12,7.537999999999999
1997-10-13,7.476000000000001
1997-10-14,7.438
1997-10-15,7.384
1997-10-16,7.345999999999999
1997-10-17,7.308
1997-10-18,7.279999999999999
1997-10-19,7.2299999999999995
1997-10-20,7.1819999999999995
1997-10-21,7.202
1997-10-22,7.122
1997-10-23,7.090000000000001
1997-10-24,6.7700000000000005
1997-10-25,6.846000000000001
1997-10-26,6.996
1997-10-27,6.93
1997-10-28,7.0120000000000005
1997-10-29,7.017999999999999
1997-10-30,6.99
1997-10-31,7.087999999999999
1997-11-01,7.0120000000000005
1997-11-02,6.994
1997-11-03,6.959999999999999
1997-11-04,6.986
1997-11-05,6.954000000000001
1997-11-06,6.942
1997-11-07,6.975999999999999
1997-11-08,6.968000000000001
1997-11-09,6.9079999999999995
1997-11-10,6.82
1997-11-11,6.8260000000000005
1997-11-12,6.812
1997-11-13,6.843999999999999
1997-11-14,6.6
1997-11-15,6.612
1997-11-16,6.678
1997-11-17,6.856
1997-11-18,6.616
1997-11-19,6.5
1997-11-20,6.558
1997-11-21,6.586
1997-11-22,6.498
1997-11-23,6.6
1997-11-24,6.5200000000000005
1997-11-25,6.614
1997-11-26,6.486
1997-11-27,6.644
1997-11-28,6.523999999999999
1997-11-29,6.642
1997-11-30,6.454000000000001
1997-12-01,6.524000000000001
1997-12-02,6.56
1997-12-03,6.5280000000000005
1997-12-04,6.590000000000001
1997-12-05,6.5680000000000005
1997-12-06,6.572
1997-12-07,6.426
1997-12-08,6.526000000000001
1997-12-09,6.448
1997-12-10,6.5280000000000005
1997-12-11,6.94
1997-12-12,7.3
1997-12-13,7.242
1997-12-14,6.982000000000001
1997-12-15,6.992
1997-12-16,6.948
1997-12-17,6.63
1997-12-18,6.792
1997-12-19,6.65
1997-12-20,6.872
1997-12-21,6.862
1997-12-22,6.886
1997-12-23,6.8740000000000006
1997-12-24,6.942
1997-12-25,6.958
1997-12-26,6.959999999999999
1997-12-27,6.948
1997-12-28,6.968000000000001
1997-12-29,6.944
1997-12-30,6.906000000000001
1997-12-31,6.894
1998-01-01,6.9079999999999995
1998-01-02,6.9079999999999995
1998-01-03,6.9079999999999995
1998-01-04,6.9319999999999995
1998-01-05,6.884
1998-01-06,6.862
1998-01-07,6.946000000000001
1998-01-08,6.93
1998-01-09,6.984
1998-01-10,7.036
1998-01-11,6.959999999999999
1998-01-12,6.8260000000000005
1998-01-13,6.9079999999999995
1998-01-14,6.9159999999999995
1998-01-15,6.956
1998-01-16,6.922
1998-01-17,6.87
1998-01-18,6.9159999999999995
1998-01-19,6.882000000000001
1998-01-20,6.944
1998-01-21,6.974000000000001
1998-01-22,7.036
1998-01-23,7.114
1998-01-24,6.994
1998-01-25,7.014
1998-01-26,6.968000000000001
1998-01-27,6.926
1998-01-28,6.912000000000001
1998-01-29,6.901999999999999
1998-01-30,6.958
1998-01-31,6.7620000000000005
1998-02-01,6.715999999999999
1998-02-02,6.803999999999999
1998-02-03,6.888
1998-02-04,6.824
1998-02-05,6.836
1998-02-06,6.83
1998-02-07,6.8420000000000005
1998-02-08,6.986
1998-02-09,6.508
1998-02-10,6.688
1998-02-11,6.768000000000001
1998-02-12,6.696000000000001
1998-02-13,6.787999999999999
1998-02-14,6.9239999999999995
1998-02-15,6.790000000000001
1998-02-16,6.564
1998-02-17,6.444
1998-02-18,6.632
1998-02-19,6.704000000000001
1998-02-20,6.803999999999999
1998-02-21,6.845999999999999
1998-02-22,6.764
1998-02-23,6.787999999999999
1998-02-24,6.720000000000001
1998-02-25,6.698
1998-02-26,6.954000000000001
1998-02-27,6.837999999999999
1998-02-28,6.502
1998-03-01,6.808
1998-03-02,6.720000000000001
1998-03-03,6.766
1998-03-04,6.723999999999999
1998-03-05,6.7379999999999995
1998-03-06,6.692
1998-03-07,6.720000000000001
1998-03-08,6.702
1998-03-09,6.728
1998-03-10,6.734
1998-03-11,6.702000000000001
1998-03-12,6.682
1998-03-13,6.732000000000001
1998-03-14,6.75
1998-03-15,6.581999999999999
1998-03-16,6.614
1998-03-17,6.684
1998-03-18,6.645999999999999
1998-03-19,6.596000000000001
1998-03-20,6.628
1998-03-21,6.774000000000001
1998-03-22,6.586
1998-03-23,6.798
1998-03-24,7.768000000000001
1998-03-25,7.452
1998-03-26,8.11
1998-03-27,7.452
1998-03-28,7.142
1998-03-29,7.0280000000000005
1998-03-30,6.936
1998-03-31,6.9239999999999995
1998-04-01,6.914
1998-04-02,6.824000000000001
1998-04-03,6.508
1998-04-04,6.51
1998-04-05,6.704000000000001
1998-04-06,6.653999999999999
1998-04-07,7.316
1998-04-08,7.048
1998-04-09,6.954000000000001
1998-04-10,6.912000000000001
1998-04-11,6.840000000000001
1998-04-12,6.764
1998-04-13,6.746
1998-04-14,6.534000000000001
1998-04-15,6.494
1998-04-16,6.572
1998-04-17,6.574
1998-04-18,6.92
1998-04-19,6.7379999999999995
1998-04-20,6.659999999999999
1998-04-21,6.651999999999999
1998-04-22,7.176
1998-04-23,8.416
1998-04-24,8.096
1998-04-25,7.8180000000000005
1998-04-26,7.601999999999999
1998-04-27,7.382000000000001
1998-04-28,7.529999999999999
1998-04-29,7.359999999999999
1998-04-30,7.206
1998-05-01,7.095999999999999
1998-05-02,6.854000000000001
1998-05-03,6.876
1998-05-04,6.828
1998-05-05,6.840000000000001
1998-05-06,7.209999999999999
1998-05-07,7.2219999999999995
1998-05-08,7.562
1998-05-09,7.37
1998-05-10,7.18
1998-05-11,7.05
1998-05-12,6.959999999999999
1998-05-13,6.845999999999999
1998-05-14,6.798
1998-05-15,6.767999999999999
1998-05-16,6.767999999999999
1998-05-17,6.768000000000001
1998-05-18,6.790000000000001
1998-05-19,6.7379999999999995
1998-05-20,6.708
1998-05-21,6.7379999999999995
1998-05-22,6.8260000000000005
1998-05-23,6.806
1998-05-24,6.7620000000000005
1998-05-25,7.867999999999999
1998-05-26,8.864
1998-05-27,8.831999999999999
1998-05-28,8.806000000000001
1998-05-29,9.447999999999999
1998-05-30,9.91
1998-05-31,9.342
1998-06-01,8.802
1998-06-02,8.53
1998-06-03,8.172
1998-06-04,8.714
1998-06-05,8.342
1998-06-06,8.056000000000001
1998-06-07,7.756
1998-06-08,7.548
1998-06-09,7.4079999999999995
1998-06-10,7.296000000000001
1998-06-11,7.156000000000001
1998-06-12,7.1659999999999995
1998-06-13,7.066
1998-06-14,7.064
1998-06-15,7.356
1998-06-16,7.298
1998-06-17,7.294
1998-06-18,7.148000000000001
1998-06-19,7.034000000000001
1998-06-20,6.884
1998-06-21,6.868
1998-06-22,6.93
1998-06-23,7.042
1998-06-24,7.031999999999999
1998-06-25,7.336
1998-06-26,7.118
1998-06-27,7.0760000000000005
1998-06-28,6.968000000000001
1998-06-29,6.888
1998-06-30,6.824
1998-07-01,6.787999999999999
1998-07-02,6.856
1998-07-03,6.864
1998-07-04,6.936
1998-07-05,7.016
1998-07-06,8.144
1998-07-07,8.744
1998-07-08,8.786
1998-07-09,8.181999999999999
1998-07-10,7.8
1998-07-11,7.8
1998-07-12,8.303999999999998
1998-07-13,9.334
1998-07-14,10.446
1998-07-15,11.059999999999999
1998-07-16,11.824000000000002
1998-07-17,11.826
1998-07-18,11.686000000000002
1998-07-19,11.466
1998-07-20,11.004
1998-07-21,10.65
1998-07-22,11.228
1998-07-23,11.5
1998-07-24,11.6
1998-07-25,11.284
1998-07-26,10.895999999999999
1998-07-27,10.508
1998-07-28,10.028
1998-07-29,9.620000000000001
1998-07-30,9.342
1998-07-31,9.08
1998-08-01,8.83
1998-08-02,8.758
1998-08-03,8.708
1998-08-04,8.812000000000001
1998-08-05,8.748
1998-08-06,8.53
1998-08-07,8.378
1998-08-08,8.232
1998-08-09,8.092
1998-08-10,7.959999999999999
1998-08-11,8.136
1998-08-12,8.17
1998-08-13,8.884
1998-08-14,8.712
1998-08-15,8.648
1998-08-16,8.526
1998-08-17,8.468
1998-08-18,8.431999999999999
1998-08-19,8.462
1998-08-20,8.508
1998-08-21,8.303999999999998
1998-08-22,8.175999999999998
1998-08-23,8.974
1998-08-24,8.794
1998-08-25,8.364
1998-08-26,8.178
1998-08-27,8.188
1998-08-28,8.120000000000001
1998-08-29,8.338
1998-08-30,8.636
1998-08-31,8.508
1998-09-01,8.578
1998-09-02,8.32
1998-09-03,8.138
1998-09-04,7.9879999999999995
1998-09-05,8.190000000000001
1998-09-06,8.290000000000001
1998-09-07,8.443999999999999
1998-09-08,8.284
1998-09-09,8.112
1998-09-10,8.006
1998-09-11,8.001999999999999
1998-09-12,7.960000000000001
1998-09-13,7.837999999999999
1998-09-14,7.859999999999999
1998-09-15,7.816
1998-09-16,7.6819999999999995
1998-09-17,8.026
1998-09-18,8.042
1998-09-19,7.868
1998-09-20,8.562000000000001
1998-09-21,9.193999999999999
1998-09-22,8.806000000000001
1998-09-23,8.416
1998-09-24,8.25
1998-09-25,8.294
1998-09-26,8.098
1998-09-27,7.978
1998-09-28,8.09
1998-09-29,8.382
1998-09-30,8.312000000000001
1998-10-01,8.26
1998-10-02,8.068000000000001
1998-10-03,7.970000000000001
1998-10-04,7.99
1998-10-05,8.012
1998-10-06,7.85
1998-10-07,7.758
1998-10-08,7.638
1998-10-09,7.496
1998-10-10,7.422
1998-10-11,7.366
1998-10-12,7.318
1998-10-13,7.287999999999999
1998-10-14,7.236
1998-10-15,7.208
1998-10-16,7.2
1998-10-17,7.2219999999999995
1998-10-18,7.1579999999999995
1998-10-19,7.15
1998-10-20,7.198
1998-10-21,7.178
1998-10-22,7.209999999999999
1998-10-23,7.198
1998-10-24,7.1739999999999995
1998-10-25,7.144
1998-10-26,7.1
1998-10-27,6.884
1998-10-28,6.831999999999999
1998-10-29,7.118
1998-10-30,7.1
1998-10-31,7.136
1998-11-01,7.06
1998-11-02,7.048
1998-11-03,7.026000000000001
1998-11-04,6.962000000000001
1998-11-05,6.87
1998-11-06,6.790000000000001
1998-11-07,6.918000000000001
1998-11-08,6.922
1998-11-09,6.956
1998-11-10,6.968000000000001
1998-11-11,6.994
1998-11-12,6.9239999999999995
1998-11-13,6.734
1998-11-14,6.888
1998-11-15,6.868
1998-11-16,6.878
1998-11-17,6.888
1998-11-18,6.9159999999999995
1998-11-19,6.816
1998-11-20,6.894
1998-11-21,6.884
1998-11-22,6.890000000000001
1998-11-23,7.831999999999999
1998-11-24,8.656
1998-11-25,8.012
1998-11-26,7.8260000000000005
1998-11-27,7.438
1998-11-28,7.3180000000000005
1998-11-29,7.218000000000001
1998-11-30,7.138
1998-12-01,7.093999999999999
1998-12-02,7.056
1998-12-03,7.017999999999999
1998-12-04,6.994
1998-12-05,6.978
1998-12-06,6.956
1998-12-07,6.948
1998-12-08,6.942
1998-12-09,6.9239999999999995
1998-12-10,6.918000000000001
1998-12-11,6.918000000000001
1998-12-12,6.9079999999999995
1998-12-13,6.904000000000001
1998-12-14,6.894
1998-12-15,6.968000000000001
1998-12-16,6.878
1998-12-17,6.868
1998-12-18,6.862
1998-12-19,6.7459999999999996
1998-12-20,6.67
1998-12-21,6.824
1998-12-22,6.843999999999999
1998-12-23,6.859999999999999
1998-12-24,6.816
1998-12-25,6.848000000000001
1998-12-26,6.837999999999999
1998-12-27,6.837999999999999
1998-12-28,6.837999999999999
1998-12-29,6.806
1998-12-30,6.802
1998-12-31,6.822
1999-01-01,6.828
1999-01-02,6.843999999999999
1999-01-03,6.837999999999999
1999-01-04,6.795999999999999
1999-01-05,6.845999999999999
1999-01-06,6.822
1999-01-07,6.792
1999-01-08,6.808
1999-01-09,6.812
1999-01-10,6.808
1999-01-11,6.802
1999-01-12,6.822
1999-01-13,6.802
1999-01-14,6.787999999999999
1999-01-15,6.7780000000000005
1999-01-16,6.7780000000000005
1999-01-17,6.781999999999999
1999-01-18,6.792
1999-01-19,6.9159999999999995
1999-01-20,6.794
1999-01-21,6.614
1999-01-22,6.7
1999-01-23,6.723999999999999
1999-01-24,6.7299999999999995
1999-01-25,6.684
1999-01-26,6.698
1999-01-27,6.714
1999-01-28,6.744
1999-01-29,6.742
1999-01-30,6.712000000000001
1999-01-31,6.712000000000001
1999-02-01,6.715999999999999
1999-02-02,6.692
1999-02-03,6.7299999999999995
1999-02-04,6.7
1999-02-05,6.728
1999-02-06,6.708
1999-02-07,6.704000000000001
1999-02-08,6.698
1999-02-09,6.706
1999-02-10,6.7219999999999995
1999-02-11,6.715999999999999
1999-02-12,6.69
1999-02-13,6.704000000000001
1999-02-14,6.702000000000001
1999-02-15,6.6819999999999995
1999-02-16,6.6739999999999995
1999-02-17,6.692
1999-02-18,6.645999999999999
1999-02-19,6.651999999999999
1999-02-20,6.6739999999999995
1999-02-21,6.651999999999999
1999-02-22,6.6739999999999995
1999-02-23,6.6739999999999995
1999-02-24,6.678
1999-02-25,6.684
1999-02-26,6.684
1999-02-27,6.65
1999-02-28,6.626
1999-03-01,6.664
1999-03-02,6.645999999999999
1999-03-03,6.634
1999-03-04,6.595999999999999
1999-03-05,6.556
1999-03-06,6.603999999999999
1999-03-07,6.601999999999999
1999-03-08,6.659999999999999
1999-03-09,6.836
1999-03-10,6.688
1999-03-11,6.601999999999999
1999-03-12,6.595999999999999
1999-03-13,6.57
1999-03-14,6.516
1999-03-15,6.544
1999-03-16,6.556
1999-03-17,6.568
1999-03-18,6.568
1999-03-19,6.572
1999-03-20,6.586
1999-03-21,6.618
1999-03-22,6.578
1999-03-23,6.574
1999-03-24,6.548
1999-03-25,6.542
1999-03-26,6.522
1999-03-27,6.462000000000001
1999-03-28,6.994
1999-03-29,6.7299999999999995
1999-03-30,6.5680000000000005
1999-03-31,6.406000000000001
1999-04-01,6.566
1999-04-02,6.648000000000001
1999-04-03,6.708
1999-04-04,6.5840000000000005
1999-04-05,6.184
1999-04-06,6.502
1999-04-07,6.504
1999-04-08,6.574
1999-04-09,6.792
1999-04-10,6.5920000000000005
1999-04-11,6.35
1999-04-12,6.236
1999-04-13,6.44
1999-04-14,6.534000000000001
1999-04-15,6.514
1999-04-16,6.498
1999-04-17,6.517999999999999
1999-04-18,6.478
1999-04-19,6.640000000000001
1999-04-20,6.5
1999-04-21,6.386
1999-04-22,6.4319999999999995
1999-04-23,6.488000000000001
1999-04-24,6.4799999999999995
1999-04-25,6.4239999999999995
1999-04-26,6.506
1999-04-27,6.446000000000001
1999-04-28,6.4
1999-04-29,6.516
1999-04-30,6.43
1999-05-01,6.458
1999-05-02,6.4799999999999995
1999-05-03,6.516
1999-05-04,6.436
1999-05-05,6.468000000000001
1999-05-06,6.478
1999-05-07,6.57
1999-05-08,6.992
1999-05-09,7.31
1999-05-10,6.998
1999-05-11,6.798
1999-05-12,6.773999999999999
1999-05-13,6.796000000000001
1999-05-14,7.496
1999-05-15,7.5120000000000005
1999-05-16,7.634
1999-05-17,8.122
1999-05-18,7.601999999999999
1999-05-19,7.294
1999-05-20,7.514
1999-05-21,7.492
1999-05-22,7.2780000000000005
1999-05-23,7.132
1999-05-24,7.029999999999999
1999-05-25,6.936
1999-05-26,6.836
1999-05-27,6.792
1999-05-28,6.779999999999999
1999-05-29,6.814
1999-05-30,6.8420000000000005
1999-05-31,7.314
1999-06-01,7.164
1999-06-02,6.992
1999-06-03,7.514
1999-06-04,7.378
1999-06-05,6.9719999999999995
1999-06-06,7.044
1999-06-07,7.244
1999-06-08,7.0920000000000005
1999-06-09,7.234
1999-06-10,6.904000000000001
1999-06-11,7.208
1999-06-12,7.118
1999-06-13,7.2540000000000004
1999-06-14,7.087999999999999
1999-06-15,6.95
1999-06-16,6.83
1999-06-17,6.784000000000001
1999-06-18,6.728
1999-06-19,6.709999999999999
1999-06-20,6.715999999999999
1999-06-21,6.787999999999999
1999-06-22,6.784000000000001
1999-06-23,6.954000000000001
1999-06-24,8.992
1999-06-25,9.34
1999-06-26,9.764
1999-06-27,10.02
1999-06-28,9.228
1999-06-29,8.57
1999-06-30,9.244
1999-07-01,10.586
1999-07-02,10.395999999999999
1999-07-03,9.728
1999-07-04,9.302
1999-07-05,8.808
1999-07-06,8.419999999999998
1999-07-07,8.14
1999-07-08,8.008
1999-07-09,7.840000000000001
1999-07-10,8.28
1999-07-11,10.544
1999-07-12,11.844
1999-07-13,12.14
1999-07-14,11.844
1999-07-15,11.286
1999-07-16,10.542
1999-07-17,10.026
1999-07-18,9.666
1999-07-19,9.437999999999999
1999-07-20,9.690000000000001
1999-07-21,9.836
1999-07-22,9.568000000000001
1999-07-23,9.342
1999-07-24,9.032
1999-07-25,8.732
1999-07-26,8.628
1999-07-27,8.666
1999-07-28,8.386
1999-07-29,8.242
1999-07-30,8.128
1999-07-31,7.956
1999-08-01,7.824
1999-08-02,7.878
1999-08-03,8.162
1999-08-04,7.892
1999-08-05,7.688
1999-08-06,7.632
1999-08-07,7.728
1999-08-08,7.536
1999-08-09,7.5
1999-08-10,7.58
1999-08-11,8.132
1999-08-12,8.086
1999-08-13,9.068000000000001
1999-08-14,9.453999999999999
1999-08-15,8.956
1999-08-16,8.654
1999-08-17,8.540000000000001
1999-08-18,8.43
1999-08-19,8.07
1999-08-20,7.948
1999-08-21,7.85
1999-08-22,7.8
1999-08-23,7.638
1999-08-24,7.5280000000000005
1999-08-25,7.470000000000001
1999-08-26,7.731999999999999
1999-08-27,7.81
1999-08-28,8.204
1999-08-29,8.506
1999-08-30,8.078
1999-08-31,7.994
1999-09-01,7.926
1999-09-02,7.748
1999-09-03,7.6
1999-09-04,7.668000000000001
1999-09-05,7.56
1999-09-06,7.498
1999-09-07,7.45
1999-09-08,7.562
1999-09-09,8.394
1999-09-10,9.096
1999-09-11,8.492
1999-09-12,8.272
1999-09-13,8.018
1999-09-14,7.848000000000001
1999-09-15,7.7219999999999995
1999-09-16,7.806
1999-09-17,7.725999999999999
1999-09-18,7.659999999999999
1999-09-19,7.608
1999-09-20,7.7
1999-09-21,7.859999999999999
1999-09-22,7.92
1999-09-23,8.245999999999999
1999-09-24,8.018
1999-09-25,7.878
1999-09-26,7.698
1999-09-27,7.590000000000001
1999-09-28,7.67
1999-09-29,7.773999999999999
1999-09-30,7.49
1999-10-01,7.7219999999999995
1999-10-02,7.646000000000001
1999-10-03,7.45
1999-10-04,7.484
1999-10-05,7.434
1999-10-06,7.378
1999-10-07,7.358
1999-10-08,7.267999999999999
1999-10-09,7.312
1999-10-10,8.108
1999-10-11,7.526000000000001
1999-10-12,7.337999999999999
1999-10-13,7.098000000000001
1999-10-14,7.1579999999999995
1999-10-15,7.144
1999-10-16,7.194
1999-10-17,7.08
1999-10-18,7.498
1999-10-19,8.862
1999-10-20,8.553999999999998
1999-10-21,8.574
1999-10-22,8.544
1999-10-23,8.262
1999-10-24,7.896000000000001
1999-10-25,7.6579999999999995
1999-10-26,7.508
1999-10-27,7.448
1999-10-28,7.42
1999-10-29,7.3420000000000005
1999-10-30,7.332000000000001
1999-10-31,7.308
1999-11-01,7.188
1999-11-02,7.018000000000001
1999-11-03,7.178
1999-11-04,7.052
1999-11-05,7.1579999999999995
1999-11-06,7.103999999999999
1999-11-07,7.068
1999-11-08,7.064
1999-11-09,7.002
1999-11-10,6.958
1999-11-11,6.958
1999-11-12,6.952000000000001
1999-11-13,6.9319999999999995
1999-11-14,6.888
1999-11-15,6.884
1999-11-16,6.958
1999-11-17,6.954000000000001
1999-11-18,6.938
1999-11-19,6.938
1999-11-20,6.938
1999-11-21,6.93
1999-11-22,6.866
1999-11-23,6.853999999999999
1999-11-24,6.837999999999999
1999-11-25,6.8340000000000005
1999-11-26,6.824
1999-11-27,6.878
1999-11-28,6.8740000000000006
1999-11-29,6.848000000000001
1999-11-30,6.848000000000001
1999-12-01,6.848000000000001
1999-12-02,6.837999999999999
1999-12-03,6.837999999999999
1999-12-04,6.828
1999-12-05,6.828
1999-12-06,6.837999999999999
1999-12-07,6.832000000000001
1999-12-08,6.824
1999-12-09,6.9079999999999995
1999-12-10,6.88
1999-12-11,6.802
1999-12-12,6.958
1999-12-13,7.008
1999-12-14,6.868
1999-12-15,6.82
1999-12-16,6.888
1999-12-17,6.866
1999-12-18,6.82
1999-12-19,6.843999999999999
1999-12-20,6.828
1999-12-21,6.818
1999-12-22,6.818
1999-12-23,6.828
1999-12-24,6.828
1999-12-25,6.837999999999999
1999-12-26,6.832000000000001
1999-12-27,6.803999999999999
1999-12-28,6.786
1999-12-29,6.8340000000000005
1999-12-30,6.818
1999-12-31,6.818
2000-01-01,6.808
2000-01-02,6.82
2000-01-03,6.88
2000-01-04,6.843999999999999
2000-01-05,6.8340000000000005
2000-01-06,6.814
2000-01-07,6.806
2000-01-08,6.802
2000-01-09,6.824
2000-01-10,6.818
2000-01-11,6.802
2000-01-12,6.787999999999999
2000-01-13,6.798
2000-01-14,6.7780000000000005
2000-01-15,6.784000000000001
2000-01-16,6.772
2000-01-17,6.776000000000001
2000-01-18,6.7700000000000005
2000-01-19,6.7700000000000005
2000-01-20,6.715999999999999
2000-01-21,6.772
2000-01-22,6.808
2000-01-23,6.792
2000-01-24,6.832000000000001
2000-01-25,6.859999999999999
2000-01-26,6.895999999999999
2000-01-27,6.85
2000-01-28,6.803999999999999
2000-01-29,6.796000000000001
2000-01-30,6.876
2000-01-31,6.808
2000-02-01,6.794
2000-02-02,6.76
2000-02-03,6.696000000000001
2000-02-04,6.609999999999999
2000-02-05,6.736
2000-02-06,7.106
2000-02-07,6.912000000000001
2000-02-08,6.8740000000000006
2000-02-09,6.859999999999999
2000-02-10,6.822
2000-02-11,6.786
2000-02-12,6.7540000000000004
2000-02-13,6.7299999999999995
2000-02-14,6.714
2000-02-15,6.720000000000001
2000-02-16,6.859999999999999
2000-02-17,6.554
2000-02-18,6.640000000000001
2000-02-19,6.728
2000-02-20,6.732000000000001
2000-02-21,6.688
2000-02-22,6.688
2000-02-23,6.723999999999999
2000-02-24,6.7219999999999995
2000-02-25,6.63
2000-02-26,6.668000000000001
2000-02-27,6.726000000000001
2000-02-28,6.75
2000-02-29,6.523999999999999
2000-03-01,6.609999999999999
2000-03-02,6.698
2000-03-03,6.694
2000-03-04,6.668000000000001
2000-03-05,6.659999999999999
2000-03-06,6.718000000000001
2000-03-07,6.709999999999999
2000-03-08,6.67
2000-03-09,6.645999999999999
2000-03-10,6.69
2000-03-11,6.715999999999999
2000-03-12,6.664
2000-03-13,6.925999999999999
2000-03-14,8.846
2000-03-15,8.99
2000-03-16,8.556000000000001
2000-03-17,7.986
2000-03-18,7.578
2000-03-19,7.401999999999999
2000-03-20,7.087999999999999
2000-03-21,6.948
2000-03-22,6.9319999999999995
2000-03-23,6.894
2000-03-24,6.840000000000001
2000-03-25,6.843999999999999
2000-03-26,6.81
2000-03-27,6.748
2000-03-28,6.736
2000-03-29,6.704000000000001
2000-03-30,6.720000000000001
2000-03-31,6.766
2000-04-01,6.696000000000001
2000-04-02,6.731999999999999
2000-04-03,6.7379999999999995
2000-04-04,6.738000000000001
2000-04-05,6.7299999999999995
2000-04-06,6.640000000000001
2000-04-07,6.636
2000-04-08,6.6
2000-04-09,6.704000000000001
2000-04-10,6.736
2000-04-11,6.709999999999999
2000-04-12,6.734
2000-04-13,7.087999999999999
2000-04-14,6.726000000000001
2000-04-15,6.63
2000-04-16,6.6579999999999995
2000-04-17,6.640000000000001
2000-04-18,6.651999999999999
2000-04-19,6.684
2000-04-20,6.688
2000-04-21,7.008
2000-04-22,6.93
2000-04-23,6.884
2000-04-24,6.948
2000-04-25,7.494
2000-04-26,7.936
2000-04-27,8.2
2000-04-28,8.534
2000-04-29,8.756
2000-04-30,8.384
2000-05-01,8.0
2000-05-02,9.126
2000-05-03,9.49
2000-05-04,8.746
2000-05-05,8.286
2000-05-06,7.938
2000-05-07,7.854000000000001
2000-05-08,7.612
2000-05-09,7.372
2000-05-10,7.345999999999999
2000-05-11,7.298
2000-05-12,7.362
2000-05-13,6.965999999999999
2000-05-14,7.095999999999999
2000-05-15,7.072
2000-05-16,7.108
2000-05-17,7.232000000000001
2000-05-18,7.126
2000-05-19,7.167999999999999
2000-05-20,8.48
2000-05-21,8.698
2000-05-22,8.501999999999999
2000-05-23,8.254
2000-05-24,8.128
2000-05-25,8.494
2000-05-26,8.952000000000002
2000-05-27,9.412
2000-05-28,9.894
2000-05-29,9.492
2000-05-30,9.056000000000001
2000-05-31,8.716
2000-06-01,8.574
2000-06-02,8.575999999999999
2000-06-03,8.382000000000001
2000-06-04,8.09
2000-06-05,8.132
2000-06-06,8.517999999999999
2000-06-07,8.506
2000-06-08,8.372
2000-06-09,8.23
2000-06-10,8.196
2000-06-11,8.825999999999999
2000-06-12,8.568000000000001
2000-06-13,8.486
2000-06-14,8.218
2000-06-15,8.492
2000-06-16,8.482
2000-06-17,8.372
2000-06-18,8.442
2000-06-19,8.164
2000-06-20,7.946000000000001
2000-06-21,8.225999999999999
2000-06-22,8.118
2000-06-23,8.152000000000001
2000-06-24,8.64
2000-06-25,9.786
2000-06-26,9.738
2000-06-27,9.436
2000-06-28,9.03
2000-06-29,8.846
2000-06-30,8.548
2000-07-01,8.288
2000-07-02,8.146
2000-07-03,7.948
2000-07-04,7.802
2000-07-05,7.688
2000-07-06,7.603999999999999
2000-07-07,7.5680000000000005
2000-07-08,7.640000000000001
2000-07-09,7.659999999999999
2000-07-10,7.529999999999999
2000-07-11,7.148000000000001
2000-07-12,7.436
2000-07-13,7.302
2000-07-14,7.052
2000-07-15,7.186
2000-07-16,7.366
2000-07-17,7.676
2000-07-18,7.406000000000001
2000-07-19,8.09
2000-07-20,8.802000000000001
2000-07-21,8.908
2000-07-22,8.540000000000001
2000-07-23,8.228
2000-07-24,7.776000000000001
2000-07-25,8.154
2000-07-26,7.85
2000-07-27,7.840000000000001
2000-07-28,7.648000000000001
2000-07-29,7.609999999999999
2000-07-30,7.428
2000-07-31,7.403999999999999
2000-08-01,7.708
2000-08-02,9.258
2000-08-03,10.508
2000-08-04,11.218
2000-08-05,10.768
2000-08-06,10.038
2000-08-07,9.348
2000-08-08,9.598
2000-08-09,9.608
2000-08-10,9.498
2000-08-11,9.348
2000-08-12,9.178
2000-08-13,9.008
2000-08-14,8.998
2000-08-15,8.788
2000-08-16,9.058
2000-08-17,10.518
2000-08-18,10.128
2000-08-19,9.588
2000-08-20,9.198
2000-08-21,8.858
2000-08-22,8.608
2000-08-23,8.398
2000-08-24,8.408
2000-08-25,8.448
2000-08-26,8.448
2000-08-27,8.718
2000-08-28,8.428
2000-08-29,8.248
2000-08-30,8.118
2000-08-31,8.068
2000-09-01,8.192
2000-09-02,8.184000000000001
2000-09-03,8.081999999999999
2000-09-04,8.328
2000-09-05,8.406
2000-09-06,8.172
2000-09-07,8.156
2000-09-08,7.88
2000-09-09,7.7700000000000005
2000-09-10,7.758
2000-09-11,7.7540000000000004
2000-09-12,7.706
2000-09-13,7.646000000000001
2000-09-14,7.57
2000-09-15,7.556
2000-09-16,7.496
2000-09-17,7.586
2000-09-18,7.696
2000-09-19,7.8
2000-09-20,7.593999999999999
2000-09-21,7.486
2000-09-22,7.406000000000001
2000-09-23,7.316
2000-09-24,7.418000000000001
2000-09-25,7.468000000000001
2000-09-26,7.4879999999999995
2000-09-27,7.890000000000001
2000-09-28,8.208
2000-09-29,7.7700000000000005
2000-09-30,7.616
2000-10-01,7.758
2000-10-02,7.840000000000001
2000-10-03,8.172
2000-10-04,8.778
2000-10-05,8.187999999999999
2000-10-06,8.024
2000-10-07,7.952
2000-10-08,7.888
2000-10-09,7.768000000000001
2000-10-10,7.638
2000-10-11,7.548
2000-10-12,7.478
2000-10-13,7.438
2000-10-14,7.378
2000-10-15,7.340000000000001
2000-10-16,6.976000000000001
2000-10-17,7.287999999999999
2000-10-18,7.824000000000001
2000-10-19,7.436
2000-10-20,7.328
2000-10-21,7.1659999999999995
2000-10-22,7.531999999999999
2000-10-23,7.552
2000-10-24,7.4319999999999995
2000-10-25,7.101999999999999
2000-10-26,7.287999999999999
2000-10-27,7.140000000000001
2000-10-28,7.928
2000-10-29,8.959999999999999
2000-10-30,8.348
2000-10-31,7.958
2000-11-01,7.68
2000-11-02,7.3740000000000006
2000-11-03,7.368
2000-11-04,7.266
2000-11-05,7.308
2000-11-06,7.308
2000-11-07,7.294
2000-11-08,7.26
2000-11-09,7.256
2000-11-10,7.268000000000001
2000-11-11,7.218000000000001
2000-11-12,7.215999999999999
2000-11-13,7.202
2000-11-14,7.147999999999999
2000-11-15,7.114
2000-11-16,7.093999999999999
2000-11-17,7.109999999999999
2000-11-18,7.103999999999999
2000-11-19,7.1240000000000006
2000-11-20,7.108
2000-11-21,7.103999999999999
2000-11-22,7.118
2000-11-23,7.114
2000-11-24,7.098000000000001
2000-11-25,7.13
2000-11-26,7.168000000000001
2000-11-27,7.0840000000000005
2000-11-28,7.106
2000-11-29,7.078
2000-11-30,7.134
2000-12-01,7.0840000000000005
2000-12-02,7.064
2000-12-03,7.078
2000-12-04,7.072
2000-12-05,7.0840000000000005
2000-12-06,7.087999999999999
2000-12-07,7.018000000000001
2000-12-08,7.062
2000-12-09,7.074
2000-12-10,7.052
2000-12-11,7.023999999999999
2000-12-12,6.984
2000-12-13,6.954000000000001
2000-12-14,6.959999999999999
2000-12-15,6.998
2000-12-16,6.968000000000001
2000-12-17,6.95
2000-12-18,6.964
2000-12-19,6.978
2000-12-20,6.958
2000-12-21,6.936
2000-12-22,6.934
2000-12-23,6.936
2000-12-24,6.853999999999999
2000-12-25,6.978
2000-12-26,6.988000000000001
2000-12-27,6.984
2000-12-28,6.959999999999999
2000-12-29,6.965999999999999
2000-12-30,6.984
2000-12-31,6.978
2001-01-01,6.9
2001-01-02,6.616
2001-01-03,6.828
2001-01-04,6.843999999999999
2001-01-05,6.814
2001-01-06,6.786
2001-01-07,6.684
2001-01-08,6.6659999999999995
2001-01-09,6.798
2001-01-10,6.773999999999999
2001-01-11,6.81
2001-01-12,6.766
2001-01-13,6.6240000000000006
2001-01-14,6.748
2001-01-15,6.712000000000001
2001-01-16,6.67
2001-01-17,6.709999999999999
2001-01-18,6.720000000000001
2001-01-19,6.731999999999999
2001-01-20,6.748
2001-01-21,6.746
2001-01-22,6.568
2001-01-23,6.640000000000001
2001-01-24,6.738000000000001
2001-01-25,6.744
2001-01-26,6.723999999999999
2001-01-27,6.718000000000001
2001-01-28,6.723999999999999
2001-01-29,6.856
2001-01-30,6.656000000000001
2001-01-31,6.58
2001-02-01,6.638
2001-02-02,6.645999999999999
2001-02-03,6.65
2001-02-04,6.704000000000001
2001-02-05,6.7
2001-02-06,6.708
2001-02-07,6.684
2001-02-08,6.678
2001-02-09,6.692
2001-02-10,6.704000000000001
2001-02-11,6.6819999999999995
2001-02-12,6.676
2001-02-13,6.468000000000001
2001-02-14,6.206
2001-02-15,6.0280000000000005
2001-02-16,5.99
2001-02-17,6.17
2001-02-18,6.098000000000001
2001-02-19,6.086
2001-02-20,6.1659999999999995
2001-02-21,6.037999999999999
2001-02-22,6.202
2001-02-23,6.156000000000001
2001-02-24,6.048
2001-02-25,6.168
2001-02-26,6.087999999999999
2001-02-27,6.18
2001-02-28,6.7219999999999995
2001-03-01,6.726000000000001
2001-03-02,6.198
2001-03-03,6.042
2001-03-04,5.994000000000001
2001-03-05,5.968
2001-03-06,5.965999999999999
2001-03-07,5.964
2001-03-08,6.58
2001-03-09,6.55
2001-03-10,6.578
2001-03-11,6.537999999999999
2001-03-12,6.896000000000001
2001-03-13,6.708
2001-03-14,6.696000000000001
2001-03-15,6.55
2001-03-16,6.529999999999999
2001-03-17,6.544
2001-03-18,6.544
2001-03-19,6.5760000000000005
2001-03-20,6.536
2001-03-21,6.5040000000000004
2001-03-22,6.488000000000001
2001-03-23,6.488000000000001
2001-03-24,6.5
2001-03-25,6.540000000000001
2001-03-26,6.540000000000001
2001-03-27,6.517999999999999
2001-03-28,6.55
2001-03-29,6.5200000000000005
2001-03-30,6.590000000000001
2001-03-31,6.768000000000001
2001-04-01,6.4799999999999995
2001-04-02,6.6
2001-04-03,6.504
2001-04-04,6.496
2001-04-05,6.486
2001-04-06,6.470000000000001
2001-04-07,6.502
2001-04-08,6.45
2001-04-09,6.51
2001-04-10,6.5280000000000005
2001-04-11,6.508
2001-04-12,6.502
2001-04-13,6.4719999999999995
2001-04-14,6.488000000000001
2001-04-15,6.5
2001-04-16,6.492
2001-04-17,6.5040000000000004
2001-04-18,6.548
2001-04-19,6.39
2001-04-20,6.476000000000001
2001-04-21,6.434
2001-04-22,6.458
2001-04-23,6.448
2001-04-24,6.434
2001-04-25,6.406000000000001
2001-04-26,6.31
2001-04-27,6.266
2001-04-28,6.21
2001-04-29,6.3420000000000005
2001-04-30,6.9239999999999995
2001-05-01,7.008
2001-05-02,6.816
2001-05-03,6.748
2001-05-04,7.496
2001-05-05,7.232000000000001
2001-05-06,7.184
2001-05-07,7.132
2001-05-08,7.087999999999999
2001-05-09,7.148000000000001
2001-05-10,7.116
2001-05-11,8.34
2001-05-12,7.796000000000001
2001-05-13,7.622
2001-05-14,7.298
2001-05-15,7.108
2001-05-16,7.052
2001-05-17,7.845999999999999
2001-05-18,7.17
2001-05-19,6.973999999999999
2001-05-20,6.948
2001-05-21,6.9879999999999995
2001-05-22,7.025999999999999
2001-05-23,8.004000000000001
2001-05-24,7.364
2001-05-25,7.172
2001-05-26,7.086
2001-05-27,7.002
2001-05-28,6.936
2001-05-29,6.812
2001-05-30,6.843999999999999
2001-05-31,6.794
2001-06-01,6.918000000000001
2001-06-02,6.9879999999999995
2001-06-03,6.9159999999999995
2001-06-04,7.0760000000000005
2001-06-05,7.220000000000001
2001-06-06,9.334
2001-06-07,9.778
2001-06-08,9.894
2001-06-09,10.331999999999999
2001-06-10,9.634
2001-06-11,8.892
2001-06-12,8.494
2001-06-13,8.218
2001-06-14,8.0
2001-06-15,8.081999999999999
2001-06-16,8.494
2001-06-17,8.496
2001-06-18,8.384
2001-06-19,8.33
2001-06-20,9.23
2001-06-21,9.042
2001-06-22,8.84
2001-06-23,8.511999999999999
2001-06-24,8.342
2001-06-25,8.042
2001-06-26,7.851999999999999
2001-06-27,7.696000000000001
2001-06-28,7.4879999999999995
2001-06-29,7.382
2001-06-30,7.356
2001-07-01,7.33
2001-07-02,7.446000000000001
2001-07-03,7.325999999999999
2001-07-04,7.1659999999999995
2001-07-05,7.087999999999999
2001-07-06,7.095999999999999
2001-07-07,7.087999999999999
2001-07-08,7.337999999999999
2001-07-09,7.55
2001-07-10,7.248
2001-07-11,7.101999999999999
2001-07-12,7.048
2001-07-13,7.114
2001-07-14,7.2
2001-07-15,7.2219999999999995
2001-07-16,7.1659999999999995
2001-07-17,7.048
2001-07-18,7.044
2001-07-19,6.768000000000001
2001-07-20,6.906000000000001
2001-07-21,7.209999999999999
2001-07-22,7.618
2001-07-23,7.4959999999999996
2001-07-24,7.18
2001-07-25,7.128
2001-07-26,7.048
2001-07-27,7.048
2001-07-28,7.214
2001-07-29,8.222
2001-07-30,9.256
2001-08-01,9.714
2001-08-02,9.774
2001-08-03,9.05
2001-08-04,8.474
2001-08-05,8.222
2001-08-06,8.379999999999999
2001-08-07,8.976
2001-08-08,8.496
2001-08-09,8.459999999999999
2001-08-10,8.468
2001-08-11,7.998
2001-08-12,7.806
2001-08-13,7.648000000000001
2001-08-14,7.720000000000001
2001-08-15,7.258
2001-08-16,7.302
2001-08-17,7.398000000000001
2001-08-18,7.353999999999999
2001-08-19,7.223999999999999
2001-08-20,7.544
2001-08-21,7.452
2001-08-22,6.878
2001-08-23,6.890000000000001
2001-08-24,7.087999999999999
2001-08-25,7.42
2001-08-26,7.422
2001-08-27,7.5280000000000005
2001-08-28,8.08
2001-08-29,7.896000000000001
2001-08-30,8.07
2001-09-01,7.890000000000001
2001-09-02,7.65
2001-09-03,7.748
2001-09-04,7.752
2001-09-05,7.622
2001-09-06,7.43
2001-09-07,7.376
2001-09-08,7.345999999999999
2001-09-09,7.295999999999999
2001-09-10,7.234
2001-09-11,7.2379999999999995
2001-09-12,7.176
2001-09-13,7.087999999999999
2001-09-14,7.016
2001-09-15,7.006
2001-09-16,7.109999999999999
2001-09-17,7.06
2001-09-18,7.304
2001-09-19,9.052
2001-09-20,9.358
2001-09-21,8.538
2001-09-22,8.228
2001-09-23,8.074000000000002
2001-09-24,7.736
2001-09-25,7.626
2001-09-26,7.572
2001-09-27,7.57
2001-09-28,7.708
2001-09-29,7.494
2001-09-30,7.2700000000000005
2001-10-01,7.286
2001-10-02,7.192
2001-10-03,7.3
2001-10-04,8.226
2001-10-05,8.47
2001-10-06,7.9719999999999995
2001-10-07,7.74
2001-10-08,7.473999999999999
2001-10-09,7.345999999999999
2001-10-10,7.279999999999999
2001-10-11,8.128
2001-10-12,7.494
2001-10-13,7.418000000000001
2001-10-14,7.281999999999999
2001-10-15,7.376
2001-10-16,7.3340000000000005
2001-10-17,7.474000000000001
2001-10-18,8.325999999999999
2001-10-19,9.114
2001-10-20,8.638
2001-10-21,8.198
2001-10-22,7.848000000000001
2001-10-23,7.708
2001-10-24,7.62
2001-10-25,7.4879999999999995
2001-10-26,7.384
2001-10-27,7.33
2001-10-28,7.836
2001-10-29,7.58
2001-10-30,7.44
2001-11-01,8.001999999999999
2001-11-02,7.958
2001-11-03,7.648000000000001
2001-11-04,7.468000000000001
2001-11-05,7.376
2001-11-06,7.268000000000001
2001-11-07,7.159999999999999
2001-11-08,7.0200000000000005
2001-11-09,7.345999999999999
2001-11-10,7.146000000000001
2001-11-11,7.1
2001-11-12,7.24
2001-11-13,8.258
2001-11-14,7.9079999999999995
2001-11-15,7.668000000000001
2001-11-16,7.508
2001-11-17,7.396000000000001
2001-11-18,7.298
2001-11-19,7.215999999999999
2001-11-20,7.184
2001-11-21,7.154000000000001
2001-11-22,7.122
2001-11-23,7.08
2001-11-24,7.044
2001-11-25,7.052
2001-11-26,7.034000000000001
2001-11-27,7.0040000000000004
2001-11-28,6.978
2001-11-29,6.970000000000001
2001-11-30,6.922
2001-12-01,6.892
2001-12-02,6.968000000000001
2001-12-03,6.973999999999999
2001-12-04,6.958
2001-12-05,6.944
2001-12-06,6.914
2001-12-07,6.895999999999999
2001-12-08,6.886
2001-12-09,6.9079999999999995
2001-12-10,6.9079999999999995
2001-12-11,6.914
2001-12-12,6.9079999999999995
2001-12-13,6.904000000000001
2001-12-14,6.888
2001-12-15,6.895999999999999
2001-12-16,6.892
2001-12-17,6.901999999999999
2001-12-18,6.884
2001-12-19,6.8740000000000006
2001-12-20,6.888
2001-12-21,6.888
2001-12-22,6.884
2001-12-23,6.894
2001-12-24,6.886
2001-12-25,6.882
2001-12-26,6.884
2001-12-27,6.872
2001-12-28,6.8340000000000005
2001-12-29,6.822
2001-12-30,6.818
2001-12-31,6.808
2002-01-01,6.790000000000001
2002-01-02,6.686
2002-01-03,6.636
2002-01-04,6.794
2002-01-05,6.720000000000001
2002-01-06,6.816
2002-01-07,6.836
2002-01-08,6.706
2002-01-09,6.766
2002-01-10,6.709999999999999
2002-01-11,6.824
2002-01-12,6.8420000000000005
2002-01-13,6.8
2002-01-14,6.744
2002-01-15,6.715999999999999
2002-01-16,6.752
2002-01-17,6.784000000000001
2002-01-18,6.748
2002-01-19,6.74
2002-01-20,6.704000000000001
2002-01-21,6.752
2002-01-22,6.772
2002-01-23,6.746
2002-01-24,6.795999999999999
2002-01-25,6.752
2002-01-26,6.748
2002-01-27,6.7540000000000004
2002-01-28,6.75
2002-01-29,6.790000000000001
2002-01-30,6.862
2002-01-31,6.82
2002-02-01,6.828
2002-02-02,6.708
2002-02-03,6.684
2002-02-04,6.731999999999999
2002-02-05,6.746
2002-02-06,6.7700000000000005
2002-02-07,6.704000000000001
2002-02-08,6.688
2002-02-09,6.686
2002-02-10,6.723999999999999
2002-02-11,6.692
2002-02-12,6.587999999999999
2002-02-13,6.542
2002-02-14,6.601999999999999
2002-02-15,6.590000000000001
2002-02-16,6.556
2002-02-17,6.767999999999999
2002-02-18,6.49
2002-02-19,6.553999999999999
2002-02-20,6.562
2002-02-21,6.587999999999999
2002-02-22,6.572
2002-02-23,6.603999999999999
2002-02-24,6.57
2002-02-25,6.494
2002-02-26,6.33
2002-02-27,6.476000000000001
2002-02-28,6.5040000000000004
2002-03-01,6.478
2002-03-02,6.481999999999999
2002-03-03,6.484
2002-03-04,6.465999999999999
2002-03-05,6.446000000000001
2002-03-06,6.438
2002-03-07,6.422
2002-03-08,6.3740000000000006
2002-03-09,6.376
2002-03-10,6.436
2002-03-11,6.45
2002-03-12,6.496
2002-03-13,6.43
2002-03-14,6.39
2002-03-15,6.364
2002-03-16,6.49
2002-03-17,6.409999999999999
2002-03-18,6.328
2002-03-19,6.278
2002-03-20,6.29
2002-03-21,6.362
2002-03-22,6.368
2002-03-23,6.368
2002-03-24,6.476000000000001
2002-03-25,6.366
2002-03-26,6.85
2002-03-27,6.596000000000001
2002-03-28,6.632000000000001
2002-03-29,6.772
2002-03-30,6.578
2002-03-31,6.486
2002-04-01,6.49
2002-04-02,6.468000000000001
2002-04-03,6.9879999999999995
2002-04-04,6.9719999999999995
2002-04-05,6.876
2002-04-06,6.5680000000000005
2002-04-07,6.5680000000000005
2002-04-08,6.458
2002-04-09,6.336
2002-04-10,6.288
2002-04-11,6.318
2002-04-12,6.531999999999999
2002-04-13,6.496
2002-04-14,6.358
2002-04-15,6.378
2002-04-16,6.398000000000001
2002-04-17,6.388
2002-04-18,6.322
2002-04-19,6.186
2002-04-20,6.358
2002-04-21,6.1899999999999995
2002-04-22,6.343999999999999
2002-04-23,6.13
2002-04-24,6.226000000000001
2002-04-25,6.215999999999999
2002-04-26,6.242
2002-04-27,6.298
2002-04-28,6.406000000000001
2002-04-29,6.358
2002-04-30,6.288
2002-05-01,6.279999999999999
2002-05-02,6.336
2002-05-03,6.268
2002-05-04,6.2219999999999995
2002-05-05,6.6579999999999995
2002-05-06,6.356
2002-05-07,7.453999999999999
2002-05-08,7.382
2002-05-09,7.426
2002-05-10,7.384
2002-05-11,7.031999999999999
2002-05-12,6.851999999999999
2002-05-13,6.768000000000001
2002-05-14,6.608
2002-05-15,6.5120000000000005
2002-05-16,6.448
2002-05-17,6.428
2002-05-18,6.382
2002-05-19,6.94
2002-05-20,6.536
2002-05-21,6.659999999999999
2002-05-22,6.651999999999999
2002-05-23,6.465999999999999
2002-05-24,7.734
2002-05-25,7.098000000000001
2002-05-26,6.958
2002-05-27,8.09
2002-05-28,7.994
2002-05-29,7.414
2002-05-30,7.114
2002-05-31,6.981999999999999
2002-06-01,7.192
2002-06-02,7.856
2002-06-03,7.922
2002-06-04,8.064
2002-06-05,7.5
2002-06-06,7.258
2002-06-07,7.13
2002-06-08,8.056000000000001
2002-06-09,8.959999999999999
2002-06-10,8.58
2002-06-11,8.078
2002-06-12,7.904000000000001
2002-06-13,7.909999999999999
2002-06-14,9.092
2002-06-15,9.164
2002-06-16,8.882
2002-06-17,8.459999999999999
2002-06-18,8.081999999999999
2002-06-19,7.781999999999999
2002-06-20,7.526000000000001
2002-06-21,7.358
2002-06-22,7.292
2002-06-23,7.24
2002-06-24,7.803999999999999
2002-06-25,8.158
2002-06-26,7.5280000000000005
2002-06-27,7.446000000000001
2002-06-28,7.35
2002-06-29,7.368
2002-06-30,7.478
2002-07-01,7.7219999999999995
2002-07-02,7.890000000000001
2002-07-03,7.962000000000001
2002-07-04,8.725999999999999
2002-07-05,8.565999999999999
2002-07-06,8.626000000000001
2002-07-07,8.776
2002-07-08,9.062000000000001
2002-07-09,9.49
2002-07-10,9.362
2002-07-11,9.384
2002-07-12,9.156
2002-07-13,8.809999999999999
2002-07-14,8.524
2002-07-15,8.266
2002-07-16,8.256
2002-07-17,8.842
2002-07-18,8.974
2002-07-19,8.564
2002-07-20,8.656
2002-07-21,8.832
2002-07-22,10.145999999999999
2002-07-23,10.592
2002-07-24,10.228
2002-07-25,10.02
2002-07-26,9.790000000000001
2002-07-27,9.376000000000001
2002-07-28,8.948
2002-07-29,8.948
2002-07-30,8.892
2002-07-31,8.758
2002-08-01,8.616
2002-08-02,8.594
2002-08-03,8.602
2002-08-04,8.448
2002-08-05,8.362
2002-08-06,8.154
2002-08-07,8.172
2002-08-08,8.422
2002-08-09,8.322
2002-08-10,8.266
2002-08-11,7.970000000000001
2002-08-12,7.926
2002-08-13,7.7379999999999995
2002-08-14,7.684
2002-08-15,7.872
2002-08-16,7.798
2002-08-17,7.678
2002-08-18,7.837999999999999
2002-08-19,8.192
2002-08-20,8.136
2002-08-21,7.978
2002-08-22,7.864
2002-08-23,7.894
2002-08-24,8.187999999999999
2002-08-25,8.18
2002-08-26,8.204
2002-08-27,8.388
2002-08-28,8.548
2002-08-29,8.608
2002-08-30,8.426
2002-08-31,8.148
2002-09-01,7.848000000000001
2002-09-02,7.7219999999999995
2002-09-03,7.537999999999999
2002-09-04,7.3420000000000005
2002-09-05,7.448
2002-09-06,7.401999999999999
2002-09-07,8.565999999999999
2002-09-08,8.122
2002-09-09,8.096
2002-09-10,8.654
2002-09-11,8.33
2002-09-12,8.156
2002-09-13,7.828
2002-09-14,7.618
2002-09-15,7.374
2002-09-16,7.436
2002-09-17,7.659999999999999
2002-09-18,7.516
2002-09-19,7.318
2002-09-20,7.25
2002-09-21,7.279999999999999
2002-09-22,7.396000000000001
2002-09-23,8.09
2002-09-24,7.708
2002-09-25,7.726000000000001
2002-09-26,7.608
2002-09-27,7.648000000000001
2002-09-28,7.922
2002-09-29,7.922
2002-09-30,7.806
2002-10-01,7.578
2002-10-02,7.558
2002-10-03,7.448
2002-10-04,7.348000000000001
2002-10-05,7.3260000000000005
2002-10-06,7.266
2002-10-07,7.118
2002-10-08,7.016
2002-10-09,7.0200000000000005
2002-10-10,7.098000000000001
2002-10-11,7.056
2002-10-12,7.017999999999999
2002-10-13,7.01
2002-10-14,6.968000000000001
2002-10-15,6.948
2002-10-16,7.062
2002-10-17,7.286
2002-10-18,7.07
2002-10-19,7.0280000000000005
2002-10-20,7.017999999999999
2002-10-21,7.086
2002-10-22,7.444
2002-10-23,7.128
2002-10-24,7.053999999999999
2002-10-25,7.018000000000001
2002-10-26,6.94
2002-10-27,6.894
2002-10-28,6.858
2002-10-29,6.781999999999999
2002-10-30,6.808
2002-10-31,6.728
2002-11-01,6.798
2002-11-02,6.712000000000001
2002-11-03,6.748
2002-11-04,6.738000000000001
2002-11-05,6.75
2002-11-06,6.772
2002-11-07,6.746
2002-11-08,6.68
2002-11-09,6.558
2002-11-10,6.598000000000001
2002-11-11,6.69
2002-11-12,6.779999999999999
2002-11-13,7.587999999999999
2002-11-14,7.626
2002-11-15,7.287999999999999
2002-11-16,7.066
2002-11-17,6.903999999999999
2002-11-18,6.840000000000001
2002-11-19,6.787999999999999
2002-11-20,6.678
2002-11-21,6.598000000000001
2002-11-22,6.696000000000001
2002-11-23,6.593999999999999
2002-11-24,6.62
2002-11-25,6.68
2002-11-26,6.6579999999999995
2002-11-27,6.654000000000001
2002-11-28,6.644
2002-11-29,6.608
2002-11-30,6.544
2002-12-01,6.516
2002-12-02,6.566
2002-12-03,6.586
2002-12-04,6.614
2002-12-05,6.578
2002-12-06,6.556
2002-12-07,6.546000000000001
2002-12-08,6.587999999999999
2002-12-09,6.5760000000000005
2002-12-10,6.552
2002-12-11,6.540000000000001
2002-12-12,6.608
2002-12-13,6.608
2002-12-14,6.640000000000001
2002-12-15,6.6579999999999995
2002-12-16,6.6579999999999995
2002-12-17,6.6579999999999995
2002-12-18,6.645999999999999
2002-12-19,6.6240000000000006
2002-12-20,6.618
2002-12-21,6.622
2002-12-22,6.634
2002-12-23,6.6579999999999995
2002-12-24,6.656000000000001
2002-12-25,6.656000000000001
2002-12-26,6.647999999999999
2002-12-27,6.644
2002-12-28,6.645999999999999
2002-12-29,6.651999999999999
2002-12-30,6.642
2002-12-31,6.638
2003-01-01,6.632
2003-01-02,6.616
2003-01-03,6.612
2003-01-04,6.626
2003-01-05,6.62
2003-01-06,6.595999999999999
2003-01-07,6.622
2003-01-08,6.593999999999999
2003-01-09,6.562
2003-01-10,6.545999999999999
2003-01-11,6.542
2003-01-12,6.529999999999999
2003-01-13,6.5120000000000005
2003-01-14,6.506
2003-01-15,6.534000000000001
2003-01-16,6.51
2003-01-17,6.484
2003-01-18,6.468000000000001
2003-01-19,6.462000000000001
2003-01-20,6.4719999999999995
2003-01-21,6.454000000000001
2003-01-22,6.4319999999999995
2003-01-23,6.414
2003-01-24,6.38
2003-01-25,6.382
2003-01-26,6.364
2003-01-27,6.382
2003-01-28,6.346
2003-01-29,6.4079999999999995
2003-01-30,6.3839999999999995
2003-01-31,6.178
2003-02-01,6.114
2003-02-02,6.12
2003-02-03,6.215999999999999
2003-02-04,6.192
2003-02-05,6.2299999999999995
2003-02-06,6.3660000000000005
2003-02-07,6.359999999999999
2003-02-08,6.36
2003-02-09,6.39
2003-02-10,6.337999999999999
2003-02-11,6.294
2003-02-12,6.322
2003-02-13,6.368
2003-02-14,6.498
2003-02-15,6.481999999999999
2003-02-16,6.454000000000001
2003-02-17,6.4239999999999995
2003-02-18,6.398
2003-02-19,6.4159999999999995
2003-02-20,6.4
2003-02-21,6.4319999999999995
2003-02-22,6.4319999999999995
2003-02-23,6.35
2003-02-24,6.33
2003-02-25,6.358
2003-02-26,6.356
2003-02-27,6.348
2003-02-28,6.348
2003-03-01,6.338
2003-03-02,6.304
2003-03-03,6.3340000000000005
2003-03-04,6.318
2003-03-05,6.324
2003-03-06,6.32
2003-03-07,6.354
2003-03-08,6.328
2003-03-09,6.31
2003-03-10,6.322
2003-03-11,6.322
2003-03-12,6.3340000000000005
2003-03-13,6.378
2003-03-14,6.646000000000001
2003-03-15,6.595999999999999
2003-03-16,6.5120000000000005
2003-03-17,6.529999999999999
2003-03-18,6.668000000000001
2003-03-19,6.587999999999999
2003-03-20,6.508
2003-03-21,6.418000000000001
2003-03-22,6.3740000000000006
2003-03-23,6.364
2003-03-24,6.343999999999999
2003-03-25,6.382
2003-03-26,6.364
2003-03-27,6.351999999999999
2003-03-28,6.354
2003-03-29,6.3420000000000005
2003-03-30,6.322
2003-03-31,6.4079999999999995
2003-04-01,7.096000000000001
2003-04-02,7.418000000000001
2003-04-03,7.078
2003-04-04,6.8180000000000005
2003-04-05,6.715999999999999
2003-04-06,6.614
2003-04-07,6.546000000000001
2003-04-08,6.368
2003-04-09,6.35
2003-04-10,6.4079999999999995
2003-04-11,6.404000000000001
2003-04-12,6.364
2003-04-13,6.348
2003-04-14,6.351999999999999
2003-04-15,6.358
2003-04-16,6.34
2003-04-17,6.302
2003-04-18,6.296
2003-04-19,6.7700000000000005
2003-04-20,6.438
2003-04-21,6.452
2003-04-22,6.888
2003-04-23,6.787999999999999
2003-04-24,6.768000000000001
2003-04-25,6.651999999999999
2003-04-26,6.486
2003-04-27,6.318
2003-04-28,6.248
2003-04-29,6.26
2003-04-30,6.372
2003-05-01,6.362
2003-05-02,6.354
2003-05-03,6.702
2003-05-04,7.348000000000001
2003-05-05,7.6
2003-05-06,7.948
2003-05-07,7.4799999999999995
2003-05-08,7.118
2003-05-09,6.926
2003-05-10,6.886
2003-05-11,6.734
2003-05-12,6.688
2003-05-13,6.608
2003-05-14,6.578
2003-05-15,6.552
2003-05-16,6.58
2003-05-17,6.55
2003-05-18,6.496
2003-05-19,6.4079999999999995
2003-05-20,6.414
2003-05-21,6.459999999999999
2003-05-22,6.481999999999999
2003-05-23,6.5200000000000005
2003-05-24,7.764
2003-05-25,7.078
2003-05-26,6.94
2003-05-27,7.406000000000001
2003-05-28,7.008
2003-05-29,7.356
2003-05-30,6.9799999999999995
2003-05-31,6.7780000000000005
2003-06-01,6.63
2003-06-02,6.574
2003-06-03,6.506
2003-06-04,6.434
2003-06-05,6.448
2003-06-06,7.248
2003-06-07,7.518000000000001
2003-06-08,8.562000000000001
2003-06-09,7.792
2003-06-10,8.094
2003-06-11,9.517999999999999
2003-06-12,10.052
2003-06-13,9.572
2003-06-14,8.848
2003-06-15,8.288
2003-06-16,8.218
2003-06-17,8.046
2003-06-18,7.806
2003-06-19,7.598000000000001
2003-06-20,7.446000000000001
2003-06-21,7.287999999999999
2003-06-22,8.666
2003-06-23,10.241999999999999
2003-06-24,9.838
2003-06-25,9.145999999999999
2003-06-26,8.77
2003-06-27,9.312000000000001
2003-06-28,9.708
2003-06-29,10.26
2003-06-30,11.452
2003-07-01,11.672
2003-07-02,11.162
2003-07-03,10.528
2003-07-04,10.016
2003-07-05,9.5
2003-07-06,9.15
2003-07-07,8.834
2003-07-08,8.522
2003-07-09,8.328
2003-07-10,8.126
2003-07-11,7.909999999999999
2003-07-12,7.832000000000001
2003-07-13,7.958
2003-07-14,8.638
2003-07-15,8.314
2003-07-16,8.262
2003-07-17,7.959999999999999
2003-07-18,7.906000000000001
2003-07-19,7.858
2003-07-20,7.581999999999999
2003-07-21,7.508
2003-07-22,7.496
2003-07-23,7.366
2003-07-24,7.1579999999999995
2003-07-25,6.973999999999999
2003-07-26,7.508
2003-07-27,7.306
2003-07-28,6.959999999999999
2003-07-29,7.096000000000001
2003-07-30,7.980000000000001
2003-07-31,8.458
2003-08-01,8.048
2003-08-02,7.746
2003-08-03,7.542
2003-08-04,7.465999999999999
2003-08-05,7.9319999999999995
2003-08-06,8.268
2003-08-07,8.018
2003-08-08,7.562
2003-08-09,7.462000000000001
2003-08-10,7.3340000000000005
2003-08-11,7.5840000000000005
2003-08-12,8.514
2003-08-13,8.104000000000001
2003-08-14,7.828
2003-08-15,7.58
2003-08-16,7.508
2003-08-17,7.486
2003-08-18,7.398000000000001
2003-08-19,7.215999999999999
2003-08-20,7.268000000000001
2003-08-21,7.218000000000001
2003-08-22,7.098000000000001
2003-08-23,6.9959999999999996
2003-08-24,6.93
2003-08-25,7.0200000000000005
2003-08-26,7.142
2003-08-27,7.5280000000000005
2003-08-28,6.851999999999999
2003-08-29,6.714
2003-08-30,6.862
2003-08-31,7.016
2003-09-01,6.892
2003-09-02,6.858
2003-09-03,6.876
2003-09-04,6.9159999999999995
2003-09-05,6.837999999999999
2003-09-06,6.7780000000000005
2003-09-07,6.99
2003-09-08,6.758
2003-09-09,7.026000000000001
2003-09-10,6.718000000000001
2003-09-11,6.572
2003-09-12,7.388
2003-09-13,7.159999999999999
2003-09-14,6.9799999999999995
2003-09-15,7.215999999999999
2003-09-16,7.26
2003-09-17,7.458
2003-09-18,7.268000000000001
2003-09-19,7.781999999999999
2003-09-20,7.845999999999999
2003-09-21,7.514
2003-09-22,7.45
2003-09-23,7.529999999999999
2003-09-24,7.648000000000001
2003-09-25,7.42
2003-09-26,7.378
2003-09-27,7.428
2003-09-28,7.603999999999999
2003-09-29,7.531999999999999
2003-09-30,7.306
2003-10-01,7.1579999999999995
2003-10-02,7.090000000000001
2003-10-03,7.314
2003-10-04,7.622
2003-10-05,7.38
2003-10-06,7.273999999999999
2003-10-07,7.194
2003-10-08,7.494
2003-10-09,7.9879999999999995
2003-10-10,8.1
2003-10-11,7.954000000000001
2003-10-12,7.914
2003-10-13,7.49
2003-10-14,7.345999999999999
2003-10-15,7.248
2003-10-16,7.156000000000001
2003-10-17,7.15
2003-10-18,7.2540000000000004
2003-10-19,7.18
2003-10-20,7.215999999999999
2003-10-21,7.098000000000001
2003-10-22,7.06
2003-10-23,6.9879999999999995
2003-10-24,6.895999999999999
2003-10-25,6.856
2003-10-26,6.836
2003-10-27,6.864
2003-10-28,6.831999999999999
2003-10-29,6.794
2003-10-30,6.7700000000000005
2003-10-31,6.790000000000001
2003-11-01,6.764
2003-11-02,6.742
2003-11-03,6.744
2003-11-04,6.748
2003-11-05,6.744
2003-11-06,6.752
2003-11-07,6.708
2003-11-08,6.632
2003-11-09,6.808
2003-11-10,6.76
2003-11-11,6.748
2003-11-12,6.764
2003-11-13,6.715999999999999
2003-11-14,6.68
2003-11-15,6.659999999999999
2003-11-16,6.709999999999999
2003-11-17,6.7
2003-11-18,6.6819999999999995
2003-11-19,6.6739999999999995
2003-11-20,6.686
2003-11-21,6.672
2003-11-22,6.668000000000001
2003-11-23,6.694
2003-11-24,6.6739999999999995
2003-11-25,6.662000000000001
2003-11-26,6.686
2003-11-27,6.6819999999999995
2003-11-28,6.668000000000001
2003-11-29,6.676
2003-11-30,6.644
2003-12-01,6.608
2003-12-02,6.582000000000001
2003-12-03,6.574
2003-12-04,6.609999999999999
2003-12-05,6.572
2003-12-06,6.612
2003-12-07,6.642
2003-12-08,6.601999999999999
2003-12-09,6.562
2003-12-10,6.608
2003-12-11,6.696000000000001
2003-12-12,6.662000000000001
2003-12-13,6.628
2003-12-14,6.590000000000001
2003-12-15,6.478
2003-12-16,6.459999999999999
2003-12-17,6.494
2003-12-18,6.552
2003-12-19,6.676
2003-12-20,7.63
2003-12-21,7.345999999999999
2003-12-22,7.074
2003-12-23,6.7780000000000005
2003-12-24,6.645999999999999
2003-12-25,6.6240000000000006
2003-12-26,6.601999999999999
2003-12-27,6.582000000000001
2003-12-28,6.564
2003-12-29,6.548
2003-12-30,6.486
2003-12-31,6.562
2004-01-01,6.531999999999999
2004-01-02,6.537999999999999
2004-01-03,6.508
2004-01-04,6.548
2004-01-05,6.595999999999999
2004-01-06,6.55
2004-01-07,6.523999999999999
2004-01-08,6.508
2004-01-09,6.5040000000000004
2004-01-10,6.578
2004-01-11,6.609999999999999
2004-01-12,6.540000000000001
2004-01-13,6.531999999999999
2004-01-14,6.514
2004-01-15,6.544
2004-01-16,6.5280000000000005
2004-01-17,6.516
2004-01-18,6.470000000000001
2004-01-19,6.516
2004-01-20,6.482000000000001
2004-01-21,6.4319999999999995
2004-01-22,6.462000000000001
2004-01-23,6.45
2004-01-24,6.412000000000001
2004-01-25,6.4239999999999995
2004-01-26,6.404000000000001
2004-01-27,6.38
2004-01-28,6.362
2004-01-29,6.394
2004-01-30,6.3740000000000006
2004-01-31,6.364
2004-02-01,6.338
2004-02-02,6.362
2004-02-03,6.42
2004-02-04,6.378
2004-02-05,6.37
2004-02-06,6.343999999999999
2004-02-07,6.34
2004-02-08,6.404000000000001
2004-02-09,6.38
2004-02-10,6.422
2004-02-11,6.392
2004-02-12,6.384
2004-02-13,6.434
2004-02-14,6.412000000000001
2004-02-15,6.382
2004-02-16,6.358
2004-02-17,6.3740000000000006
2004-02-18,6.401999999999999
2004-02-19,6.364
2004-02-20,6.346
2004-02-21,6.31
2004-02-22,6.278
2004-02-23,6.314
2004-02-24,6.298
2004-02-25,6.292
2004-02-26,6.304
2004-02-27,6.288
2004-02-28,6.318
2004-02-29,6.343999999999999
2004-03-01,6.351999999999999
2004-03-02,6.328
2004-03-03,6.304
2004-03-04,6.282
2004-03-05,6.311999999999999
2004-03-06,6.336
2004-03-07,6.351999999999999
2004-03-08,6.332
2004-03-09,6.304
2004-03-10,6.32
2004-03-11,6.465999999999999
2004-03-12,6.32
2004-03-13,6.354
2004-03-14,6.34
2004-03-15,6.37
2004-03-16,6.311999999999999
2004-03-17,6.343999999999999
2004-03-18,6.4079999999999995
2004-03-19,6.284000000000001
2004-03-20,6.302
2004-03-21,6.26
2004-03-22,6.25
2004-03-23,6.279999999999999
2004-03-24,6.228
2004-03-25,6.220000000000001
2004-03-26,6.25
2004-03-27,6.212000000000001
2004-03-28,6.223999999999999
2004-03-29,6.204000000000001
2004-03-30,6.192
2004-04-01,6.212000000000001
2004-04-02,6.212000000000001
2004-04-03,6.242
2004-04-04,6.362
2004-04-05,6.664
2004-04-06,6.558
2004-04-07,6.606
2004-04-08,6.57
2004-04-09,6.4239999999999995
2004-04-10,6.4719999999999995
2004-04-11,6.758
2004-04-12,6.816
2004-04-13,6.648000000000001
2004-04-14,6.614
2004-04-15,6.684
2004-04-16,6.628
2004-04-17,6.508
2004-04-18,6.4879999999999995
2004-04-19,6.69
2004-04-20,7.7780000000000005
2004-04-21,7.640000000000001
2004-04-22,7.093999999999999
2004-04-23,6.958
2004-04-24,7.006
2004-04-25,6.926
2004-04-26,6.768000000000001
2004-04-27,6.668000000000001
2004-04-28,6.598000000000001
2004-04-29,6.553999999999999
2004-04-30,6.5040000000000004
2004-05-01,6.454000000000001
2004-05-02,6.398000000000001
2004-05-03,6.2700000000000005
2004-05-04,6.093999999999999
2004-05-05,6.168
2004-05-06,6.258
2004-05-07,6.246
2004-05-08,6.24
2004-05-09,6.337999999999999
2004-05-10,6.258
2004-05-11,6.278
2004-05-12,6.298
2004-05-13,6.273999999999999
2004-05-14,6.246
2004-05-15,6.087999999999999
2004-05-16,6.286
2004-05-17,6.228
2004-05-18,6.14
2004-05-19,6.266
2004-05-20,6.5680000000000005
2004-05-21,6.462000000000001
2004-05-22,7.124
2004-05-23,7.308
2004-05-24,8.184000000000001
2004-05-25,7.564
2004-05-26,7.318
2004-05-27,6.959999999999999
2004-05-28,6.882000000000001
2004-05-29,6.994
2004-05-30,7.034000000000001
2004-05-31,6.948
2004-06-01,6.848000000000001
2004-06-02,6.744
2004-06-03,6.938
2004-06-04,7.874
2004-06-05,7.465999999999999
2004-06-06,7.048
2004-06-07,7.0760000000000005
2004-06-08,7.008
2004-06-09,6.7299999999999995
2004-06-10,6.6579999999999995
2004-06-11,6.709999999999999
2004-06-12,7.928
2004-06-13,7.968000000000001
2004-06-14,7.587999999999999
2004-06-15,7.290000000000001
2004-06-16,7.2299999999999995
2004-06-17,6.970000000000001
2004-06-18,6.87
2004-06-19,7.062
2004-06-20,7.002
2004-06-21,9.086
2004-06-22,10.74
2004-06-23,11.032
2004-06-24,10.85
2004-06-25,11.802
2004-06-26,11.504
2004-06-27,10.806000000000001
2004-06-28,10.181999999999999
2004-06-29,9.658
2004-06-30,9.07
2004-07-01,8.696
2004-07-02,8.298
2004-07-03,8.116
2004-07-04,7.898000000000001
2004-07-05,7.720000000000001
2004-07-06,7.688
2004-07-07,7.736
2004-07-08,8.348
2004-07-09,8.846
2004-07-10,9.062000000000001
2004-07-11,9.022
2004-07-12,8.644
2004-07-13,8.294
2004-07-14,8.048
2004-07-15,7.888
2004-07-16,7.868
2004-07-17,7.734
2004-07-18,7.626
2004-07-19,8.98
2004-07-20,9.196000000000002
2004-07-21,9.514
2004-07-22,8.988
2004-07-23,9.008
2004-07-24,8.818000000000001
2004-07-25,8.748000000000001
2004-07-26,8.4
2004-07-27,8.642
2004-07-28,8.368
2004-07-29,8.068000000000001
2004-07-30,8.008
2004-07-31,7.978
2004-08-01,7.634
2004-08-02,7.366
2004-08-03,7.596000000000001
2004-08-04,7.456
2004-08-05,7.390000000000001
2004-08-06,7.474000000000001
2004-08-07,7.38
2004-08-08,7.178
2004-08-09,7.1659999999999995
2004-08-10,7.048
2004-08-11,6.948
2004-08-12,6.918000000000001
2004-08-13,6.956
2004-08-14,6.94
2004-08-15,6.956
2004-08-16,6.9
2004-08-17,6.878
2004-08-18,6.698
2004-08-19,6.638
2004-08-20,6.696000000000001
2004-08-21,7.3180000000000005
2004-08-22,7.093999999999999
2004-08-23,6.996
2004-08-24,6.9079999999999995
2004-08-25,6.858
2004-08-26,6.864
2004-08-27,6.92
2004-08-28,6.8740000000000006
2004-08-29,6.882000000000001
2004-08-30,7.328
2004-08-31,7.220000000000001
2004-09-01,7.198
2004-09-02,7.08
2004-09-03,7.01
2004-09-04,7.0920000000000005
2004-09-05,7.016
2004-09-06,6.965999999999999
2004-09-07,6.9159999999999995
2004-09-08,6.897999999999999
2004-09-09,6.876
2004-09-10,6.806
2004-09-11,6.906000000000001
2004-09-12,7.198
2004-09-13,10.042
2004-09-14,11.530000000000001
2004-09-15,11.912
2004-09-16,11.424
2004-09-17,10.666
2004-09-18,10.25
2004-09-19,9.806000000000001
2004-09-20,9.292
2004-09-21,9.084
2004-09-22,8.852
2004-09-23,9.238
2004-09-24,8.958
2004-09-25,8.693999999999999
2004-09-26,8.4
2004-09-27,8.16
2004-09-28,8.136
2004-09-29,8.744
2004-09-30,8.598
2004-10-01,8.33
2004-10-02,8.028
2004-10-03,7.851999999999999
2004-10-04,8.024000000000001
2004-10-05,7.704000000000001
2004-10-06,7.736
2004-10-07,8.208
2004-10-08,8.428
2004-10-09,8.586
2004-10-10,8.348
2004-10-11,8.028
2004-10-12,7.779999999999999
2004-10-13,7.688
2004-10-14,7.598000000000001
2004-10-15,7.856
2004-10-16,9.186
2004-10-17,8.778
2004-10-18,8.297999999999998
2004-10-19,7.992
2004-10-20,7.768000000000001
2004-10-21,7.587999999999999
2004-10-22,7.409999999999999
2004-10-23,7.318
2004-10-24,7.302
2004-10-25,7.290000000000001
2004-10-26,7.196000000000001
2004-10-27,7.116
2004-10-28,7.118
2004-10-29,7.186
2004-10-30,7.008
2004-10-31,6.88
2004-11-01,6.8740000000000006
2004-11-02,6.8180000000000005
2004-11-03,6.702000000000001
2004-11-04,6.664
2004-11-05,6.628
2004-11-06,6.608
2004-11-07,6.603999999999999
2004-11-08,6.593999999999999
2004-11-09,6.587999999999999
2004-11-10,6.586
2004-11-11,6.574
2004-11-12,6.568
2004-11-13,6.553999999999999
2004-11-14,6.544
2004-11-15,6.537999999999999
2004-11-16,6.537999999999999
2004-11-17,6.5280000000000005
2004-11-18,6.5280000000000005
2004-11-19,6.517999999999999
2004-11-20,6.5200000000000005
2004-11-21,6.556
2004-11-22,6.5040000000000004
2004-11-23,6.488000000000001
2004-11-24,6.5
2004-11-25,6.5280000000000005
2004-11-26,6.581999999999999
2004-11-27,6.5120000000000005
2004-11-28,6.545999999999999
2004-11-29,6.537999999999999
2004-11-30,6.531999999999999
2004-12-01,6.5040000000000004
2004-12-02,6.498
2004-12-03,6.514
2004-12-04,6.508
2004-12-05,6.542
2004-12-06,6.534000000000001
2004-12-07,6.516
2004-12-08,6.502
2004-12-09,6.481999999999999
2004-12-10,6.516
2004-12-11,6.51
2004-12-12,6.516
2004-12-13,6.536
2004-12-14,6.484
2004-12-15,6.5040000000000004
2004-12-16,6.498
2004-12-17,6.488000000000001
2004-12-18,6.492
2004-12-19,6.492
2004-12-20,6.5040000000000004
2004-12-21,6.488000000000001
2004-12-22,6.522
2004-12-23,6.508
2004-12-24,6.488000000000001
2004-12-25,6.488000000000001
2004-12-26,6.49
2004-12-27,6.494
2004-12-28,6.492
2004-12-29,6.523999999999999
2004-12-30,6.508
2004-12-31,6.502
2005-01-01,6.494
2005-01-02,6.546000000000001
2005-01-03,6.5120000000000005
2005-01-04,6.508
2005-01-05,6.502
2005-01-06,6.488000000000001
2005-01-07,6.508
2005-01-08,6.523999999999999
2005-01-09,6.5120000000000005
2005-01-10,6.5040000000000004
2005-01-11,6.492
2005-01-12,6.488000000000001
2005-01-13,6.502
2005-01-14,6.506
2005-01-15,6.484
2005-01-16,6.468000000000001
2005-01-17,6.464
2005-01-18,6.492
2005-01-19,6.4799999999999995
2005-01-20,6.45
2005-01-21,6.434
2005-01-22,6.414
2005-01-23,6.401999999999999
2005-01-24,6.384
2005-01-25,6.378
2005-01-26,6.382
2005-01-27,6.4079999999999995
2005-01-28,6.401999999999999
2005-01-29,6.392
2005-01-30,6.378
2005-01-31,6.378
2005-02-01,6.368
2005-02-02,6.362
2005-02-03,6.356
2005-02-04,6.348
2005-02-05,6.343999999999999
2005-02-06,6.332
2005-02-07,6.322
2005-02-08,6.318
2005-02-09,6.318
2005-02-10,6.318
2005-02-11,6.308
2005-02-12,6.304
2005-02-13,6.298
2005-02-14,6.302
2005-02-15,6.308
2005-02-16,6.298
2005-02-17,6.294
2005-02-18,6.288
2005-02-19,6.288
2005-02-20,6.294
2005-02-21,6.308
2005-02-22,6.302
2005-02-23,6.298
2005-02-24,6.298
2005-02-25,6.288
2005-02-26,6.290000000000001
2005-02-27,6.304
2005-02-28,6.294
2005-03-01,6.282
2005-03-02,6.278
2005-03-03,6.290000000000001
2005-03-04,6.308
2005-03-05,6.292
2005-03-06,6.288
2005-03-07,6.282
2005-03-08,6.278
2005-03-09,6.278
2005-03-10,6.268
2005-03-11,6.258
2005-03-12,6.262
2005-03-13,6.288
2005-03-14,6.288
2005-03-15,6.302
2005-03-16,6.302
2005-03-17,6.288
2005-03-18,6.288
2005-03-19,6.278
2005-03-20,6.282
2005-03-21,6.290000000000001
2005-03-22,6.298
2005-03-23,6.3100000000000005
2005-03-24,7.7219999999999995
2005-03-25,7.6739999999999995
2005-03-26,7.568
2005-03-27,7.392
2005-03-28,7.38
2005-03-29,7.5280000000000005
2005-03-30,7.138
2005-03-31,7.042
2005-04-01,7.134
2005-04-02,6.886
2005-04-03,6.6659999999999995
2005-04-04,6.4879999999999995
2005-04-05,6.382
2005-04-06,6.276
2005-04-07,6.248
2005-04-08,6.256
2005-04-09,6.286
2005-04-10,6.25
2005-04-11,6.664
2005-04-12,6.718000000000001
2005-04-13,6.529999999999999
2005-04-14,6.384
2005-04-15,6.354
2005-04-16,6.328
2005-04-17,6.304
2005-04-18,6.288
2005-04-19,6.284000000000001
2005-04-20,6.262
2005-04-21,6.244000000000001
2005-04-22,6.238
2005-04-23,6.234
2005-04-24,6.223999999999999
2005-04-25,6.224
2005-04-26,6.258
2005-04-27,6.3100000000000005
2005-04-28,6.470000000000001
2005-04-29,7.422
2005-04-30,7.414
2005-05-01,6.718000000000001
2005-05-02,6.5280000000000005
2005-05-03,6.388
2005-05-04,6.308
2005-05-05,6.238
2005-05-06,6.328
2005-05-07,6.684
2005-05-08,6.618
2005-05-09,6.83
2005-05-10,8.678
2005-05-11,7.942
2005-05-12,7.178
2005-05-13,7.072
2005-05-14,6.904000000000001
2005-05-15,6.938
2005-05-16,7.622
2005-05-17,7.072
2005-05-18,7.178
2005-05-19,7.116
2005-05-20,7.087999999999999
2005-05-21,7.258
2005-05-22,7.2780000000000005
2005-05-23,7.642
2005-05-24,7.540000000000001
2005-05-25,7.912000000000001
2005-05-26,8.086
2005-05-27,7.4879999999999995
2005-05-28,7.168000000000001
2005-05-29,6.976000000000001
2005-05-30,6.748
2005-05-31,6.608
2005-06-01,6.6
2005-06-02,6.553999999999999
2005-06-03,6.492
2005-06-04,6.508
2005-06-05,6.954000000000001
2005-06-06,6.856
2005-06-07,6.58
2005-06-08,6.4879999999999995
2005-06-09,6.428
2005-06-10,6.448
2005-06-11,6.536
2005-06-12,6.438
2005-06-13,6.409999999999999
2005-06-14,6.436
2005-06-15,6.758
2005-06-16,7.252
2005-06-17,6.786
2005-06-18,6.668000000000001
2005-06-19,6.566
2005-06-20,6.426
2005-06-21,6.226000000000001
2005-06-22,6.252000000000001
2005-06-23,6.2
2005-06-24,6.531999999999999
2005-06-25,6.468000000000001
2005-06-26,6.57
2005-06-27,6.798
2005-06-28,6.7379999999999995
2005-06-29,6.614
2005-06-30,6.6579999999999995
2005-07-01,7.648000000000001
2005-07-02,7.596000000000001
2005-07-03,7.608
2005-07-04,7.406000000000001
2005-07-05,7.458
2005-07-06,7.422
2005-07-07,7.3420000000000005
2005-07-08,7.4239999999999995
2005-07-09,6.9319999999999995
2005-07-10,6.808
2005-07-11,6.872
2005-07-12,6.845999999999999
2005-07-13,7.118
2005-07-14,7.178
2005-07-15,7.694
2005-07-16,8.034
2005-07-17,7.718000000000001
2005-07-18,7.328
2005-07-19,7.145999999999999
2005-07-20,7.01
2005-07-21,7.114
2005-07-22,7.286
2005-07-23,7.206
2005-07-24,7.114
2005-07-25,7.0760000000000005
2005-07-26,7.202
2005-07-27,6.968000000000001
2005-07-28,6.8260000000000005
2005-07-29,6.746
2005-07-30,6.656000000000001
2005-07-31,6.5280000000000005
2005-08-01,6.456
2005-08-02,6.522
2005-08-03,6.9159999999999995
2005-08-04,6.892
2005-08-05,6.68
2005-08-06,6.9
2005-08-07,8.55
2005-08-08,8.378
2005-08-09,8.302
2005-08-10,8.453999999999999
2005-08-11,8.95
2005-08-12,8.464
2005-08-13,7.973999999999999
2005-08-14,7.57
2005-08-15,7.292
2005-08-16,7.093999999999999
2005-08-17,6.9879999999999995
2005-08-18,6.888
2005-08-19,6.812
2005-08-20,6.790000000000001
2005-08-21,7.008
2005-08-22,7.35
2005-08-23,8.522
2005-08-24,8.622
2005-08-25,8.690000000000001
2005-08-26,8.815999999999999
2005-08-27,8.334
2005-08-28,7.903999999999999
2005-08-29,7.698
2005-08-30,7.49
2005-08-31,7.412000000000001
2005-09-01,7.340000000000001
2005-09-02,7.328
2005-09-03,7.434
2005-09-04,7.286
2005-09-05,7.236
2005-09-06,7.2299999999999995
2005-09-07,7.226000000000001
2005-09-08,7.26
2005-09-09,7.228
2005-09-10,7.244
2005-09-11,8.096
2005-09-12,7.554
2005-09-13,7.698
2005-09-14,7.87
2005-09-15,7.904000000000001
2005-09-16,7.438
2005-09-17,7.348000000000001
2005-09-18,7.684
2005-09-19,7.542
2005-09-20,7.8
2005-09-21,8.87
2005-09-22,8.196000000000002
2005-09-23,7.928
2005-09-24,8.142
2005-09-25,8.048
2005-09-26,7.854000000000001
2005-09-27,7.578
2005-09-28,7.328
2005-09-29,8.274
2005-09-30,8.882
2005-10-01,8.422
2005-10-02,8.328
2005-10-03,8.118
2005-10-04,7.862
2005-10-05,7.726000000000001
2005-10-06,7.529999999999999
2005-10-07,7.287999999999999
2005-10-08,7.148000000000001
2005-10-09,7.053999999999999
2005-10-10,7.008
2005-10-11,7.138
2005-10-12,7.045999999999999
2005-10-13,6.88
2005-10-14,6.8
2005-10-15,6.7540000000000004
2005-10-16,6.734
2005-10-17,6.706
2005-10-18,6.656000000000001
2005-10-19,6.628
2005-10-20,6.58
2005-10-21,6.558
2005-10-22,6.626
2005-10-23,7.202
2005-10-24,7.9719999999999995
2005-10-25,7.554
2005-10-26,7.231999999999999
2005-10-27,7.151999999999999
2005-10-28,7.087999999999999
2005-10-29,6.9159999999999995
2005-10-30,6.843999999999999
2005-10-31,6.828
2005-11-01,6.792
2005-11-02,6.779999999999999
2005-11-03,6.74
2005-11-04,6.686
2005-11-05,6.634
2005-11-06,6.593999999999999
2005-11-07,6.572
2005-11-08,6.552
2005-11-09,6.537999999999999
2005-11-10,6.531999999999999
2005-11-11,6.5280000000000005
2005-11-12,6.523999999999999
2005-11-13,6.517999999999999
2005-11-14,6.514
2005-11-15,6.508
2005-11-16,6.502
2005-11-17,6.498
2005-11-18,6.488000000000001
2005-11-19,6.488000000000001
2005-11-20,6.484
2005-11-21,6.478
2005-11-22,6.478
2005-11-23,6.468000000000001
2005-11-24,6.468000000000001
2005-11-25,6.468000000000001
2005-11-26,6.458
2005-11-27,6.458
2005-11-28,6.448
2005-11-29,6.448
2005-11-30,6.448
2005-12-01,6.442
2005-12-02,6.438
2005-12-03,6.438
2005-12-04,6.434
2005-12-05,6.428
2005-12-06,6.418000000000001
2005-12-07,6.388
2005-12-08,6.4079999999999995
2005-12-09,6.4239999999999995
2005-12-10,6.418000000000001
2005-12-11,6.401999999999999
2005-12-12,6.38
2005-12-13,6.343999999999999
2005-12-14,6.314
2005-12-15,6.288
2005-12-16,6.278
2005-12-17,6.286
2005-12-18,6.36
2005-12-19,6.332
2005-12-20,6.3660000000000005
2005-12-21,6.38
2005-12-22,6.398
2005-12-23,6.409999999999999
2005-12-24,6.444
2005-12-25,6.43
2005-12-26,6.482000000000001
2005-12-27,6.448
2005-12-28,6.404000000000001
2005-12-29,6.394
2005-12-30,6.428
2005-12-31,6.462000000000001
2006-01-01,6.428
2006-01-02,6.4159999999999995
2006-01-03,6.382
2006-01-04,6.358
2006-01-05,6.358
2006-01-06,6.348
2006-01-07,6.348
2006-01-08,6.343999999999999
2006-01-09,6.338
2006-01-10,6.332
2006-01-11,6.328
2006-01-12,6.324
2006-01-13,6.318
2006-01-14,6.314
2006-01-15,6.308
2006-01-16,6.308
2006-01-17,6.298
2006-01-18,6.294
2006-01-19,6.288
2006-01-20,6.288
2006-01-21,6.282
2006-01-22,6.278
2006-01-23,6.276
2006-01-24,6.268
2006-01-25,6.268
2006-01-26,6.268
2006-01-27,6.258
2006-01-28,6.258
2006-01-29,6.2700000000000005
2006-01-30,6.356
2006-01-31,6.3
2006-02-01,6.273999999999999
2006-02-02,6.343999999999999
2006-02-03,6.306
2006-02-04,6.25
2006-02-05,6.226
2006-02-06,6.252000000000001
2006-02-07,6.232
2006-02-08,6.223999999999999
2006-02-09,6.212000000000001
2006-02-10,6.208
2006-02-11,6.198
2006-02-12,6.21
2006-02-13,6.24
2006-02-14,6.208
2006-02-15,6.202
2006-02-16,6.21
2006-02-17,6.202
2006-02-18,6.188
2006-02-19,6.196
2006-02-20,6.204000000000001
2006-02-21,6.183999999999999
2006-02-22,6.154
2006-02-23,6.144
2006-02-24,6.132
2006-02-25,6.145999999999999
2006-02-26,6.14
2006-02-27,6.151999999999999
2006-02-28,6.138
2006-03-01,6.176
2006-03-02,6.256
2006-03-03,6.178
2006-03-04,6.13
2006-03-05,6.116
2006-03-06,6.18
2006-03-07,6.12
2006-03-08,6.172
2006-03-09,6.134
2006-03-10,6.162000000000001
2006-03-11,6.148000000000001
2006-03-12,6.14
2006-03-13,6.12
2006-03-14,6.09
2006-03-15,6.1
2006-03-16,6.138
2006-03-17,6.132
2006-03-18,6.138
2006-03-19,6.162000000000001
2006-03-20,6.1
2006-03-21,6.1
2006-03-22,6.101999999999999
2006-03-23,6.101999999999999
2006-03-24,6.11
2006-03-25,6.088
2006-03-26,6.08
2006-03-27,6.054
2006-03-28,6.08
2006-03-29,6.052
2006-03-30,6.042
2006-03-31,6.05
2006-04-01,6.064
2006-04-02,6.066
2006-04-03,6.088
2006-04-04,6.1259999999999994
2006-04-05,6.787999999999999
2006-04-06,6.906000000000001
2006-04-07,6.874
2006-04-08,6.601999999999999
2006-04-09,6.456
2006-04-10,6.337999999999999
2006-04-11,6.248
2006-04-12,6.16
2006-04-13,6.101999999999999
2006-04-14,6.07
2006-04-15,6.02
2006-04-16,5.978
2006-04-17,5.928
2006-04-18,6.07
2006-04-19,6.16
2006-04-20,6.042
2006-04-21,5.998
2006-04-22,5.924
2006-04-23,5.908
2006-04-24,5.895999999999999
2006-04-25,5.878
2006-04-26,5.882
2006-04-27,5.9
2006-04-28,5.843999999999999
2006-04-29,5.808
2006-04-30,5.744000000000001
2006-05-01,5.786
2006-05-02,5.776
2006-05-03,5.776000000000001
2006-05-04,5.906000000000001
2006-05-05,5.856
2006-05-06,5.818
2006-05-07,5.878
2006-05-08,5.978
2006-05-09,5.998
2006-05-10,5.952
2006-05-11,5.9879999999999995
2006-05-12,6.840000000000001
2006-05-13,7.476000000000001
2006-05-14,7.053999999999999
2006-05-15,6.896000000000001
2006-05-16,6.828
2006-05-17,6.514
2006-05-18,6.364
2006-05-19,6.268
2006-05-20,6.162
2006-05-21,5.944
2006-05-22,5.92
2006-05-23,5.906000000000001
2006-05-24,5.894
2006-05-25,5.928
2006-05-26,5.9399999999999995
2006-05-27,6.4799999999999995
2006-05-28,8.931999999999999
2006-05-29,8.841999999999999
2006-05-30,9.344
2006-05-31,9.214
2006-06-01,9.086
2006-06-02,9.626000000000001
2006-06-03,9.594
2006-06-04,9.25
2006-06-05,8.59
2006-06-06,8.192
2006-06-07,7.9
2006-06-08,7.624
2006-06-09,7.522
2006-06-10,7.8260000000000005
2006-06-11,9.722
2006-06-12,9.084
2006-06-13,8.402
2006-06-14,9.017999999999999
2006-06-15,9.378
2006-06-16,9.062000000000001
2006-06-17,8.73
2006-06-18,8.888
2006-06-19,8.364
2006-06-20,8.072
2006-06-21,7.902000000000001
2006-06-22,8.522
2006-06-23,8.09
2006-06-24,7.692
2006-06-25,7.640000000000001
2006-06-26,7.5760000000000005
2006-06-27,7.478
2006-06-28,7.394
2006-06-29,7.3740000000000006
2006-06-30,7.359999999999999
2006-07-01,7.412000000000001
2006-07-02,7.601999999999999
2006-07-03,7.398000000000001
2006-07-04,7.1659999999999995
2006-07-05,7.153999999999999
2006-07-06,7.2299999999999995
2006-07-07,7.336
2006-07-08,7.622
2006-07-09,8.338
2006-07-10,8.239999999999998
2006-07-11,8.306000000000001
2006-07-12,8.245999999999999
2006-07-13,7.773999999999999
2006-07-14,7.468000000000001
2006-07-15,7.328
2006-07-16,7.231999999999999
2006-07-17,7.176
2006-07-18,7.156000000000001
2006-07-19,7.126
2006-07-20,7.056
2006-07-21,6.964
2006-07-22,6.938
2006-07-23,6.93
2006-07-24,6.884
2006-07-25,6.856
2006-07-26,6.698
2006-07-27,6.478
2006-07-28,6.396
2006-07-29,6.392
2006-07-30,6.338
2006-07-31,6.3340000000000005
2006-08-01,6.356
2006-08-02,6.442
2006-08-03,6.337999999999999
2006-08-04,6.304
2006-08-05,6.306
2006-08-06,6.5840000000000005
2006-08-07,6.574000000000001
2006-08-08,6.764
2006-08-09,6.884
2006-08-10,7.664
2006-08-11,7.587999999999999
2006-08-12,7.3759999999999994
2006-08-13,7.368
2006-08-14,7.128
2006-08-15,7.037999999999999
2006-08-16,6.956
2006-08-17,6.888
2006-08-18,6.812
2006-08-19,6.76
2006-08-20,6.748
2006-08-21,6.824
2006-08-22,6.959999999999999
2006-08-23,6.744
2006-08-24,6.786
2006-08-25,6.866
2006-08-26,6.962000000000001
2006-08-27,6.768000000000001
2006-08-28,6.7379999999999995
2006-08-29,7.314
2006-08-30,7.498
2006-08-31,7.146000000000001
2006-09-01,6.837999999999999
2006-09-02,6.728
2006-09-03,6.6579999999999995
2006-09-04,6.756
2006-09-05,6.656000000000001
2006-09-06,6.4879999999999995
2006-09-07,6.426
2006-09-08,6.358
2006-09-09,6.3420000000000005
2006-09-10,6.508
2006-09-11,6.684
2006-09-12,7.0
2006-09-13,6.859999999999999
2006-09-14,6.5920000000000005
2006-09-15,6.608
2006-09-16,8.302
2006-09-17,7.406000000000001
2006-09-18,7.058
2006-09-19,6.956
2006-09-20,7.046000000000001
2006-09-21,7.054
2006-09-22,7.144
2006-09-23,8.074
2006-09-24,8.09
2006-09-25,7.8420000000000005
2006-09-26,7.468000000000001
2006-09-27,7.19
2006-09-28,7.098000000000001
2006-09-29,6.996
2006-09-30,6.928
2006-10-01,7.279999999999999
2006-10-02,7.087999999999999
2006-10-03,7.006
2006-10-04,6.974000000000001
2006-10-05,7.298
2006-10-06,7.279999999999999
2006-10-07,7.128
2006-10-08,7.016
2006-10-09,6.964
2006-10-10,6.928
2006-10-11,6.9
2006-10-12,6.92
2006-10-13,6.8740000000000006
2006-10-14,6.8420000000000005
2006-10-15,6.803999999999999
2006-10-16,6.7780000000000005
2006-10-17,6.7700000000000005
2006-10-18,6.734
2006-10-19,6.696000000000001
2006-10-20,6.618
2006-10-21,6.58
2006-10-22,6.5280000000000005
2006-10-23,6.45
2006-10-24,6.404000000000001
2006-10-25,6.37
2006-10-26,6.324
2006-10-27,6.311999999999999
2006-10-28,6.302
2006-10-29,6.298
2006-10-30,6.298
2006-10-31,6.288
2006-11-01,6.278
2006-11-02,6.284
2006-11-03,6.362
2006-11-04,6.34
2006-11-05,6.332
2006-11-06,6.328
2006-11-07,6.33
2006-11-08,6.358
2006-11-09,6.368
2006-11-10,6.45
2006-11-11,6.412000000000001
2006-11-12,6.398
2006-11-13,6.392
2006-11-14,6.382
2006-11-15,6.364
2006-11-16,6.392
2006-11-17,6.372
2006-11-18,6.368
2006-11-19,6.442
2006-11-20,6.4079999999999995
2006-11-21,6.368
2006-11-22,6.36
2006-11-23,6.3340000000000005
2006-11-24,6.395999999999999
2006-11-25,6.39
2006-11-26,6.37
2006-11-27,6.351999999999999
2006-11-28,6.343999999999999
2006-11-29,6.409999999999999
2006-11-30,6.434
2006-12-01,6.476000000000001
2006-12-02,6.4079999999999995
2006-12-03,6.396
2006-12-04,6.364
2006-12-05,6.368
2006-12-06,6.398
2006-12-07,6.388
2006-12-08,6.37
2006-12-09,6.358
2006-12-10,6.372
2006-12-11,6.362
2006-12-12,6.356
2006-12-13,6.388
2006-12-14,6.382
2006-12-15,6.36
2006-12-16,6.328
2006-12-17,6.319999999999999
2006-12-18,6.319999999999999
2006-12-19,6.376
2006-12-20,6.372
2006-12-21,6.3420000000000005
2006-12-22,6.3759999999999994
2006-12-23,6.388
2006-12-24,6.3740000000000006
2006-12-25,6.362
2006-12-26,6.358
2006-12-27,6.382
2006-12-28,6.378
2006-12-29,6.364
2006-12-30,6.348
2006-12-31,6.3759999999999994
2007-01-01,6.372
2007-01-02,6.348
2007-01-03,6.3340000000000005
2007-01-04,6.311999999999999
2007-01-05,6.311999999999999
2007-01-06,6.306
2007-01-07,6.298
2007-01-08,6.292
2007-01-09,6.298
2007-01-10,6.343999999999999
2007-01-11,6.314
2007-01-12,6.288
2007-01-13,6.282
2007-01-14,6.286
2007-01-15,6.358
2007-01-16,6.346
2007-01-17,6.3
2007-01-18,6.296
2007-01-19,6.376
2007-01-20,6.37
2007-01-21,6.304
2007-01-22,6.278
2007-01-23,6.298
2007-01-24,6.292
2007-01-25,6.284000000000001
2007-01-26,6.284
2007-01-27,6.336
2007-01-28,6.318
2007-01-29,6.31
2007-01-30,6.302
2007-01-31,6.290000000000001
2007-02-01,6.3
2007-02-02,6.35
2007-02-03,6.314
2007-02-04,6.311999999999999
2007-02-05,6.388
2007-02-06,6.409999999999999
2007-02-07,6.458
2007-02-08,6.44
2007-02-09,6.36
2007-02-10,6.332
2007-02-11,6.268
2007-02-12,6.1240000000000006
2007-02-13,6.07
2007-02-14,6.2
2007-02-15,6.2219999999999995
2007-02-16,6.256
2007-02-17,6.238
2007-02-18,6.15
2007-02-19,6.1739999999999995
2007-02-20,6.044
2007-02-21,6.046
2007-02-22,6.114
2007-02-23,6.108
2007-02-24,6.04
2007-02-25,6.02
2007-02-26,5.964
2007-02-27,5.912000000000001
2007-02-28,5.908
2007-03-01,5.892
2007-03-02,5.888
2007-03-03,5.878
2007-03-04,5.904
2007-03-05,5.91
2007-03-06,5.9159999999999995
2007-03-07,5.992
2007-03-08,5.914
2007-03-09,5.908
2007-03-10,5.928
2007-03-11,5.912000000000001
2007-03-12,5.904
2007-03-13,5.888
2007-03-14,5.894
2007-03-15,5.95
2007-03-16,5.914
2007-03-17,5.908
2007-03-18,5.878
2007-03-19,5.808
2007-03-20,5.718
2007-03-21,5.628
2007-03-22,5.558
2007-03-23,5.6
2007-03-24,5.6899999999999995
2007-03-25,5.848000000000001
2007-03-26,5.808
2007-03-27,5.748
2007-03-28,5.79
2007-03-29,5.764
2007-03-30,5.7780000000000005
2007-03-31,5.76
2007-04-01,5.732
2007-04-02,5.7299999999999995
2007-04-03,5.718
2007-04-04,5.712000000000001
2007-04-05,5.715999999999999
2007-04-06,5.708
2007-04-07,5.702
2007-04-08,5.702
2007-04-09,5.708
2007-04-10,5.712000000000001
2007-04-11,5.792
2007-04-12,7.279999999999999
2007-04-13,6.836
2007-04-14,6.609999999999999
2007-04-15,6.268
2007-04-16,6.093999999999999
2007-04-17,5.978
2007-04-18,5.828
2007-04-19,5.746
2007-04-20,5.7299999999999995
2007-04-21,5.778
2007-04-22,6.642
2007-04-23,8.204
2007-04-24,7.876
2007-04-25,7.51
2007-04-26,7.340000000000001
2007-04-27,7.042
2007-04-28,6.93
2007-04-29,6.628
2007-04-30,6.4
2007-05-01,6.264
2007-05-02,6.146
2007-05-03,6.02
2007-05-04,6.004
2007-05-05,6.002
2007-05-06,5.816
2007-05-07,5.748
2007-05-08,5.744000000000001
2007-05-09,5.81
2007-05-10,5.76
2007-05-11,5.773999999999999
2007-05-12,5.794
2007-05-13,5.768
2007-05-14,5.814
2007-05-15,6.481999999999999
2007-05-16,6.302
2007-05-17,6.5
2007-05-18,6.708
2007-05-19,6.418000000000001
2007-05-20,6.781999999999999
2007-05-21,6.465999999999999
2007-05-22,6.578
2007-05-23,6.49
2007-05-24,6.228
2007-05-25,6.21
2007-05-26,6.898000000000001
2007-05-27,6.944
2007-05-28,6.552
2007-05-29,6.534000000000001
2007-05-30,6.256
2007-05-31,6.148000000000001
2007-06-01,6.046
2007-06-02,5.928
2007-06-03,5.854
2007-06-04,6.068
2007-06-05,6.544
2007-06-06,6.715999999999999
2007-06-07,6.636
2007-06-08,6.388
2007-06-09,7.18
2007-06-10,7.1659999999999995
2007-06-11,10.193999999999999
2007-06-12,11.034
2007-06-13,11.094
2007-06-14,10.5
2007-06-15,9.842
2007-06-16,9.508
2007-06-17,10.552
2007-06-18,10.936
2007-06-19,10.614
2007-06-20,10.014
2007-06-21,9.578
2007-06-22,9.184000000000001
2007-06-23,9.078
2007-06-24,8.658
2007-06-25,8.224
2007-06-26,7.992
2007-06-27,7.686
2007-06-28,7.4159999999999995
2007-06-29,7.2299999999999995
2007-06-30,7.109999999999999
2007-07-01,7.045999999999999
2007-07-02,7.214
2007-07-03,7.159999999999999
2007-07-04,7.06
2007-07-05,6.848000000000001
2007-07-06,6.798
2007-07-07,6.7700000000000005
2007-07-08,6.736
2007-07-09,6.645999999999999
2007-07-10,6.638
2007-07-11,6.598000000000001
2007-07-12,6.537999999999999
2007-07-13,6.418000000000001
2007-07-14,6.688
2007-07-15,7.108
2007-07-16,6.912000000000001
2007-07-17,7.142
2007-07-18,7.928
2007-07-19,8.792
2007-07-20,10.414
2007-07-21,11.186
2007-07-22,11.962
2007-07-23,12.078
2007-07-24,11.624
2007-07-25,10.92
2007-07-26,10.756
2007-07-27,10.718
2007-07-28,10.58
2007-07-29,10.212
2007-07-30,9.756
2007-07-31,9.304
2007-08-01,8.9
2007-08-02,8.937999999999999
2007-08-03,9.084
2007-08-04,8.726
2007-08-05,8.464
2007-08-06,8.222
2007-08-07,8.136
2007-08-08,7.976000000000001
2007-08-09,7.766
2007-08-10,7.522
2007-08-11,7.26
2007-08-12,7.388
2007-08-13,7.312
2007-08-14,8.234
2007-08-15,8.937999999999999
2007-08-16,8.99
2007-08-17,8.942
2007-08-18,8.652
2007-08-19,8.315999999999999
2007-08-20,8.03
2007-08-21,7.754
2007-08-22,7.438
2007-08-23,7.138
2007-08-24,7.228
2007-08-25,7.364
2007-08-26,8.27
2007-08-27,8.308
2007-08-28,8.3
2007-08-29,8.056000000000001
2007-08-30,7.748
2007-08-31,7.5040000000000004
2007-09-01,7.82
2007-09-02,7.822
2007-09-03,7.5680000000000005
2007-09-04,7.26
2007-09-05,7.1739999999999995
2007-09-06,7.384
2007-09-07,9.026
2007-09-08,10.267999999999999
2007-09-09,11.154
2007-09-10,11.564
2007-09-11,11.42
2007-09-12,10.974
2007-09-13,10.538
2007-09-14,10.28
2007-09-15,10.23
2007-09-16,9.956
2007-09-17,9.8
2007-09-18,9.614
2007-09-19,9.276
2007-09-20,9.058
2007-09-21,8.856
2007-09-22,8.592
2007-09-23,8.388
2007-09-24,8.218
2007-09-25,8.062000000000001
2007-09-26,7.816
2007-09-27,7.74
2007-09-28,8.251999999999999
2007-09-29,7.798
2007-09-30,7.640000000000001
2007-10-01,7.568
2007-10-02,7.4079999999999995
2007-10-03,7.3759999999999994
2007-10-04,8.656
2007-10-05,7.88
2007-10-06,7.718000000000001
2007-10-07,7.725999999999999
2007-10-08,8.836
2007-10-09,9.614
2007-10-10,9.892
2007-10-11,9.378
2007-10-12,8.824
2007-10-13,8.588
2007-10-14,8.366
2007-10-15,8.190000000000001
2007-10-16,9.522
2007-10-17,10.446000000000002
2007-10-18,10.196000000000002
2007-10-19,9.696000000000002
2007-10-20,9.34
2007-10-21,9.018
2007-10-22,8.748000000000001
2007-10-23,8.542
2007-10-24,8.354
2007-10-25,8.228
2007-10-26,8.026
2007-10-27,7.894
2007-10-28,7.678
2007-10-29,7.537999999999999
2007-10-30,7.3340000000000005
2007-10-31,7.236
2007-11-01,7.192
2007-11-02,7.178
2007-11-03,7.164
2007-11-04,7.138
2007-11-05,7.048
2007-11-06,6.959999999999999
2007-11-07,6.803999999999999
2007-11-08,6.731999999999999
2007-11-09,6.694
2007-11-10,6.6579999999999995
2007-11-11,6.644
2007-11-12,6.628
2007-11-13,6.612
2007-11-14,6.598000000000001
2007-11-15,6.656000000000001
2007-11-16,7.272
2007-11-17,8.058
2007-11-18,7.3
2007-11-19,7.078
2007-11-20,6.944
2007-11-21,6.858
2007-11-22,6.7780000000000005
2007-11-23,6.720000000000001
2007-11-24,6.651999999999999
2007-11-25,6.612
2007-11-26,6.5840000000000005
2007-11-27,6.542
2007-11-28,6.514
2007-11-29,6.498
2007-11-30,6.488000000000001
2007-12-01,6.478
2007-12-02,6.464
2007-12-03,6.458
2007-12-04,6.442
2007-12-05,6.4319999999999995
2007-12-06,6.4239999999999995
2007-12-07,6.418000000000001
2007-12-08,6.418000000000001
2007-12-09,6.418000000000001
2007-12-10,6.4079999999999995
2007-12-11,6.4079999999999995
2007-12-12,6.398
2007-12-13,6.394
2007-12-14,6.372
2007-12-15,6.358
2007-12-16,6.348
2007-12-17,6.3420000000000005
2007-12-18,6.338
2007-12-19,6.336
2007-12-20,6.324
2007-12-21,6.318
2007-12-22,6.311999999999999
2007-12-23,6.308
2007-12-24,6.3
2007-12-25,6.292
2007-12-26,6.282
2007-12-27,6.266
2007-12-28,6.258
2007-12-29,6.258
2007-12-30,6.25
2007-12-31,6.242
2008-01-01,6.234
2008-01-02,6.228
2008-01-03,6.2219999999999995
2008-01-04,6.214
2008-01-05,6.212000000000001
2008-01-06,6.208
2008-01-07,6.208
2008-01-08,6.206
2008-01-09,6.198
2008-01-10,6.198
2008-01-11,6.196
2008-01-12,6.192
2008-01-13,6.196
2008-01-14,6.198
2008-01-15,6.1899999999999995
2008-01-16,6.196
2008-01-17,6.214
2008-01-18,6.202
2008-01-19,6.192
2008-01-20,6.188
2008-01-21,6.196
2008-01-22,6.198
2008-01-23,6.192
2008-01-24,6.223999999999999
2008-01-25,6.246
2008-01-26,6.3100000000000005
2008-01-27,6.4879999999999995
2008-01-28,6.612
2008-01-29,6.5040000000000004
2008-01-30,6.244000000000001
2008-01-31,6.214
2008-02-01,6.208
2008-02-02,6.202
2008-02-03,6.162000000000001
2008-02-04,6.1240000000000006
2008-02-05,6.108
2008-02-06,6.098
2008-02-07,6.112
2008-02-08,6.104
2008-02-09,6.132
2008-02-10,6.158
2008-02-11,6.178
2008-02-12,6.176
2008-02-13,6.1240000000000006
2008-02-14,6.112
2008-02-15,6.076
2008-02-16,6.061999999999999
2008-02-17,6.044
2008-02-18,6.093999999999999
2008-02-19,6.076
2008-02-20,6.192
2008-02-21,6.33
2008-02-22,6.128
2008-02-23,6.093999999999999
2008-02-24,6.066
2008-02-25,5.998
2008-02-26,6.0920000000000005
2008-02-27,6.038
2008-02-28,6.066
2008-02-29,6.072
2008-03-01,6.084
2008-03-02,6.006
2008-03-03,6.034
2008-03-04,6.09
2008-03-05,6.148
2008-03-06,6.188
2008-03-07,6.262
2008-03-08,6.196
2008-03-09,6.114
2008-03-10,6.232
2008-03-11,6.182
2008-03-12,6.008
2008-03-13,6.023999999999999
2008-03-14,6.036
2008-03-15,6.037999999999999
2008-03-16,6.078
2008-03-17,6.048
2008-03-18,6.012
2008-03-19,6.01
2008-03-20,6.04
2008-03-21,6.096
2008-03-22,6.044
2008-03-23,6.029999999999999
2008-03-24,6.364
2008-03-25,6.328
2008-03-26,6.048
2008-03-27,5.966
2008-03-28,6.029999999999999
2008-03-29,6.008
2008-03-30,5.958
2008-03-31,5.96
2008-04-01,5.92
2008-04-02,5.958
2008-04-03,6.196
2008-04-04,6.316
2008-04-05,6.136
2008-04-06,6.5680000000000005
2008-04-07,6.418000000000001
2008-04-08,6.308
2008-04-09,6.196
2008-04-10,5.96
2008-04-11,5.898
2008-04-12,5.933999999999999
2008-04-13,5.92
2008-04-14,5.99
2008-04-15,6.016
2008-04-16,5.948
2008-04-17,5.936
2008-04-18,6.132
2008-04-19,6.068
2008-04-20,6.023999999999999
2008-04-21,6.194
2008-04-22,6.322
2008-04-23,5.9239999999999995
2008-04-24,5.894
2008-04-25,6.002
2008-04-26,6.048
2008-04-27,5.996
2008-04-28,6.108
2008-04-29,6.066
2008-04-30,6.038
2008-05-01,6.05
2008-05-02,6.112
2008-05-03,6.0840000000000005
2008-05-04,6.178
2008-05-05,6.198
2008-05-06,6.33
2008-05-07,6.45
2008-05-08,6.843999999999999
2008-05-09,6.558
2008-05-10,6.45
2008-05-11,6.404000000000001
2008-05-12,6.348000000000001
2008-05-13,6.29
2008-05-14,6.38
2008-05-15,6.336
2008-05-16,6.254
2008-05-17,6.228
2008-05-18,6.308
2008-05-19,6.536
2008-05-20,7.042
2008-05-21,6.5680000000000005
2008-05-22,6.378
2008-05-23,6.358
2008-05-24,6.456
2008-05-25,6.368
2008-05-26,6.346
2008-05-27,6.624
2008-05-28,6.647999999999999
2008-05-29,6.642
2008-05-30,6.638
2008-05-31,6.542
2008-06-01,6.438
2008-06-02,6.338
2008-06-03,6.678
2008-06-04,7.104000000000001
2008-06-05,7.622
2008-06-06,7.188
2008-06-07,7.025999999999999
2008-06-08,6.93
2008-06-09,6.758
2008-06-10,6.720000000000001
2008-06-11,6.536
2008-06-12,6.428
2008-06-13,6.4159999999999995
2008-06-14,6.3420000000000005
2008-06-15,6.292
2008-06-16,6.468000000000001
2008-06-17,6.636
2008-06-18,6.714
2008-06-19,7.098000000000001
2008-06-20,7.1739999999999995
2008-06-21,7.025999999999999
2008-06-22,7.18
2008-06-23,6.764
2008-06-24,6.628
2008-06-25,6.474000000000001
2008-06-26,6.442
2008-06-27,6.44
2008-06-28,6.392
2008-06-29,6.438
2008-06-30,6.566
2008-07-01,7.176
2008-07-02,8.222
2008-07-03,8.044
2008-07-04,8.148
2008-07-05,7.998
2008-07-06,7.909999999999999
2008-07-07,7.686
2008-07-08,7.159999999999999
2008-07-09,6.970000000000001
2008-07-10,6.981999999999999
2008-07-11,7.108
2008-07-12,8.592
2008-07-13,8.228
2008-07-14,7.906000000000001
2008-07-15,8.064
2008-07-16,7.934
2008-07-17,7.714
2008-07-18,7.522
2008-07-19,7.1659999999999995
2008-07-20,6.998
2008-07-21,6.876
2008-07-22,6.9079999999999995
2008-07-23,6.9079999999999995
2008-07-24,6.892
2008-07-25,6.81
2008-07-26,6.364
2008-07-27,6.676
2008-07-28,6.632000000000001
2008-07-29,6.5120000000000005
2008-07-30,6.406000000000001
2008-07-31,6.273999999999999
2008-08-01,5.92
2008-08-02,6.33
2008-08-03,6.273999999999999
2008-08-04,6.242
2008-08-05,6.296
2008-08-06,6.601999999999999
2008-08-07,6.494
2008-08-08,6.508
2008-08-09,6.938
2008-08-10,8.18
2008-08-11,7.116
2008-08-12,6.8340000000000005
2008-08-13,7.6659999999999995
2008-08-14,6.918000000000001
2008-08-15,6.764
2008-08-16,6.694
2008-08-17,6.518000000000001
2008-08-18,6.794
2008-08-19,8.238
2008-08-20,7.948
2008-08-21,7.5200000000000005
2008-08-22,6.9
2008-08-23,6.676
2008-08-24,6.542
2008-08-25,6.5120000000000005
2008-08-26,6.459999999999999
2008-08-27,6.074
2008-08-28,7.790000000000001
2008-08-29,9.36
2008-08-30,9.472
2008-08-31,8.922
2008-09-01,8.342
2008-09-02,8.016
2008-09-03,7.802
2008-09-04,7.622
2008-09-05,6.984
2008-09-06,6.798
2008-09-07,6.7
2008-09-08,6.564
2008-09-09,6.616
2008-09-10,6.848000000000001
2008-09-11,6.876
2008-09-12,6.851999999999999
2008-09-13,6.6659999999999995
2008-09-14,7.754
2008-09-15,6.81
2008-09-16,7.378
2008-09-17,7.4239999999999995
2008-09-18,7.134
2008-09-19,7.0120000000000005
2008-09-20,7.068
2008-09-21,7.103999999999999
2008-09-22,7.052
2008-09-23,7.298
2008-09-24,7.008
2008-09-25,6.828
2008-09-26,6.723999999999999
2008-09-27,6.831999999999999
2008-09-28,6.928
2008-09-29,6.786
2008-09-30,6.715999999999999
2008-10-01,6.642
2008-10-02,6.598000000000001
2008-10-03,6.698
2008-10-04,6.688
2008-10-05,6.8340000000000005
2008-10-06,7.026000000000001
2008-10-07,7.044
2008-10-08,7.109999999999999
2008-10-09,7.016
2008-10-10,7.052
2008-10-11,6.946000000000001
2008-10-12,6.7780000000000005
2008-10-13,6.696000000000001
2008-10-14,6.626
2008-10-15,6.5840000000000005
2008-10-16,6.534000000000001
2008-10-17,6.514
2008-10-18,6.468000000000001
2008-10-19,6.302
2008-10-20,6.196
2008-10-21,6.394
2008-10-22,6.354
2008-10-23,6.38
2008-10-24,6.4159999999999995
2008-10-25,6.508
2008-10-26,7.712000000000001
2008-10-27,8.464
2008-10-28,8.038
2008-10-29,7.824
2008-10-30,7.51
2008-10-31,7.244
2008-11-01,7.208
2008-11-02,7.108
2008-11-03,7.0280000000000005
2008-11-04,6.882
2008-11-05,6.858
2008-11-06,6.872
2008-11-07,6.926
2008-11-08,6.803999999999999
2008-11-09,6.773999999999999
2008-11-10,6.7540000000000004
2008-11-11,6.734
2008-11-12,6.734
2008-11-13,6.723999999999999
2008-11-14,6.718000000000001
2008-11-15,6.708
2008-11-16,6.708
2008-11-17,6.702000000000001
2008-11-18,6.692
2008-11-19,6.68
2008-11-20,6.67
2008-11-21,6.662000000000001
2008-11-22,6.6579999999999995
2008-11-23,6.6579999999999995
2008-11-24,6.651999999999999
2008-11-25,6.609999999999999
2008-11-26,6.566
2008-11-27,6.552
2008-11-28,6.531999999999999
2008-11-29,6.5120000000000005
2008-11-30,6.481999999999999
2008-12-01,6.518000000000001
2008-12-02,6.564
2008-12-03,6.531999999999999
2008-12-04,6.494
2008-12-05,6.44
2008-12-06,6.406000000000001
2008-12-07,6.3740000000000006
2008-12-08,6.368
2008-12-09,6.388
2008-12-10,6.418000000000001
2008-12-11,6.401999999999999
2008-12-12,6.392
2008-12-13,6.382
2008-12-14,6.378
2008-12-15,6.384
2008-12-16,6.428
2008-12-17,6.452000000000001
2008-12-18,6.436
2008-12-19,6.428
2008-12-20,6.422
2008-12-21,6.4079999999999995
2008-12-22,6.4079999999999995
2008-12-23,6.403999999999999
2008-12-24,6.444
2008-12-25,6.478
2008-12-26,6.516
2008-12-27,6.523999999999999
2008-12-28,6.5120000000000005
2008-12-29,6.476000000000001
2008-12-30,6.434
2008-12-31,6.4159999999999995
2009-01-01,6.3740000000000006
2009-01-02,6.362
2009-01-03,6.351999999999999
2009-01-04,6.316
2009-01-05,6.24
2009-01-06,6.234
2009-01-07,6.256
2009-01-08,6.198
2009-01-09,6.21
2009-01-10,6.287999999999999
2009-01-11,6.368
2009-01-12,6.337999999999999
2009-01-13,6.284
2009-01-14,6.348
2009-01-15,6.328
2009-01-16,6.284
2009-01-17,6.328
2009-01-18,6.324
2009-01-19,6.318
2009-01-20,6.343999999999999
2009-01-21,6.279999999999999
2009-01-22,6.278
2009-01-23,6.31
2009-01-24,6.308
2009-01-25,6.304
2009-01-26,6.278
2009-01-27,6.282
2009-01-28,6.248
2009-01-29,6.238
2009-01-30,6.228
2009-01-31,6.228
2009-02-01,6.214
2009-02-02,6.15
2009-02-03,6.188
2009-02-04,6.208
2009-02-05,6.256
2009-02-06,6.202
2009-02-07,6.168
2009-02-08,6.172
2009-02-09,6.188
2009-02-10,6.182
2009-02-11,6.176
2009-02-12,6.19
2009-02-13,6.188000000000001
2009-02-14,6.138
2009-02-15,5.9
2009-02-16,5.958
2009-02-17,6.087999999999999
2009-02-18,6.114
2009-02-19,6.08
2009-02-20,6.14
2009-02-21,6.01
2009-02-22,6.058
2009-02-23,6.112
2009-02-24,6.048
2009-02-25,6.096
2009-02-26,6.064
2009-02-27,6.086
2009-02-28,6.036
2009-03-01,5.948
2009-03-02,5.914
2009-03-03,5.908
2009-03-04,5.898
2009-03-05,5.898
2009-03-06,5.926
2009-03-07,5.956
2009-03-08,6.1579999999999995
2009-03-09,6.188
2009-03-10,6.178
2009-03-11,6.1659999999999995
2009-03-12,6.114
2009-03-13,6.11
2009-03-14,6.178
2009-03-15,6.192
2009-03-16,6.148
2009-03-17,6.128
2009-03-18,6.048
2009-03-19,6.086
2009-03-20,6.086
2009-03-21,6.0280000000000005
2009-03-22,5.9799999999999995
2009-03-23,6.068
2009-03-24,6.078
2009-03-25,6.0280000000000005
2009-03-26,5.973999999999999
2009-03-27,5.9719999999999995
2009-03-28,6.136
2009-03-29,6.04
2009-03-30,6.054
2009-03-31,6.148
2009-04-01,6.2780000000000005
2009-04-02,6.2700000000000005
2009-04-03,5.99
2009-04-04,6.018
2009-04-05,6.276
2009-04-06,6.258
2009-04-07,6.148000000000001
2009-04-08,6.108
2009-04-09,6.026
2009-04-10,6.0280000000000005
2009-04-11,6.287999999999999
2009-04-12,6.008
2009-04-13,5.934
2009-04-14,6.036
2009-04-15,6.018
2009-04-16,5.948
2009-04-17,5.988
2009-04-18,6.7620000000000005
2009-04-19,7.103999999999999
2009-04-20,6.403999999999999
2009-04-21,6.194
2009-04-22,6.168
2009-04-23,6.148
2009-04-24,6.132
2009-04-25,6.05
2009-04-26,5.888
2009-04-27,5.878
2009-04-28,5.912000000000001
2009-04-29,5.952
2009-04-30,5.934
2009-05-01,5.928
2009-05-02,5.970000000000001
2009-05-03,6.3420000000000005
2009-05-04,6.424000000000001
2009-05-05,6.648000000000001
2009-05-06,6.268
2009-05-07,6.178
2009-05-08,6.128
2009-05-09,6.048
2009-05-10,6.006
2009-05-11,5.958
2009-05-12,5.938000000000001
2009-05-13,5.888
2009-05-14,5.926
2009-05-15,6.178
2009-05-16,6.186
2009-05-17,6.268
2009-05-18,6.252
2009-05-19,6.354
2009-05-20,6.51
2009-05-21,6.318
2009-05-22,6.218
2009-05-23,6.15
2009-05-24,6.3740000000000006
2009-05-25,6.794
2009-05-26,6.593999999999999
2009-05-27,9.358
2009-05-28,8.662
2009-05-29,7.728
2009-05-30,7.298
2009-05-31,6.9879999999999995
2009-06-01,6.840000000000001
2009-06-02,6.948
2009-06-03,7.018000000000001
2009-06-04,6.942
2009-06-05,6.68
2009-06-06,6.590000000000001
2009-06-07,6.654000000000001
2009-06-08,7.016
2009-06-09,6.779999999999999
2009-06-10,6.708
2009-06-11,7.26
2009-06-12,6.88
2009-06-13,6.7299999999999995
2009-06-14,6.654000000000001
2009-06-15,6.544
2009-06-16,6.9079999999999995
2009-06-17,7.022
2009-06-18,6.608
2009-06-19,6.488000000000001
2009-06-20,6.470000000000001
2009-06-21,6.58
2009-06-22,6.564
2009-06-23,6.386
2009-06-24,6.238
2009-06-25,6.104
2009-06-26,6.390000000000001
2009-06-27,6.492
2009-06-28,6.368
2009-06-29,6.718000000000001
2009-06-30,7.087999999999999
2009-07-01,9.324000000000002
2009-07-02,10.268
2009-07-03,9.788
2009-07-04,9.536
2009-07-05,8.91
2009-07-06,8.197999999999999
2009-07-07,7.859999999999999
2009-07-08,7.708
2009-07-09,7.508
2009-07-10,7.386
2009-07-11,7.1819999999999995
2009-07-12,6.962000000000001
2009-07-13,6.906000000000001
2009-07-14,6.884
2009-07-15,6.959999999999999
2009-07-16,7.008
2009-07-17,6.928
2009-07-18,6.898000000000001
2009-07-19,6.843999999999999
2009-07-20,7.314
2009-07-21,6.973999999999999
2009-07-22,6.816
2009-07-23,6.840000000000001
2009-07-24,6.824
2009-07-25,6.678
2009-07-26,6.587999999999999
2009-07-27,6.5
2009-07-28,6.8
2009-07-29,8.764
2009-07-30,9.358
2009-07-31,8.803999999999998
2009-08-01,8.808
2009-08-02,8.475999999999999
2009-08-03,8.358
2009-08-04,8.406
2009-08-05,7.9079999999999995
2009-08-06,7.546000000000001
2009-08-07,7.578
2009-08-08,8.834
2009-08-09,8.548
2009-08-10,7.94
2009-08-11,7.593999999999999
2009-08-12,7.44
2009-08-13,7.353999999999999
2009-08-14,7.328
2009-08-15,7.242
2009-08-16,7.2620000000000005
2009-08-17,7.394
2009-08-18,7.5920000000000005
2009-08-19,7.828
2009-08-20,8.187999999999999
2009-08-21,8.184000000000001
2009-08-22,9.514
2009-08-23,8.687999999999999
2009-08-24,8.294
2009-08-25,8.364
2009-08-26,7.978
2009-08-27,7.728
2009-08-28,7.536
2009-08-29,7.322
2009-08-30,7.6579999999999995
2009-08-31,7.754
2009-09-01,8.012
2009-09-02,7.7379999999999995
2009-09-03,8.104
2009-09-04,8.14
2009-09-05,8.268
2009-09-06,8.022
2009-09-07,7.720000000000001
2009-09-08,7.51
2009-09-09,8.184000000000001
2009-09-10,7.672
2009-09-11,7.99
2009-09-12,7.768000000000001
2009-09-13,7.398000000000001
2009-09-14,7.174000000000001
2009-09-15,7.42
2009-09-16,7.718000000000001
2009-09-17,7.582000000000001
2009-09-18,7.5120000000000005
2009-09-19,7.268000000000001
2009-09-20,7.056
2009-09-21,6.910000000000001
2009-09-22,6.952
2009-09-23,6.978
2009-09-24,7.146000000000001
2009-09-25,6.984
2009-09-26,6.85
2009-09-27,6.818
2009-09-28,6.758
2009-09-29,6.752
2009-09-30,6.744
2009-10-01,6.99
2009-10-02,6.748
2009-10-03,6.728
2009-10-04,6.837999999999999
2009-10-05,7.014
2009-10-06,7.048
2009-10-07,7.140000000000001
2009-10-08,6.93
2009-10-09,7.418000000000001
2009-10-10,9.09
2009-10-11,8.09
2009-10-12,7.5920000000000005
2009-10-13,7.256
2009-10-14,7.0920000000000005
2009-10-15,6.978
2009-10-16,6.88
2009-10-17,6.790000000000001
2009-10-18,6.7780000000000005
2009-10-19,6.866
2009-10-20,6.812
2009-10-21,6.702
2009-10-22,6.63
2009-10-23,6.5840000000000005
2009-10-24,6.529999999999999
2009-10-25,6.4799999999999995
2009-10-26,6.438
2009-10-27,6.488000000000001
2009-10-28,6.478
2009-10-29,6.464
2009-10-30,6.442
2009-10-31,6.4319999999999995
2009-11-01,6.424000000000001
2009-11-02,6.382
2009-11-03,6.2780000000000005
2009-11-04,6.386
2009-11-05,6.372
2009-11-06,6.332
2009-11-07,6.311999999999999
2009-11-08,6.354
2009-11-09,6.337999999999999
2009-11-10,6.318
2009-11-11,6.354
2009-11-12,6.3740000000000006
2009-11-13,6.368
2009-11-14,6.4079999999999995
2009-11-15,6.428
2009-11-16,6.418000000000001
2009-11-17,6.438
2009-11-18,6.458
2009-11-19,6.446000000000001
2009-11-20,6.414
2009-11-21,6.44
2009-11-22,6.606
2009-11-23,6.508
2009-11-24,6.428
2009-11-25,6.388
2009-11-26,6.368
2009-11-27,6.388
2009-11-28,6.378
2009-11-29,6.372
2009-11-30,6.368
2009-12-01,6.328
2009-12-02,6.3340000000000005
2009-12-03,6.368
2009-12-04,6.362
2009-12-05,6.348
2009-12-06,6.348
2009-12-07,6.3759999999999994
2009-12-08,6.36
2009-12-09,6.343999999999999
2009-12-10,6.338
2009-12-11,6.34
2009-12-12,6.348
2009-12-13,6.343999999999999
2009-12-14,6.338
2009-12-15,6.328
2009-12-16,6.3260000000000005
2009-12-17,6.318
2009-12-18,6.308
2009-12-19,6.304
2009-12-20,6.304
2009-12-21,6.338
2009-12-22,6.3260000000000005
2009-12-23,6.311999999999999
2009-12-24,6.308
2009-12-25,6.311999999999999
2009-12-26,6.311999999999999
2009-12-27,6.308
2009-12-28,6.308
2009-12-29,6.298
2009-12-30,6.298
2009-12-31,6.298
2010-01-01,6.292
2010-01-02,6.288
2010-01-03,6.3
2010-01-04,6.338
2010-01-05,6.332
2010-01-06,6.298
2010-01-07,6.298
2010-01-08,6.288
2010-01-09,6.288
2010-01-10,6.266
2010-01-11,6.228
2010-01-12,6.218
2010-01-13,6.208
2010-01-14,6.226000000000001
2010-01-15,6.228
2010-01-16,6.298
2010-01-17,6.318
2010-01-18,6.302
2010-01-19,6.294
2010-01-20,6.288
2010-01-21,6.278
2010-01-22,6.256
2010-01-23,6.218
2010-01-24,6.2
2010-01-25,6.174
2010-01-26,6.128
2010-01-27,6.088
2010-01-28,6.078
2010-01-29,6.061999999999999
2010-01-30,6.042
2010-01-31,6.042
2010-02-01,6.078
2010-02-02,6.008
2010-02-03,6.0280000000000005
2010-02-04,6.042
2010-02-05,6.002000000000001
2010-02-06,5.968
2010-02-07,6.008
2010-02-08,6.022
2010-02-09,5.982
2010-02-10,5.973999999999999
2010-02-11,5.962000000000001
2010-02-12,5.948
2010-02-13,5.933999999999999
2010-02-14,5.928
2010-02-15,5.934
2010-02-16,5.973999999999999
2010-02-17,5.968
2010-02-18,5.962000000000001
2010-02-19,5.954000000000001
2010-02-20,5.944
2010-02-21,5.93
2010-02-22,5.954
2010-02-23,6.032
2010-02-24,5.948
2010-02-25,5.892
2010-02-26,6.01
2010-02-27,6.112
2010-02-28,6.054
2010-03-01,5.9799999999999995
2010-03-02,6.029999999999999
2010-03-03,6.037999999999999
2010-03-04,5.986
2010-03-05,5.970000000000001
2010-03-06,5.986
2010-03-07,5.936
2010-03-08,5.928
2010-03-09,5.936
2010-03-10,5.912000000000001
2010-03-11,5.898
2010-03-12,5.878
2010-03-13,5.86
2010-03-14,5.836
2010-03-15,5.843999999999999
2010-03-16,5.854
2010-03-17,5.9
2010-03-18,5.958
2010-03-19,5.918
2010-03-20,5.86
2010-03-21,5.85
2010-03-22,5.894
2010-03-23,5.851999999999999
2010-03-24,5.838
2010-03-25,5.828
2010-03-26,5.814
2010-03-27,5.786
2010-03-28,5.754
2010-03-29,5.864
2010-03-30,6.008
2010-03-31,6.156000000000001
2010-04-01,6.334
2010-04-02,6.138
2010-04-03,5.914
2010-04-04,5.828
2010-04-05,5.778
2010-04-06,5.772
2010-04-07,5.748
2010-04-08,5.688
2010-04-09,5.682
2010-04-10,5.6579999999999995
2010-04-11,5.612
2010-04-12,5.574
2010-04-13,5.558
2010-04-14,5.552
2010-04-15,5.566
2010-04-16,5.708
2010-04-17,5.618
2010-04-18,5.61
2010-04-19,5.76
2010-04-20,5.91
2010-04-21,5.862
2010-04-22,6.247999999999999
2010-04-23,6.12
2010-04-24,5.74
2010-04-25,5.638
2010-04-26,5.676
2010-04-27,5.886
2010-04-28,5.818
2010-04-29,5.738
2010-04-30,5.948
2010-05-01,6.07
2010-05-02,5.978
2010-05-03,5.804
2010-05-04,5.738
2010-05-05,5.720000000000001
2010-05-06,5.67
2010-05-07,5.628
2010-05-08,5.6259999999999994
2010-05-09,5.748
2010-05-10,5.818
2010-05-11,6.228
2010-05-12,5.948
2010-05-13,5.854
2010-05-14,5.836
2010-05-15,5.83
2010-05-16,5.902
2010-05-17,5.898000000000001
2010-05-18,6.21
2010-05-19,5.926
2010-05-20,5.742
2010-05-21,6.0840000000000005
2010-05-22,7.101999999999999
2010-05-23,6.948
2010-05-24,6.568
2010-05-25,6.382
2010-05-26,6.286
2010-05-27,7.122
2010-05-28,7.9
2010-05-29,9.116
2010-05-30,9.315999999999999
2010-05-31,8.548
2010-06-01,8.562000000000001
2010-06-02,7.962000000000001
2010-06-03,7.9079999999999995
2010-06-04,8.468
2010-06-05,9.559999999999999
2010-06-06,9.788
2010-06-07,9.224
2010-06-08,8.128
2010-06-09,7.851999999999999
2010-06-10,7.668000000000001
2010-06-11,7.542
2010-06-12,7.268000000000001
2010-06-13,7.888
2010-06-14,7.878
2010-06-15,7.5840000000000005
2010-06-16,7.692
2010-06-17,7.156000000000001
2010-06-18,6.92
2010-06-19,7.087999999999999
2010-06-20,6.958
2010-06-21,6.890000000000001
2010-06-22,6.978
2010-06-23,7.0200000000000005
2010-06-24,6.864
2010-06-25,6.75
2010-06-26,6.862
2010-06-27,7.69
2010-06-28,8.064
2010-06-29,7.909999999999999
2010-06-30,9.796000000000001
2010-07-01,9.234
2010-07-02,8.558
2010-07-03,8.181999999999999
2010-07-04,7.934
2010-07-05,7.736
2010-07-06,7.99
2010-07-07,7.8759999999999994
2010-07-08,7.434
2010-07-09,7.3260000000000005
2010-07-10,7.1659999999999995
2010-07-11,7.062
2010-07-12,7.223999999999999
2010-07-13,7.468000000000001
2010-07-14,7.208
2010-07-15,7.014
2010-07-16,6.904000000000001
2010-07-17,6.848000000000001
2010-07-18,6.81
2010-07-19,6.656000000000001
2010-07-20,6.5280000000000005
2010-07-21,6.640000000000001
2010-07-22,6.792
2010-07-23,6.736
2010-07-24,6.676
2010-07-25,6.794
2010-07-26,6.614
2010-07-27,6.5680000000000005
2010-07-28,6.542
2010-07-29,6.112
2010-07-30,7.006
2010-07-31,6.846000000000001
2010-08-01,7.398000000000001
2010-08-02,6.882
2010-08-03,6.38
2010-08-04,6.554
2010-08-05,6.540000000000001
2010-08-06,7.258
2010-08-07,6.414
2010-08-08,6.273999999999999
2010-08-09,6.5280000000000005
2010-08-10,6.529999999999999
2010-08-11,6.522
2010-08-12,7.351999999999999
2010-08-13,7.382
2010-08-14,7.223999999999999
2010-08-15,7.0280000000000005
2010-08-16,6.954000000000001
2010-08-17,6.895999999999999
2010-08-18,6.8180000000000005
2010-08-19,6.704000000000001
2010-08-20,6.718000000000001
2010-08-21,6.976000000000001
2010-08-22,6.8180000000000005
2010-08-23,6.728
2010-08-24,6.644
2010-08-25,6.876
2010-08-26,6.94
2010-08-27,7.0840000000000005
2010-08-28,7.062
2010-08-29,7.01
2010-08-30,7.022
2010-08-31,7.087999999999999
2010-09-01,6.848000000000001
2010-09-02,6.6659999999999995
2010-09-03,6.348
2010-09-04,6.5280000000000005
2010-09-05,6.452
2010-09-06,6.458
2010-09-07,6.456
2010-09-08,6.298
2010-09-09,6.348000000000001
2010-09-10,6.328
2010-09-11,6.328
2010-09-12,6.754
2010-09-13,6.76
2010-09-14,6.768000000000001
2010-09-15,7.256
2010-09-16,6.812
2010-09-17,6.748
2010-09-18,6.67
2010-09-19,6.816
2010-09-20,6.892
2010-09-21,6.706
2010-09-22,7.2700000000000005
2010-09-23,6.9719999999999995
2010-09-24,6.6819999999999995
2010-09-25,6.590000000000001
2010-09-26,6.587999999999999
2010-09-27,6.659999999999999
2010-09-28,6.828
2010-09-29,7.952
2010-09-30,7.6819999999999995
2010-10-01,7.098000000000001
2010-10-02,6.892
2010-10-03,6.628
2010-10-04,6.587999999999999
2010-10-05,6.5920000000000005
2010-10-06,7.24
2010-10-07,7.279999999999999
2010-10-08,8.16
2010-10-09,10.218
2010-10-10,9.798
2010-10-11,9.288
2010-10-12,8.64
2010-10-13,8.226
2010-10-14,7.8180000000000005
2010-10-15,7.75
2010-10-16,7.678
2010-10-17,7.442
2010-10-18,7.306
2010-10-19,7.178
2010-10-20,7.072
2010-10-21,7.034000000000001
2010-10-22,7.343999999999999
2010-10-23,7.356
2010-10-24,7.226000000000001
2010-10-25,7.45
2010-10-26,7.2379999999999995
2010-10-27,7.042
2010-10-28,6.9319999999999995
2010-10-29,6.848000000000001
2010-10-30,6.758
2010-10-31,6.734
2010-11-01,6.686
2010-11-02,6.638
2010-11-03,6.634
2010-11-04,6.628
2010-11-05,6.644
2010-11-06,6.616
2010-11-07,6.548
2010-11-08,6.531999999999999
2010-11-09,6.496
2010-11-10,6.618
2010-11-11,6.544
2010-11-12,6.529999999999999
2010-11-13,6.49
2010-11-14,6.458
2010-11-15,6.470000000000001
2010-11-16,6.452000000000001
2010-11-17,6.448
2010-11-18,6.448
2010-11-19,6.459999999999999
2010-11-20,6.475999999999999
2010-11-21,6.475999999999999
2010-11-22,6.518000000000001
2010-11-23,6.531999999999999
2010-11-24,6.506
2010-11-25,6.468000000000001
2010-11-26,6.459999999999999
2010-11-27,6.454000000000001
2010-11-28,6.448
2010-11-29,6.458
2010-11-30,6.454000000000001
2010-12-01,6.438
2010-12-02,6.428
2010-12-03,6.428
2010-12-04,6.418000000000001
2010-12-05,6.412000000000001
2010-12-06,6.428
2010-12-07,6.418000000000001
2010-12-08,6.428
2010-12-09,6.4239999999999995
2010-12-10,6.536
2010-12-11,6.6
2010-12-12,6.458
2010-12-13,6.438
2010-12-14,6.434
2010-12-15,6.428
2010-12-16,6.418000000000001
2010-12-17,6.414
2010-12-18,6.4079999999999995
2010-12-19,6.394
2010-12-20,6.378
2010-12-21,6.372
2010-12-22,6.358
2010-12-23,6.348
2010-12-24,6.362
2010-12-25,6.358
2010-12-26,6.348
2010-12-27,6.348
2010-12-28,6.343999999999999
2010-12-29,6.338
2010-12-30,6.35
2010-12-31,6.351999999999999
2011-01-01,6.34
2011-01-02,6.328
2011-01-03,6.328
2011-01-04,6.318
2011-01-05,6.318
2011-01-06,6.308
2011-01-07,6.288
2011-01-08,6.288
2011-01-09,6.284
2011-01-10,6.3420000000000005
2011-01-11,6.332
2011-01-12,6.338
2011-01-13,6.348
2011-01-14,6.332
2011-01-15,6.328
2011-01-16,6.3340000000000005
2011-01-17,6.332
2011-01-18,6.348
2011-01-19,6.338
2011-01-20,6.314
2011-01-21,6.302
2011-01-22,6.302
2011-01-23,6.314
2011-01-24,6.348
2011-01-25,6.311999999999999
2011-01-26,6.348
2011-01-27,6.338
2011-01-28,6.3420000000000005
2011-01-29,6.328
2011-01-30,6.284000000000001
2011-01-31,6.272
2011-02-01,6.248
2011-02-02,6.252000000000001
2011-02-03,6.298
2011-02-04,6.268
2011-02-05,6.228
2011-02-06,6.17
2011-02-07,6.198
2011-02-08,6.228
2011-02-09,6.228
2011-02-10,6.268
2011-02-11,6.276
2011-02-12,6.220000000000001
2011-02-13,6.196
2011-02-14,6.178
2011-02-15,6.168
2011-02-16,6.198
2011-02-17,6.228
2011-02-18,6.242
2011-02-19,6.268
2011-02-20,6.248
2011-02-21,6.2299999999999995
2011-02-22,6.204000000000001
2011-02-23,6.248
2011-02-24,6.238
2011-02-25,6.218
2011-02-26,6.198
2011-02-27,6.182
2011-02-28,6.17
2011-03-01,6.2
2011-03-02,6.228
2011-03-03,6.2219999999999995
2011-03-04,6.198
2011-03-05,6.148
2011-03-06,6.178
2011-03-07,6.194
2011-03-08,6.188
2011-03-09,6.178
2011-03-10,6.168
2011-03-11,6.162000000000001
2011-03-12,6.158
2011-03-13,6.164
2011-03-14,6.168
2011-03-15,6.158
2011-03-16,6.16
2011-03-17,6.172
2011-03-18,6.172
2011-03-19,6.178
2011-03-20,6.168
2011-03-21,6.158
2011-03-22,6.148
2011-03-23,6.172
2011-03-24,6.172
2011-03-25,6.158
2011-03-26,6.154
2011-03-27,6.16
2011-03-28,6.208
2011-03-29,6.192
2011-03-30,6.220000000000001
2011-03-31,6.518000000000001
2011-04-01,7.042
2011-04-02,6.773999999999999
2011-04-03,6.470000000000001
2011-04-04,6.398000000000001
2011-04-05,6.228
2011-04-06,6.034
2011-04-07,6.118
2011-04-08,5.988
2011-04-09,5.918
2011-04-10,5.894
2011-04-11,5.8740000000000006
2011-04-12,5.968
2011-04-13,5.958
2011-04-14,5.908
2011-04-15,5.9399999999999995
2011-04-16,5.958
2011-04-17,5.918
2011-04-18,5.828
2011-04-19,5.758
2011-04-20,5.796
2011-04-21,5.948
2011-04-22,5.988
2011-04-23,5.878
2011-04-24,5.898
2011-04-25,5.858
2011-04-26,5.788
2011-04-27,5.828
2011-04-28,5.994
2011-04-29,6.128
2011-04-30,6.0280000000000005
2011-05-01,5.938000000000001
2011-05-02,5.848
2011-05-03,5.828
2011-05-04,5.898000000000001
2011-05-05,5.998
2011-05-06,6.202
2011-05-07,6.242
2011-05-08,6.018
2011-05-09,5.82
2011-05-10,5.808
2011-05-11,5.888
2011-05-12,6.134
2011-05-13,6.3420000000000005
2011-05-14,6.337999999999999
2011-05-15,6.238
2011-05-16,6.128
2011-05-17,6.078
2011-05-18,5.994000000000001
2011-05-19,5.998
2011-05-20,6.196
2011-05-21,6.078
2011-05-22,6.104
2011-05-23,6.790000000000001
2011-05-24,6.478
2011-05-25,6.866
2011-05-26,6.952
2011-05-27,6.678
2011-05-28,6.3
2011-05-29,6.848000000000001
2011-05-30,6.928
2011-05-31,6.848000000000001
2011-06-01,6.93
2011-06-02,7.066
2011-06-03,7.168000000000001
2011-06-04,6.948
2011-06-05,6.603999999999999
2011-06-06,6.4
2011-06-07,6.188
2011-06-08,6.146
2011-06-09,6.388
2011-06-10,6.8260000000000005
2011-06-11,7.022
2011-06-12,6.958
2011-06-13,6.8
2011-06-14,6.438
2011-06-15,6.409999999999999
2011-06-16,6.409999999999999
2011-06-17,6.426
2011-06-18,6.37
2011-06-19,6.481999999999999
2011-06-20,6.354
2011-06-21,6.244
2011-06-22,6.151999999999999
2011-06-23,6.136
2011-06-24,6.098
2011-06-25,6.118
2011-06-26,6.714
2011-06-27,6.448
2011-06-28,6.566
2011-06-29,6.7780000000000005
2011-06-30,8.358
2011-07-01,8.709999999999999
2011-07-02,9.697999999999999
2011-07-03,9.114
2011-07-04,8.3
2011-07-05,7.726000000000001
2011-07-06,7.390000000000001
2011-07-07,7.122
2011-07-08,6.901999999999999
2011-07-09,6.866
2011-07-10,6.806
2011-07-11,6.746
2011-07-12,6.628
2011-07-13,6.514
2011-07-14,6.465999999999999
2011-07-15,6.418000000000001
2011-07-16,6.436
2011-07-17,6.548
2011-07-18,6.51
2011-07-19,6.68
2011-07-20,6.628
2011-07-21,6.587999999999999
2011-07-22,6.723999999999999
2011-07-23,6.748
2011-07-24,6.715999999999999
2011-07-25,6.628
2011-07-26,6.608
2011-07-27,6.9159999999999995
2011-07-28,6.63
2011-07-29,6.398000000000001
2011-07-30,5.982
2011-07-31,6.2
2011-08-01,6.26
2011-08-02,6.356
2011-08-03,6.581999999999999
2011-08-04,6.428
2011-08-05,6.362
2011-08-06,6.9719999999999995
2011-08-07,7.224000000000001
2011-08-08,7.122
2011-08-09,7.106
2011-08-10,7.462000000000001
2011-08-11,7.962000000000001
2011-08-12,7.814
2011-08-13,7.4239999999999995
2011-08-14,7.159999999999999
2011-08-15,6.9879999999999995
2011-08-16,6.894
2011-08-17,7.616
2011-08-18,9.052
2011-08-19,8.336
2011-08-20,7.845999999999999
2011-08-21,8.236
2011-08-22,9.146
2011-08-23,8.962
2011-08-24,8.842
2011-08-25,8.690000000000001
2011-08-26,8.112
2011-08-27,7.8
2011-08-28,7.926
2011-08-29,7.35
2011-08-30,6.9
2011-08-31,6.886
2011-09-01,6.787999999999999
2011-09-02,6.614
2011-09-03,6.642
2011-09-04,6.558
2011-09-05,6.506
2011-09-06,6.448
2011-09-07,6.522
2011-09-08,6.508
2011-09-09,6.601999999999999
2011-09-10,6.529999999999999
2011-09-11,6.517999999999999
2011-09-12,6.540000000000001
2011-09-13,6.337999999999999
2011-09-14,6.552
2011-09-15,6.659999999999999
2011-09-16,6.756
2011-09-17,7.395999999999999
2011-09-18,8.145999999999999
2011-09-19,7.968000000000001
2011-09-20,7.45
2011-09-21,7.540000000000001
2011-09-22,7.95
2011-09-23,7.412000000000001
2011-09-24,7.168000000000001
2011-09-25,6.968000000000001
2011-09-26,6.772
2011-09-27,6.688
2011-09-28,6.784000000000001
2011-09-29,6.728
2011-09-30,6.6659999999999995
2011-10-01,6.764
2011-10-02,7.4319999999999995
2011-10-03,7.453999999999999
2011-10-04,7.548
2011-10-05,7.168000000000001
2011-10-06,7.0280000000000005
2011-10-07,6.9719999999999995
2011-10-08,6.802
2011-10-09,6.856
2011-10-10,6.776000000000001
2011-10-11,6.628
2011-10-12,6.5120000000000005
2011-10-13,6.4319999999999995
2011-10-14,6.332
2011-10-15,6.002000000000001
2011-10-16,6.2379999999999995
2011-10-17,6.273999999999999
2011-10-18,6.2299999999999995
2011-10-19,6.272
2011-10-20,6.337999999999999
2011-10-21,6.258
2011-10-22,6.2780000000000005
2011-10-23,6.404000000000001
2011-10-24,6.49
2011-10-25,6.388
2011-10-26,6.298
2011-10-27,6.220000000000001
2011-10-28,6.298
2011-10-29,6.336
2011-10-30,6.398
2011-10-31,6.343999999999999
2011-11-01,6.287999999999999
2011-11-02,6.228
2011-11-03,6.258
2011-11-04,6.218
2011-11-05,6.13
2011-11-06,6.14
2011-11-07,6.208
2011-11-08,6.228
2011-11-09,6.252
2011-11-10,6.266
2011-11-11,6.168
2011-11-12,6.198
2011-11-13,6.272
2011-11-14,6.292
2011-11-15,6.258
2011-11-16,6.273999999999999
2011-11-17,6.282
2011-11-18,6.248
2011-11-19,6.218
2011-11-20,6.178
2011-11-21,6.224
2011-11-22,6.284000000000001
2011-11-23,6.228
2011-11-24,6.220000000000001
2011-11-25,6.276
2011-11-26,6.228
2011-11-27,6.224
2011-11-28,6.258
2011-11-29,6.228
2011-11-30,6.223999999999999
2011-12-01,6.208
2011-12-02,6.232
2011-12-03,6.2299999999999995
2011-12-04,6.212000000000001
2011-12-05,6.242
2011-12-06,6.24
2011-12-07,6.238
2011-12-08,6.228
2011-12-09,6.1579999999999995
2011-12-10,6.087999999999999
2011-12-11,6.054
2011-12-12,6.118
2011-12-13,6.142
2011-12-14,6.223999999999999
2011-12-15,6.1579999999999995
2011-12-16,6.058
2011-12-17,5.99
2011-12-18,5.978
2011-12-19,5.978
2011-12-20,6.008
2011-12-21,6.0
2011-12-22,5.988
2011-12-23,5.978
2011-12-24,5.978
2011-12-25,5.970000000000001
2011-12-26,6.008
2011-12-27,5.968
2011-12-28,5.88
2011-12-29,5.878
2011-12-30,5.868
2011-12-31,5.868
2012-01-01,5.858
2012-01-02,5.888
2012-01-03,5.978
2012-01-04,5.958
2012-01-05,5.868
2012-01-06,5.858
2012-01-07,5.872
2012-01-08,5.88
2012-01-09,5.868
2012-01-10,5.8759999999999994
2012-01-11,6.056
2012-01-12,5.968
2012-01-13,5.92
2012-01-14,5.918
2012-01-15,5.888
2012-01-16,5.851999999999999
2012-01-17,5.838
2012-01-18,5.838
2012-01-19,5.82
2012-01-20,5.782
2012-01-21,5.752000000000001
2012-01-22,5.708
2012-01-23,5.698
2012-01-24,5.692
2012-01-25,5.678
2012-01-26,5.668
2012-01-27,5.65
2012-01-28,5.626
2012-01-29,5.596
2012-01-30,5.588
2012-01-31,5.574
2012-02-01,5.548
2012-02-02,5.54
2012-02-03,5.504
2012-02-04,5.488
2012-02-05,5.478
2012-02-06,5.478
2012-02-07,5.478
2012-02-08,5.4719999999999995
2012-02-09,5.444
2012-02-10,5.426
2012-02-11,5.408
2012-02-12,5.422
2012-02-13,5.448
2012-02-14,5.578
2012-02-15,5.6899999999999995
2012-02-16,5.628
2012-02-17,5.628
2012-02-18,5.646
2012-02-19,5.798
2012-02-20,5.758
2012-02-21,5.738
2012-02-22,5.766
2012-02-23,5.778
2012-02-24,5.79
2012-02-25,5.811999999999999
2012-02-26,5.758
2012-02-27,5.7700000000000005
2012-02-28,5.792
2012-02-29,5.824
2012-03-01,5.824
2012-03-02,5.798
2012-03-03,5.837999999999999
2012-03-04,5.896
2012-03-05,5.828
2012-03-06,5.811999999999999
2012-03-07,5.778
2012-03-08,5.808
2012-03-09,5.83
2012-03-10,5.843999999999999
2012-03-11,5.843999999999999
2012-03-12,5.824
2012-03-13,5.798
2012-03-14,5.788
2012-03-15,5.778
2012-03-16,5.786
2012-03-17,5.798
2012-03-18,5.792
2012-03-19,5.778
2012-03-20,5.768
2012-03-21,5.768
2012-03-22,5.758
2012-03-23,5.758
2012-03-24,5.76
2012-03-25,5.808
2012-03-26,5.798
2012-03-27,5.832
2012-03-28,5.838
2012-03-29,5.816
2012-03-30,5.788
2012-03-31,5.778
2012-04-01,5.768
2012-04-02,5.758
2012-04-03,5.754
2012-04-04,5.74
2012-04-05,5.728
2012-04-06,5.7219999999999995
2012-04-07,5.85
2012-04-08,5.878
2012-04-09,6.396
2012-04-10,7.232000000000001
2012-04-11,6.901999999999999
2012-04-12,6.87
2012-04-13,6.5840000000000005
2012-04-14,6.556
2012-04-15,6.287999999999999
2012-04-16,5.998
2012-04-17,5.878
2012-04-18,5.837999999999999
2012-04-19,5.748
2012-04-20,5.678
2012-04-21,5.708
2012-04-22,6.116
2012-04-23,5.996
2012-04-24,5.858
2012-04-25,5.748
2012-04-26,5.68
2012-04-27,5.86
2012-04-28,5.978
2012-04-29,6.0280000000000005
2012-04-30,5.946
2012-05-01,6.206
2012-05-02,6.734
2012-05-03,6.704000000000001
2012-05-04,6.468000000000001
2012-05-05,6.256
2012-05-06,6.1259999999999994
2012-05-07,5.958
2012-05-08,5.868
2012-05-09,5.786
2012-05-10,5.726000000000001
2012-05-11,5.65
2012-05-12,5.644
2012-05-13,5.628
2012-05-14,5.668
2012-05-15,5.708
2012-05-16,5.787999999999999
2012-05-17,6.026
2012-05-18,6.012
2012-05-19,5.846
2012-05-20,5.85
2012-05-21,6.018
2012-05-22,6.156000000000001
2012-05-23,5.908
2012-05-24,5.896
2012-05-25,5.918
2012-05-26,6.012
2012-05-27,5.958
2012-05-28,5.978
2012-05-29,5.998
2012-05-30,5.958
2012-05-31,5.9
2012-06-01,5.934
2012-06-02,7.159999999999999
2012-06-03,6.928
2012-06-04,6.55
2012-06-05,6.396
2012-06-06,6.965999999999999
2012-06-07,6.942
2012-06-08,6.968000000000001
2012-06-09,6.7620000000000005
2012-06-10,6.398000000000001
2012-06-11,6.218
2012-06-12,5.994
2012-06-13,5.88
2012-06-14,5.878
2012-06-15,5.948
2012-06-16,6.086
2012-06-17,8.574000000000002
2012-06-18,8.248
2012-06-19,7.228
2012-06-20,6.837999999999999
2012-06-21,6.736
2012-06-22,6.644
2012-06-23,6.787999999999999
2012-06-24,7.5920000000000005
2012-06-25,9.39
2012-06-26,9.303999999999998
2012-06-27,8.804
2012-06-28,8.565999999999999
2012-06-29,8.34
2012-06-30,7.715999999999999
2012-07-01,7.31
2012-07-02,7.206
2012-07-03,7.464
2012-07-04,7.029999999999999
2012-07-05,6.944
2012-07-06,6.872
2012-07-07,6.8
2012-07-08,6.779999999999999
2012-07-09,6.7299999999999995
2012-07-10,6.606
2012-07-11,6.536
2012-07-12,6.4719999999999995
2012-07-13,6.42
2012-07-14,6.5200000000000005
2012-07-15,6.704000000000001
2012-07-16,7.525999999999999
2012-07-17,7.514
2012-07-18,7.0
2012-07-19,7.836
2012-07-20,7.656000000000001
2012-07-21,7.378
2012-07-22,7.31
2012-07-23,7.142
2012-07-24,7.202
2012-07-25,7.504
2012-07-26,7.15
2012-07-27,6.7299999999999995
2012-07-28,6.688
2012-07-29,6.708
2012-07-30,6.948
2012-07-31,6.848000000000001
2012-08-01,6.686
2012-08-02,6.65
2012-08-03,6.558
2012-08-04,7.206
2012-08-05,7.386
2012-08-06,6.976000000000001
2012-08-07,6.787999999999999
2012-08-08,6.718000000000001
2012-08-09,6.831999999999999
2012-08-10,6.728
2012-08-11,6.614
2012-08-12,6.58
2012-08-13,6.944
2012-08-14,7.712000000000001
2012-08-15,7.302
2012-08-16,7.138
2012-08-17,7.612
2012-08-18,8.138
2012-08-19,7.414
2012-08-20,7.108
2012-08-21,7.087999999999999
2012-08-22,7.0280000000000005
2012-08-23,6.864
2012-08-24,6.712000000000001
2012-08-25,6.696
2012-08-26,6.718000000000001
2012-08-27,6.904000000000001
2012-08-28,7.35
2012-08-29,6.976000000000001
2012-08-30,6.794
2012-08-31,6.6579999999999995
2012-09-01,6.5680000000000005
2012-09-02,6.484
2012-09-03,6.468000000000001
2012-09-04,6.603999999999999
2012-09-05,6.590000000000001
2012-09-06,6.6579999999999995
2012-09-07,6.646000000000001
2012-09-08,6.537999999999999
2012-09-09,6.448
2012-09-10,6.459999999999999
2012-09-11,6.578
2012-09-12,6.4879999999999995
2012-09-13,6.4239999999999995
2012-09-14,6.976000000000001
2012-09-15,6.7780000000000005
2012-09-16,6.502
2012-09-17,6.478
2012-09-18,6.542
2012-09-19,6.962000000000001
2012-09-20,6.6579999999999995
2012-09-21,6.468000000000001
2012-09-22,6.42
2012-09-23,6.328
2012-09-24,6.34
2012-09-25,6.502
2012-09-26,6.718000000000001
2012-09-27,6.903999999999999
2012-09-28,7.06
2012-09-29,6.890000000000001
2012-09-30,6.890000000000001
2012-10-01,6.696
2012-10-02,6.83
2012-10-03,6.590000000000001
2012-10-04,6.578
2012-10-05,6.612
2012-10-06,7.458
2012-10-07,7.459999999999999
2012-10-08,7.023999999999999
2012-10-09,6.848000000000001
2012-10-10,6.808
2012-10-11,6.8260000000000005
2012-10-12,8.292
2012-10-13,8.262
2012-10-14,7.734
2012-10-15,7.5120000000000005
2012-10-16,7.168000000000001
2012-10-17,6.9879999999999995
2012-10-18,6.808
2012-10-19,6.668000000000001
2012-10-20,6.516
2012-10-21,6.452
2012-10-22,6.458
2012-10-23,6.446000000000001
2012-10-24,6.428
2012-10-25,6.418000000000001
2012-10-26,6.398
2012-10-27,6.39
2012-10-28,6.378
2012-10-29,6.368
2012-10-30,6.322
2012-10-31,6.298
2012-11-01,6.288
2012-11-02,6.278
2012-11-03,6.268
2012-11-04,6.264
2012-11-05,6.368
2012-11-06,6.44
2012-11-07,6.787999999999999
2012-11-08,6.888
2012-11-09,6.781999999999999
2012-11-10,6.638
2012-11-11,6.5680000000000005
2012-11-12,6.478
2012-11-13,6.422
2012-11-14,6.358
2012-11-15,6.332
2012-11-16,6.306
2012-11-17,6.282
2012-11-18,6.258
2012-11-19,6.248
2012-11-20,6.242
2012-11-21,6.238
2012-11-22,6.228
2012-11-23,6.228
2012-11-24,6.234
2012-11-25,6.264
2012-11-26,6.248
2012-11-27,6.242
2012-11-28,6.238
2012-11-29,6.228
2012-11-30,6.246
2012-12-01,6.248
2012-12-02,6.238
2012-12-03,6.238
2012-12-04,6.238
2012-12-05,6.2299999999999995
2012-12-06,6.2299999999999995
2012-12-07,6.228
2012-12-08,6.218
2012-12-09,6.218
2012-12-10,6.218
2012-12-11,6.218
2012-12-12,6.208
2012-12-13,6.208
2012-12-14,6.208
2012-12-15,6.208
2012-12-16,6.208
2012-12-17,6.198
2012-12-18,6.198
2012-12-19,6.198
2012-12-20,6.198
2012-12-21,6.1899999999999995
2012-12-22,6.188
2012-12-23,6.188
2012-12-24,6.093999999999999
2012-12-25,6.078
2012-12-26,6.068
2012-12-27,6.058
2012-12-28,6.048
2012-12-29,5.992
2012-12-30,6.0280000000000005
2012-12-31,6.078
2013-01-01,6.072
2013-01-02,6.008
2013-01-03,5.988
2013-01-04,5.948
2013-01-05,5.86
2013-01-06,5.868
2013-01-07,5.938000000000001
2013-01-08,5.998
2013-01-09,5.952
2013-01-10,6.058
2013-01-11,6.144
2013-01-12,6.068
2013-01-13,6.028
2013-01-14,6.048
2013-01-15,6.078
2013-01-16,6.037999999999999
2013-01-17,6.01
2013-01-18,6.0920000000000005
2013-01-19,6.086
2013-01-20,6.014
2013-01-21,6.014
2013-01-22,6.066
2013-01-23,6.054
2013-01-24,6.038
2013-01-25,6.022
2013-01-26,6.008
2013-01-27,5.994000000000001
2013-01-28,5.9719999999999995
2013-01-29,5.946
2013-01-30,5.918
2013-01-31,5.888
2013-02-01,5.862
2013-02-02,5.798
2013-02-03,5.779999999999999
2013-02-04,5.758
2013-02-05,5.748
2013-02-06,5.742
2013-02-07,5.738
2013-02-08,5.726
2013-02-09,5.708
2013-02-10,5.686
2013-02-11,5.628
2013-02-12,5.6240000000000006
2013-02-13,5.57
2013-02-14,5.587999999999999
2013-02-15,5.616
2013-02-16,5.578
2013-02-17,5.558
2013-02-18,5.56
2013-02-19,5.598
2013-02-20,5.582
2013-02-21,5.508
2013-02-22,5.4399999999999995
2013-02-23,5.428
2013-02-24,5.422
2013-02-25,5.416
2013-02-26,5.408
2013-02-27,5.408
2013-02-28,5.398
2013-03-01,5.388
2013-03-02,5.378
2013-03-03,5.378
2013-03-04,5.368
2013-03-05,5.368
2013-03-06,5.362
2013-03-07,5.346
2013-03-08,5.338
2013-03-09,5.328
2013-03-10,5.322
2013-03-11,5.292
2013-03-12,5.278
2013-03-13,5.268
2013-03-14,5.268
2013-03-15,5.262
2013-03-16,5.246
2013-03-17,5.238
2013-03-18,5.262
2013-03-19,5.262
2013-03-20,5.228
2013-03-21,5.198
2013-03-22,5.198
2013-03-23,5.226
2013-03-24,5.2219999999999995
2013-03-25,5.208
2013-03-26,5.206
2013-03-27,5.198
2013-03-28,5.198
2013-03-29,5.198
2013-03-30,5.188
2013-04-01,5.220000000000001
2013-04-02,5.346
2013-04-03,5.324
2013-04-04,5.308
2013-04-05,5.304
2013-04-06,5.298
2013-04-07,5.292
2013-04-08,5.288
2013-04-09,5.284000000000001
2013-04-10,5.278
2013-04-11,5.272
2013-04-12,5.264
2013-04-13,5.258
2013-04-14,5.248
2013-04-15,5.234
2013-04-16,5.218
2013-04-17,5.220000000000001
2013-04-18,5.208
2013-04-19,5.208
2013-04-20,5.208
2013-04-21,5.208
2013-04-22,5.208
2013-04-23,5.198
2013-04-24,5.198
2013-04-25,5.198
2013-04-26,5.21
2013-04-27,5.254
2013-04-28,5.264
2013-04-29,5.3340000000000005
2013-04-30,5.378
2013-05-01,5.348
2013-05-02,5.34
2013-05-03,5.308
2013-05-04,5.322
2013-05-05,5.628
2013-05-06,6.824
2013-05-07,7.516
2013-05-08,7.694
2013-05-09,8.296000000000001
2013-05-10,8.552
2013-05-11,8.404
2013-05-12,8.282
2013-05-13,7.603999999999999
2013-05-14,7.378
2013-05-15,7.062
2013-05-16,6.914
2013-05-17,8.544
2013-05-18,8.192
2013-05-19,7.426
2013-05-20,6.948
2013-05-21,6.795999999999999
2013-05-22,7.0
2013-05-23,7.340000000000001
2013-05-24,7.103999999999999
2013-05-25,7.65
2013-05-26,7.636
2013-05-27,7.014
2013-05-28,6.720000000000001
2013-05-29,6.634
2013-05-30,6.516
2013-05-31,6.4079999999999995
2013-06-01,6.308
2013-06-02,6.24
2013-06-03,6.2219999999999995
2013-06-04,6.208
2013-06-05,6.208
2013-06-06,6.198
2013-06-07,6.188
2013-06-08,6.176
2013-06-09,6.172
2013-06-10,6.336
2013-06-11,6.151999999999999
2013-06-12,6.028
2013-06-13,6.0600000000000005
2013-06-14,6.128
2013-06-15,6.096
2013-06-16,6.208
2013-06-17,6.1259999999999994
2013-06-18,5.9399999999999995
2013-06-19,5.8100000000000005
2013-06-20,5.798
2013-06-21,5.794
2013-06-22,6.074
2013-06-23,7.140000000000001
2013-06-24,6.664
2013-06-25,6.99
2013-06-26,6.51
2013-06-27,6.452
2013-06-28,7.368
2013-06-29,7.7459999999999996
2013-06-30,7.32
2013-07-01,7.037999999999999
2013-07-02,6.803999999999999
2013-07-03,6.638
2013-07-04,6.4879999999999995
2013-07-05,6.396
2013-07-06,6.266
2013-07-07,6.248
2013-07-08,6.266
2013-07-09,6.4159999999999995
2013-07-10,6.25
2013-07-11,6.2299999999999995
2013-07-12,6.228
2013-07-13,6.218
2013-07-14,6.208
2013-07-15,6.198
2013-07-16,6.188
2013-07-17,6.228
2013-07-18,6.252
2013-07-19,6.409999999999999
2013-07-20,6.298
2013-07-21,6.328
2013-07-22,6.348
2013-07-23,6.276
2013-07-24,6.082
2013-07-25,6.034000000000001
2013-07-26,6.028
2013-07-27,6.194
2013-07-28,7.0120000000000005
2013-07-29,7.508
2013-07-30,7.1659999999999995
2013-07-31,6.764
2013-08-01,6.574
2013-08-02,6.548
2013-08-03,6.492
2013-08-04,6.436
2013-08-05,7.4799999999999995
2013-08-06,7.209999999999999
2013-08-07,7.022
2013-08-08,7.9879999999999995
2013-08-09,7.653999999999999
2013-08-10,6.968000000000001
2013-08-11,6.704000000000001
2013-08-12,6.694
2013-08-13,6.638
2013-08-14,6.568
2013-08-15,6.606
2013-08-16,6.688
2013-08-17,7.098000000000001
2013-08-18,7.3260000000000005
2013-08-19,6.8180000000000005
2013-08-20,6.640000000000001
2013-08-21,6.62
2013-08-22,6.5680000000000005
2013-08-23,6.4879999999999995
2013-08-24,6.4079999999999995
2013-08-25,6.31
2013-08-26,6.248
2013-08-27,6.158
2013-08-28,6.138
2013-08-29,6.188000000000001
2013-08-30,6.638
2013-08-31,6.9319999999999995
2013-09-01,6.9799999999999995
2013-09-02,6.688
2013-09-03,6.568
2013-09-04,6.7299999999999995
2013-09-05,7.284000000000001
2013-09-06,9.708
2013-09-07,8.870000000000001
2013-09-08,7.888
2013-09-09,7.9
2013-09-10,7.651999999999999
2013-09-11,7.18
2013-09-12,7.018000000000001
2013-09-13,6.83
2013-09-14,6.668000000000001
2013-09-15,6.458
2013-09-16,6.438
2013-09-17,6.456
2013-09-18,6.4239999999999995
2013-09-19,6.686
2013-09-20,6.506
2013-09-21,6.414
2013-09-22,6.581999999999999
2013-09-23,7.2620000000000005
2013-09-24,6.874
2013-09-25,6.796000000000001
2013-09-26,7.023999999999999
2013-09-27,7.132
2013-09-28,6.837999999999999
2013-09-29,6.818
2013-09-30,6.93
2013-10-01,7.093999999999999
2013-10-02,6.848000000000001
2013-10-03,6.746
2013-10-04,7.298
2013-10-05,7.698
2013-10-06,7.909999999999999
2013-10-07,8.012
2013-10-08,7.959999999999999
2013-10-09,7.465999999999999
2013-10-10,7.108
2013-10-11,6.968000000000001
2013-10-12,6.808
2013-10-13,6.715999999999999
2013-10-14,6.6579999999999995
2013-10-15,6.638
2013-10-16,6.38
2013-10-17,6.328
2013-10-18,6.298
2013-10-19,6.282
2013-10-20,6.278
2013-10-21,6.328
2013-10-22,6.388
2013-10-23,6.3759999999999994
2013-10-24,6.302
2013-10-25,6.268
2013-10-26,6.254
2013-10-27,6.279999999999999
2013-10-28,6.366
2013-10-29,6.287999999999999
2013-10-30,6.238
2013-10-31,6.228
2013-11-01,6.212000000000001
2013-11-02,6.198
2013-11-03,6.188
2013-11-04,6.178
2013-11-05,6.15
2013-11-06,6.114
2013-11-07,6.078
2013-11-08,6.068
2013-11-09,6.058
2013-11-10,6.058
2013-11-11,6.048
2013-11-12,6.0760000000000005
2013-11-13,6.044
2013-11-14,6.038
2013-11-15,6.058
2013-11-16,6.102
2013-11-17,6.162
2013-11-18,6.188
2013-11-19,6.134
2013-11-20,6.068
2013-11-21,6.0920000000000005
2013-11-22,6.078
2013-11-23,6.069999999999999
2013-11-24,6.068
2013-11-25,6.068
2013-11-26,6.058
2013-11-27,6.058
2013-11-28,6.040000000000001
2013-11-29,6.064
2013-11-30,6.0840000000000005
2013-12-01,6.088
2013-12-02,6.037999999999999
2013-12-03,5.968
2013-12-04,5.958
2013-12-05,5.970000000000001
2013-12-06,5.988
2013-12-07,5.988
2013-12-08,5.99
2013-12-09,5.978
2013-12-10,5.968
2013-12-11,5.928
2013-12-12,5.888
2013-12-13,5.888
2013-12-14,5.938000000000001
2013-12-15,5.988
2013-12-16,5.988
2013-12-17,5.978
2013-12-18,5.968
2013-12-19,5.978
2013-12-20,5.978
2013-12-21,5.988
2013-12-22,5.978
2013-12-23,5.968
2013-12-24,5.958
2013-12-25,5.948
2013-12-26,5.948
2013-12-27,5.938
2013-12-28,5.928
2013-12-29,5.918
2013-12-30,5.908
2013-12-31,5.908
2014-01-01,5.898
2014-01-02,5.898
2014-01-03,5.898
2014-01-04,5.888
2014-01-05,5.88
2014-01-06,5.878
2014-01-07,5.878
2014-01-08,5.902
2014-01-09,5.918
2014-01-10,5.928
2014-01-11,5.938
2014-01-12,5.938
2014-01-13,5.928
2014-01-14,5.918
2014-01-15,5.908
2014-01-16,5.908
2014-01-17,5.918
2014-01-18,5.938
2014-01-19,5.958
2014-01-20,5.958
2014-01-21,5.948
2014-01-22,5.938
2014-01-23,5.938
2014-01-24,5.928
2014-01-25,5.928
2014-01-26,5.918
2014-01-27,5.918
2014-01-28,5.908
2014-01-29,5.908
2014-01-30,5.908
2014-01-31,5.898
2014-02-01,5.898
2014-02-02,5.898
2014-02-03,5.924
2014-02-04,5.938
2014-02-05,5.928
2014-02-06,5.918
2014-02-07,5.908
2014-02-08,5.898
2014-02-09,5.878
2014-02-10,5.794
2014-02-11,5.778
2014-02-12,5.778
2014-02-13,5.768
2014-02-14,5.773999999999999
2014-02-15,5.8420000000000005
2014-02-16,5.828
2014-02-17,5.848000000000001
2014-02-18,5.888
2014-02-19,5.888
2014-02-20,5.888
2014-02-21,5.926
2014-02-22,5.938
2014-02-23,5.918
2014-02-24,5.908
2014-02-25,5.898
2014-02-26,5.888
2014-02-27,5.858
2014-02-28,5.798
2014-03-01,5.788
2014-03-02,5.798
2014-03-03,5.818
2014-03-04,5.787999999999999
2014-03-05,5.728
2014-03-06,5.728
2014-03-07,5.718
2014-03-08,5.708
2014-03-09,5.708
2014-03-10,5.698
2014-03-11,5.688
2014-03-12,5.678
2014-03-13,5.666
2014-03-14,5.632
2014-03-15,5.6
2014-03-16,5.578
2014-03-17,5.5760000000000005
2014-03-18,5.548
2014-03-19,5.548
2014-03-20,5.538
2014-03-21,5.528
2014-03-22,5.522
2014-03-23,5.498
2014-03-24,5.498
2014-03-25,5.532
2014-03-26,5.538
2014-03-27,5.538
2014-03-28,5.488
2014-03-29,5.4079999999999995
2014-03-30,5.3340000000000005
2014-03-31,5.328
2014-04-01,5.318
2014-04-02,5.318
2014-04-03,5.318
2014-04-04,5.358
2014-04-05,5.428
2014-04-06,5.4079999999999995
2014-04-07,5.324
2014-04-08,5.4079999999999995
2014-04-09,5.432
2014-04-10,5.502000000000001
2014-04-11,5.4399999999999995
2014-04-12,5.304
2014-04-13,5.304
2014-04-14,5.358
2014-04-15,5.328
2014-04-16,5.308
2014-04-17,5.308
2014-04-18,5.298
2014-04-19,5.298
2014-04-20,5.288
2014-04-21,5.288
2014-04-22,5.288
2014-04-23,5.288
2014-04-24,5.248
2014-04-25,5.248
2014-04-26,5.248
2014-04-27,5.238
2014-04-28,5.238
2014-04-29,5.228
2014-04-30,5.228
2014-05-01,5.218
2014-05-02,5.208
2014-05-03,5.208
2014-05-04,5.208
2014-05-05,5.198
2014-05-06,5.208
2014-05-07,5.208
2014-05-08,5.324
2014-05-09,7.552
2014-05-10,7.42
2014-05-11,6.537999999999999
2014-05-12,6.938
2014-05-13,7.034000000000001
2014-05-14,6.294
2014-05-15,5.968
2014-05-16,5.747999999999999
2014-05-17,5.532
2014-05-18,5.4479999999999995
2014-05-19,5.408
2014-05-20,5.402
2014-05-21,5.358
2014-05-22,5.348
2014-05-23,5.338
2014-05-24,5.338
2014-05-25,5.366
2014-05-26,5.462000000000001
2014-05-27,5.528
2014-05-28,5.498
2014-05-29,5.546
2014-05-30,6.054
2014-05-31,6.5
2014-06-01,6.612
2014-06-02,6.384
2014-06-03,6.284
2014-06-04,6.220000000000001
2014-06-05,6.202
2014-06-06,6.168
2014-06-07,6.148
2014-06-08,6.13
2014-06-09,6.088
2014-06-10,6.048
2014-06-11,6.008
2014-06-12,6.0
2014-06-13,6.0600000000000005
2014-06-14,6.036
2014-06-15,5.968
2014-06-16,5.862
2014-06-17,5.82
2014-06-18,6.078
2014-06-19,7.353999999999999
2014-06-20,7.218000000000001
2014-06-21,7.268000000000001
2014-06-22,9.068
2014-06-23,10.148
2014-06-24,10.098
2014-06-25,9.654
2014-06-26,8.906
2014-06-27,8.3
2014-06-28,8.01
2014-06-29,7.612
2014-06-30,7.392
2014-07-01,7.048
2014-07-02,6.978
2014-07-03,6.928
2014-07-04,6.886
2014-07-05,7.056
2014-07-06,7.008
2014-07-07,6.942
2014-07-08,6.872
2014-07-09,6.664
2014-07-10,6.566
2014-07-11,6.49
2014-07-12,6.428
2014-07-13,6.398
2014-07-14,6.356
2014-07-15,6.308
2014-07-16,6.288
2014-07-17,6.282
2014-07-18,6.248
2014-07-19,6.2219999999999995
2014-07-20,6.188
2014-07-21,6.168
2014-07-22,6.158
2014-07-23,6.146
2014-07-24,6.108
2014-07-25,6.088
2014-07-26,6.078
2014-07-27,6.2
2014-07-28,6.95
2014-07-29,6.720000000000001
2014-07-30,6.522
2014-07-31,6.4719999999999995
2014-08-01,6.428
2014-08-02,6.358
2014-08-03,6.290000000000001
2014-08-04,6.268
2014-08-05,6.208
2014-08-06,6.268
2014-08-07,6.288
2014-08-08,6.272
2014-08-09,6.204
2014-08-10,6.188
2014-08-11,6.188
2014-08-12,6.168
2014-08-13,6.346
2014-08-14,7.106
2014-08-15,8.232
2014-08-16,8.692
2014-08-17,8.016
2014-08-18,7.390000000000001
2014-08-19,7.220000000000001
2014-08-20,7.19
2014-08-21,7.4319999999999995
2014-08-22,7.2379999999999995
2014-08-23,7.470000000000001
2014-08-24,7.0200000000000005
2014-08-25,6.628
2014-08-26,6.628
2014-08-27,6.598000000000001
2014-08-28,6.4719999999999995
2014-08-29,7.4079999999999995
2014-08-30,7.644
2014-08-31,7.767999999999999
2014-09-01,7.674000000000001
2014-09-02,7.087999999999999
2014-09-03,6.644
2014-09-04,6.614
2014-09-05,6.688
2014-09-06,6.587999999999999
2014-09-07,6.418000000000001
2014-09-08,6.358
2014-09-09,6.172
2014-09-10,6.128
2014-09-11,6.186
2014-09-12,6.138
2014-09-13,6.104
2014-09-14,6.078
2014-09-15,6.064
2014-09-16,6.054
2014-09-17,6.066
2014-09-18,5.95
2014-09-19,5.926
2014-09-20,7.208
2014-09-21,6.76
2014-09-22,7.024000000000001
2014-09-23,7.748
2014-09-24,8.814
2014-09-25,8.466
2014-09-26,7.828
2014-09-27,7.448
2014-09-28,7.286
2014-09-29,7.052
2014-09-30,6.840000000000001
2014-10-01,6.668000000000001
2014-10-02,6.518000000000001
2014-10-03,6.428
2014-10-04,6.348000000000001
2014-10-05,6.27
2014-10-06,6.223999999999999
2014-10-07,6.192
2014-10-08,6.178
2014-10-09,6.16
2014-10-10,6.13
2014-10-11,6.118
2014-10-12,6.168
2014-10-13,6.25
2014-10-14,6.614
2014-10-15,6.470000000000001
2014-10-16,6.358
2014-10-17,6.228
2014-10-18,6.18
2014-10-19,6.138
2014-10-20,6.148
2014-10-21,6.166
2014-10-22,6.158
2014-10-23,6.145999999999999
2014-10-24,6.112
2014-10-25,6.09
2014-10-26,6.048
2014-10-27,6.038
2014-10-28,6.008
2014-10-29,6.018
2014-10-30,6.036
2014-10-31,6.058
2014-11-01,6.038
2014-11-02,5.962
2014-11-03,5.446
2014-11-04,5.568
2014-11-05,5.498
2014-11-06,5.478
2014-11-07,5.468
2014-11-08,5.464
2014-11-09,5.4799999999999995
2014-11-10,5.636
2014-11-11,5.788
2014-11-12,5.668
2014-11-13,5.558
2014-11-14,5.518
2014-11-15,5.518
2014-11-16,5.508
2014-11-17,5.548
2014-11-18,5.574
2014-11-19,5.548
2014-11-20,5.538
2014-11-21,5.528
2014-11-22,5.528
2014-11-23,5.522
2014-11-24,5.518
2014-11-25,5.504
2014-11-26,5.488
2014-11-27,5.478
2014-11-28,5.468
2014-11-29,5.458
2014-11-30,5.448
2014-12-01,5.438
2014-12-02,5.428
2014-12-03,5.418
2014-12-04,5.418
2014-12-05,5.418
2014-12-06,5.448
2014-12-07,5.506
2014-12-08,5.468
2014-12-09,5.458
2014-12-10,5.448
2014-12-11,5.448
2014-12-12,5.438
2014-12-13,5.428
2014-12-14,5.424
2014-12-15,5.392
2014-12-16,5.368
2014-12-17,5.348
2014-12-18,5.338
2014-12-19,5.328
2014-12-20,5.328
2014-12-21,5.311999999999999
2014-12-22,5.2700000000000005
2014-12-23,5.236
2014-12-24,5.21
2014-12-25,5.194
2014-12-26,5.18
2014-12-27,5.148
2014-12-28,5.138
2014-12-29,5.128
2014-12-30,5.118
2014-12-31,5.108
2015-01-01,5.098
2015-01-02,5.088
2015-01-03,5.078
2015-01-04,5.068
2015-01-05,5.068
2015-01-06,5.058
2015-01-07,5.056
2015-01-08,5.048
2015-01-09,5.038
2015-01-10,5.038
2015-01-11,5.022
2015-01-12,4.958
2015-01-13,4.926
2015-01-14,4.878
2015-01-15,4.868
2015-01-16,4.868
2015-01-17,4.868
2015-01-18,4.868
2015-01-19,4.886
2015-01-20,4.878
2015-01-21,4.868
2015-01-22,4.898000000000001
2015-01-23,4.901999999999999
2015-01-24,4.93
2015-01-25,4.946
2015-01-26,4.928
2015-01-27,4.918
2015-01-28,4.91
2015-01-29,4.948
2015-01-30,5.01
2015-01-31,5.066
2015-02-01,5.088
2015-02-02,5.088
2015-02-03,5.078
2015-02-04,5.078
2015-02-05,5.068
2015-02-06,5.068
2015-02-07,5.061999999999999
2015-02-08,5.058
2015-02-09,5.048
2015-02-10,5.038
2015-02-11,5.028
2015-02-12,5.028
2015-02-13,5.018
2015-02-14,5.008
2015-02-15,5.008
2015-02-16,5.018
2015-02-17,5.028
2015-02-18,5.038
2015-02-19,5.048
2015-02-20,5.064
2015-02-21,5.038
2015-02-22,4.998
2015-02-23,4.958
2015-02-24,4.948
2015-02-25,4.938
2015-02-26,4.928
2015-02-27,4.908
2015-02-28,4.898
2015-03-01,4.918
2015-03-02,4.858
2015-03-03,4.848
2015-03-04,4.856
2015-03-05,4.934
2015-03-06,5.0
2015-03-07,4.978
2015-03-08,4.968
2015-03-09,4.958
2015-03-10,4.958
2015-03-11,4.948
2015-03-12,4.948
2015-03-13,4.938
2015-03-14,4.938
2015-03-15,4.9079999999999995
2015-03-16,4.848000000000001
2015-03-17,4.808
2015-03-18,4.808
2015-03-19,4.82
2015-03-20,4.858
2015-03-21,4.822
2015-03-22,4.788
2015-03-23,4.788
2015-03-24,4.788
2015-03-25,4.778
2015-03-26,4.818
2015-03-27,4.9079999999999995
2015-03-28,4.968
2015-03-29,4.946
2015-03-30,4.858
2015-03-31,4.76
2015-04-01,4.758
2015-04-02,4.946
2015-04-03,5.24
2015-04-04,5.806
2015-04-05,5.755999999999999
2015-04-06,5.538
2015-04-07,5.9479999999999995
2015-04-08,5.724
2015-04-09,5.646
2015-04-10,5.496
2015-04-11,5.3100000000000005
2015-04-12,5.118
2015-04-13,5.008
2015-04-14,4.918
2015-04-15,4.837999999999999
2015-04-16,4.748
2015-04-17,4.708
2015-04-18,4.71
2015-04-19,4.866
2015-04-20,5.4719999999999995
2015-04-21,5.268
2015-04-22,5.182
2015-04-23,5.212
2015-04-24,6.192
2015-04-25,5.787999999999999
2015-04-26,5.470000000000001
2015-04-27,5.252
2015-04-28,5.172
2015-04-29,5.204
2015-04-30,5.118
2015-05-01,5.76
2015-05-02,5.5920000000000005
2015-05-03,5.35
2015-05-04,5.218
2015-05-05,5.132
2015-05-06,5.072
2015-05-07,5.034
2015-05-08,5.026
2015-05-09,5.268
2015-05-10,5.14
2015-05-11,5.05
2015-05-12,5.232
2015-05-13,5.282
2015-05-14,5.204
2015-05-15,5.108
2015-05-16,5.061999999999999
2015-05-17,5.236
2015-05-18,5.148000000000001
2015-05-19,6.018
2015-05-20,6.038
2015-05-21,5.352
2015-05-22,5.136
2015-05-23,5.036
2015-05-24,5.372
2015-05-25,6.21
2015-05-26,5.75
2015-05-27,5.382
2015-05-28,5.29
2015-05-29,5.494
2015-05-30,5.866
2015-05-31,6.166
2015-06-01,5.868
2015-06-02,5.556
2015-06-03,5.37
2015-06-04,5.3340000000000005
2015-06-05,5.198
2015-06-06,5.087999999999999
2015-06-07,5.061999999999999
2015-06-08,5.029999999999999
2015-06-09,4.982
2015-06-10,4.948
2015-06-11,5.018
2015-06-12,6.616
2015-06-13,6.184
2015-06-14,5.652
2015-06-15,5.6160000000000005
2015-06-16,5.574
2015-06-17,5.779999999999999
2015-06-18,5.49
2015-06-19,5.326
2015-06-20,5.526
2015-06-21,6.1240000000000006
2015-06-22,5.732
2015-06-23,5.828
2015-06-24,6.292
2015-06-25,6.726000000000001
2015-06-26,6.68
2015-06-27,7.19
2015-06-28,7.35
2015-06-29,6.912000000000001
2015-06-30,6.572
2015-07-01,6.264
2015-07-02,6.034000000000001
2015-07-03,5.834
2015-07-04,5.816
2015-07-05,5.696
2015-07-06,5.868
2015-07-07,5.662000000000001
2015-07-08,6.94
2015-07-09,7.992
2015-07-10,8.044
2015-07-11,7.996
2015-07-12,7.336
2015-07-13,6.843999999999999
2015-07-14,6.548
2015-07-15,6.276
2015-07-16,6.731999999999999
2015-07-17,6.868
2015-07-18,7.624
2015-07-19,8.538
2015-07-20,9.33
2015-07-21,8.782
2015-07-22,8.315999999999999
2015-07-23,7.748
2015-07-24,7.624
2015-07-25,8.736
2015-07-26,8.716
2015-07-27,8.514
2015-07-28,8.43
2015-07-29,8.622
2015-07-30,8.7
2015-07-31,7.924000000000001
2015-08-01,8.642
2015-08-02,8.838
2015-08-03,8.352
2015-08-04,7.595999999999999
2015-08-05,7.208
2015-08-06,6.922
2015-08-07,6.645999999999999
2015-08-08,6.448
2015-08-09,6.17
2015-08-10,6.066
2015-08-11,6.008
2015-08-12,5.988
2015-08-13,5.965999999999999
2015-08-14,5.948
2015-08-15,5.932
2015-08-16,6.178
2015-08-17,6.034000000000001
2015-08-18,6.514
2015-08-19,7.272
2015-08-20,7.996
2015-08-21,8.936
2015-08-22,8.575999999999999
2015-08-23,7.779999999999999
2015-08-24,7.2299999999999995
2015-08-25,6.9079999999999995
2015-08-26,6.626
2015-08-27,6.4
2015-08-28,6.287999999999999
2015-08-29,6.1899999999999995
2015-08-30,6.286
2015-08-31,6.67
2015-09-01,8.684000000000001
2015-09-02,9.41
2015-09-03,8.878
2015-09-04,8.548
2015-09-05,7.978
2015-09-06,7.581999999999999
2015-09-07,7.287999999999999
2015-09-08,7.108
2015-09-09,7.145999999999999
2015-09-10,6.878
2015-09-11,7.18
2015-09-12,6.828
2015-09-13,8.284
2015-09-14,7.959999999999999
2015-09-15,8.67
2015-09-16,8.294
2015-09-17,8.058
2015-09-18,7.7700000000000005
2015-09-19,7.636
2015-09-20,7.587999999999999
2015-09-21,7.322
2015-09-22,7.558
2015-09-23,8.894
2015-09-24,9.918
2015-09-25,9.678
2015-09-26,9.303999999999998
2015-09-27,8.86
2015-09-28,8.440000000000001
2015-09-29,7.954000000000001
2015-09-30,7.787999999999999
2015-10-01,7.4239999999999995
2015-10-02,7.194
2015-10-03,7.124
2015-10-04,6.94
2015-10-05,6.876
2015-10-06,6.748
2015-10-07,6.6739999999999995
2015-10-08,6.868
2015-10-09,7.215999999999999
2015-10-10,7.212000000000001
2015-10-11,6.964
2015-10-12,6.779999999999999
2015-10-13,6.75
2015-10-14,6.6819999999999995
2015-10-15,6.542
2015-10-16,6.4
2015-10-17,6.33
2015-10-18,6.186
2015-10-19,6.068
2015-10-20,5.998
2015-10-21,5.946
2015-10-22,5.914
2015-10-23,5.888
2015-10-24,5.886
2015-10-25,5.85
2015-10-26,5.816
2015-10-27,5.794
2015-10-28,5.776
2015-10-29,5.758
2015-10-30,5.758
2015-10-31,5.738
2015-11-01,5.728
2015-11-02,5.728
2015-11-03,5.715999999999999
2015-11-04,5.698
2015-11-05,5.694
2015-11-06,5.678
2015-11-07,5.68
2015-11-08,5.712
2015-11-09,5.718
2015-11-10,5.708
2015-11-11,5.702
2015-11-12,5.688
2015-11-13,5.678
2015-11-14,5.656000000000001
2015-11-15,5.58
2015-11-16,5.564
2015-11-17,5.548
2015-11-18,5.548
2015-11-19,5.538
2015-11-20,5.528
2015-11-21,5.518
2015-11-22,5.508
2015-11-23,5.5200000000000005
2015-11-24,5.556
2015-11-25,5.558
2015-11-26,5.537999999999999
2015-11-27,5.508
2015-11-28,5.508
2015-11-29,5.536
2015-11-30,5.558
2015-12-01,5.558
2015-12-02,5.548
2015-12-03,5.548
2015-12-04,5.548
2015-12-05,5.558
2015-12-06,5.558
2015-12-07,5.558
2015-12-08,5.548
2015-12-09,5.548
2015-12-10,5.548
2015-12-11,5.528
2015-12-12,5.528
2015-12-13,5.528
2015-12-14,5.518
2015-12-15,5.518
2015-12-16,5.518
2015-12-17,5.508
2015-12-18,5.508
2015-12-19,5.508
2015-12-20,5.498
2015-12-21,5.498
2015-12-22,5.498
2015-12-23,5.498
2015-12-24,5.488
2015-12-25,5.488
2015-12-26,5.488
2015-12-27,5.488
2015-12-28,5.488
2015-12-29,5.478
2015-12-30,5.478
2015-12-31,5.468
2016-01-01,5.4799999999999995
2016-01-02,5.578
2016-01-03,5.608
2016-01-04,5.601999999999999
2016-01-05,5.598
2016-01-06,5.598
2016-01-07,5.62
2016-01-08,5.658
2016-01-09,5.658
2016-01-10,5.658
2016-01-11,5.648
2016-01-12,5.648
2016-01-13,5.676
2016-01-14,5.68
2016-01-15,5.728
2016-01-16,5.728
2016-01-17,5.738
2016-01-18,5.738
2016-01-19,5.728
2016-01-20,5.728
2016-01-21,5.706
2016-01-22,5.618
2016-01-23,5.556
2016-01-24,5.528
2016-01-25,5.518
2016-01-26,5.518
2016-01-27,5.518
2016-01-28,5.518
2016-01-29,5.518
2016-01-30,5.508
2016-01-31,5.508
2016-02-01,5.508
2016-02-02,5.508
2016-02-03,5.498
2016-02-04,5.498
2016-02-05,5.492
2016-02-06,5.478
2016-02-07,5.468
2016-02-08,5.468
2016-02-09,5.468
2016-02-10,5.468
2016-02-11,5.458
2016-02-12,5.458
2016-02-13,5.458
2016-02-14,5.465999999999999
2016-02-15,5.478
2016-02-16,5.4719999999999995
2016-02-17,5.468
2016-02-18,5.468
2016-02-19,5.468
2016-02-20,5.468
2016-02-21,5.458
2016-02-22,5.458
2016-02-23,5.458
2016-02-24,5.529999999999999
2016-02-25,5.67
2016-02-26,5.587999999999999
2016-02-27,5.488
2016-02-28,5.337999999999999
2016-02-29,5.318
2016-03-01,5.33
2016-03-02,5.406000000000001
2016-03-03,5.394
2016-03-04,5.196
2016-03-05,5.296
2016-03-06,5.311999999999999
2016-03-07,5.254
2016-03-08,5.388
2016-03-09,5.262
2016-03-10,5.322
2016-03-11,5.343999999999999
2016-03-12,5.33
2016-03-13,5.3740000000000006
2016-03-14,5.368
2016-03-15,5.332
2016-03-16,5.242
2016-03-17,5.184
2016-03-18,5.142
2016-03-19,5.108
2016-03-20,5.093999999999999
2016-03-21,5.0840000000000005
2016-03-22,5.182
2016-03-23,5.843999999999999
2016-03-24,5.3340000000000005
2016-03-25,5.348000000000001
2016-03-26,5.198
2016-03-27,5.048
2016-03-28,5.066000000000001
2016-03-29,5.858
2016-03-30,5.868
2016-03-31,5.568
2016-04-01,5.448
2016-04-02,5.848000000000001
2016-04-03,5.566
2016-04-04,5.67
2016-04-05,6.564
2016-04-06,6.06
2016-04-07,5.728
2016-04-08,5.4799999999999995
2016-04-09,5.5
2016-04-10,5.4
2016-04-11,5.21
2016-04-12,5.114
2016-04-13,5.082
2016-04-14,5.068
2016-04-15,5.042
2016-04-16,4.966
2016-04-17,4.862
2016-04-18,4.824
2016-04-19,4.808
2016-04-20,4.788
2016-04-21,4.802
2016-04-22,4.826
2016-04-23,4.89
2016-04-24,4.992
2016-04-25,4.970000000000001
2016-04-26,4.918
2016-04-27,4.9
2016-04-28,4.862
2016-04-29,4.83
2016-04-30,4.9
2016-05-01,4.91
2016-05-02,4.886
2016-05-03,5.57
2016-05-04,5.248
2016-05-05,5.184
2016-05-06,5.448
2016-05-07,5.1579999999999995
2016-05-08,5.287999999999999
2016-05-09,5.242
2016-05-10,5.214
2016-05-11,5.176
2016-05-12,5.118
2016-05-13,5.106
2016-05-14,5.174
2016-05-15,5.532
2016-05-16,5.316
2016-05-17,5.244000000000001
2016-05-18,5.228
2016-05-19,5.352
2016-05-20,5.634
2016-05-21,5.96
2016-05-22,7.409999999999999
2016-05-23,7.32
2016-05-24,7.090000000000001
2016-05-25,6.736
2016-05-26,6.556
2016-05-27,6.422
2016-05-28,6.308
2016-05-29,6.218
2016-05-30,6.184
2016-05-31,5.976000000000001
2016-06-01,5.676
2016-06-02,5.614
2016-06-03,5.574
2016-06-04,5.542
2016-06-05,5.508
2016-06-06,5.502000000000001
2016-06-07,5.478
2016-06-08,5.556
2016-06-09,5.952
2016-06-10,5.894
2016-06-11,5.846
2016-06-12,6.1240000000000006
2016-06-13,6.5840000000000005
2016-06-14,6.366
2016-06-15,6.029999999999999
2016-06-16,5.952
2016-06-17,5.54
2016-06-18,5.454
2016-06-19,5.4
2016-06-20,5.39
2016-06-21,5.438
2016-06-22,5.568
2016-06-23,5.46
2016-06-24,5.46
2016-06-25,5.424
2016-06-26,5.408
2016-06-27,5.362
2016-06-28,5.332
2016-06-29,5.465999999999999
2016-06-30,5.4399999999999995
2016-07-01,5.628
2016-07-02,5.442
2016-07-03,5.37
2016-07-04,5.724
2016-07-05,6.9159999999999995
2016-07-06,6.890000000000001
2016-07-07,6.574
2016-07-08,6.5760000000000005
2016-07-09,6.678
2016-07-10,6.708
2016-07-11,6.537999999999999
2016-07-12,6.636
2016-07-13,6.678
2016-07-14,6.664
2016-07-15,6.651999999999999
2016-07-16,6.63
2016-07-17,6.816
2016-07-18,7.248
2016-07-19,8.581999999999999
2016-07-20,8.568000000000001
2016-07-21,7.874
2016-07-22,7.31
2016-07-23,6.94
2016-07-24,6.92
2016-07-25,6.806
2016-07-26,6.470000000000001
2016-07-27,6.364
2016-07-28,6.2700000000000005
2016-07-29,6.136
2016-07-30,6.078
2016-07-31,6.05
2016-08-01,6.76
2016-08-02,6.779999999999999
2016-08-03,6.529999999999999
2016-08-04,6.208
2016-08-05,6.014
2016-08-06,5.886
2016-08-07,5.806
2016-08-08,5.732
2016-08-09,5.712000000000001
2016-08-10,5.68
2016-08-11,5.688000000000001
2016-08-12,5.742
2016-08-13,5.686
2016-08-14,5.4799999999999995
2016-08-15,5.422
2016-08-16,6.332
2016-08-17,6.220000000000001
2016-08-18,6.484
2016-08-19,6.244
2016-08-20,5.838
2016-08-21,5.9879999999999995
2016-08-22,7.304
2016-08-23,7.292
2016-08-24,7.002
2016-08-25,6.470000000000001
2016-08-26,6.178
2016-08-27,7.064
2016-08-28,7.456
2016-08-29,7.798
2016-08-30,7.523999999999999
2016-08-31,7.212000000000001
2016-09-01,7.390000000000001
2016-09-02,7.38
2016-09-03,7.628
2016-09-04,7.345999999999999
2016-09-05,6.986
2016-09-06,6.656000000000001
2016-09-07,6.336
2016-09-08,6.11
2016-09-09,6.016
2016-09-10,5.942
2016-09-11,5.894
2016-09-12,6.16
2016-09-13,6.074
2016-09-14,5.968
2016-09-15,6.254
2016-09-16,6.540000000000001
2016-09-17,6.394
2016-09-18,6.132
2016-09-19,5.918
2016-09-20,5.843999999999999
2016-09-21,6.138
2016-09-22,6.492
2016-09-23,6.24
2016-09-24,6.066
2016-09-25,5.864
2016-09-26,5.702
2016-09-27,5.872
2016-09-28,6.066
2016-09-29,5.808
2016-09-30,5.6579999999999995
2016-10-01,5.648
2016-10-02,5.634
2016-10-03,5.92
2016-10-04,6.036
2016-10-05,5.75
2016-10-06,5.606
2016-10-07,5.7700000000000005
2016-10-08,5.726
2016-10-09,6.215999999999999
2016-10-10,5.912000000000001
2016-10-11,5.779999999999999
2016-10-12,5.644
2016-10-13,5.8740000000000006
2016-10-14,5.806
2016-10-15,5.7
2016-10-16,5.6259999999999994
2016-10-17,5.546
2016-10-18,5.67
2016-10-19,5.386
2016-10-20,5.252000000000001
2016-10-21,5.184
2016-10-22,5.168
2016-10-23,5.158
2016-10-24,5.148
2016-10-25,5.148
2016-10-26,5.142
2016-10-27,5.21
2016-10-28,5.248
2016-10-29,5.36
2016-10-30,5.3759999999999994
2016-10-31,5.748
2016-11-01,5.544
2016-11-02,5.328
2016-11-03,5.279999999999999
2016-11-04,5.248
2016-11-05,6.064
2016-11-06,6.686
2016-11-07,8.953999999999999
2016-11-08,9.656
2016-11-09,8.948
2016-11-10,8.120000000000001
2016-11-11,7.462000000000001
2016-11-12,6.854000000000001
2016-11-13,6.502
2016-11-14,6.42
2016-11-15,6.326
2016-11-16,6.0520000000000005
2016-11-17,5.8759999999999994
2016-11-18,5.808
2016-11-19,5.804
2016-11-20,5.782
2016-11-21,5.726
2016-11-22,5.704
2016-11-23,5.64
2016-11-24,5.718
2016-11-25,5.688
2016-11-26,5.62
2016-11-27,5.558
2016-11-28,5.548
2016-11-29,5.5
2016-11-30,5.488
2016-12-01,5.436
2016-12-02,5.372
2016-12-03,5.338
2016-12-04,5.308
2016-12-05,5.319999999999999
2016-12-06,5.35
2016-12-07,5.348
2016-12-08,5.348
2016-12-09,5.328
2016-12-10,5.318
2016-12-11,5.364
2016-12-12,5.356
2016-12-13,5.328
2016-12-14,5.318
2016-12-15,5.308
2016-12-16,5.306
2016-12-17,5.288
2016-12-18,5.278
2016-12-19,5.308
2016-12-20,5.288
2016-12-21,5.288
2016-12-22,5.278
2016-12-23,5.318
2016-12-24,5.368
2016-12-25,5.368
2016-12-26,5.358
2016-12-27,5.358
2016-12-28,5.348
2016-12-29,5.338
2016-12-30,5.328
2016-12-31,5.318
2017-01-01,5.324
2017-01-02,5.3340000000000005
2017-01-03,5.332
2017-01-04,5.3340000000000005
2017-01-05,5.328
2017-01-06,5.36
2017-01-07,5.3660000000000005
2017-01-08,5.354
2017-01-09,5.3420000000000005
2017-01-10,5.3260000000000005
2017-01-11,5.308
2017-01-12,5.256
2017-01-13,5.194
2017-01-14,5.122
2017-01-15,5.168
2017-01-16,5.2700000000000005
2017-01-17,5.192
2017-01-18,5.223999999999999
2017-01-19,5.192
2017-01-20,5.142
2017-01-21,5.182
2017-01-22,5.212000000000001
2017-01-23,5.228
2017-01-24,5.238
2017-01-25,5.226
2017-01-26,5.218
2017-01-27,5.206
2017-01-28,5.1899999999999995
2017-01-29,5.136
2017-01-30,5.1899999999999995
2017-01-31,5.172
2017-02-01,5.2
2017-02-02,5.192
2017-02-03,5.136
2017-02-04,5.088
2017-02-05,5.032
2017-02-06,5.016
2017-02-07,5.118
2017-02-08,5.138
2017-02-09,5.194
2017-02-10,5.198
2017-02-11,5.174
2017-02-12,5.142
2017-02-13,5.118
2017-02-14,5.112
2017-02-15,5.098
2017-02-16,5.0920000000000005
2017-02-17,5.1240000000000006
2017-02-18,5.108
2017-02-19,5.088
2017-02-20,5.078
2017-02-21,5.072
2017-02-22,5.088
2017-02-23,5.204000000000001
2017-02-24,5.41
2017-02-25,5.3420000000000005
2017-02-26,5.172
2017-02-27,5.0920000000000005
2017-02-28,5.064
2017-03-01,5.101999999999999
2017-03-02,5.07
2017-03-03,5.032
2017-03-04,5.078
2017-03-05,5.1
2017-03-06,5.284000000000001
2017-03-07,5.63
2017-03-08,5.482
2017-03-09,5.378
2017-03-10,5.343999999999999
2017-03-11,5.558
2017-03-12,6.256
2017-03-13,6.109999999999999
2017-03-14,5.6739999999999995
2017-03-15,5.234
2017-03-16,5.188
2017-03-17,5.178
2017-03-18,5.204000000000001
2017-03-19,5.308
2017-03-20,5.258
2017-03-21,5.306
2017-03-22,5.215999999999999
2017-03-23,5.164
2017-03-24,5.15
2017-03-25,5.15
2017-03-26,5.282
2017-03-27,5.2
2017-03-28,5.215999999999999
2017-03-29,5.2299999999999995
2017-03-30,5.246
2017-03-31,5.234
2017-04-01,5.202
2017-04-02,5.104
2017-04-03,5.042
2017-04-04,5.023999999999999
2017-04-05,5.036
2017-04-06,5.468
2017-04-07,5.432
2017-04-08,5.36
2017-04-09,5.212
2017-04-10,5.174
2017-04-11,5.128
2017-04-12,5.036
2017-04-13,4.992
2017-04-14,5.0280000000000005
2017-04-15,5.05
2017-04-16,5.082
2017-04-17,5.254
2017-04-18,5.11
2017-04-19,5.08
2017-04-20,5.343999999999999
2017-04-21,6.162
2017-04-22,5.616
2017-04-23,6.252
2017-04-24,7.331999999999999
2017-04-25,8.24
2017-04-26,7.872
2017-04-27,7.574
2017-04-28,7.1819999999999995
2017-04-29,6.358
2017-04-30,5.964
2017-05-01,5.854
2017-05-02,6.004
2017-05-03,6.182
2017-05-04,5.7219999999999995
2017-05-05,5.593999999999999
2017-05-06,5.518
2017-05-07,5.468
2017-05-08,5.404
2017-05-09,5.354
2017-05-10,5.326
2017-05-11,5.268
2017-05-12,5.2299999999999995
2017-05-13,5.194
2017-05-14,5.208
2017-05-15,5.356
2017-05-16,6.07
2017-05-17,6.296
2017-05-18,5.884
2017-05-19,5.636
2017-05-20,5.522
2017-05-21,5.91
2017-05-22,5.556
2017-05-23,5.746
2017-05-24,5.678
2017-05-25,5.638
2017-05-26,5.61
2017-05-27,5.5840000000000005
2017-05-28,5.564
2017-05-29,5.5280000000000005
2017-05-30,5.586
2017-05-31,5.7780000000000005
2017-06-01,6.176
2017-06-02,7.087999999999999
2017-06-03,6.909999999999999
2017-06-04,7.206
2017-06-05,8.712
2017-06-06,7.601999999999999
2017-06-07,6.5760000000000005
2017-06-08,6.322
2017-06-09,5.898000000000001
2017-06-10,5.724
2017-06-11,6.13
2017-06-12,6.752
2017-06-13,7.396000000000001
2017-06-14,7.731999999999999
2017-06-15,7.12
2017-06-16,6.578
2017-06-17,6.262
2017-06-18,6.586
2017-06-19,6.892
2017-06-20,7.936
2017-06-21,8.014
2017-06-22,7.590000000000001
2017-06-23,7.176
2017-06-24,6.796000000000001
2017-06-25,6.564
2017-06-26,6.334
2017-06-27,6.098000000000001
2017-06-28,5.824
2017-06-29,5.616
2017-06-30,5.556
2017-07-01,5.578
2017-07-02,5.644
2017-07-03,5.787999999999999
2017-07-04,6.542
2017-07-05,7.093999999999999
2017-07-06,7.328
2017-07-07,7.192
2017-07-08,6.337999999999999
2017-07-09,5.888
2017-07-10,6.006
2017-07-11,6.186
2017-07-12,6.14
2017-07-13,6.004
2017-07-14,5.802
2017-07-15,6.254
2017-07-16,6.206
2017-07-17,6.146
2017-07-18,5.952
2017-07-19,6.186
2017-07-20,6.294
2017-07-21,7.35
2017-07-22,8.484
2017-07-23,7.786
2017-07-24,7.202
2017-07-25,7.653999999999999
2017-07-26,7.973999999999999
2017-07-27,8.1
2017-07-28,7.638
2017-07-29,7.626
2017-07-30,7.598000000000001
2017-07-31,7.476000000000001
2017-08-01,6.9879999999999995
2017-08-02,6.5280000000000005
2017-08-03,7.034000000000001
2017-08-04,6.784000000000001
2017-08-05,6.442
2017-08-06,6.468000000000001
2017-08-07,6.38
2017-08-08,6.194
2017-08-09,6.122
2017-08-10,6.056
2017-08-11,6.258
2017-08-12,8.9
2017-08-13,9.504
2017-08-14,9.012
2017-08-15,8.58
2017-08-16,9.272
2017-08-17,9.136
2017-08-18,8.622
2017-08-19,8.046
2017-08-20,7.7299999999999995
2017-08-21,7.486
2017-08-22,7.5840000000000005
2017-08-23,8.459999999999999
2017-08-24,8.0
2017-08-25,7.708
2017-08-26,7.412000000000001
2017-08-27,7.112
2017-08-28,6.840000000000001
2017-08-29,6.712000000000001
2017-08-30,6.609999999999999
2017-08-31,6.7379999999999995
2017-09-01,6.814
2017-09-02,7.481999999999999
2017-09-03,8.309999999999999
2017-09-04,8.492
2017-09-05,8.764
2017-09-06,8.042
2017-09-07,8.012
2017-09-08,7.962000000000001
2017-09-09,7.779999999999999
2017-09-10,7.698
2017-09-11,7.862
2017-09-12,9.190000000000001
2017-09-13,8.814
2017-09-14,8.602
2017-09-15,8.328
2017-09-16,7.786
2017-09-17,7.351999999999999
2017-09-18,7.101999999999999
2017-09-19,7.19
2017-09-20,7.136
2017-09-21,7.05
2017-09-22,6.88
2017-09-23,6.709999999999999
2017-09-24,6.4239999999999995
2017-09-25,6.206
2017-09-26,6.484
2017-09-27,6.808
2017-09-28,6.802
2017-09-29,7.018000000000001
2017-09-30,6.859999999999999
2017-10-01,6.7700000000000005
2017-10-02,7.004
2017-10-03,7.220000000000001
2017-10-04,6.744
2017-10-05,6.459999999999999
2017-10-06,6.292
2017-10-07,6.452
2017-10-08,6.409999999999999
2017-10-09,6.351999999999999
2017-10-10,6.338
2017-10-11,6.32
2017-10-12,6.246
2017-10-13,6.104
2017-10-14,6.01
2017-10-15,5.954
2017-10-16,5.872
2017-10-17,5.642
2017-10-18,5.514
2017-10-19,5.58
2017-10-20,6.553999999999999
2017-10-21,7.206
2017-10-22,10.468
2017-10-23,10.748
2017-10-24,10.440000000000001
2017-10-25,9.956
2017-10-26,9.331999999999999
2017-10-27,8.766
2017-10-28,8.174000000000001
2017-10-29,7.7540000000000004
2017-10-30,7.438
2017-10-31,7.05
2017-11-01,6.768000000000001
2017-11-02,6.5200000000000005
2017-11-03,6.36
2017-11-04,6.25
2017-11-05,6.284000000000001
2017-11-06,6.354
2017-11-07,6.328
2017-11-08,6.264
2017-11-09,6.196
2017-11-10,6.138
2017-11-11,6.07
2017-11-12,6.008
2017-11-13,5.944
2017-11-14,5.9
2017-11-15,5.888
2017-11-16,5.884
2017-11-17,5.872
2017-11-18,5.856
2017-11-19,5.848000000000001
2017-11-20,5.816
2017-11-21,5.792
2017-11-22,5.7299999999999995
2017-11-23,5.674
2017-11-24,5.608
2017-11-25,5.546
2017-11-26,5.516
2017-11-27,5.504
2017-11-28,5.482
2017-11-29,5.468
2017-11-30,5.46
2017-12-01,5.448
2017-12-02,5.438
2017-12-03,5.428
2017-12-04,5.424
2017-12-05,5.412000000000001
2017-12-06,5.398
2017-12-07,5.426
2017-12-08,5.45
2017-12-09,5.484
2017-12-10,5.57
2017-12-11,6.318
2017-12-12,6.542
2017-12-13,6.176
2017-12-14,5.906000000000001
2017-12-15,5.772
2017-12-16,5.68
2017-12-17,5.601999999999999
2017-12-18,5.574
2017-12-19,5.552
2017-12-20,5.534000000000001
2017-12-21,5.52
2017-12-22,5.508
2017-12-23,5.496
2017-12-24,5.482
2017-12-25,5.470000000000001
2017-12-26,5.454000000000001
2017-12-27,5.43
2017-12-28,5.396
2017-12-29,5.372
2017-12-30,5.34
2017-12-31,5.304
2018-01-01,5.298
2018-01-02,5.292
2018-01-03,5.288
2018-01-04,5.278
2018-01-05,5.278
2018-01-06,5.268
2018-01-07,5.266
2018-01-08,5.258
2018-01-09,5.258
2018-01-10,5.248
2018-01-11,5.248
2018-01-12,5.246
2018-01-13,5.238
2018-01-14,5.238
2018-01-15,5.228
2018-01-16,5.204000000000001
2018-01-17,5.183999999999999
2018-01-18,5.166
2018-01-19,5.15
2018-01-20,5.136
2018-01-21,5.1
2018-01-22,5.118
2018-01-23,5.178
2018-01-24,5.172
2018-01-25,5.156000000000001
2018-01-26,5.138
2018-01-27,5.128
2018-01-28,5.118
2018-01-29,5.118
2018-01-30,5.108
2018-01-31,5.104
2018-02-01,5.098
2018-02-02,5.108
2018-02-03,5.128
2018-02-04,5.128
2018-02-05,5.138
2018-02-06,5.148
2018-02-07,5.148
2018-02-08,5.128
2018-02-09,5.118
2018-02-10,5.108
2018-02-11,5.108
2018-02-12,5.108
2018-02-13,5.098
2018-02-14,5.098
2018-02-15,5.098
2018-02-16,5.088
2018-02-17,5.088
2018-02-18,5.088
2018-02-19,5.078
2018-02-20,5.078
2018-02-21,5.078
2018-02-22,5.088
2018-02-23,5.098
2018-02-24,5.108
2018-02-25,5.118
2018-02-26,5.098
2018-02-27,5.078
2018-02-28,5.058
2018-03-01,5.048
2018-03-02,5.038
2018-03-03,5.028
2018-03-04,5.018
2018-03-05,5.008
2018-03-06,5.018
2018-03-07,5.038
2018-03-08,5.058
2018-03-09,5.028
2018-03-10,5.008
2018-03-11,4.988
2018-03-12,4.998
2018-03-13,5.018
2018-03-14,5.018
2018-03-15,5.008
2018-03-16,5.008
2018-03-17,4.998
2018-03-18,4.998
2018-03-19,4.988
2018-03-20,4.998
2018-03-21,5.008
2018-03-22,5.018
2018-03-23,5.028
2018-03-24,5.028
2018-03-25,5.018
2018-03-26,5.008
2018-03-27,4.998
2018-03-28,4.988
2018-03-29,5.037999999999999
2018-03-30,5.372
2018-03-31,5.396
2018-04-01,5.064
2018-04-02,5.022
2018-04-03,5.014
2018-04-04,5.008
2018-04-05,4.998
2018-04-06,5.12
2018-04-07,5.0280000000000005
2018-04-08,5.058
2018-04-09,5.048
2018-04-10,5.023999999999999
2018-04-11,5.008
2018-04-12,4.998
2018-04-13,5.004
2018-04-14,4.994000000000001
2018-04-15,4.962000000000001
2018-04-16,4.948
2018-04-17,4.944
2018-04-18,5.026
2018-04-19,5.116
2018-04-20,5.284000000000001
2018-04-21,5.636
2018-04-22,6.188000000000001
2018-04-23,6.476000000000001
2018-04-24,5.782
2018-04-25,5.426
2018-04-26,5.328
2018-04-27,5.274
2018-04-28,5.26
2018-04-29,5.046
2018-04-30,5.506
2018-05-01,5.932
2018-05-02,5.926
2018-05-03,5.582
2018-05-04,5.362
2018-05-05,5.6579999999999995
2018-05-06,5.9079999999999995
2018-05-07,5.89
2018-05-08,7.24
2018-05-09,7.628
2018-05-10,7.784000000000001
2018-05-11,8.174000000000001
2018-05-12,7.358
2018-05-13,6.75
2018-05-14,6.609999999999999
2018-05-15,6.766
2018-05-16,6.572
2018-05-17,6.642
2018-05-18,6.587999999999999
2018-05-19,7.314
2018-05-20,8.856
2018-05-21,10.032
2018-05-22,9.036
2018-05-23,8.384
2018-05-24,7.616
2018-05-25,7.196000000000001
2018-05-26,6.816
2018-05-27,6.498
2018-05-28,6.087999999999999
2018-05-29,5.92
2018-05-30,5.828
2018-05-31,5.9799999999999995
2018-06-01,6.294
2018-06-02,6.442
2018-06-03,6.142
2018-06-04,5.898
2018-06-05,5.76
2018-06-06,5.676
2018-06-07,5.634
2018-06-08,5.604
2018-06-09,5.642
2018-06-10,5.608
2018-06-11,5.934
2018-06-12,7.718000000000001
2018-06-13,9.466
2018-06-14,9.736
2018-06-15,9.312000000000001
2018-06-16,9.284
2018-06-17,9.014
2018-06-18,8.3
2018-06-19,7.976000000000001
2018-06-20,8.132
2018-06-21,7.92
2018-06-22,7.642
2018-06-23,7.384
2018-06-24,7.308
2018-06-25,7.156000000000001
2018-06-26,7.918000000000001
2018-06-27,7.606
2018-06-28,7.138
2018-06-29,6.706
2018-06-30,6.376
2018-07-01,6.302
2018-07-02,6.2780000000000005
2018-07-03,6.601999999999999
2018-07-04,7.558
2018-07-05,8.326
2018-07-06,7.796000000000001
2018-07-07,7.348000000000001
2018-07-08,7.151999999999999
2018-07-09,7.022
2018-07-10,6.8260000000000005
2018-07-11,6.636
2018-07-12,6.516
2018-07-13,6.29
2018-07-14,6.056
2018-07-15,6.609999999999999
2018-07-16,6.552
2018-07-17,6.24
2018-07-18,6.026
2018-07-19,6.064
2018-07-20,5.91
2018-07-21,5.826
2018-07-22,6.220000000000001
2018-07-23,6.4159999999999995
2018-07-24,6.326
2018-07-25,7.096000000000001
2018-07-26,7.016
2018-07-27,6.502
2018-07-28,6.087999999999999
2018-07-29,6.837999999999999
2018-07-30,6.338
2018-07-31,6.06
2018-08-01,5.978
2018-08-02,6.256
2018-08-03,6.731999999999999
2018-08-04,6.442
2018-08-05,6.346
2018-08-06,6.1579999999999995
2018-08-07,6.351999999999999
2018-08-08,5.984
2018-08-09,5.8420000000000005
2018-08-10,5.766
2018-08-11,5.718
2018-08-12,5.67
2018-08-13,5.626
2018-08-14,5.601999999999999
2018-08-15,5.578
2018-08-16,5.68
2018-08-17,5.86
2018-08-18,6.05
2018-08-19,6.348
2018-08-20,6.246
2018-08-21,6.0200000000000005
2018-08-22,6.206
2018-08-23,6.476000000000001
2018-08-24,6.632
2018-08-25,6.184
2018-08-26,5.914
2018-08-27,5.782
2018-08-28,5.702
2018-08-29,5.646
2018-08-30,5.6899999999999995
2018-08-31,5.77
2018-09-01,5.651999999999999
2018-09-02,5.57
2018-09-03,5.538
2018-09-04,5.516
2018-09-05,5.882
2018-09-06,5.988
2018-09-07,5.896
2018-09-08,5.572
2018-09-09,5.406000000000001
2018-09-10,5.351999999999999
2018-09-11,5.362
2018-09-12,5.422
2018-09-13,5.912
2018-09-14,5.686
2018-09-15,5.46
2018-09-16,5.394
2018-09-17,5.354
2018-09-18,5.298
2018-09-19,5.268
2018-09-20,5.254
2018-09-21,5.2299999999999995
2018-09-22,5.188000000000001
2018-09-23,5.151999999999999
2018-09-24,5.132
2018-09-25,5.234
2018-09-26,5.401999999999999
2018-09-27,5.52
2018-09-28,5.456
2018-09-29,5.401999999999999
2018-09-30,5.314
2018-10-01,5.246
2018-10-02,5.18
2018-10-03,5.128
2018-10-04,5.112
2018-10-05,5.098
2018-10-06,5.098
2018-10-07,5.15
2018-10-08,5.178
2018-10-09,5.168
2018-10-10,5.158
2018-10-11,5.08
2018-10-12,5.1899999999999995
2018-10-13,5.318
2018-10-14,5.328
2018-10-15,5.292
2018-10-16,5.282
2018-10-17,5.268
2018-10-18,5.258
2018-10-19,5.248
2018-10-20,5.236
2018-10-21,5.212000000000001
2018-10-22,5.194
2018-10-23,5.17
2018-10-24,5.142
2018-10-25,5.1240000000000006
2018-10-26,5.093999999999999
2018-10-27,5.0760000000000005
2018-10-28,5.05
2018-10-29,5.023999999999999
2018-10-30,5.018
2018-10-31,5.029999999999999
2018-11-01,5.018
2018-11-02,5.008
2018-11-03,4.998
2018-11-04,4.986
2018-11-05,4.978
2018-11-06,4.9799999999999995
2018-11-07,5.032
2018-11-08,5.074
2018-11-09,5.088
2018-11-10,5.078
2018-11-11,5.068
2018-11-12,5.058
2018-11-13,5.038
2018-11-14,5.028
2018-11-15,5.018
2018-11-16,5.008
2018-11-17,4.998
2018-11-18,4.988
2018-11-19,4.978
2018-11-20,4.968
2018-11-21,4.958
2018-11-22,4.948
2018-11-23,4.948
2018-11-24,4.938
2018-11-25,4.928
2018-11-26,4.928
2018-11-27,4.928
2018-11-28,4.918
2018-11-29,4.908
2018-11-30,4.898
2018-12-01,4.888
2018-12-02,4.888
2018-12-03,4.888
2018-12-04,4.888
2018-12-05,4.888
2018-12-06,4.888
2018-12-07,4.878
2018-12-08,4.878
2018-12-09,4.878
2018-12-10,4.878
2018-12-11,4.878
2018-12-12,4.878
2018-12-13,4.878
2018-12-14,4.878
2018-12-15,4.868
2018-12-16,4.868
2018-12-17,4.868
2018-12-18,4.868
2018-12-19,4.868
2018-12-20,4.858
2018-12-21,4.858
2018-12-22,4.858
2018-12-23,4.858
2018-12-24,4.858
2018-12-25,4.858
2018-12-26,4.848
2018-12-27,4.848
2018-12-28,4.848
2018-12-29,4.848
2018-12-30,4.848
2018-12-31,4.848
2019-01-01,4.848
2019-01-02,4.848
2019-01-03,4.848
2019-01-04,4.838
2019-01-05,4.838
2019-01-06,4.828
2019-01-07,4.828
2019-01-08,4.818
2019-01-09,4.808
2019-01-10,4.798
2019-01-11,4.788
2019-01-12,4.808
2019-01-13,4.838
2019-01-14,4.868
2019-01-15,4.888
2019-01-16,4.868
2019-01-17,4.848
2019-01-18,4.828
2019-01-19,4.818
2019-01-20,4.808
2019-01-21,4.798
2019-01-22,4.788
2019-01-23,4.788
2019-01-24,4.778
2019-01-25,4.778
2019-01-26,4.768
2019-01-27,4.768
2019-01-28,4.768
2019-01-29,4.758
2019-01-30,4.758
2019-01-31,4.718
2019-02-01,4.748
2019-02-02,4.748
2019-02-03,4.748
2019-02-04,4.748
2019-02-05,4.748
2019-02-06,4.748
2019-02-07,4.748
2019-02-08,4.748
2019-02-09,4.738
2019-02-10,4.738
2019-02-11,4.738
2019-02-12,4.738
2019-02-13,4.728
2019-02-14,4.728
2019-02-15,4.728
2019-02-16,4.718
2019-02-17,4.718
2019-02-18,4.718
2019-02-19,4.728
2019-02-20,4.738
2019-02-21,4.738
2019-02-22,4.748
2019-02-23,4.748
2019-02-24,4.758
2019-02-25,4.768
2019-02-26,4.806
2019-02-27,4.846
2019-02-28,4.9
2019-03-01,4.85
2019-03-02,4.798
2019-03-03,4.788
2019-03-04,4.778
2019-03-05,4.7780000000000005
2019-03-06,4.816
2019-03-07,4.843999999999999
2019-03-08,4.808
2019-03-09,4.77
2019-03-10,4.744000000000001
2019-03-11,4.728
2019-03-12,4.728
2019-03-13,4.728
2019-03-14,4.728
2019-03-15,4.728
2019-03-16,4.728
2019-03-17,4.7299999999999995
2019-03-18,4.748
2019-03-19,4.738
2019-03-20,4.728
2019-03-21,4.718
2019-03-22,4.708
2019-03-23,4.698
2019-03-24,4.674
2019-03-25,4.648
2019-03-26,4.66
2019-03-27,4.714
2019-03-28,4.846
2019-03-29,4.734
2019-03-30,4.7
2019-03-31,4.6
2019-04-01,4.606
2019-04-02,4.588
2019-04-03,4.8420000000000005
2019-04-04,4.822
2019-04-05,4.87
2019-04-06,4.65
2019-04-07,4.728
2019-04-08,4.688000000000001
2019-04-09,5.116
2019-04-10,5.478
2019-04-11,5.308
2019-04-12,5.04
2019-04-13,4.832
2019-04-14,4.898
2019-04-15,4.718
2019-04-16,4.928
2019-04-17,4.87
2019-04-18,4.806
2019-04-19,4.768
2019-04-20,4.734
2019-04-21,4.715999999999999
2019-04-22,4.702
2019-04-23,4.746
2019-04-24,4.758
2019-04-25,4.748
2019-04-26,4.738
2019-04-27,4.726
2019-04-28,4.704000000000001
2019-04-29,4.683999999999999
2019-04-30,4.651999999999999
2019-05-01,4.638
2019-05-02,4.64
2019-05-03,4.68
2019-05-04,4.8340000000000005
2019-05-05,5.536
2019-05-06,5.27
2019-05-07,4.9879999999999995
2019-05-08,4.828
2019-05-09,4.706
2019-05-10,4.672
2019-05-11,4.656000000000001
2019-05-12,4.736
2019-05-13,4.738
2019-05-14,4.738
2019-05-15,4.728
2019-05-16,4.728
2019-05-17,4.758
2019-05-18,5.058
2019-05-19,4.926
2019-05-20,4.772
2019-05-21,4.738
2019-05-22,4.728
2019-05-23,4.714
2019-05-24,4.73
2019-05-25,4.982
2019-05-26,4.912
2019-05-27,4.866
2019-05-28,4.992
2019-05-29,4.878
2019-05-30,4.974
2019-05-31,4.92
2019-06-01,4.9159999999999995
2019-06-02,4.9079999999999995
2019-06-03,5.058
2019-06-04,5.318
2019-06-05,5.33
2019-06-06,5.478
2019-06-07,5.274
2019-06-08,5.0520000000000005
2019-06-09,4.86
2019-06-10,4.948
2019-06-11,4.854
2019-06-12,4.7780000000000005
2019-06-13,4.901999999999999
2019-06-14,5.5120000000000005
2019-06-15,5.228
2019-06-16,5.4799999999999995
2019-06-17,5.008
2019-06-18,4.748
2019-06-19,4.7219999999999995
2019-06-20,4.65
2019-06-21,4.601999999999999
2019-06-22,4.526
2019-06-23,4.526
2019-06-24,4.514
2019-06-25,4.502000000000001
2019-06-26,4.636
2019-06-27,4.712000000000001
2019-06-28,4.792
2019-06-29,4.872
2019-06-30,5.095999999999999
2019-07-01,4.854
2019-07-02,4.848
2019-07-03,4.7700000000000005
2019-07-04,4.754
2019-07-05,4.734
2019-07-06,4.728
2019-07-07,4.724
2019-07-08,4.922
2019-07-09,5.314
2019-07-10,7.217999999999999
2019-07-11,7.014
2019-07-12,7.322
2019-07-13,8.138
2019-07-14,9.084
2019-07-15,9.548
2019-07-16,9.584
2019-07-17,8.756
2019-07-18,7.686
2019-07-19,7.040000000000001
2019-07-20,7.220000000000001
2019-07-21,6.787999999999999
2019-07-22,6.454000000000001
2019-07-23,5.936
2019-07-24,5.688
2019-07-25,5.558
2019-07-26,5.523999999999999
2019-07-27,5.66
2019-07-28,5.536
2019-07-29,5.332
2019-07-30,5.172
2019-07-31,5.554
2019-08-01,6.0520000000000005
2019-08-02,5.726
2019-08-03,5.476
2019-08-04,4.992
2019-08-05,4.8100000000000005
2019-08-06,5.09
2019-08-07,5.351999999999999
2019-08-08,5.048
2019-08-09,5.372
2019-08-10,5.582
2019-08-11,5.182
2019-08-12,5.042
2019-08-13,5.348000000000001
2019-08-14,5.79
2019-08-15,6.074
2019-08-16,6.6819999999999995
2019-08-17,6.522
2019-08-18,5.862
2019-08-19,5.64
2019-08-20,5.486
2019-08-21,5.32
2019-08-22,5.166
2019-08-23,5.287999999999999
2019-08-24,5.348
2019-08-25,5.258
2019-08-26,5.2780000000000005
2019-08-27,5.184
2019-08-28,4.862
2019-08-29,4.746
2019-08-30,4.715999999999999
2019-08-31,4.932
2019-09-01,5.1259999999999994
2019-09-02,5.536
2019-09-03,5.304
2019-09-04,5.022
2019-09-05,4.676
2019-09-06,4.514
2019-09-07,4.412000000000001
2019-09-08,4.346
2019-09-09,4.246
2019-09-10,4.46
2019-09-11,4.4159999999999995
2019-09-12,4.632
2019-09-13,4.89
2019-09-14,4.514
2019-09-15,4.51
2019-09-16,4.412000000000001
2019-09-17,4.282
2019-09-18,4.228
2019-09-19,4.192
2019-09-20,4.164
2019-09-21,4.138
2019-09-22,4.144
2019-09-23,4.682
2019-09-24,4.684
2019-09-25,4.836
2019-09-26,4.66
2019-09-27,4.38
2019-09-28,4.322
2019-09-29,4.244000000000001
2019-09-30,4.223999999999999
2019-10-01,4.514
2019-10-02,4.436
2019-10-03,4.965999999999999
2019-10-04,4.564
2019-10-05,4.37
2019-10-06,4.561999999999999
2019-10-07,4.5840000000000005
2019-10-08,4.976
2019-10-09,4.794
2019-10-10,4.6259999999999994
2019-10-11,4.452
2019-10-12,4.398000000000001
2019-10-13,4.486
2019-10-14,4.454000000000001
2019-10-15,4.424
2019-10-16,4.386
2019-10-17,4.196
2019-10-18,4.168
2019-10-19,4.156000000000001
2019-10-20,4.093999999999999
2019-10-21,4.078
2019-10-22,4.058
2019-10-23,4.056
2019-10-24,4.006
2019-10-25,3.9840000000000004
2019-10-26,3.95
2019-10-27,4.048
2019-10-28,4.244
2019-10-29,4.061999999999999
2019-10-30,4.022
2019-10-31,3.974
2019-11-01,3.9479999999999995
2019-11-02,3.936
2019-11-03,3.918
2019-11-04,3.908
2019-11-05,3.908
2019-11-06,3.8980000000000006
2019-11-07,3.8980000000000006
2019-11-08,3.8879999999999995
2019-11-09,3.8920000000000003
2019-11-10,4.0440000000000005
2019-11-11,4.316
2019-11-12,4.672
2019-11-13,4.4479999999999995
2019-11-14,4.292
2019-11-15,4.252000000000001
2019-11-16,4.215999999999999
2019-11-17,3.996
2019-11-18,3.978
2019-11-19,3.968
2019-11-20,3.9579999999999997
2019-11-21,3.9479999999999995
2019-11-22,3.938
2019-11-23,3.938
2019-11-24,3.928
2019-11-25,3.918
2019-11-26,3.918
2019-11-27,3.908
2019-11-28,3.908
2019-11-29,3.902
2019-11-30,3.8980000000000006
2019-12-01,3.8879999999999995
2019-12-02,3.8879999999999995
2019-12-03,3.8879999999999995
2019-12-04,3.882
2019-12-05,3.878
2019-12-06,3.8879999999999995
2019-12-07,3.8980000000000006
2019-12-08,3.918
2019-12-09,3.928
2019-12-10,3.9479999999999995
2019-12-11,3.928
2019-12-12,3.908
2019-12-13,3.878
2019-12-14,3.8579999999999997
2019-12-15,3.838
2019-12-16,3.818
2019-12-17,3.808
2019-12-18,3.8280000000000003
2019-12-19,3.848
2019-12-20,3.868
2019-12-21,3.848
2019-12-22,3.8280000000000003
2019-12-23,3.808
2019-12-24,3.7980000000000005
2019-12-25,3.7980000000000005
2019-12-26,3.7980000000000005
2019-12-27,3.7980000000000005
2019-12-28,3.7980000000000005
2019-12-29,3.808
2019-12-30,3.818
2019-12-31,3.8280000000000003
2020-01-01,3.842
2020-01-02,3.88
2020-01-03,4.0280000000000005
2020-01-04,4.220000000000001
2020-01-05,4.072
2020-01-06,3.944
2020-01-07,3.906
2020-01-08,3.8980000000000006
2020-01-09,3.8879999999999995
2020-01-10,3.8879999999999995
2020-01-11,3.8980000000000006
2020-01-12,3.918
2020-01-13,3.908
2020-01-14,3.8879999999999995
2020-01-15,3.8879999999999995
2020-01-16,3.8879999999999995
2020-01-17,3.878
2020-01-18,3.878
2020-01-19,3.878
2020-01-20,3.878
2020-01-21,3.868
2020-01-22,3.868
2020-01-23,3.8579999999999997
2020-01-24,3.848
2020-01-25,3.838
2020-01-26,3.8280000000000003
2020-01-27,3.818
2020-01-28,3.7980000000000005
2020-01-29,3.7980000000000005
2020-01-30,3.812
2020-01-31,3.8519999999999994
2020-02-01,3.882
2020-02-02,3.84
2020-02-03,3.808
2020-02-04,3.8240000000000003
2020-02-05,3.838
2020-02-06,3.838
2020-02-07,3.8280000000000003
2020-02-08,3.812
2020-02-09,3.786
2020-02-10,3.768
2020-02-11,3.758
2020-02-12,3.758
2020-02-13,3.748
2020-02-14,3.748
2020-02-15,3.7380000000000004
2020-02-16,3.728
2020-02-17,3.728
2020-02-18,3.7380000000000004
2020-02-19,3.7520000000000002
2020-02-20,3.772
2020-02-21,3.778
2020-02-22,3.768
2020-02-23,3.7520000000000002
2020-02-24,3.748
2020-02-25,3.7380000000000004
2020-02-26,3.7380000000000004
2020-02-27,3.7380000000000004
2020-02-28,3.7380000000000004
2020-02-29,3.728
2020-03-01,3.728
2020-03-02,3.728
2020-03-03,3.728
2020-03-04,3.728
2020-03-05,3.718
2020-03-06,3.718
2020-03-07,3.718
2020-03-08,3.718
2020-03-09,3.718
2020-03-10,3.718
2020-03-11,3.728
2020-03-12,3.768
2020-03-13,3.768
2020-03-14,3.748
2020-03-15,3.7380000000000004
2020-03-16,3.7380000000000004
2020-03-17,3.7380000000000004
2020-03-18,3.7380000000000004
2020-03-19,3.728
2020-03-20,3.728
2020-03-21,3.728
2020-03-22,3.728
2020-03-23,3.728
2020-03-24,3.728
2020-03-25,3.728
2020-03-26,3.728
2020-03-27,3.718
2020-03-28,3.718
2020-03-29,3.6979999999999995
2020-03-30,3.688
2020-03-31,3.678
2020-04-01,3.668
2020-04-02,3.658
2020-04-03,3.6480000000000006
2020-04-04,3.6480000000000006
2020-04-05,3.6379999999999995
2020-04-06,3.6379999999999995
2020-04-07,3.628
2020-04-08,3.618
2020-04-09,3.618
2020-04-10,3.618
2020-04-11,3.6079999999999997
2020-04-12,3.6079999999999997
2020-04-13,3.6079999999999997
2020-04-14,3.6079999999999997
2020-04-15,3.598
2020-04-16,3.598
2020-04-17,3.598
2020-04-18,3.588
2020-04-19,3.594
2020-04-20,3.646
2020-04-21,3.684
2020-04-22,3.688
2020-04-23,3.7120000000000006
2020-04-24,3.7520000000000002
2020-04-25,3.886
2020-04-26,4.05
2020-04-27,3.918
2020-04-28,3.8560000000000003
2020-04-29,3.806
2020-04-30,3.774
2020-05-01,3.7520000000000002
2020-05-02,3.7300000000000004
2020-05-03,3.768
2020-05-04,3.806
2020-05-05,4.082
2020-05-06,4.006
2020-05-07,3.974
2020-05-08,3.97
2020-05-09,3.886
2020-05-10,3.8019999999999996
2020-05-11,3.75
2020-05-12,3.72
2020-05-13,3.686
2020-05-14,3.668
2020-05-15,3.658
2020-05-16,3.658
2020-05-17,3.682
2020-05-18,3.79
2020-05-19,3.646
2020-05-20,3.7060000000000004
2020-05-21,4.29
2020-05-22,4.112
2020-05-23,4.076
2020-05-24,4.378
2020-05-25,4.448
2020-05-26,4.106
2020-05-27,3.842
2020-05-28,5.61
2020-05-29,6.006
2020-05-30,4.914
2020-05-31,4.683999999999999
2020-06-01,4.616
2020-06-02,4.264
2020-06-03,4.208
2020-06-04,4.8759999999999994
2020-06-05,5.886
2020-06-06,5.846
2020-06-07,5.236
2020-06-08,5.136
2020-06-09,5.098000000000001
2020-06-10,4.9879999999999995
2020-06-11,6.65
2020-06-12,6.1899999999999995
2020-06-13,4.946
2020-06-14,5.74
2020-06-15,5.322
2020-06-16,4.816
2020-06-17,4.83
2020-06-18,5.504
2020-06-19,6.87
2020-06-20,6.14
2020-06-21,5.322
2020-06-22,4.878
2020-06-23,4.644
2020-06-24,4.747999999999999
2020-06-25,4.398000000000001
2020-06-26,4.284
2020-06-27,4.2299999999999995
2020-06-28,4.572
2020-06-29,6.24
2020-06-30,5.44
2020-07-01,4.8740000000000006
2020-07-02,4.651999999999999
2020-07-03,4.682
2020-07-04,4.566
2020-07-05,5.1
2020-07-06,5.0
2020-07-07,4.486
2020-07-08,4.264
2020-07-09,4.1339999999999995
2020-07-10,4.3340000000000005
2020-07-11,4.3340000000000005
2020-07-12,5.276
2020-07-13,8.208
2020-07-14,7.8340000000000005
2020-07-15,6.401999999999999
2020-07-16,5.6259999999999994
2020-07-17,5.144
2020-07-18,4.836
2020-07-19,4.7700000000000005
2020-07-20,4.752000000000001
2020-07-21,5.75
2020-07-22,7.794
2020-07-23,7.698
2020-07-24,6.862
2020-07-25,6.45
2020-07-26,5.858
2020-07-27,5.5280000000000005
2020-07-28,5.252
2020-07-29,5.38
2020-07-30,6.04
2020-07-31,5.37
2020-08-01,5.012
2020-08-02,4.89
2020-08-03,4.878
2020-08-04,4.764
2020-08-05,4.638
2020-08-06,4.39
2020-08-07,4.372
2020-08-08,4.132
2020-08-09,4.045999999999999
2020-08-10,3.96
2020-08-11,3.896
2020-08-12,3.7979999999999996
2020-08-13,3.8379999999999996
2020-08-14,3.7039999999999997
2020-08-15,3.664
2020-08-16,4.154
2020-08-17,4.272
2020-08-18,4.651999999999999
2020-08-19,4.246
2020-08-20,4.07
2020-08-21,3.9760000000000004
2020-08-22,4.0
2020-08-23,4.0
2020-08-24,3.91
2020-08-25,4.526
2020-08-26,5.1160000000000005
2020-08-27,4.448
2020-08-28,4.112
2020-08-29,4.174
2020-08-30,4.6579999999999995
2020-08-31,4.634
2020-09-01,4.916
2020-09-02,4.82
2020-09-03,4.354
2020-09-04,4.13
2020-09-05,3.9899999999999998
2020-09-06,4.06
2020-09-07,4.044
2020-09-08,3.996
2020-09-09,3.9840000000000004
2020-09-10,4.522
2020-09-11,5.9799999999999995
2020-09-12,5.1979999999999995
2020-09-13,4.582
2020-09-14,4.16
2020-09-15,4.468
2020-09-16,4.488
2020-09-17,4.462
2020-09-18,4.526
2020-09-19,4.454
2020-09-20,4.332
2020-09-21,4.762
2020-09-22,5.0920000000000005
2020-09-23,5.228
2020-09-24,5.358
2020-09-25,5.814
2020-09-26,6.836
2020-09-27,6.248
2020-09-28,6.0200000000000005
2020-09-29,5.808
2020-09-30,5.022
2020-10-01,4.984
2020-10-02,5.082
2020-10-03,4.992
2020-10-04,4.82
2020-10-05,4.688
2020-10-06,4.964
2020-10-07,5.054
2020-10-08,4.588
2020-10-09,4.558
2020-10-10,4.464
2020-10-11,4.386
2020-10-12,4.356
2020-10-13,4.23
2020-10-14,4.396
2020-10-15,5.04
2020-10-16,4.484
2020-10-17,4.3020000000000005
2020-10-18,4.644
2020-10-19,8.193999999999999
2020-10-20,7.244
2020-10-21,6.564
2020-10-22,6.228
2020-10-23,6.484
2020-10-24,8.004
2020-10-25,7.484
2020-10-26,6.634
2020-10-27,5.96
2020-10-28,5.356
2020-10-29,5.016
2020-10-30,4.714
2020-10-31,4.5280000000000005
2020-11-01,5.106
2020-11-02,4.886
2020-11-03,4.5920000000000005
2020-11-04,4.934
2020-11-05,4.79
2020-11-06,4.772
2020-11-07,4.744000000000001
2020-11-08,4.738
2020-11-09,4.718
2020-11-10,4.7
2020-11-11,4.8
2020-11-12,4.9079999999999995
2020-11-13,4.88
2020-11-14,4.854
2020-11-15,4.814
2020-11-16,4.788
2020-11-17,4.768
2020-11-18,4.758
2020-11-19,4.738
2020-11-20,4.738
2020-11-21,4.718
2020-11-22,4.708
2020-11-23,4.698
2020-11-24,4.6899999999999995
2020-11-25,4.75
2020-11-26,4.819999999999999
2020-11-27,4.776
2020-11-28,4.787999999999999
2020-11-29,4.81
2020-11-30,4.828
2020-12-01,3.818
2020-12-02,3.808
2020-12-03,3.7980000000000005
2020-12-04,3.7980000000000005
2020-12-05,3.7879999999999994
2020-12-06,3.778
2020-12-07,3.778
2020-12-08,3.768
2020-12-09,3.758
2020-12-10,3.758
2020-12-11,3.758
2020-12-12,3.758
2020-12-13,3.758
2020-12-14,3.748
2020-12-15,3.748
2020-12-16,3.748
2020-12-17,3.748
2020-12-18,3.748
2020-12-19,3.7380000000000004
2020-12-20,3.7380000000000004
2020-12-21,3.7380000000000004
2020-12-22,3.728
2020-12-23,3.728
2020-12-24,3.718
2020-12-25,3.718
2020-12-26,3.718
2020-12-27,3.7079999999999997
2020-12-28,3.6979999999999995
2020-12-29,3.6979999999999995
2020-12-30,3.688
2020-12-31,3.688
2021-01-01,3.678
2021-01-02,3.678
2021-01-03,3.6799999999999997
2021-01-04,3.7020000000000004
2021-01-05,3.688
2021-01-06,3.678
2021-01-07,3.678
2021-01-08,3.668
2021-01-09,3.668
2021-01-10,3.654
2021-01-11,3.636
2021-01-12,4.632
2021-01-13,4.61
2021-01-14,4.61
2021-01-15,4.628
2021-01-16,4.656000000000001
2021-01-17,4.63
2021-01-18,4.63
2021-01-19,4.63
2021-01-20,4.622
2021-01-21,4.65
2021-01-22,4.64
2021-01-23,4.63
2021-01-24,4.63
2021-01-25,4.656000000000001
2021-01-26,4.64
2021-01-27,4.63
2021-01-28,4.61
2021-01-29,4.6
2021-01-30,4.6
2021-01-31,4.6
2021-02-01,4.6
2021-02-02,4.59
2021-02-03,4.59
2021-02-04,4.59
2021-02-05,4.59
2021-02-06,4.58
2021-02-07,4.58
2021-02-08,4.57
2021-02-09,4.57
2021-02-10,4.57
2021-02-11,4.56
2021-02-12,4.56
2021-02-13,4.56
2021-02-14,4.56
2021-02-15,4.56
2021-02-16,4.56
2021-02-17,4.55
2021-02-18,4.566000000000001
2021-02-19,4.55
2021-02-20,4.55
2021-02-21,4.55
2021-02-22,4.55
2021-02-23,4.55
2021-02-24,4.54
2021-02-25,4.54
2021-02-26,4.53
2021-02-27,4.53
2021-02-28,4.53
2021-03-01,4.52
2021-03-02,4.52
2021-03-03,4.52
2021-03-04,4.51
2021-03-05,4.51
2021-03-06,4.51
2021-03-07,4.54
2021-03-08,4.53
2021-03-09,4.652
2021-03-10,4.614
2021-03-11,4.57
2021-03-12,4.546
2021-03-13,4.546
2021-03-14,4.558
2021-03-15,4.548
2021-03-16,4.5280000000000005
2021-03-17,4.51
2021-03-18,4.51
2021-03-19,4.52
2021-03-20,4.51
2021-03-21,4.51
2021-03-22,4.5
2021-03-23,4.5
2021-03-24,4.49
2021-03-25,4.48
2021-03-26,4.48
2021-03-27,4.47
2021-03-28,4.5
2021-03-29,4.49
2021-03-30,4.484
2021-03-31,4.504
2021-04-01,4.526
2021-04-02,4.5
2021-04-03,4.52
2021-04-04,4.48
2021-04-05,4.48
2021-04-06,4.47
2021-04-07,4.47
2021-04-08,4.45
2021-04-09,4.45
2021-04-10,4.45
2021-04-11,4.48
2021-04-12,4.44
2021-04-13,4.43
2021-04-14,4.468
2021-04-15,4.49
2021-04-16,4.465999999999999
2021-04-17,4.464
2021-04-18,4.494
2021-04-19,4.5
2021-04-20,4.48
2021-04-21,4.456
2021-04-22,4.436
2021-04-23,4.406000000000001
2021-04-24,4.406000000000001
2021-04-25,4.434
2021-04-26,4.406000000000001
2021-04-27,4.43
2021-04-28,4.41
2021-04-29,4.458
2021-04-30,4.42
2021-05-01,4.418
2021-05-02,4.498
2021-05-03,4.612
2021-05-04,4.529999999999999
2021-05-05,4.4719999999999995
2021-05-06,4.42
2021-05-07,4.4159999999999995
2021-05-08,4.464
2021-05-09,4.518
2021-05-10,4.486
2021-05-11,4.636
2021-05-12,4.504
2021-05-13,4.608
2021-05-14,4.538
2021-05-15,4.508
2021-05-16,4.612
2021-05-17,4.772
2021-05-18,4.792
2021-05-19,4.6
2021-05-20,4.536
2021-05-21,4.506
2021-05-22,4.496
2021-05-23,4.486
2021-05-24,4.473999999999999
2021-05-25,4.648000000000001
2021-05-26,4.86
2021-05-27,4.843999999999999
2021-05-28,4.578
2021-05-29,4.51
2021-05-30,4.5
2021-05-31,4.534
2021-06-01,4.576
2021-06-02,4.648000000000001
2021-06-03,4.636
2021-06-04,4.626
2021-06-05,4.73
2021-06-06,4.964
2021-06-07,6.044
2021-06-08,5.322
2021-06-09,4.896
2021-06-10,4.818
2021-06-11,5.54
2021-06-12,5.048
2021-06-13,4.84
2021-06-14,4.93
2021-06-15,4.824
2021-06-16,4.738
2021-06-17,4.678
2021-06-18,4.6579999999999995
2021-06-19,4.816
2021-06-20,5.037999999999999
2021-06-21,5.07
2021-06-22,5.148000000000001
2021-06-23,4.986
2021-06-24,4.802
2021-06-25,4.738
2021-06-26,4.715999999999999
2021-06-27,4.696
2021-06-28,4.676
2021-06-29,4.836
2021-06-30,5.4719999999999995
2021-07-01,8.776
2021-07-02,8.77
2021-07-03,7.998
2021-07-04,7.37
2021-07-05,7.358
2021-07-06,6.994
2021-07-07,6.812
2021-07-08,7.9319999999999995
2021-07-09,7.314
2021-07-10,6.7219999999999995
2021-07-11,6.38
2021-07-12,6.5280000000000005
2021-07-13,7.172
2021-07-14,6.554
2021-07-15,6.036
2021-07-16,5.718
2021-07-17,6.0280000000000005
2021-07-18,6.036
2021-07-19,6.037999999999999
2021-07-20,6.168
2021-07-21,6.220000000000001
2021-07-22,5.882
2021-07-23,6.07
2021-07-24,5.994
2021-07-25,5.806
2021-07-26,5.6739999999999995
2021-07-27,5.478
2021-07-28,5.346
2021-07-29,5.32
2021-07-30,5.614
2021-07-31,5.71
2021-08-01,5.856
2021-08-02,5.766
2021-08-03,5.488
2021-08-04,5.486
2021-08-05,5.3
2021-08-06,5.266
2021-08-07,5.862
2021-08-08,6.496
2021-08-09,5.9719999999999995
2021-08-10,5.934
2021-08-11,5.862
2021-08-12,5.828
2021-08-13,5.762
2021-08-14,6.26
2021-08-15,7.034000000000001
2021-08-16,6.422
2021-08-17,6.154
2021-08-18,5.84
2021-08-19,5.66
2021-08-20,5.67
2021-08-21,5.476
2021-08-22,5.43
2021-08-23,5.458
2021-08-24,5.343999999999999
2021-08-25,5.794
2021-08-26,6.816
2021-08-27,6.598000000000001
2021-08-28,5.976
2021-08-29,5.5280000000000005
2021-08-30,5.432
2021-08-31,6.052
2021-09-01,5.696
2021-09-02,5.7
2021-09-03,5.5200000000000005
2021-09-04,5.346
2021-09-05,6.054
2021-09-06,8.192
2021-09-07,8.152
2021-09-08,7.218000000000001
2021-09-09,6.446
2021-09-10,6.6739999999999995
2021-09-11,6.236
2021-09-12,6.338
2021-09-13,6.0
2021-09-14,5.646
2021-09-15,5.448
2021-09-16,5.702
2021-09-17,6.76
2021-09-18,6.054
2021-09-19,5.88
2021-09-20,5.742
2021-09-21,5.572
2021-09-22,5.474
2021-09-23,5.346
2021-09-24,5.152
2021-09-25,5.148000000000001
2021-09-26,5.326
2021-09-27,5.38
2021-09-28,5.534000000000001
2021-09-29,5.332
2021-09-30,5.262
2021-10-01,5.154
2021-10-02,5.058
2021-10-03,5.04
2021-10-04,5.087999999999999
2021-10-05,5.042
2021-10-06,5.572
2021-10-07,5.273999999999999
2021-10-08,5.014
2021-10-09,4.866
2021-10-10,5.14
2021-10-11,4.9399999999999995
2021-10-12,4.896
2021-10-13,4.946
2021-10-14,4.958
2021-10-15,4.936
2021-10-16,4.9239999999999995
2021-10-17,4.9159999999999995
2021-10-18,5.0840000000000005
2021-10-19,5.412
2021-10-20,5.292
2021-10-21,5.282
2021-10-22,5.354
2021-10-23,5.1659999999999995
2021-10-24,5.016
2021-10-25,4.962
2021-10-26,4.854
2021-10-27,4.8260000000000005
2021-10-28,4.8839999999999995
2021-10-29,4.872
2021-10-30,4.811999999999999
2021-10-31,4.773999999999999
2021-11-01,4.758
2021-11-02,4.744
2021-11-03,4.73
2021-11-04,4.73
2021-11-05,4.72
2021-11-06,4.72
2021-11-07,4.71
2021-11-08,4.706
2021-11-09,4.696
2021-11-10,4.69
2021-11-11,4.69
2021-11-12,4.704
2021-11-13,4.7
2021-11-14,4.692
2021-11-15,4.712
2021-11-16,4.886
2021-11-17,4.982
2021-11-18,4.83
2021-11-19,4.7780000000000005
2021-11-20,4.728
2021-11-21,4.704
2021-11-22,4.7
2021-11-23,4.69
2021-11-24,4.69
2021-11-25,4.688000000000001
2021-11-26,4.68
2021-11-27,4.68
2021-11-28,4.67
2021-11-29,4.66
2021-11-30,4.66
2021-12-01,4.65
2021-12-02,4.64
2021-12-03,4.628
2021-12-04,4.62
2021-12-05,4.612
2021-12-06,4.76
2021-12-07,6.9719999999999995
2021-12-08,7.128
2021-12-09,6.418000000000001
2021-12-10,5.9399999999999995
2021-12-11,5.436
2021-12-12,5.164
2021-12-13,5.086
2021-12-14,5.01
2021-12-15,4.932
2021-12-16,4.858
2021-12-17,4.824
2021-12-18,4.804
2021-12-19,4.746
2021-12-20,4.726000000000001
2021-12-21,4.71
2021-12-22,4.7
2021-12-23,4.7
2021-12-24,4.7
2021-12-25,4.69
2021-12-26,4.69
2021-12-27,4.69
2021-12-28,4.69
2021-12-29,4.68
2021-12-30,4.68
2021-12-31,4.67
2022-01-01,4.67
2022-01-02,4.66
2022-01-03,4.652
2022-01-04,4.64
2022-01-05,4.64
2022-01-06,4.63
2022-01-07,4.63
2022-01-08,4.63
2022-01-09,4.628
2022-01-10,4.618
2022-01-11,4.6
2022-01-12,4.59
2022-01-13,4.59
2022-01-14,4.59
2022-01-15,4.59
2022-01-16,4.59
2022-01-17,4.59
2022-01-18,4.58
2022-01-19,4.58
2022-01-20,4.57
2022-01-21,4.57
2022-01-22,4.56
2022-01-23,4.56
2022-01-24,4.526
2022-01-25,4.496
2022-01-26,4.482000000000001
2022-01-27,4.56
2022-01-28,4.58
2022-01-29,4.58
2022-01-30,4.57
2022-01-31,4.57
2022-02-01,4.57
2022-02-02,4.57
2022-02-03,4.56
2022-02-04,4.56
2022-02-05,4.56
2022-02-06,4.56
2022-02-07,4.54
2022-02-08,4.53
2022-02-09,4.53
2022-02-10,4.56
2022-02-11,4.56
2022-02-12,4.55
2022-02-13,4.54
2022-02-14,4.53
2022-02-15,4.53
2022-02-16,4.52
2022-02-17,4.52
2022-02-18,4.52
2022-02-19,4.52
2022-02-20,4.51
2022-02-21,4.51
2022-02-22,4.53
2022-02-23,4.51
2022-02-24,4.5
2022-02-25,4.5
2022-02-26,4.49
2022-02-27,4.49
2022-02-28,4.48
2022-03-01,4.48
2022-03-02,4.48
2022-03-03,4.47
2022-03-04,4.46
2022-03-05,4.45
2022-03-06,4.45
2022-03-07,4.47
2022-03-08,4.47
2022-03-09,4.46
2022-03-10,4.45
2022-03-11,4.44
2022-03-12,4.44
2022-03-13,4.44
2022-03-14,4.44
2022-03-15,4.43
2022-03-16,4.42
2022-03-17,4.41
2022-03-18,4.4
2022-03-19,4.4
2022-03-20,4.4
2022-03-21,4.4
2022-03-22,4.41
2022-03-23,4.4
2022-03-24,4.4
2022-03-25,4.4
2022-03-26,4.41
2022-03-27,4.41
2022-03-28,4.43
2022-03-29,4.43
2022-03-30,4.45
2022-03-31,4.45
2022-04-01,4.44
2022-04-02,4.43
2022-04-03,4.43
2022-04-04,4.43
2022-04-05,4.436
2022-04-06,4.42
2022-04-07,4.406000000000001
2022-04-08,4.38
2022-04-09,4.38
2022-04-10,4.392
2022-04-11,4.428
2022-04-12,4.388
2022-04-13,4.37
2022-04-14,4.37
2022-04-15,4.36
2022-04-16,4.362
2022-04-17,4.378
2022-04-18,4.35
2022-04-19,4.372
2022-04-20,4.434
2022-04-21,5.004
2022-04-22,4.75
2022-04-23,4.668
2022-04-24,4.58
2022-04-25,4.523999999999999
2022-04-26,4.488
2022-04-27,4.382
2022-04-28,4.37
2022-04-29,4.372
2022-04-30,4.382
2022-05-01,4.484
2022-05-02,4.5200000000000005
2022-05-03,4.562
2022-05-04,5.168
2022-05-05,5.1240000000000006
2022-05-06,4.83
2022-05-07,4.694
2022-05-08,4.662
2022-05-09,4.486
2022-05-10,4.458
2022-05-11,4.5920000000000005
2022-05-12,4.686
2022-05-13,4.826
2022-05-14,4.756
2022-05-15,4.934
2022-05-16,4.696
2022-05-17,4.587999999999999
2022-05-18,4.668
2022-05-19,4.794
2022-05-20,4.796
2022-05-21,5.84
2022-05-22,6.17
2022-05-23,5.578
2022-05-24,4.936
2022-05-25,4.792
2022-05-26,5.314
2022-05-27,5.306
2022-05-28,5.086
2022-05-29,4.898000000000001
2022-05-30,4.95
2022-05-31,4.948
2022-06-01,4.7780000000000005
2022-06-02,4.708
2022-06-03,4.714
2022-06-04,4.706
2022-06-05,5.262
2022-06-06,5.279999999999999
2022-06-07,4.898
2022-06-08,4.766
2022-06-09,4.938
2022-06-10,4.9159999999999995
2022-06-11,4.994
2022-06-12,5.116
2022-06-13,4.7219999999999995
2022-06-14,4.928
2022-06-15,4.843999999999999
2022-06-16,5.162
2022-06-17,5.834
2022-06-18,7.168000000000001
2022-06-19,7.63
2022-06-20,9.902000000000001
2022-06-21,10.424
2022-06-22,9.629999999999999
2022-06-23,8.672
2022-06-24,7.69
2022-06-25,7.12
2022-06-26,6.456
2022-06-27,5.9719999999999995
2022-06-28,5.544
2022-06-29,5.398000000000001
2022-06-30,5.596
2022-07-01,5.7700000000000005
2022-07-02,5.566
2022-07-03,5.314
2022-07-04,5.174
2022-07-05,5.061999999999999
2022-07-06,5.008
2022-07-07,5.372
2022-07-08,5.106
2022-07-09,4.894
2022-07-10,4.7780000000000005
2022-07-11,4.932
2022-07-12,4.837999999999999
2022-07-13,4.816
2022-07-14,4.792
2022-07-15,4.622
2022-07-16,4.688
2022-07-17,4.618
2022-07-18,4.692
2022-07-19,4.66
2022-07-20,4.64
2022-07-21,4.8340000000000005
2022-07-22,4.834
2022-07-23,4.784000000000001
2022-07-24,4.762
2022-07-25,4.812
2022-07-26,4.946
2022-07-27,6.24
2022-07-28,5.39
2022-07-29,4.922
2022-07-30,5.196
2022-07-31,5.008
2022-08-01,4.896
2022-08-02,4.982
2022-08-03,5.276
2022-08-04,5.214
2022-08-05,4.966
2022-08-06,4.9159999999999995
2022-08-07,5.072
2022-08-08,5.04
2022-08-09,5.322
2022-08-10,4.9079999999999995
2022-08-11,4.802
2022-08-12,4.720000000000001
2022-08-13,4.706
2022-08-14,5.282
2022-08-15,5.014
2022-08-16,4.744000000000001
2022-08-17,4.776
2022-08-18,4.832
2022-08-19,4.796
2022-08-20,5.206
2022-08-21,4.856
2022-08-22,4.7780000000000005
2022-08-23,4.862
2022-08-24,5.67
2022-08-25,5.184
2022-08-26,5.044
2022-08-27,4.912
2022-08-28,5.25
2022-08-29,4.848
2022-08-30,4.726
2022-08-31,4.632
2022-09-01,4.6
2022-09-02,4.61
2022-09-03,4.612
2022-09-04,5.182
2022-09-05,5.824
2022-09-06,5.734
2022-09-07,5.078
2022-09-08,5.516
2022-09-09,5.316
2022-09-10,5.368
2022-09-11,5.295999999999999
2022-09-12,5.1979999999999995
2022-09-13,5.154
2022-09-14,5.514
2022-09-15,5.642
2022-09-16,5.514
2022-09-17,5.234
2022-09-18,5.138
2022-09-19,5.276
2022-09-20,5.426
2022-09-21,5.048
2022-09-22,4.95
2022-09-23,4.846
2022-09-24,4.786
2022-09-25,5.126
2022-09-26,4.926
2022-09-27,5.029999999999999
2022-09-28,5.572
2022-09-29,5.136
2022-09-30,5.002000000000001
2022-10-01,4.932
2022-10-02,5.226
2022-10-03,6.779999999999999
2022-10-04,6.284000000000001
2022-10-05,6.468000000000001
2022-10-06,6.6579999999999995
2022-10-07,5.822
2022-10-08,5.418
2022-10-09,5.252000000000001
2022-10-10,5.16
2022-10-11,5.462000000000001
2022-10-12,5.078
2022-10-13,5.036
2022-10-14,5.134
2022-10-15,5.029999999999999
2022-10-16,4.8100000000000005
2022-10-17,4.682
2022-10-18,4.656000000000001
2022-10-19,4.746
2022-10-20,4.642
2022-10-21,4.595999999999999
2022-10-22,4.548
2022-10-23,4.574
2022-10-24,4.720000000000001
2022-10-25,5.454
2022-10-26,5.456
2022-10-27,4.942
2022-10-28,4.811999999999999
2022-10-29,4.75
2022-10-30,4.762
2022-10-31,4.672
2022-11-01,4.5840000000000005
2022-11-02,4.5280000000000005
2022-11-03,4.51
2022-11-04,4.5
2022-11-05,4.5
2022-11-06,4.496
2022-11-07,4.486
2022-11-08,4.486
2022-11-09,4.496
2022-11-10,4.676
2022-11-11,4.67
2022-11-12,4.67
2022-11-13,4.67
2022-11-14,4.67
2022-11-15,4.66
2022-11-16,4.66
2022-11-17,4.66
2022-11-18,4.66
2022-11-19,4.65
2022-11-20,4.65
2022-11-21,4.65
2022-11-22,4.64
2022-11-23,4.64
2022-11-24,4.63
2022-11-25,4.62
2022-11-26,4.62
2022-11-27,4.62
2022-11-28,4.61
2022-11-29,4.61
2022-11-30,4.811999999999999
2022-12-01,4.664
2022-12-02,4.65
2022-12-03,4.65
2022-12-04,4.63
2022-12-05,4.62
2022-12-06,4.61
2022-12-07,4.668
2022-12-08,4.601999999999999
2022-12-09,4.6
2022-12-10,4.6
2022-12-11,4.593999999999999
2022-12-12,4.59
2022-12-13,4.59
2022-12-14,4.5920000000000005
2022-12-15,4.712
2022-12-16,4.668
2022-12-17,4.648000000000001
2022-12-18,4.6259999999999994
2022-12-19,4.618
2022-12-20,4.5840000000000005
2022-12-21,4.58
2022-12-22,4.58
2022-12-23,4.582
2022-12-24,4.604
2022-12-25,4.58
2022-12-26,4.57
2022-12-27,4.56
2022-12-28,4.58
2022-12-29,4.67
2022-12-30,4.608
2022-12-31,4.5840000000000005
2023-01-01,4.534000000000001
2023-01-02,4.612
2023-01-03,4.598
2023-01-04,4.574
2023-01-05,4.53
2023-01-06,4.53
2023-01-07,4.53
2023-01-08,4.52
2023-01-09,4.52
2023-01-10,4.536
2023-01-11,4.517999999999999
2023-01-12,4.465999999999999
2023-01-13,4.454
2023-01-14,4.44
2023-01-15,4.454
2023-01-16,4.45
2023-01-17,4.45
2023-01-18,4.46
2023-01-19,4.468
2023-01-20,4.454
2023-01-21,4.522
2023-01-22,4.478
2023-01-23,4.446
2023-01-24,4.484
2023-01-25,4.46
2023-01-26,4.45
2023-01-27,4.46
2023-01-28,4.48
2023-01-29,4.48
2023-01-30,4.47
2023-01-31,4.47
2023-02-01,4.46
2023-02-02,4.458
2023-02-03,4.44
2023-02-04,4.43
2023-02-05,4.44
2023-02-06,4.45
2023-02-07,4.454
2023-02-08,4.468
2023-02-09,4.434
2023-02-10,4.432
2023-02-11,4.458
2023-02-12,4.42
2023-02-13,4.42
2023-02-14,4.43
2023-02-15,4.43
2023-02-16,4.43
2023-02-17,4.42
2023-02-18,4.42
2023-02-19,4.42
2023-02-20,4.42
2023-02-21,4.42
2023-02-22,4.432
2023-02-23,4.46
2023-02-24,4.448
2023-02-25,4.43
2023-02-26,4.42
2023-02-27,4.418
2023-02-28,4.39
2023-03-01,4.38
2023-03-02,4.38
2023-03-03,4.38
2023-03-04,4.38
2023-03-05,4.4
2023-03-06,4.41
2023-03-07,4.388
2023-03-08,4.37
2023-03-09,4.36
2023-03-10,4.36
2023-03-11,4.38
2023-03-12,4.36
2023-03-13,4.37
2023-03-14,4.37
2023-03-15,4.38
2023-03-16,4.39
2023-03-17,4.41
2023-03-18,4.398000000000001
2023-03-19,4.372
2023-03-20,4.454
2023-03-21,4.47
2023-03-22,4.4719999999999995
2023-03-23,4.51
2023-03-24,4.488
2023-03-25,4.456
2023-03-26,4.4239999999999995
2023-03-27,4.4
2023-03-28,4.402
2023-03-29,4.426
2023-03-30,4.433999999999999
2023-03-31,4.486
2023-04-01,4.523999999999999
2023-04-02,4.586
2023-04-03,4.56
2023-04-04,4.828
2023-04-05,4.588
2023-04-06,4.57
2023-04-07,4.546
2023-04-08,4.542
2023-04-09,4.572
2023-04-10,4.412000000000001
2023-04-11,4.37
2023-04-12,4.36
2023-04-13,4.36
2023-04-14,4.36
2023-04-15,4.35
2023-04-16,4.37
2023-04-17,4.3759999999999994
2023-04-18,4.332
2023-04-19,4.37
2023-04-20,4.3839999999999995
2023-04-21,4.328
2023-04-22,4.426
2023-04-23,4.454
2023-04-24,4.448
2023-04-25,4.3740000000000006
2023-04-26,4.35
2023-04-27,4.34
2023-04-28,4.3340000000000005
2023-04-29,4.4079999999999995
2023-04-30,4.39
2023-05-01,4.366
2023-05-02,4.29
2023-05-03,4.27
2023-05-04,4.272
2023-05-05,4.311999999999999
2023-05-06,4.36
2023-05-07,4.394
2023-05-08,4.32
2023-05-09,4.31
2023-05-10,4.311999999999999
2023-05-11,4.3420000000000005
2023-05-12,4.39
2023-05-13,4.684
2023-05-14,4.412000000000001
2023-05-15,4.35
2023-05-16,4.33
2023-05-17,4.33
2023-05-18,4.364
2023-05-19,4.4159999999999995
2023-05-20,4.398000000000001
2023-05-21,4.364
2023-05-22,4.364
2023-05-23,4.351999999999999
2023-05-24,4.51
2023-05-25,4.601999999999999
2023-05-26,4.432
2023-05-27,4.368
2023-05-28,4.36
2023-05-29,4.354000000000001
2023-05-30,4.362
2023-05-31,4.33
2023-06-01,4.31
2023-06-02,4.33
2023-06-03,4.32
2023-06-04,4.302
2023-06-05,4.33
2023-06-06,4.318
2023-06-07,4.3
2023-06-08,4.302
2023-06-09,4.396
2023-06-10,4.598
2023-06-11,4.54
2023-06-12,4.634
2023-06-13,4.566
2023-06-14,4.618
2023-06-15,4.5280000000000005
2023-06-16,4.508
2023-06-17,5.482
2023-06-18,5.45
2023-06-19,5.5120000000000005
2023-06-20,5.7700000000000005
2023-06-21,5.15
2023-06-22,4.828
2023-06-23,4.6
2023-06-24,4.512
2023-06-25,4.478
2023-06-26,4.55
2023-06-27,4.584
2023-06-28,4.537999999999999
2023-06-29,4.5840000000000005
2023-06-30,4.554
2023-07-01,5.496
2023-07-02,5.837999999999999
2023-07-03,5.436
2023-07-04,5.0200000000000005
2023-07-05,4.95
2023-07-06,6.148000000000001
2023-07-07,5.346
2023-07-08,4.906000000000001
2023-07-09,4.786
2023-07-10,4.754
2023-07-11,4.798
2023-07-12,4.672
2023-07-13,4.6
2023-07-14,4.564
2023-07-15,4.56
2023-07-16,4.55
2023-07-17,4.53
2023-07-18,4.5280000000000005
2023-07-19,4.886
2023-07-20,4.702
2023-07-21,4.596
2023-07-22,4.442
2023-07-23,4.522
2023-07-24,4.548
2023-07-25,4.612
2023-07-26,5.294
2023-07-27,4.962000000000001
2023-07-28,4.758
2023-07-29,4.814
2023-07-30,4.7299999999999995
2023-07-31,4.652
2023-08-01,5.32
2023-08-02,4.834
2023-08-03,4.8100000000000005
2023-08-04,5.418
2023-08-05,5.882
2023-08-06,5.676
2023-08-07,6.968000000000001
2023-08-08,8.354
2023-08-09,9.212
2023-08-10,8.506
2023-08-11,7.226000000000001
2023-08-12,6.4799999999999995
2023-08-13,6.01
2023-08-14,5.736
2023-08-15,5.672
2023-08-16,5.812
2023-08-17,7.0200000000000005
2023-08-18,6.244
2023-08-19,5.71
2023-08-20,5.42
2023-08-21,5.296
2023-08-22,5.172
2023-08-23,5.072
2023-08-24,5.0200000000000005
2023-08-25,4.952
2023-08-26,4.94
2023-08-27,5.454
2023-08-28,7.046000000000001
2023-08-29,6.4879999999999995
2023-08-30,5.726
2023-08-31,5.414
2023-09-01,6.022
2023-09-02,5.468
2023-09-03,5.518
2023-09-04,5.965999999999999
2023-09-05,5.378
2023-09-06,5.09
2023-09-07,5.244
2023-09-08,5.74
2023-09-09,5.404
2023-09-10,5.1259999999999994
2023-09-11,5.0280000000000005
2023-09-12,5.272
2023-09-13,5.15
2023-09-14,5.328
2023-09-15,5.0280000000000005
2023-09-16,4.982
2023-09-17,4.826
2023-09-18,4.837999999999999
2023-09-19,5.098000000000001
2023-09-20,5.194
2023-09-21,5.04
2023-09-22,5.258
2023-09-23,5.008
2023-09-24,5.066
2023-09-25,5.098000000000001
2023-09-26,4.938
2023-09-27,4.89
2023-09-28,4.84
2023-09-29,4.837999999999999
2023-09-30,4.926
2023-10-01,4.83
2023-10-02,4.772
2023-10-03,4.7299999999999995
2023-10-04,4.715999999999999
2023-10-05,4.89
2023-10-06,5.096
2023-10-07,4.896
2023-10-08,4.854
2023-10-09,5.098
2023-10-10,4.9079999999999995
2023-10-11,4.922
2023-10-12,4.872
2023-10-13,4.84
2023-10-14,4.854
2023-10-15,4.832
2023-10-16,4.814
2023-10-17,4.776
2023-10-18,4.638
2023-10-19,4.614
2023-10-20,4.604
2023-10-21,4.65
2023-10-22,4.672
2023-10-23,4.554
2023-10-24,4.537999999999999
2023-10-25,4.5920000000000005
2023-10-26,4.5760000000000005
2023-10-27,4.68
2023-10-28,4.6339999999999995
2023-10-29,4.612
2023-10-30,4.564
2023-10-31,4.546
2023-11-01,4.506
2023-11-02,4.488
2023-11-03,4.478
2023-11-04,4.47
2023-11-05,4.47
2023-11-06,4.49
2023-11-07,4.48
2023-11-08,4.48
2023-11-09,4.48
2023-11-10,4.48
2023-11-11,4.468
2023-11-12,4.436
2023-11-13,4.39
2023-11-14,4.38
2023-11-15,4.37
2023-11-16,4.36
2023-11-17,4.746
2023-11-18,6.656000000000001
2023-11-19,6.718000000000001
2023-11-20,5.698
2023-11-21,5.16
2023-11-22,4.901999999999999
2023-11-23,4.854
2023-11-24,4.837999999999999
2023-11-25,4.792
2023-11-26,4.7299999999999995
2023-11-27,4.692
2023-11-28,4.628
2023-11-29,4.593999999999999
2023-11-30,4.58
2023-12-01,4.555999999999999
2023-12-02,4.53
2023-12-03,4.53
2023-12-04,4.52
2023-12-05,4.52
2023-12-06,4.532
2023-12-07,4.708
2023-12-08,4.85
2023-12-09,4.982
2023-12-10,4.724
2023-12-11,4.61
2023-12-12,4.566
2023-12-13,4.55
2023-12-14,4.54
2023-12-15,4.53
2023-12-16,4.53
2023-12-17,4.504
2023-12-18,4.5
2023-12-19,4.5
2023-12-20,4.49
2023-12-21,4.49
2023-12-22,4.49
2023-12-23,4.5280000000000005
2023-12-24,4.494
2023-12-25,4.48
2023-12-26,4.48
2023-12-27,4.470000000000001
2023-12-28,4.45
2023-12-29,4.45
2023-12-30,4.45
2023-12-31,4.45
2024-01-01,4.44
2024-01-02,4.44
2024-01-03,4.44
2024-01-04,4.44
2024-01-05,4.43
2024-01-06,4.43
2024-01-07,4.42
2024-01-08,4.42
2024-01-09,4.42
2024-01-10,4.42
2024-01-11,4.42
2024-01-12,4.42
2024-01-13,4.42
2024-01-14,4.41
2024-01-15,4.41
2024-01-16,4.4
2024-01-17,4.4
2024-01-18,4.4
2024-01-19,4.39
2024-01-20,4.39
2024-01-21,4.446
2024-01-22,4.43
2024-01-23,4.43
2024-01-24,4.41
2024-01-25,4.4
2024-01-26,4.4
2024-01-27,4.39
2024-01-28,4.39
2024-01-29,4.38
2024-01-30,4.38
2024-01-31,4.37
2024-02-01,4.36
2024-02-02,4.36
2024-02-03,4.358
2024-02-04,4.324
2024-02-05,4.31
2024-02-06,4.266
2024-02-07,4.246
2024-02-08,4.32
2024-02-09,4.348
2024-02-10,4.296
2024-02-11,4.258
2024-02-12,4.3420000000000005
2024-02-13,4.304
2024-02-14,4.324
2024-02-15,4.31
2024-02-16,4.33
2024-02-17,4.33
2024-02-18,4.324
2024-02-19,4.356
2024-02-20,4.32
2024-02-21,4.32
2024-02-22,4.345999999999999
2024-02-23,4.4079999999999995
2024-02-24,4.702
2024-02-25,4.4079999999999995
2024-02-26,4.362
2024-02-27,4.343999999999999
2024-02-28,4.31
2024-02-29,4.32
2024-03-01,4.32
2024-03-02,4.31
2024-03-03,4.284000000000001
2024-03-04,4.272
2024-03-05,4.305999999999999
2024-03-06,4.308
2024-03-07,4.27
2024-03-08,4.272
2024-03-09,4.3
2024-03-10,4.276
2024-03-11,4.26
2024-03-12,4.26
2024-03-13,4.26
2024-03-14,4.272
2024-03-15,4.3
2024-03-16,4.3
2024-03-17,4.31
2024-03-18,4.31
2024-03-19,4.294
2024-03-20,4.28
2024-03-21,4.28
2024-03-22,4.272
2024-03-23,4.304
2024-03-24,4.31
2024-03-25,4.654
2024-03-26,4.422
2024-03-27,4.38
2024-03-28,4.356
2024-03-29,4.356
2024-03-30,4.418
2024-03-31,4.468
2024-04-01,4.606
2024-04-02,4.6240000000000006
2024-04-03,4.508
2024-04-04,4.488
2024-04-05,4.446
2024-04-06,4.358
2024-04-07,4.34
2024-04-08,4.392
2024-04-09,4.343999999999999
2024-04-10,4.266
2024-04-11,4.268
2024-04-12,4.328
2024-04-13,4.308
2024-04-14,4.274
2024-04-15,4.218
2024-04-16,4.21
2024-04-17,4.23
2024-04-18,4.29
2024-04-19,4.746
2024-04-20,4.595999999999999
2024-04-21,4.424
2024-04-22,4.448
2024-04-23,4.398000000000001
2024-04-24,4.343999999999999
2024-04-25,4.32
2024-04-26,4.32
2024-04-27,4.31
2024-04-28,4.3
2024-04-29,4.26
2024-04-30,4.258
2024-05-01,4.22
2024-05-02,4.21
2024-05-03,4.5520000000000005
2024-05-04,5.3740000000000006
2024-05-05,5.042
2024-05-06,4.7700000000000005
2024-05-07,4.928
2024-05-08,4.776
2024-05-09,4.638
2024-05-10,4.578
2024-05-11,4.508
2024-05-12,4.648000000000001
2024-05-13,4.766
2024-05-14,4.5
2024-05-15,4.428
2024-05-16,4.362
2024-05-17,4.25
2024-05-18,4.304
2024-05-19,4.346
2024-05-20,4.314
2024-05-21,4.32
2024-05-22,4.3
2024-05-23,4.27
2024-05-24,4.26
2024-05-25,4.266
2024-05-26,4.578
2024-05-27,4.428
2024-05-28,6.112
2024-05-29,7.1819999999999995
2024-05-30,5.997999999999999
2024-05-31,5.246
2024-06-01,4.87
2024-06-02,4.738
2024-06-03,4.596
2024-06-04,4.568
2024-06-05,4.924
2024-06-06,4.596
2024-06-07,4.562
2024-06-08,5.85
2024-06-09,6.182
2024-06-10,5.436
2024-06-11,5.406000000000001
2024-06-12,5.258
2024-06-13,4.878
2024-06-14,5.358
2024-06-15,5.638
2024-06-16,5.066000000000001
2024-06-17,4.9079999999999995
2024-06-18,4.928
2024-06-19,5.118
2024-06-20,6.18
2024-06-21,5.7700000000000005
2024-06-22,5.279999999999999
2024-06-23,4.984
2024-06-24,4.82
2024-06-25,4.702
2024-06-26,4.636
2024-06-27,5.494
2024-06-28,5.186
2024-06-29,4.996
2024-06-30,5.215999999999999
2024-07-01,6.046
2024-07-02,8.018
2024-07-03,9.096
2024-07-04,8.648
2024-07-05,7.516
2024-07-06,6.668000000000001
2024-07-07,6.2620000000000005
2024-07-08,5.846
2024-07-09,5.654
2024-07-10,5.537999999999999
2024-07-11,5.486
2024-07-12,5.412000000000001
2024-07-13,5.444
2024-07-14,5.182
2024-07-15,5.112
2024-07-16,4.914
2024-07-17,4.864
2024-07-18,4.837999999999999
2024-07-19,4.7780000000000005
2024-07-20,4.74
2024-07-21,4.8420000000000005
2024-07-22,4.811999999999999
2024-07-23,4.773999999999999
2024-07-24,4.804
2024-07-25,4.92
2024-07-26,4.7780000000000005
2024-07-27,4.682
2024-07-28,4.656000000000001
2024-07-29,4.601999999999999
2024-07-30,4.526
2024-07-31,4.298
2024-08-01,4.716
2024-08-02,6.659999999999999
2024-08-03,9.462
2024-08-04,9.534
2024-08-05,8.75
2024-08-06,7.364
2024-08-07,6.226000000000001
2024-08-08,5.84
2024-08-09,5.728
2024-08-10,5.792
2024-08-11,5.686
2024-08-12,5.922
2024-08-13,5.938
2024-08-14,5.9
2024-08-15,5.566
2024-08-16,5.428
2024-08-17,5.298
2024-08-18,6.148000000000001
2024-08-19,6.234
2024-08-20,9.868
2024-08-21,11.193999999999999
2024-08-22,12.184000000000001
2024-08-23,12.437999999999999
2024-08-24,12.251999999999999
2024-08-25,12.042
2024-08-26,11.722
2024-08-27,11.394
2024-08-28,11.014
2024-08-29,10.598
2024-08-30,10.266
2024-08-31,9.852
2024-09-01,9.334
2024-09-02,8.92
2024-09-03,8.77
2024-09-04,8.61
2024-09-05,7.967999999999999
2024-09-06,7.536
2024-09-07,7.3
2024-09-08,7.022
2024-09-09,6.76
2024-09-10,6.5
2024-09-11,6.151999999999999
2024-09-12,6.114
2024-09-13,6.046
2024-09-14,6.032
2024-09-15,5.948
2024-09-16,5.83
2024-09-17,5.67
2024-09-18,5.548
2024-09-19,5.574
2024-09-20,5.438000000000001
2024-09-21,5.268
2024-09-22,5.093999999999999
2024-09-23,5.022
2024-09-24,4.954
2024-09-25,5.886
2024-09-26,6.518000000000001
2024-09-27,6.022
2024-09-28,5.5600000000000005
2024-09-29,5.17
2024-09-30,5.294
2024-10-01,5.720000000000001
2024-10-02,5.2700000000000005
2024-10-03,5.6240000000000006
2024-10-04,6.022
2024-10-05,5.826
2024-10-06,6.324
2024-10-07,6.188000000000001
2024-10-08,6.006
2024-10-09,5.76
2024-10-10,6.266
2024-10-11,6.086
2024-10-12,5.708
2024-10-13,5.496
2024-10-14,5.374
2024-10-15,5.326
2024-10-16,5.124
2024-10-17,5.052
2024-10-18,4.932
2024-10-19,5.014
2024-10-20,4.984
2024-10-21,5.012
2024-10-22,4.851999999999999
2024-10-23,4.794
2024-10-24,4.788
2024-10-25,5.093999999999999
2024-10-26,5.032
2024-10-27,4.9079999999999995
2024-10-28,4.742
2024-10-29,4.682
2024-10-30,4.618
2024-10-31,4.5840000000000005
2024-11-01,4.582
2024-11-02,5.3
2024-11-03,4.948
2024-11-04,4.6240000000000006
2024-11-05,4.574
2024-11-06,4.544
2024-11-07,4.652
2024-11-08,4.576
2024-11-09,4.476
2024-11-10,4.446
2024-11-11,4.496
2024-11-12,4.474
2024-11-13,4.464
2024-11-14,4.46
2024-11-15,4.454
2024-11-16,4.45
2024-11-17,4.44
2024-11-18,4.428
2024-11-19,4.41
2024-11-20,4.4
2024-11-21,4.39
2024-11-22,4.39
2024-11-23,4.38
2024-11-24,4.3740000000000006
2024-11-25,4.37
2024-11-26,4.37
2024-11-27,4.392
2024-11-28,4.38
2024-11-29,4.38
2024-11-30,4.444
2024-12-01,4.43
2024-12-02,4.42
2024-12-03,4.418
2024-12-04,4.386
2024-12-05,4.36
2024-12-06,4.35
2024-12-07,4.39
2024-12-08,4.38
2024-12-09,4.38
2024-12-10,4.3660000000000005
2024-12-11,4.35
2024-12-12,4.34
2024-12-13,4.34
2024-12-14,4.34
2024-12-15,4.33
2024-12-16,4.33
2024-12-17,4.32
2024-12-18,4.364
2024-12-19,4.358
2024-12-20,4.32
2024-12-21,4.31
2024-12-22,4.31
2024-12-23,4.31
2024-12-24,4.3
2024-12-25,4.29
2024-12-26,4.284000000000001
2024-12-27,4.272
2024-12-28,4.238
2024-12-29,4.22
2024-12-30,4.22
2024-12-31,4.21
2025-01-01,4.284000000000001
2025-01-02,4.28
2025-01-03,4.28
2025-01-04,4.28
2025-01-05,4.287999999999999
2025-01-06,4.252
2025-01-07,4.232
2025-01-08,4.176
2025-01-09,4.1259999999999994
2025-01-10,4.172
2025-01-11,4.174
2025-01-12,4.252
2025-01-13,4.26
2025-01-14,4.246
2025-01-15,4.174
2025-01-16,4.1160000000000005
2025-01-17,4.0840000000000005
2025-01-18,4.118
2025-01-19,4.202
2025-01-20,4.22
2025-01-21,4.2
2025-01-22,4.18
2025-01-23,4.206
2025-01-24,4.215999999999999
2025-01-25,4.23
2025-01-26,4.238
2025-01-27,4.206
2025-01-28,4.188000000000001
2025-01-29,4.164
2025-01-30,4.1579999999999995
2025-01-31,4.13
2025-02-01,4.132
2025-02-02,4.162000000000001
2025-02-03,4.214
2025-02-04,4.215999999999999
2025-02-05,4.188000000000001
2025-02-06,4.1240000000000006
2025-02-07,4.162000000000001
2025-02-08,4.188000000000001
2025-02-09,4.154000000000001
2025-02-10,4.15
2025-02-11,4.14
2025-02-12,4.142
2025-02-13,4.1739999999999995
2025-02-14,4.2
2025-02-15,4.2
2025-02-16,4.19
2025-02-17,4.17
2025-02-18,4.17
2025-02-19,4.17
2025-02-20,4.15
2025-02-21,4.15
2025-02-22,4.14
2025-02-23,4.16
2025-02-24,4.17
2025-02-25,4.16
2025-02-26,4.16
2025-02-27,4.15
2025-02-28,4.14
2025-03-01,4.142
2025-03-02,4.17
2025-03-03,4.17
2025-03-04,4.19
2025-03-05,4.16
2025-03-06,4.17
2025-03-07,4.176
2025-03-08,4.13
2025-03-09,4.13
2025-03-10,4.12
2025-03-11,4.11
2025-03-12,4.101999999999999
2025-03-13,4.12
2025-03-14,4.12
2025-03-15,4.128
2025-03-16,4.11
2025-03-17,4.114
2025-03-18,4.1579999999999995
2025-03-19,4.13
2025-03-20,4.12
2025-03-21,4.1
2025-03-22,4.11
2025-03-23,4.112
2025-03-24,4.154
2025-03-25,4.0840000000000005
2025-03-26,4.1
2025-03-27,4.09
2025-03-28,4.08
2025-03-29,4.07
2025-03-30,4.08
2025-03-31,4.08
2025-04-01,4.078
2025-04-02,4.054
2025-04-03,4.074
2025-04-04,4.08
2025-04-05,4.06
2025-04-06,4.06
2025-04-07,4.07
2025-04-08,4.07
2025-04-09,4.064
2025-04-10,4.132
2025-04-11,4.08
2025-04-12,4.072
2025-04-13,4.0920000000000005
2025-04-14,4.064
2025-04-15,4.042
2025-04-16,4.062
2025-04-17,4.118
2025-04-18,4.3180000000000005
2025-04-19,4.38
2025-04-20,4.766
2025-04-21,4.486
2025-04-22,4.392
2025-04-23,4.744
2025-04-24,4.432
2025-04-25,4.3340000000000005
2025-04-26,4.254
2025-04-27,4.2
2025-04-28,4.176
2025-04-29,4.236
2025-04-30,4.328
2025-05-01,4.198
2025-05-02,4.058
2025-05-03,4.324
2025-05-04,4.256
2025-05-05,4.212
2025-05-06,4.176
2025-05-07,4.136
2025-05-08,4.162000000000001
2025-05-09,4.138
2025-05-10,4.11
2025-05-11,4.12
2025-05-12,4.1160000000000005
2025-05-13,4.41
2025-05-14,4.372
2025-05-15,4.26
2025-05-16,4.184
2025-05-17,4.176
2025-05-18,4.548
2025-05-19,5.346
2025-05-20,4.896
2025-05-21,5.724
2025-05-22,5.5
2025-05-23,5.108
2025-05-24,4.862
2025-05-25,4.512
2025-05-26,4.59
2025-05-27,4.674
2025-05-28,4.890000000000001
2025-05-29,4.537999999999999
2025-05-30,5.706
2025-05-31,7.473999999999999
2025-06-01,6.723999999999999
2025-06-02,7.290000000000001
2025-06-03,7.340000000000001
2025-06-04,7.279999999999999
2025-06-05,6.712000000000001
2025-06-06,5.954
2025-06-07,5.378
2025-06-08,5.162000000000001
2025-06-09,5.101999999999999
2025-06-10,5.32
2025-06-11,5.2
2025-06-12,4.918
2025-06-13,4.858
2025-06-14,4.718
2025-06-15,4.726
2025-06-16,4.766
2025-06-17,4.582
2025-06-18,4.906000000000001
2025-06-19,5.126
2025-06-20,6.4799999999999995
2025-06-21,5.894
2025-06-22,5.45
2025-06-23,5.118
2025-06-24,4.964
2025-06-25,4.858
2025-06-26,4.787999999999999
2025-06-27,4.736
2025-06-28,4.792
2025-06-29,4.684
2025-06-30,4.5600000000000005
2025-07-01,4.536
2025-07-02,4.458
2025-07-03,4.496
2025-07-04,4.432
2025-07-05,4.42
2025-07-06,4.364
2025-07-07,4.34
2025-07-08,4.496
2025-07-09,8.554
2025-07-10,9.598
2025-07-11,8.838
2025-07-12,7.644
2025-07-13,6.772
2025-07-14,6.2299999999999995
2025-07-15,6.564
2025-07-16,6.18
2025-07-17,5.786
2025-07-18,5.936
2025-07-19,5.638
2025-07-20,5.398000000000001
2025-07-21,6.776000000000001
2025-07-22,7.734
2025-07-23,7.0
2025-07-24,7.4159999999999995
2025-07-25,8.422
2025-07-26,7.702
2025-07-27,7.624
2025-07-28,7.684
2025-07-29,7.281999999999999
2025-07-30,6.684
2025-07-31,6.132
2025-08-01,6.032
2025-08-02,5.712
2025-08-03,5.496
2025-08-04,5.5
2025-08-05,6.872
2025-08-06,7.946000000000001
2025-08-07,7.640000000000001
2025-08-08,7.294
2025-08-09,6.790000000000001
2025-08-10,6.282
2025-08-11,5.992
2025-08-12,5.802
2025-08-13,5.715999999999999
2025-08-14,6.473999999999999
2025-08-15,6.372
2025-08-16,7.390000000000001
2025-08-17,7.378
2025-08-18,6.7379999999999995
2025-08-19,6.803999999999999
2025-08-20,6.268
2025-08-21,5.96
2025-08-22,5.798
2025-08-23,5.712
2025-08-24,5.694000000000001
2025-08-25,5.622
2025-08-26,5.4399999999999995
2025-08-27,5.284
2025-08-28,5.242
2025-08-29,5.1899999999999995
2025-08-30,5.21
2025-08-31,5.296
2025-09-01,5.756
2025-09-02,5.178
2025-09-03,5.1
2025-09-04,5.264
2025-09-05,5.308
2025-09-06,5.052
2025-09-07,6.146
2025-09-08,7.895999999999999
2025-09-09,6.736
2025-09-10,5.994
2025-09-11,5.962
2025-09-12,5.9719999999999995
2025-09-13,5.9
2025-09-14,5.888
2025-09-15,6.314
2025-09-16,6.49
2025-09-17,6.168
2025-09-18,5.8420000000000005
2025-09-19,5.656000000000001
2025-09-20,5.578
2025-09-21,5.878
2025-09-22,5.8340000000000005
2025-09-23,5.948
2025-09-24,5.6739999999999995
2025-09-25,5.498
2025-09-26,5.454
2025-09-27,5.378
2025-09-28,5.538
2025-09-29,5.66
2025-09-30,5.376
2025-10-01,6.4879999999999995
2025-10-02,7.808
2025-10-03,7.384
2025-10-04,6.752
2025-10-05,6.272
2025-10-06,6.04
2025-10-07,6.0200000000000005
2025-10-08,5.888
2025-10-09,6.206
2025-10-10,6.15
2025-10-11,6.212
2025-10-12,6.7620000000000005
2025-10-13,6.3340000000000005
2025-10-14,5.845999999999999
2025-10-15,5.612
2025-10-16,5.46
2025-10-17,5.4079999999999995
2025-10-18,5.232
2025-10-19,5.1659999999999995
2025-10-20,5.12
2025-10-21,5.072
2025-10-22,5.122
2025-10-23,5.07
2025-10-24,5.018
2025-10-25,5.154
2025-10-26,5.024
2025-10-27,4.948
2025-10-28,4.902
2025-10-29,4.822
2025-10-30,4.79
2025-10-31,4.86
2025-11-01,4.772
2025-11-02,4.762
2025-11-03,4.851999999999999
2025-11-04,4.928
2025-11-05,4.772
2025-11-06,5.1739999999999995
2025-11-07,4.968
2025-11-08,4.83
2025-11-09,4.758
2025-11-10,4.724
2025-11-11,4.694
2025-11-12,4.732
2025-11-13,4.764
2025-11-14,4.728
2025-11-15,4.696
2025-11-16,4.6659999999999995
2025-11-17,4.636
2025-11-18,4.614
2025-11-19,4.59
2025-11-20,4.514
2025-11-21,4.523999999999999
2025-11-22,4.506
2025-11-23,4.506
2025-11-24,4.488
2025-11-25,4.476000000000001
2025-11-26,4.46
2025-11-27,4.444
2025-11-28,4.432
2025-11-29,4.4159999999999995
2025-11-30,4.41
2025-12-01,4.402
2025-12-02,4.398000000000001
2025-12-03,4.394
2025-12-04,4.358
2025-12-05,4.35
2025-12-06,4.351999999999999
2025-12-07,4.3660000000000005
2025-12-08,4.356
2025-12-09,4.35
2025-12-10,4.345999999999999
2025-12-11,4.337999999999999
2025-12-12,4.3340000000000005
2025-12-13,4.311999999999999
2025-12-14,4.3
2025-12-15,4.298
2025-12-16,4.3
2025-12-17,4.305999999999999
2025-12-18,4.288
2025-12-19,4.286
2025-12-20,4.284000000000001
2025-12-21,4.292
2025-12-22,4.286
2025-12-23,4.2780000000000005
2025-12-24,4.282
2025-12-25,4.284000000000001
2025-12-26,4.292
2025-12-27,4.29
2025-12-28,4.286
2025-12-29,4.337999999999999
2025-12-30,4.35
2025-12-31,4.4159999999999995
2026-01-01,4.406000000000001
2026-01-02,4.402
2026-01-03,4.29
2026-01-04,4.27
2026-01-05,4.305999999999999
2026-01-06,4.295999999999999
2026-01-07,4.31
2026-01-08,4.292
2026-01-09,4.298
2026-01-10,4.372
2026-01-11,4.37
2026-01-12,4.328
2026-01-13,4.328
2026-01-14,4.364
2026-01-15,4.311999999999999
2026-01-16,4.337999999999999
2026-01-17,4.332
2026-01-18,4.282
2026-01-19,4.296
2026-01-20,4.322
2026-01-21,4.287999999999999
2026-01-22,4.311999999999999
2026-01-23,4.292
2026-01-24,4.292
2026-01-25,4.328
2026-01-26,4.266
2026-01-27,4.3260000000000005
2026-01-28,4.29
2026-01-29,4.36
2026-01-30,4.29
2026-01-31,4.287999999999999
2026-02-01,4.34
2026-02-02,4.33
2026-02-03,4.286
2026-02-04,4.32
2026-02-05,4.304
2026-02-06,4.296
2026-02-07,4.294
2026-02-08,4.294
2026-02-09,4.284000000000001
2026-02-10,4.286
2026-02-11,4.262
2026-02-12,4.296
2026-02-13,4.29
2026-02-14,4.286
2026-02-15,4.284000000000001
2026-02-16,4.288
2026-02-17,4.273999999999999
2026-02-18,4.296
2026-02-19,4.284000000000001
2026-02-20,4.262
2026-02-21,4.26
2026-02-22,4.284000000000001
2026-02-23,4.29
2026-02-24,4.272
2026-02-25,4.256
2026-02-26,4.276
2026-02-27,4.273999999999999
2026-02-28,4.266
2075-01-01,6.828
2075-01-02,6.818
2075-01-03,6.808
2075-01-04,6.808
2075-01-05,6.788
2075-01-06,6.788
2075-01-07,6.798
2075-01-08,6.788
2075-01-09,6.768
2075-01-10,6.768
2075-01-11,6.748
2075-01-12,6.728
2075-01-13,6.748
2075-01-14,6.748
2075-01-15,6.738
2075-01-16,6.738
2075-01-17,6.748
2075-01-18,6.728
2075-01-19,6.728
2075-01-20,6.718
2075-01-21,6.708
2075-01-22,6.708
2075-01-23,6.708
2075-01-24,6.708
2075-01-25,6.708
2075-01-26,6.718
2075-01-27,6.708
2075-01-28,6.708
2075-01-29,6.698
2075-01-30,6.718
2075-01-31,6.708
2075-02-01,6.698
2075-02-02,6.698
2075-02-03,6.688
2075-02-04,6.688
2075-02-05,6.688
2075-02-06,6.668
2075-02-07,6.658
2075-02-08,6.658
2075-02-09,6.648
2075-02-10,6.708
2075-02-11,6.678
2075-02-12,6.658
2075-02-13,6.668
2075-02-14,6.678
2075-02-15,6.688
2075-02-16,6.698
2075-02-17,6.828
2075-02-18,6.738
2075-02-19,6.668
2075-02-20,6.598
2075-02-21,6.538
2075-02-22,6.518
2075-02-23,6.518
2075-02-24,6.508
2075-02-25,6.498
2075-02-26,6.498
2075-02-27,6.488
2075-02-28,6.488
2075-03-01,6.458
2075-03-02,6.448
2075-03-03,6.438
2075-03-04,6.438
2075-03-05,6.438
2075-03-06,6.438
2075-03-07,6.448
2075-03-08,6.458
2075-03-09,6.468
2075-03-10,6.478
2075-03-11,6.478
2075-03-12,6.458
2075-03-13,6.458
2075-03-14,6.468
2075-03-15,6.438
2075-03-16,6.418
2075-03-17,6.398
2075-03-18,6.398
2075-03-19,6.398
2075-03-20,6.408
2075-03-21,6.378
2075-03-22,6.348
2075-03-23,6.358
2075-03-24,6.348
2075-03-25,6.348
2075-03-26,6.338
2075-03-27,6.348
2075-03-28,6.348
2075-03-29,6.308
2075-03-30,6.308
2075-03-31,6.308
2075-04-01,6.338
2075-04-02,6.288
2075-04-03,6.288
2075-04-04,6.288
2075-04-05,6.288
2075-04-06,6.288
2075-04-07,6.288
2075-04-08,6.288
2075-04-09,6.288
2075-04-10,6.288
2075-04-11,6.288
2075-04-12,6.278
2075-04-13,6.268
2075-04-14,6.268
2075-04-15,6.268
2075-04-16,6.418
2075-04-17,7.168
2075-04-18,7.538
2075-04-19,7.348
2075-04-20,6.878
2075-04-21,6.688
2075-04-22,6.598
2075-04-23,6.538
2075-04-24,6.578
2075-04-25,6.628
2075-04-26,6.708
2075-04-27,6.708
2075-04-28,6.728
2075-04-29,6.688
2075-04-30,6.618
2075-05-01,6.458
2075-05-02,6.408
2075-05-03,6.378
2075-05-04,6.358
2075-05-05,6.338
2075-05-06,6.368
2075-05-07,6.328
2075-05-08,6.328
2075-05-09,6.298
2075-05-10,6.268
2075-05-11,6.268
2075-05-12,6.478
2075-05-13,7.168
2075-05-14,7.478
2075-05-15,7.208
2075-05-16,6.938
2075-05-17,6.898
2075-05-18,6.768
2075-05-19,6.698
2075-05-20,6.688
2075-05-21,6.738
2075-05-22,7.118
2075-05-23,7.118
2075-05-24,7.138
2075-05-25,6.918
2075-05-26,6.768
2075-05-27,6.778
2075-05-28,8.008
2075-05-29,8.168
2075-05-30,8.418
2075-05-31,8.288
2075-06-01,8.748
2075-06-02,8.378
2075-06-03,8.038
2075-06-04,7.668
2075-06-05,7.468
2075-06-06,7.308
2075-06-07,7.788
2075-06-08,10.128
2075-06-09,10.118
2075-06-10,9.468
2075-06-11,9.038
2075-06-12,8.678
2075-06-13,8.298
2075-06-14,8.028
2075-06-15,8.128
2075-06-16,7.668
2075-06-17,7.548
2075-06-18,7.518
2075-06-19,7.558
2075-06-20,7.728
2075-06-21,7.728
2075-06-22,7.498
2075-06-23,7.308
2075-06-24,7.298
2075-06-25,7.188
2075-06-26,7.148
2075-06-27,7.088
2075-06-28,7.018
2075-06-29,6.978
2075-06-30,6.958
2075-07-01,6.938
2075-07-02,6.918
2075-07-03,6.898
2075-07-04,6.868
2075-07-05,6.878
2075-07-06,6.898
2075-07-07,6.908
2075-07-08,6.958
2075-07-09,6.938
2075-07-10,6.868
2075-07-11,6.808
2075-07-12,6.778
2075-07-13,6.848
2075-07-14,7.038
2075-07-15,8.588
2075-07-16,10.088
2075-07-17,10.428
2075-07-18,10.818
2075-07-19,10.528
2075-07-20,10.188
2075-07-21,9.728
2075-07-22,9.428
2075-07-23,9.338
2075-07-24,9.268
2075-07-25,9.108
2075-07-26,9.268
2075-07-27,10.538
2075-07-28,10.728
2075-07-29,11.178
2075-07-30,11.188
2075-07-31,10.888
2075-08-01,10.478
2075-08-02,10.128
2075-08-03,9.938
2075-08-04,9.798
2075-08-05,9.848
2075-08-06,9.928
2075-08-07,9.798
2075-08-08,9.588
2075-08-09,9.368
2075-08-10,9.168
2075-08-11,8.978
2075-08-12,8.828
2075-08-13,8.668
2075-08-14,8.528
2075-08-15,8.408
2075-08-16,8.178
2075-08-17,8.128
2075-08-18,7.998
2075-08-19,7.848
2075-08-20,7.938
2075-08-21,8.138
2075-08-22,8.298
2075-08-23,8.918
2075-08-24,8.858
2075-08-25,8.638
2075-08-26,8.468
2075-08-27,8.408
2075-08-28,8.428
2075-08-29,8.958
2075-08-30,8.548
2075-08-31,9.138
2075-09-01,9.438
2075-09-02,9.258
2075-09-03,9.058
2075-09-04,8.848
2075-09-05,8.638
2075-09-06,8.658
2075-09-07,8.548
2075-09-08,8.388
2075-09-09,8.888
2075-09-10,8.838
2075-09-11,8.758
2075-09-12,8.678
2075-09-13,8.548
2075-09-14,8.568
2075-09-15,8.618
2075-09-16,8.568
2075-09-17,8.578
2075-09-18,9.618
2075-09-19,9.268
2075-09-20,9.008
2075-09-21,8.898
2075-09-22,8.908
2075-09-23,8.718
2075-09-24,8.618
2075-09-25,8.598
2075-09-26,8.498
2075-09-27,8.408
2075-09-28,8.298
2075-09-29,8.228
2075-09-30,8.158
2075-10-01,8.118
2075-10-02,8.048
2075-10-03,8.138
2075-10-04,8.178
2075-10-05,8.078
2075-10-06,8.028
2075-10-07,8.048
2075-10-08,7.828
2075-10-09,7.898
2075-10-10,8.248
2075-10-11,9.148
2075-10-12,9.198
2075-10-13,8.828
2075-10-14,8.758
2075-10-15,8.568
2075-10-16,8.418
2075-10-17,8.298
2075-10-18,8.208
2075-10-19,8.118
2075-10-20,8.038
2075-10-21,7.888
2075-10-22,7.758
2075-10-23,7.638
2075-10-24,7.558
2075-10-25,7.508
2075-10-26,7.458
2075-10-27,7.428
2075-10-28,7.388
2075-10-29,7.338
2075-10-30,7.308
2075-10-31,7.288
2075-11-01,7.558
2075-11-02,7.718
2075-11-03,7.638
2075-11-04,8.318
2075-11-05,8.258
2075-11-06,8.058
2075-11-07,7.758
2075-11-08,7.568
2075-11-09,7.468
2075-11-10,7.508
2075-11-11,7.678
2075-11-12,7.678
2075-11-13,8.048
2075-11-14,8.018
2075-11-15,7.878
2075-11-16,7.598
2075-11-17,7.458
2075-11-18,7.388
2075-11-19,7.328
2075-11-20,7.258
2075-11-21,7.218
2075-11-22,7.188
2075-11-23,7.158
2075-11-24,7.128
2075-11-25,7.088
2075-11-26,7.088
2075-11-27,7.058
2075-11-28,7.058
2075-11-29,7.058
2075-11-30,7.048
2075-12-01,7.018
2075-12-02,6.998
2075-12-03,6.978
2075-12-04,6.968
2075-12-05,6.938
2075-12-06,6.938
2075-12-07,6.928
2075-12-08,6.918
2075-12-09,6.918
2075-12-10,6.898
2075-12-11,6.878
2075-12-12,6.878
2075-12-13,6.868
2075-12-14,6.868
2075-12-15,6.868
2075-12-16,6.848
2075-12-17,6.848
2075-12-18,6.848
2075-12-19,6.848
2075-12-20,6.828
2075-12-21,6.828
2075-12-22,6.808
2075-12-23,6.788
2075-12-24,6.788
2075-12-25,6.768
2075-12-26,6.768
2075-12-27,6.758
2075-12-28,6.758
2075-12-29,6.748
2075-12-30,6.748
2075-12-31,6.748
