date,water_level
1/1/1980,13.477
1/2/1980,13.457
1/3/1980,13.437
1/4/1980,13.427
1/5/1980,13.407
1/6/1980,13.397
1/7/1980,13.377
1/8/1980,13.367
1/9/1980,13.367
1/10/1980,13.367
1/11/1980,13.367
1/12/1980,13.337
1/13/1980,13.297
1/14/1980,13.277
1/15/1980,13.267
1/16/1980,13.247
1/17/1980,13.207
1/18/1980,13.187
1/19/1980,13.167
1/20/1980,13.157
1/21/1980,13.137
1/22/1980,13.117
1/23/1980,13.107
1/24/1980,13.097
1/25/1980,13.077
1/26/1980,13.057
1/27/1980,13.027
1/28/1980,13.027
1/29/1980,13.037
1/30/1980,13.027
1/31/1980,13.037
2/1/1980,13.027
2/2/1980,13.027
2/3/1980,13.027
2/4/1980,13.027
2/5/1980,13.037
2/6/1980,13.027
2/7/1980,13.027
2/8/1980,13.027
2/9/1980,13.017
2/10/1980,12.997
2/11/1980,12.967
2/12/1980,12.967
2/13/1980,12.967
2/14/1980,12.967
2/15/1980,13.007
2/16/1980,13.057
2/17/1980,13.067
2/18/1980,13.077
2/19/1980,13.037
2/20/1980,13.017
2/21/1980,12.997
2/22/1980,12.987
2/23/1980,12.967
2/24/1980,12.977
2/25/1980,12.997
2/26/1980,12.997
2/27/1980,13.007
2/28/1980,13.037
2/29/1980,13.067
3/1/1980,13.097
3/2/1980,13.097
3/3/1980,13.107
3/4/1980,13.127
3/5/1980,13.197
3/6/1980,13.297
3/7/1980,13.277
3/8/1980,13.277
3/9/1980,13.307
3/10/1980,13.447
3/11/1980,13.567
3/12/1980,13.597
3/13/1980,13.567
3/14/1980,13.537
3/15/1980,13.477
3/16/1980,13.437
3/17/1980,13.427
3/18/1980,13.417
3/19/1980,13.417
3/20/1980,13.397
3/21/1980,13.397
3/22/1980,13.397
3/23/1980,13.367
3/24/1980,13.337
3/25/1980,13.317
3/26/1980,13.337
3/27/1980,13.337
3/28/1980,13.337
3/29/1980,13.337
3/30/1980,13.337
3/31/1980,13.337
4/1/1980,13.357
4/2/1980,13.417
4/3/1980,13.527
4/4/1980,13.777
4/5/1980,13.947
4/6/1980,14.057
4/7/1980,13.997
4/8/1980,14.007
4/9/1980,13.987
4/10/1980,13.927
4/11/1980,13.867
4/12/1980,13.867
4/13/1980,13.867
4/14/1980,13.867
4/15/1980,13.877
4/16/1980,13.897
4/17/1980,13.937
4/18/1980,14.017
4/19/1980,14.107
4/20/1980,14.177
4/21/1980,14.277
4/22/1980,14.437
4/23/1980,14.557
4/24/1980,14.647
4/25/1980,14.757
4/26/1980,14.777
4/27/1980,14.767
4/28/1980,14.747
4/29/1980,15.267
4/30/1980,15.977
5/1/1980,16.107
5/2/1980,16.057
5/3/1980,16.167
5/4/1980,16.327
5/5/1980,16.377
5/6/1980,16.197
5/7/1980,16.037
5/8/1980,15.947
5/9/1980,15.887
5/10/1980,15.857
5/11/1980,15.867
5/12/1980,15.857
5/13/1980,15.867
5/14/1980,15.837
5/15/1980,15.837
5/16/1980,15.817
5/17/1980,15.807
5/18/1980,15.787
5/19/1980,15.777
5/20/1980,15.787
5/21/1980,15.807
5/22/1980,15.887
5/23/1980,15.957
5/24/1980,16.037
5/25/1980,16.047
5/26/1980,16.037
5/27/1980,15.917
5/28/1980,15.817
5/29/1980,15.807
5/30/1980,15.777
5/31/1980,15.807
6/1/1980,15.807
6/2/1980,15.837
6/3/1980,15.837
6/4/1980,15.867
6/5/1980,15.897
6/6/1980,15.887
6/7/1980,15.817
6/8/1980,15.787
6/9/1980,15.867
6/10/1980,16.027
6/11/1980,16.187
6/12/1980,16.637
6/13/1980,17.207
6/14/1980,17.507
6/15/1980,17.727
6/16/1980,17.917
6/17/1980,17.967
6/18/1980,17.927
6/19/1980,17.867
6/20/1980,17.957
6/21/1980,18.087
6/22/1980,18.217
6/23/1980,18.307
6/24/1980,18.377
6/25/1980,18.357
6/26/1980,18.197
6/27/1980,18.127
6/28/1980,18.137
6/29/1980,18.167
6/30/1980,18.157
7/1/1980,17.967
7/2/1980,17.907
7/3/1980,17.907
7/4/1980,17.897
7/5/1980,17.877
7/6/1980,17.867
7/7/1980,17.867
7/8/1980,17.927
7/9/1980,17.897
7/10/1980,17.897
7/11/1980,17.947
7/12/1980,17.967
7/13/1980,18.037
7/14/1980,18.067
7/15/1980,18.107
7/16/1980,18.227
7/17/1980,18.457
7/18/1980,18.687
7/19/1980,18.787
7/20/1980,18.827
7/21/1980,18.937
7/22/1980,19.047
7/23/1980,19.167
7/24/1980,19.227
7/25/1980,19.167
7/26/1980,19.077
7/27/1980,18.907
7/28/1980,18.687
7/29/1980,18.537
7/30/1980,18.487
7/31/1980,18.477
8/1/1980,18.477
8/2/1980,18.507
8/3/1980,18.537
8/4/1980,18.527
8/5/1980,18.567
8/6/1980,18.617
8/7/1980,18.717
8/8/1980,18.807
8/9/1980,18.877
8/10/1980,18.937
8/11/1980,19.007
8/12/1980,19.057
8/13/1980,19.087
8/14/1980,19.127
8/15/1980,19.157
8/16/1980,19.187
8/17/1980,19.357
8/18/1980,19.537
8/19/1980,19.567
8/20/1980,19.557
8/21/1980,19.547
8/22/1980,19.487
8/23/1980,19.377
8/24/1980,19.237
8/25/1980,19.137
8/26/1980,18.987
8/27/1980,18.877
8/28/1980,18.757
8/29/1980,18.657
8/30/1980,18.577
8/31/1980,18.467
9/1/1980,18.347
9/2/1980,18.257
9/3/1980,18.217
9/4/1980,18.167
9/5/1980,18.117
9/6/1980,18.097
9/7/1980,18.067
9/8/1980,17.977
9/9/1980,17.857
9/10/1980,17.747
9/11/1980,17.677
9/12/1980,17.627
9/13/1980,17.617
9/14/1980,17.637
9/15/1980,17.567
9/16/1980,17.547
9/17/1980,17.537
9/18/1980,17.577
9/19/1980,17.617
9/20/1980,17.687
9/21/1980,17.677
9/22/1980,17.597
9/23/1980,17.617
9/24/1980,17.627
9/25/1980,17.697
9/26/1980,17.837
9/27/1980,17.887
9/28/1980,17.937
9/29/1980,17.987
9/30/1980,17.987
10/1/1980,17.967
10/2/1980,17.927
10/3/1980,17.867
10/4/1980,17.777
10/5/1980,17.637
10/6/1980,17.567
10/7/1980,17.367
10/8/1980,17.287
10/9/1980,17.217
10/10/1980,17.197
10/11/1980,17.157
10/12/1980,17.057
10/13/1980,16.927
10/14/1980,16.747
10/15/1980,16.477
10/16/1980,16.357
10/17/1980,16.357
10/18/1980,16.197
10/19/1980,16.157
10/20/1980,16.067
10/21/1980,16.037
10/22/1980,15.927
10/23/1980,15.917
10/24/1980,15.897
10/25/1980,15.897
10/26/1980,16.017
10/27/1980,16.287
10/28/1980,16.447
10/29/1980,16.397
10/30/1980,16.197
10/31/1980,15.987
11/1/1980,15.997
11/2/1980,15.687
11/3/1980,15.597
11/4/1980,15.467
11/5/1980,15.367
11/6/1980,15.267
11/7/1980,15.167
11/8/1980,15.077
11/9/1980,14.987
11/10/1980,14.897
11/11/1980,14.817
11/12/1980,14.757
11/13/1980,14.697
11/14/1980,14.647
11/15/1980,14.627
11/16/1980,14.587
11/17/1980,14.537
11/18/1980,14.467
11/19/1980,14.397
11/20/1980,14.367
11/21/1980,14.327
11/22/1980,14.307
11/23/1980,14.267
11/24/1980,14.227
11/25/1980,14.177
11/26/1980,14.137
11/27/1980,14.117
11/28/1980,14.087
11/29/1980,14.067
11/30/1980,14.037
12/1/1980,14.017
12/2/1980,14.017
12/3/1980,13.967
12/4/1980,13.907
12/5/1980,13.857
12/6/1980,13.817
12/7/1980,13.787
12/8/1980,13.757
12/9/1980,13.747
12/10/1980,13.707
12/11/1980,13.697
12/12/1980,13.677
12/13/1980,13.657
12/14/1980,13.627
12/15/1980,13.597
12/16/1980,13.587
12/17/1980,13.567
12/18/1980,13.547
12/19/1980,13.537
12/20/1980,13.507
12/21/1980,13.477
12/22/1980,13.457
12/23/1980,13.437
12/24/1980,13.397
12/25/1980,13.367
12/26/1980,13.347
12/27/1980,13.337
12/28/1980,13.317
12/29/1980,13.307
12/30/1980,13.287
12/31/1980,13.277
1/1/1981,13.247
1/2/1981,13.217
1/3/1981,13.197
1/4/1981,13.197
1/5/1981,13.187
1/6/1981,13.167
1/7/1981,13.187
1/8/1981,13.157
1/9/1981,13.137
1/10/1981,13.117
1/11/1981,13.107
1/12/1981,13.077
1/13/1981,13.057
1/14/1981,13.057
1/15/1981,13.057
1/16/1981,13.057
1/17/1981,13.037
1/18/1981,13.017
1/19/1981,12.997
1/20/1981,12.977
1/21/1981,12.947
1/22/1981,12.927
1/23/1981,12.907
1/24/1981,12.897
1/25/1981,12.897
1/26/1981,12.867
1/27/1981,12.847
1/28/1981,12.827
1/29/1981,12.817
1/30/1981,12.817
1/31/1981,12.797
2/1/1981,12.787
2/2/1981,12.777
2/3/1981,12.777
2/4/1981,12.777
2/5/1981,12.777
2/6/1981,12.767
2/7/1981,12.757
2/8/1981,12.757
2/9/1981,12.757
2/10/1981,12.787
2/11/1981,12.817
2/12/1981,12.817
2/13/1981,12.807
2/14/1981,12.787
2/15/1981,12.787
2/16/1981,12.817
2/17/1981,12.817
2/18/1981,12.817
2/19/1981,12.827
2/20/1981,12.807
2/21/1981,12.807
2/22/1981,12.777
2/23/1981,12.757
2/24/1981,12.747
2/25/1981,12.717
2/26/1981,12.707
2/27/1981,12.707
2/28/1981,12.707
3/1/1981,12.707
3/2/1981,12.707
3/3/1981,12.737
3/4/1981,12.757
3/5/1981,12.767
3/6/1981,12.797
3/7/1981,12.827
3/8/1981,12.907
3/9/1981,13.057
3/10/1981,13.177
3/11/1981,13.267
3/12/1981,13.257
3/13/1981,13.237
3/14/1981,13.197
3/15/1981,13.167
3/16/1981,13.157
3/17/1981,13.147
3/18/1981,13.207
3/19/1981,13.277
3/20/1981,13.377
3/21/1981,13.407
3/22/1981,13.417
3/23/1981,13.387
3/24/1981,13.367
3/25/1981,13.367
3/26/1981,13.387
3/27/1981,13.397
3/28/1981,13.397
3/29/1981,13.337
3/30/1981,13.337
3/31/1981,13.457
4/1/1981,13.527
4/2/1981,13.567
4/3/1981,13.527
4/4/1981,13.477
4/5/1981,13.447
4/6/1981,13.427
4/7/1981,13.447
4/8/1981,13.477
4/9/1981,13.527
4/10/1981,13.627
4/11/1981,13.737
4/12/1981,13.917
4/13/1981,14.117
4/14/1981,14.247
4/15/1981,14.227
4/16/1981,14.127
4/17/1981,14.057
4/18/1981,13.987
4/19/1981,13.977
4/20/1981,13.977
4/21/1981,13.957
4/22/1981,13.337
4/23/1981,13.337
4/24/1981,14.027
4/25/1981,14.167
4/26/1981,14.347
4/27/1981,14.457
4/28/1981,14.417
4/29/1981,14.347
4/30/1981,14.297
5/1/1981,14.277
5/2/1981,14.387
5/3/1981,14.457
5/4/1981,14.437
5/5/1981,14.377
5/6/1981,14.287
5/7/1981,14.247
5/8/1981,14.277
5/9/1981,14.347
5/10/1981,14.407
5/11/1981,14.437
5/12/1981,14.447
5/13/1981,14.617
5/14/1981,14.737
5/15/1981,14.837
5/16/1981,14.937
5/17/1981,15.107
5/18/1981,15.287
5/19/1981,15.447
5/20/1981,15.417
5/21/1981,15.307
5/22/1981,15.257
5/23/1981,15.237
5/24/1981,15.287
5/25/1981,15.267
5/26/1981,15.177
5/27/1981,15.117
5/28/1981,15.117
5/29/1981,15.147
5/30/1981,15.267
5/31/1981,15.437
6/1/1981,15.667
6/2/1981,15.827
6/3/1981,16.057
6/4/1981,16.387
6/5/1981,16.507
6/6/1981,16.427
6/7/1981,16.247
6/8/1981,16.117
6/9/1981,15.957
6/10/1981,15.927
6/11/1981,15.947
6/12/1981,16.077
6/13/1981,16.137
6/14/1981,16.097
6/15/1981,15.977
6/16/1981,15.897
6/17/1981,15.887
6/18/1981,15.887
6/19/1981,16.037
6/20/1981,16.137
6/21/1981,16.197
6/22/1981,16.287
6/23/1981,16.377
6/24/1981,16.437
6/25/1981,16.517
6/26/1981,16.617
6/27/1981,16.657
6/28/1981,16.857
6/29/1981,17.347
6/30/1981,17.777
7/1/1981,18.197
7/2/1981,18.577
7/3/1981,18.747
7/4/1981,18.767
7/5/1981,18.797
7/6/1981,18.927
7/7/1981,18.947
7/8/1981,18.897
7/9/1981,18.787
7/10/1981,18.637
7/11/1981,18.457
7/12/1981,18.197
7/13/1981,18.027
7/14/1981,17.957
7/15/1981,17.887
7/16/1981,18.047
7/17/1981,18.317
7/18/1981,18.547
7/19/1981,18.677
7/20/1981,18.767
7/21/1981,18.767
7/22/1981,18.657
7/23/1981,18.577
7/24/1981,18.507
7/25/1981,18.447
7/26/1981,18.387
7/27/1981,18.397
7/28/1981,18.437
7/29/1981,18.537
7/30/1981,18.597
7/31/1981,18.627
8/1/1981,18.647
8/2/1981,18.697
8/3/1981,18.697
8/4/1981,18.707
8/5/1981,18.697
8/6/1981,18.577
8/7/1981,18.467
8/8/1981,18.347
8/9/1981,18.277
8/10/1981,18.117
8/11/1981,17.987
8/12/1981,17.927
8/13/1981,17.967
8/14/1981,18.027
8/15/1981,18.097
8/16/1981,18.137
8/17/1981,18.127
8/18/1981,18.037
8/19/1981,18.057
8/20/1981,18.127
8/21/1981,18.187
8/22/1981,18.287
8/23/1981,18.437
8/24/1981,18.527
8/25/1981,18.607
8/26/1981,18.667
8/27/1981,18.657
8/28/1981,18.607
8/29/1981,18.547
8/30/1981,18.547
8/31/1981,18.597
9/1/1981,18.677
9/2/1981,18.617
9/3/1981,18.527
9/4/1981,18.487
9/5/1981,18.447
9/6/1981,18.397
9/7/1981,18.337
9/8/1981,18.277
9/9/1981,18.227
9/10/1981,18.137
9/11/1981,18.237
9/12/1981,18.227
9/13/1981,18.227
9/14/1981,18.347
9/15/1981,18.377
9/16/1981,18.357
9/17/1981,18.327
9/18/1981,18.327
9/19/1981,18.297
9/20/1981,18.237
9/21/1981,18.187
9/22/1981,18.097
9/23/1981,17.997
9/24/1981,17.817
9/25/1981,17.567
9/26/1981,17.387
9/27/1981,17.257
9/28/1981,17.397
9/29/1981,16.957
9/30/1981,16.937
10/1/1981,16.947
10/2/1981,16.827
10/3/1981,16.627
10/4/1981,16.717
10/5/1981,16.887
10/6/1981,17.007
10/7/1981,17.047
10/8/1981,16.987
10/9/1981,16.827
10/10/1981,16.637
10/11/1981,16.467
10/12/1981,16.357
10/13/1981,16.227
10/14/1981,16.107
10/15/1981,15.987
10/16/1981,15.897
10/17/1981,15.777
10/18/1981,15.697
10/19/1981,15.597
10/20/1981,15.467
10/21/1981,15.347
10/22/1981,15.287
10/23/1981,15.207
10/24/1981,15.137
10/25/1981,15.067
10/26/1981,14.997
10/27/1981,14.937
10/28/1981,14.887
10/29/1981,14.837
10/30/1981,14.797
10/31/1981,14.777
11/1/1981,14.737
11/2/1981,14.727
11/3/1981,14.727
11/4/1981,14.717
11/5/1981,14.657
11/6/1981,14.617
11/7/1981,14.557
11/8/1981,14.487
11/9/1981,14.437
11/10/1981,14.397
11/11/1981,14.367
11/12/1981,14.367
11/13/1981,14.397
11/14/1981,14.367
11/15/1981,14.307
11/16/1981,14.237
11/17/1981,14.177
11/18/1981,14.127
11/19/1981,14.077
11/20/1981,14.037
11/21/1981,13.957
11/22/1981,13.927
11/23/1981,13.897
11/24/1981,13.827
11/25/1981,13.787
11/26/1981,13.767
11/27/1981,13.737
11/28/1981,13.707
11/29/1981,13.667
11/30/1981,13.627
12/1/1981,13.597
12/2/1981,13.577
12/3/1981,13.567
12/4/1981,13.527
12/5/1981,13.497
12/6/1981,13.487
12/7/1981,13.457
12/8/1981,13.447
12/9/1981,13.417
12/10/1981,13.397
12/11/1981,13.387
12/12/1981,13.367
12/13/1981,13.397
12/14/1981,13.407
12/15/1981,13.437
12/16/1981,13.437
12/17/1981,13.447
12/18/1981,13.447
12/19/1981,13.427
12/20/1981,13.437
12/21/1981,13.447
12/22/1981,13.427
12/23/1981,13.377
12/24/1981,13.317
12/25/1981,13.277
12/26/1981,13.237
12/27/1981,13.197
12/28/1981,13.167
12/29/1981,13.147
12/30/1981,13.127
12/31/1981,13.117
1/1/1982,13.087
1/2/1982,13.067
1/3/1982,13.037
1/4/1982,13.027
1/5/1982,13.007
1/6/1982,12.987
1/7/1982,12.957
1/8/1982,12.947
1/9/1982,12.927
1/10/1982,12.907
1/11/1982,12.897
1/12/1982,12.887
1/13/1982,12.867
1/14/1982,12.857
1/15/1982,12.857
1/16/1982,12.847
1/17/1982,12.837
1/18/1982,12.817
1/19/1982,12.807
1/20/1982,12.797
1/21/1982,12.787
1/22/1982,12.777
1/23/1982,12.767
1/24/1982,12.757
1/25/1982,12.737
1/26/1982,12.727
1/27/1982,12.707
1/28/1982,12.587
1/29/1982,12.687
1/30/1982,12.667
1/31/1982,12.657
2/1/1982,12.657
2/2/1982,12.627
2/3/1982,12.607
2/4/1982,12.607
2/5/1982,12.607
2/6/1982,12.597
2/7/1982,12.587
2/8/1982,12.587
2/9/1982,12.597
2/10/1982,12.607
2/11/1982,12.607
2/12/1982,12.607
2/13/1982,12.597
2/14/1982,12.607
2/15/1982,12.617
2/16/1982,12.627
2/17/1982,12.617
2/18/1982,12.577
2/19/1982,12.557
2/20/1982,12.557
2/21/1982,12.547
2/22/1982,12.537
2/23/1982,12.527
2/24/1982,12.527
2/25/1982,12.517
2/26/1982,12.507
2/27/1982,12.537
2/28/1982,12.557
3/1/1982,12.577
3/2/1982,12.607
3/3/1982,12.617
3/4/1982,12.607
3/5/1982,12.587
3/6/1982,12.567
3/7/1982,12.567
3/8/1982,12.557
3/9/1982,12.537
3/10/1982,12.537
3/11/1982,12.537
3/12/1982,12.557
3/13/1982,12.567
3/14/1982,12.587
3/15/1982,12.597
3/16/1982,12.607
3/17/1982,12.607
3/18/1982,12.617
3/19/1982,12.617
3/20/1982,12.647
3/21/1982,12.667
3/22/1982,12.697
3/23/1982,12.687
3/24/1982,12.687
3/25/1982,12.697
3/26/1982,12.697
3/27/1982,12.747
3/28/1982,12.817
3/29/1982,12.867
3/30/1982,12.897
3/31/1982,12.907
4/1/1982,12.947
4/2/1982,12.987
4/3/1982,13.027
4/4/1982,13.147
4/5/1982,13.267
4/6/1982,13.327
4/7/1982,13.367
4/8/1982,13.377
4/9/1982,13.457
4/10/1982,13.627
4/11/1982,13.777
4/12/1982,13.807
4/13/1982,13.847
4/14/1982,13.947
4/15/1982,14.347
4/16/1982,14.527
4/17/1982,14.507
4/18/1982,14.437
4/19/1982,14.357
4/20/1982,14.287
4/21/1982,14.307
4/22/1982,14.317
4/23/1982,14.347
4/24/1982,14.367
4/25/1982,14.367
4/26/1982,14.387
4/27/1982,14.367
4/28/1982,14.527
4/29/1982,14.637
4/30/1982,14.567
5/1/1982,14.547
5/2/1982,14.507
5/3/1982,14.467
5/4/1982,14.537
5/5/1982,14.917
5/6/1982,15.357
5/7/1982,15.317
5/8/1982,15.427
5/9/1982,15.047
5/10/1982,15.257
5/11/1982,15.067
5/12/1982,15.027
5/13/1982,15.037
5/14/1982,15.087
5/15/1982,15.097
5/16/1982,15.407
5/17/1982,16.097
5/18/1982,16.457
5/19/1982,16.447
5/20/1982,16.337
5/21/1982,16.047
5/22/1982,15.917
5/23/1982,15.837
5/24/1982,15.707
5/25/1982,15.577
5/26/1982,15.417
5/27/1982,15.197
5/28/1982,15.127
5/29/1982,15.107
5/30/1982,15.087
5/31/1982,15.127
6/1/1982,15.107
6/2/1982,15.077
6/3/1982,15.007
6/4/1982,15.027
6/5/1982,15.077
6/6/1982,15.087
6/7/1982,15.107
6/8/1982,15.127
6/9/1982,15.407
6/10/1982,15.767
6/11/1982,15.977
6/12/1982,16.367
6/13/1982,16.727
6/14/1982,17.067
6/15/1982,17.467
6/16/1982,17.467
6/17/1982,17.297
6/18/1982,17.117
6/19/1982,17.007
6/20/1982,17.057
6/21/1982,17.307
6/22/1982,17.597
6/23/1982,17.667
6/24/1982,17.997
6/25/1982,18.127
6/26/1982,18.227
6/27/1982,18.267
6/28/1982,18.217
6/29/1982,18.127
6/30/1982,18.077
7/1/1982,18.097
7/2/1982,18.117
7/3/1982,18.077
7/4/1982,18.037
7/5/1982,18.037
7/6/1982,18.187
7/7/1982,18.297
7/8/1982,18.347
7/9/1982,18.347
7/10/1982,18.387
7/11/1982,18.447
7/12/1982,18.517
7/13/1982,18.497
7/14/1982,18.387
7/15/1982,18.267
7/16/1982,18.177
7/17/1982,18.157
7/18/1982,18.117
7/19/1982,18.087
7/20/1982,18.067
7/21/1982,18.047
7/22/1982,18.047
7/23/1982,18.047
7/24/1982,18.147
7/25/1982,18.257
7/26/1982,18.297
7/27/1982,18.407
7/28/1982,18.567
7/29/1982,18.757
7/30/1982,18.847
7/31/1982,18.807
8/1/1982,18.747
8/2/1982,18.647
8/3/1982,18.797
8/4/1982,18.727
8/5/1982,18.537
8/6/1982,18.387
8/7/1982,18.247
8/8/1982,18.087
8/9/1982,17.947
8/10/1982,17.837
8/11/1982,17.717
8/12/1982,17.627
8/13/1982,17.557
8/14/1982,17.467
8/15/1982,17.347
8/16/1982,17.287
8/17/1982,17.197
8/18/1982,17.107
8/19/1982,17.037
8/20/1982,16.977
8/21/1982,16.937
8/22/1982,16.937
8/23/1982,16.997
8/24/1982,17.077
8/25/1982,17.097
8/26/1982,17.157
8/27/1982,17.207
8/28/1982,17.257
8/29/1982,17.317
8/30/1982,17.387
8/31/1982,17.427
9/1/1982,17.487
9/2/1982,17.517
9/3/1982,17.467
9/4/1982,17.457
9/5/1982,17.307
9/6/1982,17.347
9/7/1982,17.287
9/8/1982,17.207
9/9/1982,17.027
9/10/1982,16.887
9/11/1982,16.837
9/12/1982,16.847
9/13/1982,16.897
9/14/1982,17.017
9/15/1982,17.597
9/16/1982,17.637
9/17/1982,17.957
9/18/1982,18.467
9/19/1982,18.637
9/20/1982,18.797
9/21/1982,18.887
9/22/1982,18.847
9/23/1982,18.677
9/24/1982,18.497
9/25/1982,18.337
9/26/1982,18.207
9/27/1982,18.017
9/28/1982,17.887
9/29/1982,17.797
9/30/1982,17.637
10/1/1982,17.467
10/2/1982,17.267
10/3/1982,17.117
10/4/1982,16.967
10/5/1982,16.987
10/6/1982,17.007
10/7/1982,16.857
10/8/1982,16.717
10/9/1982,16.487
10/10/1982,16.347
10/11/1982,16.197
10/12/1982,16.067
10/13/1982,15.947
10/14/1982,15.827
10/15/1982,15.727
10/16/1982,15.627
10/17/1982,15.527
10/18/1982,15.417
10/19/1982,15.327
10/20/1982,15.237
10/21/1982,15.167
10/22/1982,15.137
10/23/1982,15.147
10/24/1982,15.157
10/25/1982,15.207
10/26/1982,15.227
10/27/1982,15.197
10/28/1982,15.157
10/29/1982,15.107
10/30/1982,15.057
10/31/1982,15.037
11/1/1982,15.017
11/2/1982,14.937
11/3/1982,14.827
11/4/1982,14.757
11/5/1982,14.677
11/6/1982,14.587
11/7/1982,14.517
11/8/1982,14.467
11/9/1982,14.417
11/10/1982,14.387
11/11/1982,14.347
11/12/1982,14.317
11/13/1982,14.277
11/14/1982,14.247
11/15/1982,14.227
11/16/1982,14.207
11/17/1982,14.197
11/18/1982,14.167
11/19/1982,14.127
11/20/1982,14.077
11/21/1982,14.047
11/22/1982,14.017
11/23/1982,13.987
11/24/1982,13.957
11/25/1982,13.937
11/26/1982,13.907
11/27/1982,13.877
11/28/1982,13.847
11/29/1982,13.817
11/30/1982,13.787
12/1/1982,13.787
12/2/1982,13.767
12/3/1982,13.747
12/4/1982,13.727
12/5/1982,13.717
12/6/1982,13.667
12/7/1982,13.647
12/8/1982,13.617
12/9/1982,13.577
12/10/1982,13.537
12/11/1982,13.527
12/12/1982,13.497
12/13/1982,13.487
12/14/1982,13.467
12/15/1982,13.447
12/16/1982,13.407
12/17/1982,13.367
12/18/1982,13.347
12/19/1982,13.317
12/20/1982,13.307
12/21/1982,13.297
12/22/1982,13.287
12/23/1982,13.277
12/24/1982,13.257
12/25/1982,13.247
12/26/1982,13.237
12/27/1982,13.207
12/28/1982,13.187
12/29/1982,13.167
12/30/1982,13.157
12/31/1982,13.147
1/1/1983,13.147
1/2/1983,13.157
1/3/1983,13.157
1/4/1983,13.157
1/5/1983,13.117
1/6/1983,13.077
1/7/1983,13.057
1/8/1983,13.027
1/9/1983,13.017
1/10/1983,12.997
1/11/1983,12.987
1/12/1983,12.957
1/13/1983,12.937
1/14/1983,12.907
1/15/1983,12.897
1/16/1983,12.867
1/17/1983,12.857
1/18/1983,12.847
1/19/1983,12.827
1/20/1983,12.817
1/21/1983,12.787
1/22/1983,12.787
1/23/1983,12.777
1/24/1983,12.767
1/25/1983,12.737
1/26/1983,12.737
1/27/1983,12.737
1/28/1983,12.707
1/29/1983,12.697
1/30/1983,12.687
1/31/1983,12.687
2/1/1983,12.677
2/2/1983,12.677
2/3/1983,12.687
2/4/1983,12.687
2/5/1983,12.697
2/6/1983,12.707
2/7/1983,12.717
2/8/1983,12.747
2/9/1983,12.777
2/10/1983,12.807
2/11/1983,12.817
2/12/1983,12.787
2/13/1983,12.747
2/14/1983,12.717
2/15/1983,12.687
2/16/1983,12.667
2/17/1983,12.657
2/18/1983,12.637
2/19/1983,12.617
2/20/1983,12.607
2/21/1983,12.597
2/22/1983,12.597
2/23/1983,12.587
2/24/1983,12.587
2/25/1983,12.597
2/26/1983,12.607
2/27/1983,12.627
2/28/1983,12.687
3/1/1983,12.767
3/2/1983,12.807
3/3/1983,12.847
3/4/1983,12.867
3/5/1983,12.847
3/6/1983,12.827
3/7/1983,12.837
3/8/1983,12.867
3/9/1983,12.877
3/10/1983,12.887
3/11/1983,12.877
3/12/1983,12.867
3/13/1983,12.867
3/14/1983,12.877
3/15/1983,12.927
3/16/1983,12.977
3/17/1983,12.977
3/18/1983,12.947
3/19/1983,12.937
3/20/1983,12.957
3/21/1983,13.057
3/22/1983,13.227
3/23/1983,13.327
3/24/1983,13.367
3/25/1983,13.367
3/26/1983,13.317
3/27/1983,13.297
3/28/1983,13.297
3/29/1983,13.407
3/30/1983,13.577
3/31/1983,13.647
4/1/1983,13.687
4/2/1983,13.577
4/3/1983,13.497
4/4/1983,13.427
4/5/1983,13.387
4/6/1983,13.367
4/7/1983,13.387
4/8/1983,13.397
4/9/1983,13.407
4/10/1983,13.387
4/11/1983,13.347
4/12/1983,13.357
4/13/1983,13.417
4/14/1983,13.577
4/15/1983,13.727
4/16/1983,13.897
4/17/1983,14.127
4/18/1983,14.307
4/19/1983,14.467
4/20/1983,14.527
4/21/1983,14.607
4/22/1983,14.667
4/23/1983,14.597
4/24/1983,14.507
4/25/1983,14.487
4/26/1983,14.447
4/27/1983,14.407
4/28/1983,14.367
4/29/1983,14.357
4/30/1983,14.337
5/1/1983,14.357
5/2/1983,14.417
5/3/1983,14.437
5/4/1983,14.447
5/5/1983,14.537
5/6/1983,14.727
5/7/1983,14.967
5/8/1983,15.147
5/9/1983,15.397
5/10/1983,15.607
5/11/1983,15.647
5/12/1983,15.607
5/13/1983,15.567
5/14/1983,15.567
5/15/1983,15.577
5/16/1983,15.627
5/17/1983,15.567
5/18/1983,15.527
5/19/1983,15.517
5/20/1983,15.567
5/21/1983,15.697
5/22/1983,15.797
5/23/1983,15.897
5/24/1983,16.017
5/25/1983,16.127
5/26/1983,16.217
5/27/1983,16.377
5/28/1983,16.517
5/29/1983,16.567
5/30/1983,16.537
5/31/1983,16.437
6/1/1983,16.307
6/2/1983,16.167
6/3/1983,16.047
6/4/1983,15.997
6/5/1983,15.977
6/6/1983,16.017
6/7/1983,16.137
6/8/1983,16.257
6/9/1983,16.327
6/10/1983,16.437
6/11/1983,16.727
6/12/1983,17.107
6/13/1983,17.187
6/14/1983,17.097
6/15/1983,16.897
6/16/1983,16.697
6/17/1983,16.587
6/18/1983,16.507
6/19/1983,16.577
6/20/1983,16.787
6/21/1983,16.787
6/22/1983,17.917
6/23/1983,17.707
6/24/1983,17.867
6/25/1983,17.917
6/26/1983,17.937
6/27/1983,17.937
6/28/1983,17.857
6/29/1983,17.787
6/30/1983,17.797
7/1/1983,17.877
7/2/1983,17.937
7/3/1983,17.967
7/4/1983,18.087
7/5/1983,18.177
7/6/1983,18.407
7/7/1983,18.637
7/8/1983,18.677
7/9/1983,18.597
7/10/1983,18.557
7/11/1983,18.477
7/12/1983,18.357
7/13/1983,18.227
7/14/1983,18.187
7/15/1983,18.117
7/16/1983,18.167
7/17/1983,18.447
7/18/1983,18.547
7/19/1983,18.367
7/20/1983,18.297
7/21/1983,18.227
7/22/1983,18.277
7/23/1983,18.267
7/24/1983,18.257
7/25/1983,18.347
7/26/1983,18.477
7/27/1983,18.577
7/28/1983,18.707
7/29/1983,18.757
7/30/1983,18.697
7/31/1983,18.637
8/1/1983,18.597
8/2/1983,18.557
8/3/1983,18.547
8/4/1983,18.677
8/5/1983,18.737
8/6/1983,18.617
8/7/1983,18.417
8/8/1983,18.227
8/9/1983,18.027
8/10/1983,17.927
8/11/1983,17.817
8/12/1983,17.707
8/13/1983,17.587
8/14/1983,17.487
8/15/1983,17.417
8/16/1983,17.387
8/17/1983,17.357
8/18/1983,17.347
8/19/1983,17.367
8/20/1983,17.427
8/21/1983,17.497
8/22/1983,17.547
8/23/1983,17.697
8/24/1983,17.937
8/25/1983,18.187
8/26/1983,18.327
8/27/1983,18.427
8/28/1983,18.367
8/29/1983,18.237
8/30/1983,18.107
8/31/1983,18.037
9/1/1983,18.057
9/2/1983,18.067
9/3/1983,18.097
9/4/1983,18.127
9/5/1983,18.147
9/6/1983,18.147
9/7/1983,18.117
9/8/1983,18.077
9/9/1983,18.027
9/10/1983,18.347
9/11/1983,18.347
9/12/1983,18.557
9/13/1983,18.837
9/14/1983,19.187
9/15/1983,19.387
9/16/1983,19.337
9/17/1983,19.237
9/18/1983,19.067
9/19/1983,18.897
9/20/1983,18.797
9/21/1983,18.687
9/22/1983,18.637
9/23/1983,18.597
9/24/1983,18.547
9/25/1983,18.497
9/26/1983,18.467
9/27/1983,18.517
9/28/1983,18.497
9/29/1983,18.447
9/30/1983,18.327
10/1/1983,18.197
10/2/1983,18.107
10/3/1983,18.057
10/4/1983,17.887
10/5/1983,17.667
10/6/1983,17.437
10/7/1983,17.167
10/8/1983,16.977
10/9/1983,16.907
10/10/1983,16.877
10/11/1983,17.037
10/12/1983,16.757
10/13/1983,16.677
10/14/1983,16.567
10/15/1983,16.467
10/16/1983,16.377
10/17/1983,16.347
10/18/1983,16.437
10/19/1983,16.637
10/20/1983,16.797
10/21/1983,17.017
10/22/1983,17.137
10/23/1983,17.147
10/24/1983,16.947
10/25/1983,16.717
10/26/1983,16.487
10/27/1983,16.287
10/28/1983,16.117
10/29/1983,15.967
10/30/1983,15.897
10/31/1983,15.837
11/1/1983,15.777
11/2/1983,15.647
11/3/1983,15.497
11/4/1983,15.387
11/5/1983,15.277
11/6/1983,15.187
11/7/1983,15.087
11/8/1983,15.007
11/9/1983,14.927
11/10/1983,14.847
11/11/1983,14.797
11/12/1983,14.747
11/13/1983,14.667
11/14/1983,14.607
11/15/1983,14.537
11/16/1983,14.497
11/17/1983,14.427
11/18/1983,14.387
11/19/1983,14.327
11/20/1983,14.287
11/21/1983,14.247
11/22/1983,14.197
11/23/1983,14.157
11/24/1983,14.107
11/25/1983,14.077
11/26/1983,14.047
11/27/1983,14.017
11/28/1983,13.987
11/29/1983,13.947
11/30/1983,13.907
12/1/1983,13.877
12/2/1983,13.847
12/3/1983,13.797
12/4/1983,13.767
12/5/1983,13.747
12/6/1983,13.697
12/7/1983,13.667
12/8/1983,13.637
12/9/1983,13.687
12/10/1983,13.587
12/11/1983,13.557
12/12/1983,13.517
12/13/1983,13.487
12/14/1983,13.467
12/15/1983,13.447
12/16/1983,13.407
12/17/1983,13.377
12/18/1983,13.357
12/19/1983,13.327
12/20/1983,13.297
12/21/1983,13.287
12/22/1983,13.257
12/23/1983,13.227
12/24/1983,13.187
12/25/1983,13.187
12/26/1983,13.167
12/27/1983,13.177
12/28/1983,13.167
12/29/1983,13.157
12/30/1983,13.157
12/31/1983,13.147
1/1/1984,13.147
1/2/1984,13.137
1/3/1984,13.127
1/4/1984,13.117
1/5/1984,13.107
1/6/1984,13.097
1/7/1984,13.067
1/8/1984,13.037
1/9/1984,13.027
1/10/1984,12.997
1/11/1984,12.967
1/12/1984,12.947
1/13/1984,12.937
1/14/1984,12.907
1/15/1984,12.897
1/16/1984,12.887
1/17/1984,12.877
1/18/1984,12.867
1/19/1984,12.867
1/20/1984,12.867
1/21/1984,12.897
1/22/1984,12.887
1/23/1984,12.857
1/24/1984,12.847
1/25/1984,12.837
1/26/1984,12.847
1/27/1984,12.867
1/28/1984,12.867
1/29/1984,12.857
1/30/1984,12.837
1/31/1984,12.817
2/1/1984,12.787
2/2/1984,12.787
2/3/1984,12.777
2/4/1984,12.777
2/5/1984,12.767
2/6/1984,12.737
2/7/1984,12.697
2/8/1984,12.687
2/9/1984,12.667
2/10/1984,12.667
2/11/1984,12.667
2/12/1984,12.657
2/13/1984,12.637
2/14/1984,12.627
2/15/1984,12.617
2/16/1984,12.637
2/17/1984,12.647
2/18/1984,12.647
2/19/1984,12.647
2/20/1984,12.697
2/21/1984,12.637
2/22/1984,12.617
2/23/1984,12.587
2/24/1984,12.577
2/25/1984,12.577
2/26/1984,12.557
2/27/1984,12.547
2/28/1984,12.547
2/29/1984,12.537
3/1/1984,12.547
3/2/1984,12.577
3/3/1984,12.597
3/4/1984,12.617
3/5/1984,12.607
3/6/1984,12.577
3/7/1984,12.557
3/8/1984,12.547
3/9/1984,12.527
3/10/1984,12.517
3/11/1984,12.537
3/12/1984,12.567
3/13/1984,12.587
3/14/1984,12.617
3/15/1984,12.637
3/16/1984,12.657
3/17/1984,12.667
3/18/1984,12.667
3/19/1984,12.667
3/20/1984,12.697
3/21/1984,12.727
3/22/1984,12.797
3/23/1984,12.877
3/24/1984,12.957
3/25/1984,12.977
3/26/1984,12.977
3/27/1984,12.997
3/28/1984,13.067
3/29/1984,13.137
3/30/1984,13.177
3/31/1984,13.137
4/1/1984,13.107
4/2/1984,13.097
4/3/1984,13.067
4/4/1984,13.087
4/5/1984,13.187
4/6/1984,13.297
4/7/1984,13.377
4/8/1984,13.417
4/9/1984,13.497
4/10/1984,13.917
4/11/1984,14.487
4/12/1984,14.787
4/13/1984,14.797
4/14/1984,14.697
4/15/1984,14.607
4/16/1984,14.537
4/17/1984,14.467
4/18/1984,14.387
4/19/1984,14.347
4/20/1984,14.247
4/21/1984,14.217
4/22/1984,14.207
4/23/1984,14.177
4/24/1984,14.117
4/25/1984,14.077
4/26/1984,14.387
4/27/1984,14.617
4/28/1984,14.777
4/29/1984,14.757
4/30/1984,14.717
5/1/1984,14.667
5/2/1984,14.607
5/3/1984,14.617
5/4/1984,14.687
5/5/1984,14.777
5/6/1984,14.847
5/7/1984,14.967
5/8/1984,15.017
5/9/1984,15.037
5/10/1984,15.067
5/11/1984,14.987
5/12/1984,14.927
5/13/1984,14.887
5/14/1984,14.877
5/15/1984,14.827
5/16/1984,14.817
5/17/1984,14.927
5/18/1984,15.377
5/19/1984,15.607
5/20/1984,15.747
5/21/1984,15.947
5/22/1984,16.157
5/23/1984,16.517
5/24/1984,17.057
5/25/1984,17.327
5/26/1984,17.327
5/27/1984,17.297
5/28/1984,17.257
5/29/1984,17.107
5/30/1984,16.977
5/31/1984,16.957
6/1/1984,16.877
6/2/1984,16.817
6/3/1984,16.747
6/4/1984,16.717
6/5/1984,16.697
6/6/1984,16.717
6/7/1984,16.757
6/8/1984,16.867
6/9/1984,17.007
6/10/1984,17.007
6/11/1984,16.987
6/12/1984,17.217
6/13/1984,17.197
6/14/1984,17.177
6/15/1984,17.307
6/16/1984,17.747
6/17/1984,18.147
6/18/1984,18.287
6/19/1984,18.267
6/20/1984,18.227
6/21/1984,18.337
6/22/1984,18.387
6/23/1984,18.267
6/24/1984,18.067
6/25/1984,17.977
6/26/1984,17.957
6/27/1984,17.997
6/28/1984,17.887
6/29/1984,17.827
6/30/1984,17.777
7/1/1984,17.777
7/2/1984,17.827
7/3/1984,17.867
7/4/1984,17.877
7/5/1984,17.877
7/6/1984,17.937
7/7/1984,18.047
7/8/1984,18.277
7/9/1984,18.537
7/10/1984,18.647
7/11/1984,18.797
7/12/1984,18.987
7/13/1984,19.167
7/14/1984,19.277
7/15/1984,19.327
7/16/1984,19.257
7/17/1984,19.177
7/18/1984,19.097
7/19/1984,19.007
7/20/1984,18.877
7/21/1984,18.767
7/22/1984,18.677
7/23/1984,18.647
7/24/1984,18.707
7/25/1984,18.827
7/26/1984,18.887
7/27/1984,18.977
7/28/1984,19.227
7/29/1984,19.387
7/30/1984,19.437
7/31/1984,19.417
8/1/1984,19.327
8/2/1984,19.247
8/3/1984,19.137
8/4/1984,18.987
8/5/1984,18.837
8/6/1984,18.807
8/7/1984,18.727
8/8/1984,18.637
8/9/1984,18.517
8/10/1984,18.417
8/11/1984,18.287
8/12/1984,18.177
8/13/1984,18.007
8/14/1984,17.867
8/15/1984,17.737
8/16/1984,17.607
8/17/1984,17.507
8/18/1984,17.427
8/19/1984,17.367
8/20/1984,17.297
8/21/1984,17.337
8/22/1984,17.397
8/23/1984,17.457
8/24/1984,17.527
8/25/1984,17.627
8/26/1984,17.537
8/27/1984,17.517
8/28/1984,17.577
8/29/1984,17.627
8/30/1984,17.687
8/31/1984,17.727
9/1/1984,17.777
9/2/1984,17.807
9/3/1984,17.737
9/4/1984,17.737
9/5/1984,17.807
9/6/1984,17.907
9/7/1984,18.037
9/8/1984,18.177
9/9/1984,18.247
9/10/1984,18.197
9/11/1984,18.187
9/12/1984,18.257
9/13/1984,18.327
9/14/1984,18.357
9/15/1984,18.417
9/16/1984,18.937
9/17/1984,19.237
9/18/1984,19.437
9/19/1984,19.567
9/20/1984,19.547
9/21/1984,19.427
9/22/1984,19.237
9/23/1984,19.047
9/24/1984,18.907
9/25/1984,18.707
9/26/1984,18.507
9/27/1984,18.357
9/28/1984,18.197
9/29/1984,18.007
9/30/1984,17.827
10/1/1984,17.697
10/2/1984,17.537
10/3/1984,17.337
10/4/1984,17.277
10/5/1984,17.117
10/6/1984,16.957
10/7/1984,16.847
10/8/1984,16.717
10/9/1984,16.627
10/10/1984,16.507
10/11/1984,16.407
10/12/1984,16.337
10/13/1984,16.297
10/14/1984,16.317
10/15/1984,16.237
10/16/1984,16.127
10/17/1984,16.097
10/18/1984,16.047
10/19/1984,15.987
10/20/1984,16.127
10/21/1984,16.457
10/22/1984,16.747
10/23/1984,16.877
10/24/1984,16.837
10/25/1984,16.687
10/26/1984,16.547
10/27/1984,16.517
10/28/1984,16.467
10/29/1984,16.347
10/30/1984,16.137
10/31/1984,15.987
11/1/1984,15.837
11/2/1984,15.707
11/3/1984,15.587
11/4/1984,15.487
11/5/1984,15.387
11/6/1984,15.307
11/7/1984,15.247
11/8/1984,15.147
11/9/1984,15.057
11/10/1984,14.987
11/11/1984,14.937
11/12/1984,14.897
11/13/1984,14.847
11/14/1984,14.787
11/15/1984,14.717
11/16/1984,14.657
11/17/1984,14.617
11/18/1984,14.607
11/19/1984,14.567
11/20/1984,14.517
11/21/1984,14.487
11/22/1984,14.467
11/23/1984,14.427
11/24/1984,14.387
11/25/1984,14.347
11/26/1984,14.317
11/27/1984,14.267
11/28/1984,14.237
11/29/1984,14.207
11/30/1984,14.187
12/1/1984,14.167
12/2/1984,14.137
12/3/1984,14.107
12/4/1984,14.087
12/5/1984,14.067
12/6/1984,14.037
12/7/1984,14.007
12/8/1984,13.987
12/9/1984,13.957
12/10/1984,13.927
12/11/1984,13.907
12/12/1984,13.897
12/13/1984,13.887
12/14/1984,13.857
12/15/1984,13.837
12/16/1984,13.817
12/17/1984,13.787
12/18/1984,13.787
12/19/1984,13.767
12/20/1984,13.807
12/21/1984,13.827
12/22/1984,13.877
12/23/1984,13.917
12/24/1984,13.877
12/25/1984,13.847
12/26/1984,13.807
12/27/1984,13.757
12/28/1984,13.707
12/29/1984,13.627
12/30/1984,13.587
12/31/1984,13.567
1/1/1985,13.547
1/2/1985,13.537
1/3/1985,13.527
1/4/1985,13.517
1/5/1985,13.507
1/6/1985,13.467
1/7/1985,13.437
1/8/1985,13.407
1/9/1985,13.387
1/10/1985,13.367
1/11/1985,13.347
1/12/1985,13.437
1/13/1985,13.327
1/14/1985,13.317
1/15/1985,13.307
1/16/1985,13.297
1/17/1985,13.277
1/18/1985,13.257
1/19/1985,13.247
1/20/1985,13.237
1/21/1985,13.217
1/22/1985,13.207
1/23/1985,13.187
1/24/1985,13.167
1/25/1985,13.157
1/26/1985,13.147
1/27/1985,13.127
1/28/1985,13.117
1/29/1985,13.097
1/30/1985,13.097
1/31/1985,13.077
2/1/1985,13.057
2/2/1985,13.037
2/3/1985,13.027
2/4/1985,13.017
2/5/1985,13.007
2/6/1985,12.997
2/7/1985,13.017
2/8/1985,13.027
2/9/1985,13.037
2/10/1985,13.037
2/11/1985,13.047
2/12/1985,13.047
2/13/1985,13.057
2/14/1985,13.047
2/15/1985,13.037
2/16/1985,13.027
2/17/1985,13.017
2/18/1985,13.027
2/19/1985,13.017
2/20/1985,13.007
2/21/1985,12.997
2/22/1985,12.987
2/23/1985,12.977
2/24/1985,12.967
2/25/1985,12.957
2/26/1985,12.947
2/27/1985,12.947
2/28/1985,12.957
3/1/1985,12.957
3/2/1985,12.947
3/3/1985,12.947
3/4/1985,12.987
3/5/1985,13.017
3/6/1985,13.047
3/7/1985,13.057
3/8/1985,13.077
3/9/1985,13.087
3/10/1985,13.097
3/11/1985,13.117
3/12/1985,13.147
3/13/1985,13.217
3/14/1985,13.377
3/15/1985,13.647
3/16/1985,13.927
3/17/1985,13.977
3/18/1985,13.947
3/19/1985,13.837
3/20/1985,13.797
3/21/1985,13.757
3/22/1985,13.727
3/23/1985,13.717
3/24/1985,13.687
3/25/1985,13.647
3/26/1985,13.617
3/27/1985,13.597
3/28/1985,13.657
3/29/1985,13.777
3/30/1985,13.807
3/31/1985,13.827
4/1/1985,13.827
4/2/1985,13.817
4/3/1985,13.827
4/4/1985,13.837
4/5/1985,13.847
4/6/1985,13.887
4/7/1985,14.087
4/8/1985,14.377
4/9/1985,14.447
4/10/1985,14.427
4/11/1985,14.467
4/12/1985,14.617
4/13/1985,14.707
4/14/1985,14.707
4/15/1985,14.637
4/16/1985,14.597
4/17/1985,14.657
4/18/1985,14.827
4/19/1985,14.927
4/20/1985,14.937
4/21/1985,14.937
4/22/1985,14.977
4/23/1985,15.167
4/24/1985,15.247
4/25/1985,15.167
4/26/1985,15.127
4/27/1985,15.097
4/28/1985,15.107
4/29/1985,15.137
4/30/1985,15.197
5/1/1985,15.527
5/2/1985,15.917
5/3/1985,15.947
5/4/1985,15.807
5/5/1985,15.607
5/6/1985,15.477
5/7/1985,15.407
5/8/1985,15.307
5/9/1985,15.297
5/10/1985,15.307
5/11/1985,15.387
5/12/1985,15.497
5/13/1985,15.517
5/14/1985,15.397
5/15/1985,15.277
5/16/1985,15.197
5/17/1985,15.147
5/18/1985,15.147
5/19/1985,15.147
5/20/1985,15.157
5/21/1985,15.167
5/22/1985,15.167
5/23/1985,15.187
5/24/1985,15.187
5/25/1985,15.217
5/26/1985,15.127
5/27/1985,15.077
5/28/1985,15.037
5/29/1985,15.047
5/30/1985,15.247
5/31/1985,15.567
6/1/1985,16.037
6/2/1985,16.777
6/3/1985,17.357
6/4/1985,17.947
6/5/1985,18.297
6/6/1985,18.417
6/7/1985,18.407
6/8/1985,18.227
6/9/1985,17.987
6/10/1985,17.737
6/11/1985,17.537
6/12/1985,17.387
6/13/1985,17.307
6/14/1985,17.297
6/15/1985,17.307
6/16/1985,17.417
6/17/1985,17.397
6/18/1985,17.337
6/19/1985,17.437
6/20/1985,17.527
6/21/1985,17.777
6/22/1985,17.927
6/23/1985,18.027
6/24/1985,18.037
6/25/1985,17.977
6/26/1985,17.867
6/27/1985,17.767
6/28/1985,17.807
6/29/1985,18.027
6/30/1985,18.137
7/1/1985,18.177
7/2/1985,18.347
7/3/1985,18.487
7/4/1985,18.527
7/5/1985,18.467
7/6/1985,18.417
7/7/1985,18.437
7/8/1985,18.577
7/9/1985,18.537
7/10/1985,18.577
7/11/1985,18.687
7/12/1985,18.747
7/13/1985,18.777
7/14/1985,18.807
7/15/1985,18.837
7/16/1985,18.857
7/17/1985,18.827
7/18/1985,18.787
7/19/1985,18.707
7/20/1985,18.647
7/21/1985,18.607
7/22/1985,18.617
7/23/1985,18.637
7/24/1985,18.707
7/25/1985,18.847
7/26/1985,18.877
7/27/1985,18.807
7/28/1985,18.927
7/29/1985,19.077
7/30/1985,19.017
7/31/1985,18.857
8/1/1985,18.677
8/2/1985,18.547
8/3/1985,18.427
8/4/1985,18.297
8/5/1985,18.137
8/6/1985,17.987
8/7/1985,17.887
8/8/1985,17.817
8/9/1985,17.667
8/10/1985,17.577
8/11/1985,17.497
8/12/1985,17.367
8/13/1985,17.337
8/14/1985,17.357
8/15/1985,17.357
8/16/1985,17.267
8/17/1985,17.197
8/18/1985,17.157
8/19/1985,17.107
8/20/1985,17.127
8/21/1985,17.237
8/22/1985,17.397
8/23/1985,17.477
8/24/1985,17.587
8/25/1985,17.747
8/26/1985,17.887
8/27/1985,18.017
8/28/1985,18.117
8/29/1985,18.227
8/30/1985,18.217
8/31/1985,18.137
9/1/1985,18.087
9/2/1985,18.017
9/3/1985,17.957
9/4/1985,17.967
9/5/1985,18.027
9/6/1985,18.217
9/7/1985,18.267
9/8/1985,18.217
9/9/1985,18.227
9/10/1985,18.297
9/11/1985,18.287
9/12/1985,18.297
9/13/1985,18.257
9/14/1985,18.127
9/15/1985,18.027
9/16/1985,17.937
9/17/1985,17.877
9/18/1985,17.807
9/19/1985,17.627
9/20/1985,17.517
9/21/1985,17.477
9/22/1985,17.477
9/23/1985,17.447
9/24/1985,17.477
9/25/1985,17.557
9/26/1985,17.537
9/27/1985,17.597
9/28/1985,17.587
9/29/1985,17.547
9/30/1985,17.477
10/1/1985,17.497
10/2/1985,17.567
10/3/1985,17.687
10/4/1985,17.797
10/5/1985,17.767
10/6/1985,17.667
10/7/1985,17.547
10/8/1985,17.417
10/9/1985,17.287
10/10/1985,17.137
10/11/1985,16.987
10/12/1985,16.837
10/13/1985,16.697
10/14/1985,16.527
10/15/1985,16.407
10/16/1985,16.297
10/17/1985,16.197
10/18/1985,16.127
10/19/1985,16.647
10/20/1985,16.767
10/21/1985,16.507
10/22/1985,16.297
10/23/1985,16.197
10/24/1985,16.127
10/25/1985,15.997
10/26/1985,15.857
10/27/1985,15.737
10/28/1985,15.607
10/29/1985,15.497
10/30/1985,15.397
10/31/1985,15.327
11/1/1985,15.257
11/2/1985,15.197
11/3/1985,15.137
11/4/1985,15.067
11/5/1985,15.007
11/6/1985,14.947
11/7/1985,14.887
11/8/1985,14.847
11/9/1985,14.807
11/10/1985,14.767
11/11/1985,14.747
11/12/1985,14.717
11/13/1985,14.697
11/14/1985,14.667
11/15/1985,14.637
11/16/1985,14.587
11/17/1985,14.527
11/18/1985,14.477
11/19/1985,14.427
11/20/1985,14.387
11/21/1985,14.357
11/22/1985,14.317
11/23/1985,14.267
11/24/1985,14.227
11/25/1985,14.187
11/26/1985,14.147
11/27/1985,14.097
11/28/1985,14.047
11/29/1985,14.007
11/30/1985,13.947
12/1/1985,13.947
12/2/1985,13.907
12/3/1985,13.877
12/4/1985,13.847
12/5/1985,13.817
12/6/1985,13.787
12/7/1985,13.767
12/8/1985,13.747
12/9/1985,13.717
12/10/1985,13.687
12/11/1985,13.657
12/12/1985,13.637
12/13/1985,13.607
12/14/1985,13.577
12/15/1985,13.557
12/16/1985,13.537
12/17/1985,13.517
12/18/1985,13.497
12/19/1985,13.467
12/20/1985,13.457
12/21/1985,13.447
12/22/1985,13.437
12/23/1985,13.417
12/24/1985,13.397
12/25/1985,13.377
12/26/1985,13.367
12/27/1985,13.387
12/28/1985,13.407
12/29/1985,13.427
12/30/1985,13.417
12/31/1985,13.397
1/1/1986,13.367
1/2/1986,13.347
1/3/1986,13.327
1/4/1986,13.287
1/5/1986,13.267
1/6/1986,13.267
1/7/1986,13.267
1/8/1986,13.247
1/9/1986,13.237
1/10/1986,13.197
1/11/1986,13.167
1/12/1986,13.147
1/13/1986,13.117
1/14/1986,13.087
1/15/1986,13.077
1/16/1986,13.067
1/17/1986,13.047
1/18/1986,13.047
1/19/1986,13.037
1/20/1986,13.017
1/21/1986,12.997
1/22/1986,12.997
1/23/1986,12.987
1/24/1986,12.977
1/25/1986,12.967
1/26/1986,12.957
1/27/1986,12.947
1/28/1986,12.927
1/29/1986,12.927
1/30/1986,12.917
1/31/1986,12.907
2/1/1986,12.907
2/2/1986,12.907
2/3/1986,12.897
2/4/1986,12.877
2/5/1986,12.867
2/6/1986,12.847
2/7/1986,12.847
2/8/1986,12.847
2/9/1986,12.887
2/10/1986,12.897
2/11/1986,12.937
2/12/1986,12.947
2/13/1986,12.927
2/14/1986,12.877
2/15/1986,12.867
2/16/1986,12.877
2/17/1986,12.887
2/18/1986,12.877
2/19/1986,12.867
2/20/1986,12.847
2/21/1986,12.837
2/22/1986,12.827
2/23/1986,12.817
2/24/1986,12.827
2/25/1986,12.827
2/26/1986,12.817
2/27/1986,12.817
2/28/1986,12.787
3/1/1986,12.787
3/2/1986,12.767
3/3/1986,12.757
3/4/1986,12.747
3/5/1986,12.747
3/6/1986,12.757
3/7/1986,12.747
3/8/1986,12.747
3/9/1986,12.747
3/10/1986,12.747
3/11/1986,12.747
3/12/1986,12.727
3/13/1986,12.717
3/14/1986,12.707
3/15/1986,12.717
3/16/1986,12.717
3/17/1986,12.727
3/18/1986,12.737
3/19/1986,12.757
3/20/1986,12.777
3/21/1986,12.817
3/22/1986,12.837
3/23/1986,12.917
3/24/1986,13.057
3/25/1986,13.197
3/26/1986,13.227
3/27/1986,13.177
3/28/1986,13.137
3/29/1986,13.107
3/30/1986,13.087
3/31/1986,13.067
4/1/1986,13.067
4/2/1986,13.037
4/3/1986,13.007
4/4/1986,12.977
4/5/1986,12.987
4/6/1986,12.967
4/7/1986,12.947
4/8/1986,12.937
4/9/1986,13.017
4/10/1986,13.257
4/11/1986,13.527
4/12/1986,13.697
4/13/1986,13.727
4/14/1986,13.657
4/15/1986,13.617
4/16/1986,13.567
4/17/1986,13.557
4/18/1986,13.507
4/19/1986,13.487
4/20/1986,13.717
4/21/1986,13.857
4/22/1986,14.047
4/23/1986,14.567
4/24/1986,14.957
4/25/1986,15.047
4/26/1986,14.957
4/27/1986,14.887
4/28/1986,14.787
4/29/1986,14.727
4/30/1986,14.717
5/1/1986,14.687
5/2/1986,14.757
5/3/1986,14.907
5/4/1986,15.027
5/5/1986,15.077
5/6/1986,15.067
5/7/1986,15.087
5/8/1986,15.047
5/9/1986,14.937
5/10/1986,14.887
5/11/1986,14.927
5/12/1986,15.167
5/13/1986,15.167
5/14/1986,15.097
5/15/1986,14.957
5/16/1986,14.847
5/17/1986,14.767
5/18/1986,14.777
5/19/1986,14.797
5/20/1986,14.847
5/21/1986,14.897
5/22/1986,14.927
5/23/1986,14.897
5/24/1986,14.887
5/25/1986,14.867
5/26/1986,14.827
5/27/1986,14.807
5/28/1986,14.757
5/29/1986,14.707
5/30/1986,14.637
5/31/1986,14.607
6/1/1986,14.637
6/2/1986,14.637
6/3/1986,14.617
6/4/1986,14.607
6/5/1986,14.627
6/6/1986,14.677
6/7/1986,14.827
6/8/1986,15.017
6/9/1986,15.287
6/10/1986,15.557
6/11/1986,15.647
6/12/1986,15.657
6/13/1986,15.687
6/14/1986,15.637
6/15/1986,15.627
6/16/1986,15.667
6/17/1986,15.707
6/18/1986,15.797
6/19/1986,16.047
6/20/1986,16.287
6/21/1986,16.467
6/22/1986,16.717
6/23/1986,16.927
6/24/1986,17.087
6/25/1986,17.117
6/26/1986,17.147
6/27/1986,17.227
6/28/1986,17.417
6/29/1986,17.727
6/30/1986,17.947
7/1/1986,18.047
7/2/1986,18.037
7/3/1986,17.987
7/4/1986,17.847
7/5/1986,17.707
7/6/1986,17.667
7/7/1986,17.637
7/8/1986,17.587
7/9/1986,17.567
7/10/1986,17.647
7/11/1986,17.617
7/12/1986,17.457
7/13/1986,17.407
7/14/1986,17.367
7/15/1986,17.397
7/16/1986,17.407
7/17/1986,17.447
7/18/1986,17.537
7/19/1986,17.657
7/20/1986,17.737
7/21/1986,17.737
7/22/1986,17.837
7/23/1986,17.987
7/24/1986,18.037
7/25/1986,18.037
7/26/1986,18.037
7/27/1986,18.137
7/28/1986,18.057
7/29/1986,17.897
7/30/1986,17.867
7/31/1986,17.777
8/1/1986,17.657
8/2/1986,17.767
8/3/1986,18.077
8/4/1986,18.187
8/5/1986,18.117
8/6/1986,18.027
8/7/1986,17.967
8/8/1986,17.937
8/9/1986,17.857
8/10/1986,17.657
8/11/1986,17.447
8/12/1986,17.257
8/13/1986,17.067
8/14/1986,16.897
8/15/1986,16.797
8/16/1986,16.687
8/17/1986,16.637
8/18/1986,16.637
8/19/1986,16.687
8/20/1986,16.727
8/21/1986,16.767
8/22/1986,16.807
8/23/1986,16.877
8/24/1986,17.067
8/25/1986,17.347
8/26/1986,17.407
8/27/1986,17.407
8/28/1986,17.537
8/29/1986,17.697
8/30/1986,17.787
8/31/1986,17.887
9/1/1986,17.977
9/2/1986,18.067
9/3/1986,18.017
9/4/1986,17.967
9/5/1986,17.937
9/6/1986,17.877
9/7/1986,17.777
9/8/1986,17.687
9/9/1986,17.647
9/10/1986,17.607
9/11/1986,17.557
9/12/1986,17.667
9/13/1986,17.897
9/14/1986,17.927
9/15/1986,17.967
9/16/1986,18.107
9/17/1986,18.297
9/18/1986,18.347
9/19/1986,18.457
9/20/1986,18.547
9/21/1986,18.617
9/22/1986,18.517
9/23/1986,18.367
9/24/1986,18.177
9/25/1986,18.027
9/26/1986,17.857
9/27/1986,17.717
9/28/1986,17.717
9/29/1986,17.487
9/30/1986,17.407
10/1/1986,17.317
10/2/1986,17.267
10/3/1986,17.087
10/4/1986,16.977
10/5/1986,16.847
10/6/1986,16.917
10/7/1986,17.107
10/8/1986,17.337
10/9/1986,17.477
10/10/1986,17.547
10/11/1986,17.467
10/12/1986,17.357
10/13/1986,17.267
10/14/1986,17.277
10/15/1986,17.367
10/16/1986,17.407
10/17/1986,17.427
10/18/1986,17.227
10/19/1986,17.067
10/20/1986,16.907
10/21/1986,16.827
10/22/1986,16.747
10/23/1986,16.647
10/24/1986,16.527
10/25/1986,16.387
10/26/1986,16.217
10/27/1986,16.097
10/28/1986,15.967
10/29/1986,15.837
10/30/1986,15.707
10/31/1986,15.577
11/1/1986,15.477
11/2/1986,15.377
11/3/1986,15.267
11/4/1986,15.157
11/5/1986,15.097
11/6/1986,15.047
11/7/1986,14.977
11/8/1986,14.927
11/9/1986,14.877
11/10/1986,14.797
11/11/1986,14.747
11/12/1986,14.697
11/13/1986,14.647
11/14/1986,14.667
11/15/1986,14.667
11/16/1986,14.657
11/17/1986,14.647
11/18/1986,14.637
11/19/1986,14.617
11/20/1986,14.587
11/21/1986,14.467
11/22/1986,14.387
11/23/1986,14.337
11/24/1986,14.297
11/25/1986,14.237
11/26/1986,14.167
11/27/1986,14.117
11/28/1986,14.107
11/29/1986,14.057
11/30/1986,14.017
12/1/1986,13.977
12/2/1986,13.947
12/3/1986,13.917
12/4/1986,13.887
12/5/1986,13.867
12/6/1986,13.827
12/7/1986,13.767
12/8/1986,13.767
12/9/1986,13.737
12/10/1986,13.717
12/11/1986,13.687
12/12/1986,13.667
12/13/1986,13.637
12/14/1986,13.627
12/15/1986,13.617
12/16/1986,13.587
12/17/1986,13.567
12/18/1986,13.547
12/19/1986,13.527
12/20/1986,13.497
12/21/1986,13.487
12/22/1986,13.467
12/23/1986,13.437
12/24/1986,13.437
12/25/1986,13.427
12/26/1986,13.397
12/27/1986,13.367
12/28/1986,13.347
12/29/1986,13.327
12/30/1986,13.297
12/31/1986,13.297
1/1/1987,13.277
1/2/1987,13.237
1/3/1987,13.217
1/4/1987,13.197
1/5/1987,13.197
1/6/1987,13.187
1/7/1987,13.157
1/8/1987,13.147
1/9/1987,13.137
1/10/1987,13.117
1/11/1987,13.097
1/12/1987,13.087
1/13/1987,13.067
1/14/1987,13.057
1/15/1987,13.027
1/16/1987,13.017
1/17/1987,13.007
1/18/1987,12.997
1/19/1987,12.977
1/20/1987,12.967
1/21/1987,12.947
1/22/1987,12.937
1/23/1987,12.927
1/24/1987,12.927
1/25/1987,12.907
1/26/1987,12.897
1/27/1987,12.897
1/28/1987,12.887
1/29/1987,12.857
1/30/1987,12.837
1/31/1987,12.837
2/1/1987,12.817
2/2/1987,12.807
2/3/1987,12.797
2/4/1987,12.787
2/5/1987,12.787
2/6/1987,12.777
2/7/1987,12.767
2/8/1987,12.757
2/9/1987,12.757
2/10/1987,12.747
2/11/1987,12.747
2/12/1987,12.747
2/13/1987,12.737
2/14/1987,12.727
2/15/1987,12.707
2/16/1987,12.697
2/17/1987,12.697
2/18/1987,12.677
2/19/1987,12.667
2/20/1987,12.647
2/21/1987,12.637
2/22/1987,12.637
2/23/1987,12.627
2/24/1987,12.627
2/25/1987,12.627
2/26/1987,12.617
2/27/1987,12.617
2/28/1987,12.637
3/1/1987,12.657
3/2/1987,12.657
3/3/1987,12.677
3/4/1987,12.677
3/5/1987,12.687
3/6/1987,12.677
3/7/1987,12.667
3/8/1987,12.687
3/9/1987,12.717
3/10/1987,12.757
3/11/1987,12.807
3/12/1987,12.817
3/13/1987,12.817
3/14/1987,12.817
3/15/1987,12.817
3/16/1987,12.827
3/17/1987,12.867
3/18/1987,12.907
3/19/1987,12.957
3/20/1987,13.047
3/21/1987,13.107
3/22/1987,13.127
3/23/1987,13.137
3/24/1987,13.167
3/25/1987,13.157
3/26/1987,13.137
3/27/1987,13.107
3/28/1987,13.117
3/29/1987,13.137
3/30/1987,13.177
3/31/1987,13.207
4/1/1987,13.187
4/2/1987,13.167
4/3/1987,13.167
4/4/1987,13.197
4/5/1987,13.297
4/6/1987,13.427
4/7/1987,13.537
4/8/1987,13.557
4/9/1987,13.577
4/10/1987,13.777
4/11/1987,14.207
4/12/1987,14.557
4/13/1987,14.607
4/14/1987,14.507
4/15/1987,14.417
4/16/1987,14.397
4/17/1987,14.597
4/18/1987,14.907
4/19/1987,15.047
4/20/1987,14.987
4/21/1987,14.877
4/22/1987,14.767
4/23/1987,14.687
4/24/1987,14.627
4/25/1987,14.557
4/26/1987,14.477
4/27/1987,14.417
4/28/1987,14.407
4/29/1987,14.407
4/30/1987,14.467
5/1/1987,14.597
5/2/1987,14.697
5/3/1987,14.867
5/4/1987,14.927
5/5/1987,14.867
5/6/1987,14.767
5/7/1987,14.707
5/8/1987,14.717
5/9/1987,14.797
5/10/1987,14.827
5/11/1987,14.887
5/12/1987,14.927
5/13/1987,14.927
5/14/1987,14.857
5/15/1987,14.727
5/16/1987,14.597
5/17/1987,14.517
5/18/1987,14.477
5/19/1987,14.477
5/20/1987,14.557
5/21/1987,14.647
5/22/1987,14.627
5/23/1987,14.677
5/24/1987,14.807
5/25/1987,15.267
5/26/1987,15.567
5/27/1987,15.647
5/28/1987,15.587
5/29/1987,15.507
5/30/1987,15.517
5/31/1987,15.647
6/1/1987,15.827
6/2/1987,15.947
6/3/1987,15.877
6/4/1987,15.727
6/5/1987,15.637
6/6/1987,15.567
6/7/1987,15.537
6/8/1987,15.717
6/9/1987,15.987
6/10/1987,16.137
6/11/1987,16.247
6/12/1987,16.587
6/13/1987,16.747
6/14/1987,16.757
6/15/1987,16.777
6/16/1987,16.847
6/17/1987,16.987
6/18/1987,17.137
6/19/1987,17.217
6/20/1987,17.217
6/21/1987,17.137
6/22/1987,17.117
6/23/1987,17.117
6/24/1987,17.147
6/25/1987,17.237
6/26/1987,17.387
6/27/1987,17.507
6/28/1987,17.627
6/29/1987,17.807
6/30/1987,17.967
7/1/1987,18.167
7/2/1987,18.407
7/3/1987,18.527
7/4/1987,18.517
7/5/1987,18.417
7/6/1987,18.357
7/7/1987,18.377
7/8/1987,18.407
7/9/1987,18.447
7/10/1987,18.447
7/11/1987,18.427
7/12/1987,18.397
7/13/1987,18.377
7/14/1987,18.377
7/15/1987,18.337
7/16/1987,18.277
7/17/1987,18.207
7/18/1987,18.167
7/19/1987,18.087
7/20/1987,18.017
7/21/1987,18.007
7/22/1987,18.037
7/23/1987,18.047
7/24/1987,18.367
7/25/1987,18.487
7/26/1987,18.497
7/27/1987,18.637
7/28/1987,18.857
7/29/1987,18.927
7/30/1987,18.867
7/31/1987,18.827
8/1/1987,18.757
8/2/1987,18.717
8/3/1987,18.657
8/4/1987,18.687
8/5/1987,18.647
8/6/1987,18.567
8/7/1987,18.487
8/8/1987,18.417
8/9/1987,18.377
8/10/1987,18.447
8/11/1987,18.777
8/12/1987,19.117
8/13/1987,19.127
8/14/1987,19.107
8/15/1987,19.147
8/16/1987,19.127
8/17/1987,19.087
8/18/1987,19.027
8/19/1987,18.887
8/20/1987,18.707
8/21/1987,18.517
8/22/1987,18.307
8/23/1987,18.127
8/24/1987,17.967
8/25/1987,17.857
8/26/1987,17.767
8/27/1987,17.737
8/28/1987,17.677
8/29/1987,17.677
8/30/1987,17.747
8/31/1987,17.727
9/1/1987,17.787
9/2/1987,17.897
9/3/1987,18.037
9/4/1987,18.137
9/5/1987,18.177
9/6/1987,18.237
9/7/1987,18.337
9/8/1987,18.417
9/9/1987,18.437
9/10/1987,18.447
9/11/1987,18.427
9/12/1987,18.447
9/13/1987,18.407
9/14/1987,18.307
9/15/1987,18.167
9/16/1987,18.077
9/17/1987,17.997
9/18/1987,17.947
9/19/1987,17.977
9/20/1987,18.167
9/21/1987,18.207
9/22/1987,18.137
9/23/1987,18.057
9/24/1987,18.017
9/25/1987,18.027
9/26/1987,17.977
9/27/1987,17.947
9/28/1987,18.037
9/29/1987,18.067
9/30/1987,18.127
10/1/1987,18.237
10/2/1987,18.337
10/3/1987,18.437
10/4/1987,18.507
10/5/1987,18.477
10/6/1987,18.287
10/7/1987,18.057
10/8/1987,17.867
10/9/1987,17.687
10/10/1987,17.517
10/11/1987,17.367
10/12/1987,17.227
10/13/1987,17.097
10/14/1987,16.997
10/15/1987,16.877
10/16/1987,16.797
10/17/1987,16.667
10/18/1987,16.557
10/19/1987,16.457
10/20/1987,16.677
10/21/1987,16.837
10/22/1987,16.867
10/23/1987,16.637
10/24/1987,16.517
10/25/1987,16.497
10/26/1987,16.567
10/27/1987,16.597
10/28/1987,16.437
10/29/1987,16.227
10/30/1987,16.047
10/31/1987,15.877
11/1/1987,15.757
11/2/1987,15.657
11/3/1987,15.557
11/4/1987,15.457
11/5/1987,15.367
11/6/1987,15.297
11/7/1987,15.247
11/8/1987,15.197
11/9/1987,15.137
11/10/1987,15.057
11/11/1987,14.977
11/12/1987,14.887
11/13/1987,14.827
11/14/1987,14.747
11/15/1987,14.707
11/16/1987,14.657
11/17/1987,14.637
11/18/1987,14.597
11/19/1987,14.557
11/20/1987,14.517
11/21/1987,14.497
11/22/1987,14.457
11/23/1987,14.417
11/24/1987,14.377
11/25/1987,14.327
11/26/1987,14.297
11/27/1987,14.257
11/28/1987,14.217
11/29/1987,14.177
11/30/1987,14.147
12/1/1987,14.117
12/2/1987,14.087
12/3/1987,14.047
12/4/1987,14.017
12/5/1987,13.997
12/6/1987,13.967
12/7/1987,13.927
12/8/1987,13.917
12/9/1987,13.887
12/10/1987,13.857
12/11/1987,13.837
12/12/1987,13.807
12/13/1987,13.777
12/14/1987,13.747
12/15/1987,13.727
12/16/1987,13.717
12/17/1987,13.707
12/18/1987,13.687
12/19/1987,13.657
12/20/1987,13.647
12/21/1987,13.637
12/22/1987,13.627
12/23/1987,13.607
12/24/1987,13.577
12/25/1987,13.557
12/26/1987,13.517
12/27/1987,13.497
12/28/1987,13.487
12/29/1987,13.457
12/30/1987,13.447
12/31/1987,13.427
1/1/1988,13.407
1/2/1988,13.387
1/3/1988,13.367
1/4/1988,13.347
1/5/1988,13.317
1/6/1988,13.307
1/7/1988,13.287
1/8/1988,13.267
1/9/1988,13.257
1/10/1988,13.237
1/11/1988,13.217
1/12/1988,13.217
1/13/1988,13.197
1/14/1988,13.187
1/15/1988,13.177
1/16/1988,13.167
1/17/1988,13.167
1/18/1988,13.157
1/19/1988,13.147
1/20/1988,13.127
1/21/1988,13.117
1/22/1988,13.117
1/23/1988,13.097
1/24/1988,13.097
1/25/1988,13.097
1/26/1988,13.097
1/27/1988,13.087
1/28/1988,13.077
1/29/1988,13.057
1/30/1988,13.027
1/31/1988,13.017
2/1/1988,13.007
2/2/1988,13.007
2/3/1988,13.007
2/4/1988,13.007
2/5/1988,12.987
2/6/1988,12.977
2/7/1988,12.957
2/8/1988,12.947
2/9/1988,12.927
2/10/1988,12.907
2/11/1988,12.907
2/12/1988,12.897
2/13/1988,12.887
2/14/1988,12.887
2/15/1988,12.877
2/16/1988,12.867
2/17/1988,12.867
2/18/1988,12.857
2/19/1988,12.857
2/20/1988,12.847
2/21/1988,12.847
2/22/1988,12.847
2/23/1988,12.917
2/24/1988,12.977
2/25/1988,13.067
2/26/1988,13.097
2/27/1988,13.117
2/28/1988,13.107
2/29/1988,13.077
3/1/1988,13.057
3/2/1988,13.047
3/3/1988,13.107
3/4/1988,13.197
3/5/1988,13.277
3/6/1988,13.317
3/7/1988,13.247
3/8/1988,13.197
3/9/1988,13.157
3/10/1988,13.197
3/11/1988,13.287
3/12/1988,13.367
3/13/1988,13.367
3/14/1988,13.347
3/15/1988,13.317
3/16/1988,13.317
3/17/1988,13.317
3/18/1988,13.307
3/19/1988,13.337
3/20/1988,13.387
3/21/1988,13.567
3/22/1988,13.857
3/23/1988,13.967
3/24/1988,13.917
3/25/1988,13.847
3/26/1988,13.857
3/27/1988,14.167
3/28/1988,14.357
3/29/1988,14.327
3/30/1988,14.197
3/31/1988,14.077
4/1/1988,13.957
4/2/1988,13.867
4/3/1988,13.807
4/4/1988,13.787
4/5/1988,13.867
4/6/1988,13.907
4/7/1988,13.877
4/8/1988,13.797
4/9/1988,13.747
4/10/1988,13.717
4/11/1988,13.707
4/12/1988,13.707
4/13/1988,13.727
4/14/1988,13.827
4/15/1988,13.977
4/16/1988,14.187
4/17/1988,14.467
4/18/1988,14.657
4/19/1988,14.667
4/20/1988,14.667
4/21/1988,14.687
4/22/1988,14.737
4/23/1988,14.747
4/24/1988,14.707
4/25/1988,14.687
4/26/1988,14.707
4/27/1988,14.737
4/28/1988,14.837
4/29/1988,14.907
4/30/1988,14.977
5/1/1988,14.897
5/2/1988,14.787
5/3/1988,14.737
5/4/1988,14.747
5/5/1988,14.777
5/6/1988,14.737
5/7/1988,14.677
5/8/1988,14.637
5/9/1988,14.627
5/10/1988,14.737
5/11/1988,14.797
5/12/1988,14.967
5/13/1988,15.127
5/14/1988,15.227
5/15/1988,15.587
5/16/1988,16.257
5/17/1988,16.637
5/18/1988,16.557
5/19/1988,16.307
5/20/1988,16.047
5/21/1988,15.907
5/22/1988,15.787
5/23/1988,15.757
5/24/1988,15.777
5/25/1988,15.897
5/26/1988,16.137
5/27/1988,16.617
5/28/1988,16.927
5/29/1988,17.187
5/30/1988,17.387
5/31/1988,17.617
6/1/1988,17.707
6/2/1988,17.687
6/3/1988,17.507
6/4/1988,17.257
6/5/1988,17.027
6/6/1988,16.877
6/7/1988,16.737
6/8/1988,16.627
6/9/1988,16.517
6/10/1988,16.417
6/11/1988,16.337
6/12/1988,16.327
6/13/1988,16.397
6/14/1988,16.597
6/15/1988,16.767
6/16/1988,16.847
6/17/1988,16.907
6/18/1988,17.047
6/19/1988,17.377
6/20/1988,17.447
6/21/1988,17.447
6/22/1988,17.407
6/23/1988,17.397
6/24/1988,17.707
6/25/1988,17.577
6/26/1988,17.537
6/27/1988,17.477
6/28/1988,17.407
6/29/1988,17.307
6/30/1988,17.187
7/1/1988,17.097
7/2/1988,17.057
7/3/1988,17.097
7/4/1988,17.217
7/5/1988,17.507
7/6/1988,17.897
7/7/1988,18.277
7/8/1988,18.697
7/9/1988,18.967
7/10/1988,19.047
7/11/1988,19.057
7/12/1988,18.987
7/13/1988,18.877
7/14/1988,18.757
7/15/1988,18.597
7/16/1988,18.367
7/17/1988,18.187
7/18/1988,18.027
7/19/1988,17.947
7/20/1988,17.907
7/21/1988,17.837
7/22/1988,17.847
7/23/1988,18.017
7/24/1988,18.147
7/25/1988,18.337
7/26/1988,18.387
7/27/1988,18.367
7/28/1988,18.427
7/29/1988,18.517
7/30/1988,18.567
7/31/1988,18.577
8/1/1988,18.537
8/2/1988,18.447
8/3/1988,18.317
8/4/1988,18.147
8/5/1988,17.977
8/6/1988,17.807
8/7/1988,17.767
8/8/1988,17.827
8/9/1988,17.847
8/10/1988,17.777
8/11/1988,17.787
8/12/1988,17.967
8/13/1988,18.177
8/14/1988,18.277
8/15/1988,18.247
8/16/1988,18.287
8/17/1988,18.407
8/18/1988,18.417
8/19/1988,18.427
8/20/1988,18.437
8/21/1988,18.447
8/22/1988,18.527
8/23/1988,18.677
8/24/1988,18.907
8/25/1988,19.217
8/26/1988,19.487
8/27/1988,19.747
8/28/1988,19.867
8/29/1988,19.987
8/30/1988,20.077
8/31/1988,19.927
9/1/1988,19.777
9/2/1988,19.467
9/3/1988,19.207
9/4/1988,18.997
9/5/1988,18.827
9/6/1988,18.797
9/7/1988,18.867
9/8/1988,18.867
9/9/1988,18.857
9/10/1988,18.817
9/11/1988,18.787
9/12/1988,18.667
9/13/1988,18.627
9/14/1988,18.557
9/15/1988,18.487
9/16/1988,18.387
9/17/1988,18.257
9/18/1988,18.037
9/19/1988,17.867
9/20/1988,17.667
9/21/1988,17.527
9/22/1988,17.347
9/23/1988,17.227
9/24/1988,17.097
9/25/1988,16.977
9/26/1988,16.857
9/27/1988,16.837
9/28/1988,17.107
9/29/1988,17.447
9/30/1988,17.407
10/1/1988,17.317
10/2/1988,17.337
10/3/1988,17.547
10/4/1988,17.697
10/5/1988,17.727
10/6/1988,17.567
10/7/1988,17.447
10/8/1988,17.447
10/9/1988,17.477
10/10/1988,17.767
10/11/1988,18.027
10/12/1988,17.967
10/13/1988,17.727
10/14/1988,17.447
10/15/1988,17.207
10/16/1988,17.017
10/17/1988,16.867
10/18/1988,16.747
10/19/1988,16.707
10/20/1988,16.667
10/21/1988,16.637
10/22/1988,16.607
10/23/1988,16.567
10/24/1988,16.697
10/25/1988,16.927
10/26/1988,16.997
10/27/1988,16.857
10/28/1988,16.657
10/29/1988,16.467
10/30/1988,16.287
10/31/1988,16.117
11/1/1988,15.967
11/2/1988,15.857
11/3/1988,15.717
11/4/1988,15.617
11/5/1988,15.537
11/6/1988,15.437
11/7/1988,15.337
11/8/1988,15.277
11/9/1988,15.207
11/10/1988,15.137
11/11/1988,15.087
11/12/1988,15.037
11/13/1988,14.977
11/14/1988,14.927
11/15/1988,14.877
11/16/1988,14.817
11/17/1988,14.767
11/18/1988,14.717
11/19/1988,14.677
11/20/1988,14.637
11/21/1988,14.597
11/22/1988,14.557
11/23/1988,14.517
11/24/1988,14.487
11/25/1988,14.447
11/26/1988,14.417
11/27/1988,14.387
11/28/1988,14.377
11/29/1988,14.367
11/30/1988,14.407
12/1/1988,14.367
12/2/1988,14.367
12/3/1988,14.397
12/4/1988,14.427
12/5/1988,14.457
12/6/1988,14.457
12/7/1988,14.457
12/8/1988,14.447
12/9/1988,14.397
12/10/1988,14.337
12/11/1988,14.277
12/12/1988,14.217
12/13/1988,14.167
12/14/1988,14.117
12/15/1988,14.067
12/16/1988,14.047
12/17/1988,14.027
12/18/1988,13.987
12/19/1988,13.947
12/20/1988,13.917
12/21/1988,13.887
12/22/1988,13.867
12/23/1988,13.837
12/24/1988,13.817
12/25/1988,13.787
12/26/1988,13.757
12/27/1988,13.727
12/28/1988,13.707
12/29/1988,13.687
12/30/1988,13.667
12/31/1988,13.657
1/1/1989,13.637
1/2/1989,13.617
1/3/1989,13.597
1/4/1989,13.587
1/5/1989,13.557
1/6/1989,13.547
1/7/1989,13.527
1/8/1989,13.517
1/9/1989,13.507
1/10/1989,13.497
1/11/1989,13.477
1/12/1989,13.477
1/13/1989,13.467
1/14/1989,13.447
1/15/1989,13.427
1/16/1989,13.417
1/17/1989,13.397
1/18/1989,13.397
1/19/1989,13.387
1/20/1989,13.377
1/21/1989,13.357
1/22/1989,13.347
1/23/1989,13.337
1/24/1989,13.307
1/25/1989,13.287
1/26/1989,13.287
1/27/1989,13.267
1/28/1989,13.257
1/29/1989,13.257
1/30/1989,13.237
1/31/1989,13.237
2/1/1989,13.227
2/2/1989,13.217
2/3/1989,13.207
2/4/1989,13.207
2/5/1989,13.207
2/6/1989,13.187
2/7/1989,13.167
2/8/1989,13.157
2/9/1989,13.157
2/10/1989,13.157
2/11/1989,13.157
2/12/1989,13.197
2/13/1989,13.217
2/14/1989,13.267
2/15/1989,13.327
2/16/1989,13.387
2/17/1989,13.417
2/18/1989,13.367
2/19/1989,13.327
2/20/1989,13.297
2/21/1989,13.267
2/22/1989,13.257
2/23/1989,13.317
2/24/1989,13.357
2/25/1989,13.377
2/26/1989,13.397
2/27/1989,13.407
2/28/1989,13.407
3/1/1989,13.417
3/2/1989,13.427
3/3/1989,13.407
3/4/1989,13.377
3/5/1989,13.357
3/6/1989,13.317
3/7/1989,13.307
3/8/1989,13.297
3/9/1989,13.287
3/10/1989,13.277
3/11/1989,13.287
3/12/1989,13.307
3/13/1989,13.307
3/14/1989,13.287
3/15/1989,13.257
3/16/1989,13.257
3/17/1989,13.257
3/18/1989,13.267
3/19/1989,13.337
3/20/1989,13.367
3/21/1989,13.387
3/22/1989,13.407
3/23/1989,13.417
3/24/1989,13.397
3/25/1989,13.347
3/26/1989,13.327
3/27/1989,13.317
3/28/1989,13.317
3/29/1989,13.317
3/30/1989,13.347
3/31/1989,13.377
4/1/1989,13.417
4/2/1989,13.457
4/3/1989,13.467
4/4/1989,13.487
4/5/1989,13.517
4/6/1989,13.567
4/7/1989,13.637
4/8/1989,13.697
4/9/1989,13.727
4/10/1989,13.757
4/11/1989,13.827
4/12/1989,13.887
4/13/1989,13.857
4/14/1989,13.817
4/15/1989,13.777
4/16/1989,13.727
4/17/1989,13.667
4/18/1989,13.787
4/19/1989,14.117
4/20/1989,14.307
4/21/1989,14.337
4/22/1989,14.267
4/23/1989,14.077
4/24/1989,14.077
4/25/1989,14.157
4/26/1989,14.317
4/27/1989,14.757
4/28/1989,14.967
4/29/1989,14.987
4/30/1989,14.907
5/1/1989,14.787
5/2/1989,14.737
5/3/1989,14.917
5/4/1989,15.377
5/5/1989,15.627
5/6/1989,15.657
5/7/1989,15.587
5/8/1989,15.357
5/9/1989,15.217
5/10/1989,15.127
5/11/1989,15.117
5/12/1989,15.127
5/13/1989,15.267
5/14/1989,15.507
5/15/1989,15.687
5/16/1989,15.697
5/17/1989,15.587
5/18/1989,15.377
5/19/1989,15.237
5/20/1989,15.157
5/21/1989,15.197
5/22/1989,15.287
5/23/1989,15.267
5/24/1989,15.227
5/25/1989,15.187
5/26/1989,15.277
5/27/1989,15.547
5/28/1989,16.267
5/29/1989,17.057
5/30/1989,17.347
5/31/1989,17.077
6/1/1989,16.927
6/2/1989,16.847
6/3/1989,16.797
6/4/1989,16.767
6/5/1989,16.737
6/6/1989,16.747
6/7/1989,16.847
6/8/1989,16.927
6/9/1989,17.057
6/10/1989,17.197
6/11/1989,17.157
6/12/1989,17.107
6/13/1989,17.067
6/14/1989,17.037
6/15/1989,17.107
6/16/1989,17.547
6/17/1989,18.107
6/18/1989,18.167
6/19/1989,18.107
6/20/1989,18.107
6/21/1989,18.137
6/22/1989,18.097
6/23/1989,17.887
6/24/1989,17.697
6/25/1989,17.557
6/26/1989,17.487
6/27/1989,17.477
6/28/1989,17.417
6/29/1989,17.427
6/30/1989,17.557
7/1/1989,17.757
7/2/1989,17.967
7/3/1989,18.297
7/4/1989,18.727
7/5/1989,18.937
7/6/1989,19.037
7/7/1989,18.987
7/8/1989,18.917
7/9/1989,18.767
7/10/1989,18.617
7/11/1989,18.587
7/12/1989,18.507
7/13/1989,18.517
7/14/1989,18.577
7/15/1989,18.667
7/16/1989,18.667
7/17/1989,18.617
7/18/1989,18.627
7/19/1989,18.707
7/20/1989,18.657
7/21/1989,18.497
7/22/1989,18.327
7/23/1989,18.227
7/24/1989,18.047
7/25/1989,17.907
7/26/1989,17.797
7/27/1989,17.737
7/28/1989,17.697
7/29/1989,17.997
7/30/1989,17.867
7/31/1989,18.067
8/1/1989,18.257
8/2/1989,18.367
8/3/1989,18.347
8/4/1989,18.167
8/5/1989,18.017
8/6/1989,17.887
8/7/1989,17.787
8/8/1989,17.717
8/9/1989,17.647
8/10/1989,17.637
8/11/1989,17.657
8/12/1989,17.657
8/13/1989,17.667
8/14/1989,17.627
8/15/1989,17.567
8/16/1989,17.557
8/17/1989,17.627
8/18/1989,17.747
8/19/1989,17.767
8/20/1989,17.747
8/21/1989,17.807
8/22/1989,17.977
8/23/1989,18.077
8/24/1989,18.167
8/25/1989,18.277
8/26/1989,18.267
8/27/1989,18.157
8/28/1989,18.047
8/29/1989,18.017
8/30/1989,17.977
8/31/1989,17.887
9/1/1989,17.807
9/2/1989,17.787
9/3/1989,17.727
9/4/1989,17.787
9/5/1989,17.877
9/6/1989,18.107
9/7/1989,18.267
9/8/1989,18.237
9/9/1989,18.227
9/10/1989,18.277
9/11/1989,18.287
9/12/1989,18.257
9/13/1989,18.217
9/14/1989,18.137
9/15/1989,18.057
9/16/1989,17.977
9/17/1989,17.837
9/18/1989,17.777
9/19/1989,18.037
9/20/1989,18.477
9/21/1989,18.647
9/22/1989,18.597
9/23/1989,18.507
9/24/1989,18.447
9/25/1989,18.367
9/26/1989,18.207
9/27/1989,18.097
9/28/1989,18.047
9/29/1989,18.097
9/30/1989,18.307
10/1/1989,18.297
10/2/1989,18.147
10/3/1989,18.037
10/4/1989,18.017
10/5/1989,18.027
10/6/1989,17.957
10/7/1989,17.867
10/8/1989,17.767
10/9/1989,17.647
10/10/1989,17.507
10/11/1989,17.447
10/12/1989,17.407
10/13/1989,17.437
10/14/1989,17.577
10/15/1989,17.677
10/16/1989,17.667
10/17/1989,17.507
10/18/1989,17.307
10/19/1989,17.127
10/20/1989,16.977
10/21/1989,16.817
10/22/1989,16.727
10/23/1989,16.667
10/24/1989,16.767
10/25/1989,16.847
10/26/1989,16.837
10/27/1989,16.697
10/28/1989,16.547
10/29/1989,16.397
10/30/1989,16.287
10/31/1989,16.197
11/1/1989,16.067
11/2/1989,15.967
11/3/1989,15.877
11/4/1989,15.787
11/5/1989,15.697
11/6/1989,15.627
11/7/1989,15.517
11/8/1989,15.447
11/9/1989,15.407
11/10/1989,15.377
11/11/1989,15.347
11/12/1989,15.327
11/13/1989,15.327
11/14/1989,15.307
11/15/1989,15.187
11/16/1989,15.087
11/17/1989,14.977
11/18/1989,14.977
11/19/1989,14.937
11/20/1989,14.897
11/21/1989,14.837
11/22/1989,14.807
11/23/1989,14.787
11/24/1989,14.767
11/25/1989,14.737
11/26/1989,14.687
11/27/1989,14.607
11/28/1989,14.557
11/29/1989,14.507
11/30/1989,14.457
12/1/1989,14.417
12/2/1989,14.357
12/3/1989,14.327
12/4/1989,14.297
12/5/1989,14.257
12/6/1989,14.217
12/7/1989,14.167
12/8/1989,14.147
12/9/1989,14.127
12/10/1989,14.087
12/11/1989,14.047
12/12/1989,14.027
12/13/1989,13.997
12/14/1989,13.957
12/15/1989,13.917
12/16/1989,13.887
12/17/1989,13.867
12/18/1989,13.837
12/19/1989,13.807
12/20/1989,13.787
12/21/1989,13.757
12/22/1989,13.747
12/23/1989,13.727
12/24/1989,13.697
12/25/1989,13.667
12/26/1989,13.657
12/27/1989,13.637
12/28/1989,13.607
12/29/1989,13.607
12/30/1989,13.597
12/31/1989,13.587
1/1/1990,13.567
1/2/1990,13.567
1/3/1990,13.567
1/4/1990,13.567
1/5/1990,13.547
1/6/1990,13.547
1/7/1990,13.517
1/8/1990,13.487
1/9/1990,13.467
1/10/1990,13.447
1/11/1990,13.427
1/12/1990,13.407
1/13/1990,13.387
1/14/1990,13.367
1/15/1990,13.367
1/16/1990,13.357
1/17/1990,13.347
1/18/1990,13.307
1/19/1990,13.287
1/20/1990,13.267
1/21/1990,13.257
1/22/1990,13.237
1/23/1990,13.237
1/24/1990,13.237
1/25/1990,13.227
1/26/1990,13.217
1/27/1990,13.197
1/28/1990,13.187
1/29/1990,13.177
1/30/1990,13.157
1/31/1990,13.147
2/1/1990,13.137
2/2/1990,13.127
2/3/1990,13.127
2/4/1990,13.127
2/5/1990,13.147
2/6/1990,13.217
2/7/1990,13.327
2/8/1990,13.437
2/9/1990,13.487
2/10/1990,13.487
2/11/1990,13.467
2/12/1990,13.437
2/13/1990,13.397
2/14/1990,13.337
2/15/1990,13.307
2/16/1990,13.277
2/17/1990,13.267
2/18/1990,13.257
2/19/1990,13.247
2/20/1990,13.227
2/21/1990,13.207
2/22/1990,13.207
2/23/1990,13.227
2/24/1990,13.257
2/25/1990,13.297
2/26/1990,13.327
2/27/1990,13.337
2/28/1990,13.337
3/1/1990,13.337
3/2/1990,13.347
3/3/1990,13.347
3/4/1990,13.347
3/5/1990,13.347
3/6/1990,13.317
3/7/1990,13.287
3/8/1990,13.277
3/9/1990,13.267
3/10/1990,13.267
3/11/1990,13.327
3/12/1990,13.377
3/13/1990,13.407
3/14/1990,13.387
3/15/1990,13.367
3/16/1990,13.347
3/17/1990,13.307
3/18/1990,13.267
3/19/1990,13.247
3/20/1990,13.237
3/21/1990,13.207
3/22/1990,13.187
3/23/1990,13.167
3/24/1990,13.157
3/25/1990,13.187
3/26/1990,13.237
3/27/1990,13.257
3/28/1990,13.287
3/29/1990,13.307
3/30/1990,13.337
3/31/1990,13.347
4/1/1990,13.447
4/2/1990,13.597
4/3/1990,13.737
4/4/1990,13.797
4/5/1990,13.787
4/6/1990,13.727
4/7/1990,13.707
4/8/1990,13.767
4/9/1990,13.837
4/10/1990,13.957
4/11/1990,14.097
4/12/1990,14.117
4/13/1990,14.097
4/14/1990,14.097
4/15/1990,14.117
4/16/1990,14.097
4/17/1990,14.157
4/18/1990,14.237
4/19/1990,14.337
4/20/1990,14.437
4/21/1990,14.707
4/22/1990,15.077
4/23/1990,15.197
4/24/1990,15.207
4/25/1990,15.217
4/26/1990,15.347
4/27/1990,15.437
4/28/1990,15.507
4/29/1990,15.597
4/30/1990,15.737
5/1/1990,15.717
5/2/1990,15.697
5/3/1990,15.707
5/4/1990,15.737
5/5/1990,15.747
5/6/1990,15.837
5/7/1990,15.857
5/8/1990,15.737
5/9/1990,15.567
5/10/1990,15.477
5/11/1990,15.367
5/12/1990,15.287
5/13/1990,15.217
5/14/1990,15.207
5/15/1990,15.357
5/16/1990,15.607
5/17/1990,15.697
5/18/1990,15.767
5/19/1990,15.927
5/20/1990,16.167
5/21/1990,16.277
5/22/1990,16.277
5/23/1990,16.217
5/24/1990,16.207
5/25/1990,16.137
5/26/1990,16.077
5/27/1990,16.207
5/28/1990,16.457
5/29/1990,16.567
5/30/1990,16.497
5/31/1990,16.397
6/1/1990,16.447
6/2/1990,16.607
6/3/1990,16.907
6/4/1990,17.027
6/5/1990,17.177
6/6/1990,17.337
6/7/1990,17.437
6/8/1990,17.767
6/9/1990,17.927
6/10/1990,18.087
6/11/1990,18.377
6/12/1990,18.567
6/13/1990,18.507
6/14/1990,18.267
6/15/1990,17.967
6/16/1990,17.737
6/17/1990,17.587
6/18/1990,17.517
6/19/1990,17.547
6/20/1990,17.627
6/21/1990,17.737
6/22/1990,17.927
6/23/1990,18.397
6/24/1990,18.627
6/25/1990,18.657
6/26/1990,18.627
6/27/1990,18.567
6/28/1990,18.467
6/29/1990,18.317
6/30/1990,18.197
7/1/1990,18.097
7/2/1990,17.997
7/3/1990,17.947
7/4/1990,17.897
7/5/1990,17.857
7/6/1990,17.967
7/7/1990,17.977
7/8/1990,18.007
7/9/1990,18.167
7/10/1990,18.217
7/11/1990,18.277
7/12/1990,18.317
7/13/1990,18.397
7/14/1990,18.407
7/15/1990,18.457
7/16/1990,18.487
7/17/1990,18.447
7/18/1990,18.427
7/19/1990,18.587
7/20/1990,18.717
7/21/1990,18.807
7/22/1990,18.807
7/23/1990,18.807
7/24/1990,18.827
7/25/1990,18.847
7/26/1990,18.827
7/27/1990,18.837
7/28/1990,18.847
7/29/1990,18.827
7/30/1990,18.807
7/31/1990,18.807
8/1/1990,18.757
8/2/1990,18.697
8/3/1990,18.597
8/4/1990,18.507
8/5/1990,18.377
8/6/1990,18.297
8/7/1990,18.197
8/8/1990,18.117
8/9/1990,17.997
8/10/1990,17.947
8/11/1990,17.977
8/12/1990,18.187
8/13/1990,18.377
8/14/1990,18.427
8/15/1990,18.437
8/16/1990,18.257
8/17/1990,18.167
8/18/1990,18.127
8/19/1990,18.087
8/20/1990,18.037
8/21/1990,17.957
8/22/1990,17.867
8/23/1990,17.807
8/24/1990,17.727
8/25/1990,17.677
8/26/1990,17.897
8/27/1990,18.147
8/28/1990,18.357
8/29/1990,18.387
8/30/1990,18.437
8/31/1990,18.397
9/1/1990,18.317
9/2/1990,18.177
9/3/1990,18.027
9/4/1990,17.897
9/5/1990,17.787
9/6/1990,17.677
9/7/1990,17.607
9/8/1990,17.547
9/9/1990,17.507
9/10/1990,17.607
9/11/1990,17.807
9/12/1990,17.927
9/13/1990,17.937
9/14/1990,17.887
9/15/1990,17.917
9/16/1990,17.917
9/17/1990,17.977
9/18/1990,18.147
9/19/1990,18.287
9/20/1990,18.387
9/21/1990,18.517
9/22/1990,18.577
9/23/1990,18.557
9/24/1990,18.417
9/25/1990,18.407
9/26/1990,18.427
9/27/1990,18.447
9/28/1990,18.377
9/29/1990,18.397
9/30/1990,18.447
10/1/1990,18.447
10/2/1990,18.447
10/3/1990,18.547
10/4/1990,18.637
10/5/1990,18.667
10/6/1990,18.517
10/7/1990,18.347
10/8/1990,18.257
10/9/1990,18.717
10/10/1990,18.657
10/11/1990,18.607
10/12/1990,18.537
10/13/1990,18.407
10/14/1990,18.267
10/15/1990,18.157
10/16/1990,18.067
10/17/1990,17.987
10/18/1990,17.877
10/19/1990,17.677
10/20/1990,17.547
10/21/1990,17.457
10/22/1990,17.367
10/23/1990,17.237
10/24/1990,17.067
10/25/1990,16.917
10/26/1990,16.727
10/27/1990,16.607
10/28/1990,16.437
10/29/1990,16.337
10/30/1990,16.217
10/31/1990,16.067
11/1/1990,15.957
11/2/1990,15.897
11/3/1990,15.767
11/4/1990,15.667
11/5/1990,15.557
11/6/1990,15.497
11/7/1990,15.457
11/8/1990,15.377
11/9/1990,15.307
11/10/1990,15.247
11/11/1990,15.197
11/12/1990,15.147
11/13/1990,15.097
11/14/1990,15.047
11/15/1990,15.007
11/16/1990,14.967
11/17/1990,14.917
11/18/1990,14.877
11/19/1990,14.827
11/20/1990,14.777
11/21/1990,14.717
11/22/1990,14.677
11/23/1990,14.637
11/24/1990,14.587
11/25/1990,14.557
11/26/1990,14.507
11/27/1990,14.427
11/28/1990,14.307
11/29/1990,14.227
11/30/1990,14.177
12/1/1990,14.147
12/2/1990,14.117
12/3/1990,14.097
12/4/1990,14.047
12/5/1990,14.017
12/6/1990,13.997
12/7/1990,13.977
12/8/1990,13.967
12/9/1990,13.947
12/10/1990,13.927
12/11/1990,13.887
12/12/1990,13.847
12/13/1990,13.827
12/14/1990,13.807
12/15/1990,13.767
12/16/1990,13.757
12/17/1990,13.727
12/18/1990,13.677
12/19/1990,13.657
12/20/1990,13.627
12/21/1990,13.587
12/22/1990,13.557
12/23/1990,13.537
12/24/1990,13.527
12/25/1990,13.507
12/26/1990,13.487
12/27/1990,13.477
12/28/1990,13.447
12/29/1990,13.427
12/30/1990,13.417
12/31/1990,13.397
1/1/1991,13.377
1/2/1991,13.357
1/3/1991,13.347
1/4/1991,13.347
1/5/1991,13.347
1/6/1991,13.337
1/7/1991,13.337
1/8/1991,13.317
1/9/1991,13.307
1/10/1991,13.307
1/11/1991,13.267
1/12/1991,13.247
1/13/1991,13.237
1/14/1991,13.227
1/15/1991,13.197
1/16/1991,13.187
1/17/1991,13.177
1/18/1991,13.147
1/19/1991,13.137
1/20/1991,13.127
1/21/1991,13.117
1/22/1991,13.107
1/23/1991,13.087
1/24/1991,13.067
1/25/1991,13.057
1/26/1991,13.047
1/27/1991,13.027
1/28/1991,13.017
1/29/1991,13.007
1/30/1991,12.997
1/31/1991,12.987
2/1/1991,12.977
2/2/1991,12.967
2/3/1991,12.957
2/4/1991,12.947
2/5/1991,12.957
2/6/1991,12.947
2/7/1991,12.937
2/8/1991,12.937
2/9/1991,12.937
2/10/1991,12.927
2/11/1991,12.937
2/12/1991,12.937
2/13/1991,12.947
2/14/1991,12.937
2/15/1991,12.927
2/16/1991,12.907
2/17/1991,12.887
2/18/1991,12.877
2/19/1991,12.857
2/20/1991,12.857
2/21/1991,12.857
2/22/1991,12.867
2/23/1991,12.887
2/24/1991,12.877
2/25/1991,12.867
2/26/1991,12.857
2/27/1991,12.827
2/28/1991,12.827
3/1/1991,12.817
3/2/1991,12.827
3/3/1991,12.857
3/4/1991,12.867
3/5/1991,12.887
3/6/1991,12.897
3/7/1991,12.927
3/8/1991,12.997
3/9/1991,13.087
3/10/1991,13.137
3/11/1991,13.167
3/12/1991,13.157
3/13/1991,13.117
3/14/1991,13.107
3/15/1991,13.137
3/16/1991,13.227
3/17/1991,13.257
3/18/1991,13.217
3/19/1991,13.187
3/20/1991,13.157
3/21/1991,13.157
3/22/1991,13.207
3/23/1991,13.247
3/24/1991,13.257
3/25/1991,13.307
3/26/1991,13.337
3/27/1991,13.367
3/28/1991,13.407
3/29/1991,13.447
3/30/1991,13.507
3/31/1991,13.537
4/1/1991,13.557
4/2/1991,13.577
4/3/1991,13.687
4/4/1991,13.717
4/5/1991,13.717
4/6/1991,13.707
4/7/1991,13.697
4/8/1991,13.707
4/9/1991,13.757
4/10/1991,13.917
4/11/1991,14.087
4/12/1991,14.417
4/13/1991,14.707
4/14/1991,14.907
4/15/1991,14.997
4/16/1991,14.937
4/17/1991,14.887
4/18/1991,14.837
4/19/1991,14.757
4/20/1991,14.677
4/21/1991,14.517
4/22/1991,14.427
4/23/1991,14.447
4/24/1991,14.537
4/25/1991,14.577
4/26/1991,14.447
4/27/1991,14.357
4/28/1991,14.257
4/29/1991,14.197
4/30/1991,14.157
5/1/1991,14.097
5/2/1991,14.117
5/3/1991,14.217
5/4/1991,14.407
5/5/1991,14.637
5/6/1991,14.757
5/7/1991,14.767
5/8/1991,15.117
5/9/1991,15.757
5/10/1991,16.137
5/11/1991,16.397
5/12/1991,16.607
5/13/1991,16.847
5/14/1991,16.967
5/15/1991,17.017
5/16/1991,17.067
5/17/1991,17.177
5/18/1991,17.267
5/19/1991,17.077
5/20/1991,16.827
5/21/1991,16.627
5/22/1991,16.467
5/23/1991,16.327
5/24/1991,16.267
5/25/1991,16.247
5/26/1991,16.247
5/27/1991,16.117
5/28/1991,16.057
5/29/1991,16.147
5/30/1991,16.407
5/31/1991,16.497
6/1/1991,16.477
6/2/1991,16.407
6/3/1991,16.377
6/4/1991,16.337
6/5/1991,16.437
6/6/1991,16.637
6/7/1991,16.897
6/8/1991,17.207
6/9/1991,17.457
6/10/1991,17.387
6/11/1991,17.207
6/12/1991,17.137
6/13/1991,17.117
6/14/1991,17.317
6/15/1991,17.897
6/16/1991,18.067
6/17/1991,18.027
6/18/1991,18.097
6/19/1991,18.337
6/20/1991,18.627
6/21/1991,18.787
6/22/1991,18.817
6/23/1991,18.747
6/24/1991,18.677
6/25/1991,18.527
6/26/1991,18.427
6/27/1991,18.297
6/28/1991,18.217
6/29/1991,18.137
6/30/1991,18.057
7/1/1991,17.997
7/2/1991,18.047
7/3/1991,18.027
7/4/1991,18.087
7/5/1991,18.357
7/6/1991,18.447
7/7/1991,18.667
7/8/1991,18.837
7/9/1991,18.967
7/10/1991,19.117
7/11/1991,19.307
7/12/1991,19.377
7/13/1991,19.507
7/14/1991,19.547
7/15/1991,19.527
7/16/1991,19.457
7/17/1991,19.357
7/18/1991,19.207
7/19/1991,18.957
7/20/1991,18.727
7/21/1991,18.557
7/22/1991,18.487
7/23/1991,18.397
7/24/1991,18.247
7/25/1991,18.097
7/26/1991,17.987
7/27/1991,17.927
7/28/1991,17.907
7/29/1991,17.857
7/30/1991,17.837
7/31/1991,17.807
8/1/1991,17.787
8/2/1991,17.887
8/3/1991,18.107
8/4/1991,18.247
8/5/1991,18.527
8/6/1991,18.627
8/7/1991,18.647
8/8/1991,18.657
8/9/1991,18.657
8/10/1991,18.667
8/11/1991,18.657
8/12/1991,18.647
8/13/1991,18.657
8/14/1991,18.637
8/15/1991,18.537
8/16/1991,18.517
8/17/1991,18.547
8/18/1991,18.637
8/19/1991,18.677
8/20/1991,18.607
8/21/1991,18.527
8/22/1991,18.457
8/23/1991,18.327
8/24/1991,18.257
8/25/1991,18.187
8/26/1991,17.967
8/27/1991,17.897
8/28/1991,17.957
8/29/1991,18.007
8/30/1991,17.947
8/31/1991,17.907
9/1/1991,17.897
9/2/1991,17.967
9/3/1991,18.007
9/4/1991,18.067
9/5/1991,18.157
9/6/1991,18.157
9/7/1991,18.157
9/8/1991,18.207
9/9/1991,18.327
9/10/1991,18.607
9/11/1991,18.637
9/12/1991,18.637
9/13/1991,18.467
9/14/1991,18.297
9/15/1991,18.237
9/16/1991,18.177
9/17/1991,18.167
9/18/1991,18.157
9/19/1991,18.067
9/20/1991,17.987
9/21/1991,17.947
9/22/1991,17.907
9/23/1991,17.897
9/24/1991,17.987
9/25/1991,18.107
9/26/1991,18.057
9/27/1991,18.007
9/28/1991,18.017
9/29/1991,18.037
9/30/1991,18.067
10/1/1991,18.117
10/2/1991,18.117
10/3/1991,18.087
10/4/1991,17.847
10/5/1991,17.617
10/6/1991,17.417
10/7/1991,17.247
10/8/1991,17.107
10/9/1991,17.017
10/10/1991,16.987
10/11/1991,16.957
10/12/1991,16.877
10/13/1991,16.797
10/14/1991,16.797
10/15/1991,16.767
10/16/1991,16.777
10/17/1991,16.927
10/18/1991,17.077
10/19/1991,17.197
10/20/1991,17.157
10/21/1991,17.107
10/22/1991,17.017
10/23/1991,16.917
10/24/1991,16.827
10/25/1991,16.737
10/26/1991,16.637
10/27/1991,16.537
10/28/1991,16.377
10/29/1991,16.197
10/30/1991,16.067
10/31/1991,15.927
11/1/1991,15.827
11/2/1991,15.717
11/3/1991,15.637
11/4/1991,15.527
11/5/1991,15.447
11/6/1991,15.357
11/7/1991,15.297
11/8/1991,15.227
11/9/1991,15.147
11/10/1991,15.107
11/11/1991,15.047
11/12/1991,14.987
11/13/1991,14.937
11/14/1991,14.887
11/15/1991,14.827
11/16/1991,14.777
11/17/1991,14.737
11/18/1991,14.687
11/19/1991,14.627
11/20/1991,14.597
11/21/1991,14.567
11/22/1991,14.527
11/23/1991,14.497
11/24/1991,14.457
11/25/1991,14.447
11/26/1991,14.397
11/27/1991,14.357
11/28/1991,14.327
11/29/1991,14.307
11/30/1991,14.277
12/1/1991,14.257
12/2/1991,14.237
12/3/1991,14.217
12/4/1991,14.187
12/5/1991,14.167
12/6/1991,14.147
12/7/1991,14.107
12/8/1991,14.097
12/9/1991,14.077
12/10/1991,14.057
12/11/1991,14.027
12/12/1991,13.997
12/13/1991,13.967
12/14/1991,13.947
12/15/1991,13.907
12/16/1991,13.887
12/17/1991,13.877
12/18/1991,13.857
12/19/1991,13.827
12/20/1991,13.807
12/21/1991,13.787
12/22/1991,13.757
12/23/1991,13.747
12/24/1991,13.737
12/25/1991,13.727
12/26/1991,13.727
12/27/1991,13.717
12/28/1991,13.707
12/29/1991,13.697
12/30/1991,13.697
12/31/1991,13.697
1/1/1992,13.697
1/2/1992,13.697
1/3/1992,13.717
1/4/1992,13.717
1/5/1992,13.707
1/6/1992,13.697
1/7/1992,13.677
1/8/1992,13.657
1/9/1992,13.637
1/10/1992,13.607
1/11/1992,13.587
1/12/1992,13.547
1/13/1992,13.527
1/14/1992,13.507
1/15/1992,13.487
1/16/1992,13.467
1/17/1992,13.447
1/18/1992,13.437
1/19/1992,13.427
1/20/1992,13.427
1/21/1992,13.417
1/22/1992,13.417
1/23/1992,13.407
1/24/1992,13.407
1/25/1992,13.397
1/26/1992,13.387
1/27/1992,13.387
1/28/1992,13.377
1/29/1992,13.367
1/30/1992,13.367
1/31/1992,13.357
2/1/1992,13.347
2/2/1992,13.337
2/3/1992,13.337
2/4/1992,13.327
2/5/1992,13.327
2/6/1992,13.317
2/7/1992,13.317
2/8/1992,13.317
2/9/1992,13.327
2/10/1992,13.347
2/11/1992,13.357
2/12/1992,13.367
2/13/1992,13.367
2/14/1992,13.357
2/15/1992,13.347
2/16/1992,13.347
2/17/1992,13.327
2/18/1992,13.327
2/19/1992,13.317
2/20/1992,13.307
2/21/1992,13.287
2/22/1992,13.277
2/23/1992,13.267
2/24/1992,13.267
2/25/1992,13.267
2/26/1992,13.257
2/27/1992,13.257
2/28/1992,13.247
2/29/1992,13.237
3/1/1992,13.237
3/2/1992,13.237
3/3/1992,13.237
3/4/1992,13.247
3/5/1992,13.247
3/6/1992,13.237
3/7/1992,13.227
3/8/1992,13.227
3/9/1992,13.217
3/10/1992,13.217
3/11/1992,13.217
3/12/1992,13.217
3/13/1992,13.247
3/14/1992,13.297
3/15/1992,13.357
3/16/1992,13.427
3/17/1992,13.477
3/18/1992,13.527
3/19/1992,13.547
3/20/1992,13.547
3/21/1992,13.537
3/22/1992,13.547
3/23/1992,13.617
3/24/1992,13.697
3/25/1992,13.787
3/26/1992,13.807
3/27/1992,13.807
3/28/1992,13.887
3/29/1992,14.037
3/30/1992,14.217
3/31/1992,14.637
4/1/1992,14.817
4/2/1992,14.867
4/3/1992,14.757
4/4/1992,14.597
4/5/1992,14.557
4/6/1992,14.657
4/7/1992,14.767
4/8/1992,14.807
4/9/1992,14.777
4/10/1992,14.697
4/11/1992,14.627
4/12/1992,14.557
4/13/1992,14.497
4/14/1992,14.487
4/15/1992,14.487
4/16/1992,14.497
4/17/1992,14.487
4/18/1992,14.507
4/19/1992,14.657
4/20/1992,15.037
4/21/1992,15.387
4/22/1992,15.627
4/23/1992,15.687
4/24/1992,15.587
4/25/1992,15.447
4/26/1992,15.337
4/27/1992,15.227
4/28/1992,15.137
4/29/1992,15.107
4/30/1992,15.207
5/1/1992,15.337
5/2/1992,15.367
5/3/1992,15.327
5/4/1992,15.247
5/5/1992,15.167
5/6/1992,15.107
5/7/1992,15.077
5/8/1992,15.077
5/9/1992,15.077
5/10/1992,15.147
5/11/1992,15.157
5/12/1992,15.167
5/13/1992,15.187
5/14/1992,15.197
5/15/1992,15.207
5/16/1992,15.217
5/17/1992,15.237
5/18/1992,15.307
5/19/1992,15.347
5/20/1992,15.477
5/21/1992,15.537
5/22/1992,15.607
5/23/1992,15.817
5/24/1992,16.277
5/25/1992,16.467
5/26/1992,16.417
5/27/1992,16.267
5/28/1992,16.097
5/29/1992,15.957
5/30/1992,15.817
5/31/1992,15.747
6/1/1992,15.617
6/2/1992,15.567
6/3/1992,15.537
6/4/1992,15.517
6/5/1992,15.477
6/6/1992,15.517
6/7/1992,15.677
6/8/1992,15.887
6/9/1992,15.967
6/10/1992,15.997
6/11/1992,15.937
6/12/1992,15.917
6/13/1992,15.907
6/14/1992,15.867
6/15/1992,15.857
6/16/1992,15.837
6/17/1992,15.867
6/18/1992,15.967
6/19/1992,16.077
6/20/1992,16.157
6/21/1992,16.207
6/22/1992,16.187
6/23/1992,16.207
6/24/1992,16.317
6/25/1992,16.617
6/26/1992,17.297
6/27/1992,17.827
6/28/1992,18.277
6/29/1992,18.527
6/30/1992,18.647
7/1/1992,18.637
7/2/1992,18.427
7/3/1992,18.197
7/4/1992,18.017
7/5/1992,17.977
7/6/1992,18.017
7/7/1992,18.027
7/8/1992,17.997
7/9/1992,18.027
7/10/1992,18.197
7/11/1992,18.157
7/12/1992,18.157
7/13/1992,18.177
7/14/1992,18.267
7/15/1992,18.097
7/16/1992,18.077
7/17/1992,18.127
7/18/1992,18.187
7/19/1992,18.297
7/20/1992,18.317
7/21/1992,18.157
7/22/1992,17.977
7/23/1992,17.907
7/24/1992,17.857
7/25/1992,17.807
7/26/1992,17.837
7/27/1992,17.817
7/28/1992,17.837
7/29/1992,17.837
7/30/1992,17.767
7/31/1992,17.667
8/1/1992,17.717
8/2/1992,17.757
8/3/1992,17.787
8/4/1992,17.807
8/5/1992,17.857
8/6/1992,18.057
8/7/1992,18.087
8/8/1992,18.007
8/9/1992,17.907
8/10/1992,17.797
8/11/1992,17.687
8/12/1992,17.577
8/13/1992,17.497
8/14/1992,17.447
8/15/1992,17.397
8/16/1992,17.277
8/17/1992,17.257
8/18/1992,17.167
8/19/1992,17.117
8/20/1992,17.197
8/21/1992,17.207
8/22/1992,17.247
8/23/1992,17.337
8/24/1992,17.467
8/25/1992,17.577
8/26/1992,17.657
8/27/1992,17.817
8/28/1992,17.967
8/29/1992,18.097
8/30/1992,18.157
8/31/1992,18.137
9/1/1992,18.057
9/2/1992,17.967
9/3/1992,17.837
9/4/1992,17.707
9/5/1992,17.577
9/6/1992,17.477
9/7/1992,17.357
9/8/1992,17.307
9/9/1992,17.257
9/10/1992,17.237
9/11/1992,17.237
9/12/1992,17.157
9/13/1992,17.117
9/14/1992,17.187
9/15/1992,17.297
9/16/1992,17.287
9/17/1992,17.347
9/18/1992,17.527
9/19/1992,17.727
9/20/1992,17.787
9/21/1992,17.787
9/22/1992,17.707
9/23/1992,17.527
9/24/1992,17.327
9/25/1992,17.137
9/26/1992,16.977
9/27/1992,16.817
9/28/1992,16.987
9/29/1992,17.077
9/30/1992,16.957
10/1/1992,16.937
10/2/1992,16.927
10/3/1992,17.027
10/4/1992,17.137
10/5/1992,17.077
10/6/1992,16.927
10/7/1992,16.777
10/8/1992,16.637
10/9/1992,16.527
10/10/1992,16.447
10/11/1992,16.407
10/12/1992,16.307
10/13/1992,16.307
10/14/1992,16.277
10/15/1992,16.227
10/16/1992,16.137
10/17/1992,16.227
10/18/1992,16.197
10/19/1992,16.227
10/20/1992,16.337
10/21/1992,16.537
10/22/1992,16.547
10/23/1992,16.507
10/24/1992,16.407
10/25/1992,16.307
10/26/1992,16.247
10/27/1992,16.127
10/28/1992,15.997
10/29/1992,15.897
10/30/1992,15.797
10/31/1992,15.687
11/1/1992,15.557
11/2/1992,15.457
11/3/1992,15.337
11/4/1992,15.247
11/5/1992,15.157
11/6/1992,15.077
11/7/1992,14.977
11/8/1992,14.947
11/9/1992,14.877
11/10/1992,14.807
11/11/1992,14.747
11/12/1992,14.697
11/13/1992,14.637
11/14/1992,14.597
11/15/1992,14.557
11/16/1992,14.507
11/17/1992,14.477
11/18/1992,14.427
11/19/1992,14.377
11/20/1992,14.347
11/21/1992,14.317
11/22/1992,14.257
11/23/1992,14.237
11/24/1992,14.187
11/25/1992,14.177
11/26/1992,14.137
11/27/1992,14.117
11/28/1992,14.087
11/29/1992,14.057
11/30/1992,14.037
12/1/1992,14.017
12/2/1992,13.997
12/3/1992,13.957
12/4/1992,13.957
12/5/1992,13.957
12/6/1992,13.937
12/7/1992,13.917
12/8/1992,13.907
12/9/1992,13.887
12/10/1992,13.867
12/11/1992,13.867
12/12/1992,13.857
12/13/1992,13.847
12/14/1992,13.827
12/15/1992,13.787
12/16/1992,13.757
12/17/1992,13.737
12/18/1992,13.717
12/19/1992,13.687
12/20/1992,13.667
12/21/1992,13.657
12/22/1992,13.627
12/23/1992,13.617
12/24/1992,13.587
12/25/1992,13.567
12/26/1992,13.547
12/27/1992,13.537
12/28/1992,13.527
12/29/1992,13.487
12/30/1992,13.487
12/31/1992,13.467
1/1/1993,13.447
1/2/1993,13.427
1/3/1993,13.417
1/4/1993,13.397
1/5/1993,13.387
1/6/1993,13.367
1/7/1993,13.357
1/8/1993,13.397
1/9/1993,13.457
1/10/1993,13.467
1/11/1993,13.497
1/12/1993,13.527
1/13/1993,13.527
1/14/1993,13.537
1/15/1993,13.537
1/16/1993,13.527
1/17/1993,13.527
1/18/1993,13.547
1/19/1993,13.587
1/20/1993,13.587
1/21/1993,13.567
1/22/1993,13.557
1/23/1993,13.537
1/24/1993,13.507
1/25/1993,13.467
1/26/1993,13.427
1/27/1993,13.387
1/28/1993,13.377
1/29/1993,13.357
1/30/1993,13.327
1/31/1993,13.307
2/1/1993,13.287
2/2/1993,13.277
2/3/1993,13.257
2/4/1993,13.257
2/5/1993,13.237
2/6/1993,13.217
2/7/1993,13.197
2/8/1993,13.187
2/9/1993,13.167
2/10/1993,13.157
2/11/1993,13.147
2/12/1993,13.147
2/13/1993,13.147
2/14/1993,13.137
2/15/1993,13.167
2/16/1993,13.197
2/17/1993,13.217
2/18/1993,13.247
2/19/1993,13.357
2/20/1993,13.447
2/21/1993,13.477
2/22/1993,13.497
2/23/1993,13.507
2/24/1993,13.547
2/25/1993,13.597
2/26/1993,13.647
2/27/1993,13.737
2/28/1993,13.847
3/1/1993,13.887
3/2/1993,13.857
3/3/1993,13.807
3/4/1993,13.747
3/5/1993,13.667
3/6/1993,13.627
3/7/1993,13.567
3/8/1993,13.527
3/9/1993,13.497
3/10/1993,13.457
3/11/1993,13.437
3/12/1993,13.427
3/13/1993,13.397
3/14/1993,13.387
3/15/1993,13.377
3/16/1993,13.357
3/17/1993,13.347
3/18/1993,13.307
3/19/1993,13.307
3/20/1993,13.307
3/21/1993,13.307
3/22/1993,13.307
3/23/1993,13.317
3/24/1993,13.337
3/25/1993,13.367
3/26/1993,13.447
3/27/1993,13.527
3/28/1993,13.547
3/29/1993,13.567
3/30/1993,13.627
3/31/1993,13.687
4/1/1993,13.727
4/2/1993,13.797
4/3/1993,13.897
4/4/1993,14.047
4/5/1993,14.157
4/6/1993,14.157
4/7/1993,14.087
4/8/1993,14.027
4/9/1993,13.917
4/10/1993,13.877
4/11/1993,13.857
4/12/1993,13.807
4/13/1993,13.857
4/14/1993,13.857
4/15/1993,13.837
4/16/1993,13.837
4/17/1993,13.897
4/18/1993,13.987
4/19/1993,14.087
4/20/1993,14.157
4/21/1993,14.227
4/22/1993,14.277
4/23/1993,14.317
4/24/1993,14.357
4/25/1993,14.417
4/26/1993,14.537
4/27/1993,14.637
4/28/1993,14.647
4/29/1993,14.667
4/30/1993,14.637
5/1/1993,14.617
5/2/1993,14.607
5/3/1993,14.657
5/4/1993,14.707
5/5/1993,14.757
5/6/1993,15.117
5/7/1993,15.447
5/8/1993,15.607
5/9/1993,15.737
5/10/1993,15.907
5/11/1993,16.047
5/12/1993,16.147
5/13/1993,16.137
5/14/1993,16.127
5/15/1993,16.087
5/16/1993,16.067
5/17/1993,16.107
5/18/1993,16.307
5/19/1993,16.577
5/20/1993,16.797
5/21/1993,16.877
5/22/1993,16.837
5/23/1993,16.747
5/24/1993,16.707
5/25/1993,16.677
5/26/1993,16.647
5/27/1993,16.567
5/28/1993,16.467
5/29/1993,16.327
5/30/1993,16.267
5/31/1993,16.197
6/1/1993,16.117
6/2/1993,16.127
6/3/1993,16.107
6/4/1993,16.197
6/5/1993,16.387
6/6/1993,16.417
6/7/1993,16.607
6/8/1993,17.277
6/9/1993,17.767
6/10/1993,18.137
6/11/1993,18.227
6/12/1993,18.277
6/13/1993,18.157
6/14/1993,18.037
6/15/1993,17.997
6/16/1993,18.037
6/17/1993,17.937
6/18/1993,17.737
6/19/1993,17.667
6/20/1993,17.617
6/21/1993,17.707
6/22/1993,17.837
6/23/1993,17.937
6/24/1993,17.937
6/25/1993,17.907
6/26/1993,17.987
6/27/1993,18.007
6/28/1993,18.047
6/29/1993,18.067
6/30/1993,17.947
7/1/1993,17.927
7/2/1993,18.267
7/3/1993,18.447
7/4/1993,18.447
7/5/1993,18.467
7/6/1993,18.727
7/7/1993,18.927
7/8/1993,19.037
7/9/1993,19.087
7/10/1993,19.117
7/11/1993,18.967
7/12/1993,18.677
7/13/1993,18.387
7/14/1993,18.197
7/15/1993,18.047
7/16/1993,17.967
7/17/1993,17.917
7/18/1993,17.877
7/19/1993,17.877
7/20/1993,18.307
7/21/1993,18.897
7/22/1993,19.237
7/23/1993,19.367
7/24/1993,19.077
7/25/1993,18.907
7/26/1993,18.807
7/27/1993,18.697
7/28/1993,18.507
7/29/1993,18.337
7/30/1993,18.227
7/31/1993,18.167
8/1/1993,18.257
8/2/1993,18.317
8/3/1993,18.227
8/4/1993,18.167
8/5/1993,18.217
8/6/1993,18.387
8/7/1993,18.587
8/8/1993,18.707
8/9/1993,18.747
8/10/1993,18.847
8/11/1993,18.877
8/12/1993,18.887
8/13/1993,18.927
8/14/1993,18.937
8/15/1993,18.917
8/16/1993,18.887
8/17/1993,18.817
8/18/1993,18.737
8/19/1993,18.667
8/20/1993,18.627
8/21/1993,18.607
8/22/1993,18.607
8/23/1993,18.617
8/24/1993,18.657
8/25/1993,18.697
8/26/1993,18.707
8/27/1993,18.717
8/28/1993,18.747
8/29/1993,18.747
8/30/1993,18.807
8/31/1993,18.827
9/1/1993,18.817
9/2/1993,18.777
9/3/1993,18.767
9/4/1993,18.717
9/5/1993,18.617
9/6/1993,18.527
9/7/1993,18.447
9/8/1993,18.367
9/9/1993,18.257
9/10/1993,18.127
9/11/1993,18.007
9/12/1993,17.917
9/13/1993,17.857
9/14/1993,17.817
9/15/1993,17.777
9/16/1993,17.837
9/17/1993,17.797
9/18/1993,17.647
9/19/1993,17.547
9/20/1993,17.457
9/21/1993,17.517
9/22/1993,17.517
9/23/1993,17.517
9/24/1993,17.457
9/25/1993,17.387
9/26/1993,17.367
9/27/1993,17.387
9/28/1993,17.597
9/29/1993,17.777
9/30/1993,17.797
10/1/1993,17.747
10/2/1993,17.817
10/3/1993,17.947
10/4/1993,18.077
10/5/1993,18.097
10/6/1993,18.007
10/7/1993,17.897
10/8/1993,17.857
10/9/1993,17.867
10/10/1993,17.827
10/11/1993,17.717
10/12/1993,17.577
10/13/1993,17.487
10/14/1993,17.417
10/15/1993,17.357
10/16/1993,17.297
10/17/1993,17.227
10/18/1993,17.187
10/19/1993,17.157
10/20/1993,17.117
10/21/1993,17.087
10/22/1993,17.007
10/23/1993,16.907
10/24/1993,16.787
10/25/1993,16.647
10/26/1993,16.517
10/27/1993,16.337
10/28/1993,16.237
10/29/1993,16.127
10/30/1993,15.977
10/31/1993,15.897
11/1/1993,15.797
11/2/1993,15.727
11/3/1993,15.647
11/4/1993,15.577
11/5/1993,15.507
11/6/1993,15.417
11/7/1993,15.347
11/8/1993,15.277
11/9/1993,15.217
11/10/1993,15.157
11/11/1993,15.107
11/12/1993,15.037
11/13/1993,14.987
11/14/1993,14.947
11/15/1993,14.887
11/16/1993,14.827
11/17/1993,14.787
11/18/1993,14.737
11/19/1993,14.687
11/20/1993,14.647
11/21/1993,14.607
11/22/1993,14.567
11/23/1993,14.507
11/24/1993,14.487
11/25/1993,14.467
11/26/1993,14.427
11/27/1993,14.407
11/28/1993,14.377
11/29/1993,14.337
11/30/1993,14.287
12/1/1993,14.237
12/2/1993,14.197
12/3/1993,14.157
12/4/1993,14.117
12/5/1993,14.087
12/6/1993,14.047
12/7/1993,14.017
12/8/1993,13.977
12/9/1993,13.957
12/10/1993,13.917
12/11/1993,13.887
12/12/1993,13.857
12/13/1993,13.827
12/14/1993,13.807
12/15/1993,13.767
12/16/1993,13.747
12/17/1993,13.717
12/18/1993,13.697
12/19/1993,13.687
12/20/1993,13.657
12/21/1993,13.637
12/22/1993,13.617
12/23/1993,13.597
12/24/1993,13.567
12/25/1993,13.547
12/26/1993,13.517
12/27/1993,13.497
12/28/1993,13.477
12/29/1993,13.457
12/30/1993,13.427
12/31/1993,13.407
1/1/1994,13.387
1/2/1994,13.367
1/3/1994,13.337
1/4/1994,13.317
1/5/1994,13.297
1/6/1994,13.277
1/7/1994,13.257
1/8/1994,13.227
1/9/1994,13.217
1/10/1994,13.197
1/11/1994,13.177
1/12/1994,13.147
1/13/1994,13.127
1/14/1994,13.117
1/15/1994,13.097
1/16/1994,13.087
1/17/1994,13.087
1/18/1994,13.087
1/19/1994,13.097
1/20/1994,13.097
1/21/1994,13.087
1/22/1994,13.077
1/23/1994,13.077
1/24/1994,13.077
1/25/1994,13.077
1/26/1994,13.097
1/27/1994,13.097
1/28/1994,13.057
1/29/1994,13.017
1/30/1994,12.987
1/31/1994,12.987
2/1/1994,12.977
2/2/1994,12.957
2/3/1994,12.947
2/4/1994,12.927
2/5/1994,12.907
2/6/1994,12.907
2/7/1994,12.897
2/8/1994,12.907
2/9/1994,12.927
2/10/1994,12.977
2/11/1994,12.987
2/12/1994,12.997
2/13/1994,13.007
2/14/1994,12.997
2/15/1994,12.957
2/16/1994,12.927
2/17/1994,12.897
2/18/1994,12.887
2/19/1994,12.877
2/20/1994,12.867
2/21/1994,12.857
2/22/1994,12.857
2/23/1994,12.847
2/24/1994,12.837
2/25/1994,12.827
2/26/1994,12.817
2/27/1994,12.797
2/28/1994,12.777
3/1/1994,12.757
3/2/1994,12.757
3/3/1994,12.767
3/4/1994,12.807
3/5/1994,12.857
3/6/1994,12.877
3/7/1994,12.877
3/8/1994,12.857
3/9/1994,12.827
3/10/1994,12.847
3/11/1994,12.857
3/12/1994,12.877
3/13/1994,12.857
3/14/1994,12.847
3/15/1994,12.847
3/16/1994,12.827
3/17/1994,12.847
3/18/1994,12.867
3/19/1994,12.957
3/20/1994,12.987
3/21/1994,13.027
3/22/1994,13.007
3/23/1994,13.037
3/24/1994,13.097
3/25/1994,13.237
3/26/1994,13.427
3/27/1994,13.587
3/28/1994,14.107
3/29/1994,14.667
3/30/1994,14.867
3/31/1994,14.817
4/1/1994,14.727
4/2/1994,14.697
4/3/1994,14.757
4/4/1994,14.787
4/5/1994,14.727
4/6/1994,14.587
4/7/1994,14.527
4/8/1994,14.547
4/9/1994,14.737
4/10/1994,14.897
4/11/1994,14.887
4/12/1994,14.767
4/13/1994,14.627
4/14/1994,14.477
4/15/1994,14.407
4/16/1994,14.347
4/17/1994,14.327
4/18/1994,14.327
4/19/1994,14.287
4/20/1994,14.257
4/21/1994,14.207
4/22/1994,14.157
4/23/1994,14.167
4/24/1994,14.337
4/25/1994,14.707
4/26/1994,14.987
4/27/1994,15.087
4/28/1994,15.067
4/29/1994,15.007
4/30/1994,15.037
5/1/1994,15.177
5/2/1994,15.427
5/3/1994,15.507
5/4/1994,15.387
5/5/1994,15.237
5/6/1994,15.097
5/7/1994,14.987
5/8/1994,14.947
5/9/1994,14.937
5/10/1994,14.907
5/11/1994,15.027
5/12/1994,15.547
5/13/1994,16.147
5/14/1994,16.307
5/15/1994,16.187
5/16/1994,15.997
5/17/1994,15.827
5/18/1994,15.707
5/19/1994,15.617
5/20/1994,15.557
5/21/1994,15.557
5/22/1994,15.547
5/23/1994,15.557
5/24/1994,15.487
5/25/1994,15.407
5/26/1994,15.397
5/27/1994,15.337
5/28/1994,15.357
5/29/1994,15.367
5/30/1994,15.597
5/31/1994,15.857
6/1/1994,16.237
6/2/1994,16.857
6/3/1994,17.407
6/4/1994,17.697
6/5/1994,17.897
6/6/1994,17.987
6/7/1994,17.977
6/8/1994,17.907
6/9/1994,17.827
6/10/1994,17.727
6/11/1994,17.557
6/12/1994,17.467
6/13/1994,17.427
6/14/1994,17.357
6/15/1994,17.337
6/16/1994,17.337
6/17/1994,17.347
6/18/1994,17.437
6/19/1994,17.597
6/20/1994,17.827
6/21/1994,17.977
6/22/1994,18.007
6/23/1994,17.987
6/24/1994,18.007
6/25/1994,18.067
6/26/1994,18.167
6/27/1994,18.137
6/28/1994,18.057
6/29/1994,18.027
6/30/1994,18.067
7/1/1994,18.207
7/2/1994,18.087
7/3/1994,17.987
7/4/1994,17.927
7/5/1994,17.927
7/6/1994,17.967
7/7/1994,17.987
7/8/1994,17.967
7/9/1994,17.847
7/10/1994,17.807
7/11/1994,17.787
7/12/1994,17.757
7/13/1994,17.667
7/14/1994,17.537
7/15/1994,17.437
7/16/1994,17.297
7/17/1994,17.167
7/18/1994,17.007
7/19/1994,16.857
7/20/1994,16.757
7/21/1994,16.737
7/22/1994,16.787
7/23/1994,16.827
7/24/1994,16.907
7/25/1994,16.957
7/26/1994,16.997
7/27/1994,17.107
7/28/1994,17.177
7/29/1994,17.167
7/30/1994,17.177
7/31/1994,17.407
8/1/1994,17.537
8/2/1994,17.567
8/3/1994,17.497
8/4/1994,17.437
8/5/1994,17.407
8/6/1994,17.357
8/7/1994,17.307
8/8/1994,17.267
8/9/1994,17.237
8/10/1994,17.197
8/11/1994,17.237
8/12/1994,17.307
8/13/1994,17.397
8/14/1994,17.517
8/15/1994,17.717
8/16/1994,17.887
8/17/1994,17.957
8/18/1994,17.917
8/19/1994,17.867
8/20/1994,17.877
8/21/1994,17.807
8/22/1994,17.667
8/23/1994,17.607
8/24/1994,17.637
8/25/1994,17.657
8/26/1994,17.677
8/27/1994,17.667
8/28/1994,17.617
8/29/1994,17.587
8/30/1994,17.577
8/31/1994,17.557
9/1/1994,17.477
9/2/1994,17.357
9/3/1994,17.287
9/4/1994,17.157
9/5/1994,17.037
9/6/1994,16.937
9/7/1994,16.857
9/8/1994,16.767
9/9/1994,16.727
9/10/1994,16.747
9/11/1994,16.857
9/12/1994,16.877
9/13/1994,16.877
9/14/1994,16.917
9/15/1994,16.937
9/16/1994,17.027
9/17/1994,17.007
9/18/1994,16.977
9/19/1994,16.997
9/20/1994,17.077
9/21/1994,17.217
9/22/1994,17.247
9/23/1994,17.207
9/24/1994,17.197
9/25/1994,17.217
9/26/1994,17.217
9/27/1994,17.177
9/28/1994,17.117
9/29/1994,16.997
9/30/1994,16.847
10/1/1994,16.677
10/2/1994,16.567
10/3/1994,16.557
10/4/1994,16.457
10/5/1994,16.377
10/6/1994,16.327
10/7/1994,16.317
10/8/1994,16.337
10/9/1994,16.377
10/10/1994,16.537
10/11/1994,16.587
10/12/1994,16.627
10/13/1994,16.607
10/14/1994,16.577
10/15/1994,16.567
10/16/1994,16.637
10/17/1994,16.707
10/18/1994,16.737
10/19/1994,16.677
10/20/1994,16.527
10/21/1994,16.357
10/22/1994,16.217
10/23/1994,16.087
10/24/1994,15.927
10/25/1994,15.767
10/26/1994,15.607
10/27/1994,15.467
10/28/1994,15.337
10/29/1994,15.237
10/30/1994,15.147
10/31/1994,15.057
11/1/1994,14.957
11/2/1994,14.887
11/3/1994,14.817
11/4/1994,14.747
11/5/1994,14.707
11/6/1994,14.637
11/7/1994,14.577
11/8/1994,14.507
11/9/1994,14.457
11/10/1994,14.397
11/11/1994,14.337
11/12/1994,14.297
11/13/1994,14.247
11/14/1994,14.197
11/15/1994,14.147
11/16/1994,14.107
11/17/1994,14.067
11/18/1994,14.037
11/19/1994,14.007
11/20/1994,13.957
11/21/1994,13.927
11/22/1994,13.897
11/23/1994,13.847
11/24/1994,13.797
11/25/1994,13.767
11/26/1994,13.717
11/27/1994,13.687
11/28/1994,13.647
11/29/1994,13.617
11/30/1994,13.607
12/1/1994,13.567
12/2/1994,13.547
12/3/1994,13.517
12/4/1994,13.487
12/5/1994,13.467
12/6/1994,13.437
12/7/1994,13.417
12/8/1994,13.407
12/9/1994,13.367
12/10/1994,13.347
12/11/1994,13.307
12/12/1994,13.287
12/13/1994,13.257
12/14/1994,13.227
12/15/1994,13.207
12/16/1994,13.167
12/17/1994,13.157
12/18/1994,13.137
12/19/1994,13.117
12/20/1994,13.087
12/21/1994,13.077
12/22/1994,13.047
12/23/1994,13.027
12/24/1994,13.007
12/25/1994,12.977
12/26/1994,12.947
12/27/1994,12.937
12/28/1994,12.917
12/29/1994,12.907
12/30/1994,12.887
12/31/1994,12.867
1/1/1995,12.847
1/2/1995,12.837
1/3/1995,12.817
1/4/1995,12.807
1/5/1995,12.787
1/6/1995,12.767
1/7/1995,12.757
1/8/1995,12.747
1/9/1995,12.737
1/10/1995,12.737
1/11/1995,12.727
1/12/1995,12.717
1/13/1995,12.697
1/14/1995,12.677
1/15/1995,12.667
1/16/1995,12.657
1/17/1995,12.647
1/18/1995,12.627
1/19/1995,12.617
1/20/1995,12.607
1/21/1995,12.587
1/22/1995,12.577
1/23/1995,12.567
1/24/1995,12.567
1/25/1995,12.557
1/26/1995,12.547
1/27/1995,12.537
1/28/1995,12.537
1/29/1995,12.527
1/30/1995,12.527
1/31/1995,12.527
2/1/1995,12.517
2/2/1995,12.507
2/3/1995,12.487
2/4/1995,12.457
2/5/1995,12.447
2/6/1995,12.427
2/7/1995,12.417
2/8/1995,12.397
2/9/1995,12.387
2/10/1995,12.387
2/11/1995,12.387
2/12/1995,12.397
2/13/1995,12.387
2/14/1995,12.387
2/15/1995,12.397
2/16/1995,12.397
2/17/1995,12.397
2/18/1995,12.397
2/19/1995,12.417
2/20/1995,12.437
2/21/1995,12.417
2/22/1995,12.407
2/23/1995,12.417
2/24/1995,12.447
2/25/1995,12.487
2/26/1995,12.537
2/27/1995,12.597
2/28/1995,12.607
3/1/1995,12.607
3/2/1995,12.587
3/3/1995,12.577
3/4/1995,12.577
3/5/1995,12.567
3/6/1995,12.567
3/7/1995,12.577
3/8/1995,12.587
3/9/1995,12.567
3/10/1995,12.567
3/11/1995,12.557
3/12/1995,12.547
3/13/1995,12.547
3/14/1995,12.547
3/15/1995,12.537
3/16/1995,12.537
3/17/1995,12.537
3/18/1995,12.587
3/19/1995,12.627
3/20/1995,12.657
3/21/1995,12.667
3/22/1995,12.687
3/23/1995,12.667
3/24/1995,12.687
3/25/1995,12.687
3/26/1995,12.707
3/27/1995,12.747
3/28/1995,12.777
3/29/1995,12.827
3/30/1995,12.877
3/31/1995,12.897
4/1/1995,12.937
4/2/1995,12.937
4/3/1995,12.947
4/4/1995,12.997
4/5/1995,13.117
4/6/1995,13.237
4/7/1995,13.327
4/8/1995,13.397
4/9/1995,13.477
4/10/1995,13.507
4/11/1995,13.457
4/12/1995,13.377
4/13/1995,13.307
4/14/1995,13.267
4/15/1995,13.237
4/16/1995,13.227
4/17/1995,13.237
4/18/1995,13.217
4/19/1995,13.237
4/20/1995,13.357
4/21/1995,13.627
4/22/1995,13.797
4/23/1995,13.847
4/24/1995,13.807
4/25/1995,13.737
4/26/1995,13.667
4/27/1995,13.647
4/28/1995,13.717
4/29/1995,13.947
4/30/1995,14.197
5/1/1995,14.337
5/2/1995,14.477
5/3/1995,14.667
5/4/1995,14.827
5/5/1995,14.827
5/6/1995,14.917
5/7/1995,15.187
5/8/1995,15.667
5/9/1995,15.977
5/10/1995,16.117
5/11/1995,16.217
5/12/1995,16.257
5/13/1995,16.167
5/14/1995,16.017
5/15/1995,15.847
5/16/1995,15.757
5/17/1995,15.727
5/18/1995,15.667
5/19/1995,15.817
5/20/1995,16.107
5/21/1995,16.657
5/22/1995,17.077
5/23/1995,17.257
5/24/1995,17.457
5/25/1995,17.667
5/26/1995,17.747
5/27/1995,17.757
5/28/1995,17.697
5/29/1995,17.547
5/30/1995,17.397
5/31/1995,17.257
6/1/1995,17.157
6/2/1995,17.077
6/3/1995,17.037
6/4/1995,17.077
6/5/1995,17.067
6/6/1995,16.927
6/7/1995,16.817
6/8/1995,16.807
6/9/1995,16.847
6/10/1995,16.877
6/11/1995,16.917
6/12/1995,17.007
6/13/1995,17.177
6/14/1995,17.427
6/15/1995,17.747
6/16/1995,18.307
6/17/1995,18.787
6/18/1995,18.867
6/19/1995,18.927
6/20/1995,18.897
6/21/1995,18.877
6/22/1995,18.827
6/23/1995,18.747
6/24/1995,18.727
6/25/1995,18.737
6/26/1995,18.747
6/27/1995,18.727
6/28/1995,18.607
6/29/1995,18.507
6/30/1995,18.447
7/1/1995,18.397
7/2/1995,18.517
7/3/1995,18.797
7/4/1995,19.007
7/5/1995,19.057
7/6/1995,19.297
7/7/1995,19.607
7/8/1995,19.737
7/9/1995,19.807
7/10/1995,19.827
7/11/1995,19.757
7/12/1995,19.577
7/13/1995,19.417
7/14/1995,19.217
7/15/1995,19.017
7/16/1995,18.877
7/17/1995,18.777
7/18/1995,18.737
7/19/1995,18.697
7/20/1995,18.657
7/21/1995,18.607
7/22/1995,18.577
7/23/1995,18.567
7/24/1995,18.517
7/25/1995,18.417
7/26/1995,18.267
7/27/1995,18.227
7/28/1995,18.217
7/29/1995,18.147
7/30/1995,18.057
7/31/1995,17.977
8/1/1995,17.907
8/2/1995,17.967
8/3/1995,17.927
8/4/1995,17.837
8/5/1995,17.827
8/6/1995,17.777
8/7/1995,17.697
8/8/1995,17.587
8/9/1995,17.517
8/10/1995,17.537
8/11/1995,17.597
8/12/1995,17.767
8/13/1995,18.477
8/14/1995,18.657
8/15/1995,18.767
8/16/1995,18.947
8/17/1995,19.067
8/18/1995,19.047
8/19/1995,18.967
8/20/1995,18.877
8/21/1995,18.817
8/22/1995,18.677
8/23/1995,18.517
8/24/1995,18.357
8/25/1995,18.207
8/26/1995,18.077
8/27/1995,18.017
8/28/1995,18.007
8/29/1995,17.957
8/30/1995,17.967
8/31/1995,17.957
9/1/1995,17.917
9/2/1995,17.807
9/3/1995,17.677
9/4/1995,17.567
9/5/1995,17.497
9/6/1995,17.467
9/7/1995,17.417
9/8/1995,17.417
9/9/1995,17.387
9/10/1995,17.237
9/11/1995,17.197
9/12/1995,17.247
9/13/1995,17.337
9/14/1995,17.377
9/15/1995,17.357
9/16/1995,17.337
9/17/1995,17.287
9/18/1995,17.257
9/19/1995,17.187
9/20/1995,17.247
9/21/1995,17.417
9/22/1995,17.487
9/23/1995,17.997
9/24/1995,18.217
9/25/1995,18.317
9/26/1995,18.397
9/27/1995,18.557
9/28/1995,18.687
9/29/1995,18.667
9/30/1995,18.627
10/1/1995,18.557
10/2/1995,18.427
10/3/1995,18.317
10/4/1995,18.187
10/5/1995,18.037
10/6/1995,17.967
10/7/1995,17.827
10/8/1995,17.637
10/9/1995,17.427
10/10/1995,17.307
10/11/1995,17.117
10/12/1995,16.987
10/13/1995,16.897
10/14/1995,16.807
10/15/1995,16.717
10/16/1995,16.627
10/17/1995,16.567
10/18/1995,16.497
10/19/1995,16.407
10/20/1995,16.407
10/21/1995,16.357
10/22/1995,16.237
10/23/1995,16.157
10/24/1995,16.127
10/25/1995,16.197
10/26/1995,16.227
10/27/1995,16.127
10/28/1995,16.017
10/29/1995,15.897
10/30/1995,15.787
10/31/1995,15.667
11/1/1995,15.577
11/2/1995,15.467
11/3/1995,15.397
11/4/1995,15.327
11/5/1995,15.257
11/6/1995,15.197
11/7/1995,15.147
11/8/1995,15.087
11/9/1995,15.037
11/10/1995,15.047
11/11/1995,15.057
11/12/1995,15.387
11/13/1995,15.447
11/14/1995,15.277
11/15/1995,15.167
11/16/1995,15.107
11/17/1995,15.017
11/18/1995,14.967
11/19/1995,14.937
11/20/1995,14.897
11/21/1995,14.817
11/22/1995,14.737
11/23/1995,14.667
11/24/1995,14.617
11/25/1995,14.567
11/26/1995,14.507
11/27/1995,14.467
11/28/1995,14.417
11/29/1995,14.377
11/30/1995,14.337
12/1/1995,14.297
12/2/1995,14.267
12/3/1995,14.227
12/4/1995,14.197
12/5/1995,14.167
12/6/1995,14.127
12/7/1995,14.097
12/8/1995,14.057
12/9/1995,14.027
12/10/1995,13.997
12/11/1995,13.957
12/12/1995,13.927
12/13/1995,13.897
12/14/1995,13.857
12/15/1995,13.817
12/16/1995,13.797
12/17/1995,13.767
12/18/1995,13.757
12/19/1995,13.717
12/20/1995,13.707
12/21/1995,13.697
12/22/1995,13.677
12/23/1995,13.667
12/24/1995,13.647
12/25/1995,13.647
12/26/1995,13.627
12/27/1995,13.587
12/28/1995,13.557
12/29/1995,13.547
12/30/1995,13.537
12/31/1995,13.527
1/1/1996,13.517
1/2/1996,13.497
1/3/1996,13.477
1/4/1996,13.447
1/5/1996,13.407
1/6/1996,13.387
1/7/1996,13.347
1/8/1996,13.317
1/9/1996,13.297
1/10/1996,13.277
1/11/1996,13.247
1/12/1996,13.237
1/13/1996,13.207
1/14/1996,13.177
1/15/1996,13.157
1/16/1996,13.137
1/17/1996,13.127
1/18/1996,13.117
1/19/1996,13.117
1/20/1996,13.117
1/21/1996,13.127
1/22/1996,13.127
1/23/1996,13.117
1/24/1996,13.097
1/25/1996,13.087
1/26/1996,13.087
1/27/1996,13.087
1/28/1996,13.077
1/29/1996,13.047
1/30/1996,13.037
1/31/1996,13.027
2/1/1996,12.997
2/2/1996,12.987
2/3/1996,12.967
2/4/1996,12.957
2/5/1996,12.937
2/6/1996,12.927
2/7/1996,12.917
2/8/1996,12.897
2/9/1996,12.887
2/10/1996,12.857
2/11/1996,12.847
2/12/1996,12.827
2/13/1996,12.807
2/14/1996,12.797
2/15/1996,12.777
2/16/1996,12.757
2/17/1996,12.747
2/18/1996,12.737
2/19/1996,12.737
2/20/1996,12.717
2/21/1996,12.707
2/22/1996,12.697
2/23/1996,12.707
2/24/1996,12.707
2/25/1996,12.737
2/26/1996,12.747
2/27/1996,12.727
2/28/1996,12.707
2/29/1996,12.747
3/1/1996,12.817
3/2/1996,12.867
3/3/1996,12.887
3/4/1996,12.877
3/5/1996,12.847
3/6/1996,12.847
3/7/1996,12.867
3/8/1996,12.947
3/9/1996,13.027
3/10/1996,13.027
3/11/1996,13.017
3/12/1996,12.997
3/13/1996,12.977
3/14/1996,12.957
3/15/1996,12.947
3/16/1996,12.947
3/17/1996,12.977
3/18/1996,12.997
3/19/1996,13.007
3/20/1996,13.027
3/21/1996,13.087
3/22/1996,13.227
3/23/1996,13.387
3/24/1996,13.507
3/25/1996,13.907
3/26/1996,14.117
3/27/1996,14.287
3/28/1996,14.257
3/29/1996,14.187
3/30/1996,14.117
3/31/1996,14.137
4/1/1996,14.225
4/2/1996,14.243
4/3/1996,14.215
4/4/1996,14.153
4/5/1996,14.081
4/6/1996,14.001
4/7/1996,13.953
4/8/1996,14.079
4/9/1996,14.279
4/10/1996,14.293
4/11/1996,14.195
4/12/1996,14.091
4/13/1996,14.017
4/14/1996,13.923
4/15/1996,13.865
4/16/1996,13.915
4/17/1996,14.125
4/18/1996,14.285
4/19/1996,14.255
4/20/1996,14.191
4/21/1996,14.115
4/22/1996,14.061
4/23/1996,14.043
4/24/1996,14.193
4/25/1996,14.311
4/26/1996,14.497
4/27/1996,14.675
4/28/1996,14.977
4/29/1996,15.603
4/30/1996,15.893
5/1/1996,15.887
5/2/1996,15.695
5/3/1996,15.503
5/4/1996,15.409
5/5/1996,15.295
5/6/1996,15.257
5/7/1996,15.299
5/8/1996,15.479
5/9/1996,15.661
5/10/1996,15.787
5/11/1996,15.911
5/12/1996,16.205
5/13/1996,16.557
5/14/1996,16.939
5/15/1996,17.211
5/16/1996,17.355
5/17/1996,17.479
5/18/1996,17.499
5/19/1996,17.377
5/20/1996,17.249
5/21/1996,17.167
5/22/1996,17.197
5/23/1996,17.193
5/24/1996,17.141
5/25/1996,17.039
5/26/1996,16.883
5/27/1996,16.731
5/28/1996,16.601
5/29/1996,16.517
5/30/1996,16.529
5/31/1996,16.681
6/1/1996,16.783
6/2/1996,17.033
6/3/1996,17.333
6/4/1996,17.389
6/5/1996,17.621
6/6/1996,17.503
6/7/1996,17.351
6/8/1996,17.257
6/9/1996,17.205
6/10/1996,17.169
6/11/1996,17.111
6/12/1996,17.019
6/13/1996,16.861
6/14/1996,16.721
6/15/1996,16.549
6/16/1996,16.419
6/17/1996,16.313
6/18/1996,16.245
6/19/1996,16.207
6/20/1996,16.139
6/21/1996,16.113
6/22/1996,16.083
6/23/1996,16.159
6/24/1996,16.255
6/25/1996,16.439
6/26/1996,16.801
6/27/1996,17.299
6/28/1996,17.931
6/29/1996,18.317
6/30/1996,18.521
7/1/1996,18.669
7/2/1996,18.733
7/3/1996,18.771
7/4/1996,18.885
7/5/1996,19.045
7/6/1996,19.097
7/7/1996,19.091
7/8/1996,19.017
7/9/1996,18.837
7/10/1996,18.723
7/11/1996,18.669
7/12/1996,18.693
7/13/1996,19.023
7/14/1996,19.275
7/15/1996,19.457
7/16/1996,19.385
7/17/1996,19.297
7/18/1996,19.323
7/19/1996,19.431
7/20/1996,19.343
7/21/1996,19.261
7/22/1996,19.175
7/23/1996,19.071
7/24/1996,18.985
7/25/1996,18.895
7/26/1996,18.759
7/27/1996,18.663
7/28/1996,18.543
7/29/1996,18.421
7/30/1996,18.289
7/31/1996,18.113
8/1/1996,18.205
8/2/1996,18.195
8/3/1996,18.187
8/4/1996,18.169
8/5/1996,18.121
8/6/1996,18.059
8/7/1996,17.971
8/8/1996,17.935
8/9/1996,17.925
8/10/1996,17.903
8/11/1996,17.949
8/12/1996,17.969
8/13/1996,18.165
8/14/1996,18.285
8/15/1996,18.345
8/16/1996,18.359
8/17/1996,18.537
8/18/1996,18.639
8/19/1996,18.603
8/20/1996,18.563
8/21/1996,18.487
8/22/1996,18.409
8/23/1996,18.337
8/24/1996,18.267
8/25/1996,18.199
8/26/1996,18.125
8/27/1996,18.059
8/28/1996,17.863
8/29/1996,17.799
8/30/1996,17.723
8/31/1996,17.751
9/1/1996,18.267
9/2/1996,18.503
9/3/1996,18.445
9/4/1996,18.347
9/5/1996,18.293
9/6/1996,18.241
9/7/1996,18.199
9/8/1996,18.187
9/9/1996,18.221
9/10/1996,18.237
9/11/1996,18.227
9/12/1996,18.191
9/13/1996,18.121
9/14/1996,18.033
9/15/1996,17.909
9/16/1996,17.755
9/17/1996,17.625
9/18/1996,17.489
9/19/1996,17.329
9/20/1996,17.213
9/21/1996,17.101
9/22/1996,16.985
9/23/1996,16.919
9/24/1996,16.863
9/25/1996,16.809
9/26/1996,16.777
9/27/1996,16.785
9/28/1996,16.851
9/29/1996,17.045
9/30/1996,17.189
10/1/1996,17.219
10/2/1996,17.161
10/3/1996,17.189
10/4/1996,17.415
10/5/1996,17.569
10/6/1996,17.649
10/7/1996,17.555
10/8/1996,17.421
10/9/1996,17.345
10/10/1996,17.303
10/11/1996,17.287
10/12/1996,17.295
10/13/1996,17.365
10/14/1996,17.337
10/15/1996,17.173
10/16/1996,16.997
10/17/1996,16.815
10/18/1996,16.641
10/19/1996,16.463
10/20/1996,16.301
10/21/1996,16.181
10/22/1996,16.045
10/23/1996,15.929
10/24/1996,15.801
10/25/1996,15.691
10/26/1996,15.605
10/27/1996,15.525
10/28/1996,15.445
10/29/1996,15.599
10/30/1996,15.629
10/31/1996,15.759
11/1/1996,15.933
11/2/1996,16.045
11/3/1996,16.129
11/4/1996,16.157
11/5/1996,16.223
11/6/1996,16.279
11/7/1996,16.187
11/8/1996,16.003
11/9/1996,15.841
11/10/1996,15.665
11/11/1996,15.507
11/12/1996,15.389
11/13/1996,15.271
11/14/1996,15.193
11/15/1996,15.089
11/16/1996,15.003
11/17/1996,14.921
11/18/1996,14.851
11/19/1996,14.885
11/20/1996,14.725
11/21/1996,14.673
11/22/1996,14.615
11/23/1996,14.551
11/24/1996,14.503
11/25/1996,14.453
11/26/1996,14.415
11/27/1996,14.377
11/28/1996,14.337
11/29/1996,14.303
11/30/1996,14.269
12/1/1996,14.243
12/2/1996,14.209
12/3/1996,14.165
12/4/1996,14.119
12/5/1996,14.079
12/6/1996,14.035
12/7/1996,13.985
12/8/1996,13.947
12/9/1996,13.911
12/10/1996,13.879
12/11/1996,13.849
12/12/1996,13.811
12/13/1996,13.787
12/14/1996,13.749
12/15/1996,13.723
12/16/1996,13.691
12/17/1996,13.663
12/18/1996,13.639
12/19/1996,13.617
12/20/1996,13.589
12/21/1996,13.571
12/22/1996,13.553
12/23/1996,13.515
12/24/1996,13.493
12/25/1996,13.469
12/26/1996,13.439
12/27/1996,13.423
12/28/1996,13.403
12/29/1996,13.381
12/30/1996,13.339
12/31/1996,13.339
1/1/1997,13.323
1/2/1997,13.301
1/3/1997,13.273
1/4/1997,13.247
1/5/1997,13.219
1/6/1997,13.203
1/7/1997,13.183
1/8/1997,13.161
1/9/1997,13.139
1/10/1997,13.109
1/11/1997,13.091
1/12/1997,13.069
1/13/1997,13.051
1/14/1997,13.029
1/15/1997,13.017
1/16/1997,13.003
1/17/1997,12.989
1/18/1997,12.977
1/19/1997,12.965
1/20/1997,12.957
1/21/1997,12.947
1/22/1997,12.937
1/23/1997,12.929
1/24/1997,12.917
1/25/1997,12.915
1/26/1997,12.901
1/27/1997,12.885
1/28/1997,12.877
1/29/1997,12.867
1/30/1997,12.857
1/31/1997,12.845
2/1/1997,12.837
2/2/1997,12.821
2/3/1997,12.817
2/4/1997,12.807
2/5/1997,12.803
2/6/1997,12.797
2/7/1997,12.797
2/8/1997,12.797
2/9/1997,12.813
2/10/1997,12.803
2/11/1997,12.791
2/12/1997,12.787
2/13/1997,12.781
2/14/1997,12.769
2/15/1997,12.763
2/16/1997,12.755
2/17/1997,12.741
2/18/1997,12.729
2/19/1997,12.711
2/20/1997,12.699
2/21/1997,12.697
2/22/1997,12.687
2/23/1997,12.715
2/24/1997,12.751
2/25/1997,12.775
2/26/1997,12.819
2/27/1997,12.857
2/28/1997,12.841
3/1/1997,12.823
3/2/1997,12.801
3/3/1997,12.779
3/4/1997,12.765
3/5/1997,12.741
3/6/1997,12.717
3/7/1997,12.709
3/8/1997,12.707
3/9/1997,12.697
3/10/1997,12.697
3/11/1997,12.697
3/12/1997,12.707
3/13/1997,12.717
3/14/1997,12.733
3/15/1997,12.741
3/16/1997,12.763
3/17/1997,12.785
3/18/1997,12.803
3/19/1997,12.821
3/20/1997,12.847
3/21/1997,12.913
3/22/1997,13.045
3/23/1997,13.281
3/24/1997,13.547
3/25/1997,13.763
3/26/1997,13.915
3/27/1997,14.083
3/28/1997,14.339
3/29/1997,14.453
3/30/1997,14.451
3/31/1997,14.413
4/1/1997,14.335
4/2/1997,14.311
4/3/1997,14.237
4/4/1997,14.127
4/5/1997,14.031
4/6/1997,13.957
4/7/1997,13.937
4/8/1997,13.947
4/9/1997,13.923
4/10/1997,13.875
4/11/1997,13.841
4/12/1997,13.881
4/13/1997,13.923
4/14/1997,13.941
4/15/1997,13.955
4/16/1997,13.893
4/17/1997,13.829
4/18/1997,13.779
4/19/1997,13.749
4/20/1997,13.753
4/21/1997,13.757
4/22/1997,13.769
4/23/1997,13.813
4/24/1997,13.851
4/25/1997,13.917
4/26/1997,13.969
4/27/1997,14.039
4/28/1997,14.055
4/29/1997,14.023
4/30/1997,13.963
5/1/1997,13.895
5/2/1997,13.847
5/3/1997,13.833
5/4/1997,13.817
5/5/1997,13.807
5/6/1997,13.805
5/7/1997,13.873
5/8/1997,13.943
5/9/1997,13.969
5/10/1997,14.041
5/11/1997,14.123
5/12/1997,14.171
5/13/1997,14.255
5/14/1997,14.423
5/15/1997,14.541
5/16/1997,14.623
5/17/1997,14.707
5/18/1997,14.713
5/19/1997,14.731
5/20/1997,14.749
5/21/1997,14.675
5/22/1997,14.607
5/23/1997,14.725
5/24/1997,15.047
5/25/1997,15.255
5/26/1997,15.529
5/27/1997,15.743
5/28/1997,16.063
5/29/1997,16.021
5/30/1997,15.943
5/31/1997,15.875
6/1/1997,15.821
6/2/1997,15.769
6/3/1997,15.733
6/4/1997,15.697
6/5/1997,15.693
6/6/1997,15.733
6/7/1997,15.881
6/8/1997,16.025
6/9/1997,16.259
6/10/1997,16.543
6/11/1997,16.813
6/12/1997,17.165
6/13/1997,17.433
6/14/1997,17.685
6/15/1997,17.773
6/16/1997,17.921
6/17/1997,18.129
6/18/1997,18.319
6/19/1997,18.291
6/20/1997,18.235
6/21/1997,18.213
6/22/1997,18.227
6/23/1997,18.095
6/24/1997,17.903
6/25/1997,17.705
6/26/1997,17.555
6/27/1997,17.427
6/28/1997,17.489
6/29/1997,17.611
6/30/1997,17.677
7/1/1997,17.867
7/2/1997,18.017
7/3/1997,17.903
7/4/1997,18.019
7/5/1997,18.099
7/6/1997,18.163
7/7/1997,18.131
7/8/1997,18.131
7/9/1997,18.313
7/10/1997,18.513
7/11/1997,18.763
7/12/1997,19.037
7/13/1997,19.289
7/14/1997,19.399
7/15/1997,19.269
7/16/1997,19.031
7/17/1997,18.785
7/18/1997,18.605
7/19/1997,18.525
7/20/1997,18.601
7/21/1997,18.313
7/22/1997,18.155
7/23/1997,18.069
7/24/1997,17.885
7/25/1997,17.755
7/26/1997,17.637
7/27/1997,17.557
7/28/1997,17.503
7/29/1997,17.455
7/30/1997,17.345
7/31/1997,17.275
8/1/1997,17.255
8/2/1997,17.189
8/3/1997,17.137
8/4/1997,17.093
8/5/1997,17.135
8/6/1997,17.037
8/7/1997,17.069
8/8/1997,17.177
8/9/1997,17.277
8/10/1997,17.267
8/11/1997,17.333
8/12/1997,17.805
8/13/1997,18.009
8/14/1997,18.027
8/15/1997,18.355
8/16/1997,18.355
8/17/1997,18.277
8/18/1997,18.187
8/19/1997,18.191
8/20/1997,18.241
8/21/1997,18.271
8/22/1997,18.119
8/23/1997,17.983
8/24/1997,17.865
8/25/1997,17.731
8/26/1997,17.587
8/27/1997,17.407
8/28/1997,17.259
8/29/1997,17.133
8/30/1997,17.069
8/31/1997,17.009
9/1/1997,16.951
9/2/1997,16.921
9/3/1997,16.929
9/4/1997,16.991
9/5/1997,17.023
9/6/1997,17.149
9/7/1997,17.249
9/8/1997,17.299
9/9/1997,17.313
9/10/1997,17.317
9/11/1997,17.311
9/12/1997,17.245
9/13/1997,17.183
9/14/1997,17.229
9/15/1997,17.441
9/16/1997,17.671
9/17/1997,17.711
9/18/1997,17.813
9/19/1997,18.071
9/20/1997,18.353
9/21/1997,18.487
9/22/1997,18.449
9/23/1997,18.471
9/24/1997,18.611
9/25/1997,18.671
9/26/1997,18.589
9/27/1997,18.473
9/28/1997,18.225
9/29/1997,18.181
9/30/1997,18.209
10/1/1997,18.263
10/2/1997,18.171
10/3/1997,18.049
10/4/1997,17.823
10/5/1997,17.723
10/6/1997,17.697
10/7/1997,17.643
10/8/1997,17.489
10/9/1997,17.261
10/10/1997,17.029
10/11/1997,16.853
10/12/1997,16.671
10/13/1997,16.533
10/14/1997,16.399
10/15/1997,16.299
10/16/1997,16.185
10/17/1997,16.081
10/18/1997,15.939
10/19/1997,15.855
10/20/1997,15.785
10/21/1997,15.697
10/22/1997,15.589
10/23/1997,15.483
10/24/1997,15.391
10/25/1997,15.263
10/26/1997,15.203
10/27/1997,15.123
10/28/1997,15.055
10/29/1997,15.007
10/30/1997,14.931
10/31/1997,14.861
11/1/1997,14.809
11/2/1997,14.761
11/3/1997,14.701
11/4/1997,14.647
11/5/1997,14.603
11/6/1997,14.555
11/7/1997,14.505
11/8/1997,14.459
11/9/1997,14.395
11/10/1997,14.363
11/11/1997,14.333
11/12/1997,14.295
11/13/1997,14.257
11/14/1997,14.231
11/15/1997,14.203
11/16/1997,14.169
11/17/1997,14.147
11/18/1997,14.123
11/19/1997,14.117
11/20/1997,14.107
11/21/1997,14.073
11/22/1997,14.041
11/23/1997,13.987
11/24/1997,13.943
11/25/1997,13.905
11/26/1997,13.869
11/27/1997,13.835
11/28/1997,13.813
11/29/1997,13.791
11/30/1997,13.761
12/1/1997,13.745
12/2/1997,13.729
12/3/1997,13.693
12/4/1997,13.687
12/5/1997,13.697
12/6/1997,13.703
12/7/1997,13.683
12/8/1997,13.641
12/9/1997,13.593
12/10/1997,13.567
12/11/1997,13.547
12/12/1997,13.521
12/13/1997,13.501
12/14/1997,13.479
12/15/1997,13.469
12/16/1997,13.437
12/17/1997,13.417
12/18/1997,13.395
12/19/1997,13.379
12/20/1997,13.357
12/21/1997,13.341
12/22/1997,13.313
12/23/1997,13.283
12/24/1997,13.261
12/25/1997,13.227
12/26/1997,13.193
12/27/1997,13.159
12/28/1997,13.133
12/29/1997,13.111
12/30/1997,13.083
12/31/1997,13.051
1/1/1998,13.023
1/2/1998,12.997
1/3/1998,12.961
1/4/1998,12.947
1/5/1998,12.933
1/6/1998,12.897
1/7/1998,12.867
1/8/1998,12.859
1/9/1998,12.845
1/10/1998,12.821
1/11/1998,12.799
1/12/1998,12.781
1/13/1998,12.769
1/14/1998,12.757
1/15/1998,12.747
1/16/1998,12.741
1/17/1998,12.737
1/18/1998,12.737
1/19/1998,12.729
1/20/1998,12.711
1/21/1998,12.697
1/22/1998,12.693
1/23/1998,12.685
1/24/1998,12.677
1/25/1998,12.667
1/26/1998,12.657
1/27/1998,12.645
1/28/1998,12.623
1/29/1998,12.607
1/30/1998,12.593
1/31/1998,12.575
2/1/1998,12.557
2/2/1998,12.539
2/3/1998,12.521
2/4/1998,12.519
2/5/1998,12.477
2/6/1998,12.465
2/7/1998,12.449
2/8/1998,12.437
2/9/1998,12.427
2/10/1998,12.427
2/11/1998,12.425
2/12/1998,12.457
2/13/1998,12.503
2/14/1998,12.535
2/15/1998,12.545
2/16/1998,12.537
2/17/1998,12.505
2/18/1998,12.465
2/19/1998,12.437
2/20/1998,12.439
2/21/1998,12.447
2/22/1998,12.447
2/23/1998,12.447
2/24/1998,12.459
2/25/1998,12.477
2/26/1998,12.487
2/27/1998,12.503
2/28/1998,12.525
3/1/1998,12.575
3/2/1998,12.615
3/3/1998,12.601
3/4/1998,12.567
3/5/1998,12.519
3/6/1998,12.489
3/7/1998,12.467
3/8/1998,12.477
3/9/1998,12.509
3/10/1998,12.517
3/11/1998,12.515
3/12/1998,12.533
3/13/1998,12.537
3/14/1998,12.541
3/15/1998,12.583
3/16/1998,12.711
3/17/1998,12.873
3/18/1998,12.927
3/19/1998,12.893
3/20/1998,12.835
3/21/1998,12.801
3/22/1998,12.771
3/23/1998,12.757
3/24/1998,12.859
3/25/1998,12.971
3/26/1998,13.035
3/27/1998,13.109
3/28/1998,13.183
3/29/1998,13.241
3/30/1998,13.375
3/31/1998,13.783
4/1/1998,14.183
4/2/1998,14.321
4/3/1998,14.289
4/4/1998,14.189
4/5/1998,14.065
4/6/1998,13.945
4/7/1998,13.907
4/8/1998,13.821
4/9/1998,13.713
4/10/1998,13.661
4/11/1998,13.657
4/12/1998,13.655
4/13/1998,13.633
4/14/1998,13.589
4/15/1998,13.585
4/16/1998,13.617
4/17/1998,13.675
4/18/1998,13.805
4/19/1998,13.921
4/20/1998,14.135
4/21/1998,14.321
4/22/1998,14.443
4/23/1998,14.461
4/24/1998,14.363
4/25/1998,14.301
4/26/1998,14.267
4/27/1998,14.275
4/28/1998,14.291
4/29/1998,14.355
4/30/1998,14.447
5/1/1998,14.503
5/2/1998,14.571
5/3/1998,14.601
5/4/1998,14.629
5/5/1998,14.727
5/6/1998,14.835
5/7/1998,14.951
5/8/1998,15.005
5/9/1998,14.991
5/10/1998,14.953
5/11/1998,15.035
5/12/1998,15.113
5/13/1998,15.227
5/14/1998,15.365
5/15/1998,15.455
5/16/1998,15.677
5/17/1998,15.853
5/18/1998,15.901
5/19/1998,15.743
5/20/1998,15.555
5/21/1998,15.347
5/22/1998,15.189
5/23/1998,15.101
5/24/1998,15.159
5/25/1998,15.191
5/26/1998,15.313
5/27/1998,15.441
5/28/1998,16.151
5/29/1998,16.895
5/30/1998,17.013
5/31/1998,16.863
6/1/1998,16.623
6/2/1998,16.557
6/3/1998,16.595
6/4/1998,16.755
6/5/1998,17.021
6/6/1998,17.247
6/7/1998,17.381
6/8/1998,17.271
6/9/1998,17.221
6/10/1998,17.407
6/11/1998,17.895
6/12/1998,18.373
6/13/1998,18.751
6/14/1998,18.899
6/15/1998,18.871
6/16/1998,18.685
6/17/1998,18.435
6/18/1998,18.311
6/19/1998,18.401
6/20/1998,18.513
6/21/1998,18.537
6/22/1998,18.573
6/23/1998,18.593
6/24/1998,18.491
6/25/1998,18.427
6/26/1998,18.411
6/27/1998,18.541
6/28/1998,18.645
6/29/1998,18.749
6/30/1998,18.795
7/1/1998,18.753
7/2/1998,18.731
7/3/1998,18.711
7/4/1998,18.817
7/5/1998,18.893
7/6/1998,18.945
7/7/1998,18.961
7/8/1998,19.013
7/9/1998,19.113
7/10/1998,19.157
7/11/1998,19.165
7/12/1998,19.133
7/13/1998,19.215
7/14/1998,19.337
7/15/1998,19.337
7/16/1998,19.285
7/17/1998,19.235
7/18/1998,19.139
7/19/1998,19.029
7/20/1998,19.119
7/21/1998,19.193
7/22/1998,19.271
7/23/1998,19.283
7/24/1998,19.333
7/25/1998,19.417
7/26/1998,19.525
7/27/1998,19.507
7/28/1998,19.413
7/29/1998,19.345
7/30/1998,19.215
7/31/1998,19.113
8/1/1998,19.017
8/2/1998,18.979
8/3/1998,18.957
8/4/1998,18.967
8/5/1998,18.959
8/6/1998,18.933
8/7/1998,18.937
8/8/1998,18.937
8/9/1998,18.963
8/10/1998,18.937
8/11/1998,18.963
8/12/1998,19.089
8/13/1998,19.147
8/14/1998,19.179
8/15/1998,19.253
8/16/1998,19.361
8/17/1998,19.495
8/18/1998,19.563
8/19/1998,19.649
8/20/1998,19.631
8/21/1998,19.577
8/22/1998,19.585
8/23/1998,19.539
8/24/1998,19.427
8/25/1998,19.331
8/26/1998,19.273
8/27/1998,19.233
8/28/1998,19.287
8/29/1998,19.221
8/30/1998,19.093
8/31/1998,19.047
9/1/1998,19.099
9/2/1998,19.175
9/3/1998,19.255
9/4/1998,19.407
9/5/1998,19.615
9/6/1998,19.723
9/7/1998,19.805
9/8/1998,19.825
9/9/1998,19.711
9/10/1998,19.513
9/11/1998,19.263
9/12/1998,18.997
9/13/1998,18.711
9/14/1998,18.447
9/15/1998,18.227
9/16/1998,18.045
9/17/1998,17.877
9/18/1998,17.727
9/19/1998,17.561
9/20/1998,17.431
9/21/1998,17.335
9/22/1998,17.271
9/23/1998,17.203
9/24/1998,17.177
9/25/1998,17.177
9/26/1998,17.163
9/27/1998,17.123
9/28/1998,17.117
9/29/1998,17.151
9/30/1998,17.191
10/1/1998,17.101
10/2/1998,16.981
10/3/1998,16.893
10/4/1998,16.751
10/5/1998,16.627
10/6/1998,16.509
10/7/1998,16.369
10/8/1998,16.199
10/9/1998,16.079
10/10/1998,15.993
10/11/1998,15.887
10/12/1998,15.819
10/13/1998,15.807
10/14/1998,15.773
10/15/1998,15.735
10/16/1998,15.719
10/17/1998,15.705
10/18/1998,15.697
10/19/1998,15.759
10/20/1998,15.807
10/21/1998,16.087
10/22/1998,16.465
10/23/1998,16.439
10/24/1998,16.355
10/25/1998,16.655
10/26/1998,17.057
10/27/1998,17.203
10/28/1998,17.133
10/29/1998,16.919
10/30/1998,16.701
10/31/1998,16.519
11/1/1998,16.331
11/2/1998,16.213
11/3/1998,16.091
11/4/1998,15.907
11/5/1998,15.763
11/6/1998,15.609
11/7/1998,15.489
11/8/1998,15.369
11/9/1998,15.267
11/10/1998,15.163
11/11/1998,15.093
11/12/1998,14.989
11/13/1998,14.925
11/14/1998,14.889
11/15/1998,14.819
11/16/1998,14.755
11/17/1998,14.711
11/18/1998,14.651
11/19/1998,14.597
11/20/1998,14.547
11/21/1998,14.505
11/22/1998,14.443
11/23/1998,14.403
11/24/1998,14.341
11/25/1998,14.287
11/26/1998,14.259
11/27/1998,14.245
11/28/1998,14.227
11/29/1998,14.237
11/30/1998,14.281
12/1/1998,14.307
12/2/1998,14.295
12/3/1998,14.245
12/4/1998,14.199
12/5/1998,14.143
12/6/1998,14.111
12/7/1998,14.041
12/8/1998,13.997
12/9/1998,13.953
12/10/1998,13.913
12/11/1998,13.889
12/12/1998,13.861
12/13/1998,13.829
12/14/1998,13.791
12/15/1998,13.765
12/16/1998,13.739
12/17/1998,13.711
12/18/1998,13.683
12/19/1998,13.659
12/20/1998,13.641
12/21/1998,13.619
12/22/1998,13.593
12/23/1998,13.569
12/24/1998,13.541
12/25/1998,13.515
12/26/1998,13.493
12/27/1998,13.461
12/28/1998,13.439
12/29/1998,13.415
12/30/1998,13.393
12/31/1998,13.371
1/1/1999,13.343
1/2/1999,13.321
1/3/1999,13.293
1/4/1999,13.269
1/5/1999,13.251
1/6/1999,13.231
1/7/1999,13.213
1/8/1999,13.191
1/9/1999,13.173
1/10/1999,13.155
1/11/1999,13.139
1/12/1999,13.121
1/13/1999,13.107
1/14/1999,13.095
1/15/1999,13.081
1/16/1999,13.067
1/17/1999,13.057
1/18/1999,13.045
1/19/1999,13.037
1/20/1999,13.027
1/21/1999,13.011
1/22/1999,13.003
1/23/1999,12.983
1/24/1999,12.969
1/25/1999,12.967
1/26/1999,12.953
1/27/1999,12.937
1/28/1999,12.927
1/29/1999,12.917
1/30/1999,12.909
1/31/1999,12.891
2/1/1999,12.877
2/2/1999,12.869
2/3/1999,12.857
2/4/1999,12.841
2/5/1999,12.827
2/6/1999,12.811
2/7/1999,12.807
2/8/1999,12.797
2/9/1999,12.787
2/10/1999,12.779
2/11/1999,12.769
2/12/1999,12.757
2/13/1999,12.741
2/14/1999,12.729
2/15/1999,12.717
2/16/1999,12.707
2/17/1999,12.691
2/18/1999,12.679
2/19/1999,12.673
2/20/1999,12.661
2/21/1999,12.649
2/22/1999,12.645
2/23/1999,12.637
2/24/1999,12.627
2/25/1999,12.617
2/26/1999,12.609
2/27/1999,12.601
2/28/1999,12.589
3/1/1999,12.581
3/2/1999,12.577
3/3/1999,12.567
3/4/1999,12.567
3/5/1999,12.567
3/6/1999,12.557
3/7/1999,12.557
3/8/1999,12.577
3/9/1999,12.635
3/10/1999,12.657
3/11/1999,12.647
3/12/1999,12.629
3/13/1999,12.601
3/14/1999,12.577
3/15/1999,12.567
3/16/1999,12.557
3/17/1999,12.565
3/18/1999,12.575
3/19/1999,12.633
3/20/1999,12.739
3/21/1999,12.789
3/22/1999,12.823
3/23/1999,12.843
3/24/1999,12.849
3/25/1999,12.789
3/26/1999,12.757
3/27/1999,12.743
3/28/1999,12.687
3/29/1999,12.687
3/30/1999,12.677
3/31/1999,12.683
4/1/1999,12.707
4/2/1999,12.707
4/3/1999,12.703
4/4/1999,12.689
4/5/1999,12.705
4/6/1999,12.765
4/7/1999,12.823
4/8/1999,12.845
4/9/1999,12.867
4/10/1999,12.833
4/11/1999,12.899
4/12/1999,13.119
4/13/1999,13.333
4/14/1999,13.273
4/15/1999,13.175
4/16/1999,13.245
4/17/1999,13.133
4/18/1999,13.251
4/19/1999,13.173
4/20/1999,13.231
4/21/1999,13.199
4/22/1999,13.307
4/23/1999,13.321
4/24/1999,13.491
4/25/1999,13.635
4/26/1999,13.671
4/27/1999,13.669
4/28/1999,13.661
4/29/1999,13.683
4/30/1999,13.729
5/1/1999,13.825
5/2/1999,14.251
5/3/1999,14.697
5/4/1999,14.987
5/5/1999,15.267
5/6/1999,15.695
5/7/1999,15.985
5/8/1999,16.049
5/9/1999,15.915
5/10/1999,15.731
5/11/1999,15.557
5/12/1999,15.449
5/13/1999,15.335
5/14/1999,15.239
5/15/1999,15.143
5/16/1999,15.061
5/17/1999,15.065
5/18/1999,15.085
5/19/1999,14.991
5/20/1999,14.871
5/21/1999,14.785
5/22/1999,14.743
5/23/1999,14.703
5/24/1999,14.619
5/25/1999,14.785
5/26/1999,15.005
5/27/1999,15.121
5/28/1999,15.279
5/29/1999,15.713
5/30/1999,16.127
5/31/1999,16.531
6/1/1999,16.801
6/2/1999,16.983
6/3/1999,17.185
6/4/1999,17.617
6/5/1999,17.809
6/6/1999,17.751
6/7/1999,17.493
6/8/1999,17.155
6/9/1999,16.839
6/10/1999,16.599
6/11/1999,16.357
6/12/1999,16.227
6/13/1999,16.135
6/14/1999,16.113
6/15/1999,16.175
6/16/1999,16.275
6/17/1999,16.419
6/18/1999,16.573
6/19/1999,16.677
6/20/1999,16.845
6/21/1999,16.983
6/22/1999,17.021
6/23/1999,17.155
6/24/1999,17.403
6/25/1999,17.923
6/26/1999,18.335
6/27/1999,18.483
6/28/1999,18.573
6/29/1999,18.687
6/30/1999,18.643
7/1/1999,18.563
7/2/1999,18.573
7/3/1999,18.551
7/4/1999,18.649
7/5/1999,18.753
7/6/1999,18.605
7/7/1999,18.479
7/8/1999,18.385
7/9/1999,18.351
7/10/1999,18.369
7/11/1999,18.535
7/12/1999,18.553
7/13/1999,18.481
7/14/1999,18.483
7/15/1999,18.451
7/16/1999,18.321
7/17/1999,18.201
7/18/1999,18.177
7/19/1999,18.233
7/20/1999,18.463
7/21/1999,18.525
7/22/1999,18.435
7/23/1999,18.373
7/24/1999,18.339
7/25/1999,18.373
7/26/1999,18.371
7/27/1999,18.285
7/28/1999,18.217
7/29/1999,18.201
7/30/1999,18.183
7/31/1999,18.121
8/1/1999,18.065
8/2/1999,18.023
8/3/1999,18.031
8/4/1999,17.963
8/5/1999,17.823
8/6/1999,17.701
8/7/1999,17.631
8/8/1999,17.595
8/9/1999,17.555
8/10/1999,17.569
8/11/1999,17.631
8/12/1999,17.815
8/13/1999,17.893
8/14/1999,18.101
8/15/1999,18.211
8/16/1999,18.361
8/17/1999,18.455
8/18/1999,18.513
8/19/1999,18.549
8/20/1999,18.639
8/21/1999,18.631
8/22/1999,18.663
8/23/1999,18.705
8/24/1999,18.729
8/25/1999,18.877
8/26/1999,19.219
8/27/1999,19.283
8/28/1999,19.255
8/29/1999,19.251
8/30/1999,19.219
8/31/1999,19.119
9/1/1999,19.043
9/2/1999,18.925
9/3/1999,18.745
9/4/1999,18.637
9/5/1999,18.627
9/6/1999,18.615
9/7/1999,18.593
9/8/1999,18.593
9/9/1999,18.535
9/10/1999,18.455
9/11/1999,18.399
9/12/1999,18.345
9/13/1999,18.273
9/14/1999,18.185
9/15/1999,18.173
9/16/1999,18.127
9/17/1999,18.039
9/18/1999,17.959
9/19/1999,17.943
9/20/1999,17.889
9/21/1999,17.811
9/22/1999,17.795
9/23/1999,17.773
9/24/1999,17.743
9/25/1999,17.601
9/26/1999,17.483
9/27/1999,17.455
9/28/1999,17.413
9/29/1999,17.245
9/30/1999,17.109
10/1/1999,17.017
10/2/1999,16.939
10/3/1999,16.897
10/4/1999,16.825
10/5/1999,16.705
10/6/1999,16.633
10/7/1999,16.575
10/8/1999,16.511
10/9/1999,16.509
10/10/1999,16.571
10/11/1999,16.611
10/12/1999,16.675
10/13/1999,16.779
10/14/1999,16.837
10/15/1999,16.863
10/16/1999,16.805
10/17/1999,16.631
10/18/1999,16.505
10/19/1999,16.425
10/20/1999,16.577
10/21/1999,17.013
10/22/1999,17.065
10/23/1999,17.009
10/24/1999,17.099
10/25/1999,17.201
10/26/1999,17.215
10/27/1999,17.099
10/28/1999,16.891
10/29/1999,16.663
10/30/1999,16.469
10/31/1999,16.299
11/1/1999,16.143
11/2/1999,16.019
11/3/1999,15.885
11/4/1999,15.775
11/5/1999,15.671
11/6/1999,15.579
11/7/1999,15.525
11/8/1999,15.453
11/9/1999,15.407
11/10/1999,15.381
11/11/1999,15.347
11/12/1999,15.241
11/13/1999,15.163
11/14/1999,15.093
11/15/1999,15.021
11/16/1999,14.959
11/17/1999,14.915
11/18/1999,14.863
11/19/1999,14.803
11/20/1999,14.759
11/21/1999,14.721
11/22/1999,14.673
11/23/1999,14.641
11/24/1999,14.605
11/25/1999,14.565
11/26/1999,14.537
11/27/1999,14.513
11/28/1999,14.477
11/29/1999,14.429
11/30/1999,14.379
12/1/1999,14.327
12/2/1999,14.287
12/3/1999,14.247
12/4/1999,14.211
12/5/1999,14.179
12/6/1999,14.141
12/7/1999,14.107
12/8/1999,14.081
12/9/1999,14.049
12/10/1999,14.019
12/11/1999,13.991
12/12/1999,13.963
12/13/1999,13.939
12/14/1999,13.907
12/15/1999,13.881
12/16/1999,13.851
12/17/1999,13.827
12/18/1999,13.791
12/19/1999,13.763
12/20/1999,13.745
12/21/1999,13.721
12/22/1999,13.703
12/23/1999,13.681
12/24/1999,13.659
12/25/1999,13.633
12/26/1999,13.603
12/27/1999,13.581
12/28/1999,13.563
12/29/1999,13.539
12/30/1999,13.521
12/31/1999,13.499
1/1/2000,13.485
1/2/2000,13.461
1/3/2000,13.443
1/4/2000,13.429
1/5/2000,13.419
1/6/2000,13.403
1/7/2000,13.385
1/8/2000,13.369
1/9/2000,13.353
1/10/2000,13.339
1/11/2000,13.327
1/12/2000,13.313
1/13/2000,13.297
1/14/2000,13.287
1/15/2000,13.279
1/16/2000,13.267
1/17/2000,13.257
1/18/2000,13.241
1/19/2000,13.229
1/20/2000,13.217
1/21/2000,13.207
1/22/2000,13.199
1/23/2000,13.179
1/24/2000,13.177
1/25/2000,13.167
1/26/2000,13.161
1/27/2000,13.155
1/28/2000,13.139
1/29/2000,13.125
1/30/2000,13.117
1/31/2000,13.105
2/1/2000,13.087
2/2/2000,13.077
2/3/2000,13.067
2/4/2000,13.057
2/5/2000,13.051
2/6/2000,13.047
2/7/2000,13.047
2/8/2000,13.047
2/9/2000,13.041
2/10/2000,13.027
2/11/2000,13.017
2/12/2000,13.011
2/13/2000,12.999
2/14/2000,12.987
2/15/2000,12.969
2/16/2000,12.957
2/17/2000,12.947
2/18/2000,12.937
2/19/2000,12.919
2/20/2000,12.907
2/21/2000,12.881
2/22/2000,12.863
2/23/2000,12.845
2/24/2000,12.837
2/25/2000,12.825
2/26/2000,12.813
2/27/2000,12.797
2/28/2000,12.791
2/29/2000,12.785
3/1/2000,12.777
3/2/2000,12.767
3/3/2000,12.759
3/4/2000,12.743
3/5/2000,12.737
3/6/2000,12.737
3/7/2000,12.727
3/8/2000,12.727
3/9/2000,12.717
3/10/2000,12.739
3/11/2000,12.739
3/12/2000,12.747
3/13/2000,12.753
3/14/2000,12.773
3/15/2000,12.797
3/16/2000,12.841
3/17/2000,12.963
3/18/2000,13.063
3/19/2000,13.127
3/20/2000,13.115
3/21/2000,13.101
3/22/2000,13.087
3/23/2000,13.105
3/24/2000,13.145
3/25/2000,13.177
3/26/2000,13.181
3/27/2000,13.153
3/28/2000,13.137
3/29/2000,13.143
3/30/2000,13.157
3/31/2000,13.155
4/1/2000,13.131
4/2/2000,13.133
4/3/2000,13.167
4/4/2000,13.183
4/5/2000,13.227
4/6/2000,13.333
4/7/2000,13.363
4/8/2000,13.407
4/9/2000,13.647
4/10/2000,14.095
4/11/2000,14.383
4/12/2000,14.515
4/13/2000,14.567
4/14/2000,14.585
4/15/2000,14.569
4/16/2000,14.569
4/17/2000,14.607
4/18/2000,14.615
4/19/2000,14.531
4/20/2000,14.445
4/21/2000,14.347
4/22/2000,14.289
4/23/2000,14.303
4/24/2000,14.313
4/25/2000,14.365
4/26/2000,14.429
4/27/2000,14.433
4/28/2000,14.439
4/29/2000,14.471
4/30/2000,14.611
5/1/2000,14.917
5/2/2000,15.249
5/3/2000,15.331
5/4/2000,15.249
5/5/2000,15.299
5/6/2000,15.649
5/7/2000,15.853
5/8/2000,15.805
5/9/2000,15.675
5/10/2000,15.523
5/11/2000,15.369
5/12/2000,15.259
5/13/2000,15.113
5/14/2000,15.001
5/15/2000,14.921
5/16/2000,14.861
5/17/2000,14.835
5/18/2000,14.839
5/19/2000,14.887
5/20/2000,15.063
5/21/2000,15.157
5/22/2000,15.331
5/23/2000,15.509
5/24/2000,15.599
5/25/2000,15.631
5/26/2000,15.655
5/27/2000,15.695
5/28/2000,15.851
5/29/2000,16.235
5/30/2000,16.505
5/31/2000,16.629
6/1/2000,16.867
6/2/2000,17.279
6/3/2000,17.431
6/4/2000,17.329
6/5/2000,17.169
6/6/2000,16.867
6/7/2000,16.787
6/8/2000,16.799
6/9/2000,16.881
6/10/2000,16.953
6/11/2000,16.979
6/12/2000,16.991
6/13/2000,17.291
6/14/2000,17.577
6/15/2000,18.225
6/16/2000,18.549
6/17/2000,18.503
6/18/2000,18.375
6/19/2000,18.213
6/20/2000,18.029
6/21/2000,17.905
6/22/2000,17.945
6/23/2000,18.241
6/24/2000,18.737
6/25/2000,18.671
6/26/2000,18.745
6/27/2000,18.939
6/28/2000,19.035
6/29/2000,19.005
6/30/2000,18.899
7/1/2000,18.719
7/2/2000,18.591
7/3/2000,18.541
7/4/2000,18.493
7/5/2000,18.449
7/6/2000,18.447
7/7/2000,18.603
7/8/2000,18.591
7/9/2000,18.459
7/10/2000,18.445
7/11/2000,18.457
7/12/2000,18.421
7/13/2000,18.401
7/14/2000,18.419
7/15/2000,18.503
7/16/2000,18.587
7/17/2000,18.655
7/18/2000,18.691
7/19/2000,18.697
7/20/2000,18.615
7/21/2000,18.521
7/22/2000,18.421
7/23/2000,18.289
7/24/2000,18.199
7/25/2000,18.199
7/26/2000,18.163
7/27/2000,18.147
7/28/2000,18.165
7/29/2000,18.221
7/30/2000,18.233
7/31/2000,18.259
8/1/2000,18.309
8/2/2000,18.513
8/3/2000,18.861
8/4/2000,19.211
8/5/2000,19.565
8/6/2000,19.627
8/7/2000,19.575
8/8/2000,19.481
8/9/2000,19.373
8/10/2000,19.239
8/11/2000,19.077
8/12/2000,18.983
8/13/2000,18.875
8/14/2000,18.845
8/15/2000,18.835
8/16/2000,18.909
8/17/2000,18.899
8/18/2000,18.833
8/19/2000,18.775
8/20/2000,18.753
8/21/2000,18.763
8/22/2000,18.787
8/23/2000,18.783
8/24/2000,18.741
8/25/2000,18.685
8/26/2000,18.621
8/27/2000,18.561
8/28/2000,18.553
8/29/2000,18.533
8/30/2000,18.527
8/31/2000,18.527
9/1/2000,18.597
9/2/2000,18.563
9/3/2000,18.589
9/4/2000,18.591
9/5/2000,18.535
9/6/2000,18.475
9/7/2000,18.453
9/8/2000,18.431
9/9/2000,18.521
9/10/2000,18.605
9/11/2000,18.673
9/12/2000,18.705
9/13/2000,18.707
9/14/2000,18.717
9/15/2000,18.731
9/16/2000,18.791
9/17/2000,18.883
9/18/2000,18.949
9/19/2000,18.981
9/20/2000,18.913
9/21/2000,18.799
9/22/2000,18.701
9/23/2000,18.619
9/24/2000,18.477
9/25/2000,18.371
9/26/2000,18.315
9/27/2000,18.225
9/28/2000,18.191
9/29/2000,18.197
9/30/2000,18.171
10/1/2000,18.125
10/2/2000,18.005
10/3/2000,17.883
10/4/2000,17.651
10/5/2000,17.503
10/6/2000,17.279
10/7/2000,17.115
10/8/2000,16.985
10/9/2000,16.879
10/10/2000,16.813
10/11/2000,16.689
10/12/2000,16.551
10/13/2000,16.493
10/14/2000,16.423
10/15/2000,16.367
10/16/2000,16.327
10/17/2000,16.219
10/18/2000,16.107
10/19/2000,15.997
10/20/2000,15.923
10/21/2000,15.803
10/22/2000,15.699
10/23/2000,15.549
10/24/2000,15.463
10/25/2000,15.363
10/26/2000,15.317
10/27/2000,15.317
10/28/2000,15.291
10/29/2000,15.253
10/30/2000,15.175
10/31/2000,15.167
11/1/2000,15.159
11/2/2000,15.151
11/3/2000,15.117
11/4/2000,15.063
11/5/2000,15.009
11/6/2000,14.933
11/7/2000,14.867
11/8/2000,14.823
11/9/2000,14.761
11/10/2000,14.711
11/11/2000,14.675
11/12/2000,14.637
11/13/2000,14.595
11/14/2000,14.551
11/15/2000,14.527
11/16/2000,14.491
11/17/2000,14.461
11/18/2000,14.427
11/19/2000,14.401
11/20/2000,14.387
11/21/2000,14.369
11/22/2000,14.355
11/23/2000,14.337
11/24/2000,14.327
11/25/2000,14.317
11/26/2000,14.299
11/27/2000,14.271
11/28/2000,14.247
11/29/2000,14.207
11/30/2000,14.165
12/1/2000,14.119
12/2/2000,14.077
12/3/2000,14.039
12/4/2000,13.999
12/5/2000,13.967
12/6/2000,13.935
12/7/2000,13.911
12/8/2000,13.889
12/9/2000,13.871
12/10/2000,13.853
12/11/2000,13.827
12/12/2000,13.787
12/13/2000,13.755
12/14/2000,13.721
12/15/2000,13.697
12/16/2000,13.669
12/17/2000,13.641
12/18/2000,13.617
12/19/2000,13.593
12/20/2000,13.571
12/21/2000,13.549
12/22/2000,13.527
12/23/2000,13.499
12/24/2000,13.473
12/25/2000,13.451
12/26/2000,13.421
12/27/2000,13.399
12/28/2000,13.371
12/29/2000,13.355
12/30/2000,13.331
12/31/2000,13.301
1/1/2001,13.287
1/2/2001,13.269
1/3/2001,13.253
1/4/2001,13.231
1/5/2001,13.213
1/6/2001,13.191
1/7/2001,13.167
1/8/2001,13.143
1/9/2001,13.121
1/10/2001,13.107
1/11/2001,13.097
1/12/2001,13.087
1/13/2001,13.075
1/14/2001,13.063
1/15/2001,13.049
1/16/2001,13.031
1/17/2001,13.013
1/18/2001,12.991
1/19/2001,12.979
1/20/2001,12.965
1/21/2001,12.941
1/22/2001,12.923
1/23/2001,12.901
1/24/2001,12.883
1/25/2001,12.863
1/26/2001,12.849
1/27/2001,12.837
1/28/2001,12.827
1/29/2001,12.817
1/30/2001,12.807
1/31/2001,12.815
2/1/2001,12.843
2/2/2001,12.873
2/3/2001,12.887
2/4/2001,12.877
2/5/2001,12.839
2/6/2001,12.813
2/7/2001,12.791
2/8/2001,12.777
2/9/2001,12.777
2/10/2001,12.777
2/11/2001,12.779
2/12/2001,12.787
2/13/2001,12.797
2/14/2001,12.789
2/15/2001,12.771
2/16/2001,12.747
2/17/2001,12.711
2/18/2001,12.695
2/19/2001,12.683
2/20/2001,12.671
2/21/2001,12.661
2/22/2001,12.649
2/23/2001,12.647
2/24/2001,12.661
2/25/2001,12.667
2/26/2001,12.677
2/27/2001,12.687
2/28/2001,12.693
3/1/2001,12.709
3/2/2001,12.725
3/3/2001,12.743
3/4/2001,12.757
3/5/2001,12.747
3/6/2001,12.739
3/7/2001,12.745
3/8/2001,12.757
3/9/2001,12.767
3/10/2001,12.767
3/11/2001,12.755
3/12/2001,12.729
3/13/2001,12.717
3/14/2001,12.707
3/15/2001,12.705
3/16/2001,12.697
3/17/2001,12.687
3/18/2001,12.681
3/19/2001,12.659
3/20/2001,12.637
3/21/2001,12.611
3/22/2001,12.583
3/23/2001,12.569
3/24/2001,12.565
3/25/2001,12.557
3/26/2001,12.585
3/27/2001,12.629
3/28/2001,12.637
3/29/2001,12.627
3/30/2001,12.637
3/31/2001,12.639
4/1/2001,12.679
4/2/2001,12.825
4/3/2001,13.073
4/4/2001,13.157
4/5/2001,13.137
4/6/2001,13.125
4/7/2001,13.135
4/8/2001,13.251
4/9/2001,13.505
4/10/2001,13.655
4/11/2001,13.707
4/12/2001,13.661
4/13/2001,13.587
4/14/2001,13.553
4/15/2001,13.561
4/16/2001,13.645
4/17/2001,13.797
4/18/2001,13.969
4/19/2001,14.103
4/20/2001,14.113
4/21/2001,14.141
4/22/2001,14.219
4/23/2001,14.353
4/24/2001,14.493
4/25/2001,14.657
4/26/2001,14.637
4/27/2001,14.619
4/28/2001,14.573
4/29/2001,14.583
4/30/2001,14.617
5/1/2001,14.629
5/2/2001,14.651
5/3/2001,14.637
5/4/2001,14.639
5/5/2001,14.715
5/6/2001,14.805
5/7/2001,14.821
5/8/2001,14.781
5/9/2001,14.735
5/10/2001,14.699
5/11/2001,14.721
5/12/2001,14.763
5/13/2001,14.861
5/14/2001,14.971
5/15/2001,15.041
5/16/2001,15.081
5/17/2001,15.121
5/18/2001,15.127
5/19/2001,15.001
5/20/2001,14.929
5/21/2001,14.887
5/22/2001,14.909
5/23/2001,15.027
5/24/2001,15.193
5/25/2001,15.355
5/26/2001,15.507
5/27/2001,15.827
5/28/2001,15.839
5/29/2001,15.831
5/30/2001,15.809
5/31/2001,15.865
6/1/2001,15.921
6/2/2001,16.003
6/3/2001,16.097
6/4/2001,16.111
6/5/2001,16.173
6/6/2001,16.197
6/7/2001,16.425
6/8/2001,16.833
6/9/2001,16.981
6/10/2001,16.899
6/11/2001,16.861
6/12/2001,17.049
6/13/2001,17.173
6/14/2001,17.107
6/15/2001,16.951
6/16/2001,16.777
6/17/2001,16.645
6/18/2001,16.563
6/19/2001,16.543
6/20/2001,16.613
6/21/2001,16.879
6/22/2001,17.007
6/23/2001,16.957
6/24/2001,17.021
6/25/2001,17.205
6/26/2001,17.375
6/27/2001,17.459
6/28/2001,17.413
6/29/2001,17.301
6/30/2001,17.295
7/1/2001,17.339
7/2/2001,17.381
7/3/2001,17.461
7/4/2001,17.487
7/5/2001,17.399
7/6/2001,17.253
7/7/2001,17.095
7/8/2001,16.959
7/9/2001,16.819
7/10/2001,16.685
7/11/2001,16.601
7/12/2001,16.567
7/13/2001,16.553
7/14/2001,16.563
7/15/2001,16.625
7/16/2001,16.673
7/17/2001,16.841
7/18/2001,17.063
7/19/2001,17.273
7/20/2001,17.413
7/21/2001,17.447
7/22/2001,17.415
7/23/2001,17.397
7/24/2001,17.321
7/25/2001,17.259
7/26/2001,17.265
7/27/2001,17.353
7/28/2001,17.463
7/29/2001,17.649
7/30/2001,17.945
7/31/2001,18.265
8/1/2001,18.401
8/2/2001,18.513
8/3/2001,18.733
8/4/2001,18.787
8/5/2001,18.743
8/6/2001,18.589
8/7/2001,18.477
8/8/2001,18.227
8/9/2001,18.023
8/10/2001,17.823
8/11/2001,17.621
8/12/2001,17.479
8/13/2001,17.349
8/14/2001,17.255
8/15/2001,17.233
8/16/2001,17.201
8/17/2001,17.187
8/18/2001,17.197
8/19/2001,17.235
8/20/2001,17.355
8/21/2001,17.367
8/22/2001,17.375
8/23/2001,17.497
8/24/2001,17.817
8/25/2001,18.217
8/26/2001,18.285
8/27/2001,18.249
8/28/2001,18.413
8/29/2001,18.601
8/30/2001,18.685
8/31/2001,18.693
9/1/2001,18.571
9/2/2001,18.455
9/3/2001,18.405
9/4/2001,18.337
9/5/2001,18.335
9/6/2001,18.325
9/7/2001,18.307
9/8/2001,18.333
9/9/2001,18.333
9/10/2001,18.317
9/11/2001,18.285
9/12/2001,18.217
9/13/2001,18.209
9/14/2001,18.237
9/15/2001,18.275
9/16/2001,18.235
9/17/2001,18.199
9/18/2001,18.123
9/19/2001,18.117
9/20/2001,18.093
9/21/2001,18.015
9/22/2001,17.911
9/23/2001,17.825
9/24/2001,17.705
9/25/2001,17.621
9/26/2001,17.541
9/27/2001,17.399
9/28/2001,17.291
9/29/2001,17.183
9/30/2001,17.105
10/1/2001,17.025
10/2/2001,16.931
10/3/2001,16.945
10/4/2001,16.999
10/5/2001,16.979
10/6/2001,17.403
10/7/2001,17.929
10/8/2001,17.931
10/9/2001,17.745
10/10/2001,17.581
10/11/2001,17.645
10/12/2001,17.859
10/13/2001,17.901
10/14/2001,17.751
10/15/2001,17.501
10/16/2001,17.279
10/17/2001,17.095
10/18/2001,16.973
10/19/2001,16.865
10/20/2001,16.755
10/21/2001,16.693
10/22/2001,16.613
10/23/2001,16.491
10/24/2001,16.373
10/25/2001,16.191
10/26/2001,16.063
10/27/2001,15.913
10/28/2001,15.769
10/29/2001,15.645
10/30/2001,15.543
10/31/2001,15.457
11/1/2001,15.345
11/2/2001,15.251
11/3/2001,15.159
11/4/2001,15.091
11/5/2001,15.043
11/6/2001,15.007
11/7/2001,14.965
11/8/2001,14.903
11/9/2001,14.837
11/10/2001,14.779
11/11/2001,14.737
11/12/2001,14.717
11/13/2001,14.661
11/14/2001,14.575
11/15/2001,14.501
11/16/2001,14.441
11/17/2001,14.389
11/18/2001,14.331
11/19/2001,14.277
11/20/2001,14.221
11/21/2001,14.183
11/22/2001,14.137
11/23/2001,14.095
11/24/2001,14.061
11/25/2001,14.023
11/26/2001,13.997
11/27/2001,13.961
11/28/2001,13.929
11/29/2001,13.903
11/30/2001,13.867
12/1/2001,13.827
12/2/2001,13.789
12/3/2001,13.751
12/4/2001,13.717
12/5/2001,13.681
12/6/2001,13.647
12/7/2001,13.617
12/8/2001,13.581
12/9/2001,13.553
12/10/2001,13.531
12/11/2001,13.509
12/12/2001,13.493
12/13/2001,13.467
12/14/2001,13.443
12/15/2001,13.427
12/16/2001,13.413
12/17/2001,13.391
12/18/2001,13.371
12/19/2001,13.343
12/20/2001,13.309
12/21/2001,13.271
12/22/2001,13.239
12/23/2001,13.225
12/24/2001,13.201
12/25/2001,13.173
12/26/2001,13.151
12/27/2001,13.129
12/28/2001,13.103
12/29/2001,13.081
12/30/2001,13.051
12/31/2001,13.019
1/1/2002,13.001
1/2/2002,12.971
1/3/2002,12.945
1/4/2002,12.929
1/5/2002,12.911
1/6/2002,12.893
1/7/2002,12.875
1/8/2002,12.861
1/9/2002,12.843
1/10/2002,12.821
1/11/2002,12.799
1/12/2002,12.783
1/13/2002,12.761
1/14/2002,12.749
1/15/2002,12.733
1/16/2002,12.717
1/17/2002,12.717
1/18/2002,12.715
1/19/2002,12.707
1/20/2002,12.697
1/21/2002,12.693
1/22/2002,12.673
1/23/2002,12.651
1/24/2002,12.635
1/25/2002,12.619
1/26/2002,12.607
1/27/2002,12.623
1/28/2002,12.657
1/29/2002,12.733
1/30/2002,12.787
1/31/2002,12.821
2/1/2002,12.843
2/2/2002,12.845
2/3/2002,12.811
2/4/2002,12.779
2/5/2002,12.729
2/6/2002,12.685
2/7/2002,12.651
2/8/2002,12.635
2/9/2002,12.617
2/10/2002,12.591
2/11/2002,12.563
2/12/2002,12.539
2/13/2002,12.511
2/14/2002,12.493
2/15/2002,12.477
2/16/2002,12.463
2/17/2002,12.449
2/18/2002,12.439
2/19/2002,12.427
2/20/2002,12.431
2/21/2002,12.437
2/22/2002,12.437
2/23/2002,12.427
2/24/2002,12.427
2/25/2002,12.417
2/26/2002,12.413
2/27/2002,12.405
2/28/2002,12.397
3/1/2002,12.387
3/2/2002,12.381
3/3/2002,12.367
3/4/2002,12.357
3/5/2002,12.357
3/6/2002,12.357
3/7/2002,12.371
3/8/2002,12.405
3/9/2002,12.421
3/10/2002,12.409
3/11/2002,12.407
3/12/2002,12.419
3/13/2002,12.433
3/14/2002,12.469
3/15/2002,12.511
3/16/2002,12.515
3/17/2002,12.479
3/18/2002,12.453
3/19/2002,12.437
3/20/2002,12.425
3/21/2002,12.413
3/22/2002,12.413
3/23/2002,12.443
3/24/2002,12.541
3/25/2002,12.613
3/26/2002,12.661
3/27/2002,12.715
3/28/2002,12.753
3/29/2002,12.757
3/30/2002,12.757
3/31/2002,12.765
4/1/2002,12.885
4/2/2002,12.949
4/3/2002,13.053
4/4/2002,13.141
4/5/2002,13.275
4/6/2002,13.391
4/7/2002,13.487
4/8/2002,13.453
4/9/2002,13.335
4/10/2002,13.315
4/11/2002,13.299
4/12/2002,13.317
4/13/2002,13.343
4/14/2002,13.341
4/15/2002,13.279
4/16/2002,13.453
4/17/2002,13.889
4/18/2002,14.169
4/19/2002,14.213
4/20/2002,14.173
4/21/2002,14.105
4/22/2002,14.061
4/23/2002,14.045
4/24/2002,14.271
4/25/2002,14.861
4/26/2002,15.109
4/27/2002,15.113
4/28/2002,15.009
4/29/2002,14.941
4/30/2002,14.853
5/1/2002,14.751
5/2/2002,14.719
5/3/2002,14.751
5/4/2002,14.785
5/5/2002,14.891
5/6/2002,14.985
5/7/2002,14.935
5/8/2002,14.889
5/9/2002,14.845
5/10/2002,14.743
5/11/2002,14.623
5/12/2002,14.553
5/13/2002,14.533
5/14/2002,14.499
5/15/2002,14.477
5/16/2002,14.481
5/17/2002,14.503
5/18/2002,14.603
5/19/2002,14.713
5/20/2002,14.881
5/21/2002,14.933
5/22/2002,14.901
5/23/2002,14.931
5/24/2002,14.975
5/25/2002,15.041
5/26/2002,15.627
5/27/2002,16.103
5/28/2002,16.317
5/29/2002,16.161
5/30/2002,16.073
5/31/2002,15.895
6/1/2002,15.793
6/2/2002,15.713
6/3/2002,15.699
6/4/2002,15.715
6/5/2002,15.667
6/6/2002,15.749
6/7/2002,15.923
6/8/2002,16.063
6/9/2002,16.065
6/10/2002,16.009
6/11/2002,16.029
6/12/2002,16.011
6/13/2002,16.121
6/14/2002,16.225
6/15/2002,16.475
6/16/2002,16.737
6/17/2002,17.035
6/18/2002,17.309
6/19/2002,17.635
6/20/2002,17.879
6/21/2002,17.911
6/22/2002,17.829
6/23/2002,17.755
6/24/2002,17.727
6/25/2002,17.739
6/26/2002,17.757
6/27/2002,17.733
6/28/2002,17.687
6/29/2002,17.581
6/30/2002,17.477
7/1/2002,17.387
7/2/2002,17.521
7/3/2002,17.967
7/4/2002,17.993
7/5/2002,18.073
7/6/2002,18.157
7/7/2002,18.253
7/8/2002,18.303
7/9/2002,18.319
7/10/2002,18.387
7/11/2002,18.511
7/12/2002,18.559
7/13/2002,18.645
7/14/2002,18.727
7/15/2002,18.535
7/16/2002,18.439
7/17/2002,18.331
7/18/2002,18.253
7/19/2002,18.165
7/20/2002,18.085
7/21/2002,18.267
7/22/2002,18.507
7/23/2002,18.679
7/24/2002,18.819
7/25/2002,19.105
7/26/2002,19.439
7/27/2002,19.533
7/28/2002,19.557
7/29/2002,19.539
7/30/2002,19.405
7/31/2002,19.225
8/1/2002,19.069
8/2/2002,18.935
8/3/2002,18.837
8/4/2002,18.739
8/5/2002,18.629
8/6/2002,18.519
8/7/2002,18.363
8/8/2002,18.209
8/9/2002,18.141
8/10/2002,18.005
8/11/2002,17.965
8/12/2002,17.829
8/13/2002,17.923
8/14/2002,17.985
8/15/2002,17.995
8/16/2002,18.029
8/17/2002,18.079
8/18/2002,18.077
8/19/2002,17.995
8/20/2002,17.967
8/21/2002,18.031
8/22/2002,18.165
8/23/2002,18.281
8/24/2002,18.253
8/25/2002,18.169
8/26/2002,18.021
8/27/2002,17.929
8/28/2002,17.827
8/29/2002,17.733
8/30/2002,17.611
8/31/2002,17.477
9/1/2002,17.381
9/2/2002,17.321
9/3/2002,17.163
9/4/2002,17.063
9/5/2002,16.951
9/6/2002,16.865
9/7/2002,16.803
9/8/2002,16.755
9/9/2002,16.621
9/10/2002,16.539
9/11/2002,16.427
9/12/2002,16.325
9/13/2002,16.263
9/14/2002,16.199
9/15/2002,16.145
9/16/2002,16.159
9/17/2002,16.307
9/18/2002,16.377
9/19/2002,16.333
9/20/2002,16.325
9/21/2002,16.403
9/22/2002,16.491
9/23/2002,16.585
9/24/2002,16.519
9/25/2002,16.489
9/26/2002,16.553
9/27/2002,16.753
9/28/2002,16.833
9/29/2002,16.933
9/30/2002,17.149
10/1/2002,17.305
10/2/2002,17.441
10/3/2002,17.469
10/4/2002,17.545
10/5/2002,17.749
10/6/2002,17.819
10/7/2002,17.627
10/8/2002,17.381
10/9/2002,17.149
10/10/2002,16.935
10/11/2002,16.723
10/12/2002,16.515
10/13/2002,16.343
10/14/2002,16.191
10/15/2002,16.045
10/16/2002,15.941
10/17/2002,15.833
10/18/2002,15.713
10/19/2002,15.621
10/20/2002,15.545
10/21/2002,15.499
10/22/2002,15.421
10/23/2002,15.369
10/24/2002,15.285
10/25/2002,15.257
10/26/2002,15.243
10/27/2002,15.249
10/28/2002,15.157
10/29/2002,15.089
10/30/2002,15.001
10/31/2002,14.915
11/1/2002,14.789
11/2/2002,14.727
11/3/2002,14.685
11/4/2002,14.685
11/5/2002,14.629
11/6/2002,14.573
11/7/2002,14.513
11/8/2002,14.465
11/9/2002,14.415
11/10/2002,14.377
11/11/2002,14.333
11/12/2002,14.313
11/13/2002,14.289
11/14/2002,14.257
11/15/2002,14.227
11/16/2002,14.219
11/17/2002,14.259
11/18/2002,14.301
11/19/2002,14.317
11/20/2002,14.323
11/21/2002,14.355
11/22/2002,14.371
11/23/2002,14.355
11/24/2002,14.231
11/25/2002,14.143
11/26/2002,14.081
11/27/2002,14.029
11/28/2002,13.997
11/29/2002,13.939
11/30/2002,13.893
12/1/2002,13.851
12/2/2002,13.819
12/3/2002,13.801
12/4/2002,13.777
12/5/2002,13.741
12/6/2002,13.713
12/7/2002,13.681
12/8/2002,13.659
12/9/2002,13.633
12/10/2002,13.611
12/11/2002,13.591
12/12/2002,13.569
12/13/2002,13.553
12/14/2002,13.527
12/15/2002,13.487
12/16/2002,13.451
12/17/2002,13.431
12/18/2002,13.409
12/19/2002,13.391
12/20/2002,13.371
12/21/2002,13.349
12/22/2002,13.333
12/23/2002,13.311
12/24/2002,13.293
12/25/2002,13.273
12/26/2002,13.261
12/27/2002,13.249
12/28/2002,13.233
12/29/2002,13.225
12/30/2002,13.213
12/31/2002,13.191
1/1/2003,13.171
1/2/2003,13.153
1/3/2003,13.133
1/4/2003,13.113
1/5/2003,13.091
1/6/2003,13.073
1/7/2003,13.055
1/8/2003,13.041
1/9/2003,13.023
1/10/2003,13.003
1/11/2003,12.987
1/12/2003,12.969
1/13/2003,12.953
1/14/2003,12.941
1/15/2003,12.931
1/16/2003,12.923
1/17/2003,12.911
1/18/2003,12.889
1/19/2003,12.871
1/20/2003,12.861
1/21/2003,12.851
1/22/2003,12.833
1/23/2003,12.825
1/24/2003,12.813
1/25/2003,12.795
1/26/2003,12.783
1/27/2003,12.771
1/28/2003,12.763
1/29/2003,12.757
1/30/2003,12.757
1/31/2003,12.749
2/1/2003,12.747
2/2/2003,12.747
2/3/2003,12.753
2/4/2003,12.773
2/5/2003,12.783
2/6/2003,12.765
2/7/2003,12.753
2/8/2003,12.749
2/9/2003,12.787
2/10/2003,12.803
2/11/2003,12.807
2/12/2003,12.797
2/13/2003,12.797
2/14/2003,12.797
2/15/2003,12.805
2/16/2003,12.817
2/17/2003,12.815
2/18/2003,12.807
2/19/2003,12.807
2/20/2003,12.807
2/21/2003,12.809
2/22/2003,12.817
2/23/2003,12.817
2/24/2003,12.813
2/25/2003,12.805
2/26/2003,12.793
2/27/2003,12.779
2/28/2003,12.777
3/1/2003,12.785
3/2/2003,12.803
3/3/2003,12.833
3/4/2003,12.825
3/5/2003,12.807
3/6/2003,12.791
3/7/2003,12.773
3/8/2003,12.767
3/9/2003,12.757
3/10/2003,12.753
3/11/2003,12.747
3/12/2003,12.749
3/13/2003,12.793
3/14/2003,12.827
3/15/2003,12.877
3/16/2003,12.883
3/17/2003,12.869
3/18/2003,12.861
3/19/2003,12.913
3/20/2003,12.953
3/21/2003,12.975
3/22/2003,13.011
3/23/2003,13.105
3/24/2003,13.201
3/25/2003,13.241
3/26/2003,13.315
3/27/2003,13.355
3/28/2003,13.389
3/29/2003,13.403
3/30/2003,13.331
3/31/2003,13.281
4/1/2003,13.257
4/2/2003,13.279
4/3/2003,13.315
4/4/2003,13.353
4/5/2003,13.403
4/6/2003,13.417
4/7/2003,13.441
4/8/2003,13.493
4/9/2003,13.517
4/10/2003,13.543
4/11/2003,13.601
4/12/2003,13.685
4/13/2003,13.707
4/14/2003,13.637
4/15/2003,13.689
4/16/2003,13.739
4/17/2003,13.781
4/18/2003,13.807
4/19/2003,13.847
4/20/2003,13.923
4/21/2003,14.043
4/22/2003,14.135
4/23/2003,14.239
4/24/2003,14.343
4/25/2003,14.425
4/26/2003,14.527
4/27/2003,14.561
4/28/2003,14.641
4/29/2003,14.929
4/30/2003,15.099
5/1/2003,14.993
5/2/2003,14.907
5/3/2003,14.853
5/4/2003,14.789
5/5/2003,14.761
5/6/2003,14.765
5/7/2003,14.885
5/8/2003,14.935
5/9/2003,14.935
5/10/2003,14.939
5/11/2003,15.073
5/12/2003,15.395
5/13/2003,15.585
5/14/2003,15.551
5/15/2003,15.447
5/16/2003,15.399
5/17/2003,15.275
5/18/2003,15.191
5/19/2003,15.157
5/20/2003,15.053
5/21/2003,14.961
5/22/2003,14.981
5/23/2003,14.977
5/24/2003,15.067
5/25/2003,15.181
5/26/2003,15.279
5/27/2003,15.297
5/28/2003,15.273
5/29/2003,15.227
5/30/2003,15.243
5/31/2003,15.331
6/1/2003,15.511
6/2/2003,15.591
6/3/2003,15.681
6/4/2003,15.799
6/5/2003,15.817
6/6/2003,15.697
6/7/2003,15.717
6/8/2003,15.799
6/9/2003,15.865
6/10/2003,16.003
6/11/2003,16.269
6/12/2003,16.391
6/13/2003,16.567
6/14/2003,16.839
6/15/2003,17.031
6/16/2003,17.131
6/17/2003,17.267
6/18/2003,17.431
6/19/2003,17.589
6/20/2003,17.677
6/21/2003,17.581
6/22/2003,17.397
6/23/2003,17.435
6/24/2003,17.443
6/25/2003,17.571
6/26/2003,17.625
6/27/2003,17.685
6/28/2003,17.833
6/29/2003,18.093
6/30/2003,18.327
7/1/2003,18.571
7/2/2003,18.845
7/3/2003,19.083
7/4/2003,19.107
7/5/2003,19.065
7/6/2003,19.065
7/7/2003,18.905
7/8/2003,18.829
7/9/2003,19.007
7/10/2003,19.271
7/11/2003,19.333
7/12/2003,19.303
7/13/2003,19.347
7/14/2003,19.357
7/15/2003,19.305
7/16/2003,19.201
7/17/2003,19.103
7/18/2003,18.967
7/19/2003,18.805
7/20/2003,18.683
7/21/2003,18.593
7/22/2003,18.507
7/23/2003,18.437
7/24/2003,18.387
7/25/2003,18.377
7/26/2003,18.317
7/27/2003,18.069
7/28/2003,17.929
7/29/2003,17.873
7/30/2003,17.785
7/31/2003,17.715
8/1/2003,17.863
8/2/2003,18.007
8/3/2003,18.075
8/4/2003,18.195
8/5/2003,18.239
8/6/2003,18.199
8/7/2003,17.997
8/8/2003,17.811
8/9/2003,17.589
8/10/2003,17.553
8/11/2003,17.537
8/12/2003,17.581
8/13/2003,17.553
8/14/2003,17.513
8/15/2003,17.455
8/16/2003,17.477
8/17/2003,17.555
8/18/2003,17.629
8/19/2003,17.799
8/20/2003,17.891
8/21/2003,17.959
8/22/2003,17.993
8/23/2003,18.085
8/24/2003,18.153
8/25/2003,18.193
8/26/2003,18.195
8/27/2003,18.083
8/28/2003,17.959
8/29/2003,17.893
8/30/2003,17.833
8/31/2003,17.817
9/1/2003,17.777
9/2/2003,17.647
9/3/2003,17.763
9/4/2003,17.827
9/5/2003,17.861
9/6/2003,17.923
9/7/2003,18.123
9/8/2003,18.233
9/9/2003,18.287
9/10/2003,18.263
9/11/2003,18.157
9/12/2003,18.045
9/13/2003,17.977
9/14/2003,17.937
9/15/2003,17.935
9/16/2003,17.963
9/17/2003,18.031
9/18/2003,18.063
9/19/2003,18.021
9/20/2003,18.021
9/21/2003,18.045
9/22/2003,18.123
9/23/2003,18.153
9/24/2003,18.093
9/25/2003,18.063
9/26/2003,17.951
9/27/2003,17.849
9/28/2003,17.663
9/29/2003,17.525
9/30/2003,17.477
10/1/2003,17.405
10/2/2003,17.365
10/3/2003,17.347
10/4/2003,17.373
10/5/2003,17.427
10/6/2003,17.443
10/7/2003,17.465
10/8/2003,17.501
10/9/2003,17.533
10/10/2003,17.657
10/11/2003,17.913
10/12/2003,17.905
10/13/2003,17.767
10/14/2003,17.651
10/15/2003,17.555
10/16/2003,17.497
10/17/2003,17.441
10/18/2003,17.295
10/19/2003,17.077
10/20/2003,16.841
10/21/2003,16.653
10/22/2003,16.505
10/23/2003,16.369
10/24/2003,16.255
10/25/2003,16.169
10/26/2003,16.103
10/27/2003,16.117
10/28/2003,16.127
10/29/2003,16.083
10/30/2003,15.937
10/31/2003,15.769
11/1/2003,17.777
11/2/2003,17.647
11/3/2003,17.763
11/4/2003,17.827
11/5/2003,17.861
11/6/2003,17.923
11/7/2003,18.123
11/8/2003,18.233
11/9/2003,18.287
11/10/2003,18.263
11/11/2003,18.157
11/12/2003,18.045
11/13/2003,17.979
11/14/2003,17.937
11/15/2003,17.935
11/16/2003,17.963
11/17/2003,18.031
11/18/2003,18.063
11/19/2003,18.021
11/20/2003,18.021
11/21/2003,18.045
11/22/2003,18.123
11/23/2003,18.153
11/24/2003,18.093
11/25/2003,18.065
11/26/2003,17.951
11/27/2003,17.849
11/28/2003,17.663
11/29/2003,17.525
11/30/2003,17.477
12/1/2003,14.057
12/2/2003,14.035
12/3/2003,14.013
12/4/2003,14.005
12/5/2003,13.997
12/6/2003,13.985
12/7/2003,13.939
12/8/2003,13.913
12/9/2003,13.879
12/10/2003,13.847
12/11/2003,13.811
12/12/2003,13.783
12/13/2003,13.757
12/14/2003,13.721
12/15/2003,13.687
12/16/2003,13.661
12/17/2003,13.629
12/18/2003,13.601
12/19/2003,13.581
12/20/2003,13.549
12/21/2003,13.523
12/22/2003,13.497
12/23/2003,13.459
12/24/2003,13.429
12/25/2003,13.403
12/26/2003,13.381
12/27/2003,13.357
12/28/2003,13.357
12/29/2003,13.349
12/30/2003,13.333
12/31/2003,13.313
1/1/2004,13.299
1/2/2004,13.289
1/3/2004,13.267
1/4/2004,13.239
1/5/2004,13.225
1/6/2004,13.201
1/7/2004,13.187
1/8/2004,13.177
1/9/2004,13.165
1/10/2004,13.149
1/11/2004,13.125
1/12/2004,13.097
1/13/2004,13.071
1/14/2004,13.053
1/15/2004,13.035
1/16/2004,13.019
1/17/2004,12.999
1/18/2004,12.983
1/19/2004,12.959
1/20/2004,12.955
1/21/2004,12.943
1/22/2004,12.923
1/23/2004,12.901
1/24/2004,12.887
1/25/2004,12.897
1/26/2004,12.897
1/27/2004,12.901
1/28/2004,12.907
1/29/2004,12.897
1/30/2004,12.893
1/31/2004,12.877
2/1/2004,12.845
2/2/2004,12.837
2/3/2004,12.827
2/4/2004,12.821
2/5/2004,12.801
2/6/2004,12.783
2/7/2004,12.767
2/8/2004,12.741
2/9/2004,12.723
2/10/2004,12.701
2/11/2004,12.691
2/12/2004,12.679
2/13/2004,12.663
2/14/2004,12.647
2/15/2004,12.637
2/16/2004,12.631
2/17/2004,12.609
2/18/2004,12.591
2/19/2004,12.583
2/20/2004,12.575
2/21/2004,12.567
2/22/2004,12.557
2/23/2004,12.557
2/24/2004,12.547
2/25/2004,12.547
2/26/2004,12.537
2/27/2004,12.527
2/28/2004,12.517
2/29/2004,12.517
3/1/2004,12.507
3/2/2004,12.507
3/3/2004,12.507
3/4/2004,12.515
3/5/2004,12.517
3/6/2004,12.533
3/7/2004,12.563
3/8/2004,12.619
3/9/2004,12.671
3/10/2004,12.733
3/11/2004,12.805
3/12/2004,12.807
3/13/2004,12.787
3/14/2004,12.767
3/15/2004,12.767
3/16/2004,12.777
3/17/2004,12.777
3/18/2004,12.777
3/19/2004,12.767
3/20/2004,12.775
3/21/2004,12.763
3/22/2004,12.743
3/23/2004,12.737
3/24/2004,12.745
3/25/2004,12.797
3/26/2004,12.853
3/27/2004,12.921
3/28/2004,13.059
3/29/2004,13.259
3/30/2004,13.483
3/31/2004,14.073
4/1/2004,14.487
4/2/2004,14.729
4/3/2004,14.823
4/4/2004,14.843
4/5/2004,14.713
4/6/2004,14.571
4/7/2004,14.489
4/8/2004,14.373
4/9/2004,14.273
4/10/2004,14.179
4/11/2004,14.079
4/12/2004,14.027
4/13/2004,13.999
4/14/2004,14.061
4/15/2004,14.179
4/16/2004,14.313
4/17/2004,14.525
4/18/2004,14.763
4/19/2004,14.999
4/20/2004,15.283
4/21/2004,15.613
4/22/2004,15.763
4/23/2004,15.693
4/24/2004,15.615
4/25/2004,15.517
4/26/2004,15.445
4/27/2004,15.333
4/28/2004,15.177
4/29/2004,15.069
4/30/2004,14.961
5/1/2004,14.879
5/2/2004,14.797
5/3/2004,14.683
5/4/2004,14.565
5/5/2004,14.457
5/6/2004,14.389
5/7/2004,14.311
5/8/2004,14.225
5/9/2004,14.225
5/10/2004,14.321
5/11/2004,14.417
5/12/2004,14.435
5/13/2004,14.623
5/14/2004,14.853
5/15/2004,14.871
5/16/2004,15.315
5/17/2004,16.185
5/18/2004,16.921
5/19/2004,17.279
5/20/2004,17.329
5/21/2004,17.135
5/22/2004,16.941
5/23/2004,16.837
5/24/2004,16.819
5/25/2004,16.803
5/26/2004,16.757
5/27/2004,16.709
5/28/2004,16.693
5/29/2004,16.671
5/30/2004,16.683
5/31/2004,16.613
6/1/2004,16.459
6/2/2004,16.381
6/3/2004,16.217
6/4/2004,16.099
6/5/2004,15.993
6/6/2004,15.935
6/7/2004,16.037
6/8/2004,16.041
6/9/2004,16.113
6/10/2004,16.351
6/11/2004,16.491
6/12/2004,16.445
6/13/2004,16.339
6/14/2004,16.247
6/15/2004,16.215
6/16/2004,16.201
6/17/2004,16.181
6/18/2004,16.279
6/19/2004,16.433
6/20/2004,16.667
6/21/2004,17.015
6/22/2004,17.341
6/23/2004,17.655
6/24/2004,18.137
6/25/2004,18.489
6/26/2004,18.703
6/27/2004,18.865
6/28/2004,18.943
6/29/2004,18.859
6/30/2004,18.653
7/1/2004,18.365
7/2/2004,18.155
7/3/2004,18.037
7/4/2004,17.945
7/5/2004,17.871
7/6/2004,17.817
7/7/2004,17.949
7/8/2004,18.263
7/9/2004,18.609
7/10/2004,18.873
7/11/2004,19.147
7/12/2004,19.517
7/13/2004,19.641
7/14/2004,19.649
7/15/2004,19.491
7/16/2004,19.383
7/17/2004,19.217
7/18/2004,19.145
7/19/2004,19.117
7/20/2004,19.025
7/21/2004,19.217
7/22/2004,19.469
7/23/2004,19.499
7/24/2004,19.381
7/25/2004,19.205
7/26/2004,19.001
7/27/2004,18.801
7/28/2004,18.639
7/29/2004,18.541
7/30/2004,18.427
7/31/2004,18.313
8/1/2004,18.221
8/2/2004,18.185
8/3/2004,18.189
8/4/2004,18.141
8/5/2004,18.093
8/6/2004,18.051
8/7/2004,17.983
8/8/2004,17.937
8/9/2004,17.911
8/10/2004,17.959
8/11/2004,18.037
8/12/2004,18.033
8/13/2004,17.935
8/14/2004,17.855
8/15/2004,17.749
8/16/2004,17.647
8/17/2004,17.529
8/18/2004,17.441
8/19/2004,17.405
8/20/2004,17.399
8/21/2004,17.415
8/22/2004,17.423
8/23/2004,17.383
8/24/2004,17.319
8/25/2004,17.239
8/26/2004,17.253
8/27/2004,17.323
8/28/2004,17.489
8/29/2004,17.741
8/30/2004,17.855
8/31/2004,17.773
9/1/2004,17.819
9/2/2004,17.861
9/3/2004,17.889
9/4/2004,17.915
9/5/2004,17.967
9/6/2004,17.987
9/7/2004,18.011
9/8/2004,18.073
9/9/2004,18.245
9/10/2004,18.403
9/11/2004,18.375
9/12/2004,18.177
9/13/2004,18.023
9/14/2004,17.899
9/15/2004,17.695
9/16/2004,17.559
9/17/2004,17.445
9/18/2004,17.229
9/19/2004,17.063
9/20/2004,16.925
9/21/2004,16.833
9/22/2004,16.713
9/23/2004,16.615
9/24/2004,16.669
9/25/2004,16.803
9/26/2004,16.899
9/27/2004,16.951
9/28/2004,17.017
9/29/2004,16.975
9/30/2004,17.051
10/1/2004,17.075
10/2/2004,16.989
10/3/2004,16.923
10/4/2004,16.873
10/5/2004,16.869
10/6/2004,16.919
10/7/2004,17.335
10/8/2004,17.883
10/9/2004,18.127
10/10/2004,18.401
10/11/2004,18.453
10/12/2004,18.335
10/13/2004,18.145
10/14/2004,17.949
10/15/2004,17.789
10/16/2004,17.615
10/17/2004,17.449
10/18/2004,17.271
10/19/2004,17.107
10/20/2004,17.015
10/21/2004,16.879
10/22/2004,16.765
10/23/2004,16.597
10/24/2004,16.427
10/25/2004,16.271
10/26/2004,16.119
10/27/2004,15.985
10/28/2004,15.861
10/29/2004,15.745
10/30/2004,15.631
10/31/2004,15.519
11/1/2004,15.423
11/2/2004,15.339
11/3/2004,15.265
11/4/2004,15.179
11/5/2004,15.111
11/6/2004,15.017
11/7/2004,14.977
11/8/2004,14.935
11/9/2004,14.891
11/10/2004,14.829
11/11/2004,14.773
11/12/2004,14.729
11/13/2004,14.687
11/14/2004,14.653
11/15/2004,14.589
11/16/2004,14.527
11/17/2004,14.481
11/18/2004,14.441
11/19/2004,14.405
11/20/2004,14.355
11/21/2004,14.329
11/22/2004,14.287
11/23/2004,14.245
11/24/2004,14.203
11/25/2004,14.155
11/26/2004,14.121
11/27/2004,14.077
11/28/2004,14.039
11/29/2004,13.995
11/30/2004,13.945
12/1/2004,13.921
12/2/2004,13.885
12/3/2004,13.853
12/4/2004,13.813
12/5/2004,13.785
12/6/2004,13.745
12/7/2004,13.717
12/8/2004,13.683
12/9/2004,13.661
12/10/2004,13.637
12/11/2004,13.603
12/12/2004,13.581
12/13/2004,13.563
12/14/2004,13.541
12/15/2004,13.515
12/16/2004,13.489
12/17/2004,13.467
12/18/2004,13.433
12/19/2004,13.409
12/20/2004,13.393
12/21/2004,13.369
12/22/2004,13.353
12/23/2004,13.335
12/24/2004,13.323
12/25/2004,13.309
12/26/2004,13.291
12/27/2004,13.279
12/28/2004,13.263
12/29/2004,13.249
12/30/2004,13.237
12/31/2004,13.223
1/1/2005,13.203
1/2/2005,13.181
1/3/2005,13.163
1/4/2005,13.141
1/5/2005,13.123
1/6/2005,13.109
1/7/2005,13.093
1/8/2005,13.067
1/9/2005,13.041
1/10/2005,13.019
1/11/2005,13.005
1/12/2005,12.993
1/13/2005,12.981
1/14/2005,12.971
1/15/2005,12.957
1/16/2005,12.957
1/17/2005,12.953
1/18/2005,12.947
1/19/2005,12.945
1/20/2005,12.929
1/21/2005,12.913
1/22/2005,12.901
1/23/2005,12.889
1/24/2005,12.873
1/25/2005,12.861
1/26/2005,12.857
1/27/2005,12.857
1/28/2005,12.871
1/29/2005,12.887
1/30/2005,12.865
1/31/2005,12.841
2/1/2005,12.819
2/2/2005,12.815
2/3/2005,12.801
2/4/2005,12.781
2/5/2005,12.769
2/6/2005,12.759
2/7/2005,12.747
2/8/2005,12.737
2/9/2005,12.725
2/10/2005,12.717
2/11/2005,12.717
2/12/2005,12.711
2/13/2005,12.699
2/14/2005,12.691
2/15/2005,12.679
2/16/2005,12.667
2/17/2005,12.667
2/18/2005,12.667
2/19/2005,12.673
2/20/2005,12.695
2/21/2005,12.751
2/22/2005,12.855
2/23/2005,13.045
2/24/2005,13.261
2/25/2005,13.337
2/26/2005,13.367
2/27/2005,13.327
2/28/2005,13.291
3/1/2005,13.291
3/2/2005,13.315
3/3/2005,13.345
3/4/2005,13.347
3/5/2005,13.329
3/6/2005,13.285
3/7/2005,13.237
3/8/2005,13.217
3/9/2005,13.209
3/10/2005,13.207
3/11/2005,13.201
3/12/2005,13.211
3/13/2005,13.371
3/14/2005,13.737
3/15/2005,13.897
3/16/2005,13.967
3/17/2005,13.993
3/18/2005,14.065
3/19/2005,14.105
3/20/2005,14.031
3/21/2005,13.939
3/22/2005,13.883
3/23/2005,13.841
3/24/2005,13.805
3/25/2005,13.777
3/26/2005,13.769
3/27/2005,13.831
3/28/2005,13.989
3/29/2005,14.153
3/30/2005,14.435
3/31/2005,14.829
4/1/2005,14.913
4/2/2005,14.827
4/3/2005,14.707
4/4/2005,14.607
4/5/2005,14.613
4/6/2005,14.683
4/7/2005,14.791
4/8/2005,14.845
4/9/2005,14.809
4/10/2005,14.731
4/11/2005,14.645
4/12/2005,14.577
4/13/2005,14.525
4/14/2005,14.489
4/15/2005,14.583
4/16/2005,14.959
4/17/2005,15.435
4/18/2005,15.503
4/19/2005,15.361
4/20/2005,15.153
4/21/2005,14.965
4/22/2005,14.793
4/23/2005,14.677
4/24/2005,14.771
4/25/2005,14.961
4/26/2005,15.065
4/27/2005,15.005
4/28/2005,14.901
4/29/2005,14.837
4/30/2005,14.851
5/1/2005,14.887
5/2/2005,14.979
5/3/2005,15.111
5/4/2005,15.321
5/5/2005,15.341
5/6/2005,15.255
5/7/2005,15.157
5/8/2005,15.039
5/9/2005,14.963
5/10/2005,14.905
5/11/2005,14.857
5/12/2005,14.873
5/13/2005,14.873
5/14/2005,14.899
5/15/2005,14.889
5/16/2005,14.865
5/17/2005,14.991
5/18/2005,15.235
5/19/2005,15.337
5/20/2005,15.271
5/21/2005,15.195
5/22/2005,15.203
5/23/2005,15.257
5/24/2005,15.235
5/25/2005,15.255
5/26/2005,15.375
5/27/2005,15.539
5/28/2005,15.669
5/29/2005,15.605
5/30/2005,15.585
5/31/2005,15.537
6/1/2005,15.649
6/2/2005,15.825
6/3/2005,16.075
6/4/2005,16.151
6/5/2005,16.171
6/6/2005,16.245
6/7/2005,16.643
6/8/2005,16.831
6/9/2005,16.689
6/10/2005,16.443
6/11/2005,16.219
6/12/2005,16.071
6/13/2005,16.017
6/14/2005,15.961
6/15/2005,15.831
6/16/2005,15.789
6/17/2005,15.813
6/18/2005,15.891
6/19/2005,16.091
6/20/2005,16.441
6/21/2005,16.775
6/22/2005,17.121
6/23/2005,17.515
6/24/2005,17.787
6/25/2005,17.881
6/26/2005,17.705
6/27/2005,17.541
6/28/2005,17.457
6/29/2005,17.471
6/30/2005,17.491
7/1/2005,17.405
7/2/2005,17.293
7/3/2005,17.271
7/4/2005,17.227
7/5/2005,17.261
7/6/2005,17.293
7/7/2005,17.327
7/8/2005,17.325
7/9/2005,17.281
7/10/2005,17.183
7/11/2005,17.249
7/12/2005,17.519
7/13/2005,17.781
7/14/2005,17.981
7/15/2005,18.499
7/16/2005,18.681
7/17/2005,18.771
7/18/2005,18.787
7/19/2005,18.689
7/20/2005,18.665
7/21/2005,18.665
7/22/2005,18.581
7/23/2005,18.451
7/24/2005,18.309
7/25/2005,18.183
7/26/2005,18.057
7/27/2005,17.933
7/28/2005,17.851
7/29/2005,17.733
7/30/2005,17.605
7/31/2005,17.459
8/1/2005,17.375
8/2/2005,17.269
8/3/2005,17.123
8/4/2005,17.047
8/5/2005,17.007
8/6/2005,17.029
8/7/2005,17.051
8/8/2005,17.259
8/9/2005,17.629
8/10/2005,17.821
8/11/2005,17.957
8/12/2005,18.133
8/13/2005,18.255
8/14/2005,18.307
8/15/2005,18.273
8/16/2005,18.305
8/17/2005,18.319
8/18/2005,18.203
8/19/2005,18.071
8/20/2005,18.047
8/21/2005,18.043
8/22/2005,18.013
8/23/2005,18.043
8/24/2005,18.017
8/25/2005,18.173
8/26/2005,18.379
8/27/2005,18.547
8/28/2005,18.727
8/29/2005,18.881
8/30/2005,18.951
8/31/2005,18.943
9/1/2005,18.889
9/2/2005,18.763
9/3/2005,18.593
9/4/2005,18.379
9/5/2005,18.233
9/6/2005,18.117
9/7/2005,17.949
9/8/2005,17.853
9/9/2005,17.711
9/10/2005,17.543
9/11/2005,17.403
9/12/2005,17.231
9/13/2005,17.125
9/14/2005,16.919
9/15/2005,16.763
9/16/2005,16.613
9/17/2005,16.423
9/18/2005,16.333
9/19/2005,16.205
9/20/2005,16.135
9/21/2005,16.129
9/22/2005,16.029
9/23/2005,15.977
9/24/2005,15.987
9/25/2005,16.039
9/26/2005,16.167
9/27/2005,16.331
9/28/2005,16.625
9/29/2005,16.893
9/30/2005,16.925
10/1/2005,16.805
10/2/2005,16.695
10/3/2005,16.713
10/4/2005,16.839
10/5/2005,17.225
10/6/2005,17.589
10/7/2005,17.637
10/8/2005,17.393
10/9/2005,17.171
10/10/2005,16.983
10/11/2005,16.759
10/12/2005,16.529
10/13/2005,16.333
10/14/2005,16.089
10/15/2005,15.953
10/16/2005,15.827
10/17/2005,15.681
10/18/2005,15.573
10/19/2005,15.479
10/20/2005,15.389
10/21/2005,15.383
10/22/2005,15.551
10/23/2005,15.685
10/24/2005,15.947
10/25/2005,16.033
10/26/2005,15.977
10/27/2005,15.953
10/28/2005,15.917
10/29/2005,15.907
10/30/2005,15.867
10/31/2005,15.749
11/1/2005,15.589
11/2/2005,15.445
11/3/2005,15.325
11/4/2005,15.201
11/5/2005,15.099
11/6/2005,14.983
11/7/2005,14.899
11/8/2005,14.801
11/9/2005,14.739
11/10/2005,14.661
11/11/2005,14.581
11/12/2005,14.511
11/13/2005,14.431
11/14/2005,14.359
11/15/2005,14.309
11/16/2005,14.251
11/17/2005,14.195
11/18/2005,14.157
11/19/2005,14.101
11/20/2005,14.053
11/21/2005,14.015
11/22/2005,13.977
11/23/2005,13.967
11/24/2005,13.957
11/25/2005,13.957
11/26/2005,13.957
11/27/2005,13.933
11/28/2005,13.879
11/29/2005,13.837
11/30/2005,13.799
12/1/2005,13.765
12/2/2005,13.727
12/3/2005,13.691
12/4/2005,13.661
12/5/2005,13.649
12/6/2005,13.627
12/7/2005,13.589
12/8/2005,13.565
12/9/2005,13.539
12/10/2005,13.507
12/11/2005,13.483
12/12/2005,13.451
12/13/2005,13.429
12/14/2005,13.397
12/15/2005,13.369
12/16/2005,13.343
12/17/2005,13.321
12/18/2005,13.297
12/19/2005,13.273
12/20/2005,13.251
12/21/2005,13.227
12/22/2005,13.199
12/23/2005,13.173
12/24/2005,13.153
12/25/2005,13.129
12/26/2005,13.099
12/27/2005,13.073
12/28/2005,13.059
12/29/2005,13.051
12/30/2005,13.033
12/31/2005,13.011
1/1/2006,12.993
1/2/2006,12.979
1/3/2006,12.961
1/4/2006,12.943
1/5/2006,12.929
1/6/2006,12.911
1/7/2006,12.891
1/8/2006,12.871
1/9/2006,12.853
1/10/2006,12.833
1/11/2006,12.821
1/12/2006,12.809
1/13/2006,12.795
1/14/2006,12.783
1/15/2006,12.761
1/16/2006,12.749
1/17/2006,12.735
1/18/2006,12.721
1/19/2006,12.715
1/20/2006,12.703
1/21/2006,12.693
1/22/2006,12.675
1/23/2006,12.665
1/24/2006,12.657
1/25/2006,12.657
1/26/2006,12.653
1/27/2006,12.647
1/28/2006,12.637
1/29/2006,12.627
1/30/2006,12.615
1/31/2006,12.607
2/1/2006,12.595
2/2/2006,12.583
2/3/2006,12.571
2/4/2006,12.559
2/5/2006,12.545
2/6/2006,12.531
2/7/2006,12.519
2/8/2006,12.509
2/9/2006,12.501
2/10/2006,12.491
2/11/2006,12.483
2/12/2006,12.477
2/13/2006,12.467
2/14/2006,12.463
2/15/2006,12.455
2/16/2006,12.437
2/17/2006,12.427
2/18/2006,12.417
2/19/2006,12.419
2/20/2006,12.417
2/21/2006,12.441
2/22/2006,12.459
2/23/2006,12.475
2/24/2006,12.493
2/25/2006,12.529
2/26/2006,12.561
2/27/2006,12.639
2/28/2006,12.671
3/1/2006,12.687
3/2/2006,12.699
3/3/2006,12.749
3/4/2006,12.833
3/5/2006,12.929
3/6/2006,13.069
3/7/2006,13.223
3/8/2006,13.363
3/9/2006,13.353
3/10/2006,13.259
3/11/2006,13.177
3/12/2006,13.077
3/13/2006,12.991
3/14/2006,12.927
3/15/2006,12.895
3/16/2006,12.855
3/17/2006,12.823
3/18/2006,12.785
3/19/2006,12.773
3/20/2006,12.867
3/21/2006,12.977
3/22/2006,13.063
3/23/2006,13.103
3/24/2006,13.091
3/25/2006,13.059
3/26/2006,13.055
3/27/2006,13.019
3/28/2006,12.981
3/29/2006,12.923
3/30/2006,12.867
3/31/2006,12.833
4/1/2006,12.807
4/2/2006,12.787
4/3/2006,12.809
4/4/2006,12.853
4/5/2006,12.967
4/6/2006,13.053
4/7/2006,13.067
4/8/2006,13.079
4/9/2006,13.091
4/10/2006,13.137
4/11/2006,13.183
4/12/2006,13.253
4/13/2006,13.331
4/14/2006,13.417
4/15/2006,13.437
4/16/2006,13.447
4/17/2006,13.453
4/18/2006,13.597
4/19/2006,14.169
4/20/2006,14.631
4/21/2006,14.851
4/22/2006,14.921
4/23/2006,14.959
4/24/2006,14.991
4/25/2006,14.911
4/26/2006,14.819
4/27/2006,14.649
4/28/2006,14.549
4/29/2006,14.425
4/30/2006,14.305
5/1/2006,14.201
5/2/2006,14.123
5/3/2006,14.061
5/4/2006,14.009
5/5/2006,14.007
5/6/2006,14.017
5/7/2006,14.025
5/8/2006,14.007
5/9/2006,14.051
5/10/2006,14.131
5/11/2006,14.279
5/12/2006,14.503
5/13/2006,14.673
5/14/2006,14.773
5/15/2006,14.767
5/16/2006,14.763
5/17/2006,14.831
5/18/2006,14.885
5/19/2006,15.053
5/20/2006,15.327
5/21/2006,15.409
5/22/2006,15.193
5/23/2006,15.005
5/24/2006,14.899
5/25/2006,14.731
5/26/2006,14.645
5/27/2006,14.541
5/28/2006,14.675
5/29/2006,14.729
5/30/2006,14.913
5/31/2006,15.379
6/1/2006,15.629
6/2/2006,15.843
6/3/2006,16.637
6/4/2006,17.417
6/5/2006,17.571
6/6/2006,17.555
6/7/2006,17.453
6/8/2006,17.285
6/9/2006,17.143
6/10/2006,17.105
6/11/2006,17.061
6/12/2006,17.145
6/13/2006,17.425
6/14/2006,17.697
6/15/2006,17.983
6/16/2006,18.219
6/17/2006,18.303
6/18/2006,18.271
6/19/2006,18.091
6/20/2006,17.915
6/21/2006,17.777
6/22/2006,17.465
6/23/2006,17.217
6/24/2006,17.049
6/25/2006,16.939
6/26/2006,16.945
6/27/2006,17.073
6/28/2006,17.277
6/29/2006,17.559
6/30/2006,17.775
7/1/2006,17.663
7/2/2006,17.437
7/3/2006,17.439
7/4/2006,17.471
7/5/2006,17.543
7/6/2006,17.385
7/7/2006,17.395
7/8/2006,17.685
7/9/2006,17.977
7/10/2006,17.805
7/11/2006,17.715
7/12/2006,17.901
7/13/2006,18.105
7/14/2006,18.119
7/15/2006,18.017
7/16/2006,18.035
7/17/2006,18.047
7/18/2006,18.021
7/19/2006,17.941
7/20/2006,17.835
7/21/2006,17.825
7/22/2006,17.921
7/23/2006,17.901
7/24/2006,17.827
7/25/2006,17.841
7/26/2006,17.895
7/27/2006,18.027
7/28/2006,18.233
7/29/2006,18.289
7/30/2006,18.153
7/31/2006,18.025
8/1/2006,17.867
8/2/2006,17.615
8/3/2006,17.419
8/4/2006,17.283
8/5/2006,17.225
8/6/2006,17.137
8/7/2006,17.105
8/8/2006,17.037
8/9/2006,16.957
8/10/2006,16.853
8/11/2006,16.765
8/12/2006,16.669
8/13/2006,16.559
8/14/2006,16.493
8/15/2006,16.441
8/16/2006,16.353
8/17/2006,16.281
8/18/2006,16.215
8/19/2006,16.191
8/20/2006,16.147
8/21/2006,16.099
8/22/2006,16.097
8/23/2006,16.109
8/24/2006,16.131
8/25/2006,16.145
8/26/2006,16.145
8/27/2006,16.215
8/28/2006,16.401
8/29/2006,16.555
8/30/2006,16.693
8/31/2006,16.885
9/1/2006,17.055
9/2/2006,17.093
9/3/2006,17.011
9/4/2006,16.839
9/5/2006,16.709
9/6/2006,16.615
9/7/2006,16.525
9/8/2006,16.435
9/9/2006,16.513
9/10/2006,16.937
9/11/2006,17.089
9/12/2006,17.099
9/13/2006,17.269
9/14/2006,17.705
9/15/2006,17.945
9/16/2006,18.049
9/17/2006,18.129
9/18/2006,18.237
9/19/2006,18.221
9/20/2006,18.059
9/21/2006,17.807
9/22/2006,17.599
9/23/2006,17.407
9/24/2006,17.287
9/25/2006,17.225
9/26/2006,17.293
9/27/2006,17.127
9/28/2006,16.969
9/29/2006,16.745
9/30/2006,16.567
10/1/2006,16.535
10/2/2006,16.503
10/3/2006,16.487
10/4/2006,16.487
10/5/2006,16.505
10/6/2006,16.543
10/7/2006,16.599
10/8/2006,16.459
10/9/2006,16.357
10/10/2006,16.361
10/11/2006,16.395
10/12/2006,16.417
10/13/2006,16.359
10/14/2006,16.165
10/15/2006,15.981
10/16/2006,15.899
10/17/2006,15.739
10/18/2006,15.627
10/19/2006,15.583
10/20/2006,15.515
10/21/2006,15.493
10/22/2006,15.429
10/23/2006,15.371
10/24/2006,15.295
10/25/2006,15.243
10/26/2006,15.179
10/27/2006,15.089
10/28/2006,15.021
10/29/2006,14.949
10/30/2006,14.895
10/31/2006,14.821
11/1/2006,14.759
11/2/2006,14.697
11/3/2006,14.629
11/4/2006,14.575
11/5/2006,14.531
11/6/2006,14.491
11/7/2006,14.447
11/8/2006,14.405
11/9/2006,14.357
11/10/2006,14.323
11/11/2006,14.289
11/12/2006,14.271
11/13/2006,14.247
11/14/2006,14.221
11/15/2006,14.197
11/16/2006,14.167
11/17/2006,14.133
11/18/2006,14.111
11/19/2006,14.093
11/20/2006,14.059
11/21/2006,14.043
11/22/2006,14.019
11/23/2006,13.997
11/24/2006,13.981
11/25/2006,13.963
11/26/2006,13.941
11/27/2006,13.925
11/28/2006,13.917
11/29/2006,13.913
11/30/2006,13.907
12/1/2006,13.907
12/2/2006,13.907
12/3/2006,13.933
12/4/2006,13.967
12/5/2006,13.927
12/6/2006,13.867
12/7/2006,13.817
12/8/2006,13.773
12/9/2006,13.745
12/10/2006,13.711
12/11/2006,13.693
12/12/2006,13.671
12/13/2006,13.657
12/14/2006,13.631
12/15/2006,13.607
12/16/2006,13.583
12/17/2006,13.563
12/18/2006,13.541
12/19/2006,13.527
12/20/2006,13.517
12/21/2006,13.511
12/22/2006,13.491
12/23/2006,13.473
12/24/2006,13.447
12/25/2006,13.421
12/26/2006,13.393
12/27/2006,13.371
12/28/2006,13.349
12/29/2006,13.335
12/30/2006,13.311
12/31/2006,13.295
1/1/2007,13.281
1/2/2007,13.269
1/3/2007,13.253
1/4/2007,13.235
1/5/2007,13.219
1/6/2007,13.205
1/7/2007,13.189
1/8/2007,13.171
1/9/2007,13.157
1/10/2007,13.145
1/11/2007,13.133
1/12/2007,13.113
1/13/2007,13.091
1/14/2007,13.075
1/15/2007,13.067
1/16/2007,13.057
1/17/2007,13.041
1/18/2007,13.023
1/19/2007,13.005
1/20/2007,12.987
1/21/2007,12.977
1/22/2007,12.977
1/23/2007,12.977
1/24/2007,12.959
1/25/2007,12.939
1/26/2007,12.921
1/27/2007,12.901
1/28/2007,12.885
1/29/2007,12.877
1/30/2007,12.863
1/31/2007,12.841
2/1/2007,12.823
2/2/2007,12.793
2/3/2007,12.771
2/4/2007,12.757
2/5/2007,12.745
2/6/2007,12.729
2/7/2007,12.717
2/8/2007,12.717
2/9/2007,12.741
2/10/2007,12.757
2/11/2007,12.759
2/12/2007,12.767
2/13/2007,12.771
2/14/2007,12.803
2/15/2007,12.831
2/16/2007,12.843
2/17/2007,12.861
2/18/2007,12.883
2/19/2007,12.887
2/20/2007,12.887
2/21/2007,12.877
2/22/2007,12.867
2/23/2007,12.867
2/24/2007,12.877
2/25/2007,12.877
2/26/2007,12.887
2/27/2007,12.871
2/28/2007,12.839
3/1/2007,12.817
3/2/2007,12.817
3/3/2007,12.815
3/4/2007,12.811
3/5/2007,12.831
3/6/2007,12.851
3/7/2007,12.865
3/8/2007,12.873
3/9/2007,12.881
3/10/2007,12.893
3/11/2007,12.911
3/12/2007,12.925
3/13/2007,12.943
3/14/2007,12.937
3/15/2007,12.909
3/16/2007,12.881
3/17/2007,12.863
3/18/2007,12.841
3/19/2007,12.823
3/20/2007,12.801
3/21/2007,12.769
3/22/2007,12.737
3/23/2007,12.771
3/24/2007,12.829
3/25/2007,12.877
3/26/2007,12.913
3/27/2007,12.913
3/28/2007,12.899
3/29/2007,12.889
3/30/2007,12.881
3/31/2007,12.903
4/1/2007,12.919
4/2/2007,12.933
4/3/2007,12.973
4/4/2007,13.043
4/5/2007,13.095
4/6/2007,13.151
4/7/2007,13.203
4/8/2007,13.255
4/9/2007,13.225
4/10/2007,13.371
4/11/2007,13.591
4/12/2007,13.761
4/13/2007,13.827
4/14/2007,13.855
4/15/2007,13.869
4/16/2007,13.851
4/17/2007,13.925
4/18/2007,13.975
4/19/2007,14.033
4/20/2007,14.027
4/21/2007,13.939
4/22/2007,13.899
4/23/2007,13.857
4/24/2007,13.885
4/25/2007,14.001
4/26/2007,14.125
4/27/2007,14.255
4/28/2007,14.719
4/29/2007,15.167
4/30/2007,15.325
5/1/2007,15.293
5/2/2007,15.197
5/3/2007,15.099
5/4/2007,14.995
5/5/2007,14.907
5/6/2007,14.749
5/7/2007,14.595
5/8/2007,14.471
5/9/2007,14.345
5/10/2007,14.287
5/11/2007,14.185
5/12/2007,14.145
5/13/2007,14.137
5/14/2007,14.115
5/15/2007,14.151
5/16/2007,14.165
5/17/2007,14.137
5/18/2007,14.199
5/19/2007,14.275
5/20/2007,14.475
5/21/2007,14.645
5/22/2007,15.019
5/23/2007,15.301
5/24/2007,15.327
5/25/2007,15.335
5/26/2007,15.329
5/27/2007,15.317
5/28/2007,15.335
5/29/2007,15.371
5/30/2007,15.825
5/31/2007,16.251
6/1/2007,16.359
6/2/2007,16.241
6/3/2007,16.077
6/4/2007,15.973
6/5/2007,15.935
6/6/2007,15.915
6/7/2007,16.041
6/8/2007,16.143
6/9/2007,16.311
6/10/2007,16.737
6/11/2007,16.803
6/12/2007,16.619
6/13/2007,16.559
6/14/2007,16.561
6/15/2007,16.635
6/16/2007,16.853
6/17/2007,17.227
6/18/2007,17.363
6/19/2007,17.443
6/20/2007,17.613
6/21/2007,17.823
6/22/2007,18.181
6/23/2007,18.261
6/24/2007,18.239
6/25/2007,18.055
6/26/2007,17.905
6/27/2007,17.827
6/28/2007,17.855
6/29/2007,17.919
6/30/2007,17.829
7/1/2007,17.547
7/2/2007,17.361
7/3/2007,17.171
7/4/2007,17.091
7/5/2007,16.991
7/6/2007,16.909
7/7/2007,16.847
7/8/2007,16.855
7/9/2007,16.801
7/10/2007,16.767
7/11/2007,16.847
7/12/2007,16.945
7/13/2007,17.033
7/14/2007,17.323
7/15/2007,17.411
7/16/2007,17.507
7/17/2007,17.757
7/18/2007,17.903
7/19/2007,18.005
7/20/2007,18.139
7/21/2007,18.225
7/22/2007,18.307
7/23/2007,18.253
7/24/2007,18.343
7/25/2007,18.567
7/26/2007,18.855
7/27/2007,19.095
7/28/2007,19.499
7/29/2007,19.685
7/30/2007,19.841
7/31/2007,19.823
8/1/2007,19.781
8/2/2007,19.711
8/3/2007,19.581
8/4/2007,19.423
8/5/2007,19.233
8/6/2007,18.993
8/7/2007,18.721
8/8/2007,18.471
8/9/2007,18.319
8/10/2007,18.183
8/11/2007,18.009
8/12/2007,17.903
8/13/2007,17.841
8/14/2007,17.821
8/15/2007,17.887
8/16/2007,18.089
8/17/2007,18.299
8/18/2007,18.341
8/19/2007,18.381
8/20/2007,18.377
8/21/2007,18.369
8/22/2007,18.303
8/23/2007,18.251
8/24/2007,18.161
8/25/2007,18.091
8/26/2007,18.011
8/27/2007,17.947
8/28/2007,17.927
8/29/2007,17.881
8/30/2007,17.865
8/31/2007,17.915
9/1/2007,18.059
9/2/2007,18.253
9/3/2007,18.095
9/4/2007,18.037
9/5/2007,18.081
9/6/2007,18.265
9/7/2007,18.709
9/8/2007,19.047
9/9/2007,19.389
9/10/2007,19.321
9/11/2007,19.287
9/12/2007,19.371
9/13/2007,19.441
9/14/2007,19.379
9/15/2007,19.225
9/16/2007,19.085
9/17/2007,18.961
9/18/2007,18.791
9/19/2007,18.623
9/20/2007,18.527
9/21/2007,18.385
9/22/2007,18.219
9/23/2007,18.035
9/24/2007,17.837
9/25/2007,17.599
9/26/2007,17.369
9/27/2007,17.201
9/28/2007,17.021
9/29/2007,16.867
9/30/2007,16.729
10/1/2007,16.635
10/2/2007,16.575
10/3/2007,16.493
10/4/2007,16.415
10/5/2007,16.363
10/6/2007,16.301
10/7/2007,16.235
10/8/2007,16.157
10/9/2007,16.113
10/10/2007,16.327
10/11/2007,16.307
10/12/2007,16.451
10/13/2007,16.511
10/14/2007,16.525
10/15/2007,16.473
10/16/2007,16.411
10/17/2007,16.399
10/18/2007,16.365
10/19/2007,16.283
10/20/2007,16.053
10/21/2007,15.959
10/22/2007,15.907
10/23/2007,15.853
10/24/2007,15.831
10/25/2007,15.969
10/26/2007,16.019
10/27/2007,15.981
10/28/2007,15.801
10/29/2007,15.671
10/30/2007,15.541
10/31/2007,15.401
11/1/2007,15.319
11/2/2007,15.203
11/3/2007,15.091
11/4/2007,15.003
11/5/2007,14.963
11/6/2007,14.907
11/7/2007,14.855
11/8/2007,14.805
11/9/2007,14.757
11/10/2007,14.701
11/11/2007,14.637
11/12/2007,14.599
11/13/2007,14.543
11/14/2007,14.507
11/15/2007,14.475
11/16/2007,14.401
11/17/2007,14.371
11/18/2007,14.337
11/19/2007,14.327
11/20/2007,14.327
11/21/2007,14.327
11/22/2007,14.327
11/23/2007,14.317
11/24/2007,14.307
11/25/2007,14.297
11/26/2007,14.263
11/27/2007,14.211
11/28/2007,14.155
11/29/2007,14.113
11/30/2007,14.077
12/1/2007,14.037
12/2/2007,13.997
12/3/2007,13.957
12/4/2007,13.933
12/5/2007,13.909
12/6/2007,13.883
12/7/2007,13.861
12/8/2007,13.843
12/9/2007,13.813
12/10/2007,13.783
12/11/2007,13.761
12/12/2007,13.739
12/13/2007,13.711
12/14/2007,13.683
12/15/2007,13.661
12/16/2007,13.639
12/17/2007,13.611
12/18/2007,13.583
12/19/2007,13.567
12/20/2007,13.555
12/21/2007,13.531
12/22/2007,13.513
12/23/2007,13.491
12/24/2007,13.469
12/25/2007,13.457
12/26/2007,13.445
12/27/2007,13.431
12/28/2007,13.409
12/29/2007,13.395
12/30/2007,13.387
12/31/2007,13.363
1/1/2008,13.341
1/2/2008,13.327
1/3/2008,13.313
1/4/2008,13.291
1/5/2008,13.269
1/6/2008,13.255
1/7/2008,13.237
1/8/2008,13.221
1/9/2008,13.207
1/10/2008,13.197
1/11/2008,13.187
1/12/2008,13.171
1/13/2008,13.155
1/14/2008,13.131
1/15/2008,13.111
1/16/2008,13.095
1/17/2008,13.083
1/18/2008,13.073
1/19/2008,13.065
1/20/2008,13.051
1/21/2008,13.047
1/22/2008,13.037
1/23/2008,13.027
1/24/2008,13.027
1/25/2008,13.017
1/26/2008,13.017
1/27/2008,13.017
1/28/2008,13.039
1/29/2008,13.077
1/30/2008,13.123
1/31/2008,13.137
2/1/2008,13.121
2/2/2008,13.091
2/3/2008,13.077
2/4/2008,13.077
2/5/2008,13.077
2/6/2008,13.087
2/7/2008,13.097
2/8/2008,13.077
2/9/2008,13.053
2/10/2008,13.031
2/11/2008,13.013
2/12/2008,12.981
2/13/2008,12.959
2/14/2008,12.937
2/15/2008,12.927
2/16/2008,12.917
2/17/2008,12.907
2/18/2008,12.925
2/19/2008,12.971
2/20/2008,12.993
2/21/2008,13.007
2/22/2008,12.991
2/23/2008,12.967
2/24/2008,12.939
2/25/2008,12.913
2/26/2008,12.907
2/27/2008,12.897
2/28/2008,12.897
2/29/2008,12.897
3/1/2008,12.887
3/2/2008,12.877
3/3/2008,12.867
3/4/2008,12.877
3/5/2008,12.867
3/6/2008,12.887
3/7/2008,12.923
3/8/2008,12.917
3/9/2008,12.905
3/10/2008,12.883
3/11/2008,12.867
3/12/2008,12.857
3/13/2008,12.857
3/14/2008,12.857
3/15/2008,12.857
3/16/2008,12.857
3/17/2008,12.867
3/18/2008,12.883
3/19/2008,12.901
3/20/2008,12.923
3/21/2008,12.985
3/22/2008,13.093
3/23/2008,13.235
3/24/2008,13.363
3/25/2008,13.397
3/26/2008,13.397
3/27/2008,13.387
3/28/2008,13.397
3/29/2008,13.431
3/30/2008,13.505
3/31/2008,13.535
4/1/2008,13.547
4/2/2008,13.603
4/3/2008,13.659
4/4/2008,13.725
4/5/2008,13.935
4/6/2008,14.117
4/7/2008,14.137
4/8/2008,14.119
4/9/2008,14.045
4/10/2008,13.961
4/11/2008,13.921
4/12/2008,13.863
4/13/2008,13.829
4/14/2008,13.779
4/15/2008,13.723
4/16/2008,13.697
4/17/2008,13.693
4/18/2008,13.673
4/19/2008,13.739
4/20/2008,13.783
4/21/2008,13.855
4/22/2008,13.923
4/23/2008,13.977
4/24/2008,14.041
4/25/2008,14.227
4/26/2008,14.495
4/27/2008,14.521
4/28/2008,14.483
4/29/2008,14.457
4/30/2008,14.467
5/1/2008,14.469
5/2/2008,14.493
5/3/2008,14.671
5/4/2008,15.175
5/5/2008,15.381
5/6/2008,15.397
5/7/2008,15.331
5/8/2008,15.129
5/9/2008,15.047
5/10/2008,14.991
5/11/2008,14.973
5/12/2008,14.913
5/13/2008,14.835
5/14/2008,14.827
5/15/2008,14.813
5/16/2008,14.795
5/17/2008,14.777
5/18/2008,14.751
5/19/2008,14.697
5/20/2008,14.697
5/21/2008,14.711
5/22/2008,14.767
5/23/2008,14.813
5/24/2008,14.907
5/25/2008,15.043
5/26/2008,15.209
5/27/2008,15.339
5/28/2008,15.345
5/29/2008,15.273
5/30/2008,15.177
5/31/2008,15.221
6/1/2008,15.305
6/2/2008,15.461
6/3/2008,15.625
6/4/2008,15.843
6/5/2008,16.013
6/6/2008,16.181
6/7/2008,16.197
6/8/2008,16.137
6/9/2008,16.035
6/10/2008,15.985
6/11/2008,15.927
6/12/2008,16.027
6/13/2008,16.135
6/14/2008,16.269
6/15/2008,16.531
6/16/2008,16.881
6/17/2008,17.163
6/18/2008,17.365
6/19/2008,17.469
6/20/2008,17.595
6/21/2008,17.615
6/22/2008,17.657
6/23/2008,17.523
6/24/2008,17.509
6/25/2008,17.549
6/26/2008,17.583
6/27/2008,17.607
6/28/2008,17.661
6/29/2008,17.693
6/30/2008,17.687
7/1/2008,17.715
7/2/2008,17.855
7/3/2008,17.787
7/4/2008,17.799
7/5/2008,17.837
7/6/2008,17.807
7/7/2008,17.879
7/8/2008,18.021
7/9/2008,18.141
7/10/2008,18.271
7/11/2008,18.235
7/12/2008,18.043
7/13/2008,17.891
7/14/2008,17.815
7/15/2008,17.883
7/16/2008,17.929
7/17/2008,18.063
7/18/2008,18.201
7/19/2008,18.257
7/20/2008,18.305
7/21/2008,18.339
7/22/2008,18.451
7/23/2008,18.649
7/24/2008,18.785
7/25/2008,18.729
7/26/2008,18.625
7/27/2008,18.683
7/28/2008,18.727
7/29/2008,18.663
7/30/2008,18.605
7/31/2008,18.481
8/1/2008,18.363
8/2/2008,18.331
8/3/2008,18.267
8/4/2008,18.301
8/5/2008,18.221
8/6/2008,18.207
8/7/2008,18.183
8/8/2008,18.137
8/9/2008,18.107
8/10/2008,18.083
8/11/2008,18.057
8/12/2008,18.057
8/13/2008,18.137
8/14/2008,18.207
8/15/2008,18.181
8/16/2008,18.135
8/17/2008,18.149
8/18/2008,18.325
8/19/2008,18.511
8/20/2008,18.605
8/21/2008,18.677
8/22/2008,18.857
8/23/2008,18.827
8/24/2008,18.711
8/25/2008,18.643
8/26/2008,18.567
8/27/2008,18.557
8/28/2008,18.661
8/29/2008,18.737
8/30/2008,18.861
8/31/2008,19.057
9/1/2008,19.097
9/2/2008,19.049
9/3/2008,18.973
9/4/2008,19.001
9/5/2008,19.121
9/6/2008,19.175
9/7/2008,19.207
9/8/2008,19.077
9/9/2008,18.919
9/10/2008,18.763
9/11/2008,18.605
9/12/2008,18.429
9/13/2008,18.239
9/14/2008,18.023
9/15/2008,17.839
9/16/2008,17.745
9/17/2008,17.643
9/18/2008,17.459
9/19/2008,17.303
9/20/2008,17.161
9/21/2008,16.983
9/22/2008,16.897
9/23/2008,16.867
9/24/2008,16.813
9/25/2008,16.755
9/26/2008,16.667
9/27/2008,16.633
9/28/2008,16.579
9/29/2008,16.557
9/30/2008,16.539
10/1/2008,16.497
10/2/2008,16.465
10/3/2008,16.427
10/4/2008,16.335
10/5/2008,16.323
10/6/2008,16.397
10/7/2008,16.391
10/8/2008,16.367
10/9/2008,16.367
10/10/2008,16.323
10/11/2008,16.235
10/12/2008,16.151
10/13/2008,16.095
10/14/2008,16.007
10/15/2008,15.937
10/16/2008,15.893
10/17/2008,15.809
10/18/2008,15.705
10/19/2008,15.553
10/20/2008,15.425
10/21/2008,15.331
10/22/2008,15.239
10/23/2008,15.151
10/24/2008,15.073
10/25/2008,14.991
10/26/2008,14.919
10/27/2008,14.891
10/28/2008,14.863
10/29/2008,14.963
10/30/2008,15.155
10/31/2008,15.255
11/1/2008,15.329
11/2/2008,15.505
11/3/2008,15.725
11/4/2008,15.615
11/5/2008,15.369
11/6/2008,15.219
11/7/2008,15.059
11/8/2008,14.875
11/9/2008,14.753
11/10/2008,14.685
11/11/2008,14.611
11/12/2008,14.541
11/13/2008,14.497
11/14/2008,14.441
11/15/2008,14.397
11/16/2008,14.355
11/17/2008,14.309
11/18/2008,14.259
11/19/2008,14.243
11/20/2008,14.213
11/21/2008,14.183
11/22/2008,14.155
11/23/2008,14.127
11/24/2008,14.089
11/25/2008,14.051
11/26/2008,14.027
11/27/2008,14.001
11/28/2008,13.983
11/29/2008,13.959
11/30/2008,13.927
12/1/2008,13.909
12/2/2008,13.875
12/3/2008,13.841
12/4/2008,13.813
12/5/2008,13.789
12/6/2008,13.769
12/7/2008,13.733
12/8/2008,13.721
12/9/2008,13.699
12/10/2008,13.677
12/11/2008,13.663
12/12/2008,13.645
12/13/2008,13.631
12/14/2008,13.611
12/15/2008,13.591
12/16/2008,13.563
12/17/2008,13.541
12/18/2008,13.519
12/19/2008,13.501
12/20/2008,13.481
12/21/2008,13.461
12/22/2008,13.443
12/23/2008,13.429
12/24/2008,13.411
12/25/2008,13.393
12/26/2008,13.369
12/27/2008,13.351
12/28/2008,13.333
12/29/2008,13.315
12/30/2008,13.301
12/31/2008,13.293
1/1/2009,13.271
1/2/2009,13.253
1/3/2009,13.233
1/4/2009,13.217
1/5/2009,13.207
1/6/2009,13.191
1/7/2009,13.175
1/8/2009,13.153
1/9/2009,13.137
1/10/2009,13.127
1/11/2009,13.117
1/12/2009,13.105
1/13/2009,13.081
1/14/2009,13.063
1/15/2009,13.043
1/16/2009,13.027
1/17/2009,13.017
1/18/2009,13.005
1/19/2009,12.993
1/20/2009,12.973
1/21/2009,12.949
1/22/2009,12.937
1/23/2009,12.927
1/24/2009,12.917
1/25/2009,12.907
1/26/2009,12.897
1/27/2009,12.897
1/28/2009,12.887
1/29/2009,12.877
1/30/2009,12.867
1/31/2009,12.855
2/1/2009,12.837
2/2/2009,12.837
2/3/2009,12.827
2/4/2009,12.827
2/5/2009,12.827
2/6/2009,12.827
2/7/2009,12.827
2/8/2009,12.819
2/9/2009,12.817
2/10/2009,12.811
2/11/2009,12.807
2/12/2009,12.791
2/13/2009,12.769
2/14/2009,12.751
2/15/2009,12.729
2/16/2009,12.711
2/17/2009,12.697
2/18/2009,12.687
2/19/2009,12.677
2/20/2009,12.667
2/21/2009,12.651
2/22/2009,12.629
2/23/2009,12.609
2/24/2009,12.607
2/25/2009,12.597
2/26/2009,12.587
2/27/2009,12.575
2/28/2009,12.567
3/1/2009,12.575
3/2/2009,12.613
3/3/2009,12.633
3/4/2009,12.661
3/5/2009,12.705
3/6/2009,12.785
3/7/2009,12.889
3/8/2009,12.965
3/9/2009,12.987
3/10/2009,12.997
3/11/2009,12.959
3/12/2009,12.921
3/13/2009,12.899
3/14/2009,12.881
3/15/2009,12.853
3/16/2009,12.837
3/17/2009,12.841
3/18/2009,12.857
3/19/2009,12.895
3/20/2009,12.911
3/21/2009,12.927
3/22/2009,12.937
3/23/2009,12.929
3/24/2009,12.909
3/25/2009,12.891
3/26/2009,12.869
3/27/2009,12.867
3/28/2009,12.863
3/29/2009,12.857
3/30/2009,12.857
3/31/2009,12.857
4/1/2009,12.847
4/2/2009,12.851
4/3/2009,12.929
4/4/2009,13.007
4/5/2009,13.017
4/6/2009,13.007
4/7/2009,13.007
4/8/2009,13.043
4/9/2009,13.135
4/10/2009,13.257
4/11/2009,13.329
4/12/2009,13.339
4/13/2009,13.297
4/14/2009,13.305
4/15/2009,13.369
4/16/2009,13.449
4/17/2009,13.515
4/18/2009,13.609
4/19/2009,13.671
4/20/2009,13.727
4/21/2009,13.787
4/22/2009,13.739
4/23/2009,13.671
4/24/2009,13.725
4/25/2009,13.841
4/26/2009,14.049
4/27/2009,14.177
4/28/2009,14.143
4/29/2009,14.087
4/30/2009,14.145
5/1/2009,14.275
5/2/2009,14.355
5/3/2009,14.327
5/4/2009,14.307
5/5/2009,14.269
5/6/2009,14.237
5/7/2009,14.223
5/8/2009,14.207
5/9/2009,14.193
5/10/2009,14.169
5/11/2009,14.227
5/12/2009,14.321
5/13/2009,14.381
5/14/2009,14.407
5/15/2009,14.467
5/16/2009,14.559
5/17/2009,14.633
5/18/2009,14.681
5/19/2009,14.589
5/20/2009,14.447
5/21/2009,14.407
5/22/2009,14.373
5/23/2009,14.323
5/24/2009,14.267
5/25/2009,14.261
5/26/2009,14.267
5/27/2009,14.445
5/28/2009,15.621
5/29/2009,15.863
5/30/2009,15.601
5/31/2009,15.433
6/1/2009,15.397
6/2/2009,15.429
6/3/2009,15.509
6/4/2009,15.449
6/5/2009,15.371
6/6/2009,15.333
6/7/2009,15.317
6/8/2009,15.313
6/9/2009,15.287
6/10/2009,15.273
6/11/2009,15.211
6/12/2009,15.207
6/13/2009,15.271
6/14/2009,15.321
6/15/2009,15.493
6/16/2009,15.643
6/17/2009,15.885
6/18/2009,16.013
6/19/2009,16.005
6/20/2009,15.863
6/21/2009,15.715
6/22/2009,15.655
6/23/2009,15.577
6/24/2009,15.665
6/25/2009,15.721
6/26/2009,15.773
6/27/2009,15.675
6/28/2009,15.715
6/29/2009,16.053
6/30/2009,16.263
7/1/2009,16.443
7/2/2009,16.973
7/3/2009,17.349
7/4/2009,17.803
7/5/2009,18.087
7/6/2009,18.267
7/7/2009,18.377
7/8/2009,18.217
7/9/2009,18.013
7/10/2009,17.893
7/11/2009,17.781
7/12/2009,17.739
7/13/2009,17.713
7/14/2009,17.655
7/15/2009,17.609
7/16/2009,17.539
7/17/2009,17.425
7/18/2009,17.285
7/19/2009,17.153
7/20/2009,16.997
7/21/2009,16.853
7/22/2009,16.785
7/23/2009,16.709
7/24/2009,16.655
7/25/2009,16.621
7/26/2009,16.579
7/27/2009,16.581
7/28/2009,16.815
7/29/2009,17.157
7/30/2009,17.347
7/31/2009,17.551
8/1/2009,17.779
8/2/2009,17.887
8/3/2009,17.853
8/4/2009,17.795
8/5/2009,17.795
8/6/2009,17.847
8/7/2009,17.901
8/8/2009,17.887
8/9/2009,17.867
8/10/2009,17.815
8/11/2009,17.763
8/12/2009,17.715
8/13/2009,17.707
8/14/2009,17.813
8/15/2009,17.993
8/16/2009,18.017
8/17/2009,18.327
8/18/2009,18.661
8/19/2009,18.691
8/20/2009,18.597
8/21/2009,18.751
8/22/2009,18.859
8/23/2009,18.745
8/24/2009,18.693
8/25/2009,18.667
8/26/2009,18.657
8/27/2009,18.641
8/28/2009,18.619
8/29/2009,18.573
8/30/2009,18.471
8/31/2009,18.375
9/1/2009,18.229
9/2/2009,18.093
9/3/2009,17.973
9/4/2009,17.839
9/5/2009,17.709
9/6/2009,17.513
9/7/2009,17.375
9/8/2009,17.179
9/9/2009,17.053
9/10/2009,16.979
9/11/2009,16.765
9/12/2009,16.689
9/13/2009,16.607
9/14/2009,16.599
9/15/2009,16.527
9/16/2009,16.453
9/17/2009,16.385
9/18/2009,16.387
9/19/2009,16.431
9/20/2009,16.619
9/21/2009,16.751
9/22/2009,16.743
9/23/2009,16.693
9/24/2009,16.725
9/25/2009,16.935
9/26/2009,17.073
9/27/2009,17.111
9/28/2009,17.009
9/29/2009,16.881
9/30/2009,16.675
10/1/2009,16.573
10/2/2009,16.465
10/3/2009,16.343
10/4/2009,16.209
10/5/2009,16.059
10/6/2009,15.905
10/7/2009,15.813
10/8/2009,15.869
10/9/2009,16.911
10/10/2009,17.131
10/11/2009,16.863
10/12/2009,16.697
10/13/2009,16.607
10/14/2009,16.641
10/15/2009,16.797
10/16/2009,16.801
10/17/2009,16.685
10/18/2009,16.509
10/19/2009,16.313
10/20/2009,16.079
10/21/2009,15.901
10/22/2009,15.711
10/23/2009,15.607
10/24/2009,15.521
10/25/2009,15.457
10/26/2009,15.419
10/27/2009,15.379
10/28/2009,15.253
10/29/2009,15.175
10/30/2009,15.091
10/31/2009,15.023
11/1/2009,14.929
11/2/2009,14.877
11/3/2009,14.811
11/4/2009,14.733
11/5/2009,14.677
11/6/2009,14.625
11/7/2009,14.581
11/8/2009,14.529
11/9/2009,14.497
11/10/2009,14.461
11/11/2009,14.403
11/12/2009,14.357
11/13/2009,14.307
11/14/2009,14.253
11/15/2009,14.193
11/16/2009,14.157
11/17/2009,14.129
11/18/2009,14.095
11/19/2009,14.083
11/20/2009,14.067
11/21/2009,14.051
11/22/2009,14.035
11/23/2009,14.015
11/24/2009,14.035
11/25/2009,14.361
11/26/2009,14.455
11/27/2009,14.433
11/28/2009,14.289
11/29/2009,14.165
11/30/2009,14.103
12/1/2009,14.047
12/2/2009,13.973
12/3/2009,13.921
12/4/2009,13.861
12/5/2009,13.841
12/6/2009,13.807
12/7/2009,13.775
12/8/2009,13.755
12/9/2009,13.731
12/10/2009,13.705
12/11/2009,13.681
12/12/2009,13.657
12/13/2009,13.637
12/14/2009,13.621
12/15/2009,13.597
12/16/2009,13.587
12/17/2009,13.565
12/18/2009,13.533
12/19/2009,13.505
12/20/2009,13.471
12/21/2009,13.443
12/22/2009,13.421
12/23/2009,13.401
12/24/2009,13.387
12/25/2009,13.387
12/26/2009,13.377
12/27/2009,13.367
12/28/2009,13.357
12/29/2009,13.357
12/30/2009,13.341
12/31/2009,13.309
1/1/2010,13.289
1/2/2010,13.249
1/3/2010,13.221
1/4/2010,13.197
1/5/2010,13.169
1/6/2010,13.151
1/7/2010,13.133
1/8/2010,13.111
1/9/2010,13.097
1/10/2010,13.083
1/11/2010,13.061
1/12/2010,13.043
1/13/2010,13.021
1/14/2010,13.007
1/15/2010,12.997
1/16/2010,12.983
1/17/2010,12.967
1/18/2010,12.941
1/19/2010,12.927
1/20/2010,12.911
1/21/2010,12.897
1/22/2010,12.885
1/23/2010,12.869
1/24/2010,12.851
1/25/2010,12.837
1/26/2010,12.827
1/27/2010,12.817
1/28/2010,12.799
1/29/2010,12.783
1/30/2010,12.763
1/31/2010,12.747
2/1/2010,12.735
2/2/2010,12.717
2/3/2010,12.703
2/4/2010,12.681
2/5/2010,12.667
2/6/2010,12.657
2/7/2010,12.647
2/8/2010,12.633
2/9/2010,12.617
2/10/2010,12.603
2/11/2010,12.589
2/12/2010,12.577
2/13/2010,12.567
2/14/2010,12.557
2/15/2010,12.547
2/16/2010,12.547
2/17/2010,12.537
2/18/2010,12.527
2/19/2010,12.517
2/20/2010,12.517
2/21/2010,12.507
2/22/2010,12.497
2/23/2010,12.497
2/24/2010,12.497
2/25/2010,12.497
2/26/2010,12.497
2/27/2010,12.507
2/28/2010,12.507
3/1/2010,12.507
3/2/2010,12.507
3/3/2010,12.517
3/4/2010,12.517
3/5/2010,12.533
3/6/2010,12.561
3/7/2010,12.583
3/8/2010,12.599
3/9/2010,12.617
3/10/2010,12.655
3/11/2010,12.683
3/12/2010,12.725
3/13/2010,12.845
3/14/2010,12.989
3/15/2010,13.103
3/16/2010,13.167
3/17/2010,13.159
3/18/2010,13.091
3/19/2010,13.033
3/20/2010,12.987
3/21/2010,12.945
3/22/2010,12.927
3/23/2010,12.927
3/24/2010,12.927
3/25/2010,12.917
3/26/2010,12.917
3/27/2010,12.917
3/28/2010,12.973
3/29/2010,13.089
3/30/2010,13.199
3/31/2010,13.383
4/1/2010,13.751
4/2/2010,14.199
4/3/2010,14.467
4/4/2010,14.633
4/5/2010,14.621
4/6/2010,14.543
4/7/2010,14.593
4/8/2010,14.811
4/9/2010,15.013
4/10/2010,15.103
4/11/2010,15.117
4/12/2010,15.135
4/13/2010,15.233
4/14/2010,15.249
4/15/2010,15.125
4/16/2010,15.033
4/17/2010,15.013
4/18/2010,15.201
4/19/2010,15.177
4/20/2010,15.363
4/21/2010,15.629
4/22/2010,15.837
4/23/2010,15.925
4/24/2010,16.011
4/25/2010,16.011
4/26/2010,16.039
4/27/2010,16.729
4/28/2010,17.271
4/29/2010,17.425
4/30/2010,17.331
5/1/2010,17.089
5/2/2010,16.805
5/3/2010,16.431
5/4/2010,16.175
5/5/2010,15.897
5/6/2010,15.695
5/7/2010,15.543
5/8/2010,15.487
5/9/2010,15.561
5/10/2010,15.723
5/11/2010,15.797
5/12/2010,15.703
5/13/2010,15.693
5/14/2010,15.693
5/15/2010,15.769
5/16/2010,16.113
5/17/2010,16.811
5/18/2010,17.197
5/19/2010,17.391
5/20/2010,17.571
5/21/2010,17.651
5/22/2010,17.397
5/23/2010,17.101
5/24/2010,17.061
5/25/2010,17.097
5/26/2010,17.453
5/27/2010,17.643
5/28/2010,17.469
5/29/2010,17.259
5/30/2010,17.081
5/31/2010,17.015
6/1/2010,16.897
6/2/2010,16.831
6/3/2010,16.899
6/4/2010,16.865
6/5/2010,16.991
6/6/2010,17.175
6/7/2010,17.411
6/8/2010,17.665
6/9/2010,17.667
6/10/2010,17.745
6/11/2010,18.071
6/12/2010,18.391
6/13/2010,18.361
6/14/2010,18.089
6/15/2010,17.889
6/16/2010,17.793
6/17/2010,17.777
6/18/2010,17.771
6/19/2010,17.885
6/20/2010,17.881
6/21/2010,18.009
6/22/2010,17.985
6/23/2010,17.967
6/24/2010,18.075
6/25/2010,18.077
6/26/2010,18.091
6/27/2010,18.173
6/28/2010,18.625
6/29/2010,19.053
6/30/2010,19.043
7/1/2010,18.963
7/2/2010,18.913
7/3/2010,18.887
7/4/2010,18.905
7/5/2010,18.891
7/6/2010,18.789
7/7/2010,18.673
7/8/2010,18.543
7/9/2010,18.511
7/10/2010,18.511
7/11/2010,18.675
7/12/2010,18.841
7/13/2010,18.963
7/14/2010,18.987
7/15/2010,18.981
7/16/2010,18.875
7/17/2010,18.795
7/18/2010,18.777
7/19/2010,18.815
7/20/2010,18.961
7/21/2010,19.007
7/22/2010,19.091
7/23/2010,19.245
7/24/2010,19.235
7/25/2010,19.079
7/26/2010,18.889
7/27/2010,18.787
7/28/2010,18.729
7/29/2010,18.675
7/30/2010,18.591
7/31/2010,18.547
8/1/2010,18.495
8/2/2010,18.431
8/3/2010,18.323
8/4/2010,18.191
8/5/2010,18.141
8/6/2010,18.111
8/7/2010,18.071
8/8/2010,18.027
8/9/2010,17.993
8/10/2010,17.915
8/11/2010,17.837
8/12/2010,17.791
8/13/2010,17.731
8/14/2010,17.699
8/15/2010,17.641
8/16/2010,17.605
8/17/2010,17.585
8/18/2010,17.803
8/19/2010,17.941
8/20/2010,18.163
8/21/2010,18.253
8/22/2010,18.319
8/23/2010,18.469
8/24/2010,18.631
8/25/2010,18.821
8/26/2010,18.845
8/27/2010,18.803
8/28/2010,18.835
8/29/2010,18.971
8/30/2010,18.997
8/31/2010,18.971
9/1/2010,18.859
9/2/2010,18.787
9/3/2010,18.729
9/4/2010,18.659
9/5/2010,18.651
9/6/2010,18.651
9/7/2010,18.641
9/8/2010,18.577
9/9/2010,18.551
9/10/2010,18.609
9/11/2010,18.761
9/12/2010,19.003
9/13/2010,19.203
9/14/2010,19.247
9/15/2010,19.247
9/16/2010,19.231
9/17/2010,19.131
9/18/2010,18.989
9/19/2010,18.851
9/20/2010,18.763
9/21/2010,18.731
9/22/2010,18.705
9/23/2010,18.685
9/24/2010,18.631
9/25/2010,18.529
9/26/2010,18.437
9/27/2010,18.309
9/28/2010,18.205
9/29/2010,18.109
9/30/2010,18.063
11/1/2010,15.813
11/2/2010,15.729
11/3/2010,15.609
11/4/2010,15.523
11/5/2010,15.451
11/6/2010,15.363
11/7/2010,15.291
11/8/2010,15.231
11/9/2010,15.197
11/10/2010,15.129
11/11/2010,15.055
11/12/2010,15.003
11/13/2010,14.949
11/14/2010,14.899
11/15/2010,14.853
11/16/2010,14.777
11/17/2010,14.745
11/18/2010,14.723
11/19/2010,14.687
11/20/2010,14.655
11/21/2010,14.627
11/22/2010,14.601
11/23/2010,14.575
11/24/2010,14.539
11/25/2010,14.517
11/26/2010,14.533
11/27/2010,14.551
11/28/2010,14.577
11/29/2010,14.569
11/30/2010,14.517
12/1/2010,14.453
12/2/2010,14.381
12/3/2010,14.345
12/4/2010,14.307
12/5/2010,14.279
12/6/2010,14.263
12/7/2010,14.249
12/8/2010,14.233
12/9/2010,14.199
12/10/2010,14.155
12/11/2010,14.119
12/12/2010,14.067
12/13/2010,14.029
12/14/2010,13.989
12/15/2010,13.957
12/16/2010,13.933
12/17/2010,13.915
12/18/2010,13.893
12/19/2010,13.869
12/20/2010,13.845
12/21/2010,13.821
12/22/2010,13.803
12/23/2010,13.785
12/24/2010,13.743
12/25/2010,13.737
12/26/2010,13.727
12/27/2010,13.701
12/28/2010,13.667
12/29/2010,13.631
12/30/2010,13.597
12/31/2010,13.559
1/1/2011,13.539
1/2/2011,13.523
1/3/2011,13.507
1/4/2011,13.489
1/5/2011,13.447
1/6/2011,13.423
1/7/2011,13.401
1/8/2011,13.383
1/9/2011,13.361
1/10/2011,13.339
1/11/2011,13.323
1/12/2011,13.299
1/13/2011,13.283
1/14/2011,13.253
1/15/2011,13.233
1/16/2011,13.211
1/17/2011,13.193
1/18/2011,13.171
1/19/2011,13.157
1/20/2011,13.147
1/21/2011,13.133
1/22/2011,13.111
1/23/2011,13.097
1/24/2011,13.097
1/25/2011,13.091
1/26/2011,13.071
1/27/2011,13.049
1/28/2011,13.021
1/29/2011,13.001
1/30/2011,12.981
1/31/2011,12.961
2/1/2011,12.943
2/2/2011,12.923
2/3/2011,12.907
2/4/2011,12.897
2/5/2011,12.883
2/6/2011,12.867
2/7/2011,12.851
2/8/2011,12.837
2/9/2011,12.827
2/10/2011,12.815
2/11/2011,12.797
2/12/2011,12.781
2/13/2011,12.777
2/14/2011,12.767
2/15/2011,12.767
2/16/2011,12.767
2/17/2011,12.783
2/18/2011,12.797
2/19/2011,12.803
2/20/2011,12.817
2/21/2011,12.807
2/22/2011,12.797
2/23/2011,12.787
2/24/2011,12.777
2/25/2011,12.799
2/26/2011,12.907
2/27/2011,13.009
2/28/2011,13.043
3/1/2011,13.017
3/2/2011,12.951
3/3/2011,12.897
3/4/2011,12.841
3/5/2011,12.799
3/6/2011,12.759
3/7/2011,12.743
3/8/2011,12.721
3/9/2011,12.703
3/10/2011,12.681
3/11/2011,12.677
3/12/2011,12.677
3/13/2011,12.687
3/14/2011,12.701
3/15/2011,12.727
3/16/2011,12.777
3/17/2011,12.801
3/18/2011,12.857
3/19/2011,12.991
3/20/2011,13.185
3/21/2011,13.291
3/22/2011,13.331
3/23/2011,13.333
3/24/2011,13.295
3/25/2011,13.275
3/26/2011,13.273
3/27/2011,13.499
3/28/2011,14.229
3/29/2011,14.433
3/30/2011,14.457
3/31/2011,14.431
4/1/2011,14.427
4/2/2011,14.417
4/3/2011,14.373
4/4/2011,14.283
4/5/2011,14.155
4/6/2011,14.079
4/7/2011,14.015
4/8/2011,13.977
4/9/2011,13.967
4/10/2011,13.967
4/11/2011,13.941
4/12/2011,13.905
4/13/2011,13.877
4/14/2011,13.897
4/15/2011,13.897
4/16/2011,13.887
4/17/2011,13.929
4/18/2011,13.975
4/19/2011,13.997
4/20/2011,13.987
4/21/2011,13.957
4/22/2011,13.961
4/23/2011,14.071
4/24/2011,14.113
4/25/2011,14.109
4/26/2011,14.139
4/27/2011,14.325
4/28/2011,14.691
4/29/2011,14.861
4/30/2011,14.867
5/1/2011,14.783
5/2/2011,14.753
5/3/2011,14.659
5/4/2011,14.591
5/5/2011,14.523
5/6/2011,14.487
5/7/2011,14.579
5/8/2011,14.699
5/9/2011,14.809
5/10/2011,14.931
5/11/2011,15.035
5/12/2011,15.043
5/13/2011,14.795
5/14/2011,14.761
5/15/2011,14.691
5/16/2011,14.791
5/17/2011,14.811
5/18/2011,14.801
5/19/2011,14.817
5/20/2011,14.817
5/21/2011,14.837
5/22/2011,14.821
5/23/2011,14.821
5/24/2011,14.941
5/25/2011,15.059
5/26/2011,15.181
5/27/2011,15.203
5/28/2011,15.249
5/29/2011,15.361
5/30/2011,15.673
5/31/2011,15.859
6/1/2011,15.791
6/2/2011,15.711
6/3/2011,15.687
6/4/2011,15.735
6/5/2011,15.909
6/6/2011,16.161
6/7/2011,16.589
6/8/2011,16.907
6/9/2011,17.043
6/10/2011,17.059
6/11/2011,17.065
6/12/2011,16.993
6/13/2011,16.829
6/14/2011,16.709
6/15/2011,16.585
6/16/2011,16.493
6/17/2011,16.489
6/18/2011,16.601
6/19/2011,16.667
6/20/2011,16.667
6/21/2011,16.657
6/22/2011,16.669
6/23/2011,16.761
6/24/2011,16.875
6/25/2011,16.917
6/26/2011,17.015
6/27/2011,17.165
6/28/2011,17.357
6/29/2011,17.395
6/30/2011,17.397
7/1/2011,17.521
7/2/2011,17.711
7/3/2011,17.923
7/4/2011,17.877
7/5/2011,17.877
7/6/2011,18.017
7/7/2011,18.251
7/8/2011,18.381
7/9/2011,18.443
7/10/2011,18.511
7/11/2011,18.583
7/12/2011,18.629
7/13/2011,18.691
7/14/2011,18.701
7/15/2011,18.721
7/16/2011,18.791
7/17/2011,18.845
7/18/2011,18.897
7/19/2011,18.937
7/20/2011,18.965
7/21/2011,19.029
7/22/2011,19.079
7/23/2011,19.107
7/24/2011,19.107
7/25/2011,19.105
7/26/2011,18.959
7/27/2011,18.863
7/28/2011,18.773
7/29/2011,18.679
7/30/2011,18.695
7/31/2011,18.709
9/1/2011,17.417
9/2/2011,17.291
9/3/2011,17.161
9/4/2011,16.917
9/5/2011,16.771
9/6/2011,16.641
9/7/2011,16.569
9/8/2011,16.597
9/9/2011,16.537
9/10/2011,16.447
9/11/2011,16.457
9/12/2011,16.549
9/13/2011,16.639
9/14/2011,16.687
9/15/2011,16.701
9/16/2011,16.627
9/17/2011,16.685
9/18/2011,16.833
9/19/2011,17.105
9/20/2011,17.471
9/21/2011,17.523
9/22/2011,17.339
9/23/2011,17.235
9/24/2011,17.139
9/25/2011,17.077
9/26/2011,17.045
9/27/2011,17.281
9/28/2011,17.329
9/29/2011,17.345
9/30/2011,17.381
10/1/2011,17.447
10/2/2011,17.467
10/3/2011,17.379
10/4/2011,17.215
10/5/2011,17.073
10/6/2011,16.783
10/7/2011,16.537
10/8/2011,16.381
10/9/2011,16.233
10/10/2011,16.109
10/11/2011,16.007
10/12/2011,15.907
10/13/2011,15.855
10/14/2011,15.689
10/15/2011,15.583
10/16/2011,15.485
10/17/2011,15.375
10/18/2011,15.303
10/19/2011,15.273
10/20/2011,15.211
10/21/2011,15.167
10/22/2011,15.161
10/23/2011,15.147
10/24/2011,15.147
10/25/2011,15.119
10/26/2011,15.039
10/27/2011,14.959
10/28/2011,14.905
10/29/2011,14.877
10/30/2011,14.831
10/31/2011,14.807
11/1/2011,14.743
11/2/2011,14.663
11/3/2011,14.611
11/4/2011,14.541
11/5/2011,14.483
11/6/2011,14.441
11/7/2011,14.413
11/8/2011,14.355
11/9/2011,14.285
11/10/2011,14.217
11/11/2011,14.133
11/12/2011,14.059
11/13/2011,14.005
11/14/2011,13.951
11/15/2011,13.907
11/16/2011,13.871
11/17/2011,13.833
11/18/2011,13.787
11/19/2011,13.787
11/20/2011,13.767
11/21/2011,13.729
11/22/2011,13.703
11/23/2011,13.677
11/24/2011,13.661
11/25/2011,13.643
11/26/2011,13.617
11/27/2011,13.577
11/28/2011,13.537
11/29/2011,13.499
11/30/2011,13.463
12/1/2011,13.441
12/2/2011,13.421
12/3/2011,13.377
12/4/2011,13.341
12/5/2011,13.321
12/6/2011,13.303
12/7/2011,13.267
12/8/2011,13.239
12/9/2011,13.211
12/10/2011,13.181
12/11/2011,13.167
12/12/2011,13.147
12/13/2011,13.119
12/14/2011,13.103
12/15/2011,13.081
12/16/2011,13.065
12/17/2011,13.047
12/18/2011,13.047
12/19/2011,13.037
12/20/2011,13.019
12/21/2011,12.981
12/22/2011,12.961
12/23/2011,12.943
12/24/2011,12.921
12/25/2011,12.905
12/26/2011,12.879
12/27/2011,12.853
12/28/2011,12.831
12/29/2011,12.813
12/30/2011,12.791
12/31/2011,12.773
1/1/2012,12.739
1/2/2012,12.699
1/3/2012,12.681
1/4/2012,12.677
1/5/2012,12.667
1/6/2012,12.657
1/7/2012,12.641
1/8/2012,12.627
1/9/2012,12.615
1/10/2012,12.597
1/11/2012,12.587
1/12/2012,12.577
1/13/2012,12.567
1/14/2012,12.557
1/15/2012,12.547
1/16/2012,12.531
1/17/2012,12.509
1/18/2012,12.481
1/19/2012,12.467
1/20/2012,12.457
1/21/2012,12.451
1/22/2012,12.431
1/23/2012,12.411
1/24/2012,12.391
1/25/2012,12.371
1/26/2012,12.353
1/27/2012,12.337
1/28/2012,12.327
1/29/2012,12.327
1/30/2012,12.343
1/31/2012,12.347
2/1/2012,12.333
2/2/2012,12.311
2/3/2012,12.303
2/4/2012,12.285
2/5/2012,12.273
2/6/2012,12.251
2/7/2012,12.247
2/8/2012,12.237
2/9/2012,12.227
2/10/2012,12.217
2/11/2012,12.207
2/12/2012,12.197
2/13/2012,12.187
2/14/2012,12.177
2/15/2012,12.177
2/16/2012,12.177
2/17/2012,12.167
2/18/2012,12.167
2/19/2012,12.167
2/20/2012,12.187
2/21/2012,12.181
2/22/2012,12.167
2/23/2012,12.153
2/24/2012,12.123
2/25/2012,12.095
2/26/2012,12.087
2/27/2012,12.077
2/28/2012,12.097
2/29/2012,12.107
3/1/2012,12.107
3/2/2012,12.097
3/3/2012,12.087
3/4/2012,12.087
3/5/2012,12.115
3/6/2012,12.155
3/7/2012,12.193
3/8/2012,12.227
3/9/2012,12.265
3/10/2012,12.307
3/11/2012,12.343
3/12/2012,12.347
3/13/2012,12.333
3/14/2012,12.307
3/15/2012,12.307
3/16/2012,12.317
3/17/2012,12.385
3/18/2012,12.445
3/19/2012,12.461
3/20/2012,12.445
3/21/2012,12.411
3/22/2012,12.407
3/23/2012,12.407
3/24/2012,12.421
3/25/2012,12.447
3/26/2012,12.461
3/27/2012,12.477
3/28/2012,12.481
3/29/2012,12.499
3/30/2012,12.509
3/31/2012,12.551
4/1/2012,12.601
4/2/2012,12.645
4/3/2012,12.681
4/4/2012,12.703
4/5/2012,12.685
4/6/2012,12.837
4/7/2012,12.937
4/8/2012,13.059
4/9/2012,13.119
4/10/2012,13.141
4/11/2012,13.149
4/12/2012,13.197
4/13/2012,13.255
4/14/2012,13.331
4/15/2012,13.435
4/16/2012,13.571
4/17/2012,13.635
4/18/2012,13.641
4/19/2012,13.615
4/20/2012,13.767
4/21/2012,14.003
4/22/2012,14.259
4/23/2012,14.539
4/24/2012,14.633
4/25/2012,14.647
4/26/2012,14.657
4/27/2012,14.641
4/28/2012,14.575
4/29/2012,14.553
4/30/2012,14.711
5/1/2012,14.937
5/2/2012,15.055
5/3/2012,15.081
5/4/2012,15.221
5/5/2012,15.349
5/6/2012,15.479
5/7/2012,15.545
5/8/2012,15.491
5/9/2012,15.369
5/10/2012,15.229
5/11/2012,15.081
5/12/2012,14.939
5/13/2012,14.785
5/14/2012,14.659
5/15/2012,14.595
5/16/2012,14.567
5/17/2012,14.613
5/18/2012,14.699
5/19/2012,14.805
5/20/2012,14.991
5/21/2012,15.563
5/22/2012,16.051
5/23/2012,16.129
5/24/2012,15.929
5/25/2012,15.705
5/26/2012,15.581
5/27/2012,15.501
5/28/2012,15.497
5/29/2012,15.507
5/30/2012,15.515
5/31/2012,15.573
6/1/2012,15.649
6/2/2012,15.699
6/3/2012,15.737
6/4/2012,15.745
6/5/2012,15.839
6/6/2012,16.311
6/7/2012,16.597
6/8/2012,17.171
6/9/2012,17.675
6/10/2012,17.831
6/11/2012,17.761
6/12/2012,17.515
6/13/2012,17.267
6/14/2012,17.113
6/15/2012,17.361
6/16/2012,17.711
6/17/2012,17.971
6/18/2012,18.205
6/19/2012,18.353
6/20/2012,18.169
6/21/2012,17.901
6/22/2012,17.771
6/23/2012,17.757
6/24/2012,17.845
6/25/2012,18.013
6/26/2012,18.165
6/27/2012,18.893
6/28/2012,19.489
6/29/2012,19.839
6/30/2012,20.001
7/1/2012,20.027
7/2/2012,19.851
7/3/2012,19.473
7/4/2012,19.025
7/5/2012,18.693
7/6/2012,18.591
7/7/2012,18.675
7/8/2012,18.663
7/9/2012,18.581
7/10/2012,18.525
7/11/2012,18.507
7/12/2012,18.559
7/13/2012,18.643
7/14/2012,18.711
7/15/2012,18.771
7/16/2012,18.867
7/17/2012,19.227
7/18/2012,19.329
7/19/2012,19.291
7/20/2012,19.335
7/21/2012,19.431
7/22/2012,19.399
7/23/2012,19.291
7/24/2012,19.217
7/25/2012,19.103
7/26/2012,19.003
7/27/2012,18.987
7/28/2012,18.931
7/29/2012,18.907
7/30/2012,18.891
7/31/2012,18.853
8/1/2012,18.797
8/2/2012,18.735
8/3/2012,18.667
8/4/2012,18.651
8/5/2012,18.647
8/6/2012,18.637
8/7/2012,18.611
8/8/2012,18.583
8/9/2012,18.543
8/10/2012,18.465
8/11/2012,18.363
8/12/2012,18.249
8/13/2012,18.127
8/14/2012,18.081
8/15/2012,17.991
8/16/2012,17.861
8/17/2012,17.743
8/18/2012,17.655
8/19/2012,17.571
8/20/2012,17.507
8/21/2012,17.445
8/22/2012,17.573
8/23/2012,17.695
8/24/2012,17.881
8/25/2012,17.953
8/26/2012,18.121
8/27/2012,18.305
8/28/2012,18.477
8/29/2012,18.543
8/30/2012,18.539
8/31/2012,18.445
9/1/2012,18.325
9/2/2012,18.257
9/3/2012,18.269
9/4/2012,18.273
9/5/2012,18.199
9/6/2012,18.269
9/7/2012,18.335
9/8/2012,18.303
9/9/2012,18.121
9/10/2012,17.875
9/11/2012,17.635
9/12/2012,17.489
9/13/2012,17.379
9/14/2012,17.551
9/15/2012,17.633
9/16/2012,18.197
9/17/2012,18.549
9/18/2012,18.673
9/19/2012,18.699
9/20/2012,18.619
9/21/2012,18.721
9/22/2012,18.875
9/23/2012,19.099
9/24/2012,19.243
9/25/2012,19.469
9/26/2012,19.701
9/27/2012,19.875
9/28/2012,19.921
9/29/2012,19.785
9/30/2012,19.491
11/1/2012,15.233
11/2/2012,15.149
11/3/2012,15.069
11/4/2012,14.985
11/5/2012,14.921
11/6/2012,14.843
11/7/2012,14.767
11/8/2012,14.703
11/9/2012,14.621
11/10/2012,14.541
11/11/2012,14.485
11/12/2012,14.463
11/13/2012,14.427
11/14/2012,14.375
11/15/2012,14.345
11/16/2012,14.301
11/17/2012,14.255
11/18/2012,14.213
11/19/2012,14.161
11/20/2012,14.109
11/21/2012,14.063
11/22/2012,14.013
11/23/2012,13.955
11/24/2012,13.899
11/25/2012,13.863
11/26/2012,13.837
11/27/2012,13.813
11/28/2012,13.793
11/29/2012,13.745
11/30/2012,13.691
12/1/2012,13.659
12/2/2012,13.633
12/3/2012,13.611
12/4/2012,13.589
12/5/2012,13.555
12/6/2012,13.527
12/7/2012,13.485
12/8/2012,13.451
12/9/2012,13.425
12/10/2012,13.399
12/11/2012,13.357
12/12/2012,13.333
12/13/2012,13.315
12/14/2012,13.287
12/15/2012,13.243
12/16/2012,13.221
12/17/2012,13.205
12/18/2012,13.181
12/19/2012,13.157
12/20/2012,13.137
12/21/2012,13.137
12/22/2012,13.127
12/23/2012,13.121
12/24/2012,13.087
12/25/2012,13.053
12/26/2012,13.021
12/27/2012,12.995
12/28/2012,12.971
12/29/2012,12.947
12/30/2012,12.911
12/31/2012,12.883
1/1/2013,12.861
1/2/2013,12.825
1/3/2013,12.787
1/4/2013,12.745
1/5/2013,12.711
1/6/2013,12.679
1/7/2013,12.663
1/8/2013,12.645
1/9/2013,12.621
1/10/2013,12.607
1/11/2013,12.597
1/12/2013,12.581
1/13/2013,12.563
1/14/2013,12.547
1/15/2013,12.537
1/16/2013,12.523
1/17/2013,12.507
1/18/2013,12.491
1/19/2013,12.467
1/20/2013,12.441
1/21/2013,12.413
1/22/2013,12.391
1/23/2013,12.373
1/24/2013,12.355
1/25/2013,12.331
1/26/2013,12.313
1/27/2013,12.291
1/28/2013,12.273
1/29/2013,12.267
1/30/2013,12.267
1/31/2013,12.257
2/1/2013,12.243
2/2/2013,12.221
2/3/2013,12.207
2/4/2013,12.197
2/5/2013,12.181
2/6/2013,12.157
2/7/2013,12.133
2/8/2013,12.115
2/9/2013,12.091
2/10/2013,12.077
2/11/2013,12.061
2/12/2013,12.047
2/13/2013,12.037
2/14/2013,12.027
2/15/2013,12.011
2/16/2013,11.997
2/17/2013,11.987
2/18/2013,11.987
2/19/2013,11.977
2/20/2013,11.993
2/21/2013,12.007
2/22/2013,11.997
2/23/2013,11.997
2/24/2013,11.987
2/25/2013,11.987
2/26/2013,11.997
2/27/2013,12.013
2/28/2013,12.049
3/1/2013,12.049
3/2/2013,12.031
3/3/2013,12.003
3/4/2013,11.983
3/5/2013,11.953
3/6/2013,11.925
3/7/2013,11.903
3/8/2013,11.887
3/9/2013,11.887
3/10/2013,11.877
3/11/2013,11.877
3/12/2013,11.887
3/13/2013,11.877
3/14/2013,11.867
3/15/2013,11.857
3/16/2013,11.839
3/17/2013,11.827
3/18/2013,11.817
3/19/2013,11.807
3/20/2013,11.797
3/21/2013,11.787
3/22/2013,11.791
3/23/2013,11.827
3/24/2013,11.867
3/25/2013,11.943
3/26/2013,11.995
3/27/2013,12.041
3/28/2013,12.101
3/29/2013,12.149
3/30/2013,12.173
3/31/2013,12.169
4/1/2013,12.157
4/2/2013,12.157
4/3/2013,12.181
4/4/2013,12.227
4/5/2013,12.237
4/6/2013,12.275
4/7/2013,12.331
4/8/2013,12.473
4/9/2013,12.629
4/10/2013,12.691
4/11/2013,12.697
4/12/2013,12.687
4/13/2013,12.749
4/14/2013,12.909
4/15/2013,12.967
4/16/2013,12.969
4/17/2013,12.939
4/18/2013,12.955
4/19/2013,13.193
4/20/2013,13.735
4/21/2013,13.973
4/22/2013,14.117
4/23/2013,14.025
4/24/2013,14.011
4/25/2013,13.891
4/26/2013,13.785
4/27/2013,13.719
4/28/2013,13.685
4/29/2013,13.663
4/30/2013,13.633
7/1/2013,17.701
7/2/2013,18.207
7/3/2013,18.425
7/4/2013,18.393
7/5/2013,18.299
7/6/2013,18.287
7/7/2013,18.411
7/8/2013,18.611
7/9/2013,18.775
7/10/2013,18.893
7/11/2013,19.103
7/12/2013,19.147
7/13/2013,19.023
7/14/2013,18.897
7/15/2013,18.827
7/16/2013,18.739
7/17/2013,18.587
7/18/2013,18.519
7/19/2013,18.457
7/20/2013,18.533
7/21/2013,18.585
7/22/2013,18.543
7/23/2013,18.479
7/24/2013,18.495
7/25/2013,18.507
7/26/2013,18.553
7/27/2013,18.617
7/28/2013,18.601
7/29/2013,18.509
7/30/2013,18.455
7/31/2013,18.383
8/1/2013,18.301
8/2/2013,18.243
8/3/2013,18.201
8/4/2013,18.109
8/5/2013,17.955
8/6/2013,17.845
8/7/2013,17.891
8/8/2013,17.967
8/9/2013,17.947
8/10/2013,17.889
8/11/2013,17.941
8/12/2013,18.051
8/13/2013,18.103
8/14/2013,18.097
8/15/2013,18.001
8/16/2013,17.889
8/17/2013,17.801
8/18/2013,17.753
8/19/2013,17.665
8/20/2013,17.553
8/21/2013,17.465
8/22/2013,17.427
8/23/2013,17.359
8/24/2013,17.269
8/25/2013,17.103
8/26/2013,16.981
8/27/2013,16.927
8/28/2013,16.965
8/29/2013,17.067
8/30/2013,17.061
8/31/2013,17.079
9/1/2013,17.087
9/2/2013,17.093
9/3/2013,17.225
9/4/2013,17.339
9/5/2013,17.533
9/6/2013,17.891
9/7/2013,18.175
9/8/2013,18.617
9/9/2013,19.057
9/10/2013,19.321
9/11/2013,19.377
9/12/2013,19.195
9/13/2013,18.915
9/14/2013,18.591
9/15/2013,18.313
9/16/2013,18.039
9/17/2013,17.805
9/18/2013,17.531
9/19/2013,17.363
9/20/2013,17.153
9/21/2013,16.839
9/22/2013,16.715
9/23/2013,16.565
9/24/2013,16.449
9/25/2013,16.349
9/26/2013,16.279
9/27/2013,16.267
9/28/2013,16.269
9/29/2013,16.311
9/30/2013,16.329
10/1/2013,16.333
10/2/2013,16.291
10/3/2013,16.211
10/4/2013,16.117
10/5/2013,16.023
10/6/2013,15.971
10/7/2013,16.015
10/8/2013,16.095
10/9/2013,16.053
10/10/2013,16.007
10/11/2013,15.993
10/12/2013,16.051
10/13/2013,16.009
10/14/2013,15.915
10/15/2013,15.837
10/16/2013,15.831
10/17/2013,15.927
10/18/2013,15.807
10/19/2013,15.629
10/20/2013,15.417
10/21/2013,15.279
10/22/2013,15.197
10/23/2013,15.167
10/24/2013,15.141
10/25/2013,15.121
10/26/2013,15.163
10/27/2013,15.191
10/28/2013,15.271
10/29/2013,15.279
10/30/2013,15.179
10/31/2013,15.069
11/1/2013,14.957
11/2/2013,14.877
11/3/2013,14.859
11/4/2013,14.927
11/5/2013,15.023
11/6/2013,15.057
11/7/2013,14.975
11/8/2013,14.869
11/9/2013,14.763
11/10/2013,14.649
11/11/2013,14.527
11/12/2013,14.441
11/13/2013,14.361
11/14/2013,14.283
11/15/2013,14.175
11/16/2013,14.101
11/17/2013,14.035
11/18/2013,13.981
11/19/2013,13.891
11/20/2013,13.891
11/21/2013,13.831
11/22/2013,13.787
11/23/2013,13.719
11/24/2013,13.675
11/25/2013,13.627
11/26/2013,13.577
11/27/2013,13.529
11/28/2013,13.485
11/29/2013,13.447
11/30/2013,13.411
12/1/2013,13.375
12/2/2013,13.325
12/3/2013,13.271
12/4/2013,13.241
12/5/2013,13.223
12/6/2013,13.197
12/7/2013,13.159
12/8/2013,13.127
12/9/2013,13.095
12/10/2013,13.055
12/11/2013,13.023
12/12/2013,13.005
12/13/2013,12.969
12/14/2013,12.941
12/15/2013,12.907
12/16/2013,12.883
12/17/2013,12.865
12/18/2013,12.841
12/19/2013,12.821
12/20/2013,12.801
12/21/2013,12.783
12/22/2013,12.751
12/23/2013,12.723
12/24/2013,12.705
12/25/2013,12.671
12/26/2013,12.651
12/27/2013,12.631
12/28/2013,12.605
12/29/2013,12.581
12/30/2013,12.551
12/31/2013,12.521
1/1/2014,12.501
1/2/2014,12.481
1/3/2014,12.449
1/4/2014,12.431
1/5/2014,12.409
1/6/2014,12.397
1/7/2014,12.397
1/8/2014,12.379
1/9/2014,12.359
1/10/2014,12.341
1/11/2014,12.321
1/12/2014,12.297
1/13/2014,12.283
1/14/2014,12.267
1/15/2014,12.253
1/16/2014,12.233
1/17/2014,12.211
1/18/2014,12.197
1/19/2014,12.183
1/20/2014,12.161
1/21/2014,12.145
1/22/2014,12.127
1/23/2014,12.117
1/24/2014,12.107
1/25/2014,12.097
1/26/2014,12.087
1/27/2014,12.073
1/28/2014,12.055
1/29/2014,12.031
1/30/2014,12.013
1/31/2014,11.993
6/1/2014,15.635
6/2/2014,15.443
6/3/2014,15.391
6/4/2014,15.491
6/5/2014,15.597
6/6/2014,15.657
6/7/2014,15.665
6/8/2014,15.727
6/9/2014,16.051
6/10/2014,16.313
6/11/2014,16.377
6/12/2014,16.387
6/13/2014,16.387
6/14/2014,16.423
6/15/2014,16.519
6/16/2014,16.655
6/17/2014,16.711
6/18/2014,16.631
6/19/2014,16.555
6/20/2014,16.441
6/21/2014,16.377
6/22/2014,16.349
6/23/2014,16.619
6/24/2014,16.877
6/25/2014,17.209
6/26/2014,17.511
6/27/2014,17.849
6/28/2014,18.013
6/29/2014,18.037
6/30/2014,18.029
7/1/2014,18.043
7/2/2014,17.919
7/3/2014,17.801
7/4/2014,17.803
7/5/2014,17.911
7/6/2014,18.021
7/7/2014,18.087
7/8/2014,18.111
7/9/2014,17.967
7/10/2014,17.957
7/11/2014,17.991
7/12/2014,17.919
7/13/2014,17.859
7/14/2014,17.927
7/15/2014,17.913
7/16/2014,17.851
7/17/2014,17.807
7/18/2014,17.813
7/19/2014,17.865
7/20/2014,17.965
7/21/2014,18.093
7/22/2014,18.279
7/23/2014,18.417
7/24/2014,18.431
7/25/2014,18.421
7/26/2014,18.367
7/27/2014,18.319
7/28/2014,18.185
7/29/2014,18.091
7/30/2014,18.035
7/31/2014,17.931
8/1/2014,17.869
8/2/2014,17.803
8/3/2014,17.753
8/4/2014,17.693
8/5/2014,17.687
8/6/2014,17.697
8/7/2014,17.697
8/8/2014,17.699
8/9/2014,17.627
8/10/2014,17.615
8/11/2014,17.693
8/12/2014,17.727
8/13/2014,17.733
8/14/2014,17.829
8/15/2014,17.995
8/16/2014,18.235
8/17/2014,18.785
8/18/2014,19.131
8/19/2014,19.259
8/20/2014,19.317
8/21/2014,19.327
8/22/2014,19.321
8/23/2014,19.269
8/24/2014,19.211
8/25/2014,19.233
8/26/2014,19.237
8/27/2014,19.353
8/28/2014,19.587
8/29/2014,19.673
8/30/2014,19.609
8/31/2014,19.443
9/1/2014,19.217
9/2/2014,19.003
9/3/2014,18.793
9/4/2014,18.579
9/5/2014,18.351
9/6/2014,18.157
9/7/2014,17.979
9/8/2014,17.855
9/9/2014,17.705
9/10/2014,17.609
9/11/2014,17.667
9/12/2014,17.679
9/13/2014,17.571
9/14/2014,17.559
9/15/2014,17.625
9/16/2014,17.707
9/17/2014,17.737
9/18/2014,17.655
9/19/2014,17.533
9/20/2014,17.467
9/21/2014,17.443
9/22/2014,18.081
9/23/2014,18.651
9/24/2014,18.755
9/25/2014,18.719
9/26/2014,18.621
9/27/2014,18.581
9/28/2014,18.569
9/29/2014,18.585
9/30/2014,18.509
10/1/2014,18.387
10/2/2014,18.285
10/3/2014,18.155
10/4/2014,17.971
10/5/2014,17.679
10/6/2014,17.401
10/7/2014,17.145
10/8/2014,16.937
10/9/2014,16.631
10/10/2014,16.483
10/11/2014,16.351
10/12/2014,16.193
10/13/2014,15.935
10/14/2014,15.829
10/15/2014,15.749
10/16/2014,15.627
10/17/2014,15.541
10/18/2014,15.445
10/19/2014,15.365
10/20/2014,15.261
10/21/2014,15.207
10/22/2014,15.187
10/23/2014,15.165
10/24/2014,15.057
10/25/2014,14.961
10/26/2014,14.863
10/27/2014,14.757
10/28/2014,14.661
10/29/2014,14.593
10/30/2014,14.519
10/31/2014,14.451
11/1/2014,14.377
11/2/2014,14.317
11/3/2014,14.277
11/4/2014,14.221
11/5/2014,14.157
11/6/2014,14.089
11/7/2014,14.001
11/8/2014,13.943
11/9/2014,13.891
11/10/2014,13.853
11/11/2014,13.809
11/12/2014,13.777
11/13/2014,13.719
11/14/2014,13.633
11/15/2014,13.545
11/16/2014,13.477
11/17/2014,13.459
11/18/2014,13.427
11/19/2014,13.407
11/20/2014,13.407
11/21/2014,13.397
11/22/2014,13.393
11/23/2014,13.367
11/24/2014,13.323
11/25/2014,13.287
11/26/2014,13.247
11/27/2014,13.213
11/28/2014,13.191
11/29/2014,13.165
11/30/2014,13.133
1/1/2015,12.221
1/2/2015,12.203
1/3/2015,12.187
1/4/2015,12.187
1/5/2015,12.167
1/6/2015,12.147
1/7/2015,12.131
1/8/2015,12.117
1/9/2015,12.107
1/10/2015,12.085
1/11/2015,12.061
1/12/2015,12.047
1/13/2015,12.037
1/14/2015,12.027
1/15/2015,12.027
1/16/2015,12.011
1/17/2015,11.993
1/18/2015,11.977
1/19/2015,11.957
1/20/2015,11.915
1/21/2015,11.881
1/22/2015,11.853
1/23/2015,11.831
1/24/2015,11.813
1/25/2015,11.791
1/26/2015,11.781
1/27/2015,11.757
1/28/2015,11.741
1/29/2015,11.717
1/30/2015,11.707
1/31/2015,11.697
2/1/2015,11.677
2/2/2015,11.663
2/3/2015,11.647
2/4/2015,11.629
2/5/2015,11.617
2/6/2015,11.601
2/7/2015,11.587
2/8/2015,11.577
2/9/2015,11.567
2/10/2015,11.567
2/11/2015,11.567
2/12/2015,11.551
2/13/2015,11.533
2/14/2015,11.511
2/15/2015,11.493
2/16/2015,11.477
2/17/2015,11.477
2/18/2015,11.467
2/19/2015,11.461
2/20/2015,11.457
2/21/2015,11.453
2/22/2015,11.447
2/23/2015,11.437
2/24/2015,11.427
2/25/2015,11.417
2/26/2015,11.407
2/27/2015,11.407
2/28/2015,11.397
3/1/2015,11.397
3/2/2015,11.397
3/3/2015,11.387
3/4/2015,11.377
3/5/2015,11.377
3/6/2015,11.383
3/7/2015,11.403
3/8/2015,11.483
3/9/2015,11.649
3/10/2015,11.785
3/11/2015,11.851
3/12/2015,11.931
3/13/2015,12.073
3/14/2015,12.145
3/15/2015,12.113
3/16/2015,12.023
3/17/2015,11.915
3/18/2015,11.825
3/19/2015,11.757
3/20/2015,11.707
3/21/2015,11.671
3/22/2015,11.657
3/23/2015,11.647
3/24/2015,11.637
3/25/2015,11.665
3/26/2015,11.701
3/27/2015,11.785
3/28/2015,11.915
3/29/2015,11.957
3/30/2015,11.915
3/31/2015,11.877
4/1/2015,11.843
4/2/2015,11.817
4/3/2015,11.823
4/4/2015,11.843
4/5/2015,11.905
4/6/2015,12.037
4/7/2015,12.171
4/8/2015,12.335
4/9/2015,12.515
4/10/2015,12.703
4/11/2015,12.913
4/12/2015,13.183
4/13/2015,13.527
4/14/2015,13.597
4/15/2015,13.583
4/16/2015,13.567
4/17/2015,13.557
4/18/2015,13.489
4/19/2015,13.399
4/20/2015,13.283
4/21/2015,13.239
4/22/2015,13.209
4/23/2015,13.153
4/24/2015,13.303
4/25/2015,13.645
4/26/2015,13.979
4/27/2015,14.075
4/28/2015,13.993
4/29/2015,13.949
4/30/2015,13.951
5/1/2015,14.035
5/2/2015,14.137
5/3/2015,14.125
5/4/2015,14.049
5/5/2015,14.043
5/6/2015,13.931
5/7/2015,13.877
5/8/2015,13.869
5/9/2015,13.933
5/10/2015,14.001
5/11/2015,14.081
5/12/2015,14.093
5/13/2015,14.019
5/14/2015,13.915
5/15/2015,13.907
5/16/2015,13.907
5/17/2015,13.899
5/18/2015,13.995
5/19/2015,14.189
5/20/2015,14.367
5/21/2015,14.481
5/22/2015,14.705
5/23/2015,15.121
5/24/2015,15.531
5/25/2015,15.565
5/26/2015,15.487
5/27/2015,15.543
5/28/2015,15.725
5/29/2015,16.103
5/30/2015,16.305
5/31/2015,16.439
6/1/2015,16.513
6/2/2015,16.817
6/3/2015,16.997
6/4/2015,16.841
6/5/2015,16.685
6/6/2015,16.641
6/7/2015,16.987
6/8/2015,17.473
6/9/2015,17.689
6/10/2015,17.831
6/11/2015,18.261
6/12/2015,18.767
6/13/2015,18.941
6/14/2015,18.987
6/15/2015,18.851
6/16/2015,18.569
6/17/2015,18.269
6/18/2015,18.205
6/19/2015,18.283
6/20/2015,18.359
6/21/2015,18.215
6/22/2015,18.187
6/23/2015,18.159
6/24/2015,18.199
6/25/2015,18.229
6/26/2015,18.281
6/27/2015,18.187
6/28/2015,18.155
6/29/2015,18.113
6/30/2015,18.097
7/1/2015,18.095
7/2/2015,18.027
7/3/2015,18.131
7/4/2015,18.005
7/5/2015,17.979
7/6/2015,18.193
7/7/2015,18.259
7/8/2015,18.237
7/9/2015,18.165
7/10/2015,18.113
7/11/2015,17.995
7/12/2015,17.867
7/13/2015,17.717
7/14/2015,17.501
7/15/2015,17.287
7/16/2015,17.257
7/17/2015,17.339
7/18/2015,17.405
7/19/2015,17.431
7/20/2015,17.447
7/21/2015,17.461
7/22/2015,17.455
7/23/2015,17.379
7/24/2015,17.111
7/25/2015,16.981
7/26/2015,16.971
7/27/2015,17.081
7/28/2015,17.161
7/29/2015,17.157
7/30/2015,17.069
7/31/2015,16.985
8/1/2015,16.817
8/2/2015,16.459
8/3/2015,16.257
8/4/2015,16.127
8/5/2015,16.043
8/6/2015,16.019
8/7/2015,16.085
8/8/2015,16.341
8/9/2015,16.419
8/10/2015,16.457
8/11/2015,16.569
8/12/2015,16.629
8/13/2015,16.731
8/14/2015,16.809
8/15/2015,16.813
8/16/2015,16.897
8/17/2015,16.941
8/18/2015,17.065
8/19/2015,17.329
8/20/2015,17.683
8/21/2015,18.415
8/22/2015,19.045
8/23/2015,19.285
8/24/2015,19.407
8/25/2015,19.399
8/26/2015,19.287
8/27/2015,19.109
8/28/2015,18.981
8/29/2015,18.887
8/30/2015,18.849
8/31/2015,18.885
9/1/2015,18.999
9/2/2015,19.159
9/3/2015,19.357
9/4/2015,19.477
9/5/2015,19.591
9/6/2015,19.641
9/7/2015,19.599
9/8/2015,19.491
9/9/2015,19.303
9/10/2015,19.083
9/11/2015,18.917
9/12/2015,18.737
9/13/2015,18.545
9/14/2015,18.301
9/15/2015,18.087
9/16/2015,17.885
9/17/2015,17.785
9/18/2015,17.643
9/19/2015,17.501
9/20/2015,17.477
9/21/2015,17.503
9/22/2015,17.607
9/23/2015,17.897
9/24/2015,18.015
9/25/2015,18.005
9/26/2015,17.997
9/27/2015,18.025
9/28/2015,18.119
9/29/2015,18.175
9/30/2015,18.121
10/1/2015,18.025
10/2/2015,17.871
10/3/2015,17.491
10/4/2015,17.269
10/5/2015,16.951
10/6/2015,16.685
10/7/2015,16.491
10/8/2015,16.305
10/9/2015,16.155
10/10/2015,16.039
10/11/2015,15.845
10/12/2015,15.755
10/13/2015,15.665
10/14/2015,15.601
10/15/2015,15.525
10/16/2015,15.461
10/17/2015,15.393
10/18/2015,15.325
10/19/2015,15.193
10/20/2015,15.085
10/21/2015,14.993
10/22/2015,14.883
10/23/2015,14.809
10/24/2015,14.733
10/25/2015,14.685
10/26/2015,14.607
10/27/2015,14.543
10/28/2015,14.455
10/29/2015,14.379
10/30/2015,14.367
10/31/2015,14.351
11/1/2015,14.299
11/2/2015,14.197
11/3/2015,14.125
11/4/2015,14.081
11/5/2015,14.003
11/6/2015,13.957
11/7/2015,13.921
11/8/2015,13.915
11/9/2015,13.897
11/10/2015,13.887
11/11/2015,13.877
11/12/2015,13.867
11/13/2015,13.857
11/14/2015,13.841
11/15/2015,13.819
11/16/2015,13.771
11/17/2015,13.679
11/18/2015,13.601
11/19/2015,13.533
11/20/2015,13.453
11/21/2015,13.425
11/22/2015,13.369
11/23/2015,13.325
11/24/2015,13.291
11/25/2015,13.257
11/26/2015,13.215
11/27/2015,13.177
11/28/2015,13.141
11/29/2015,13.111
11/30/2015,13.057
12/1/2015,13.005
12/2/2015,12.985
12/3/2015,12.961
12/4/2015,12.931
12/5/2015,12.907
12/6/2015,12.873
12/7/2015,12.851
12/8/2015,12.825
12/9/2015,12.797
12/10/2015,12.767
12/11/2015,12.743
12/12/2015,12.709
12/13/2015,12.677
12/14/2015,12.651
12/15/2015,12.625
12/16/2015,12.599
12/17/2015,12.577
12/18/2015,12.551
12/19/2015,12.533
12/20/2015,12.509
12/21/2015,12.497
12/22/2015,12.495
12/23/2015,12.465
12/24/2015,12.435
12/25/2015,12.411
12/26/2015,12.385
12/27/2015,12.347
12/28/2015,12.309
12/29/2015,12.293
12/30/2015,12.249
12/31/2015,12.217
1/1/2016,12.187
1/2/2016,12.157
1/3/2016,12.147
1/4/2016,12.129
1/5/2016,12.097
1/6/2016,12.073
1/7/2016,12.051
1/8/2016,12.033
1/9/2016,12.015
1/10/2016,11.993
1/11/2016,11.971
1/12/2016,11.949
1/13/2016,11.937
1/14/2016,11.927
1/15/2016,11.915
1/16/2016,11.895
1/17/2016,11.887
1/18/2016,11.887
1/19/2016,11.877
1/20/2016,11.859
1/21/2016,11.853
1/22/2016,11.837
1/23/2016,11.827
1/24/2016,11.813
1/25/2016,11.787
1/26/2016,11.763
1/27/2016,11.741
1/28/2016,11.717
1/29/2016,11.697
1/30/2016,11.687
1/31/2016,11.671
2/1/2016,11.657
2/2/2016,11.645
2/3/2016,11.625
2/4/2016,11.609
2/5/2016,11.591
2/6/2016,11.573
2/7/2016,11.557
2/8/2016,11.543
2/9/2016,11.527
2/10/2016,11.517
2/11/2016,11.507
2/12/2016,11.497
2/13/2016,11.487
2/14/2016,11.477
2/15/2016,11.477
2/16/2016,11.481
2/17/2016,11.493
2/18/2016,11.507
2/19/2016,11.521
2/20/2016,11.541
2/21/2016,11.547
2/22/2016,11.521
2/23/2016,11.499
2/24/2016,11.483
2/25/2016,11.467
2/26/2016,11.457
2/27/2016,11.457
2/28/2016,11.461
2/29/2016,11.501
3/1/2016,11.615
3/2/2016,12.027
3/3/2016,12.097
3/4/2016,12.053
3/5/2016,11.977
3/6/2016,11.879
3/7/2016,11.811
3/8/2016,11.749
3/9/2016,11.697
3/10/2016,11.671
3/11/2016,11.649
3/12/2016,11.627
3/13/2016,11.617
3/14/2016,11.617
3/15/2016,11.617
3/16/2016,11.667
3/17/2016,11.765
3/18/2016,11.919
3/19/2016,12.041
3/20/2016,12.073
3/21/2016,12.061
3/22/2016,12.059
3/23/2016,12.113
3/24/2016,12.249
3/25/2016,12.329
3/26/2016,12.331
3/27/2016,12.271
3/28/2016,12.231
3/29/2016,12.233
3/30/2016,12.275
3/31/2016,12.333
4/1/2016,12.411
4/2/2016,12.393
4/3/2016,12.319
4/4/2016,12.287
4/5/2016,12.289
4/6/2016,12.373
4/7/2016,12.507
4/8/2016,12.617
4/9/2016,12.645
4/10/2016,12.609
4/11/2016,12.609
4/12/2016,12.675
4/13/2016,12.887
4/14/2016,13.651
4/15/2016,14.171
4/16/2016,14.283
4/17/2016,14.201
4/18/2016,14.241
4/19/2016,14.483
4/20/2016,14.659
4/21/2016,14.697
4/22/2016,14.653
4/23/2016,14.595
4/24/2016,14.581
4/25/2016,14.731
4/26/2016,15.017
4/27/2016,15.257
4/28/2016,15.463
4/29/2016,15.683
4/30/2016,15.911
5/1/2016,15.895
5/2/2016,15.659
5/3/2016,15.501
5/4/2016,15.393
5/5/2016,15.567
5/6/2016,15.635
5/7/2016,15.591
5/8/2016,15.439
5/9/2016,15.253
5/10/2016,15.079
5/11/2016,14.909
5/12/2016,14.757
5/13/2016,14.705
5/14/2016,14.667
5/15/2016,14.643
5/16/2016,14.589
5/17/2016,14.605
5/18/2016,14.915
5/19/2016,15.313
5/20/2016,15.685
5/21/2016,15.761
5/22/2016,16.239
5/23/2016,16.737
5/24/2016,16.831
5/25/2016,16.607
5/26/2016,16.375
5/27/2016,16.215
5/28/2016,16.189
5/29/2016,16.187
5/30/2016,16.137
5/31/2016,16.009
6/1/2016,16.031
6/2/2016,16.167
6/3/2016,16.153
6/4/2016,15.971
6/5/2016,15.791
6/6/2016,15.683
6/7/2016,15.667
6/8/2016,15.655
6/9/2016,15.583
6/10/2016,15.539
6/11/2016,15.555
6/12/2016,15.507
6/13/2016,15.543
6/14/2016,15.605
6/15/2016,15.999
6/16/2016,16.777
6/17/2016,16.945
6/18/2016,16.933
6/19/2016,16.917
6/20/2016,17.011
6/21/2016,17.237
6/22/2016,17.541
6/23/2016,17.889
6/24/2016,18.143
6/25/2016,18.433
6/26/2016,18.763
6/27/2016,18.797
6/28/2016,18.603
6/29/2016,18.373
6/30/2016,18.143
7/1/2016,18.009
7/2/2016,17.945
7/3/2016,18.097
7/4/2016,18.223
7/5/2016,18.333
7/6/2016,18.621
7/7/2016,18.807
7/8/2016,18.989
7/9/2016,18.989
7/10/2016,18.921
7/11/2016,18.817
7/12/2016,18.723
7/13/2016,18.647
7/14/2016,18.587
7/15/2016,18.525
7/16/2016,18.455
7/17/2016,18.467
7/18/2016,18.543
7/19/2016,18.853
7/20/2016,18.915
7/21/2016,18.953
7/22/2016,19.093
7/23/2016,19.195
7/24/2016,19.375
7/25/2016,19.617
7/26/2016,19.801
7/27/2016,19.973
7/28/2016,20.121
7/29/2016,20.177
7/30/2016,20.115
7/31/2016,20.001
8/1/2016,19.789
8/2/2016,19.559
8/3/2016,19.209
8/4/2016,18.977
8/5/2016,18.799
8/6/2016,18.615
8/7/2016,18.423
8/8/2016,18.263
8/9/2016,18.087
8/10/2016,17.959
8/11/2016,17.817
8/12/2016,17.783
8/13/2016,17.687
8/14/2016,17.633
8/15/2016,17.567
8/16/2016,17.467
8/17/2016,17.403
8/18/2016,17.339
8/19/2016,17.337
8/20/2016,17.287
8/21/2016,17.157
8/22/2016,17.043
8/23/2016,16.939
8/24/2016,16.847
8/25/2016,16.765
8/26/2016,16.667
8/27/2016,16.557
8/28/2016,16.497
8/29/2016,16.437
8/30/2016,16.333
8/31/2016,16.295
9/1/2016,16.307
9/2/2016,16.311
9/3/2016,16.565
9/4/2016,16.823
9/5/2016,17.135
9/6/2016,17.197
9/7/2016,17.393
9/8/2016,17.653
9/9/2016,17.777
9/10/2016,17.835
9/11/2016,17.971
9/12/2016,18.021
9/13/2016,18.149
9/14/2016,18.307
9/15/2016,18.303
9/16/2016,18.097
9/17/2016,17.903
9/18/2016,17.693
9/19/2016,17.577
9/20/2016,17.417
9/21/2016,17.221
9/22/2016,17.263
9/23/2016,17.469
9/24/2016,17.545
9/25/2016,17.551
9/26/2016,17.737
9/27/2016,17.909
9/28/2016,17.957
9/29/2016,17.991
9/30/2016,18.163
10/1/2016,18.279
10/2/2016,18.263
10/3/2016,18.139
10/4/2016,17.897
10/5/2016,17.667
10/6/2016,17.473
10/7/2016,17.179
10/8/2016,16.947
10/9/2016,16.779
10/10/2016,16.713
10/11/2016,16.647
10/12/2016,16.603
10/13/2016,16.833
10/14/2016,17.431
10/15/2016,17.703
10/16/2016,17.947
10/17/2016,18.007
10/18/2016,18.007
10/19/2016,17.911
10/20/2016,17.659
10/21/2016,17.423
10/22/2016,17.037
10/23/2016,16.731
10/24/2016,16.457
10/25/2016,16.195
10/26/2016,16.007
10/27/2016,15.839
10/28/2016,15.671
10/29/2016,15.517
10/30/2016,15.397
10/31/2016,15.301
11/1/2016,15.203
11/2/2016,15.099
11/3/2016,15.009
11/4/2016,14.909
11/5/2016,14.825
11/6/2016,14.733
11/7/2016,14.649
11/8/2016,14.575
11/9/2016,14.515
11/10/2016,14.435
11/11/2016,14.393
11/12/2016,14.387
11/13/2016,14.371
11/14/2016,14.343
11/15/2016,14.317
11/16/2016,14.245
11/17/2016,14.167
11/18/2016,14.081
11/19/2016,14.015
11/20/2016,13.947
11/21/2016,13.901
11/22/2016,13.851
11/23/2016,13.763
11/24/2016,13.711
11/25/2016,13.667
11/26/2016,13.613
11/27/2016,13.557
11/28/2016,13.513
11/29/2016,13.487
11/30/2016,13.457
12/1/2016,13.425
12/2/2016,13.373
12/3/2016,13.337
12/4/2016,13.285
12/5/2016,13.253
12/6/2016,13.217
12/7/2016,13.165
12/8/2016,13.127
12/9/2016,13.097
12/10/2016,13.055
12/11/2016,13.027
12/12/2016,12.997
12/13/2016,12.965
12/14/2016,12.927
12/15/2016,12.897
12/16/2016,12.875
12/17/2016,12.847
12/18/2016,12.815
12/19/2016,12.787
12/20/2016,12.757
12/21/2016,12.735
12/22/2016,12.717
12/23/2016,12.685
12/24/2016,12.667
12/25/2016,12.627
12/26/2016,12.627
12/27/2016,12.617
12/28/2016,12.587
12/29/2016,12.577
12/30/2016,12.557
12/31/2016,12.547
1/1/2017,12.511
1/2/2017,12.487
1/3/2017,12.477
1/4/2017,12.467
1/5/2017,12.457
1/6/2017,12.447
1/7/2017,12.437
1/8/2017,12.397
1/9/2017,12.347
1/10/2017,12.307
1/11/2017,12.287
1/12/2017,12.257
1/13/2017,12.237
1/14/2017,12.217
1/15/2017,12.207
1/16/2017,12.187
1/17/2017,12.167
1/18/2017,12.137
1/19/2017,12.107
1/20/2017,12.097
1/21/2017,12.087
1/22/2017,12.077
1/23/2017,12.047
1/24/2017,12.047
1/25/2017,12.037
1/26/2017,12.007
1/27/2017,11.987
1/28/2017,11.967
1/29/2017,11.937
1/30/2017,11.917
1/31/2017,11.907
2/1/2017,11.897
2/2/2017,11.887
2/3/2017,11.877
2/4/2017,11.857
2/5/2017,11.847
2/6/2017,11.827
2/7/2017,11.807
2/8/2017,11.787
2/9/2017,11.767
2/10/2017,11.757
2/11/2017,11.737
2/12/2017,11.717
2/13/2017,11.707
2/14/2017,11.687
2/15/2017,11.677
2/16/2017,11.677
2/17/2017,11.657
2/18/2017,11.647
2/19/2017,11.645
2/20/2017,11.627
2/21/2017,11.627
2/22/2017,11.627
2/23/2017,11.617
2/24/2017,11.623
2/25/2017,11.645
2/26/2017,11.667
2/27/2017,11.677
2/28/2017,11.687
3/1/2017,11.697
3/2/2017,11.717
3/3/2017,11.735
3/4/2017,11.905
3/5/2017,11.963
3/6/2017,11.979
3/7/2017,11.901
3/8/2017,11.869
3/9/2017,11.811
3/10/2017,11.777
3/11/2017,11.759
3/12/2017,11.847
3/13/2017,12.069
3/14/2017,12.341
3/15/2017,12.453
3/16/2017,12.423
3/17/2017,12.345
3/18/2017,12.283
3/19/2017,12.297
3/20/2017,12.339
3/21/2017,12.453
3/22/2017,12.511
3/23/2017,12.457
3/24/2017,12.407
3/25/2017,12.337
3/26/2017,12.373
3/27/2017,12.293
3/28/2017,12.299
3/29/2017,12.427
3/30/2017,12.367
3/31/2017,12.347
4/1/2017,12.317
4/2/2017,12.367
4/3/2017,12.475
4/4/2017,12.703
4/5/2017,13.031
4/6/2017,13.231
4/7/2017,13.407
4/8/2017,13.585
4/9/2017,13.845
4/10/2017,14.087
4/11/2017,14.105
4/12/2017,13.969
4/13/2017,13.807
4/14/2017,13.627
4/15/2017,13.499
4/16/2017,13.721
4/17/2017,13.867
4/18/2017,13.921
4/19/2017,13.817
4/20/2017,13.659
4/21/2017,13.525
4/22/2017,13.605
4/23/2017,13.555
4/24/2017,13.567
4/25/2017,13.587
4/26/2017,13.533
4/27/2017,13.549
4/28/2017,13.657
4/29/2017,13.813
4/30/2017,14.037
5/1/2017,14.393
5/2/2017,15.227
5/3/2017,15.635
5/4/2017,15.871
5/5/2017,15.613
5/6/2017,15.463
5/7/2017,15.359
5/8/2017,15.367
5/9/2017,15.383
5/10/2017,15.339
5/11/2017,15.287
5/12/2017,15.357
5/13/2017,15.377
5/14/2017,15.347
5/15/2017,15.257
5/16/2017,14.951
5/17/2017,14.899
5/18/2017,14.843
5/19/2017,14.779
5/20/2017,14.747
5/21/2017,14.737
5/22/2017,14.717
5/23/2017,14.757
5/24/2017,14.717
5/25/2017,14.833
5/26/2017,15.063
5/27/2017,15.363
5/28/2017,15.565
5/29/2017,15.669
5/30/2017,15.677
5/31/2017,15.687
6/1/2017,15.747
6/2/2017,15.727
6/3/2017,15.747
6/4/2017,15.823
6/5/2017,16.371
6/6/2017,17.059
6/7/2017,17.287
6/8/2017,17.507
6/9/2017,17.481
6/10/2017,17.235
6/11/2017,16.885
6/12/2017,16.623
6/13/2017,16.409
6/14/2017,16.317
6/15/2017,16.367
6/16/2017,16.563
6/17/2017,16.753
6/18/2017,16.965
6/19/2017,17.293
6/20/2017,17.591
6/21/2017,17.863
6/22/2017,17.979
6/23/2017,17.997
6/24/2017,18.007
6/25/2017,17.997
6/26/2017,17.937
6/27/2017,17.731
6/28/2017,17.697
6/29/2017,17.549
6/30/2017,17.743
7/1/2017,17.897
7/2/2017,18.147
7/3/2017,18.323
7/4/2017,18.441
7/5/2017,18.621
7/6/2017,18.899
7/7/2017,19.197
7/8/2017,19.317
7/9/2017,19.327
7/10/2017,19.337
7/11/2017,19.633
7/12/2017,19.761
7/13/2017,19.807
7/14/2017,19.835
7/15/2017,19.731
7/16/2017,19.517
7/17/2017,19.191
7/18/2017,18.949
7/19/2017,18.683
7/20/2017,18.529
7/21/2017,18.397
7/22/2017,18.229
7/23/2017,18.161
7/24/2017,18.137
7/25/2017,18.141
7/26/2017,18.085
7/27/2017,18.021
7/28/2017,17.927
7/29/2017,17.859
7/30/2017,17.881
7/31/2017,17.901
8/1/2017,17.975
8/2/2017,17.939
8/3/2017,17.927
8/4/2017,17.939
8/5/2017,18.057
8/6/2017,18.091
8/7/2017,18.027
8/8/2017,17.993
8/9/2017,18.009
8/10/2017,18.163
8/11/2017,18.453
8/12/2017,19.075
8/13/2017,19.669
8/14/2017,20.195
8/15/2017,20.293
8/16/2017,20.297
8/17/2017,20.165
8/18/2017,19.943
8/19/2017,19.707
8/20/2017,19.515
8/21/2017,19.347
8/22/2017,19.197
8/23/2017,18.997
8/24/2017,18.903
8/25/2017,18.771
8/26/2017,18.603
8/27/2017,18.465
8/28/2017,18.439
8/29/2017,18.293
8/30/2017,18.187
8/31/2017,18.035
9/1/2017,17.939
9/2/2017,18.011
9/3/2017,18.043
9/4/2017,18.033
9/5/2017,18.047
9/6/2017,18.067
9/7/2017,18.117
9/8/2017,18.227
9/9/2017,18.359
9/10/2017,18.543
9/11/2017,18.801
9/12/2017,18.845
9/13/2017,18.723
9/14/2017,18.599
9/15/2017,18.475
9/16/2017,18.379
9/17/2017,18.199
9/18/2017,17.997
9/19/2017,17.823
9/20/2017,17.717
9/21/2017,17.625
9/22/2017,17.531
9/23/2017,17.539
9/24/2017,17.409
9/25/2017,17.333
9/26/2017,17.317
9/27/2017,17.417
9/28/2017,17.509
9/29/2017,17.517
9/30/2017,17.583
10/1/2017,17.705
10/2/2017,17.969
10/3/2017,18.017
10/4/2017,17.863
10/5/2017,17.693
10/6/2017,17.593
10/7/2017,17.629
10/8/2017,17.713
10/9/2017,17.775
10/10/2017,17.751
10/11/2017,17.533
10/12/2017,17.245
10/13/2017,16.971
10/14/2017,16.793
10/15/2017,16.559
10/16/2017,16.503
10/17/2017,16.465
10/18/2017,16.399
10/19/2017,16.363
10/20/2017,16.359
10/21/2017,16.625
10/22/2017,16.819
10/23/2017,16.649
10/24/2017,16.427
10/25/2017,16.241
10/26/2017,16.143
10/27/2017,16.131
10/28/2017,16.155
10/29/2017,16.301
10/30/2017,16.399
10/31/2017,16.463
11/1/2017,16.305
11/2/2017,16.011
11/3/2017,15.757
11/4/2017,15.581
11/5/2017,15.419
11/6/2017,15.295
11/7/2017,15.165
11/8/2017,15.123
11/9/2017,14.899
11/10/2017,14.787
11/11/2017,14.741
11/12/2017,14.735
11/13/2017,14.683
11/14/2017,14.619
11/15/2017,14.525
11/16/2017,14.471
11/17/2017,14.387
11/18/2017,14.339
11/19/2017,14.257
11/20/2017,14.203
11/21/2017,14.161
11/22/2017,14.083
11/23/2017,13.977
11/24/2017,13.879
11/25/2017,13.865
11/26/2017,13.791
11/27/2017,13.737
11/28/2017,13.737
11/29/2017,13.727
11/30/2017,13.693
12/1/2017,13.653
12/2/2017,13.631
12/3/2017,13.593
12/4/2017,13.571
12/5/2017,13.557
12/6/2017,13.547
12/7/2017,13.537
12/8/2017,13.517
12/9/2017,13.481
12/10/2017,13.427
12/11/2017,13.417
12/12/2017,13.389
12/13/2017,13.343
12/14/2017,13.311
12/15/2017,13.277
12/16/2017,13.257
12/17/2017,13.231
12/18/2017,13.199
12/19/2017,13.187
12/20/2017,13.177
12/21/2017,13.151
12/22/2017,13.117
12/23/2017,13.087
12/24/2017,13.077
12/25/2017,13.057
12/26/2017,13.021
12/27/2017,12.987
12/28/2017,12.971
12/29/2017,12.931
12/30/2017,12.917
12/31/2017,12.887
1/1/2018,12.861
1/2/2018,12.827
1/3/2018,12.807
1/4/2018,12.783
1/5/2018,12.753
1/6/2018,12.727
1/7/2018,12.701
1/8/2018,12.677
1/9/2018,12.653
1/10/2018,12.621
1/11/2018,12.597
1/12/2018,12.597
1/13/2018,12.587
1/14/2018,12.561
1/15/2018,12.533
1/16/2018,12.527
1/17/2018,12.517
1/18/2018,12.497
1/19/2018,12.497
1/20/2018,12.487
1/21/2018,12.453
1/22/2018,12.405
1/23/2018,12.387
1/24/2018,12.387
1/25/2018,12.377
1/26/2018,12.367
1/27/2018,12.347
1/28/2018,12.333
1/29/2018,12.307
1/30/2018,12.287
1/31/2018,12.277
2/1/2018,12.267
2/2/2018,12.257
2/3/2018,12.257
2/4/2018,12.247
2/5/2018,12.247
2/6/2018,12.237
2/7/2018,12.217
2/8/2018,12.197
2/9/2018,12.177
2/10/2018,12.167
2/11/2018,12.157
2/12/2018,12.157
2/13/2018,12.147
2/14/2018,12.147
2/15/2018,12.135
2/16/2018,12.037
2/17/2018,11.947
2/18/2018,11.867
2/19/2018,11.901
2/20/2018,11.907
2/21/2018,11.887
2/22/2018,11.865
2/23/2018,11.821
2/24/2018,11.807
2/25/2018,11.807
2/26/2018,11.807
2/27/2018,11.827
2/28/2018,11.847
3/1/2018,11.847
3/2/2018,11.847
3/3/2018,11.837
3/4/2018,11.817
3/5/2018,11.817
3/6/2018,11.817
3/7/2018,11.827
3/8/2018,11.839
3/9/2018,11.873
3/10/2018,11.877
3/11/2018,11.913
3/12/2018,11.941
3/13/2018,12.093
3/14/2018,12.131
3/15/2018,12.175
3/16/2018,12.201
3/17/2018,12.205
3/18/2018,12.153
3/19/2018,12.075
3/20/2018,11.985
3/21/2018,11.951
3/22/2018,11.911
3/23/2018,11.909
3/24/2018,11.945
3/25/2018,12.001
3/26/2018,12.097
3/27/2018,12.205
3/28/2018,12.227
3/29/2018,12.197
3/30/2018,12.201
3/31/2018,12.293
4/1/2018,12.417
4/2/2018,12.549
4/3/2018,12.591
4/4/2018,12.597
4/5/2018,12.597
4/6/2018,12.577
4/7/2018,12.551
4/8/2018,12.537
4/9/2018,12.537
4/10/2018,12.547
4/11/2018,12.535
4/12/2018,12.527
4/13/2018,12.555
4/14/2018,12.647
4/15/2018,12.795
4/16/2018,12.889
4/17/2018,12.929
4/18/2018,12.975
4/19/2018,13.047
4/20/2018,13.305
4/21/2018,13.597
4/22/2018,13.801
4/23/2018,13.835
4/24/2018,13.721
4/25/2018,13.587
4/26/2018,13.519
4/27/2018,13.491
4/28/2018,13.499
4/29/2018,13.595
4/30/2018,13.773
5/1/2018,13.869
5/2/2018,13.897
5/3/2018,13.901
5/4/2018,13.763
5/5/2018,13.695
5/6/2018,13.619
5/7/2018,13.607
5/8/2018,13.597
5/9/2018,13.633
5/10/2018,13.685
5/11/2018,13.887
5/12/2018,14.013
5/13/2018,14.027
5/14/2018,14.037
5/15/2018,14.055
5/16/2018,14.179
5/17/2018,14.439
5/18/2018,14.543
5/19/2018,14.455
5/20/2018,14.299
5/21/2018,14.187
5/22/2018,14.131
5/23/2018,14.099
5/24/2018,14.039
5/25/2018,14.031
5/26/2018,14.335
5/27/2018,14.587
5/28/2018,14.867
5/29/2018,15.123
5/30/2018,15.555
5/31/2018,15.843
6/1/2018,16.035
6/2/2018,16.187
6/3/2018,16.323
6/4/2018,16.231
6/5/2018,15.951
6/6/2018,15.729
6/7/2018,15.553
6/8/2018,15.427
6/9/2018,15.311
6/10/2018,15.257
6/11/2018,15.237
6/12/2018,15.237
6/13/2018,15.215
6/14/2018,15.177
6/15/2018,15.327
6/16/2018,15.649
6/17/2018,15.929
6/18/2018,16.417
6/19/2018,17.089
6/20/2018,17.459
6/21/2018,17.539
6/22/2018,17.567
6/23/2018,17.549
6/24/2018,17.485
6/25/2018,17.439
6/26/2018,17.529
6/27/2018,17.513
6/28/2018,17.415
6/29/2018,17.319
6/30/2018,17.271
7/1/2018,17.267
7/2/2018,17.545
7/3/2018,17.903
7/4/2018,17.971
7/5/2018,18.237
7/6/2018,18.631
7/7/2018,18.959
7/8/2018,18.961
7/9/2018,18.941
7/10/2018,18.847
7/11/2018,18.593
7/12/2018,18.359
7/13/2018,18.207
7/14/2018,18.177
7/15/2018,18.201
7/16/2018,18.267
7/17/2018,18.315
7/18/2018,18.299
7/19/2018,18.225
7/20/2018,18.139
7/21/2018,18.031
7/22/2018,17.947
7/23/2018,17.899
7/24/2018,17.883
7/25/2018,17.905
7/26/2018,17.877
7/27/2018,17.867
7/28/2018,17.877
7/29/2018,17.875
7/30/2018,17.857
7/31/2018,17.847
8/1/2018,17.909
8/2/2018,18.119
8/3/2018,18.403
8/4/2018,18.503
8/5/2018,18.579
8/6/2018,18.597
8/7/2018,18.653
8/8/2018,18.683
8/9/2018,18.651
8/10/2018,18.527
8/11/2018,18.373
8/12/2018,18.257
8/13/2018,18.227
8/14/2018,18.229
8/15/2018,18.297
8/16/2018,18.317
8/17/2018,18.315
8/18/2018,18.285
8/19/2018,18.205
8/20/2018,18.123
8/21/2018,18.005
8/22/2018,17.877
8/23/2018,17.761
8/24/2018,17.747
8/25/2018,17.727
8/26/2018,17.727
8/27/2018,17.737
8/28/2018,17.737
8/29/2018,17.757
8/30/2018,17.829
8/31/2018,17.941
9/1/2018,18.097
9/2/2018,18.161
9/3/2018,18.181
9/4/2018,18.321
9/5/2018,18.373
9/6/2018,18.333
9/7/2018,18.317
9/8/2018,18.287
9/9/2018,18.197
9/10/2018,18.109
9/11/2018,18.189
9/12/2018,18.527
9/13/2018,18.723
9/14/2018,18.747
9/15/2018,18.867
9/16/2018,18.971
9/17/2018,19.025
9/18/2018,19.025
9/19/2018,19.053
9/20/2018,19.007
9/21/2018,18.769
9/22/2018,18.565
9/23/2018,18.161
9/24/2018,17.831
9/25/2018,17.549
9/26/2018,17.461
9/27/2018,17.611
9/28/2018,17.743
9/29/2018,17.755
9/30/2018,17.649
10/1/2018,17.521
10/2/2018,17.409
10/3/2018,17.329
10/4/2018,17.249
10/5/2018,17.073
10/6/2018,16.955
10/7/2018,16.811
10/8/2018,16.675
10/9/2018,16.545
10/10/2018,16.361
10/11/2018,16.157
10/12/2018,16.027
10/13/2018,15.877
10/14/2018,15.739
10/15/2018,15.647
10/16/2018,15.541
10/17/2018,15.443
10/18/2018,15.349
10/19/2018,15.339
10/20/2018,15.437
10/21/2018,15.471
10/22/2018,15.359
10/23/2018,15.197
10/24/2018,14.993
10/25/2018,14.869
10/26/2018,14.875
10/27/2018,14.873
10/28/2018,14.729
10/29/2018,14.601
10/30/2018,14.503
10/31/2018,14.423
11/1/2018,14.337
11/2/2018,14.277
11/3/2018,14.191
11/4/2018,14.155
11/5/2018,14.063
11/6/2018,13.981
11/7/2018,13.961
11/8/2018,14.007
11/9/2018,13.977
11/10/2018,13.939
11/11/2018,13.907
11/12/2018,13.937
11/13/2018,13.967
11/14/2018,13.965
11/15/2018,13.873
11/16/2018,13.767
11/17/2018,13.705
11/18/2018,13.653
11/19/2018,13.599
11/20/2018,13.545
11/21/2018,13.523
11/22/2018,13.517
11/23/2018,13.539
11/24/2018,13.617
11/25/2018,13.663
11/26/2018,13.621
11/27/2018,13.511
11/28/2018,13.417
11/29/2018,13.347
11/30/2018,13.307
12/1/2018,13.303
12/2/2018,13.265
12/3/2018,13.213
12/4/2018,13.197
12/5/2018,13.143
12/6/2018,13.097
12/7/2018,13.047
12/8/2018,13.037
12/9/2018,12.989
12/10/2018,12.941
12/11/2018,12.923
12/12/2018,12.885
12/13/2018,12.839
12/14/2018,12.807
12/15/2018,12.779
12/16/2018,12.735
12/17/2018,12.713
12/18/2018,12.677
12/19/2018,12.669
12/20/2018,12.627
12/21/2018,12.617
12/22/2018,12.617
12/23/2018,12.607
12/24/2018,12.607
12/25/2018,12.583
12/26/2018,12.577
12/27/2018,12.577
12/28/2018,12.577
12/29/2018,12.567
12/30/2018,12.547
12/31/2018,12.487
1/1/2019,12.449
1/2/2019,12.401
1/3/2019,12.387
1/4/2019,12.369
1/5/2019,12.347
1/6/2019,12.311
1/7/2019,12.281
1/8/2019,12.253
1/9/2019,12.231
1/10/2019,12.203
1/11/2019,12.187
1/12/2019,12.171
1/13/2019,12.143
1/14/2019,12.121
1/15/2019,12.103
1/16/2019,12.071
1/17/2019,12.061
1/18/2019,12.041
1/19/2019,12.037
1/20/2019,12.009
1/21/2019,11.971
1/22/2019,11.953
1/23/2019,11.923
1/24/2019,11.903
1/25/2019,11.875
1/26/2019,11.831
1/27/2019,11.819
1/28/2019,11.817
1/29/2019,11.811
1/30/2019,11.793
1/31/2019,11.787
2/1/2019,11.771
2/2/2019,11.743
2/3/2019,11.731
2/4/2019,11.727
2/5/2019,11.713
2/6/2019,11.701
2/7/2019,11.695
2/8/2019,11.677
2/9/2019,11.675
2/10/2019,11.653
2/11/2019,11.641
2/12/2019,11.633
2/13/2019,11.617
2/14/2019,11.613
2/15/2019,11.609
2/16/2019,11.597
2/17/2019,11.587
2/18/2019,11.587
2/19/2019,11.587
2/20/2019,11.623
2/21/2019,11.637
2/22/2019,11.623
2/23/2019,11.607
2/24/2019,11.611
2/25/2019,11.611
2/26/2019,11.629
2/27/2019,11.679
2/28/2019,11.753
3/1/2019,11.777
3/2/2019,11.747
3/3/2019,11.727
3/4/2019,11.727
3/5/2019,11.737
3/6/2019,11.847
3/7/2019,11.967
3/8/2019,12.067
3/9/2019,12.127
3/10/2019,12.157
3/11/2019,12.117
3/12/2019,12.067
3/13/2019,12.037
3/14/2019,12.027
3/15/2019,12.027
3/16/2019,12.017
3/17/2019,11.997
3/18/2019,11.977
3/19/2019,11.937
3/20/2019,11.907
3/21/2019,11.887
3/22/2019,11.887
3/23/2019,11.881
3/24/2019,11.969
3/25/2019,12.115
3/26/2019,12.215
3/27/2019,12.275
3/28/2019,12.277
3/29/2019,12.281
3/30/2019,12.309
3/31/2019,12.263
4/1/2019,12.257
4/2/2019,12.303
4/3/2019,12.345
4/4/2019,12.413
4/5/2019,12.455
4/6/2019,12.457
4/7/2019,12.501
4/8/2019,12.513
4/9/2019,12.625
4/10/2019,12.797
4/11/2019,12.925
4/12/2019,12.931
4/13/2019,12.861
4/14/2019,12.787
4/15/2019,12.761
4/16/2019,12.759
4/17/2019,12.815
4/18/2019,12.819
4/19/2019,12.829
4/20/2019,12.867
4/21/2019,12.929
4/22/2019,12.981
4/23/2019,13.007
4/24/2019,13.029
4/25/2019,13.095
4/26/2019,13.253
4/27/2019,13.459
4/28/2019,13.387
4/29/2019,13.371
4/30/2019,13.329
5/1/2019,13.291
5/2/2019,13.375
5/3/2019,13.629
5/4/2019,13.927
5/5/2019,14.187
5/6/2019,14.467
5/7/2019,14.967
5/8/2019,15.399
5/9/2019,15.591
5/10/2019,15.735
5/11/2019,15.831
5/12/2019,15.945
5/13/2019,15.963
5/14/2019,15.823
5/15/2019,15.719
5/16/2019,15.837
5/17/2019,16.187
5/18/2019,16.585
5/19/2019,16.773
5/20/2019,16.639
5/21/2019,16.369
5/22/2019,16.171
5/23/2019,16.027
5/24/2019,15.905
5/25/2019,15.943
5/26/2019,16.087
5/27/2019,16.209
5/28/2019,16.173
5/29/2019,16.107
5/30/2019,16.011
5/31/2019,16.027
6/1/2019,16.047
6/2/2019,16.043
6/3/2019,16.015
6/4/2019,15.889
6/5/2019,15.689
6/6/2019,15.619
6/7/2019,15.497
6/8/2019,15.367
6/9/2019,15.299
6/10/2019,15.251
6/11/2019,15.357
6/12/2019,15.409
6/13/2019,15.449
6/14/2019,15.603
6/15/2019,15.875
6/16/2019,16.211
6/17/2019,16.423
6/18/2019,16.457
6/19/2019,16.479
6/20/2019,16.617
6/21/2019,16.499
6/22/2019,16.733
6/23/2019,17.071
6/24/2019,17.185
6/25/2019,17.139
6/26/2019,16.989
6/27/2019,17.381
6/28/2019,17.709
6/29/2019,17.775
6/30/2019,17.871
7/1/2019,17.895
7/2/2019,18.007
7/3/2019,18.127
7/4/2019,18.123
7/5/2019,17.953
7/6/2019,17.751
7/7/2019,17.629
7/8/2019,17.691
7/9/2019,17.821
7/10/2019,18.125
7/11/2019,18.465
7/12/2019,18.901
7/13/2019,19.423
7/14/2019,19.819
7/15/2019,20.185
7/16/2019,20.385
7/17/2019,20.575
7/18/2019,20.623
7/19/2019,20.537
7/20/2019,20.301
7/21/2019,20.015
7/22/2019,19.627
7/23/2019,19.365
7/24/2019,19.339
7/25/2019,19.455
7/26/2019,19.495
7/27/2019,19.309
7/28/2019,19.149
7/29/2019,19.041
7/30/2019,18.925
7/31/2019,18.737
8/1/2019,18.541
8/2/2019,18.427
8/3/2019,18.403
8/4/2019,18.399
8/5/2019,18.391
8/6/2019,18.383
8/7/2019,18.339
8/8/2019,18.299
8/9/2019,18.227
8/10/2019,18.185
8/11/2019,18.117
8/12/2019,17.979
8/13/2019,17.923
8/14/2019,17.833
8/15/2019,17.773
8/16/2019,17.759
8/17/2019,17.655
8/18/2019,17.599
8/19/2019,17.605
8/20/2019,17.575
8/21/2019,17.503
8/22/2019,17.439
8/23/2019,17.299
8/24/2019,17.195
8/25/2019,17.087
8/26/2019,17.149
8/27/2019,17.047
8/28/2019,16.885
8/29/2019,16.781
8/30/2019,16.617
8/31/2019,16.459
9/1/2019,16.393
9/2/2019,16.383
9/3/2019,16.355
9/4/2019,16.283
9/5/2019,16.261
9/6/2019,16.315
9/7/2019,16.317
9/8/2019,16.319
9/9/2019,16.397
9/10/2019,16.449
9/11/2019,16.469
9/12/2019,16.495
9/13/2019,16.607
9/14/2019,16.875
9/15/2019,17.281
9/16/2019,17.605
9/17/2019,17.737
9/18/2019,17.839
9/19/2019,18.065
9/20/2019,18.137
9/21/2019,18.183
9/22/2019,18.245
9/23/2019,18.275
9/24/2019,18.197
9/25/2019,18.081
9/26/2019,18.075
9/27/2019,18.167
9/28/2019,18.113
9/29/2019,17.991
9/30/2019,17.977
10/1/2019,18.099
10/2/2019,17.949
10/3/2019,17.707
10/4/2019,17.491
10/5/2019,17.281
10/6/2019,17.099
10/7/2019,16.913
10/8/2019,16.787
10/9/2019,16.711
10/10/2019,16.659
10/11/2019,16.561
10/12/2019,16.417
10/13/2019,16.297
10/14/2019,16.277
10/15/2019,16.319
10/16/2019,16.341
10/17/2019,16.293
10/18/2019,16.127
10/19/2019,15.889
10/20/2019,15.669
10/21/2019,15.509
10/22/2019,15.349
10/23/2019,15.197
10/24/2019,15.087
10/25/2019,14.999
10/26/2019,14.985
10/27/2019,14.933
10/28/2019,15.005
10/29/2019,15.081
10/30/2019,15.143
10/31/2019,15.113
11/1/2019,15.109
11/2/2019,15.169
11/3/2019,15.131
11/4/2019,15.037
11/5/2019,14.867
11/6/2019,14.731
11/7/2019,14.637
11/8/2019,14.539
11/9/2019,14.447
11/10/2019,14.359
11/11/2019,14.297
11/12/2019,14.195
11/13/2019,14.107
11/14/2019,14.047
11/15/2019,13.989
11/16/2019,13.943
11/17/2019,13.889
11/18/2019,13.849
11/19/2019,13.819
11/20/2019,13.755
11/21/2019,13.723
11/22/2019,13.689
11/23/2019,13.657
11/24/2019,13.647
11/25/2019,13.647
11/26/2019,13.637
11/27/2019,13.627
11/28/2019,13.573
11/29/2019,13.507
11/30/2019,13.459
12/1/2019,13.405
12/2/2019,13.357
12/3/2019,13.329
12/4/2019,13.291
12/5/2019,13.273
12/6/2019,13.235
12/7/2019,13.213
12/8/2019,13.181
12/9/2019,13.155
12/10/2019,13.119
12/11/2019,13.083
12/12/2019,13.035
12/13/2019,13.013
12/14/2019,12.981
12/15/2019,12.957
12/16/2019,12.913
12/17/2019,12.879
12/18/2019,12.853
12/19/2019,12.819
12/20/2019,12.797
12/21/2019,12.763
12/22/2019,12.741
12/23/2019,12.723
12/24/2019,12.707
12/25/2019,12.693
12/26/2019,12.687
12/27/2019,12.675
12/28/2019,12.625
12/29/2019,12.613
12/30/2019,12.593
12/31/2019,12.571
1/1/2020,12.553
1/2/2020,12.521
1/3/2020,12.507
1/4/2020,12.491
1/5/2020,12.469
1/6/2020,12.433
1/7/2020,12.411
1/8/2020,12.407
1/9/2020,12.407
1/10/2020,12.397
1/11/2020,12.397
1/12/2020,12.381
1/13/2020,12.367
1/14/2020,12.367
1/15/2020,12.367
1/16/2020,12.367
1/17/2020,12.361
1/18/2020,12.343
1/19/2020,12.301
1/20/2020,12.285
1/21/2020,12.237
1/22/2020,12.227
1/23/2020,12.217
1/24/2020,12.201
1/25/2020,12.183
1/26/2020,12.161
1/27/2020,12.143
1/28/2020,12.127
1/29/2020,12.127
1/30/2020,12.163
1/31/2020,12.173
2/1/2020,12.197
2/2/2020,12.191
2/3/2020,12.171
2/4/2020,12.111
2/5/2020,12.081
2/6/2020,12.041
2/7/2020,12.031
2/8/2020,12.017
2/9/2020,12.007
2/10/2020,12.007
2/11/2020,11.981
2/12/2020,11.951
2/13/2020,11.937
2/14/2020,11.917
2/15/2020,11.901
2/16/2020,11.887
2/17/2020,11.851
2/18/2020,11.841
2/19/2020,11.837
2/20/2020,11.821
2/21/2020,11.807
2/22/2020,11.807
2/23/2020,11.807
2/24/2020,11.807
2/25/2020,11.807
2/26/2020,11.807
2/27/2020,11.807
2/28/2020,11.823
2/29/2020,11.863
3/1/2020,11.897
3/2/2020,11.897
3/3/2020,11.897
3/4/2020,11.887
3/5/2020,11.867
3/6/2020,11.857
3/7/2020,11.857
3/8/2020,11.857
3/9/2020,11.857
3/10/2020,11.857
3/11/2020,11.867
3/12/2020,11.867
3/13/2020,11.867
3/14/2020,11.867
3/15/2020,11.877
3/16/2020,11.877
3/17/2020,11.877
3/18/2020,11.887
3/19/2020,11.927
3/20/2020,11.947
3/21/2020,11.947
3/22/2020,11.947
3/23/2020,11.927
3/24/2020,11.917
3/25/2020,11.927
3/26/2020,11.997
3/27/2020,12.017
3/28/2020,12.027
3/29/2020,12.027
3/30/2020,11.997
3/31/2020,11.957
4/1/2020,11.947
4/2/2020,11.937
4/3/2020,11.937
4/4/2020,11.947
4/5/2020,11.957
4/6/2020,12.017
4/7/2020,12.217
4/8/2020,12.407
4/9/2020,12.457
4/10/2020,12.467
4/11/2020,12.477
4/12/2020,12.507
4/13/2020,12.557
4/14/2020,12.557
4/15/2020,12.527
4/16/2020,12.477
4/17/2020,12.447
4/18/2020,12.507
4/19/2020,12.597
4/20/2020,12.657
4/21/2020,12.687
4/22/2020,12.717
4/23/2020,12.737
4/24/2020,12.797
4/25/2020,12.907
4/26/2020,13.027
4/27/2020,13.157
4/28/2020,13.397
4/29/2020,13.727
4/30/2020,13.937
5/1/2020,13.919
5/2/2020,13.861
5/3/2020,13.685
5/4/2020,13.561
5/5/2020,13.511
5/6/2020,13.503
5/7/2020,13.471
5/8/2020,13.467
5/9/2020,13.491
5/10/2020,13.507
5/11/2020,13.517
5/12/2020,13.517
5/13/2020,13.553
5/14/2020,13.717
5/15/2020,13.901
5/16/2020,13.991
5/17/2020,13.933
5/18/2020,13.935
5/19/2020,13.963
5/20/2020,14.019
5/21/2020,14.187
5/22/2020,14.309
5/23/2020,14.545
5/24/2020,15.219
5/25/2020,15.733
5/26/2020,16.071
5/27/2020,16.473
5/28/2020,16.957
5/29/2020,17.531
5/30/2020,17.923
5/31/2020,17.879
6/1/2020,17.457
6/2/2020,17.045
6/3/2020,16.767
6/4/2020,16.571
6/5/2020,16.459
6/6/2020,16.523
6/7/2020,16.721
6/8/2020,17.001
6/9/2020,17.189
6/10/2020,17.207
6/11/2020,17.245
6/12/2020,17.395
6/13/2020,17.501
6/14/2020,17.417
6/15/2020,17.375
6/16/2020,17.213
6/17/2020,17.273
6/18/2020,17.571
6/19/2020,17.713
6/20/2020,17.993
6/21/2020,18.175
6/22/2020,18.265
6/23/2020,18.315
6/24/2020,18.373
6/25/2020,18.491
6/26/2020,18.783
6/27/2020,19.189
6/28/2020,19.545
6/29/2020,19.793
6/30/2020,19.823
7/1/2020,19.799
7/2/2020,19.745
7/3/2020,19.701
7/4/2020,19.533
7/5/2020,19.355
7/6/2020,19.097
7/7/2020,18.865
7/8/2020,18.713
7/9/2020,18.697
7/10/2020,18.785
7/11/2020,18.925
7/12/2020,19.215
7/13/2020,19.607
7/14/2020,20.019
7/15/2020,20.227
7/16/2020,20.255
7/17/2020,20.201
7/18/2020,20.043
7/19/2020,19.913
7/20/2020,19.845
7/21/2020,19.739
7/22/2020,19.805
7/23/2020,19.937
7/24/2020,20.045
7/25/2020,20.071
7/26/2020,20.079
7/27/2020,20.029
7/28/2020,19.809
7/29/2020,19.679
7/30/2020,19.527
7/31/2020,19.435
8/1/2020,19.503
8/2/2020,19.543
8/3/2020,19.479
8/4/2020,19.317
8/5/2020,19.113
8/6/2020,18.899
8/7/2020,18.655
8/8/2020,18.519
8/9/2020,18.257
8/10/2020,18.057
8/11/2020,18.085
8/12/2020,18.257
8/13/2020,18.395
8/14/2020,18.467
8/15/2020,18.535
8/16/2020,18.637
8/17/2020,18.691
8/18/2020,18.717
8/19/2020,18.705
8/20/2020,18.655
8/21/2020,18.641
8/22/2020,18.647
8/23/2020,18.645
8/24/2020,18.579
8/25/2020,18.395
8/26/2020,18.213
8/27/2020,18.061
8/28/2020,17.897
8/29/2020,17.715
8/30/2020,17.551
8/31/2020,17.397
9/1/2020,17.455
9/2/2020,17.641
9/3/2020,17.657
9/4/2020,17.553
9/5/2020,17.399
9/6/2020,17.289
9/7/2020,17.483
9/8/2020,17.575
9/9/2020,17.829
9/10/2020,18.003
9/11/2020,17.975
9/12/2020,17.819
9/13/2020,17.757
9/14/2020,17.819
9/15/2020,17.815
9/16/2020,18.113
9/17/2020,18.459
9/18/2020,18.763
9/19/2020,18.763
9/20/2020,18.653
9/21/2020,18.595
9/22/2020,18.567
9/23/2020,18.505
9/24/2020,18.619
9/25/2020,18.767
9/26/2020,18.703
9/27/2020,18.677
9/28/2020,18.741
9/29/2020,18.759
9/30/2020,18.823
10/1/2020,18.971
10/2/2020,19.071
10/3/2020,18.967
10/4/2020,18.685
10/5/2020,18.359
10/6/2020,18.075
10/7/2020,17.971
10/8/2020,17.925
10/9/2020,17.893
10/10/2020,17.993
10/11/2020,18.107
10/12/2020,18.133
10/13/2020,17.989
10/14/2020,17.701
10/15/2020,17.355
10/16/2020,17.071
10/17/2020,16.815
10/18/2020,16.565
10/19/2020,16.317
10/20/2020,16.119
10/21/2020,15.923
10/22/2020,15.731
10/23/2020,15.611
10/24/2020,15.519
10/25/2020,15.509
10/26/2020,15.537
10/27/2020,15.581
10/28/2020,15.647
10/29/2020,15.693
10/30/2020,15.679
10/31/2020,15.697
11/1/2020,15.691
11/2/2020,15.525
11/3/2020,15.377
11/4/2020,15.209
11/5/2020,15.075
11/6/2020,14.943
11/7/2020,14.847
11/8/2020,14.745
11/9/2020,14.717
11/10/2020,14.735
11/11/2020,14.827
11/12/2020,14.843
11/13/2020,14.683
11/14/2020,14.533
11/15/2020,14.417
11/16/2020,14.325
11/17/2020,14.233
11/18/2020,14.157
11/19/2020,14.061
11/20/2020,14.029
11/21/2020,13.951
11/22/2020,13.907
11/23/2020,13.895
11/24/2020,13.847
11/25/2020,13.785
11/26/2020,13.763
11/27/2020,13.719
11/28/2020,13.661
11/29/2020,13.621
11/30/2020,13.613
12/1/2020,13.583
12/2/2020,13.539
12/3/2020,13.489
12/4/2020,13.445
12/5/2020,13.405
12/6/2020,13.389
12/7/2020,13.339
12/8/2020,13.311
12/9/2020,13.281
12/10/2020,13.241
12/11/2020,13.213
12/12/2020,13.195
12/13/2020,13.159
12/14/2020,13.143
12/15/2020,13.129
12/16/2020,13.077
12/17/2020,13.035
12/18/2020,13.013
12/19/2020,12.989
12/20/2020,12.949
12/21/2020,12.917
12/22/2020,12.903
12/23/2020,12.879
12/24/2020,12.839
12/25/2020,12.807
12/26/2020,12.789
12/27/2020,12.755
12/28/2020,12.719
12/29/2020,12.697
12/30/2020,12.697
12/31/2020,12.689
1/1/2021,12.649
1/2/2021,12.627
1/3/2021,12.617
1/4/2021,12.589
1/5/2021,12.563
1/6/2021,12.539
1/7/2021,12.499
1/8/2021,12.465
1/9/2021,12.441
1/10/2021,12.433
1/11/2021,12.421
1/12/2021,12.401
1/13/2021,12.387
1/14/2021,12.381
1/15/2021,12.373
1/16/2021,12.357
1/17/2021,12.353
1/18/2021,12.341
1/19/2021,12.321
1/20/2021,12.307
1/21/2021,12.287
1/22/2021,12.273
1/23/2021,12.257
1/24/2021,12.251
1/25/2021,12.243
1/26/2021,12.227
1/27/2021,12.223
1/28/2021,12.217
1/29/2021,12.207
1/30/2021,12.193
1/31/2021,12.187
2/1/2021,12.169
2/2/2021,12.141
2/3/2021,12.123
2/4/2021,12.103
2/5/2021,12.071
2/6/2021,12.053
2/7/2021,12.033
2/8/2021,12.019
2/9/2021,11.987
2/10/2021,11.947
2/11/2021,11.933
2/12/2021,11.913
2/13/2021,11.899
2/14/2021,11.875
2/15/2021,11.857
2/16/2021,11.845
2/17/2021,11.827
2/18/2021,11.813
2/19/2021,11.797
2/20/2021,11.787
2/21/2021,11.777
2/22/2021,11.765
2/23/2021,11.747
2/24/2021,11.731
2/25/2021,11.717
2/26/2021,11.717
2/27/2021,11.717
2/28/2021,11.707
3/1/2021,11.707
3/2/2021,11.693
3/3/2021,11.687
3/4/2021,11.677
3/5/2021,11.679
3/6/2021,11.687
3/7/2021,11.713
3/8/2021,11.737
3/9/2021,11.759
3/10/2021,11.785
3/11/2021,11.833
3/12/2021,11.875
3/13/2021,11.939
3/14/2021,11.957
3/15/2021,11.929
3/16/2021,11.907
3/17/2021,11.899
3/18/2021,11.933
3/19/2021,11.937
3/20/2021,11.909
3/21/2021,11.887
3/22/2021,11.887
3/23/2021,11.891
3/24/2021,11.915
3/25/2021,11.937
3/26/2021,11.911
3/27/2021,11.897
3/28/2021,11.897
3/29/2021,11.907
3/30/2021,11.923
3/31/2021,11.969
4/1/2021,12.015
4/2/2021,12.027
4/3/2021,12.017
4/4/2021,12.007
4/5/2021,12.031
4/6/2021,12.059
4/7/2021,12.077
4/8/2021,12.087
4/9/2021,12.133
4/10/2021,12.233
4/11/2021,12.347
4/12/2021,12.427
4/13/2021,12.427
4/14/2021,12.379
4/15/2021,12.353
4/16/2021,12.305
4/17/2021,12.293
4/18/2021,12.339
4/19/2021,12.509
4/20/2021,12.781
4/21/2021,12.903
4/22/2021,12.939
4/23/2021,12.887
4/24/2021,12.835
4/25/2021,12.797
4/26/2021,12.787
4/27/2021,12.797
4/28/2021,12.815
4/29/2021,12.893
4/30/2021,12.921
5/1/2021,12.955
5/2/2021,12.967
5/3/2021,12.967
5/4/2021,12.949
5/5/2021,12.927
5/6/2021,12.917
5/7/2021,12.917
5/8/2021,12.967
5/9/2021,13.015
5/10/2021,13.029
5/11/2021,13.077
5/12/2021,13.107
5/13/2021,13.161
5/14/2021,13.215
5/15/2021,13.283
5/16/2021,13.521
5/17/2021,13.621
5/18/2021,13.711
5/19/2021,13.727
5/20/2021,13.767
5/21/2021,14.009
5/22/2021,14.239
5/23/2021,14.315
5/24/2021,14.283
5/25/2021,14.415
5/26/2021,15.159
5/27/2021,15.583
5/28/2021,15.667
5/29/2021,15.657
5/30/2021,15.725
5/31/2021,15.675
6/1/2021,15.583
6/2/2021,15.627
6/3/2021,15.755
6/4/2021,15.719
6/5/2021,15.667
6/6/2021,15.669
6/7/2021,15.787
6/8/2021,16.033
6/9/2021,16.375
6/10/2021,16.691
6/11/2021,16.779
6/12/2021,16.713
6/13/2021,16.703
6/14/2021,16.809
6/15/2021,16.835
6/16/2021,16.665
6/17/2021,16.475
6/18/2021,16.461
6/19/2021,16.459
6/20/2021,16.551
6/21/2021,16.593
6/22/2021,16.655
6/23/2021,16.645
6/24/2021,16.519
6/25/2021,16.499
6/26/2021,16.545
6/27/2021,16.581
6/28/2021,16.667
6/29/2021,16.795
6/30/2021,17.153
7/1/2021,17.583
7/2/2021,17.741
7/3/2021,17.711
7/4/2021,17.915
7/5/2021,18.263
7/6/2021,18.351
7/7/2021,18.357
7/8/2021,18.335
7/9/2021,18.317
7/10/2021,18.311
7/11/2021,18.177
7/12/2021,17.975
7/13/2021,17.913
7/14/2021,17.821
7/15/2021,17.747
7/16/2021,17.843
7/17/2021,17.963
7/18/2021,18.077
7/19/2021,18.011
7/20/2021,17.969
7/21/2021,17.799
7/22/2021,17.735
7/23/2021,17.641
7/24/2021,17.535
7/25/2021,17.391
7/26/2021,17.213
7/27/2021,17.061
7/28/2021,16.925
7/29/2021,16.895
7/30/2021,16.877
7/31/2021,16.901
8/1/2021,16.939
8/2/2021,17.069
8/3/2021,17.043
8/4/2021,17.093
8/5/2021,17.205
8/6/2021,17.233
8/7/2021,17.197
8/8/2021,17.167
8/9/2021,16.885
8/10/2021,16.771
8/11/2021,16.739
8/12/2021,16.575
8/13/2021,16.625
8/14/2021,16.847
8/15/2021,17.069
8/16/2021,17.457
8/17/2021,17.677
8/18/2021,17.867
8/19/2021,18.117
8/20/2021,18.287
8/21/2021,18.467
8/22/2021,18.503
8/23/2021,18.499
8/24/2021,18.463
8/25/2021,18.571
8/26/2021,18.751
8/27/2021,18.851
8/28/2021,19.011
8/29/2021,19.087
8/30/2021,19.121
8/31/2021,19.281
9/1/2021,19.415
9/2/2021,19.571
9/3/2021,19.597
9/4/2021,19.531
9/5/2021,19.261
9/6/2021,18.907
9/7/2021,18.589
9/8/2021,18.389
9/9/2021,18.277
9/10/2021,18.085
9/11/2021,17.957
9/12/2021,17.865
9/13/2021,17.771
9/14/2021,17.655
9/15/2021,17.507
9/16/2021,17.333
9/17/2021,17.153
9/18/2021,17.041
9/19/2021,16.903
9/20/2021,16.873
9/21/2021,16.821
9/22/2021,16.733
9/23/2021,16.629
9/24/2021,16.603
9/25/2021,16.549
9/26/2021,16.337
9/27/2021,16.183
9/28/2021,16.009
9/29/2021,15.901
9/30/2021,15.827
10/1/2021,15.795
10/2/2021,15.731
10/3/2021,15.667
10/4/2021,15.737
10/5/2021,16.069
10/6/2021,16.099
10/7/2021,15.981
10/8/2021,15.853
10/9/2021,15.817
10/10/2021,15.803
10/11/2021,15.795
10/12/2021,15.697
10/13/2021,15.547
10/14/2021,15.395
10/15/2021,15.231
10/16/2021,15.097
10/17/2021,14.979
10/18/2021,14.859
10/19/2021,14.757
10/20/2021,14.789
10/21/2021,15.889
10/22/2021,16.107
10/23/2021,15.663
10/24/2021,15.371
10/25/2021,15.279
10/26/2021,15.435
10/27/2021,15.749
10/28/2021,15.901
10/29/2021,15.775
10/30/2021,15.483
10/31/2021,15.221
11/1/2021,15.019
11/2/2021,14.869
11/3/2021,14.707
11/4/2021,14.583
11/5/2021,14.467
11/6/2021,14.361
11/7/2021,14.253
11/8/2021,14.189
11/9/2021,14.105
11/10/2021,14.025
11/11/2021,13.947
11/12/2021,13.885
11/13/2021,13.835
11/14/2021,13.769
11/15/2021,13.711
11/16/2021,13.643
11/17/2021,13.621
11/18/2021,13.577
11/19/2021,13.533
11/20/2021,13.485
11/21/2021,13.451
11/22/2021,13.407
11/23/2021,13.357
11/24/2021,13.337
11/25/2021,13.309
11/26/2021,13.255
11/27/2021,13.229
11/28/2021,13.205
11/29/2021,13.183
11/30/2021,13.163
12/1/2021,13.133
12/2/2021,13.097
12/3/2021,13.069
12/4/2021,13.037
12/5/2021,13.007
12/6/2021,12.943
12/7/2021,12.905
12/8/2021,12.869
12/9/2021,12.843
12/10/2021,12.811
12/11/2021,12.789
12/12/2021,12.763
12/13/2021,12.741
12/14/2021,12.723
12/15/2021,12.703
12/16/2021,12.695
12/17/2021,12.687
12/18/2021,12.677
12/19/2021,12.649
12/20/2021,12.623
12/21/2021,12.603
12/22/2021,12.583
12/23/2021,12.537
12/24/2021,12.499
12/25/2021,12.481
12/26/2021,12.463
12/27/2021,12.431
12/28/2021,12.399
12/29/2021,12.377
12/30/2021,12.363
12/31/2021,12.329
1/1/2022,12.316
1/2/2022,12.304
1/3/2022,12.294
1/4/2022,12.282
1/5/2022,12.26
1/6/2022,12.246
1/7/2022,12.234
1/8/2022,12.206
1/9/2022,12.184
1/10/2022,12.176
1/11/2022,12.156
1/12/2022,12.144
1/13/2022,12.14
1/14/2022,12.13
1/15/2022,12.116
1/16/2022,12.094
1/17/2022,12.084
1/18/2022,12.076
1/19/2022,12.044
1/20/2022,12.036
1/21/2022,12.03
1/22/2022,12.02
1/23/2022,12.02
1/24/2022,12.02
1/25/2022,12.018
1/26/2022,11.992
1/27/2022,11.956
1/28/2022,11.918
1/29/2022,11.908
1/30/2022,11.882
1/31/2022,11.856
2/1/2022,11.85
2/2/2022,11.85
2/3/2022,11.84
2/4/2022,11.848
2/5/2022,11.92
2/6/2022,11.9
2/7/2022,11.9
2/8/2022,11.94
2/9/2022,11.95
2/10/2022,11.934
2/11/2022,11.92
2/12/2022,11.91
2/13/2022,11.91
2/14/2022,11.91
2/15/2022,11.9
2/16/2022,11.89
2/17/2022,11.864
2/18/2022,11.846
2/19/2022,11.812
2/20/2022,11.79
2/21/2022,11.776
2/22/2022,11.77
2/23/2022,11.766
2/24/2022,11.76
2/25/2022,11.734
2/26/2022,11.724
2/27/2022,11.72
2/28/2022,11.716
3/1/2022,11.71
3/2/2022,11.71
3/3/2022,11.71
3/4/2022,11.71
3/5/2022,11.7
3/6/2022,11.694
3/7/2022,11.68
3/8/2022,11.68
3/9/2022,11.68
3/10/2022,11.694
3/11/2022,11.716
3/12/2022,11.73
3/13/2022,11.746
3/14/2022,11.75
3/15/2022,11.75
3/16/2022,11.76
3/17/2022,11.77
3/18/2022,11.786
3/19/2022,11.818
3/20/2022,11.854
3/21/2022,11.878
3/22/2022,11.932
3/23/2022,12.01
3/24/2022,12.058
3/25/2022,12.112
3/26/2022,12.154
3/27/2022,12.174
3/28/2022,12.254
3/29/2022,12.378
3/30/2022,12.588
3/31/2022,12.718
4/1/2022,12.842
4/2/2022,12.912
4/3/2022,13.06
4/4/2022,13.166
4/5/2022,13.25
4/6/2022,13.376
4/7/2022,13.82
4/8/2022,14.476
4/9/2022,15.14
4/10/2022,15.352
4/11/2022,15.462
4/12/2022,15.376
4/13/2022,15.206
4/14/2022,15.02
4/15/2022,14.872
4/16/2022,14.704
4/17/2022,14.616
4/18/2022,14.576
4/19/2022,14.544
4/20/2022,14.846
4/21/2022,15.486
4/22/2022,15.884
4/23/2022,15.914
4/24/2022,15.638
4/25/2022,15.326
4/26/2022,15.112
4/27/2022,14.936
4/28/2022,14.72
4/29/2022,14.69
4/30/2022,14.85
5/1/2022,15.126
5/2/2022,15.282
5/3/2022,15.174
5/4/2022,14.998
5/5/2022,14.884
5/6/2022,14.7
5/7/2022,14.66
5/8/2022,14.51
5/9/2022,14.45
5/10/2022,14.474
5/11/2022,14.524
5/12/2022,14.476
5/13/2022,14.414
5/14/2022,14.588
5/15/2022,14.738
5/16/2022,14.996
5/17/2022,15.518
5/18/2022,16.142
5/19/2022,17.07
5/20/2022,17.546
5/21/2022,17.75
5/22/2022,17.836
5/23/2022,17.92
5/24/2022,17.882
5/25/2022,17.578
5/26/2022,17.166
5/27/2022,16.846
5/28/2022,16.584
5/29/2022,16.422
5/30/2022,16.278
5/31/2022,16.16
6/1/2022,16.114
6/2/2022,16.142
6/3/2022,16.184
6/4/2022,16.16
6/5/2022,16.188
6/6/2022,16.392
6/7/2022,16.636
6/8/2022,16.642
6/9/2022,16.728
6/10/2022,16.888
6/11/2022,17.078
6/12/2022,17.166
6/13/2022,17.364
6/14/2022,17.684
6/15/2022,17.944
6/16/2022,18.38
6/17/2022,18.938
6/18/2022,19.198
6/19/2022,19.316
6/20/2022,19.528
6/21/2022,19.61
6/22/2022,19.62
6/23/2022,19.474
6/24/2022,19.144
6/25/2022,18.786
6/26/2022,18.44
6/27/2022,18.166
6/28/2022,18.052
6/29/2022,18.14
6/30/2022,18.436
7/1/2022,18.55
7/2/2022,18.574
7/3/2022,18.69
7/4/2022,18.676
7/5/2022,18.528
7/6/2022,18.27
7/7/2022,18.036
7/8/2022,17.816
7/9/2022,17.614
7/10/2022,17.478
7/11/2022,17.35
7/12/2022,17.226
7/13/2022,17.096
7/14/2022,17.01
7/15/2022,16.91
7/16/2022,16.79
7/17/2022,16.758
7/18/2022,16.662
7/19/2022,16.538
7/20/2022,16.442
7/21/2022,16.374
7/22/2022,16.39
7/23/2022,16.46
7/24/2022,16.786
7/25/2022,17.056
7/26/2022,17.192
7/27/2022,17.314
7/28/2022,17.398
7/29/2022,17.398
7/30/2022,17.284
7/31/2022,17.338
8/1/2022,17.434
8/2/2022,17.65
8/3/2022,18.064
8/4/2022,18.092
8/5/2022,17.984
8/6/2022,17.848
8/7/2022,17.698
8/8/2022,17.6
8/9/2022,17.418
8/10/2022,17.264
8/11/2022,17.106
8/12/2022,17.006
8/13/2022,16.878
8/14/2022,16.77
8/15/2022,16.668
8/16/2022,16.712
8/17/2022,16.658
8/18/2022,16.516
8/19/2022,16.42
8/20/2022,16.326
8/21/2022,16.322
8/22/2022,16.35
8/23/2022,16.248
8/24/2022,16.208
8/25/2022,16.138
8/26/2022,16.12
8/27/2022,16.098
8/28/2022,16.01
8/29/2022,15.962
8/30/2022,16.106
8/31/2022,16.37
9/1/2022,16.516
9/2/2022,16.648
9/3/2022,17.076
9/4/2022,17.13
9/5/2022,17.138
9/6/2022,17.266
9/7/2022,17.334
9/8/2022,17.636
9/9/2022,18.004
9/10/2022,18.208
9/11/2022,18.258
9/12/2022,18.212
9/13/2022,18.112
9/14/2022,17.99
9/15/2022,17.772
9/16/2022,17.506
9/17/2022,17.264
9/18/2022,17.058
9/19/2022,17.016
9/20/2022,16.88
9/21/2022,16.764
9/22/2022,16.694
9/23/2022,16.658
9/24/2022,16.602
9/25/2022,16.626
9/26/2022,16.792
9/27/2022,16.932
9/28/2022,17.128
9/29/2022,17.354
9/30/2022,17.52
10/1/2022,17.574
10/2/2022,17.494
10/3/2022,17.418
10/4/2022,17.254
10/5/2022,17.074
10/6/2022,16.866
10/7/2022,16.756
10/8/2022,16.67
10/9/2022,16.592
10/10/2022,16.614
10/11/2022,16.874
10/12/2022,17.336
10/13/2022,17.73
10/14/2022,18.05
10/15/2022,18.17
10/16/2022,18.232
10/17/2022,18.26
10/18/2022,18.19
10/19/2022,17.908
10/20/2022,17.684
10/21/2022,17.35
10/22/2022,17
10/23/2022,16.694
10/24/2022,16.408
10/25/2022,16.18
10/26/2022,15.986
10/27/2022,15.944
10/28/2022,15.966
10/29/2022,15.972
10/30/2022,16.044
10/31/2022,16.246
11/1/2022,16.328
11/2/2022,16.194
11/3/2022,15.97
11/4/2022,15.696
11/5/2022,15.496
11/6/2022,15.324
11/7/2022,15.184
11/8/2022,15.056
11/9/2022,14.94
11/10/2022,14.822
11/11/2022,14.72
11/12/2022,14.648
11/13/2022,14.556
11/14/2022,14.498
11/15/2022,14.41
11/16/2022,14.342
11/17/2022,14.278
11/18/2022,14.204
11/19/2022,14.172
11/20/2022,14.106
11/21/2022,14.05
11/22/2022,13.944
11/23/2022,13.916
11/24/2022,13.882
11/25/2022,13.806
11/26/2022,13.778
11/27/2022,13.714
11/28/2022,13.684
11/29/2022,13.626
11/30/2022,13.592
12/1/2022,13.528
12/2/2022,13.482
12/3/2022,13.462
12/4/2022,13.418
12/5/2022,13.388
12/6/2022,13.346
12/7/2022,13.302
12/8/2022,13.252
12/9/2022,13.212
12/10/2022,13.196
12/11/2022,13.166
12/12/2022,13.142
12/13/2022,13.09
12/14/2022,13.058
12/15/2022,13.04
12/16/2022,13.026
12/17/2022,13.002
12/18/2022,12.974
12/19/2022,12.942
12/20/2022,12.912
12/21/2022,12.88
12/22/2022,12.85
12/23/2022,12.816
12/24/2022,12.796
12/25/2022,12.78
12/26/2022,12.74
12/27/2022,12.698
12/28/2022,12.652
12/29/2022,12.616
12/30/2022,12.582
12/31/2022,12.544
1/1/2023,12.53
1/2/2023,12.53
1/3/2023,12.52
1/4/2023,12.51
1/5/2023,12.5
1/6/2023,12.486
1/7/2023,12.474
1/8/2023,12.458
1/9/2023,12.42
1/10/2023,12.38
1/11/2023,12.338
1/12/2023,12.302
1/13/2023,12.268
1/14/2023,12.25
1/15/2023,12.236
1/16/2023,12.216
1/17/2023,12.194
1/18/2023,12.174
1/19/2023,12.152
1/20/2023,12.126
1/21/2023,12.104
1/22/2023,12.09
1/23/2023,12.09
1/24/2023,12.08
1/25/2023,12.08
1/26/2023,12.056
1/27/2023,12.046
1/28/2023,12.034
1/29/2023,12.014
1/30/2023,11.994
1/31/2023,11.976
2/1/2023,11.944
2/2/2023,11.924
2/3/2023,11.92
2/4/2023,11.906
2/5/2023,11.884
2/6/2023,11.856
2/7/2023,11.844
2/8/2023,11.836
2/9/2023,11.824
2/10/2023,11.82
2/11/2023,11.82
2/12/2023,11.804
2/13/2023,11.782
2/14/2023,11.76
2/15/2023,11.76
2/16/2023,11.76
2/17/2023,11.776
2/18/2023,11.78
2/19/2023,11.79
2/20/2023,11.79
2/21/2023,11.792
2/22/2023,11.826
2/23/2023,11.846
2/24/2023,11.86
2/25/2023,11.86
2/26/2023,11.84
2/27/2023,11.83
2/28/2023,11.83
3/1/2023,11.872
3/2/2023,11.934
3/3/2023,12.04
3/4/2023,12.194
3/5/2023,12.256
3/6/2023,12.228
3/7/2023,12.178
3/8/2023,12.108
3/9/2023,12.072
3/10/2023,12.018
3/11/2023,11.976
3/12/2023,11.942
3/13/2023,11.888
3/14/2023,11.88
3/15/2023,11.87
3/16/2023,11.884
3/17/2023,11.916
3/18/2023,11.938
3/19/2023,11.954
3/20/2023,11.95
3/21/2023,11.992
3/22/2023,12.092
3/23/2023,12.112
3/24/2023,12.136
3/25/2023,12.2
3/26/2023,12.29
3/27/2023,12.344
3/28/2023,12.378
3/29/2023,12.444
3/30/2023,12.554
3/31/2023,12.676
4/1/2023,12.8
4/2/2023,12.904
4/3/2023,12.804
4/4/2023,12.826
4/5/2023,13.042
4/6/2023,13.148
4/7/2023,13.18
4/8/2023,13.116
4/9/2023,13.1
4/10/2023,13.138
4/11/2023,13.22
4/12/2023,13.32
4/13/2023,13.35
4/14/2023,13.354
4/15/2023,13.31
4/16/2023,13.204
4/17/2023,13.104
4/18/2023,13.078
4/19/2023,13.042
4/20/2023,13.014
4/21/2023,13.01
4/22/2023,12.984
4/23/2023,13.008
4/24/2023,13.11
4/25/2023,13.196
4/26/2023,13.258
4/27/2023,13.31
4/28/2023,13.35
4/29/2023,13.496
4/30/2023,13.756
5/1/2023,13.856
5/2/2023,13.824
5/3/2023,13.742
5/4/2023,13.71
5/5/2023,13.736
5/6/2023,13.708
5/7/2023,13.632
5/8/2023,13.692
5/9/2023,14.114
5/10/2023,14.522
5/11/2023,14.748
5/12/2023,14.894
5/13/2023,14.998
5/14/2023,14.902
5/15/2023,14.768
5/16/2023,14.698
5/17/2023,14.624
5/18/2023,14.646
5/19/2023,14.58
5/20/2023,14.468
5/21/2023,14.318
5/22/2023,14.384
5/23/2023,14.42
5/24/2023,14.456
5/25/2023,14.502
5/26/2023,14.554
5/27/2023,14.694
5/28/2023,14.874
5/29/2023,14.968
5/30/2023,14.968
5/31/2023,14.88
6/1/2023,14.84
6/2/2023,14.814
6/3/2023,14.836
6/4/2023,14.84
6/5/2023,14.79
6/6/2023,14.71
6/7/2023,14.618
6/8/2023,14.61
6/9/2023,14.742
6/10/2023,14.904
6/11/2023,14.894
6/12/2023,14.918
6/13/2023,14.946
6/14/2023,15.036
6/15/2023,15.208
6/16/2023,15.498
6/17/2023,16.2
6/18/2023,17.048
6/19/2023,17.764
6/20/2023,18.27
6/21/2023,18.512
6/22/2023,18.638
6/23/2023,18.646
6/24/2023,18.486
6/25/2023,18.232
6/26/2023,18.14
6/27/2023,18.004
6/28/2023,17.804
6/29/2023,17.604
6/30/2023,17.442
7/1/2023,17.43
7/2/2023,17.41
7/3/2023,17.414
7/4/2023,17.584
7/5/2023,17.88
7/6/2023,17.93
7/7/2023,17.88
7/8/2023,17.79
7/9/2023,17.852
7/10/2023,17.926
7/11/2023,18.054
7/12/2023,18.218
7/13/2023,18.414
7/14/2023,18.716
7/15/2023,19.01
7/16/2023,18.986
7/17/2023,18.892
7/18/2023,18.88
7/19/2023,18.864
7/20/2023,18.85
7/21/2023,18.742
7/22/2023,18.594
7/23/2023,18.37
7/24/2023,18.226
7/25/2023,18.056
7/26/2023,17.886
7/27/2023,17.776
7/28/2023,17.722
7/29/2023,17.694
7/30/2023,17.78
7/31/2023,17.856
8/1/2023,17.936
8/2/2023,17.976
8/3/2023,17.974
8/4/2023,17.948
8/5/2023,17.878
8/6/2023,17.862
8/7/2023,17.944
8/8/2023,18.066
8/9/2023,18.108
8/10/2023,18.23
8/11/2023,18.356
8/12/2023,18.496
8/13/2023,18.652
8/14/2023,18.732
8/15/2023,18.894
8/16/2023,18.866
8/17/2023,18.78
8/18/2023,18.716
8/19/2023,18.662
8/20/2023,18.576
8/21/2023,18.448
8/22/2023,18.334
8/23/2023,18.326
8/24/2023,18.314
8/25/2023,18.432
8/26/2023,18.668
8/27/2023,18.898
8/28/2023,18.942
8/29/2023,19.008
8/30/2023,19.144
8/31/2023,19.236
9/1/2023,19.31
9/2/2023,19.348
9/3/2023,19.276
9/4/2023,19.022
9/5/2023,18.758
9/6/2023,18.47
9/7/2023,18.17
9/8/2023,17.82
9/9/2023,17.568
9/10/2023,17.32
9/11/2023,17.108
9/12/2023,16.936
9/13/2023,16.74
9/14/2023,16.628
9/15/2023,16.52
9/16/2023,16.398
9/17/2023,16.212
9/18/2023,16.172
9/19/2023,16.126
9/20/2023,16.046
9/21/2023,15.946
9/22/2023,16.06
9/23/2023,16.41
9/24/2023,16.564
9/25/2023,16.802
9/26/2023,16.906
9/27/2023,16.916
9/28/2023,16.98
9/29/2023,17.128
9/30/2023,17.182
10/1/2023,17.154
10/2/2023,17.018
10/3/2023,16.706
10/4/2023,16.598
10/5/2023,16.604
10/6/2023,16.732
10/7/2023,16.57
10/8/2023,16.514
10/9/2023,16.428
10/10/2023,16.43
10/11/2023,16.526
10/12/2023,16.65
10/13/2023,16.902
10/14/2023,17.04
10/15/2023,17.138
10/16/2023,17.134
10/17/2023,16.988
10/18/2023,16.768
10/19/2023,16.506
10/20/2023,16.266
10/21/2023,16.004
10/22/2023,15.764
10/23/2023,15.594
10/24/2023,15.41
10/25/2023,15.266
10/26/2023,15.126
10/27/2023,15.012
10/28/2023,14.89
10/29/2023,14.766
10/30/2023,14.68
10/31/2023,14.604
11/1/2023,14.496
11/2/2023,14.384
11/3/2023,14.328
11/4/2023,14.27
11/5/2023,14.218
11/6/2023,14.162
11/7/2023,14.118
11/8/2023,14.044
11/9/2023,14
11/10/2023,13.95
11/11/2023,13.9
11/12/2023,13.85
11/13/2023,13.81
11/14/2023,13.77
11/15/2023,13.722
11/16/2023,13.654
11/17/2023,13.6
11/18/2023,13.54
11/19/2023,13.528
11/20/2023,13.49
11/21/2023,13.446
11/22/2023,13.4
11/23/2023,13.37
11/24/2023,13.342
11/25/2023,13.32
11/26/2023,13.31
11/27/2023,13.236
11/28/2023,13.192
11/29/2023,13.154
11/30/2023,13.116
12/1/2023,13.08
12/2/2023,13.058
12/3/2023,13.024
12/4/2023,12.992
12/5/2023,12.954
12/6/2023,12.922
12/7/2023,12.884
12/8/2023,12.88
12/9/2023,12.866
12/10/2023,12.846
12/11/2023,12.8
12/12/2023,12.776
12/13/2023,12.744
12/14/2023,12.716
12/15/2023,12.71
12/16/2023,12.71
12/17/2023,12.7
12/18/2023,12.69
12/19/2023,12.684
12/20/2023,12.67
12/21/2023,12.66
12/22/2023,12.632
12/23/2023,12.594
12/24/2023,12.566
12/25/2023,12.54
12/26/2023,12.502
12/27/2023,12.464
12/28/2023,12.446
12/29/2023,12.414
12/30/2023,12.396
12/31/2023,12.366
1/1/2024,12.334
1/2/2024,12.3
1/3/2024,12.264
1/4/2024,12.244
1/5/2024,12.218
1/6/2024,12.2
1/7/2024,12.178
1/8/2024,12.154
1/9/2024,12.136
1/10/2024,12.114
1/11/2024,12.094
1/12/2024,12.08
1/13/2024,12.068
1/14/2024,12.046
1/15/2024,12.004
1/16/2024,11.974
1/17/2024,11.96
1/18/2024,11.944
1/19/2024,11.926
1/20/2024,11.904
1/21/2024,11.886
1/22/2024,11.866
1/23/2024,11.85
1/24/2024,11.834
1/25/2024,11.804
1/26/2024,11.776
1/27/2024,11.756
1/28/2024,11.74
1/29/2024,11.74
1/30/2024,11.73
1/31/2024,11.724
2/1/2024,11.71
2/2/2024,11.7
2/3/2024,11.7
2/4/2024,11.692
2/5/2024,11.664
2/6/2024,11.646
2/7/2024,11.63
2/8/2024,11.62
2/9/2024,11.62
2/10/2024,11.61
2/11/2024,11.61
2/12/2024,11.61
2/13/2024,11.61
2/14/2024,11.61
2/15/2024,11.61
2/16/2024,11.61
2/17/2024,11.6
2/18/2024,11.6
2/19/2024,11.59
2/20/2024,11.58
2/21/2024,11.578
2/22/2024,11.552
2/23/2024,11.514
2/24/2024,11.484
2/25/2024,11.49
2/26/2024,11.49
2/27/2024,11.492
2/28/2024,11.49
2/29/2024,11.48
3/1/2024,11.48
3/2/2024,11.482
3/3/2024,11.644
3/4/2024,11.874
3/5/2024,11.9
3/6/2024,11.898
3/7/2024,11.862
3/8/2024,11.832
3/9/2024,11.77
3/10/2024,11.704
3/11/2024,11.676
3/12/2024,11.664
3/13/2024,11.662
3/14/2024,11.728
3/15/2024,11.798
3/16/2024,11.858
3/17/2024,11.848
3/18/2024,11.794
3/19/2024,11.77
3/20/2024,11.77
3/21/2024,11.832
3/22/2024,11.866
3/23/2024,11.9
3/24/2024,11.956
3/25/2024,12.04
3/26/2024,12.094
3/27/2024,12.18
3/28/2024,12.2
3/29/2024,12.216
3/30/2024,12.24
3/31/2024,12.246
4/1/2024,12.24
4/2/2024,12.25
4/3/2024,12.25
4/4/2024,12.314
4/5/2024,12.39
4/6/2024,12.426
4/7/2024,12.456
4/8/2024,12.478
4/9/2024,12.704
4/10/2024,13.012
4/11/2024,13.124
4/12/2024,13.084
4/13/2024,13.072
4/14/2024,13.502
4/15/2024,13.822
4/16/2024,13.862
4/17/2024,13.706
4/18/2024,13.516
4/19/2024,13.41
4/20/2024,13.336
4/21/2024,13.268
4/22/2024,13.192
4/23/2024,13.166
4/24/2024,13.216
4/25/2024,13.32
4/26/2024,13.41
4/27/2024,13.468
4/28/2024,13.526
4/29/2024,13.546
4/30/2024,13.852
5/1/2024,14.282
5/2/2024,14.39
5/3/2024,14.276
5/4/2024,14.192
5/5/2024,14.144
5/6/2024,14.206
5/7/2024,14.326
5/8/2024,14.548
5/9/2024,14.75
5/10/2024,14.756
5/11/2024,14.604
5/12/2024,14.416
5/13/2024,14.266
5/14/2024,14.146
5/15/2024,14.012
5/16/2024,13.98
5/17/2024,13.952
5/18/2024,13.864
5/19/2024,13.84
5/20/2024,13.926
5/21/2024,13.946
5/22/2024,14.034
5/23/2024,14.07
5/24/2024,14.086
5/25/2024,14.192
5/26/2024,14.272
5/27/2024,14.326
5/28/2024,14.34
5/29/2024,14.346
5/30/2024,14.534
5/31/2024,14.842
6/1/2024,15.198
6/2/2024,15.418
6/3/2024,15.696
6/4/2024,16.23
6/5/2024,16.476
6/6/2024,16.694
6/7/2024,16.746
6/8/2024,16.702
6/9/2024,16.538
6/10/2024,16.462
6/11/2024,16.37
6/12/2024,16.214
6/13/2024,16.248
6/14/2024,16.184
6/15/2024,16.406
6/16/2024,16.744
6/17/2024,16.95
6/18/2024,17.252
6/19/2024,17.746
6/20/2024,18.044
6/21/2024,18.316
6/22/2024,18.328
6/23/2024,18.048
6/24/2024,17.798
6/25/2024,17.754
6/26/2024,17.688
6/27/2024,17.706
6/28/2024,17.746
6/29/2024,17.648
6/30/2024,17.648
7/1/2024,17.986
7/2/2024,18.494
7/3/2024,19.132
7/4/2024,19.738
7/5/2024,19.98
7/6/2024,19.972
7/7/2024,19.898
7/8/2024,19.788
7/9/2024,19.624
7/10/2024,19.544
7/11/2024,19.578
7/12/2024,19.578
7/13/2024,19.326
7/14/2024,19.256
7/15/2024,19.062
7/16/2024,18.972
7/17/2024,18.896
7/18/2024,18.844
7/19/2024,18.766
7/20/2024,18.648
7/21/2024,18.53
7/22/2024,18.37
7/23/2024,18.256
7/24/2024,18.202
7/25/2024,18.176
7/26/2024,18.15
7/27/2024,18.12
7/28/2024,18.156
7/29/2024,18.114
7/30/2024,18.064
7/31/2024,17.926
8/1/2024,17.79
8/2/2024,17.754
8/3/2024,17.69
8/4/2024,17.67
8/5/2024,17.656
8/6/2024,17.572
8/7/2024,17.458
8/8/2024,17.56
8/9/2024,17.634
8/10/2024,17.762
8/11/2024,17.914
8/12/2024,17.976
8/13/2024,17.95
8/14/2024,17.94
8/15/2024,17.986
8/16/2024,18.096
8/17/2024,18.004
8/18/2024,17.77
8/19/2024,17.52
8/20/2024,17.396
8/21/2024,17.298
8/22/2024,17.156
8/23/2024,17.014
8/24/2024,16.9
8/25/2024,16.824
8/26/2024,16.748
8/27/2024,16.652
8/28/2024,16.528
8/29/2024,16.396
8/30/2024,16.344
8/31/2024,16.25
9/1/2024,16.22
9/2/2024,16.09
9/3/2024,16.088
9/4/2024,16.09
9/5/2024,16.07
9/6/2024,16.128
9/7/2024,16.166
9/8/2024,16.18
9/9/2024,16.148
9/10/2024,16.13
9/11/2024,16.13
9/12/2024,16.126
9/13/2024,16.054
9/14/2024,15.97
9/15/2024,15.888
9/16/2024,15.828
9/17/2024,15.81
9/18/2024,15.778
9/19/2024,15.68
9/20/2024,15.556
9/21/2024,15.478
9/22/2024,15.416
9/23/2024,15.368
9/24/2024,15.31
9/25/2024,15.224
9/26/2024,15.216
9/27/2024,15.466
9/28/2024,15.758
9/29/2024,16.298
9/30/2024,16.64
10/1/2024,16.388
10/2/2024,16.048
10/3/2024,15.978
10/4/2024,16.112
10/5/2024,16.276
10/6/2024,16.606
10/7/2024,16.774
10/8/2024,16.794
10/9/2024,16.948
10/10/2024,17.27
10/11/2024,17.506
10/12/2024,17.58
10/13/2024,17.496
10/14/2024,17.338
10/15/2024,17.132
10/16/2024,17.024
10/17/2024,17.042
10/18/2024,17.05
10/19/2024,16.924
10/20/2024,16.708
10/21/2024,16.502
10/22/2024,16.33
10/23/2024,16.184
10/24/2024,16.052
10/25/2024,15.914
10/26/2024,15.784
10/27/2024,15.658
10/28/2024,15.526
10/29/2024,15.392
10/30/2024,15.27
10/31/2024,15.142
11/1/2024,15.108
11/2/2024,15.15
11/3/2024,15.134
11/4/2024,15.082
11/5/2024,14.98
11/6/2024,14.892
11/7/2024,14.852
11/8/2024,14.784
11/9/2024,14.69
11/10/2024,14.616
11/11/2024,14.504
11/12/2024,14.428
11/13/2024,14.364
11/14/2024,14.308
11/15/2024,14.258
11/16/2024,14.198
11/17/2024,14.138
11/18/2024,14.074
11/19/2024,14.042
11/20/2024,13.984
11/21/2024,13.942
11/22/2024,13.89
11/23/2024,13.842
11/24/2024,13.8
11/25/2024,13.76
11/26/2024,13.72
11/27/2024,13.672
11/28/2024,13.62
11/29/2024,13.57
11/30/2024,13.558
12/1/2024,13.536
12/2/2024,13.5
12/3/2024,13.472
12/4/2024,13.41
12/5/2024,13.372
12/6/2024,13.34
12/7/2024,13.31
12/8/2024,13.296
12/9/2024,13.264
12/10/2024,13.236
12/11/2024,13.214
12/12/2024,13.186
12/13/2024,13.156
12/14/2024,13.122
12/15/2024,13.086
12/16/2024,13.076
12/17/2024,13.054
12/18/2024,13.024
12/19/2024,13
12/20/2024,12.97
12/21/2024,12.924
12/22/2024,12.9
12/23/2024,12.88
12/24/2024,12.856
12/25/2024,12.826
12/26/2024,12.794
12/27/2024,12.774
12/28/2024,12.75
12/29/2024,12.736
12/30/2024,12.704
12/31/2024,12.684
1/1/2025,12.66
1/2/2025,12.646
1/3/2025,12.624
1/4/2025,12.596
1/5/2025,12.576
1/6/2025,12.524
1/7/2025,12.508
1/8/2025,12.486
1/9/2025,12.464
1/10/2025,12.446
1/11/2025,12.44
1/12/2025,12.436
1/13/2025,12.426
1/14/2025,12.394
1/15/2025,12.374
1/16/2025,12.346
1/17/2025,12.34
1/18/2025,12.336
1/19/2025,12.314
1/20/2025,12.304
1/21/2025,12.294
1/22/2025,12.276
1/23/2025,12.254
1/24/2025,12.224
1/25/2025,12.206
1/26/2025,12.176
1/27/2025,12.16
1/28/2025,12.146
1/29/2025,12.124
1/30/2025,12.11
1/31/2025,12.1
2/1/2025,12.09
2/2/2025,12.08
2/3/2025,12.07
2/4/2025,12.07
2/5/2025,12.06
2/6/2025,12.05
2/7/2025,12.04
2/8/2025,12.03
2/9/2025,12.02
2/10/2025,12.01
2/11/2025,11.996
2/12/2025,11.98
2/13/2025,11.966
2/14/2025,11.948
2/15/2025,11.934
2/16/2025,11.92
2/17/2025,11.924
2/18/2025,11.952
2/19/2025,11.96
2/20/2025,11.96
2/21/2025,11.96
2/22/2025,11.96
2/23/2025,11.972
2/24/2025,12.028
2/25/2025,12.046
2/26/2025,12.02
2/27/2025,11.992
2/28/2025,11.964
3/1/2025,11.95
3/2/2025,11.94
3/3/2025,11.94
3/4/2025,11.94
3/5/2025,11.94
3/6/2025,11.95
3/7/2025,11.99
3/8/2025,12.018
3/9/2025,12.052
3/10/2025,12.05
3/11/2025,12.026
3/12/2025,12.03
3/13/2025,12.052
3/14/2025,12.1
3/15/2025,12.15
3/16/2025,12.16
3/17/2025,12.16
3/18/2025,12.16
3/19/2025,12.146
3/20/2025,12.132
3/21/2025,12.17
3/22/2025,12.18
3/23/2025,12.182
3/24/2025,12.272
3/25/2025,12.51
3/26/2025,12.996
3/27/2025,13.11
3/28/2025,13.062
3/29/2025,12.97
3/30/2025,12.898
3/31/2025,12.904
4/1/2025,12.962
4/2/2025,12.944
4/3/2025,12.876
4/4/2025,12.818
4/5/2025,12.794
4/6/2025,12.842
4/7/2025,12.992
4/8/2025,13.114
4/9/2025,13.106
4/10/2025,13.012
4/11/2025,13.002
4/12/2025,13.038
4/13/2025,13.13
4/14/2025,13.176
4/15/2025,13.128
4/16/2025,13.104
4/17/2025,13.116
4/18/2025,13.09
4/19/2025,13.134
4/20/2025,13.218
4/21/2025,13.36
4/22/2025,13.394
4/23/2025,13.416
4/24/2025,13.396
4/25/2025,13.41
4/26/2025,13.448
4/27/2025,13.562
4/28/2025,13.764
4/29/2025,14.432
4/30/2025,15.208
5/1/2025,15.608
5/2/2025,15.71
5/3/2025,15.52
5/4/2025,15.296
5/5/2025,15.11
5/6/2025,14.96
5/7/2025,14.81
5/8/2025,14.63
5/9/2025,14.518
5/10/2025,14.468
5/11/2025,14.424
5/12/2025,14.414
5/13/2025,14.432
5/14/2025,14.522
5/15/2025,14.828
5/16/2025,14.926
5/17/2025,15.08
5/18/2025,15.12
5/19/2025,15.25
5/20/2025,15.73
5/21/2025,16.106
5/22/2025,16.266
5/23/2025,16.32
5/24/2025,16.36
5/25/2025,16.268
5/26/2025,16.136
5/27/2025,16.032
5/28/2025,15.982
5/29/2025,15.922
5/30/2025,15.952
5/31/2025,15.98
6/1/2025,16.134
6/2/2025,16.694
6/3/2025,17.264
6/4/2025,17.988
6/5/2025,18.58
6/6/2025,18.7
6/7/2025,18.548
6/8/2025,18.192
6/9/2025,17.746
6/10/2025,17.44
6/11/2025,17.178
6/12/2025,16.992
6/13/2025,16.868
6/14/2025,16.718
6/15/2025,16.58
6/16/2025,16.414
6/17/2025,16.17
6/18/2025,16.14
6/19/2025,16.17
6/20/2025,16.236
6/21/2025,16.416
6/22/2025,16.526
6/23/2025,16.558
6/24/2025,16.678
6/25/2025,17.032
6/26/2025,17.464
6/27/2025,17.56
6/28/2025,17.576
6/29/2025,17.66
6/30/2025,17.744
7/1/2025,17.696
7/2/2025,17.494
7/3/2025,17.324
7/4/2025,17.22
7/5/2025,17.2
7/6/2025,17.206
7/7/2025,17.268
7/8/2025,17.274
7/9/2025,17.294
7/10/2025,17.378
7/11/2025,17.492
7/12/2025,17.514
7/13/2025,17.394
7/14/2025,17.224
7/15/2025,17.084
7/16/2025,16.97
7/17/2025,16.85
7/18/2025,16.76
7/19/2025,16.68
7/20/2025,16.672
7/21/2025,16.802
7/22/2025,17.012
7/23/2025,16.958
7/24/2025,16.838
7/25/2025,16.772
7/26/2025,16.75
7/27/2025,16.72
7/28/2025,16.682
7/29/2025,16.666
7/30/2025,16.8
7/31/2025,16.978
8/1/2025,16.972
8/2/2025,16.948
8/3/2025,16.978
8/4/2025,17.034
8/5/2025,17.238
8/6/2025,17.31
8/7/2025,17.346
8/8/2025,17.388
8/9/2025,17.416
8/10/2025,17.496
8/11/2025,17.658
8/12/2025,17.684
8/13/2025,17.848
8/14/2025,18.034
8/15/2025,18.246
8/16/2025,18.372
8/17/2025,18.316
8/18/2025,18.202
8/19/2025,18.07
8/20/2025,17.88
8/21/2025,17.748
8/22/2025,17.614
8/23/2025,17.58
8/24/2025,17.566
8/25/2025,17.518
8/26/2025,17.498
8/27/2025,17.49
8/28/2025,17.522
8/29/2025,17.616
8/30/2025,17.682
8/31/2025,17.752
9/1/2025,17.828
9/2/2025,17.854
9/3/2025,17.924
9/4/2025,17.94
9/5/2025,17.89
9/6/2025,17.852
9/7/2025,17.716
9/8/2025,17.604
9/9/2025,17.534
9/10/2025,17.478
9/11/2025,17.442
9/12/2025,17.416
9/13/2025,17.464
9/14/2025,17.54
9/15/2025,17.64
9/16/2025,17.824
9/17/2025,17.928
9/18/2025,18.046
9/19/2025,18.096
9/20/2025,18.116
9/21/2025,18.126
9/22/2025,18.086
9/23/2025,18.054
9/24/2025,18.024
9/25/2025,17.99
9/26/2025,17.864
9/27/2025,17.7
9/28/2025,17.55
9/29/2025,17.404
9/30/2025,17.178
10/1/2025,17.026
10/2/2025,16.872
10/3/2025,16.754
10/4/2025,16.718
10/5/2025,16.618
10/6/2025,17.094
10/7/2025,17.594
10/8/2025,17.384
10/9/2025,17.136
10/10/2025,16.986
10/11/2025,17.028
10/12/2025,17.05
10/13/2025,16.952
10/14/2025,16.728
10/15/2025,16.57
10/16/2025,16.474
10/17/2025,16.36
10/18/2025,16.318
10/19/2025,16.26
10/20/2025,16.134
10/21/2025,15.966
10/22/2025,15.794
10/23/2025,15.616
10/24/2025,15.488
10/25/2025,15.348
10/26/2025,15.234
10/27/2025,15.178
10/28/2025,15.08
10/29/2025,14.968
10/30/2025,14.934
10/31/2025,14.882
11/1/2025,14.894
11/2/2025,15.244
11/3/2025,15.39
11/4/2025,15.302
11/5/2025,15.076
11/6/2025,14.994
11/7/2025,15.04
11/8/2025,15.228
11/9/2025,15.336
11/10/2025,15.228
11/11/2025,15.042
11/12/2025,14.91
11/13/2025,14.77
11/14/2025,14.64
11/15/2025,14.552
11/16/2025,14.45
11/17/2025,14.372
11/18/2025,14.286
11/19/2025,14.202
11/20/2025,14.128
11/21/2025,14.09
11/22/2025,14.022
11/23/2025,13.948
11/24/2025,13.89
11/25/2025,13.846
11/26/2025,13.802
11/27/2025,13.75
11/28/2025,13.712
11/29/2025,13.66
11/30/2025,13.62
12/1/2025,13.58
12/2/2025,13.546
12/3/2025,13.49
12/4/2025,13.44
12/5/2025,13.39
12/6/2025,13.35
12/7/2025,13.326
12/8/2025,13.272
12/9/2025,13.236
12/10/2025,13.202
12/11/2025,13.164
12/12/2025,13.134
12/13/2025,13.1
12/14/2025,13.066
12/15/2025,13.02
12/16/2025,12.982
12/17/2025,12.946
12/18/2025,12.928
12/19/2025,12.894
12/20/2025,12.86
12/21/2025,12.826
12/22/2025,12.804
12/23/2025,12.772
12/24/2025,12.734
12/25/2025,12.706
12/26/2025,12.674
12/27/2025,12.642
12/28/2025,12.61
12/29/2025,12.61
12/30/2025,12.6
12/31/2025,12.59
