split,date,obs_wl_m,pred_wl_m,error_m
train,1980-03-15,5.55,5.5136,-0.0364
train,1980-03-16,7.14,7.1387,-0.0013
train,1980-03-17,6.36,6.3411,-0.0189
train,1980-03-18,12.09,12.1815,0.0915
train,1980-03-19,6.84,6.8376,-0.0024
train,1980-03-20,11.408,11.3478,-0.0602
train,1980-03-21,11.81,11.8573,0.0473
train,1980-03-22,7.43,7.3902,-0.0398
train,1980-03-23,4.89,4.9099,0.0199
train,1980-03-24,9.75,9.7365,-0.0135
train,1980-03-25,7.662,7.6395,-0.0225
train,1980-03-26,4.25,4.2246,-0.0254
train,1980-03-27,5.39,5.3853,-0.0047
train,1980-03-28,5.59,5.5989,0.0089
train,1980-03-29,7.052,6.9397,-0.1123
train,1980-03-30,12.02,12.1019,0.0819
train,1980-03-31,5.77,5.7643,-0.0057
train,1980-04-01,10.86,10.9436,0.0836
train,1980-04-02,5.104,5.0767,-0.0273
train,1980-04-03,12.498,12.2732,-0.2248
train,1980-04-04,5.308,5.2044,-0.1036
train,1980-04-05,5.72,5.774,0.054
train,1980-04-06,8.19,8.1769,-0.0131
train,1980-04-07,4.968,4.9278,-0.0402
train,1980-04-08,12.76,12.7542,-0.0058
train,1980-04-09,13.27,13.1223,-0.1477
train,1980-04-10,5.338,5.3228,-0.0152
train,1980-04-11,9.654,9.6456,-0.0084
train,1980-04-12,5.308,5.3653,0.0573
train,1980-04-13,5.05,5.0761,0.0261
train,1980-04-14,5.42,5.4402,0.0202
train,1980-04-15,9.864,9.8066,-0.0574
train,1980-04-16,6.77,6.8051,0.0351
train,1980-04-17,5.13,5.1336,0.0036
train,1980-04-18,6.91,6.9158,0.0058
train,1980-04-19,3.852,3.8958,0.0438
train,1980-04-20,12.0,12.025,0.025
train,1980-04-21,7.13,7.2957,0.1657
train,1980-04-22,6.38,6.3706,-0.0094
train,1980-04-23,12.33,11.9778,-0.3522
train,1980-04-24,5.08,5.0259,-0.0541
train,1980-04-25,7.81,7.8446,0.0346
train,1980-04-26,8.17,8.1877,0.0177
train,1980-04-27,5.48,5.5382,0.0582
train,1980-04-28,12.11,12.1769,0.0669
train,1980-04-29,6.08,6.0774,-0.0026
train,1980-04-30,5.044,5.1886,0.1446
train,1980-05-01,5.54,5.5692,0.0292
train,1980-05-02,4.532,4.4353,-0.0967
train,1980-05-03,4.896,4.9309,0.0349
train,1980-05-04,6.52,6.5362,0.0162
train,1980-05-05,5.61,5.5731,-0.0369
train,1980-05-06,6.322,6.3709,0.0489
train,1980-05-07,5.33,5.3461,0.0161
train,1980-05-08,5.65,5.6754,0.0254
train,1980-05-09,9.088,9.0214,-0.0666
train,1980-05-10,5.06,4.994,-0.066
train,1980-05-11,4.59,4.5675,-0.0225
train,1980-05-12,6.05,6.0654,0.0154
train,1980-05-13,9.25,9.315,0.065
train,1980-05-14,5.55,5.5827,0.0327
train,1980-05-15,4.572,4.5522,-0.0198
train,1980-05-16,7.026,7.06,0.034
train,1980-05-17,9.27,9.3834,0.1134
train,1980-05-18,7.53,7.5623,0.0323
train,1980-05-19,11.56,11.4502,-0.1098
train,1980-05-20,9.2,9.2538,0.0538
train,1980-05-21,4.65,4.6729,0.0229
train,1980-05-22,7.058,6.9639,-0.0941
train,1980-05-23,8.438,8.5576,0.1196
train,1980-05-24,5.22,5.1894,-0.0306
train,1980-05-25,5.04,5.038,-0.002
train,1980-05-26,4.984,5.1024,0.1184
train,1980-05-27,12.82,12.7311,-0.0889
train,1980-05-28,9.22,9.2435,0.0235
train,1980-05-29,11.39,11.4977,0.1077
train,1980-05-30,4.376,4.3415,-0.0345
train,1980-05-31,12.02,11.9827,-0.0373
train,1980-06-01,5.6,5.5826,-0.0174
train,1980-06-02,11.788,11.8242,0.0362
train,1980-06-03,8.45,8.4511,0.0011
train,1980-06-04,11.312,11.3447,0.0327
train,1980-06-05,8.628,8.5947,-0.0333
train,1980-06-06,6.49,6.449,-0.041
train,1980-06-07,4.89,4.8522,-0.0378
train,1980-06-08,5.19,5.2016,0.0116
train,1980-06-09,5.42,5.4171,-0.0029
train,1980-06-10,11.384,11.5075,0.1235
train,1980-06-11,4.93,4.9421,0.0121
train,1980-06-12,4.62,4.5941,-0.0259
train,1980-06-13,13.42,13.368,-0.052
train,1980-06-14,6.626,6.5799,-0.0461
train,1980-06-15,4.63,4.6015,-0.0285
train,1980-06-16,11.52,11.536,0.016
train,1980-06-17,4.55,4.5998,0.0498
train,1980-06-18,12.186,12.0865,-0.0995
train,1980-06-19,11.18,11.1461,-0.0339
train,1980-06-20,12.81,12.8922,0.0822
train,1980-06-21,6.01,5.9803,-0.0297
train,1980-06-22,6.248,6.1867,-0.0613
train,1980-06-23,10.35,10.348,-0.002
train,1980-06-24,7.78,7.8356,0.0556
train,1980-06-25,4.49,4.4251,-0.0649
train,1980-06-26,4.698,4.7135,0.0155
train,1980-06-27,6.988,6.9129,-0.0751
train,1980-06-28,5.58,5.5412,-0.0388
train,1980-06-29,5.408,5.4013,-0.0067
train,1980-06-30,5.03,5.0367,0.0067
train,1980-07-01,5.46,5.4401,-0.0199
train,1980-07-02,11.076,10.9974,-0.0786
train,1980-07-03,8.21,8.1879,-0.0221
train,1980-07-04,4.7,4.6551,-0.0449
train,1980-07-05,6.76,6.7413,-0.0187
train,1980-07-06,5.56,5.5888,0.0288
train,1980-07-07,5.46,5.4547,-0.0053
train,1980-07-08,9.52,9.6276,0.1076
train,1980-07-09,5.42,5.422,0.002
train,1980-07-10,7.25,7.0966,-0.1534
train,1980-07-11,6.66,6.6414,-0.0186
train,1980-07-12,5.27,5.2801,0.0101
train,1980-07-13,6.06,6.0371,-0.0229
train,1980-07-14,6.6,6.6011,0.0011
train,1980-07-15,8.21,8.1769,-0.0331
train,1980-07-16,7.378,7.3737,-0.0043
train,1980-07-17,5.03,5.0555,0.0255
train,1980-07-18,6.69,6.6927,0.0027
train,1980-07-19,7.066,7.0064,-0.0596
train,1980-07-20,12.504,12.5091,0.0051
train,1980-07-21,7.188,7.1339,-0.0541
train,1980-07-22,4.83,4.8301,0.0001
train,1980-07-23,4.25,4.2011,-0.0489
train,1980-07-24,10.89,10.8887,-0.0013
train,1980-07-25,5.156,5.1886,0.0326
train,1980-07-26,10.9,10.8497,-0.0503
train,1980-07-27,12.24,12.1864,-0.0536
train,1980-07-28,4.8,4.847,0.047
train,1980-07-29,12.4,12.3864,-0.0136
train,1980-07-30,7.57,6.7573,-0.8127
train,1980-07-31,4.91,4.9158,0.0058
train,1980-08-01,7.04,6.9435,-0.0965
train,1980-08-02,5.916,5.9426,0.0266
train,1980-08-03,6.508,6.5341,0.0261
train,1980-08-04,12.388,12.3683,-0.0197
train,1980-08-05,11.37,11.4927,0.1227
train,1980-08-06,4.92,4.8284,-0.0916
train,1980-08-07,8.104,8.0671,-0.0369
train,1980-08-08,9.438,9.3921,-0.0459
train,1980-08-09,12.168,12.2207,0.0527
train,1980-08-10,12.77,12.8083,0.0383
train,1980-08-11,5.822,5.8508,0.0288
train,1980-08-12,8.57,8.5267,-0.0433
train,1980-08-13,10.536,10.3617,-0.1743
train,1980-08-14,12.54,12.5121,-0.0279
train,1980-08-15,12.772,12.8398,0.0678
train,1980-08-16,12.008,11.4532,-0.5548
train,1980-08-17,7.66,7.6797,0.0197
train,1980-08-18,6.24,6.2756,0.0356
train,1980-08-19,11.13,11.0064,-0.1236
train,1980-08-20,5.47,5.4699,-0.0001
train,1980-08-21,4.502,4.5398,0.0378
train,1980-08-22,5.698,5.6804,-0.0176
train,1980-08-23,4.69,4.6697,-0.0203
train,1980-08-24,11.23,11.195,-0.035
train,1980-08-25,6.41,6.443,0.033
train,1980-08-26,5.198,5.3479,0.1499
train,1980-08-27,6.25,6.239,-0.011
train,1980-08-28,7.008,7.0093,0.0013
train,1980-08-29,6.27,6.2514,-0.0186
train,1980-08-30,5.1,5.1697,0.0697
train,1980-08-31,7.09,7.1218,0.0318
train,1980-09-01,12.74,12.8077,0.0677
train,1980-09-02,9.59,9.6081,0.0181
train,1980-09-03,13.41,13.4815,0.0715
train,1980-09-04,11.47,11.5228,0.0528
train,1980-09-05,11.87,11.8756,0.0056
train,1980-09-06,12.21,12.3612,0.1512
train,1980-09-07,5.9,5.8949,-0.0051
train,1980-09-08,12.644,12.618,-0.026
train,1980-09-09,7.33,7.3753,0.0453
train,1980-09-10,11.49,11.512,0.022
train,1980-09-11,7.292,7.4447,0.1527
train,1980-09-12,10.92,10.9237,0.0037
train,1980-09-13,12.42,12.36,-0.06
train,1980-09-14,4.34,4.3921,0.0521
train,1980-09-15,9.44,9.5254,0.0854
train,1980-09-16,4.45,4.5091,0.0591
train,1980-09-17,4.104,3.9434,-0.1606
train,1980-09-18,12.59,12.6093,0.0193
train,1980-09-19,5.25,5.2028,-0.0472
train,1980-09-20,4.12,4.1323,0.0123
train,1980-09-21,11.958,11.9051,-0.0529
train,1980-09-22,5.85,5.8746,0.0246
train,1980-09-23,4.7,4.6123,-0.0877
train,1980-09-24,11.96,11.8425,-0.1175
train,1980-09-25,5.7,5.694,-0.006
train,1980-09-26,6.77,6.7573,-0.0127
train,1980-09-27,5.15,5.1394,-0.0106
train,1980-09-28,4.47,4.5089,0.0389
train,1980-09-29,7.602,7.574,-0.028
train,1980-09-30,7.28,7.3511,0.0711
train,1980-10-01,13.99,13.8967,-0.0933
train,1980-10-02,12.46,12.5969,0.1369
train,1980-10-03,8.64,8.7227,0.0827
train,1980-10-04,5.09,5.1855,0.0955
train,1980-10-05,6.01,6.0012,-0.0088
train,1980-10-06,9.688,9.681,-0.007
train,1980-10-07,8.668,8.9027,0.2347
train,1980-10-08,4.92,4.9422,0.0222
train,1980-10-09,4.2,4.1871,-0.0129
train,1980-10-10,4.932,4.897,-0.035
train,1980-10-11,8.35,8.2803,-0.0697
train,1980-10-12,5.64,5.6888,0.0488
train,1980-10-13,6.466,6.2848,-0.1812
train,1980-10-14,4.36,4.3562,-0.0038
train,1980-10-15,13.1,13.2174,0.1174
train,1980-10-16,4.99,4.9028,-0.0872
train,1980-10-17,7.388,7.3766,-0.0114
train,1980-10-18,4.308,4.3454,0.0374
train,1980-10-19,12.51,12.3707,-0.1393
train,1980-10-20,5.926,5.9254,-0.0006
train,1980-10-21,11.36,11.5478,0.1878
train,1980-10-22,9.84,10.1441,0.3041
train,1980-10-23,8.01,8.0641,0.0541
train,1980-10-24,4.884,4.9364,0.0524
train,1980-10-25,5.8,5.7709,-0.0291
train,1980-10-26,13.45,13.4313,-0.0187
train,1980-10-27,7.65,7.6511,0.0011
train,1980-10-28,5.3,5.3057,0.0057
train,1980-10-29,6.76,6.7647,0.0047
train,1980-10-30,4.9,4.9344,0.0344
train,1980-10-31,5.66,5.6314,-0.0286
train,1980-11-01,4.354,4.3984,0.0444
train,1980-11-02,5.332,5.2614,-0.0706
train,1980-11-03,8.256,8.3198,0.0638
train,1980-11-04,11.86,11.7727,-0.0873
train,1980-11-05,8.888,8.8852,-0.0028
train,1980-11-06,5.58,5.5519,-0.0281
train,1980-11-07,4.018,4.1557,0.1377
train,1980-11-08,10.42,10.4246,0.0046
train,1980-11-09,10.904,10.852,-0.052
train,1980-11-10,9.42,9.4039,-0.0161
train,1980-11-11,12.58,12.6408,0.0608
train,1980-11-12,5.358,5.4287,0.0707
train,1980-11-13,12.98,12.9336,-0.0464
train,1980-11-14,10.638,10.7823,0.1443
train,1980-11-15,12.79,12.7698,-0.0202
train,1980-11-16,8.152,8.1512,-0.0008
train,1980-11-17,6.716,6.6715,-0.0445
train,1980-11-18,12.04,12.109,0.069
train,1980-11-19,9.498,9.4739,-0.0241
train,1980-11-20,9.566,9.6114,0.0454
train,1980-11-21,5.55,5.464,-0.086
train,1980-11-22,5.16,5.1707,0.0107
train,1980-11-23,10.09,10.1002,0.0102
train,1980-11-24,12.74,12.8162,0.0762
train,1980-11-25,5.24,5.2411,0.0011
train,1980-11-26,6.78,6.8073,0.0273
train,1980-11-27,12.52,12.6046,0.0846
train,1980-11-28,8.25,8.3479,0.0979
train,1980-11-29,12.912,12.8739,-0.0381
train,1980-11-30,7.056,7.0011,-0.0549
train,1980-12-01,4.18,4.1876,0.0076
train,1980-12-02,11.32,11.3566,0.0366
train,1980-12-03,4.424,4.4934,0.0694
train,1980-12-04,10.36,10.3622,0.0022
train,1980-12-05,11.15,11.0802,-0.0698
train,1980-12-06,6.11,6.137,0.027
train,1980-12-07,5.36,5.2912,-0.0688
train,1980-12-08,12.19,12.1529,-0.0371
train,1980-12-09,7.78,7.7907,0.0107
train,1980-12-10,6.804,6.8062,0.0022
train,1980-12-11,10.56,10.6101,0.0501
train,1980-12-12,5.45,5.514,0.064
train,1980-12-13,7.972,7.9565,-0.0155
train,1980-12-14,5.81,5.8465,0.0365
train,1980-12-15,11.422,11.3211,-0.1009
train,1980-12-16,3.53,3.5748,0.0448
train,1980-12-17,5.85,5.731,-0.119
train,1980-12-18,12.43,12.5329,0.1029
train,1980-12-19,7.95,8.0013,0.0513
train,1980-12-20,7.84,7.8535,0.0135
train,1980-12-21,12.342,12.445,0.103
train,1980-12-22,6.23,6.2414,0.0114
train,1980-12-23,12.0,11.8399,-0.1601
train,1980-12-24,10.03,10.0348,0.0048
train,1980-12-25,4.66,4.6686,0.0086
train,1980-12-26,5.23,5.2294,-0.0006
train,1980-12-27,9.47,9.4208,-0.0492
train,1980-12-28,11.83,11.8274,-0.0026
train,1980-12-29,8.396,8.4031,0.0071
train,1980-12-30,12.96,12.8739,-0.0861
train,1980-12-31,8.21,8.2257,0.0157
train,1981-01-01,11.34,11.3299,-0.0101
train,1981-01-02,11.86,11.844,-0.016
train,1981-01-03,5.42,5.457,0.037
train,1981-01-04,6.982,6.9477,-0.0343
train,1981-01-05,7.82,7.8472,0.0272
train,1981-01-06,6.39,6.4038,0.0138
train,1981-01-07,12.2,12.3433,0.1433
train,1981-01-08,6.78,6.9235,0.1435
train,1981-01-09,9.542,9.5171,-0.0249
train,1981-01-10,12.16,12.1702,0.0102
train,1981-01-11,3.846,3.8716,0.0256
train,1981-01-12,5.72,5.647,-0.073
train,1981-01-13,7.262,7.3121,0.0501
train,1981-01-14,8.82,8.7544,-0.0656
train,1981-01-15,7.41,7.3703,-0.0397
train,1981-01-16,10.492,10.8025,0.3105
train,1981-01-17,7.746,7.7928,0.0468
train,1981-01-18,13.93,13.9016,-0.0284
train,1981-01-19,8.09,8.0147,-0.0753
train,1981-01-20,6.554,6.464,-0.09
train,1981-01-21,6.94,6.9122,-0.0278
train,1981-01-22,5.14,5.1568,0.0168
train,1981-01-23,5.31,5.313,0.003
train,1981-01-24,12.192,12.0514,-0.1406
train,1981-01-25,12.92,12.883,-0.037
train,1981-01-26,6.268,6.3125,0.0445
train,1981-01-27,12.83,12.7955,-0.0345
train,1981-01-28,5.842,5.8425,0.0005
train,1981-01-29,12.328,12.2323,-0.0957
train,1981-01-30,9.6,9.6343,0.0343
train,1981-01-31,11.618,11.8056,0.1876
train,1981-02-01,4.56,4.5266,-0.0334
train,1981-02-02,12.24,12.478,0.238
train,1981-02-03,3.49,3.5688,0.0788
train,1981-02-04,4.54,4.5308,-0.0092
train,1981-02-05,6.66,6.7016,0.0416
train,1981-02-06,6.314,6.248,-0.066
train,1981-02-07,4.65,4.6533,0.0033
train,1981-02-08,8.64,8.7096,0.0696
train,1981-02-09,11.358,11.2305,-0.1275
train,1981-02-10,8.268,8.3631,0.0951
train,1981-02-11,13.878,13.8183,-0.0597
train,1981-02-12,9.03,9.0225,-0.0075
train,1981-02-13,6.612,6.5625,-0.0495
train,1981-02-14,11.588,11.5669,-0.0211
train,1981-02-15,11.33,11.2846,-0.0454
train,1981-02-16,3.65,3.5984,-0.0516
train,1981-02-17,8.32,8.3237,0.0037
train,1981-02-18,5.73,5.7699,0.0399
train,1981-02-19,10.364,10.262,-0.102
train,1981-02-20,6.01,6.0136,0.0036
train,1981-02-21,4.1,4.058,-0.042
train,1981-02-22,9.31,9.2857,-0.0243
train,1981-02-23,7.06,7.0537,-0.0063
train,1981-02-24,11.624,11.643,0.019
train,1981-02-25,10.9,10.8899,-0.0101
train,1981-02-26,11.89,11.8994,0.0094
train,1981-02-27,4.596,4.6003,0.0043
train,1981-02-28,11.41,11.4818,0.0718
train,1981-03-01,12.4,12.5339,0.1339
train,1981-03-02,7.728,7.696,-0.032
train,1981-03-03,8.682,8.8391,0.1571
train,1981-03-04,4.578,4.4984,-0.0796
train,1981-03-05,5.67,5.7487,0.0787
train,1981-03-06,11.12,11.1019,-0.0181
train,1981-03-07,5.118,5.1527,0.0347
train,1981-03-08,13.396,13.209,-0.187
train,1981-03-09,12.94,12.9727,0.0327
train,1981-03-10,5.46,5.4165,-0.0435
train,1981-03-11,5.17,5.1815,0.0115
train,1981-03-12,4.806,4.6746,-0.1314
train,1981-03-13,4.96,4.9895,0.0295
train,1981-03-14,9.07,9.069,-0.001
train,1981-03-15,5.04,5.0094,-0.0306
train,1981-03-16,4.45,4.4596,0.0096
train,1981-03-17,4.636,4.652,0.016
train,1981-03-18,4.25,4.2703,0.0203
train,1981-03-19,5.046,5.0185,-0.0275
train,1981-03-20,8.028,7.9966,-0.0314
train,1981-03-21,6.39,6.3726,-0.0174
train,1981-03-22,4.14,4.1099,-0.0301
train,1981-03-23,5.512,5.5151,0.0031
train,1981-03-24,4.8,4.7821,-0.0179
train,1981-03-25,6.452,6.4823,0.0303
train,1981-03-26,12.474,12.5635,0.0895
train,1981-03-27,9.286,9.2515,-0.0345
train,1981-03-28,13.07,13.0747,0.0047
train,1981-03-29,4.474,4.4677,-0.0063
train,1981-03-30,10.62,10.6587,0.0387
train,1981-03-31,5.864,5.981,0.117
train,1981-04-01,11.188,11.1799,-0.0081
train,1981-04-02,8.532,8.4928,-0.0392
train,1981-04-03,5.504,5.4844,-0.0196
train,1981-04-04,12.26,12.2837,0.0237
train,1981-04-05,5.84,5.8138,-0.0262
train,1981-04-06,12.38,12.4929,0.1129
train,1981-04-07,5.674,5.5949,-0.0791
train,1981-04-08,13.26,13.1142,-0.1458
train,1981-04-09,5.52,5.5672,0.0472
train,1981-04-10,10.88,10.86,-0.02
train,1981-04-11,8.53,8.6628,0.1328
train,1981-04-12,8.49,8.5202,0.0302
train,1981-04-13,6.85,6.8648,0.0148
train,1981-04-14,13.58,13.7868,0.2068
train,1981-04-15,11.43,11.3419,-0.0881
train,1981-04-16,7.54,7.5854,0.0454
train,1981-04-17,7.488,7.5059,0.0179
train,1981-04-18,13.01,12.9666,-0.0434
train,1981-04-19,3.87,3.9857,0.1157
train,1981-04-20,11.63,11.7184,0.0884
train,1981-04-21,4.92,4.9755,0.0555
train,1981-04-22,6.322,6.4359,0.1139
train,1981-04-23,5.85,5.8428,-0.0072
train,1981-04-24,5.74,5.7134,-0.0266
train,1981-04-25,8.17,8.2002,0.0302
train,1981-04-26,13.08,13.1119,0.0319
train,1981-04-27,5.61,5.6115,0.0015
train,1981-04-28,4.95,4.9886,0.0386
train,1981-04-29,5.64,5.6388,-0.0012
train,1981-04-30,5.01,5.0171,0.0071
train,1981-05-01,13.492,13.3086,-0.1834
train,1981-05-02,8.732,8.6811,-0.0509
train,1981-05-03,5.44,5.3821,-0.0579
train,1981-05-04,4.83,4.8429,0.0129
train,1981-05-05,10.01,10.0299,0.0199
train,1981-05-06,12.06,12.0837,0.0237
train,1981-05-07,7.89,7.9177,0.0277
train,1981-05-08,7.42,7.3453,-0.0747
train,1981-05-09,5.78,5.7577,-0.0223
train,1981-05-10,8.37,8.3517,-0.0183
train,1981-05-11,9.4,9.2161,-0.1839
train,1981-05-12,6.26,6.2278,-0.0322
train,1981-05-13,9.12,9.0298,-0.0902
train,1981-05-14,6.694,6.7731,0.0791
train,1981-05-15,5.024,5.0334,0.0094
train,1981-05-16,4.74,4.7631,0.0231
train,1981-05-17,4.42,4.3814,-0.0386
train,1981-05-18,13.92,13.8744,-0.0456
train,1981-05-19,12.84,12.8297,-0.0103
train,1981-05-20,4.586,4.611,0.025
train,1981-05-21,12.77,12.8162,0.0462
train,1981-05-22,8.81,8.5808,-0.2292
train,1981-05-23,3.91,4.0408,0.1308
train,1981-05-24,6.34,6.3483,0.0083
train,1981-05-25,6.38,6.386,0.006
train,1981-05-26,4.21,4.2794,0.0694
train,1981-05-27,8.06,8.1145,0.0545
train,1981-05-28,6.318,6.2999,-0.0181
train,1981-05-29,5.696,5.6991,0.0031
train,1981-05-30,5.58,5.6019,0.0219
train,1981-05-31,9.75,9.6796,-0.0704
train,1981-06-01,9.3,9.3561,0.0561
train,1981-06-02,13.124,13.2257,0.1017
train,1981-06-03,11.88,11.9326,0.0526
train,1981-06-04,11.922,12.0127,0.0907
train,1981-06-05,5.386,5.4519,0.0659
train,1981-06-06,4.036,4.0466,0.0106
train,1981-06-07,7.926,7.9112,-0.0148
train,1981-06-08,5.102,4.9696,-0.1324
train,1981-06-09,5.304,5.3588,0.0548
train,1981-06-10,8.38,8.3333,-0.0467
train,1981-06-11,12.528,12.4669,-0.0611
train,1981-06-12,3.96,4.0381,0.0781
train,1981-06-13,8.08,8.0431,-0.0369
train,1981-06-14,12.79,12.7448,-0.0452
train,1981-06-15,12.58,12.6056,0.0256
train,1981-06-16,11.95,12.0962,0.1462
train,1981-06-17,5.104,5.2351,0.1311
train,1981-06-18,13.53,13.4364,-0.0936
train,1981-06-19,11.518,11.6236,0.1056
train,1981-06-20,11.81,11.7969,-0.0131
train,1981-06-21,5.972,6.0095,0.0375
train,1981-06-22,4.49,4.5941,0.1041
train,1981-06-23,8.17,8.1641,-0.0059
train,1981-06-24,4.67,4.635,-0.035
train,1981-06-25,9.31,9.418,0.108
train,1981-06-26,10.65,10.5622,-0.0878
train,1981-06-27,7.324,7.3465,0.0225
train,1981-06-28,11.886,12.1093,0.2233
train,1981-06-29,11.26,11.2271,-0.0329
train,1981-06-30,10.124,10.1728,0.0488
train,1981-07-01,12.54,12.5498,0.0098
train,1981-07-02,5.82,5.8372,0.0172
train,1981-07-03,11.77,11.6551,-0.1149
train,1981-07-04,4.502,4.5401,0.0381
train,1981-07-05,6.65,6.6256,-0.0244
train,1981-07-06,12.386,12.4239,0.0379
train,1981-07-07,5.69,5.6939,0.0039
train,1981-07-08,11.22,11.2882,0.0682
train,1981-07-09,5.09,5.2155,0.1255
train,1981-07-10,8.516,8.277,-0.239
train,1981-07-11,12.13,12.1728,0.0428
train,1981-07-12,4.882,4.9209,0.0389
train,1981-07-13,5.89,5.5393,-0.3507
train,1981-07-14,7.32,7.1899,-0.1301
train,1981-07-15,12.644,12.5854,-0.0586
train,1981-07-16,11.65,11.6561,0.0061
train,1981-07-17,4.452,4.467,0.015
train,1981-07-18,12.58,12.4977,-0.0823
train,1981-07-19,3.828,3.9267,0.0987
train,1981-07-20,13.024,12.9729,-0.0511
train,1981-07-21,10.96,10.9235,-0.0365
train,1981-07-22,13.55,13.5488,-0.0012
train,1981-07-23,8.68,8.654,-0.026
train,1981-07-24,8.64,8.5152,-0.1248
train,1981-07-25,8.958,9.1183,0.1603
train,1981-07-26,9.99,9.8297,-0.1603
train,1981-07-27,5.72,5.7556,0.0356
train,1981-07-28,12.08,12.1287,0.0487
train,1981-07-29,4.83,4.8035,-0.0265
train,1981-07-30,11.938,11.8576,-0.0804
train,1981-07-31,6.88,6.8564,-0.0236
train,1981-08-01,4.24,4.2427,0.0027
train,1981-08-02,4.862,4.9796,0.1176
train,1981-08-03,5.19,5.1703,-0.0197
train,1981-08-04,12.432,12.4253,-0.0067
train,1981-08-05,6.59,6.5969,0.0069
train,1981-08-06,11.064,11.0627,-0.0013
train,1981-08-07,4.89,4.91,0.02
train,1981-08-08,12.776,12.8413,0.0653
train,1981-08-09,4.21,4.262,0.052
train,1981-08-10,5.326,5.3929,0.0669
train,1981-08-11,12.25,12.3151,0.0651
train,1981-08-12,13.22,13.2718,0.0518
train,1981-08-13,5.732,5.7345,0.0025
train,1981-08-14,6.238,6.224,-0.014
train,1981-08-15,6.94,6.9208,-0.0192
train,1981-08-16,13.07,12.9453,-0.1247
train,1981-08-17,9.43,9.5219,0.0919
train,1981-08-18,5.9,5.8736,-0.0264
train,1981-08-19,12.25,12.2926,0.0426
train,1981-08-20,12.282,12.3193,0.0373
train,1981-08-21,12.28,12.1562,-0.1238
train,1981-08-22,4.24,4.3021,0.0621
train,1981-08-23,4.628,4.4532,-0.1748
train,1981-08-24,8.72,8.7338,0.0138
train,1981-08-25,11.058,10.9127,-0.1453
train,1981-08-26,5.25,5.3169,0.0669
train,1981-08-27,9.428,9.451,0.023
train,1981-08-28,5.46,5.5466,0.0866
train,1981-08-29,13.92,13.7883,-0.1317
train,1981-08-30,5.11,5.0477,-0.0623
train,1981-08-31,12.53,12.6044,0.0744
train,1981-09-01,5.65,5.6646,0.0146
train,1981-09-02,9.528,9.5425,0.0145
train,1981-09-03,7.02,7.0288,0.0088
train,1981-09-04,7.216,7.2215,0.0055
train,1981-09-05,6.016,5.998,-0.018
train,1981-09-06,13.202,13.177,-0.025
train,1981-09-07,7.18,7.3191,0.1391
train,1981-09-08,6.442,6.412,-0.03
train,1981-09-09,5.78,5.7775,-0.0025
train,1981-09-10,7.9,7.8526,-0.0474
train,1981-09-11,12.92,12.9232,0.0032
train,1981-09-12,5.466,5.4709,0.0049
train,1981-09-13,4.19,4.1694,-0.0206
train,1981-09-14,11.91,11.8602,-0.0498
train,1981-09-15,4.6,4.6612,0.0612
train,1981-09-16,12.46,12.359,-0.101
train,1981-09-17,5.72,5.7588,0.0388
train,1981-09-18,4.61,4.6168,0.0068
train,1981-09-19,11.49,11.554,0.064
train,1981-09-20,4.47,4.5422,0.0722
train,1981-09-21,4.32,4.4437,0.1237
train,1981-09-22,11.13,11.0354,-0.0946
train,1981-09-23,6.63,6.5559,-0.0741
train,1981-09-24,6.82,6.8307,0.0107
train,1981-09-25,5.06,5.0149,-0.0451
train,1981-09-26,12.138,12.1239,-0.0141
train,1981-09-27,5.25,5.2751,0.0251
train,1981-09-28,4.458,4.437,-0.021
train,1981-09-29,11.35,11.3962,0.0462
train,1981-09-30,10.95,10.9434,-0.0066
train,1981-10-01,9.496,9.4508,-0.0452
train,1981-10-02,5.36,5.388,0.028
train,1981-10-03,5.02,5.0125,-0.0075
train,1981-10-04,4.8,4.7412,-0.0588
train,1981-10-05,7.246,7.0817,-0.1643
train,1981-10-06,5.21,5.2502,0.0402
train,1981-10-07,4.4,4.4309,0.0309
train,1981-10-08,13.302,13.3364,0.0344
train,1981-10-09,6.47,6.4697,-0.0003
train,1981-10-10,4.73,4.746,0.016
train,1981-10-11,4.414,4.3374,-0.0766
train,1981-10-12,5.24,5.3854,0.1454
train,1981-10-13,13.12,13.0329,-0.0871
train,1981-10-14,8.83,8.8321,0.0021
train,1981-10-15,10.82,10.9337,0.1137
train,1981-10-16,5.92,5.9684,0.0484
train,1981-10-17,4.47,4.5835,0.1135
train,1981-10-18,6.764,6.9018,0.1378
train,1981-10-19,13.19,13.2478,0.0578
train,1981-10-20,7.52,7.5494,0.0294
train,1981-10-21,5.42,5.4003,-0.0197
train,1981-10-22,4.68,4.6577,-0.0223
train,1981-10-23,5.64,5.6913,0.0513
train,1981-10-24,8.56,8.6614,0.1014
train,1981-10-25,11.84,11.6201,-0.2199
train,1981-10-26,4.99,4.9666,-0.0234
train,1981-10-27,10.45,10.6532,0.2032
train,1981-10-28,9.46,9.5234,0.0634
train,1981-10-29,4.934,4.9866,0.0526
train,1981-10-30,6.45,6.4497,-0.0003
train,1981-10-31,4.618,4.6078,-0.0102
train,1981-11-01,4.05,4.2221,0.1721
train,1981-11-02,12.38,12.1763,-0.2037
train,1981-11-03,11.93,11.9413,0.0113
train,1981-11-04,9.834,9.6613,-0.1727
train,1981-11-05,5.652,5.6797,0.0277
train,1981-11-06,5.194,5.2201,0.0261
train,1981-11-07,12.786,12.87,0.084
train,1981-11-08,10.28,10.2537,-0.0263
train,1981-11-09,5.448,5.4392,-0.0088
train,1981-11-10,5.3,5.2935,-0.0065
train,1981-11-11,11.972,11.8506,-0.1214
train,1981-11-12,9.676,9.8697,0.1937
train,1981-11-13,3.4,3.4652,0.0652
train,1981-11-14,3.94,3.9223,-0.0177
train,1981-11-15,5.722,5.7624,0.0404
train,1981-11-16,12.378,12.4238,0.0458
train,1981-11-17,13.274,13.2342,-0.0398
train,1981-11-18,10.1,10.1571,0.0571
train,1981-11-19,4.58,4.5146,-0.0654
train,1981-11-20,12.35,12.546,0.196
train,1981-11-21,12.9,12.8928,-0.0072
train,1981-11-22,5.43,5.4311,0.0011
train,1981-11-23,6.05,6.0545,0.0045
train,1981-11-24,9.2,9.2727,0.0727
train,1981-11-25,9.62,9.6956,0.0756
train,1981-11-26,12.31,12.2901,-0.0199
train,1981-11-27,4.97,4.8804,-0.0896
train,1981-11-28,11.52,11.4299,-0.0901
train,1981-11-29,4.7,4.6744,-0.0256
train,1981-11-30,6.71,6.7263,0.0163
train,1981-12-01,8.794,8.5702,-0.2238
train,1981-12-02,9.84,9.6094,-0.2306
train,1981-12-03,12.64,12.5853,-0.0547
train,1981-12-04,4.408,4.2783,-0.1297
train,1981-12-05,5.44,5.5009,0.0609
train,1981-12-06,7.506,7.2212,-0.2848
train,1981-12-07,8.142,8.1264,-0.0156
train,1981-12-08,4.7,4.759,0.059
train,1981-12-09,7.51,7.497,-0.013
train,1981-12-10,8.11,8.1587,0.0487
train,1981-12-11,12.4,12.3723,-0.0277
train,1981-12-12,4.9,4.9569,0.0569
train,1981-12-13,10.43,10.5298,0.0998
train,1981-12-14,4.502,4.4442,-0.0578
train,1981-12-15,10.72,10.8401,0.1201
train,1981-12-16,13.22,13.2527,0.0327
train,1981-12-17,12.2,12.2117,0.0117
train,1981-12-18,6.11,6.063,-0.047
train,1981-12-19,3.72,3.7741,0.0541
train,1981-12-20,6.302,6.2844,-0.0176
train,1981-12-21,5.458,5.4948,0.0368
train,1981-12-22,5.294,5.2142,-0.0798
train,1981-12-23,7.81,7.8238,0.0138
train,1981-12-24,9.654,9.7281,0.0741
train,1981-12-25,5.18,5.3144,0.1344
train,1981-12-26,12.86,12.7224,-0.1376
train,1981-12-27,5.03,5.0207,-0.0093
train,1981-12-28,4.57,4.7295,0.1595
train,1981-12-29,11.79,11.7134,-0.0766
train,1981-12-30,4.45,4.4463,-0.0037
train,1981-12-31,8.98,8.8201,-0.1599
train,1982-01-01,11.856,11.8404,-0.0156
train,1982-01-02,11.2,11.2793,0.0793
train,1982-01-03,12.77,12.6948,-0.0752
train,1982-01-04,9.77,9.7361,-0.0339
train,1982-01-05,4.806,4.8474,0.0414
train,1982-01-06,12.7,12.7514,0.0514
train,1982-01-07,5.086,5.1382,0.0522
train,1982-01-08,7.142,7.1183,-0.0237
train,1982-01-09,12.652,12.6703,0.0183
train,1982-01-10,11.276,11.2302,-0.0458
train,1982-01-11,5.69,5.7079,0.0179
train,1982-01-12,9.204,9.2604,0.0564
train,1982-01-13,12.564,12.5877,0.0237
train,1982-01-14,6.556,6.5704,0.0144
train,1982-01-15,7.376,7.2569,-0.1191
train,1982-01-16,8.062,7.8983,-0.1637
train,1982-01-17,6.1,6.0504,-0.0496
train,1982-01-18,4.97,5.0169,0.0469
train,1982-01-19,9.894,9.8675,-0.0265
train,1982-01-20,3.99,3.9872,-0.0028
train,1982-01-21,12.778,12.7859,0.0079
train,1982-01-22,5.89,5.8751,-0.0149
train,1982-01-23,11.47,11.4314,-0.0386
train,1982-01-24,5.57,5.5589,-0.0111
train,1982-01-25,12.79,12.7676,-0.0224
train,1982-01-26,5.95,5.9577,0.0077
train,1982-01-27,4.34,4.3699,0.0299
train,1982-01-28,12.5,12.4779,-0.0221
train,1982-01-29,11.29,11.1165,-0.1735
train,1982-01-30,5.01,4.9961,-0.0139
train,1982-01-31,6.71,6.7222,0.0122
train,1982-02-01,6.58,6.5637,-0.0163
train,1982-02-02,4.5,4.4611,-0.0389
train,1982-02-03,5.61,5.6967,0.0867
train,1982-02-04,11.778,11.8658,0.0878
train,1982-02-05,10.62,10.7079,0.0879
train,1982-02-06,5.17,5.1819,0.0119
train,1982-02-07,12.45,12.3736,-0.0764
train,1982-02-08,5.44,5.4765,0.0365
train,1982-02-09,13.25,13.3679,0.1179
train,1982-02-10,7.29,7.3804,0.0904
train,1982-02-11,5.63,5.6035,-0.0265
train,1982-02-12,4.93,4.9485,0.0185
train,1982-02-13,6.78,6.676,-0.104
train,1982-02-14,5.04,5.063,0.023
train,1982-02-15,11.77,11.8155,0.0455
train,1982-02-16,9.048,8.9919,-0.0561
train,1982-02-17,9.91,9.9388,0.0288
train,1982-02-18,5.68,5.7222,0.0422
train,1982-02-19,5.55,5.4626,-0.0874
train,1982-02-20,8.02,8.0333,0.0133
train,1982-02-21,9.15,9.3579,0.2079
train,1982-02-22,4.782,4.8604,0.0784
train,1982-02-23,6.404,6.4148,0.0108
train,1982-02-24,8.848,8.9001,0.0521
train,1982-02-25,12.26,12.311,0.051
train,1982-02-26,4.66,4.6627,0.0027
train,1982-02-27,12.81,12.8251,0.0151
train,1982-02-28,11.36,11.3872,0.0272
train,1982-03-01,5.13,5.1304,0.0004
train,1982-03-02,12.94,12.9357,-0.0043
train,1982-03-03,5.11,5.1301,0.0201
train,1982-03-04,5.81,5.6935,-0.1165
train,1982-03-05,6.3,6.3265,0.0265
train,1982-03-06,5.97,5.9738,0.0038
train,1982-03-07,7.682,7.6893,0.0073
train,1982-03-08,7.578,7.4817,-0.0963
train,1982-03-09,11.71,11.555,-0.155
train,1982-03-10,5.34,5.3637,0.0237
train,1982-03-11,12.03,11.978,-0.052
train,1982-03-12,11.4,11.2123,-0.1877
train,1982-03-13,11.234,11.2323,-0.0017
train,1982-03-14,12.74,12.6943,-0.0457
train,1982-03-15,6.46,6.3242,-0.1358
train,1982-03-16,12.78,12.6729,-0.1071
train,1982-03-17,8.1,8.0846,-0.0154
train,1982-03-18,5.38,5.3276,-0.0524
train,1982-03-19,13.83,13.746,-0.084
train,1982-03-20,4.55,4.4507,-0.0993
train,1982-03-21,10.44,10.4349,-0.0051
train,1982-03-22,6.85,6.8379,-0.0121
train,1982-03-23,6.11,6.206,0.096
train,1982-03-24,4.64,4.5169,-0.1231
train,1982-03-25,5.02,4.9629,-0.0571
train,1982-03-26,5.24,5.2091,-0.0309
train,1982-03-27,5.606,5.5691,-0.0369
train,1982-03-28,9.872,9.8253,-0.0467
train,1982-03-29,3.962,4.0038,0.0418
train,1982-03-30,5.094,5.088,-0.006
train,1982-03-31,4.16,4.1636,0.0036
train,1982-04-01,7.08,7.1221,0.0421
train,1982-04-02,11.49,11.487,-0.003
train,1982-04-03,5.582,5.6256,0.0436
train,1982-04-04,5.29,5.2973,0.0073
train,1982-04-05,8.784,8.7559,-0.0281
train,1982-04-06,6.47,6.5555,0.0855
train,1982-04-07,7.72,7.7187,-0.0013
train,1982-04-08,7.868,7.8738,0.0058
train,1982-04-09,12.12,12.2486,0.1286
train,1982-04-10,6.04,6.0636,0.0236
train,1982-04-11,7.912,7.9053,-0.0067
train,1982-04-12,11.552,11.6299,0.0779
train,1982-04-13,5.142,5.2008,0.0588
train,1982-04-14,5.9,5.8994,-0.0006
train,1982-04-15,7.758,7.7897,0.0317
train,1982-04-16,13.22,13.2792,0.0592
train,1982-04-17,6.16,6.1735,0.0135
train,1982-04-18,12.2,12.2799,0.0799
train,1982-04-19,7.01,7.0507,0.0407
train,1982-04-20,12.18,12.186,0.006
train,1982-04-21,6.72,6.6806,-0.0394
train,1982-04-22,4.82,4.8082,-0.0118
train,1982-04-23,7.618,7.6526,0.0346
train,1982-04-24,9.888,9.9323,0.0443
train,1982-04-25,4.964,4.978,0.014
train,1982-04-26,13.29,13.255,-0.035
train,1982-04-27,9.094,9.0348,-0.0592
train,1982-04-28,3.842,3.9481,0.1061
train,1982-04-29,6.62,6.6725,0.0525
train,1982-04-30,7.83,7.8238,-0.0062
train,1982-05-01,6.28,6.2884,0.0084
train,1982-05-02,4.336,4.4346,0.0986
train,1982-05-03,4.99,4.9607,-0.0293
train,1982-05-04,4.5,4.5036,0.0036
train,1982-05-05,3.75,3.7921,0.0421
train,1982-05-06,9.24,9.2439,0.0039
train,1982-05-07,5.29,5.2699,-0.0201
train,1982-05-08,6.712,6.7001,-0.0119
train,1982-05-09,10.28,10.4461,0.1661
train,1982-05-10,12.27,11.8495,-0.4205
train,1982-05-11,5.09,5.0596,-0.0304
train,1982-05-12,5.13,5.1213,-0.0087
train,1982-05-13,7.82,7.8567,0.0367
train,1982-05-14,7.88,7.9262,0.0462
train,1982-05-15,11.434,11.4235,-0.0105
train,1982-05-16,5.74,5.7169,-0.0231
train,1982-05-17,5.15,5.1389,-0.0111
train,1982-05-18,6.04,6.014,-0.026
train,1982-05-19,6.24,6.2931,0.0531
train,1982-05-20,12.096,12.1771,0.0811
train,1982-05-21,5.34,5.3103,-0.0297
train,1982-05-22,4.408,4.4587,0.0507
train,1982-05-23,6.802,6.7656,-0.0364
train,1982-05-24,6.74,6.4736,-0.2664
train,1982-05-25,8.95,8.8769,-0.0731
train,1982-05-26,6.25,6.3675,0.1175
train,1982-05-27,4.52,4.4657,-0.0543
train,1982-05-28,5.02,5.0178,-0.0022
train,1982-05-29,5.974,5.8961,-0.0779
train,1982-05-30,6.38,6.4133,0.0333
train,1982-05-31,5.27,5.2864,0.0164
train,1982-06-01,5.6,5.599,-0.001
train,1982-06-02,11.65,11.641,-0.009
train,1982-06-03,5.97,6.0079,0.0379
train,1982-06-04,5.59,5.6178,0.0278
train,1982-06-05,9.03,8.9661,-0.0639
train,1982-06-06,6.23,6.3167,0.0867
train,1982-06-07,11.22,11.0715,-0.1485
train,1982-06-08,6.142,6.0032,-0.1388
train,1982-06-09,7.186,7.1805,-0.0055
train,1982-06-10,11.822,11.8873,0.0653
train,1982-06-11,5.49,5.5069,0.0169
train,1982-06-12,7.66,7.6588,-0.0012
train,1982-06-13,11.83,11.9683,0.1383
train,1982-06-14,5.36,5.421,0.061
train,1982-06-15,5.22,5.2465,0.0265
train,1982-06-16,5.006,5.0113,0.0053
train,1982-06-17,5.142,5.123,-0.019
train,1982-06-18,4.28,4.3021,0.0221
train,1982-06-19,7.34,7.3125,-0.0275
train,1982-06-20,12.9,12.7812,-0.1188
train,1982-06-21,5.954,5.9732,0.0192
train,1982-06-22,4.83,4.7862,-0.0438
train,1982-06-23,11.7,11.7607,0.0607
train,1982-06-24,4.73,4.8708,0.1408
train,1982-06-25,6.504,6.5021,-0.0019
train,1982-06-26,12.42,12.305,-0.115
train,1982-06-27,7.16,7.147,-0.013
train,1982-06-28,8.06,8.0752,0.0152
train,1982-06-29,6.42,6.502,0.082
train,1982-06-30,4.84,4.8292,-0.0108
train,1982-07-01,6.69,6.6849,-0.0051
train,1982-07-02,10.752,10.6596,-0.0924
train,1982-07-03,11.64,11.7814,0.1414
train,1982-07-04,11.72,11.7399,0.0199
train,1982-07-05,4.86,4.8314,-0.0286
train,1982-07-06,5.404,5.3868,-0.0172
train,1982-07-07,6.174,5.9974,-0.1766
train,1982-07-08,8.62,8.6921,0.0721
train,1982-07-09,4.93,4.9334,0.0034
train,1982-07-10,11.08,11.1116,0.0316
train,1982-07-11,6.96,6.9466,-0.0134
train,1982-07-12,12.22,12.2399,0.0199
train,1982-07-13,6.62,6.6944,0.0744
train,1982-07-14,5.41,5.3855,-0.0245
train,1982-07-15,4.018,3.9541,-0.0639
train,1982-07-16,6.09,5.9916,-0.0984
train,1982-07-17,11.914,11.9025,-0.0115
train,1982-07-18,7.09,7.1243,0.0343
train,1982-07-19,5.28,5.2668,-0.0132
train,1982-07-20,12.28,12.2479,-0.0321
train,1982-07-21,6.958,6.9351,-0.0229
train,1982-07-22,6.73,6.7009,-0.0291
train,1982-07-23,5.98,5.985,0.005
train,1982-07-24,10.52,10.4951,-0.0249
train,1982-07-25,5.422,5.3571,-0.0649
train,1982-07-26,9.98,10.016,0.036
train,1982-07-27,13.18,13.1581,-0.0219
train,1982-07-28,5.73,5.771,0.041
train,1982-07-29,5.74,5.7329,-0.0071
train,1982-07-30,9.87,9.7623,-0.1077
train,1982-07-31,6.69,6.5909,-0.0991
train,1982-08-01,10.008,10.0743,0.0663
train,1982-08-02,11.544,11.6076,0.0636
train,1982-08-03,5.15,5.1593,0.0093
train,1982-08-04,11.934,12.1689,0.2349
train,1982-08-05,4.61,4.5919,-0.0181
train,1982-08-06,11.47,11.4564,-0.0136
train,1982-08-07,12.83,12.7808,-0.0492
train,1982-08-08,5.288,5.3135,0.0255
train,1982-08-09,12.13,11.9978,-0.1322
train,1982-08-10,5.94,5.9357,-0.0043
train,1982-08-11,4.53,4.4942,-0.0358
train,1982-08-12,10.752,10.5525,-0.1995
train,1982-08-13,9.44,9.0923,-0.3477
train,1982-08-14,4.956,4.9567,0.0007
train,1982-08-15,12.442,12.6577,0.2157
train,1982-08-16,12.644,12.6068,-0.0372
train,1982-08-17,7.77,7.7616,-0.0084
train,1982-08-18,6.482,6.45,-0.032
train,1982-08-19,6.17,6.2015,0.0315
train,1982-08-20,7.48,7.5016,0.0216
train,1982-08-21,9.28,9.2359,-0.0441
train,1982-08-22,7.78,7.8235,0.0435
train,1982-08-23,6.856,6.8252,-0.0308
train,1982-08-24,12.58,12.4129,-0.1671
train,1982-08-25,4.04,4.046,0.006
train,1982-08-26,6.38,6.3634,-0.0166
train,1982-08-27,5.02,4.9418,-0.0782
train,1982-08-28,8.098,8.0427,-0.0553
train,1982-08-29,12.33,12.3817,0.0517
train,1982-08-30,8.098,8.1326,0.0346
train,1982-08-31,6.95,6.9427,-0.0073
train,1982-09-01,9.39,9.2373,-0.1527
train,1982-09-02,13.75,13.6556,-0.0944
train,1982-09-03,11.36,11.4666,0.1066
train,1982-09-04,5.03,5.0586,0.0286
train,1982-09-05,6.68,6.6425,-0.0375
train,1982-09-06,5.01,5.0489,0.0389
train,1982-09-07,13.19,13.1458,-0.0442
train,1982-09-08,5.37,5.3684,-0.0016
train,1982-09-09,9.09,9.1107,0.0207
train,1982-09-10,12.35,12.45,0.1
train,1982-09-11,7.66,7.582,-0.078
train,1982-09-12,6.24,6.2412,0.0012
train,1982-09-13,7.46,7.493,0.033
train,1982-09-14,6.07,5.9867,-0.0833
train,1982-09-15,11.968,11.9108,-0.0572
train,1982-09-16,11.89,11.9941,0.1041
train,1982-09-17,4.68,4.6393,-0.0407
train,1982-09-18,5.8,5.8169,0.0169
train,1982-09-19,5.03,5.0219,-0.0081
train,1982-09-20,6.75,6.7518,0.0018
train,1982-09-21,5.05,4.9623,-0.0877
train,1982-09-22,5.7,5.6406,-0.0594
train,1982-09-23,5.396,5.41,0.014
train,1982-09-24,12.61,12.5607,-0.0493
train,1982-09-25,12.74,12.668,-0.072
train,1982-09-26,7.36,7.4134,0.0534
train,1982-09-27,6.456,6.3971,-0.0589
train,1982-09-28,4.44,4.5111,0.0711
train,1982-09-29,6.57,6.5262,-0.0438
train,1982-09-30,6.482,6.4246,-0.0574
train,1982-10-01,11.62,11.7127,0.0927
train,1982-10-02,5.3,5.3135,0.0135
train,1982-10-03,8.04,8.0726,0.0326
train,1982-10-04,5.284,5.2662,-0.0178
train,1982-10-05,6.84,6.8651,0.0251
train,1982-10-06,5.7,5.6803,-0.0197
train,1982-10-07,6.71,6.6777,-0.0323
train,1982-10-08,6.53,6.5063,-0.0237
train,1982-10-09,4.934,4.9631,0.0291
train,1982-10-10,4.9,4.9674,0.0674
train,1982-10-11,12.92,12.83,-0.09
train,1982-10-12,12.82,12.857,0.037
train,1982-10-13,9.44,9.2813,-0.1587
train,1982-10-14,5.99,5.9814,-0.0086
train,1982-10-15,4.654,4.6005,-0.0535
train,1982-10-16,6.22,6.0943,-0.1257
train,1982-10-17,5.206,5.2198,0.0138
train,1982-10-18,5.81,5.8178,0.0078
train,1982-10-19,6.24,6.262,0.022
train,1982-10-20,7.09,7.0661,-0.0239
train,1982-10-21,7.87,7.8591,-0.0109
train,1982-10-22,12.45,12.3899,-0.0601
train,1982-10-23,4.99,4.9469,-0.0431
train,1982-10-24,12.85,12.9302,0.0802
train,1982-10-25,11.41,11.52,0.11
train,1982-10-26,10.804,10.8061,0.0021
train,1982-10-27,4.79,4.8118,0.0218
train,1982-10-28,11.7,11.8328,0.1328
train,1982-10-29,5.23,5.2395,0.0095
train,1982-10-30,8.05,7.9996,-0.0504
train,1982-10-31,6.17,6.1501,-0.0199
train,1982-11-01,5.258,5.2388,-0.0192
train,1982-11-02,7.218,7.2546,0.0366
train,1982-11-03,5.78,5.7887,0.0087
train,1982-11-04,5.8,5.7595,-0.0405
train,1982-11-05,5.134,5.172,0.038
train,1982-11-06,7.84,7.8937,0.0537
train,1982-11-07,12.238,12.1415,-0.0965
train,1982-11-08,13.27,13.2757,0.0057
train,1982-11-09,9.584,9.5053,-0.0787
train,1982-11-10,4.16,4.0875,-0.0725
train,1982-11-11,8.13,8.0142,-0.1158
train,1982-11-12,12.89,12.9908,0.1008
train,1982-11-13,11.96,12.0735,0.1135
train,1982-11-14,12.96,13.0566,0.0966
train,1982-11-15,5.486,5.5342,0.0482
train,1982-11-16,4.84,4.8165,-0.0235
train,1982-11-17,12.102,12.1197,0.0177
train,1982-11-18,6.06,6.0596,-0.0004
train,1982-11-19,5.68,5.7291,0.0491
train,1982-11-20,5.33,5.318,-0.012
train,1982-11-21,5.41,5.4027,-0.0073
train,1982-11-22,4.98,4.9498,-0.0302
train,1982-11-23,13.02,13.0259,0.0059
train,1982-11-24,12.388,12.4118,0.0238
train,1982-11-25,9.63,9.5162,-0.1138
train,1982-11-26,10.5,10.4035,-0.0965
train,1982-11-27,7.85,7.8703,0.0203
train,1982-11-28,8.526,8.5213,-0.0047
train,1982-11-29,12.368,12.4195,0.0515
train,1982-11-30,4.68,4.7843,0.1043
train,1982-12-01,5.274,5.1895,-0.0845
train,1982-12-02,13.6,13.5225,-0.0775
train,1982-12-03,5.122,5.2328,0.1108
train,1982-12-04,5.34,5.3356,-0.0044
train,1982-12-05,5.66,5.6952,0.0352
train,1982-12-06,11.81,11.8173,0.0073
train,1982-12-07,8.11,8.1009,-0.0091
train,1982-12-08,11.37,11.4136,0.0436
train,1982-12-09,5.91,5.8958,-0.0142
train,1982-12-10,4.742,4.7584,0.0164
train,1982-12-11,6.15,6.1315,-0.0185
train,1982-12-12,6.276,6.2612,-0.0148
train,1982-12-13,7.16,7.1942,0.0342
train,1982-12-14,5.92,5.9356,0.0156
train,1982-12-15,7.66,7.6941,0.0341
train,1982-12-16,7.38,7.3501,-0.0299
train,1982-12-17,5.27,5.3934,0.1234
train,1982-12-18,13.67,13.7546,0.0846
train,1982-12-19,6.92,6.8879,-0.0321
train,1982-12-20,7.978,8.0398,0.0618
train,1982-12-21,5.41,5.4351,0.0251
train,1982-12-22,5.524,5.5944,0.0704
train,1982-12-23,10.976,10.8829,-0.0931
train,1982-12-24,9.29,9.2492,-0.0408
train,1982-12-25,4.842,4.862,0.02
train,1982-12-26,5.61,5.5743,-0.0357
train,1982-12-27,8.302,8.3606,0.0586
train,1982-12-28,10.69,10.6617,-0.0283
train,1982-12-29,11.17,11.1061,-0.0639
train,1982-12-30,8.058,8.1229,0.0649
train,1982-12-31,9.16,9.1581,-0.0019
train,1983-01-01,4.66,4.6356,-0.0244
train,1983-01-02,4.806,4.4992,-0.3068
train,1983-01-03,8.87,8.8952,0.0252
train,1983-01-04,10.722,10.7099,-0.0121
train,1983-01-05,4.22,4.1459,-0.0741
train,1983-01-06,5.17,5.068,-0.102
train,1983-01-07,5.71,5.751,0.041
train,1983-01-08,6.822,6.8632,0.0412
train,1983-01-09,10.696,10.6496,-0.0464
train,1983-01-10,5.61,5.5469,-0.0631
train,1983-01-11,12.29,12.2993,0.0093
train,1983-01-12,11.738,11.4843,-0.2537
train,1983-01-13,12.52,12.5427,0.0227
train,1983-01-14,9.308,9.2769,-0.0311
train,1983-01-15,7.67,7.6994,0.0294
train,1983-01-16,11.416,11.3964,-0.0196
train,1983-01-17,6.43,6.4366,0.0066
train,1983-01-18,11.692,11.7706,0.0786
train,1983-01-19,6.982,7.0011,0.0191
train,1983-01-20,5.26,5.2592,-0.0008
train,1983-01-21,6.69,6.6533,-0.0367
train,1983-01-22,12.73,12.7035,-0.0265
train,1983-01-23,11.78,11.4565,-0.3235
train,1983-01-24,5.55,5.595,0.045
train,1983-01-25,10.21,10.2546,0.0446
train,1983-01-26,5.36,5.3855,0.0255
train,1983-01-27,4.608,4.6731,0.0651
train,1983-01-28,4.21,4.2953,0.0853
train,1983-01-29,7.01,7.051,0.041
train,1983-01-30,13.95,13.8499,-0.1001
train,1983-01-31,10.664,10.7347,0.0707
train,1983-02-01,5.794,5.6239,-0.1701
train,1983-02-02,4.342,4.3904,0.0484
train,1983-02-03,5.26,5.1379,-0.1221
train,1983-02-04,4.66,4.6458,-0.0142
train,1983-02-05,5.642,5.6719,0.0299
train,1983-02-06,6.564,6.6499,0.0859
train,1983-02-07,11.508,11.5703,0.0623
train,1983-02-08,13.59,13.4709,-0.1191
train,1983-02-09,5.618,5.5829,-0.0351
train,1983-02-10,11.29,11.3245,0.0345
train,1983-02-11,11.972,11.9872,0.0152
train,1983-02-12,5.19,5.2481,0.0581
train,1983-02-13,5.38,5.391,0.011
train,1983-02-14,11.94,11.9449,0.0049
train,1983-02-15,10.69,10.6864,-0.0036
train,1983-02-16,7.17,7.2691,0.0991
train,1983-02-17,10.77,10.7599,-0.0101
train,1983-02-18,9.004,8.9447,-0.0593
train,1983-02-19,5.14,4.955,-0.185
train,1983-02-20,7.15,7.1698,0.0198
train,1983-02-21,7.34,7.3159,-0.0241
train,1983-02-22,5.79,5.7999,0.0099
train,1983-02-23,5.04,4.983,-0.057
train,1983-02-24,4.81,4.7917,-0.0183
train,1983-02-25,13.18,13.2495,0.0695
train,1983-02-26,10.32,10.3074,-0.0126
train,1983-02-27,12.73,12.7467,0.0167
train,1983-02-28,13.73,13.7772,0.0472
train,1983-03-01,4.33,4.339,0.009
train,1983-03-02,8.062,8.0759,0.0139
train,1983-03-03,4.65,4.6696,0.0196
train,1983-03-04,12.35,12.2259,-0.1241
train,1983-03-05,12.9,12.7982,-0.1018
train,1983-03-06,3.96,3.9351,-0.0249
train,1983-03-07,5.97,5.944,-0.026
train,1983-03-08,8.284,8.3144,0.0304
train,1983-03-09,5.25,5.2427,-0.0073
train,1983-03-10,5.68,5.725,0.045
train,1983-03-11,6.932,6.8825,-0.0495
train,1983-03-12,4.66,4.6616,0.0016
train,1983-03-13,13.42,13.4023,-0.0177
train,1983-03-14,6.3,6.2606,-0.0394
train,1983-03-15,12.69,12.6509,-0.0391
train,1983-03-16,4.23,4.2775,0.0475
train,1983-03-17,5.76,5.7528,-0.0072
train,1983-03-18,9.01,8.9828,-0.0272
train,1983-03-19,4.92,4.9084,-0.0116
train,1983-03-20,5.894,5.8785,-0.0155
train,1983-03-21,10.1,10.0157,-0.0843
train,1983-03-22,11.606,11.4589,-0.1471
train,1983-03-23,11.88,11.8479,-0.0321
train,1983-03-24,5.444,5.4533,0.0093
train,1983-03-25,12.54,12.4524,-0.0876
train,1983-03-26,5.99,5.9576,-0.0324
train,1983-03-27,9.6,9.5858,-0.0142
train,1983-03-28,6.208,6.204,-0.004
train,1983-03-29,5.268,5.2506,-0.0174
train,1983-03-30,6.16,6.1405,-0.0195
train,1983-03-31,5.53,5.5112,-0.0188
train,1983-04-01,3.4,3.4605,0.0605
train,1983-04-02,12.75,12.7944,0.0444
train,1983-04-03,11.5,11.4186,-0.0814
train,1983-04-04,11.5,11.1354,-0.3646
train,1983-04-05,8.51,8.1094,-0.4006
train,1983-04-06,11.93,11.9698,0.0398
train,1983-04-07,7.37,7.3792,0.0092
train,1983-04-08,12.49,12.5444,0.0544
train,1983-04-09,5.1,5.1541,0.0541
train,1983-04-10,5.67,5.708,0.038
train,1983-04-11,7.09,7.1507,0.0607
train,1983-04-12,13.95,13.7735,-0.1765
train,1983-04-13,8.62,8.588,-0.032
train,1983-04-14,5.0,4.9999,-0.0001
train,1983-04-15,7.98,7.8536,-0.1264
train,1983-04-16,5.45,5.4776,0.0276
train,1983-04-17,4.85,4.8448,-0.0052
train,1983-04-18,7.23,7.2499,0.0199
train,1983-04-19,11.22,11.2217,0.0017
train,1983-04-20,9.24,9.5071,0.2671
train,1983-04-21,11.93,11.943,0.013
train,1983-04-22,10.12,10.0346,-0.0854
train,1983-04-23,7.058,7.0994,0.0414
train,1983-04-24,11.43,11.4368,0.0068
train,1983-04-25,4.62,4.6369,0.0169
train,1983-04-26,4.51,4.5223,0.0123
train,1983-04-27,8.92,8.9047,-0.0153
train,1983-04-28,5.84,5.8098,-0.0302
train,1983-04-29,12.14,12.1523,0.0123
train,1983-04-30,5.602,5.6155,0.0135
train,1983-05-01,5.47,5.5454,0.0754
train,1983-05-02,10.61,10.6821,0.0721
train,1983-05-03,10.824,10.8132,-0.0108
train,1983-05-04,11.598,11.5997,0.0017
train,1983-05-05,4.61,4.5751,-0.0349
train,1983-05-06,7.23,7.1779,-0.0521
train,1983-05-07,12.9,12.8346,-0.0654
train,1983-05-08,4.2,4.2837,0.0837
train,1983-05-09,5.86,5.8461,-0.0139
train,1983-05-10,6.42,6.4184,-0.0016
train,1983-05-11,4.392,4.4868,0.0948
train,1983-05-12,5.38,5.4092,0.0292
train,1983-05-13,5.38,5.4239,0.0439
train,1983-05-14,5.86,5.8643,0.0043
train,1983-05-15,4.462,4.4687,0.0067
train,1983-05-16,3.978,4.0292,0.0512
train,1983-05-17,3.81,3.8625,0.0525
train,1983-05-18,5.79,5.8131,0.0231
train,1983-05-19,13.08,13.2053,0.1253
train,1983-05-20,9.49,9.5131,0.0231
train,1983-05-21,6.6,6.4912,-0.1088
train,1983-05-22,4.66,4.5693,-0.0907
train,1983-05-23,7.52,7.6657,0.1457
train,1983-05-24,12.458,12.4188,-0.0392
train,1983-05-25,12.11,12.1328,0.0228
train,1983-05-26,7.22,7.234,0.014
train,1983-05-27,5.12,5.0757,-0.0443
train,1983-05-28,11.5,11.5429,0.0429
train,1983-05-29,5.22,5.2308,0.0108
train,1983-05-30,12.27,12.3008,0.0308
train,1983-05-31,8.03,7.9779,-0.0521
train,1983-06-01,8.906,8.9313,0.0253
train,1983-06-02,11.972,12.058,0.086
train,1983-06-03,4.612,4.6106,-0.0014
train,1983-06-04,12.414,12.1606,-0.2534
train,1983-06-05,12.488,12.4695,-0.0185
train,1983-06-06,4.368,4.4109,0.0429
train,1983-06-07,5.06,5.0481,-0.0119
train,1983-06-08,11.58,11.8814,0.3014
train,1983-06-09,10.65,10.5782,-0.0718
train,1983-06-10,5.21,5.2282,0.0182
train,1983-06-11,12.37,12.4142,0.0442
train,1983-06-12,3.902,3.9383,0.0363
train,1983-06-13,6.06,6.117,0.057
train,1983-06-14,5.86,5.8388,-0.0212
train,1983-06-15,7.99,7.9518,-0.0382
train,1983-06-16,4.67,4.6712,0.0012
train,1983-06-17,5.23,5.1931,-0.0369
train,1983-06-18,7.84,7.8428,0.0028
train,1983-06-19,6.954,6.9816,0.0276
train,1983-06-20,4.52,4.5968,0.0768
train,1983-06-21,6.692,6.8285,0.1365
train,1983-06-22,5.288,5.3567,0.0687
train,1983-06-23,5.05,5.0475,-0.0025
train,1983-06-24,5.55,5.4799,-0.0701
train,1983-06-25,11.64,11.5794,-0.0606
train,1983-06-26,6.996,6.8169,-0.1791
train,1983-06-27,8.91,8.8895,-0.0205
train,1983-06-28,10.52,10.5719,0.0519
train,1983-06-29,9.36,9.3977,0.0377
train,1983-06-30,8.14,8.0933,-0.0467
train,1983-07-01,11.85,11.6859,-0.1641
train,1983-07-02,4.656,4.621,-0.035
train,1983-07-03,9.75,9.7933,0.0433
train,1983-07-04,12.672,12.6565,-0.0155
train,1983-07-05,11.91,11.98,0.07
train,1983-07-06,6.36,6.3772,0.0172
train,1983-07-07,5.444,5.4337,-0.0103
train,1983-07-08,5.17,5.1104,-0.0596
train,1983-07-09,4.62,4.6192,-0.0008
train,1983-07-10,5.16,5.1415,-0.0185
train,1983-07-11,6.074,5.9633,-0.1107
train,1983-07-12,6.32,6.2927,-0.0273
train,1983-07-13,8.5,8.4756,-0.0244
train,1983-07-14,8.442,8.4664,0.0244
train,1983-07-15,10.34,10.3909,0.0509
train,1983-07-16,6.682,6.6969,0.0149
train,1983-07-17,4.81,4.7881,-0.0219
train,1983-07-18,6.8,6.745,-0.055
train,1983-07-19,12.76,12.9195,0.1595
train,1983-07-20,4.542,4.6075,0.0655
train,1983-07-21,5.4,5.3402,-0.0598
train,1983-07-22,12.54,12.4272,-0.1128
train,1983-07-23,7.64,7.7072,0.0672
train,1983-07-24,9.142,9.0745,-0.0675
train,1983-07-25,4.93,4.9591,0.0291
train,1983-07-26,7.526,7.6664,0.1404
train,1983-07-27,4.7,4.7401,0.0401
train,1983-07-28,5.04,5.0761,0.0361
train,1983-07-29,5.13,5.1501,0.0201
train,1983-07-30,12.522,12.5175,-0.0045
train,1983-07-31,10.78,10.8519,0.0719
train,1983-08-01,9.62,9.6255,0.0055
train,1983-08-02,7.03,7.0795,0.0495
train,1983-08-03,6.26,6.1785,-0.0815
train,1983-08-04,12.61,12.8141,0.2041
train,1983-08-05,7.24,7.3168,0.0768
train,1983-08-06,11.426,11.1702,-0.2558
train,1983-08-07,6.25,6.242,-0.008
train,1983-08-08,3.94,3.9781,0.0381
train,1983-08-09,12.45,12.2487,-0.2013
train,1983-08-10,11.948,12.018,0.07
train,1983-08-11,9.26,9.1649,-0.0951
train,1983-08-12,8.05,8.0252,-0.0248
train,1983-08-13,4.58,4.5915,0.0115
train,1983-08-14,6.03,6.0184,-0.0116
train,1983-08-15,9.18,9.1726,-0.0074
train,1983-08-16,6.836,6.8403,0.0043
train,1983-08-17,6.26,6.4106,0.1506
train,1983-08-18,5.87,5.8855,0.0155
train,1983-08-19,7.332,7.3193,-0.0127
train,1983-08-20,12.23,12.3478,0.1178
train,1983-08-21,10.682,10.7526,0.0706
train,1983-08-22,7.36,7.3926,0.0326
train,1983-08-23,4.64,4.7297,0.0897
train,1983-08-24,13.45,13.447,-0.003
train,1983-08-25,9.74,9.8231,0.0831
train,1983-08-26,6.22,6.1721,-0.0479
train,1983-08-27,8.33,8.3158,-0.0142
train,1983-08-28,11.616,11.766,0.15
train,1983-08-29,12.8,12.7103,-0.0897
train,1983-08-30,11.89,11.8462,-0.0438
train,1983-08-31,6.172,6.2401,0.0681
train,1983-09-01,6.882,6.8825,0.0005
train,1983-09-02,10.83,10.7932,-0.0368
train,1983-09-03,5.098,5.0592,-0.0388
train,1983-09-04,13.15,13.1435,-0.0065
train,1983-09-05,12.46,12.623,0.163
train,1983-09-06,7.6,7.587,-0.013
train,1983-09-07,10.5,10.5264,0.0264
train,1983-09-08,9.184,9.1862,0.0022
train,1983-09-09,6.47,6.5221,0.0521
train,1983-09-10,6.24,6.2386,-0.0014
train,1983-09-11,5.16,5.1383,-0.0217
train,1983-09-12,11.17,11.1256,-0.0444
train,1983-09-13,12.49,12.3992,-0.0908
train,1983-09-14,5.246,5.3443,0.0983
train,1983-09-15,6.49,6.4044,-0.0856
train,1983-09-16,5.32,5.2068,-0.1132
train,1983-09-17,12.33,12.3251,-0.0049
train,1983-09-18,12.9,12.8677,-0.0323
train,1983-09-19,5.02,5.0011,-0.0189
train,1983-09-20,5.82,5.7818,-0.0382
train,1983-09-21,8.7,8.7422,0.0422
train,1983-09-22,7.07,7.0745,0.0045
train,1983-09-23,5.66,5.6552,-0.0048
train,1983-09-24,5.22,5.1985,-0.0215
train,1983-09-25,13.43,13.2464,-0.1836
train,1983-09-26,7.542,7.5565,0.0145
train,1983-09-27,7.64,7.6375,-0.0025
train,1983-09-28,13.396,13.3977,0.0017
train,1983-09-29,8.086,8.1253,0.0393
train,1983-09-30,12.348,12.2975,-0.0505
train,1983-10-01,11.906,11.9585,0.0525
train,1983-10-02,13.26,13.306,0.046
train,1983-10-03,5.292,5.317,0.025
train,1983-10-04,6.494,6.4747,-0.0193
train,1983-10-05,8.712,8.7122,0.0002
train,1983-10-06,13.37,13.2848,-0.0852
train,1983-10-07,12.3,12.3265,0.0265
train,1983-10-08,10.138,10.1952,0.0572
train,1983-10-09,4.7,4.8346,0.1346
train,1983-10-10,7.05,6.95,-0.1
train,1983-10-11,11.97,11.87,-0.1
train,1983-10-12,7.272,7.2543,-0.0177
train,1983-10-13,12.748,12.6865,-0.0615
train,1983-10-14,8.412,8.3669,-0.0451
train,1983-10-15,5.78,5.8135,0.0335
train,1983-10-16,12.29,12.2716,-0.0184
train,1983-10-17,4.638,4.615,-0.023
train,1983-10-18,7.35,7.4046,0.0546
train,1983-10-19,5.012,5.0496,0.0376
train,1983-10-20,4.856,4.8447,-0.0113
train,1983-10-21,8.25,8.3204,0.0704
train,1983-10-22,6.53,6.4872,-0.0428
train,1983-10-23,12.406,12.5186,0.1126
train,1983-10-24,12.12,12.1041,-0.0159
train,1983-10-25,10.27,10.2601,-0.0099
train,1983-10-26,10.48,10.4027,-0.0773
train,1983-10-27,4.97,5.012,0.042
train,1983-10-28,6.82,6.8022,-0.0178
train,1983-10-29,12.33,12.0194,-0.3106
train,1983-10-30,4.54,4.493,-0.047
train,1983-10-31,8.11,8.1414,0.0314
train,1983-11-01,5.87,5.8629,-0.0071
train,1983-11-02,5.09,5.1296,0.0396
train,1983-11-03,6.32,6.3242,0.0042
train,1983-11-04,6.07,6.0838,0.0138
train,1983-11-05,5.46,5.5008,0.0408
train,1983-11-06,8.37,8.4674,0.0974
train,1983-11-07,6.454,6.4467,-0.0073
train,1983-11-08,4.9,4.8956,-0.0044
train,1983-11-09,12.11,12.0965,-0.0135
train,1983-11-10,8.36,8.4963,0.1363
train,1983-11-11,5.6,5.6074,0.0074
train,1983-11-12,6.21,6.1817,-0.0283
train,1983-11-13,6.426,6.4318,0.0058
train,1983-11-14,11.97,12.0878,0.1178
train,1983-11-15,8.656,8.5987,-0.0573
train,1983-11-16,6.826,6.8065,-0.0195
train,1983-11-17,12.92,12.8253,-0.0947
train,1983-11-18,12.17,12.1377,-0.0323
train,1983-11-19,4.19,4.1948,0.0048
train,1983-11-20,10.62,10.5419,-0.0781
train,1983-11-21,5.38,5.3715,-0.0085
train,1983-11-22,6.0,5.9962,-0.0038
train,1983-11-23,10.1,10.087,-0.013
train,1983-11-24,5.82,5.8377,0.0177
train,1983-11-25,5.43,5.4534,0.0234
train,1983-11-26,11.51,11.4993,-0.0107
train,1983-11-27,11.79,11.771,-0.019
train,1983-11-28,4.968,5.0907,0.1227
train,1983-11-29,5.85,5.7955,-0.0545
train,1983-11-30,6.904,6.9726,0.0686
train,1983-12-01,7.55,7.4355,-0.1145
train,1983-12-02,7.026,7.0715,0.0455
train,1983-12-03,6.65,6.6251,-0.0249
train,1983-12-04,5.8,5.8336,0.0336
train,1983-12-05,7.18,7.2026,0.0226
train,1983-12-06,4.14,4.0806,-0.0594
train,1983-12-07,12.13,12.1934,0.0634
train,1983-12-08,10.77,10.6777,-0.0923
train,1983-12-09,9.94,9.9491,0.0091
train,1983-12-10,4.514,4.4458,-0.0682
train,1983-12-11,11.32,11.34,0.02
train,1983-12-12,7.268,7.0935,-0.1745
train,1983-12-13,11.342,11.3439,0.0019
train,1983-12-14,5.41,5.3847,-0.0253
train,1983-12-15,6.122,6.1774,0.0554
train,1983-12-16,12.33,12.3889,0.0589
train,1983-12-17,5.868,5.8143,-0.0537
train,1983-12-18,12.06,12.0631,0.0031
train,1983-12-19,8.73,8.7178,-0.0122
train,1983-12-20,7.41,7.4609,0.0509
train,1983-12-21,9.908,9.8389,-0.0691
train,1983-12-22,12.89,12.8316,-0.0584
train,1983-12-23,6.9,6.957,0.057
train,1983-12-24,11.11,11.297,0.187
train,1983-12-25,6.24,6.2293,-0.0107
train,1983-12-26,8.718,8.6311,-0.0869
train,1983-12-27,12.25,12.1722,-0.0778
train,1983-12-28,6.77,6.7693,-0.0007
train,1983-12-29,5.26,5.204,-0.056
train,1983-12-30,5.99,5.9791,-0.0109
train,1983-12-31,7.204,7.1464,-0.0576
train,1984-01-01,4.992,4.9261,-0.0659
train,1984-01-02,6.84,6.9373,0.0973
train,1984-01-03,11.06,10.9174,-0.1426
train,1984-01-04,4.49,4.4856,-0.0044
train,1984-01-05,4.278,4.3066,0.0286
train,1984-01-06,5.01,4.9897,-0.0203
train,1984-01-07,6.09,6.0998,0.0098
train,1984-01-08,4.83,4.7933,-0.0367
train,1984-01-09,9.492,9.4079,-0.0841
train,1984-01-10,10.462,10.5027,0.0407
train,1984-01-11,7.22,7.2637,0.0437
train,1984-01-12,5.9,5.8488,-0.0512
train,1984-01-13,7.884,7.8773,-0.0067
train,1984-01-14,11.2,11.1693,-0.0307
train,1984-01-15,7.74,7.7448,0.0048
train,1984-01-16,5.53,5.5796,0.0496
train,1984-01-17,5.31,5.2454,-0.0646
train,1984-01-18,10.5,10.5326,0.0326
train,1984-01-19,5.48,5.4564,-0.0236
train,1984-01-20,6.288,6.3264,0.0384
train,1984-01-21,5.11,5.1693,0.0593
train,1984-01-22,7.13,7.1395,0.0095
train,1984-01-23,9.1,9.0956,-0.0044
train,1984-01-24,6.53,6.5753,0.0453
train,1984-01-25,8.62,8.6687,0.0487
train,1984-01-26,4.27,4.2688,-0.0012
train,1984-01-27,11.838,11.7696,-0.0684
train,1984-01-28,3.87,3.8876,0.0176
train,1984-01-29,13.15,13.1337,-0.0163
train,1984-01-30,4.292,4.5648,0.2728
train,1984-01-31,5.106,5.1826,0.0766
train,1984-02-01,13.96,13.8597,-0.1003
train,1984-02-02,8.67,8.714,0.044
train,1984-02-03,10.972,10.9754,0.0034
train,1984-02-04,7.22,7.2915,0.0715
train,1984-02-05,6.36,6.4427,0.0827
train,1984-02-06,12.95,12.9834,0.0334
train,1984-02-07,4.82,4.7897,-0.0303
train,1984-02-08,12.86,12.8603,0.0003
train,1984-02-09,10.696,10.636,-0.06
train,1984-02-10,5.79,5.7764,-0.0136
train,1984-02-11,11.47,11.3909,-0.0791
train,1984-02-12,12.89,12.7826,-0.1074
train,1984-02-13,5.14,5.1455,0.0055
train,1984-02-14,13.04,13.069,0.029
train,1984-02-15,12.91,12.8733,-0.0367
train,1984-02-16,7.29,7.2816,-0.0084
train,1984-02-17,5.042,4.9968,-0.0452
train,1984-02-18,4.83,4.8046,-0.0254
train,1984-02-19,5.27,5.2466,-0.0234
train,1984-02-20,8.108,7.8711,-0.2369
train,1984-02-21,8.786,8.7481,-0.0379
train,1984-02-22,10.59,10.6804,0.0904
train,1984-02-23,7.702,7.8102,0.1082
train,1984-02-24,5.93,5.8766,-0.0534
train,1984-02-25,5.72,5.5697,-0.1503
train,1984-02-26,12.358,12.3164,-0.0416
train,1984-02-27,5.298,5.3325,0.0345
train,1984-02-28,12.578,12.5416,-0.0364
train,1984-02-29,11.906,11.9343,0.0283
train,1984-03-01,4.76,4.8322,0.0722
train,1984-03-02,6.492,6.6162,0.1242
train,1984-03-03,4.892,4.8994,0.0074
train,1984-03-04,6.61,6.6417,0.0317
train,1984-03-05,7.41,7.4032,-0.0068
train,1984-03-06,5.19,5.1524,-0.0376
train,1984-03-07,4.33,4.3369,0.0069
train,1984-03-08,10.78,10.704,-0.076
train,1984-03-09,5.338,5.3585,0.0205
train,1984-03-10,7.13,7.1088,-0.0212
train,1984-03-11,7.58,7.684,0.104
train,1984-03-12,5.25,5.096,-0.154
train,1984-03-13,4.93,4.9469,0.0169
train,1984-03-14,5.55,5.5333,-0.0167
train,1984-03-15,7.91,7.8402,-0.0698
train,1984-03-16,12.068,12.0113,-0.0567
train,1984-03-17,7.8,7.7297,-0.0703
train,1984-03-18,11.39,11.4988,0.1088
train,1984-03-19,8.026,7.9567,-0.0693
train,1984-03-20,4.77,4.7585,-0.0115
train,1984-03-21,7.442,7.4577,0.0157
train,1984-03-22,7.324,7.3575,0.0335
train,1984-03-23,10.08,10.0999,0.0199
train,1984-03-24,9.468,9.4374,-0.0306
train,1984-03-25,12.59,12.7035,0.1135
train,1984-03-26,4.66,4.6581,-0.0019
train,1984-03-27,4.308,4.1581,-0.1499
train,1984-03-28,7.872,7.8918,0.0198
train,1984-03-29,9.61,9.4624,-0.1476
train,1984-03-30,4.86,4.8704,0.0104
train,1984-03-31,10.024,10.0425,0.0185
train,1984-04-01,4.25,4.2211,-0.0289
train,1984-04-02,4.94,4.9653,0.0253
train,1984-04-03,5.46,5.4355,-0.0245
train,1984-04-04,13.216,12.972,-0.244
train,1984-04-05,7.94,7.9512,0.0112
train,1984-04-06,6.28,6.2993,0.0193
train,1984-04-07,5.98,5.9952,0.0152
train,1984-04-08,12.77,12.7448,-0.0252
train,1984-04-09,6.648,6.6122,-0.0358
train,1984-04-10,8.43,8.417,-0.013
train,1984-04-11,5.152,5.2295,0.0775
train,1984-04-12,5.67,5.7046,0.0346
train,1984-04-13,4.15,4.1176,-0.0324
train,1984-04-14,6.34,6.349,0.009
train,1984-04-15,4.476,4.4528,-0.0232
train,1984-04-16,7.694,7.695,0.001
train,1984-04-17,4.67,4.6456,-0.0244
train,1984-04-18,7.752,8.0071,0.2551
train,1984-04-19,5.61,5.6104,0.0004
train,1984-04-20,6.51,6.4836,-0.0264
train,1984-04-21,5.51,5.5486,0.0386
train,1984-04-22,7.07,7.0772,0.0072
train,1984-04-23,5.57,5.5512,-0.0188
train,1984-04-24,4.63,4.6205,-0.0095
train,1984-04-25,6.39,6.3613,-0.0287
train,1984-04-26,7.678,7.6832,0.0052
train,1984-04-27,6.536,6.5213,-0.0147
train,1984-04-28,5.06,5.0712,0.0112
train,1984-04-29,4.52,4.4678,-0.0522
train,1984-04-30,3.83,3.8455,0.0155
train,1984-05-01,6.78,6.8,0.02
train,1984-05-02,8.218,8.1489,-0.0691
train,1984-05-03,5.0,4.9971,-0.0029
train,1984-05-04,5.22,5.2167,-0.0033
train,1984-05-05,6.1,6.1124,0.0124
train,1984-05-06,5.432,5.3982,-0.0338
train,1984-05-07,5.238,5.279,0.041
train,1984-05-08,5.296,5.2781,-0.0179
train,1984-05-09,4.59,4.6102,0.0202
train,1984-05-10,5.17,5.103,-0.067
train,1984-05-11,13.84,13.7816,-0.0584
train,1984-05-12,13.17,13.0944,-0.0756
train,1984-05-13,5.04,5.101,0.061
train,1984-05-14,8.04,7.9831,-0.0569
train,1984-05-15,10.08,10.0138,-0.0662
train,1984-05-16,4.8,4.7753,-0.0247
train,1984-05-17,12.96,12.8799,-0.0801
train,1984-05-18,9.46,9.4832,0.0232
train,1984-05-19,7.42,7.3812,-0.0388
train,1984-05-20,7.3,7.3318,0.0318
train,1984-05-21,3.91,3.9897,0.0797
train,1984-05-22,6.75,6.7066,-0.0434
train,1984-05-23,5.65,5.6462,-0.0038
train,1984-05-24,12.47,12.4679,-0.0021
train,1984-05-25,9.6,9.3134,-0.2866
train,1984-05-26,5.65,5.676,0.026
train,1984-05-27,6.932,6.9197,-0.0123
train,1984-05-28,12.75,12.6694,-0.0806
train,1984-05-29,10.196,10.2965,0.1005
train,1984-05-30,7.642,7.715,0.073
train,1984-05-31,11.46,11.5352,0.0752
train,1984-06-01,5.06,5.0234,-0.0366
train,1984-06-02,8.67,8.5641,-0.1059
train,1984-06-03,8.962,9.0298,0.0678
train,1984-06-04,4.4,4.4392,0.0392
train,1984-06-05,11.11,11.2033,0.0933
train,1984-06-06,12.76,12.8217,0.0617
train,1984-06-07,13.59,13.602,0.012
train,1984-06-08,5.19,5.1754,-0.0146
train,1984-06-09,13.582,13.6142,0.0322
train,1984-06-10,7.88,7.9237,0.0437
train,1984-06-11,4.5,4.4173,-0.0827
train,1984-06-12,5.064,5.0052,-0.0588
train,1984-06-13,7.29,7.2163,-0.0737
train,1984-06-14,4.88,4.8823,0.0023
train,1984-06-15,5.29,5.3844,0.0944
train,1984-06-16,4.67,4.7362,0.0662
train,1984-06-17,8.614,8.6511,0.0371
train,1984-06-18,5.57,5.5486,-0.0214
train,1984-06-19,7.418,7.4549,0.0369
train,1984-06-20,10.6,10.672,0.072
train,1984-06-21,10.15,10.1878,0.0378
train,1984-06-22,4.914,4.8895,-0.0245
train,1984-06-23,6.824,6.7929,-0.0311
train,1984-06-24,12.172,12.2291,0.0571
train,1984-06-25,4.724,4.8027,0.0787
train,1984-06-26,9.74,9.771,0.031
train,1984-06-27,4.516,4.5446,0.0286
train,1984-06-28,12.91,12.8701,-0.0399
train,1984-06-29,6.05,6.1259,0.0759
train,1984-06-30,6.8,6.8041,0.0041
train,1984-07-01,12.042,12.066,0.024
train,1984-07-02,5.08,5.1576,0.0776
train,1984-07-03,12.91,12.8868,-0.0232
train,1984-07-04,11.84,11.9128,0.0728
train,1984-07-05,5.332,5.4111,0.0791
train,1984-07-06,4.88,4.8891,0.0091
train,1984-07-07,5.292,5.3382,0.0462
train,1984-07-08,5.3,5.2851,-0.0149
train,1984-07-09,11.02,11.158,0.138
train,1984-07-10,6.148,6.1536,0.0056
train,1984-07-11,4.606,4.6243,0.0183
train,1984-07-12,6.02,5.9972,-0.0228
train,1984-07-13,11.668,11.7036,0.0356
train,1984-07-14,10.21,9.9985,-0.2115
train,1984-07-15,10.55,10.6626,0.1126
train,1984-07-16,4.858,4.8535,-0.0045
train,1984-07-17,4.806,4.7659,-0.0401
train,1984-07-18,11.788,11.7656,-0.0224
train,1984-07-19,11.786,11.7635,-0.0225
train,1984-07-20,13.21,13.3206,0.1106
train,1984-07-21,12.48,12.4447,-0.0353
train,1984-07-22,8.28,8.3315,0.0515
train,1984-07-23,5.138,5.2076,0.0696
train,1984-07-24,6.93,6.8487,-0.0813
train,1984-07-25,8.7,8.7571,0.0571
train,1984-07-26,6.94,6.9719,0.0319
train,1984-07-27,4.734,4.6701,-0.0639
train,1984-07-28,4.44,4.4442,0.0042
train,1984-07-29,5.01,4.9532,-0.0568
train,1984-07-30,7.418,7.4462,0.0282
train,1984-07-31,5.27,5.2569,-0.0131
train,1984-08-01,5.88,5.866,-0.014
train,1984-08-02,4.06,4.054,-0.006
train,1984-08-03,5.36,5.3945,0.0345
train,1984-08-04,4.58,4.5986,0.0186
train,1984-08-05,5.95,5.8932,-0.0568
train,1984-08-06,11.062,11.1349,0.0729
train,1984-08-07,12.83,12.9783,0.1483
train,1984-08-08,12.74,12.7088,-0.0312
train,1984-08-09,9.704,9.781,0.077
train,1984-08-10,5.32,5.3341,0.0141
train,1984-08-11,8.582,8.6741,0.0921
train,1984-08-12,10.34,10.3265,-0.0135
train,1984-08-13,5.128,5.0645,-0.0635
train,1984-08-14,5.23,5.2245,-0.0055
train,1984-08-15,5.132,5.1204,-0.0116
train,1984-08-16,4.784,5.0107,0.2267
train,1984-08-17,9.558,9.5774,0.0194
train,1984-08-18,8.092,8.0777,-0.0143
train,1984-08-19,6.3,6.3183,0.0183
train,1984-08-20,13.62,13.6063,-0.0137
train,1984-08-21,11.03,11.0362,0.0062
train,1984-08-22,6.69,6.6429,-0.0471
train,1984-08-23,5.176,5.1566,-0.0194
train,1984-08-24,4.64,4.6233,-0.0167
train,1984-08-25,7.7,7.6244,-0.0756
train,1984-08-26,4.34,4.3164,-0.0236
train,1984-08-27,5.47,5.4413,-0.0287
train,1984-08-28,8.47,8.464,-0.006
train,1984-08-29,5.77,5.7905,0.0205
train,1984-08-30,8.83,8.6984,-0.1316
train,1984-08-31,7.06,7.0447,-0.0153
train,1984-09-01,4.71,4.7326,0.0226
train,1984-09-02,7.01,7.066,0.056
train,1984-09-03,11.948,11.9781,0.0301
train,1984-09-04,4.31,4.2647,-0.0453
train,1984-09-05,6.17,6.1032,-0.0668
train,1984-09-06,6.03,6.1082,0.0782
train,1984-09-07,3.37,3.4707,0.1007
train,1984-09-08,4.634,4.5919,-0.0421
train,1984-09-09,5.91,5.9028,-0.0072
train,1984-09-10,6.71,6.7054,-0.0046
train,1984-09-11,6.47,6.6153,0.1453
train,1984-09-12,12.32,12.3409,0.0209
train,1984-09-13,4.69,4.6822,-0.0078
train,1984-09-14,5.57,5.5182,-0.0518
train,1984-09-15,5.172,5.2292,0.0572
train,1984-09-16,7.74,7.588,-0.152
train,1984-09-17,9.63,9.4848,-0.1452
train,1984-09-18,7.1,7.0504,-0.0496
train,1984-09-19,4.91,4.8817,-0.0283
train,1984-09-20,10.11,10.171,0.061
train,1984-09-21,4.87,4.8763,0.0063
train,1984-09-22,4.36,4.3889,0.0289
train,1984-09-23,5.76,5.8455,0.0855
train,1984-09-24,11.164,11.2245,0.0605
train,1984-09-25,7.62,7.6566,0.0366
train,1984-09-26,12.25,12.2601,0.0101
train,1984-09-27,6.84,6.8347,-0.0053
train,1984-09-28,8.168,8.3921,0.2241
train,1984-09-29,10.884,10.8174,-0.0666
train,1984-09-30,10.47,10.3921,-0.0779
train,1984-10-01,7.55,7.5246,-0.0254
train,1984-10-02,11.96,11.9271,-0.0329
train,1984-10-03,9.05,9.0712,0.0212
train,1984-10-04,8.41,8.3301,-0.0799
train,1984-10-05,5.106,5.1904,0.0844
train,1984-10-06,4.632,4.7497,0.1177
train,1984-10-07,7.96,7.9604,0.0004
train,1984-10-08,6.602,6.6173,0.0153
train,1984-10-09,10.452,10.4375,-0.0145
train,1984-10-10,11.8,11.988,0.188
train,1984-10-11,5.93,5.9044,-0.0256
train,1984-10-12,8.13,8.1103,-0.0197
train,1984-10-13,12.26,12.2117,-0.0483
train,1984-10-14,5.86,5.8841,0.0241
train,1984-10-15,4.6,4.5876,-0.0124
train,1984-10-16,5.35,5.4182,0.0682
train,1984-10-17,4.38,4.4689,0.0889
train,1984-10-18,5.288,5.0595,-0.2285
train,1984-10-19,6.596,6.4911,-0.1049
train,1984-10-20,6.268,6.2761,0.0081
train,1984-10-21,12.054,12.0576,0.0036
train,1984-10-22,5.75,5.7246,-0.0254
train,1984-10-23,4.16,4.2139,0.0539
train,1984-10-24,7.66,7.643,-0.017
train,1984-10-25,7.052,7.0331,-0.0189
train,1984-10-26,12.524,12.5181,-0.0059
train,1984-10-27,12.91,12.851,-0.059
train,1984-10-28,12.65,12.5267,-0.1233
train,1984-10-29,10.93,10.9348,0.0048
train,1984-10-30,8.26,8.1679,-0.0921
train,1984-10-31,9.86,9.9714,0.1114
train,1984-11-01,11.71,11.7681,0.0581
train,1984-11-02,5.46,5.4765,0.0165
train,1984-11-03,13.0,12.8404,-0.1596
train,1984-11-04,4.81,4.7591,-0.0509
train,1984-11-05,4.77,4.7775,0.0075
train,1984-11-06,13.83,13.7377,-0.0923
train,1984-11-07,8.82,8.7003,-0.1197
train,1984-11-08,5.24,5.2556,0.0156
train,1984-11-09,4.67,4.7278,0.0578
train,1984-11-10,7.51,7.5043,-0.0057
train,1984-11-11,12.73,12.7727,0.0427
train,1984-11-12,4.73,4.6468,-0.0832
train,1984-11-13,5.46,5.4422,-0.0178
train,1984-11-14,5.29,5.137,-0.153
train,1984-11-15,6.1,6.0943,-0.0057
train,1984-11-16,4.994,4.9934,-0.0006
train,1984-11-17,4.21,4.2624,0.0524
train,1984-11-18,7.37,7.3188,-0.0512
train,1984-11-19,10.346,10.3433,-0.0027
train,1984-11-20,8.31,8.2989,-0.0111
train,1984-11-21,9.27,8.9541,-0.3159
train,1984-11-22,5.82,5.8672,0.0472
train,1984-11-23,4.38,4.3639,-0.0161
train,1984-11-24,11.348,11.0515,-0.2965
train,1984-11-25,5.2,5.2623,0.0623
train,1984-11-26,6.84,6.8432,0.0032
train,1984-11-27,5.772,5.7462,-0.0258
train,1984-11-28,3.854,3.8579,0.0039
train,1984-11-29,8.502,8.4815,-0.0205
train,1984-11-30,4.61,4.4919,-0.1181
train,1984-12-01,5.01,5.0077,-0.0023
train,1984-12-02,11.15,11.2626,0.1126
train,1984-12-03,4.53,4.5744,0.0444
train,1984-12-04,9.818,9.9562,0.1382
train,1984-12-05,3.54,3.59,0.05
train,1984-12-06,6.602,6.6136,0.0116
train,1984-12-07,5.84,5.8489,0.0089
train,1984-12-08,5.99,6.003,0.013
train,1984-12-09,5.11,5.1052,-0.0048
train,1984-12-10,4.596,4.6111,0.0151
train,1984-12-11,3.75,3.8398,0.0898
train,1984-12-12,12.31,12.2146,-0.0954
train,1984-12-13,7.81,7.8165,0.0065
train,1984-12-14,8.57,8.5763,0.0063
train,1984-12-15,12.98,13.0543,0.0743
train,1984-12-16,4.196,4.2661,0.0701
train,1984-12-17,6.96,7.0307,0.0707
train,1984-12-18,6.9,6.8888,-0.0112
train,1984-12-19,4.9,4.8423,-0.0577
train,1984-12-20,11.36,11.5919,0.2319
train,1984-12-21,5.8,5.831,0.031
train,1984-12-22,5.08,4.9057,-0.1743
train,1984-12-23,12.862,13.0004,0.1384
train,1984-12-24,5.68,5.6665,-0.0135
train,1984-12-25,12.98,12.8625,-0.1175
train,1984-12-26,8.738,8.7464,0.0084
train,1984-12-27,12.678,12.6426,-0.0354
train,1984-12-28,4.86,4.9394,0.0794
train,1984-12-29,4.89,4.911,0.021
train,1984-12-30,6.26,6.2308,-0.0292
train,1984-12-31,12.58,12.3972,-0.1828
train,1985-01-01,8.44,8.3471,-0.0929
train,1985-01-02,5.38,5.3875,0.0075
train,1985-01-03,10.606,10.6774,0.0714
train,1985-01-04,11.716,11.6662,-0.0498
train,1985-01-05,5.36,5.3539,-0.0061
train,1985-01-06,6.16,6.1588,-0.0012
train,1985-01-07,13.16,13.1569,-0.0031
train,1985-01-08,7.322,7.3675,0.0455
train,1985-01-09,4.48,4.4751,-0.0049
train,1985-01-10,6.2,6.1483,-0.0517
train,1985-01-11,7.284,7.286,0.002
train,1985-01-12,11.48,11.4703,-0.0097
train,1985-01-13,4.87,4.8727,0.0027
train,1985-01-14,7.26,7.2561,-0.0039
train,1985-01-15,6.656,6.6538,-0.0022
train,1985-01-16,5.49,5.4934,0.0034
train,1985-01-17,13.0,12.9819,-0.0181
train,1985-01-18,10.13,10.1786,0.0486
train,1985-01-19,5.66,5.6442,-0.0158
train,1985-01-20,12.76,12.6991,-0.0609
train,1985-01-21,6.316,6.3114,-0.0046
train,1985-01-22,12.208,12.2676,0.0596
train,1985-01-23,4.832,4.8796,0.0476
train,1985-01-24,7.79,7.8472,0.0572
train,1985-01-25,8.058,8.0276,-0.0304
train,1985-01-26,6.61,6.6223,0.0123
train,1985-01-27,4.64,4.6401,0.0001
train,1985-01-28,8.36,8.3458,-0.0142
train,1985-01-29,6.22,6.1527,-0.0673
train,1985-01-30,5.63,5.6399,0.0099
train,1985-01-31,5.84,5.8464,0.0064
train,1985-02-01,5.88,5.7958,-0.0842
train,1985-02-02,11.548,11.2873,-0.2607
train,1985-02-03,10.12,10.0446,-0.0754
train,1985-02-04,4.99,5.008,0.018
train,1985-02-05,12.84,12.7186,-0.1214
train,1985-02-06,5.14,5.1159,-0.0241
train,1985-02-07,10.12,10.0682,-0.0518
train,1985-02-08,6.618,6.6508,0.0328
train,1985-02-09,6.02,6.0429,0.0229
train,1985-02-10,4.7,4.6947,-0.0053
train,1985-02-11,4.63,4.6201,-0.0099
train,1985-02-12,12.772,13.0335,0.2615
train,1985-02-13,5.388,5.3483,-0.0397
train,1985-02-14,10.824,10.7884,-0.0356
train,1985-02-15,8.78,8.8221,0.0421
train,1985-02-16,4.19,4.1954,0.0054
train,1985-02-17,12.19,12.2348,0.0448
train,1985-02-18,6.058,6.0757,0.0177
train,1985-02-19,10.234,10.2536,0.0196
train,1985-02-20,7.466,7.4728,0.0068
train,1985-02-21,11.97,12.028,0.058
train,1985-02-22,5.13,5.2322,0.1022
train,1985-02-23,3.72,3.7162,-0.0038
train,1985-02-24,8.41,8.3387,-0.0713
train,1985-02-25,7.2,7.1701,-0.0299
train,1985-02-26,5.0,5.0371,0.0371
train,1985-02-27,4.84,4.8366,-0.0034
train,1985-02-28,6.12,6.1331,0.0131
train,1985-03-01,6.286,6.3109,0.0249
train,1985-03-02,8.53,8.5212,-0.0088
train,1985-03-03,6.14,6.1597,0.0197
train,1985-03-04,4.574,4.5448,-0.0292
train,1985-03-05,12.8,12.7285,-0.0715
train,1985-03-06,5.18,5.1644,-0.0156
train,1985-03-07,6.68,6.7391,0.0591
train,1985-03-08,5.664,5.7145,0.0505
train,1985-03-09,4.98,5.0149,0.0349
train,1985-03-10,12.99,12.9759,-0.0141
train,1985-03-11,5.37,5.3017,-0.0683
train,1985-03-12,6.488,6.276,-0.212
train,1985-03-13,3.7,3.7812,0.0812
train,1985-03-14,4.8,4.8088,0.0088
train,1985-03-15,7.16,7.2163,0.0563
train,1985-03-16,4.6,4.5551,-0.0449
train,1985-03-17,3.66,3.6982,0.0382
train,1985-03-18,5.44,5.3725,-0.0675
train,1985-03-19,12.12,12.012,-0.108
train,1985-03-20,5.88,5.8791,-0.0009
train,1985-03-21,4.8,4.8365,0.0365
train,1985-03-22,10.51,10.506,-0.004
train,1985-03-23,5.102,5.1835,0.0815
train,1985-03-24,4.54,4.5121,-0.0279
train,1985-03-25,9.58,9.678,0.098
train,1985-03-26,12.1,12.0378,-0.0622
train,1985-03-27,6.69,6.6249,-0.0651
train,1985-03-28,5.19,5.2678,0.0778
train,1985-03-29,4.8,4.8311,0.0311
train,1985-03-30,5.25,5.2286,-0.0214
train,1985-03-31,12.79,12.7816,-0.0084
train,1985-04-01,11.146,11.1608,0.0148
train,1985-04-02,8.068,8.0744,0.0064
train,1985-04-03,11.952,11.947,-0.005
train,1985-04-04,5.31,5.2748,-0.0352
train,1985-04-05,5.18,5.2137,0.0337
train,1985-04-06,12.93,12.8141,-0.1159
train,1985-04-07,6.82,6.7246,-0.0954
train,1985-04-08,9.79,9.7522,-0.0378
train,1985-04-09,8.27,8.3411,0.0711
train,1985-04-10,12.442,12.4175,-0.0245
train,1985-04-11,12.43,12.3177,-0.1123
train,1985-04-12,10.098,10.0796,-0.0184
train,1985-04-13,13.16,13.1625,0.0025
train,1985-04-14,9.19,9.0426,-0.1474
train,1985-04-15,4.8,4.7936,-0.0064
train,1985-04-16,10.94,10.9809,0.0409
train,1985-04-17,11.51,11.5058,-0.0042
train,1985-04-18,12.87,12.8869,0.0169
train,1985-04-19,6.08,6.0801,0.0001
train,1985-04-20,5.45,5.5528,0.1028
train,1985-04-21,4.69,4.7123,0.0223
train,1985-04-22,5.156,5.121,-0.035
train,1985-04-23,9.59,9.5352,-0.0548
train,1985-04-24,5.31,5.2624,-0.0476
train,1985-04-25,8.18,8.2722,0.0922
train,1985-04-26,11.83,11.9263,0.0963
train,1985-04-27,8.66,8.6688,0.0088
train,1985-04-28,12.49,12.6949,0.2049
train,1985-04-29,4.52,4.5119,-0.0081
train,1985-04-30,12.636,12.4581,-0.1779
train,1985-05-01,12.28,12.4054,0.1254
train,1985-05-02,11.37,11.5454,0.1754
train,1985-05-03,5.72,5.7501,0.0301
train,1985-05-04,5.59,5.613,0.023
train,1985-05-05,5.328,5.3613,0.0333
train,1985-05-06,7.328,7.2964,-0.0316
train,1985-05-07,9.2,9.1555,-0.0445
train,1985-05-08,12.49,12.5016,0.0116
train,1985-05-09,8.99,8.8493,-0.1407
train,1985-05-10,10.48,10.6362,0.1562
train,1985-05-11,12.31,12.463,0.153
train,1985-05-12,7.78,7.7637,-0.0163
train,1985-05-13,9.28,9.2599,-0.0201
train,1985-05-14,5.03,5.075,0.045
train,1985-05-15,7.73,7.6707,-0.0593
train,1985-05-16,5.54,5.561,0.021
train,1985-05-17,5.66,5.7628,0.1028
train,1985-05-18,5.38,5.4095,0.0295
train,1985-05-19,8.7,8.6594,-0.0406
train,1985-05-20,6.57,6.5814,0.0114
train,1985-05-21,5.74,5.6306,-0.1094
train,1985-05-22,6.64,6.6474,0.0074
train,1985-05-23,12.766,12.8568,0.0908
train,1985-05-24,11.49,11.509,0.019
train,1985-05-25,12.15,12.1258,-0.0242
train,1985-05-26,7.12,7.1247,0.0047
train,1985-05-27,4.364,4.5208,0.1568
train,1985-05-28,11.68,11.6929,0.0129
train,1985-05-29,4.88,4.9002,0.0202
train,1985-05-30,4.97,4.9534,-0.0166
train,1985-05-31,6.942,6.9509,0.0089
train,1985-06-01,5.338,5.2636,-0.0744
train,1985-06-02,4.754,4.6737,-0.0803
train,1985-06-03,13.24,13.21,-0.03
train,1985-06-04,11.28,11.3691,0.0891
train,1985-06-05,7.1,7.0989,-0.0011
train,1985-06-06,5.04,5.0636,0.0236
train,1985-06-07,5.55,5.5919,0.0419
train,1985-06-08,6.54,6.5799,0.0399
train,1985-06-09,7.248,7.2591,0.0111
train,1985-06-10,10.756,10.9837,0.2277
train,1985-06-11,11.49,11.464,-0.026
train,1985-06-12,12.59,12.6459,0.0559
train,1985-06-13,7.68,7.6785,-0.0015
train,1985-06-14,7.454,7.5248,0.0708
train,1985-06-15,12.35,12.3864,0.0364
train,1985-06-16,12.592,12.5562,-0.0358
train,1985-06-17,5.21,5.2061,-0.0039
train,1985-06-18,6.85,6.8422,-0.0078
train,1985-06-19,8.49,8.3748,-0.1152
train,1985-06-20,11.848,11.9529,0.1049
train,1985-06-21,6.094,6.1927,0.0987
train,1985-06-22,6.74,6.7646,0.0246
train,1985-06-23,4.21,4.1988,-0.0112
train,1985-06-24,9.03,9.1041,0.0741
train,1985-06-25,7.79,7.8617,0.0717
train,1985-06-26,3.69,3.7688,0.0788
train,1985-06-27,5.09,5.1443,0.0543
train,1985-06-28,11.08,11.1022,0.0222
train,1985-06-29,3.99,3.9908,0.0008
train,1985-06-30,6.86,6.8758,0.0158
train,1985-07-01,9.84,9.7788,-0.0612
train,1985-07-02,4.64,4.7049,0.0649
train,1985-07-03,11.08,11.2301,0.1501
train,1985-07-04,8.69,8.5823,-0.1077
train,1985-07-05,12.79,12.765,-0.025
train,1985-07-06,13.62,13.6751,0.0551
train,1985-07-07,7.55,7.5535,0.0035
train,1985-07-08,13.91,13.8532,-0.0568
train,1985-07-09,7.84,7.8481,0.0081
train,1985-07-10,9.12,9.0651,-0.0549
train,1985-07-11,5.814,5.8151,0.0011
train,1985-07-12,5.92,5.945,0.025
train,1985-07-13,5.02,5.0035,-0.0165
train,1985-07-14,4.09,4.1207,0.0307
train,1985-07-15,8.56,8.5273,-0.0327
train,1985-07-16,4.07,4.0848,0.0148
train,1985-07-17,5.198,5.1812,-0.0168
train,1985-07-18,8.72,8.7417,0.0217
train,1985-07-19,11.382,11.3562,-0.0258
train,1985-07-20,5.59,5.6078,0.0178
train,1985-07-21,6.03,5.9935,-0.0365
train,1985-07-22,9.02,8.9912,-0.0288
train,1985-07-23,12.68,12.5895,-0.0905
train,1985-07-24,9.44,9.3863,-0.0537
train,1985-07-25,5.63,5.6488,0.0188
train,1985-07-26,10.192,10.1683,-0.0237
train,1985-07-27,5.25,5.297,0.047
train,1985-07-28,7.14,7.1612,0.0212
train,1985-07-29,6.012,5.9887,-0.0233
train,1985-07-30,11.96,11.9524,-0.0076
train,1985-07-31,4.61,4.5975,-0.0125
train,1985-08-01,11.59,11.4024,-0.1876
train,1985-08-02,6.61,6.5636,-0.0464
train,1985-08-03,7.01,7.0557,0.0457
train,1985-08-04,10.308,10.3466,0.0386
train,1985-08-05,10.23,10.2454,0.0154
train,1985-08-06,12.56,12.692,0.132
train,1985-08-07,7.838,7.9108,0.0728
train,1985-08-08,6.592,6.7605,0.1685
train,1985-08-09,11.16,11.2089,0.0489
train,1985-08-10,10.26,10.2291,-0.0309
train,1985-08-11,12.46,12.5512,0.0912
train,1985-08-12,4.498,4.4783,-0.0197
train,1985-08-13,12.84,12.7759,-0.0641
train,1985-08-14,7.28,7.3254,0.0454
train,1985-08-15,5.21,5.1686,-0.0414
train,1985-08-16,11.98,11.9345,-0.0455
train,1985-08-17,8.39,8.3836,-0.0064
train,1985-08-18,10.66,10.7139,0.0539
train,1985-08-19,7.2,7.0096,-0.1904
train,1985-08-20,13.2,13.1883,-0.0117
train,1985-08-21,7.84,7.8439,0.0039
train,1985-08-22,5.31,5.3272,0.0172
train,1985-08-23,4.314,4.3424,0.0284
train,1985-08-24,6.194,6.1968,0.0028
train,1985-08-25,4.66,4.695,0.035
train,1985-08-26,5.34,5.4042,0.0642
train,1985-08-27,10.76,10.7798,0.0198
train,1985-08-28,6.9,6.9659,0.0659
train,1985-08-29,12.49,12.519,0.029
train,1985-08-30,5.57,5.5848,0.0148
train,1985-08-31,4.29,4.3305,0.0405
train,1985-09-01,6.51,6.5175,0.0075
train,1985-09-02,5.34,5.3574,0.0174
train,1985-09-03,4.778,4.7985,0.0205
train,1985-09-04,4.42,4.4145,-0.0055
train,1985-09-05,3.95,3.9339,-0.0161
train,1985-09-06,5.42,5.4567,0.0367
train,1985-09-07,13.79,13.694,-0.096
train,1985-09-08,6.63,6.5531,-0.0769
train,1985-09-09,5.116,5.1529,0.0369
train,1985-09-10,4.92,4.9289,0.0089
train,1985-09-11,6.21,6.2027,-0.0073
train,1985-09-12,13.18,13.2699,0.0899
train,1985-09-13,4.906,4.9114,0.0054
train,1985-09-14,5.41,5.4979,0.0879
train,1985-09-15,7.38,7.5618,0.1818
train,1985-09-16,12.82,12.7644,-0.0556
train,1985-09-17,4.52,4.3605,-0.1595
train,1985-09-18,4.9,4.8687,-0.0313
train,1985-09-19,12.318,12.3286,0.0106
train,1985-09-20,7.4,7.3421,-0.0579
train,1985-09-21,7.786,7.7835,-0.0025
train,1985-09-22,6.364,6.3595,-0.0045
train,1985-09-23,13.192,13.2035,0.0115
train,1985-09-24,7.26,7.0338,-0.2262
train,1985-09-25,11.402,11.3925,-0.0095
train,1985-09-26,4.54,4.5944,0.0544
train,1985-09-27,12.65,12.4606,-0.1894
train,1985-09-28,6.94,6.9431,0.0031
train,1985-09-29,5.442,5.421,-0.021
train,1985-09-30,5.22,5.2759,0.0559
train,1985-10-01,5.874,5.9271,0.0531
train,1985-10-02,12.128,12.2499,0.1219
train,1985-10-03,5.206,5.2563,0.0503
train,1985-10-04,13.14,13.1018,-0.0382
train,1985-10-05,11.86,12.0484,0.1884
train,1985-10-06,12.026,11.9833,-0.0427
train,1985-10-07,4.65,4.576,-0.074
train,1985-10-08,5.11,5.0654,-0.0446
train,1985-10-09,6.58,6.0554,-0.5246
train,1985-10-10,5.592,5.5263,-0.0657
train,1985-10-11,12.328,12.3422,0.0142
train,1985-10-12,9.646,9.5692,-0.0768
train,1985-10-13,10.794,10.6394,-0.1546
train,1985-10-14,5.1,5.0946,-0.0054
train,1985-10-15,13.63,13.597,-0.033
train,1985-10-16,6.1,6.1809,0.0809
train,1985-10-17,6.604,6.5967,-0.0073
train,1985-10-18,4.04,4.0934,0.0534
train,1985-10-19,5.76,5.7384,-0.0216
train,1985-10-20,6.494,6.4774,-0.0166
train,1985-10-21,5.8,5.8248,0.0248
train,1985-10-22,12.31,12.3891,0.0791
train,1985-10-23,6.752,6.7443,-0.0077
train,1985-10-24,5.654,5.5613,-0.0927
train,1985-10-25,6.69,6.582,-0.108
train,1985-10-26,4.91,4.9361,0.0261
train,1985-10-27,12.058,12.274,0.216
train,1985-10-28,6.93,6.9371,0.0071
train,1985-10-29,9.16,9.0541,-0.1059
train,1985-10-30,5.0,5.0357,0.0357
train,1985-10-31,5.48,5.5326,0.0526
train,1985-11-01,4.886,4.9264,0.0404
train,1985-11-02,5.84,5.8182,-0.0218
train,1985-11-03,6.828,6.8303,0.0023
train,1985-11-04,10.676,10.6606,-0.0154
train,1985-11-05,12.26,12.0958,-0.1642
train,1985-11-06,7.19,7.2644,0.0744
train,1985-11-07,7.3,7.1805,-0.1195
train,1985-11-08,4.712,4.6156,-0.0964
train,1985-11-09,11.15,11.1861,0.0361
train,1985-11-10,11.72,11.7449,0.0249
train,1985-11-11,4.78,4.9094,0.1294
train,1985-11-12,11.07,10.8283,-0.2417
train,1985-11-13,12.942,12.9896,0.0476
train,1985-11-14,11.47,11.3223,-0.1477
train,1985-11-15,9.458,9.4085,-0.0495
train,1985-11-16,5.482,5.495,0.013
train,1985-11-17,5.62,5.6636,0.0436
train,1985-11-18,10.26,10.4002,0.1402
train,1985-11-19,10.83,10.8502,0.0202
train,1985-11-20,10.38,10.2822,-0.0978
train,1985-11-21,12.526,12.4756,-0.0504
train,1985-11-22,4.61,4.5856,-0.0244
train,1985-11-23,9.248,8.9357,-0.3123
train,1985-11-24,9.88,9.7807,-0.0993
train,1985-11-25,5.118,5.0085,-0.1095
train,1985-11-26,4.84,4.866,0.026
train,1985-11-27,11.58,11.5704,-0.0096
train,1985-11-28,5.91,5.9012,-0.0088
train,1985-11-29,12.77,12.7904,0.0204
train,1985-11-30,8.87,8.9812,0.1112
train,1985-12-01,7.958,7.8707,-0.0873
train,1985-12-02,7.39,7.3656,-0.0244
train,1985-12-03,11.94,12.0955,0.1555
train,1985-12-04,5.37,5.352,-0.018
train,1985-12-05,13.77,13.7048,-0.0652
train,1985-12-06,8.158,8.2105,0.0525
train,1985-12-07,8.578,8.5264,-0.0516
train,1985-12-08,10.33,10.4118,0.0818
train,1985-12-09,10.45,10.2771,-0.1729
train,1985-12-10,12.35,12.3862,0.0362
train,1985-12-11,7.23,7.2136,-0.0164
train,1985-12-12,4.978,4.932,-0.046
train,1985-12-13,7.44,7.4428,0.0028
train,1985-12-14,8.234,8.2309,-0.0031
train,1985-12-15,12.99,12.9248,-0.0652
train,1985-12-16,8.516,8.4574,-0.0586
train,1985-12-17,12.7,12.7299,0.0299
train,1985-12-18,6.296,6.2914,-0.0046
train,1985-12-19,7.48,7.475,-0.005
train,1985-12-20,4.618,4.7915,0.1735
train,1985-12-21,7.08,7.0732,-0.0068
train,1985-12-22,4.57,4.5468,-0.0232
train,1985-12-23,5.23,5.2956,0.0656
train,1985-12-24,4.68,4.642,-0.038
train,1985-12-25,6.86,6.8471,-0.0129
train,1985-12-26,7.384,7.4017,0.0177
train,1985-12-27,5.46,5.4362,-0.0238
train,1985-12-28,8.406,8.4783,0.0723
train,1985-12-29,5.82,5.8073,-0.0127
train,1985-12-30,12.278,12.2688,-0.0092
train,1985-12-31,5.318,5.2835,-0.0345
train,1986-01-01,4.87,4.8849,0.0149
train,1986-01-02,5.97,5.9255,-0.0445
train,1986-01-03,5.54,5.5931,0.0531
train,1986-01-04,12.162,12.0428,-0.1192
train,1986-01-05,5.07,5.113,0.043
train,1986-01-06,5.198,5.3258,0.1278
train,1986-01-07,6.41,6.4628,0.0528
train,1986-01-08,9.9,9.8905,-0.0095
train,1986-01-09,5.35,5.3581,0.0081
train,1986-01-10,8.39,8.4469,0.0569
train,1986-01-11,6.59,6.7968,0.2068
train,1986-01-12,6.614,6.6426,0.0286
train,1986-01-13,12.3,12.3283,0.0283
train,1986-01-14,4.69,4.6608,-0.0292
train,1986-01-15,5.136,5.1459,0.0099
train,1986-01-16,5.3,5.3318,0.0318
train,1986-01-17,5.97,5.9498,-0.0202
train,1986-01-18,10.33,10.3748,0.0448
train,1986-01-19,13.09,13.136,0.046
train,1986-01-20,5.16,5.1094,-0.0506
train,1986-01-21,5.986,6.0638,0.0778
train,1986-01-22,9.44,9.4399,-0.0001
train,1986-01-23,4.63,4.6428,0.0128
train,1986-01-24,5.0,4.9997,-0.0003
train,1986-01-25,12.724,12.869,0.145
train,1986-01-26,11.95,11.6426,-0.3074
train,1986-01-27,6.36,6.4923,0.1323
train,1986-01-28,7.952,7.9597,0.0077
train,1986-01-29,12.534,12.6184,0.0844
train,1986-01-30,5.0,5.0345,0.0345
train,1986-01-31,4.54,4.4748,-0.0652
train,1986-02-01,7.596,7.6421,0.0461
train,1986-02-02,10.51,10.594,0.084
train,1986-02-03,4.84,4.9985,0.1585
train,1986-02-04,10.76,10.7963,0.0363
train,1986-02-05,8.62,8.5964,-0.0236
train,1986-02-06,4.75,4.8691,0.1191
train,1986-02-07,5.06,5.0134,-0.0466
train,1986-02-08,11.31,11.3175,0.0075
train,1986-02-09,6.88,6.8773,-0.0027
train,1986-02-10,12.45,12.6086,0.1586
train,1986-02-11,4.08,4.0966,0.0166
train,1986-02-12,10.34,10.4037,0.0637
train,1986-02-13,8.75,8.8881,0.1381
train,1986-02-14,7.05,7.0142,-0.0358
train,1986-02-15,5.96,6.1175,0.1575
train,1986-02-16,6.24,6.3133,0.0733
train,1986-02-17,11.13,11.2076,0.0776
train,1986-02-18,11.59,11.6515,0.0615
train,1986-02-19,5.48,5.5356,0.0556
train,1986-02-20,12.38,12.4243,0.0443
train,1986-02-21,5.73,5.7307,0.0007
train,1986-02-22,9.14,9.2047,0.0647
train,1986-02-23,4.82,4.8028,-0.0172
train,1986-02-24,11.912,11.6345,-0.2775
train,1986-02-25,8.338,8.3429,0.0049
train,1986-02-26,9.18,9.045,-0.135
train,1986-02-27,12.188,12.3378,0.1498
train,1986-02-28,11.798,11.7717,-0.0263
train,1986-03-01,7.06,7.0825,0.0225
train,1986-03-02,5.52,5.5429,0.0229
train,1986-03-03,5.23,5.2137,-0.0163
train,1986-03-04,4.82,4.7778,-0.0422
train,1986-03-05,5.964,6.167,0.203
train,1986-03-06,11.486,11.4672,-0.0188
train,1986-03-07,5.128,5.0639,-0.0641
train,1986-03-08,11.04,11.1342,0.0942
train,1986-03-09,4.47,4.486,0.016
train,1986-03-10,7.2,7.166,-0.034
train,1986-03-11,9.05,8.989,-0.061
train,1986-03-12,10.63,10.6007,-0.0293
train,1986-03-13,11.35,11.2438,-0.1062
train,1986-03-14,4.86,4.8502,-0.0098
train,1986-03-15,12.112,12.1408,0.0288
train,1986-03-16,4.936,4.9361,0.0001
train,1986-03-17,11.49,11.3754,-0.1146
train,1986-03-18,10.6,10.3618,-0.2382
train,1986-03-19,5.07,5.0254,-0.0446
train,1986-03-20,7.07,7.0565,-0.0135
train,1986-03-21,5.396,5.3513,-0.0447
train,1986-03-22,5.78,5.8088,0.0288
train,1986-03-23,5.308,5.2638,-0.0442
train,1986-03-24,4.866,4.8768,0.0108
train,1986-03-25,7.72,7.7588,0.0388
train,1986-03-26,11.048,11.035,-0.013
train,1986-03-27,12.95,13.0302,0.0802
train,1986-03-28,11.912,11.901,-0.011
train,1986-03-29,12.42,12.44,0.02
train,1986-03-30,4.72,4.7345,0.0145
train,1986-03-31,10.13,10.1736,0.0436
train,1986-04-01,7.626,7.6396,0.0136
train,1986-04-02,5.27,5.2677,-0.0023
train,1986-04-03,5.42,5.657,0.237
train,1986-04-04,12.29,12.2241,-0.0659
train,1986-04-05,9.09,8.9151,-0.1749
train,1986-04-06,5.342,5.3732,0.0312
train,1986-04-07,4.52,4.474,-0.046
train,1986-04-08,11.87,11.9214,0.0514
train,1986-04-09,4.48,4.513,0.033
train,1986-04-10,10.34,10.3023,-0.0377
train,1986-04-11,11.73,11.7127,-0.0173
train,1986-04-12,6.25,6.2634,0.0134
train,1986-04-13,4.364,4.371,0.007
train,1986-04-14,4.42,4.4537,0.0337
train,1986-04-15,10.61,10.638,0.028
train,1986-04-16,5.78,5.7792,-0.0008
train,1986-04-17,12.274,12.3875,0.1135
train,1986-04-18,7.514,7.4742,-0.0398
train,1986-04-19,6.7,6.5237,-0.1763
train,1986-04-20,5.21,5.1878,-0.0222
train,1986-04-21,5.39,5.3988,0.0088
train,1986-04-22,4.82,4.7972,-0.0228
train,1986-04-23,12.78,12.5717,-0.2083
train,1986-04-24,5.6,5.5506,-0.0494
train,1986-04-25,7.34,7.1933,-0.1467
train,1986-04-26,13.39,13.3576,-0.0324
train,1986-04-27,4.19,4.2054,0.0154
train,1986-04-28,7.33,7.3908,0.0608
train,1986-04-29,11.91,11.9229,0.0129
train,1986-04-30,12.176,12.1782,0.0022
train,1986-05-01,12.17,12.3524,0.1824
train,1986-05-02,5.59,5.5985,0.0085
train,1986-05-03,7.55,7.5651,0.0151
train,1986-05-04,5.046,5.0689,0.0229
train,1986-05-05,6.88,6.9071,0.0271
train,1986-05-06,6.95,6.9285,-0.0215
train,1986-05-07,6.4,6.4028,0.0028
train,1986-05-08,5.808,5.9208,0.1128
train,1986-05-09,4.89,4.8538,-0.0362
train,1986-05-10,6.04,6.0454,0.0054
train,1986-05-11,4.812,4.7542,-0.0578
train,1986-05-12,11.408,11.4768,0.0688
train,1986-05-13,11.24,11.285,0.045
train,1986-05-14,6.624,6.6121,-0.0119
train,1986-05-15,5.27,5.3114,0.0414
train,1986-05-16,8.23,8.2589,0.0289
train,1986-05-17,7.392,7.3859,-0.0061
train,1986-05-18,7.08,7.1254,0.0454
train,1986-05-19,8.13,8.1224,-0.0076
train,1986-05-20,4.702,4.64,-0.062
train,1986-05-21,5.67,5.6678,-0.0022
train,1986-05-22,6.33,6.3519,0.0219
train,1986-05-23,6.61,6.6312,0.0212
train,1986-05-24,6.97,6.963,-0.007
train,1986-05-25,5.662,5.6697,0.0077
train,1986-05-26,12.346,12.4194,0.0734
train,1986-05-27,4.91,4.9205,0.0105
train,1986-05-28,5.6,5.6512,0.0512
train,1986-05-29,3.73,3.739,0.009
train,1986-05-30,6.08,6.0484,-0.0316
train,1986-05-31,7.27,7.2268,-0.0432
train,1986-06-01,13.266,13.2238,-0.0422
train,1986-06-02,6.64,6.6863,0.0463
train,1986-06-03,4.36,4.5626,0.2026
train,1986-06-04,5.72,5.7493,0.0293
train,1986-06-05,4.9,4.934,0.034
train,1986-06-06,5.314,5.2374,-0.0766
train,1986-06-07,5.06,5.0624,0.0024
train,1986-06-08,11.62,11.6303,0.0103
train,1986-06-09,6.28,6.2747,-0.0053
train,1986-06-10,5.01,5.0529,0.0429
train,1986-06-11,5.56,5.5804,0.0204
train,1986-06-12,12.542,12.4283,-0.1137
train,1986-06-13,11.478,11.3883,-0.0897
train,1986-06-14,7.48,7.5211,0.0411
train,1986-06-15,12.008,11.9996,-0.0084
train,1986-06-16,5.49,5.4797,-0.0103
train,1986-06-17,4.31,4.2856,-0.0244
train,1986-06-18,6.39,6.3822,-0.0078
train,1986-06-19,6.23,6.2388,0.0088
train,1986-06-20,10.95,11.1683,0.2183
train,1986-06-21,5.22,5.26,0.04
train,1986-06-22,4.88,4.9254,0.0454
train,1986-06-23,5.368,5.3797,0.0117
train,1986-06-24,6.0,6.0022,0.0022
train,1986-06-25,9.34,9.2852,-0.0548
train,1986-06-26,6.87,6.8607,-0.0093
train,1986-06-27,11.806,11.6322,-0.1738
train,1986-06-28,10.22,10.144,-0.076
train,1986-06-29,7.2,7.1988,-0.0012
train,1986-06-30,6.49,6.5306,0.0406
train,1986-07-01,11.69,11.67,-0.02
train,1986-07-02,7.67,7.6873,0.0173
train,1986-07-03,12.332,12.3559,0.0239
train,1986-07-04,12.4,12.4802,0.0802
train,1986-07-05,12.87,12.817,-0.053
train,1986-07-06,6.938,6.9779,0.0399
train,1986-07-07,11.74,11.7106,-0.0294
train,1986-07-08,6.994,6.9703,-0.0237
train,1986-07-09,12.812,12.8362,0.0242
train,1986-07-10,7.362,7.4009,0.0389
train,1986-07-11,6.758,6.7121,-0.0459
train,1986-07-12,9.65,9.7273,0.0773
train,1986-07-13,11.298,11.4173,0.1193
train,1986-07-14,13.64,13.4863,-0.1537
train,1986-07-15,11.91,11.8213,-0.0887
train,1986-07-16,6.34,6.3826,0.0426
train,1986-07-17,6.49,6.5036,0.0136
train,1986-07-18,5.612,5.722,0.11
train,1986-07-19,10.95,10.7324,-0.2176
train,1986-07-20,5.454,5.4726,0.0186
train,1986-07-21,5.4,5.4413,0.0413
train,1986-07-22,5.12,5.0586,-0.0614
train,1986-07-23,6.1,6.1326,0.0326
train,1986-07-24,12.33,12.3011,-0.0289
train,1986-07-25,12.346,12.3545,0.0085
train,1986-07-26,12.708,12.7932,0.0852
train,1986-07-27,5.788,5.8347,0.0467
train,1986-07-28,10.2,10.2458,0.0458
train,1986-07-29,10.15,10.2427,0.0927
train,1986-07-30,7.906,7.8521,-0.0539
train,1986-07-31,5.85,5.8361,-0.0139
train,1986-08-01,12.3,12.1317,-0.1683
train,1986-08-02,4.57,4.4335,-0.1365
train,1986-08-03,5.242,5.2986,0.0566
train,1986-08-04,5.83,5.8365,0.0065
train,1986-08-05,10.45,10.4299,-0.0201
train,1986-08-06,10.73,10.6575,-0.0725
train,1986-08-07,9.62,9.6376,0.0176
train,1986-08-08,5.02,5.0332,0.0132
train,1986-08-09,11.808,11.8284,0.0204
train,1986-08-10,10.57,10.7082,0.1382
train,1986-08-11,7.96,7.9699,0.0099
train,1986-08-12,5.41,5.4408,0.0308
train,1986-08-13,11.586,11.726,0.14
train,1986-08-14,6.22,6.2558,0.0358
train,1986-08-15,6.03,6.0445,0.0145
train,1986-08-16,4.858,4.8925,0.0345
train,1986-08-17,7.04,7.0188,-0.0212
train,1986-08-18,12.06,12.0532,-0.0068
train,1986-08-19,6.68,6.7194,0.0394
train,1986-08-20,4.92,4.9294,0.0094
train,1986-08-21,4.12,4.1813,0.0613
train,1986-08-22,7.72,7.7078,-0.0122
train,1986-08-23,5.17,5.2177,0.0477
train,1986-08-24,9.03,9.0252,-0.0048
train,1986-08-25,13.8,13.8838,0.0838
train,1986-08-26,12.172,11.9651,-0.2069
train,1986-08-27,5.01,5.0424,0.0324
train,1986-08-28,6.388,6.4345,0.0465
train,1986-08-29,7.4,7.4333,0.0333
train,1986-08-30,9.988,9.9595,-0.0285
train,1986-08-31,5.8,5.7673,-0.0327
train,1986-09-01,6.24,6.2647,0.0247
train,1986-09-02,7.47,7.4329,-0.0371
train,1986-09-03,13.13,13.065,-0.065
train,1986-09-04,5.79,5.8241,0.0341
train,1986-09-05,5.36,5.3421,-0.0179
train,1986-09-06,8.618,8.6825,0.0645
train,1986-09-07,4.824,4.8505,0.0265
train,1986-09-08,6.854,6.8739,0.0199
train,1986-09-09,14.008,13.9269,-0.0811
train,1986-09-10,4.906,4.8553,-0.0507
train,1986-09-11,10.31,10.3981,0.0881
train,1986-09-12,4.51,4.5138,0.0038
train,1986-09-13,4.542,4.5526,0.0106
train,1986-09-14,9.49,9.3282,-0.1618
train,1986-09-15,5.03,5.0395,0.0095
train,1986-09-16,5.17,5.1064,-0.0636
train,1986-09-17,11.556,11.5612,0.0052
train,1986-09-18,6.318,6.3885,0.0705
train,1986-09-19,11.39,11.2841,-0.1059
train,1986-09-20,11.51,11.5031,-0.0069
train,1986-09-21,5.89,6.0332,0.1432
train,1986-09-22,3.79,3.8493,0.0593
train,1986-09-23,7.818,7.8499,0.0319
train,1986-09-24,5.54,5.5194,-0.0206
train,1986-09-25,7.49,7.481,-0.009
train,1986-09-26,8.38,8.3675,-0.0125
train,1986-09-27,6.5,6.5025,0.0025
train,1986-09-28,9.46,9.5088,0.0488
train,1986-09-29,4.466,4.5447,0.0787
train,1986-09-30,8.056,8.0475,-0.0085
train,1986-10-01,8.816,8.8387,0.0227
train,1986-10-02,13.144,13.177,0.033
train,1986-10-03,12.27,12.3628,0.0928
train,1986-10-04,6.58,6.5977,0.0177
train,1986-10-05,12.59,12.6211,0.0311
train,1986-10-06,11.396,11.2487,-0.1473
train,1986-10-07,12.35,12.4268,0.0768
train,1986-10-08,5.186,5.2134,0.0274
train,1986-10-09,6.68,6.694,0.014
train,1986-10-10,12.97,13.0512,0.0812
train,1986-10-11,5.168,5.1632,-0.0048
train,1986-10-12,4.596,4.7366,0.1406
train,1986-10-13,8.898,8.9118,0.0138
train,1986-10-14,4.3,4.1831,-0.1169
train,1986-10-15,12.14,12.2231,0.0831
train,1986-10-16,4.95,4.9524,0.0024
train,1986-10-17,5.31,5.2812,-0.0288
train,1986-10-18,4.21,4.2741,0.0641
train,1986-10-19,7.994,7.9566,-0.0374
train,1986-10-20,12.932,12.9808,0.0488
train,1986-10-21,7.99,7.979,-0.011
train,1986-10-22,5.44,5.221,-0.219
train,1986-10-23,5.17,5.1598,-0.0102
train,1986-10-24,7.582,7.586,0.004
train,1986-10-25,7.17,7.1755,0.0055
train,1986-10-26,8.5,8.5596,0.0596
train,1986-10-27,10.128,10.2133,0.0853
train,1986-10-28,5.31,5.3448,0.0348
train,1986-10-29,7.26,7.1823,-0.0777
train,1986-10-30,12.86,12.8846,0.0246
train,1986-10-31,8.93,8.9844,0.0544
train,1986-11-01,4.13,4.1167,-0.0133
train,1986-11-02,5.03,5.1479,0.1179
train,1986-11-03,7.93,7.8833,-0.0467
train,1986-11-04,9.08,9.1773,0.0973
train,1986-11-05,12.48,12.4976,0.0176
train,1986-11-06,4.792,4.7532,-0.0388
train,1986-11-07,11.31,11.2178,-0.0922
train,1986-11-08,6.4,6.4129,0.0129
train,1986-11-09,7.86,7.8039,-0.0561
train,1986-11-10,5.79,5.8462,0.0562
train,1986-11-11,8.21,8.196,-0.014
train,1986-11-12,10.588,10.4842,-0.1038
train,1986-11-13,8.45,8.4401,-0.0099
train,1986-11-14,5.52,5.5492,0.0292
train,1986-11-15,4.92,4.9274,0.0074
train,1986-11-16,13.43,13.3978,-0.0322
train,1986-11-17,11.03,10.9996,-0.0304
train,1986-11-18,5.25,5.2024,-0.0476
train,1986-11-19,6.37,6.3162,-0.0538
train,1986-11-20,4.86,4.9347,0.0747
train,1986-11-21,12.88,12.8465,-0.0335
train,1986-11-22,4.634,4.6071,-0.0269
train,1986-11-23,6.68,6.6646,-0.0154
train,1986-11-24,4.768,4.8396,0.0716
train,1986-11-25,3.94,3.9291,-0.0109
train,1986-11-26,7.102,6.9036,-0.1984
train,1986-11-27,7.1,7.1066,0.0066
train,1986-11-28,7.668,7.6963,0.0283
train,1986-11-29,13.04,12.8695,-0.1705
train,1986-11-30,6.84,6.8575,0.0175
train,1986-12-01,6.338,6.3612,0.0232
train,1986-12-02,8.128,8.2198,0.0918
train,1986-12-03,8.484,8.5457,0.0617
train,1986-12-04,5.99,5.9375,-0.0525
train,1986-12-05,5.04,5.0807,0.0407
train,1986-12-06,7.778,7.8061,0.0281
train,1986-12-07,7.12,7.1119,-0.0081
train,1986-12-08,12.26,12.2453,-0.0147
train,1986-12-09,4.948,5.0059,0.0579
train,1986-12-10,12.15,12.156,0.006
train,1986-12-11,12.65,12.6181,-0.0319
train,1986-12-12,4.68,4.6339,-0.0461
train,1986-12-13,12.43,12.5046,0.0746
train,1986-12-14,5.65,5.6085,-0.0415
train,1986-12-15,8.276,8.2941,0.0181
train,1986-12-16,5.46,5.507,0.047
train,1986-12-17,12.03,12.0455,0.0155
train,1986-12-18,7.634,7.6249,-0.0091
train,1986-12-19,6.98,6.9839,0.0039
train,1986-12-20,5.34,5.2798,-0.0602
train,1986-12-21,13.14,13.0326,-0.1074
train,1986-12-22,6.93,6.9181,-0.0119
train,1986-12-23,11.91,11.8624,-0.0476
train,1986-12-24,5.25,5.3359,0.0859
train,1986-12-25,11.184,11.2663,0.0823
train,1986-12-26,5.27,5.2393,-0.0307
train,1986-12-27,7.448,7.4431,-0.0049
train,1986-12-28,9.18,9.1807,0.0007
train,1986-12-29,7.218,7.1309,-0.0871
train,1986-12-30,5.93,5.9272,-0.0028
train,1986-12-31,4.488,4.5143,0.0263
train,1987-01-01,12.23,12.1905,-0.0395
train,1987-01-02,5.9,5.8612,-0.0388
train,1987-01-03,5.44,5.4801,0.0401
train,1987-01-04,12.98,12.9826,0.0026
train,1987-01-05,11.64,11.6295,-0.0105
train,1987-01-06,5.72,5.7047,-0.0153
train,1987-01-07,13.95,13.77,-0.18
train,1987-01-08,12.434,12.3942,-0.0398
train,1987-01-09,4.7,4.6437,-0.0563
train,1987-01-10,12.03,11.9241,-0.1059
train,1987-01-11,7.15,7.1803,0.0303
train,1987-01-12,4.18,4.1749,-0.0051
train,1987-01-13,6.57,6.6813,0.1113
train,1987-01-14,9.52,9.609,0.089
train,1987-01-15,4.66,4.6472,-0.0128
train,1987-01-16,3.94,3.9479,0.0079
train,1987-01-17,5.338,5.321,-0.017
train,1987-01-18,13.54,13.5978,0.0578
train,1987-01-19,6.24,6.2045,-0.0355
train,1987-01-20,5.024,5.0904,0.0664
train,1987-01-21,5.506,5.4977,-0.0083
train,1987-01-22,11.72,11.858,0.138
train,1987-01-23,5.27,5.2932,0.0232
train,1987-01-24,5.17,5.2274,0.0574
train,1987-01-25,11.492,11.4619,-0.0301
train,1987-01-26,11.02,11.051,0.031
train,1987-01-27,4.68,4.7248,0.0448
train,1987-01-28,6.71,6.6982,-0.0118
train,1987-01-29,4.47,4.4614,-0.0086
train,1987-01-30,4.23,4.2411,0.0111
train,1987-01-31,4.596,4.4852,-0.1108
train,1987-02-01,5.92,5.925,0.005
train,1987-02-02,7.53,7.4938,-0.0362
train,1987-02-03,5.26,5.2666,0.0066
train,1987-02-04,5.912,5.8993,-0.0127
train,1987-02-05,8.9,8.84,-0.06
train,1987-02-06,8.832,8.8467,0.0147
train,1987-02-07,7.0,7.0103,0.0103
train,1987-02-08,4.51,4.5455,0.0355
train,1987-02-09,4.5,4.4957,-0.0043
train,1987-02-10,13.25,13.1881,-0.0619
train,1987-02-11,12.34,12.4309,0.0909
train,1987-02-12,6.928,6.9306,0.0026
train,1987-02-13,7.536,7.4725,-0.0635
train,1987-02-14,5.98,5.8654,-0.1146
train,1987-02-15,8.19,8.1995,0.0095
train,1987-02-16,6.54,6.53,-0.01
train,1987-02-17,6.18,6.2439,0.0639
train,1987-02-18,6.71,6.6194,-0.0906
train,1987-02-19,9.006,9.073,0.067
train,1987-02-20,12.31,12.3755,0.0655
train,1987-02-21,5.21,5.2648,0.0548
train,1987-02-22,5.39,5.3949,0.0049
train,1987-02-23,10.226,10.3016,0.0756
train,1987-02-24,7.69,7.65,-0.04
train,1987-02-25,9.64,9.7579,0.1179
train,1987-02-26,7.682,7.7273,0.0453
train,1987-02-27,9.47,9.3861,-0.0839
train,1987-02-28,12.18,12.1979,0.0179
train,1987-03-01,7.79,7.8063,0.0163
train,1987-03-02,4.44,4.519,0.079
train,1987-03-03,4.65,4.7111,0.0611
train,1987-03-04,9.488,9.3247,-0.1633
train,1987-03-05,6.93,6.9708,0.0408
train,1987-03-06,9.9,9.946,0.046
train,1987-03-07,6.46,6.4679,0.0079
train,1987-03-08,5.76,5.8002,0.0402
train,1987-03-09,4.23,4.1248,-0.1052
train,1987-03-10,5.21,5.1869,-0.0231
train,1987-03-11,5.22,5.1929,-0.0271
train,1987-03-12,5.67,5.687,0.017
train,1987-03-13,4.286,4.2339,-0.0521
train,1987-03-14,4.01,4.0568,0.0468
train,1987-03-15,3.61,3.6774,0.0674
train,1987-03-16,5.942,5.9698,0.0278
train,1987-03-17,4.88,4.9142,0.0342
train,1987-03-18,11.9,11.9733,0.0733
train,1987-03-19,12.836,12.904,0.068
train,1987-03-20,11.67,11.7621,0.0921
train,1987-03-21,4.562,4.6556,0.0936
train,1987-03-22,8.074,8.085,0.011
train,1987-03-23,6.72,6.7162,-0.0038
train,1987-03-24,6.41,6.4593,0.0493
train,1987-03-25,5.27,5.2355,-0.0345
train,1987-03-26,6.25,6.2787,0.0287
train,1987-03-27,8.44,8.4019,-0.0381
train,1987-03-28,6.58,6.5739,-0.0061
train,1987-03-29,4.77,4.7999,0.0299
train,1987-03-30,8.36,8.398,0.038
train,1987-03-31,6.47,6.4886,0.0186
train,1987-04-01,4.79,4.8313,0.0413
train,1987-04-02,4.64,4.6043,-0.0357
train,1987-04-03,5.65,5.6473,-0.0027
train,1987-04-04,4.82,4.8179,-0.0021
train,1987-04-05,7.42,7.4564,0.0364
train,1987-04-06,4.898,4.9122,0.0142
train,1987-04-07,13.77,13.6623,-0.1077
train,1987-04-08,5.08,5.1621,0.0821
train,1987-04-09,6.682,6.6977,0.0157
train,1987-04-10,6.73,6.6843,-0.0457
train,1987-04-11,5.75,5.7359,-0.0141
train,1987-04-12,10.75,10.7517,0.0017
train,1987-04-13,5.88,5.8733,-0.0067
train,1987-04-14,13.1,13.1689,0.0689
train,1987-04-15,4.87,4.8983,0.0283
train,1987-04-16,5.2,5.2641,0.0641
train,1987-04-17,5.05,5.0735,0.0235
train,1987-04-18,6.59,6.5601,-0.0299
train,1987-04-19,5.32,5.3225,0.0025
train,1987-04-20,11.69,11.6026,-0.0874
train,1987-04-21,5.92,5.9316,0.0116
train,1987-04-22,6.334,6.3371,0.0031
train,1987-04-23,10.64,10.5761,-0.0639
train,1987-04-24,4.818,4.8563,0.0383
train,1987-04-25,12.5,12.5615,0.0615
train,1987-04-26,11.29,11.2548,-0.0352
train,1987-04-27,8.568,8.5407,-0.0273
train,1987-04-28,13.046,13.1224,0.0764
train,1987-04-29,5.87,5.867,-0.003
train,1987-04-30,5.14,5.1425,0.0025
train,1987-05-01,12.21,12.2374,0.0274
train,1987-05-02,4.2,4.2508,0.0508
train,1987-05-03,5.02,5.0271,0.0071
train,1987-05-04,4.512,4.5469,0.0349
train,1987-05-05,8.512,8.4367,-0.0753
train,1987-05-06,9.75,9.7237,-0.0263
train,1987-05-07,7.878,7.9005,0.0225
train,1987-05-08,9.6,9.612,0.012
train,1987-05-09,9.03,8.9815,-0.0485
train,1987-05-10,6.79,6.7702,-0.0198
train,1987-05-11,12.862,12.9649,0.1029
train,1987-05-12,5.24,5.246,0.006
train,1987-05-13,5.75,5.7601,0.0101
train,1987-05-14,4.592,4.5517,-0.0403
train,1987-05-15,6.83,6.8192,-0.0108
train,1987-05-16,12.258,12.2667,0.0087
train,1987-05-17,4.536,4.5511,0.0151
train,1987-05-18,5.41,5.385,-0.025
train,1987-05-19,6.924,6.9941,0.0701
train,1987-05-20,12.21,12.1712,-0.0388
train,1987-05-21,12.89,12.8456,-0.0444
train,1987-05-22,12.0,12.187,0.187
train,1987-05-23,5.37,5.3481,-0.0219
train,1987-05-24,13.61,13.4614,-0.1486
train,1987-05-25,7.26,7.226,-0.034
train,1987-05-26,7.66,7.6327,-0.0273
train,1987-05-27,5.184,5.2072,0.0232
train,1987-05-28,5.154,5.1114,-0.0426
train,1987-05-29,10.23,10.176,-0.054
train,1987-05-30,9.14,9.0861,-0.0539
train,1987-05-31,12.694,12.6369,-0.0571
train,1987-06-01,4.856,4.8252,-0.0308
train,1987-06-02,5.04,5.0702,0.0302
train,1987-06-03,4.41,4.4084,-0.0016
train,1987-06-04,4.92,4.905,-0.015
train,1987-06-05,7.576,7.5853,0.0093
train,1987-06-06,5.95,5.9323,-0.0177
train,1987-06-07,10.038,10.0024,-0.0356
train,1987-06-08,12.03,12.1815,0.1515
train,1987-06-09,5.42,5.4896,0.0696
train,1987-06-10,13.73,13.6835,-0.0465
train,1987-06-11,7.44,7.4573,0.0173
train,1987-06-12,12.08,12.0808,0.0008
train,1987-06-13,4.4,4.4065,0.0065
train,1987-06-14,12.72,12.737,0.017
train,1987-06-15,4.73,4.7931,0.0631
train,1987-06-16,5.06,5.0805,0.0205
train,1987-06-17,10.734,10.7562,0.0222
train,1987-06-18,11.53,11.628,0.098
train,1987-06-19,13.072,13.1146,0.0426
train,1987-06-20,11.89,11.756,-0.134
train,1987-06-21,8.99,8.9841,-0.0059
train,1987-06-22,5.648,5.5842,-0.0638
train,1987-06-23,6.678,6.6631,-0.0149
train,1987-06-24,12.736,12.7632,0.0272
train,1987-06-25,11.71,11.761,0.051
train,1987-06-26,8.72,8.6848,-0.0352
train,1987-06-27,4.572,4.6146,0.0426
train,1987-06-28,5.43,5.3739,-0.0561
train,1987-06-29,6.69,6.7141,0.0241
train,1987-06-30,8.34,8.3336,-0.0064
train,1987-07-01,5.166,5.1896,0.0236
train,1987-07-02,12.962,13.0634,0.1014
train,1987-07-03,5.04,4.9796,-0.0604
train,1987-07-04,3.76,3.7608,0.0008
train,1987-07-05,4.66,4.6644,0.0044
train,1987-07-06,12.508,12.4894,-0.0186
train,1987-07-07,4.388,4.317,-0.071
train,1987-07-08,4.58,4.5398,-0.0402
train,1987-07-09,4.976,5.0214,0.0454
train,1987-07-10,12.34,12.303,-0.037
train,1987-07-11,10.89,10.8989,0.0089
train,1987-07-12,12.93,12.7872,-0.1428
train,1987-07-13,6.93,6.8962,-0.0338
train,1987-07-14,12.396,12.4541,0.0581
train,1987-07-15,10.562,10.1925,-0.3695
train,1987-07-16,4.36,4.2487,-0.1113
train,1987-07-17,5.828,5.603,-0.225
train,1987-07-18,13.0,13.0436,0.0436
train,1987-07-19,11.756,11.8311,0.0751
train,1987-07-20,6.762,6.7884,0.0264
train,1987-07-21,5.05,5.0622,0.0122
train,1987-07-22,7.04,7.1072,0.0672
train,1987-07-23,5.3,5.2422,-0.0578
train,1987-07-24,12.27,12.2824,0.0124
train,1987-07-25,4.92,4.9407,0.0207
train,1987-07-26,11.762,11.7467,-0.0153
train,1987-07-27,8.802,8.7196,-0.0824
train,1987-07-28,6.44,6.5299,0.0899
train,1987-07-29,5.02,5.0113,-0.0087
train,1987-07-30,5.43,5.4907,0.0607
train,1987-07-31,6.88,6.898,0.018
train,1987-08-01,5.04,5.031,-0.009
train,1987-08-02,6.23,6.226,-0.004
train,1987-08-03,7.99,8.0244,0.0344
train,1987-08-04,5.258,5.2994,0.0414
train,1987-08-05,11.35,11.3598,0.0098
train,1987-08-06,11.992,12.1189,0.1269
train,1987-08-07,7.536,7.5209,-0.0151
train,1987-08-08,6.69,6.6196,-0.0704
train,1987-08-09,6.13,6.1537,0.0237
train,1987-08-10,6.57,6.5187,-0.0513
train,1987-08-11,9.22,9.2632,0.0432
train,1987-08-12,5.77,5.7179,-0.0521
train,1987-08-13,9.308,9.2967,-0.0113
train,1987-08-14,5.24,5.2586,0.0186
train,1987-08-15,11.7,11.7517,0.0517
train,1987-08-16,10.436,10.4513,0.0153
train,1987-08-17,11.45,11.4738,0.0238
train,1987-08-18,5.47,5.4881,0.0181
train,1987-08-19,11.814,11.8282,0.0142
train,1987-08-20,6.146,6.1613,0.0153
train,1987-08-21,12.05,12.044,-0.006
train,1987-08-22,10.97,10.9808,0.0108
train,1987-08-23,4.84,4.8768,0.0368
train,1987-08-24,12.48,12.6187,0.1387
train,1987-08-25,4.81,4.7756,-0.0344
train,1987-08-26,12.93,12.89,-0.04
train,1987-08-27,4.57,4.5814,0.0114
train,1987-08-28,4.78,4.6085,-0.1715
train,1987-08-29,5.222,5.2634,0.0414
train,1987-08-30,12.33,12.4675,0.1375
train,1987-08-31,6.76,6.7786,0.0187
train,1987-09-01,7.94,8.0062,0.0662
train,1987-09-02,10.16,10.053,-0.107
train,1987-09-03,5.78,5.7899,0.0099
train,1987-09-04,10.33,10.3447,0.0147
train,1987-09-05,5.35,5.4236,0.0736
train,1987-09-06,11.45,11.3093,-0.1407
train,1987-09-07,5.52,5.5196,-0.0004
train,1987-09-08,7.59,7.5152,-0.0748
train,1987-09-09,4.27,4.2456,-0.0244
train,1987-09-10,5.97,6.0023,0.0323
train,1987-09-11,13.07,13.1366,0.0666
train,1987-09-12,4.82,4.8155,-0.0045
train,1987-09-13,5.84,5.6839,-0.1561
train,1987-09-14,5.74,5.8146,0.0746
train,1987-09-15,11.67,11.979,0.309
train,1987-09-16,6.87,6.878,0.008
train,1987-09-17,6.28,6.2695,-0.0105
train,1987-09-18,6.148,6.1749,0.0269
train,1987-09-19,5.52,5.4431,-0.0769
train,1987-09-20,12.61,12.5423,-0.0677
train,1987-09-21,4.41,4.4119,0.0019
train,1987-09-22,5.38,5.4381,0.0581
train,1987-09-23,6.05,6.0225,-0.0275
train,1987-09-24,12.88,13.059,0.179
train,1987-09-25,4.33,4.3535,0.0235
train,1987-09-26,6.29,6.3474,0.0574
train,1987-09-27,7.77,7.7716,0.0016
train,1987-09-28,9.39,9.5712,0.1812
train,1987-09-29,11.944,11.9676,0.0236
train,1987-09-30,11.73,11.7693,0.0393
train,1987-10-01,11.59,11.5744,-0.0156
train,1987-10-02,12.988,13.0914,0.1034
train,1987-10-03,5.69,5.7427,0.0527
train,1987-10-04,11.37,11.3305,-0.0395
train,1987-10-05,4.8,4.7966,-0.0034
train,1987-10-06,8.82,8.8713,0.0513
train,1987-10-07,11.49,11.4565,-0.0335
train,1987-10-08,6.616,6.5899,-0.0261
train,1987-10-09,13.062,12.995,-0.067
train,1987-10-10,4.59,4.584,-0.006
train,1987-10-11,9.69,9.7954,0.1054
train,1987-10-12,12.878,12.7382,-0.1398
train,1987-10-13,5.912,5.9287,0.0167
train,1987-10-14,5.04,5.0198,-0.0202
train,1987-10-15,4.97,5.1173,0.1473
train,1987-10-16,5.72,5.5919,-0.1281
train,1987-10-17,5.112,5.1086,-0.0034
train,1987-10-18,10.794,10.7798,-0.0142
train,1987-10-19,7.61,7.5475,-0.0625
train,1987-10-20,5.91,5.911,0.001
train,1987-10-21,9.556,9.6354,0.0794
train,1987-10-22,6.71,6.686,-0.024
train,1987-10-23,12.662,12.6444,-0.0176
train,1987-10-24,5.544,5.3189,-0.2251
train,1987-10-25,5.32,5.3723,0.0523
train,1987-10-26,5.64,5.6199,-0.0201
train,1987-10-27,6.69,6.6844,-0.0056
train,1987-10-28,13.21,13.2144,0.0044
train,1987-10-29,10.438,9.9777,-0.4603
train,1987-10-30,3.882,3.8877,0.0057
train,1987-10-31,3.78,3.8174,0.0374
train,1987-11-01,12.0,12.0319,0.0319
train,1987-11-02,4.2,4.2233,0.0233
train,1987-11-03,11.45,11.4513,0.0013
train,1987-11-04,6.05,5.8536,-0.1964
train,1987-11-05,13.102,13.1789,0.0769
train,1987-11-06,8.008,8.0247,0.0167
train,1987-11-07,6.358,6.3612,0.0032
train,1987-11-08,12.8,12.7721,-0.0279
train,1987-11-09,4.69,4.5953,-0.0947
train,1987-11-10,6.14,6.2339,0.0939
train,1987-11-11,12.45,12.4489,-0.0011
train,1987-11-12,10.282,10.3271,0.0451
train,1987-11-13,9.64,9.6088,-0.0312
train,1987-11-14,8.67,8.6694,-0.0006
train,1987-11-15,12.61,12.6856,0.0756
train,1987-11-16,8.04,8.036,-0.004
train,1987-11-17,4.81,4.8124,0.0024
train,1987-11-18,13.082,13.1447,0.0627
train,1987-11-19,5.04,5.0506,0.0106
train,1987-11-20,5.78,5.7336,-0.0464
train,1987-11-21,7.208,7.2877,0.0797
train,1987-11-22,5.93,5.8812,-0.0488
train,1987-11-23,9.176,9.2295,0.0535
train,1987-11-24,3.69,3.7369,0.0469
train,1987-11-25,5.37,5.3951,0.0251
train,1987-11-26,5.012,5.0075,-0.0045
train,1987-11-27,6.94,7.0031,0.0631
train,1987-11-28,5.34,5.4129,0.0729
train,1987-11-29,8.974,8.9568,-0.0172
train,1987-11-30,3.826,3.8776,0.0516
train,1987-12-01,4.92,4.9119,-0.0081
train,1987-12-02,5.204,5.2205,0.0165
train,1987-12-03,6.02,6.0262,0.0062
train,1987-12-04,5.234,5.2074,-0.0266
train,1987-12-05,5.876,5.7107,-0.1653
train,1987-12-06,12.818,12.9465,0.1285
train,1987-12-07,4.85,4.8955,0.0455
train,1987-12-08,9.846,9.7357,-0.1103
train,1987-12-09,5.06,5.1503,0.0903
train,1987-12-10,12.766,12.6797,-0.0863
train,1987-12-11,10.07,10.0389,-0.0311
train,1987-12-12,12.2,12.4199,0.2199
train,1987-12-13,10.722,10.6204,-0.1016
train,1987-12-14,9.58,9.6175,0.0375
train,1987-12-15,13.416,13.4658,0.0498
train,1987-12-16,6.0,5.9701,-0.0299
train,1987-12-17,10.23,10.246,0.016
train,1987-12-18,9.91,9.6654,-0.2446
train,1987-12-19,7.37,7.36,-0.01
train,1987-12-20,4.256,4.2715,0.0155
train,1987-12-21,5.83,5.9254,0.0954
train,1987-12-22,5.566,5.5755,0.0095
train,1987-12-23,4.64,4.621,-0.019
train,1987-12-24,5.942,5.8616,-0.0804
train,1987-12-25,5.47,5.4478,-0.0222
train,1987-12-26,4.878,4.8064,-0.0716
train,1987-12-27,13.52,13.5724,0.0524
train,1987-12-28,4.54,4.5682,0.0282
train,1987-12-29,11.02,11.0391,0.0191
train,1987-12-30,12.39,12.2619,-0.1281
train,1987-12-31,6.29,6.3183,0.0283
train,1988-01-01,10.566,9.9425,-0.6235
train,1988-01-02,11.338,11.4382,0.1002
train,1988-01-03,7.828,7.8723,0.0443
train,1988-01-04,8.88,9.1024,0.2224
train,1988-01-05,5.51,5.5205,0.0105
train,1988-01-06,5.19,5.2643,0.0743
train,1988-01-07,12.19,12.0645,-0.1255
train,1988-01-08,11.25,11.1894,-0.0606
train,1988-01-09,13.93,13.7939,-0.1361
train,1988-01-10,10.48,10.5401,0.0601
train,1988-01-11,5.11,5.1169,0.0069
train,1988-01-12,13.94,13.8524,-0.0876
train,1988-01-13,10.31,10.5526,0.2426
train,1988-01-14,5.19,5.1696,-0.0204
train,1988-01-15,5.16,5.0872,-0.0728
train,1988-01-16,10.314,10.3603,0.0463
train,1988-01-17,5.55,5.5044,-0.0456
train,1988-01-18,5.344,5.2668,-0.0772
train,1988-01-19,5.28,5.2156,-0.0644
train,1988-01-20,11.29,11.2713,-0.0187
train,1988-01-21,4.69,4.6579,-0.0321
train,1988-01-22,8.59,8.6311,0.0411
train,1988-01-23,4.592,4.5733,-0.0187
train,1988-01-24,6.474,6.5832,0.1092
train,1988-01-25,6.32,6.2629,-0.0571
train,1988-01-26,5.22,5.2283,0.0083
train,1988-01-27,9.78,9.8618,0.0818
train,1988-01-28,5.09,5.2195,0.1295
train,1988-01-29,11.98,11.8274,-0.1526
train,1988-01-30,7.04,6.9864,-0.0536
train,1988-01-31,6.48,6.6242,0.1442
train,1988-02-01,3.96,3.9746,0.0146
train,1988-02-02,6.32,6.4654,0.1454
train,1988-02-03,5.25,5.18,-0.07
train,1988-02-04,12.53,12.3782,-0.1518
train,1988-02-05,5.15,5.1434,-0.0066
train,1988-02-06,12.67,12.3714,-0.2986
train,1988-02-07,5.69,5.664,-0.026
train,1988-02-08,5.26,5.2625,0.0025
train,1988-02-09,10.47,10.4647,-0.0053
train,1988-02-10,10.952,10.9784,0.0264
train,1988-02-11,5.29,5.2468,-0.0432
train,1988-02-12,6.22,6.2561,0.0361
train,1988-02-13,8.49,8.1774,-0.3126
train,1988-02-14,7.612,7.6199,0.0079
train,1988-02-15,5.44,5.444,0.004
train,1988-02-16,7.13,7.1458,0.0158
train,1988-02-17,5.33,5.3324,0.0024
train,1988-02-18,5.942,5.9833,0.0413
train,1988-02-19,5.17,5.0981,-0.0719
train,1988-02-20,6.14,6.1288,-0.0112
train,1988-02-21,5.194,5.2062,0.0122
train,1988-02-22,11.78,11.7602,-0.0198
train,1988-02-23,6.76,6.7557,-0.0043
train,1988-02-24,11.058,11.0932,0.0352
train,1988-02-25,12.18,12.1493,-0.0307
train,1988-02-26,4.31,4.3433,0.0333
train,1988-02-27,7.69,7.7269,0.0369
train,1988-02-28,10.086,10.1949,0.1089
train,1988-02-29,12.538,12.5557,0.0177
train,1988-03-01,4.938,4.9623,0.0243
train,1988-03-02,7.77,7.8145,0.0445
train,1988-03-03,7.59,7.5916,0.0016
train,1988-03-04,5.59,5.603,0.013
train,1988-03-05,6.482,6.5388,0.0568
train,1988-03-06,5.3,5.3058,0.0058
train,1988-03-07,5.88,5.8526,-0.0274
train,1988-03-08,8.132,8.106,-0.026
train,1988-03-09,12.8,12.9035,0.1035
train,1988-03-10,5.36,5.3079,-0.0521
train,1988-03-11,12.538,12.4843,-0.0537
train,1988-03-12,6.89,6.8733,-0.0167
train,1988-03-13,4.87,4.9096,0.0396
train,1988-03-14,5.7,5.7485,0.0485
train,1988-03-15,4.772,4.7311,-0.0409
train,1988-03-16,8.05,8.0627,0.0127
train,1988-03-17,4.7,4.6689,-0.0311
train,1988-03-18,4.592,4.5206,-0.0714
train,1988-03-19,8.69,8.7456,0.0556
train,1988-03-20,6.358,6.3304,-0.0276
train,1988-03-21,6.13,6.0838,-0.0462
train,1988-03-22,10.866,10.8975,0.0315
train,1988-03-23,5.78,5.7043,-0.0757
train,1988-03-24,11.66,11.5568,-0.1032
train,1988-03-25,11.13,11.1401,0.0101
train,1988-03-26,3.51,3.583,0.073
train,1988-03-27,4.16,4.1101,-0.0499
train,1988-03-28,8.112,8.045,-0.067
train,1988-03-29,4.84,4.8234,-0.0166
train,1988-03-30,4.88,4.9021,0.0221
train,1988-03-31,6.3,6.2706,-0.0294
train,1988-04-01,4.66,4.6584,-0.0016
train,1988-04-02,6.844,6.7649,-0.0791
train,1988-04-03,4.16,4.2599,0.0999
train,1988-04-04,9.36,9.3544,-0.0056
train,1988-04-05,9.37,9.3539,-0.0161
train,1988-04-06,9.51,9.5571,0.0471
train,1988-04-07,6.34,6.3569,0.0169
train,1988-04-08,7.08,7.0629,-0.0171
train,1988-04-09,7.03,7.1008,0.0708
train,1988-04-10,5.248,5.2783,0.0303
train,1988-04-11,9.09,9.0794,-0.0106
train,1988-04-12,4.45,4.4253,-0.0247
train,1988-04-13,4.3,4.2189,-0.0811
train,1988-04-14,6.32,6.234,-0.086
train,1988-04-15,7.218,7.2031,-0.0149
train,1988-04-16,11.83,11.9937,0.1637
train,1988-04-17,5.71,5.6611,-0.0489
train,1988-04-18,8.368,8.3374,-0.0306
train,1988-04-19,12.88,13.0354,0.1554
train,1988-04-20,4.58,4.6849,0.1049
train,1988-04-21,11.81,11.8396,0.0296
train,1988-04-22,9.11,9.072,-0.038
train,1988-04-23,13.88,13.7442,-0.1358
train,1988-04-24,8.148,8.1343,-0.0137
train,1988-04-25,6.07,6.0454,-0.0246
train,1988-04-26,4.724,4.8293,0.1053
train,1988-04-27,11.71,11.5983,-0.1117
train,1988-04-28,5.63,5.6659,0.0359
train,1988-04-29,5.4,5.4067,0.0067
train,1988-04-30,5.77,5.8241,0.0541
train,1988-05-01,9.64,9.7194,0.0794
train,1988-05-02,7.38,7.3317,-0.0483
train,1988-05-03,4.96,4.9436,-0.0164
train,1988-05-04,6.136,6.1322,-0.0038
train,1988-05-05,12.84,12.7738,-0.0662
train,1988-05-06,11.94,11.8252,-0.1148
train,1988-05-07,7.17,7.1642,-0.0058
train,1988-05-08,3.78,3.8128,0.0328
train,1988-05-09,4.95,5.1384,0.1884
train,1988-05-10,4.34,4.3529,0.0129
train,1988-05-11,12.244,12.3472,0.1032
train,1988-05-12,11.46,11.4983,0.0383
train,1988-05-13,4.7,4.6793,-0.0207
train,1988-05-14,6.37,6.3192,-0.0508
train,1988-05-15,4.806,4.8519,0.0459
train,1988-05-16,6.254,6.2498,-0.0042
train,1988-05-17,12.24,12.368,0.128
train,1988-05-18,6.06,6.1128,0.0528
train,1988-05-19,7.802,8.0182,0.2162
train,1988-05-20,11.822,11.8345,0.0125
train,1988-05-21,6.664,6.7048,0.0408
train,1988-05-22,4.958,4.9198,-0.0382
train,1988-05-23,7.682,7.6908,0.0088
train,1988-05-24,11.03,11.0185,-0.0115
train,1988-05-25,9.55,9.5799,0.0299
train,1988-05-26,4.646,4.6337,-0.0123
train,1988-05-27,12.02,12.2073,0.1873
train,1988-05-28,11.85,12.1437,0.2937
train,1988-05-29,12.35,12.4605,0.1105
train,1988-05-30,5.36,5.3686,0.0086
train,1988-05-31,12.8,12.9065,0.1065
train,1988-06-01,5.208,5.2587,0.0507
train,1988-06-02,7.94,7.9505,0.0105
train,1988-06-03,9.96,10.0063,0.0463
train,1988-06-04,4.67,4.742,0.072
train,1988-06-05,13.066,13.0839,0.0179
train,1988-06-06,10.684,10.6649,-0.0191
train,1988-06-07,7.48,7.3393,-0.1407
train,1988-06-08,9.682,9.6634,-0.0186
train,1988-06-09,8.862,8.7695,-0.0925
train,1988-06-10,5.65,5.6899,0.0399
train,1988-06-11,9.36,9.3651,0.0051
train,1988-06-12,6.54,6.5414,0.0014
train,1988-06-13,4.79,4.7752,-0.0148
train,1988-06-14,4.916,4.961,0.045
train,1988-06-15,9.648,9.7942,0.1462
train,1988-06-16,12.088,12.0607,-0.0273
train,1988-06-17,7.05,6.9928,-0.0572
train,1988-06-18,9.02,8.9952,-0.0248
train,1988-06-19,4.976,4.9681,-0.0079
train,1988-06-20,10.48,10.6371,0.1571
train,1988-06-21,12.74,12.7183,-0.0217
train,1988-06-22,5.34,5.3057,-0.0343
train,1988-06-23,5.9,5.9374,0.0374
train,1988-06-24,12.42,12.4626,0.0426
train,1988-06-25,12.74,12.7553,0.0153
train,1988-06-26,11.93,11.873,-0.057
train,1988-06-27,11.11,10.9896,-0.1204
train,1988-06-28,13.26,13.1899,-0.0701
train,1988-06-29,10.96,11.0241,0.0641
train,1988-06-30,4.62,4.6982,0.0782
train,1988-07-01,4.856,4.86,0.004
train,1988-07-02,5.43,5.4522,0.0222
train,1988-07-03,13.53,13.5066,-0.0234
train,1988-07-04,12.0,11.9517,-0.0483
train,1988-07-05,4.24,4.3074,0.0674
train,1988-07-06,5.16,5.2658,0.1058
train,1988-07-07,7.4,7.398,-0.002
train,1988-07-08,5.886,5.9041,0.0181
train,1988-07-09,8.48,8.4132,-0.0668
train,1988-07-10,4.266,4.5717,0.3057
train,1988-07-11,9.83,9.9154,0.0854
train,1988-07-12,10.41,10.215,-0.195
train,1988-07-13,5.084,5.144,0.06
train,1988-07-14,4.64,4.6689,0.0289
train,1988-07-15,6.208,6.1982,-0.0098
train,1988-07-16,5.992,6.0584,0.0664
train,1988-07-17,6.792,6.7451,-0.0469
train,1988-07-18,7.91,7.8835,-0.0265
train,1988-07-19,5.218,5.2379,0.0199
train,1988-07-20,4.18,4.1771,-0.0029
train,1988-07-21,10.56,10.1685,-0.3915
train,1988-07-22,10.704,10.6719,-0.0321
train,1988-07-23,4.824,4.9069,0.0829
train,1988-07-24,12.568,12.6722,0.1042
train,1988-07-25,4.338,3.9547,-0.3833
train,1988-07-26,11.578,11.7134,0.1354
train,1988-07-27,6.402,6.5201,0.1181
train,1988-07-28,4.53,4.7535,0.2235
train,1988-07-29,12.98,13.0088,0.0288
train,1988-07-30,8.02,8.0667,0.0467
train,1988-07-31,12.63,12.6906,0.0606
train,1988-08-01,7.87,7.8205,-0.0495
train,1988-08-02,5.84,5.9047,0.0647
train,1988-08-03,5.2,5.2186,0.0186
train,1988-08-04,12.19,12.0387,-0.1513
train,1988-08-05,8.48,8.4768,-0.0032
train,1988-08-06,11.12,11.0263,-0.0937
train,1988-08-07,7.312,7.601,0.289
train,1988-08-08,7.172,7.2088,0.0368
train,1988-08-09,12.86,12.8434,-0.0166
train,1988-08-10,11.08,11.1592,0.0792
train,1988-08-11,6.0,5.9925,-0.0075
train,1988-08-12,12.918,12.8922,-0.0258
train,1988-08-13,11.146,11.0035,-0.1425
train,1988-08-14,13.62,13.6142,-0.0058
train,1988-08-15,7.51,7.536,0.026
train,1988-08-16,8.84,8.7776,-0.0624
train,1988-08-17,5.402,5.4188,0.0168
train,1988-08-18,5.084,5.0934,0.0094
train,1988-08-19,5.87,5.8953,0.0253
train,1988-08-20,5.72,5.7255,0.0055
train,1988-08-21,10.71,10.8729,0.1629
train,1988-08-22,4.57,4.6398,0.0698
train,1988-08-23,4.072,3.9293,-0.1427
train,1988-08-24,5.17,5.2033,0.0333
train,1988-08-25,5.61,5.5207,-0.0893
train,1988-08-26,8.21,8.2628,0.0528
train,1988-08-27,6.61,6.5868,-0.0232
train,1988-08-28,12.79,12.7898,-0.0002
train,1988-08-29,4.36,4.3556,-0.0044
train,1988-08-30,6.03,5.9781,-0.0519
train,1988-08-31,5.33,5.3308,0.0008
train,1988-09-01,7.458,7.4584,0.0004
train,1988-09-02,11.86,11.8613,0.0013
train,1988-09-03,7.4,7.3749,-0.0251
train,1988-09-04,5.274,5.2786,0.0046
train,1988-09-05,12.98,12.9378,-0.0422
train,1988-09-06,10.72,10.7595,0.0395
train,1988-09-07,13.24,13.2203,-0.0197
train,1988-09-08,10.998,11.0311,0.0331
train,1988-09-09,4.43,4.4146,-0.0154
train,1988-09-10,4.42,4.3729,-0.0471
train,1988-09-11,13.25,13.2188,-0.0312
train,1988-09-12,5.184,5.1915,0.0075
train,1988-09-13,9.74,9.8353,0.0953
train,1988-09-14,6.18,6.1924,0.0124
train,1988-09-15,10.556,10.5622,0.0062
train,1988-09-16,13.15,13.1479,-0.0021
train,1988-09-17,7.84,7.7711,-0.0689
train,1988-09-18,5.492,5.522,0.03
train,1988-09-19,5.41,5.3623,-0.0477
train,1988-09-20,4.43,4.4395,0.0095
train,1988-09-21,5.19,5.1198,-0.0702
train,1988-09-22,11.694,11.567,-0.127
train,1988-09-23,5.1,5.0536,-0.0464
train,1988-09-24,7.568,7.5926,0.0246
train,1988-09-25,11.35,11.429,0.079
train,1988-09-26,10.406,10.3403,-0.0657
train,1988-09-27,6.054,6.0779,0.0239
train,1988-09-28,12.468,12.4201,-0.0479
train,1988-09-29,8.27,8.2494,-0.0206
train,1988-09-30,4.608,4.6313,0.0233
train,1988-10-01,6.34,6.3542,0.0142
train,1988-10-02,4.46,4.4669,0.0069
train,1988-10-03,11.76,11.7531,-0.0069
train,1988-10-04,12.166,12.359,0.193
train,1988-10-05,12.4,12.3578,-0.0422
train,1988-10-06,5.67,5.6887,0.0187
train,1988-10-07,5.27,5.3023,0.0323
train,1988-10-08,4.19,4.1599,-0.0301
train,1988-10-09,11.03,11.1965,0.1665
train,1988-10-10,11.98,11.834,-0.146
train,1988-10-11,11.36,11.1214,-0.2386
train,1988-10-12,6.72,6.6399,-0.0801
train,1988-10-13,7.82,7.8511,0.0311
train,1988-10-14,10.78,10.6572,-0.1228
train,1988-10-15,11.1,11.3443,0.2443
train,1988-10-16,10.332,10.3566,0.0246
train,1988-10-17,5.822,5.8979,0.0759
train,1988-10-18,4.98,4.9681,-0.0119
train,1988-10-19,7.78,7.8297,0.0497
train,1988-10-20,4.526,4.5777,0.0517
train,1988-10-21,10.99,10.9209,-0.0691
train,1988-10-22,4.31,4.2763,-0.0337
train,1988-10-23,8.43,8.37,-0.06
train,1988-10-24,7.59,7.4527,-0.1373
train,1988-10-25,8.87,8.8389,-0.0311
train,1988-10-26,7.58,7.6052,0.0252
train,1988-10-27,8.64,8.7017,0.0617
train,1988-10-28,6.296,6.2627,-0.0333
train,1988-10-29,3.6,3.6411,0.0411
train,1988-10-30,5.022,4.9555,-0.0665
train,1988-10-31,13.66,13.5917,-0.0683
train,1988-11-01,4.92,4.922,0.002
train,1988-11-02,13.41,13.3382,-0.0718
train,1988-11-03,12.58,12.6118,0.0318
train,1988-11-04,5.164,5.212,0.048
train,1988-11-05,4.82,4.8157,-0.0043
train,1988-11-06,6.57,6.5735,0.0035
train,1988-11-07,12.75,12.6331,-0.1169
train,1988-11-08,12.6,12.538,-0.062
train,1988-11-09,12.24,12.1389,-0.1011
train,1988-11-10,5.82,5.8108,-0.0092
train,1988-11-11,4.452,4.1249,-0.3271
train,1988-11-12,3.96,3.9737,0.0137
train,1988-11-13,6.54,6.5595,0.0195
train,1988-11-14,5.73,5.7001,-0.0299
train,1988-11-15,5.01,5.0069,-0.0031
train,1988-11-16,13.87,13.7894,-0.0806
train,1988-11-17,8.36,8.4971,0.1371
train,1988-11-18,4.78,4.8029,0.0229
train,1988-11-19,12.32,12.2963,-0.0237
train,1988-11-20,6.04,6.0785,0.0385
train,1988-11-21,5.338,5.4176,0.0796
train,1988-11-22,7.89,7.8596,-0.0304
train,1988-11-23,11.89,11.9419,0.0519
train,1988-11-24,10.91,10.7885,-0.1215
train,1988-11-25,5.01,5.0289,0.0189
train,1988-11-26,7.72,8.0718,0.3518
train,1988-11-27,5.166,5.0011,-0.1649
train,1988-11-28,6.92,6.9273,0.0073
train,1988-11-29,12.93,12.9256,-0.0044
train,1988-11-30,6.252,6.236,-0.016
train,1988-12-01,10.81,10.7275,-0.0825
train,1988-12-02,5.4,5.3414,-0.0586
train,1988-12-03,5.05,5.0494,-0.0006
train,1988-12-04,6.69,6.6698,-0.0202
train,1988-12-05,5.86,5.9093,0.0493
train,1988-12-06,6.056,6.1511,0.0951
train,1988-12-07,5.588,5.6443,0.0563
train,1988-12-08,9.272,9.4727,0.2007
train,1988-12-09,5.29,5.3387,0.0487
train,1988-12-10,9.102,9.1539,0.0519
train,1988-12-11,3.44,3.4502,0.0102
train,1988-12-12,5.45,5.4545,0.0045
train,1988-12-13,7.012,7.0022,-0.0098
train,1988-12-14,5.024,5.0577,0.0337
train,1988-12-15,10.328,10.3016,-0.0264
train,1988-12-16,11.594,11.7516,0.1576
train,1988-12-17,5.056,5.2445,0.1885
train,1988-12-18,11.168,11.2093,0.0413
train,1988-12-19,10.76,10.7846,0.0246
train,1988-12-20,5.47,5.4243,-0.0457
train,1988-12-21,5.49,5.5161,0.0261
train,1988-12-22,5.582,5.6885,0.1065
train,1988-12-23,5.044,5.075,0.031
train,1988-12-24,4.91,4.9222,0.0122
train,1988-12-25,3.54,3.6407,0.1007
train,1988-12-26,12.84,12.7317,-0.1083
train,1988-12-27,10.988,10.9552,-0.0328
train,1988-12-28,5.81,5.8616,0.0516
train,1988-12-29,4.932,4.9311,-0.0009
train,1988-12-30,6.61,6.6274,0.0174
train,1988-12-31,4.898,4.7666,-0.1314
train,1989-01-01,7.59,7.5985,0.0085
train,1989-01-02,12.18,12.2011,0.0211
train,1989-01-03,11.97,11.9922,0.0222
train,1989-01-04,5.55,5.4772,-0.0728
train,1989-01-05,12.178,12.255,0.077
train,1989-01-06,9.552,9.4703,-0.0817
train,1989-01-07,4.72,4.6965,-0.0235
train,1989-01-08,12.056,11.9886,-0.0674
train,1989-01-09,9.22,9.1888,-0.0312
train,1989-01-10,4.87,4.8788,0.0088
train,1989-01-11,6.1,6.0813,-0.0187
train,1989-01-12,8.424,8.4305,0.0065
train,1989-01-13,6.62,6.5981,-0.0219
train,1989-01-14,12.644,12.5634,-0.0806
train,1989-01-15,13.03,12.9142,-0.1158
train,1989-01-16,9.11,9.3457,0.2357
train,1989-01-17,4.588,4.5469,-0.0411
train,1989-01-18,6.254,6.2414,-0.0126
train,1989-01-19,6.23,6.2212,-0.0088
train,1989-01-20,5.6,5.618,0.018
train,1989-01-21,7.292,7.3363,0.0443
train,1989-01-22,12.32,12.3569,0.0369
train,1989-01-23,5.59,5.5572,-0.0328
train,1989-01-24,5.14,5.1105,-0.0295
train,1989-01-25,6.542,6.5985,0.0565
train,1989-01-26,4.908,4.779,-0.129
train,1989-01-27,5.82,5.7809,-0.0391
train,1989-01-28,12.28,12.0635,-0.2165
train,1989-01-29,11.92,11.9407,0.0207
train,1989-01-30,12.49,12.5044,0.0144
train,1989-01-31,5.26,5.2424,-0.0176
train,1989-02-01,12.104,12.2176,0.1136
train,1989-02-02,5.002,5.0604,0.0584
train,1989-02-03,8.49,8.3801,-0.1099
train,1989-02-04,7.24,7.227,-0.013
train,1989-02-05,6.666,6.6343,-0.0317
train,1989-02-06,13.21,13.0647,-0.1453
train,1989-02-07,7.6,7.5905,-0.0095
train,1989-02-08,6.41,6.3887,-0.0213
train,1989-02-09,5.39,5.4174,0.0274
train,1989-02-10,6.502,6.4557,-0.0463
train,1989-02-11,7.076,7.1177,0.0417
train,1989-02-12,10.848,10.8694,0.0214
train,1989-02-13,9.02,9.0037,-0.0163
train,1989-02-14,5.45,5.4996,0.0496
train,1989-02-15,5.42,5.4112,-0.0088
train,1989-02-16,13.33,13.2921,-0.0379
train,1989-02-17,6.97,6.9591,-0.0109
train,1989-02-18,7.258,7.304,0.046
train,1989-02-19,5.806,5.8974,0.0914
train,1989-02-20,11.282,11.0756,-0.2064
train,1989-02-21,6.38,6.4026,0.0226
train,1989-02-22,12.278,12.2546,-0.0234
train,1989-02-23,4.74,4.7289,-0.0111
train,1989-02-24,9.414,9.4458,0.0318
train,1989-02-25,8.42,8.3202,-0.0998
train,1989-02-26,4.62,4.625,0.005
train,1989-02-27,4.27,4.3081,0.0381
train,1989-02-28,10.57,10.4726,-0.0974
train,1989-03-01,11.23,11.3319,0.1019
train,1989-03-02,8.212,8.1887,-0.0233
train,1989-03-03,5.554,5.5592,0.0052
train,1989-03-04,5.216,5.2651,0.0491
train,1989-03-05,4.14,4.0869,-0.0531
train,1989-03-06,4.99,5.1848,0.1948
train,1989-03-07,4.998,5.0318,0.0338
train,1989-03-08,4.98,4.9955,0.0155
train,1989-03-09,8.74,8.7582,0.0182
train,1989-03-10,5.46,5.4236,-0.0364
train,1989-03-11,12.63,12.5848,-0.0452
train,1989-03-12,12.29,12.052,-0.238
train,1989-03-13,11.39,11.2024,-0.1876
train,1989-03-14,7.832,7.8286,-0.0034
train,1989-03-15,8.162,8.1487,-0.0133
train,1989-03-16,6.508,6.5266,0.0186
train,1989-03-17,12.88,12.7915,-0.0885
train,1989-03-18,5.41,5.3883,-0.0217
train,1989-03-19,5.192,5.1425,-0.0495
train,1989-03-20,5.226,5.3,0.074
train,1989-03-21,11.27,11.3458,0.0758
train,1989-03-22,11.42,11.428,0.008
train,1989-03-23,12.67,12.5949,-0.0751
train,1989-03-24,11.15,11.1424,-0.0076
train,1989-03-25,4.858,4.8797,0.0217
train,1989-03-26,12.74,12.7629,0.0229
train,1989-03-27,5.58,5.6424,0.0624
train,1989-03-28,5.96,5.939,-0.021
train,1989-03-29,4.246,4.3569,0.1109
train,1989-03-30,5.85,5.8601,0.0101
train,1989-03-31,5.4,5.4476,0.0476
train,1989-04-01,6.86,6.8755,0.0155
train,1989-04-02,5.4,5.4501,0.0501
train,1989-04-03,10.87,10.761,-0.109
train,1989-04-04,7.652,7.6638,0.0118
train,1989-04-05,5.166,5.1209,-0.0451
train,1989-04-06,12.308,12.2942,-0.0138
train,1989-04-07,8.638,8.1043,-0.5337
train,1989-04-08,5.56,5.5447,-0.0153
train,1989-04-09,5.064,4.9715,-0.0925
train,1989-04-10,12.72,12.7631,0.0431
train,1989-04-11,12.6,12.5926,-0.0074
train,1989-04-12,4.2,4.3107,0.1107
train,1989-04-13,4.29,4.2217,-0.0683
train,1989-04-14,6.9,7.0217,0.1217
train,1989-04-15,4.89,4.8158,-0.0742
train,1989-04-16,5.88,5.8859,0.0059
train,1989-04-17,5.678,5.7548,0.0768
train,1989-04-18,5.222,5.1714,-0.0506
train,1989-04-19,10.33,10.2932,-0.0368
train,1989-04-20,5.216,5.2485,0.0325
train,1989-04-21,4.766,4.7876,0.0216
train,1989-04-22,10.74,10.53,-0.21
train,1989-04-23,12.932,12.9849,0.0529
train,1989-04-24,12.09,12.1592,0.0692
train,1989-04-25,7.236,7.2155,-0.0205
train,1989-04-26,5.838,5.826,-0.012
train,1989-04-27,10.762,10.7354,-0.0266
train,1989-04-28,6.06,6.1261,0.0661
train,1989-04-29,6.76,6.7821,0.0221
train,1989-04-30,8.08,8.0563,-0.0237
train,1989-05-01,12.27,12.4119,0.1419
train,1989-05-02,11.766,11.7653,-0.0007
train,1989-05-03,8.088,8.0458,-0.0422
train,1989-05-04,7.31,7.3011,-0.0089
train,1989-05-05,5.248,5.136,-0.112
train,1989-05-06,5.08,5.1193,0.0393
train,1989-05-07,4.55,4.5332,-0.0168
train,1989-05-08,6.9,6.8706,-0.0294
train,1989-05-09,4.58,4.5356,-0.0444
train,1989-05-10,11.032,11.2691,0.2371
train,1989-05-11,8.752,8.7396,-0.0124
train,1989-05-12,5.8,5.7946,-0.0054
train,1989-05-13,6.964,7.0596,0.0956
train,1989-05-14,7.378,7.4026,0.0246
train,1989-05-15,12.112,12.1663,0.0543
train,1989-05-16,5.248,5.2359,-0.0121
train,1989-05-17,11.546,11.5215,-0.0245
train,1989-05-18,10.89,10.8636,-0.0264
train,1989-05-19,6.33,6.2747,-0.0553
train,1989-05-20,6.37,6.3196,-0.0504
train,1989-05-21,8.32,8.3375,0.0175
train,1989-05-22,12.184,12.1678,-0.0162
train,1989-05-23,13.17,12.9967,-0.1733
train,1989-05-24,12.152,12.1813,0.0293
train,1989-05-25,6.374,6.3536,-0.0204
train,1989-05-26,5.21,5.24,0.03
train,1989-05-27,4.63,4.6681,0.0381
train,1989-05-28,6.72,6.876,0.156
train,1989-05-29,12.404,12.5726,0.1686
train,1989-05-30,11.202,11.2479,0.0459
train,1989-05-31,11.29,11.2126,-0.0774
train,1989-06-01,10.0,10.0614,0.0614
train,1989-06-02,9.162,9.1909,0.0289
train,1989-06-03,11.45,11.2069,-0.2431
train,1989-06-04,12.91,12.8629,-0.0471
train,1989-06-05,5.39,5.3836,-0.0064
train,1989-06-06,12.964,12.9148,-0.0492
train,1989-06-07,12.11,12.2402,0.1302
train,1989-06-08,12.028,12.1343,0.1063
train,1989-06-09,5.324,5.2053,-0.1187
train,1989-06-10,5.37,5.3866,0.0166
train,1989-06-11,4.99,4.9943,0.0043
train,1989-06-12,4.58,4.5954,0.0154
train,1989-06-13,10.72,10.8229,0.1029
train,1989-06-14,7.35,7.3193,-0.0307
train,1989-06-15,5.22,5.2417,0.0217
train,1989-06-16,5.4,5.3761,-0.0239
train,1989-06-17,12.65,12.6726,0.0226
train,1989-06-18,5.872,5.9238,0.0518
train,1989-06-19,5.688,5.6909,0.0029
train,1989-06-20,12.67,12.7366,0.0666
train,1989-06-21,5.52,5.5548,0.0348
train,1989-06-22,4.5,4.5037,0.0037
train,1989-06-23,7.71,7.6735,-0.0365
train,1989-06-24,5.47,5.5512,0.0812
train,1989-06-25,13.12,13.0674,-0.0526
train,1989-06-26,6.61,6.59,-0.02
train,1989-06-27,4.96,4.9724,0.0124
train,1989-06-28,4.76,4.8122,0.0522
train,1989-06-29,11.9,11.8921,-0.0079
train,1989-06-30,5.984,5.992,0.008
train,1989-07-01,5.78,5.7661,-0.0139
train,1989-07-02,8.898,8.8353,-0.0627
train,1989-07-03,7.53,7.4274,-0.1026
train,1989-07-04,6.516,6.524,0.008
train,1989-07-05,4.766,4.7134,-0.0526
train,1989-07-06,4.952,5.0067,0.0547
train,1989-07-07,5.462,5.4199,-0.0421
train,1989-07-08,4.7,4.6859,-0.0141
train,1989-07-09,4.858,4.8264,-0.0316
train,1989-07-10,9.24,9.2456,0.0056
train,1989-07-11,12.18,12.2856,0.1056
train,1989-07-12,4.84,4.7371,-0.1029
train,1989-07-13,13.78,13.6637,-0.1163
train,1989-07-14,4.28,4.301,0.021
train,1989-07-15,7.37,7.408,0.038
train,1989-07-16,4.97,4.9617,-0.0083
train,1989-07-17,7.57,7.5942,0.0242
train,1989-07-18,6.296,6.2962,0.0002
train,1989-07-19,6.19,6.2163,0.0263
train,1989-07-20,4.834,4.8121,-0.0219
train,1989-07-21,11.506,11.4942,-0.0118
train,1989-07-22,5.26,5.285,0.025
train,1989-07-23,5.172,5.2073,0.0353
train,1989-07-24,4.66,4.7195,0.0595
train,1989-07-25,5.69,5.6848,-0.0052
train,1989-07-26,7.984,7.9793,-0.0047
train,1989-07-27,7.52,7.5387,0.0187
train,1989-07-28,6.476,6.4812,0.0052
train,1989-07-29,13.578,13.3812,-0.1968
train,1989-07-30,9.886,10.0175,0.1315
train,1989-07-31,11.51,11.4357,-0.0743
train,1989-08-01,4.85,4.8359,-0.0141
train,1989-08-02,5.706,5.7067,0.0007
train,1989-08-03,5.24,5.2627,0.0227
train,1989-08-04,5.3,5.3463,0.0463
train,1989-08-05,6.77,6.78,0.01
train,1989-08-06,12.73,12.7071,-0.0229
train,1989-08-07,6.898,6.921,0.023
train,1989-08-08,5.06,5.0119,-0.0481
train,1989-08-09,11.978,11.8824,-0.0956
train,1989-08-10,8.52,8.5065,-0.0135
train,1989-08-11,12.298,12.2136,-0.0844
train,1989-08-12,5.78,5.7466,-0.0334
train,1989-08-13,12.36,12.306,-0.054
train,1989-08-14,8.5,8.5064,0.0064
train,1989-08-15,4.428,4.4114,-0.0166
train,1989-08-16,12.7,12.6496,-0.0504
train,1989-08-17,4.91,4.9175,0.0075
train,1989-08-18,11.422,11.5365,0.1145
train,1989-08-19,11.564,11.6526,0.0886
train,1989-08-20,4.07,4.0741,0.0041
train,1989-08-21,10.65,10.5635,-0.0865
train,1989-08-22,10.93,10.8169,-0.1131
train,1989-08-23,4.068,4.1045,0.0365
train,1989-08-24,5.008,4.9613,-0.0467
train,1989-08-25,5.402,5.4017,-0.0003
train,1989-08-26,13.1,13.0282,-0.0718
train,1989-08-27,13.63,13.6024,-0.0276
train,1989-08-28,4.86,4.9714,0.1114
train,1989-08-29,4.768,4.7373,-0.0307
train,1989-08-30,7.16,7.1603,0.0003
train,1989-08-31,12.826,12.6345,-0.1915
train,1989-09-01,9.416,9.3729,-0.0431
train,1989-09-02,4.66,4.6671,0.0071
train,1989-09-03,5.5,5.4105,-0.0895
train,1989-09-04,7.71,7.6034,-0.1066
train,1989-09-05,11.972,12.0672,0.0952
train,1989-09-06,6.512,6.5064,-0.0056
train,1989-09-07,12.66,12.6596,-0.0004
train,1989-09-08,5.01,4.7241,-0.2859
train,1989-09-09,8.342,8.5873,0.2453
train,1989-09-10,7.812,7.8447,0.0327
train,1989-09-11,7.94,8.0059,0.0659
train,1989-09-12,6.63,6.5904,-0.0396
train,1989-09-13,12.906,12.9383,0.0323
train,1989-09-14,12.08,11.9297,-0.1503
train,1989-09-15,5.192,5.2053,0.0133
train,1989-09-16,12.25,12.1106,-0.1394
train,1989-09-17,9.51,9.4556,-0.0544
train,1989-09-18,7.7,7.7612,0.0612
train,1989-09-19,4.99,5.0126,0.0226
train,1989-09-20,11.89,11.8971,0.0071
train,1989-09-21,6.08,6.0423,-0.0377
train,1989-09-22,6.08,6.0757,-0.0043
train,1989-09-23,11.75,11.7092,-0.0408
train,1989-09-24,5.45,5.5074,0.0574
train,1989-09-25,4.584,4.6138,0.0298
train,1989-09-26,11.4,11.4656,0.0656
train,1989-09-27,5.27,5.2686,-0.0014
train,1989-09-28,5.19,5.2233,0.0333
train,1989-09-29,7.256,7.284,0.028
train,1989-09-30,4.63,4.6272,-0.0028
train,1989-10-01,5.42,5.4674,0.0474
train,1989-10-02,6.43,6.4119,-0.0181
train,1989-10-03,4.752,4.7591,0.0071
train,1989-10-04,5.77,5.7629,-0.0071
train,1989-10-05,11.056,10.9915,-0.0645
train,1989-10-06,11.882,11.8136,-0.0684
train,1989-10-07,6.74,6.7423,0.0023
train,1989-10-08,4.56,4.6533,0.0933
train,1989-10-09,4.79,4.9182,0.1282
train,1989-10-10,5.15,5.1825,0.0325
train,1989-10-11,7.58,7.4743,-0.1057
train,1989-10-12,6.168,6.2061,0.0381
train,1989-10-13,4.22,4.3264,0.1064
train,1989-10-14,4.45,4.4372,-0.0128
train,1989-10-15,11.034,10.9513,-0.0827
train,1989-10-16,6.49,6.4765,-0.0135
train,1989-10-17,7.83,7.8689,0.0389
train,1989-10-18,7.872,7.8476,-0.0244
train,1989-10-19,6.94,6.7477,-0.1923
train,1989-10-20,7.13,7.1119,-0.0181
train,1989-10-21,8.396,8.4182,0.0222
train,1989-10-22,7.646,7.6425,-0.0035
train,1989-10-23,4.18,4.1925,0.0125
train,1989-10-24,7.5,7.4672,-0.0328
train,1989-10-25,4.93,4.9579,0.0279
train,1989-10-26,4.42,4.4202,0.0002
train,1989-10-27,4.35,4.371,0.021
train,1989-10-28,12.11,12.1479,0.0379
train,1989-10-29,12.548,12.5871,0.0391
train,1989-10-30,4.02,4.061,0.041
train,1989-10-31,6.744,6.7953,0.0513
train,1989-11-01,6.41,6.399,-0.011
train,1989-11-02,9.11,9.066,-0.044
train,1989-11-03,8.98,8.9367,-0.0433
train,1989-11-04,5.302,5.3238,0.0218
train,1989-11-05,4.81,4.7213,-0.0887
train,1989-11-06,4.82,5.046,0.226
train,1989-11-07,7.12,7.0232,-0.0968
train,1989-11-08,11.996,12.1321,0.1361
train,1989-11-09,5.24,5.2526,0.0126
train,1989-11-10,4.864,4.8702,0.0062
train,1989-11-11,5.6,5.5987,-0.0013
train,1989-11-12,12.89,12.7804,-0.1096
train,1989-11-13,6.462,6.4412,-0.0208
train,1989-11-14,4.726,4.7765,0.0505
train,1989-11-15,12.35,12.3625,0.0125
train,1989-11-16,7.1,7.0692,-0.0308
train,1989-11-17,6.19,6.2134,0.0234
train,1989-11-18,12.18,12.3132,0.1332
train,1989-11-19,4.57,4.5423,-0.0277
train,1989-11-20,6.1,6.0563,-0.0437
train,1989-11-21,5.224,5.1616,-0.0624
train,1989-11-22,11.91,11.9957,0.0857
train,1989-11-23,11.65,11.7174,0.0674
train,1989-11-24,6.17,6.154,-0.016
train,1989-11-25,5.298,5.2883,-0.0097
train,1989-11-26,6.276,6.2385,-0.0375
train,1989-11-27,11.64,11.7874,0.1474
train,1989-11-28,9.88,9.7953,-0.0847
train,1989-11-29,9.382,9.4532,0.0712
train,1989-11-30,10.71,10.7446,0.0346
train,1989-12-01,11.298,10.967,-0.331
train,1989-12-02,4.912,5.0229,0.111
train,1989-12-03,5.12,5.1198,-0.0002
train,1989-12-04,7.572,7.5878,0.0158
train,1989-12-05,8.82,8.8916,0.0716
train,1989-12-06,13.98,13.8229,-0.1571
train,1989-12-07,5.384,5.3144,-0.0696
train,1989-12-08,5.69,5.6714,-0.0186
train,1989-12-09,11.19,11.1834,-0.0066
train,1989-12-10,6.61,6.5896,-0.0204
train,1989-12-11,13.28,13.3182,0.0382
train,1989-12-12,8.25,8.1711,-0.0789
train,1989-12-13,12.64,12.5505,-0.0895
train,1989-12-14,5.41,5.4167,0.0067
train,1989-12-15,10.718,10.706,-0.012
train,1989-12-16,13.16,13.2377,0.0777
train,1989-12-17,8.75,8.7507,0.0007
train,1989-12-18,11.44,11.4977,0.0577
train,1989-12-19,4.83,4.7659,-0.0641
train,1989-12-20,7.65,7.8286,0.1786
train,1989-12-21,6.58,6.5653,-0.0147
train,1989-12-22,11.158,10.9666,-0.1914
train,1989-12-23,12.218,12.3075,0.0895
train,1989-12-24,8.89,8.9345,0.0445
train,1989-12-25,13.43,13.4311,0.0011
train,1989-12-26,12.76,12.7661,0.0061
train,1989-12-27,8.712,8.7585,0.0465
train,1989-12-28,5.436,5.4091,-0.0269
train,1989-12-29,5.78,5.7435,-0.0365
train,1989-12-30,6.23,6.2631,0.0331
train,1989-12-31,7.1,7.1665,0.0665
train,1990-01-01,5.28,5.196,-0.084
train,1990-01-02,12.94,12.9322,-0.0078
train,1990-01-03,4.25,4.2662,0.0162
train,1990-01-04,12.31,12.347,0.037
train,1990-01-05,11.69,11.7411,0.0511
train,1990-01-06,5.79,5.8114,0.0214
train,1990-01-07,5.05,5.0039,-0.0461
train,1990-01-08,13.06,13.2654,0.2054
train,1990-01-09,11.01,11.026,0.016
train,1990-01-10,12.76,12.8791,0.1191
train,1990-01-11,11.136,10.8779,-0.2581
train,1990-01-12,12.46,12.6821,0.2221
train,1990-01-13,10.5,10.5849,0.0849
train,1990-01-14,5.81,5.8335,0.0235
train,1990-01-15,12.468,12.5092,0.0412
train,1990-01-16,5.382,5.2524,-0.1296
train,1990-01-17,8.77,8.7212,-0.0488
train,1990-01-18,11.39,11.4257,0.0357
train,1990-01-19,11.1,11.0819,-0.0181
train,1990-01-20,4.37,4.453,0.083
train,1990-01-21,6.2,6.2163,0.0163
train,1990-01-22,4.4,4.3906,-0.0094
train,1990-01-23,5.59,5.6593,0.0693
train,1990-01-24,5.186,5.2229,0.0369
train,1990-01-25,4.98,5.0019,0.0219
train,1990-01-26,5.99,5.9864,-0.0036
train,1990-01-27,12.648,12.5666,-0.0814
train,1990-01-28,11.16,11.1804,0.0204
train,1990-01-29,12.62,12.6345,0.0145
train,1990-01-30,12.822,12.677,-0.145
train,1990-01-31,4.47,4.5089,0.0389
train,1990-02-01,6.13,6.1082,-0.0218
train,1990-02-02,8.722,8.7105,-0.0115
train,1990-02-03,4.97,4.9748,0.0048
train,1990-02-04,5.04,4.9997,-0.0403
train,1990-02-05,12.13,12.2263,0.0963
train,1990-02-06,4.652,4.5516,-0.1004
train,1990-02-07,11.49,11.4379,-0.0521
train,1990-02-08,13.274,13.1908,-0.0832
train,1990-02-09,6.462,6.5006,0.0386
train,1990-02-10,4.63,4.6236,-0.0064
train,1990-02-11,12.386,12.4116,0.0256
train,1990-02-12,7.012,6.9938,-0.0182
train,1990-02-13,4.9,4.9458,0.0458
train,1990-02-14,9.36,9.3445,-0.0155
train,1990-02-15,4.67,4.6289,-0.0411
train,1990-02-16,6.286,6.3184,0.0324
train,1990-02-17,7.596,7.6372,0.0412
train,1990-02-18,11.37,11.4103,0.0403
train,1990-02-19,13.11,13.097,-0.013
train,1990-02-20,6.66,6.6176,-0.0424
train,1990-02-21,11.73,11.7298,-0.0002
train,1990-02-22,5.84,5.807,-0.033
train,1990-02-23,12.32,12.3628,0.0428
train,1990-02-24,4.54,4.6093,0.0693
train,1990-02-25,8.772,8.7624,-0.0096
train,1990-02-26,4.66,4.6548,-0.0052
train,1990-02-27,13.5,13.5368,0.0368
train,1990-02-28,12.04,12.031,-0.009
train,1990-03-01,7.4,7.9672,0.5672
train,1990-03-02,5.81,5.8203,0.0103
train,1990-03-03,5.302,5.4018,0.0998
train,1990-03-04,11.14,11.1176,-0.0224
train,1990-03-05,4.51,4.5114,0.0014
train,1990-03-06,5.25,5.2042,-0.0458
train,1990-03-07,4.66,4.7174,0.0574
train,1990-03-08,5.2,5.1577,-0.0423
train,1990-03-09,5.66,5.6828,0.0228
train,1990-03-10,6.55,6.542,-0.008
train,1990-03-11,8.04,7.9941,-0.0459
train,1990-03-12,4.96,4.8726,-0.0874
train,1990-03-13,4.92,4.8719,-0.0481
train,1990-03-14,4.92,4.9395,0.0195
train,1990-03-15,6.63,6.5854,-0.0446
train,1990-03-16,5.374,5.453,0.079
train,1990-03-17,6.93,6.9991,0.0691
train,1990-03-18,5.09,5.131,0.041
train,1990-03-19,4.62,4.6509,0.0309
train,1990-03-20,13.62,13.6657,0.0457
train,1990-03-21,3.43,3.457,0.027
train,1990-03-22,10.462,10.4557,-0.0063
train,1990-03-23,7.722,7.7568,0.0348
train,1990-03-24,5.86,5.8136,-0.0464
train,1990-03-25,3.36,3.4431,0.0831
train,1990-03-26,8.588,8.7041,0.1161
train,1990-03-27,10.14,10.0072,-0.1328
train,1990-03-28,13.09,13.1401,0.0501
train,1990-03-29,9.76,9.6512,-0.1088
train,1990-03-30,10.958,10.7556,-0.2024
train,1990-03-31,4.84,4.837,-0.003
train,1990-04-01,10.95,10.9699,0.0199
train,1990-04-02,13.28,13.287,0.007
train,1990-04-03,6.95,6.8749,-0.0751
train,1990-04-04,7.29,7.3046,0.0146
train,1990-04-05,12.85,12.7933,-0.0567
train,1990-04-06,4.82,4.7843,-0.0357
train,1990-04-07,12.628,12.712,0.084
train,1990-04-08,7.21,7.1841,-0.0259
train,1990-04-09,5.58,5.6054,0.0254
train,1990-04-10,12.836,12.7825,-0.0535
train,1990-04-11,5.74,5.7324,-0.0076
train,1990-04-12,6.17,6.1863,0.0163
train,1990-04-13,9.25,9.3748,0.1248
train,1990-04-14,5.51,5.5017,-0.0083
train,1990-04-15,10.04,10.0758,0.0358
train,1990-04-16,4.92,4.9391,0.0191
train,1990-04-17,5.4,5.4122,0.0122
train,1990-04-18,11.896,11.8656,-0.0304
train,1990-04-19,4.85,4.8646,0.0146
train,1990-04-20,4.7,4.7253,0.0253
train,1990-04-21,12.706,12.6508,-0.0552
train,1990-04-22,10.95,10.8944,-0.0556
train,1990-04-23,4.444,4.4698,0.0258
train,1990-04-24,4.808,4.7795,-0.0285
train,1990-04-25,9.144,9.1264,-0.0176
train,1990-04-26,5.094,5.0491,-0.0449
train,1990-04-27,4.88,4.9155,0.0355
train,1990-04-28,7.96,7.9848,0.0248
train,1990-04-29,12.13,12.1307,0.0007
train,1990-04-30,11.88,11.9765,0.0965
train,1990-05-01,4.736,4.8137,0.0777
train,1990-05-02,7.45,7.2557,-0.1943
train,1990-05-03,12.4,12.2807,-0.1193
train,1990-05-04,12.37,12.5048,0.1348
train,1990-05-05,4.39,4.3296,-0.0604
train,1990-05-06,12.676,12.5464,-0.1296
train,1990-05-07,12.466,12.3641,-0.1019
train,1990-05-08,5.4,5.3439,-0.0561
train,1990-05-09,9.66,9.6655,0.0055
train,1990-05-10,7.122,7.0179,-0.1041
train,1990-05-11,5.34,5.3621,0.0221
train,1990-05-12,5.06,5.0385,-0.0215
train,1990-05-13,5.738,5.5725,-0.1655
train,1990-05-14,5.05,4.8653,-0.1847
train,1990-05-15,11.02,11.0702,0.0502
train,1990-05-16,5.718,5.8113,0.0933
train,1990-05-17,13.226,13.2295,0.0035
train,1990-05-18,12.73,12.7292,-0.0008
train,1990-05-19,4.64,4.7539,0.1139
train,1990-05-20,8.9,8.7575,-0.1425
train,1990-05-21,6.198,6.2467,0.0487
train,1990-05-22,11.86,11.8634,0.0034
train,1990-05-23,5.67,5.6728,0.0028
train,1990-05-24,5.53,5.5409,0.0109
train,1990-05-25,7.666,7.695,0.029
train,1990-05-26,6.88,6.8436,-0.0364
train,1990-05-27,10.01,10.2194,0.2094
train,1990-05-28,4.84,4.858,0.018
train,1990-05-29,6.78,6.7616,-0.0184
train,1990-05-30,5.92,5.8064,-0.1136
train,1990-05-31,9.9,9.8644,-0.0356
train,1990-06-01,11.35,11.3297,-0.0203
train,1990-06-02,8.83,8.7657,-0.0643
train,1990-06-03,4.962,4.9469,-0.0151
train,1990-06-04,9.638,9.665,0.027
train,1990-06-05,8.34,8.3222,-0.0178
train,1990-06-06,5.256,5.2745,0.0185
train,1990-06-07,8.838,8.7688,-0.0692
train,1990-06-08,4.45,4.4188,-0.0312
train,1990-06-09,11.52,11.5047,-0.0153
train,1990-06-10,8.08,7.9034,-0.1766
train,1990-06-11,4.26,4.3512,0.0912
train,1990-06-12,12.53,12.5848,0.0548
train,1990-06-13,10.984,11.0533,0.0693
train,1990-06-14,4.552,4.2142,-0.3378
train,1990-06-15,5.5,5.5084,0.0084
train,1990-06-16,6.03,6.0241,-0.0059
train,1990-06-17,5.57,5.6154,0.0454
train,1990-06-18,8.482,8.498,0.016
train,1990-06-19,5.044,4.9851,-0.0589
train,1990-06-20,7.97,7.9115,-0.0585
train,1990-06-21,4.92,4.9212,0.0012
train,1990-06-22,13.192,13.2272,0.0352
train,1990-06-23,4.98,4.9564,-0.0236
train,1990-06-24,12.58,12.5973,0.0173
train,1990-06-25,5.232,5.2452,0.0132
train,1990-06-26,11.92,11.9419,0.0219
train,1990-06-27,5.42,5.3357,-0.0843
train,1990-06-28,7.534,7.5307,-0.0033
train,1990-06-29,12.36,12.3505,-0.0095
train,1990-06-30,12.018,12.0753,0.0573
train,1990-07-01,12.668,12.6155,-0.0525
train,1990-07-02,6.56,6.5931,0.0331
train,1990-07-03,7.8,7.7985,-0.0015
train,1990-07-04,11.726,11.8269,0.1009
train,1990-07-05,6.052,5.8449,-0.2071
train,1990-07-06,5.15,5.1998,0.0498
train,1990-07-07,9.46,9.4704,0.0104
train,1990-07-08,5.552,5.5497,-0.0023
train,1990-07-09,5.9,5.8979,-0.0021
train,1990-07-10,7.488,7.4656,-0.0224
train,1990-07-11,3.75,3.8332,0.0832
train,1990-07-12,12.09,12.1112,0.0212
train,1990-07-13,9.05,8.9666,-0.0834
train,1990-07-14,11.734,11.7361,0.0021
train,1990-07-15,9.11,9.0728,-0.0372
train,1990-07-16,7.848,7.8266,-0.0214
train,1990-07-17,6.6,6.659,0.059
train,1990-07-18,10.456,10.4809,0.0249
train,1990-07-19,12.232,12.1273,-0.1047
train,1990-07-20,5.436,5.436,-0.0
train,1990-07-21,7.06,7.0075,-0.0525
train,1990-07-22,9.35,9.5198,0.1698
train,1990-07-23,7.238,7.2722,0.0342
train,1990-07-24,10.726,10.6233,-0.1027
train,1990-07-25,7.39,7.3454,-0.0446
train,1990-07-26,5.46,5.4295,-0.0305
train,1990-07-27,4.56,4.6051,0.0451
train,1990-07-28,5.25,5.2441,-0.0059
train,1990-07-29,5.198,5.2335,0.0355
train,1990-07-30,11.866,11.76,-0.106
train,1990-07-31,13.03,12.9064,-0.1236
train,1990-08-01,4.3,4.3831,0.0831
train,1990-08-02,12.652,12.7333,0.0813
train,1990-08-03,4.93,4.9729,0.0429
train,1990-08-04,4.842,4.81,-0.032
train,1990-08-05,7.74,7.7525,0.0125
train,1990-08-06,3.93,3.9241,-0.0059
train,1990-08-07,5.43,5.4523,0.0223
train,1990-08-08,9.72,9.8067,0.0867
train,1990-08-09,7.63,7.5859,-0.0441
train,1990-08-10,4.152,4.1904,0.0384
train,1990-08-11,6.22,6.1853,-0.0347
train,1990-08-12,5.78,5.7051,-0.0749
train,1990-08-13,8.19,8.236,0.046
train,1990-08-14,4.82,4.8223,0.0023
train,1990-08-15,5.63,5.5612,-0.0688
train,1990-08-16,6.16,6.0367,-0.1233
train,1990-08-17,9.84,9.8165,-0.0235
train,1990-08-18,5.82,5.8054,-0.0146
train,1990-08-19,8.458,8.4807,0.0227
train,1990-08-20,9.038,9.0454,0.0074
train,1990-08-21,8.67,8.654,-0.016
train,1990-08-22,10.23,10.2289,-0.0011
train,1990-08-23,10.9,11.0011,0.1011
train,1990-08-24,11.07,11.2197,0.1497
train,1990-08-25,12.31,12.2711,-0.0389
train,1990-08-26,4.61,4.5978,-0.0122
train,1990-08-27,12.84,12.6762,-0.1638
train,1990-08-28,4.88,4.8456,-0.0344
train,1990-08-29,4.44,4.4473,0.0073
train,1990-08-30,11.69,11.7694,0.0794
train,1990-08-31,5.474,5.5118,0.0378
train,1990-09-01,6.1,6.1036,0.0036
train,1990-09-02,9.32,9.3104,-0.0096
train,1990-09-03,4.964,4.9973,0.0333
train,1990-09-04,12.04,12.101,0.061
train,1990-09-05,4.93,4.9288,-0.0012
train,1990-09-06,4.74,4.7882,0.0482
train,1990-09-07,13.75,13.7132,-0.0368
train,1990-09-08,12.17,12.1635,-0.0065
train,1990-09-09,6.41,6.4391,0.0291
train,1990-09-10,7.13,7.0534,-0.0766
train,1990-09-11,12.376,12.2631,-0.1129
train,1990-09-12,4.67,4.6266,-0.0434
train,1990-09-13,4.04,4.0605,0.0205
train,1990-09-14,12.18,12.1988,0.0188
train,1990-09-15,13.34,13.1915,-0.1485
train,1990-09-16,8.502,8.6358,0.1338
train,1990-09-17,4.778,4.7232,-0.0548
train,1990-09-18,5.69,5.7221,0.0321
train,1990-09-19,5.27,5.2665,-0.0035
train,1990-09-20,7.584,7.54,-0.044
train,1990-09-21,13.23,13.1534,-0.0766
train,1990-09-22,7.228,7.0286,-0.1994
train,1990-09-23,5.89,5.8659,-0.0241
train,1990-09-24,5.81,5.8391,0.0291
train,1990-09-25,5.42,5.3989,-0.0211
train,1990-09-26,11.9,11.9543,0.0543
train,1990-09-27,5.38,5.3839,0.0039
train,1990-09-28,5.338,5.3078,-0.0302
train,1990-09-29,5.49,5.4465,-0.0435
train,1990-09-30,12.2,12.1038,-0.0962
train,1990-10-01,4.28,4.3116,0.0316
train,1990-10-02,5.966,5.9781,0.0121
train,1990-10-03,4.38,4.3783,-0.0017
train,1990-10-04,12.47,12.5516,0.0816
train,1990-10-05,5.28,5.4094,0.1294
train,1990-10-06,3.63,3.6957,0.0657
train,1990-10-07,5.49,5.4703,-0.0197
train,1990-10-08,10.61,10.6491,0.0391
train,1990-10-09,5.9,5.9227,0.0227
train,1990-10-10,5.42,5.3824,-0.0376
train,1990-10-11,4.27,4.3382,0.0682
train,1990-10-12,5.71,5.7399,0.0299
train,1990-10-13,4.17,4.1223,-0.0477
train,1990-10-14,5.69,5.6111,-0.0789
train,1990-10-15,10.702,10.676,-0.026
train,1990-10-16,5.58,5.5679,-0.0121
train,1990-10-17,7.63,7.6326,0.0026
train,1990-10-18,8.77,8.8392,0.0692
train,1990-10-19,5.59,5.566,-0.024
train,1990-10-20,10.29,10.501,0.211
train,1990-10-21,7.55,7.5536,0.0036
train,1990-10-22,6.09,6.1613,0.0713
train,1990-10-23,4.45,4.5641,0.1141
train,1990-10-24,11.908,11.7974,-0.1106
train,1990-10-25,7.43,7.4492,0.0192
train,1990-10-26,9.9,9.9183,0.0183
train,1990-10-27,12.01,12.1011,0.0911
train,1990-10-28,5.064,5.1504,0.0864
train,1990-10-29,5.84,5.8789,0.0389
train,1990-10-30,6.062,6.0965,0.0345
train,1990-10-31,6.804,6.7743,-0.0297
train,1990-11-01,6.12,6.1997,0.0797
train,1990-11-02,6.46,6.5071,0.0471
train,1990-11-03,7.196,7.1974,0.0014
train,1990-11-04,13.26,13.3993,0.1393
train,1990-11-05,12.26,12.2807,0.0207
train,1990-11-06,5.39,5.3654,-0.0246
train,1990-11-07,6.85,6.7937,-0.0563
train,1990-11-08,6.304,6.3543,0.0503
train,1990-11-09,6.74,6.6435,-0.0965
train,1990-11-10,5.778,5.8455,0.0675
train,1990-11-11,10.0,10.19,0.19
train,1990-11-12,5.558,5.4104,-0.1476
train,1990-11-13,5.4,5.4106,0.0106
train,1990-11-14,6.7,6.703,0.003
train,1990-11-15,5.13,5.122,-0.008
train,1990-11-16,5.57,5.6556,0.0856
train,1990-11-17,4.83,4.8017,-0.0283
train,1990-11-18,3.62,3.7565,0.1365
train,1990-11-19,6.55,6.5566,0.0066
train,1990-11-20,5.8,5.8052,0.0052
train,1990-11-21,8.47,8.4845,0.0145
train,1990-11-22,5.52,5.4874,-0.0326
train,1990-11-23,6.08,6.0286,-0.0514
train,1990-11-24,4.71,4.6502,-0.0598
train,1990-11-25,13.632,13.5087,-0.1233
train,1990-11-26,12.26,12.2412,-0.0188
train,1990-11-27,10.27,10.3007,0.0307
train,1990-11-28,5.91,5.9344,0.0244
train,1990-11-29,6.71,6.7554,0.0454
train,1990-11-30,10.18,10.3263,0.1463
train,1990-12-01,5.31,5.3211,0.0111
train,1990-12-02,5.36,5.4026,0.0426
train,1990-12-03,11.24,11.3127,0.0727
train,1990-12-04,9.88,9.9667,0.0867
train,1990-12-05,11.364,11.4117,0.0477
train,1990-12-06,13.15,13.0408,-0.1092
train,1990-12-07,12.82,12.6991,-0.1209
train,1990-12-08,11.59,11.4225,-0.1675
train,1990-12-09,5.38,5.3812,0.0012
train,1990-12-10,12.19,12.1629,-0.0271
train,1990-12-11,7.59,7.6273,0.0373
train,1990-12-12,5.28,5.2221,-0.0579
train,1990-12-13,8.38,8.3472,-0.0328
train,1990-12-14,9.42,9.2161,-0.2039
train,1990-12-15,3.6,3.6246,0.0246
train,1990-12-16,9.09,9.1725,0.0825
train,1990-12-17,8.82,8.8351,0.0151
train,1990-12-18,12.962,12.8761,-0.0859
train,1990-12-19,5.38,5.3985,0.0185
train,1990-12-20,9.316,9.2945,-0.0215
train,1990-12-21,12.054,12.0443,-0.0097
train,1990-12-22,10.34,10.3359,-0.0041
train,1990-12-23,4.46,4.4584,-0.0016
train,1990-12-24,14.128,14.0244,-0.1036
train,1990-12-25,4.26,4.2698,0.0098
train,1990-12-26,8.67,8.6773,0.0073
train,1990-12-27,5.948,5.9557,0.0077
train,1990-12-28,12.34,12.3568,0.0168
train,1990-12-29,7.86,7.7867,-0.0733
train,1990-12-30,10.65,10.6168,-0.0332
train,1990-12-31,5.52,5.5515,0.0315
train,1991-01-01,8.88,8.8012,-0.0788
train,1991-01-02,8.41,8.3435,-0.0665
train,1991-01-03,4.438,4.3471,-0.0909
train,1991-01-04,5.75,5.8086,0.0586
train,1991-01-05,5.62,5.6951,0.0751
train,1991-01-06,6.968,6.9167,-0.0513
train,1991-01-07,12.156,12.0502,-0.1058
train,1991-01-08,3.76,3.7547,-0.0053
train,1991-01-09,9.614,9.6588,0.0448
train,1991-01-10,6.42,6.4046,-0.0154
train,1991-01-11,12.87,12.7496,-0.1204
train,1991-01-12,4.936,4.9318,-0.0042
train,1991-01-13,3.86,3.9353,0.0753
train,1991-01-14,4.452,4.5584,0.1064
train,1991-01-15,12.87,12.8588,-0.0112
train,1991-01-16,5.48,5.4936,0.0136
train,1991-01-17,13.19,13.0989,-0.0911
train,1991-01-18,6.15,6.1515,0.0015
train,1991-01-19,7.3,7.2656,-0.0344
train,1991-01-20,5.37,5.3677,-0.0023
train,1991-01-21,8.94,8.8962,-0.0438
train,1991-01-22,8.79,8.705,-0.085
train,1991-01-23,12.81,12.8058,-0.0042
train,1991-01-24,10.88,10.9201,0.0401
train,1991-01-25,13.742,13.7028,-0.0392
train,1991-01-26,8.54,8.5363,-0.0037
train,1991-01-27,4.488,4.4754,-0.0126
train,1991-01-28,11.68,11.8048,0.1248
train,1991-01-29,4.69,4.6883,-0.0017
train,1991-01-30,9.126,9.1221,-0.0039
train,1991-01-31,4.438,4.4461,0.0081
train,1991-02-01,5.19,5.2665,0.0765
train,1991-02-02,11.27,11.2763,0.0063
train,1991-02-03,5.598,5.7494,0.1514
train,1991-02-04,5.174,5.2175,0.0435
train,1991-02-05,10.76,10.922,0.162
train,1991-02-06,3.82,3.8854,0.0654
train,1991-02-07,5.69,5.7485,0.0585
train,1991-02-08,4.64,4.551,-0.089
train,1991-02-09,13.32,13.3808,0.0608
train,1991-02-10,12.88,12.7932,-0.0868
train,1991-02-11,6.95,6.9657,0.0157
train,1991-02-12,13.22,13.0879,-0.1321
train,1991-02-13,11.02,11.0134,-0.0066
train,1991-02-14,5.386,5.3715,-0.0145
train,1991-02-15,12.35,12.4464,0.0964
train,1991-02-16,8.9,9.0219,0.1219
train,1991-02-17,6.37,6.3822,0.0122
train,1991-02-18,4.73,4.6049,-0.1251
train,1991-02-19,8.564,8.5957,0.0317
train,1991-02-20,7.608,7.5837,-0.0243
train,1991-02-21,7.192,7.1885,-0.0035
train,1991-02-22,12.97,12.7721,-0.1979
train,1991-02-23,12.218,12.1791,-0.0389
train,1991-02-24,12.11,12.0723,-0.0377
train,1991-02-25,5.42,5.5512,0.1312
train,1991-02-26,4.932,4.865,-0.067
train,1991-02-27,5.44,5.4287,-0.0113
train,1991-02-28,7.78,7.7618,-0.0182
train,1991-03-01,8.73,8.5685,-0.1615
train,1991-03-02,4.012,4.0153,0.0033
train,1991-03-03,11.78,11.7622,-0.0178
train,1991-03-04,4.52,4.494,-0.026
train,1991-03-05,11.752,11.7525,0.0005
train,1991-03-06,8.872,8.8415,-0.0305
train,1991-03-07,10.08,9.9903,-0.0897
train,1991-03-08,10.09,10.0287,-0.0613
train,1991-03-09,4.86,4.8796,0.0196
train,1991-03-10,4.3,4.3309,0.0309
train,1991-03-11,8.29,8.3126,0.0226
train,1991-03-12,6.03,5.9874,-0.0426
train,1991-03-13,4.69,4.6973,0.0073
train,1991-03-14,4.822,4.6371,-0.1849
train,1991-03-15,13.15,13.0641,-0.0859
train,1991-03-16,5.16,5.1016,-0.0584
train,1991-03-17,7.33,7.3027,-0.0273
train,1991-03-18,6.05,6.0551,0.0051
train,1991-03-19,5.74,5.7444,0.0044
train,1991-03-20,11.08,11.0912,0.0112
train,1991-03-21,12.1,12.3135,0.2135
train,1991-03-22,12.582,12.5409,-0.0411
train,1991-03-23,5.002,5.0086,0.0066
train,1991-03-24,12.69,12.5353,-0.1547
train,1991-03-25,9.08,9.0712,-0.0088
train,1991-03-26,7.134,7.1544,0.0204
train,1991-03-27,12.372,12.4178,0.0458
train,1991-03-28,5.53,5.4949,-0.0351
train,1991-03-29,10.82,10.8919,0.0719
train,1991-03-30,5.77,5.7809,0.0109
train,1991-03-31,5.782,5.7896,0.0076
train,1991-04-01,12.9,12.9543,0.0543
train,1991-04-02,6.506,6.4594,-0.0466
train,1991-04-03,5.97,5.9757,0.0057
train,1991-04-04,12.2,12.3029,0.1029
train,1991-04-05,8.47,8.4086,-0.0614
train,1991-04-06,8.95,8.7509,-0.1991
train,1991-04-07,11.49,11.4618,-0.0282
train,1991-04-08,9.33,9.3236,-0.0064
train,1991-04-09,13.27,13.2241,-0.0459
train,1991-04-10,7.528,7.6081,0.0801
train,1991-04-11,5.182,5.2056,0.0236
train,1991-04-12,9.43,9.3859,-0.0441
train,1991-04-13,12.6,12.7677,0.1677
train,1991-04-14,13.006,13.0758,0.0698
train,1991-04-15,11.83,11.7464,-0.0836
train,1991-04-16,12.48,12.5562,0.0762
train,1991-04-17,5.97,5.9408,-0.0292
train,1991-04-18,11.62,11.6822,0.0622
train,1991-04-19,10.42,10.4546,0.0346
train,1991-04-20,3.98,4.0628,0.0828
train,1991-04-21,12.006,11.9764,-0.0296
train,1991-04-22,13.13,13.2052,0.0752
train,1991-04-23,8.19,8.1042,-0.0858
train,1991-04-24,7.07,6.9047,-0.1653
train,1991-04-25,4.934,4.8793,-0.0547
train,1991-04-26,11.356,11.4888,0.1328
train,1991-04-27,4.374,4.377,0.003
train,1991-04-28,6.08,6.1193,0.0393
train,1991-04-29,12.58,12.5945,0.0145
train,1991-04-30,4.47,4.5015,0.0315
train,1991-05-01,8.61,8.7444,0.1344
train,1991-05-02,3.888,3.9125,0.0245
train,1991-05-03,9.69,9.7226,0.0326
train,1991-05-04,5.988,6.0324,0.0444
train,1991-05-05,4.74,4.7756,0.0356
train,1991-05-06,12.42,12.4086,-0.0114
train,1991-05-07,6.298,6.2799,-0.0181
train,1991-05-08,6.47,6.4513,-0.0187
train,1991-05-09,5.02,5.0586,0.0386
train,1991-05-10,4.936,4.884,-0.052
train,1991-05-11,5.15,5.1367,-0.0133
train,1991-05-12,8.208,8.1747,-0.0333
train,1991-05-13,8.74,8.7876,0.0476
train,1991-05-14,11.47,11.5678,0.0978
train,1991-05-15,6.5,6.6704,0.1704
train,1991-05-16,12.252,12.2979,0.0459
train,1991-05-17,13.59,13.5075,-0.0825
train,1991-05-18,4.85,4.7846,-0.0654
train,1991-05-19,6.61,6.5803,-0.0297
train,1991-05-20,10.83,10.6464,-0.1836
train,1991-05-21,5.39,5.424,0.034
train,1991-05-22,12.91,12.8246,-0.0854
train,1991-05-23,12.85,12.8363,-0.0137
train,1991-05-24,5.1,5.0998,-0.0002
train,1991-05-25,12.8,12.8016,0.0016
train,1991-05-26,7.226,7.2151,-0.0109
train,1991-05-27,5.67,5.6624,-0.0076
train,1991-05-28,7.64,7.8135,0.1735
train,1991-05-29,5.19,5.2114,0.0214
train,1991-05-30,13.77,13.734,-0.036
train,1991-05-31,12.98,12.976,-0.004
train,1991-06-01,4.77,4.8158,0.0458
train,1991-06-02,8.07,8.0421,-0.0279
train,1991-06-03,12.54,12.4346,-0.1054
train,1991-06-04,11.73,11.4902,-0.2398
train,1991-06-05,7.932,7.9308,-0.0012
train,1991-06-06,6.2,6.1898,-0.0102
train,1991-06-07,4.67,4.7084,0.0384
train,1991-06-08,7.84,7.7929,-0.0471
train,1991-06-09,12.09,11.9439,-0.1461
train,1991-06-10,7.506,7.3207,-0.1853
train,1991-06-11,6.9,6.8862,-0.0138
train,1991-06-12,11.924,11.8895,-0.0345
train,1991-06-13,4.838,4.8938,0.0558
train,1991-06-14,10.79,10.7707,-0.0193
train,1991-06-15,11.354,11.3963,0.0423
train,1991-06-16,5.67,5.5662,-0.1038
train,1991-06-17,4.858,4.8595,0.0015
train,1991-06-18,7.388,7.3966,0.0086
train,1991-06-19,10.17,10.1799,0.0099
train,1991-06-20,4.92,4.9738,0.0538
train,1991-06-21,11.376,11.3538,-0.0222
train,1991-06-22,11.56,11.522,-0.038
train,1991-06-23,11.54,11.6291,0.0891
train,1991-06-24,5.43,5.4016,-0.0284
train,1991-06-25,4.73,4.7703,0.0403
train,1991-06-26,12.28,12.2801,0.0001
train,1991-06-27,9.45,9.4679,0.0179
train,1991-06-28,4.62,4.6429,0.0229
train,1991-06-29,6.32,6.3444,0.0244
train,1991-06-30,5.73,5.7265,-0.0035
train,1991-07-01,7.7,7.6218,-0.0782
train,1991-07-02,5.3,5.3041,0.0041
train,1991-07-03,4.05,4.0793,0.0293
train,1991-07-04,12.49,12.7157,0.2257
train,1991-07-05,6.71,6.8944,0.1844
train,1991-07-06,5.59,5.6038,0.0138
train,1991-07-07,12.184,12.3663,0.1823
train,1991-07-08,12.26,12.3127,0.0527
train,1991-07-09,9.36,9.3388,-0.0212
train,1991-07-10,4.96,5.0358,0.0758
train,1991-07-11,11.92,11.8408,-0.0792
train,1991-07-12,4.94,4.8975,-0.0425
train,1991-07-13,4.23,4.1808,-0.0492
train,1991-07-14,13.58,13.5097,-0.0703
train,1991-07-15,5.064,5.1118,0.0478
train,1991-07-16,8.4,8.4076,0.0076
train,1991-07-17,4.91,4.9507,0.0407
train,1991-07-18,12.64,12.5171,-0.1229
train,1991-07-19,10.96,10.7415,-0.2185
train,1991-07-20,6.13,6.1636,0.0336
train,1991-07-21,12.78,12.663,-0.117
train,1991-07-22,5.13,5.1657,0.0357
train,1991-07-23,5.01,5.0097,-0.0003
train,1991-07-24,4.19,4.2539,0.0639
train,1991-07-25,4.878,4.8583,-0.0197
train,1991-07-26,9.128,9.1519,0.0239
train,1991-07-27,7.23,7.2024,-0.0276
train,1991-07-28,5.08,5.0274,-0.0526
train,1991-07-29,5.376,5.488,0.112
train,1991-07-30,12.07,12.0819,0.0119
train,1991-07-31,4.13,4.0862,-0.0438
train,1991-08-01,4.498,4.5471,0.0491
train,1991-08-02,8.07,8.1423,0.0723
train,1991-08-03,8.33,8.3821,0.0521
train,1991-08-04,5.3,5.3677,0.0677
train,1991-08-05,5.0,4.9928,-0.0072
train,1991-08-06,8.186,8.1464,-0.0396
train,1991-08-07,12.486,12.4611,-0.0249
train,1991-08-08,7.44,7.4422,0.0022
train,1991-08-09,6.17,5.7104,-0.4596
train,1991-08-10,13.42,13.4184,-0.0016
train,1991-08-11,7.11,7.0453,-0.0647
train,1991-08-12,5.062,5.068,0.006
train,1991-08-13,11.88,11.9846,0.1046
train,1991-08-14,5.358,5.4054,0.0474
train,1991-08-15,8.76,8.8713,0.1113
train,1991-08-16,6.79,6.7834,-0.0066
train,1991-08-17,13.32,13.3445,0.0245
train,1991-08-18,7.48,7.4445,-0.0355
train,1991-08-19,5.02,4.92,-0.1
train,1991-08-20,4.924,4.9218,-0.0022
train,1991-08-21,9.39,9.464,0.074
train,1991-08-22,8.72,8.6111,-0.1089
train,1991-08-23,12.472,12.4989,0.0269
train,1991-08-24,7.532,7.5531,0.0211
train,1991-08-25,10.87,10.7976,-0.0724
train,1991-08-26,6.64,6.6229,-0.0171
train,1991-08-27,12.822,12.796,-0.026
train,1991-08-28,10.87,10.8623,-0.0077
train,1991-08-29,5.03,4.9167,-0.1133
train,1991-08-30,13.55,13.5405,-0.0095
train,1991-08-31,12.894,13.0589,0.1649
train,1991-09-01,5.18,5.1899,0.0099
train,1991-09-02,11.89,11.7763,-0.1137
train,1991-09-03,8.24,8.2728,0.0328
train,1991-09-04,10.412,10.3975,-0.0145
train,1991-09-05,9.04,8.9504,-0.0896
train,1991-09-06,5.31,5.2931,-0.0169
train,1991-09-07,5.31,5.3238,0.0138
train,1991-09-08,7.86,7.8678,0.0078
train,1991-09-09,7.96,7.7768,-0.1832
train,1991-09-10,11.07,11.0998,0.0298
train,1991-09-11,4.64,4.6313,-0.0087
train,1991-09-12,8.51,8.5635,0.0535
train,1991-09-13,4.76,4.7467,-0.0133
train,1991-09-14,7.02,7.0088,-0.0112
train,1991-09-15,8.902,8.8561,-0.0459
train,1991-09-16,4.98,4.9695,-0.0105
train,1991-09-17,11.598,11.683,0.085
train,1991-09-18,5.31,5.3625,0.0525
train,1991-09-19,10.232,10.3479,0.1159
train,1991-09-20,6.64,6.6208,-0.0192
train,1991-09-21,6.016,6.0214,0.0054
train,1991-09-22,7.52,7.5076,-0.0124
train,1991-09-23,6.564,6.5526,-0.0114
train,1991-09-24,10.83,10.8165,-0.0135
train,1991-09-25,8.96,8.9154,-0.0446
train,1991-09-26,6.4,6.407,0.007
train,1991-09-27,6.03,6.0496,0.0196
train,1991-09-28,4.838,4.8621,0.0241
train,1991-09-29,4.75,4.7107,-0.0393
train,1991-09-30,12.26,12.1468,-0.1132
train,1991-10-01,5.16,5.0273,-0.1327
train,1991-10-02,5.03,5.0269,-0.0031
train,1991-10-03,6.53,6.5012,-0.0288
train,1991-10-04,7.67,7.721,0.051
train,1991-10-05,4.832,4.8549,0.0229
train,1991-10-06,12.46,12.2082,-0.2518
train,1991-10-07,6.13,6.076,-0.054
train,1991-10-08,7.1,7.0826,-0.0174
train,1991-10-09,8.75,8.6993,-0.0507
train,1991-10-10,9.364,9.3731,0.0091
train,1991-10-11,5.04,5.0419,0.0019
train,1991-10-12,13.63,13.5992,-0.0308
train,1991-10-13,10.68,10.7349,0.0549
train,1991-10-14,5.8,5.7785,-0.0215
train,1991-10-15,5.21,5.2104,0.0004
train,1991-10-16,11.5,11.4593,-0.0407
train,1991-10-17,5.25,5.2366,-0.0134
train,1991-10-18,12.69,12.6609,-0.0291
train,1991-10-19,4.858,4.8554,-0.0026
train,1991-10-20,4.662,4.6908,0.0288
train,1991-10-21,12.398,12.4224,0.0244
train,1991-10-22,6.91,6.8684,-0.0416
train,1991-10-23,10.74,10.7814,0.0414
train,1991-10-24,12.562,12.7329,0.1709
train,1991-10-25,5.43,5.4223,-0.0077
train,1991-10-26,11.322,11.2877,-0.0343
train,1991-10-27,12.874,12.9338,0.0598
train,1991-10-28,8.168,8.2857,0.1177
train,1991-10-29,5.246,5.1398,-0.1062
train,1991-10-30,4.902,4.9602,0.0582
train,1991-10-31,3.43,3.4935,0.0635
train,1991-11-01,7.43,7.3782,-0.0518
train,1991-11-02,8.78,8.7504,-0.0296
train,1991-11-03,4.984,4.9929,0.0089
train,1991-11-04,4.798,4.7104,-0.0876
train,1991-11-05,5.15,5.1427,-0.0073
train,1991-11-06,5.29,5.2447,-0.0453
train,1991-11-07,5.236,5.2683,0.0323
train,1991-11-08,4.45,4.4593,0.0093
train,1991-11-09,7.52,7.5288,0.0088
train,1991-11-10,12.35,12.38,0.03
train,1991-11-11,12.076,12.076,0.0
train,1991-11-12,6.644,6.6656,0.0216
train,1991-11-13,4.99,4.9525,-0.0375
train,1991-11-14,11.41,11.4184,0.0084
train,1991-11-15,9.52,9.4155,-0.1045
train,1991-11-16,5.84,5.8277,-0.0123
train,1991-11-17,6.63,6.6646,0.0346
train,1991-11-18,4.4,4.3884,-0.0116
train,1991-11-19,4.874,4.8646,-0.0094
train,1991-11-20,5.18,5.1798,-0.0002
train,1991-11-21,5.208,5.1362,-0.0718
train,1991-11-22,8.062,8.0076,-0.0544
train,1991-11-23,3.83,3.8519,0.0219
train,1991-11-24,6.89,6.9095,0.0195
train,1991-11-25,4.88,4.9101,0.0301
train,1991-11-26,9.53,9.6085,0.0785
train,1991-11-27,5.45,5.3579,-0.0921
train,1991-11-28,10.942,10.8611,-0.0809
train,1991-11-29,5.01,4.9709,-0.0391
train,1991-11-30,4.61,4.6375,0.0275
train,1991-12-01,9.4,9.5328,0.1328
train,1991-12-02,12.25,12.2161,-0.0339
train,1991-12-03,8.754,8.7483,-0.0057
train,1991-12-04,11.76,11.81,0.05
train,1991-12-05,8.77,8.5776,-0.1924
train,1991-12-06,12.6,12.5578,-0.0422
train,1991-12-07,11.21,11.2949,0.0849
train,1991-12-08,13.266,13.1579,-0.1081
train,1991-12-09,4.964,4.9521,-0.0119
train,1991-12-10,9.214,9.2565,0.0425
train,1991-12-11,4.756,4.7102,-0.0458
train,1991-12-12,5.21,5.2561,0.0461
train,1991-12-13,8.12,8.1525,0.0325
train,1991-12-14,12.524,12.6575,0.1335
train,1991-12-15,12.008,12.2196,0.2116
train,1991-12-16,5.99,6.0509,0.0609
train,1991-12-17,6.134,6.0113,-0.1227
train,1991-12-18,4.406,4.3844,-0.0216
train,1991-12-19,6.172,6.1731,0.0011
train,1991-12-20,6.972,6.9439,-0.0281
train,1991-12-21,6.01,6.0505,0.0405
train,1991-12-22,10.27,10.2441,-0.0259
train,1991-12-23,8.158,8.1679,0.0099
train,1991-12-24,8.29,8.2371,-0.0529
train,1991-12-25,12.37,12.4514,0.0814
train,1991-12-26,6.93,6.8218,-0.1082
train,1991-12-27,12.488,12.5002,0.0122
train,1991-12-28,5.16,5.1954,0.0354
train,1991-12-29,10.69,10.6181,-0.0719
train,1991-12-30,13.59,13.5481,-0.0419
train,1991-12-31,11.69,11.5817,-0.1083
train,1992-01-01,14.33,14.1,-0.23
train,1992-01-02,4.43,4.2838,-0.1462
train,1992-01-03,4.456,4.4559,-0.0001
train,1992-01-04,5.5,5.4731,-0.0269
train,1992-01-05,8.34,8.3507,0.0107
train,1992-01-06,8.56,8.5728,0.0128
train,1992-01-07,10.5,10.5513,0.0513
train,1992-01-08,6.104,6.1422,0.0382
train,1992-01-09,11.402,11.4022,0.0002
train,1992-01-10,5.682,5.599,-0.083
train,1992-01-11,13.432,13.4033,-0.0287
train,1992-01-12,10.05,10.1404,0.0904
train,1992-01-13,6.38,6.5395,0.1595
train,1992-01-14,10.14,10.0714,-0.0686
train,1992-01-15,11.21,11.2528,0.0428
train,1992-01-16,5.35,5.3147,-0.0353
train,1992-01-17,9.25,9.08,-0.17
train,1992-01-18,8.784,8.7645,-0.0195
train,1992-01-19,5.38,5.3763,-0.0037
train,1992-01-20,13.09,13.0807,-0.0093
train,1992-01-21,4.73,4.7206,-0.0094
train,1992-01-22,6.876,6.8786,0.0026
train,1992-01-23,7.594,7.5173,-0.0767
train,1992-01-24,5.35,5.3716,0.0216
train,1992-01-25,5.59,5.6401,0.0501
train,1992-01-26,5.33,5.3043,-0.0257
train,1992-01-27,5.18,5.2288,0.0488
train,1992-01-28,6.74,6.6307,-0.1093
train,1992-01-29,12.08,12.1604,0.0804
train,1992-01-30,6.38,6.4114,0.0314
train,1992-01-31,6.888,6.953,0.065
train,1992-02-01,8.142,8.1234,-0.0186
train,1992-02-02,5.946,5.9696,0.0236
train,1992-02-03,11.216,11.3261,0.1101
train,1992-02-04,4.66,4.5987,-0.0613
train,1992-02-05,7.014,6.966,-0.048
train,1992-02-06,5.76,5.8005,0.0405
train,1992-02-07,7.33,7.3315,0.0015
train,1992-02-08,6.27,6.2516,-0.0184
train,1992-02-09,5.65,5.5874,-0.0626
train,1992-02-10,11.57,11.4194,-0.1506
train,1992-02-11,8.11,7.8953,-0.2147
train,1992-02-12,12.498,12.442,-0.056
train,1992-02-13,5.87,5.1876,-0.6824
train,1992-02-14,6.61,6.5888,-0.0212
train,1992-02-15,13.89,13.8417,-0.0483
train,1992-02-16,7.168,7.1608,-0.0072
train,1992-02-17,11.864,11.9036,0.0396
train,1992-02-18,9.91,9.9447,0.0347
train,1992-02-19,11.44,11.3888,-0.0512
train,1992-02-20,4.63,4.9211,0.2911
train,1992-02-21,5.43,5.4431,0.0131
train,1992-02-22,12.35,12.3763,0.0263
train,1992-02-23,4.29,4.2637,-0.0263
train,1992-02-24,5.116,5.1435,0.0275
train,1992-02-25,4.98,4.9976,0.0176
train,1992-02-26,8.33,8.2631,-0.0669
train,1992-02-27,7.92,7.937,0.017
train,1992-02-28,10.798,10.9689,0.1709
train,1992-02-29,5.39,5.3804,-0.0096
train,1992-03-01,12.494,12.4809,-0.0131
train,1992-03-02,12.788,12.6953,-0.0927
train,1992-03-03,8.25,8.2532,0.0032
train,1992-03-04,12.7,12.6624,-0.0376
train,1992-03-05,4.96,4.9646,0.0046
train,1992-03-06,8.95,9.0029,0.0529
train,1992-03-07,5.006,5.0987,0.0927
train,1992-03-08,7.236,7.1759,-0.0601
train,1992-03-09,5.456,5.3762,-0.0798
train,1992-03-10,5.07,5.0712,0.0012
train,1992-03-11,8.392,8.4135,0.0215
train,1992-03-12,8.06,7.9921,-0.0679
train,1992-03-13,3.43,3.462,0.032
train,1992-03-14,4.53,4.4927,-0.0373
train,1992-03-15,6.5,6.4541,-0.0459
train,1992-03-16,6.602,6.6839,0.0819
train,1992-03-17,13.05,13.1149,0.0649
train,1992-03-18,12.1,12.1401,0.0401
train,1992-03-19,11.82,11.7162,-0.1038
train,1992-03-20,7.88,7.8519,-0.0281
train,1992-03-21,5.88,5.8545,-0.0255
train,1992-03-22,11.592,11.5731,-0.0189
train,1992-03-23,6.878,6.8936,0.0156
train,1992-03-24,5.23,5.204,-0.026
train,1992-03-25,11.13,11.1028,-0.0272
train,1992-03-26,6.33,6.3394,0.0094
train,1992-03-27,12.816,12.6735,-0.1425
train,1992-03-28,7.44,7.4349,-0.0051
train,1992-03-29,7.34,7.3909,0.0509
train,1992-03-30,5.77,5.7603,-0.0097
train,1992-03-31,8.88,8.9306,0.0506
train,1992-04-01,8.38,8.4273,0.0473
train,1992-04-02,5.48,5.4687,-0.0113
train,1992-04-03,5.5,5.4543,-0.0457
train,1992-04-04,6.83,6.8862,0.0562
train,1992-04-05,5.85,5.8453,-0.0047
train,1992-04-06,12.67,12.6236,-0.0464
train,1992-04-07,5.78,5.8181,0.0381
train,1992-04-08,4.69,4.6609,-0.0291
train,1992-04-09,5.642,5.6827,0.0407
train,1992-04-10,3.864,3.9114,0.0474
train,1992-04-11,4.17,4.1986,0.0286
train,1992-04-12,5.77,5.7695,-0.0005
train,1992-04-13,10.96,10.9,-0.06
train,1992-04-14,5.67,5.6069,-0.0631
train,1992-04-15,5.97,6.0025,0.0325
train,1992-04-16,6.25,6.2535,0.0035
train,1992-04-17,5.14,5.1227,-0.0173
train,1992-04-18,5.63,5.5504,-0.0796
train,1992-04-19,13.57,13.5256,-0.0444
train,1992-04-20,4.74,4.7832,0.0432
train,1992-04-21,12.45,12.3891,-0.0609
train,1992-04-22,14.282,14.065,-0.217
train,1992-04-23,7.51,7.5459,0.0359
train,1992-04-24,6.012,6.0381,0.0261
train,1992-04-25,6.05,5.9696,-0.0804
train,1992-04-26,9.03,9.0571,0.0271
train,1992-04-27,12.468,12.477,0.009
train,1992-04-28,8.554,8.632,0.078
train,1992-04-29,5.14,5.0848,-0.0552
train,1992-04-30,5.404,5.4084,0.0044
train,1992-05-01,4.67,4.6373,-0.0327
train,1992-05-02,10.388,10.3735,-0.0145
train,1992-05-03,10.1,10.1155,0.0155
train,1992-05-04,4.458,4.4809,0.0229
train,1992-05-05,4.85,4.8313,-0.0187
train,1992-05-06,6.468,6.4158,-0.0522
train,1992-05-07,12.31,12.3368,0.0268
train,1992-05-08,11.74,11.8346,0.0946
train,1992-05-09,7.382,7.3746,-0.0074
train,1992-05-10,5.2,5.2085,0.0085
train,1992-05-11,6.36,6.3145,-0.0455
train,1992-05-12,7.484,7.5435,0.0595
train,1992-05-13,9.82,10.0832,0.2632
train,1992-05-14,7.08,7.0658,-0.0142
train,1992-05-15,5.62,5.651,0.031
train,1992-05-16,6.772,6.7626,-0.0094
train,1992-05-17,5.134,5.1687,0.0347
train,1992-05-18,6.768,6.8552,0.0872
train,1992-05-19,4.92,4.9104,-0.0096
train,1992-05-20,5.14,5.1579,0.0179
train,1992-05-21,12.818,12.7337,-0.0843
train,1992-05-22,4.472,4.4563,-0.0157
train,1992-05-23,8.23,8.3027,0.0727
train,1992-05-24,5.68,5.6953,0.0153
train,1992-05-25,12.09,12.1047,0.0147
train,1992-05-26,10.68,10.6252,-0.0548
train,1992-05-27,5.09,5.1902,0.1002
train,1992-05-28,3.81,3.8148,0.0048
train,1992-05-29,7.792,7.7729,-0.0191
train,1992-05-30,4.59,4.5492,-0.0408
train,1992-05-31,6.582,6.6027,0.0207
train,1992-06-01,11.88,11.6612,-0.2188
train,1992-06-02,4.98,5.0683,0.0883
train,1992-06-03,13.49,13.4809,-0.0091
train,1992-06-04,4.878,4.8645,-0.0135
train,1992-06-05,6.72,6.6697,-0.0503
train,1992-06-06,11.51,11.547,0.037
train,1992-06-07,8.862,8.8373,-0.0247
train,1992-06-08,6.546,6.5241,-0.0219
train,1992-06-09,5.48,5.5067,0.0267
train,1992-06-10,10.17,10.0522,-0.1178
train,1992-06-11,5.97,5.9769,0.0069
train,1992-06-12,7.168,7.126,-0.042
train,1992-06-13,11.48,11.5642,0.0842
train,1992-06-14,4.47,4.4797,0.0097
train,1992-06-15,8.288,8.2098,-0.0782
train,1992-06-16,11.648,11.6737,0.0257
train,1992-06-17,4.53,4.4653,-0.0647
train,1992-06-18,4.67,4.6315,-0.0385
train,1992-06-19,11.73,11.6346,-0.0954
train,1992-06-20,6.77,6.7206,-0.0494
train,1992-06-21,10.77,10.7263,-0.0437
train,1992-06-22,5.11,5.0484,-0.0616
train,1992-06-23,5.68,5.7433,0.0633
train,1992-06-24,12.36,12.3672,0.0072
train,1992-06-25,12.108,11.7036,-0.4044
train,1992-06-26,7.48,7.5045,0.0245
train,1992-06-27,5.14,5.1192,-0.0208
train,1992-06-28,4.8,4.8249,0.0249
train,1992-06-29,5.414,5.4078,-0.0062
train,1992-06-30,13.47,13.4143,-0.0557
train,1992-07-01,11.32,11.3868,0.0668
train,1992-07-02,13.18,13.1609,-0.0191
train,1992-07-03,12.52,12.4544,-0.0656
train,1992-07-04,3.9,3.9527,0.0527
train,1992-07-05,10.822,10.8486,0.0266
train,1992-07-06,7.452,7.4976,0.0456
train,1992-07-07,5.036,5.0224,-0.0136
train,1992-07-08,4.02,4.072,0.052
train,1992-07-09,10.89,10.824,-0.066
train,1992-07-10,5.51,5.4988,-0.0112
train,1992-07-11,4.836,4.8664,0.0304
train,1992-07-12,11.754,11.8149,0.0609
train,1992-07-13,6.71,6.6948,-0.0152
train,1992-07-14,4.71,4.6238,-0.0862
train,1992-07-15,4.59,4.6693,0.0793
train,1992-07-16,5.8,5.7792,-0.0208
train,1992-07-17,4.69,4.623,-0.067
train,1992-07-18,4.802,4.7784,-0.0236
train,1992-07-19,5.378,5.4249,0.0469
train,1992-07-20,6.9,6.8168,-0.0832
train,1992-07-21,4.74,4.7611,0.0211
train,1992-07-22,5.46,5.4808,0.0208
train,1992-07-23,3.39,3.4959,0.1059
train,1992-07-24,5.136,5.1368,0.0008
train,1992-07-25,10.184,10.2497,0.0657
train,1992-07-26,5.11,5.1218,0.0118
train,1992-07-27,6.19,6.2052,0.0152
train,1992-07-28,8.928,8.9498,0.0218
train,1992-07-29,11.95,11.726,-0.224
train,1992-07-30,5.29,5.3872,0.0972
train,1992-07-31,5.29,5.2835,-0.0065
train,1992-08-01,6.358,6.3682,0.0102
train,1992-08-02,4.166,4.3542,0.1882
train,1992-08-03,12.04,12.0798,0.0398
train,1992-08-04,4.58,4.5324,-0.0476
train,1992-08-05,10.36,10.4065,0.0465
train,1992-08-06,12.162,12.2069,0.0449
train,1992-08-07,4.44,4.4404,0.0004
train,1992-08-08,7.56,7.5193,-0.0407
train,1992-08-09,9.38,9.4269,0.0469
train,1992-08-10,7.2,7.1727,-0.0273
train,1992-08-11,11.778,11.7899,0.0119
train,1992-08-12,6.18,6.1949,0.0149
train,1992-08-13,10.97,10.8374,-0.1326
train,1992-08-14,4.71,4.6828,-0.0272
train,1992-08-15,5.56,5.6001,0.0401
train,1992-08-16,11.74,11.7699,0.0299
train,1992-08-17,5.72,5.6634,-0.0566
train,1992-08-18,4.72,4.7044,-0.0156
train,1992-08-19,4.82,4.8238,0.0038
train,1992-08-20,11.83,11.8123,-0.0177
train,1992-08-21,11.79,11.8071,0.0171
train,1992-08-22,4.65,4.6881,0.0381
train,1992-08-23,9.79,9.7547,-0.0353
train,1992-08-24,11.76,11.804,0.044
train,1992-08-25,11.32,11.3504,0.0304
train,1992-08-26,9.4,9.4861,0.0861
train,1992-08-27,10.63,10.7357,0.1057
train,1992-08-28,11.98,12.0421,0.0621
train,1992-08-29,6.48,6.4503,-0.0297
train,1992-08-30,7.73,7.7268,-0.0032
train,1992-08-31,7.78,7.7165,-0.0635
train,1992-09-01,6.224,6.2025,-0.0215
train,1992-09-02,5.52,5.5252,0.0052
train,1992-09-03,5.13,5.1379,0.0079
train,1992-09-04,7.08,7.0463,-0.0337
train,1992-09-05,7.13,7.1093,-0.0207
train,1992-09-06,7.202,7.2051,0.0031
train,1992-09-07,7.282,7.228,-0.054
train,1992-09-08,5.72,5.6982,-0.0218
train,1992-09-09,5.76,5.7798,0.0198
train,1992-09-10,5.1,5.0023,-0.0977
train,1992-09-11,5.13,5.1107,-0.0193
train,1992-09-12,8.072,8.0174,-0.0546
train,1992-09-13,5.65,5.7278,0.0778
train,1992-09-14,5.44,5.4421,0.0021
train,1992-09-15,4.7,4.673,-0.027
train,1992-09-16,4.986,5.0719,0.0859
train,1992-09-17,4.4,4.3077,-0.0923
train,1992-09-18,4.97,5.0086,0.0386
train,1992-09-19,6.22,6.2333,0.0133
train,1992-09-20,4.8,4.8377,0.0377
train,1992-09-21,12.248,12.1472,-0.1008
train,1992-09-22,6.02,6.0641,0.0441
train,1992-09-23,11.79,11.6233,-0.1667
train,1992-09-24,4.778,4.7572,-0.0208
train,1992-09-25,10.62,10.6819,0.0619
train,1992-09-26,5.8,5.7877,-0.0123
train,1992-09-27,10.07,9.8036,-0.2664
train,1992-09-28,5.11,5.2063,0.0963
train,1992-09-29,4.96,4.9857,0.0257
train,1992-09-30,6.89,6.8739,-0.0161
train,1992-10-01,5.57,5.5558,-0.0142
train,1992-10-02,4.696,4.7016,0.0056
train,1992-10-03,5.092,5.0759,-0.0161
train,1992-10-04,4.482,4.4935,0.0115
train,1992-10-05,12.014,11.9261,-0.0879
train,1992-10-06,5.8,5.7884,-0.0116
train,1992-10-07,5.99,5.6925,-0.2975
train,1992-10-08,7.05,7.0596,0.0096
train,1992-10-09,8.9,8.7966,-0.1034
train,1992-10-10,4.45,4.4915,0.0415
train,1992-10-11,12.63,12.6542,0.0242
train,1992-10-12,4.09,4.0998,0.0098
train,1992-10-13,5.63,5.561,-0.069
train,1992-10-14,7.806,7.7099,-0.0961
train,1992-10-15,4.89,4.9163,0.0263
train,1992-10-16,12.63,12.7056,0.0756
train,1992-10-17,7.29,7.2229,-0.0671
train,1992-10-18,7.65,7.6435,-0.0065
train,1992-10-19,5.32,5.3324,0.0124
train,1992-10-20,5.184,5.1465,-0.0375
train,1992-10-21,8.47,8.4323,-0.0377
train,1992-10-22,11.074,11.2268,0.1528
train,1992-10-23,12.4,12.4501,0.0501
train,1992-10-24,5.16,5.1575,-0.0025
train,1992-10-25,5.77,5.8149,0.0449
train,1992-10-26,10.57,10.5174,-0.0526
train,1992-10-27,5.49,5.5891,0.0991
train,1992-10-28,10.3,10.4093,0.1093
train,1992-10-29,9.56,9.5955,0.0355
train,1992-10-30,13.354,13.3717,0.0177
train,1992-10-31,5.3,5.3359,0.0359
train,1992-11-01,12.924,12.813,-0.111
train,1992-11-02,4.87,4.8453,-0.0247
train,1992-11-03,4.848,4.8323,-0.0157
train,1992-11-04,5.14,5.1168,-0.0232
train,1992-11-05,9.16,8.9085,-0.2515
train,1992-11-06,5.42,5.4023,-0.0177
train,1992-11-07,6.092,6.1158,0.0238
train,1992-11-08,6.25,6.2419,-0.0081
train,1992-11-09,5.19,5.1655,-0.0245
train,1992-11-10,6.19,6.1725,-0.0175
train,1992-11-11,12.152,12.3131,0.1611
train,1992-11-12,5.28,5.2844,0.0044
train,1992-11-13,4.57,4.5627,-0.0073
train,1992-11-14,5.89,5.897,0.007
train,1992-11-15,12.61,12.5932,-0.0168
train,1992-11-16,12.32,12.2174,-0.1026
train,1992-11-17,5.864,5.8903,0.0263
train,1992-11-18,13.314,13.3076,-0.0064
train,1992-11-19,4.09,4.0884,-0.0016
train,1992-11-20,12.84,12.8787,0.0387
train,1992-11-21,11.45,11.4455,-0.0045
train,1992-11-22,8.272,8.2924,0.0204
train,1992-11-23,10.342,10.4055,0.0635
train,1992-11-24,7.202,7.2458,0.0438
train,1992-11-25,3.61,3.6611,0.0511
train,1992-11-26,7.696,7.6526,-0.0434
train,1992-11-27,12.5,12.5395,0.0395
train,1992-11-28,4.4,4.4258,0.0258
train,1992-11-29,4.95,4.9895,0.0395
train,1992-11-30,11.34,11.2411,-0.0989
train,1992-12-01,8.65,8.5949,-0.0551
train,1992-12-02,8.9,8.847,-0.053
train,1992-12-03,6.38,6.3733,-0.0067
train,1992-12-04,5.362,5.4014,0.0394
train,1992-12-05,4.69,4.6999,0.0099
train,1992-12-06,6.48,6.4581,-0.0219
train,1992-12-07,12.26,12.2483,-0.0117
train,1992-12-08,13.11,13.048,-0.062
train,1992-12-09,4.782,4.8197,0.0377
train,1992-12-10,12.662,12.6547,-0.0073
train,1992-12-11,12.28,12.0261,-0.2539
train,1992-12-12,13.68,13.6184,-0.0616
train,1992-12-13,5.16,5.1575,-0.0025
train,1992-12-14,11.64,11.5811,-0.0589
train,1992-12-15,11.086,11.0616,-0.0244
train,1992-12-16,6.65,6.6099,-0.0401
train,1992-12-17,7.328,7.2666,-0.0614
train,1992-12-18,4.9,4.9103,0.0103
train,1992-12-19,4.65,4.6832,0.0332
train,1992-12-20,3.77,3.8623,0.0923
train,1992-12-21,4.46,4.5381,0.0781
train,1992-12-22,5.356,5.4027,0.0467
train,1992-12-23,10.26,10.237,-0.023
train,1992-12-24,12.64,12.7082,0.0682
train,1992-12-25,9.31,9.2053,-0.1047
train,1992-12-26,5.36,5.3988,0.0388
train,1992-12-27,6.238,6.2252,-0.0128
train,1992-12-28,12.82,12.7648,-0.0552
train,1992-12-29,12.388,12.3446,-0.0434
train,1992-12-30,8.508,8.5324,0.0244
train,1992-12-31,4.858,4.8453,-0.0127
train,1993-01-01,12.258,12.4753,0.2173
train,1993-01-02,5.778,5.8674,0.0894
train,1993-01-03,12.724,12.5696,-0.1544
train,1993-01-04,5.73,5.6936,-0.0364
train,1993-01-05,12.06,12.0961,0.0361
train,1993-01-06,6.98,7.0082,0.0282
train,1993-01-07,4.528,4.5659,0.0379
train,1993-01-08,5.46,5.4056,-0.0544
train,1993-01-09,8.972,8.9774,0.0054
train,1993-01-10,7.004,7.0094,0.0054
train,1993-01-11,11.688,11.7298,0.0418
train,1993-01-12,6.97,7.0138,0.0438
train,1993-01-13,12.878,12.8718,-0.0062
train,1993-01-14,5.36,5.3456,-0.0144
train,1993-01-15,6.55,6.5762,0.0262
train,1993-01-16,11.226,11.1591,-0.0669
train,1993-01-17,5.292,5.1164,-0.1756
train,1993-01-18,13.6,13.5923,-0.0077
train,1993-01-19,12.83,12.7722,-0.0578
train,1993-01-20,11.03,11.1497,0.1197
train,1993-01-21,12.45,12.5076,0.0576
train,1993-01-22,13.064,13.0943,0.0303
train,1993-01-23,8.17,8.3686,0.1986
train,1993-01-24,13.39,13.3124,-0.0776
train,1993-01-25,7.716,7.7405,0.0245
train,1993-01-26,11.248,11.2193,-0.0287
train,1993-01-27,8.55,8.5481,-0.0019
train,1993-01-28,4.49,4.494,0.004
train,1993-01-29,5.61,5.6699,0.0599
train,1993-01-30,8.848,8.8378,-0.0102
train,1993-01-31,8.99,9.0072,0.0172
train,1993-02-01,5.466,5.2194,-0.2466
train,1993-02-02,7.19,7.2718,0.0818
train,1993-02-03,6.69,6.8102,0.1202
train,1993-02-04,11.33,11.2956,-0.0344
train,1993-02-05,4.11,4.1737,0.0637
train,1993-02-06,5.02,5.045,0.025
train,1993-02-07,9.152,9.2235,0.0715
train,1993-02-08,6.39,6.4502,0.0602
train,1993-02-09,8.23,8.3084,0.0784
train,1993-02-10,4.82,4.8602,0.0402
train,1993-02-11,4.58,4.703,0.123
train,1993-02-12,12.83,12.7659,-0.0641
train,1993-02-13,11.96,11.9555,-0.0045
train,1993-02-14,12.15,12.209,0.059
train,1993-02-15,11.67,11.6333,-0.0367
train,1993-02-16,4.86,4.8398,-0.0202
train,1993-02-17,11.33,11.3249,-0.0051
train,1993-02-18,7.196,7.3154,0.1194
train,1993-02-19,5.11,5.1391,0.0291
train,1993-02-20,11.87,11.7409,-0.1291
train,1993-02-21,6.688,6.7541,0.0661
train,1993-02-22,9.56,9.578,0.018
train,1993-02-23,13.36,13.4589,0.0989
train,1993-02-24,4.708,4.7723,0.0643
train,1993-02-25,5.15,4.9863,-0.1637
train,1993-02-26,7.302,7.3077,0.0057
train,1993-02-27,12.77,12.6784,-0.0916
train,1993-02-28,6.55,6.542,-0.008
train,1993-03-01,10.366,10.3033,-0.0627
train,1993-03-02,7.95,7.703,-0.247
train,1993-03-03,9.88,9.8484,-0.0316
train,1993-03-04,5.434,5.491,0.057
train,1993-03-05,6.22,6.2816,0.0616
train,1993-03-06,5.25,5.1947,-0.0553
train,1993-03-07,11.606,11.5349,-0.0711
train,1993-03-08,4.4,4.5002,0.1002
train,1993-03-09,13.082,13.148,0.066
train,1993-03-10,4.87,4.8763,0.0063
train,1993-03-11,3.7,3.7843,0.0843
train,1993-03-12,11.348,11.3796,0.0316
train,1993-03-13,5.362,5.275,-0.087
train,1993-03-14,7.74,7.783,0.043
train,1993-03-15,9.89,10.0079,0.1179
train,1993-03-16,4.806,4.7995,-0.0065
train,1993-03-17,5.55,5.5348,-0.0152
train,1993-03-18,7.53,7.6298,0.0998
train,1993-03-19,4.98,4.9993,0.0193
train,1993-03-20,13.396,13.3907,-0.0053
train,1993-03-21,5.73,5.7188,-0.0112
train,1993-03-22,8.998,9.0183,0.0203
train,1993-03-23,12.626,12.609,-0.017
train,1993-03-24,7.782,7.5777,-0.2043
train,1993-03-25,6.78,6.7497,-0.0303
train,1993-03-26,5.36,5.357,-0.003
train,1993-03-27,12.478,12.5703,0.0923
train,1993-03-28,8.64,8.6955,0.0555
train,1993-03-29,13.57,13.6208,0.0508
train,1993-03-30,10.208,10.178,-0.03
train,1993-03-31,12.16,12.2954,0.1354
train,1993-04-01,6.028,6.1011,0.0731
train,1993-04-02,6.82,6.7906,-0.0294
train,1993-04-03,5.95,5.9456,-0.0044
train,1993-04-04,8.15,8.0935,-0.0565
train,1993-04-05,5.18,5.1304,-0.0496
train,1993-04-06,4.59,4.5779,-0.0121
train,1993-04-07,5.13,5.1215,-0.0085
train,1993-04-08,11.794,11.9626,0.1686
train,1993-04-09,12.87,12.8837,0.0137
train,1993-04-10,6.62,6.6224,0.0024
train,1993-04-11,11.18,11.1904,0.0104
train,1993-04-12,5.236,5.2568,0.0208
train,1993-04-13,6.18,6.1929,0.0129
train,1993-04-14,8.67,8.5623,-0.1077
train,1993-04-15,12.54,12.6176,0.0776
train,1993-04-16,12.46,12.4855,0.0255
train,1993-04-17,11.26,11.2426,-0.0174
train,1993-04-18,10.81,10.7489,-0.0611
train,1993-04-19,5.184,5.2849,0.1009
train,1993-04-20,4.48,4.4862,0.0062
train,1993-04-21,6.64,6.5961,-0.0439
train,1993-04-22,11.472,11.6484,0.1764
train,1993-04-23,7.68,7.8331,0.1531
train,1993-04-24,8.132,8.1155,-0.0165
train,1993-04-25,12.07,11.95,-0.12
train,1993-04-26,5.03,5.0179,-0.0121
train,1993-04-27,3.67,3.745,0.075
train,1993-04-28,6.98,7.0861,0.1061
train,1993-04-29,5.8,5.8793,0.0793
train,1993-04-30,12.4,12.4365,0.0365
train,1993-05-01,5.282,5.3199,0.0379
train,1993-05-02,8.62,8.6484,0.0284
train,1993-05-03,7.75,7.6961,-0.0539
train,1993-05-04,12.7,12.7432,0.0432
train,1993-05-05,5.172,5.1646,-0.0074
train,1993-05-06,12.252,12.3041,0.0521
train,1993-05-07,13.71,13.6354,-0.0746
train,1993-05-08,12.86,12.7892,-0.0708
train,1993-05-09,13.58,13.5609,-0.0191
train,1993-05-10,11.99,11.939,-0.051
train,1993-05-11,12.54,12.4454,-0.0946
train,1993-05-12,12.566,12.5603,-0.0057
train,1993-05-13,9.77,9.7644,-0.0056
train,1993-05-14,9.346,9.4104,0.0644
train,1993-05-15,7.62,7.649,0.029
train,1993-05-16,5.4,5.3809,-0.0191
train,1993-05-17,5.63,5.2995,-0.3305
train,1993-05-18,12.62,12.5592,-0.0608
train,1993-05-19,4.44,4.3984,-0.0416
train,1993-05-20,10.12,10.1488,0.0288
train,1993-05-21,11.47,11.5079,0.0379
train,1993-05-22,5.048,4.9845,-0.0635
train,1993-05-23,3.51,3.61,0.1
train,1993-05-24,5.35,5.3884,0.0384
train,1993-05-25,10.32,10.2541,-0.0659
train,1993-05-26,12.392,12.3353,-0.0567
train,1993-05-27,7.58,7.5442,-0.0358
train,1993-05-28,5.172,5.2293,0.0573
train,1993-05-29,10.21,10.2306,0.0206
train,1993-05-30,5.54,5.5521,0.0121
train,1993-05-31,6.216,6.2447,0.0287
train,1993-06-01,10.7,10.6733,-0.0267
train,1993-06-02,4.77,4.8012,0.0312
train,1993-06-03,5.71,5.7548,0.0448
train,1993-06-04,10.64,10.6668,0.0268
train,1993-06-05,8.456,8.5583,0.1023
train,1993-06-06,4.42,4.415,-0.005
train,1993-06-07,11.92,11.9318,0.0118
train,1993-06-08,5.56,5.5087,-0.0513
train,1993-06-09,9.56,9.5844,0.0244
train,1993-06-10,4.66,4.6614,0.0014
train,1993-06-11,4.77,4.6578,-0.1122
train,1993-06-12,7.078,6.971,-0.107
train,1993-06-13,10.27,10.3457,0.0757
train,1993-06-14,8.99,8.9753,-0.0147
train,1993-06-15,11.8,11.817,0.017
train,1993-06-16,6.04,6.1234,0.0834
train,1993-06-17,10.27,10.2322,-0.0378
train,1993-06-18,4.82,4.8892,0.0692
train,1993-06-19,6.28,6.2863,0.0063
train,1993-06-20,12.56,12.533,-0.027
train,1993-06-21,11.004,11.0534,0.0494
train,1993-06-22,4.82,4.8078,-0.0122
train,1993-06-23,5.22,5.2297,0.0097
train,1993-06-24,4.728,4.7819,0.0539
train,1993-06-25,5.62,5.5599,-0.0601
train,1993-06-26,12.158,12.1661,0.0081
train,1993-06-27,4.56,4.3938,-0.1662
train,1993-06-28,4.81,4.8436,0.0336
train,1993-06-29,4.43,4.4389,0.0089
train,1993-06-30,12.128,12.1031,-0.0249
train,1993-07-01,9.02,8.9319,-0.0881
train,1993-07-02,11.7,11.7482,0.0482
train,1993-07-03,4.672,4.7624,0.0904
train,1993-07-04,12.36,12.1395,-0.2205
train,1993-07-05,5.39,5.3352,-0.0548
train,1993-07-06,5.92,5.9426,0.0226
train,1993-07-07,8.282,8.2614,-0.0206
train,1993-07-08,4.91,4.897,-0.013
train,1993-07-09,11.482,11.4681,-0.0139
train,1993-07-10,10.49,10.5371,0.0471
train,1993-07-11,8.19,8.2893,0.0993
train,1993-07-12,10.61,10.575,-0.035
train,1993-07-13,13.21,13.1305,-0.0795
train,1993-07-14,4.73,4.6862,-0.0438
train,1993-07-15,13.71,13.7013,-0.0087
train,1993-07-16,11.75,11.6869,-0.0631
train,1993-07-17,11.46,11.5338,0.0738
train,1993-07-18,13.72,13.6295,-0.0905
train,1993-07-19,5.03,5.0051,-0.0249
train,1993-07-20,8.19,8.1664,-0.0236
train,1993-07-21,6.152,6.1488,-0.0032
train,1993-07-22,4.982,4.9037,-0.0783
train,1993-07-23,4.074,4.1339,0.0599
train,1993-07-24,5.51,5.611,0.101
train,1993-07-25,6.818,6.8907,0.0727
train,1993-07-26,10.848,10.8655,0.0175
train,1993-07-27,5.79,5.755,-0.035
train,1993-07-28,12.726,12.6131,-0.1129
train,1993-07-29,8.18,8.3882,0.2082
train,1993-07-30,13.24,13.4241,0.1841
train,1993-07-31,9.76,9.7163,-0.0437
train,1993-08-01,11.02,10.9754,-0.0446
train,1993-08-02,3.62,3.6822,0.0622
train,1993-08-03,7.732,7.7379,0.0059
train,1993-08-04,8.092,8.1309,0.0389
train,1993-08-05,5.16,5.2036,0.0436
train,1993-08-06,6.17,6.1266,-0.0434
train,1993-08-07,7.93,7.9041,-0.0259
train,1993-08-08,4.842,4.7525,-0.0895
train,1993-08-09,9.51,9.4659,-0.0441
train,1993-08-10,11.69,11.5147,-0.1753
train,1993-08-11,5.32,5.4518,0.1318
train,1993-08-12,7.4,7.4828,0.0828
train,1993-08-13,7.33,7.3373,0.0073
train,1993-08-14,5.92,5.9301,0.0101
train,1993-08-15,13.06,13.0235,-0.0365
train,1993-08-16,8.496,8.6314,0.1354
train,1993-08-17,5.908,5.9297,0.0217
train,1993-08-18,5.02,5.1231,0.1031
train,1993-08-19,4.548,4.5933,0.0453
train,1993-08-20,7.46,7.6489,0.1889
train,1993-08-21,11.95,11.8744,-0.0756
train,1993-08-22,13.48,13.3992,-0.0808
train,1993-08-23,4.056,4.0824,0.0264
train,1993-08-24,4.21,4.228,0.018
train,1993-08-25,8.96,8.817,-0.143
train,1993-08-26,7.83,7.8577,0.0277
train,1993-08-27,5.21,5.2391,0.0291
train,1993-08-28,9.43,9.422,-0.008
train,1993-08-29,5.066,5.2123,0.1463
train,1993-08-30,5.29,5.3347,0.0447
train,1993-08-31,7.74,7.6557,-0.0843
train,1993-09-01,5.14,5.1338,-0.0062
train,1993-09-02,4.93,4.9038,-0.0262
train,1993-09-03,8.26,8.266,0.006
train,1993-09-04,8.32,8.3652,0.0452
train,1993-09-05,6.91,6.8405,-0.0695
train,1993-09-06,5.02,5.0442,0.0242
train,1993-09-07,12.6,12.667,0.067
train,1993-09-08,10.36,10.5279,0.1679
train,1993-09-09,5.28,5.2681,-0.0119
train,1993-09-10,4.916,4.8972,-0.0188
train,1993-09-11,8.89,8.8324,-0.0576
train,1993-09-12,11.9,12.0142,0.1142
train,1993-09-13,4.74,4.6914,-0.0486
train,1993-09-14,12.25,12.1378,-0.1122
train,1993-09-15,4.56,4.5161,-0.0439
train,1993-09-16,7.78,7.7575,-0.0225
train,1993-09-17,6.508,6.5834,0.0754
train,1993-09-18,4.642,4.6516,0.0096
train,1993-09-19,4.22,4.2354,0.0154
train,1993-09-20,5.84,5.8709,0.0309
train,1993-09-21,12.99,12.9814,-0.0086
train,1993-09-22,5.01,5.0065,-0.0035
train,1993-09-23,10.87,10.9223,0.0523
train,1993-09-24,4.56,4.5929,0.0329
train,1993-09-25,4.06,4.0627,0.0027
train,1993-09-26,8.0,7.9802,-0.0198
train,1993-09-27,4.788,4.8627,0.0747
train,1993-09-28,4.09,4.1447,0.0547
train,1993-09-29,5.2,5.194,-0.006
train,1993-09-30,9.86,9.8136,-0.0464
train,1993-10-01,5.15,5.115,-0.035
train,1993-10-02,5.42,5.4718,0.0518
train,1993-10-03,6.72,6.7094,-0.0106
train,1993-10-04,12.33,12.369,0.039
train,1993-10-05,5.72,5.706,-0.014
train,1993-10-06,5.014,5.0835,0.0695
train,1993-10-07,11.29,11.2051,-0.0849
train,1993-10-08,11.408,11.4144,0.0064
train,1993-10-09,5.248,5.2448,-0.0032
train,1993-10-10,6.33,6.2825,-0.0475
train,1993-10-11,5.24,5.2232,-0.0168
train,1993-10-12,12.302,12.1992,-0.1028
train,1993-10-13,9.9,9.9771,0.0771
train,1993-10-14,11.98,11.9998,0.0198
train,1993-10-15,8.19,8.2178,0.0278
train,1993-10-16,4.73,4.7125,-0.0175
train,1993-10-17,10.76,10.8932,0.1332
train,1993-10-18,5.96,5.9846,0.0246
train,1993-10-19,8.26,8.3053,0.0453
train,1993-10-20,11.37,11.3796,0.0096
train,1993-10-21,4.39,4.363,-0.027
train,1993-10-22,13.178,13.1873,0.0093
train,1993-10-23,10.46,10.4889,0.0289
train,1993-10-24,8.19,8.2311,0.0411
train,1993-10-25,5.068,5.0966,0.0286
train,1993-10-26,8.73,8.6733,-0.0567
train,1993-10-27,7.58,7.4359,-0.1441
train,1993-10-28,7.57,7.5882,0.0182
train,1993-10-29,3.87,3.9151,0.0451
train,1993-10-30,5.42,5.4027,-0.0173
train,1993-10-31,5.32,5.324,0.004
train,1993-11-01,7.11,7.1011,-0.0089
train,1993-11-02,4.692,4.7288,0.0368
train,1993-11-03,5.57,5.6077,0.0377
train,1993-11-04,11.86,11.9022,0.0422
train,1993-11-05,7.45,7.4494,-0.0006
train,1993-11-06,7.2,7.2025,0.0025
train,1993-11-07,13.246,13.2994,0.0534
train,1993-11-08,6.552,6.5826,0.0306
train,1993-11-09,11.688,11.6342,-0.0538
train,1993-11-10,6.56,6.5662,0.0062
train,1993-11-11,7.29,7.2012,-0.0888
train,1993-11-12,5.15,5.1329,-0.0171
train,1993-11-13,7.86,7.9141,0.0541
train,1993-11-14,4.92,4.8042,-0.1158
train,1993-11-15,4.42,4.4867,0.0667
train,1993-11-16,4.59,4.5442,-0.0458
train,1993-11-17,5.11,5.1172,0.0072
train,1993-11-18,10.4,10.1836,-0.2164
train,1993-11-19,11.188,11.1449,-0.0431
train,1993-11-20,4.21,4.261,0.051
train,1993-11-21,4.996,4.9843,-0.0117
train,1993-11-22,6.83,6.8049,-0.0251
train,1993-11-23,10.868,10.7695,-0.0985
train,1993-11-24,13.72,13.5693,-0.1507
train,1993-11-25,12.34,12.3069,-0.0331
train,1993-11-26,11.36,11.2177,-0.1423
train,1993-11-27,9.236,9.0208,-0.2152
train,1993-11-28,4.426,4.453,0.027
train,1993-11-29,13.3,13.2093,-0.0907
train,1993-11-30,6.62,6.6041,-0.0159
train,1993-12-01,5.8,5.7099,-0.0901
train,1993-12-02,5.39,5.3363,-0.0537
train,1993-12-03,6.02,6.0186,-0.0014
train,1993-12-04,11.006,11.1187,0.1127
train,1993-12-05,4.726,4.6797,-0.0463
train,1993-12-06,8.44,8.5008,0.0608
train,1993-12-07,9.08,9.1296,0.0496
train,1993-12-08,11.82,11.8323,0.0123
train,1993-12-09,5.83,5.8116,-0.0184
train,1993-12-10,12.97,12.8858,-0.0842
train,1993-12-11,6.56,6.573,0.013
train,1993-12-12,10.77,10.465,-0.305
train,1993-12-13,12.91,13.0572,0.1472
train,1993-12-14,9.8,9.6276,-0.1724
train,1993-12-15,5.82,5.8532,0.0332
train,1993-12-16,5.28,5.2599,-0.0201
train,1993-12-17,5.34,5.4126,0.0726
train,1993-12-18,7.06,7.1253,0.0653
train,1993-12-19,4.14,4.2089,0.0689
train,1993-12-20,5.3,5.3029,0.0029
train,1993-12-21,4.766,4.9593,0.1933
train,1993-12-22,5.936,5.9438,0.0078
train,1993-12-23,4.02,4.0817,0.0617
train,1993-12-24,5.8,5.8268,0.0268
train,1993-12-25,4.318,4.3481,0.0301
train,1993-12-26,11.19,11.3626,0.1726
train,1993-12-27,3.938,4.0925,0.1545
train,1993-12-28,8.998,9.0105,0.0125
train,1993-12-29,12.73,12.7344,0.0044
train,1993-12-30,10.896,10.9489,0.0529
train,1993-12-31,6.01,6.0158,0.0058
train,1994-01-01,11.83,11.9043,0.0743
train,1994-01-02,12.346,12.2382,-0.1078
train,1994-01-03,13.79,13.7512,-0.0388
train,1994-01-04,12.87,12.8761,0.0061
train,1994-01-05,4.22,4.1847,-0.0353
train,1994-01-06,5.31,5.3332,0.0232
train,1994-01-07,4.562,4.5544,-0.0076
train,1994-01-08,4.63,4.6099,-0.0201
train,1994-01-09,5.5,5.4835,-0.0165
train,1994-01-10,13.37,13.382,0.012
train,1994-01-11,7.25,7.2065,-0.0435
train,1994-01-12,5.92,6.0033,0.0833
train,1994-01-13,12.42,12.4338,0.0138
train,1994-01-14,11.89,12.0743,0.1843
train,1994-01-15,6.23,6.2059,-0.0241
train,1994-01-16,5.27,5.1113,-0.1587
train,1994-01-17,6.506,6.5118,0.0058
train,1994-01-18,5.948,6.036,0.088
train,1994-01-19,12.19,12.2349,0.0449
train,1994-01-20,11.79,11.924,0.134
train,1994-01-21,8.5,8.4488,-0.0512
train,1994-01-22,12.436,12.5071,0.0711
train,1994-01-23,5.052,5.1324,0.0804
train,1994-01-24,5.802,5.8019,-0.0001
train,1994-01-25,8.2,8.1139,-0.0861
train,1994-01-26,11.066,11.2226,0.1566
train,1994-01-27,5.944,5.8919,-0.0521
train,1994-01-28,11.85,11.9491,0.0991
train,1994-01-29,7.62,7.6024,-0.0176
train,1994-01-30,5.91,5.9077,-0.0023
train,1994-01-31,10.842,10.6719,-0.1701
train,1994-02-01,4.434,4.4296,-0.0044
train,1994-02-02,5.39,5.3779,-0.0121
train,1994-02-03,4.65,4.6862,0.0362
train,1994-02-04,14.212,14.0639,-0.1481
train,1994-02-05,6.614,6.6333,0.0193
train,1994-02-06,6.51,6.4716,-0.0384
train,1994-02-07,7.34,7.1602,-0.1798
train,1994-02-08,11.42,11.5724,0.1524
train,1994-02-09,3.6,3.6378,0.0378
train,1994-02-10,6.54,6.5009,-0.0391
train,1994-02-11,5.81,5.7522,-0.0578
train,1994-02-12,4.38,4.3244,-0.0556
train,1994-02-13,12.48,12.4563,-0.0237
train,1994-02-14,7.18,7.1225,-0.0575
train,1994-02-15,10.17,10.1193,-0.0507
train,1994-02-16,6.17,6.0347,-0.1353
train,1994-02-17,8.35,8.2387,-0.1113
train,1994-02-18,5.62,5.609,-0.011
train,1994-02-19,4.19,4.1894,-0.0006
train,1994-02-20,12.85,12.8331,-0.0169
train,1994-02-21,4.74,4.679,-0.061
train,1994-02-22,5.01,5.0396,0.0296
train,1994-02-23,13.5,13.4726,-0.0274
train,1994-02-24,6.53,6.5247,-0.0053
train,1994-02-25,7.738,7.7424,0.0044
train,1994-02-26,6.658,6.6912,0.0332
train,1994-02-27,10.21,10.1345,-0.0755
train,1994-02-28,11.826,11.862,0.036
train,1994-03-01,9.37,9.3353,-0.0347
train,1994-03-02,5.258,5.1782,-0.0798
train,1994-03-03,11.91,11.9234,0.0134
train,1994-03-04,9.7,9.6832,-0.0168
train,1994-03-05,9.18,9.1853,0.0053
train,1994-03-06,3.93,4.0181,0.0881
train,1994-03-07,12.554,12.5326,-0.0214
train,1994-03-08,5.84,5.8564,0.0164
train,1994-03-09,7.41,7.3967,-0.0133
train,1994-03-10,5.98,5.9354,-0.0446
train,1994-03-11,4.93,4.9736,0.0436
train,1994-03-12,7.44,7.4645,0.0245
train,1994-03-13,12.77,12.7054,-0.0646
train,1994-03-14,4.4,4.3257,-0.0743
train,1994-03-15,8.2,8.0567,-0.1433
train,1994-03-16,9.28,9.2822,0.0022
train,1994-03-17,4.816,4.8259,0.0099
train,1994-03-18,6.32,6.322,0.002
train,1994-03-19,5.25,5.1468,-0.1032
train,1994-03-20,5.88,5.7983,-0.0817
train,1994-03-21,4.06,4.0366,-0.0234
train,1994-03-22,5.562,5.5326,-0.0294
train,1994-03-23,5.34,5.3494,0.0094
train,1994-03-24,9.66,9.6459,-0.0141
train,1994-03-25,7.39,7.4279,0.0379
train,1994-03-26,12.0,12.0214,0.0214
train,1994-03-27,12.87,12.9582,0.0882
train,1994-03-28,12.48,12.468,-0.012
train,1994-03-29,6.08,6.1071,0.0271
train,1994-03-30,11.63,11.757,0.127
train,1994-03-31,5.8,5.8984,0.0984
train,1994-04-01,6.35,6.3523,0.0023
train,1994-04-02,5.2,5.2293,0.0293
train,1994-04-03,12.39,12.4018,0.0118
train,1994-04-04,5.39,5.41,0.02
train,1994-04-05,10.73,10.7105,-0.0195
train,1994-04-06,12.81,12.6243,-0.1857
train,1994-04-07,12.37,12.4103,0.0403
train,1994-04-08,11.19,11.2391,0.0491
train,1994-04-09,5.42,5.5292,0.1092
train,1994-04-10,6.81,6.8311,0.0211
train,1994-04-11,4.5,4.5186,0.0186
train,1994-04-12,5.01,5.0116,0.0016
train,1994-04-13,5.726,5.6587,-0.0673
train,1994-04-14,5.14,5.1034,-0.0366
train,1994-04-15,4.976,5.0035,0.0275
train,1994-04-16,5.69,5.7501,0.0601
train,1994-04-17,4.99,5.0411,0.0511
train,1994-04-18,11.0,10.9027,-0.0973
train,1994-04-19,5.47,5.4311,-0.0389
train,1994-04-20,4.9,4.8521,-0.0479
train,1994-04-21,6.892,6.8812,-0.0108
train,1994-04-22,11.684,11.7769,0.0929
train,1994-04-23,4.418,4.4691,0.0511
train,1994-04-24,7.27,7.2637,-0.0063
train,1994-04-25,5.85,5.7386,-0.1114
train,1994-04-26,6.31,6.2978,-0.0122
train,1994-04-27,6.67,6.7196,0.0496
train,1994-04-28,4.454,4.4601,0.0061
train,1994-04-29,8.02,7.9956,-0.0244
train,1994-04-30,5.78,5.7802,0.0002
train,1994-05-01,12.4,12.4563,0.0563
train,1994-05-02,8.114,8.1152,0.0012
train,1994-05-03,5.22,5.2388,0.0188
train,1994-05-04,6.39,6.3396,-0.0504
train,1994-05-05,4.9,4.8742,-0.0258
train,1994-05-06,8.324,8.2709,-0.0531
train,1994-05-07,4.1,4.1128,0.0128
train,1994-05-08,11.77,11.7814,0.0114
train,1994-05-09,5.43,5.3139,-0.1161
train,1994-05-10,6.75,6.7279,-0.0221
train,1994-05-11,7.44,7.4567,0.0167
train,1994-05-12,7.46,7.4582,-0.0018
train,1994-05-13,5.882,5.9162,0.0342
train,1994-05-14,13.64,13.7282,0.0882
train,1994-05-15,7.01,7.009,-0.001
train,1994-05-16,3.99,3.985,-0.005
train,1994-05-17,7.578,7.8791,0.3011
train,1994-05-18,5.642,5.7325,0.0905
train,1994-05-19,5.692,5.6909,-0.0011
train,1994-05-20,6.272,6.302,0.03
train,1994-05-21,12.36,12.2583,-0.1017
train,1994-05-22,13.88,13.8489,-0.0311
train,1994-05-23,12.61,12.7315,0.1215
train,1994-05-24,12.482,12.374,-0.108
train,1994-05-25,12.76,12.8206,0.0606
train,1994-05-26,11.348,11.3176,-0.0304
train,1994-05-27,5.19,5.2041,0.0141
train,1994-05-28,4.894,4.8553,-0.0387
train,1994-05-29,12.67,12.5445,-0.1255
train,1994-05-30,9.058,9.1608,0.1028
train,1994-05-31,5.68,5.6461,-0.0339
train,1994-06-01,4.13,4.2137,0.0837
train,1994-06-02,6.246,6.2556,0.0096
train,1994-06-03,6.26,6.269,0.009
train,1994-06-04,5.244,5.2253,-0.0187
train,1994-06-05,10.888,10.6958,-0.1922
train,1994-06-06,12.61,12.5324,-0.0776
train,1994-06-07,5.78,5.7677,-0.0123
train,1994-06-08,5.26,5.185,-0.075
train,1994-06-09,7.29,7.2917,0.0017
train,1994-06-10,7.838,7.7248,-0.1132
train,1994-06-11,8.11,8.1263,0.0163
train,1994-06-12,9.68,9.719,0.039
train,1994-06-13,10.452,10.4359,-0.0161
train,1994-06-14,11.48,11.4494,-0.0306
train,1994-06-15,4.64,4.6461,0.0061
train,1994-06-16,9.466,9.3827,-0.0833
train,1994-06-17,5.31,5.3158,0.0058
train,1994-06-18,5.41,5.5728,0.1628
train,1994-06-19,5.59,5.5703,-0.0197
train,1994-06-20,5.5,5.5388,0.0388
train,1994-06-21,5.69,5.7394,0.0494
train,1994-06-22,7.09,7.0876,-0.0024
train,1994-06-23,3.99,4.055,0.065
train,1994-06-24,4.3,4.4202,0.1202
train,1994-06-25,7.514,7.5558,0.0418
train,1994-06-26,6.67,6.714,0.044
train,1994-06-27,13.01,12.9932,-0.0168
train,1994-06-28,6.67,6.567,-0.103
train,1994-06-29,6.22,6.2698,0.0498
train,1994-06-30,8.622,8.5572,-0.0648
train,1994-07-01,5.378,5.3406,-0.0374
train,1994-07-02,4.71,4.7857,0.0757
train,1994-07-03,6.226,6.2515,0.0255
train,1994-07-04,12.118,11.7054,-0.4126
train,1994-07-05,9.59,9.5789,-0.0111
train,1994-07-06,5.81,5.7573,-0.0527
train,1994-07-07,8.932,8.8761,-0.0559
train,1994-07-08,7.69,7.6936,0.0036
train,1994-07-09,10.356,10.4427,0.0867
train,1994-07-10,5.91,5.7827,-0.1273
train,1994-07-11,5.036,5.0732,0.0372
train,1994-07-12,4.76,4.7871,0.0271
train,1994-07-13,11.85,11.9518,0.1018
train,1994-07-14,5.54,5.5383,-0.0017
train,1994-07-15,9.79,9.8109,0.0209
train,1994-07-16,10.43,10.506,0.076
train,1994-07-17,7.612,7.6737,0.0617
train,1994-07-18,13.09,13.1246,0.0346
train,1994-07-19,5.61,5.5782,-0.0318
train,1994-07-20,5.37,5.4593,0.0893
train,1994-07-21,11.96,11.8356,-0.1244
train,1994-07-22,4.17,4.2341,0.0641
train,1994-07-23,4.16,4.2353,0.0753
train,1994-07-24,5.01,5.0387,0.0287
train,1994-07-25,9.214,9.261,0.047
train,1994-07-26,4.99,5.021,0.031
train,1994-07-27,11.518,11.5676,0.0496
train,1994-07-28,10.09,10.1426,0.0526
train,1994-07-29,5.408,5.5613,0.1533
train,1994-07-30,6.522,6.585,0.063
train,1994-07-31,8.08,8.0925,0.0125
train,1994-08-01,6.43,6.4427,0.0127
train,1994-08-02,5.7,5.7328,0.0328
train,1994-08-03,12.42,12.5216,0.1016
train,1994-08-04,8.99,8.9934,0.0034
train,1994-08-05,8.17,8.194,0.024
train,1994-08-06,5.77,5.9441,0.1741
train,1994-08-07,5.08,5.0616,-0.0184
train,1994-08-08,5.78,5.7436,-0.0364
train,1994-08-09,6.03,6.0559,0.0259
train,1994-08-10,9.81,9.6533,-0.1567
train,1994-08-11,6.142,6.1897,0.0477
train,1994-08-12,5.504,5.5642,0.0602
train,1994-08-13,11.12,11.0489,-0.0711
train,1994-08-14,7.43,7.3489,-0.0811
train,1994-08-15,10.86,10.9026,0.0426
train,1994-08-16,8.89,8.9546,0.0646
train,1994-08-17,12.78,12.8263,0.0463
train,1994-08-18,12.82,12.9079,0.0879
train,1994-08-19,3.99,3.9618,-0.0282
train,1994-08-20,5.69,5.7797,0.0897
train,1994-08-21,4.722,4.791,0.069
train,1994-08-22,7.11,7.1368,0.0268
train,1994-08-23,12.238,12.2746,0.0366
train,1994-08-24,9.23,9.1268,-0.1032
train,1994-08-25,7.58,7.619,0.039
train,1994-08-26,12.602,12.5844,-0.0176
train,1994-08-27,7.63,7.6286,-0.0014
train,1994-08-28,12.73,12.5769,-0.1531
train,1994-08-29,5.16,5.1618,0.0018
train,1994-08-30,5.248,5.2158,-0.0322
train,1994-08-31,9.17,9.1883,0.0183
train,1994-09-01,10.19,10.1431,-0.0469
train,1994-09-02,12.036,12.1039,0.0679
train,1994-09-03,9.07,9.0296,-0.0404
train,1994-09-04,5.72,5.74,0.02
train,1994-09-05,7.63,7.559,-0.071
train,1994-09-06,12.718,12.6611,-0.0569
train,1994-09-07,12.99,12.9368,-0.0532
train,1994-09-08,12.49,12.4897,-0.0003
train,1994-09-09,11.61,11.5805,-0.0295
train,1994-09-10,10.98,11.0149,0.0349
train,1994-09-11,6.96,6.9297,-0.0303
train,1994-09-12,12.896,12.9045,0.0085
train,1994-09-13,8.694,8.8115,0.1175
train,1994-09-14,5.07,5.1068,0.0368
train,1994-09-15,4.63,4.6256,-0.0044
train,1994-09-16,5.84,5.752,-0.088
train,1994-09-17,12.078,12.0071,-0.0709
train,1994-09-18,7.16,7.1863,0.0263
train,1994-09-19,11.92,11.9932,0.0732
train,1994-09-20,5.02,5.0528,0.0328
train,1994-09-21,11.38,11.3518,-0.0282
train,1994-09-22,6.66,6.5163,-0.1437
train,1994-09-23,6.93,6.9346,0.0046
train,1994-09-24,12.168,12.2048,0.0368
train,1994-09-25,6.59,6.5981,0.0081
train,1994-09-26,5.87,5.8536,-0.0164
train,1994-09-27,7.45,7.5138,0.0638
train,1994-09-28,6.08,6.0779,-0.0021
train,1994-09-29,6.49,6.4912,0.0012
train,1994-09-30,5.39,5.4535,0.0635
train,1994-10-01,3.74,3.7682,0.0282
train,1994-10-02,5.75,5.7356,-0.0144
train,1994-10-03,3.888,3.8466,-0.0414
train,1994-10-04,12.46,12.5167,0.0567
train,1994-10-05,4.896,4.8826,-0.0134
train,1994-10-06,5.058,5.0784,0.0204
train,1994-10-07,13.11,12.9863,-0.1237
train,1994-10-08,6.87,6.9365,0.0665
train,1994-10-09,5.68,5.6436,-0.0364
train,1994-10-10,4.168,4.1915,0.0235
train,1994-10-11,9.94,9.8741,-0.0659
train,1994-10-12,5.68,5.6508,-0.0292
train,1994-10-13,5.83,5.8339,0.0039
train,1994-10-14,12.67,12.6809,0.0109
train,1994-10-15,5.83,5.8258,-0.0042
train,1994-10-16,9.38,9.4921,0.1121
train,1994-10-17,11.66,11.7503,0.0903
train,1994-10-18,7.892,7.9554,0.0634
train,1994-10-19,7.96,7.9416,-0.0184
train,1994-10-20,9.33,9.5163,0.1863
train,1994-10-21,6.388,6.3753,-0.0127
train,1994-10-22,7.89,7.8475,-0.0425
train,1994-10-23,12.28,12.3272,0.0472
train,1994-10-24,11.45,11.3496,-0.1004
train,1994-10-25,7.77,7.7771,0.0071
train,1994-10-26,4.95,4.9247,-0.0253
train,1994-10-27,5.194,5.2228,0.0288
train,1994-10-28,7.342,7.3486,0.0066
train,1994-10-29,5.462,5.4,-0.062
train,1994-10-30,11.634,11.7111,0.0771
train,1994-10-31,5.904,5.9078,0.0038
train,1994-11-01,6.03,6.04,0.01
train,1994-11-02,6.0,6.0468,0.0468
train,1994-11-03,13.93,13.913,-0.017
train,1994-11-04,12.434,12.4674,0.0334
train,1994-11-05,8.84,8.8535,0.0135
train,1994-11-06,5.85,5.8626,0.0126
train,1994-11-07,5.3,5.2687,-0.0313
train,1994-11-08,5.2,5.2019,0.0019
train,1994-11-09,5.52,5.5076,-0.0124
train,1994-11-10,5.46,5.5131,0.0531
train,1994-11-11,5.066,4.9463,-0.1197
train,1994-11-12,5.8,5.8236,0.0236
train,1994-11-13,6.15,6.1279,-0.0221
train,1994-11-14,5.17,5.1692,-0.0008
train,1994-11-15,4.752,4.7421,-0.0099
train,1994-11-16,5.946,5.9378,-0.0082
train,1994-11-17,6.29,6.3125,0.0225
train,1994-11-18,5.68,5.6989,0.0189
train,1994-11-19,12.87,12.8169,-0.0531
train,1994-11-20,4.74,4.6923,-0.0477
train,1994-11-21,10.344,10.4381,0.0941
train,1994-11-22,5.33,5.3462,0.0162
train,1994-11-23,6.18,6.1651,-0.0149
train,1994-11-24,5.02,5.0414,0.0214
train,1994-11-25,7.16,7.1369,-0.0231
train,1994-11-26,6.6,6.5553,-0.0447
train,1994-11-27,6.732,6.7289,-0.0031
train,1994-11-28,5.16,5.0773,-0.0827
train,1994-11-29,11.95,12.1971,0.2471
train,1994-11-30,11.73,11.8297,0.0997
train,1994-12-01,7.046,6.9768,-0.0692
train,1994-12-02,5.846,5.8656,0.0196
train,1994-12-03,11.27,11.3955,0.1255
train,1994-12-04,5.18,5.2302,0.0502
train,1994-12-05,9.03,9.015,-0.015
train,1994-12-06,8.182,8.2216,0.0396
train,1994-12-07,7.44,7.4893,0.0493
train,1994-12-08,8.32,8.3208,0.0008
train,1994-12-09,5.7,5.7722,0.0722
train,1994-12-10,5.82,5.8498,0.0298
train,1994-12-11,13.02,13.0607,0.0407
train,1994-12-12,4.83,4.8991,0.0691
train,1994-12-13,11.698,11.6582,-0.0398
train,1994-12-14,5.732,5.8363,0.1043
train,1994-12-15,6.24,6.3019,0.0619
train,1994-12-16,12.192,12.2929,0.1009
train,1994-12-17,5.86,5.8249,-0.0351
train,1994-12-18,5.17,5.1657,-0.0043
train,1994-12-19,5.19,5.1702,-0.0198
train,1994-12-20,5.14,5.1888,0.0488
train,1994-12-21,12.562,12.6534,0.0914
train,1994-12-22,6.17,6.2356,0.0656
train,1994-12-23,8.608,8.6041,-0.0039
train,1994-12-24,12.93,13.0107,0.0807
train,1994-12-25,11.214,11.3389,0.1249
train,1994-12-26,12.858,12.8572,-0.0008
train,1994-12-27,8.67,8.7518,0.0818
train,1994-12-28,5.374,5.2575,-0.1165
train,1994-12-29,4.7,4.6706,-0.0294
train,1994-12-30,4.23,4.3862,0.1562
train,1994-12-31,11.796,11.9232,0.1272
train,1995-01-01,12.698,12.7226,0.0246
train,1995-01-02,5.38,5.3867,0.0067
train,1995-01-03,5.72,5.6576,-0.0624
train,1995-01-04,6.998,7.0489,0.0509
train,1995-01-05,5.51,5.5064,-0.0036
train,1995-01-06,4.644,4.67,0.026
train,1995-01-07,12.96,13.0501,0.0901
train,1995-01-08,11.31,11.4138,0.1038
train,1995-01-09,5.57,5.557,-0.013
train,1995-01-10,6.762,6.8126,0.0506
train,1995-01-11,6.7,6.8769,0.1769
train,1995-01-12,8.912,8.8175,-0.0945
train,1995-01-13,11.26,11.2648,0.0048
train,1995-01-14,6.04,5.9847,-0.0553
train,1995-01-15,4.952,4.9756,0.0236
train,1995-01-16,11.51,11.3467,-0.1633
train,1995-01-17,4.75,4.7035,-0.0465
train,1995-01-18,7.22,7.1897,-0.0303
train,1995-01-19,4.99,4.9856,-0.0044
train,1995-01-20,8.29,8.2902,0.0002
train,1995-01-21,11.04,11.0528,0.0128
train,1995-01-22,11.872,11.8098,-0.0622
train,1995-01-23,12.942,13.0654,0.1234
train,1995-01-24,9.988,10.0405,0.0525
train,1995-01-25,10.58,10.4985,-0.0815
train,1995-01-26,7.61,7.8947,0.2847
train,1995-01-27,11.74,11.661,-0.079
train,1995-01-28,10.73,10.8487,0.1187
train,1995-01-29,10.67,10.6988,0.0288
train,1995-01-30,13.01,12.9463,-0.0637
train,1995-01-31,5.078,5.1419,0.0639
train,1995-02-01,9.85,9.8388,-0.0112
train,1995-02-02,6.602,6.5681,-0.0339
train,1995-02-03,11.642,11.6421,0.0001
train,1995-02-04,5.458,5.4912,0.0332
train,1995-02-05,7.2,7.2219,0.0219
train,1995-02-06,8.988,8.961,-0.027
train,1995-02-07,4.65,4.5952,-0.0548
train,1995-02-08,10.48,10.501,0.021
train,1995-02-09,8.64,8.6344,-0.0056
train,1995-02-10,4.73,4.7245,-0.0055
train,1995-02-11,12.666,12.5361,-0.1299
train,1995-02-12,4.634,4.6652,0.0312
train,1995-02-13,8.63,8.6626,0.0326
train,1995-02-14,12.53,12.5823,0.0523
train,1995-02-15,8.13,8.1507,0.0207
train,1995-02-16,5.9,5.6606,-0.2394
train,1995-02-17,5.01,5.0021,-0.0079
train,1995-02-18,3.968,3.8868,-0.0812
train,1995-02-19,4.63,4.6807,0.0507
train,1995-02-20,9.13,9.0964,-0.0336
train,1995-02-21,4.526,4.5693,0.0433
train,1995-02-22,8.02,8.1946,0.1746
train,1995-02-23,10.772,10.8971,0.1251
train,1995-02-24,5.41,5.4001,-0.0099
train,1995-02-25,5.6,5.5644,-0.0356
train,1995-02-26,6.828,6.621,-0.207
train,1995-02-27,4.992,4.872,-0.12
train,1995-02-28,6.43,6.423,-0.007
train,1995-03-01,8.21,8.1736,-0.0364
train,1995-03-02,6.32,6.3273,0.0073
train,1995-03-03,7.24,7.0893,-0.1507
train,1995-03-04,4.98,5.1179,0.1379
train,1995-03-05,11.944,11.9582,0.0142
train,1995-03-06,6.06,6.01,-0.05
train,1995-03-07,4.326,4.3693,0.0433
train,1995-03-08,10.84,10.9222,0.0822
train,1995-03-09,10.8,10.765,-0.035
train,1995-03-10,5.498,5.5167,0.0187
train,1995-03-11,5.21,5.2287,0.0187
train,1995-03-12,4.38,4.3756,-0.0044
train,1995-03-13,11.71,11.4078,-0.3022
train,1995-03-14,5.4,5.3657,-0.0343
train,1995-03-15,6.64,6.7252,0.0852
train,1995-03-16,4.58,4.5656,-0.0144
train,1995-03-17,9.428,9.702,0.274
train,1995-03-18,8.87,8.8574,-0.0126
train,1995-03-19,5.25,5.2465,-0.0035
train,1995-03-20,6.12,6.1649,0.0449
train,1995-03-21,4.79,4.8688,0.0788
train,1995-03-22,5.64,5.6548,0.0148
train,1995-03-23,13.228,13.1985,-0.0295
train,1995-03-24,5.518,5.434,-0.084
train,1995-03-25,6.73,6.7282,-0.0018
train,1995-03-26,5.84,5.829,-0.011
train,1995-03-27,5.59,5.6195,0.0295
train,1995-03-28,8.134,7.8395,-0.2945
train,1995-03-29,5.118,5.2306,0.1126
train,1995-03-30,6.062,6.0602,-0.0018
train,1995-03-31,6.34,6.4553,0.1153
train,1995-04-01,7.02,6.9068,-0.1132
train,1995-04-02,6.85,6.7882,-0.0618
train,1995-04-03,11.84,11.9993,0.1593
train,1995-04-04,4.64,4.7076,0.0676
train,1995-04-05,4.87,4.8457,-0.0243
train,1995-04-06,4.81,4.7753,-0.0347
train,1995-04-07,12.09,12.0205,-0.0695
train,1995-04-08,5.86,5.8318,-0.0282
train,1995-04-09,8.778,8.8618,0.0838
train,1995-04-10,8.564,8.5449,-0.0191
train,1995-04-11,7.358,7.3488,-0.0092
train,1995-04-12,5.71,5.7239,0.0139
train,1995-04-13,12.97,12.9844,0.0144
train,1995-04-14,4.75,4.7265,-0.0235
train,1995-04-15,10.892,10.9783,0.0863
train,1995-04-16,6.902,6.9146,0.0126
train,1995-04-17,5.59,5.696,0.106
train,1995-04-18,6.498,6.5292,0.0312
train,1995-04-19,10.04,10.0361,-0.0039
train,1995-04-20,6.17,6.2884,0.1184
train,1995-04-21,6.658,6.6769,0.0189
train,1995-04-22,11.49,11.4888,-0.0012
train,1995-04-23,13.18,13.1337,-0.0463
train,1995-04-24,12.348,12.3166,-0.0314
train,1995-04-25,4.856,4.9814,0.1254
train,1995-04-26,4.69,4.7235,0.0335
train,1995-04-27,3.54,3.6035,0.0635
train,1995-04-28,5.03,5.0381,0.0081
train,1995-04-29,6.04,6.0319,-0.0081
train,1995-04-30,11.362,11.3721,0.0101
train,1995-05-01,11.94,11.8959,-0.0441
train,1995-05-02,9.71,9.7877,0.0777
train,1995-05-03,7.78,7.8075,0.0275
train,1995-05-04,13.29,13.3758,0.0858
train,1995-05-05,8.2,8.1184,-0.0816
train,1995-05-06,5.32,5.3346,0.0146
train,1995-05-07,6.09,6.1698,0.0798
train,1995-05-08,7.1,7.1206,0.0206
train,1995-05-09,7.48,7.3752,-0.1048
train,1995-05-10,8.22,8.3028,0.0828
train,1995-05-11,4.83,4.8301,0.0001
train,1995-05-12,3.866,3.9367,0.0707
train,1995-05-13,11.76,11.6997,-0.0603
train,1995-05-14,13.19,13.145,-0.045
train,1995-05-15,7.42,7.3868,-0.0332
train,1995-05-16,6.23,6.23,-0.0
train,1995-05-17,13.35,13.2777,-0.0723
train,1995-05-18,6.278,6.2575,-0.0205
train,1995-05-19,5.45,5.4154,-0.0346
train,1995-05-20,5.52,5.4965,-0.0235
train,1995-05-21,5.05,5.035,-0.015
train,1995-05-22,10.18,10.1788,-0.0012
train,1995-05-23,8.98,8.9643,-0.0157
train,1995-05-24,9.23,9.2718,0.0418
train,1995-05-25,4.508,4.7336,0.2256
train,1995-05-26,12.86,12.7392,-0.1208
train,1995-05-27,5.32,5.3005,-0.0195
train,1995-05-28,7.692,7.6893,-0.0027
train,1995-05-29,11.894,11.9875,0.0935
train,1995-05-30,6.57,6.5701,0.0001
train,1995-05-31,7.482,7.4543,-0.0277
train,1995-06-01,4.95,4.8813,-0.0687
train,1995-06-02,5.23,5.264,0.034
train,1995-06-03,5.99,6.0331,0.0431
train,1995-06-04,7.516,7.5252,0.0092
train,1995-06-05,12.35,12.375,0.025
train,1995-06-06,8.272,8.3109,0.0389
train,1995-06-07,6.19,6.2007,0.0107
train,1995-06-08,8.32,8.341,0.021
train,1995-06-09,4.812,4.7174,-0.0946
train,1995-06-10,4.14,4.1375,-0.0025
train,1995-06-11,11.87,11.5512,-0.3188
train,1995-06-12,4.82,4.8492,0.0292
train,1995-06-13,7.18,7.1496,-0.0304
train,1995-06-14,12.17,12.1657,-0.0043
train,1995-06-15,12.702,12.7405,0.0385
train,1995-06-16,5.9,5.9133,0.0133
train,1995-06-17,9.074,9.118,0.044
train,1995-06-18,10.846,10.8025,-0.0435
train,1995-06-19,4.61,4.5902,-0.0198
train,1995-06-20,4.904,4.9539,0.0499
train,1995-06-21,14.33,14.1264,-0.2036
train,1995-06-22,7.11,7.1404,0.0304
train,1995-06-23,4.6,4.5842,-0.0158
train,1995-06-24,12.71,12.709,-0.001
train,1995-06-25,4.43,4.4232,-0.0068
train,1995-06-26,6.84,6.7537,-0.0863
train,1995-06-27,5.37,5.3576,-0.0124
train,1995-06-28,12.484,12.4602,-0.0238
train,1995-06-29,12.01,12.0354,0.0254
train,1995-06-30,7.36,7.3432,-0.0168
train,1995-07-01,8.144,8.1858,0.0418
train,1995-07-02,10.196,10.2712,0.0752
train,1995-07-03,7.848,7.8839,0.0359
train,1995-07-04,4.92,4.9004,-0.0196
train,1995-07-05,11.562,11.5341,-0.0279
train,1995-07-06,4.94,4.8916,-0.0484
train,1995-07-07,5.43,5.4134,-0.0166
train,1995-07-08,4.848,4.7881,-0.0599
train,1995-07-09,5.3,5.2909,-0.0091
train,1995-07-10,5.256,5.2692,0.0132
train,1995-07-11,4.18,4.1878,0.0078
train,1995-07-12,5.826,5.9346,0.1086
train,1995-07-13,7.61,7.5519,-0.0581
train,1995-07-14,7.592,7.585,-0.007
train,1995-07-15,8.41,8.4175,0.0075
train,1995-07-16,8.9,8.6917,-0.2083
train,1995-07-17,4.87,4.8844,0.0144
train,1995-07-18,9.514,9.5064,-0.0076
train,1995-07-19,5.47,5.4453,-0.0247
train,1995-07-20,10.2,10.3915,0.1915
train,1995-07-21,5.66,5.7326,0.0726
train,1995-07-22,10.48,10.3614,-0.1186
train,1995-07-23,5.372,5.3083,-0.0637
train,1995-07-24,5.108,5.1074,-0.0006
train,1995-07-25,10.62,10.6465,0.0265
train,1995-07-26,6.32,6.3334,0.0134
train,1995-07-27,11.358,11.3918,0.0338
train,1995-07-28,4.33,4.2975,-0.0325
train,1995-07-29,12.77,12.7716,0.0016
train,1995-07-30,9.64,9.6452,0.0052
train,1995-07-31,11.524,11.4812,-0.0428
train,1995-08-01,5.84,5.8124,-0.0276
train,1995-08-02,5.406,5.3893,-0.0167
train,1995-08-03,5.57,5.5785,0.0085
train,1995-08-04,5.42,5.4692,0.0492
train,1995-08-05,5.426,5.4388,0.0128
train,1995-08-06,5.12,5.0979,-0.0221
train,1995-08-07,11.38,11.4298,0.0498
train,1995-08-08,6.34,6.3609,0.0209
train,1995-08-09,3.53,3.5771,0.0471
train,1995-08-10,10.848,10.4529,-0.3951
train,1995-08-11,11.58,11.5479,-0.0321
train,1995-08-12,7.484,7.4867,0.0027
train,1995-08-13,9.682,9.6124,-0.0696
train,1995-08-14,12.098,12.0749,-0.0231
train,1995-08-15,12.67,12.7,0.03
train,1995-08-16,12.17,12.1785,0.0085
train,1995-08-17,4.86,4.8652,0.0052
train,1995-08-18,4.89,4.7329,-0.1571
train,1995-08-19,11.77,11.7735,0.0035
train,1995-08-20,4.622,4.703,0.081
train,1995-08-21,11.1,11.1828,0.0828
train,1995-08-22,10.5,10.542,0.042
train,1995-08-23,11.48,11.7454,0.2654
train,1995-08-24,10.25,10.229,-0.021
train,1995-08-25,4.81,4.8047,-0.0053
train,1995-08-26,8.26,8.2051,-0.0549
train,1995-08-27,8.17,8.0831,-0.0869
train,1995-08-28,13.456,13.4944,0.0384
train,1995-08-29,9.05,9.0539,0.0039
train,1995-08-30,5.9,5.7925,-0.1075
train,1995-08-31,11.7,11.7805,0.0805
train,1995-09-01,9.508,9.5003,-0.0077
train,1995-09-02,8.41,8.4793,0.0693
train,1995-09-03,13.88,13.7405,-0.1395
train,1995-09-04,9.3,9.2871,-0.0129
train,1995-09-05,10.97,10.8901,-0.0799
train,1995-09-06,4.3,4.2616,-0.0384
train,1995-09-07,7.74,7.7219,-0.0181
train,1995-09-08,4.72,4.7839,0.0639
train,1995-09-09,4.93,4.9238,-0.0062
train,1995-09-10,12.89,12.9434,0.0534
train,1995-09-11,10.228,10.251,0.023
train,1995-09-12,4.06,4.0954,0.0354
train,1995-09-13,5.71,5.7407,0.0307
train,1995-09-14,12.87,12.8254,-0.0446
train,1995-09-15,11.84,11.883,0.043
train,1995-09-16,5.006,5.0841,0.0781
train,1995-09-17,4.74,4.7641,0.0241
train,1995-09-18,5.002,5.0179,0.0159
train,1995-09-19,5.06,5.0862,0.0262
train,1995-09-20,5.48,5.4033,-0.0767
train,1995-09-21,5.62,5.629,0.009
train,1995-09-22,11.07,11.0713,0.0013
train,1995-09-23,5.454,5.4209,-0.0331
train,1995-09-24,8.97,8.99,0.02
train,1995-09-25,7.14,7.1201,-0.0199
train,1995-09-26,3.41,3.4655,0.0555
train,1995-09-27,6.144,6.2669,0.1229
train,1995-09-28,12.47,12.4509,-0.0191
train,1995-09-29,4.07,4.0905,0.0205
train,1995-09-30,8.74,8.5826,-0.1574
train,1995-10-01,5.84,5.8431,0.0031
train,1995-10-02,5.254,5.2914,0.0374
train,1995-10-03,12.04,12.0769,0.0369
train,1995-10-04,8.79,8.7725,-0.0175
train,1995-10-05,5.68,5.6061,-0.0739
train,1995-10-06,12.42,12.4428,0.0228
train,1995-10-07,8.62,8.5839,-0.0361
train,1995-10-08,8.63,8.6568,0.0268
train,1995-10-09,7.482,7.464,-0.018
train,1995-10-10,5.222,5.2433,0.0213
train,1995-10-11,6.4,6.3732,-0.0268
train,1995-10-12,4.92,4.9245,0.0045
train,1995-10-13,12.81,12.7759,-0.0341
train,1995-10-14,4.532,4.5789,0.0469
train,1995-10-15,5.89,5.9156,0.0256
train,1995-10-16,5.04,5.0453,0.0053
train,1995-10-17,6.932,6.9228,-0.0092
train,1995-10-18,11.066,11.0366,-0.0294
train,1995-10-19,5.318,5.4853,0.1673
train,1995-10-20,6.37,6.3599,-0.0101
train,1995-10-21,9.55,9.5127,-0.0373
train,1995-10-22,4.896,4.8764,-0.0196
train,1995-10-23,3.82,3.8879,0.0679
train,1995-10-24,12.96,12.9665,0.0065
train,1995-10-25,4.53,4.5556,0.0256
train,1995-10-26,5.96,5.9813,0.0213
train,1995-10-27,9.53,9.5188,-0.0112
train,1995-10-28,11.94,12.1188,0.1788
train,1995-10-29,11.258,11.014,-0.244
train,1995-10-30,9.084,9.0924,0.0084
train,1995-10-31,5.91,5.9182,0.0082
train,1995-11-01,3.904,3.9977,0.0937
train,1995-11-02,5.86,5.8636,0.0036
train,1995-11-03,12.65,12.5073,-0.1427
train,1995-11-04,11.98,12.2051,0.2251
train,1995-11-05,6.1,6.0829,-0.0171
train,1995-11-06,4.84,4.7873,-0.0527
train,1995-11-07,9.6,9.6116,0.0116
train,1995-11-08,13.53,13.3529,-0.1771
train,1995-11-09,8.56,8.5584,-0.0016
train,1995-11-10,5.7,5.6283,-0.0717
train,1995-11-11,4.78,4.7736,-0.0064
train,1995-11-12,5.92,5.908,-0.012
train,1995-11-13,3.784,3.8516,0.0676
train,1995-11-14,12.6,12.506,-0.094
train,1995-11-15,4.77,4.7827,0.0127
train,1995-11-16,6.412,6.4538,0.0418
train,1995-11-17,9.3,9.3225,0.0225
train,1995-11-18,3.988,3.9338,-0.0542
train,1995-11-19,8.868,8.8771,0.0091
train,1995-11-20,8.28,8.5301,0.2501
train,1995-11-21,12.536,12.0673,-0.4687
train,1995-11-22,11.03,10.7702,-0.2598
train,1995-11-23,9.264,9.3347,0.0707
train,1995-11-24,5.056,5.1739,0.1179
train,1995-11-25,10.86,10.8191,-0.0409
train,1995-11-26,9.788,9.7882,0.0002
train,1995-11-27,8.34,8.4581,0.1181
train,1995-11-28,6.27,6.1992,-0.0708
train,1995-11-29,6.79,6.7572,-0.0328
train,1995-11-30,5.83,5.814,-0.016
train,1995-12-01,5.48,5.5065,0.0265
train,1995-12-02,4.574,4.5459,-0.0281
train,1995-12-03,11.088,11.1984,0.1104
train,1995-12-04,5.03,5.0578,0.0278
train,1995-12-05,7.44,7.4176,-0.0224
train,1995-12-06,7.2,7.3944,0.1944
train,1995-12-07,10.15,10.1191,-0.0309
train,1995-12-08,10.35,10.3582,0.0082
train,1995-12-09,7.55,7.532,-0.018
train,1995-12-10,5.28,5.2653,-0.0147
train,1995-12-11,5.16,5.28,0.12
train,1995-12-12,5.79,5.8531,0.0631
train,1995-12-13,4.96,4.9845,0.0245
train,1995-12-14,9.93,9.8898,-0.0402
train,1995-12-15,12.68,12.701,0.021
train,1995-12-16,11.17,11.1596,-0.0104
train,1995-12-17,4.59,4.5572,-0.0328
train,1995-12-18,6.746,6.724,-0.022
train,1995-12-19,8.67,8.073,-0.597
train,1995-12-20,12.69,12.847,0.157
train,1995-12-21,6.81,6.8608,0.0508
train,1995-12-22,4.15,4.1611,0.0111
train,1995-12-23,8.216,8.2201,0.0041
train,1995-12-24,11.858,11.8487,-0.0093
train,1995-12-25,11.254,11.2835,0.0295
train,1995-12-26,11.804,11.7293,-0.0747
train,1995-12-27,7.276,7.3145,0.0385
train,1995-12-28,5.15,5.1055,-0.0445
train,1995-12-29,9.828,9.7511,-0.0769
train,1995-12-30,10.016,10.0128,-0.0032
train,1995-12-31,4.288,4.3314,0.0434
train,1996-01-01,12.928,12.8672,-0.0608
train,1996-01-02,10.11,10.1314,0.0214
train,1996-01-03,12.87,12.8252,-0.0448
train,1996-01-04,10.83,10.8389,0.0089
train,1996-01-05,8.39,8.5226,0.1326
train,1996-01-06,6.08,6.075,-0.005
train,1996-01-07,13.37,13.3564,-0.0136
train,1996-01-08,4.16,4.1895,0.0295
train,1996-01-09,4.446,4.5905,0.1445
train,1996-01-10,8.32,8.3503,0.0303
train,1996-01-11,6.81,6.7002,-0.1098
train,1996-01-12,11.43,11.3413,-0.0887
train,1996-01-13,5.26,5.2044,-0.0556
train,1996-01-14,12.088,12.0225,-0.0655
train,1996-01-15,5.78,5.8947,0.1147
train,1996-01-16,11.98,12.103,0.123
train,1996-01-17,3.83,3.8324,0.0024
train,1996-01-18,13.156,13.1571,0.0011
train,1996-01-19,6.48,6.5234,0.0434
train,1996-01-20,12.356,12.429,0.073
train,1996-01-21,4.63,4.6291,-0.0009
train,1996-01-22,5.81,5.7962,-0.0138
train,1996-01-23,6.41,6.4355,0.0255
train,1996-01-24,4.17,4.1116,-0.0584
train,1996-01-25,4.77,4.7306,-0.0394
train,1996-01-26,12.35,12.4421,0.0921
train,1996-01-27,6.84,6.6641,-0.1759
train,1996-01-28,12.63,12.514,-0.116
train,1996-01-29,6.35,6.3545,0.0045
train,1996-01-30,10.384,10.559,0.175
train,1996-01-31,4.678,4.6586,-0.0194
train,1996-02-01,5.42,5.3859,-0.0341
train,1996-02-02,4.57,4.5332,-0.0368
train,1996-02-03,12.312,12.3855,0.0735
train,1996-02-04,7.0,6.9742,-0.0258
train,1996-02-05,7.05,7.0452,-0.0048
train,1996-02-06,13.78,13.727,-0.053
train,1996-02-07,7.66,7.6442,-0.0158
train,1996-02-08,4.18,4.2068,0.0268
train,1996-02-09,4.42,4.4341,0.0141
train,1996-02-10,6.04,6.2011,0.1611
train,1996-02-11,6.28,6.3047,0.0247
train,1996-02-12,4.05,4.0737,0.0237
train,1996-02-13,5.054,5.1252,0.0712
train,1996-02-14,4.214,4.2915,0.0775
train,1996-02-15,6.7,6.5529,-0.1471
train,1996-02-16,4.69,4.6799,-0.0101
train,1996-02-17,9.19,9.254,0.064
train,1996-02-18,11.888,11.8724,-0.0156
train,1996-02-19,10.15,10.1102,-0.0398
train,1996-02-20,8.7,8.6252,-0.0748
train,1996-02-21,4.65,4.6584,0.0084
train,1996-02-22,12.71,12.6366,-0.0734
train,1996-02-23,5.44,5.4593,0.0193
train,1996-02-24,9.1,9.1859,0.0859
train,1996-02-25,5.15,5.1895,0.0395
train,1996-02-26,12.09,12.1194,0.0294
train,1996-02-27,6.812,6.811,-0.001
train,1996-02-28,6.97,6.8061,-0.1639
train,1996-02-29,8.39,8.3971,0.0071
train,1996-03-01,3.39,3.4543,0.0643
train,1996-03-02,10.73,10.7175,-0.0125
train,1996-03-03,14.0,13.8716,-0.1284
train,1996-03-04,5.55,5.5048,-0.0452
train,1996-03-05,4.986,4.9389,-0.0471
train,1996-03-06,7.12,7.1044,-0.0156
train,1996-03-07,6.23,6.15,-0.08
train,1996-03-08,5.25,5.3127,0.0627
train,1996-03-09,10.49,10.4429,-0.0471
train,1996-03-10,5.208,5.1423,-0.0657
train,1996-03-11,6.77,6.7497,-0.0203
train,1996-03-12,5.51,5.5233,0.0133
train,1996-03-13,5.92,5.8967,-0.0233
train,1996-03-14,6.64,6.6113,-0.0287
train,1996-03-15,5.57,5.5529,-0.0171
train,1996-03-16,10.062,10.0033,-0.0587
train,1996-03-17,5.058,5.1251,0.0671
train,1996-03-18,4.8,4.833,0.033
train,1996-03-19,12.59,12.4864,-0.1036
train,1996-03-20,11.89,11.9496,0.0596
train,1996-03-21,4.91,4.8718,-0.0382
train,1996-03-22,8.27,8.2636,-0.0064
train,1996-03-23,4.914,4.9659,0.0519
train,1996-03-24,12.61,12.5937,-0.0163
train,1996-03-25,5.218,5.2153,-0.0027
train,1996-03-26,6.28,6.2938,0.0138
train,1996-03-27,4.46,4.3992,-0.0608
train,1996-03-28,8.0,8.0638,0.0638
train,1996-03-29,5.462,5.5693,0.1073
train,1996-03-30,5.1,5.1513,0.0513
train,1996-03-31,5.14,5.1383,-0.0017
train,1996-04-01,7.54,7.5393,-0.0007
train,1996-04-02,4.27,4.3419,0.0719
train,1996-04-03,5.08,5.1678,0.0878
train,1996-04-04,7.348,7.388,0.04
train,1996-04-05,12.738,12.6904,-0.0476
train,1996-04-06,4.744,4.6837,-0.0603
train,1996-04-07,6.37,6.3392,-0.0308
train,1996-04-08,6.89,6.8403,-0.0497
train,1996-04-09,6.902,6.9022,0.0002
train,1996-04-10,10.86,10.9005,0.0405
train,1996-04-11,12.49,12.4163,-0.0737
train,1996-04-12,5.396,5.2936,-0.1024
train,1996-04-13,7.03,6.8502,-0.1798
train,1996-04-14,11.9,12.0857,0.1857
train,1996-04-15,4.49,4.4741,-0.0159
train,1996-04-16,6.9,6.9601,0.0601
train,1996-04-17,5.51,5.5255,0.0155
train,1996-04-18,5.576,5.5819,0.0059
train,1996-04-19,6.26,6.3078,0.0478
train,1996-04-20,5.004,5.0877,0.0837
train,1996-04-21,12.98,12.9157,-0.0643
train,1996-04-22,11.14,11.1307,-0.0093
train,1996-04-23,11.948,12.0376,0.0896
train,1996-04-24,4.572,4.6015,0.0295
train,1996-04-25,12.14,12.2792,0.1392
train,1996-04-26,11.7,11.7551,0.0551
train,1996-04-27,8.3,8.3714,0.0714
train,1996-04-28,10.07,10.1312,0.0612
train,1996-04-29,5.49,5.4797,-0.0103
train,1996-04-30,3.926,3.9717,0.0457
train,1996-05-01,11.844,11.6942,-0.1498
train,1996-05-02,5.42,5.3738,-0.0462
train,1996-05-03,6.632,6.6512,0.0192
train,1996-05-04,5.16,5.1949,0.0349
train,1996-05-05,6.66,6.6767,0.0167
train,1996-05-06,4.576,4.6573,0.0813
train,1996-05-07,7.93,7.9033,-0.0267
train,1996-05-08,5.86,5.934,0.074
train,1996-05-09,6.252,6.2186,-0.0334
train,1996-05-10,8.75,8.7184,-0.0316
train,1996-05-11,8.082,7.6473,-0.4347
train,1996-05-12,7.394,7.3585,-0.0355
train,1996-05-13,9.62,9.5154,-0.1046
train,1996-05-14,5.46,5.4573,-0.0027
train,1996-05-15,7.51,7.4853,-0.0247
train,1996-05-16,5.124,5.1425,0.0185
train,1996-05-17,6.93,6.9687,0.0387
train,1996-05-18,5.94,5.9245,-0.0155
train,1996-05-19,9.172,9.1624,-0.0096
train,1996-05-20,12.02,11.9491,-0.0709
train,1996-05-21,5.37,5.3901,0.02
train,1996-05-22,11.17,11.0391,-0.1309
train,1996-05-23,3.95,4.0695,0.1195
train,1996-05-24,12.846,12.7643,-0.0817
train,1996-05-25,4.73,4.7056,-0.0244
train,1996-05-26,6.55,6.5889,0.0389
train,1996-05-27,10.66,10.6436,-0.0164
train,1996-05-28,7.45,7.4538,0.0038
train,1996-05-29,6.02,6.0578,0.0378
train,1996-05-30,5.118,5.104,-0.014
train,1996-05-31,5.45,5.4265,-0.0235
train,1996-06-01,12.34,12.2976,-0.0424
train,1996-06-02,9.07,9.1486,0.0786
train,1996-06-03,6.3,6.3252,0.0252
train,1996-06-04,9.43,9.3491,-0.0809
train,1996-06-05,4.5,4.44,-0.06
train,1996-06-06,4.62,4.5669,-0.0531
train,1996-06-07,10.97,10.9572,-0.0128
train,1996-06-08,6.322,6.3496,0.0276
train,1996-06-09,11.058,10.9816,-0.0764
train,1996-06-10,10.94,10.9358,-0.0042
train,1996-06-11,5.522,5.539,0.017
train,1996-06-12,5.54,5.5454,0.0054
train,1996-06-13,10.41,10.6456,0.2356
train,1996-06-14,5.04,5.0778,0.0378
train,1996-06-15,4.87,4.8852,0.0152
train,1996-06-16,7.57,7.4606,-0.1094
train,1996-06-17,8.77,8.8462,0.0762
train,1996-06-18,12.07,12.1212,0.0512
train,1996-06-19,13.18,13.1278,-0.0522
train,1996-06-20,4.76,4.8162,0.0562
train,1996-06-21,7.6,7.2092,-0.3908
train,1996-06-22,5.336,5.3227,-0.0133
train,1996-06-23,6.6,6.4528,-0.1472
train,1996-06-24,6.52,6.4983,-0.0217
train,1996-06-25,5.204,5.2379,0.0339
train,1996-06-26,4.648,4.6454,-0.0026
train,1996-06-27,4.14,4.1878,0.0478
train,1996-06-28,4.53,4.6967,0.1667
train,1996-06-29,12.83,12.8999,0.0699
train,1996-06-30,10.958,10.9105,-0.0475
train,1996-07-01,8.424,8.6029,0.1789
train,1996-07-02,7.13,7.2192,0.0892
train,1996-07-03,12.53,12.5498,0.0198
train,1996-07-04,5.03,4.9961,-0.0339
train,1996-07-05,4.534,4.556,0.022
train,1996-07-06,4.8,4.7831,-0.0169
train,1996-07-07,6.19,6.2399,0.0499
train,1996-07-08,5.952,5.954,0.002
train,1996-07-09,7.85,7.8239,-0.0261
train,1996-07-10,8.37,8.4383,0.0683
train,1996-07-11,4.92,4.9638,0.0438
train,1996-07-12,12.04,12.0892,0.0492
train,1996-07-13,8.92,8.9538,0.0338
train,1996-07-14,12.062,12.2528,0.1908
train,1996-07-15,4.59,4.5844,-0.0056
train,1996-07-16,8.87,8.8484,-0.0216
train,1996-07-17,11.332,11.2877,-0.0443
train,1996-07-18,4.89,4.9248,0.0348
train,1996-07-19,6.766,6.7877,0.0217
train,1996-07-20,8.96,8.9523,-0.0077
train,1996-07-21,12.15,12.0755,-0.0745
train,1996-07-22,12.37,12.4747,0.1047
train,1996-07-23,13.37,13.2708,-0.0992
train,1996-07-24,10.09,10.1831,0.0931
train,1996-07-25,7.76,7.8205,0.0605
train,1996-07-26,5.86,5.8706,0.0106
train,1996-07-27,8.14,8.2949,0.1549
train,1996-07-28,4.398,4.3457,-0.0523
train,1996-07-29,5.23,5.3343,0.1043
train,1996-07-30,12.01,12.0213,0.0113
train,1996-07-31,6.048,6.0359,-0.0121
train,1996-08-01,5.906,5.601,-0.305
train,1996-08-02,5.168,5.1239,-0.0441
train,1996-08-03,11.4,11.4334,0.0334
train,1996-08-04,12.72,12.5536,-0.1664
train,1996-08-05,13.22,13.2071,-0.0129
train,1996-08-06,4.7,4.7007,0.0007
train,1996-08-07,7.49,7.6182,0.1282
train,1996-08-08,4.44,4.4065,-0.0335
train,1996-08-09,6.6,6.5324,-0.0676
train,1996-08-10,5.35,5.3475,-0.0025
train,1996-08-11,4.99,5.0053,0.0153
train,1996-08-12,4.98,4.9419,-0.0381
train,1996-08-13,5.4,5.3947,-0.0053
train,1996-08-14,10.688,10.6733,-0.0147
train,1996-08-15,4.16,4.1138,-0.0462
train,1996-08-16,6.21,6.2189,0.0089
train,1996-08-17,5.97,5.9048,-0.0652
train,1996-08-18,11.98,11.907,-0.073
train,1996-08-19,4.654,4.7211,0.0671
train,1996-08-20,4.528,4.4795,-0.0485
train,1996-08-21,5.22,5.2627,0.0427
train,1996-08-22,4.89,4.928,0.038
train,1996-08-23,6.63,6.7127,0.0827
train,1996-08-24,4.602,4.6181,0.0161
train,1996-08-25,11.29,11.2334,-0.0566
train,1996-08-26,11.77,11.8225,0.0525
train,1996-08-27,11.16,10.9502,-0.2098
train,1996-08-28,6.204,6.2257,0.0217
train,1996-08-29,5.024,5.0138,-0.0102
train,1996-08-30,6.34,6.3889,0.0489
train,1996-08-31,4.204,4.2593,0.0553
train,1996-09-01,11.78,11.7906,0.0106
train,1996-09-02,4.16,4.1973,0.0373
train,1996-09-03,5.256,5.2802,0.0242
train,1996-09-04,5.69,5.7255,0.0355
train,1996-09-05,4.64,4.6805,0.0405
train,1996-09-06,5.14,5.1635,0.0235
train,1996-09-07,11.16,11.1693,0.0093
train,1996-09-08,12.42,12.4396,0.0196
train,1996-09-09,4.62,4.6466,0.0266
train,1996-09-10,12.81,13.1306,0.3206
train,1996-09-11,5.148,5.1152,-0.0328
train,1996-09-12,12.87,12.8618,-0.0082
train,1996-09-13,11.502,11.441,-0.061
train,1996-09-14,9.622,9.6766,0.0546
train,1996-09-15,12.38,12.4505,0.0705
train,1996-09-16,5.46,5.4115,-0.0485
train,1996-09-17,13.89,13.8173,-0.0727
train,1996-09-18,6.098,6.0709,-0.0271
train,1996-09-19,5.94,5.9605,0.0205
train,1996-09-20,5.12,5.1438,0.0238
train,1996-09-21,5.598,5.6084,0.0104
train,1996-09-22,5.84,5.8534,0.0134
train,1996-09-23,9.998,10.0492,0.0512
train,1996-09-24,12.55,12.5844,0.0344
train,1996-09-25,6.786,6.6588,-0.1272
train,1996-09-26,9.74,9.9345,0.1945
train,1996-09-27,12.06,12.0825,0.0225
train,1996-09-28,5.45,5.4611,0.0111
train,1996-09-29,9.11,9.1676,0.0576
train,1996-09-30,4.854,5.0069,0.1529
train,1996-10-01,12.682,12.7374,0.0554
train,1996-10-02,11.23,11.1133,-0.1167
train,1996-10-03,7.432,7.451,0.019
train,1996-10-04,5.63,5.6428,0.0128
train,1996-10-05,4.57,4.5454,-0.0246
train,1996-10-06,6.018,6.0121,-0.0059
train,1996-10-07,8.68,8.6948,0.0148
train,1996-10-08,12.25,12.4386,0.1886
train,1996-10-09,5.73,5.655,-0.075
train,1996-10-10,5.35,5.3919,0.0419
train,1996-10-11,6.94,6.9552,0.0152
train,1996-10-12,13.11,12.9546,-0.1554
train,1996-10-13,5.22,5.2347,0.0147
train,1996-10-14,10.4,10.3911,-0.0089
train,1996-10-15,13.2,13.0881,-0.1119
train,1996-10-16,4.812,4.8567,0.0447
train,1996-10-17,5.922,6.0043,0.0823
train,1996-10-18,12.328,12.2235,-0.1045
train,1996-10-19,13.37,13.3819,0.0119
train,1996-10-20,12.65,12.6655,0.0155
train,1996-10-21,6.64,6.6387,-0.0013
train,1996-10-22,9.98,9.9758,-0.0042
train,1996-10-23,7.952,7.9718,0.0198
train,1996-10-24,5.14,5.1315,-0.0085
train,1996-10-25,8.0,7.8848,-0.1152
train,1996-10-26,11.16,11.075,-0.085
train,1996-10-27,12.514,12.4375,-0.0765
train,1996-10-28,6.47,6.4311,-0.0389
train,1996-10-29,5.988,5.9079,-0.0801
train,1996-10-30,4.45,4.4268,-0.0232
train,1996-10-31,7.794,7.8003,0.0063
train,1996-11-01,13.12,13.0677,-0.0523
train,1996-11-02,13.118,13.0417,-0.0763
train,1996-11-03,9.39,9.285,-0.105
train,1996-11-04,7.17,7.211,0.041
train,1996-11-05,13.24,13.0881,-0.1519
train,1996-11-06,5.064,5.0522,-0.0118
train,1996-11-07,11.91,11.788,-0.122
train,1996-11-08,6.638,6.6156,-0.0224
train,1996-11-09,6.04,6.0107,-0.0293
train,1996-11-10,4.98,4.9445,-0.0355
train,1996-11-11,5.57,5.5609,-0.0091
train,1996-11-12,6.5,6.4973,-0.0027
train,1996-11-13,9.962,10.0262,0.0642
train,1996-11-14,5.68,5.7437,0.0637
train,1996-11-15,6.078,6.0864,0.0084
train,1996-11-16,7.8,7.8822,0.0822
train,1996-11-17,7.03,7.0295,-0.0005
train,1996-11-18,11.65,11.7053,0.0553
train,1996-11-19,7.83,7.9241,0.0941
train,1996-11-20,8.42,8.1296,-0.2904
train,1996-11-21,4.61,4.6534,0.0434
train,1996-11-22,5.156,5.1019,-0.0541
train,1996-11-23,11.18,11.204,0.024
train,1996-11-24,10.61,10.5622,-0.0478
train,1996-11-25,7.12,7.1234,0.0034
train,1996-11-26,4.724,4.6124,-0.1116
train,1996-11-27,8.57,8.4988,-0.0712
train,1996-11-28,6.19,6.2561,0.0661
train,1996-11-29,12.77,12.7869,0.0169
train,1996-11-30,12.31,12.4674,0.1574
train,1996-12-01,11.51,11.535,0.025
train,1996-12-02,5.05,5.0015,-0.0485
train,1996-12-03,12.29,12.1403,-0.1497
train,1996-12-04,4.86,4.8417,-0.0183
train,1996-12-05,4.59,4.6012,0.0112
train,1996-12-06,4.76,4.802,0.042
train,1996-12-07,5.394,5.3411,-0.0529
train,1996-12-08,5.568,5.5748,0.0068
train,1996-12-09,7.69,7.6328,-0.0572
train,1996-12-10,5.882,5.9299,0.0479
train,1996-12-11,12.748,12.569,-0.179
train,1996-12-12,7.1,7.092,-0.008
train,1996-12-13,13.72,13.619,-0.101
train,1996-12-14,7.642,7.6121,-0.0299
train,1996-12-15,10.61,10.6926,0.0826
train,1996-12-16,13.69,13.6573,-0.0327
train,1996-12-17,10.48,10.6287,0.1487
train,1996-12-18,6.066,6.173,0.107
train,1996-12-19,7.444,7.4705,0.0265
train,1996-12-20,3.88,3.9638,0.0838
train,1996-12-21,6.25,6.2091,-0.0409
train,1996-12-22,8.038,7.9851,-0.0529
train,1996-12-23,11.94,11.9011,-0.0389
train,1996-12-24,4.632,4.619,-0.013
train,1996-12-25,10.03,10.0297,-0.0003
train,1996-12-26,6.93,6.9137,-0.0163
train,1996-12-27,7.314,7.3545,0.0405
train,1996-12-28,12.03,12.043,0.013
train,1996-12-29,4.49,4.5328,0.0428
train,1996-12-30,5.38,5.3294,-0.0506
train,1996-12-31,6.52,6.6098,0.0898
train,1997-01-01,9.63,9.6922,0.0622
train,1997-01-02,5.354,5.405,0.051
train,1997-01-03,4.95,5.0409,0.0909
train,1997-01-04,4.3,4.32,0.02
train,1997-01-05,5.78,5.7676,-0.0124
train,1997-01-06,5.57,5.6106,0.0406
train,1997-01-07,6.05,6.0666,0.0166
train,1997-01-08,11.56,11.5591,-0.0009
train,1997-01-09,11.2,11.2634,0.0634
train,1997-01-10,6.36,6.4341,0.0741
train,1997-01-11,5.024,5.0408,0.0168
train,1997-01-12,12.42,12.3948,-0.0252
train,1997-01-13,11.82,11.7642,-0.0558
train,1997-01-14,11.84,11.9081,0.0681
train,1997-01-15,5.45,5.4005,-0.0495
train,1997-01-16,11.86,11.7485,-0.1115
train,1997-01-17,12.24,12.3445,0.1045
train,1997-01-18,13.018,12.8692,-0.1488
train,1997-01-19,5.154,5.1085,-0.0455
train,1997-01-20,6.2,6.1985,-0.0015
train,1997-01-21,6.82,6.8094,-0.0106
train,1997-01-22,9.46,9.3076,-0.1524
train,1997-01-23,6.028,6.0289,0.0009
train,1997-01-24,13.504,13.5242,0.0202
train,1997-01-25,10.96,11.0055,0.0455
train,1997-01-26,6.64,6.6046,-0.0354
train,1997-01-27,5.52,5.4925,-0.0275
train,1997-01-28,12.25,12.2777,0.0277
train,1997-01-29,13.71,13.6874,-0.0226
train,1997-01-30,6.95,6.9855,0.0355
train,1997-01-31,8.552,8.5279,-0.0241
train,1997-02-01,11.788,11.7543,-0.0337
train,1997-02-02,4.662,4.6639,0.0019
train,1997-02-03,5.47,5.4891,0.0191
train,1997-02-04,12.44,12.3588,-0.0812
train,1997-02-05,7.4,7.4598,0.0598
train,1997-02-06,6.32,6.3533,0.0333
train,1997-02-07,5.706,5.7234,0.0174
train,1997-02-08,4.972,4.9291,-0.0429
train,1997-02-09,11.802,11.7769,-0.0251
train,1997-02-10,4.51,4.433,-0.077
train,1997-02-11,6.344,6.3223,-0.0217
train,1997-02-12,5.79,5.8065,0.0165
train,1997-02-13,9.626,9.5356,-0.0904
train,1997-02-14,12.052,12.0392,-0.0128
train,1997-02-15,6.01,6.0464,0.0364
train,1997-02-16,12.486,12.5049,0.0189
train,1997-02-17,4.946,5.0847,0.1387
train,1997-02-18,6.04,6.0622,0.0222
train,1997-02-19,4.634,4.5951,-0.0389
train,1997-02-20,6.952,6.9862,0.0342
train,1997-02-21,6.94,6.9407,0.0007
train,1997-02-22,3.98,4.092,0.112
train,1997-02-23,8.15,8.0657,-0.0843
train,1997-02-24,8.012,8.0643,0.0523
train,1997-02-25,7.91,7.6914,-0.2186
train,1997-02-26,11.61,11.486,-0.124
train,1997-02-27,5.93,5.8964,-0.0336
train,1997-02-28,5.16,5.1502,-0.0098
train,1997-03-01,5.15,5.1723,0.0223
train,1997-03-02,4.642,4.5849,-0.0571
train,1997-03-03,8.792,8.7411,-0.0509
train,1997-03-04,4.71,4.7103,0.0003
train,1997-03-05,5.5,5.5232,0.0232
train,1997-03-06,7.14,7.1579,0.0179
train,1997-03-07,9.23,9.3992,0.1692
train,1997-03-08,6.02,6.0132,-0.0068
train,1997-03-09,12.42,12.3944,-0.0256
train,1997-03-10,12.07,12.1271,0.0571
train,1997-03-11,12.504,12.4504,-0.0536
train,1997-03-12,4.31,4.3852,0.0752
train,1997-03-13,5.53,5.5114,-0.0186
train,1997-03-14,7.05,7.0496,-0.0004
train,1997-03-15,3.67,3.7468,0.0768
train,1997-03-16,7.34,7.2814,-0.0586
train,1997-03-17,5.86,5.8523,-0.0077
train,1997-03-18,9.04,9.0027,-0.0373
train,1997-03-19,11.708,11.6713,-0.0367
train,1997-03-20,4.444,4.4511,0.0071
train,1997-03-21,12.298,12.2717,-0.0263
train,1997-03-22,5.99,6.0083,0.0183
train,1997-03-23,4.79,4.8228,0.0328
train,1997-03-24,5.234,5.2389,0.0049
train,1997-03-25,4.52,4.5275,0.0075
train,1997-03-26,4.576,4.5952,0.0192
train,1997-03-27,12.426,12.4838,0.0578
train,1997-03-28,6.63,6.4424,-0.1876
train,1997-03-29,5.22,5.2127,-0.0073
train,1997-03-30,5.75,5.7759,0.0259
train,1997-03-31,12.33,12.39,0.06
train,1997-04-01,9.92,10.0263,0.1063
train,1997-04-02,11.14,11.2854,0.1454
train,1997-04-03,11.93,11.9364,0.0064
train,1997-04-04,7.59,7.5333,-0.0567
train,1997-04-05,13.09,13.047,-0.043
train,1997-04-06,10.922,10.971,0.049
train,1997-04-07,3.66,3.6969,0.0369
train,1997-04-08,10.83,10.8324,0.0024
train,1997-04-09,13.248,13.246,-0.002
train,1997-04-10,6.86,6.8477,-0.0123
train,1997-04-11,11.02,10.9043,-0.1157
train,1997-04-12,10.958,11.0609,0.1029
train,1997-04-13,6.41,6.0376,-0.3724
train,1997-04-14,10.36,10.4162,0.0562
train,1997-04-15,5.17,5.175,0.005
train,1997-04-16,12.5,12.3451,-0.1549
train,1997-04-17,5.468,5.4676,-0.0004
train,1997-04-18,6.832,6.8811,0.0491
train,1997-04-19,5.38,5.3448,-0.0352
train,1997-04-20,11.5,11.5547,0.0547
train,1997-04-21,8.45,8.5161,0.0661
train,1997-04-22,11.79,11.8291,0.0391
train,1997-04-23,4.0,4.0236,0.0236
train,1997-04-24,4.58,4.5962,0.0162
train,1997-04-25,11.0,10.9718,-0.0282
train,1997-04-26,4.67,4.6645,-0.0055
train,1997-04-27,6.52,6.5486,0.0286
train,1997-04-28,13.22,13.1727,-0.0473
train,1997-04-29,5.724,5.786,0.062
train,1997-04-30,12.84,12.8427,0.0027
train,1997-05-01,12.83,12.8476,0.0176
train,1997-05-02,5.19,5.2421,0.0521
train,1997-05-03,12.092,12.0682,-0.0238
train,1997-05-04,10.84,10.8629,0.0229
train,1997-05-05,12.232,12.3128,0.0808
train,1997-05-06,5.1,5.1302,0.0302
train,1997-05-07,12.63,12.5541,-0.0759
train,1997-05-08,5.322,5.4162,0.0942
train,1997-05-09,9.324,9.3797,0.0557
train,1997-05-10,5.45,5.5352,0.0852
train,1997-05-11,4.67,4.665,-0.005
train,1997-05-12,4.868,4.807,-0.061
train,1997-05-13,4.53,4.4124,-0.1176
train,1997-05-14,5.152,5.2289,0.0769
train,1997-05-15,6.58,6.6506,0.0706
train,1997-05-16,12.79,12.6375,-0.1525
train,1997-05-17,12.62,12.4108,-0.2092
train,1997-05-18,12.4,12.5369,0.1369
train,1997-05-19,12.95,13.0319,0.0819
train,1997-05-20,6.39,6.4021,0.0121
train,1997-05-21,12.32,12.4932,0.1732
train,1997-05-22,12.692,12.6534,-0.0386
train,1997-05-23,4.15,4.1653,0.0153
train,1997-05-24,11.59,11.5992,0.0092
train,1997-05-25,7.6,7.5437,-0.0563
train,1997-05-26,11.612,11.5215,-0.0905
train,1997-05-27,11.97,12.0647,0.0947
train,1997-05-28,9.03,8.9956,-0.0344
train,1997-05-29,12.01,12.0235,0.0135
train,1997-05-30,5.01,4.979,-0.031
train,1997-05-31,5.95,5.9671,0.0171
train,1997-06-01,9.436,9.442,0.006
train,1997-06-02,5.29,5.2664,-0.0236
train,1997-06-03,4.3,4.2747,-0.0253
train,1997-06-04,11.45,11.4903,0.0403
train,1997-06-05,5.49,5.5215,0.0315
train,1997-06-06,5.86,5.8279,-0.0321
train,1997-06-07,13.39,13.4212,0.0312
train,1997-06-08,5.21,5.3258,0.1158
train,1997-06-09,7.388,7.3907,0.0027
train,1997-06-10,12.5,12.5311,0.0311
train,1997-06-11,10.392,10.4031,0.0111
train,1997-06-12,5.15,5.0632,-0.0868
train,1997-06-13,7.21,7.184,-0.026
train,1997-06-14,10.41,10.515,0.105
train,1997-06-15,5.02,5.0204,0.0004
train,1997-06-16,6.85,6.9306,0.0806
train,1997-06-17,4.82,4.8408,0.0208
train,1997-06-18,4.53,4.4627,-0.0673
train,1997-06-19,4.69,4.6547,-0.0353
train,1997-06-20,7.88,7.9488,0.0688
train,1997-06-21,6.64,6.6722,0.0322
train,1997-06-22,11.72,11.6493,-0.0707
train,1997-06-23,7.92,7.8416,-0.0784
train,1997-06-24,4.91,4.961,0.051
train,1997-06-25,8.56,8.5519,-0.0081
train,1997-06-26,12.764,12.7904,0.0264
train,1997-06-27,9.04,8.899,-0.141
train,1997-06-28,5.528,5.525,-0.003
train,1997-06-29,8.28,8.0696,-0.2104
train,1997-06-30,6.01,6.0403,0.0303
train,1997-07-01,6.03,6.1154,0.0854
train,1997-07-02,8.882,8.8142,-0.0678
train,1997-07-03,5.75,5.6891,-0.0609
train,1997-07-04,5.39,5.3214,-0.0686
train,1997-07-05,5.69,5.7577,0.0677
train,1997-07-06,4.86,4.8777,0.0177
train,1997-07-07,10.896,10.9647,0.0687
train,1997-07-08,9.076,9.2547,0.1787
train,1997-07-09,6.08,6.12,0.04
train,1997-07-10,5.07,5.0636,-0.0064
train,1997-07-11,6.186,6.1854,-0.0006
train,1997-07-12,13.1,13.1713,0.0713
train,1997-07-13,4.852,4.852,0.0
train,1997-07-14,5.19,5.0487,-0.1413
train,1997-07-15,7.36,7.4534,0.0934
train,1997-07-16,4.12,4.1587,0.0387
train,1997-07-17,5.744,5.5955,-0.1485
train,1997-07-18,5.53,5.5339,0.0039
train,1997-07-19,4.2,4.247,0.047
train,1997-07-20,5.872,5.8868,0.0148
train,1997-07-21,6.22,6.2111,-0.0089
train,1997-07-22,6.03,6.0464,0.0164
train,1997-07-23,7.572,7.5702,-0.0018
train,1997-07-24,8.73,8.6959,-0.0341
train,1997-07-25,10.938,10.7301,-0.2079
train,1997-07-26,7.2,7.2072,0.0072
train,1997-07-27,11.278,11.1425,-0.1355
train,1997-07-28,6.71,6.6802,-0.0298
train,1997-07-29,4.13,4.1161,-0.0139
train,1997-07-30,12.26,12.3113,0.0513
train,1997-07-31,7.348,7.3452,-0.0028
train,1997-08-01,8.616,8.5734,-0.0426
train,1997-08-02,6.83,6.8885,0.0585
train,1997-08-03,11.85,11.9195,0.0695
train,1997-08-04,11.862,11.9869,0.1249
train,1997-08-05,12.05,11.9633,-0.0867
train,1997-08-06,12.75,12.6553,-0.0947
train,1997-08-07,6.146,6.1229,-0.0231
train,1997-08-08,12.06,12.1797,0.1197
train,1997-08-09,4.61,4.5815,-0.0285
train,1997-08-10,5.03,5.1112,0.0812
train,1997-08-11,6.25,6.1772,-0.0728
train,1997-08-12,5.8,5.7272,-0.0728
train,1997-08-13,4.49,4.4952,0.0052
train,1997-08-14,5.776,5.7726,-0.0034
train,1997-08-15,4.87,4.8451,-0.0249
train,1997-08-16,4.62,4.6085,-0.0115
train,1997-08-17,4.772,4.7518,-0.0202
train,1997-08-18,4.796,4.8658,0.0698
train,1997-08-19,5.94,5.9249,-0.0151
train,1997-08-20,4.89,4.927,0.037
train,1997-08-21,7.39,7.4056,0.0156
train,1997-08-22,6.35,6.3326,-0.0174
train,1997-08-23,5.66,5.3084,-0.3516
train,1997-08-24,12.22,12.1709,-0.0491
train,1997-08-25,7.75,7.6296,-0.1204
train,1997-08-26,12.332,12.4442,0.1122
train,1997-08-27,6.75,6.8191,0.0691
train,1997-08-28,10.25,10.4845,0.2345
train,1997-08-29,6.198,6.2776,0.0796
train,1997-08-30,5.304,5.2824,-0.0216
train,1997-08-31,4.48,4.4913,0.0113
train,1997-09-01,9.632,9.6525,0.0205
train,1997-09-02,10.03,10.2518,0.2218
train,1997-09-03,8.84,8.7228,-0.1172
train,1997-09-04,11.55,11.5205,-0.0295
train,1997-09-05,13.228,13.2622,0.0342
train,1997-09-06,10.394,10.5767,0.1827
train,1997-09-07,12.93,12.9746,0.0446
train,1997-09-08,6.76,6.6812,-0.0788
train,1997-09-09,6.08,6.2077,0.1277
train,1997-09-10,5.658,5.63,-0.028
train,1997-09-11,5.15,5.1717,0.0217
train,1997-09-12,4.156,4.0764,-0.0796
train,1997-09-13,13.054,13.0774,0.0234
train,1997-09-14,5.07,5.0745,0.0045
train,1997-09-15,8.87,8.8489,-0.0211
train,1997-09-16,8.078,8.0995,0.0215
train,1997-09-17,4.474,4.4921,0.0181
train,1997-09-18,13.12,13.1804,0.0604
train,1997-09-19,11.08,11.2625,0.1825
train,1997-09-20,3.67,3.7585,0.0885
train,1997-09-21,5.64,5.5854,-0.0546
train,1997-09-22,5.96,5.7687,-0.1913
train,1997-09-23,5.79,5.4942,-0.2958
train,1997-09-24,5.76,5.8399,0.0799
train,1997-09-25,11.96,11.9512,-0.0088
train,1997-09-26,12.4,12.1816,-0.2184
train,1997-09-27,12.61,12.5954,-0.0146
train,1997-09-28,7.54,7.5435,0.0035
train,1997-09-29,12.098,12.1203,0.0223
train,1997-09-30,9.262,9.4277,0.1657
train,1997-10-01,10.292,10.3705,0.0785
train,1997-10-02,5.736,5.7697,0.0337
train,1997-10-03,5.84,5.8541,0.0141
train,1997-10-04,7.31,7.356,0.046
train,1997-10-05,5.38,5.3601,-0.0199
train,1997-10-06,5.31,5.2869,-0.0231
train,1997-10-07,4.604,4.497,-0.107
train,1997-10-08,5.4,5.3843,-0.0157
train,1997-10-09,4.98,4.8869,-0.0931
train,1997-10-10,5.3,5.3796,0.0796
train,1997-10-11,12.47,12.5063,0.0363
train,1997-10-12,4.37,4.4434,0.0734
train,1997-10-13,7.222,7.2522,0.0302
train,1997-10-14,9.472,9.4927,0.0207
train,1997-10-15,4.678,4.7301,0.0521
train,1997-10-16,13.35,13.3052,-0.0448
train,1997-10-17,4.96,4.9989,0.0389
train,1997-10-18,10.61,10.5791,-0.0309
train,1997-10-19,8.75,8.7813,0.0313
train,1997-10-20,9.178,9.318,0.14
train,1997-10-21,13.64,13.7024,0.0624
train,1997-10-22,8.26,8.2485,-0.0115
train,1997-10-23,4.442,4.4412,-0.0008
train,1997-10-24,10.11,10.1188,0.0088
train,1997-10-25,12.43,12.4599,0.0299
train,1997-10-26,5.2,5.1323,-0.0677
train,1997-10-27,5.84,5.8624,0.0224
train,1997-10-28,7.318,7.3096,-0.0084
train,1997-10-29,6.2,6.2317,0.0317
train,1997-10-30,4.872,4.8623,-0.0097
train,1997-10-31,5.74,5.7796,0.0396
train,1997-11-01,10.25,10.3187,0.0687
train,1997-11-02,4.848,4.8481,0.0001
train,1997-11-03,5.164,5.2132,0.0492
train,1997-11-04,12.118,12.1127,-0.0053
train,1997-11-05,4.81,4.7648,-0.0452
train,1997-11-06,7.164,7.1303,-0.0337
train,1997-11-07,12.798,12.5787,-0.2193
train,1997-11-08,3.43,3.4598,0.0298
train,1997-11-09,5.93,5.9541,0.0241
train,1997-11-10,9.15,9.1056,-0.0444
train,1997-11-11,10.128,10.2634,0.1354
train,1997-11-12,4.79,4.7349,-0.0551
train,1997-11-13,6.33,6.3292,-0.0008
train,1997-11-14,7.42,7.5032,0.0832
train,1997-11-15,5.34,5.2585,-0.0815
train,1997-11-16,7.49,7.5672,0.0772
train,1997-11-17,11.388,11.3601,-0.0279
train,1997-11-18,5.62,5.6125,-0.0075
train,1997-11-19,4.636,4.5939,-0.0421
train,1997-11-20,5.29,5.23,-0.06
train,1997-11-21,12.526,12.582,0.056
train,1997-11-22,5.18,5.1722,-0.0078
train,1997-11-23,6.472,6.4838,0.0118
train,1997-11-24,4.2,4.2614,0.0614
train,1997-11-25,10.2,10.3602,0.1602
train,1997-11-26,7.08,7.0719,-0.0081
train,1997-11-27,4.36,4.2652,-0.0948
train,1997-11-28,5.2,5.1356,-0.0644
train,1997-11-29,8.67,8.6183,-0.0517
train,1997-11-30,12.55,12.4733,-0.0767
train,1997-12-01,7.06,7.1623,0.1023
train,1997-12-02,11.622,11.6265,0.0045
train,1997-12-03,13.28,13.1999,-0.0801
train,1997-12-04,5.138,5.1741,0.0361
train,1997-12-05,13.56,13.4946,-0.0654
train,1997-12-06,6.31,6.3027,-0.0073
train,1997-12-07,12.322,12.3482,0.0262
train,1997-12-08,6.05,6.0099,-0.0401
train,1997-12-09,3.55,3.6014,0.0514
train,1997-12-10,7.38,7.424,0.044
train,1997-12-11,7.67,7.7326,0.0626
train,1997-12-12,8.86,8.9196,0.0596
train,1997-12-13,4.85,4.8506,0.0006
train,1997-12-14,4.166,4.254,0.088
train,1997-12-15,6.76,6.773,0.013
train,1997-12-16,5.48,5.3834,-0.0966
train,1997-12-17,5.94,5.9413,0.0013
train,1997-12-18,4.97,4.973,0.003
train,1997-12-19,7.83,7.6711,-0.1589
train,1997-12-20,13.986,13.8647,-0.1213
train,1997-12-21,12.36,12.2187,-0.1413
train,1997-12-22,6.89,6.9257,0.0357
train,1997-12-23,3.8,3.9062,0.1062
train,1997-12-24,12.17,11.9418,-0.2282
train,1997-12-25,5.412,5.3995,-0.0125
train,1997-12-26,4.46,4.4603,0.0003
train,1997-12-27,9.95,10.0947,0.1447
train,1997-12-28,5.43,5.4061,-0.0239
train,1997-12-29,11.67,11.8022,0.1322
train,1997-12-30,4.66,4.6461,-0.0139
train,1997-12-31,8.07,8.0324,-0.0376
train,1998-01-01,4.944,4.9449,0.0009
train,1998-01-02,6.29,6.266,-0.024
train,1998-01-03,12.25,12.1459,-0.1041
train,1998-01-04,13.69,13.6452,-0.0448
train,1998-01-05,8.374,8.602,0.228
train,1998-01-06,5.69,5.6248,-0.0652
train,1998-01-07,7.412,7.4524,0.0404
train,1998-01-08,11.82,11.8725,0.0525
train,1998-01-09,5.464,5.4327,-0.0313
train,1998-01-10,4.24,4.2126,-0.0274
train,1998-01-11,4.51,4.4222,-0.0878
train,1998-01-12,4.67,4.6794,0.0094
train,1998-01-13,11.742,11.8267,0.0847
train,1998-01-14,4.62,4.6755,0.0555
train,1998-01-15,8.73,8.6992,-0.0308
train,1998-01-16,12.08,11.7204,-0.3596
train,1998-01-17,5.66,5.655,-0.005
train,1998-01-18,12.91,12.8623,-0.0477
train,1998-01-19,10.79,10.8659,0.0759
train,1998-01-20,5.08,5.1107,0.0307
train,1998-01-21,8.82,8.8216,0.0016
train,1998-01-22,11.69,11.7475,0.0575
train,1998-01-23,4.74,4.7572,0.0172
train,1998-01-24,5.79,5.7558,-0.0342
train,1998-01-25,4.75,4.7745,0.0245
train,1998-01-26,7.88,7.8477,-0.0323
train,1998-01-27,5.76,5.798,0.038
train,1998-01-28,12.33,12.2822,-0.0478
train,1998-01-29,7.04,7.0438,0.0038
train,1998-01-30,13.44,13.3583,-0.0817
train,1998-01-31,4.54,4.5193,-0.0207
train,1998-02-01,9.526,9.4124,-0.1136
train,1998-02-02,7.92,7.9405,0.0205
train,1998-02-03,4.6,4.5786,-0.0214
train,1998-02-04,5.13,5.1695,0.0395
train,1998-02-05,13.05,12.9843,-0.0657
train,1998-02-06,6.7,6.7261,0.0261
train,1998-02-07,5.33,5.405,0.075
train,1998-02-08,4.748,4.7793,0.0313
train,1998-02-09,14.298,14.0949,-0.2031
train,1998-02-10,7.69,7.669,-0.021
train,1998-02-11,8.11,8.1272,0.0172
train,1998-02-12,11.188,11.2923,0.1043
train,1998-02-13,12.856,12.837,-0.019
train,1998-02-14,9.25,9.2672,0.0172
train,1998-02-15,9.746,9.7286,-0.0174
train,1998-02-16,6.57,6.5553,-0.0147
train,1998-02-17,4.588,4.5829,-0.0051
train,1998-02-18,5.87,5.8731,0.0031
train,1998-02-19,10.802,10.7932,-0.0088
train,1998-02-20,6.47,6.4844,0.0144
train,1998-02-21,9.1,9.0608,-0.0392
train,1998-02-22,8.13,8.1907,0.0607
train,1998-02-23,4.32,4.3266,0.0066
train,1998-02-24,6.474,6.4497,-0.0243
train,1998-02-25,4.736,4.7933,0.0573
train,1998-02-26,6.27,6.2045,-0.0655
train,1998-02-27,11.712,11.6795,-0.0325
train,1998-02-28,4.61,4.6947,0.0847
train,1998-03-01,5.66,5.6416,-0.0184
train,1998-03-02,5.228,5.2617,0.0337
train,1998-03-03,6.092,6.1386,0.0466
train,1998-03-04,6.81,6.7685,-0.0415
train,1998-03-05,8.192,8.1991,0.0071
train,1998-03-06,6.74,6.5999,-0.1401
train,1998-03-07,4.91,4.9327,0.0227
train,1998-03-08,5.568,5.5991,0.0311
train,1998-03-09,4.89,4.9137,0.0237
train,1998-03-10,5.82,5.8272,0.0072
train,1998-03-11,12.22,12.2526,0.0326
train,1998-03-12,3.39,3.4376,0.0476
train,1998-03-13,14.0,13.8556,-0.1444
train,1998-03-14,5.27,5.2648,-0.0052
train,1998-03-15,5.84,5.8431,0.0031
train,1998-03-16,12.94,12.9437,0.0037
train,1998-03-17,5.33,5.3639,0.0339
train,1998-03-18,5.65,5.6609,0.0109
train,1998-03-19,11.808,11.8906,0.0826
train,1998-03-20,10.62,10.4845,-0.1355
train,1998-03-21,11.584,11.6529,0.0689
train,1998-03-22,8.052,8.0497,-0.0023
train,1998-03-23,11.98,11.9172,-0.0628
train,1998-03-24,5.342,5.3837,0.0417
train,1998-03-25,12.348,12.2532,-0.0948
train,1998-03-26,5.51,5.516,0.006
train,1998-03-27,7.034,7.0368,0.0028
train,1998-03-28,3.54,3.6107,0.0707
train,1998-03-29,5.44,5.4622,0.0222
train,1998-03-30,5.2,5.218,0.018
train,1998-03-31,5.188,5.1358,-0.0522
train,1998-04-01,5.844,5.7675,-0.0765
train,1998-04-02,8.57,8.5704,0.0004
train,1998-04-03,5.22,5.2162,-0.0038
train,1998-04-04,6.8,6.7948,-0.0052
train,1998-04-05,5.3,5.2774,-0.0226
train,1998-04-06,7.08,7.1256,0.0456
train,1998-04-07,10.39,10.2424,-0.1476
train,1998-04-08,10.65,10.7021,0.0521
train,1998-04-09,5.188,5.2324,0.0444
train,1998-04-10,7.49,7.4968,0.0068
train,1998-04-11,5.308,5.3528,0.0448
train,1998-04-12,5.59,5.5635,-0.0265
train,1998-04-13,4.94,4.9862,0.0462
train,1998-04-14,3.96,3.9936,0.0336
train,1998-04-15,5.944,5.9572,0.0132
train,1998-04-16,3.61,3.6712,0.0612
train,1998-04-17,4.49,4.4542,-0.0358
train,1998-04-18,12.9,12.9032,0.0032
train,1998-04-19,5.61,5.5815,-0.0285
train,1998-04-20,5.89,5.8828,-0.0072
train,1998-04-21,7.49,7.4937,0.0037
train,1998-04-22,9.89,9.9747,0.0847
train,1998-04-23,11.14,11.1959,0.0559
train,1998-04-24,10.39,10.437,0.047
train,1998-04-25,6.92,6.8979,-0.0221
train,1998-04-26,6.21,6.2218,0.0118
train,1998-04-27,11.824,11.8702,0.0462
train,1998-04-28,13.3,13.2378,-0.0622
train,1998-04-29,8.502,8.5079,0.0059
train,1998-04-30,12.39,12.3896,-0.0004
train,1998-05-01,5.65,5.6832,0.0332
train,1998-05-02,6.942,6.8737,-0.0683
train,1998-05-03,7.73,7.7422,0.0122
train,1998-05-04,5.058,5.0439,-0.0141
train,1998-05-05,13.76,13.6751,-0.0849
train,1998-05-06,7.76,7.7948,0.0348
train,1998-05-07,10.31,10.2276,-0.0824
train,1998-05-08,6.046,6.0355,-0.0105
train,1998-05-09,6.662,6.5942,-0.0678
train,1998-05-10,10.94,10.9985,0.0585
train,1998-05-11,9.31,9.3322,0.0222
train,1998-05-12,6.63,6.5726,-0.0574
train,1998-05-13,5.3,5.309,0.009
train,1998-05-14,6.36,6.3096,-0.0504
train,1998-05-15,4.65,4.8011,0.1511
train,1998-05-16,5.01,4.9716,-0.0384
train,1998-05-17,4.48,4.5421,0.0621
train,1998-05-18,9.61,9.5989,-0.0111
train,1998-05-19,4.806,4.8393,0.0333
train,1998-05-20,13.12,13.0534,-0.0666
train,1998-05-21,6.8,6.7925,-0.0075
train,1998-05-22,5.428,5.4633,0.0353
train,1998-05-23,12.95,12.9067,-0.0433
train,1998-05-24,6.5,6.2397,-0.2603
train,1998-05-25,6.41,6.3521,-0.0579
train,1998-05-26,4.88,4.8999,0.0199
train,1998-05-27,5.824,5.8256,0.0016
train,1998-05-28,5.62,5.6327,0.0127
train,1998-05-29,4.55,4.5644,0.0144
train,1998-05-30,11.308,11.2303,-0.0777
train,1998-05-31,8.396,8.4333,0.0373
train,1998-06-01,6.65,6.636,-0.014
train,1998-06-02,6.384,6.2575,-0.1265
train,1998-06-03,6.97,6.951,-0.019
train,1998-06-04,7.78,7.6078,-0.1722
train,1998-06-05,4.69,4.6614,-0.0286
train,1998-06-06,4.888,4.8695,-0.0185
train,1998-06-07,12.32,12.3063,-0.0137
train,1998-06-08,8.342,8.297,-0.045
train,1998-06-09,12.38,12.2604,-0.1196
train,1998-06-10,6.12,6.1275,0.0075
train,1998-06-11,13.08,13.0547,-0.0253
train,1998-06-12,6.79,6.721,-0.069
train,1998-06-13,13.42,13.4039,-0.0161
train,1998-06-14,5.47,5.4351,-0.0349
train,1998-06-15,4.64,4.6336,-0.0064
train,1998-06-16,13.8,13.7035,-0.0965
train,1998-06-17,12.7,12.6731,-0.0269
train,1998-06-18,8.372,8.378,0.006
train,1998-06-19,5.56,5.5645,0.0045
train,1998-06-20,4.14,4.4051,0.2651
train,1998-06-21,8.81,8.6451,-0.1649
train,1998-06-22,8.34,8.4366,0.0966
train,1998-06-23,7.09,7.1844,0.0944
train,1998-06-24,5.216,5.1179,-0.0981
train,1998-06-25,5.54,5.5468,0.0068
train,1998-06-26,5.16,5.1349,-0.0251
train,1998-06-27,4.814,4.7759,-0.0381
train,1998-06-28,9.38,9.3721,-0.0079
train,1998-06-29,5.17,5.0869,-0.0831
train,1998-06-30,5.6,5.5608,-0.0392
train,1998-07-01,5.52,5.6319,0.1119
train,1998-07-02,4.616,4.685,0.069
train,1998-07-03,6.75,6.815,0.065
train,1998-07-04,4.87,4.8913,0.0213
train,1998-07-05,4.48,4.4015,-0.0785
train,1998-07-06,5.966,5.9797,0.0137
train,1998-07-07,12.044,12.1754,0.1314
train,1998-07-08,13.14,13.1665,0.0265
train,1998-07-09,10.314,10.2784,-0.0356
train,1998-07-10,10.884,10.8432,-0.0408
train,1998-07-11,6.806,6.7757,-0.0303
train,1998-07-12,6.11,6.1176,0.0076
train,1998-07-13,8.47,8.4674,-0.0026
train,1998-07-14,10.8,10.6989,-0.1011
train,1998-07-15,7.98,7.901,-0.079
train,1998-07-16,7.286,7.2683,-0.0177
train,1998-07-17,6.57,6.5355,-0.0345
train,1998-07-18,5.73,5.7454,0.0154
train,1998-07-19,6.1,6.1317,0.0317
train,1998-07-20,12.32,12.162,-0.158
train,1998-07-21,5.78,5.7959,0.0159
train,1998-07-22,10.792,10.8195,0.0275
train,1998-07-23,10.27,10.2819,0.0119
train,1998-07-24,6.35,6.3147,-0.0353
train,1998-07-25,5.208,5.2184,0.0104
train,1998-07-26,6.094,6.1154,0.0214
train,1998-07-27,8.194,8.2418,0.0478
train,1998-07-28,6.322,6.3094,-0.0126
train,1998-07-29,10.89,10.951,0.061
train,1998-07-30,12.84,12.8229,-0.0171
train,1998-07-31,12.972,12.9889,0.0169
train,1998-08-01,4.28,4.2965,0.0165
train,1998-08-02,6.39,6.4078,0.0178
train,1998-08-03,10.926,10.9907,0.0647
train,1998-08-04,12.292,12.2032,-0.0888
train,1998-08-05,4.982,4.9572,-0.0248
train,1998-08-06,12.61,12.4755,-0.1345
train,1998-08-07,5.36,5.3286,-0.0314
train,1998-08-08,7.66,7.5559,-0.1041
train,1998-08-09,12.418,12.4838,0.0658
train,1998-08-10,4.568,4.4577,-0.1103
train,1998-08-11,6.906,6.9089,0.0029
train,1998-08-12,6.58,6.5903,0.0103
train,1998-08-13,5.76,5.7072,-0.0528
train,1998-08-14,5.13,5.1754,0.0454
train,1998-08-15,10.66,10.6185,-0.0415
train,1998-08-16,4.91,4.9715,0.0615
train,1998-08-17,4.92,4.834,-0.086
train,1998-08-18,6.44,6.4345,-0.0055
train,1998-08-19,8.428,8.3705,-0.0575
train,1998-08-20,8.18,8.2216,0.0416
train,1998-08-21,3.42,3.4847,0.0647
train,1998-08-22,6.58,6.5862,0.0062
train,1998-08-23,5.26,5.192,-0.068
train,1998-08-24,5.4,5.3657,-0.0343
train,1998-08-25,5.21,5.2133,0.0033
train,1998-08-26,4.14,4.2146,0.0746
train,1998-08-27,11.778,11.7653,-0.0127
train,1998-08-28,13.618,13.5949,-0.0231
train,1998-08-29,4.56,4.5435,-0.0165
train,1998-08-30,8.328,8.4422,0.1142
train,1998-08-31,5.436,5.4711,0.0351
train,1998-09-01,5.31,5.3703,0.0603
train,1998-09-02,4.554,4.5429,-0.0111
train,1998-09-03,9.088,9.0823,-0.0057
train,1998-09-04,4.454,4.4971,0.0431
train,1998-09-05,4.184,4.2105,0.0265
train,1998-09-06,5.67,5.7442,0.0742
train,1998-09-07,10.67,10.7537,0.0837
train,1998-09-08,7.24,7.2652,0.0252
train,1998-09-09,6.6,6.5865,-0.0135
train,1998-09-10,4.25,4.2257,-0.0243
train,1998-09-11,9.996,9.7987,-0.1973
train,1998-09-12,6.01,6.0469,0.0369
train,1998-09-13,8.82,8.7978,-0.0222
train,1998-09-14,11.86,11.7207,-0.1393
train,1998-09-15,12.056,12.0475,-0.0085
train,1998-09-16,10.64,10.6637,0.0237
train,1998-09-17,4.46,4.471,0.011
train,1998-09-18,4.72,4.7244,0.0044
train,1998-09-19,5.24,5.2327,-0.0073
train,1998-09-20,5.47,5.5093,0.0393
train,1998-09-21,10.816,10.808,-0.008
train,1998-09-22,8.01,7.9902,-0.0198
train,1998-09-23,5.26,5.2725,0.0125
train,1998-09-24,12.3,12.1999,-0.1001
train,1998-09-25,7.044,7.0679,0.0239
train,1998-09-26,8.04,8.0108,-0.0292
train,1998-09-27,4.236,4.3111,0.0751
train,1998-09-28,12.41,12.5624,0.1524
train,1998-09-29,12.93,12.9099,-0.0201
train,1998-09-30,11.46,11.3586,-0.1014
train,1998-10-01,4.77,4.7743,0.0043
train,1998-10-02,6.658,6.6078,-0.0502
train,1998-10-03,4.03,4.1836,0.1536
train,1998-10-04,7.17,7.0794,-0.0906
train,1998-10-05,5.77,5.7618,-0.0082
train,1998-10-06,9.12,9.0178,-0.1022
train,1998-10-07,7.25,7.2634,0.0134
train,1998-10-08,4.8,4.8366,0.0366
train,1998-10-09,6.14,6.1536,0.0136
train,1998-10-10,9.18,9.1477,-0.0323
train,1998-10-11,12.13,12.1787,0.0487
train,1998-10-12,13.13,13.144,0.014
train,1998-10-13,12.27,12.3086,0.0386
train,1998-10-14,10.77,10.6553,-0.1147
train,1998-10-15,8.63,8.6336,0.0036
train,1998-10-16,13.238,13.2766,0.0386
train,1998-10-17,5.71,5.7106,0.0006
train,1998-10-18,12.002,11.9244,-0.0776
train,1998-10-19,5.95,5.9576,0.0076
train,1998-10-20,6.06,6.0395,-0.0205
train,1998-10-21,11.466,11.5751,0.1091
train,1998-10-22,6.75,6.7418,-0.0082
train,1998-10-23,5.92,5.9387,0.0187
train,1998-10-24,5.296,5.3385,0.0425
train,1998-10-25,4.51,4.4531,-0.0569
train,1998-10-26,9.32,9.3665,0.0465
train,1998-10-27,8.936,8.9243,-0.0117
train,1998-10-28,7.17,7.1558,-0.0142
train,1998-10-29,5.24,5.2233,-0.0167
train,1998-10-30,5.64,5.6673,0.0273
train,1998-10-31,7.08,7.0746,-0.0054
train,1998-11-01,11.234,11.2381,0.0041
train,1998-11-02,5.57,5.5592,-0.0108
train,1998-11-03,5.102,5.0798,-0.0222
train,1998-11-04,5.19,5.2134,0.0234
train,1998-11-05,12.622,12.6406,0.0186
train,1998-11-06,7.082,7.0755,-0.0065
train,1998-11-07,12.84,12.7245,-0.1155
train,1998-11-08,4.56,4.5327,-0.0273
train,1998-11-09,6.85,6.8344,-0.0156
train,1998-11-10,12.468,12.3543,-0.1137
train,1998-11-11,4.49,4.3985,-0.0915
train,1998-11-12,5.74,5.7704,0.0304
train,1998-11-13,11.87,11.7232,-0.1468
train,1998-11-14,12.6,12.3315,-0.2685
train,1998-11-15,5.23,5.2274,-0.0026
train,1998-11-16,5.65,5.6555,0.0055
train,1998-11-17,5.71,5.7288,0.0188
train,1998-11-18,11.866,11.8392,-0.0268
train,1998-11-19,5.29,5.3099,0.0199
train,1998-11-20,5.39,5.3896,-0.0004
train,1998-11-21,7.352,7.3477,-0.0043
train,1998-11-22,4.17,4.2178,0.0478
train,1998-11-23,4.51,4.4804,-0.0296
train,1998-11-24,7.19,7.1223,-0.0677
train,1998-11-25,6.22,6.191,-0.029
train,1998-11-26,9.61,9.6239,0.0139
train,1998-11-27,6.81,6.7777,-0.0323
train,1998-11-28,11.766,11.8256,0.0596
train,1998-11-29,6.59,6.5436,-0.0464
train,1998-11-30,9.83,9.8843,0.0543
train,1998-12-01,6.67,6.665,-0.005
train,1998-12-02,6.672,6.6632,-0.0088
train,1998-12-03,5.482,5.1042,-0.3778
train,1998-12-04,6.51,6.5062,-0.0038
train,1998-12-05,10.37,10.3238,-0.0462
train,1998-12-06,3.952,3.9687,0.0167
train,1998-12-07,6.78,6.8072,0.0272
train,1998-12-08,8.298,8.5672,0.2692
train,1998-12-09,11.87,11.8418,-0.0282
train,1998-12-10,4.962,4.9508,-0.0112
train,1998-12-11,6.192,6.0981,-0.0939
train,1998-12-12,7.27,7.216,-0.054
train,1998-12-13,8.1,8.1071,0.0071
train,1998-12-14,5.09,5.1838,0.0938
train,1998-12-15,9.75,9.742,-0.008
train,1998-12-16,12.57,12.678,0.108
train,1998-12-17,5.21,5.2102,0.0002
train,1998-12-18,5.57,5.554,-0.016
train,1998-12-19,4.678,4.6724,-0.0056
train,1998-12-20,12.392,12.3689,-0.0231
train,1998-12-21,5.83,5.8196,-0.0104
train,1998-12-22,5.528,5.563,0.035
train,1998-12-23,5.51,5.5438,0.0338
train,1998-12-24,7.57,7.5724,0.0024
train,1998-12-25,10.87,10.9628,0.0928
train,1998-12-26,11.964,12.081,0.117
train,1998-12-27,6.872,6.8722,0.0002
train,1998-12-28,4.824,4.8886,0.0646
train,1998-12-29,6.61,6.6212,0.0112
train,1998-12-30,9.51,9.5839,0.0739
train,1998-12-31,5.146,4.9782,-0.1678
train,1999-01-01,4.54,4.5445,0.0045
train,1999-01-02,13.228,13.2017,-0.0263
train,1999-01-03,4.64,4.6206,-0.0194
train,1999-01-04,9.74,9.5716,-0.1684
train,1999-01-05,7.058,7.0959,0.0379
train,1999-01-06,6.674,6.775,0.101
train,1999-01-07,4.842,4.8198,-0.0222
train,1999-01-08,4.16,4.1188,-0.0412
train,1999-01-09,4.92,4.8758,-0.0442
train,1999-01-10,4.31,4.3492,0.0392
train,1999-01-11,10.06,10.0486,-0.0114
train,1999-01-12,11.89,11.9566,0.0666
train,1999-01-13,5.82,5.8711,0.0511
train,1999-01-14,12.88,12.9729,0.0929
train,1999-01-15,11.86,11.7463,-0.1137
train,1999-01-16,6.04,6.0993,0.0593
train,1999-01-17,12.892,12.9248,0.0328
train,1999-01-18,5.018,5.0969,0.0789
train,1999-01-19,8.72,8.8053,0.0853
train,1999-01-20,10.46,10.4814,0.0214
train,1999-01-21,5.84,5.8494,0.0094
train,1999-01-22,6.1,6.1158,0.0158
train,1999-01-23,5.75,5.6813,-0.0687
train,1999-01-24,9.6,9.5457,-0.0543
train,1999-01-25,12.79,12.856,0.066
train,1999-01-26,5.41,5.3817,-0.0283
train,1999-01-27,5.062,5.1013,0.0393
train,1999-01-28,6.714,6.728,0.014
train,1999-01-29,8.4,8.4116,0.0116
train,1999-01-30,11.918,11.9316,0.0136
train,1999-01-31,7.48,7.5472,0.0672
train,1999-02-01,12.23,12.3654,0.1354
train,1999-02-02,5.2,5.0295,-0.1705
train,1999-02-03,11.33,11.4231,0.0931
train,1999-02-04,10.39,10.0395,-0.3505
train,1999-02-05,9.74,9.764,0.024
train,1999-02-06,4.55,4.4669,-0.0831
train,1999-02-07,12.74,12.702,-0.038
train,1999-02-08,13.68,13.5638,-0.1162
train,1999-02-09,9.97,9.9138,-0.0562
train,1999-02-10,9.7,9.6572,-0.0428
train,1999-02-11,13.04,13.2173,0.1773
train,1999-02-12,12.282,12.4538,0.1718
train,1999-02-13,10.516,10.5758,0.0598
train,1999-02-14,12.5,12.4506,-0.0494
train,1999-02-15,12.38,12.3266,-0.0534
train,1999-02-16,4.43,4.4817,0.0517
train,1999-02-17,5.492,5.5216,0.0296
train,1999-02-18,6.23,6.2513,0.0213
train,1999-02-19,13.04,13.0054,-0.0346
train,1999-02-20,4.96,4.9795,0.0195
train,1999-02-21,4.842,4.8505,0.0085
train,1999-02-22,5.65,5.6392,-0.0108
train,1999-02-23,6.4,6.3688,-0.0312
train,1999-02-24,12.806,12.7831,-0.0229
train,1999-02-25,8.95,9.1265,0.1765
train,1999-02-26,4.58,4.5458,-0.0342
train,1999-02-27,4.59,4.3809,-0.2091
train,1999-02-28,11.822,11.876,0.054
train,1999-03-01,12.6,12.6513,0.0513
train,1999-03-02,5.74,5.77,0.03
train,1999-03-03,5.55,5.5053,-0.0447
train,1999-03-04,12.692,12.8178,0.1258
train,1999-03-05,8.7,8.674,-0.026
train,1999-03-06,12.3,12.405,0.105
train,1999-03-07,4.434,4.4827,0.0487
train,1999-03-08,5.05,4.9761,-0.0739
train,1999-03-09,4.55,4.5097,-0.0403
train,1999-03-10,5.004,5.0154,0.0114
train,1999-03-11,11.79,11.7067,-0.0833
train,1999-03-12,13.91,13.8754,-0.0346
train,1999-03-13,5.196,5.2431,0.0471
train,1999-03-14,10.34,10.288,-0.052
train,1999-03-15,4.75,4.8126,0.0626
train,1999-03-16,10.77,10.6687,-0.1013
train,1999-03-17,13.95,13.872,-0.078
train,1999-03-18,5.74,5.7595,0.0195
train,1999-03-19,6.16,6.1748,0.0148
train,1999-03-20,5.11,5.0959,-0.0141
train,1999-03-21,5.81,5.8108,0.0008
train,1999-03-22,8.57,8.7064,0.1364
train,1999-03-23,8.46,8.403,-0.057
train,1999-03-24,5.31,5.3011,-0.0089
train,1999-03-25,5.67,5.6985,0.0285
train,1999-03-26,8.91,8.7614,-0.1486
train,1999-03-27,9.78,9.9994,0.2194
train,1999-03-28,4.3,4.3455,0.0455
train,1999-03-29,4.728,4.7418,0.0138
train,1999-03-30,5.72,5.7138,-0.0062
train,1999-03-31,5.47,5.5239,0.0539
train,1999-04-01,5.31,5.3329,0.0229
train,1999-04-02,4.966,4.8612,-0.1048
train,1999-04-03,11.94,11.9881,0.0481
train,1999-04-04,5.96,5.922,-0.038
train,1999-04-05,6.178,6.1777,-0.0003
train,1999-04-06,6.46,6.4747,0.0147
train,1999-04-07,3.97,4.0111,0.0411
train,1999-04-08,4.848,4.8573,0.0093
train,1999-04-09,5.088,5.0996,0.0116
train,1999-04-10,5.98,5.9736,-0.0064
train,1999-04-11,11.76,11.4985,-0.2615
train,1999-04-12,5.758,5.7903,0.0323
train,1999-04-13,5.28,5.3148,0.0348
train,1999-04-14,11.8,11.8827,0.0827
train,1999-04-15,5.244,5.3017,0.0577
train,1999-04-16,4.72,4.7591,0.0391
train,1999-04-17,5.63,5.636,0.006
train,1999-04-18,10.744,10.8626,0.1186
train,1999-04-19,7.934,7.9092,-0.0248
train,1999-04-20,11.928,11.9266,-0.0014
train,1999-04-21,5.322,5.4115,0.0895
train,1999-04-22,8.91,8.9261,0.0161
train,1999-04-23,7.23,7.0952,-0.1348
train,1999-04-24,11.418,11.3817,-0.0363
train,1999-04-25,8.24,8.0998,-0.1402
train,1999-04-26,6.85,6.7675,-0.0825
train,1999-04-27,5.882,6.1047,0.2227
train,1999-04-28,12.144,12.0908,-0.0532
train,1999-04-29,8.17,8.3675,0.1975
train,1999-04-30,5.88,5.8239,-0.0561
train,1999-05-01,12.24,12.2676,0.0276
train,1999-05-02,5.358,5.3614,0.0034
train,1999-05-03,11.58,11.591,0.011
train,1999-05-04,4.54,4.5994,0.0594
train,1999-05-05,4.66,4.647,-0.013
train,1999-05-06,8.808,8.8086,0.0006
train,1999-05-07,6.16,6.1578,-0.0022
train,1999-05-08,12.03,11.8991,-0.1309
train,1999-05-09,4.59,4.6275,0.0375
train,1999-05-10,7.92,7.9053,-0.0147
train,1999-05-11,5.54,5.5587,0.0187
train,1999-05-12,5.546,5.5119,-0.0341
train,1999-05-13,11.118,11.0127,-0.1053
train,1999-05-14,4.55,4.6085,0.0585
train,1999-05-15,5.17,5.1729,0.0029
train,1999-05-16,8.96,8.9863,0.0263
train,1999-05-17,12.02,12.0385,0.0185
train,1999-05-18,6.44,6.4779,0.0379
train,1999-05-19,8.37,8.4058,0.0358
train,1999-05-20,12.39,12.2413,-0.1487
train,1999-05-21,4.86,4.9059,0.0459
train,1999-05-22,5.13,5.129,-0.001
train,1999-05-23,4.56,4.4854,-0.0746
train,1999-05-24,8.262,8.2155,-0.0465
train,1999-05-25,12.74,12.5465,-0.1935
train,1999-05-26,5.43,5.2921,-0.1379
train,1999-05-27,5.28,5.3459,0.0659
train,1999-05-28,12.43,12.4842,0.0542
train,1999-05-29,6.22,6.2435,0.0235
train,1999-05-30,5.32,5.3547,0.0347
train,1999-05-31,12.37,12.4287,0.0587
train,1999-06-01,9.73,9.9576,0.2276
train,1999-06-02,4.71,4.6917,-0.0183
train,1999-06-03,5.04,5.0225,-0.0175
train,1999-06-04,8.78,8.8037,0.0237
train,1999-06-05,7.002,6.743,-0.259
train,1999-06-06,10.176,10.2283,0.0523
train,1999-06-07,4.68,4.7101,0.0301
train,1999-06-08,4.966,5.0578,0.0918
train,1999-06-09,12.34,12.3723,0.0323
train,1999-06-10,4.82,4.6133,-0.2067
train,1999-06-11,11.936,11.9078,-0.0282
train,1999-06-12,9.17,9.2535,0.0835
train,1999-06-13,6.11,6.1209,0.0109
train,1999-06-14,5.712,5.7327,0.0207
train,1999-06-15,12.21,12.1574,-0.0526
train,1999-06-16,7.5,7.4877,-0.0123
train,1999-06-17,4.88,4.87,-0.01
train,1999-06-18,11.356,11.3525,-0.0035
train,1999-06-19,6.24,6.2175,-0.0225
train,1999-06-20,11.96,12.0142,0.0542
train,1999-06-21,4.81,4.7971,-0.0129
train,1999-06-22,4.306,4.4291,0.1231
train,1999-06-23,4.314,4.3524,0.0384
train,1999-06-24,4.53,4.4801,-0.0499
train,1999-06-25,9.194,9.144,-0.05
train,1999-06-26,4.854,4.8142,-0.0398
train,1999-06-27,4.15,4.1953,0.0453
train,1999-06-28,4.46,4.4424,-0.0176
train,1999-06-29,13.23,13.3846,0.1546
train,1999-06-30,12.39,12.5444,0.1544
train,1999-07-01,11.55,11.4939,-0.0561
train,1999-07-02,4.01,4.0357,0.0257
train,1999-07-03,5.19,5.2194,0.0294
train,1999-07-04,13.88,13.7214,-0.1586
train,1999-07-05,5.882,5.8542,-0.0278
train,1999-07-06,8.4,8.4421,0.0421
train,1999-07-07,4.97,4.9678,-0.0022
train,1999-07-08,9.03,9.0899,0.0599
train,1999-07-09,11.71,11.6866,-0.0234
train,1999-07-10,11.662,11.7017,0.0397
train,1999-07-11,6.052,5.8995,-0.1525
train,1999-07-12,7.24,7.3282,0.0882
train,1999-07-13,11.836,11.8537,0.0177
train,1999-07-14,5.44,5.4494,0.0094
train,1999-07-15,7.96,7.9648,0.0048
train,1999-07-16,5.87,5.7557,-0.1143
train,1999-07-17,7.24,7.2433,0.0033
train,1999-07-18,5.37,5.4176,0.0476
train,1999-07-19,5.2,5.1885,-0.0115
train,1999-07-20,11.04,11.0393,-0.0007
train,1999-07-21,5.06,5.0764,0.0164
train,1999-07-22,8.12,8.1851,0.0651
train,1999-07-23,6.57,6.5591,-0.0109
train,1999-07-24,13.126,13.3133,0.1873
train,1999-07-25,7.752,7.7342,-0.0178
train,1999-07-26,9.75,9.7533,0.0033
train,1999-07-27,4.71,4.6912,-0.0188
train,1999-07-28,8.822,8.8072,-0.0148
train,1999-07-29,5.27,5.3652,0.0952
train,1999-07-30,10.24,10.3758,0.1358
train,1999-07-31,5.52,5.5301,0.0101
train,1999-08-01,10.3,10.3693,0.0693
train,1999-08-02,12.242,12.2287,-0.0133
train,1999-08-03,5.48,5.4616,-0.0184
train,1999-08-04,12.11,12.0928,-0.0172
train,1999-08-05,12.47,12.4795,0.0095
train,1999-08-06,4.73,4.6868,-0.0432
train,1999-08-07,5.78,5.7797,-0.0003
train,1999-08-08,6.582,6.4792,-0.1028
train,1999-08-09,4.784,4.725,-0.059
train,1999-08-10,8.094,8.166,0.072
train,1999-08-11,6.99,6.9889,-0.0011
train,1999-08-12,6.962,6.9524,-0.0096
train,1999-08-13,10.93,10.9017,-0.0283
train,1999-08-14,6.698,6.6866,-0.0114
train,1999-08-15,13.132,13.1355,0.0035
train,1999-08-16,6.33,6.3236,-0.0064
train,1999-08-17,6.77,6.7572,-0.0128
train,1999-08-18,5.37,5.289,-0.081
train,1999-08-19,4.85,4.8436,-0.0064
train,1999-08-20,5.126,5.0906,-0.0354
train,1999-08-21,13.75,13.6933,-0.0567
train,1999-08-22,12.2,12.1389,-0.0611
train,1999-08-23,4.02,4.0315,0.0115
train,1999-08-24,7.08,7.09,0.01
train,1999-08-25,5.038,5.1168,0.0788
train,1999-08-26,4.666,4.6646,-0.0014
train,1999-08-27,5.11,5.1478,0.0378
train,1999-08-28,8.72,8.6785,-0.0415
train,1999-08-29,7.57,7.5759,0.0059
train,1999-08-30,4.818,4.8689,0.0509
train,1999-08-31,4.41,4.4478,0.0378
train,1999-09-01,5.92,5.9498,0.0298
train,1999-09-02,5.3,5.3209,0.0209
train,1999-09-03,6.16,6.1223,-0.0377
train,1999-09-04,5.94,5.9411,0.0011
train,1999-09-05,5.73,5.7076,-0.0224
train,1999-09-06,6.408,6.4,-0.008
train,1999-09-07,11.65,11.5231,-0.1269
train,1999-09-08,10.28,10.1494,-0.1306
train,1999-09-09,5.444,5.4812,0.0372
train,1999-09-10,5.116,5.1959,0.0799
train,1999-09-11,4.66,4.5864,-0.0736
train,1999-09-12,3.69,3.6569,-0.0331
train,1999-09-13,10.304,10.2104,-0.0936
train,1999-09-14,7.05,7.0033,-0.0467
train,1999-09-15,4.22,4.1687,-0.0513
train,1999-09-16,9.7,9.6841,-0.0159
train,1999-09-17,6.8,6.899,0.099
train,1999-09-18,12.12,12.0766,-0.0434
train,1999-09-19,11.038,11.2115,0.1735
train,1999-09-20,7.332,7.3643,0.0323
train,1999-09-21,12.82,12.7156,-0.1044
train,1999-09-22,4.898,4.8541,-0.0439
train,1999-09-23,9.43,9.4573,0.0273
train,1999-09-24,5.19,5.1481,-0.0419
train,1999-09-25,5.57,5.5943,0.0243
train,1999-09-26,5.69,5.6566,-0.0334
train,1999-09-27,5.17,5.1849,0.0149
train,1999-09-28,5.272,5.2846,0.0126
train,1999-09-29,12.09,12.1977,0.1077
train,1999-09-30,7.748,7.7522,0.0042
train,1999-10-01,9.25,9.1317,-0.1183
train,1999-10-02,8.778,8.8086,0.0306
train,1999-10-03,5.84,5.8624,0.0224
train,1999-10-04,4.622,4.6706,0.0486
train,1999-10-05,12.6,12.5535,-0.0465
train,1999-10-06,5.76,5.7501,-0.0099
train,1999-10-07,13.29,13.1906,-0.0994
train,1999-10-08,10.39,10.3774,-0.0126
train,1999-10-09,3.74,3.7727,0.0327
train,1999-10-10,9.13,9.1053,-0.0247
train,1999-10-11,12.97,12.9793,0.0093
train,1999-10-12,5.744,5.6649,-0.0791
train,1999-10-13,13.47,13.4998,0.0298
train,1999-10-14,6.73,6.7505,0.0205
train,1999-10-15,4.84,4.848,0.008
train,1999-10-16,7.72,7.6938,-0.0262
train,1999-10-17,6.62,6.6151,-0.0049
train,1999-10-18,12.41,12.4414,0.0314
train,1999-10-19,10.542,10.6657,0.1237
train,1999-10-20,12.64,12.571,-0.069
train,1999-10-21,4.38,4.4191,0.0391
train,1999-10-22,5.48,5.4791,-0.0009
train,1999-10-23,7.0,6.9994,-0.0006
train,1999-10-24,5.216,5.2269,0.0109
train,1999-10-25,7.64,7.5747,-0.0653
train,1999-10-26,5.33,5.3195,-0.0105
train,1999-10-27,12.6,12.6143,0.0143
train,1999-10-28,4.9,4.9106,0.0106
train,1999-10-29,5.118,5.1574,0.0394
train,1999-10-30,6.084,5.9429,-0.1411
train,1999-10-31,3.84,3.8615,0.0215
train,1999-11-01,5.288,5.3076,0.0196
train,1999-11-02,5.12,5.0772,-0.0428
train,1999-11-03,10.734,10.8866,0.1526
train,1999-11-04,4.41,4.4148,0.0048
train,1999-11-05,12.554,12.5169,-0.0371
train,1999-11-06,4.666,4.5452,-0.1208
train,1999-11-07,4.614,4.68,0.066
train,1999-11-08,6.48,6.5161,0.0361
train,1999-11-09,8.04,7.8978,-0.1422
train,1999-11-10,4.26,4.3498,0.0898
train,1999-11-11,4.75,4.7145,-0.0355
train,1999-11-12,5.73,5.6771,-0.0529
train,1999-11-13,4.64,4.6917,0.0517
train,1999-11-14,5.61,5.7482,0.1382
train,1999-11-15,8.56,8.5803,0.0203
train,1999-11-16,10.44,10.3909,-0.0491
train,1999-11-17,7.74,7.7881,0.0481
train,1999-11-18,7.05,7.0212,-0.0288
train,1999-11-19,4.86,4.9067,0.0467
train,1999-11-20,6.49,6.3215,-0.1685
train,1999-11-21,11.87,11.814,-0.056
train,1999-11-22,5.45,5.4319,-0.0181
train,1999-11-23,4.96,4.9964,0.0364
train,1999-11-24,9.44,9.5272,0.0872
train,1999-11-25,12.55,12.4512,-0.0989
train,1999-11-26,5.51,5.4692,-0.0408
train,1999-11-27,11.866,11.9498,0.0838
train,1999-11-28,4.82,4.7952,-0.0248
train,1999-11-29,11.39,11.4062,0.0162
train,1999-11-30,3.81,3.7762,-0.0338
train,1999-12-01,6.38,6.3412,-0.0388
train,1999-12-02,4.85,4.9798,0.1298
train,1999-12-03,8.118,8.085,-0.033
train,1999-12-04,5.032,5.0435,0.0115
train,1999-12-05,7.714,7.7574,0.0434
train,1999-12-06,5.19,5.2229,0.0329
train,1999-12-07,4.63,4.597,-0.033
train,1999-12-08,12.99,12.8978,-0.0922
train,1999-12-09,5.5,5.4914,-0.0086
train,1999-12-10,4.784,4.8436,0.0596
train,1999-12-11,3.97,3.9484,-0.0216
train,1999-12-12,12.74,12.5613,-0.1787
train,1999-12-13,4.96,5.1146,0.1546
train,1999-12-14,8.19,8.1968,0.0068
train,1999-12-15,7.492,7.5384,0.0464
train,1999-12-16,4.9,4.8988,-0.0012
train,1999-12-17,6.714,6.7366,0.0226
train,1999-12-18,4.908,5.0971,0.1891
train,1999-12-19,6.988,7.0226,0.0346
train,1999-12-20,12.23,12.3121,0.0821
train,1999-12-21,7.784,7.863,0.079
train,1999-12-22,4.29,4.2157,-0.0743
train,1999-12-23,10.294,10.296,0.002
train,1999-12-24,10.67,10.6846,0.0146
train,1999-12-25,6.84,6.8432,0.0032
train,1999-12-26,6.54,6.5249,-0.0151
train,1999-12-27,9.44,9.4877,0.0477
train,1999-12-28,11.42,11.4468,0.0268
train,1999-12-29,12.46,12.5274,0.0674
train,1999-12-30,4.81,4.808,-0.002
train,1999-12-31,6.87,7.0088,0.1388
train,2000-01-01,4.91,4.9577,0.0477
train,2000-01-02,11.66,11.6888,0.0288
train,2000-01-03,12.17,12.4456,0.2756
train,2000-01-04,13.13,13.1616,0.0316
train,2000-01-05,6.412,6.3996,-0.0124
train,2000-01-06,4.958,5.064,0.106
train,2000-01-07,12.28,12.088,-0.192
train,2000-01-08,4.64,4.7732,0.1332
train,2000-01-09,11.95,12.0165,0.0665
train,2000-01-10,10.42,10.4425,0.0225
train,2000-01-11,6.03,6.0445,0.0145
train,2000-01-12,4.25,4.2093,-0.0407
train,2000-01-13,10.54,10.4932,-0.0468
train,2000-01-14,12.55,12.5454,-0.0046
train,2000-01-15,11.22,11.229,0.009
train,2000-01-16,4.9,4.9125,0.0125
train,2000-01-17,6.21,5.9358,-0.2742
train,2000-01-18,7.63,7.6462,0.0162
train,2000-01-19,5.65,5.725,0.075
train,2000-01-20,4.31,4.2975,-0.0125
train,2000-01-21,11.81,11.6871,-0.1229
train,2000-01-22,12.59,12.5978,0.0078
train,2000-01-23,5.71,5.7303,0.0203
train,2000-01-24,12.26,12.3864,0.1264
train,2000-01-25,5.254,5.2552,0.0012
train,2000-01-26,6.93,7.0194,0.0894
train,2000-01-27,5.24,5.2439,0.0039
train,2000-01-28,5.088,5.0903,0.0023
train,2000-01-29,5.55,5.5403,-0.0097
train,2000-01-30,11.44,11.5067,0.0667
train,2000-01-31,3.91,3.9994,0.0894
train,2000-02-01,10.95,10.8791,-0.0709
train,2000-02-02,11.654,11.7138,0.0598
train,2000-02-03,11.48,11.3461,-0.1339
train,2000-02-04,11.47,11.6223,0.1523
train,2000-02-05,10.88,10.884,0.004
train,2000-02-06,6.64,6.4411,-0.1989
train,2000-02-07,11.67,11.7658,0.0958
train,2000-02-08,11.64,11.6138,-0.0262
train,2000-02-09,5.71,5.6689,-0.0411
train,2000-02-10,10.01,10.084,0.074
train,2000-02-11,11.814,11.768,-0.046
train,2000-02-12,6.56,6.5738,0.0138
train,2000-02-13,7.2,7.1899,-0.0101
train,2000-02-14,8.22,8.2083,-0.0117
train,2000-02-15,11.102,11.1371,0.0351
train,2000-02-16,6.55,6.5324,-0.0176
train,2000-02-17,8.692,8.6317,-0.0603
train,2000-02-18,5.39,5.3392,-0.0508
train,2000-02-19,7.28,7.2949,0.0149
train,2000-02-20,5.23,5.2138,-0.0162
train,2000-02-21,12.09,12.0103,-0.0797
train,2000-02-22,5.0,5.1171,0.1171
train,2000-02-23,4.68,4.7233,0.0433
train,2000-02-24,8.3,8.3141,0.0141
train,2000-02-25,13.156,13.1875,0.0315
train,2000-02-26,12.85,12.8371,-0.0129
train,2000-02-27,6.576,6.6418,0.0658
train,2000-02-28,10.0,9.8704,-0.1296
train,2000-02-29,3.96,4.0249,0.0649
train,2000-03-01,5.242,5.2616,0.0196
train,2000-03-02,9.01,8.9587,-0.0513
train,2000-03-03,9.23,9.2409,0.0109
train,2000-03-04,6.832,6.8604,0.0284
train,2000-03-05,4.33,4.402,0.072
train,2000-03-06,12.14,12.2264,0.0864
train,2000-03-07,9.84,9.7954,-0.0446
train,2000-03-08,12.78,12.7765,-0.0035
train,2000-03-09,4.68,4.7023,0.0223
train,2000-03-10,11.2,11.1167,-0.0833
train,2000-03-11,12.69,12.8174,0.1274
train,2000-03-12,8.13,8.1979,0.0679
train,2000-03-13,5.5,5.4929,-0.0071
train,2000-03-14,7.17,7.1421,-0.0279
train,2000-03-15,4.542,4.7412,0.1992
train,2000-03-16,5.39,5.4132,0.0232
train,2000-03-17,12.054,12.1849,0.1309
train,2000-03-18,4.29,4.3658,0.0758
train,2000-03-19,4.52,4.5093,-0.0107
train,2000-03-20,7.27,7.2997,0.0297
train,2000-03-21,12.31,12.3364,0.0264
train,2000-03-22,12.7,12.8217,0.1217
train,2000-03-23,5.77,5.7954,0.0254
train,2000-03-24,11.83,11.8922,0.0622
train,2000-03-25,5.22,5.1774,-0.0426
train,2000-03-26,6.68,6.5563,-0.1237
train,2000-03-27,4.29,4.4021,0.1121
train,2000-03-28,6.9,6.8962,-0.0038
train,2000-03-29,5.05,5.0538,0.0038
train,2000-03-30,6.25,6.2718,0.0218
train,2000-03-31,4.622,4.6548,0.0328
train,2000-04-01,5.16,5.1533,-0.0067
train,2000-04-02,7.426,7.4118,-0.0142
train,2000-04-03,13.47,13.4201,-0.0499
train,2000-04-04,12.1,12.1727,0.0727
train,2000-04-05,5.43,5.3726,-0.0574
train,2000-04-06,12.062,11.9245,-0.1375
train,2000-04-07,8.052,8.0283,-0.0237
train,2000-04-08,13.15,13.1395,-0.0105
train,2000-04-09,4.63,4.6097,-0.0203
train,2000-04-10,4.53,4.5101,-0.0199
train,2000-04-11,13.43,13.4012,-0.0288
train,2000-04-12,5.842,5.8516,0.0096
train,2000-04-13,5.17,5.0936,-0.0764
train,2000-04-14,6.21,6.2332,0.0232
train,2000-04-15,4.458,4.4786,0.0206
train,2000-04-16,4.26,4.345,0.085
train,2000-04-17,5.4,5.4046,0.0046
train,2000-04-18,5.6,5.6427,0.0427
train,2000-04-19,7.1,7.1403,0.0403
train,2000-04-20,7.392,7.4117,0.0197
train,2000-04-21,6.96,6.8532,-0.1068
train,2000-04-22,9.762,9.7653,0.0033
train,2000-04-23,6.532,6.6351,0.1031
train,2000-04-24,7.278,7.3055,0.0275
train,2000-04-25,5.83,5.8755,0.0455
train,2000-04-26,12.94,13.0089,0.0689
train,2000-04-27,8.45,8.5311,0.0811
train,2000-04-28,7.12,7.0798,-0.0402
train,2000-04-29,11.44,11.4876,0.0476
train,2000-04-30,6.614,6.5659,-0.0481
train,2000-05-01,6.302,6.3192,0.0172
train,2000-05-02,4.108,4.1879,0.0799
train,2000-05-03,7.88,7.8728,-0.0072
train,2000-05-04,4.62,4.6392,0.0192
train,2000-05-05,7.4,7.4114,0.0114
train,2000-05-06,7.7,7.5808,-0.1192
train,2000-05-07,5.17,5.156,-0.014
train,2000-05-08,4.808,4.7954,-0.0126
train,2000-05-09,5.94,5.9099,-0.0301
train,2000-05-10,5.218,5.3011,0.0831
train,2000-05-11,6.8,6.5458,-0.2542
train,2000-05-12,6.712,6.7508,0.0388
train,2000-05-13,5.564,5.5749,0.0109
train,2000-05-14,6.806,6.8029,-0.0031
train,2000-05-15,5.46,5.453,-0.007
train,2000-05-16,11.316,11.2278,-0.0882
train,2000-05-17,6.59,6.5184,-0.0716
train,2000-05-18,7.09,6.9914,-0.0986
train,2000-05-19,4.49,4.5084,0.0184
train,2000-05-20,8.96,8.9495,-0.0105
train,2000-05-21,5.42,5.5154,0.0954
train,2000-05-22,5.15,5.1495,-0.0005
train,2000-05-23,4.586,4.6131,0.0271
train,2000-05-24,13.65,13.5595,-0.0905
train,2000-05-25,11.97,12.0145,0.0445
train,2000-05-26,6.618,6.646,0.028
train,2000-05-27,6.51,6.5038,-0.0062
train,2000-05-28,5.76,5.8138,0.0538
train,2000-05-29,4.86,4.8174,-0.0426
train,2000-05-30,5.59,5.5411,-0.0489
train,2000-05-31,8.588,8.5045,-0.0835
train,2000-06-01,7.694,7.6977,0.0037
train,2000-06-02,5.23,5.2616,0.0316
train,2000-06-03,5.15,5.1085,-0.0415
train,2000-06-04,6.6,6.5786,-0.0214
train,2000-06-05,12.25,12.2228,-0.0272
train,2000-06-06,6.294,6.3179,0.0239
train,2000-06-07,5.968,5.9651,-0.0029
train,2000-06-08,4.616,4.5895,-0.0265
train,2000-06-09,8.888,8.5809,-0.3071
train,2000-06-10,3.792,3.8283,0.0363
train,2000-06-11,4.66,4.656,-0.004
train,2000-06-12,11.73,11.8657,0.1357
train,2000-06-13,6.346,6.3617,0.0157
train,2000-06-14,10.8,10.8424,0.0424
train,2000-06-15,8.372,8.3283,-0.0437
train,2000-06-16,4.9,4.922,0.022
train,2000-06-17,5.79,5.7615,-0.0285
train,2000-06-18,6.706,6.6724,-0.0336
train,2000-06-19,6.42,6.439,0.019
train,2000-06-20,6.14,6.1058,-0.0342
train,2000-06-21,13.43,13.4189,-0.0111
train,2000-06-22,13.49,13.485,-0.005
train,2000-06-23,4.67,4.6758,0.0058
train,2000-06-24,7.63,7.6222,-0.0078
train,2000-06-25,13.0,13.008,0.008
train,2000-06-26,13.03,12.9527,-0.0773
train,2000-06-27,5.43,5.434,0.004
train,2000-06-28,5.062,5.078,0.016
train,2000-06-29,6.42,6.3701,-0.0499
train,2000-06-30,5.16,5.1703,0.0103
train,2000-07-01,4.91,4.9198,0.0098
train,2000-07-02,7.566,7.564,-0.002
train,2000-07-03,7.64,7.6306,-0.0094
train,2000-07-04,9.05,9.102,0.052
train,2000-07-05,9.36,8.9962,-0.3638
train,2000-07-06,5.17,5.1307,-0.0393
train,2000-07-07,5.32,5.3776,0.0576
train,2000-07-08,4.864,4.9342,0.0702
train,2000-07-09,7.458,7.4046,-0.0534
train,2000-07-10,11.766,11.8061,0.0401
train,2000-07-11,10.424,10.5673,0.1433
train,2000-07-12,14.034,13.9812,-0.0528
train,2000-07-13,4.13,4.1816,0.0516
train,2000-07-14,3.84,3.9042,0.0642
train,2000-07-15,9.73,9.8143,0.0843
train,2000-07-16,12.87,12.7871,-0.0829
train,2000-07-17,11.826,11.8376,0.0116
train,2000-07-18,7.106,7.1495,0.0435
train,2000-07-19,8.242,8.3007,0.0587
train,2000-07-20,5.54,5.5259,-0.0141
train,2000-07-21,6.288,6.2199,-0.0681
train,2000-07-22,7.288,7.2796,-0.0084
train,2000-07-23,7.682,7.7269,0.0449
train,2000-07-24,4.962,4.9364,-0.0256
train,2000-07-25,7.43,7.3028,-0.1272
train,2000-07-26,4.79,4.7289,-0.0611
train,2000-07-27,11.698,11.9272,0.2292
train,2000-07-28,8.45,8.5462,0.0962
train,2000-07-29,10.524,10.6157,0.0917
train,2000-07-30,12.33,12.4491,0.1191
train,2000-07-31,4.798,4.8438,0.0458
train,2000-08-01,4.71,4.7128,0.0028
train,2000-08-02,8.08,8.0703,-0.0097
train,2000-08-03,13.11,12.9795,-0.1305
train,2000-08-04,3.96,4.06,0.1
train,2000-08-05,4.93,4.9208,-0.0092
train,2000-08-06,8.328,8.6538,0.3258
train,2000-08-07,12.922,12.9542,0.0322
train,2000-08-08,7.3,7.3166,0.0166
train,2000-08-09,5.78,5.8287,0.0487
train,2000-08-10,8.012,8.0235,0.0115
train,2000-08-11,4.62,4.6314,0.0114
train,2000-08-12,4.656,4.6595,0.0035
train,2000-08-13,8.6,8.6052,0.0052
train,2000-08-14,12.49,12.4732,-0.0168
train,2000-08-15,5.61,5.6197,0.0097
train,2000-08-16,13.21,13.2013,-0.0087
train,2000-08-17,7.78,7.7583,-0.0217
train,2000-08-18,6.32,6.4207,0.1007
train,2000-08-19,5.07,5.1362,0.0662
train,2000-08-20,4.42,4.3958,-0.0242
train,2000-08-21,12.7,12.7295,0.0295
train,2000-08-22,12.512,12.4074,-0.1046
train,2000-08-23,5.24,5.4638,0.2238
train,2000-08-24,5.49,5.46,-0.03
train,2000-08-25,7.19,7.3309,0.1409
train,2000-08-26,5.89,5.9086,0.0186
train,2000-08-27,5.446,5.4736,0.0276
train,2000-08-28,5.65,5.5454,-0.1046
train,2000-08-29,12.14,12.0717,-0.0683
train,2000-08-30,6.54,6.4416,-0.0984
train,2000-08-31,3.834,3.8408,0.0068
train,2000-09-01,5.596,5.5715,-0.0245
train,2000-09-02,4.89,4.8743,-0.0157
train,2000-09-03,12.19,12.237,0.047
train,2000-09-04,4.96,4.9509,-0.0091
train,2000-09-05,8.668,8.6297,-0.0383
train,2000-09-06,4.788,4.7151,-0.0729
train,2000-09-07,12.79,12.4547,-0.3353
train,2000-09-08,6.39,6.3782,-0.0118
train,2000-09-09,4.57,4.6278,0.0578
train,2000-09-10,7.53,7.5569,0.0269
train,2000-09-11,5.67,5.6381,-0.0319
train,2000-09-12,7.35,7.363,0.013
train,2000-09-13,5.65,5.6298,-0.0202
train,2000-09-14,6.1,6.0637,-0.0363
train,2000-09-15,4.78,4.8354,0.0554
train,2000-09-16,12.562,12.5364,-0.0256
train,2000-09-17,11.73,11.8393,0.1093
train,2000-09-18,6.69,6.5381,-0.1519
train,2000-09-19,4.63,4.6644,0.0344
train,2000-09-20,8.248,8.1397,-0.1083
train,2000-09-21,4.498,4.6176,0.1196
train,2000-09-22,11.64,11.6104,-0.0296
train,2000-09-23,11.53,11.6588,0.1288
train,2000-09-24,4.2,4.2751,0.0751
train,2000-09-25,6.92,6.8717,-0.0483
train,2000-09-26,11.4,11.3722,-0.0278
train,2000-09-27,6.37,6.4099,0.0399
train,2000-09-28,5.21,5.1954,-0.0146
train,2000-09-29,4.892,4.7448,-0.1472
train,2000-09-30,11.71,11.7083,-0.0017
train,2000-10-01,9.088,9.07,-0.018
train,2000-10-02,5.27,5.2934,0.0234
train,2000-10-03,4.13,4.17,0.04
train,2000-10-04,4.19,4.1327,-0.0573
train,2000-10-05,8.476,8.2945,-0.1815
train,2000-10-06,7.678,7.6905,0.0125
train,2000-10-07,10.992,10.994,0.002
train,2000-10-08,6.59,6.5814,-0.0086
train,2000-10-09,5.31,5.3648,0.0548
train,2000-10-10,11.06,11.2156,0.1556
train,2000-10-11,6.146,6.1832,0.0372
train,2000-10-12,5.072,5.1401,0.0681
train,2000-10-13,6.64,6.5988,-0.0412
train,2000-10-14,4.986,4.9676,-0.0184
train,2000-10-15,5.474,5.4366,-0.0374
train,2000-10-16,11.664,11.685,0.021
train,2000-10-17,4.75,4.8319,0.0819
train,2000-10-18,11.28,10.8136,-0.4664
train,2000-10-19,6.1,6.1245,0.0245
train,2000-10-20,5.56,5.5658,0.0058
train,2000-10-21,4.73,4.739,0.009
train,2000-10-22,9.69,9.6684,-0.0216
train,2000-10-23,10.8,10.7344,-0.0656
train,2000-10-24,5.02,5.0114,-0.0086
train,2000-10-25,4.848,5.0129,0.1649
train,2000-10-26,12.758,12.7922,0.0342
train,2000-10-27,3.95,3.9416,-0.0084
train,2000-10-28,11.81,11.8393,0.0293
train,2000-10-29,5.874,5.7976,-0.0764
train,2000-10-30,5.32,5.3008,-0.0192
train,2000-10-31,7.85,7.9445,0.0945
train,2000-11-01,6.36,6.3726,0.0126
train,2000-11-02,5.466,5.3932,-0.0728
train,2000-11-03,5.044,4.9393,-0.1047
train,2000-11-04,7.13,7.1157,-0.0143
train,2000-11-05,4.61,4.6696,0.0596
train,2000-11-06,4.484,4.5038,0.0198
train,2000-11-07,12.43,12.2823,-0.1477
train,2000-11-08,5.73,5.7254,-0.0046
train,2000-11-09,12.094,12.1534,0.0594
train,2000-11-10,6.754,6.85,0.096
train,2000-11-11,6.178,6.1663,-0.0117
train,2000-11-12,4.126,3.9051,-0.2209
train,2000-11-13,6.558,6.5577,-0.0003
train,2000-11-14,12.45,12.4268,-0.0232
train,2000-11-15,5.27,5.2575,-0.0125
train,2000-11-16,9.82,9.8579,0.0379
train,2000-11-17,6.63,6.6416,0.0116
train,2000-11-18,5.88,5.8864,0.0064
train,2000-11-19,5.186,5.1583,-0.0277
train,2000-11-20,7.97,8.0407,0.0707
train,2000-11-21,4.53,4.5977,0.0677
train,2000-11-22,7.618,7.6203,0.0023
train,2000-11-23,5.39,5.5183,0.1283
train,2000-11-24,7.41,7.5775,0.1675
train,2000-11-25,5.38,5.3812,0.0012
train,2000-11-26,5.35,5.322,-0.028
train,2000-11-27,7.25,7.2157,-0.0343
train,2000-11-28,5.65,5.5724,-0.0776
train,2000-11-29,12.086,12.1438,0.0578
train,2000-11-30,5.23,5.2637,0.0337
train,2000-12-01,13.16,13.2755,0.1155
train,2000-12-02,12.91,12.9024,-0.0076
train,2000-12-03,5.21,5.1374,-0.0726
train,2000-12-04,4.8,4.7822,-0.0178
train,2000-12-05,6.65,6.7825,0.1325
train,2000-12-06,3.95,3.9416,-0.0084
train,2000-12-07,9.002,9.0501,0.0481
train,2000-12-08,5.46,5.4161,-0.0439
train,2000-12-09,6.3,6.304,0.004
train,2000-12-10,7.68,7.6583,-0.0217
train,2000-12-11,7.91,7.8022,-0.1078
train,2000-12-12,5.156,5.0927,-0.0633
train,2000-12-13,4.636,4.596,-0.04
train,2000-12-14,4.93,4.9572,0.0272
train,2000-12-15,5.64,5.6442,0.0042
train,2000-12-16,5.53,5.5382,0.0082
train,2000-12-17,5.01,5.0281,0.0181
train,2000-12-18,5.24,5.2405,0.0005
train,2000-12-19,5.7,5.7377,0.0377
train,2000-12-20,7.192,7.1748,-0.0172
train,2000-12-21,6.208,6.1059,-0.1021
train,2000-12-22,6.47,6.4655,-0.0045
train,2000-12-23,7.04,7.0596,0.0196
train,2000-12-24,7.832,7.8222,-0.0098
train,2000-12-25,9.12,9.1528,0.0328
train,2000-12-26,12.33,12.3663,0.0363
train,2000-12-27,6.58,6.6106,0.0306
train,2000-12-28,6.42,6.3927,-0.0273
train,2000-12-29,5.39,5.3559,-0.0341
train,2000-12-30,4.66,4.6419,-0.0181
train,2000-12-31,11.64,11.5906,-0.0494
train,2001-01-01,11.67,11.6555,-0.0145
train,2001-01-02,12.65,12.4369,-0.2131
train,2001-01-03,12.95,12.8312,-0.1188
train,2001-01-04,12.12,12.1549,0.0349
train,2001-01-05,7.35,7.3264,-0.0236
train,2001-01-06,12.132,12.1081,-0.0239
train,2001-01-07,6.4,6.4371,0.0371
train,2001-01-08,6.552,6.5334,-0.0186
train,2001-01-09,6.526,6.5011,-0.0249
train,2001-01-10,13.136,12.9373,-0.1987
train,2001-01-11,13.36,13.3489,-0.0111
train,2001-01-12,8.232,8.2316,-0.0004
train,2001-01-13,5.16,5.1524,-0.0076
train,2001-01-14,4.576,4.5856,0.0096
train,2001-01-15,11.59,11.7311,0.1411
train,2001-01-16,4.9,4.8805,-0.0195
train,2001-01-17,12.97,13.0658,0.0958
train,2001-01-18,8.946,8.8856,-0.0604
train,2001-01-19,5.28,5.2976,0.0176
train,2001-01-20,5.41,5.388,-0.022
train,2001-01-21,5.38,5.36,-0.02
train,2001-01-22,5.48,5.4043,-0.0757
train,2001-01-23,4.742,4.4675,-0.2745
train,2001-01-24,5.97,5.9193,-0.0507
train,2001-01-25,11.84,11.7453,-0.0947
train,2001-01-26,5.4,5.4498,0.0498
train,2001-01-27,5.02,4.975,-0.045
train,2001-01-28,12.08,12.1717,0.0917
train,2001-01-29,6.17,6.1602,-0.0098
train,2001-01-30,4.848,4.8288,-0.0192
train,2001-01-31,7.924,7.9604,0.0364
train,2001-02-01,7.99,7.9416,-0.0484
train,2001-02-02,13.42,13.3502,-0.0698
train,2001-02-03,6.25,6.2486,-0.0014
train,2001-02-04,5.31,5.3372,0.0272
train,2001-02-05,10.24,10.1816,-0.0584
train,2001-02-06,5.426,5.3501,-0.0759
train,2001-02-07,5.98,5.9561,-0.0239
train,2001-02-08,5.298,5.3328,0.0348
train,2001-02-09,5.02,5.016,-0.004
train,2001-02-10,5.05,5.0645,0.0145
train,2001-02-11,5.44,5.4714,0.0314
train,2001-02-12,5.21,5.1944,-0.0156
train,2001-02-13,6.15,6.1956,0.0456
train,2001-02-14,6.75,6.7598,0.0098
train,2001-02-15,4.514,4.5273,0.0133
train,2001-02-16,4.752,4.7974,0.0454
train,2001-02-17,5.92,5.9077,-0.0123
train,2001-02-18,10.77,10.7864,0.0164
train,2001-02-19,11.63,11.6104,-0.0196
train,2001-02-20,4.994,5.03,0.036
train,2001-02-21,6.66,6.6925,0.0325
train,2001-02-22,8.26,8.2814,0.0214
train,2001-02-23,11.534,11.4419,-0.0921
train,2001-02-24,11.24,11.0829,-0.1571
train,2001-02-25,10.112,10.2217,0.1097
train,2001-02-26,6.038,6.0396,0.0016
train,2001-02-27,7.36,7.357,-0.003
train,2001-02-28,5.666,5.6255,-0.0405
train,2001-03-01,5.232,5.1874,-0.0446
train,2001-03-02,13.134,13.2084,0.0744
train,2001-03-03,5.242,5.196,-0.046
train,2001-03-04,12.52,12.4772,-0.0428
train,2001-03-05,11.99,12.0025,0.0125
train,2001-03-06,6.71,6.8244,0.1144
train,2001-03-07,4.84,4.837,-0.003
train,2001-03-08,12.838,12.8981,0.0601
train,2001-03-09,4.77,4.7104,-0.0596
train,2001-03-10,8.67,8.6641,-0.0059
train,2001-03-11,9.06,9.1187,0.0587
train,2001-03-12,11.18,11.0228,-0.1572
train,2001-03-13,7.014,6.9971,-0.0169
train,2001-03-14,8.62,8.6077,-0.0123
train,2001-03-15,4.954,5.0661,0.1121
train,2001-03-16,11.422,11.4965,0.0745
train,2001-03-17,11.162,11.1986,0.0366
train,2001-03-18,10.76,10.8363,0.0763
train,2001-03-19,3.67,3.7161,0.0461
train,2001-03-20,5.22,5.1995,-0.0205
train,2001-03-21,4.386,4.552,0.166
train,2001-03-22,7.474,7.4546,-0.0194
train,2001-03-23,12.06,12.0956,0.0356
train,2001-03-24,7.604,7.5015,-0.1025
train,2001-03-25,7.442,7.4664,0.0244
train,2001-03-26,5.038,5.1776,0.1396
train,2001-03-27,5.882,5.719,-0.163
train,2001-03-28,11.56,11.3343,-0.2257
train,2001-03-29,6.232,6.22,-0.012
train,2001-03-30,12.326,12.3703,0.0443
train,2001-03-31,4.678,4.6724,-0.0056
train,2001-04-01,6.732,6.7458,0.0138
train,2001-04-02,5.79,5.8298,0.0398
train,2001-04-03,11.97,12.0343,0.0643
train,2001-04-04,4.99,5.0223,0.0323
train,2001-04-05,3.78,3.6766,-0.1034
train,2001-04-06,6.1,6.1741,0.0741
train,2001-04-07,13.294,13.2838,-0.0102
train,2001-04-08,5.86,5.7696,-0.0904
train,2001-04-09,5.176,5.158,-0.018
train,2001-04-10,3.86,3.9253,0.0653
train,2001-04-11,9.152,9.2548,0.1028
train,2001-04-12,6.48,6.4826,0.0026
train,2001-04-13,7.77,7.7106,-0.0594
train,2001-04-14,4.65,4.6926,0.0426
train,2001-04-15,4.44,4.3573,-0.0827
train,2001-04-16,9.872,9.9569,0.0849
train,2001-04-17,6.81,6.7838,-0.0262
train,2001-04-18,10.78,10.5717,-0.2083
train,2001-04-19,5.23,5.1998,-0.0302
train,2001-04-20,4.082,4.0107,-0.0713
train,2001-04-21,6.648,6.6546,0.0066
train,2001-04-22,5.57,5.5706,0.0006
train,2001-04-23,5.23,5.1498,-0.0802
train,2001-04-24,4.86,4.8546,-0.0054
train,2001-04-25,6.72,6.7294,0.0094
train,2001-04-26,4.61,4.5865,-0.0235
train,2001-04-27,4.566,4.6102,0.0442
train,2001-04-28,7.312,7.2679,-0.0441
train,2001-04-29,6.37,6.3867,0.0167
train,2001-04-30,4.15,4.1878,0.0378
train,2001-05-01,11.25,11.3215,0.0715
train,2001-05-02,8.216,8.2157,-0.0003
train,2001-05-03,12.99,13.0828,0.0928
train,2001-05-04,13.01,12.9594,-0.0506
train,2001-05-05,4.48,4.4757,-0.0043
train,2001-05-06,10.956,10.9416,-0.0144
train,2001-05-07,12.42,12.3616,-0.0584
train,2001-05-08,9.53,9.5089,-0.0211
train,2001-05-09,4.082,4.2003,0.1183
train,2001-05-10,11.41,11.3627,-0.0473
train,2001-05-11,13.87,13.744,-0.126
train,2001-05-12,5.308,5.3505,0.0425
train,2001-05-13,7.78,7.7516,-0.0284
train,2001-05-14,4.62,4.6019,-0.0181
train,2001-05-15,4.544,4.5389,-0.0051
train,2001-05-16,10.45,10.5179,0.0679
train,2001-05-17,8.17,8.1807,0.0107
train,2001-05-18,12.79,12.7896,-0.0004
train,2001-05-19,11.478,11.3157,-0.1623
train,2001-05-20,5.72,5.7192,-0.0008
train,2001-05-21,5.91,5.9251,0.0151
train,2001-05-22,6.76,6.6832,-0.0768
train,2001-05-23,7.29,7.2029,-0.0871
train,2001-05-24,8.4,8.3742,-0.0258
train,2001-05-25,6.14,6.2386,0.0986
train,2001-05-26,13.168,13.1179,-0.0501
train,2001-05-27,4.95,5.0159,0.0659
train,2001-05-28,12.42,12.4172,-0.0028
train,2001-05-29,4.3,4.319,0.019
train,2001-05-30,13.35,13.3063,-0.0437
train,2001-05-31,4.41,4.4387,0.0287
train,2001-06-01,5.01,5.0048,-0.0052
train,2001-06-02,9.92,9.8244,-0.0956
train,2001-06-03,4.566,4.5585,-0.0075
train,2001-06-04,10.36,10.4783,0.1183
train,2001-06-05,11.54,11.4684,-0.0716
train,2001-06-06,6.578,6.5668,-0.0112
train,2001-06-07,12.75,12.7598,0.0098
train,2001-06-08,5.55,5.3884,-0.1616
train,2001-06-09,4.85,4.8319,-0.0181
train,2001-06-10,7.57,7.5215,-0.0485
train,2001-06-11,10.834,10.7541,-0.0799
train,2001-06-12,3.86,3.8954,0.0354
train,2001-06-13,7.15,7.1412,-0.0088
train,2001-06-14,11.356,11.2972,-0.0588
train,2001-06-15,4.39,4.3788,-0.0112
train,2001-06-16,11.81,11.7285,-0.0815
train,2001-06-17,3.76,3.7488,-0.0112
train,2001-06-18,11.482,11.3472,-0.1348
train,2001-06-19,12.85,12.9383,0.0883
train,2001-06-20,13.05,12.7443,-0.3057
train,2001-06-21,13.46,13.4875,0.0275
train,2001-06-22,12.21,12.269,0.059
train,2001-06-23,8.57,8.5557,-0.0143
train,2001-06-24,6.23,6.1429,-0.0871
train,2001-06-25,9.8,9.7775,-0.0225
train,2001-06-26,5.308,5.1962,-0.1118
train,2001-06-27,5.548,5.5931,0.0451
train,2001-06-28,4.66,4.6989,0.0389
train,2001-06-29,7.9,7.9569,0.0569
train,2001-06-30,11.692,11.6501,-0.0419
train,2001-07-01,6.484,6.3782,-0.1058
train,2001-07-02,8.378,8.8453,0.4673
train,2001-07-03,5.91,5.9321,0.0221
train,2001-07-04,12.584,12.6187,0.0347
train,2001-07-05,9.286,9.3085,0.0225
train,2001-07-06,7.25,7.1516,-0.0984
train,2001-07-07,5.372,5.3885,0.0165
train,2001-07-08,6.28,6.2576,-0.0224
train,2001-07-09,11.62,11.5738,-0.0462
train,2001-07-10,7.26,7.2476,-0.0124
train,2001-07-11,9.904,9.8653,-0.0387
train,2001-07-12,7.282,7.2943,0.0123
train,2001-07-13,5.15,5.1687,0.0187
train,2001-07-14,5.602,5.6481,0.0461
train,2001-07-15,11.0,11.0301,0.0301
train,2001-07-16,6.346,6.3038,-0.0422
train,2001-07-17,6.5,6.4928,-0.0072
train,2001-07-18,10.57,10.4727,-0.0973
train,2001-07-19,7.97,8.1053,0.1353
train,2001-07-20,9.23,9.2648,0.0348
train,2001-07-21,5.36,5.3475,-0.0125
train,2001-07-22,6.752,6.7621,0.0101
train,2001-07-23,9.77,9.656,-0.114
train,2001-07-24,6.59,6.5563,-0.0337
train,2001-07-25,4.268,4.3056,0.0376
train,2001-07-26,10.386,10.3817,-0.0043
train,2001-07-27,11.87,11.8673,-0.0027
train,2001-07-28,8.944,8.9239,-0.0201
train,2001-07-29,11.34,11.4505,0.1105
train,2001-07-30,5.14,5.1279,-0.0121
train,2001-07-31,4.478,4.31,-0.168
train,2001-08-01,10.976,10.8773,-0.0987
train,2001-08-02,9.98,9.9068,-0.0732
train,2001-08-03,4.19,4.1697,-0.0203
train,2001-08-04,5.05,5.0468,-0.0032
train,2001-08-05,6.402,6.5343,0.1323
train,2001-08-06,6.14,6.1212,-0.0188
train,2001-08-07,5.57,5.5785,0.0085
train,2001-08-08,10.81,11.0077,0.1977
train,2001-08-09,11.2,11.3674,0.1674
train,2001-08-10,12.948,12.9648,0.0168
train,2001-08-11,4.44,4.503,0.063
train,2001-08-12,12.946,13.0026,0.0566
train,2001-08-13,12.41,12.2668,-0.1432
train,2001-08-14,7.32,7.2681,-0.0519
train,2001-08-15,11.006,10.9931,-0.0129
train,2001-08-16,11.432,11.4712,0.0392
train,2001-08-17,5.13,5.1332,0.0032
train,2001-08-18,5.08,5.113,0.033
train,2001-08-19,7.724,7.5285,-0.1955
train,2001-08-20,6.87,6.8826,0.0126
train,2001-08-21,4.7,4.6433,-0.0567
train,2001-08-22,5.97,6.0665,0.0965
train,2001-08-23,4.93,4.9414,0.0114
train,2001-08-24,5.46,5.5274,0.0674
train,2001-08-25,11.278,11.3045,0.0265
train,2001-08-26,7.652,7.5749,-0.0771
train,2001-08-27,4.5,4.4611,-0.0389
train,2001-08-28,5.9,5.8902,-0.0098
train,2001-08-29,4.36,4.3128,-0.0472
train,2001-08-30,4.93,4.8517,-0.0783
train,2001-08-31,4.666,4.6688,0.0028
train,2001-09-01,5.73,5.6841,-0.0459
train,2001-09-02,6.462,6.5721,0.1101
train,2001-09-03,12.9,12.8331,-0.0669
train,2001-09-04,4.69,4.6573,-0.0327
train,2001-09-05,5.11,5.143,0.033
train,2001-09-06,12.27,12.4151,0.1451
train,2001-09-07,12.81,12.7095,-0.1005
train,2001-09-08,12.212,12.2855,0.0735
train,2001-09-09,5.34,5.2996,-0.0404
train,2001-09-10,8.628,8.6006,-0.0274
train,2001-09-11,9.77,9.9197,0.1497
train,2001-09-12,4.632,4.6576,0.0256
train,2001-09-13,5.48,5.4978,0.0178
train,2001-09-14,7.69,7.7346,0.0446
train,2001-09-15,12.64,12.7239,0.0839
train,2001-09-16,6.69,6.6248,-0.0652
train,2001-09-17,5.41,5.3603,-0.0497
train,2001-09-18,4.78,4.8195,0.0395
train,2001-09-19,12.212,12.2993,0.0873
train,2001-09-20,11.54,11.516,-0.024
train,2001-09-21,4.74,4.757,0.017
train,2001-09-22,8.288,8.4394,0.1514
train,2001-09-23,4.786,4.8426,0.0566
train,2001-09-24,5.132,5.1229,-0.0091
train,2001-09-25,6.55,6.6574,0.1074
train,2001-09-26,6.45,5.9749,-0.4751
train,2001-09-27,11.79,11.7427,-0.0473
train,2001-09-28,5.27,5.318,0.048
train,2001-09-29,9.76,9.7915,0.0315
train,2001-09-30,5.18,5.1873,0.0073
train,2001-10-01,5.0,4.9765,-0.0235
train,2001-10-02,9.28,9.4187,0.1387
train,2001-10-03,12.596,12.6381,0.0421
train,2001-10-04,5.23,5.2551,0.0251
train,2001-10-05,4.46,4.4277,-0.0323
train,2001-10-06,5.49,5.4562,-0.0338
train,2001-10-07,4.59,4.5519,-0.0381
train,2001-10-08,4.878,4.9124,0.0344
train,2001-10-09,4.948,4.9748,0.0268
train,2001-10-10,11.17,11.0953,-0.0747
train,2001-10-11,4.55,4.5366,-0.0134
train,2001-10-12,12.506,12.5298,0.0238
train,2001-10-13,4.722,4.6584,-0.0636
train,2001-10-14,13.9,13.8914,-0.0086
train,2001-10-15,11.0,10.8968,-0.1032
train,2001-10-16,5.56,5.5808,0.0208
train,2001-10-17,4.84,4.813,-0.027
train,2001-10-18,5.352,5.283,-0.069
train,2001-10-19,6.972,6.9635,-0.0085
train,2001-10-20,12.48,12.3889,-0.0911
train,2001-10-21,5.5,5.4173,-0.0827
train,2001-10-22,10.578,10.5464,-0.0316
train,2001-10-23,5.5,5.4848,-0.0152
train,2001-10-24,5.278,5.1771,-0.1009
train,2001-10-25,10.83,10.8979,0.0679
train,2001-10-26,8.872,8.8275,-0.0445
train,2001-10-27,6.076,6.0957,0.0197
train,2001-10-28,5.328,5.4977,0.1697
train,2001-10-29,10.07,10.0965,0.0265
train,2001-10-30,11.81,11.8734,0.0634
train,2001-10-31,4.92,4.8969,-0.0231
train,2001-11-01,4.57,4.543,-0.027
train,2001-11-02,7.356,7.3771,0.0211
train,2001-11-03,6.07,6.0702,0.0002
train,2001-11-04,5.138,5.1912,0.0532
train,2001-11-05,11.106,11.1671,0.0611
train,2001-11-06,5.43,5.505,0.075
train,2001-11-07,4.19,4.1972,0.0072
train,2001-11-08,12.396,12.3206,-0.0754
train,2001-11-09,6.128,6.1798,0.0518
train,2001-11-10,7.85,7.8823,0.0323
train,2001-11-11,4.3,4.3958,0.0958
train,2001-11-12,11.796,11.8509,0.0549
train,2001-11-13,4.76,4.6638,-0.0962
train,2001-11-14,5.42,5.4131,-0.0069
train,2001-11-15,10.66,10.6691,0.0091
train,2001-11-16,10.65,10.6524,0.0024
train,2001-11-17,12.406,12.4585,0.0525
train,2001-11-18,6.85,6.8555,0.0055
train,2001-11-19,9.056,8.9455,-0.1105
train,2001-11-20,5.22,5.2106,-0.0094
train,2001-11-21,5.32,5.3114,-0.0086
train,2001-11-22,8.24,8.2079,-0.0321
train,2001-11-23,6.79,6.774,-0.016
train,2001-11-24,12.47,12.4047,-0.0653
train,2001-11-25,6.26,6.2293,-0.0307
train,2001-11-26,5.05,5.0477,-0.0023
train,2001-11-27,14.164,14.0411,-0.1229
train,2001-11-28,7.74,7.8043,0.0643
train,2001-11-29,5.8,5.7812,-0.0188
train,2001-11-30,9.78,9.7316,-0.0484
train,2001-12-01,12.52,12.4262,-0.0938
train,2001-12-02,6.39,6.4253,0.0353
train,2001-12-03,9.69,9.7415,0.0515
train,2001-12-04,11.398,11.3366,-0.0614
train,2001-12-05,6.19,6.2331,0.0431
train,2001-12-06,5.162,5.1974,0.0354
train,2001-12-07,4.528,4.445,-0.083
train,2001-12-08,5.066,5.0588,-0.0072
train,2001-12-09,4.572,4.6165,0.0445
train,2001-12-10,4.896,4.8642,-0.0318
train,2001-12-11,7.87,7.8492,-0.0208
train,2001-12-12,6.07,6.0767,0.0067
train,2001-12-13,4.64,4.6642,0.0242
train,2001-12-14,4.61,4.5782,-0.0318
train,2001-12-15,9.802,9.7541,-0.0479
train,2001-12-16,12.838,12.9405,0.1025
train,2001-12-17,5.65,5.5982,-0.0518
train,2001-12-18,6.184,6.2076,0.0236
train,2001-12-19,12.296,12.1809,-0.1151
train,2001-12-20,6.89,6.8952,0.0052
train,2001-12-21,5.56,5.5816,0.0216
train,2001-12-22,5.55,5.6338,0.0838
train,2001-12-23,8.59,8.3754,-0.2146
train,2001-12-24,6.16,6.2178,0.0578
train,2001-12-25,12.39,12.5403,0.1503
train,2001-12-26,8.97,9.0749,0.1049
train,2001-12-27,9.836,9.8825,0.0465
train,2001-12-28,12.04,12.1805,0.1405
train,2001-12-29,5.4,5.4153,0.0153
train,2001-12-30,11.1,11.0243,-0.0757
train,2001-12-31,11.032,11.016,-0.016
train,2002-01-01,10.278,10.3588,0.0808
train,2002-01-02,5.5,5.4727,-0.0273
train,2002-01-03,5.32,5.2307,-0.0893
train,2002-01-04,5.79,5.7735,-0.0165
train,2002-01-05,5.07,4.9685,-0.1015
train,2002-01-06,12.65,12.6061,-0.0439
train,2002-01-07,10.92,10.8926,-0.0274
train,2002-01-08,5.16,5.179,0.019
train,2002-01-09,13.062,13.0809,0.0189
train,2002-01-10,5.15,5.1565,0.0065
train,2002-01-11,12.53,12.55,0.02
train,2002-01-12,10.694,10.6744,-0.0196
train,2002-01-13,5.56,5.5745,0.0145
train,2002-01-14,5.01,5.0424,0.0324
train,2002-01-15,5.352,5.2679,-0.0841
train,2002-01-16,4.45,4.4906,0.0406
train,2002-01-17,5.61,5.5242,-0.0858
train,2002-01-18,5.93,5.8961,-0.0339
train,2002-01-19,3.77,3.8515,0.0815
train,2002-01-20,4.824,4.8341,0.0101
train,2002-01-21,12.206,12.1186,-0.0874
train,2002-01-22,6.07,6.0785,0.0085
train,2002-01-23,5.02,5.0046,-0.0154
train,2002-01-24,12.23,12.0614,-0.1686
train,2002-01-25,5.604,5.618,0.014
train,2002-01-26,6.32,6.0697,-0.2503
train,2002-01-27,10.58,10.5315,-0.0485
train,2002-01-28,13.31,13.2662,-0.0438
train,2002-01-29,4.65,4.6148,-0.0352
train,2002-01-30,7.388,7.328,-0.06
train,2002-01-31,10.44,10.3976,-0.0424
train,2002-02-01,6.1,5.9914,-0.1086
train,2002-02-02,4.67,4.6367,-0.0333
train,2002-02-03,12.692,12.712,0.02
train,2002-02-04,9.378,9.1974,-0.1806
train,2002-02-05,6.102,6.1263,0.0243
train,2002-02-06,13.59,13.4878,-0.1022
train,2002-02-07,12.79,12.801,0.011
train,2002-02-08,4.814,4.7083,-0.1057
train,2002-02-09,8.09,8.105,0.015
train,2002-02-10,13.09,13.0859,-0.0041
train,2002-02-11,5.68,5.6746,-0.0054
train,2002-02-12,7.12,7.0942,-0.0258
train,2002-02-13,7.406,7.3853,-0.0207
train,2002-02-14,12.668,12.6263,-0.0417
train,2002-02-15,5.97,5.9791,0.0091
train,2002-02-16,4.42,4.4023,-0.0177
train,2002-02-17,7.41,7.3214,-0.0886
train,2002-02-18,8.31,8.3694,0.0594
train,2002-02-19,4.338,4.4426,0.1046
train,2002-02-20,10.144,10.141,-0.003
train,2002-02-21,5.58,5.5917,0.0117
train,2002-02-22,5.74,5.7748,0.0348
train,2002-02-23,6.236,6.2336,-0.0024
train,2002-02-24,5.79,5.831,0.041
train,2002-02-25,10.586,10.5459,-0.0401
train,2002-02-26,4.688,4.7422,0.0542
train,2002-02-27,11.81,11.7924,-0.0176
train,2002-02-28,7.538,7.5236,-0.0144
train,2002-03-01,4.46,4.4931,0.0331
train,2002-03-02,5.004,4.7112,-0.2928
train,2002-03-03,11.702,11.5995,-0.1025
train,2002-03-04,5.34,5.3525,0.0125
train,2002-03-05,6.82,6.7709,-0.0491
train,2002-03-06,5.6,5.6074,0.0074
train,2002-03-07,6.03,6.0401,0.0101
train,2002-03-08,7.95,7.9967,0.0467
train,2002-03-09,6.552,6.5839,0.0319
train,2002-03-10,10.41,10.2525,-0.1575
train,2002-03-11,12.15,12.2612,0.1112
train,2002-03-12,6.34,6.3784,0.0384
train,2002-03-13,5.81,5.793,-0.017
train,2002-03-14,4.36,4.3073,-0.0527
train,2002-03-15,9.86,9.8805,0.0205
train,2002-03-16,11.72,11.7667,0.0467
train,2002-03-17,4.9,5.0377,0.1377
train,2002-03-18,8.46,8.4658,0.0058
train,2002-03-19,12.23,12.2716,0.0416
train,2002-03-20,4.956,4.9689,0.0129
train,2002-03-21,6.908,6.948,0.04
train,2002-03-22,5.13,5.1511,0.0211
train,2002-03-23,6.176,6.1528,-0.0232
train,2002-03-24,10.528,10.5856,0.0576
train,2002-03-25,4.708,4.6842,-0.0238
train,2002-03-26,5.06,5.0382,-0.0218
train,2002-03-27,5.632,5.6233,-0.0087
train,2002-03-28,14.01,13.8862,-0.1238
train,2002-03-29,9.95,9.8833,-0.0667
train,2002-03-30,10.38,10.254,-0.126
train,2002-03-31,6.558,6.5875,0.0295
train,2002-04-01,10.912,10.8915,-0.0205
train,2002-04-02,4.52,4.4929,-0.0271
train,2002-04-03,12.022,12.1205,0.0985
train,2002-04-04,5.02,5.0145,-0.0055
train,2002-04-05,7.62,7.5802,-0.0398
train,2002-04-06,9.45,9.4019,-0.0481
train,2002-04-07,10.582,10.5428,-0.0392
train,2002-04-08,6.38,6.4095,0.0295
train,2002-04-09,7.102,7.1211,0.0191
train,2002-04-10,3.8,3.8315,0.0315
train,2002-04-11,6.236,6.2373,0.0013
train,2002-04-12,4.3,4.3953,0.0953
train,2002-04-13,12.178,12.3024,0.1244
train,2002-04-14,11.68,11.6466,-0.0334
train,2002-04-15,8.5,8.47,-0.03
train,2002-04-16,5.14,4.9067,-0.2333
train,2002-04-17,7.91,7.8472,-0.0628
train,2002-04-18,5.45,5.3802,-0.0698
train,2002-04-19,5.43,5.48,0.05
train,2002-04-20,8.304,8.182,-0.122
train,2002-04-21,7.602,7.4213,-0.1807
train,2002-04-22,8.984,9.1713,0.1873
train,2002-04-23,12.608,12.5328,-0.0752
train,2002-04-24,11.12,11.0905,-0.0295
train,2002-04-25,11.94,11.9387,-0.0013
train,2002-04-26,5.33,5.3015,-0.0285
train,2002-04-27,8.1,7.9081,-0.1919
train,2002-04-28,12.674,12.7253,0.0513
train,2002-04-29,5.45,5.4513,0.0013
train,2002-04-30,12.27,12.2695,-0.0005
train,2002-05-01,6.84,6.8405,0.0005
train,2002-05-02,5.096,5.2055,0.1095
train,2002-05-03,5.64,5.6078,-0.0322
train,2002-05-04,11.95,12.1437,0.1937
train,2002-05-05,11.2,11.2352,0.0352
train,2002-05-06,4.67,4.6968,0.0268
train,2002-05-07,8.53,8.6338,0.1038
train,2002-05-08,6.23,6.2548,0.0248
train,2002-05-09,8.92,8.7637,-0.1563
train,2002-05-10,12.692,12.6728,-0.0192
train,2002-05-11,5.346,5.3748,0.0288
train,2002-05-12,5.63,5.6212,-0.0088
train,2002-05-13,4.676,4.5068,-0.1692
train,2002-05-14,6.96,7.1007,0.1407
train,2002-05-15,13.1,12.9628,-0.1372
train,2002-05-16,5.59,5.5169,-0.0731
train,2002-05-17,12.628,12.4719,-0.1561
train,2002-05-18,4.866,4.9694,0.1034
train,2002-05-19,9.11,9.1035,-0.0065
train,2002-05-20,5.61,5.6182,0.0082
train,2002-05-21,11.56,11.5593,-0.0007
train,2002-05-22,5.99,6.0123,0.0223
train,2002-05-23,8.26,8.3089,0.0489
train,2002-05-24,9.36,9.3946,0.0346
train,2002-05-25,10.01,10.0787,0.0687
train,2002-05-26,12.88,12.9421,0.0621
train,2002-05-27,10.83,10.9936,0.1636
train,2002-05-28,12.25,12.3097,0.0597
train,2002-05-29,13.43,13.3456,-0.0844
train,2002-05-30,11.8,11.9275,0.1275
train,2002-05-31,6.04,6.134,0.094
train,2002-06-01,12.692,12.6892,-0.0028
train,2002-06-02,11.774,11.8112,0.0372
train,2002-06-03,9.066,9.0475,-0.0185
train,2002-06-04,10.312,10.2452,-0.0668
train,2002-06-05,5.78,5.8134,0.0334
train,2002-06-06,10.27,10.5002,0.2302
train,2002-06-07,5.05,5.0057,-0.0443
train,2002-06-08,5.96,5.7815,-0.1785
train,2002-06-09,12.182,12.0866,-0.0954
train,2002-06-10,5.22,5.2473,0.0273
train,2002-06-11,9.37,9.3263,-0.0437
train,2002-06-12,4.32,4.3859,0.0659
train,2002-06-13,3.52,3.5997,0.0797
train,2002-06-14,12.358,12.4133,0.0553
train,2002-06-15,6.22,6.2733,0.0533
train,2002-06-16,4.582,4.612,0.03
train,2002-06-17,7.76,7.7978,0.0378
train,2002-06-18,11.454,11.61,0.156
train,2002-06-19,5.54,5.5793,0.0393
train,2002-06-20,5.44,5.4555,0.0155
train,2002-06-21,6.408,6.4311,0.0231
train,2002-06-22,6.22,6.1303,-0.0897
train,2002-06-23,12.048,11.9593,-0.0887
train,2002-06-24,6.22,6.2171,-0.0029
train,2002-06-25,5.52,5.5537,0.0337
train,2002-06-26,6.05,6.0363,-0.0137
train,2002-06-27,4.774,4.7072,-0.0668
train,2002-06-28,7.18,7.2022,0.0222
train,2002-06-29,9.55,9.4448,-0.1052
train,2002-06-30,5.126,5.1657,0.0397
train,2002-07-01,12.278,12.2542,-0.0238
train,2002-07-02,12.896,12.8814,-0.0146
train,2002-07-03,5.224,5.2044,-0.0196
train,2002-07-04,5.672,5.7144,0.0424
train,2002-07-05,13.166,13.2,0.034
train,2002-07-06,12.21,12.3345,0.1245
train,2002-07-07,6.022,5.9995,-0.0225
train,2002-07-08,11.43,11.4028,-0.0272
train,2002-07-09,10.62,10.6243,0.0043
train,2002-07-10,5.47,5.4411,-0.0289
train,2002-07-11,11.96,12.0427,0.0827
train,2002-07-12,12.49,12.487,-0.003
train,2002-07-13,6.79,6.8234,0.0334
train,2002-07-14,4.94,4.9196,-0.0204
train,2002-07-15,4.02,4.0596,0.0396
train,2002-07-16,12.35,12.3483,-0.0017
train,2002-07-17,5.19,5.1895,-0.0005
train,2002-07-18,5.95,5.9616,0.0116
train,2002-07-19,5.53,5.5347,0.0047
train,2002-07-20,4.748,4.7468,-0.0012
train,2002-07-21,13.57,13.5523,-0.0177
train,2002-07-22,5.28,5.3615,0.0815
train,2002-07-23,6.03,6.0018,-0.0282
train,2002-07-24,11.98,12.0253,0.0453
train,2002-07-25,12.01,12.0327,0.0227
train,2002-07-26,13.59,13.6197,0.0297
train,2002-07-27,9.918,10.0089,0.0909
train,2002-07-28,5.84,5.8209,-0.0191
train,2002-07-29,7.92,7.9502,0.0302
train,2002-07-30,8.15,8.1897,0.0397
train,2002-07-31,11.292,11.3401,0.0481
train,2002-08-01,10.3,10.2281,-0.0719
train,2002-08-02,9.59,9.5365,-0.0535
train,2002-08-03,8.97,8.8772,-0.0928
train,2002-08-04,6.25,6.2433,-0.0067
train,2002-08-05,11.392,11.3544,-0.0376
train,2002-08-06,11.67,11.6964,0.0264
train,2002-08-07,7.528,7.5724,0.0444
train,2002-08-08,11.214,11.1425,-0.0715
train,2002-08-09,6.44,6.4653,0.0253
train,2002-08-10,6.11,6.1339,0.0239
train,2002-08-11,5.63,5.6258,-0.0042
train,2002-08-12,5.1,5.0957,-0.0043
train,2002-08-13,6.548,6.6699,0.1219
train,2002-08-14,12.87,12.7838,-0.0862
train,2002-08-15,5.9,5.903,0.003
train,2002-08-16,4.6,4.5876,-0.0124
train,2002-08-17,11.46,11.4102,-0.0498
train,2002-08-18,3.42,3.4644,0.0444
train,2002-08-19,10.45,10.5117,0.0617
train,2002-08-20,5.672,5.7043,0.0323
train,2002-08-21,6.536,6.6323,0.0963
train,2002-08-22,5.43,5.4075,-0.0225
train,2002-08-23,4.34,4.3244,-0.0156
train,2002-08-24,11.59,11.6217,0.0317
train,2002-08-25,8.4,8.3798,-0.0202
train,2002-08-26,11.64,11.6802,0.0402
train,2002-08-27,5.148,5.3546,0.2066
train,2002-08-28,4.91,4.8917,-0.0183
train,2002-08-29,5.9,5.8188,-0.0812
train,2002-08-30,5.466,5.4118,-0.0542
train,2002-08-31,6.68,6.7046,0.0246
train,2002-09-01,7.49,7.4755,-0.0145
train,2002-09-02,5.23,5.2019,-0.0281
train,2002-09-03,10.14,10.1082,-0.0318
train,2002-09-04,11.17,11.0789,-0.0911
train,2002-09-05,5.06,5.0555,-0.0045
train,2002-09-06,8.36,8.3241,-0.0359
train,2002-09-07,7.74,7.7906,0.0506
train,2002-09-08,9.838,10.1226,0.2846
train,2002-09-09,4.922,4.9005,-0.0215
train,2002-09-10,5.22,5.1711,-0.0489
train,2002-09-11,13.33,13.3251,-0.0049
train,2002-09-12,7.822,7.7846,-0.0374
train,2002-09-13,4.6,4.5551,-0.0449
train,2002-09-14,12.94,12.9988,0.0588
train,2002-09-15,8.12,8.071,-0.049
train,2002-09-16,12.522,12.3447,-0.1773
train,2002-09-17,6.902,6.88,-0.022
train,2002-09-18,5.45,5.352,-0.098
train,2002-09-19,4.9,4.9347,0.0347
train,2002-09-20,6.51,6.4283,-0.0817
train,2002-09-21,6.65,6.6524,0.0024
train,2002-09-22,11.992,12.056,0.064
train,2002-09-23,11.35,11.3598,0.0098
train,2002-09-24,12.95,12.8896,-0.0604
train,2002-09-25,6.88,6.7582,-0.1218
train,2002-09-26,6.722,6.7433,0.0213
train,2002-09-27,12.24,12.1788,-0.0612
train,2002-09-28,5.91,5.8911,-0.0189
train,2002-09-29,8.83,8.8254,-0.0046
train,2002-09-30,4.64,4.6773,0.0373
train,2002-10-01,5.196,5.1805,-0.0155
train,2002-10-02,8.43,8.4554,0.0254
train,2002-10-03,11.63,11.667,0.037
train,2002-10-04,11.33,11.2202,-0.1098
train,2002-10-05,5.87,5.8055,-0.0645
train,2002-10-06,5.24,5.2809,0.0409
train,2002-10-07,4.41,4.3948,-0.0152
train,2002-10-08,5.89,5.9055,0.0155
train,2002-10-09,5.41,5.378,-0.032
train,2002-10-10,7.09,7.1236,0.0336
train,2002-10-11,4.416,4.4261,0.0101
train,2002-10-12,8.142,8.1099,-0.0321
train,2002-10-13,5.482,5.5145,0.0325
train,2002-10-14,12.7,12.644,-0.056
train,2002-10-15,8.91,8.6581,-0.2519
train,2002-10-16,7.608,7.5918,-0.0162
train,2002-10-17,11.62,11.7665,0.1465
train,2002-10-18,5.27,5.2812,0.0112
train,2002-10-19,7.43,7.436,0.006
train,2002-10-20,13.35,13.3718,0.0218
train,2002-10-21,6.394,6.4538,0.0598
train,2002-10-22,4.87,4.8407,-0.0293
train,2002-10-23,11.46,11.5778,0.1178
train,2002-10-24,4.688,4.688,0.0
train,2002-10-25,6.09,6.0464,-0.0436
train,2002-10-26,5.35,5.3043,-0.0457
train,2002-10-27,4.924,4.8967,-0.0273
train,2002-10-28,13.35,13.3811,0.0311
train,2002-10-29,7.91,7.9132,0.0032
train,2002-10-30,6.66,6.654,-0.006
train,2002-10-31,5.51,5.5166,0.0066
train,2002-11-01,4.238,4.2481,0.0101
train,2002-11-02,12.56,12.627,0.067
train,2002-11-03,5.59,5.5543,-0.0357
train,2002-11-04,5.71,5.6979,-0.0121
train,2002-11-05,5.68,5.6883,0.0083
train,2002-11-06,11.43,11.3444,-0.0856
train,2002-11-07,8.912,8.9715,0.0595
train,2002-11-08,11.63,11.5473,-0.0827
train,2002-11-09,11.98,12.0287,0.0487
train,2002-11-10,5.75,5.7874,0.0374
train,2002-11-11,5.16,5.1696,0.0096
train,2002-11-12,12.284,12.3291,0.0451
train,2002-11-13,8.32,8.3958,0.0758
train,2002-11-14,7.92,7.8637,-0.0563
train,2002-11-15,4.662,4.6117,-0.0503
train,2002-11-16,5.144,5.2586,0.1146
train,2002-11-17,13.11,12.986,-0.124
train,2002-11-18,4.952,4.9717,0.0197
train,2002-11-19,9.96,9.9962,0.0362
train,2002-11-20,5.274,5.3082,0.0342
train,2002-11-21,7.896,7.9311,0.0351
train,2002-11-22,5.27,5.3708,0.1008
train,2002-11-23,13.19,13.1967,0.0067
train,2002-11-24,6.79,6.825,0.035
train,2002-11-25,13.172,13.1512,-0.0208
train,2002-11-26,10.87,10.8368,-0.0332
train,2002-11-27,11.78,11.7615,-0.0185
train,2002-11-28,6.52,6.6148,0.0948
train,2002-11-29,11.28,11.3665,0.0865
train,2002-11-30,4.1,4.1269,0.0269
train,2002-12-01,5.816,5.733,-0.083
train,2002-12-02,6.392,6.3639,-0.0281
train,2002-12-03,13.21,13.1467,-0.0633
train,2002-12-04,4.664,4.6419,-0.0221
train,2002-12-05,7.25,7.3203,0.0703
train,2002-12-06,11.92,11.8873,-0.0327
train,2002-12-07,11.89,11.8311,-0.0589
train,2002-12-08,5.36,5.3661,0.0061
train,2002-12-09,6.206,6.2032,-0.0028
train,2002-12-10,12.41,12.384,-0.026
train,2002-12-11,4.586,4.5395,-0.0465
train,2002-12-12,5.452,5.4105,-0.0415
train,2002-12-13,6.98,6.9772,-0.0028
train,2002-12-14,11.43,11.4188,-0.0112
train,2002-12-15,11.658,11.763,0.105
train,2002-12-16,3.57,3.676,0.106
train,2002-12-17,6.268,6.2591,-0.0089
train,2002-12-18,6.6,6.6036,0.0036
train,2002-12-19,11.748,11.6984,-0.0496
train,2002-12-20,6.29,6.2674,-0.0226
train,2002-12-21,5.32,5.3613,0.0413
train,2002-12-22,11.93,11.812,-0.118
train,2002-12-23,6.25,6.2568,0.0068
train,2002-12-24,4.99,4.9941,0.0041
train,2002-12-25,4.43,4.4538,0.0238
train,2002-12-26,12.956,13.0196,0.0636
train,2002-12-27,7.89,8.1923,0.3023
train,2002-12-28,5.76,5.828,0.068
train,2002-12-29,13.82,13.8237,0.0037
train,2002-12-30,7.68,7.5795,-0.1005
train,2002-12-31,11.646,11.7777,0.1317
train,2003-01-01,4.65,4.6278,-0.0222
train,2003-01-02,9.94,10.0324,0.0924
train,2003-01-03,4.232,4.0999,-0.1321
train,2003-01-04,11.66,11.6958,0.0358
train,2003-01-05,9.932,10.0218,0.0898
train,2003-01-06,6.806,6.8902,0.0842
train,2003-01-07,3.7,3.7447,0.0447
train,2003-01-08,6.02,6.012,-0.008
train,2003-01-09,11.156,11.1508,-0.0052
train,2003-01-10,9.11,9.0823,-0.0277
train,2003-01-11,10.69,10.5938,-0.0962
train,2003-01-12,8.23,7.8838,-0.3462
train,2003-01-13,11.984,11.9801,-0.0039
train,2003-01-14,5.67,5.6703,0.0003
train,2003-01-15,11.68,11.7806,0.1006
train,2003-01-16,4.63,4.6322,0.0022
train,2003-01-17,5.58,5.6094,0.0294
train,2003-01-18,4.958,4.8921,-0.0659
train,2003-01-19,5.78,5.8106,0.0306
train,2003-01-20,5.19,5.2209,0.0309
train,2003-01-21,5.79,5.7862,-0.0038
train,2003-01-22,9.83,9.8403,0.0103
train,2003-01-23,5.19,5.1689,-0.0211
train,2003-01-24,11.31,11.3979,0.0879
train,2003-01-25,10.58,10.6297,0.0497
train,2003-01-26,5.046,5.0361,-0.0099
train,2003-01-27,5.99,5.9586,-0.0314
train,2003-01-28,4.9,4.8972,-0.0028
train,2003-01-29,5.73,5.6631,-0.0669
train,2003-01-30,5.29,5.3488,0.0588
train,2003-01-31,5.906,5.8882,-0.0178
train,2003-02-01,14.09,14.0101,-0.0799
train,2003-02-02,4.984,4.9813,-0.0027
train,2003-02-03,13.29,13.2659,-0.0241
train,2003-02-04,7.75,7.7594,0.0094
train,2003-02-05,11.986,11.9348,-0.0512
train,2003-02-06,11.27,11.3514,0.0814
train,2003-02-07,12.77,12.7275,-0.0425
train,2003-02-08,6.836,6.8331,-0.0029
train,2003-02-09,5.81,5.8782,0.0682
train,2003-02-10,6.378,6.3795,0.0015
train,2003-02-11,12.298,12.4864,0.1884
train,2003-02-12,7.56,7.3931,-0.1669
train,2003-02-13,12.19,12.1446,-0.0454
train,2003-02-14,11.17,11.2594,0.0894
train,2003-02-15,12.46,12.854,0.394
train,2003-02-16,12.8,12.8313,0.0313
train,2003-02-17,12.53,12.5427,0.0127
train,2003-02-18,11.26,11.2809,0.0209
train,2003-02-19,10.57,10.684,0.114
train,2003-02-20,12.78,12.6478,-0.1322
train,2003-02-21,5.81,5.8995,0.0895
train,2003-02-22,10.92,10.8508,-0.0692
train,2003-02-23,4.46,4.4846,0.0246
train,2003-02-24,9.37,9.4596,0.0896
train,2003-02-25,10.982,10.9451,-0.0369
train,2003-02-26,7.56,7.6232,0.0632
train,2003-02-27,4.48,4.4979,0.0179
train,2003-02-28,7.55,7.5278,-0.0222
train,2003-03-01,4.852,4.8882,0.0362
train,2003-03-02,6.732,6.642,-0.09
train,2003-03-03,11.518,11.5705,0.0525
train,2003-03-04,5.472,5.5246,0.0526
train,2003-03-05,13.47,13.17,-0.3
train,2003-03-06,5.05,5.0452,-0.0048
train,2003-03-07,11.41,11.4533,0.0433
train,2003-03-08,4.59,4.6559,0.0659
train,2003-03-09,9.03,9.1076,0.0776
train,2003-03-10,6.48,6.4785,-0.0015
train,2003-03-11,9.48,9.5101,0.0301
train,2003-03-12,5.43,5.3481,-0.0819
train,2003-03-13,10.84,10.9485,0.1085
train,2003-03-14,5.156,5.1065,-0.0495
train,2003-03-15,11.912,11.9435,0.0315
train,2003-03-16,7.32,7.2186,-0.1014
train,2003-03-17,5.25,5.2671,0.0171
train,2003-03-18,7.66,7.6691,0.0091
train,2003-03-19,8.25,8.1659,-0.0841
train,2003-03-20,8.85,8.972,0.122
train,2003-03-21,7.882,8.0079,0.1259
train,2003-03-22,5.384,5.3653,-0.0187
train,2003-03-23,9.718,9.7917,0.0737
train,2003-03-24,10.232,9.9031,-0.3289
train,2003-03-25,4.69,4.8416,0.1516
train,2003-03-26,5.2,5.2087,0.0087
train,2003-03-27,5.84,5.8489,0.0089
train,2003-03-28,5.816,5.8449,0.0289
train,2003-03-29,8.78,8.7959,0.0159
train,2003-03-30,5.43,5.425,-0.005
train,2003-03-31,8.256,8.3479,0.0919
train,2003-04-01,11.68,11.8155,0.1355
train,2003-04-02,11.78,11.5008,-0.2792
train,2003-04-03,6.65,6.8756,0.2256
train,2003-04-04,9.69,9.7117,0.0217
train,2003-04-05,5.28,5.2079,-0.0721
train,2003-04-06,9.14,9.1673,0.0273
train,2003-04-07,13.916,13.8482,-0.0678
train,2003-04-08,6.638,6.6661,0.0281
train,2003-04-09,12.464,12.3645,-0.0995
train,2003-04-10,4.888,4.9028,0.0148
train,2003-04-11,5.682,5.7411,0.0591
train,2003-04-12,11.0,10.9742,-0.0258
train,2003-04-13,5.59,5.6365,0.0465
train,2003-04-14,5.196,5.254,0.058
train,2003-04-15,6.71,6.7341,0.0241
train,2003-04-16,7.05,7.0245,-0.0255
train,2003-04-17,4.634,4.6093,-0.0247
train,2003-04-18,7.43,7.5028,0.0728
train,2003-04-19,6.372,6.3741,0.0021
train,2003-04-20,5.46,5.4589,-0.0011
train,2003-04-21,9.17,9.1233,-0.0467
train,2003-04-22,5.112,5.1995,0.0875
train,2003-04-23,12.65,12.5979,-0.0521
train,2003-04-24,5.32,5.3312,0.0112
train,2003-04-25,10.644,10.6878,0.0438
train,2003-04-26,8.274,8.2864,0.0124
train,2003-04-27,4.6,4.602,0.002
train,2003-04-28,6.5,6.5558,0.0558
train,2003-04-29,9.444,9.3991,-0.0449
train,2003-04-30,5.21,5.1213,-0.0887
train,2003-05-01,12.84,12.9574,0.1174
train,2003-05-02,6.556,6.5223,-0.0337
train,2003-05-03,12.0,12.1275,0.1275
train,2003-05-04,6.14,6.0758,-0.0642
train,2003-05-05,5.372,5.3803,0.0083
train,2003-05-06,6.412,6.4005,-0.0115
train,2003-05-07,5.84,5.8292,-0.0108
train,2003-05-08,5.5,5.5379,0.0379
train,2003-05-09,5.47,5.4885,0.0185
train,2003-05-10,4.952,5.0175,0.0655
train,2003-05-11,4.902,4.9637,0.0617
train,2003-05-12,5.89,5.8872,-0.0028
train,2003-05-13,4.478,4.4705,-0.0075
train,2003-05-14,5.75,5.7226,-0.0274
train,2003-05-15,4.78,4.7609,-0.0191
train,2003-05-16,4.15,4.1972,0.0472
train,2003-05-17,8.574,8.5639,-0.0101
train,2003-05-18,6.67,6.6527,-0.0173
train,2003-05-19,10.904,10.6026,-0.3014
train,2003-05-20,3.94,3.9689,0.0289
train,2003-05-21,11.66,11.7302,0.0702
train,2003-05-22,5.282,5.2748,-0.0072
train,2003-05-23,4.6,4.6059,0.0059
train,2003-05-24,6.018,6.0039,-0.0141
train,2003-05-25,11.68,11.4447,-0.2353
train,2003-05-26,7.486,7.4748,-0.0112
train,2003-05-27,5.53,5.5203,-0.0097
train,2003-05-28,5.98,5.9761,-0.0039
train,2003-05-29,12.74,12.6356,-0.1044
train,2003-05-30,5.46,5.454,-0.006
train,2003-05-31,6.486,6.5464,0.0604
train,2003-06-01,9.23,9.0903,-0.1397
train,2003-06-02,7.432,7.4224,-0.0096
train,2003-06-03,13.0,12.9466,-0.0534
train,2003-06-04,3.792,3.8827,0.0907
train,2003-06-05,8.35,8.3969,0.0469
train,2003-06-06,11.45,11.5125,0.0625
train,2003-06-07,4.65,4.6417,-0.0083
train,2003-06-08,6.26,6.2701,0.0101
train,2003-06-09,4.39,4.3931,0.0031
train,2003-06-10,4.88,4.9006,0.0206
train,2003-06-11,10.68,10.7298,0.0498
train,2003-06-12,7.06,7.0262,-0.0338
train,2003-06-13,5.582,5.601,0.019
train,2003-06-14,12.874,12.8199,-0.0541
train,2003-06-15,6.47,6.4468,-0.0232
train,2003-06-16,5.966,5.963,-0.003
train,2003-06-17,4.854,4.8298,-0.0242
train,2003-06-18,4.78,4.6032,-0.1768
train,2003-06-19,8.52,8.4514,-0.0686
train,2003-06-20,7.41,7.4104,0.0004
train,2003-06-21,5.026,5.0352,0.0092
train,2003-06-22,4.832,4.8249,-0.0071
train,2003-06-23,11.204,11.2312,0.0272
train,2003-06-24,12.532,12.4953,-0.0367
train,2003-06-25,12.63,12.4953,-0.1347
train,2003-06-26,12.68,12.7347,0.0547
train,2003-06-27,11.38,11.438,0.058
train,2003-06-28,7.67,7.7229,0.0529
train,2003-06-29,12.862,12.8699,0.0079
train,2003-06-30,12.88,12.9227,0.0427
train,2003-07-01,4.6,4.6551,0.0551
train,2003-07-02,6.9,6.9363,0.0363
train,2003-07-03,9.06,9.0992,0.0392
train,2003-07-04,9.92,9.9345,0.0145
train,2003-07-05,5.41,5.4348,0.0248
train,2003-07-06,6.84,6.8349,-0.0051
train,2003-07-07,5.69,5.6718,-0.0182
train,2003-07-08,8.26,8.3098,0.0498
train,2003-07-09,12.922,12.8027,-0.1193
train,2003-07-10,10.99,11.0244,0.0344
train,2003-07-11,11.08,11.0415,-0.0385
train,2003-07-12,8.678,8.6356,-0.0424
train,2003-07-13,6.28,6.3046,0.0246
train,2003-07-14,5.362,5.3644,0.0024
train,2003-07-15,6.35,6.4276,0.0776
train,2003-07-16,4.87,4.8447,-0.0253
train,2003-07-17,4.84,4.8457,0.0057
train,2003-07-18,6.21,6.2329,0.0229
train,2003-07-19,4.52,4.5166,-0.0034
train,2003-07-20,5.2,5.1355,-0.0645
train,2003-07-21,10.73,10.7466,0.0166
train,2003-07-22,12.66,12.6592,-0.0008
train,2003-07-23,9.818,9.8316,0.0136
train,2003-07-24,8.092,8.0556,-0.0364
train,2003-07-25,7.3,7.3217,0.0217
train,2003-07-26,10.522,10.5823,0.0603
train,2003-07-27,8.17,8.1425,-0.0275
train,2003-07-28,9.89,9.9005,0.0105
train,2003-07-29,9.59,9.5965,0.0065
train,2003-07-30,4.54,4.5695,0.0295
train,2003-07-31,5.868,5.8778,0.0098
train,2003-08-01,5.004,5.1668,0.1628
train,2003-08-02,4.614,4.5195,-0.0945
train,2003-08-03,6.38,6.311,-0.069
train,2003-08-04,4.92,4.9164,-0.0036
train,2003-08-05,5.35,5.3976,0.0476
train,2003-08-06,9.31,9.4006,0.0906
train,2003-08-07,11.4,11.4326,0.0326
train,2003-08-08,8.254,8.2362,-0.0178
train,2003-08-09,8.99,8.9229,-0.0671
train,2003-08-10,13.21,13.1675,-0.0425
train,2003-08-11,4.65,4.6808,0.0308
train,2003-08-12,9.03,9.0904,0.0604
train,2003-08-13,8.19,8.1844,-0.0056
train,2003-08-14,6.59,6.672,0.082
train,2003-08-15,12.694,12.7036,0.0096
train,2003-08-16,10.596,10.5151,-0.0809
train,2003-08-17,4.7,4.7183,0.0183
train,2003-08-18,5.734,5.7631,0.0291
train,2003-08-19,5.6,5.5983,-0.0017
train,2003-08-20,13.42,13.3944,-0.0256
train,2003-08-21,5.21,5.1183,-0.0917
train,2003-08-22,4.85,4.8715,0.0215
train,2003-08-23,5.602,5.7121,0.1101
train,2003-08-24,10.99,10.9636,-0.0264
train,2003-08-25,7.046,7.046,0.0
train,2003-08-26,11.43,11.5354,0.1054
train,2003-08-27,5.406,5.4271,0.0211
train,2003-08-28,4.472,4.4577,-0.0143
train,2003-08-29,5.45,5.4969,0.0469
train,2003-08-30,12.25,12.3475,0.0975
train,2003-08-31,12.22,12.2097,-0.0103
train,2003-09-01,9.11,9.1031,-0.0069
train,2003-09-02,7.332,7.3173,-0.0147
train,2003-09-03,5.19,5.1246,-0.0654
train,2003-09-04,5.29,5.2839,-0.0061
train,2003-09-05,7.126,7.0899,-0.0361
train,2003-09-06,6.44,6.4268,-0.0132
train,2003-09-07,4.23,4.3589,0.1289
train,2003-09-08,7.28,7.3087,0.0287
train,2003-09-09,5.752,5.8117,0.0597
train,2003-09-10,11.408,11.4176,0.0096
train,2003-09-11,4.49,4.471,-0.019
train,2003-09-12,12.46,12.3761,-0.0839
train,2003-09-13,3.75,3.7672,0.0172
train,2003-09-14,4.14,4.1076,-0.0324
train,2003-09-15,5.0,4.9705,-0.0295
train,2003-09-16,6.92,6.8642,-0.0558
train,2003-09-17,5.244,5.2036,-0.0404
train,2003-09-18,7.31,7.4926,0.1826
train,2003-09-19,12.06,12.0735,0.0135
train,2003-09-20,5.07,5.0752,0.0052
train,2003-09-21,4.44,4.4762,0.0362
train,2003-09-22,12.88,12.7913,-0.0887
train,2003-09-23,4.986,5.0367,0.0507
train,2003-09-24,4.46,4.4626,0.0026
train,2003-09-25,12.12,12.1964,0.0764
train,2003-09-26,5.91,5.9105,0.0005
train,2003-09-27,7.162,7.1568,-0.0052
train,2003-09-28,6.912,6.8942,-0.0178
train,2003-09-29,5.398,5.4792,0.0812
train,2003-09-30,7.216,7.1607,-0.0553
train,2003-10-01,13.016,13.0165,0.0005
train,2003-10-02,6.77,6.8277,0.0577
train,2003-10-03,12.386,12.3195,-0.0665
train,2003-10-04,9.3,9.2191,-0.0809
train,2003-10-05,5.158,5.1204,-0.0376
train,2003-10-06,5.27,5.2868,0.0168
train,2003-10-07,5.97,5.9391,-0.0309
train,2003-10-08,6.528,6.6061,0.0781
train,2003-10-09,4.688,4.7036,0.0156
train,2003-10-10,3.79,3.8185,0.0285
train,2003-10-11,9.198,9.2827,0.0847
train,2003-10-12,4.89,4.9047,0.0147
train,2003-10-13,3.95,3.9604,0.0104
train,2003-10-14,6.99,7.0318,0.0418
train,2003-10-15,12.156,12.1302,-0.0258
train,2003-10-16,12.67,12.6791,0.0091
train,2003-10-17,9.974,9.9626,-0.0114
train,2003-10-18,5.296,5.2898,-0.0062
train,2003-10-19,9.67,9.681,0.011
train,2003-10-20,5.87,5.8492,-0.0208
train,2003-10-21,10.92,10.9936,0.0736
train,2003-10-22,5.834,5.8841,0.0501
train,2003-10-23,6.19,6.1484,-0.0416
train,2003-10-24,6.97,7.0783,0.1083
train,2003-10-25,5.47,5.4494,-0.0206
train,2003-10-26,4.798,4.7286,-0.0694
train,2003-10-27,12.45,12.3861,-0.0639
train,2003-10-28,5.61,5.6426,0.0326
train,2003-10-29,6.67,6.6285,-0.0415
train,2003-10-30,8.66,8.7124,0.0524
train,2003-10-31,7.0,7.0385,0.0385
train,2003-11-01,5.03,5.0982,0.0682
train,2003-11-02,6.784,6.9315,0.1475
train,2003-11-03,12.464,12.3045,-0.1595
train,2003-11-04,6.89,6.9125,0.0225
train,2003-11-05,5.76,5.7736,0.0136
train,2003-11-06,5.19,5.198,0.008
train,2003-11-07,5.74,5.7817,0.0417
train,2003-11-08,11.61,11.5801,-0.0299
train,2003-11-09,12.9,12.9657,0.0657
train,2003-11-10,9.506,9.3829,-0.1231
train,2003-11-11,12.39,12.3213,-0.0687
train,2003-11-12,10.798,10.6348,-0.1632
train,2003-11-13,11.52,11.5417,0.0217
train,2003-11-14,4.31,4.3085,-0.0015
train,2003-11-15,10.984,10.5833,-0.4007
train,2003-11-16,6.21,6.202,-0.008
train,2003-11-17,12.904,12.7839,-0.1201
train,2003-11-18,4.98,5.0805,0.1005
train,2003-11-19,5.12,5.1188,-0.0012
train,2003-11-20,5.54,5.5444,0.0044
train,2003-11-21,4.966,4.9553,-0.0107
train,2003-11-22,6.104,6.1078,0.0038
train,2003-11-23,9.79,9.3216,-0.4684
train,2003-11-24,4.648,4.6774,0.0294
train,2003-11-25,7.256,7.2509,-0.0051
train,2003-11-26,12.23,12.2606,0.0306
train,2003-11-27,8.16,8.2006,0.0406
train,2003-11-28,6.44,6.452,0.012
train,2003-11-29,5.052,5.1031,0.0511
train,2003-11-30,5.75,5.8138,0.0638
train,2003-12-01,6.1,6.0651,-0.0349
train,2003-12-02,6.204,6.1935,-0.0105
train,2003-12-03,5.512,5.5278,0.0158
train,2003-12-04,10.53,10.3949,-0.1351
train,2003-12-05,12.13,12.2264,0.0964
train,2003-12-06,7.218,7.3438,0.1258
train,2003-12-07,4.85,4.8951,0.0451
train,2003-12-08,6.72,6.7423,0.0223
train,2003-12-09,6.66,6.6868,0.0268
train,2003-12-10,7.66,7.7081,0.0481
train,2003-12-11,4.51,4.458,-0.052
train,2003-12-12,5.068,5.0817,0.0137
train,2003-12-13,5.314,5.3438,0.0298
train,2003-12-14,11.16,11.3646,0.2046
train,2003-12-15,4.82,4.843,0.023
train,2003-12-16,11.544,11.4958,-0.0482
train,2003-12-17,4.35,4.4059,0.0559
train,2003-12-18,11.64,11.6268,-0.0132
train,2003-12-19,7.5,7.4293,-0.0707
train,2003-12-20,12.02,12.0993,0.0793
train,2003-12-21,12.158,12.1988,0.0408
train,2003-12-22,8.24,8.1041,-0.1359
train,2003-12-23,6.15,6.1707,0.0207
train,2003-12-24,12.56,12.3904,-0.1696
train,2003-12-25,7.446,7.4591,0.0131
train,2003-12-26,6.266,6.2716,0.0056
train,2003-12-27,5.428,5.5019,0.0739
train,2003-12-28,5.82,5.8036,-0.0164
train,2003-12-29,12.544,12.6148,0.0708
train,2003-12-30,7.878,7.8111,-0.0669
train,2003-12-31,5.58,5.5607,-0.0193
train,2004-01-01,4.07,4.1177,0.0477
train,2004-01-02,5.38,5.4446,0.0646
train,2004-01-03,6.564,6.5578,-0.0062
train,2004-01-04,12.41,12.3702,-0.0398
train,2004-01-05,7.076,7.0774,0.0014
train,2004-01-06,6.16,6.1493,-0.0107
train,2004-01-07,7.99,7.9119,-0.0781
train,2004-01-08,8.25,8.3278,0.0778
train,2004-01-09,14.0,13.8489,-0.1511
train,2004-01-10,9.002,8.9234,-0.0786
train,2004-01-11,5.426,5.4331,0.0071
train,2004-01-12,13.64,13.7339,0.0939
train,2004-01-13,5.54,5.5491,0.0091
train,2004-01-14,12.68,12.6964,0.0164
train,2004-01-15,4.42,4.4401,0.0201
train,2004-01-16,8.53,8.5773,0.0473
train,2004-01-17,10.72,10.752,0.032
train,2004-01-18,5.994,6.0546,0.0606
train,2004-01-19,11.84,11.885,0.045
train,2004-01-20,5.68,5.6643,-0.0157
train,2004-01-21,5.38,5.3176,-0.0624
train,2004-01-22,5.14,5.3089,0.1689
train,2004-01-23,7.412,7.452,0.04
train,2004-01-24,11.94,12.0364,0.0964
train,2004-01-25,5.75,5.7245,-0.0255
train,2004-01-26,4.638,4.5286,-0.1094
train,2004-01-27,5.63,5.661,0.031
train,2004-01-28,7.86,7.8315,-0.0285
train,2004-01-29,6.49,6.4751,-0.0149
train,2004-01-30,12.398,12.332,-0.066
train,2004-01-31,9.838,9.87,0.032
train,2004-02-01,4.53,4.5559,0.0259
train,2004-02-02,5.64,5.6698,0.0298
train,2004-02-03,4.86,4.8495,-0.0105
train,2004-02-04,3.84,3.7991,-0.0409
train,2004-02-05,5.34,5.351,0.011
train,2004-02-06,6.296,6.3637,0.0677
train,2004-02-07,5.3,5.2675,-0.0325
train,2004-02-08,5.78,5.8665,0.0865
train,2004-02-09,9.242,9.2731,0.0311
train,2004-02-10,5.104,5.1104,0.0064
train,2004-02-11,9.04,9.0484,0.0084
train,2004-02-12,8.01,8.0675,0.0575
train,2004-02-13,4.876,4.8823,0.0063
train,2004-02-14,5.138,5.1274,-0.0106
train,2004-02-15,5.78,5.7229,-0.0571
train,2004-02-16,4.04,4.1203,0.0803
train,2004-02-17,5.36,5.2733,-0.0867
train,2004-02-18,6.64,6.6628,0.0228
train,2004-02-19,5.4,5.4449,0.0449
train,2004-02-20,10.228,10.3485,0.1205
train,2004-02-21,5.68,5.6582,-0.0218
train,2004-02-22,13.12,13.0774,-0.0426
train,2004-02-23,12.09,11.8958,-0.1942
train,2004-02-24,4.2,4.133,-0.067
train,2004-02-25,12.69,12.676,-0.014
train,2004-02-26,5.94,5.9894,0.0494
train,2004-02-27,12.402,12.4142,0.0122
train,2004-02-28,4.49,4.4843,-0.0057
train,2004-02-29,6.17,6.2017,0.0317
train,2004-03-01,9.25,9.2456,-0.0044
train,2004-03-02,11.29,11.0774,-0.2126
train,2004-03-03,12.48,12.4476,-0.0324
train,2004-03-04,10.802,10.7948,-0.0072
train,2004-03-05,4.778,4.7012,-0.0768
train,2004-03-06,5.21,5.1965,-0.0135
train,2004-03-07,7.24,7.2861,0.0461
train,2004-03-08,6.344,6.4696,0.1256
train,2004-03-09,11.614,11.5498,-0.0642
train,2004-03-10,8.434,8.4393,0.0053
train,2004-03-11,5.82,5.8098,-0.0102
train,2004-03-12,12.9,12.9442,0.0442
train,2004-03-13,5.27,5.273,0.003
train,2004-03-14,6.92,6.9146,-0.0054
train,2004-03-15,5.582,5.5386,-0.0434
train,2004-03-16,11.776,11.8159,0.0399
train,2004-03-17,12.924,12.8904,-0.0336
train,2004-03-18,5.27,5.2584,-0.0116
train,2004-03-19,7.818,7.8152,-0.0028
train,2004-03-20,5.03,5.0861,0.0561
train,2004-03-21,5.23,5.2439,0.0139
train,2004-03-22,13.844,13.8067,-0.0373
train,2004-03-23,4.7,4.6551,-0.0449
train,2004-03-24,11.97,11.9499,-0.0201
train,2004-03-25,4.5,4.5255,0.0255
train,2004-03-26,9.66,9.7764,0.1164
train,2004-03-27,11.272,11.264,-0.008
train,2004-03-28,6.736,6.77,0.034
train,2004-03-29,5.18,5.2485,0.0685
train,2004-03-30,5.4,5.4315,0.0315
train,2004-03-31,11.308,11.388,0.08
train,2004-04-01,4.844,4.7771,-0.0669
train,2004-04-02,7.65,7.6379,-0.0121
train,2004-04-03,5.53,5.6375,0.1075
train,2004-04-04,12.34,12.3593,0.0193
train,2004-04-05,5.78,5.7814,0.0014
train,2004-04-06,4.45,4.46,0.01
train,2004-04-07,13.02,13.0483,0.0283
train,2004-04-08,4.788,4.7083,-0.0797
train,2004-04-09,4.54,4.525,-0.015
train,2004-04-10,9.6,9.5407,-0.0593
train,2004-04-11,11.81,11.8486,0.0386
train,2004-04-12,10.782,10.6996,-0.0824
train,2004-04-13,4.92,4.8515,-0.0685
train,2004-04-14,12.192,12.1383,-0.0537
train,2004-04-15,4.27,4.3383,0.0683
train,2004-04-16,9.05,9.0198,-0.0302
train,2004-04-17,12.88,12.9232,0.0432
train,2004-04-18,12.52,12.5715,0.0516
train,2004-04-19,11.1,11.1741,0.0741
train,2004-04-20,7.61,7.6317,0.0217
train,2004-04-21,11.43,11.3797,-0.0503
train,2004-04-22,5.44,5.4187,-0.0213
train,2004-04-23,5.4,5.4209,0.0209
train,2004-04-24,9.15,9.1692,0.0192
train,2004-04-25,5.14,5.1167,-0.0233
train,2004-04-26,13.06,13.0894,0.0294
train,2004-04-27,6.51,6.4773,-0.0327
train,2004-04-28,11.48,11.5315,0.0515
train,2004-04-29,5.61,5.6151,0.0051
train,2004-04-30,11.93,11.9168,-0.0132
train,2004-05-01,4.79,4.7847,-0.0053
train,2004-05-02,6.92,6.8789,-0.0411
train,2004-05-03,10.48,10.5565,0.0765
train,2004-05-04,11.24,11.3088,0.0688
train,2004-05-05,7.17,7.1928,0.0228
train,2004-05-06,5.6,5.584,-0.016
train,2004-05-07,7.99,8.0106,0.0206
train,2004-05-08,6.428,6.3307,-0.0973
train,2004-05-09,10.908,11.1595,0.2515
train,2004-05-10,12.87,12.8404,-0.0296
train,2004-05-11,4.61,4.6213,0.0113
train,2004-05-12,12.272,12.3868,0.1148
train,2004-05-13,11.956,11.8264,-0.1296
train,2004-05-14,6.92,6.9316,0.0116
train,2004-05-15,4.66,4.6488,-0.0112
train,2004-05-16,12.94,12.9876,0.0476
train,2004-05-17,9.72,9.6909,-0.0291
train,2004-05-18,9.49,9.5115,0.0215
train,2004-05-19,6.378,6.3709,-0.0071
train,2004-05-20,12.822,12.7749,-0.0471
train,2004-05-21,5.65,5.5875,-0.0625
train,2004-05-22,8.2,8.1259,-0.0741
train,2004-05-23,5.82,5.9098,0.0898
train,2004-05-24,5.12,5.099,-0.021
train,2004-05-25,5.052,5.115,0.063
train,2004-05-26,5.26,5.3094,0.0494
train,2004-05-27,8.31,8.2292,-0.0808
train,2004-05-28,7.29,7.3135,0.0235
train,2004-05-29,4.57,4.5476,-0.0224
train,2004-05-30,5.89,5.9607,0.0707
train,2004-05-31,5.374,5.3996,0.0256
train,2004-06-01,12.68,12.6856,0.0056
train,2004-06-02,5.93,5.9476,0.0176
train,2004-06-03,4.624,4.7094,0.0854
train,2004-06-04,4.862,5.023,0.161
train,2004-06-05,6.39,6.3914,0.0014
train,2004-06-06,5.64,5.661,0.021
train,2004-06-07,4.448,4.6148,0.1668
train,2004-06-08,8.73,8.7355,0.0055
train,2004-06-09,4.816,4.837,0.021
train,2004-06-10,7.596,7.7161,0.1201
train,2004-06-11,5.13,5.229,0.099
train,2004-06-12,7.78,7.7864,0.0064
train,2004-06-13,12.63,12.6413,0.0113
train,2004-06-14,4.804,4.8596,0.0556
train,2004-06-15,6.868,6.9069,0.0389
train,2004-06-16,5.51,5.5095,-0.0005
train,2004-06-17,6.77,6.6582,-0.1118
train,2004-06-18,5.76,5.8141,0.0541
train,2004-06-19,5.388,5.4239,0.0359
train,2004-06-20,11.776,11.8057,0.0297
train,2004-06-21,8.32,8.6171,0.2971
train,2004-06-22,4.85,4.8471,-0.0029
train,2004-06-23,9.164,9.0958,-0.0682
train,2004-06-24,7.41,7.3851,-0.0249
train,2004-06-25,6.12,6.0696,-0.0504
train,2004-06-26,13.238,13.2156,-0.0224
train,2004-06-27,6.486,6.4923,0.0063
train,2004-06-28,4.34,4.3907,0.0507
train,2004-06-29,11.93,11.9972,0.0672
train,2004-06-30,5.07,5.2003,0.1303
train,2004-07-01,7.35,7.3629,0.0129
train,2004-07-02,8.17,8.1577,-0.0123
train,2004-07-03,12.19,12.2599,0.0699
train,2004-07-04,10.18,10.0848,-0.0952
train,2004-07-05,12.33,12.2588,-0.0712
train,2004-07-06,6.13,6.133,0.003
train,2004-07-07,4.92,4.9638,0.0438
train,2004-07-08,8.22,8.3922,0.1722
train,2004-07-09,4.428,4.4045,-0.0235
train,2004-07-10,7.882,7.8675,-0.0145
train,2004-07-11,5.23,5.2438,0.0138
train,2004-07-12,9.266,9.2621,-0.0039
train,2004-07-13,7.7,7.7896,0.0896
train,2004-07-14,11.644,11.6262,-0.0178
train,2004-07-15,4.99,4.9807,-0.0093
train,2004-07-16,4.98,4.9563,-0.0237
train,2004-07-17,4.92,4.9153,-0.0047
train,2004-07-18,13.296,13.233,-0.063
train,2004-07-19,5.558,5.6315,0.0735
train,2004-07-20,12.42,12.4769,0.0569
train,2004-07-21,10.104,10.1698,0.0658
train,2004-07-22,11.88,11.9199,0.0399
train,2004-07-23,3.75,3.791,0.041
train,2004-07-24,13.23,13.3079,0.0779
train,2004-07-25,6.27,6.3678,0.0978
train,2004-07-26,7.02,7.013,-0.007
train,2004-07-27,4.63,4.6895,0.0595
train,2004-07-28,6.04,6.0053,-0.0347
train,2004-07-29,7.16,7.1524,-0.0076
train,2004-07-30,5.232,5.2668,0.0348
train,2004-07-31,13.2,13.2875,0.0875
train,2004-08-01,8.342,8.3406,-0.0014
train,2004-08-02,5.67,5.7896,0.1196
train,2004-08-03,5.094,5.0627,-0.0313
train,2004-08-04,11.39,11.1177,-0.2723
train,2004-08-05,6.346,5.859,-0.487
train,2004-08-06,5.914,5.9599,0.0459
train,2004-08-07,4.86,4.8247,-0.0353
train,2004-08-08,8.7,8.7255,0.0255
train,2004-08-09,8.34,8.3478,0.0078
train,2004-08-10,12.45,12.5856,0.1356
train,2004-08-11,13.04,12.9021,-0.1379
train,2004-08-12,5.93,5.9573,0.0273
train,2004-08-13,12.54,12.4519,-0.0881
train,2004-08-14,4.7,4.6794,-0.0206
train,2004-08-15,7.09,7.1308,0.0408
train,2004-08-16,6.082,6.0966,0.0146
train,2004-08-17,5.204,5.1557,-0.0483
train,2004-08-18,12.25,12.3446,0.0946
train,2004-08-19,5.176,5.0535,-0.1225
train,2004-08-20,12.2,12.051,-0.149
train,2004-08-21,12.57,12.5414,-0.0286
train,2004-08-22,5.54,5.5858,0.0458
train,2004-08-23,5.66,5.6199,-0.0401
train,2004-08-24,8.09,8.0601,-0.0299
train,2004-08-25,7.96,8.0168,0.0568
train,2004-08-26,10.63,10.5631,-0.0669
train,2004-08-27,7.21,7.208,-0.002
train,2004-08-28,12.19,12.1365,-0.0535
train,2004-08-29,6.14,6.1296,-0.0104
train,2004-08-30,5.098,5.1035,0.0055
train,2004-08-31,11.29,11.1028,-0.1872
train,2004-09-01,5.47,5.4408,-0.0292
train,2004-09-02,10.886,10.8224,-0.0636
train,2004-09-03,5.02,4.9898,-0.0302
train,2004-09-04,12.43,12.5926,0.1626
train,2004-09-05,4.704,4.6668,-0.0372
train,2004-09-06,9.304,9.363,0.059
train,2004-09-07,5.19,5.1598,-0.0302
train,2004-09-08,4.106,4.1905,0.0845
train,2004-09-09,13.64,13.5812,-0.0588
train,2004-09-10,7.99,8.1874,0.1974
train,2004-09-11,7.958,7.9786,0.0206
train,2004-09-12,5.37,5.4376,0.0676
train,2004-09-13,7.72,7.7296,0.0096
train,2004-09-14,7.422,7.3738,-0.0482
train,2004-09-15,12.66,12.6655,0.0055
train,2004-09-16,7.09,7.1294,0.0394
train,2004-09-17,11.364,11.5903,0.2263
train,2004-09-18,12.594,12.5595,-0.0345
train,2004-09-19,8.732,8.6791,-0.0529
train,2004-09-20,11.85,11.7928,-0.0572
train,2004-09-21,5.22,5.1873,-0.0327
train,2004-09-22,3.78,3.7547,-0.0253
train,2004-09-23,10.8,10.7322,-0.0678
train,2004-09-24,7.79,7.7761,-0.0139
train,2004-09-25,11.85,11.7777,-0.0723
train,2004-09-26,6.08,6.1092,0.0292
train,2004-09-27,12.77,12.6939,-0.0761
train,2004-09-28,5.626,5.5489,-0.0771
train,2004-09-29,4.39,4.4138,0.0238
train,2004-09-30,6.63,6.6059,-0.0241
train,2004-10-01,5.35,5.3499,-0.0001
train,2004-10-02,4.67,4.7896,0.1196
train,2004-10-03,8.438,8.4088,-0.0292
train,2004-10-04,7.22,7.237,0.017
train,2004-10-05,4.59,4.5906,0.0006
train,2004-10-06,5.67,5.6211,-0.0489
train,2004-10-07,7.94,7.9751,0.0351
train,2004-10-08,5.78,5.8168,0.0368
train,2004-10-09,9.65,9.724,0.074
train,2004-10-10,11.16,11.0974,-0.0626
train,2004-10-11,11.8,11.8518,0.0518
train,2004-10-12,13.35,13.3283,-0.0217
train,2004-10-13,6.36,6.3625,0.0025
train,2004-10-14,12.56,12.4896,-0.0704
train,2004-10-15,7.21,7.2187,0.0087
train,2004-10-16,4.568,4.5167,-0.0513
train,2004-10-17,8.574,8.5156,-0.0584
train,2004-10-18,4.89,4.8869,-0.0031
train,2004-10-19,12.47,12.5446,0.0746
train,2004-10-20,5.34,5.3007,-0.0393
train,2004-10-21,5.02,4.9991,-0.0209
train,2004-10-22,5.83,5.791,-0.039
train,2004-10-23,5.57,5.5519,-0.0181
train,2004-10-24,8.972,9.0395,0.0675
train,2004-10-25,12.716,12.7281,0.0121
train,2004-10-26,5.63,5.6158,-0.0142
train,2004-10-27,7.552,7.5567,0.0047
train,2004-10-28,7.04,7.0274,-0.0126
train,2004-10-29,6.05,6.022,-0.028
train,2004-10-30,11.36,11.3347,-0.0253
train,2004-10-31,5.28,5.2529,-0.0271
train,2004-11-01,11.888,11.8373,-0.0507
train,2004-11-02,13.42,13.6116,0.1916
train,2004-11-03,5.57,5.5495,-0.0205
train,2004-11-04,4.958,4.9792,0.0212
train,2004-11-05,4.48,4.4796,-0.0004
train,2004-11-06,8.13,8.1066,-0.0234
train,2004-11-07,5.97,5.9609,-0.0091
train,2004-11-08,7.72,7.6962,-0.0238
train,2004-11-09,7.308,7.364,0.056
train,2004-11-10,6.45,6.5271,0.0771
train,2004-11-11,4.848,4.8455,-0.0025
train,2004-11-12,6.83,6.7971,-0.0329
train,2004-11-13,6.496,6.4573,-0.0387
train,2004-11-14,5.07,5.0603,-0.0097
train,2004-11-15,8.85,8.796,-0.054
train,2004-11-16,5.19,5.2001,0.0101
train,2004-11-17,7.37,7.3564,-0.0136
train,2004-11-18,10.7,10.5667,-0.1333
train,2004-11-19,7.884,7.946,0.062
train,2004-11-20,4.54,4.5041,-0.0359
train,2004-11-21,12.63,12.5543,-0.0757
train,2004-11-22,6.77,6.7704,0.0004
train,2004-11-23,5.36,5.4272,0.0672
train,2004-11-24,6.36,6.3352,-0.0248
train,2004-11-25,6.052,6.045,-0.007
train,2004-11-26,6.988,6.94,-0.048
train,2004-11-27,7.97,8.0521,0.0821
train,2004-11-28,12.354,12.2586,-0.0954
train,2004-11-29,5.14,5.1557,0.0157
train,2004-11-30,4.83,4.8742,0.0442
train,2004-12-01,6.866,6.7723,-0.0937
train,2004-12-02,10.19,10.187,-0.003
train,2004-12-03,5.02,4.988,-0.032
train,2004-12-04,6.69,6.6567,-0.0333
train,2004-12-05,9.208,9.2368,0.0288
train,2004-12-06,4.148,4.1881,0.0401
train,2004-12-07,5.942,6.0182,0.0762
train,2004-12-08,5.59,5.6844,0.0944
train,2004-12-09,7.298,7.2908,-0.0072
train,2004-12-10,6.06,6.0757,0.0157
train,2004-12-11,4.432,4.513,0.081
train,2004-12-12,12.304,12.1927,-0.1113
train,2004-12-13,12.602,12.5744,-0.0276
train,2004-12-14,7.17,7.1729,0.0029
train,2004-12-15,12.58,12.3851,-0.1949
train,2004-12-16,4.606,4.6467,0.0407
train,2004-12-17,10.99,10.9968,0.0068
train,2004-12-18,5.512,5.5761,0.0641
train,2004-12-19,13.334,13.2414,-0.0926
train,2004-12-20,5.59,5.602,0.012
train,2004-12-21,12.1,12.0076,-0.0924
train,2004-12-22,6.63,6.7285,0.0985
train,2004-12-23,5.56,5.5649,0.0049
train,2004-12-24,5.59,5.6392,0.0492
train,2004-12-25,10.74,10.7986,0.0586
train,2004-12-26,6.546,6.5121,-0.0339
train,2004-12-27,6.11,6.0906,-0.0194
train,2004-12-28,8.76,8.7741,0.0141
train,2004-12-29,8.23,8.175,-0.055
train,2004-12-30,3.974,4.0869,0.1129
train,2004-12-31,8.878,8.7495,-0.1285
train,2005-01-01,8.648,8.7011,0.0531
train,2005-01-02,4.45,4.5481,0.0981
train,2005-01-03,8.71,8.7027,-0.0073
train,2005-01-04,11.574,11.5366,-0.0374
train,2005-01-05,6.17,6.1441,-0.0259
train,2005-01-06,8.61,8.6182,0.0082
train,2005-01-07,8.36,8.1458,-0.2142
train,2005-01-08,3.62,3.6482,0.0282
train,2005-01-09,6.5,6.4149,-0.0851
train,2005-01-10,12.85,12.7705,-0.0795
train,2005-01-11,6.8,6.7969,-0.0031
train,2005-01-12,8.43,8.3644,-0.0656
train,2005-01-13,8.06,8.2886,0.2286
train,2005-01-14,9.63,9.6323,0.0023
train,2005-01-15,4.702,4.7373,0.0353
train,2005-01-16,5.998,6.0317,0.0337
train,2005-01-17,12.4,12.4808,0.0808
train,2005-01-18,3.95,3.9393,-0.0107
train,2005-01-19,5.07,5.1233,0.0533
train,2005-01-20,7.152,7.1892,0.0372
train,2005-01-21,8.64,8.5661,-0.0739
train,2005-01-22,7.19,7.1802,-0.0098
train,2005-01-23,10.038,10.0993,0.0613
train,2005-01-24,5.39,5.4659,0.0759
train,2005-01-25,5.42,5.3967,-0.0233
train,2005-01-26,5.058,5.0872,0.0292
train,2005-01-27,5.67,5.6585,-0.0115
train,2005-01-28,9.088,9.104,0.016
train,2005-01-29,8.07,8.0117,-0.0583
train,2005-01-30,12.76,12.7345,-0.0255
train,2005-01-31,5.9,5.9137,0.0137
train,2005-02-01,4.048,4.2362,0.1882
train,2005-02-02,5.61,5.5946,-0.0154
train,2005-02-03,12.84,12.831,-0.009
train,2005-02-04,6.206,6.1825,-0.0235
train,2005-02-05,8.952,8.8705,-0.0815
train,2005-02-06,4.886,4.9447,0.0587
train,2005-02-07,5.63,5.642,0.012
train,2005-02-08,6.934,6.7959,-0.1381
train,2005-02-09,12.34,12.425,0.085
train,2005-02-10,5.34,5.3577,0.0177
train,2005-02-11,9.74,9.7479,0.0079
train,2005-02-12,5.07,5.074,0.004
train,2005-02-13,6.54,6.4197,-0.1203
train,2005-02-14,5.406,5.4033,-0.0027
train,2005-02-15,9.66,9.687,0.027
train,2005-02-16,7.242,7.1985,-0.0435
train,2005-02-17,4.668,4.6519,-0.0161
train,2005-02-18,4.888,4.8508,-0.0372
train,2005-02-19,9.16,9.1502,-0.0098
train,2005-02-20,3.43,3.5276,0.0976
train,2005-02-21,5.196,5.1915,-0.0045
train,2005-02-22,12.212,12.2729,0.0609
train,2005-02-23,6.19,6.1455,-0.0445
train,2005-02-24,11.77,11.7339,-0.0361
train,2005-02-25,12.42,12.5781,0.1581
train,2005-02-26,6.61,6.5942,-0.0158
train,2005-02-27,6.79,6.4674,-0.3226
train,2005-02-28,12.358,12.368,0.01
train,2005-03-01,6.17,6.2254,0.0554
train,2005-03-02,4.56,4.6285,0.0685
train,2005-03-03,4.718,4.8325,0.1145
train,2005-03-04,4.454,4.4946,0.0406
train,2005-03-05,5.37,5.3719,0.0019
train,2005-03-06,11.35,11.4227,0.0727
train,2005-03-07,6.844,6.8404,-0.0036
train,2005-03-08,6.03,5.9952,-0.0348
train,2005-03-09,4.87,4.8328,-0.0372
train,2005-03-10,7.73,7.7069,-0.0231
train,2005-03-11,7.82,7.8017,-0.0183
train,2005-03-12,12.93,13.0332,0.1032
train,2005-03-13,4.974,4.9088,-0.0652
train,2005-03-14,5.52,5.5182,-0.0018
train,2005-03-15,4.33,4.4124,0.0824
train,2005-03-16,13.34,13.4968,0.1568
train,2005-03-17,12.012,12.1119,0.0999
train,2005-03-18,5.94,5.9512,0.0112
train,2005-03-19,13.92,13.7371,-0.1829
train,2005-03-20,6.404,6.401,-0.003
train,2005-03-21,12.62,12.6081,-0.0119
train,2005-03-22,11.86,11.9632,0.1032
train,2005-03-23,12.338,12.251,-0.087
train,2005-03-24,9.12,9.1163,-0.0037
train,2005-03-25,12.098,12.1578,0.0598
train,2005-03-26,5.51,5.4418,-0.0682
train,2005-03-27,7.33,7.3377,0.0077
train,2005-03-28,11.86,11.9628,0.1028
train,2005-03-29,11.29,11.4525,0.1625
train,2005-03-30,3.8,3.7621,-0.0379
train,2005-03-31,10.16,10.2364,0.0764
train,2005-04-01,4.43,4.3863,-0.0437
train,2005-04-02,4.55,4.497,-0.053
train,2005-04-03,5.92,5.942,0.022
train,2005-04-04,5.38,5.3817,0.0017
train,2005-04-05,4.43,4.3947,-0.0353
train,2005-04-06,7.58,7.4679,-0.1121
train,2005-04-07,6.8,6.8377,0.0377
train,2005-04-08,10.55,10.5142,-0.0358
train,2005-04-09,5.32,5.34,0.02
train,2005-04-10,4.78,4.7766,-0.0034
train,2005-04-11,9.87,9.9402,0.0702
train,2005-04-12,5.82,5.836,0.016
train,2005-04-13,5.614,5.6165,0.0025
train,2005-04-14,6.1,6.0985,-0.0015
train,2005-04-15,6.452,6.4608,0.0088
train,2005-04-16,7.102,7.0831,-0.0189
train,2005-04-17,4.85,4.827,-0.023
train,2005-04-18,6.67,6.4156,-0.2544
train,2005-04-19,4.164,4.0762,-0.0878
train,2005-04-20,5.87,5.8813,0.0113
train,2005-04-21,9.64,9.5366,-0.1034
train,2005-04-22,4.7,4.7305,0.0305
train,2005-04-23,5.95,5.9666,0.0166
train,2005-04-24,5.21,5.1912,-0.0188
train,2005-04-25,7.122,7.115,-0.007
train,2005-04-26,6.17,6.1614,-0.0086
train,2005-04-27,5.198,5.2583,0.0603
train,2005-04-28,6.61,6.5819,-0.0281
train,2005-04-29,5.41,5.3782,-0.0318
train,2005-04-30,5.192,5.1534,-0.0386
train,2005-05-01,5.11,5.0997,-0.0103
train,2005-05-02,13.23,13.0592,-0.1708
train,2005-05-03,6.8,6.748,-0.052
train,2005-05-04,5.57,5.592,0.022
train,2005-05-05,7.67,7.755,0.085
train,2005-05-06,6.06,6.0725,0.0125
train,2005-05-07,10.69,10.7773,0.0873
train,2005-05-08,4.18,4.1537,-0.0263
train,2005-05-09,11.44,11.4182,-0.0218
train,2005-05-10,10.56,10.4799,-0.0801
train,2005-05-11,4.22,4.1105,-0.1095
train,2005-05-12,5.65,5.6207,-0.0293
train,2005-05-13,5.16,5.1224,-0.0376
train,2005-05-14,6.59,6.4853,-0.1047
train,2005-05-15,11.934,12.0185,0.0845
train,2005-05-16,6.858,6.8291,-0.0289
train,2005-05-17,6.71,6.7361,0.0261
train,2005-05-18,6.16,6.1144,-0.0456
train,2005-05-19,6.73,6.684,-0.046
train,2005-05-20,12.57,12.5277,-0.0423
train,2005-05-21,4.22,4.2252,0.0052
train,2005-05-22,5.618,5.7202,0.1022
train,2005-05-23,10.35,10.2983,-0.0517
train,2005-05-24,11.73,11.6963,-0.0337
train,2005-05-25,5.22,5.1223,-0.0977
train,2005-05-26,10.23,10.2258,-0.0042
train,2005-05-27,5.9,5.8454,-0.0546
train,2005-05-28,4.762,4.4964,-0.2656
train,2005-05-29,6.69,6.6853,-0.0047
train,2005-05-30,8.37,8.3474,-0.0226
train,2005-05-31,5.646,5.6346,-0.0114
train,2005-06-01,11.196,11.1371,-0.0589
train,2005-06-02,10.19,10.0946,-0.0954
train,2005-06-03,12.45,12.4557,0.0057
train,2005-06-04,5.06,5.1108,0.0508
train,2005-06-05,5.35,5.3109,-0.0391
train,2005-06-06,10.694,10.704,0.01
train,2005-06-07,5.19,5.1747,-0.0153
train,2005-06-08,7.57,7.575,0.005
train,2005-06-09,4.81,4.7906,-0.0194
train,2005-06-10,4.81,4.8153,0.0053
train,2005-06-11,5.14,5.1413,0.0013
train,2005-06-12,11.3,11.3561,0.0561
train,2005-06-13,12.24,12.2877,0.0477
train,2005-06-14,4.994,4.9802,-0.0138
train,2005-06-15,5.318,5.2638,-0.0542
train,2005-06-16,4.91,4.9051,-0.0049
train,2005-06-17,4.18,4.1531,-0.0269
train,2005-06-18,12.78,12.7131,-0.0669
train,2005-06-19,11.062,10.9975,-0.0645
train,2005-06-20,6.4,6.1621,-0.2379
train,2005-06-21,5.59,5.586,-0.004
train,2005-06-22,13.11,13.0546,-0.0554
train,2005-06-23,6.74,6.7654,0.0254
train,2005-06-24,8.31,8.2738,-0.0362
train,2005-06-25,12.29,12.1729,-0.1171
train,2005-06-26,6.49,6.5549,0.0649
train,2005-06-27,7.91,7.7914,-0.1186
train,2005-06-28,6.434,6.422,-0.012
train,2005-06-29,5.63,5.6466,0.0166
train,2005-06-30,4.8,4.8163,0.0163
train,2005-07-01,5.864,5.9619,0.0979
train,2005-07-02,10.75,10.6439,-0.1061
train,2005-07-03,5.794,5.8206,0.0266
train,2005-07-04,4.31,4.3449,0.0349
train,2005-07-05,4.024,4.0742,0.0502
train,2005-07-06,6.122,6.0868,-0.0352
train,2005-07-07,9.37,9.3125,-0.0575
train,2005-07-08,5.398,5.3088,-0.0892
train,2005-07-09,10.13,10.1422,0.0122
train,2005-07-10,11.74,11.7364,-0.0036
train,2005-07-11,11.27,11.2216,-0.0484
train,2005-07-12,11.394,11.3832,-0.0108
train,2005-07-13,6.14,6.1783,0.0383
train,2005-07-14,7.36,7.2988,-0.0612
train,2005-07-15,13.03,13.0711,0.0411
train,2005-07-16,3.38,3.4775,0.0975
train,2005-07-17,6.48,6.4392,-0.0408
train,2005-07-18,5.61,5.6375,0.0275
train,2005-07-19,4.08,4.1016,0.0216
train,2005-07-20,6.11,6.072,-0.038
train,2005-07-21,5.41,5.4226,0.0126
train,2005-07-22,6.556,6.5611,0.0051
train,2005-07-23,5.23,5.269,0.039
train,2005-07-24,5.64,5.4571,-0.1829
train,2005-07-25,11.78,11.722,-0.058
train,2005-07-26,6.87,6.8278,-0.0422
train,2005-07-27,7.86,7.9061,0.0461
train,2005-07-28,12.988,13.0758,0.0878
train,2005-07-29,5.126,5.2373,0.1113
train,2005-07-30,5.734,5.8204,0.0864
train,2005-07-31,8.54,8.7319,0.1919
train,2005-08-01,5.146,5.2039,0.0579
train,2005-08-02,12.4,12.4621,0.0621
train,2005-08-03,8.59,8.5832,-0.0068
train,2005-08-04,9.0,8.9796,-0.0204
train,2005-08-05,6.36,6.3444,-0.0156
train,2005-08-06,4.74,4.7572,0.0172
train,2005-08-07,5.92,5.907,-0.013
train,2005-08-08,11.312,11.2026,-0.1094
train,2005-08-09,12.512,12.524,0.012
train,2005-08-10,5.6,5.5994,-0.0006
train,2005-08-11,4.722,4.6559,-0.0661
train,2005-08-12,10.95,10.9658,0.0158
train,2005-08-13,4.8,4.8129,0.0129
train,2005-08-14,6.426,6.4503,0.0243
train,2005-08-15,5.66,5.6608,0.0008
train,2005-08-16,4.92,4.9461,0.0261
train,2005-08-17,3.83,3.7757,-0.0543
train,2005-08-18,4.94,4.9136,-0.0264
train,2005-08-19,6.23,6.2095,-0.0205
train,2005-08-20,11.38,11.4279,0.0479
train,2005-08-21,6.1,6.1127,0.0127
train,2005-08-22,4.58,4.5691,-0.0109
train,2005-08-23,7.9,7.86,-0.04
train,2005-08-24,12.382,12.5014,0.1194
train,2005-08-25,7.89,7.8831,-0.0069
train,2005-08-26,4.68,4.8176,0.1376
train,2005-08-27,14.18,14.0385,-0.1415
train,2005-08-28,12.762,12.6978,-0.0642
train,2005-08-29,6.268,6.3419,0.0739
train,2005-08-30,5.228,5.2091,-0.0189
train,2005-08-31,6.62,6.6059,-0.0141
train,2005-09-01,7.53,7.5114,-0.0186
train,2005-09-02,5.46,5.4834,0.0234
train,2005-09-03,12.458,12.4362,-0.0218
train,2005-09-04,4.98,4.9863,0.0063
train,2005-09-05,4.46,4.472,0.012
train,2005-09-06,12.94,12.931,-0.009
train,2005-09-07,6.96,6.9944,0.0344
train,2005-09-08,6.216,6.2139,-0.0021
train,2005-09-09,12.18,12.2558,0.0758
train,2005-09-10,12.34,12.5289,0.1889
train,2005-09-11,8.246,8.2105,-0.0355
train,2005-09-12,6.16,6.1644,0.0044
train,2005-09-13,5.638,5.6516,0.0136
train,2005-09-14,5.46,5.4072,-0.0528
train,2005-09-15,12.9,12.8,-0.1
train,2005-09-16,3.57,3.6103,0.0403
train,2005-09-17,6.04,5.9165,-0.1235
train,2005-09-18,11.16,11.1575,-0.0025
train,2005-09-19,4.928,5.0327,0.1047
train,2005-09-20,4.14,4.163,0.023
train,2005-09-21,13.81,13.7763,-0.0337
train,2005-09-22,4.858,4.7953,-0.0627
train,2005-09-23,4.786,4.6673,-0.1187
train,2005-09-24,5.03,5.0239,-0.0061
train,2005-09-25,12.406,12.4086,0.0026
train,2005-09-26,5.234,5.2242,-0.0098
train,2005-09-27,12.29,12.3317,0.0417
train,2005-09-28,11.41,11.3819,-0.0281
train,2005-09-29,7.94,7.9579,0.0179
train,2005-09-30,3.46,3.5461,0.0861
train,2005-10-01,11.85,11.916,0.066
train,2005-10-02,5.32,5.3425,0.0225
train,2005-10-03,4.7,4.7154,0.0154
train,2005-10-04,7.11,7.1061,-0.0039
train,2005-10-05,5.86,5.8844,0.0244
train,2005-10-06,5.85,5.848,-0.002
train,2005-10-07,7.91,7.9332,0.0232
train,2005-10-08,9.596,9.5775,-0.0185
train,2005-10-09,7.61,7.6316,0.0216
train,2005-10-10,4.55,4.5437,-0.0063
train,2005-10-11,4.27,4.2735,0.0035
train,2005-10-12,11.65,11.5952,-0.0548
train,2005-10-13,4.948,4.9306,-0.0174
train,2005-10-14,5.806,5.7615,-0.0445
train,2005-10-15,10.28,10.4067,0.1267
train,2005-10-16,12.44,12.4722,0.0322
train,2005-10-17,4.82,4.7969,-0.0231
train,2005-10-18,8.35,8.3658,0.0158
train,2005-10-19,6.87,6.8437,-0.0263
train,2005-10-20,9.37,9.3154,-0.0546
train,2005-10-21,4.09,4.0724,-0.0176
train,2005-10-22,12.97,13.0024,0.0324
train,2005-10-23,6.13,6.0673,-0.0627
train,2005-10-24,5.94,5.9384,-0.0016
train,2005-10-25,11.666,11.4839,-0.1821
train,2005-10-26,6.35,6.3295,-0.0205
train,2005-10-27,12.23,12.2589,0.0289
train,2005-10-28,12.3,12.3263,0.0263
train,2005-10-29,13.48,13.5736,0.0936
train,2005-10-30,11.428,11.2604,-0.1676
train,2005-10-31,10.714,10.757,0.043
train,2005-11-01,9.936,10.0323,0.0963
train,2005-11-02,4.834,4.8394,0.0054
train,2005-11-03,9.06,9.0317,-0.0283
train,2005-11-04,9.032,9.1079,0.0759
train,2005-11-05,3.86,3.9199,0.0599
train,2005-11-06,11.47,11.4167,-0.0533
train,2005-11-07,4.536,4.483,-0.053
train,2005-11-08,13.79,13.6807,-0.1093
train,2005-11-09,5.89,5.9313,0.0413
train,2005-11-10,6.274,6.2655,-0.0085
train,2005-11-11,5.67,5.7487,0.0787
train,2005-11-12,7.81,7.7767,-0.0333
train,2005-11-13,7.52,7.4666,-0.0534
train,2005-11-14,5.93,5.9521,0.0221
train,2005-11-15,5.67,5.735,0.065
train,2005-11-16,8.29,8.3513,0.0613
train,2005-11-17,5.574,5.5128,-0.0612
train,2005-11-18,5.52,5.5251,0.0051
train,2005-11-19,5.57,5.5604,-0.0096
train,2005-11-20,5.232,5.3322,0.1002
train,2005-11-21,12.71,12.7109,0.0009
train,2005-11-22,4.966,5.02,0.054
train,2005-11-23,4.7,4.6182,-0.0818
train,2005-11-24,7.66,7.6259,-0.0341
train,2005-11-25,5.092,5.131,0.039
train,2005-11-26,4.91,4.8628,-0.0472
train,2005-11-27,5.41,5.4218,0.0118
train,2005-11-28,5.984,5.9587,-0.0253
train,2005-11-29,8.972,8.9146,-0.0574
train,2005-11-30,4.404,4.4045,0.0005
train,2005-12-01,5.602,5.6498,0.0478
train,2005-12-02,4.988,4.9134,-0.0746
train,2005-12-03,9.93,9.8187,-0.1113
train,2005-12-04,4.92,4.999,0.079
train,2005-12-05,5.0,4.9993,-0.0007
train,2005-12-06,4.714,4.6975,-0.0165
train,2005-12-07,6.53,6.4454,-0.0846
train,2005-12-08,12.732,12.7369,0.0049
train,2005-12-09,4.8,4.7809,-0.0191
train,2005-12-10,6.05,6.0309,-0.0191
train,2005-12-11,11.63,11.499,-0.131
train,2005-12-12,4.546,4.513,-0.033
train,2005-12-13,5.03,5.0103,-0.0197
train,2005-12-14,10.63,10.704,0.074
train,2005-12-15,11.782,11.7272,-0.0548
train,2005-12-16,11.02,11.0144,-0.0056
train,2005-12-17,5.902,5.9662,0.0642
train,2005-12-18,5.4,5.3855,-0.0145
train,2005-12-19,4.5,4.4759,-0.0241
train,2005-12-20,5.31,5.2879,-0.0221
train,2005-12-21,5.69,5.7029,0.0129
train,2005-12-22,5.95,5.8266,-0.1234
train,2005-12-23,10.84,10.8007,-0.0393
train,2005-12-24,10.876,10.9119,0.0359
train,2005-12-25,4.87,4.8968,0.0268
train,2005-12-26,5.27,5.2464,-0.0236
train,2005-12-27,6.78,6.7583,-0.0217
train,2005-12-28,5.63,5.5761,-0.0539
train,2005-12-29,6.31,6.4538,0.1438
train,2005-12-30,4.33,4.4268,0.0968
train,2005-12-31,8.702,8.5866,-0.1154
train,2006-01-01,5.63,5.6116,-0.0184
train,2006-01-02,10.87,10.699,-0.171
train,2006-01-03,4.958,4.9475,-0.0105
train,2006-01-04,5.39,5.4368,0.0468
train,2006-01-05,11.58,11.6736,0.0936
train,2006-01-06,12.85,12.8865,0.0365
train,2006-01-07,10.27,10.3674,0.0974
train,2006-01-08,5.75,5.8199,0.0699
train,2006-01-09,6.12,6.0626,-0.0574
train,2006-01-10,11.05,11.0735,0.0235
train,2006-01-11,11.812,11.9367,0.1247
train,2006-01-12,11.36,11.328,-0.032
train,2006-01-13,11.912,11.8172,-0.0948
train,2006-01-14,4.49,4.4742,-0.0158
train,2006-01-15,8.54,8.4695,-0.0705
train,2006-01-16,8.87,8.8939,0.0239
train,2006-01-17,10.87,10.8853,0.0153
train,2006-01-18,4.52,4.5943,0.0743
train,2006-01-19,12.752,12.782,0.03
train,2006-01-20,11.58,11.7715,0.1915
train,2006-01-21,4.83,4.8272,-0.0028
train,2006-01-22,5.824,5.7965,-0.0275
train,2006-01-23,5.62,5.6257,0.0057
train,2006-01-24,6.52,6.5187,-0.0013
train,2006-01-25,6.4,6.3458,-0.0542
train,2006-01-26,11.34,11.3763,0.0363
train,2006-01-27,5.49,5.4815,-0.0085
train,2006-01-28,6.74,6.7341,-0.0059
train,2006-01-29,8.23,8.2686,0.0386
train,2006-01-30,12.59,12.5311,-0.0589
train,2006-01-31,7.46,7.3816,-0.0784
train,2006-02-01,4.86,4.835,-0.025
train,2006-02-02,4.798,4.7811,-0.0169
train,2006-02-03,12.062,12.1615,0.0995
train,2006-02-04,11.35,11.3486,-0.0014
train,2006-02-05,5.512,5.5746,0.0626
train,2006-02-06,5.16,5.1981,0.0381
train,2006-02-07,5.25,5.2358,-0.0142
train,2006-02-08,12.406,12.4363,0.0303
train,2006-02-09,12.83,12.7201,-0.1099
train,2006-02-10,12.68,12.7738,0.0938
train,2006-02-11,4.718,4.7233,0.0053
train,2006-02-12,8.11,8.1169,0.0069
train,2006-02-13,6.22,6.0887,-0.1313
train,2006-02-14,8.12,8.1102,-0.0098
train,2006-02-15,5.8,5.8258,0.0258
train,2006-02-16,13.2,13.2887,0.0887
train,2006-02-17,7.73,7.775,0.045
train,2006-02-18,5.36,5.3358,-0.0242
train,2006-02-19,7.66,7.6689,0.0089
train,2006-02-20,3.36,3.4263,0.0663
train,2006-02-21,11.07,11.1938,0.1238
train,2006-02-22,5.312,5.3744,0.0624
train,2006-02-23,5.79,5.7399,-0.0501
train,2006-02-24,6.448,6.4842,0.0362
train,2006-02-25,6.45,6.4251,-0.0249
train,2006-02-26,9.784,9.8277,0.0437
train,2006-02-27,5.48,5.4985,0.0185
train,2006-02-28,12.57,12.6843,0.1143
train,2006-03-01,11.678,11.6595,-0.0185
train,2006-03-02,13.59,13.5913,0.0013
train,2006-03-03,5.29,5.2644,-0.0256
train,2006-03-04,4.996,5.1136,0.1176
train,2006-03-05,10.998,10.977,-0.021
train,2006-03-06,5.39,5.4536,0.0636
train,2006-03-07,7.84,7.8307,-0.0093
train,2006-03-08,6.25,6.2451,-0.0049
train,2006-03-09,4.924,4.9261,0.0021
train,2006-03-10,13.78,13.6826,-0.0974
train,2006-03-11,4.39,4.2921,-0.0979
train,2006-03-12,4.51,4.4933,-0.0167
train,2006-03-13,4.88,4.8742,-0.0058
train,2006-03-14,5.21,5.2269,0.0169
train,2006-03-15,11.96,11.9079,-0.0521
train,2006-03-16,4.89,4.9202,0.0302
train,2006-03-17,6.362,6.3926,0.0306
train,2006-03-18,7.14,7.1259,-0.0141
train,2006-03-19,4.31,4.3335,0.0235
train,2006-03-20,12.51,12.6486,0.1386
train,2006-03-21,10.59,10.5318,-0.0582
train,2006-03-22,10.54,10.5392,-0.0008
train,2006-03-23,10.564,10.6122,0.0482
train,2006-03-24,12.798,12.762,-0.036
train,2006-03-25,12.76,12.7304,-0.0296
train,2006-03-26,4.56,4.4935,-0.0665
train,2006-03-27,7.894,8.0313,0.1373
train,2006-03-28,4.41,4.4186,0.0086
train,2006-03-29,12.51,12.5422,0.0322
train,2006-03-30,5.202,5.2927,0.0907
train,2006-03-31,4.582,4.6687,0.0867
train,2006-04-01,13.35,13.3118,-0.0382
train,2006-04-02,5.12,5.1114,-0.0086
train,2006-04-03,7.63,7.8309,0.2009
train,2006-04-04,4.98,4.9438,-0.0362
train,2006-04-05,6.64,6.6913,0.0513
train,2006-04-06,10.07,9.7462,-0.3238
train,2006-04-07,4.93,4.9661,0.0361
train,2006-04-08,11.708,11.7497,0.0417
train,2006-04-09,6.58,6.5519,-0.0281
train,2006-04-10,13.62,13.558,-0.062
train,2006-04-11,13.56,13.3927,-0.1673
train,2006-04-12,5.02,5.0068,-0.0132
train,2006-04-13,11.36,11.4354,0.0754
train,2006-04-14,4.188,4.1633,-0.0247
train,2006-04-15,13.35,13.3069,-0.0431
train,2006-04-16,4.79,4.8604,0.0704
train,2006-04-17,12.69,12.6411,-0.0489
train,2006-04-18,5.82,5.8331,0.0131
train,2006-04-19,12.52,12.4604,-0.0596
train,2006-04-20,12.348,12.2433,-0.1047
train,2006-04-21,4.39,4.5323,0.1423
train,2006-04-22,4.25,4.2447,-0.0053
train,2006-04-23,5.71,5.7557,0.0457
train,2006-04-24,12.47,12.5594,0.0894
train,2006-04-25,12.57,12.4211,-0.1489
train,2006-04-26,5.9,5.9392,0.0392
train,2006-04-27,12.72,12.7885,0.0685
train,2006-04-28,9.9,9.9705,0.0705
train,2006-04-29,5.218,5.2339,0.0159
train,2006-04-30,6.18,6.1141,-0.0659
train,2006-05-01,7.086,7.0917,0.0057
train,2006-05-02,6.52,6.5174,-0.0026
train,2006-05-03,5.264,5.292,0.028
train,2006-05-04,5.94,5.9085,-0.0315
train,2006-05-05,11.814,11.8,-0.014
train,2006-05-06,11.756,11.8635,0.1075
train,2006-05-07,5.84,5.8352,-0.0048
train,2006-05-08,7.52,7.5781,0.0581
train,2006-05-09,13.176,13.0504,-0.1256
train,2006-05-10,5.0,5.0335,0.0335
train,2006-05-11,5.57,5.6018,0.0318
train,2006-05-12,12.3,12.2683,-0.0317
train,2006-05-13,3.866,3.9142,0.0482
train,2006-05-14,4.88,4.8765,-0.0035
train,2006-05-15,4.95,5.0657,0.1157
train,2006-05-16,7.72,7.843,0.123
train,2006-05-17,5.684,5.6977,0.0137
train,2006-05-18,6.01,6.0009,-0.0091
train,2006-05-19,8.14,8.1069,-0.0331
train,2006-05-20,12.388,12.4222,0.0342
train,2006-05-21,6.938,6.9162,-0.0218
train,2006-05-22,6.36,6.3648,0.0048
train,2006-05-23,5.2,5.2241,0.0241
train,2006-05-24,9.22,9.2174,-0.0026
train,2006-05-25,5.53,5.4832,-0.0468
train,2006-05-26,5.3,5.2434,-0.0566
train,2006-05-27,9.0,9.1761,0.1761
train,2006-05-28,13.37,13.3759,0.0059
train,2006-05-29,11.56,11.6001,0.0401
train,2006-05-30,6.24,6.2143,-0.0257
train,2006-05-31,5.21,5.2796,0.0696
train,2006-06-01,4.566,4.5671,0.0011
train,2006-06-02,6.536,6.4363,-0.0997
train,2006-06-03,11.72,11.7906,0.0706
train,2006-06-04,6.86,6.8262,-0.0338
train,2006-06-05,12.38,12.348,-0.032
train,2006-06-06,11.76,11.8214,0.0614
train,2006-06-07,5.07,5.0533,-0.0167
train,2006-06-08,5.47,5.445,-0.025
train,2006-06-09,8.4,8.4646,0.0646
train,2006-06-10,11.518,11.7234,0.2054
train,2006-06-11,8.52,8.4165,-0.1035
train,2006-06-12,5.25,5.284,0.034
train,2006-06-13,5.9,5.8937,-0.0063
train,2006-06-14,6.776,6.7755,-0.0005
train,2006-06-15,3.75,3.7545,0.0045
train,2006-06-16,5.67,5.6235,-0.0465
train,2006-06-17,7.51,7.6431,0.1331
train,2006-06-18,8.32,8.3248,0.0048
train,2006-06-19,5.32,5.3546,0.0346
train,2006-06-20,4.076,4.3033,0.2273
train,2006-06-21,13.2,13.1309,-0.0691
train,2006-06-22,11.86,11.8213,-0.0387
train,2006-06-23,5.03,5.0207,-0.0093
train,2006-06-24,5.45,5.4401,-0.0099
train,2006-06-25,9.008,8.9737,-0.0343
train,2006-06-26,6.884,5.9504,-0.9336
train,2006-06-27,11.11,11.1405,0.0305
train,2006-06-28,6.534,6.7119,0.1779
train,2006-06-29,8.8,8.853,0.053
train,2006-06-30,12.67,12.2958,-0.3742
train,2006-07-01,10.14,10.0896,-0.0504
train,2006-07-02,5.87,5.9016,0.0316
train,2006-07-03,4.98,4.9893,0.0093
train,2006-07-04,12.25,12.1592,-0.0908
train,2006-07-05,9.764,9.7846,0.0206
train,2006-07-06,5.286,5.3453,0.0593
train,2006-07-07,7.84,7.8473,0.0073
train,2006-07-08,12.91,12.8027,-0.1073
train,2006-07-09,8.25,8.2732,0.0232
train,2006-07-10,5.7,5.6763,-0.0237
train,2006-07-11,4.98,5.0051,0.0251
train,2006-07-12,5.63,5.6081,-0.0219
train,2006-07-13,4.526,4.5154,-0.0106
train,2006-07-14,13.98,13.859,-0.121
train,2006-07-15,9.58,9.2436,-0.3364
train,2006-07-16,12.26,12.2527,-0.0073
train,2006-07-17,5.04,5.0288,-0.0112
train,2006-07-18,4.88,4.8883,0.0083
train,2006-07-19,7.74,7.7282,-0.0118
train,2006-07-20,7.4,7.3922,-0.0078
train,2006-07-21,12.69,12.7837,0.0937
train,2006-07-22,4.396,4.4582,0.0622
train,2006-07-23,3.7,3.7847,0.0847
train,2006-07-24,4.276,4.223,-0.053
train,2006-07-25,7.782,7.7139,-0.0681
train,2006-07-26,5.54,5.455,-0.085
train,2006-07-27,6.22,6.2747,0.0547
train,2006-07-28,5.47,5.49,0.02
train,2006-07-29,4.61,4.6018,-0.0082
train,2006-07-30,13.57,13.4257,-0.1443
train,2006-07-31,7.04,6.9997,-0.0403
train,2006-08-01,9.2,9.1689,-0.0311
train,2006-08-02,11.26,11.2856,0.0256
train,2006-08-03,4.772,4.7065,-0.0655
train,2006-08-04,12.214,12.2551,0.0411
train,2006-08-05,12.59,12.6394,0.0494
train,2006-08-06,12.87,12.9059,0.0359
train,2006-08-07,6.48,6.5065,0.0265
train,2006-08-08,4.91,4.9302,0.0202
train,2006-08-09,12.98,13.0288,0.0488
train,2006-08-10,9.02,9.24,0.22
train,2006-08-11,8.38,8.4301,0.0501
train,2006-08-12,6.246,6.2495,0.0035
train,2006-08-13,5.68,5.6989,0.0189
train,2006-08-14,12.14,12.0732,-0.0668
train,2006-08-15,5.43,5.4212,-0.0088
train,2006-08-16,12.01,12.0195,0.0095
train,2006-08-17,10.64,10.5782,-0.0618
train,2006-08-18,9.82,9.7083,-0.1117
train,2006-08-19,11.43,11.2353,-0.1947
train,2006-08-20,4.61,4.6824,0.0724
train,2006-08-21,12.202,12.3606,0.1586
train,2006-08-22,12.89,12.9916,0.1016
train,2006-08-23,9.51,9.5572,0.0472
train,2006-08-24,6.4,6.3841,-0.0159
train,2006-08-25,5.02,5.0276,0.0076
train,2006-08-26,8.09,8.0729,-0.0171
train,2006-08-27,9.07,9.0502,-0.0198
train,2006-08-28,12.82,12.8492,0.0292
train,2006-08-29,4.59,4.5656,-0.0244
train,2006-08-30,5.62,5.6444,0.0244
train,2006-08-31,10.2,10.2649,0.0649
train,2006-09-01,10.906,10.7543,-0.1517
train,2006-09-02,8.206,7.9827,-0.2233
train,2006-09-03,4.52,4.496,-0.024
train,2006-09-04,11.68,11.7556,0.0756
train,2006-09-05,5.21,5.1706,-0.0394
train,2006-09-06,7.44,7.4437,0.0037
train,2006-09-07,11.12,11.145,0.025
train,2006-09-08,9.894,9.9775,0.0835
train,2006-09-09,4.52,4.4818,-0.0382
train,2006-09-10,5.23,5.2185,-0.0115
train,2006-09-11,9.3,9.2349,-0.0651
train,2006-09-12,5.41,5.4352,0.0252
train,2006-09-13,5.292,5.3799,0.0879
train,2006-09-14,5.06,4.9981,-0.0619
train,2006-09-15,12.67,12.7236,0.0536
train,2006-09-16,5.926,5.9223,-0.0037
train,2006-09-17,8.348,8.3799,0.0319
train,2006-09-18,4.53,4.5449,0.0149
train,2006-09-19,6.93,6.9998,0.0698
train,2006-09-20,7.54,7.4897,-0.0503
train,2006-09-21,6.33,6.2768,-0.0532
train,2006-09-22,4.33,4.3507,0.0207
train,2006-09-23,4.17,4.1576,-0.0124
train,2006-09-24,6.094,6.2802,0.1862
train,2006-09-25,4.93,4.9752,0.0452
train,2006-09-26,7.64,7.6671,0.0271
train,2006-09-27,9.83,9.8133,-0.0167
train,2006-09-28,5.098,5.1445,0.0465
train,2006-09-29,10.862,10.9434,0.0814
train,2006-09-30,5.45,5.4723,0.0223
train,2006-10-01,4.75,4.6912,-0.0588
train,2006-10-02,11.698,11.5865,-0.1115
train,2006-10-03,6.486,6.4992,0.0132
train,2006-10-04,4.99,5.0,0.01
train,2006-10-05,5.76,5.8325,0.0725
train,2006-10-06,12.938,12.9343,-0.0037
train,2006-10-07,4.562,4.6042,0.0422
train,2006-10-08,13.97,13.8103,-0.1597
train,2006-10-09,6.27,6.2615,-0.0085
train,2006-10-10,12.626,12.7181,0.0921
train,2006-10-11,4.862,4.7984,-0.0636
train,2006-10-12,12.41,12.3807,-0.0293
train,2006-10-13,4.66,4.6758,0.0158
train,2006-10-14,9.58,9.4398,-0.1402
train,2006-10-15,4.84,4.8348,-0.0052
train,2006-10-16,4.528,4.454,-0.074
train,2006-10-17,7.892,7.8578,-0.0342
train,2006-10-18,6.252,6.355,0.103
train,2006-10-19,11.14,10.9677,-0.1723
train,2006-10-20,4.17,4.2028,0.0328
train,2006-10-21,7.89,7.9725,0.0825
train,2006-10-22,5.78,5.8175,0.0375
train,2006-10-23,6.95,6.9291,-0.0209
train,2006-10-24,4.844,4.8481,0.0041
train,2006-10-25,7.82,7.783,-0.037
train,2006-10-26,5.25,5.2376,-0.0124
train,2006-10-27,12.32,12.2939,-0.0261
train,2006-10-28,5.19,5.2019,0.0119
train,2006-10-29,5.23,5.2339,0.0039
train,2006-10-30,8.804,8.842,0.038
train,2006-10-31,10.97,11.0148,0.0448
train,2006-11-01,4.78,4.7833,0.0033
train,2006-11-02,13.79,13.6903,-0.0997
train,2006-11-03,10.934,11.0646,0.1306
train,2006-11-04,8.262,8.2553,-0.0067
train,2006-11-05,5.2,5.208,0.008
train,2006-11-06,4.83,4.8033,-0.0267
train,2006-11-07,10.072,9.798,-0.274
train,2006-11-08,8.22,8.2157,-0.0043
train,2006-11-09,5.01,5.0033,-0.0067
train,2006-11-10,10.598,10.6194,0.0214
train,2006-11-11,5.33,5.373,0.043
train,2006-11-12,11.51,11.4956,-0.0144
train,2006-11-13,6.93,6.797,-0.133
train,2006-11-14,6.88,7.0187,0.1387
train,2006-11-15,6.624,6.5325,-0.0915
train,2006-11-16,12.702,12.6481,-0.0539
train,2006-11-17,12.01,12.0467,0.0367
train,2006-11-18,7.654,7.7371,0.0831
train,2006-11-19,10.0,9.9454,-0.0546
train,2006-11-20,4.96,4.9944,0.0344
train,2006-11-21,9.41,9.4332,0.0232
train,2006-11-22,12.928,12.9726,0.0446
train,2006-11-23,5.21,5.2696,0.0596
train,2006-11-24,5.47,5.4957,0.0257
train,2006-11-25,8.792,8.7769,-0.0151
train,2006-11-26,13.76,13.8545,0.0945
train,2006-11-27,6.75,6.7061,-0.0439
train,2006-11-28,11.872,11.9978,0.1258
train,2006-11-29,5.61,5.5498,-0.0602
train,2006-11-30,7.67,7.834,0.164
train,2006-12-01,6.6,6.6183,0.0183
train,2006-12-02,12.248,12.1617,-0.0863
train,2006-12-03,6.36,6.3676,0.0076
train,2006-12-04,12.8,12.8449,0.0449
train,2006-12-05,11.39,11.324,-0.066
train,2006-12-06,5.33,5.3644,0.0344
train,2006-12-07,12.39,12.3957,0.0057
train,2006-12-08,5.33,5.3218,-0.0082
train,2006-12-09,11.662,11.6277,-0.0343
train,2006-12-10,11.67,11.6851,0.0151
train,2006-12-11,12.01,11.9851,-0.0249
train,2006-12-12,13.988,13.9081,-0.0799
train,2006-12-13,4.89,4.7874,-0.1026
train,2006-12-14,11.88,11.9877,0.1077
train,2006-12-15,6.56,6.5084,-0.0516
train,2006-12-16,11.698,11.7003,0.0023
train,2006-12-17,6.4,6.3175,-0.0825
train,2006-12-18,5.72,5.6876,-0.0324
train,2006-12-19,5.212,5.1521,-0.0599
train,2006-12-20,12.83,12.8079,-0.0221
train,2006-12-21,9.18,9.1474,-0.0326
train,2006-12-22,12.704,12.7774,0.0734
train,2006-12-23,8.19,8.2115,0.0215
train,2006-12-24,9.72,9.7616,0.0416
train,2006-12-25,6.184,6.149,-0.035
train,2006-12-26,4.51,4.4946,-0.0154
train,2006-12-27,7.66,7.6529,-0.0071
train,2006-12-28,7.526,7.5241,-0.0019
train,2006-12-29,4.83,4.8631,0.0331
train,2006-12-30,6.32,6.2623,-0.0577
train,2006-12-31,6.12,6.1828,0.0628
train,2007-01-01,6.962,6.9512,-0.0108
train,2007-01-02,8.94,8.9202,-0.0198
train,2007-01-03,12.068,12.0802,0.0122
train,2007-01-04,11.694,11.6016,-0.0924
train,2007-01-05,4.85,4.9083,0.0583
train,2007-01-06,4.48,4.596,0.116
train,2007-01-07,7.34,7.2889,-0.0511
train,2007-01-08,5.98,5.9893,0.0093
train,2007-01-09,4.802,4.775,-0.027
train,2007-01-10,5.604,5.3126,-0.2914
train,2007-01-11,4.58,4.5209,-0.0591
train,2007-01-12,11.422,11.5024,0.0804
train,2007-01-13,13.04,13.0475,0.0075
train,2007-01-14,12.34,12.3344,-0.0056
train,2007-01-15,7.77,7.791,0.021
train,2007-01-16,11.55,11.4846,-0.0654
train,2007-01-17,5.28,5.307,0.027
train,2007-01-18,11.8,11.8343,0.0343
train,2007-01-19,4.81,4.7852,-0.0248
train,2007-01-20,5.556,5.4792,-0.0768
train,2007-01-21,5.874,5.8643,-0.0097
train,2007-01-22,5.45,5.4745,0.0245
train,2007-01-23,11.478,11.5773,0.0993
train,2007-01-24,3.54,3.6954,0.1554
train,2007-01-25,5.06,5.0721,0.0121
train,2007-01-26,5.03,5.0267,-0.0033
train,2007-01-27,4.44,4.4663,0.0263
train,2007-01-28,5.25,5.2572,0.0072
train,2007-01-29,12.592,12.5394,-0.0526
train,2007-01-30,6.548,6.4507,-0.0973
train,2007-01-31,12.51,12.3497,-0.1603
train,2007-02-01,4.974,5.0847,0.1107
train,2007-02-02,4.302,4.2494,-0.0526
train,2007-02-03,4.61,4.617,0.007
train,2007-02-04,5.77,5.7785,0.0085
train,2007-02-05,4.93,4.9625,0.0325
train,2007-02-06,4.666,4.7136,0.0476
train,2007-02-07,11.9,11.8014,-0.0986
train,2007-02-08,13.964,13.8298,-0.1342
train,2007-02-09,5.688,5.6724,-0.0156
train,2007-02-10,5.15,5.2226,0.0726
train,2007-02-11,4.01,4.0104,0.0004
train,2007-02-12,12.34,12.4366,0.0966
train,2007-02-13,9.81,9.7678,-0.0422
train,2007-02-14,8.07,8.1249,0.0549
train,2007-02-15,7.86,7.8316,-0.0284
train,2007-02-16,4.03,4.0384,0.0084
train,2007-02-17,6.3,6.3562,0.0562
train,2007-02-18,6.38,6.3963,0.0163
train,2007-02-19,5.582,5.6233,0.0413
train,2007-02-20,8.65,8.6131,-0.0369
train,2007-02-21,10.2,10.1538,-0.0462
train,2007-02-22,4.656,4.6679,0.0119
train,2007-02-23,5.128,5.1529,0.0249
train,2007-02-24,12.22,12.3013,0.0813
train,2007-02-25,4.86,4.8425,-0.0175
train,2007-02-26,8.15,8.1507,0.0007
train,2007-02-27,4.25,4.3482,0.0982
train,2007-02-28,5.0,4.9745,-0.0255
train,2007-03-01,9.98,9.9417,-0.0383
train,2007-03-02,9.47,9.4443,-0.0257
train,2007-03-03,6.326,6.2997,-0.0263
train,2007-03-04,5.396,5.3824,-0.0136
train,2007-03-05,5.668,5.6676,-0.0004
train,2007-03-06,12.02,12.0781,0.0581
train,2007-03-07,7.966,7.9709,0.0049
train,2007-03-08,9.67,9.7186,0.0486
train,2007-03-09,4.974,5.1037,0.1297
train,2007-03-10,4.836,4.7571,-0.0789
train,2007-03-11,7.27,7.2826,0.0126
train,2007-03-12,13.368,13.3821,0.0141
train,2007-03-13,5.13,5.0883,-0.0417
train,2007-03-14,4.924,4.8867,-0.0373
train,2007-03-15,4.71,4.7243,0.0143
train,2007-03-16,6.04,6.0554,0.0154
train,2007-03-17,7.238,7.1865,-0.0515
train,2007-03-18,5.25,5.2305,-0.0195
train,2007-03-19,11.88,11.8586,-0.0214
train,2007-03-20,5.76,5.7133,-0.0467
train,2007-03-21,6.11,6.0139,-0.0961
train,2007-03-22,4.57,4.5419,-0.0281
train,2007-03-23,12.522,12.6491,0.1271
train,2007-03-24,9.3,9.1582,-0.1418
train,2007-03-25,8.02,8.0294,0.0094
train,2007-03-26,13.14,13.1542,0.0142
train,2007-03-27,4.59,4.7433,0.1533
train,2007-03-28,12.6,12.5362,-0.0638
train,2007-03-29,4.354,4.4839,0.1299
train,2007-03-30,11.966,11.9675,0.0015
train,2007-03-31,7.24,7.0991,-0.1409
train,2007-04-01,9.09,9.038,-0.052
train,2007-04-02,9.09,9.136,0.046
train,2007-04-03,5.21,5.1567,-0.0533
train,2007-04-04,5.23,5.2497,0.0197
train,2007-04-05,11.95,11.8606,-0.0894
train,2007-04-06,5.19,5.297,0.107
train,2007-04-07,10.89,10.9146,0.0246
train,2007-04-08,6.42,6.4296,0.0096
train,2007-04-09,11.85,11.8182,-0.0318
train,2007-04-10,13.04,13.0948,0.0548
train,2007-04-11,12.85,12.8689,0.0189
train,2007-04-12,5.38,5.4495,0.0695
train,2007-04-13,7.106,7.1031,-0.0029
train,2007-04-14,10.62,10.4697,-0.1503
train,2007-04-15,5.58,5.5486,-0.0314
train,2007-04-16,12.446,12.3931,-0.0529
train,2007-04-17,5.34,5.3447,0.0047
train,2007-04-18,8.67,8.7127,0.0427
train,2007-04-19,11.44,11.5883,0.1483
train,2007-04-20,3.52,3.5807,0.0607
train,2007-04-21,4.79,4.8168,0.0268
train,2007-04-22,12.09,12.0619,-0.0281
train,2007-04-23,3.6,3.6427,0.0427
train,2007-04-24,5.53,5.6166,0.0866
train,2007-04-25,11.68,11.6746,-0.0054
train,2007-04-26,11.81,11.5842,-0.2258
train,2007-04-27,6.45,6.4809,0.0309
train,2007-04-28,5.49,5.3961,-0.0939
train,2007-04-29,7.28,7.2788,-0.0012
train,2007-04-30,5.57,5.514,-0.056
train,2007-05-01,5.6,5.6156,0.0156
train,2007-05-02,11.38,11.3069,-0.0731
train,2007-05-03,4.95,4.996,0.046
train,2007-05-04,6.64,6.6293,-0.0107
train,2007-05-05,9.13,9.0696,-0.0604
train,2007-05-06,6.38,6.4256,0.0456
train,2007-05-07,6.34,6.662,0.322
train,2007-05-08,7.356,7.3449,-0.0111
train,2007-05-09,11.45,11.4373,-0.0127
train,2007-05-10,13.42,13.442,0.022
train,2007-05-11,12.93,12.9673,0.0373
train,2007-05-12,5.28,5.1957,-0.0843
train,2007-05-13,12.22,12.1365,-0.0835
train,2007-05-14,9.64,9.6321,-0.0079
train,2007-05-15,5.77,5.7798,0.0098
train,2007-05-16,10.77,10.7745,0.0045
train,2007-05-17,7.81,7.7864,-0.0236
train,2007-05-18,7.23,7.239,0.009
train,2007-05-19,6.61,6.5993,-0.0107
train,2007-05-20,5.81,5.8128,0.0028
train,2007-05-21,12.902,12.7956,-0.1064
train,2007-05-22,10.49,10.4691,-0.0209
train,2007-05-23,4.71,4.8042,0.0942
train,2007-05-24,6.4,6.3927,-0.0073
train,2007-05-25,12.81,12.7411,-0.0689
train,2007-05-26,5.52,5.5729,0.0529
train,2007-05-27,7.906,7.8775,-0.0285
train,2007-05-28,9.492,9.4439,-0.0481
train,2007-05-29,6.3,6.2781,-0.0219
train,2007-05-30,8.11,8.0672,-0.0428
train,2007-05-31,6.342,6.3717,0.0297
train,2007-06-01,5.25,5.1878,-0.0622
train,2007-06-02,12.02,11.9755,-0.0445
train,2007-06-03,12.07,12.0203,-0.0497
train,2007-06-04,7.642,7.6151,-0.0269
train,2007-06-05,11.858,12.0002,0.1422
train,2007-06-06,11.968,12.031,0.063
train,2007-06-07,5.7,5.7483,0.0483
train,2007-06-08,6.382,6.4336,0.0516
train,2007-06-09,5.52,5.5095,-0.0105
train,2007-06-10,4.7,4.6934,-0.0066
train,2007-06-11,9.63,9.6129,-0.0171
train,2007-06-12,4.632,4.4752,-0.1568
train,2007-06-13,3.71,3.4837,-0.2263
train,2007-06-14,3.67,3.7336,0.0636
train,2007-06-15,4.25,4.2132,-0.0368
train,2007-06-16,5.67,5.6795,0.0095
train,2007-06-17,8.74,8.7624,0.0224
train,2007-06-18,5.57,5.5513,-0.0187
train,2007-06-19,6.23,6.2319,0.0019
train,2007-06-20,4.554,4.4536,-0.1004
train,2007-06-21,5.8,5.8565,0.0565
train,2007-06-22,5.02,5.1689,0.1489
train,2007-06-23,10.512,10.1553,-0.3567
train,2007-06-24,12.0,12.0884,0.0884
train,2007-06-25,5.056,5.1629,0.1069
train,2007-06-26,13.25,13.3239,0.0739
train,2007-06-27,7.79,7.8696,0.0796
train,2007-06-28,6.704,6.6822,-0.0218
train,2007-06-29,9.846,9.5784,-0.2676
train,2007-06-30,5.888,5.9233,0.0353
train,2007-07-01,6.27,6.2723,0.0023
train,2007-07-02,6.34,6.2867,-0.0533
train,2007-07-03,12.18,12.1765,-0.0035
train,2007-07-04,5.5,5.4599,-0.0401
train,2007-07-05,10.95,10.9871,0.0371
train,2007-07-06,11.74,11.7771,0.0371
train,2007-07-07,5.79,5.8272,0.0372
train,2007-07-08,5.65,5.6081,-0.0419
train,2007-07-09,11.752,11.9204,0.1684
train,2007-07-10,12.12,12.1061,-0.0139
train,2007-07-11,5.332,5.3807,0.0487
train,2007-07-12,4.65,4.643,-0.007
train,2007-07-13,6.15,6.1345,-0.0155
train,2007-07-14,5.15,5.0753,-0.0747
train,2007-07-15,12.33,12.3444,0.0144
train,2007-07-16,7.48,7.4344,-0.0456
train,2007-07-17,5.05,5.0212,-0.0288
train,2007-07-18,4.532,4.5074,-0.0246
train,2007-07-19,13.64,13.5214,-0.1186
train,2007-07-20,5.398,5.4571,0.0591
train,2007-07-21,5.634,5.2148,-0.4192
train,2007-07-22,6.52,6.505,-0.015
train,2007-07-23,8.53,8.5432,0.0132
train,2007-07-24,9.558,9.7075,0.1495
train,2007-07-25,5.43,5.4653,0.0353
train,2007-07-26,12.188,12.2181,0.0301
train,2007-07-27,4.8,4.8886,0.0886
train,2007-07-28,4.95,4.9439,-0.0061
train,2007-07-29,4.636,4.7329,0.0969
train,2007-07-30,12.26,12.2346,-0.0254
train,2007-07-31,11.772,11.8192,0.0472
train,2007-08-01,8.018,8.1198,0.1018
train,2007-08-02,13.08,12.9811,-0.0989
train,2007-08-03,10.25,10.2279,-0.0221
train,2007-08-04,10.72,10.6662,-0.0538
train,2007-08-05,3.76,3.8499,0.0899
train,2007-08-06,13.27,13.2577,-0.0123
train,2007-08-07,4.66,4.6859,0.0259
train,2007-08-08,4.19,4.2307,0.0407
train,2007-08-09,6.31,6.2962,-0.0138
train,2007-08-10,11.8,11.8986,0.0986
train,2007-08-11,8.896,8.9116,0.0156
train,2007-08-12,13.11,13.0686,-0.0414
train,2007-08-13,4.67,4.6486,-0.0214
train,2007-08-14,10.08,10.0262,-0.0538
train,2007-08-15,7.626,7.6107,-0.0153
train,2007-08-16,7.64,7.645,0.005
train,2007-08-17,5.03,5.0159,-0.0141
train,2007-08-18,5.184,5.2513,0.0673
train,2007-08-19,11.252,11.2777,0.0257
train,2007-08-20,7.47,7.5349,0.0649
train,2007-08-21,13.096,13.0965,0.0005
train,2007-08-22,4.36,4.3997,0.0397
train,2007-08-23,6.8,6.7742,-0.0258
train,2007-08-24,8.25,8.3719,0.1219
train,2007-08-25,10.77,10.7783,0.0083
train,2007-08-26,12.28,12.3153,0.0353
train,2007-08-27,11.91,11.8204,-0.0896
train,2007-08-28,5.054,5.076,0.022
train,2007-08-29,12.7,12.5769,-0.1231
train,2007-08-30,12.8,12.7136,-0.0864
train,2007-08-31,6.43,6.2154,-0.2146
train,2007-09-01,5.242,5.2143,-0.0277
train,2007-09-02,7.28,7.3985,0.1185
train,2007-09-03,13.35,13.417,0.067
train,2007-09-04,6.11,6.1613,0.0513
train,2007-09-05,7.5,7.4961,-0.0039
train,2007-09-06,6.16,6.1806,0.0206
train,2007-09-07,3.83,3.792,-0.038
train,2007-09-08,6.732,6.7302,-0.0018
train,2007-09-09,7.16,7.1539,-0.0061
train,2007-09-10,9.92,9.7214,-0.1986
train,2007-09-11,4.87,4.8728,0.0028
train,2007-09-12,5.43,5.4134,-0.0166
train,2007-09-13,12.53,12.6023,0.0723
train,2007-09-14,7.28,7.2281,-0.0519
train,2007-09-15,7.236,7.1938,-0.0422
train,2007-09-16,5.13,5.1138,-0.0162
train,2007-09-17,8.122,8.1208,-0.0012
train,2007-09-18,4.28,4.2319,-0.0481
train,2007-09-19,5.31,5.3646,0.0546
train,2007-09-20,4.95,4.9565,0.0065
train,2007-09-21,8.282,8.2748,-0.0072
train,2007-09-22,4.838,4.8596,0.0216
train,2007-09-23,8.36,8.5755,0.2155
train,2007-09-24,6.25,6.257,0.007
train,2007-09-25,10.2,10.0866,-0.1134
train,2007-09-26,6.52,6.5686,0.0486
train,2007-09-27,5.01,4.9812,-0.0288
train,2007-09-28,3.76,3.7328,-0.0272
train,2007-09-29,11.21,11.3232,0.1132
train,2007-09-30,5.45,5.4453,-0.0047
train,2007-10-01,13.318,13.1833,-0.1347
train,2007-10-02,10.6,10.4937,-0.1063
train,2007-10-03,9.98,9.951,-0.029
train,2007-10-04,12.5,12.4212,-0.0788
train,2007-10-05,4.96,4.9909,0.0309
train,2007-10-06,5.46,5.4863,0.0263
train,2007-10-07,4.76,4.7521,-0.0079
train,2007-10-08,5.45,5.4941,0.0441
train,2007-10-09,5.248,5.2242,-0.0238
train,2007-10-10,5.14,5.1432,0.0032
train,2007-10-11,7.4,7.368,-0.032
train,2007-10-12,10.4,10.544,0.144
train,2007-10-13,13.73,13.6926,-0.0374
train,2007-10-14,7.87,7.6942,-0.1758
train,2007-10-15,9.63,9.6366,0.0066
train,2007-10-16,10.83,10.865,0.035
train,2007-10-17,8.282,8.3409,0.0589
train,2007-10-18,5.16,5.1913,0.0313
train,2007-10-19,9.43,9.3345,-0.0955
train,2007-10-20,7.32,7.2996,-0.0204
train,2007-10-21,12.04,11.9367,-0.1033
train,2007-10-22,8.38,8.3193,-0.0607
train,2007-10-23,7.83,7.9955,0.1655
train,2007-10-24,12.42,12.2887,-0.1313
train,2007-10-25,6.454,6.4674,0.0134
train,2007-10-26,4.836,4.8556,0.0196
train,2007-10-27,4.52,4.6231,0.1031
train,2007-10-28,4.616,4.5856,-0.0304
train,2007-10-29,9.42,9.4625,0.0425
train,2007-10-30,12.05,12.047,-0.003
train,2007-10-31,13.44,13.327,-0.113
train,2007-11-01,9.6,9.6231,0.0231
train,2007-11-02,6.568,6.5891,0.0211
train,2007-11-03,5.79,5.8246,0.0346
train,2007-11-04,8.288,8.3433,0.0553
train,2007-11-05,7.59,7.5703,-0.0197
train,2007-11-06,11.766,11.8469,0.0809
train,2007-11-07,8.478,8.4391,-0.0389
train,2007-11-08,4.57,4.5702,0.0002
train,2007-11-09,12.49,12.5282,0.0382
train,2007-11-10,4.72,4.6291,-0.0909
train,2007-11-11,4.89,4.967,0.077
train,2007-11-12,9.31,9.3903,0.0803
train,2007-11-13,4.57,4.5597,-0.0103
train,2007-11-14,5.194,5.1289,-0.0651
train,2007-11-15,4.46,4.4464,-0.0136
train,2007-11-16,11.394,11.4941,0.1001
train,2007-11-17,12.46,12.4709,0.0109
train,2007-11-18,9.61,9.5659,-0.0441
train,2007-11-19,5.2,5.1226,-0.0774
train,2007-11-20,12.478,12.5333,0.0553
train,2007-11-21,6.84,6.7927,-0.0473
train,2007-11-22,4.72,4.7111,-0.0089
train,2007-11-23,12.418,12.3382,-0.0798
train,2007-11-24,6.2,6.2391,0.0391
train,2007-11-25,7.02,6.9831,-0.0369
train,2007-11-26,6.56,6.5125,-0.0475
train,2007-11-27,5.55,5.5456,-0.0044
train,2007-11-28,6.06,6.0732,0.0132
train,2007-11-29,10.59,10.7,0.11
train,2007-11-30,6.24,6.3413,0.1013
train,2007-12-01,12.83,12.8747,0.0447
train,2007-12-02,12.298,12.214,-0.084
train,2007-12-03,5.156,4.9983,-0.1577
train,2007-12-04,13.03,13.0416,0.0116
train,2007-12-05,5.25,5.2383,-0.0117
train,2007-12-06,5.736,5.7754,0.0394
train,2007-12-07,5.266,5.2903,0.0243
train,2007-12-08,5.5,5.4911,-0.0089
train,2007-12-09,13.86,13.8701,0.0101
train,2007-12-10,13.048,13.0716,0.0236
train,2007-12-11,6.59,6.5982,0.0082
train,2007-12-12,8.09,8.0762,-0.0138
train,2007-12-13,4.81,4.8445,0.0345
train,2007-12-14,8.34,8.3159,-0.0241
train,2007-12-15,6.0,5.9283,-0.0717
train,2007-12-16,5.792,5.691,-0.101
train,2007-12-17,5.098,5.1168,0.0188
train,2007-12-18,9.08,9.1176,0.0376
train,2007-12-19,5.84,5.7675,-0.0725
train,2007-12-20,4.71,4.7203,0.0103
train,2007-12-21,12.494,12.5341,0.0401
train,2007-12-22,12.52,12.3678,-0.1522
train,2007-12-23,8.566,8.2716,-0.2944
train,2007-12-24,12.96,13.0191,0.0591
train,2007-12-25,6.27,6.3559,0.0859
train,2007-12-26,4.24,4.3587,0.1187
train,2007-12-27,7.99,8.0033,0.0133
train,2007-12-28,5.32,5.3205,0.0005
train,2007-12-29,5.0,4.978,-0.022
train,2007-12-30,5.48,5.4761,-0.0039
train,2007-12-31,5.154,5.169,0.015
train,2008-01-01,11.8,11.7527,-0.0473
train,2008-01-02,5.16,5.1603,0.0003
train,2008-01-03,11.388,11.3881,0.0001
train,2008-01-04,11.77,11.7304,-0.0396
train,2008-01-05,10.964,11.0284,0.0644
train,2008-01-06,10.77,10.7461,-0.0239
train,2008-01-07,10.834,10.7948,-0.0392
train,2008-01-08,6.384,6.3932,0.0092
train,2008-01-09,4.44,4.4581,0.0181
train,2008-01-10,5.66,5.5981,-0.0619
train,2008-01-11,10.25,10.2033,-0.0467
train,2008-01-12,10.29,10.2385,-0.0515
train,2008-01-13,8.476,8.4132,-0.0628
train,2008-01-14,12.79,12.7764,-0.0136
train,2008-01-15,4.64,4.6735,0.0335
train,2008-01-16,5.416,5.3744,-0.0416
train,2008-01-17,9.974,9.9553,-0.0187
train,2008-01-18,5.05,5.0476,-0.0024
train,2008-01-19,12.12,12.0487,-0.0713
train,2008-01-20,6.69,6.8052,0.1152
train,2008-01-21,4.658,4.7388,0.0808
train,2008-01-22,6.03,6.1079,0.0779
train,2008-01-23,4.85,4.8501,0.0001
train,2008-01-24,6.26,6.2752,0.0152
train,2008-01-25,5.536,5.5803,0.0443
train,2008-01-26,12.946,12.9844,0.0384
train,2008-01-27,9.69,9.9019,0.2119
train,2008-01-28,7.97,8.0802,0.1102
train,2008-01-29,7.21,7.2292,0.0192
train,2008-01-30,12.418,12.2774,-0.1406
train,2008-01-31,4.39,4.4798,0.0898
train,2008-02-01,10.5,10.4655,-0.0345
train,2008-02-02,4.66,4.6235,-0.0365
train,2008-02-03,4.15,4.1819,0.0319
train,2008-02-04,8.07,8.0536,-0.0164
train,2008-02-05,5.67,5.6534,-0.0166
train,2008-02-06,11.59,11.2896,-0.3004
train,2008-02-07,5.84,5.7133,-0.1267
train,2008-02-08,4.374,4.3534,-0.0206
train,2008-02-09,13.05,13.0058,-0.0442
train,2008-02-10,7.132,7.1622,0.0302
train,2008-02-11,5.926,6.1684,0.2424
train,2008-02-12,6.126,6.1531,0.0271
train,2008-02-13,5.44,5.4463,0.0063
train,2008-02-14,6.57,6.5776,0.0076
train,2008-02-15,4.45,4.4542,0.0042
train,2008-02-16,7.72,7.7506,0.0306
train,2008-02-17,4.756,4.6866,-0.0694
train,2008-02-18,6.91,6.8212,-0.0888
train,2008-02-19,4.94,5.0872,0.1472
train,2008-02-20,4.492,4.4803,-0.0117
train,2008-02-21,3.918,3.8697,-0.0483
train,2008-02-22,12.328,12.2969,-0.0311
train,2008-02-23,11.986,12.1101,0.1241
train,2008-02-24,9.15,9.3084,0.1584
train,2008-02-25,9.706,9.7982,0.0922
train,2008-02-26,6.68,6.7414,0.0614
train,2008-02-27,12.31,12.3924,0.0824
train,2008-02-28,4.58,4.5768,-0.0032
train,2008-02-29,5.118,5.1442,0.0262
train,2008-03-01,12.47,12.3819,-0.0881
train,2008-03-02,5.276,5.207,-0.069
train,2008-03-03,5.45,5.4037,-0.0463
train,2008-03-04,5.5,5.4865,-0.0135
train,2008-03-05,4.7,4.6748,-0.0252
train,2008-03-06,7.5,7.498,-0.002
train,2008-03-07,4.954,4.9822,0.0282
train,2008-03-08,9.312,9.3925,0.0805
train,2008-03-09,5.23,5.2808,0.0508
train,2008-03-10,5.5,5.53,0.03
train,2008-03-11,9.066,9.1239,0.0579
train,2008-03-12,13.94,13.8498,-0.0902
train,2008-03-13,6.202,6.1511,-0.0509
train,2008-03-14,6.44,6.4343,-0.0057
train,2008-03-15,10.36,10.3614,0.0014
train,2008-03-16,12.69,12.5602,-0.1298
train,2008-03-17,6.56,6.656,0.096
train,2008-03-18,6.444,6.3615,-0.0825
train,2008-03-19,11.0,10.9794,-0.0206
train,2008-03-20,6.27,6.2598,-0.0102
train,2008-03-21,11.658,11.7516,0.0936
train,2008-03-22,4.884,4.8691,-0.0149
train,2008-03-23,12.12,12.1185,-0.0015
train,2008-03-24,11.15,11.2398,0.0898
train,2008-03-25,5.12,5.1373,0.0173
train,2008-03-26,5.266,5.1676,-0.0984
train,2008-03-27,12.03,12.0838,0.0538
train,2008-03-28,5.28,5.2775,-0.0025
train,2008-03-29,5.3,5.3268,0.0268
train,2008-03-30,4.99,4.9745,-0.0155
train,2008-03-31,9.922,9.8802,-0.0418
train,2008-04-01,7.912,7.9476,0.0356
train,2008-04-02,4.09,4.1023,0.0123
train,2008-04-03,12.37,12.1923,-0.1777
train,2008-04-04,5.1,5.0991,-0.0009
train,2008-04-05,5.15,5.2006,0.0506
train,2008-04-06,8.88,9.0007,0.1207
train,2008-04-07,12.99,12.9807,-0.0093
train,2008-04-08,4.852,4.8278,-0.0242
train,2008-04-09,11.066,11.005,-0.061
train,2008-04-10,5.142,5.0359,-0.1061
train,2008-04-11,10.478,10.4855,0.0075
train,2008-04-12,12.444,12.4536,0.0096
train,2008-04-13,5.738,5.6739,-0.0641
train,2008-04-14,8.22,8.0574,-0.1626
train,2008-04-15,5.97,6.0375,0.0675
train,2008-04-16,5.14,5.2673,0.1273
train,2008-04-17,5.768,5.7902,0.0222
train,2008-04-18,9.7,9.7319,0.0319
train,2008-04-19,5.61,5.5619,-0.0481
train,2008-04-20,11.72,11.6662,-0.0538
train,2008-04-21,10.312,10.213,-0.099
train,2008-04-22,11.45,11.5088,0.0588
train,2008-04-23,12.36,12.4281,0.0681
train,2008-04-24,6.62,6.6469,0.0269
train,2008-04-25,13.03,13.0102,-0.0198
train,2008-04-26,4.27,4.2296,-0.0404
train,2008-04-27,6.21,6.1993,-0.0107
train,2008-04-28,5.41,5.4178,0.0078
train,2008-04-29,5.22,5.2789,0.0589
train,2008-04-30,5.92,5.8922,-0.0278
train,2008-05-01,6.74,6.721,-0.019
train,2008-05-02,4.46,4.4735,0.0135
train,2008-05-03,8.25,8.2573,0.0073
train,2008-05-04,5.78,5.8303,0.0503
train,2008-05-05,12.7,12.6582,-0.0418
train,2008-05-06,6.04,6.0565,0.0165
train,2008-05-07,8.54,8.51,-0.03
train,2008-05-08,5.24,5.2348,-0.0052
train,2008-05-09,12.32,12.4663,0.1463
train,2008-05-10,8.61,8.4771,-0.1329
train,2008-05-11,9.09,9.1018,0.0118
train,2008-05-12,5.05,5.1023,0.0523
train,2008-05-13,8.01,8.04,0.03
train,2008-05-14,4.71,4.7485,0.0385
train,2008-05-15,5.72,5.7572,0.0372
train,2008-05-16,11.54,11.6797,0.1397
train,2008-05-17,4.68,4.6742,-0.0058
train,2008-05-18,5.04,4.935,-0.105
train,2008-05-19,7.78,7.7537,-0.0263
train,2008-05-20,6.56,6.571,0.011
train,2008-05-21,4.93,4.9703,0.0403
train,2008-05-22,6.3,6.3076,0.0076
train,2008-05-23,5.77,5.3786,-0.3914
train,2008-05-24,5.91,5.8934,-0.0166
train,2008-05-25,5.47,5.4575,-0.0125
train,2008-05-26,12.53,12.3438,-0.1862
train,2008-05-27,4.472,4.377,-0.095
train,2008-05-28,6.21,6.2257,0.0157
train,2008-05-29,4.97,5.0278,0.0578
train,2008-05-30,4.67,4.6043,-0.0657
train,2008-05-31,5.54,5.5267,-0.0133
train,2008-06-01,5.36,5.312,-0.048
train,2008-06-02,5.37,5.334,-0.036
train,2008-06-03,4.89,4.8916,0.0016
train,2008-06-04,5.82,5.853,0.033
train,2008-06-05,4.908,4.918,0.01
train,2008-06-06,5.098,5.1014,0.0034
train,2008-06-07,12.18,12.1859,0.0059
train,2008-06-08,12.83,12.7572,-0.0728
train,2008-06-09,6.076,6.0693,-0.0067
train,2008-06-10,11.788,11.8284,0.0404
train,2008-06-11,12.08,12.0142,-0.0658
train,2008-06-12,4.9,4.9309,0.0309
train,2008-06-13,8.54,8.4848,-0.0552
train,2008-06-14,6.95,7.0587,0.1087
train,2008-06-15,12.318,12.0786,-0.2394
train,2008-06-16,5.702,5.7229,0.0209
train,2008-06-17,6.004,5.9402,-0.0638
train,2008-06-18,9.518,9.5597,0.0417
train,2008-06-19,10.54,10.5895,0.0495
train,2008-06-20,5.71,5.7114,0.0014
train,2008-06-21,4.53,4.5501,0.0201
train,2008-06-22,11.728,11.7653,0.0373
train,2008-06-23,13.078,13.0511,-0.0269
train,2008-06-24,6.49,6.5131,0.0231
train,2008-06-25,9.712,9.7685,0.0565
train,2008-06-26,8.7,8.8174,0.1174
train,2008-06-27,6.694,6.7064,0.0124
train,2008-06-28,6.13,6.1724,0.0424
train,2008-06-29,6.454,6.4115,-0.0425
train,2008-06-30,13.52,13.5293,0.0093
train,2008-07-01,13.59,13.6127,0.0227
train,2008-07-02,5.016,5.1103,0.0943
train,2008-07-03,4.3,4.2561,-0.0439
train,2008-07-04,3.37,3.4227,0.0527
train,2008-07-05,13.224,13.2222,-0.0018
train,2008-07-06,5.14,5.1421,0.0021
train,2008-07-07,6.922,6.9292,0.0072
train,2008-07-08,11.578,11.5564,-0.0216
train,2008-07-09,6.8,6.8954,0.0954
train,2008-07-10,5.46,5.4981,0.0381
train,2008-07-11,11.88,11.8672,-0.0128
train,2008-07-12,5.08,5.2182,0.1382
train,2008-07-13,4.51,4.513,0.003
train,2008-07-14,6.04,6.0472,0.0072
train,2008-07-15,5.194,5.2336,0.0396
train,2008-07-16,6.056,5.9288,-0.1272
train,2008-07-17,12.56,12.5761,0.0161
train,2008-07-18,12.642,12.5517,-0.0903
train,2008-07-19,4.54,4.5361,-0.0039
train,2008-07-20,12.574,12.6547,0.0807
train,2008-07-21,6.268,6.6179,0.3499
train,2008-07-22,9.45,9.4955,0.0455
train,2008-07-23,5.98,5.9917,0.0117
train,2008-07-24,13.07,13.0449,-0.0251
train,2008-07-25,12.98,13.0066,0.0266
train,2008-07-26,11.32,11.4695,0.1495
train,2008-07-27,5.85,5.8273,-0.0227
train,2008-07-28,4.53,4.5117,-0.0183
train,2008-07-29,5.67,5.6862,0.0162
train,2008-07-30,4.13,4.1751,0.0451
train,2008-07-31,8.83,8.9083,0.0783
train,2008-08-01,6.184,6.2788,0.0948
train,2008-08-02,10.968,10.9196,-0.0484
train,2008-08-03,7.732,7.7531,0.0211
train,2008-08-04,12.554,12.5561,0.0021
train,2008-08-05,12.022,12.0559,0.0339
train,2008-08-06,5.23,5.3357,0.1057
train,2008-08-07,5.56,5.558,-0.002
train,2008-08-08,4.12,4.1062,-0.0138
train,2008-08-09,7.82,7.8223,0.0023
train,2008-08-10,5.68,5.6714,-0.0086
train,2008-08-11,5.57,5.5312,-0.0388
train,2008-08-12,4.466,4.4756,0.0096
train,2008-08-13,4.66,4.5843,-0.0757
train,2008-08-14,5.51,5.489,-0.021
train,2008-08-15,6.23,6.1621,-0.0679
train,2008-08-16,5.99,6.0286,0.0386
train,2008-08-17,13.83,13.7265,-0.1035
train,2008-08-18,12.07,12.0914,0.0214
train,2008-08-19,8.03,8.0242,-0.0058
train,2008-08-20,5.82,5.8102,-0.0098
train,2008-08-21,3.39,3.4855,0.0955
train,2008-08-22,4.17,4.2152,0.0452
train,2008-08-23,11.028,11.0385,0.0105
train,2008-08-24,8.34,8.258,-0.082
train,2008-08-25,4.38,4.3719,-0.0081
train,2008-08-26,9.452,9.4552,0.0032
val,2008-12-25,6.656,6.647,-0.009
val,2008-12-26,6.65,6.6085,-0.0415
val,2008-12-27,6.638,6.5937,-0.0443
val,2008-12-28,6.622,6.5809,-0.0411
val,2008-12-29,6.606,6.5662,-0.0398
val,2008-12-30,6.574,6.5575,-0.0165
val,2008-12-31,6.516,6.5404,0.0244
val,2009-01-01,6.41,6.4984,0.0884
val,2009-01-02,6.37,6.3979,0.0279
val,2009-01-03,6.37,6.3454,-0.0246
val,2009-01-04,6.37,6.3356,-0.0344
val,2009-01-05,6.396,6.333,-0.063
val,2009-01-06,6.416,6.3583,-0.0577
val,2009-01-07,6.394,6.3866,-0.0074
val,2009-01-08,6.34,6.379,0.039
val,2009-01-09,6.26,6.324,0.064
val,2009-01-10,6.214,6.2397,0.0257
val,2009-01-11,6.188,6.1809,-0.0071
val,2009-01-12,6.154,6.1508,-0.0032
val,2009-01-13,6.136,6.1305,-0.0055
val,2009-01-14,6.13,6.1244,-0.0056
val,2009-01-15,6.124,6.122,-0.002
val,2009-01-16,6.094,6.1098,0.0158
val,2009-01-17,6.08,6.0738,-0.0062
val,2009-01-18,6.08,6.0476,-0.0324
val,2009-01-19,6.07,6.0425,-0.0275
val,2009-01-20,6.07,6.0365,-0.0335
val,2009-01-21,6.06,6.0423,-0.0177
val,2009-01-22,6.06,6.0386,-0.0214
val,2009-01-23,6.04,6.0334,-0.0066
val,2009-01-24,6.01,6.0081,-0.0019
val,2009-01-25,5.99,5.9743,-0.0157
val,2009-01-26,5.99,5.9529,-0.0371
val,2009-01-27,5.99,5.9472,-0.0428
val,2009-01-28,5.98,5.9534,-0.0266
val,2009-01-29,5.97,5.9544,-0.0156
val,2009-01-30,5.948,5.9503,0.0023
val,2009-01-31,5.92,5.9265,0.0065
val,2009-02-01,5.894,5.8917,-0.0023
val,2009-02-02,5.864,5.8483,-0.0157
val,2009-02-03,5.842,5.8188,-0.0232
val,2009-02-04,5.824,5.7993,-0.0247
val,2009-02-05,5.794,5.7867,-0.0073
val,2009-02-06,5.79,5.7675,-0.0225
val,2009-02-07,5.79,5.7669,-0.0231
val,2009-02-08,5.78,5.774,-0.006
val,2009-02-09,5.76,5.7734,0.0134
val,2009-02-10,5.75,5.7519,0.0019
val,2009-02-11,5.738,5.7243,-0.0137
val,2009-02-12,5.69,5.7049,0.0149
val,2009-02-13,5.638,5.6572,0.0192
val,2009-02-14,5.586,5.5981,0.0121
val,2009-02-15,5.56,5.5483,-0.0117
val,2009-02-16,5.546,5.5169,-0.0291
val,2009-02-17,5.54,5.5067,-0.0333
val,2009-02-18,5.53,5.5084,-0.0216
val,2009-02-19,5.504,5.5079,0.0039
val,2009-02-20,5.48,5.4814,0.0014
val,2009-02-21,5.48,5.4534,-0.0266
val,2009-02-22,5.496,5.4394,-0.0566
val,2009-02-23,5.492,5.4467,-0.0453
val,2009-02-24,5.47,5.446,-0.024
val,2009-02-25,5.434,5.4361,0.0021
val,2009-02-26,5.408,5.4142,0.0062
val,2009-02-27,5.38,5.3841,0.0041
val,2009-02-28,5.36,5.3524,-0.0076
val,2009-03-01,5.35,5.3278,-0.0222
val,2009-03-02,5.332,5.3026,-0.0294
val,2009-03-03,5.33,5.2923,-0.0377
val,2009-03-04,5.34,5.2958,-0.0442
val,2009-03-05,5.34,5.3063,-0.0337
val,2009-03-06,5.34,5.3121,-0.0279
val,2009-03-07,5.34,5.3189,-0.0211
val,2009-03-08,5.34,5.3214,-0.0186
val,2009-03-09,5.34,5.3244,-0.0156
val,2009-03-10,5.328,5.3256,-0.0024
val,2009-03-11,5.294,5.3165,0.0225
val,2009-03-12,5.264,5.2926,0.0286
val,2009-03-13,5.272,5.2705,-0.0015
val,2009-03-14,5.366,5.2819,-0.0841
val,2009-03-15,5.422,5.3508,-0.0712
val,2009-03-16,5.45,5.4055,-0.0445
val,2009-03-17,5.46,5.437,-0.023
val,2009-03-18,5.46,5.447,-0.013
val,2009-03-19,5.45,5.4405,-0.0095
val,2009-03-20,5.44,5.4165,-0.0235
val,2009-03-21,5.43,5.395,-0.035
val,2009-03-22,5.42,5.3905,-0.0295
val,2009-03-23,5.38,5.3898,0.0098
val,2009-03-24,5.228,5.3632,0.1352
val,2009-03-25,5.11,5.232,0.122
val,2009-03-26,5.03,5.0968,0.0668
val,2009-03-27,4.994,5.0001,0.0061
val,2009-03-28,4.94,4.9468,0.0068
val,2009-03-29,4.902,4.9102,0.0082
val,2009-03-30,4.914,4.8861,-0.0279
val,2009-03-31,4.842,4.9016,0.0596
val,2009-04-01,4.804,4.8516,0.0476
val,2009-04-02,4.788,4.7972,0.0092
val,2009-04-03,4.804,4.7792,-0.0248
val,2009-04-04,5.008,4.7935,-0.2145
val,2009-04-05,5.182,4.9663,-0.2157
val,2009-04-06,5.256,5.1711,-0.0849
val,2009-04-07,5.306,5.2807,-0.0253
val,2009-04-08,5.31,5.3248,0.0148
val,2009-04-09,5.304,5.3111,0.0071
val,2009-04-10,5.3,5.2805,-0.0195
val,2009-04-11,5.294,5.2568,-0.0372
val,2009-04-12,5.288,5.2532,-0.0348
val,2009-04-13,5.228,5.2523,0.0243
val,2009-04-14,5.086,5.2027,0.1167
val,2009-04-15,4.93,5.0708,0.1408
val,2009-04-16,4.844,4.914,0.07
val,2009-04-17,4.796,4.8084,0.0124
val,2009-04-18,4.77,4.7531,-0.0169
val,2009-04-19,4.76,4.7575,-0.0025
val,2009-04-20,4.75,4.7884,0.0384
val,2009-04-21,4.74,4.8163,0.0763
val,2009-04-22,4.73,4.8236,0.0936
val,2009-04-23,4.774,4.8189,0.0449
val,2009-04-24,4.988,4.869,-0.119
val,2009-04-25,5.152,5.0598,-0.0922
val,2009-04-26,5.24,5.2488,0.0088
val,2009-04-27,5.274,5.3613,0.0873
val,2009-04-28,5.306,5.3849,0.0789
val,2009-04-29,5.336,5.3747,0.0387
val,2009-04-30,5.34,5.3549,0.0149
val,2009-05-01,5.33,5.3218,-0.0082
val,2009-05-02,5.328,5.2907,-0.0373
val,2009-05-03,5.266,5.2918,0.0258
val,2009-05-04,5.146,5.2347,0.0887
val,2009-05-05,5.0,5.1096,0.1096
val,2009-05-06,4.89,4.9652,0.0752
val,2009-05-07,4.824,4.86,0.036
val,2009-05-08,4.84,4.8014,-0.0386
val,2009-05-09,4.86,4.834,-0.026
val,2009-05-10,4.842,4.8925,0.0505
val,2009-05-11,4.896,4.9101,0.0141
val,2009-05-12,4.976,4.9682,-0.0078
val,2009-05-13,5.044,5.0532,0.0092
val,2009-05-14,5.088,5.1196,0.0316
val,2009-05-15,5.14,5.1609,0.0209
val,2009-05-16,5.166,5.2167,0.0507
val,2009-05-17,5.17,5.2504,0.0804
val,2009-05-18,5.18,5.2449,0.0649
val,2009-05-19,5.19,5.2402,0.0502
val,2009-05-20,5.17,5.24,0.07
val,2009-05-21,5.128,5.2038,0.0758
val,2009-05-22,5.12,5.1438,0.0238
val,2009-05-23,5.158,5.1208,-0.0372
val,2009-05-24,5.19,5.1601,-0.0299
val,2009-05-25,5.232,5.2021,-0.0299
val,2009-05-26,5.442,5.2805,-0.1615
val,2009-05-27,5.44,5.5129,0.0729
val,2009-05-28,5.382,5.5599,0.1779
val,2009-05-29,5.354,5.4963,0.1423
val,2009-05-30,5.454,5.4634,0.0094
val,2009-05-31,6.264,5.5553,-0.7087
val,2009-06-01,6.49,6.3995,-0.0905
val,2009-06-02,6.532,6.756,0.224
val,2009-06-03,6.538,6.7692,0.2312
val,2009-06-04,6.418,6.6911,0.2731
val,2009-06-05,6.23,6.4466,0.2166
val,2009-06-06,6.08,6.1478,0.0678
val,2009-06-07,5.942,5.9534,0.0114
val,2009-06-08,5.84,5.909,0.069
val,2009-06-09,5.76,5.8741,0.1141
val,2009-06-10,5.716,5.8302,0.1142
val,2009-06-11,5.676,5.7771,0.1011
val,2009-06-12,5.67,5.7137,0.0437
val,2009-06-13,5.67,5.6709,0.0009
val,2009-06-14,5.718,5.6569,-0.0611
val,2009-06-15,5.764,5.7605,-0.0035
val,2009-06-16,5.794,5.8491,0.0551
val,2009-06-17,5.8,5.8922,0.0922
val,2009-06-18,5.766,5.8995,0.1335
val,2009-06-19,5.75,5.8521,0.1021
val,2009-06-20,5.75,5.8095,0.0595
val,2009-06-21,5.732,5.7819,0.0499
val,2009-06-22,5.68,5.7435,0.0635
val,2009-06-23,5.616,5.6761,0.0601
val,2009-06-24,5.572,5.599,0.027
val,2009-06-25,5.526,5.5564,0.0304
val,2009-06-26,5.52,5.5232,0.0032
val,2009-06-27,5.562,5.5278,-0.0342
val,2009-06-28,5.692,5.5911,-0.1009
val,2009-06-29,5.894,5.7531,-0.1409
val,2009-06-30,6.0,6.0074,0.0074
val,2009-07-01,6.146,6.1906,0.0446
val,2009-07-02,6.516,6.3848,-0.1312
val,2009-07-03,6.95,6.8063,-0.1437
val,2009-07-04,7.296,7.3197,0.0237
val,2009-07-05,7.796,7.7137,-0.0823
val,2009-07-06,8.252,8.2631,0.0111
val,2009-07-07,8.7,8.735,0.035
val,2009-07-08,8.91,9.1198,0.2098
val,2009-07-09,9.1,9.2029,0.1029
val,2009-07-10,9.13,9.276,0.146
val,2009-07-11,9.05,9.249,0.199
val,2009-07-12,8.92,9.1007,0.1807
val,2009-07-13,8.87,8.9478,0.0778
val,2009-07-14,8.85,8.938,0.088
val,2009-07-15,8.83,9.0047,0.1747
val,2009-07-16,8.792,8.9966,0.2046
val,2009-07-17,8.736,8.9912,0.2552
val,2009-07-18,8.696,8.927,0.231
val,2009-07-19,8.678,8.8754,0.1974
val,2009-07-20,8.65,8.8537,0.2037
val,2009-07-21,8.626,8.8444,0.2184
val,2009-07-22,8.576,8.8595,0.2835
val,2009-07-23,8.544,8.8236,0.2796
val,2009-07-24,8.54,8.79,0.25
val,2009-07-25,8.58,8.7683,0.1883
val,2009-07-26,8.682,8.7362,0.0542
val,2009-07-27,8.86,8.7879,-0.0721
val,2009-07-28,8.968,8.9864,0.0184
val,2009-07-29,9.292,9.1572,-0.1348
val,2009-07-30,9.726,9.5113,-0.2147
val,2009-07-31,10.01,10.007,-0.003
val,2009-08-01,10.182,10.235,0.053
val,2009-08-02,10.426,10.2794,-0.1466
val,2009-08-03,10.72,10.4574,-0.2626
val,2009-08-04,11.022,10.7616,-0.2604
val,2009-08-05,11.29,11.0206,-0.2694
val,2009-08-06,11.38,11.2373,-0.1427
val,2009-08-07,11.39,11.3222,-0.0678
val,2009-08-08,11.386,11.3207,-0.0653
val,2009-08-09,11.43,11.3058,-0.1242
val,2009-08-10,11.424,11.3634,-0.0606
val,2009-08-11,11.376,11.4404,0.0644
val,2009-08-12,11.35,11.4664,0.1164
val,2009-08-13,11.39,11.5015,0.1115
val,2009-08-14,11.53,11.5548,0.0248
val,2009-08-15,11.594,11.6722,0.0782
val,2009-08-16,11.62,11.755,0.135
val,2009-08-17,11.618,11.8089,0.1909
val,2009-08-18,11.63,11.8256,0.1956
val,2009-08-19,11.752,11.851,0.099
val,2009-08-20,11.852,11.9799,0.1279
val,2009-08-21,11.96,12.0995,0.1395
val,2009-08-22,12.128,12.2025,0.0745
val,2009-08-23,12.268,12.3389,0.0709
val,2009-08-24,12.37,12.4255,0.0555
val,2009-08-25,12.43,12.4362,0.0062
val,2009-08-26,12.472,12.3887,-0.0833
val,2009-08-27,12.5,12.3653,-0.1347
val,2009-08-28,12.48,12.3547,-0.1253
val,2009-08-29,12.42,12.3294,-0.0906
val,2009-08-30,12.31,12.2872,-0.0228
val,2009-08-31,12.154,12.1963,0.0423
val,2009-09-01,11.96,12.0405,0.0805
val,2009-09-02,11.8,11.8481,0.0481
val,2009-09-03,11.68,11.6664,-0.0136
val,2009-09-04,11.61,11.5565,-0.0535
val,2009-09-05,11.594,11.5235,-0.0705
val,2009-09-06,11.54,11.5529,0.0129
val,2009-09-07,11.45,11.5183,0.0683
val,2009-09-08,11.372,11.4435,0.0715
val,2009-09-09,11.382,11.3672,-0.0148
val,2009-09-10,11.332,11.3934,0.0614
val,2009-09-11,11.308,11.3816,0.0736
val,2009-09-12,11.346,11.4239,0.0779
val,2009-09-13,11.394,11.5424,0.1484
val,2009-09-14,11.394,11.6228,0.2288
val,2009-09-15,11.34,11.6015,0.2615
val,2009-09-16,11.258,11.4839,0.2259
val,2009-09-17,11.16,11.3493,0.1893
val,2009-09-18,11.11,11.1854,0.0754
val,2009-09-19,11.11,11.0662,-0.0438
val,2009-09-20,11.106,11.0145,-0.0915
val,2009-09-21,11.056,10.9927,-0.0633
val,2009-09-22,10.93,10.9314,0.0014
val,2009-09-23,10.84,10.7913,-0.0487
val,2009-09-24,10.682,10.7011,0.0191
val,2009-09-25,10.56,10.5498,-0.0102
val,2009-09-26,10.432,10.4195,-0.0125
val,2009-09-27,10.34,10.303,-0.037
val,2009-09-28,10.272,10.2397,-0.0323
val,2009-09-29,10.212,10.2083,-0.0037
val,2009-09-30,10.112,10.1708,0.0588
val,2009-10-01,10.022,10.0801,0.0581
val,2009-10-02,9.906,9.9812,0.0752
val,2009-10-03,9.792,9.8485,0.0565
val,2009-10-04,9.72,9.7181,-0.0019
val,2009-10-05,9.676,9.6617,-0.0143
val,2009-10-06,9.56,9.6623,0.1023
val,2009-10-07,9.412,9.6254,0.2134
val,2009-10-08,9.322,9.5482,0.2262
val,2009-10-09,9.262,9.5176,0.2556
val,2009-10-10,9.534,9.4999,-0.0341
val,2009-10-11,10.05,9.7868,-0.2632
val,2009-10-12,10.298,10.3484,0.0504
val,2009-10-13,10.64,10.6362,-0.0038
val,2009-10-14,10.898,10.9129,0.0149
val,2009-10-15,11.004,11.0467,0.0427
val,2009-10-16,11.108,10.9938,-0.1142
val,2009-10-17,11.2,10.9437,-0.2563
val,2009-10-18,11.226,10.9699,-0.2561
val,2009-10-19,11.154,11.016,-0.138
val,2009-10-20,10.932,10.975,0.043
val,2009-10-21,10.63,10.7994,0.1694
val,2009-10-22,10.406,10.5043,0.0983
val,2009-10-23,10.194,10.2221,0.0281
val,2009-10-24,9.992,9.9666,-0.0254
val,2009-10-25,9.796,9.7658,-0.0302
val,2009-10-26,9.66,9.6152,-0.0448
val,2009-10-27,9.506,9.5083,0.0023
val,2009-10-28,9.392,9.3845,-0.0075
val,2009-10-29,9.3,9.2788,-0.0212
val,2009-10-30,9.204,9.2007,-0.0033
val,2009-10-31,9.006,9.1264,0.1204
val,2009-11-01,8.894,8.9506,0.0566
val,2009-11-02,8.84,8.8494,0.0094
val,2009-11-03,8.728,8.8052,0.0772
val,2009-11-04,8.57,8.6973,0.1273
val,2009-11-05,8.424,8.5351,0.1111
val,2009-11-06,8.4,8.3831,-0.0169
val,2009-11-07,8.362,8.3266,-0.0354
val,2009-11-08,8.244,8.2379,-0.0061
val,2009-11-09,8.138,8.0735,-0.0645
val,2009-11-10,8.01,7.9318,-0.0782
val,2009-11-11,7.968,7.7932,-0.1748
val,2009-11-12,7.932,7.7372,-0.1948
val,2009-11-13,7.862,7.7405,-0.1215
val,2009-11-14,7.766,7.72,-0.046
val,2009-11-15,7.746,7.6667,-0.0793
val,2009-11-16,7.698,7.6739,-0.0241
val,2009-11-17,7.648,7.6853,0.0373
val,2009-11-18,7.62,7.6632,0.0432
val,2009-11-19,7.6,7.6533,0.0533
val,2009-11-20,7.594,7.674,0.08
val,2009-11-21,7.558,7.6809,0.1229
val,2009-11-22,7.49,7.6325,0.1425
val,2009-11-23,7.426,7.5441,0.1181
val,2009-11-24,7.408,7.4611,0.0531
val,2009-11-25,7.362,7.4124,0.0504
val,2009-11-26,7.3,7.358,0.058
val,2009-11-27,7.26,7.3025,0.0425
val,2009-11-28,7.226,7.2609,0.0349
val,2009-11-29,7.2,7.217,0.017
val,2009-11-30,7.178,7.1804,0.0024
val,2009-12-01,7.15,7.156,0.006
val,2009-12-02,7.13,7.1244,-0.0056
val,2009-12-03,7.114,7.0895,-0.0245
val,2009-12-04,7.06,7.0573,-0.0027
val,2009-12-05,6.992,6.9913,-0.0007
val,2009-12-06,6.954,6.9046,-0.0494
val,2009-12-07,6.918,6.8517,-0.0663
val,2009-12-08,6.84,6.8219,-0.0181
val,2009-12-09,6.78,6.7649,-0.0151
val,2009-12-10,6.76,6.7121,-0.0479
val,2009-12-11,6.754,6.6928,-0.0612
val,2009-12-12,6.666,6.6931,0.0271
val,2009-12-13,6.57,6.6318,0.0618
val,2009-12-14,6.524,6.5464,0.0224
val,2009-12-15,6.516,6.4937,-0.0223
val,2009-12-16,6.51,6.4771,-0.0329
val,2009-12-17,6.508,6.4801,-0.0279
val,2009-12-18,6.49,6.4918,0.0018
val,2009-12-19,6.464,6.488,0.024
val,2009-12-20,6.384,6.4624,0.0784
val,2009-12-21,6.302,6.382,0.08
val,2009-12-22,6.264,6.2911,0.0271
val,2009-12-23,6.222,6.2349,0.0129
val,2009-12-24,6.156,6.185,0.029
val,2009-12-25,6.104,6.1239,0.0199
val,2009-12-26,6.074,6.0766,0.0026
val,2009-12-27,6.02,6.0419,0.0219
val,2009-12-28,5.93,5.9835,0.0535
val,2009-12-29,5.824,5.8911,0.0671
val,2009-12-30,5.79,5.7902,0.0002
val,2009-12-31,5.764,5.7491,-0.0149
val,2010-01-01,5.748,5.7273,-0.0207
val,2010-01-02,5.73,5.7071,-0.0229
val,2010-01-03,5.72,5.7034,-0.0166
val,2010-01-04,5.71,5.6947,-0.0153
val,2010-01-05,5.676,5.6773,0.0013
val,2010-01-06,5.602,5.6443,0.0423
val,2010-01-07,5.532,5.5873,0.0553
val,2010-01-08,5.508,5.518,0.01
val,2010-01-09,5.472,5.4799,0.0079
val,2010-01-10,5.44,5.4461,0.0061
val,2010-01-11,5.4,5.4205,0.0205
val,2010-01-12,5.366,5.3825,0.0165
val,2010-01-13,5.346,5.337,-0.009
val,2010-01-14,5.318,5.3125,-0.0055
val,2010-01-15,5.284,5.2857,0.0017
val,2010-01-16,5.238,5.2603,0.0223
val,2010-01-17,5.208,5.2327,0.0247
val,2010-01-18,5.172,5.2085,0.0365
val,2010-01-19,5.15,5.175,0.025
val,2010-01-20,5.13,5.1482,0.0182
val,2010-01-21,5.12,5.1333,0.0133
val,2010-01-22,5.12,5.1166,-0.0034
val,2010-01-23,5.11,5.1112,0.0012
val,2010-01-24,5.11,5.098,-0.012
val,2010-01-25,5.074,5.093,0.019
val,2010-01-26,5.036,5.0657,0.0297
val,2010-01-27,5.02,5.0324,0.0124
val,2010-01-28,5.01,5.016,0.006
val,2010-01-29,5.01,5.0018,-0.0082
val,2010-01-30,5.01,4.9966,-0.0134
val,2010-01-31,5.01,4.9918,-0.0182
val,2010-02-01,5.01,4.9933,-0.0167
val,2010-02-02,5.03,4.9765,-0.0535
val,2010-02-03,5.048,4.9902,-0.0578
val,2010-02-04,5.05,5.014,-0.036
val,2010-02-05,5.05,5.0278,-0.0222
val,2010-02-06,5.05,5.0345,-0.0155
val,2010-02-07,5.04,5.0377,-0.0023
val,2010-02-08,5.03,5.0305,0.0005
val,2010-02-09,5.03,5.0103,-0.0197
val,2010-02-10,5.02,5.0002,-0.0198
val,2010-02-11,5.01,4.9874,-0.0226
val,2010-02-12,5.01,4.9737,-0.0363
val,2010-02-13,4.99,4.9996,0.0096
val,2010-02-14,4.98,4.9715,-0.0085
val,2010-02-15,4.95,4.9498,-0.0002
val,2010-02-16,4.908,4.9348,0.0268
val,2010-02-17,4.88,4.9092,0.0292
val,2010-02-18,4.9,4.8779,-0.0221
val,2010-02-19,4.902,4.8923,-0.0097
val,2010-02-20,4.884,4.901,0.017
val,2010-02-21,4.87,4.8801,0.0101
val,2010-02-22,4.86,4.8588,-0.0012
val,2010-02-23,4.85,4.851,0.001
val,2010-02-24,4.85,4.8462,-0.0038
val,2010-02-25,4.838,4.8306,-0.0074
val,2010-02-26,4.798,4.8146,0.0166
val,2010-02-27,4.72,4.7872,0.0672
val,2010-02-28,4.652,4.7074,0.0554
val,2010-03-01,4.64,4.6271,-0.0129
val,2010-03-02,4.64,4.5799,-0.0601
val,2010-03-03,4.63,4.574,-0.056
val,2010-03-04,4.64,4.5729,-0.0671
val,2010-03-05,4.64,4.5842,-0.0558
val,2010-03-06,4.64,4.5931,-0.0469
val,2010-03-07,4.65,4.5934,-0.0566
val,2010-03-08,4.65,4.5977,-0.0523
val,2010-03-09,4.67,4.6111,-0.0589
val,2010-03-10,4.67,4.6452,-0.0248
val,2010-03-11,4.644,4.6655,0.0215
val,2010-03-12,4.632,4.6663,0.0343
val,2010-03-13,4.64,4.6463,0.0063
val,2010-03-14,4.7,4.6307,-0.0693
val,2010-03-15,4.758,4.6647,-0.0933
val,2010-03-16,4.77,4.7189,-0.0511
val,2010-03-17,4.77,4.7503,-0.0197
val,2010-03-18,4.8,4.7717,-0.0283
val,2010-03-19,4.822,4.8073,-0.0147
val,2010-03-20,4.85,4.8234,-0.0266
val,2010-03-21,4.828,4.8435,0.0155
val,2010-03-22,4.79,4.8299,0.0399
val,2010-03-23,4.658,4.798,0.14
val,2010-03-24,4.434,4.6895,0.2555
val,2010-03-25,4.192,4.4903,0.2983
val,2010-03-26,4.048,4.2703,0.2223
val,2010-03-27,3.946,4.1148,0.1688
val,2010-03-28,3.886,4.016,0.13
val,2010-03-29,3.9,3.9636,0.0636
val,2010-03-30,3.872,3.9731,0.1011
val,2010-03-31,3.84,3.9621,0.1221
val,2010-04-01,3.83,3.9268,0.0968
val,2010-04-02,3.82,3.8892,0.0692
val,2010-04-03,3.832,3.8793,0.0473
val,2010-04-04,3.962,3.8905,-0.0715
val,2010-04-05,4.184,3.9878,-0.1962
val,2010-04-06,4.3,4.1911,-0.1089
val,2010-04-07,4.362,4.3496,-0.0124
val,2010-04-08,4.418,4.4356,0.0176
val,2010-04-09,4.466,4.4687,0.0027
val,2010-04-10,4.526,4.4725,-0.0535
val,2010-04-11,4.586,4.4976,-0.0884
val,2010-04-12,4.626,4.5502,-0.0758
val,2010-04-13,4.62,4.6099,-0.0101
val,2010-04-14,4.522,4.6231,0.1011
val,2010-04-15,4.358,4.5467,0.1887
val,2010-04-16,4.304,4.3986,0.0946
val,2010-04-17,4.24,4.3211,0.0811
val,2010-04-18,4.2,4.2634,0.0634
val,2010-04-19,4.23,4.2427,0.0127
val,2010-04-20,4.19,4.3062,0.1162
val,2010-04-21,4.226,4.3257,0.0997
val,2010-04-22,4.272,4.3692,0.0972
val,2010-04-23,4.396,4.4217,0.0257
val,2010-04-24,4.658,4.5386,-0.1194
val,2010-04-25,4.888,4.7862,-0.1018
val,2010-04-26,5.016,5.0356,0.0196
val,2010-04-27,5.058,5.1849,0.1269
val,2010-04-28,5.192,5.2079,0.0159
val,2010-04-29,5.71,5.2845,-0.4255
val,2010-04-30,6.08,5.7538,-0.3262
val,2010-05-01,6.154,6.161,0.007
val,2010-05-02,6.036,6.2182,0.1822
val,2010-05-03,5.81,6.0512,0.2412
val,2010-05-04,5.506,5.7415,0.2355
val,2010-05-05,5.262,5.3466,0.0846
val,2010-05-06,5.084,5.065,-0.019
val,2010-05-07,4.894,4.9489,0.0549
val,2010-05-08,4.788,4.8496,0.0616
val,2010-05-09,4.692,4.8111,0.1191
val,2010-05-10,4.614,4.762,0.148
val,2010-05-11,4.594,4.7062,0.1122
val,2010-05-12,4.594,4.6723,0.0783
val,2010-05-13,4.65,4.6765,0.0265
val,2010-05-14,4.782,4.7702,-0.0118
val,2010-05-15,4.94,4.934,-0.006
val,2010-05-16,4.962,5.1163,0.1543
val,2010-05-17,5.024,5.161,0.137
val,2010-05-18,5.374,5.1827,-0.1913
val,2010-05-19,5.81,5.4622,-0.3478
val,2010-05-20,6.114,5.8944,-0.2196
val,2010-05-21,6.476,6.2098,-0.2662
val,2010-05-22,6.5,6.5536,0.0536
val,2010-05-23,6.39,6.5333,0.1433
val,2010-05-24,6.232,6.2861,0.0541
val,2010-05-25,6.076,6.0208,-0.0552
val,2010-05-26,6.054,5.8483,-0.2057
val,2010-05-27,6.182,5.8699,-0.3121
val,2010-05-28,6.378,6.0732,-0.3048
val,2010-05-29,6.336,6.3844,0.0484
val,2010-05-30,6.222,6.4031,0.1811
val,2010-05-31,6.1,6.2692,0.1692
val,2010-06-01,6.036,6.1177,0.0817
val,2010-06-02,5.944,6.0381,0.0941
val,2010-06-03,5.908,5.9991,0.0911
val,2010-06-04,5.868,6.0287,0.1607
val,2010-06-05,5.844,6.0755,0.2315
val,2010-06-06,5.78,6.0723,0.2923
val,2010-06-07,5.806,5.9941,0.1881
val,2010-06-08,5.97,5.9657,-0.0043
val,2010-06-09,6.108,6.0792,-0.0288
val,2010-06-10,6.192,6.1913,-0.0007
val,2010-06-11,6.346,6.2614,-0.0846
val,2010-06-12,6.688,6.4067,-0.2813
val,2010-06-13,6.97,6.7372,-0.2328
val,2010-06-14,6.998,7.0074,0.0094
val,2010-06-15,6.924,6.9816,0.0576
val,2010-06-16,6.824,6.8307,0.0067
val,2010-06-17,6.71,6.6588,-0.0512
val,2010-06-18,6.632,6.5138,-0.1182
val,2010-06-19,6.612,6.466,-0.146
val,2010-06-20,6.664,6.5275,-0.1365
val,2010-06-21,6.732,6.6732,-0.0588
val,2010-06-22,6.902,6.8045,-0.0975
val,2010-06-23,7.186,7.0336,-0.1524
val,2010-06-24,7.434,7.3837,-0.0503
val,2010-06-25,7.6,7.6393,0.0393
val,2010-06-26,7.758,7.7645,0.0065
val,2010-06-27,7.804,7.9062,0.1022
val,2010-06-28,7.77,7.9562,0.1862
val,2010-06-29,7.852,7.8942,0.0422
val,2010-06-30,8.124,7.9643,-0.1597
val,2010-07-01,8.39,8.2915,-0.0985
val,2010-07-02,8.45,8.5957,0.1457
val,2010-07-03,8.474,8.6307,0.1567
val,2010-07-04,8.52,8.5827,0.0627
val,2010-07-05,8.652,8.5754,-0.0766
val,2010-07-06,8.784,8.6456,-0.1384
val,2010-07-07,8.75,8.8036,0.0536
val,2010-07-08,8.712,8.8186,0.1066
val,2010-07-09,8.846,8.8141,-0.0319
val,2010-07-10,9.028,8.931,-0.097
val,2010-07-11,9.12,9.128,0.008
val,2010-07-12,9.19,9.267,0.077
val,2010-07-13,9.336,9.3748,0.0388
val,2010-07-14,9.584,9.5828,-0.0012
val,2010-07-15,9.712,9.8767,0.1647
val,2010-07-16,9.88,9.9836,0.1036
val,2010-07-17,9.994,10.1123,0.1183
val,2010-07-18,9.98,10.2252,0.2452
val,2010-07-19,9.926,10.1748,0.2488
val,2010-07-20,10.026,10.0639,0.0379
val,2010-07-21,10.208,10.218,0.01
val,2010-07-22,10.384,10.432,0.048
val,2010-07-23,10.528,10.6201,0.0921
val,2010-07-24,10.73,10.7497,0.0197
val,2010-07-25,11.01,10.9463,-0.0637
val,2010-07-26,11.302,11.233,-0.069
val,2010-07-27,11.48,11.5391,0.0591
val,2010-07-28,11.55,11.6606,0.1106
val,2010-07-29,11.594,11.7263,0.1323
val,2010-07-30,11.608,11.7023,0.0943
val,2010-07-31,11.578,11.6514,0.0734
val,2010-08-01,11.56,11.6192,0.0592
val,2010-08-02,11.55,11.6164,0.0664
val,2010-08-03,11.558,11.6592,0.1012
val,2010-08-04,11.53,11.6665,0.1365
val,2010-08-05,11.546,11.6217,0.0757
val,2010-08-06,11.594,11.6162,0.0222
val,2010-08-07,11.6,11.6879,0.0879
val,2010-08-08,11.562,11.6448,0.0828
val,2010-08-09,11.482,11.5579,0.0759
val,2010-08-10,11.41,11.4599,0.0499
val,2010-08-11,11.326,11.3901,0.0641
val,2010-08-12,11.292,11.2848,-0.0072
val,2010-08-13,11.26,11.2673,0.0073
val,2010-08-14,11.238,11.281,0.043
val,2010-08-15,11.196,11.2861,0.0901
val,2010-08-16,11.172,11.2575,0.0855
val,2010-08-17,11.196,11.2291,0.0331
val,2010-08-18,11.242,11.2361,-0.0059
val,2010-08-19,11.292,11.3032,0.0112
val,2010-08-20,11.402,11.4341,0.0321
val,2010-08-21,11.534,11.5812,0.0472
val,2010-08-22,11.646,11.7047,0.0587
val,2010-08-23,11.772,11.7852,0.0132
val,2010-08-24,11.874,11.8648,-0.0092
val,2010-08-25,12.03,11.9409,-0.0891
val,2010-08-26,12.22,12.1498,-0.0702
val,2010-08-27,12.354,12.3599,0.0059
val,2010-08-28,12.464,12.4778,0.0138
val,2010-08-29,12.568,12.5659,-0.0021
val,2010-08-30,12.65,12.6559,0.0059
val,2010-08-31,12.73,12.6758,-0.0542
val,2010-09-01,12.794,12.699,-0.095
val,2010-09-02,12.8,12.7718,-0.0282
val,2010-09-03,12.8,12.7722,-0.0278
val,2010-09-04,12.802,12.751,-0.051
val,2010-09-05,12.83,12.7459,-0.0841
val,2010-09-06,12.83,12.7734,-0.0566
val,2010-09-07,12.828,12.7857,-0.0423
val,2010-09-08,12.8,12.7654,-0.0346
val,2010-09-09,12.788,12.7489,-0.0391
val,2010-09-10,12.76,12.7166,-0.0434
val,2010-09-11,12.76,12.6893,-0.0707
val,2010-09-12,12.74,12.7047,-0.0353
val,2010-09-13,12.742,12.6987,-0.0433
val,2010-09-14,12.76,12.7033,-0.0567
val,2010-09-15,12.77,12.7149,-0.0551
val,2010-09-16,12.76,12.7018,-0.0582
val,2010-09-17,12.748,12.6934,-0.0546
val,2010-09-18,12.72,12.6926,-0.0274
val,2010-09-19,12.688,12.6772,-0.0108
val,2010-09-20,12.634,12.6378,0.0038
val,2010-09-21,12.59,12.6026,0.0126
val,2010-09-22,12.61,12.5943,-0.0157
val,2010-09-23,12.6,12.6245,0.0245
val,2010-09-24,12.6,12.6184,0.0184
val,2010-09-25,12.6,12.6134,0.0134
val,2010-09-26,12.6,12.5971,-0.0029
val,2010-09-27,12.59,12.5653,-0.0247
val,2010-09-28,12.588,12.5065,-0.0815
val,2010-09-29,12.554,12.45,-0.104
val,2010-09-30,12.514,12.3788,-0.1352
val,2010-10-01,12.424,12.3087,-0.1153
val,2010-10-02,12.29,12.205,-0.085
val,2010-10-03,12.14,12.0676,-0.0724
val,2010-10-04,11.98,11.9243,-0.0557
val,2010-10-05,11.866,11.7598,-0.1062
val,2010-10-06,11.778,11.6385,-0.1395
val,2010-10-07,11.738,11.5642,-0.1738
val,2010-10-08,11.67,11.5381,-0.1319
val,2010-10-09,11.488,11.4819,-0.0061
val,2010-10-10,11.26,11.3016,0.0416
val,2010-10-11,11.092,11.0707,-0.0213
val,2010-10-12,10.95,10.9073,-0.0427
val,2010-10-13,10.838,10.7859,-0.0521
val,2010-10-14,10.8,10.6965,-0.1035
val,2010-10-15,10.77,10.6853,-0.0847
val,2010-10-16,10.678,10.6876,0.0096
val,2010-10-17,10.514,10.6166,0.1026
val,2010-10-18,10.328,10.4358,0.1078
val,2010-10-19,10.196,10.2338,0.0378
val,2010-10-20,10.244,10.1073,-0.1367
val,2010-10-21,10.198,10.1681,-0.0299
val,2010-10-22,10.12,10.1705,0.0505
val,2010-10-23,9.988,10.1177,0.1297
val,2010-10-24,9.918,9.9894,0.0714
val,2010-10-25,9.826,9.8944,0.0684
val,2010-10-26,9.804,9.7821,-0.0219
val,2010-10-27,9.75,9.7379,-0.0121
val,2010-10-28,9.59,9.7017,0.1117
val,2010-10-29,9.444,9.5582,0.1142
val,2010-10-30,9.216,9.4054,0.1894
val,2010-10-31,9.0,9.1663,0.1663
val,2010-11-01,8.87,8.9186,0.0486
val,2010-11-02,8.8,8.7735,-0.0265
val,2010-11-03,8.724,8.7033,-0.0207
val,2010-11-04,8.632,8.6594,0.0274
val,2010-11-05,8.586,8.5938,0.0078
val,2010-11-06,8.578,8.5546,-0.0234
val,2010-11-07,8.542,8.5322,-0.0098
val,2010-11-08,8.462,8.4939,0.0319
val,2010-11-09,8.34,8.4148,0.0748
val,2010-11-10,8.29,8.2987,0.0087
val,2010-11-11,8.29,8.24,-0.05
val,2010-11-12,8.262,8.2305,-0.0315
val,2010-11-13,8.202,8.2107,0.0087
val,2010-11-14,8.142,8.1579,0.0159
val,2010-11-15,8.094,8.1053,0.0113
val,2010-11-16,8.046,8.0572,0.0112
val,2010-11-17,8.002,8.0018,-0.0002
val,2010-11-18,7.942,7.9496,0.0076
val,2010-11-19,7.894,7.8947,0.0007
val,2010-11-20,7.858,7.8636,0.0056
val,2010-11-21,7.816,7.8494,0.0334
val,2010-11-22,7.8,7.8179,0.0179
val,2010-11-23,7.788,7.7954,0.0074
val,2010-11-24,7.74,7.7847,0.0447
val,2010-11-25,7.642,7.7443,0.1023
val,2010-11-26,7.526,7.6636,0.1376
val,2010-11-27,7.508,7.5557,0.0477
val,2010-11-28,7.49,7.5277,0.0377
val,2010-11-29,7.478,7.5121,0.0341
val,2010-11-30,7.458,7.5023,0.0443
val,2010-12-01,7.43,7.4936,0.0636
val,2010-12-02,7.314,7.4634,0.1494
val,2010-12-03,7.258,7.33,0.072
val,2010-12-04,7.23,7.2266,-0.0034
val,2010-12-05,7.194,7.1752,-0.0188
val,2010-12-06,7.14,7.1305,-0.0095
val,2010-12-07,7.08,7.0806,0.0006
val,2010-12-08,6.996,7.0296,0.0336
val,2010-12-09,7.008,6.9529,-0.0551
val,2010-12-10,6.954,6.9386,-0.0154
val,2010-12-11,6.904,6.8867,-0.0173
val,2010-12-12,6.846,6.8462,0.0002
val,2010-12-13,6.802,6.8018,-0.0002
val,2010-12-14,6.778,6.7587,-0.0193
val,2010-12-15,6.724,6.7323,0.0083
val,2010-12-16,6.674,6.6798,0.0058
val,2010-12-17,6.58,6.6288,0.0488
val,2010-12-18,6.524,6.5416,0.0176
val,2010-12-19,6.494,6.4793,-0.0147
val,2010-12-20,6.48,6.4474,-0.0326
val,2010-12-21,6.468,6.4298,-0.0382
val,2010-12-22,6.43,6.418,-0.012
val,2010-12-23,6.386,6.3847,-0.0013
val,2010-12-24,6.344,6.3495,0.0055
val,2010-12-25,6.266,6.3075,0.0415
val,2010-12-26,6.106,6.2343,0.1283
val,2010-12-27,5.994,6.0866,0.0926
val,2010-12-28,5.98,5.964,-0.016
val,2010-12-29,6.04,5.9302,-0.1098
val,2010-12-30,6.068,5.9731,-0.0949
val,2010-12-31,6.064,6.0159,-0.0481
val,2011-01-01,5.99,6.0371,0.0471
val,2011-01-02,5.912,5.9818,0.0698
val,2011-01-03,5.87,5.8904,0.0204
val,2011-01-04,5.86,5.8345,-0.0255
val,2011-01-05,5.86,5.8127,-0.0473
val,2011-01-06,5.86,5.8233,-0.0367
val,2011-01-07,5.838,5.8482,0.0102
val,2011-01-08,5.76,5.8575,0.0975
val,2011-01-09,5.654,5.791,0.137
val,2011-01-10,5.57,5.6741,0.1041
val,2011-01-11,5.524,5.567,0.043
val,2011-01-12,5.52,5.4993,-0.0207
val,2011-01-13,5.51,5.4854,-0.0246
val,2011-01-14,5.51,5.4929,-0.0171
val,2011-01-15,5.5,5.5134,0.0134
val,2011-01-16,5.5,5.5034,0.0034
val,2011-01-17,5.472,5.5004,0.0284
val,2011-01-18,5.434,5.4617,0.0277
val,2011-01-19,5.41,5.4166,0.0066
val,2011-01-20,5.402,5.3931,-0.0089
val,2011-01-21,5.39,5.3866,-0.0034
val,2011-01-22,5.376,5.3821,0.0061
val,2011-01-23,5.36,5.3736,0.0136
val,2011-01-24,5.35,5.3575,0.0075
val,2011-01-25,5.34,5.3407,0.0007
val,2011-01-26,5.32,5.323,0.003
val,2011-01-27,5.29,5.2991,0.0091
val,2011-01-28,5.27,5.2705,0.0005
val,2011-01-29,5.26,5.2484,-0.0116
val,2011-01-30,5.238,5.2428,0.0048
val,2011-01-31,5.116,5.233,0.117
val,2011-02-01,4.984,5.1427,0.1587
val,2011-02-02,4.908,5.0065,0.0985
val,2011-02-03,4.892,4.9159,0.0239
val,2011-02-04,4.956,4.8758,-0.0802
val,2011-02-05,5.0,4.9109,-0.0891
val,2011-02-06,5.01,4.9654,-0.0446
val,2011-02-07,5.01,4.9993,-0.0107
val,2011-02-08,4.994,4.9997,0.0057
val,2011-02-09,4.98,4.9819,0.0019
val,2011-02-10,4.982,4.9565,-0.0255
val,2011-02-11,5.0,4.948,-0.052
val,2011-02-12,5.0,4.9626,-0.0374
val,2011-02-13,5.0,4.9709,-0.0291
val,2011-02-14,4.99,4.9798,-0.0102
val,2011-02-15,4.98,4.9819,0.0019
val,2011-02-16,4.96,4.9579,-0.0021
val,2011-02-17,4.95,4.932,-0.018
val,2011-02-18,4.95,4.9079,-0.0421
val,2011-02-19,4.934,4.9023,-0.0317
val,2011-02-20,4.924,4.9053,-0.0187
val,2011-02-21,4.92,4.9002,-0.0198
val,2011-02-22,4.904,4.9067,0.0027
val,2011-02-23,4.9,4.9066,0.0066
val,2011-02-24,4.9,4.9076,0.0076
val,2011-02-25,4.9,4.8985,-0.0015
val,2011-02-26,4.9,4.8934,-0.0066
val,2011-02-27,4.884,4.8855,0.0015
val,2011-02-28,4.88,4.8776,-0.0024
val,2011-03-01,4.88,4.8788,-0.0012
val,2011-03-02,4.87,4.8684,-0.0016
val,2011-03-03,4.86,4.8651,0.0051
val,2011-03-04,4.86,4.8443,-0.0157
val,2011-03-05,4.86,4.8326,-0.0274
val,2011-03-06,4.844,4.8213,-0.0227
val,2011-03-07,4.824,4.8099,-0.0141
val,2011-03-08,4.818,4.7913,-0.0267
val,2011-03-09,4.81,4.7758,-0.0342
val,2011-03-10,4.81,4.7675,-0.0425
val,2011-03-11,4.81,4.7671,-0.0429
val,2011-03-12,4.81,4.771,-0.039
val,2011-03-13,4.81,4.7761,-0.0339
val,2011-03-14,4.852,4.7721,-0.0799
val,2011-03-15,4.9,4.7998,-0.1002
val,2011-03-16,4.9,4.8521,-0.0479
val,2011-03-17,4.9,4.8679,-0.0321
val,2011-03-18,4.89,4.8809,-0.0091
val,2011-03-19,4.87,4.8873,0.0173
val,2011-03-20,4.87,4.8653,-0.0047
val,2011-03-21,4.88,4.854,-0.026
val,2011-03-22,4.88,4.8624,-0.0176
val,2011-03-23,4.848,4.8723,0.0243
val,2011-03-24,4.8,4.8462,0.0462
val,2011-03-25,4.756,4.7925,0.0365
val,2011-03-26,4.72,4.7415,0.0215
val,2011-03-27,4.7,4.7036,0.0036
val,2011-03-28,4.67,4.679,0.009
val,2011-03-29,4.66,4.653,-0.007
val,2011-03-30,4.66,4.6455,-0.0145
val,2011-03-31,4.66,4.6478,-0.0122
val,2011-04-01,4.654,4.646,-0.008
val,2011-04-02,4.6,4.631,0.031
val,2011-04-03,4.6,4.5982,-0.0018
val,2011-04-04,4.616,4.5926,-0.0234
val,2011-04-05,4.782,4.6074,-0.1746
val,2011-04-06,4.796,4.7515,-0.0445
val,2011-04-07,4.78,4.8021,0.0221
val,2011-04-08,4.78,4.7794,-0.0006
val,2011-04-09,4.78,4.7663,-0.0137
val,2011-04-10,4.78,4.7459,-0.0341
val,2011-04-11,4.77,4.7365,-0.0335
val,2011-04-12,4.77,4.7193,-0.0507
val,2011-04-13,4.738,4.7266,-0.0114
val,2011-04-14,4.64,4.7052,0.0652
val,2011-04-15,4.524,4.613,0.089
val,2011-04-16,4.45,4.4978,0.0478
val,2011-04-17,4.404,4.4137,0.0097
val,2011-04-18,4.394,4.3662,-0.0278
val,2011-04-19,4.39,4.3545,-0.0355
val,2011-04-20,4.39,4.3696,-0.0204
val,2011-04-21,4.426,4.3908,-0.0352
val,2011-04-22,4.42,4.4276,0.0076
val,2011-04-23,4.404,4.4278,0.0238
val,2011-04-24,4.5,4.4109,-0.089
val,2011-04-25,4.61,4.477,-0.133
val,2011-04-26,4.67,4.5835,-0.0865
val,2011-04-27,4.686,4.6682,-0.0178
val,2011-04-28,4.69,4.6997,0.0097
val,2011-04-29,4.716,4.7033,-0.0127
val,2011-04-30,4.77,4.7066,-0.0634
val,2011-05-01,4.782,4.7341,-0.0479
val,2011-05-02,4.81,4.7426,-0.0674
val,2011-05-03,4.818,4.7865,-0.0315
val,2011-05-04,4.73,4.8112,0.0812
val,2011-05-05,4.638,4.7371,0.0991
val,2011-05-06,4.56,4.6459,0.0859
val,2011-05-07,4.498,4.5665,0.0685
val,2011-05-08,4.45,4.5048,0.0548
val,2011-05-09,4.43,4.4635,0.0335
val,2011-05-10,4.438,4.4604,0.0224
val,2011-05-11,4.442,4.4892,0.0472
val,2011-05-12,4.5,4.5044,0.0044
val,2011-05-13,4.562,4.5544,-0.0076
val,2011-05-14,4.65,4.6248,-0.0252
val,2011-05-15,4.718,4.7166,-0.0014
val,2011-05-16,4.73,4.7907,0.0607
val,2011-05-17,4.738,4.8111,0.0731
val,2011-05-18,4.752,4.8139,0.0619
val,2011-05-19,4.8,4.81,0.01
val,2011-05-20,4.81,4.8448,0.0348
val,2011-05-21,4.82,4.8629,0.0429
val,2011-05-22,4.866,4.8804,0.0144
val,2011-05-23,4.89,4.9142,0.0242
val,2011-05-24,4.91,4.9247,0.0147
val,2011-05-25,4.92,4.9342,0.0142
val,2011-05-26,4.92,4.9493,0.0293
val,2011-05-27,4.938,4.9663,0.0283
val,2011-05-28,5.012,4.9855,-0.0265
val,2011-05-29,5.128,5.0587,-0.0693
val,2011-05-30,5.21,5.1857,-0.0243
val,2011-05-31,5.24,5.2851,0.0451
val,2011-06-01,5.3,5.3284,0.0284
val,2011-06-02,5.462,5.3837,-0.0783
val,2011-06-03,5.558,5.5525,-0.0055
val,2011-06-04,5.6,5.6586,0.0586
val,2011-06-05,5.58,5.6857,0.1057
val,2011-06-06,5.506,5.6574,0.1514
val,2011-06-07,5.55,5.5587,0.0087
val,2011-06-08,5.768,5.5672,-0.2008
val,2011-06-09,5.9,5.7877,-0.1123
val,2011-06-10,5.98,5.9604,-0.0196
val,2011-06-11,6.044,6.0421,-0.0019
val,2011-06-12,6.07,6.0902,0.0202
val,2011-06-13,6.1,6.0964,-0.0036
val,2011-06-14,6.1,6.0971,-0.0029
val,2011-06-15,6.066,6.0844,0.0184
val,2011-06-16,6.04,6.0749,0.0349
val,2011-06-17,6.158,6.0768,-0.0812
val,2011-06-18,6.346,6.2201,-0.1259
val,2011-06-19,6.414,6.4567,0.0427
val,2011-06-20,6.458,6.5559,0.0979
val,2011-06-21,6.47,6.6061,0.1361
val,2011-06-22,6.48,6.6311,0.1511
val,2011-06-23,6.848,6.6975,-0.1505
val,2011-06-24,7.05,7.1291,0.0791
val,2011-06-25,7.1,7.4001,0.3001
val,2011-06-26,7.182,7.4508,0.2688
val,2011-06-27,7.984,7.5272,-0.4568
val,2011-06-28,8.8,8.399,-0.401
val,2011-06-29,9.16,9.3419,0.1819
val,2011-06-30,9.214,9.6998,0.4858
val,2011-07-01,9.27,9.6952,0.4252
val,2011-07-02,9.43,9.6596,0.2296
val,2011-07-03,9.928,9.7345,-0.1935
val,2011-07-04,10.586,10.2175,-0.3685
val,2011-07-05,11.156,10.9367,-0.2193
val,2011-07-06,11.45,11.5335,0.0835
val,2011-07-07,11.764,11.7459,-0.0181
val,2011-07-08,11.95,11.8986,-0.0514
val,2011-07-09,11.974,11.9508,-0.0232
val,2011-07-10,11.604,11.8796,0.2756
val,2011-07-11,11.552,11.514,-0.038
val,2011-07-12,11.414,11.441,0.027
val,2011-07-13,11.276,11.4311,0.1551
val,2011-07-14,11.164,11.3432,0.1792
val,2011-07-15,11.046,11.2682,0.2222
val,2011-07-16,11.01,11.1403,0.1303
val,2011-07-17,11.01,11.063,0.053
val,2011-07-18,10.976,11.0145,0.0385
val,2011-07-19,10.97,10.9791,0.0091
val,2011-07-20,10.996,10.9983,0.0023
val,2011-07-21,11.216,11.0322,-0.1838
val,2011-07-22,11.346,11.3249,-0.0211
val,2011-07-23,11.502,11.5193,0.0173
val,2011-07-24,11.676,11.7117,0.0357
val,2011-07-25,11.768,11.8517,0.0837
val,2011-07-26,11.826,11.8882,0.0622
val,2011-07-27,11.85,11.8754,0.0254
val,2011-07-28,11.878,11.8464,-0.0316
val,2011-07-29,12.02,11.8887,-0.1313
val,2011-07-30,12.11,12.0751,-0.0349
val,2011-07-31,12.274,12.177,-0.097
val,2011-08-01,12.352,12.3024,-0.0496
val,2011-08-02,12.4,12.3179,-0.0821
val,2011-08-03,12.48,12.3298,-0.1502
val,2011-08-04,12.544,12.4315,-0.1125
val,2011-08-05,12.54,12.5441,0.0041
val,2011-08-06,12.378,12.5709,0.1929
val,2011-08-07,12.248,12.4065,0.1585
val,2011-08-08,12.166,12.2987,0.1327
val,2011-08-09,12.116,12.2362,0.1202
val,2011-08-10,12.17,12.2001,0.0301
val,2011-08-11,12.25,12.2905,0.0405
val,2011-08-12,12.372,12.4194,0.0474
val,2011-08-13,12.504,12.5624,0.0584
val,2011-08-14,12.524,12.6841,0.1601
val,2011-08-15,12.544,12.6817,0.1377
val,2011-08-16,12.57,12.6422,0.0722
val,2011-08-17,12.584,12.6335,0.0495
val,2011-08-18,12.628,12.6194,-0.0086
val,2011-08-19,12.664,12.6601,-0.0039
val,2011-08-20,12.758,12.7054,-0.0526
val,2011-08-21,12.86,12.8032,-0.0568
val,2011-08-22,12.88,12.8923,0.0123
val,2011-08-23,12.854,12.921,0.067
val,2011-08-24,12.802,12.8482,0.0462
val,2011-08-25,12.764,12.7678,0.0038
val,2011-08-26,12.734,12.6715,-0.0625
val,2011-08-27,12.674,12.6112,-0.0628
val,2011-08-28,12.616,12.5392,-0.0768
val,2011-08-29,12.576,12.4818,-0.0942
val,2011-08-30,12.56,12.468,-0.092
val,2011-08-31,12.516,12.4895,-0.0265
val,2011-09-01,12.466,12.4558,-0.0102
val,2011-09-02,12.44,12.4089,-0.0311
val,2011-09-03,12.416,12.366,-0.05
val,2011-09-04,12.38,12.3225,-0.0575
val,2011-09-05,12.332,12.3178,-0.0142
val,2011-09-06,12.28,12.2948,0.0148
val,2011-09-07,12.234,12.253,0.019
val,2011-09-08,12.186,12.195,0.009
val,2011-09-09,12.13,12.1285,-0.0015
val,2011-09-10,12.08,12.0934,0.0134
val,2011-09-11,12.012,12.0613,0.0493
val,2011-09-12,11.954,11.9877,0.0337
val,2011-09-13,11.974,11.9394,-0.0346
val,2011-09-14,12.128,11.9824,-0.1456
val,2011-09-15,12.196,12.1716,-0.0244
val,2011-09-16,12.292,12.267,-0.025
val,2011-09-17,12.406,12.3726,-0.0334
val,2011-09-18,12.38,12.4876,0.1076
val,2011-09-19,12.326,12.4482,0.1222
val,2011-09-20,12.3,12.3484,0.0484
val,2011-09-21,12.34,12.2749,-0.0651
val,2011-09-22,12.42,12.3201,-0.0999
val,2011-09-23,12.478,12.4412,-0.0368
val,2011-09-24,12.53,12.5384,0.0084
val,2011-09-25,12.508,12.6071,0.0991
val,2011-09-26,12.454,12.5821,0.1281
val,2011-09-27,12.446,12.4934,0.0474
val,2011-09-28,12.54,12.4283,-0.1117
val,2011-09-29,12.628,12.4939,-0.1341
val,2011-09-30,12.69,12.5776,-0.1124
val,2011-10-01,12.866,12.6436,-0.2224
val,2011-10-02,12.918,12.7844,-0.1336
val,2011-10-03,12.83,12.8135,-0.0165
val,2011-10-04,12.752,12.6845,-0.0675
val,2011-10-05,12.678,12.5504,-0.1276
val,2011-10-06,12.592,12.4325,-0.1595
val,2011-10-07,12.526,12.3321,-0.1939
val,2011-10-08,12.44,12.2686,-0.1714
val,2011-10-09,12.318,12.2253,-0.0927
val,2011-10-10,12.152,12.1311,-0.0209
val,2011-10-11,12.034,11.9578,-0.0762
val,2011-10-12,11.94,11.8062,-0.1338
val,2011-10-13,11.856,11.693,-0.163
val,2011-10-14,11.77,11.5952,-0.1748
val,2011-10-15,11.65,11.516,-0.134
val,2011-10-16,11.562,11.4339,-0.1281
val,2011-10-17,11.488,11.3699,-0.1181
val,2011-10-18,11.41,11.3096,-0.1004
val,2011-10-19,11.306,11.2494,-0.0566
val,2011-10-20,11.222,11.1571,-0.0649
val,2011-10-21,11.15,11.0767,-0.0733
val,2011-10-22,11.074,11.0114,-0.0626
val,2011-10-23,10.99,10.9367,-0.0533
val,2011-10-24,10.92,10.8502,-0.0698
val,2011-10-25,10.814,10.7814,-0.0326
val,2011-10-26,10.678,10.6789,0.0009
val,2011-10-27,10.518,10.5403,0.0223
val,2011-10-28,10.376,10.3678,-0.0082
val,2011-10-29,10.222,10.2156,-0.0064
val,2011-10-30,10.098,10.0613,-0.0367
val,2011-10-31,9.9,9.9402,0.0402
val,2011-11-01,9.758,9.7652,0.0072
val,2011-11-02,9.6,9.6452,0.0452
val,2011-11-03,9.45,9.4958,0.0458
val,2011-11-04,9.294,9.343,0.049
val,2011-11-05,9.1,9.1969,0.0969
val,2011-11-06,9.044,9.0166,-0.0274
val,2011-11-07,8.96,8.9587,-0.0013
val,2011-11-08,8.8,8.8947,0.0947
val,2011-11-09,8.67,8.7536,0.0836
val,2011-11-10,8.52,8.6147,0.0947
val,2011-11-11,8.348,8.4522,0.1042
val,2011-11-12,8.16,8.2658,0.1058
val,2011-11-13,8.1,8.0656,-0.0344
val,2011-11-14,8.15,7.9884,-0.1616
val,2011-11-15,8.08,8.0305,-0.0495
val,2011-11-16,8.01,7.9941,-0.0159
val,2011-11-17,7.924,7.935,0.011
val,2011-11-18,7.872,7.8524,-0.0196
val,2011-11-19,7.84,7.7832,-0.0568
val,2011-11-20,7.842,7.7342,-0.1078
val,2011-11-21,7.866,7.7484,-0.1176
val,2011-11-22,7.848,7.8081,-0.0399
val,2011-11-23,7.812,7.8134,0.0014
val,2011-11-24,7.766,7.7821,0.0161
val,2011-11-25,7.724,7.726,0.002
val,2011-11-26,7.57,7.6666,0.0966
val,2011-11-27,7.548,7.5119,-0.0361
val,2011-11-28,7.524,7.4696,-0.0544
val,2011-11-29,7.464,7.4726,0.0086
val,2011-11-30,7.39,7.4345,0.0445
val,2011-12-01,7.292,7.3717,0.0797
val,2011-12-02,7.258,7.2803,0.0223
val,2011-12-03,7.232,7.2337,0.0017
val,2011-12-04,7.224,7.1941,-0.0299
val,2011-12-05,7.214,7.1919,-0.0221
val,2011-12-06,7.2,7.2041,0.0041
val,2011-12-07,7.184,7.2091,0.0251
val,2011-12-08,7.16,7.2022,0.0422
val,2011-12-09,7.012,7.1738,0.1618
val,2011-12-10,6.932,7.0349,0.1029
val,2011-12-11,7.034,6.9229,-0.1111
val,2011-12-12,6.964,6.9956,0.0316
val,2011-12-13,6.872,6.952,0.08
val,2011-12-14,6.84,6.8563,0.0163
val,2011-12-15,6.82,6.8131,-0.0069
val,2011-12-16,6.81,6.7848,-0.0252
val,2011-12-17,6.81,6.7561,-0.0539
val,2011-12-18,6.796,6.7436,-0.0524
val,2011-12-19,6.74,6.7497,0.0097
val,2011-12-20,6.67,6.7036,0.0336
val,2011-12-21,6.642,6.6267,-0.0153
val,2011-12-22,6.596,6.5893,-0.0067
val,2011-12-23,6.552,6.5494,-0.0026
val,2011-12-24,6.486,6.5027,0.0167
val,2011-12-25,6.47,6.4436,-0.0264
val,2011-12-26,6.454,6.4344,-0.0196
val,2011-12-27,6.416,6.4183,0.0023
val,2011-12-28,6.33,6.3747,0.0447
val,2011-12-29,6.31,6.2975,-0.0125
val,2011-12-30,6.284,6.2653,-0.0187
val,2011-12-31,6.248,6.2392,-0.0088
val,2012-01-01,6.22,6.1945,-0.0255
val,2012-01-02,6.2,6.1751,-0.0249
val,2012-01-03,6.18,6.1651,-0.0149
val,2012-01-04,6.16,6.1347,-0.0253
val,2012-01-05,6.14,6.1229,-0.0171
val,2012-01-06,6.12,6.1041,-0.0159
val,2012-01-07,6.08,6.0834,0.0034
val,2012-01-08,6.06,6.053,-0.007
val,2012-01-09,6.05,6.0571,0.0071
val,2012-01-10,6.05,6.0531,0.0031
val,2012-01-11,6.004,6.0538,0.0498
val,2012-01-12,5.964,6.012,0.048
val,2012-01-13,5.97,5.9635,-0.0065
val,2012-01-14,5.98,5.9577,-0.0223
test,2012-05-14,4.54,4.5427,0.0027
test,2012-05-15,4.53,4.5262,-0.0038
test,2012-05-16,4.49,4.5364,0.0464
test,2012-05-17,4.48,4.5227,0.0427
test,2012-05-18,4.45,4.5168,0.0668
test,2012-05-19,4.424,4.4997,0.0757
test,2012-05-20,4.45,4.4673,0.0173
test,2012-05-21,4.45,4.4775,0.0275
test,2012-05-22,4.462,4.4852,0.0232
test,2012-05-23,4.58,4.5081,-0.0719
test,2012-05-24,4.81,4.6186,-0.1914
test,2012-05-25,4.88,4.8506,-0.0294
test,2012-05-26,4.888,4.9577,0.0697
test,2012-05-27,4.838,4.963,0.125
test,2012-05-28,4.788,4.905,0.117
test,2012-05-29,4.75,4.8308,0.0808
test,2012-05-30,4.7,4.7728,0.0728
test,2012-05-31,4.67,4.7308,0.0608
test,2012-06-01,4.644,4.731,0.087
test,2012-06-02,4.686,4.727,0.041
test,2012-06-03,4.734,4.7813,0.0473
test,2012-06-04,4.88,4.8471,-0.0329
test,2012-06-05,5.082,4.9793,-0.1027
test,2012-06-06,5.32,5.1803,-0.1397
test,2012-06-07,5.578,5.4297,-0.1483
test,2012-06-08,5.69,5.7159,0.0259
test,2012-06-09,5.796,5.8406,0.0446
test,2012-06-10,6.036,5.9309,-0.1051
test,2012-06-11,6.248,6.1435,-0.1045
test,2012-06-12,6.304,6.3477,0.0437
test,2012-06-13,6.23,6.3801,0.1501
test,2012-06-14,6.13,6.2678,0.1378
test,2012-06-15,5.99,6.1385,0.1485
test,2012-06-16,6.002,5.9694,-0.0326
test,2012-06-17,6.18,5.9708,-0.2092
test,2012-06-18,6.346,6.1888,-0.1572
test,2012-06-19,6.562,6.4249,-0.1371
test,2012-06-20,6.814,6.6818,-0.1322
test,2012-06-21,6.898,6.9534,0.0554
test,2012-06-22,6.832,7.0227,0.1907
test,2012-06-23,6.786,6.8715,0.0855
test,2012-06-24,6.78,6.7836,0.0036
test,2012-06-25,6.784,6.8299,0.0459
test,2012-06-26,6.876,6.9434,0.0674
test,2012-06-27,7.294,7.1017,-0.1923
test,2012-06-28,7.552,7.6055,0.0535
test,2012-06-29,7.932,7.8742,-0.0578
test,2012-06-30,8.26,8.1674,-0.0926
test,2012-07-01,8.52,8.412,-0.108
test,2012-07-02,8.604,8.5679,-0.0361
test,2012-07-03,8.672,8.5821,-0.0899
test,2012-07-04,8.59,8.5551,-0.0349
test,2012-07-05,8.42,8.4576,0.0376
test,2012-07-06,8.262,8.2904,0.0284
test,2012-07-07,8.24,8.1936,-0.0464
test,2012-07-08,8.298,8.2716,-0.0264
test,2012-07-09,8.33,8.436,0.106
test,2012-07-10,8.408,8.5157,0.1077
test,2012-07-11,8.454,8.6433,0.1893
test,2012-07-12,8.478,8.7515,0.2735
test,2012-07-13,8.562,8.7617,0.1997
test,2012-07-14,8.946,8.856,-0.09
test,2012-07-15,9.298,9.3142,0.0162
test,2012-07-16,9.668,9.7371,0.0691
test,2012-07-17,9.942,10.1333,0.1913
test,2012-07-18,10.354,10.3728,0.0188
test,2012-07-19,10.65,10.7,0.05
test,2012-07-20,10.86,10.9234,0.0634
test,2012-07-21,10.942,11.0743,0.1323
test,2012-07-22,11.04,11.103,0.063
test,2012-07-23,11.11,11.1399,0.0299
test,2012-07-24,11.13,11.151,0.021
test,2012-07-25,11.002,11.0971,0.0951
test,2012-07-26,10.992,10.9833,-0.0087
test,2012-07-27,11.106,10.9432,-0.1628
test,2012-07-28,11.13,11.0985,-0.0315
test,2012-07-29,11.278,11.1355,-0.1425
test,2012-07-30,11.318,11.3294,0.0114
test,2012-07-31,11.35,11.4061,0.0561
test,2012-08-01,11.36,11.4446,0.0846
test,2012-08-02,11.398,11.4573,0.0593
test,2012-08-03,11.448,11.5197,0.0717
test,2012-08-04,11.454,11.611,0.157
test,2012-08-05,11.376,11.6418,0.2658
test,2012-08-06,11.45,11.5893,0.1393
test,2012-08-07,11.57,11.6737,0.1037
test,2012-08-08,11.702,11.818,0.116
test,2012-08-09,11.836,11.9208,0.0848
test,2012-08-10,11.96,12.0043,0.0443
test,2012-08-11,12.038,12.1297,0.0917
test,2012-08-12,12.05,12.1535,0.1035
test,2012-08-13,11.922,12.098,0.176
test,2012-08-14,11.764,11.9059,0.1419
test,2012-08-15,11.728,11.6922,-0.0358
test,2012-08-16,11.69,11.6293,-0.0607
test,2012-08-17,11.68,11.6207,-0.0593
test,2012-08-18,11.674,11.6515,-0.0225
test,2012-08-19,11.64,11.6764,0.0364
test,2012-08-20,11.616,11.6349,0.0189
test,2012-08-21,11.562,11.5972,0.0352
test,2012-08-22,11.484,11.5193,0.0353
test,2012-08-23,11.342,11.4741,0.1321
test,2012-08-24,11.29,11.3544,0.0644
test,2012-08-25,11.23,11.3512,0.1212
test,2012-08-26,11.212,11.3466,0.1346
test,2012-08-27,11.254,11.3483,0.0943
test,2012-08-28,11.346,11.4054,0.0594
test,2012-08-29,11.462,11.5385,0.0765
test,2012-08-30,11.58,11.6643,0.0843
test,2012-08-31,11.68,11.7233,0.0433
test,2012-09-01,11.83,11.7523,-0.0777
test,2012-09-02,11.876,11.8835,0.0075
test,2012-09-03,11.93,11.9038,-0.0262
test,2012-09-04,11.936,11.907,-0.029
test,2012-09-05,11.88,11.8666,-0.0134
test,2012-09-06,11.808,11.7847,-0.0233
test,2012-09-07,11.72,11.6732,-0.0468
test,2012-09-08,11.65,11.5685,-0.0815
test,2012-09-09,11.582,11.5345,-0.0475
test,2012-09-10,11.526,11.4905,-0.0355
test,2012-09-11,11.42,11.4493,0.0293
test,2012-09-12,11.27,11.3389,0.0689
test,2012-09-13,11.08,11.1757,0.0957
test,2012-09-14,11.03,10.9553,-0.0747
test,2012-09-15,11.016,10.8986,-0.1174
test,2012-09-16,11.06,10.9519,-0.1081
test,2012-09-17,11.33,11.0855,-0.2445
test,2012-09-18,11.612,11.4771,-0.1349
test,2012-09-19,11.83,11.8611,0.0311
test,2012-09-20,12.03,12.0714,0.0414
test,2012-09-21,12.26,12.2376,-0.0224
test,2012-09-22,12.408,12.4343,0.0263
test,2012-09-23,12.528,12.5009,-0.0271
test,2012-09-24,12.62,12.5198,-0.1002
test,2012-09-25,12.688,12.5398,-0.1482
test,2012-09-26,12.7,12.5294,-0.1706
test,2012-09-27,12.7,12.47,-0.23
test,2012-09-28,12.664,12.4001,-0.2639
test,2012-09-29,12.6,12.3378,-0.2622
test,2012-09-30,12.42,12.2548,-0.1652
test,2012-10-01,11.934,12.0819,0.1479
test,2012-10-02,11.592,11.6501,0.0581
test,2012-10-03,11.32,11.297,-0.023
test,2012-10-04,11.128,11.0433,-0.0847
test,2012-10-05,10.992,10.8937,-0.0983
test,2012-10-06,10.872,10.8345,-0.0375
test,2012-10-07,10.73,10.7924,0.0624
test,2012-10-08,10.572,10.6967,0.1247
test,2012-10-09,10.388,10.5175,0.1295
test,2012-10-10,10.33,10.3149,-0.0151
test,2012-10-11,10.364,10.2535,-0.1105
test,2012-10-12,10.26,10.3129,0.0529
test,2012-10-13,10.14,10.238,0.098
test,2012-10-14,9.95,10.1142,0.1642
test,2012-10-15,9.808,9.9151,0.1071
test,2012-10-16,9.65,9.7111,0.0611
test,2012-10-17,9.44,9.5015,0.0615
test,2012-10-18,9.352,9.2756,-0.0764
test,2012-10-19,9.242,9.1717,-0.0703
test,2012-10-20,9.08,9.0612,-0.0188
test,2012-10-21,8.926,8.8923,-0.0337
test,2012-10-22,8.83,8.7208,-0.1092
test,2012-10-23,8.74,8.6232,-0.1168
test,2012-10-24,8.654,8.5438,-0.1102
test,2012-10-25,8.52,8.4697,-0.0503
test,2012-10-26,8.34,8.3837,0.0437
test,2012-10-27,8.29,8.2426,-0.0474
test,2012-10-28,8.25,8.1973,-0.0527
test,2012-10-29,8.172,8.1775,0.0055
test,2012-10-30,8.102,8.132,0.03
test,2012-10-31,8.064,8.0889,0.0249
test,2012-11-01,8.002,8.0552,0.0532
test,2012-11-02,7.924,7.9935,0.0695
test,2012-11-03,7.878,7.8934,0.0154
test,2012-11-04,7.85,7.8329,-0.0171
test,2012-11-05,7.898,7.7973,-0.1007
test,2012-11-06,7.856,7.8396,-0.0164
test,2012-11-07,7.762,7.8183,0.0563
test,2012-11-08,7.72,7.737,0.017
test,2012-11-09,7.72,7.6839,-0.0361
test,2012-11-10,7.744,7.6668,-0.0772
test,2012-11-11,7.74,7.691,-0.049
test,2012-11-12,7.746,7.6994,-0.0466
test,2012-11-13,7.74,7.7154,-0.0246
test,2012-11-14,7.73,7.7047,-0.0253
test,2012-11-15,7.716,7.68,-0.036
test,2012-11-16,7.71,7.6509,-0.0591
test,2012-11-17,7.694,7.6324,-0.0616
test,2012-11-18,7.648,7.6212,-0.0268
test,2012-11-19,7.63,7.5832,-0.0468
test,2012-11-20,7.58,7.573,-0.007
test,2012-11-21,7.422,7.5308,0.1088
test,2012-11-22,7.352,7.3755,0.0235
test,2012-11-23,7.34,7.2843,-0.0557
test,2012-11-24,7.334,7.2723,-0.0617
test,2012-11-25,7.256,7.2798,0.0238
test,2012-11-26,7.216,7.217,0.001
test,2012-11-27,7.18,7.1801,0.0001
test,2012-11-28,7.12,7.1497,0.0297
test,2012-11-29,7.04,7.0768,0.0368
test,2012-11-30,6.98,6.9876,0.0076
test,2012-12-01,6.904,6.9304,0.0264
test,2012-12-02,6.824,6.8709,0.0469
test,2012-12-03,6.784,6.7866,0.0026
test,2012-12-04,6.742,6.7406,-0.0014
test,2012-12-05,6.63,6.702,0.072
test,2012-12-06,6.698,6.5929,-0.1051
test,2012-12-07,6.606,6.6255,0.0195
test,2012-12-08,6.526,6.563,0.037
test,2012-12-09,6.51,6.4766,-0.0334
test,2012-12-10,6.51,6.4439,-0.0661
test,2012-12-11,6.498,6.4411,-0.0569
test,2012-12-12,6.442,6.4385,-0.0035
test,2012-12-13,6.41,6.3923,-0.0177
test,2012-12-14,6.342,6.3685,0.0265
test,2012-12-15,6.298,6.3107,0.0127
test,2012-12-16,6.28,6.2553,-0.0247
test,2012-12-17,6.144,6.233,0.089
test,2012-12-18,6.12,6.127,0.007
test,2012-12-19,6.11,6.089,-0.021
test,2012-12-20,6.094,6.0723,-0.0217
test,2012-12-21,6.07,6.0693,-0.0007
test,2012-12-22,6.036,6.0477,0.0117
test,2012-12-23,6.006,6.0109,0.0049
test,2012-12-24,5.966,5.9837,0.0177
test,2012-12-25,5.924,5.9383,0.0143
test,2012-12-26,5.884,5.9005,0.0165
test,2012-12-27,5.85,5.8626,0.0126
test,2012-12-28,5.804,5.8322,0.0282
test,2012-12-29,5.722,5.7921,0.0701
test,2012-12-30,5.684,5.7185,0.0345
test,2012-12-31,5.66,5.6731,0.0131
test,2013-01-01,5.65,5.6365,-0.0135
test,2013-01-02,5.64,5.6123,-0.0277
test,2013-01-03,5.63,5.6038,-0.0262
test,2013-01-04,5.618,5.6065,-0.0115
test,2013-01-05,5.588,5.6006,0.0126
test,2013-01-06,5.558,5.5759,0.0179
test,2013-01-07,5.444,5.5479,0.1039
test,2013-01-08,5.388,5.458,0.07
test,2013-01-09,5.312,5.39,0.078
test,2013-01-10,5.268,5.3143,0.0463
test,2013-01-11,5.24,5.2629,0.0229
test,2013-01-12,5.23,5.2348,0.0048
test,2013-01-13,5.198,5.219,0.021
test,2013-01-14,5.148,5.1962,0.0482
test,2013-01-15,5.094,5.1504,0.0564
test,2013-01-16,4.992,5.0998,0.1078
test,2013-01-17,4.992,5.0086,0.0166
test,2013-01-18,4.94,4.9714,0.0314
test,2013-01-19,4.932,4.9472,0.0152
test,2013-01-20,4.99,4.9339,-0.0561
test,2013-01-21,5.024,4.9738,-0.0502
test,2013-01-22,5.04,5.0303,-0.0097
test,2013-01-23,5.008,5.0476,0.0396
test,2013-01-24,4.96,5.0149,0.0549
test,2013-01-25,4.926,4.9792,0.0532
test,2013-01-26,4.89,4.9654,0.0754
test,2013-01-27,4.87,4.9304,0.0604
test,2013-01-28,4.854,4.9036,0.0496
test,2013-01-29,4.85,4.8785,0.0285
test,2013-01-30,4.87,4.8629,-0.0071
test,2013-01-31,4.87,4.8657,-0.0043
test,2013-02-01,4.88,4.8754,-0.0046
test,2013-02-02,4.89,4.8903,0.0003
test,2013-02-03,4.9,4.9023,0.0023
test,2013-02-04,4.9,4.9047,0.0047
test,2013-02-05,4.896,4.8973,0.0013
test,2013-02-06,4.968,4.8986,-0.0694
test,2013-02-07,5.068,4.9415,-0.1265
test,2013-02-08,5.06,5.0282,-0.0318
test,2013-02-09,5.038,5.0574,0.0194
test,2013-02-10,4.958,5.0398,0.0818
test,2013-02-11,4.92,4.9596,0.0396
test,2013-02-12,4.92,4.9067,-0.0133
test,2013-02-13,4.904,4.909,0.005
test,2013-02-14,4.9,4.9025,0.0025
test,2013-02-15,4.89,4.9006,0.0106
test,2013-02-16,4.87,4.8959,0.0259
test,2013-02-17,4.85,4.9592,0.1092
test,2013-02-18,4.88,4.9215,0.0415
test,2013-02-19,4.852,4.9067,0.0547
test,2013-02-20,4.802,4.917,0.115
test,2013-02-21,4.78,4.8703,0.0903
test,2013-02-22,4.77,4.8367,0.0667
test,2013-02-23,4.77,4.8204,0.0504
test,2013-02-24,4.772,4.8346,0.0626
test,2013-02-25,5.09,4.8265,-0.2635
test,2013-02-26,5.236,5.0459,-0.1901
test,2013-02-27,5.316,5.2268,-0.0892
test,2013-02-28,5.382,5.3078,-0.0742
test,2013-03-01,5.416,5.3706,-0.0454
test,2013-03-02,5.486,5.4041,-0.0819
test,2013-03-03,5.534,5.5084,-0.0256
test,2013-03-04,5.654,5.5408,-0.1132
test,2013-03-05,5.648,5.6536,0.0056
test,2013-03-06,5.54,5.6623,0.1223
test,2013-03-07,5.494,5.5523,0.0583
test,2013-03-08,5.49,5.4844,-0.0056
test,2013-03-09,5.472,5.4524,-0.0196
test,2013-03-10,5.414,5.4232,0.0092
test,2013-03-11,5.32,5.3537,0.0337
test,2013-03-12,5.248,5.2894,0.0414
test,2013-03-13,5.214,5.2244,0.0104
test,2013-03-14,5.21,5.1806,-0.0294
test,2013-03-15,5.22,5.1692,-0.0508
test,2013-03-16,5.23,5.1905,-0.0395
test,2013-03-17,5.21,5.2174,0.0074
test,2013-03-18,5.15,5.2199,0.0699
test,2013-03-19,5.05,5.1933,0.1433
test,2013-03-20,4.978,5.093,0.115
test,2013-03-21,4.946,4.9926,0.0466
test,2013-03-22,4.924,4.9346,0.0106
test,2013-03-23,4.854,4.905,0.051
test,2013-03-24,4.778,4.8506,0.0726
test,2013-03-25,4.728,4.7784,0.0504
test,2013-03-26,4.684,4.712,0.028
test,2013-03-27,4.628,4.6434,0.0154
test,2013-03-28,4.588,4.5766,-0.0114
test,2013-03-29,4.55,4.5362,-0.0138
test,2013-03-30,4.536,4.5052,-0.0308
test,2013-03-31,4.53,4.4957,-0.0343
test,2013-04-01,4.53,4.4977,-0.0323
test,2013-04-02,4.53,4.4929,-0.0371
test,2013-04-03,4.53,4.4998,-0.0302
test,2013-04-04,4.52,4.5054,-0.0146
test,2013-04-05,4.51,4.5103,0.0003
test,2013-04-06,4.5,4.5151,0.0151
test,2013-04-07,4.49,4.5036,0.0136
test,2013-04-08,4.48,4.4856,0.0056
test,2013-04-09,4.48,4.4732,-0.0068
test,2013-04-10,4.48,4.4728,-0.0072
test,2013-04-11,4.504,4.4708,-0.0332
test,2013-04-12,4.5,4.4856,-0.0144
test,2013-04-13,4.49,4.491,0.001
test,2013-04-14,4.48,4.4893,0.0093
test,2013-04-15,4.47,4.4806,0.0106
test,2013-04-16,4.47,4.475,0.005
test,2013-04-17,4.47,4.4788,0.0088
test,2013-04-18,4.47,4.4762,0.0062
test,2013-04-19,4.47,4.4747,0.0047
test,2013-04-20,4.47,4.4744,0.0044
test,2013-04-21,4.47,4.4763,0.0063
test,2013-04-22,4.47,4.4854,0.0154
test,2013-04-23,4.47,4.4802,0.0102
test,2013-04-24,4.48,4.4827,0.0027
test,2013-04-25,4.49,4.4945,0.0045
test,2013-04-26,4.5,4.5068,0.0068
test,2013-04-27,4.52,4.5191,-0.0009
test,2013-04-28,4.55,4.5426,-0.0074
test,2013-04-29,4.57,4.5834,0.0134
test,2013-04-30,4.57,4.6097,0.0397
test,2013-05-01,4.58,4.612,0.032
test,2013-05-02,4.59,4.6097,0.0197
test,2013-05-03,4.6,4.6353,0.0353
test,2013-05-04,4.61,4.6556,0.0456
test,2013-05-05,4.61,4.6625,0.0525
test,2013-05-06,4.63,4.6602,0.0302
test,2013-05-07,4.65,4.6689,0.0189
test,2013-05-08,4.65,4.6772,0.0272
test,2013-05-09,4.65,4.6712,0.0212
test,2013-05-10,4.67,4.6682,-0.0018
test,2013-05-11,4.75,4.6809,-0.0691
test,2013-05-12,4.87,4.751,-0.119
test,2013-05-13,4.95,4.8659,-0.0841
test,2013-05-14,4.96,4.9544,-0.0056
test,2013-05-15,4.918,4.971,0.053
test,2013-05-16,4.89,4.9218,0.0318
test,2013-05-17,4.874,4.8791,0.0051
test,2013-05-18,4.838,4.85,0.012
test,2013-05-19,4.8,4.8216,0.0216
test,2013-05-20,4.81,4.8018,-0.0082
test,2013-05-21,4.916,4.8269,-0.0891
test,2013-05-22,4.92,4.9455,0.0255
test,2013-05-23,4.926,4.9714,0.0454
test,2013-05-24,4.968,4.9756,0.0076
test,2013-05-25,5.03,5.022,-0.008
test,2013-05-26,5.04,5.0878,0.0478
test,2013-05-27,5.04,5.112,0.072
test,2013-05-28,5.04,5.1221,0.0821
test,2013-05-29,5.032,5.1322,0.1002
test,2013-05-30,5.086,5.1182,0.0322
test,2013-05-31,5.28,5.1698,-0.1102
test,2013-06-01,5.726,5.3724,-0.3536
test,2013-06-02,6.058,5.8358,-0.2222
test,2013-06-03,6.06,6.2187,0.1587
test,2013-06-04,6.05,6.2136,0.1636
test,2013-06-05,6.648,6.1339,-0.5141
test,2013-06-06,6.66,6.7232,0.0632
test,2013-06-07,6.594,6.7607,0.1667
test,2013-06-08,6.452,6.6247,0.1727
test,2013-06-09,6.92,6.4747,-0.4453
test,2013-06-10,7.04,6.9764,-0.0636
test,2013-06-11,7.138,7.1288,-0.0092
test,2013-06-12,7.228,7.1463,-0.0817
test,2013-06-13,7.26,7.3337,0.0737
test,2013-06-14,7.234,7.3433,0.1093
test,2013-06-15,7.06,7.2652,0.2052
test,2013-06-16,6.94,7.0014,0.0614
test,2013-06-17,6.732,6.9446,0.2126
test,2013-06-18,6.722,6.9064,0.1844
test,2013-06-19,6.698,6.9476,0.2496
test,2013-06-20,6.69,7.0225,0.3325
test,2013-06-21,6.692,7.0726,0.3806
test,2013-06-22,6.942,7.0636,0.1216
test,2013-06-23,7.49,7.2594,-0.2306
test,2013-06-24,8.324,7.8905,-0.4335
test,2013-06-25,9.072,8.8629,-0.2091
test,2013-06-26,9.52,9.6459,0.1259
test,2013-06-27,9.82,9.9516,0.1316
test,2013-06-28,10.062,10.0559,-0.0061
test,2013-06-29,10.16,10.154,-0.006
test,2013-06-30,10.19,10.1949,0.0049
test,2013-07-01,10.302,10.2389,-0.0631
test,2013-07-02,10.536,10.418,-0.118
test,2013-07-03,10.872,10.7151,-0.1569
test,2013-07-04,11.15,11.0757,-0.0743
test,2013-07-05,11.35,11.2979,-0.0521
test,2013-07-06,11.48,11.4087,-0.0713
test,2013-07-07,11.56,11.4579,-0.1021
test,2013-07-08,11.582,11.519,-0.063
test,2013-07-09,11.642,11.5406,-0.1014
test,2013-07-10,11.772,11.6507,-0.1213
test,2013-07-11,11.896,11.8575,-0.0385
test,2013-07-12,12.03,12.0607,0.0307
test,2013-07-13,12.11,12.2005,0.0905
test,2013-07-14,12.18,12.2608,0.0808
test,2013-07-15,12.3,12.301,0.001
test,2013-07-16,12.23,12.3788,0.1488
test,2013-07-17,12.174,12.3268,0.1528
test,2013-07-18,12.12,12.2519,0.1319
test,2013-07-19,12.022,12.1355,0.1135
test,2013-07-20,11.962,11.9467,-0.0153
test,2013-07-21,11.94,11.8984,-0.0416
test,2013-07-22,11.942,11.8362,-0.1058
test,2013-07-23,12.0,11.8607,-0.1393
test,2013-07-24,12.06,11.9452,-0.1148
test,2013-07-25,12.11,12.0255,-0.0845
test,2013-07-26,12.158,12.0999,-0.0581
test,2013-07-27,12.194,12.1971,0.0031
test,2013-07-28,12.22,12.274,0.054
test,2013-07-29,12.282,12.3352,0.0532
test,2013-07-30,12.4,12.3926,-0.0074
test,2013-07-31,12.41,12.4684,0.0584
test,2013-08-01,12.41,12.4275,0.0175
test,2013-08-02,12.41,12.4263,0.0163
test,2013-08-03,12.43,12.4566,0.0266
test,2013-08-04,12.45,12.4842,0.0342
test,2013-08-05,12.502,12.5006,-0.0014
test,2013-08-06,12.56,12.5335,-0.0265
test,2013-08-07,12.602,12.5976,-0.0044
test,2013-08-08,12.668,12.634,-0.034
test,2013-08-09,12.728,12.6912,-0.0368
test,2013-08-10,12.778,12.7572,-0.0208
test,2013-08-11,12.828,12.8122,-0.0158
test,2013-08-12,12.84,12.8702,0.0302
test,2013-08-13,12.874,12.9019,0.0279
test,2013-08-14,12.9,12.9421,0.0421
test,2013-08-15,12.86,12.9723,0.1123
test,2013-08-16,12.808,12.9256,0.1176
test,2013-08-17,12.762,12.8365,0.0745
test,2013-08-18,12.694,12.7514,0.0574
test,2013-08-19,12.692,12.6862,-0.0058
test,2013-08-20,12.758,12.7048,-0.0532
test,2013-08-21,12.828,12.7835,-0.0445
test,2013-08-22,12.888,12.8606,-0.0274
test,2013-08-23,12.94,12.9282,-0.0118
test,2013-08-24,13.0,13.0027,0.0027
test,2013-08-25,12.95,13.0514,0.1014
test,2013-08-26,12.878,12.9774,0.0994
test,2013-08-27,12.828,12.8813,0.0533
test,2013-08-28,12.8,12.8309,0.0309
test,2013-08-29,12.8,12.8083,0.0083
test,2013-08-30,12.81,12.8054,-0.0046
test,2013-08-31,12.87,12.828,-0.042
test,2013-09-01,12.936,12.8954,-0.0406
test,2013-09-02,13.032,12.9762,-0.0558
test,2013-09-03,13.096,13.0738,-0.0222
test,2013-09-04,13.14,13.1426,0.0026
test,2013-09-05,13.208,13.1739,-0.0341
test,2013-09-06,13.25,13.1965,-0.0535
test,2013-09-07,13.27,13.2007,-0.0693
test,2013-09-08,13.27,13.1959,-0.0741
test,2013-09-09,13.198,13.1736,-0.0244
test,2013-09-10,13.186,13.0904,-0.0956
test,2013-09-11,13.146,13.0458,-0.1002
test,2013-09-12,12.996,12.9916,-0.0044
test,2013-09-13,12.52,12.8439,0.3239
test,2013-09-14,11.832,12.3694,0.5374
test,2013-09-15,11.39,11.6151,0.2251
test,2013-09-16,11.09,11.0985,0.0085
test,2013-09-17,10.892,10.8169,-0.0751
test,2013-09-18,10.75,10.6816,-0.0684
test,2013-09-19,10.75,10.6193,-0.1307
test,2013-09-20,10.74,10.688,-0.052
test,2013-09-21,10.662,10.7047,0.0427
test,2013-09-22,10.528,10.605,0.077
test,2013-09-23,10.398,10.4443,0.0463
test,2013-09-24,10.074,10.2964,0.2224
test,2013-09-25,9.87,9.9817,0.1117
test,2013-09-26,9.722,9.7703,0.0483
test,2013-09-27,9.684,9.6528,-0.0312
test,2013-09-28,9.634,9.6128,-0.0212
test,2013-09-29,9.59,9.5567,-0.0333
test,2013-09-30,9.59,9.4777,-0.1123
test,2013-10-01,9.656,9.4478,-0.2082
test,2013-10-02,9.668,9.5012,-0.1668
test,2013-10-03,9.63,9.5338,-0.0962
test,2013-10-04,9.61,9.5251,-0.0849
test,2013-10-05,9.59,9.5524,-0.0376
test,2013-10-06,9.528,9.5736,0.0456
test,2013-10-07,9.46,9.5627,0.1027
test,2013-10-08,9.464,9.545,0.081
test,2013-10-09,9.58,9.5836,0.0036
test,2013-10-10,9.66,9.7354,0.0754
test,2013-10-11,9.78,9.8444,0.0644
test,2013-10-12,10.1,9.9887,-0.1113
test,2013-10-13,10.306,10.3346,0.0286
test,2013-10-14,10.536,10.532,-0.004
test,2013-10-15,10.712,10.7192,0.0072
test,2013-10-16,10.808,10.8683,0.0603
test,2013-10-17,10.882,10.9099,0.0279
test,2013-10-18,10.98,10.9278,-0.0522
test,2013-10-19,11.038,10.9811,-0.0569
test,2013-10-20,10.976,11.0344,0.0584
test,2013-10-21,10.924,10.9931,0.0691
test,2013-10-22,10.792,10.9211,0.1291
test,2013-10-23,10.5,10.7616,0.2616
test,2013-10-24,10.354,10.4359,0.0819
test,2013-10-25,10.234,10.2261,-0.0079
test,2013-10-26,10.196,10.0913,-0.1047
test,2013-10-27,10.16,10.0491,-0.1109
test,2013-10-28,10.05,10.0535,0.0035
test,2013-10-29,9.858,10.002,0.144
test,2013-10-30,9.76,9.815,0.055
test,2013-10-31,9.676,9.6614,-0.0146
test,2013-11-01,9.582,9.5578,-0.0242
test,2013-11-02,9.542,9.4718,-0.0702
test,2013-11-03,9.376,9.4563,0.0803
test,2013-11-04,9.308,9.3269,0.0189
test,2013-11-05,9.24,9.2482,0.0082
test,2013-11-06,9.12,9.1569,0.0369
test,2013-11-07,8.95,8.994,0.044
test,2013-11-08,8.87,8.7893,-0.0807
test,2013-11-09,8.79,8.6742,-0.1158
test,2013-11-10,8.73,8.6024,-0.1276
test,2013-11-11,8.73,8.5427,-0.1873
test,2013-11-12,8.628,8.5538,-0.0742
test,2013-11-13,8.574,8.4883,-0.0857
test,2013-11-14,8.522,8.4568,-0.0652
test,2013-11-15,8.452,8.411,-0.041
test,2013-11-16,8.36,8.3474,-0.0126
test,2013-11-17,8.31,8.2653,-0.0447
test,2013-11-18,8.338,8.2134,-0.1246
test,2013-11-19,8.272,8.2566,-0.0154
test,2013-11-20,8.224,8.2155,-0.0085
test,2013-11-21,8.174,8.1672,-0.0068
test,2013-11-22,8.114,8.1155,0.0015
test,2013-11-23,8.06,8.0509,-0.0091
test,2013-11-24,7.98,7.9836,0.0036
test,2013-11-25,7.928,7.8992,-0.0288
test,2013-11-26,7.884,7.8586,-0.0254
test,2013-11-27,7.826,7.8219,-0.0041
test,2013-11-28,7.8,7.7742,-0.0258
test,2013-11-29,7.716,7.7508,0.0348
test,2013-11-30,7.69,7.6786,-0.0114
test,2013-12-01,7.678,7.6429,-0.0351
test,2013-12-02,7.622,7.6344,0.0124
test,2013-12-03,7.53,7.5872,0.0572
test,2013-12-04,7.484,7.49,0.006
test,2013-12-05,7.448,7.4335,-0.0145
test,2013-12-06,7.382,7.4041,0.0221
test,2013-12-07,7.328,7.3416,0.0136
test,2013-12-08,7.334,7.2873,-0.0467
test,2013-12-09,7.328,7.2921,-0.0359
test,2013-12-10,7.328,7.2923,-0.0357
test,2013-12-11,7.136,7.2884,0.1524
test,2013-12-12,7.11,7.1208,0.0108
test,2013-12-13,7.16,7.0538,-0.1062
test,2013-12-14,7.16,7.0769,-0.0831
test,2013-12-15,6.908,7.0861,0.1781
test,2013-12-16,6.9,6.888,-0.012
test,2013-12-17,6.894,6.8448,-0.0492
test,2013-12-18,6.854,6.844,-0.01
test,2013-12-19,6.84,6.7902,-0.0498
test,2013-12-20,6.828,6.7756,-0.0524
test,2013-12-21,6.776,6.785,0.009
test,2013-12-22,6.71,6.7528,0.0428
test,2013-12-23,6.622,6.6731,0.0511
test,2013-12-24,6.568,6.5895,0.0215
test,2013-12-25,6.536,6.5402,0.0042
test,2013-12-26,6.52,6.496,-0.024
test,2013-12-27,6.4,6.4761,0.0761
test,2013-12-28,6.264,6.3847,0.1207
test,2013-12-29,6.214,6.2612,0.0472
test,2013-12-30,6.196,6.1764,-0.0196
test,2013-12-31,6.158,6.1341,-0.0239
test,2014-01-01,6.088,6.1052,0.0172
test,2014-01-02,6.028,6.0406,0.0126
test,2014-01-03,6.01,5.9968,-0.0132
test,2014-01-04,6.0,5.976,-0.024
test,2014-01-05,6.002,5.9517,-0.0503
test,2014-01-06,6.028,5.9483,-0.0797
test,2014-01-07,5.97,5.9763,0.0063
test,2014-01-08,5.89,5.9524,0.0624
test,2014-01-09,5.812,5.8793,0.0673
test,2014-01-10,5.778,5.7982,0.0202
test,2014-01-11,5.742,5.7421,0.0001
test,2014-01-12,5.69,5.7041,0.0141
test,2014-01-13,5.644,5.6603,0.0163
test,2014-01-14,5.61,5.6292,0.0192
test,2014-01-15,5.6,5.6015,0.0015
test,2014-01-16,5.61,5.5779,-0.0321
test,2014-01-17,5.62,5.5718,-0.0482
test,2014-01-18,5.64,5.576,-0.064
test,2014-01-19,5.64,5.6226,-0.0174
test,2014-01-20,5.642,5.6356,-0.0064
test,2014-01-21,5.718,5.6418,-0.0762
test,2014-01-22,5.796,5.7123,-0.0837
test,2014-01-23,5.806,5.7736,-0.0324
test,2014-01-24,5.82,5.7944,-0.0256
test,2014-01-25,5.83,5.8288,-0.0012
test,2014-01-26,5.89,5.8743,-0.0157
test,2014-01-27,5.916,5.9131,-0.0029
test,2014-01-28,5.92,5.9233,0.0033
test,2014-01-29,5.92,5.9252,0.0052
test,2014-01-30,5.92,5.9385,0.0185
test,2014-01-31,5.96,5.9383,-0.0217
test,2014-02-01,6.03,5.9791,-0.0509
test,2014-02-02,6.09,6.0417,-0.0483
test,2014-02-03,6.062,6.0958,0.0338
test,2014-02-04,6.004,6.0692,0.0652
test,2014-02-05,5.952,6.0159,0.0639
test,2014-02-06,5.914,5.9696,0.0556
test,2014-02-07,5.888,5.9159,0.0279
test,2014-02-08,5.848,5.8746,0.0266
test,2014-02-09,5.84,5.8423,0.0023
test,2014-02-10,5.84,5.8439,0.0039
test,2014-02-11,5.84,5.8515,0.0115
test,2014-02-12,5.84,5.8368,-0.0032
test,2014-02-13,5.8,5.8254,0.0254
test,2014-02-14,5.77,5.7767,0.0067
test,2014-02-15,5.76,5.7383,-0.0217
test,2014-02-16,5.75,5.7245,-0.0255
test,2014-02-17,5.74,5.7191,-0.0209
test,2014-02-18,5.72,5.7428,0.0228
test,2014-02-19,5.7,5.7344,0.0344
test,2014-02-20,5.694,5.7008,0.0068
test,2014-02-21,5.72,5.6839,-0.0361
test,2014-02-22,5.728,5.7167,-0.0113
test,2014-02-23,5.594,5.7324,0.1384
test,2014-02-24,5.49,5.6282,0.1382
test,2014-02-25,5.49,5.5109,0.0209
test,2014-02-26,5.49,5.4759,-0.0141
test,2014-02-27,5.48,5.4557,-0.0243
test,2014-02-28,5.47,5.4461,-0.0239
test,2014-03-01,5.46,5.4677,0.0077
test,2014-03-02,5.46,5.4716,0.0116
test,2014-03-03,5.44,5.465,0.025
test,2014-03-04,5.42,5.4502,0.0302
test,2014-03-05,5.44,5.4328,-0.0072
test,2014-03-06,5.474,5.4459,-0.0281
test,2014-03-07,5.49,5.4871,-0.0029
test,2014-03-08,5.514,5.5343,0.0203
test,2014-03-09,5.52,5.5827,0.0627
test,2014-03-10,5.52,5.58,0.06
test,2014-03-11,5.52,5.546,0.026
test,2014-03-12,5.54,5.5204,-0.0196
test,2014-03-13,5.54,5.5344,-0.0056
test,2014-03-14,5.56,5.5494,-0.0106
test,2014-03-15,5.592,5.5858,-0.0062
test,2014-03-16,5.644,5.6285,-0.0155
test,2014-03-17,5.67,5.6846,0.0146
test,2014-03-18,5.68,5.7089,0.0289
test,2014-03-19,5.598,5.702,0.104
test,2014-03-20,5.54,5.6165,0.0765
test,2014-03-21,5.508,5.5332,0.0252
test,2014-03-22,5.45,5.4802,0.0302
test,2014-03-23,5.388,5.4145,0.0265
test,2014-03-24,5.308,5.3576,0.0496
test,2014-03-25,5.25,5.299,0.049
test,2014-03-26,5.218,5.2535,0.0355
test,2014-03-27,5.19,5.2099,0.0199
test,2014-03-28,5.178,5.1753,-0.0027
test,2014-03-29,5.138,5.1682,0.0302
test,2014-03-30,5.09,5.1499,0.0599
test,2014-03-31,5.07,5.123,0.053
test,2014-04-01,5.05,5.1084,0.0584
test,2014-04-02,5.05,5.0808,0.0308
test,2014-04-03,5.05,5.0685,0.0185
test,2014-04-04,5.05,5.0604,0.0104
test,2014-04-05,5.05,5.062,0.012
test,2014-04-06,5.05,5.0564,0.0064
test,2014-04-07,5.018,5.0454,0.0274
test,2014-04-08,4.978,5.0087,0.0307
test,2014-04-09,4.938,4.9649,0.0269
test,2014-04-10,4.908,4.9327,0.0247
test,2014-04-11,4.888,4.9127,0.0247
test,2014-04-12,4.86,4.8836,0.0236
test,2014-04-13,4.8,4.8433,0.0433
test,2014-04-14,4.78,4.7775,-0.0025
test,2014-04-15,4.76,4.7474,-0.0126
test,2014-04-16,4.74,4.723,-0.017
test,2014-04-17,4.73,4.7017,-0.0283
test,2014-04-18,4.72,4.7005,-0.0195
test,2014-04-19,4.71,4.7059,-0.0041
test,2014-04-20,4.7,4.7089,0.0089
test,2014-04-21,4.68,4.7074,0.0274
test,2014-04-22,4.67,4.7078,0.0378
test,2014-04-23,4.66,4.7048,0.0448
test,2014-04-24,4.64,4.6841,0.0441
test,2014-04-25,4.63,4.6603,0.0303
test,2014-04-26,4.62,4.6503,0.0303
test,2014-04-27,4.62,4.6404,0.0204
test,2014-04-28,4.6,4.6342,0.0342
test,2014-04-29,4.58,4.6173,0.0373
test,2014-04-30,4.58,4.5935,0.0135
test,2014-05-01,4.59,4.5865,-0.0035
test,2014-05-02,4.62,4.5834,-0.0366
test,2014-05-03,4.63,4.6202,-0.0098
test,2014-05-04,4.608,4.6466,0.0386
test,2014-05-05,4.58,4.6374,0.0574
test,2014-05-06,4.56,4.6128,0.0528
test,2014-05-07,4.56,4.5904,0.0304
test,2014-05-08,4.56,4.5821,0.0221
test,2014-05-09,4.55,4.5799,0.0299
test,2014-05-10,4.54,4.5809,0.0409
test,2014-05-11,4.52,4.5783,0.0583
test,2014-05-12,4.52,4.5616,0.0416
test,2014-05-13,4.51,4.5554,0.0454
test,2014-05-14,4.5,4.5421,0.0421
test,2014-05-15,4.52,4.5294,0.0094
test,2014-05-16,4.544,4.5434,-0.0006
test,2014-05-17,4.632,4.5675,-0.0645
test,2014-05-18,4.802,4.6436,-0.1584
test,2014-05-19,4.962,4.8079,-0.1541
test,2014-05-20,5.092,4.9916,-0.1004
test,2014-05-21,5.2,5.1356,-0.0644
test,2014-05-22,5.28,5.2391,-0.0409
test,2014-05-23,5.304,5.3065,0.0025
test,2014-05-24,5.26,5.3083,0.0483
test,2014-05-25,5.24,5.2475,0.0075
test,2014-05-26,5.236,5.2192,-0.0168
test,2014-05-27,5.17,5.2177,0.0477
test,2014-05-28,5.108,5.1508,0.0428
test,2014-05-29,5.02,5.0843,0.0643
test,2014-05-30,5.002,5.0184,0.0164
test,2014-05-31,5.07,5.0068,-0.0632
test,2014-06-01,5.442,5.0821,-0.3599
test,2014-06-02,6.038,5.4607,-0.5773
test,2014-06-03,6.1,6.1658,0.0658
test,2014-06-04,6.076,6.3121,0.2361
test,2014-06-05,6.038,6.2264,0.1884
test,2014-06-06,5.904,6.1072,0.2032
test,2014-06-07,5.846,5.8984,0.0524
test,2014-06-08,5.8,5.7924,-0.0076
test,2014-06-09,5.812,5.7878,-0.0242
test,2014-06-10,5.844,5.893,0.049
test,2014-06-11,6.032,5.9665,-0.0655
test,2014-06-12,6.432,6.1565,-0.2755
test,2014-06-13,6.5,6.5529,0.0529
test,2014-06-14,6.456,6.5848,0.1288
test,2014-06-15,6.43,6.4459,0.0159
test,2014-06-16,6.392,6.3731,-0.0189
test,2014-06-17,6.386,6.3497,-0.0363
test,2014-06-18,6.434,6.3417,-0.0923
test,2014-06-19,6.458,6.4219,-0.0361
test,2014-06-20,6.534,6.5276,-0.0064
test,2014-06-21,6.578,6.6365,0.0585
test,2014-06-22,6.62,6.7051,0.0851
test,2014-06-23,6.62,6.7609,0.1409
test,2014-06-24,6.65,6.7471,0.0971
test,2014-06-25,6.81,6.7618,-0.0482
test,2014-06-26,7.092,6.947,-0.145
test,2014-06-27,7.726,7.3044,-0.4216
test,2014-06-28,7.85,8.0309,0.1809
test,2014-06-29,7.914,8.1288,0.2148
test,2014-06-30,7.852,8.046,0.194
test,2014-07-01,7.82,7.8627,0.0427
test,2014-07-02,7.98,7.7314,-0.2486
test,2014-07-03,8.28,7.9066,-0.3734
test,2014-07-04,8.42,8.2872,-0.1328
test,2014-07-05,8.512,8.5568,0.0448
test,2014-07-06,8.732,8.6817,-0.0503
test,2014-07-07,8.942,8.8983,-0.0437
test,2014-07-08,8.97,9.1043,0.1343
test,2014-07-09,8.97,9.0739,0.1039
test,2014-07-10,8.932,9.0198,0.0878
test,2014-07-11,8.882,8.9858,0.1038
test,2014-07-12,8.85,8.9586,0.1086
test,2014-07-13,8.89,8.9446,0.0546
test,2014-07-14,8.92,9.0196,0.0996
test,2014-07-15,8.94,9.068,0.128
test,2014-07-16,9.05,9.0532,0.0032
test,2014-07-17,9.44,9.1415,-0.2985
test,2014-07-18,9.568,9.6081,0.0401
test,2014-07-19,9.58,9.7815,0.2015
test,2014-07-20,9.568,9.7849,0.2169
test,2014-07-21,9.464,9.785,0.321
test,2014-07-22,9.52,9.6806,0.1606
test,2014-07-23,9.662,9.6716,0.0096
test,2014-07-24,9.898,9.8033,-0.0947
test,2014-07-25,10.188,10.0901,-0.0979
test,2014-07-26,10.4,10.4355,0.0355
test,2014-07-27,10.598,10.6385,0.0405
test,2014-07-28,10.71,10.7988,0.0888
test,2014-07-29,10.812,10.8193,0.0073
test,2014-07-30,10.91,10.8432,-0.0668
test,2014-07-31,10.892,10.9126,0.0206
test,2014-08-01,10.622,10.9032,0.2812
test,2014-08-02,10.55,10.634,0.084
test,2014-08-03,10.506,10.5267,0.0207
test,2014-08-04,10.58,10.4835,-0.0965
test,2014-08-05,10.6,10.5916,-0.0084
test,2014-08-06,10.634,10.7112,0.0772
test,2014-08-07,10.684,10.7992,0.1152
test,2014-08-08,10.71,10.8747,0.1647
test,2014-08-09,10.76,10.8487,0.0887
test,2014-08-10,10.944,10.8938,-0.0502
test,2014-08-11,11.09,11.117,0.027
test,2014-08-12,11.16,11.3076,0.1476
test,2014-08-13,11.26,11.362,0.102
test,2014-08-14,11.34,11.4304,0.0904
test,2014-08-15,11.456,11.4909,0.0349
test,2014-08-16,11.63,11.5797,-0.0503
test,2014-08-17,11.75,11.7388,-0.0112
test,2014-08-18,12.0,11.8906,-0.1094
test,2014-08-19,12.13,12.1436,0.0136
test,2014-08-20,12.19,12.2549,0.0649
test,2014-08-21,12.3,12.2651,-0.0349
test,2014-08-22,12.43,12.298,-0.132
test,2014-08-23,12.45,12.3458,-0.1042
test,2014-08-24,12.44,12.3157,-0.1243
test,2014-08-25,12.396,12.2729,-0.1231
test,2014-08-26,12.374,12.2296,-0.1444
test,2014-08-27,12.25,12.2144,-0.0356
test,2014-08-28,12.086,12.1096,0.0236
test,2014-08-29,11.926,11.9713,0.0453
test,2014-08-30,11.854,11.8301,-0.0239
test,2014-08-31,11.82,11.7576,-0.0624
test,2014-09-01,11.78,11.7139,-0.0661
test,2014-09-02,11.58,11.6748,0.0948
test,2014-09-03,11.422,11.5027,0.0807
test,2014-09-04,11.352,11.3608,0.0088
test,2014-09-05,11.22,11.3109,0.0909
test,2014-09-06,10.95,11.1822,0.2322
test,2014-09-07,10.82,10.9134,0.0934
test,2014-09-08,10.62,10.7918,0.1718
test,2014-09-09,10.53,10.6118,0.0818
test,2014-09-10,10.452,10.5233,0.0713
test,2014-09-11,10.396,10.4603,0.0643
test,2014-09-12,10.34,10.4208,0.0808
test,2014-09-13,10.32,10.377,0.057
test,2014-09-14,10.408,10.3546,-0.0534
test,2014-09-15,10.43,10.4761,0.0461
test,2014-09-16,10.41,10.5063,0.0963
test,2014-09-17,10.47,10.4524,-0.0176
test,2014-09-18,10.608,10.4914,-0.1166
test,2014-09-19,10.64,10.6447,0.0047
test,2014-09-20,10.7,10.6774,-0.0226
test,2014-09-21,10.94,10.6983,-0.2417
test,2014-09-22,10.99,10.9753,-0.0147
test,2014-09-23,11.022,11.0594,0.0374
test,2014-09-24,11.1,11.0442,-0.0558
test,2014-09-25,11.14,11.0991,-0.0409
test,2014-09-26,11.122,11.144,0.022
test,2014-09-27,11.058,11.096,0.038
test,2014-09-28,10.96,10.9869,0.0269
test,2014-09-29,10.91,10.8773,-0.0327
test,2014-09-30,10.884,10.8051,-0.0789
test,2014-10-01,10.86,10.7662,-0.0938
test,2014-10-02,10.804,10.7555,-0.0485
test,2014-10-03,10.57,10.7078,0.1378
test,2014-10-04,10.332,10.4584,0.1264
test,2014-10-05,10.166,10.185,0.019
test,2014-10-06,9.982,10.019,0.037
test,2014-10-07,9.86,9.8431,-0.0169
test,2014-10-08,9.71,9.7338,0.0238
test,2014-10-09,9.548,9.617,0.069
test,2014-10-10,9.328,9.4792,0.1512
test,2014-10-11,9.22,9.2606,0.0406
test,2014-10-12,9.08,9.1364,0.0564
test,2014-10-13,8.95,8.9999,0.0499
test,2014-10-14,8.86,8.8585,-0.0015
test,2014-10-15,8.572,8.8213,0.2493
test,2014-10-16,8.47,8.5928,0.1228
test,2014-10-17,8.402,8.4747,0.0727
test,2014-10-18,8.37,8.4214,0.0514
test,2014-10-19,8.456,8.3591,-0.0969
test,2014-10-20,8.91,8.4231,-0.4869
test,2014-10-21,9.104,8.8844,-0.2196
test,2014-10-22,9.22,9.2066,-0.0134
test,2014-10-23,9.28,9.2977,0.0177
test,2014-10-24,9.276,9.3002,0.0242
test,2014-10-25,9.17,9.2132,0.0432
test,2014-10-26,9.08,9.031,-0.049
test,2014-10-27,8.958,8.8974,-0.0606
test,2014-10-28,8.85,8.8342,-0.0158
test,2014-10-29,8.698,8.7851,0.0871
test,2014-10-30,8.576,8.6203,0.0443
test,2014-10-31,8.438,8.4723,0.0343
test,2014-11-01,8.32,8.3212,0.0012
test,2014-11-02,8.222,8.1998,-0.0222
test,2014-11-03,8.168,8.1067,-0.0613
test,2014-11-04,8.048,8.092,0.044
test,2014-11-05,7.98,8.0154,0.0354
test,2014-11-06,7.882,7.9628,0.0808
test,2014-11-07,7.802,7.8931,0.0911
test,2014-11-08,7.732,7.8188,0.0868
test,2014-11-09,7.672,7.7488,0.0768
test,2014-11-10,7.618,7.6827,0.0647
test,2014-11-11,7.522,7.6187,0.0967
test,2014-11-12,7.49,7.5109,0.0209
test,2014-11-13,7.49,7.4696,-0.0204
test,2014-11-14,7.43,7.4835,0.0535
test,2014-11-15,7.292,7.4065,0.1145
test,2014-11-16,7.23,7.2417,0.0117
test,2014-11-17,7.172,7.1359,-0.0361
test,2014-11-18,7.112,7.0589,-0.0531
test,2014-11-19,7.02,6.979,-0.041
test,2014-11-20,6.952,6.8979,-0.0541
test,2014-11-21,6.91,6.8408,-0.0692
test,2014-11-22,6.888,6.813,-0.075
test,2014-11-23,6.83,6.7995,-0.0305
test,2014-11-24,6.756,6.7674,0.0114
test,2014-11-25,6.72,6.7153,-0.0047
test,2014-11-26,6.69,6.6816,-0.0084
test,2014-11-27,6.62,6.6523,0.0323
test,2014-11-28,6.552,6.5937,0.0417
test,2014-11-29,6.51,6.53,0.02
test,2014-11-30,6.486,6.4849,-0.0011
test,2014-12-01,6.45,6.4598,0.0098
test,2014-12-02,6.438,6.4272,-0.0108
test,2014-12-03,6.36,6.413,0.053
test,2014-12-04,6.31,6.3464,0.0364
test,2014-12-05,6.276,6.2861,0.0101
test,2014-12-06,6.254,6.2477,-0.0063
test,2014-12-07,6.162,6.2234,0.0614
test,2014-12-08,6.092,6.1435,0.0515
test,2014-12-09,6.106,6.0658,-0.0402
test,2014-12-10,6.094,6.0694,-0.0246
test,2014-12-11,6.046,6.0656,0.0196
test,2014-12-12,6.028,6.0251,-0.0029
test,2014-12-13,5.966,5.9931,0.0271
test,2014-12-14,5.96,5.9388,-0.0212
test,2014-12-15,5.906,5.9364,0.0304
test,2014-12-16,5.878,5.8905,0.0125
test,2014-12-17,5.812,5.8733,0.0613
test,2014-12-18,5.788,5.825,0.037
test,2014-12-19,5.776,5.7929,0.0169
test,2014-12-20,5.716,5.7762,0.0602
test,2014-12-21,5.684,5.731,0.047
test,2014-12-22,5.636,5.7033,0.0673
test,2014-12-23,5.616,5.6602,0.0442
test,2014-12-24,5.61,5.63,0.02
test,2014-12-25,5.562,5.6136,0.0516
test,2014-12-26,5.5,5.5684,0.0684
test,2014-12-27,5.392,5.5174,0.1254
test,2014-12-28,5.426,5.4359,0.0099
test,2014-12-29,5.428,5.4485,0.0205
test,2014-12-30,5.346,5.4508,0.1048
test,2014-12-31,5.348,5.3816,0.0336
test,2015-01-01,5.37,5.3593,-0.0107
test,2015-01-02,5.38,5.3646,-0.0154
test,2015-01-03,5.388,5.388,-0.0
test,2015-01-04,5.338,5.3953,0.0573
test,2015-01-05,5.284,5.3513,0.0673
test,2015-01-06,5.28,5.2883,0.0083
test,2015-01-07,5.3,5.265,-0.035
test,2015-01-08,5.258,5.2777,0.0197
test,2015-01-09,5.194,5.2602,0.0662
test,2015-01-10,5.144,5.2244,0.0804
test,2015-01-11,5.132,5.1854,0.0534
test,2015-01-12,5.18,5.1616,-0.0184
test,2015-01-13,5.2,5.1929,-0.0071
test,2015-01-14,5.19,5.2207,0.0307
test,2015-01-15,5.18,5.2287,0.0487
test,2015-01-16,5.2,5.2378,0.0378
test,2015-01-17,5.222,5.2641,0.0421
test,2015-01-18,5.262,5.2918,0.0298
test,2015-01-19,5.282,5.3149,0.0329
test,2015-01-20,5.302,5.3299,0.0279
test,2015-01-21,5.308,5.3451,0.0371
test,2015-01-22,5.22,5.3486,0.1286
test,2015-01-23,5.156,5.2609,0.1049
test,2015-01-24,5.092,5.186,0.094
test,2015-01-25,5.068,5.108,0.04
test,2015-01-26,5.038,5.0718,0.0338
test,2015-01-27,4.984,5.0503,0.0663
test,2015-01-28,4.934,4.992,0.058
test,2015-01-29,4.878,4.9449,0.0669
test,2015-01-30,4.834,4.8929,0.0589
test,2015-01-31,4.78,4.8475,0.0675
test,2015-02-01,4.772,4.798,0.026
test,2015-02-02,4.78,4.7816,0.0016
test,2015-02-03,4.758,4.7979,0.0399
test,2015-02-04,4.68,4.7936,0.1136
test,2015-02-05,4.526,4.7416,0.2156
test,2015-02-06,4.55,4.6256,0.0756
test,2015-02-07,4.58,4.5943,0.0143
test,2015-02-08,4.668,4.585,-0.083
test,2015-02-09,4.644,4.6435,-0.0005
test,2015-02-10,4.568,4.656,0.088
test,2015-02-11,4.51,4.6105,0.1005
test,2015-02-12,4.488,4.5411,0.0531
test,2015-02-13,4.472,4.4736,0.0016
test,2015-02-14,4.474,4.4328,-0.0412
test,2015-02-15,4.524,4.4224,-0.1016
test,2015-02-16,4.53,4.4717,-0.0583
test,2015-02-17,4.53,4.5017,-0.0283
test,2015-02-18,4.52,4.515,-0.005
test,2015-02-19,4.5,4.5041,0.0041
test,2015-02-20,4.49,4.4686,-0.0214
test,2015-02-21,4.44,4.4528,0.0128
test,2015-02-22,4.384,4.4246,0.0406
test,2015-02-23,4.368,4.3988,0.0308
test,2015-02-24,4.314,4.3847,0.0707
test,2015-02-25,4.262,4.348,0.086
test,2015-02-26,4.174,4.2932,0.1192
test,2015-02-27,4.148,4.211,0.063
test,2015-02-28,4.114,4.1548,0.0408
test,2015-03-01,4.148,4.1274,-0.0206
test,2015-03-02,4.158,4.2574,0.0994
test,2015-03-03,4.13,4.2804,0.1504
test,2015-03-04,4.13,4.2126,0.0826
test,2015-03-05,4.12,4.1887,0.0687
test,2015-03-06,4.11,4.1897,0.0797
test,2015-03-07,4.09,4.1738,0.0838
test,2015-03-08,4.09,4.1465,0.0565
test,2015-03-09,4.08,4.1534,0.0734
test,2015-03-10,4.06,4.1662,0.1062
test,2015-03-11,4.04,4.1516,0.1116
test,2015-03-12,4.03,4.1296,0.0996
test,2015-03-13,4.04,4.0954,0.0554
test,2015-03-14,4.076,4.0691,-0.0069
test,2015-03-15,4.116,4.0747,-0.0413
test,2015-03-16,4.176,4.1509,-0.0251
test,2015-03-17,4.368,4.2061,-0.1619
test,2015-03-18,4.582,4.3349,-0.2471
test,2015-03-19,4.598,4.541,-0.057
test,2015-03-20,4.53,4.6062,0.0762
test,2015-03-21,4.452,4.5599,0.1079
test,2015-03-22,4.43,4.4846,0.0546
test,2015-03-23,4.41,4.4479,0.0379
test,2015-03-24,4.39,4.4077,0.0177
test,2015-03-25,4.38,4.383,0.003
test,2015-03-26,4.37,4.3886,0.0186
test,2015-03-27,4.36,4.3863,0.0263
test,2015-03-28,4.35,4.3619,0.0119
test,2015-03-29,4.372,4.3389,-0.0331
test,2015-03-30,4.408,4.3647,-0.0433
test,2015-03-31,4.516,4.401,-0.115
test,2015-04-01,4.542,4.5087,-0.0333
test,2015-04-02,4.606,4.5705,-0.0355
test,2015-04-03,4.74,4.6621,-0.0779
test,2015-04-04,4.788,4.7826,-0.0054
test,2015-04-05,4.874,4.8261,-0.0479
test,2015-04-06,4.918,4.8924,-0.0256
test,2015-04-07,4.926,4.9495,0.0235
test,2015-04-08,5.004,4.9549,-0.0491
test,2015-04-09,5.02,5.001,-0.019
test,2015-04-10,5.024,5.0104,-0.0136
test,2015-04-11,5.02,5.0143,-0.0057
test,2015-04-12,5.02,4.9954,-0.0246
test,2015-04-13,5.016,4.9897,-0.0263
test,2015-04-14,4.998,4.9916,-0.0064
test,2015-04-15,4.958,4.9766,0.0186
test,2015-04-16,4.93,4.9399,0.0099
test,2015-04-17,4.92,4.916,-0.004
test,2015-04-18,4.91,4.9071,-0.0029
test,2015-04-19,4.918,4.9112,-0.0068
test,2015-04-20,4.844,4.9378,0.0938
test,2015-04-21,4.794,4.8945,0.1005
test,2015-04-22,4.78,4.8319,0.0519
test,2015-04-23,4.78,4.8097,0.0297
test,2015-04-24,4.792,4.7966,0.0046
test,2015-04-25,4.878,4.7972,-0.0808
test,2015-04-26,4.858,4.8679,0.0099
test,2015-04-27,4.782,4.8793,0.0973
test,2015-04-28,4.808,4.8056,-0.0024
test,2015-04-29,4.908,4.7966,-0.1114
test,2015-04-30,5.024,4.8766,-0.1474
test,2015-05-01,5.126,4.9709,-0.1551
test,2015-05-02,5.208,5.0703,-0.1377
test,2015-05-03,5.238,5.1795,-0.0585
test,2015-05-04,5.23,5.2304,0.0004
test,2015-05-05,5.23,5.2133,-0.0167
test,2015-05-06,5.24,5.1915,-0.0485
test,2015-05-07,5.25,5.1856,-0.0644
test,2015-05-08,5.262,5.194,-0.068
test,2015-05-09,5.298,5.2174,-0.0806
test,2015-05-10,5.332,5.2684,-0.0636
test,2015-05-11,5.392,5.3078,-0.0842
test,2015-05-12,5.436,5.3599,-0.0761
test,2015-05-13,5.396,5.4226,0.0266
test,2015-05-14,5.354,5.402,0.048
test,2015-05-15,5.35,5.3585,0.0085
test,2015-05-16,5.384,5.3466,-0.0374
test,2015-05-17,5.36,5.383,0.023
test,2015-05-18,5.362,5.3788,0.0168
test,2015-05-19,5.414,5.3872,-0.0268
test,2015-05-20,5.42,5.4526,0.0326
test,2015-05-21,5.39,5.4642,0.0742
test,2015-05-22,5.402,5.428,0.026
test,2015-05-23,5.476,5.4322,-0.0438
test,2015-05-24,5.528,5.5118,-0.0162
test,2015-05-25,5.59,5.5708,-0.0192
test,2015-05-26,5.784,5.6445,-0.1395
test,2015-05-27,5.926,5.8482,-0.0778
test,2015-05-28,5.952,6.0047,0.0527
test,2015-05-29,5.982,6.0061,0.0241
test,2015-05-30,6.048,5.9937,-0.0543
test,2015-05-31,6.062,6.0497,-0.0123
test,2015-06-01,6.082,6.0517,-0.0303
test,2015-06-02,6.18,6.0528,-0.1272
test,2015-06-03,6.242,6.1746,-0.0674
test,2015-06-04,6.27,6.2593,-0.0107
test,2015-06-05,6.28,6.2712,-0.0088
test,2015-06-06,6.29,6.2554,-0.0346
test,2015-06-07,6.34,6.2513,-0.0887
test,2015-06-08,6.39,6.2914,-0.0986
test,2015-06-09,6.418,6.3438,-0.0742
test,2015-06-10,6.512,6.4031,-0.1089
test,2015-06-11,6.73,6.5339,-0.1961
test,2015-06-12,6.84,6.781,-0.059
test,2015-06-13,6.932,6.9072,-0.0248
test,2015-06-14,7.122,6.9942,-0.1278
test,2015-06-15,7.302,7.1849,-0.1171
test,2015-06-16,7.49,7.3762,-0.1138
test,2015-06-17,7.666,7.5466,-0.1194
test,2015-06-18,7.602,7.7063,0.1043
test,2015-06-19,7.384,7.6229,0.2389
test,2015-06-20,7.31,7.3383,0.0283
test,2015-06-21,7.336,7.2203,-0.1157
test,2015-06-22,7.392,7.2679,-0.1241
test,2015-06-23,7.308,7.3492,0.0412
test,2015-06-24,7.378,7.2905,-0.0875
test,2015-06-25,7.4,7.3952,-0.0048
test,2015-06-26,7.39,7.4985,0.1085
test,2015-06-27,7.47,7.5047,0.0347
test,2015-06-28,7.612,7.5995,-0.0125
test,2015-06-29,7.63,7.8251,0.1951
test,2015-06-30,7.94,7.9052,-0.0348
test,2015-07-01,7.94,8.2467,0.3067
test,2015-07-02,7.942,8.2989,0.3569
test,2015-07-03,8.012,8.2827,0.2707
test,2015-07-04,8.28,8.2914,0.0114
test,2015-07-05,8.87,8.529,-0.341
test,2015-07-06,9.106,9.1762,0.0702
test,2015-07-07,9.26,9.4024,0.1424
test,2015-07-08,9.466,9.4797,0.0137
test,2015-07-09,9.49,9.6456,0.1556
test,2015-07-10,9.528,9.6055,0.0775
test,2015-07-11,9.416,9.5123,0.0963
test,2015-07-12,9.302,9.3745,0.0725
test,2015-07-13,9.312,9.3936,0.0816
test,2015-07-14,9.43,9.4957,0.0657
test,2015-07-15,9.596,9.6673,0.0713
test,2015-07-16,9.644,9.8421,0.1981
test,2015-07-17,9.792,9.8764,0.0844
test,2015-07-18,10.09,10.0205,-0.0695
test,2015-07-19,10.294,10.3205,0.0265
test,2015-07-20,10.352,10.5718,0.2198
test,2015-07-21,10.402,10.5731,0.1711
test,2015-07-22,10.582,10.5724,-0.0096
test,2015-07-23,10.802,10.7821,-0.0199
test,2015-07-24,10.88,11.0365,0.1565
test,2015-07-25,10.896,11.134,0.238
test,2015-07-26,10.78,11.1609,0.3809
test,2015-07-27,10.606,11.0035,0.3975
test,2015-07-28,10.5,10.6927,0.1927
test,2015-07-29,10.402,10.4994,0.0974
test,2015-07-30,10.394,10.3704,-0.0236
test,2015-07-31,10.502,10.4023,-0.0997
test,2015-08-01,10.592,10.5657,-0.0263
test,2015-08-02,10.782,10.7266,-0.0554
test,2015-08-03,11.08,10.9104,-0.1696
test,2015-08-04,11.35,11.1824,-0.1676
test,2015-08-05,11.5,11.4275,-0.0725
test,2015-08-06,11.52,11.5299,0.0099
test,2015-08-07,11.472,11.4946,0.0226
test,2015-08-08,11.28,11.4591,0.1791
test,2015-08-09,11.154,11.2893,0.1353
test,2015-08-10,11.06,11.1678,0.1078
test,2015-08-11,10.958,11.0867,0.1287
test,2015-08-12,10.834,10.9861,0.1521
test,2015-08-13,10.728,10.8391,0.1111
test,2015-08-14,10.76,10.6806,-0.0794
test,2015-08-15,10.842,10.7598,-0.0822
test,2015-08-16,11.06,10.8936,-0.1664
test,2015-08-17,11.32,11.1597,-0.1603
test,2015-08-18,11.5,11.4841,-0.0159
test,2015-08-19,11.73,11.7077,-0.0223
test,2015-08-20,11.812,11.9347,0.1227
test,2015-08-21,12.0,11.9784,-0.0216
test,2015-08-22,12.242,12.1184,-0.1236
test,2015-08-23,12.45,12.3297,-0.1203
test,2015-08-24,12.65,12.5211,-0.1289
test,2015-08-25,12.744,12.701,-0.043
test,2015-08-26,12.832,12.753,-0.079
test,2015-08-27,12.86,12.7754,-0.0846
test,2015-08-28,12.89,12.7313,-0.1587
test,2015-08-29,12.838,12.6936,-0.1444
test,2015-08-30,12.702,12.6167,-0.0853
test,2015-08-31,12.628,12.4935,-0.1345
test,2015-09-01,12.478,12.4475,-0.0305
test,2015-09-02,12.38,12.3336,-0.0464
test,2015-09-03,12.312,12.2636,-0.0484
test,2015-09-04,12.34,12.2248,-0.1152
test,2015-09-05,12.282,12.2618,-0.0202
test,2015-09-06,12.27,12.2192,-0.0508
test,2015-09-07,12.268,12.1882,-0.0798
test,2015-09-08,12.198,12.1697,-0.0283
test,2015-09-09,12.078,12.0742,-0.0038
test,2015-09-10,11.886,11.9334,0.0474
test,2015-09-11,11.66,11.7414,0.0814
test,2015-09-12,11.36,11.512,0.152
test,2015-09-13,11.108,11.1817,0.0737
test,2015-09-14,10.87,10.8935,0.0235
test,2015-09-15,10.672,10.6502,-0.0218
test,2015-09-16,10.52,10.4575,-0.0625
test,2015-09-17,10.38,10.3284,-0.0516
test,2015-09-18,10.268,10.2111,-0.0569
test,2015-09-19,10.156,10.1215,-0.0345
test,2015-09-20,10.04,10.0147,-0.0253
test,2015-09-21,10.018,9.9032,-0.1148
test,2015-09-22,9.87,9.8855,0.0155
test,2015-09-23,9.93,9.7558,-0.1742
test,2015-09-24,10.004,9.8367,-0.1673
test,2015-09-25,9.968,9.9933,0.0253
test,2015-09-26,9.99,10.0104,0.0204
test,2015-09-27,9.978,10.0415,0.0635
test,2015-09-28,9.902,10.0281,0.1261
test,2015-09-29,9.868,9.9389,0.0709
test,2015-09-30,9.736,9.8519,0.1159
test,2015-10-01,9.602,9.6992,0.0972
test,2015-10-02,9.476,9.5457,0.0697
test,2015-10-03,9.256,9.385,0.129
test,2015-10-04,9.08,9.156,0.076
test,2015-10-05,8.968,8.978,0.01
test,2015-10-06,8.8,8.8824,0.0824
test,2015-10-07,8.622,8.7332,0.1112
test,2015-10-08,8.5,8.5674,0.0674
test,2015-10-09,8.42,8.4565,0.0365
test,2015-10-10,8.258,8.388,0.13
test,2015-10-11,8.106,8.248,0.142
test,2015-10-12,7.972,8.1176,0.1456
test,2015-10-13,7.85,8.0056,0.1556
test,2015-10-14,7.712,7.8889,0.1769
test,2015-10-15,7.688,7.7458,0.0578
test,2015-10-16,7.632,7.7,0.068
test,2015-10-17,7.56,7.6519,0.0919
test,2015-10-18,7.48,7.5658,0.0858
test,2015-10-19,7.38,7.4716,0.0916
test,2015-10-20,7.3,7.36,0.06
test,2015-10-21,7.242,7.265,0.023
test,2015-10-22,7.198,7.1973,-0.0007
test,2015-10-23,7.09,7.1595,0.0695
test,2015-10-24,7.034,7.0738,0.0398
test,2015-10-25,6.988,7.0099,0.0219
test,2015-10-26,6.912,6.9653,0.0533
test,2015-10-27,6.772,6.8931,0.1211
test,2015-10-28,6.744,6.7655,0.0215
test,2015-10-29,6.672,6.7374,0.0654
test,2015-10-30,6.62,6.7106,0.0906
test,2015-10-31,6.67,6.6501,-0.0199
test,2015-11-01,6.68,6.6933,0.0133
test,2015-11-02,6.66,6.7298,0.0698
test,2015-11-03,6.65,6.7078,0.0578
test,2015-11-04,6.634,6.6796,0.0456
test,2015-11-05,6.612,6.6676,0.0556
test,2015-11-06,6.542,6.647,0.105
test,2015-11-07,6.482,6.5663,0.0843
test,2015-11-08,6.454,6.4995,0.0455
test,2015-11-09,6.47,6.4706,0.0006
test,2015-11-10,6.488,6.4768,-0.0112
test,2015-11-11,6.454,6.488,0.034
test,2015-11-12,6.404,6.4725,0.0685
test,2015-11-13,6.38,6.429,0.049
test,2015-11-14,6.36,6.3834,0.0234
test,2015-11-15,6.372,6.3504,-0.0216
test,2015-11-16,6.446,6.3532,-0.0928
test,2015-11-17,6.46,6.4284,-0.0316
test,2015-11-18,6.438,6.4677,0.0297
test,2015-11-19,6.386,6.4516,0.0656
test,2015-11-20,6.37,6.3942,0.0242
test,2015-11-21,6.33,6.3536,0.0236
test,2015-11-22,6.24,6.3011,0.0611
test,2015-11-23,6.168,6.212,0.044
test,2015-11-24,6.198,6.1499,-0.0481
test,2015-11-25,6.156,6.1803,0.0243
test,2015-11-26,6.14,6.1571,0.0171
test,2015-11-27,6.102,6.132,0.03
test,2015-11-28,6.046,6.1121,0.0661
test,2015-11-29,6.04,6.0707,0.0307
test,2015-11-30,6.038,6.0514,0.0134
test,2015-12-01,5.986,6.0505,0.0645
test,2015-12-02,6.022,6.0124,-0.0096
test,2015-12-03,6.074,6.0337,-0.0403
test,2015-12-04,6.066,6.0844,0.0184
test,2015-12-05,5.984,6.0841,0.1001
test,2015-12-06,5.926,6.0068,0.0808
test,2015-12-07,5.91,5.9324,0.0224
test,2015-12-08,5.9,5.8956,-0.0044
test,2015-12-09,5.88,5.8768,-0.0032
test,2015-12-10,5.836,5.8642,0.0282
test,2015-12-11,5.818,5.8366,0.0186
test,2015-12-12,5.69,5.8176,0.1276
test,2015-12-13,5.66,5.701,0.041
test,2015-12-14,5.626,5.6403,0.0143
test,2015-12-15,5.586,5.6078,0.0218
test,2015-12-16,5.57,5.5678,-0.0022
test,2015-12-17,5.55,5.5582,0.0082
test,2015-12-18,5.538,5.5523,0.0143
test,2015-12-19,5.47,5.5578,0.0878
test,2015-12-20,5.406,5.497,0.091
test,2015-12-21,5.38,5.4272,0.0472
test,2015-12-22,5.278,5.3912,0.1132
test,2015-12-23,5.218,5.3058,0.0878
test,2015-12-24,5.198,5.2387,0.0407
test,2015-12-25,5.162,5.2164,0.0544
test,2015-12-26,5.124,5.197,0.073
test,2015-12-27,5.052,5.1497,0.0977
test,2015-12-28,5.04,5.0755,0.0355
test,2015-12-29,4.974,5.0431,0.0691
test,2015-12-30,4.914,4.9775,0.0635
test,2015-12-31,4.86,4.9141,0.0541
test,2016-01-01,4.838,4.8706,0.0326
test,2016-01-02,4.806,4.8403,0.0343
test,2016-01-03,4.8,4.8104,0.0104
test,2016-01-04,4.788,4.7937,0.0057
test,2016-01-05,4.72,4.7885,0.0685
test,2016-01-06,4.642,4.7331,0.0911
test,2016-01-07,4.62,4.6617,0.0417
test,2016-01-08,4.62,4.6277,0.0077
test,2016-01-09,4.62,4.6183,-0.0017
test,2016-01-10,4.596,4.6181,0.0221
test,2016-01-11,4.58,4.6136,0.0336
test,2016-01-12,4.58,4.6077,0.0277
test,2016-01-13,4.58,4.602,0.022
test,2016-01-14,4.56,4.5955,0.0355
test,2016-01-15,4.538,4.5826,0.0446
test,2016-01-16,4.502,4.5694,0.0674
test,2016-01-17,4.454,4.5463,0.0923
test,2016-01-18,4.384,4.5133,0.1293
test,2016-01-19,4.312,4.4596,0.1476
test,2016-01-20,4.3,4.4222,0.1222
test,2016-01-21,4.32,4.3915,0.0715
test,2016-01-22,4.332,4.3787,0.0467
test,2016-01-23,4.352,4.402,0.05
test,2016-01-24,4.396,4.4245,0.0285
test,2016-01-25,4.41,4.4558,0.0458
test,2016-01-26,4.378,4.4714,0.0934
test,2016-01-27,4.32,4.4584,0.1384
test,2016-01-28,4.252,4.4126,0.1606
test,2016-01-29,4.25,4.3514,0.1014
test,2016-01-30,4.252,4.3278,0.0758
test,2016-01-31,4.314,4.3143,0.0003
test,2016-02-01,4.32,4.357,0.037
test,2016-02-02,4.31,4.3623,0.0523
test,2016-02-03,4.29,4.3697,0.0797
test,2016-02-04,4.27,4.3575,0.0875
test,2016-02-05,4.26,4.33,0.07
test,2016-02-06,4.248,4.3046,0.0566
test,2016-02-07,4.22,4.2841,0.0641
test,2016-02-08,4.21,4.2615,0.0515
test,2016-02-09,4.19,4.2537,0.0637
test,2016-02-10,4.2,4.2304,0.0304
test,2016-02-11,4.19,4.2268,0.0368
test,2016-02-12,4.19,4.2136,0.0236
test,2016-02-13,4.19,4.2057,0.0157
test,2016-02-14,4.178,4.2077,0.0297
test,2016-02-15,4.15,4.2125,0.0625
test,2016-02-16,4.15,4.2034,0.0534
test,2016-02-17,4.138,4.2099,0.0719
test,2016-02-18,4.12,4.1899,0.0699
test,2016-02-19,4.12,4.1757,0.0557
test,2016-02-20,4.12,4.1756,0.0556
test,2016-02-21,4.11,4.1897,0.0797
test,2016-02-22,4.09,4.1511,0.0611
test,2016-02-23,4.076,4.1208,0.0448
test,2016-02-24,4.038,4.1001,0.0621
test,2016-02-25,4.008,4.0627,0.0547
test,2016-02-26,3.978,4.0332,0.0552
test,2016-02-27,3.95,4.0123,0.0623
test,2016-02-28,3.94,3.9917,0.0517
test,2016-02-29,3.93,3.9804,0.0504
test,2016-03-01,3.93,3.9664,0.0364
test,2016-03-02,3.928,3.9412,0.0132
test,2016-03-03,3.908,3.9401,0.0321
test,2016-03-04,3.878,3.9248,0.0468
test,2016-03-05,3.85,3.896,0.046
test,2016-03-06,3.838,3.8711,0.0331
test,2016-03-07,3.82,3.8545,0.0345
test,2016-03-08,3.778,3.8255,0.0475
test,2016-03-09,3.76,3.797,0.037
test,2016-03-10,3.77,3.7766,0.0066
test,2016-03-11,3.78,3.7814,0.0014
test,2016-03-12,3.79,3.7881,-0.0019
test,2016-03-13,3.792,3.7933,0.0013
test,2016-03-14,3.884,3.8049,-0.0791
test,2016-03-15,4.042,3.858,-0.184
test,2016-03-16,4.14,3.9878,-0.1522
test,2016-03-17,4.14,4.1042,-0.0358
test,2016-03-18,4.15,4.1378,-0.0122
test,2016-03-19,4.158,4.1454,-0.0126
test,2016-03-20,4.094,4.148,0.054
test,2016-03-21,4.06,4.0991,0.0391
test,2016-03-22,4.078,4.0709,-0.0071
test,2016-03-23,4.038,4.0949,0.0569
test,2016-03-24,3.788,4.0762,0.2882
test,2016-03-25,3.546,3.8931,0.3471
test,2016-03-26,3.43,3.6762,0.2462
test,2016-03-27,3.374,3.5405,0.1665
test,2016-03-28,3.37,3.4602,0.0902
test,2016-03-29,3.37,3.4129,0.0429
test,2016-03-30,3.372,3.4191,0.0471
test,2016-03-31,3.4,3.4426,0.0426
test,2016-04-01,3.396,3.4516,0.0556
test,2016-04-02,3.37,3.4332,0.0632
test,2016-04-03,3.384,3.4302,0.0462
test,2016-04-04,3.634,3.4483,-0.1857
test,2016-04-05,3.86,3.6158,-0.2442
test,2016-04-06,3.992,3.8368,-0.1552
test,2016-04-07,4.084,4.0115,-0.0725
test,2016-04-08,4.162,4.1168,-0.0452
test,2016-04-09,4.2,4.1735,-0.0265
test,2016-04-10,4.21,4.1928,-0.0172
test,2016-04-11,4.154,4.1858,0.0318
test,2016-04-12,4.164,4.153,-0.011
test,2016-04-13,4.126,4.1715,0.0455
test,2016-04-14,3.988,4.1583,0.1703
test,2016-04-15,3.794,4.0476,0.2536
test,2016-04-16,3.692,3.8793,0.1873
test,2016-04-17,3.766,3.7674,0.0014
test,2016-04-18,3.878,3.7997,-0.0783
test,2016-04-19,3.89,3.907,0.017
test,2016-04-20,3.912,3.9731,0.0611
test,2016-04-21,3.952,4.0293,0.0773
test,2016-04-22,4.032,4.0932,0.0612
test,2016-04-23,4.1,4.1676,0.0676
test,2016-04-24,4.272,4.2331,-0.0389
test,2016-04-25,4.43,4.3915,-0.0385
test,2016-04-26,4.514,4.5591,0.0451
test,2016-04-27,4.592,4.643,0.051
test,2016-04-28,4.66,4.6977,0.0377
test,2016-04-29,4.726,4.7338,0.0078
test,2016-04-30,4.83,4.7606,-0.0694
test,2016-05-01,4.998,4.8239,-0.1741
test,2016-05-02,5.1,4.976,-0.124
test,2016-05-03,5.044,5.1007,0.0567
test,2016-05-04,4.886,5.0414,0.1554
test,2016-05-05,4.736,4.8597,0.1237
test,2016-05-06,4.686,4.689,0.003
test,2016-05-07,4.75,4.6215,-0.1285
test,2016-05-08,4.828,4.6849,-0.1431
test,2016-05-09,4.73,4.8061,0.0761
test,2016-05-10,4.62,4.7741,0.1541
test,2016-05-11,4.456,4.6836,0.2276
test,2016-05-12,4.342,4.5286,0.1866
test,2016-05-13,4.308,4.3917,0.0837
test,2016-05-14,4.27,4.3438,0.0738
test,2016-05-15,4.27,4.329,0.059
test,2016-05-16,4.316,4.3608,0.0448
test,2016-05-17,4.262,4.4155,0.1535
test,2016-05-18,4.242,4.3884,0.1464
test,2016-05-19,4.312,4.3564,0.0444
test,2016-05-20,4.452,4.388,-0.064
test,2016-05-21,4.716,4.5007,-0.2153
test,2016-05-22,4.89,4.7412,-0.1488
test,2016-05-23,5.172,4.9535,-0.2185
test,2016-05-24,5.508,5.2476,-0.2604
test,2016-05-25,5.736,5.6018,-0.1342
test,2016-05-26,5.738,5.8288,0.0908
test,2016-05-27,5.648,5.7969,0.1489
test,2016-05-28,5.53,5.6473,0.1173
test,2016-05-29,5.468,5.4893,0.0213
test,2016-05-30,5.41,5.4028,-0.0072
test,2016-05-31,5.378,5.3668,-0.0112
test,2016-06-01,5.39,5.3794,-0.0106
test,2016-06-02,5.4,5.4204,0.0204
test,2016-06-03,5.42,5.4498,0.0298
test,2016-06-04,5.454,5.4762,0.0222
test,2016-06-05,5.416,5.514,0.098
test,2016-06-06,5.328,5.478,0.15
test,2016-06-07,5.208,5.4058,0.1978
test,2016-06-08,5.178,5.3207,0.1427
test,2016-06-09,5.11,5.3153,0.2053
test,2016-06-10,5.064,5.2741,0.2101
test,2016-06-11,4.982,5.2315,0.2495
test,2016-06-12,4.912,5.1644,0.2524
test,2016-06-13,5.122,5.0941,-0.0279
test,2016-06-14,5.35,5.2498,-0.1002
test,2016-06-15,5.47,5.4737,0.0037
test,2016-06-16,5.55,5.6027,0.0527
test,2016-06-17,5.682,5.6612,-0.0208
test,2016-06-18,5.99,5.758,-0.232
test,2016-06-19,6.36,6.0448,-0.3152
test,2016-06-20,6.676,6.4306,-0.2454
test,2016-06-21,6.71,6.79,0.08
test,2016-06-22,6.652,6.8114,0.1594
test,2016-06-23,6.722,6.7175,-0.0045
test,2016-06-24,7.186,6.7701,-0.4159
test,2016-06-25,7.686,7.287,-0.399
test,2016-06-26,8.204,7.9224,-0.2816
test,2016-06-27,8.334,8.5279,0.1939
test,2016-06-28,8.66,8.6751,0.0151
test,2016-06-29,8.718,8.9263,0.2083
test,2016-06-30,8.6,8.9064,0.3064
test,2016-07-01,8.46,8.6507,0.1907
test,2016-07-02,8.38,8.4062,0.0262
test,2016-07-03,8.416,8.3926,-0.0234
test,2016-07-04,8.58,8.55,-0.03
test,2016-07-05,8.702,8.8398,0.1378
test,2016-07-06,9.01,9.0873,0.0773
test,2016-07-07,9.132,9.4043,0.2723
test,2016-07-08,9.226,9.4978,0.2718
test,2016-07-09,9.372,9.5651,0.1931
test,2016-07-10,9.55,9.705,0.155
test,2016-07-11,9.752,9.8764,0.1244
test,2016-07-12,9.896,10.0384,0.1424
test,2016-07-13,10.026,10.1687,0.1427
test,2016-07-14,10.12,10.2537,0.1337
test,2016-07-15,10.806,10.2802,-0.5258
test,2016-07-16,11.168,10.9811,-0.1869
test,2016-07-17,11.334,11.3822,0.0482
test,2016-07-18,11.532,11.5541,0.0221
test,2016-07-19,11.652,11.6836,0.0316
test,2016-07-20,11.91,11.771,-0.139
test,2016-07-21,12.08,11.9448,-0.1352
test,2016-07-22,12.27,12.0883,-0.1817
test,2016-07-23,12.32,12.3364,0.0164
test,2016-07-24,12.36,12.4287,0.0687
test,2016-07-25,12.44,12.4159,-0.0241
test,2016-07-26,12.52,12.4576,-0.0624
test,2016-07-27,12.59,12.4829,-0.1071
test,2016-07-28,12.65,12.508,-0.142
test,2016-07-29,12.76,12.5595,-0.2005
test,2016-07-30,12.79,12.746,-0.044
test,2016-07-31,12.79,12.8598,0.0698
test,2016-08-01,12.8,12.881,0.081
test,2016-08-02,12.81,12.8745,0.0645
test,2016-08-03,12.762,12.8716,0.1096
test,2016-08-04,12.704,12.7905,0.0865
test,2016-08-05,12.668,12.7023,0.0343
test,2016-08-06,12.634,12.6952,0.0612
test,2016-08-07,12.538,12.656,0.118
test,2016-08-08,12.366,12.5302,0.1642
test,2016-08-09,12.244,12.3267,0.0827
test,2016-08-10,12.144,12.1928,0.0488
test,2016-08-11,12.052,12.0785,0.0265
test,2016-08-12,11.968,11.995,0.027
test,2016-08-13,11.982,11.9348,-0.0472
test,2016-08-14,12.02,11.9717,-0.0483
test,2016-08-15,12.08,12.058,-0.022
test,2016-08-16,12.208,12.1578,-0.0502
test,2016-08-17,12.332,12.3194,-0.0126
test,2016-08-18,12.5,12.4278,-0.0722
test,2016-08-19,12.55,12.5649,0.0149
test,2016-08-20,12.59,12.5925,0.0025
test,2016-08-21,12.68,12.6229,-0.0571
test,2016-08-22,12.76,12.7158,-0.0442
test,2016-08-23,12.852,12.7812,-0.0708
test,2016-08-24,12.962,12.8678,-0.0942
test,2016-08-25,13.06,12.9726,-0.0874
test,2016-08-26,13.198,13.0973,-0.1007
test,2016-08-27,13.296,13.213,-0.083
test,2016-08-28,13.272,13.2795,0.0075
test,2016-08-29,13.246,13.2244,-0.0216
test,2016-08-30,13.224,13.1626,-0.0614
test,2016-08-31,13.196,13.128,-0.068
test,2016-09-01,13.164,13.1035,-0.0605
test,2016-09-02,13.06,13.0968,0.0368
test,2016-09-03,12.904,13.012,0.108
test,2016-09-04,12.658,12.8734,0.2154
test,2016-09-05,12.23,12.6297,0.3997
test,2016-09-06,11.92,12.1942,0.2742
test,2016-09-07,11.62,11.8589,0.2389
test,2016-09-08,11.568,11.5645,-0.0035
test,2016-09-09,11.56,11.5486,-0.0114
test,2016-09-10,11.546,11.6242,0.0782
test,2016-09-11,11.506,11.6527,0.1467
test,2016-09-12,11.5,11.6034,0.1034
test,2016-09-13,11.51,11.5492,0.0392
test,2016-09-14,11.534,11.5431,0.0091
test,2016-09-15,11.598,11.5457,-0.0523
test,2016-09-16,11.572,11.6143,0.0423
test,2016-09-17,11.49,11.5962,0.1062
test,2016-09-18,11.338,11.514,0.176
test,2016-09-19,11.288,11.3403,0.0523
test,2016-09-20,11.274,11.2484,-0.0256
test,2016-09-21,11.246,11.2126,-0.0334
test,2016-09-22,11.216,11.1799,-0.0361
test,2016-09-23,11.2,11.1692,-0.0308
test,2016-09-24,11.244,11.1624,-0.0816
test,2016-09-25,11.236,11.2012,-0.0348
test,2016-09-26,11.25,11.2038,-0.0462
test,2016-09-27,11.25,11.2449,-0.0051
test,2016-09-28,11.178,11.2783,0.1003
test,2016-09-29,11.24,11.2112,-0.0288
test,2016-09-30,11.36,11.2842,-0.0758
test,2016-10-01,11.44,11.4389,-0.0011
test,2016-10-02,11.48,11.5475,0.0675
test,2016-10-03,11.562,11.5711,0.0091
test,2016-10-04,11.65,11.6306,-0.0194
test,2016-10-05,11.71,11.6938,-0.0162
test,2016-10-06,11.59,11.726,0.136
test,2016-10-07,11.41,11.5734,0.1634
test,2016-10-08,11.22,11.3716,0.1516
test,2016-10-09,11.02,11.1648,0.1448
test,2016-10-10,10.844,10.9534,0.1094
test,2016-10-11,10.82,10.7808,-0.0392
test,2016-10-12,10.84,10.7929,-0.0471
test,2016-10-13,10.814,10.8703,0.0563
test,2016-10-14,10.8,10.8652,0.0652
test,2016-10-15,10.87,10.8319,-0.0381
test,2016-10-16,10.944,10.872,-0.072
test,2016-10-17,10.94,10.9172,-0.0228
test,2016-10-18,10.876,10.877,0.001
test,2016-10-19,10.79,10.7862,-0.0038
test,2016-10-20,10.448,10.6924,0.2444
test,2016-10-21,10.254,10.3379,0.0839
test,2016-10-22,10.22,10.0895,-0.1305
test,2016-10-23,10.122,10.0599,-0.0621
test,2016-10-24,9.924,9.9917,0.0677
test,2016-10-25,9.57,9.8034,0.2334
test,2016-10-26,9.442,9.4437,0.0017
test,2016-10-27,9.34,9.2938,-0.0462
test,2016-10-28,9.232,9.1824,-0.0496
test,2016-10-29,9.132,9.0722,-0.0598
test,2016-10-30,8.946,9.0038,0.0578
test,2016-10-31,8.83,8.8598,0.0298
test,2016-11-01,8.786,8.7472,-0.0388
test,2016-11-02,8.726,8.6942,-0.0318
test,2016-11-03,8.598,8.6468,0.0488
test,2016-11-04,8.482,8.5301,0.0481
test,2016-11-05,8.434,8.4222,-0.0118
test,2016-11-06,8.36,8.3879,0.0279
test,2016-11-07,8.238,8.3234,0.0854
test,2016-11-08,8.2,8.2063,0.0063
test,2016-11-09,8.1,8.1436,0.0436
test,2016-11-10,8.03,8.0416,0.0116
test,2016-11-11,7.984,7.945,-0.039
test,2016-11-12,7.882,7.8819,-0.0001
test,2016-11-13,8.058,7.7922,-0.2658
test,2016-11-14,8.15,7.9384,-0.2116
test,2016-11-15,8.102,8.0706,-0.0314
test,2016-11-16,7.958,8.0662,0.1082
test,2016-11-17,7.92,7.9373,0.0173
test,2016-11-18,7.882,7.8738,-0.0082
test,2016-11-19,7.844,7.8284,-0.0156
test,2016-11-20,8.038,7.7711,-0.2669
test,2016-11-21,8.008,7.9681,-0.0399
test,2016-11-22,7.92,8.0065,0.0865
test,2016-11-23,7.818,7.9257,0.1077
test,2016-11-24,7.72,7.7945,0.0745
test,2016-11-25,7.7,7.6602,-0.0398
test,2016-11-26,7.7,7.6087,-0.0913
test,2016-11-27,7.69,7.5978,-0.0922
test,2016-11-28,7.638,7.6421,0.0041
test,2016-11-29,7.61,7.6314,0.0214
test,2016-11-30,7.586,7.6031,0.0171
test,2016-12-01,7.566,7.5598,-0.0062
test,2016-12-02,7.56,7.5277,-0.0323
test,2016-12-03,7.548,7.5188,-0.0292
test,2016-12-04,7.51,7.5101,0.0001
test,2016-12-05,7.474,7.4954,0.0214
test,2016-12-06,7.444,7.459,0.015
test,2016-12-07,7.42,7.4176,-0.0024
test,2016-12-08,7.344,7.3767,0.0327
test,2016-12-09,7.276,7.293,0.017
test,2016-12-10,7.242,7.2153,-0.0267
test,2016-12-11,7.25,7.1743,-0.0757
test,2016-12-12,7.24,7.1771,-0.0629
test,2016-12-13,7.23,7.1698,-0.0602
test,2016-12-14,7.136,7.1694,0.0334
test,2016-12-15,7.042,7.1,0.058
test,2016-12-16,7.07,7.0031,-0.0669
test,2016-12-17,7.096,7.0073,-0.0887
test,2016-12-18,7.078,7.0364,-0.0416
test,2016-12-19,6.846,7.0318,0.1858
test,2016-12-20,6.574,6.8312,0.2572
test,2016-12-21,6.3,6.5616,0.2616
test,2016-12-22,6.042,6.2813,0.2393
test,2016-12-23,5.92,6.0104,0.0904
test,2016-12-24,5.89,5.8607,-0.0293
test,2016-12-25,5.868,5.822,-0.046
test,2016-12-26,5.782,5.8232,0.0412
test,2016-12-27,5.728,5.77,0.042
test,2016-12-28,5.676,5.7122,0.0362
test,2016-12-29,5.65,5.6426,-0.0074
test,2016-12-30,5.608,5.5839,-0.0241
test,2016-12-31,5.492,5.5442,0.0522
test,2017-01-01,5.456,5.469,0.013
test,2017-01-02,5.414,5.4297,0.0157
test,2017-01-03,5.39,5.3875,-0.0025
test,2017-01-04,5.378,5.3412,-0.0368
test,2017-01-05,5.328,5.3031,-0.0249
test,2017-01-06,5.286,5.2475,-0.0385
test,2017-01-07,5.24,5.1949,-0.0451
test,2017-01-08,5.198,5.1505,-0.0475
test,2017-01-09,5.138,5.1218,-0.0162
test,2017-01-10,5.068,5.0672,-0.0008
test,2017-01-11,4.998,5.0153,0.0173
test,2017-01-12,4.928,4.9656,0.0376
test,2017-01-13,4.876,4.917,0.041
test,2017-01-14,4.83,4.8798,0.0498
test,2017-01-15,4.882,4.8416,-0.0404
test,2017-01-16,4.952,4.8636,-0.0884
test,2017-01-17,4.958,4.9284,-0.0296
test,2017-01-18,4.878,4.9706,0.0926
test,2017-01-19,4.802,4.9455,0.1435
test,2017-01-20,4.768,4.8826,0.1146
test,2017-01-21,4.742,4.8299,0.0879
test,2017-01-22,4.718,4.7884,0.0704
test,2017-01-23,4.68,4.7539,0.0739
test,2017-01-24,4.67,4.7207,0.0507
test,2017-01-25,4.67,4.7067,0.0367
test,2017-01-26,4.67,4.6903,0.0203
test,2017-01-27,4.67,4.6615,-0.0085
test,2017-01-28,4.67,4.6558,-0.0142
test,2017-01-29,4.67,4.6418,-0.0282
test,2017-01-30,4.67,4.6439,-0.0261
test,2017-01-31,4.67,4.657,-0.013
test,2017-02-01,4.638,4.6593,0.0213
test,2017-02-02,4.59,4.6266,0.0366
test,2017-02-03,4.57,4.6008,0.0308
test,2017-02-04,4.55,4.5918,0.0418
test,2017-02-05,4.51,4.5682,0.0582
test,2017-02-06,4.47,4.525,0.055
test,2017-02-07,4.44,4.4864,0.0464
test,2017-02-08,4.43,4.4554,0.0254
test,2017-02-09,4.42,4.4417,0.0217
test,2017-02-10,4.41,4.4369,0.0269
test,2017-02-11,4.39,4.4396,0.0496
test,2017-02-12,4.38,4.4207,0.0407
test,2017-02-13,4.38,4.4113,0.0313
test,2017-02-14,4.37,4.4056,0.0356
test,2017-02-15,4.362,4.4054,0.0434
test,2017-02-16,4.344,4.4001,0.0561
test,2017-02-17,4.33,4.3752,0.0452
test,2017-02-18,4.314,4.353,0.039
test,2017-02-19,4.296,4.3308,0.0348
test,2017-02-20,4.258,4.3029,0.0449
test,2017-02-21,4.224,4.2585,0.0345
test,2017-02-22,4.17,4.2103,0.0403
test,2017-02-23,4.16,4.1528,-0.0072
test,2017-02-24,4.172,4.1336,-0.0384
test,2017-02-25,4.19,4.1474,-0.0426
test,2017-02-26,4.19,4.1676,-0.0224
test,2017-02-27,4.19,4.179,-0.011
test,2017-02-28,4.19,4.1862,-0.0038
test,2017-03-01,4.19,4.188,-0.002
test,2017-03-02,4.18,4.169,-0.011
test,2017-03-03,4.158,4.1627,0.0047
test,2017-03-04,4.14,4.1514,0.0114
test,2017-03-05,4.13,4.1386,0.0086
test,2017-03-06,4.118,4.133,0.015
test,2017-03-07,4.088,4.1273,0.0393
test,2017-03-08,4.054,4.1006,0.0466
test,2017-03-09,4.024,4.0636,0.0396
test,2017-03-10,4.02,4.0292,0.0092
test,2017-03-11,4.008,4.0287,0.0207
test,2017-03-12,3.974,3.9993,0.0253
test,2017-03-13,3.998,3.9669,-0.0311
test,2017-03-14,4.088,3.9924,-0.0956
test,2017-03-15,4.128,4.0671,-0.0609
test,2017-03-16,4.17,4.1129,-0.0571
test,2017-03-17,4.18,4.1509,-0.0291
test,2017-03-18,4.19,4.1797,-0.0103
test,2017-03-19,4.17,4.1918,0.0218
test,2017-03-20,4.17,4.1757,0.0057
test,2017-03-21,4.18,4.1527,-0.0273
test,2017-03-22,4.17,4.1638,-0.0062
test,2017-03-23,4.158,4.1618,0.0038
test,2017-03-24,4.064,4.1578,0.0938
test,2017-03-25,3.984,4.0978,0.1138
test,2017-03-26,3.946,4.0212,0.0752
test,2017-03-27,3.904,3.9639,0.0599
test,2017-03-28,3.9,3.9165,0.0165
test,2017-03-29,3.9,3.9026,0.0026
test,2017-03-30,3.9,3.9,-0.0
test,2017-03-31,3.9,3.91,0.01
test,2017-04-01,3.9,3.9225,0.0225
test,2017-04-02,3.9,3.913,0.013
test,2017-04-03,3.918,3.923,0.005
test,2017-04-04,4.076,3.9432,-0.1328
test,2017-04-05,4.168,4.0724,-0.0956
test,2017-04-06,4.21,4.1862,-0.0238
test,2017-04-07,4.236,4.239,0.003
test,2017-04-08,4.27,4.2606,-0.0094
test,2017-04-09,4.27,4.2906,0.0206
test,2017-04-10,4.27,4.3122,0.0422
test,2017-04-11,4.29,4.3088,0.0188
test,2017-04-12,4.312,4.3195,0.0075
test,2017-04-13,4.356,4.3351,-0.0209
test,2017-04-14,4.35,4.3701,0.0201
test,2017-04-15,4.34,4.3622,0.0222
test,2017-04-16,4.34,4.3434,0.0034
test,2017-04-17,4.314,4.3353,0.0213
test,2017-04-18,4.294,4.3129,0.0189
test,2017-04-19,4.292,4.3027,0.0107
test,2017-04-20,4.352,4.3092,-0.0428
test,2017-04-21,4.302,4.3765,0.0745
test,2017-04-22,4.256,4.3635,0.1075
test,2017-04-23,4.152,4.3278,0.1758
test,2017-04-24,4.178,4.2326,0.0546
test,2017-04-25,4.272,4.2215,-0.0505
test,2017-04-26,4.38,4.2995,-0.0805
test,2017-04-27,4.428,4.4155,-0.0125
test,2017-04-28,4.476,4.4962,0.0202
test,2017-04-29,4.522,4.5441,0.0221
test,2017-04-30,4.616,4.5754,-0.0406
test,2017-05-01,4.6,4.6278,0.0278
test,2017-05-02,4.59,4.5978,0.0078
test,2017-05-03,4.562,4.5836,0.0216
test,2017-05-04,4.712,4.553,-0.159
test,2017-05-05,4.858,4.6753,-0.1827
test,2017-05-06,5.018,4.8357,-0.1823
test,2017-05-07,5.008,5.0135,0.0055
test,2017-05-08,4.96,5.0319,0.0719
test,2017-05-09,4.94,4.9586,0.0186
test,2017-05-10,4.918,4.9027,-0.0153
test,2017-05-11,4.874,4.8642,-0.0098
test,2017-05-12,4.818,4.8332,0.0152
test,2017-05-13,4.78,4.8013,0.0213
test,2017-05-14,4.776,4.7843,0.0083
test,2017-05-15,4.84,4.7962,-0.0438
test,2017-05-16,4.84,4.8618,0.0218
test,2017-05-17,4.848,4.8839,0.0359
test,2017-05-18,4.742,4.8893,0.1473
test,2017-05-19,4.676,4.8036,0.1276
test,2017-05-20,4.628,4.729,0.101
test,2017-05-21,4.61,4.6958,0.0858
test,2017-05-22,4.63,4.6836,0.0536
test,2017-05-23,4.63,4.7102,0.0802
test,2017-05-24,4.62,4.7164,0.0964
test,2017-05-25,4.62,4.7066,0.0866
test,2017-05-26,4.672,4.6906,0.0186
test,2017-05-27,4.75,4.7198,-0.0302
test,2017-05-28,4.822,4.7899,-0.0321
test,2017-05-29,4.926,4.8706,-0.0554
test,2017-05-30,5.032,4.9964,-0.0356
test,2017-05-31,5.062,5.1156,0.0536
test,2017-06-01,5.09,5.1496,0.0596
test,2017-06-02,5.12,5.1522,0.0322
test,2017-06-03,5.16,5.17,0.01
test,2017-06-04,5.17,5.2082,0.0382
test,2017-06-05,5.23,5.2279,-0.0021
test,2017-06-06,5.28,5.2926,0.0126
test,2017-06-07,5.59,5.3585,-0.2315
test,2017-06-08,5.88,5.6587,-0.2213
test,2017-06-09,6.1,5.9957,-0.1043
test,2017-06-10,6.19,6.2421,0.0521
test,2017-06-11,6.16,6.3254,0.1654
test,2017-06-12,6.03,6.2324,0.2024
test,2017-06-13,5.86,6.0481,0.1881
test,2017-06-14,5.71,5.8441,0.1341
test,2017-06-15,5.63,5.7075,0.0775
test,2017-06-16,5.6,5.6626,0.0626
test,2017-06-17,5.59,5.6735,0.0835
test,2017-06-18,5.64,5.6836,0.0436
test,2017-06-19,5.79,5.7276,-0.0624
test,2017-06-20,6.04,5.8714,-0.1686
test,2017-06-21,6.33,6.1279,-0.2021
test,2017-06-22,6.54,6.4526,-0.0874
test,2017-06-23,6.68,6.7105,0.0305
test,2017-06-24,6.76,6.8481,0.0881
test,2017-06-25,6.8,6.8763,0.0763
test,2017-06-26,6.9,6.8635,-0.0365
test,2017-06-27,6.99,6.9461,-0.0439
test,2017-06-28,6.97,7.049,0.079
test,2017-06-29,6.93,7.0288,0.0988
test,2017-06-30,6.93,6.9786,0.0486
test,2017-07-01,7.392,6.9678,-0.4242
test,2017-07-02,7.49,7.4661,-0.0239
test,2017-07-03,7.622,7.6165,-0.0055
test,2017-07-04,7.762,7.7559,-0.0061
test,2017-07-05,7.87,7.9656,0.0956
test,2017-07-06,8.054,8.1329,0.0789
test,2017-07-07,8.274,8.3394,0.0654
test,2017-07-08,8.442,8.5802,0.1382
test,2017-07-09,8.574,8.8321,0.2581
test,2017-07-10,8.664,8.9751,0.3111
test,2017-07-11,8.796,9.1041,0.3081
test,2017-07-12,8.97,9.2434,0.2734
test,2017-07-13,9.128,9.3788,0.2508
test,2017-07-14,9.258,9.5075,0.2495
test,2017-07-15,9.3,9.5688,0.2688
test,2017-07-16,9.26,9.5805,0.3205
test,2017-07-17,9.11,9.5122,0.4022
test,2017-07-18,8.906,9.298,0.392
test,2017-07-19,8.72,9.0227,0.3027
test,2017-07-20,8.558,8.7844,0.2264
test,2017-07-21,8.398,8.5919,0.1939
test,2017-07-22,8.236,8.4479,0.2119
test,2017-07-23,8.12,8.3389,0.2189
test,2017-07-24,8.154,8.2895,0.1355
test,2017-07-25,8.186,8.3673,0.1813
test,2017-07-26,8.11,8.4096,0.2996
test,2017-07-27,8.006,8.3337,0.3277
test,2017-07-28,7.92,8.2297,0.3097
test,2017-07-29,7.844,8.1645,0.3205
test,2017-07-30,7.808,8.0946,0.2866
test,2017-07-31,7.86,8.0334,0.1734
test,2017-08-01,11.2,8.0793,-3.1207
test,2017-08-02,11.25,11.4838,0.2338
test,2017-08-03,11.226,11.983,0.757
test,2017-08-04,11.194,11.5951,0.4011
test,2017-08-05,11.14,11.3417,0.2017
test,2017-08-06,11.17,11.0488,-0.1212
test,2017-08-07,11.218,10.8821,-0.3359
test,2017-08-08,11.302,10.8534,-0.4486
test,2017-08-09,11.354,11.4355,0.0815
test,2017-08-10,11.464,11.5855,0.1215
test,2017-08-11,11.65,11.6313,-0.0187
test,2017-08-12,11.74,11.7594,0.0194
test,2017-08-13,11.946,11.7918,-0.1542
test,2017-08-14,12.21,11.9542,-0.2558
test,2017-08-15,12.458,12.1342,-0.3238
test,2017-08-16,12.65,12.5544,-0.0956
test,2017-08-17,12.738,12.7745,0.0365
test,2017-08-18,12.84,12.8498,0.0098
test,2017-08-19,12.92,12.9326,0.0126
test,2017-08-20,12.96,12.9512,-0.0088
test,2017-08-21,12.986,12.928,-0.058
test,2017-08-22,12.97,12.9124,-0.0576
test,2017-08-23,12.938,12.8985,-0.0395
test,2017-08-24,12.892,12.8649,-0.0271
test,2017-08-25,12.81,12.7988,-0.0112
test,2017-08-26,12.654,12.6886,0.0346
test,2017-08-27,12.51,12.5021,-0.0079
test,2017-08-28,12.49,12.3202,-0.1698
test,2017-08-29,12.37,12.2167,-0.1533
test,2017-08-30,12.26,12.0907,-0.1693
test,2017-08-31,12.1,11.9567,-0.1433
test,2017-09-01,12.01,11.8886,-0.1214
test,2017-09-02,11.99,11.8993,-0.0907
test,2017-09-03,11.912,11.9513,0.0393
test,2017-09-04,11.89,11.9007,0.0107
test,2017-09-05,11.876,11.8897,0.0137
test,2017-09-06,11.796,11.8685,0.0725
test,2017-09-07,11.764,11.78,0.016
test,2017-09-08,11.75,11.721,-0.029
test,2017-09-09,11.722,11.6788,-0.0432
test,2017-09-10,11.59,11.6178,0.0278
test,2017-09-11,11.418,11.4531,0.0351
test,2017-09-12,11.14,11.2673,0.1273
test,2017-09-13,11.022,10.9677,-0.0543
test,2017-09-14,10.994,10.8245,-0.1695
test,2017-09-15,10.97,10.829,-0.141
test,2017-09-16,10.852,10.8616,0.0096
test,2017-09-17,10.786,10.784,-0.002
test,2017-09-18,10.756,10.7237,-0.0323
test,2017-09-19,10.61,10.7034,0.0934
test,2017-09-20,10.482,10.5395,0.0575
test,2017-09-21,10.358,10.386,0.028
test,2017-09-22,10.33,10.2871,-0.0429
test,2017-09-23,10.354,10.3181,-0.0359
test,2017-09-24,10.29,10.4365,0.1465
test,2017-09-25,10.202,10.4665,0.2645
test,2017-09-26,10.112,10.4061,0.2941
test,2017-09-27,10.05,10.2761,0.2261
test,2017-09-28,10.01,10.1656,0.1556
test,2017-09-29,10.0,10.0959,0.0959
test,2017-09-30,10.0,10.0937,0.0937
test,2017-10-01,10.024,10.1047,0.0807
test,2017-10-02,9.962,10.1381,0.1761
test,2017-10-03,9.926,10.049,0.123
test,2017-10-04,9.92,9.9551,0.0351
test,2017-10-05,9.91,9.9207,0.0107
test,2017-10-06,10.19,9.9087,-0.2813
test,2017-10-07,10.14,10.2123,0.0723
test,2017-10-08,10.106,10.1898,0.0838
test,2017-10-09,10.046,10.0942,0.0482
test,2017-10-10,9.94,9.9812,0.0412
test,2017-10-11,9.79,9.8307,0.0407
test,2017-10-12,9.702,9.6372,-0.0648
test,2017-10-13,9.676,9.5211,-0.1549
test,2017-10-14,9.67,9.556,-0.114
test,2017-10-15,9.74,9.6006,-0.1394
test,2017-10-16,9.6,9.7096,0.1096
test,2017-10-17,9.42,9.5886,0.1686
test,2017-10-18,9.156,9.3757,0.2197
test,2017-10-19,9.05,9.0678,0.0178
test,2017-10-20,8.992,8.9143,-0.0777
test,2017-10-21,9.0,8.9066,-0.0934
test,2017-10-22,8.92,8.9819,0.0619
test,2017-10-23,8.774,8.9834,0.2094
test,2017-10-24,8.636,8.8519,0.2159
test,2017-10-25,8.42,8.6829,0.2629
test,2017-10-26,8.4,8.405,0.005
test,2017-10-27,8.39,8.3218,-0.0682
test,2017-10-28,8.374,8.3185,-0.0555
test,2017-10-29,8.25,8.3293,0.0793
test,2017-10-30,8.064,8.2397,0.1757
test,2017-10-31,8.07,8.0389,-0.0311
test,2017-11-01,8.024,7.9923,-0.0317
test,2017-11-02,7.952,7.9207,-0.0313
test,2017-11-03,7.82,7.8386,0.0186
test,2017-11-04,7.79,7.7283,-0.0617
test,2017-11-05,7.75,7.7106,-0.0394
test,2017-11-06,7.692,7.693,0.001
test,2017-11-07,7.62,7.6295,0.0095
test,2017-11-08,7.52,7.5691,0.0491
test,2017-11-09,7.338,7.4694,0.1314
test,2017-11-10,7.286,7.2995,0.0135
test,2017-11-11,7.246,7.2222,-0.0238
test,2017-11-12,7.28,7.1935,-0.0865
test,2017-11-13,7.256,7.2279,-0.0281
test,2017-11-14,7.16,7.2198,0.0598
test,2017-11-15,7.088,7.1472,0.0592
test,2017-11-16,7.046,7.0758,0.0298
test,2017-11-17,7.02,7.0139,-0.0061
test,2017-11-18,6.982,6.9693,-0.0127
test,2017-11-19,6.89,6.9347,0.0447
test,2017-11-20,6.76,6.866,0.106
test,2017-11-21,6.716,6.7461,0.0301
test,2017-11-22,6.674,6.6775,0.0035
test,2017-11-23,6.66,6.6246,-0.0354
test,2017-11-24,6.622,6.597,-0.025
test,2017-11-25,6.482,6.5658,0.0838
test,2017-11-26,6.422,6.4491,0.0271
test,2017-11-27,6.37,6.3803,0.0103
test,2017-11-28,6.346,6.3236,-0.0224
test,2017-11-29,6.33,6.2916,-0.0384
test,2017-11-30,6.32,6.2786,-0.0414
test,2017-12-01,6.198,6.2815,0.0835
test,2017-12-02,6.154,6.1924,0.0384
test,2017-12-03,6.118,6.1266,0.0086
test,2017-12-04,6.11,6.0797,-0.0303
test,2017-12-05,6.1,6.0543,-0.0457
test,2017-12-06,6.056,6.0657,0.0097
test,2017-12-07,5.932,6.0423,0.1103
test,2017-12-08,5.93,5.9435,0.0135
test,2017-12-09,5.932,5.9086,-0.0234
test,2017-12-10,5.97,5.895,-0.075
test,2017-12-11,5.882,5.9197,0.0377
test,2017-12-12,5.842,5.8606,0.0186
test,2017-12-13,5.82,5.8273,0.0073
test,2017-12-14,5.8,5.8109,0.0109
test,2017-12-15,5.734,5.7852,0.0512
test,2017-12-16,5.666,5.728,0.062
test,2017-12-17,5.64,5.6673,0.0273
test,2017-12-18,5.614,5.6462,0.0322
test,2017-12-19,5.556,5.62,0.064
test,2017-12-20,5.46,5.5744,0.1144
test,2017-12-21,5.376,5.4965,0.1205
test,2017-12-22,5.37,5.4033,0.0333
test,2017-12-23,5.36,5.3667,0.0067
test,2017-12-24,5.36,5.3475,-0.0125
test,2017-12-25,5.302,5.3516,0.0496
test,2017-12-26,5.27,5.3174,0.0474
test,2017-12-27,5.26,5.2841,0.0241
test,2017-12-28,5.24,5.2609,0.0209
test,2017-12-29,5.186,5.2342,0.0482
test,2017-12-30,5.118,5.1906,0.0726
test,2017-12-31,4.98,5.1309,0.1509
test,2018-01-01,4.888,5.0168,0.1288
test,2018-01-02,4.84,4.9037,0.0637
test,2018-01-03,4.82,4.8372,0.0172
test,2018-01-04,4.8,4.8058,0.0058
test,2018-01-05,4.79,4.7898,-0.0002
test,2018-01-06,4.78,4.7894,0.0094
test,2018-01-07,4.76,4.7861,0.0261
test,2018-01-08,4.736,4.7683,0.0323
test,2018-01-09,4.682,4.7456,0.0636
test,2018-01-10,4.608,4.7085,0.1005
test,2018-01-11,4.548,4.6516,0.1036
test,2018-01-12,4.488,4.5954,0.1074
test,2018-01-13,4.434,4.5413,0.1073
test,2018-01-14,4.394,4.4889,0.0949
test,2018-01-15,4.356,4.4414,0.0854
test,2018-01-16,4.336,4.3979,0.0619
test,2018-01-17,4.32,4.3684,0.0484
test,2018-01-18,4.31,4.3477,0.0377
test,2018-01-19,4.3,4.3341,0.0341
test,2018-01-20,4.29,4.3257,0.0357
test,2018-01-21,4.28,4.3186,0.0386
test,2018-01-22,4.28,4.3133,0.0333
test,2018-01-23,4.28,4.3124,0.0324
test,2018-01-24,4.268,4.3136,0.0456
test,2018-01-25,4.234,4.3135,0.0795
test,2018-01-26,4.22,4.2889,0.0689
test,2018-01-27,4.194,4.2791,0.0851
test,2018-01-28,4.19,4.2582,0.0682
test,2018-01-29,4.19,4.2474,0.0574
test,2018-01-30,4.19,4.2471,0.0571
test,2018-01-31,4.19,4.2508,0.0608
test,2018-02-01,4.21,4.2546,0.0446
test,2018-02-02,4.22,4.2533,0.0333
test,2018-02-03,4.24,4.2634,0.0234
test,2018-02-04,4.24,4.2806,0.0406
test,2018-02-05,4.22,4.2903,0.0703
test,2018-02-06,4.19,4.2894,0.0994
test,2018-02-07,4.15,4.2809,0.1309
test,2018-02-08,4.12,4.2468,0.1268
test,2018-02-09,4.09,4.2,0.11
test,2018-02-10,4.05,4.1645,0.1145
test,2018-02-11,4.03,4.1279,0.0979
test,2018-02-12,4.02,4.1021,0.0821
test,2018-02-13,3.99,4.096,0.106
test,2018-02-14,3.99,4.0674,0.0774
test,2018-02-15,3.99,4.0495,0.0595
test,2018-02-16,3.98,4.053,0.073
test,2018-02-17,3.97,4.035,0.065
test,2018-02-18,3.97,4.0071,0.0371
test,2018-02-19,3.97,3.9971,0.0271
test,2018-02-20,3.94,4.0024,0.0624
test,2018-02-21,3.92,3.983,0.063
test,2018-02-22,3.91,3.9586,0.0486
test,2018-02-23,3.91,3.9421,0.0321
test,2018-02-24,3.91,3.9327,0.0227
test,2018-02-25,3.9,3.9322,0.0322
test,2018-02-26,3.9,3.926,0.026
test,2018-02-27,3.9,3.9259,0.0259
test,2018-02-28,3.88,3.9269,0.0469
test,2018-03-01,3.86,3.9089,0.0489
test,2018-03-02,3.86,3.8709,0.0109
test,2018-03-03,3.858,3.8609,0.0029
test,2018-03-04,3.824,3.8641,0.0401
test,2018-03-05,3.81,3.8456,0.0356
test,2018-03-06,3.8,3.831,0.031
test,2018-03-07,3.79,3.8216,0.0316
test,2018-03-08,3.78,3.818,0.038
test,2018-03-09,3.77,3.8116,0.0416
test,2018-03-10,3.76,3.7961,0.0361
test,2018-03-11,3.75,3.7868,0.0368
test,2018-03-12,3.74,3.7777,0.0377
test,2018-03-13,3.74,3.7646,0.0246
test,2018-03-14,3.776,3.7601,-0.0159
test,2018-03-15,3.8,3.789,-0.011
test,2018-03-16,3.81,3.8191,0.0091
test,2018-03-17,3.82,3.8223,0.0023
test,2018-03-18,3.83,3.8325,0.0025
test,2018-03-19,3.818,3.8528,0.0348
test,2018-03-20,3.79,3.8507,0.0607
test,2018-03-21,3.78,3.8202,0.0402
test,2018-03-22,3.78,3.799,0.019
test,2018-03-23,3.748,3.7936,0.0456
test,2018-03-24,3.728,3.7709,0.0429
test,2018-03-25,3.684,3.761,0.077
test,2018-03-26,3.66,3.7356,0.0756
test,2018-03-27,3.634,3.7048,0.0708
test,2018-03-28,3.63,3.6748,0.0448
test,2018-03-29,3.62,3.6641,0.0441
test,2018-03-30,3.64,3.659,0.019
test,2018-03-31,3.66,3.6642,0.0042
test,2018-04-01,3.668,3.6816,0.0136
test,2018-04-02,3.624,3.6855,0.0615
test,2018-04-03,3.61,3.6703,0.0603
test,2018-04-04,3.61,3.6549,0.0449
test,2018-04-05,3.632,3.6528,0.0208
test,2018-04-06,3.684,3.6662,-0.0178
test,2018-04-07,3.746,3.7122,-0.0338
test,2018-04-08,3.76,3.7758,0.0158
test,2018-04-09,3.77,3.8001,0.0301
test,2018-04-10,3.77,3.8056,0.0356
test,2018-04-11,3.79,3.8006,0.0106
test,2018-04-12,3.8,3.8068,0.0068
test,2018-04-13,3.77,3.8104,0.0404
test,2018-04-14,3.72,3.7922,0.0722
test,2018-04-15,3.68,3.7634,0.0834
test,2018-04-16,3.62,3.7347,0.1147
test,2018-04-17,3.6,3.6842,0.0842
test,2018-04-18,3.65,3.6522,0.0022
test,2018-04-19,3.63,3.686,0.056
test,2018-04-20,3.63,3.6898,0.0598
test,2018-04-21,3.63,3.6909,0.0609
test,2018-04-22,3.65,3.7024,0.0524
test,2018-04-23,3.67,3.7308,0.0608
test,2018-04-24,3.736,3.7564,0.0204
test,2018-04-25,3.832,3.8044,-0.0276
test,2018-04-26,3.902,3.8857,-0.0163
test,2018-04-27,3.91,3.9507,0.0407
test,2018-04-28,3.92,3.9679,0.0479
test,2018-04-29,3.954,3.9668,0.0128
test,2018-04-30,3.996,3.9852,-0.0108
test,2018-05-01,4.054,4.0096,-0.0444
test,2018-05-02,4.082,4.0524,-0.0296
test,2018-05-03,4.098,4.1044,0.0064
test,2018-05-04,4.014,4.1352,0.1212
test,2018-05-05,3.928,4.0678,0.1398
test,2018-05-06,3.878,3.976,0.098
test,2018-05-07,3.83,3.9154,0.0854
test,2018-05-08,3.82,3.8727,0.0527
test,2018-05-09,3.8,3.8657,0.0657
test,2018-05-10,3.78,3.866,0.086
test,2018-05-11,3.79,3.8655,0.0755
test,2018-05-12,3.8,3.8751,0.0751
test,2018-05-13,3.82,3.8839,0.0639
test,2018-05-14,3.95,3.8995,-0.0505
test,2018-05-15,3.994,3.9994,0.0054
test,2018-05-16,4.09,4.0628,-0.0272
test,2018-05-17,4.136,4.1524,0.0164
test,2018-05-18,4.206,4.2074,0.0014
test,2018-05-19,4.278,4.2617,-0.0163
test,2018-05-20,4.3,4.3172,0.0172
test,2018-05-21,4.32,4.3339,0.0139
test,2018-05-22,4.318,4.3524,0.0344
test,2018-05-23,4.29,4.3494,0.0594
test,2018-05-24,4.27,4.3207,0.0507
test,2018-05-25,4.26,4.2903,0.0303
test,2018-05-26,4.25,4.2833,0.0333
test,2018-05-27,4.252,4.2854,0.0334
test,2018-05-28,4.288,4.2996,0.0116
test,2018-05-29,4.384,4.3532,-0.0308
test,2018-05-30,4.522,4.4576,-0.0644
test,2018-05-31,4.778,4.6123,-0.1657
test,2018-06-01,5.258,4.875,-0.383
test,2018-06-02,5.484,5.3817,-0.1023
test,2018-06-03,5.62,5.6805,0.0605
test,2018-06-04,5.65,5.7999,0.1499
test,2018-06-05,5.61,5.783,0.173
test,2018-06-06,5.506,5.687,0.181
test,2018-06-07,5.432,5.5313,0.0993
test,2018-06-08,5.266,5.4358,0.1698
test,2018-06-09,5.096,5.3139,0.2179
test,2018-06-10,5.02,5.1655,0.1455
test,2018-06-11,4.97,5.1005,0.1305
test,2018-06-12,4.926,5.0803,0.1543
test,2018-06-13,4.97,5.0605,0.0905
test,2018-06-14,5.04,5.1093,0.0693
test,2018-06-15,5.14,5.2103,0.0703
test,2018-06-16,5.266,5.3519,0.0859
test,2018-06-17,5.42,5.4967,0.0767
test,2018-06-18,5.66,5.6703,0.0103
test,2018-06-19,5.92,5.9205,0.0005
test,2018-06-20,6.302,6.1778,-0.1242
test,2018-06-21,6.542,6.5556,0.0136
test,2018-06-22,6.912,6.7851,-0.1269
test,2018-06-23,7.014,7.1107,0.0967
test,2018-06-24,6.984,7.147,0.163
test,2018-06-25,6.88,7.0017,0.1217
test,2018-06-26,6.798,6.8047,0.0067
test,2018-06-27,6.84,6.6543,-0.1857
test,2018-06-28,7.06,6.7154,-0.3446
test,2018-06-29,7.11,7.0233,-0.0867
test,2018-06-30,7.11,7.1608,0.0508
test,2018-07-01,7.1,7.1824,0.0824
test,2018-07-02,7.094,7.1534,0.0594
test,2018-07-03,7.1,7.1781,0.0781
test,2018-07-04,7.356,7.2384,-0.1176
test,2018-07-05,7.75,7.6115,-0.1385
test,2018-07-06,8.022,8.1904,0.1684
test,2018-07-07,8.478,8.5238,0.0458
test,2018-07-08,8.81,8.9662,0.1562
test,2018-07-09,9.03,9.2533,0.2233
test,2018-07-10,9.162,9.3571,0.1951
test,2018-07-11,9.088,9.3458,0.2578
test,2018-07-12,9.04,9.1978,0.1578
test,2018-07-13,9.132,9.1006,-0.0314
test,2018-07-14,9.242,9.1766,-0.0654
test,2018-07-15,9.294,9.3279,0.0339
test,2018-07-16,9.318,9.4297,0.1117
test,2018-07-17,9.45,9.4644,0.0144
test,2018-07-18,9.49,9.5856,0.0956
test,2018-07-19,9.5,9.6063,0.1063
test,2018-07-20,9.57,9.5936,0.0236
test,2018-07-21,9.65,9.6754,0.0254
test,2018-07-22,9.708,9.7765,0.0685
test,2018-07-23,9.7,9.8479,0.1479
test,2018-07-24,9.64,9.8405,0.2005
test,2018-07-25,9.594,9.8253,0.2313
test,2018-07-26,9.502,9.8227,0.3207
test,2018-07-27,9.482,9.7782,0.2962
test,2018-07-28,9.54,9.78,0.24
test,2018-07-29,9.728,9.8916,0.1636
test,2018-07-30,9.966,10.1114,0.1454
test,2018-07-31,10.18,10.3348,0.1548
test,2018-08-01,10.514,10.5268,0.0128
test,2018-08-02,10.94,10.8814,-0.0586
test,2018-08-03,11.358,11.2864,-0.0716
test,2018-08-04,11.614,11.614,-0.0
test,2018-08-05,11.736,11.785,0.049
test,2018-08-06,11.79,11.8248,0.0348
test,2018-08-07,11.81,11.8064,-0.0036
test,2018-08-08,11.95,11.7466,-0.2034
test,2018-08-09,12.024,11.902,-0.122
test,2018-08-10,12.03,12.0021,-0.0279
test,2018-08-11,12.04,12.022,-0.018
test,2018-08-12,11.966,11.9958,0.0298
test,2018-08-13,11.91,11.9034,-0.0066
test,2018-08-14,11.84,11.8411,0.0011
test,2018-08-15,11.806,11.761,-0.045
test,2018-08-16,11.814,11.758,-0.056
test,2018-08-17,11.788,11.7919,0.0039
test,2018-08-18,11.74,11.7818,0.0418
test,2018-08-19,11.74,11.767,0.027
test,2018-08-20,11.77,11.8043,0.0343
test,2018-08-21,11.77,11.8504,0.0804
test,2018-08-22,11.76,11.8359,0.0759
test,2018-08-23,11.726,11.8028,0.0768
test,2018-08-24,11.686,11.7622,0.0762
test,2018-08-25,11.67,11.7044,0.0344
test,2018-08-26,11.67,11.6998,0.0298
test,2018-08-27,11.748,11.6902,-0.0578
test,2018-08-28,11.792,11.7858,-0.0062
test,2018-08-29,11.89,11.8199,-0.0701
test,2018-08-30,11.986,11.9166,-0.0694
test,2018-08-31,11.95,11.9862,0.0362
test,2018-09-01,12.018,11.9267,-0.0913
test,2018-09-02,12.104,12.0066,-0.0974
test,2018-09-03,12.218,12.0912,-0.1268
test,2018-09-04,12.28,12.2261,-0.0539
test,2018-09-05,12.34,12.3093,-0.0307
test,2018-09-06,12.34,12.3719,0.0319
test,2018-09-07,12.41,12.3762,-0.0338
test,2018-09-08,12.53,12.4338,-0.0962
test,2018-09-09,12.542,12.5532,0.0112
test,2018-09-10,12.59,12.5251,-0.0649
test,2018-09-11,12.606,12.5472,-0.0588
test,2018-09-12,12.59,12.5428,-0.0472
test,2018-09-13,12.64,12.5,-0.14
test,2018-09-14,12.686,12.529,-0.157
test,2018-09-15,12.734,12.565,-0.169
test,2018-09-16,12.78,12.5852,-0.1948
test,2018-09-17,12.83,12.5887,-0.2413
test,2018-09-18,12.808,12.6007,-0.2073
test,2018-09-19,12.722,12.5558,-0.1662
test,2018-09-20,12.45,12.4471,-0.0029
test,2018-09-21,12.162,12.1925,0.0305
test,2018-09-22,11.8,11.8702,0.0702
test,2018-09-23,11.344,11.5029,0.1589
test,2018-09-24,11.06,11.0496,-0.0104
test,2018-09-25,10.74,10.8033,0.0633
test,2018-09-26,10.572,10.5568,-0.0152
test,2018-09-27,10.4,10.4381,0.0381
test,2018-09-28,10.23,10.3229,0.0929
test,2018-09-29,10.06,10.1774,0.1174
test,2018-09-30,9.93,10.0175,0.0875
test,2018-10-01,9.824,9.8608,0.0368
test,2018-10-02,9.62,9.7528,0.1328
test,2018-10-03,9.522,9.5297,0.0077
test,2018-10-04,9.608,9.4031,-0.2049
test,2018-10-05,9.55,9.4757,-0.0743
test,2018-10-06,9.412,9.4656,0.0536
test,2018-10-07,9.21,9.3362,0.1262
test,2018-10-08,9.044,9.1188,0.0748
test,2018-10-09,9.014,8.9219,-0.0921
test,2018-10-10,8.996,8.8174,-0.1786
test,2018-10-11,8.97,8.7774,-0.1926
test,2018-10-12,8.984,8.7825,-0.2015
test,2018-10-13,8.99,8.8287,-0.1613
test,2018-10-14,8.936,8.8657,-0.0703
test,2018-10-15,8.802,8.8308,0.0288
test,2018-10-16,8.724,8.7005,-0.0235
test,2018-10-17,8.4,8.613,0.213
test,2018-10-18,8.284,8.3218,0.0378
test,2018-10-19,8.408,8.2079,-0.2001
test,2018-10-20,8.256,8.3675,0.1115
test,2018-10-21,8.01,8.307,0.297
test,2018-10-22,7.916,8.0863,0.1703
test,2018-10-23,7.81,7.9672,0.1572
test,2018-10-24,7.73,7.8552,0.1252
test,2018-10-25,7.672,7.7333,0.0613
test,2018-10-26,7.56,7.6617,0.1017
test,2018-10-27,7.482,7.5911,0.1091
test,2018-10-28,7.47,7.5151,0.0451
test,2018-10-29,7.43,7.4785,0.0485
test,2018-10-30,7.368,7.4288,0.0608
test,2018-10-31,7.328,7.3602,0.0322
test,2018-11-01,7.252,7.2937,0.0417
test,2018-11-02,7.198,7.2107,0.0127
test,2018-11-03,7.19,7.147,-0.043
test,2018-11-04,7.186,7.1299,-0.0561
test,2018-11-05,7.18,7.1266,-0.0534
test,2018-11-06,7.17,7.1262,-0.0438
test,2018-11-07,7.09,7.1156,0.0256
test,2018-11-08,7.042,7.0363,-0.0057
test,2018-11-09,7.036,6.9676,-0.0684
test,2018-11-10,7.03,6.9406,-0.0894
test,2018-11-11,7.03,6.942,-0.088
test,2018-11-12,7.03,6.9602,-0.0698
test,2018-11-13,7.016,6.9804,-0.0356
test,2018-11-14,6.986,6.9853,-0.0007
test,2018-11-15,6.956,6.9617,0.0057
test,2018-11-16,6.908,6.9311,0.0231
test,2018-11-17,6.84,6.8834,0.0434
test,2018-11-18,6.682,6.8185,0.1365
test,2018-11-19,6.61,6.6749,0.0649
test,2018-11-20,6.588,6.5925,0.0045
test,2018-11-21,6.552,6.5649,0.0129
test,2018-11-22,6.728,6.5295,-0.1985
test,2018-11-23,6.72,6.6827,-0.0373
test,2018-11-24,6.72,6.7179,-0.0021
test,2018-11-25,6.686,6.7193,0.0333
test,2018-11-26,6.636,6.6761,0.0401
test,2018-11-27,6.53,6.6076,0.0776
test,2018-11-28,6.472,6.5005,0.0285
test,2018-11-29,6.436,6.429,-0.007
test,2018-11-30,6.412,6.413,0.001
test,2018-12-01,6.394,6.3973,0.0033
test,2018-12-02,6.358,6.381,0.023
test,2018-12-03,6.324,6.3308,0.0068
test,2018-12-04,6.286,6.2833,-0.0027
test,2018-12-05,6.226,6.2323,0.0063
test,2018-12-06,6.178,6.1656,-0.0124
test,2018-12-07,6.134,6.1279,-0.0061
test,2018-12-08,6.06,6.0939,0.0339
test,2018-12-09,6.014,6.0337,0.0197
test,2018-12-10,5.992,5.9867,-0.0053
test,2018-12-11,5.91,5.9611,0.0511
test,2018-12-12,5.772,5.8881,0.1161
test,2018-12-13,5.688,5.7637,0.0757
test,2018-12-14,5.68,5.6769,-0.0031
test,2018-12-15,5.66,5.661,0.001
test,2018-12-16,5.65,5.6521,0.0021
test,2018-12-17,5.64,5.6467,0.0067
test,2018-12-18,5.64,5.6457,0.0057
test,2018-12-19,5.768,5.6342,-0.1338
test,2018-12-20,5.742,5.7161,-0.0259
test,2018-12-21,5.692,5.7147,0.0227
test,2018-12-22,5.626,5.6706,0.0446
test,2018-12-23,5.576,5.6091,0.0331
test,2018-12-24,5.544,5.5517,0.0077
test,2018-12-25,5.45,5.5173,0.0673
test,2018-12-26,5.434,5.4415,0.0075
test,2018-12-27,5.416,5.4205,0.0045
test,2018-12-28,5.382,5.4065,0.0245
test,2018-12-29,5.37,5.3813,0.0113
test,2018-12-30,5.34,5.3686,0.0286
test,2018-12-31,5.326,5.3476,0.0216
test,2019-01-01,5.298,5.3355,0.0375
test,2019-01-02,5.26,5.297,0.037
test,2019-01-03,5.236,5.2695,0.0335
test,2019-01-04,5.21,5.2535,0.0435
test,2019-01-05,5.174,5.2297,0.0557
test,2019-01-06,5.144,5.1918,0.0478
test,2019-01-07,5.118,5.1539,0.0359
test,2019-01-08,5.084,5.1317,0.0477
test,2019-01-09,5.04,5.0927,0.0527
test,2019-01-10,4.986,5.0554,0.0694
test,2019-01-11,4.95,5.0083,0.0583
test,2019-01-12,4.934,4.9656,0.0316
test,2019-01-13,4.912,4.9385,0.0265
test,2019-01-14,4.888,4.9179,0.0299
test,2019-01-15,4.874,4.9004,0.0264
test,2019-01-16,4.846,4.8913,0.0453
test,2019-01-17,4.744,4.8639,0.1199
test,2019-01-18,4.536,4.7775,0.2415
test,2019-01-19,4.37,4.6123,0.2423
test,2019-01-20,4.282,4.4536,0.1716
test,2019-01-21,4.238,4.3476,0.1096
test,2019-01-22,4.226,4.2765,0.0505
test,2019-01-23,4.212,4.2492,0.0372
test,2019-01-24,4.234,4.2391,0.0051
test,2019-01-25,4.25,4.2471,-0.0029
test,2019-01-26,4.256,4.2719,0.0159
test,2019-01-27,4.206,4.2746,0.0686
test,2019-01-28,4.186,4.2299,0.0439
test,2019-01-29,4.18,4.2196,0.0396
test,2019-01-30,4.19,4.2274,0.0374
test,2019-01-31,4.19,4.2354,0.0454
test,2019-02-01,4.19,4.2352,0.0452
test,2019-02-02,4.19,4.2145,0.0245
test,2019-02-03,4.172,4.2042,0.0322
test,2019-02-04,4.168,4.1913,0.0233
test,2019-02-05,4.15,4.1909,0.0409
test,2019-02-06,4.16,4.1863,0.0263
test,2019-02-07,4.15,4.1835,0.0335
test,2019-02-08,4.15,4.176,0.026
test,2019-02-09,4.15,4.1753,0.0253
test,2019-02-10,4.15,4.1766,0.0266
test,2019-02-11,4.136,4.1855,0.0495
test,2019-02-12,4.134,4.1819,0.0479
test,2019-02-13,4.13,4.1807,0.0507
test,2019-02-14,4.14,4.1797,0.0397
test,2019-02-15,4.14,4.2016,0.0616
test,2019-02-16,4.14,4.2065,0.0665
test,2019-02-17,4.142,4.2005,0.0585
test,2019-02-18,4.162,4.1915,0.0295
test,2019-02-19,4.186,4.1935,0.0075
test,2019-02-20,4.234,4.1949,-0.0391
test,2019-02-21,4.23,4.2384,0.0084
test,2019-02-22,4.22,4.2749,0.0549
test,2019-02-23,4.214,4.284,0.07
test,2019-02-24,4.196,4.2709,0.0749
test,2019-02-25,4.17,4.2487,0.0787
test,2019-02-26,4.152,4.2078,0.0558
test,2019-02-27,4.15,4.1754,0.0254
test,2019-02-28,4.16,4.1705,0.0105
test,2019-03-01,4.15,4.1741,0.0241
test,2019-03-02,4.14,4.1627,0.0227
test,2019-03-03,4.12,4.1708,0.0508
test,2019-03-04,4.11,4.1496,0.0396
test,2019-03-05,4.09,4.1288,0.0388
test,2019-03-06,4.07,4.1063,0.0363
test,2019-03-07,4.02,4.1,0.08
test,2019-03-08,3.96,4.063,0.103
test,2019-03-09,3.93,4.0019,0.0719
test,2019-03-10,3.93,3.9682,0.0382
test,2019-03-11,3.96,3.9643,0.0043
test,2019-03-12,3.96,3.9777,0.0177
test,2019-03-13,3.95,3.9771,0.0271
test,2019-03-14,3.96,3.981,0.021
test,2019-03-15,3.96,3.9754,0.0154
test,2019-03-16,3.96,3.9603,0.0003
test,2019-03-17,3.95,3.9595,0.0095
test,2019-03-18,3.94,3.9558,0.0158
test,2019-03-19,3.92,3.942,0.022
test,2019-03-20,3.9,3.914,0.014
test,2019-03-21,3.9,3.8878,-0.0122
test,2019-03-22,3.89,3.8833,-0.0067
test,2019-03-23,3.87,3.8767,0.0067
test,2019-03-24,3.84,3.8658,0.0258
test,2019-03-25,3.81,3.8422,0.0322
test,2019-03-26,3.79,3.8142,0.0242
test,2019-03-27,3.77,3.7848,0.0148
test,2019-03-28,3.75,3.7695,0.0195
test,2019-03-29,3.74,3.7629,0.0229
test,2019-03-30,3.72,3.7628,0.0428
test,2019-03-31,3.72,3.7453,0.0253
test,2019-04-01,3.73,3.7354,0.0054
test,2019-04-02,3.706,3.7401,0.0341
test,2019-04-03,3.702,3.7416,0.0396
test,2019-04-04,3.732,3.7414,0.0094
test,2019-04-05,3.792,3.7629,-0.0291
test,2019-04-06,3.87,3.8129,-0.0571
test,2019-04-07,3.936,3.8779,-0.0581
test,2019-04-08,3.996,3.9408,-0.0552
test,2019-04-09,4.188,3.9959,-0.1921
test,2019-04-10,4.35,4.1524,-0.1976
test,2019-04-11,4.394,4.3288,-0.0652
test,2019-04-12,4.4,4.4023,0.0023
test,2019-04-13,4.4,4.422,0.022
test,2019-04-14,4.32,4.4287,0.1087
test,2019-04-15,4.232,4.3589,0.1269
test,2019-04-16,4.012,4.2633,0.2513
test,2019-04-17,3.81,4.092,0.282
test,2019-04-18,3.74,3.909,0.169
test,2019-04-19,3.854,3.7922,-0.0618
test,2019-04-20,3.98,3.8424,-0.1376
test,2019-04-21,4.07,3.9711,-0.0989
test,2019-04-22,4.084,4.0715,-0.0125
test,2019-04-23,4.07,4.1122,0.0422
test,2019-04-24,4.086,4.1163,0.0303
test,2019-04-25,4.21,4.1375,-0.0725
test,2019-04-26,4.294,4.2321,-0.0619
test,2019-04-27,4.3,4.3315,0.0315
test,2019-04-28,4.304,4.3694,0.0654
test,2019-04-29,4.404,4.3836,-0.0204
test,2019-04-30,4.454,4.4604,0.0064
test,2019-05-01,4.446,4.4983,0.0523
test,2019-05-02,4.416,4.4652,0.0492
test,2019-05-03,4.432,4.4214,-0.0106
test,2019-05-04,4.576,4.4247,-0.1513
test,2019-05-05,4.742,4.5329,-0.2091
test,2019-05-06,4.96,4.7019,-0.2581
test,2019-05-07,5.052,4.951,-0.101
test,2019-05-08,5.002,5.08,0.078
test,2019-05-09,5.112,5.0285,-0.0835
test,2019-05-10,5.254,5.1093,-0.1447
test,2019-05-11,5.454,5.2579,-0.1961
test,2019-05-12,5.56,5.4755,-0.0845
test,2019-05-13,5.646,5.6101,-0.0359
test,2019-05-14,5.726,5.7135,-0.0125
test,2019-05-15,5.582,5.7859,0.2039
test,2019-05-16,5.556,5.595,0.039
test,2019-05-17,5.57,5.5094,-0.0606
test,2019-05-18,5.6,5.5122,-0.0878
test,2019-05-19,5.68,5.5521,-0.1279
test,2019-05-20,5.75,5.6456,-0.1044
test,2019-05-21,5.796,5.7429,-0.0531
test,2019-05-22,5.714,5.8064,0.0924
test,2019-05-23,5.652,5.6863,0.0343
test,2019-05-24,5.628,5.5856,-0.0424
test,2019-05-25,5.39,5.556,0.166
test,2019-05-26,5.322,5.3473,0.0253
test,2019-05-27,5.284,5.2831,-0.0009
test,2019-05-28,5.34,5.286,-0.054
test,2019-05-29,5.33,5.3708,0.0408
test,2019-05-30,5.268,5.3718,0.1038
test,2019-05-31,5.26,5.3094,0.0494
test,2019-06-01,5.17,5.2953,0.1253
test,2019-06-02,5.122,5.1882,0.0662
test,2019-06-03,5.254,5.1294,-0.1246
test,2019-06-04,5.286,5.2442,-0.0418
test,2019-06-05,5.334,5.3181,-0.0159
test,2019-06-06,5.382,5.3751,-0.0069
test,2019-06-07,5.428,5.4247,-0.0033
test,2019-06-08,5.146,5.4692,0.3232
test,2019-06-09,5.01,5.1939,0.1839
test,2019-06-10,4.91,5.01,0.1
test,2019-06-11,4.842,4.9272,0.0852
test,2019-06-12,4.854,4.8827,0.0287
test,2019-06-13,4.888,4.9153,0.0273
test,2019-06-14,5.06,4.9771,-0.0829
test,2019-06-15,5.2,5.1503,-0.0497
test,2019-06-16,5.362,5.2797,-0.0823
test,2019-06-17,5.658,5.4347,-0.2233
test,2019-06-18,5.6,5.7402,0.1402
test,2019-06-19,5.638,5.7227,0.0847
test,2019-06-20,5.65,5.7391,0.0891
test,2019-06-21,5.74,5.7491,0.0091
test,2019-06-22,6.01,5.8445,-0.1655
test,2019-06-23,6.18,6.1138,-0.0662
test,2019-06-24,6.332,6.3138,-0.0182
test,2019-06-25,6.392,6.5121,0.1201
test,2019-06-26,6.33,6.5486,0.2186
test,2019-06-27,6.272,6.4165,0.1445
test,2019-06-28,6.262,6.2972,0.0352
test,2019-06-29,6.412,6.2796,-0.1324
test,2019-06-30,6.552,6.4889,-0.0631
test,2019-07-01,6.736,6.6892,-0.0468
test,2019-07-02,7.03,6.9258,-0.1042
test,2019-07-03,7.222,7.2328,0.0108
test,2019-07-04,7.12,7.4175,0.2975
test,2019-07-05,7.002,7.227,0.225
test,2019-07-06,6.996,7.0517,0.0557
test,2019-07-07,6.84,7.0957,0.2557
test,2019-07-08,6.768,7.0002,0.2322
test,2019-07-09,6.84,7.0167,0.1767
test,2019-07-10,6.982,7.2351,0.2531
test,2019-07-11,7.242,7.4897,0.2477
test,2019-07-12,7.58,7.8203,0.2403
test,2019-07-13,8.062,8.2157,0.1537
test,2019-07-14,8.622,8.7436,0.1216
test,2019-07-15,9.554,9.2877,-0.2663
test,2019-07-16,10.162,10.1946,0.0326
test,2019-07-17,10.922,10.7589,-0.1631
test,2019-07-18,11.432,11.3497,-0.0823
test,2019-07-19,11.722,11.6882,-0.0338
test,2019-07-20,11.892,11.8266,-0.0654
test,2019-07-21,11.926,11.8659,-0.0601
test,2019-07-22,11.844,11.8087,-0.0353
test,2019-07-23,11.712,11.7528,0.0408
test,2019-07-24,11.498,11.6837,0.1857
test,2019-07-25,11.432,11.5033,0.0713
test,2019-07-26,11.382,11.4851,0.1031
test,2019-07-27,11.4,11.4529,0.0529
test,2019-07-28,11.458,11.5129,0.0549
test,2019-07-29,11.492,11.567,0.075
test,2019-07-30,11.408,11.5534,0.1454
test,2019-07-31,11.362,11.4441,0.0821
test,2019-08-01,11.332,11.4323,0.1003
test,2019-08-02,11.28,11.4778,0.1978
test,2019-08-03,11.022,11.4491,0.4271
test,2019-08-04,10.968,11.1662,0.1982
test,2019-08-05,10.854,11.0616,0.2076
test,2019-08-06,10.802,10.9018,0.0998
test,2019-08-07,10.746,10.8132,0.0672
test,2019-08-08,10.764,10.7757,0.0117
test,2019-08-09,10.702,10.814,0.112
test,2019-08-10,10.57,10.7661,0.1961
test,2019-08-11,10.802,10.5902,-0.2118
test,2019-08-12,10.96,10.8123,-0.1477
test,2019-08-13,11.01,10.9782,-0.0318
test,2019-08-14,11.1,10.9868,-0.1132
test,2019-08-15,11.072,11.0713,-0.0007
test,2019-08-16,11.024,11.0752,0.0512
test,2019-08-17,10.93,11.0194,0.0894
test,2019-08-18,10.862,10.8798,0.0178
test,2019-08-19,10.844,10.8628,0.0188
test,2019-08-20,10.9,10.9286,0.0286
test,2019-08-21,11.082,11.0346,-0.0474
test,2019-08-22,11.32,11.2782,-0.0418
test,2019-08-23,11.628,11.5719,-0.0561
test,2019-08-24,11.84,11.8795,0.0395
test,2019-08-25,11.972,12.0126,0.0406
test,2019-08-26,12.06,12.0786,0.0186
test,2019-08-27,12.148,12.1194,-0.0286
test,2019-08-28,12.16,12.1577,-0.0023
test,2019-08-29,11.962,12.1678,0.2058
test,2019-08-30,11.866,11.962,0.096
test,2019-08-31,11.46,11.8354,0.3754
test,2019-09-01,11.304,11.3958,0.0918
test,2019-09-02,11.266,11.2354,-0.0306
test,2019-09-03,11.252,11.1998,-0.0522
test,2019-09-04,11.33,11.1697,-0.1603
test,2019-09-05,11.396,11.279,-0.117
test,2019-09-06,11.446,11.3755,-0.0705
test,2019-09-07,11.36,11.4444,0.0844
test,2019-09-08,11.3,11.3301,0.0301
test,2019-09-09,11.14,11.2515,0.1115
test,2019-09-10,11.07,11.0408,-0.0292
test,2019-09-11,11.0,10.9647,-0.0353
test,2019-09-12,10.98,10.9644,-0.0156
test,2019-09-13,10.962,10.9931,0.0311
test,2019-09-14,10.916,11.0591,0.1431
test,2019-09-15,10.858,11.047,0.189
test,2019-09-16,11.226,10.9814,-0.2446
test,2019-09-17,11.522,11.3615,-0.1605
test,2019-09-18,11.8,11.7211,-0.0789
test,2019-09-19,12.08,11.9991,-0.0809
test,2019-09-20,12.32,12.2394,-0.0806
test,2019-09-21,12.53,12.437,-0.093
test,2019-09-22,12.706,12.5817,-0.1243
test,2019-09-23,12.85,12.6499,-0.2001
test,2019-09-24,12.888,12.7526,-0.1354
test,2019-09-25,12.948,12.766,-0.182
test,2019-09-26,13.014,12.7846,-0.2294
test,2019-09-27,13.044,12.8244,-0.2196
test,2019-09-28,13.116,12.8564,-0.2596
test,2019-09-29,13.192,12.9186,-0.2734
test,2019-09-30,13.272,13.0062,-0.2658
test,2019-10-01,13.4,13.1086,-0.2914
test,2019-10-02,13.464,13.2213,-0.2427
test,2019-10-03,13.464,13.2802,-0.1838
test,2019-10-04,13.408,13.2901,-0.1179
test,2019-10-05,13.316,13.2507,-0.0653
test,2019-10-06,13.316,13.1669,-0.1491
test,2019-10-07,13.19,13.1321,-0.0579
test,2019-10-08,13.098,13.0124,-0.0856
test,2019-10-09,12.88,12.9019,0.0219
test,2019-10-10,12.68,12.6831,0.0031
test,2019-10-11,12.478,12.4616,-0.0164
test,2019-10-12,12.174,12.2477,0.0737
test,2019-10-13,11.95,11.9431,-0.0069
test,2019-10-14,11.62,11.6993,0.0793
test,2019-10-15,11.026,11.3405,0.3145
test,2019-10-16,10.688,10.7157,0.0277
test,2019-10-17,10.48,10.3218,-0.1582
test,2019-10-18,10.276,10.1254,-0.1506
test,2019-10-19,10.2,9.9617,-0.2383
test,2019-10-20,10.12,9.893,-0.227
test,2019-10-21,10.03,9.8585,-0.1715
test,2019-10-22,9.848,9.8086,-0.0394
test,2019-10-23,9.73,9.6338,-0.0962
test,2019-10-24,9.63,9.4773,-0.1527
test,2019-10-25,9.57,9.3714,-0.1986
test,2019-10-26,9.54,9.3102,-0.2298
test,2019-10-27,9.498,9.3065,-0.1915
test,2019-10-28,9.466,9.3169,-0.1491
test,2019-10-29,9.42,9.3254,-0.0946
test,2019-10-30,9.37,9.2711,-0.0989
test,2019-10-31,9.32,9.1951,-0.1249
test,2019-11-01,9.3,9.1498,-0.1502
test,2019-11-02,9.3,9.1532,-0.1468
test,2019-11-03,9.29,9.1772,-0.1128
test,2019-11-04,9.28,9.1946,-0.0854
test,2019-11-05,9.268,9.2201,-0.0479
test,2019-11-06,9.232,9.2355,0.0035
test,2019-11-07,9.204,9.2079,0.0039
test,2019-11-08,9.186,9.1885,0.0025
test,2019-11-09,9.17,9.1878,0.0178
test,2019-11-10,9.16,9.1868,0.0268
test,2019-11-11,9.118,9.1927,0.0747
test,2019-11-12,9.1,9.1535,0.0535
test,2019-11-13,9.09,9.1221,0.0321
test,2019-11-14,9.046,9.0925,0.0465
test,2019-11-15,8.912,9.027,0.115
test,2019-11-16,8.874,8.8796,0.0056
test,2019-11-17,8.86,8.8073,-0.0527
test,2019-11-18,8.594,8.7906,0.1966
test,2019-11-19,8.206,8.5415,0.3355
test,2019-11-20,7.83,8.1433,0.3133
test,2019-11-21,7.682,7.7538,0.0718
test,2019-11-22,7.668,7.5853,-0.0827
test,2019-11-23,7.628,7.5685,-0.0595
test,2019-11-24,7.5,7.5734,0.0734
test,2019-11-25,7.32,7.5079,0.1879
test,2019-11-26,7.232,7.341,0.109
test,2019-11-27,7.23,7.2004,-0.0296
test,2019-11-28,7.204,7.1416,-0.0624
test,2019-11-29,7.166,7.1161,-0.0499
test,2019-11-30,7.1,7.1013,0.0013
test,2019-12-01,7.042,7.0675,0.0255
test,2019-12-02,6.978,7.024,0.046
test,2019-12-03,6.952,6.9404,-0.0116
test,2019-12-04,6.884,6.8755,-0.0085
test,2019-12-05,6.88,6.7949,-0.0851
test,2019-12-06,6.87,6.7724,-0.0976
test,2019-12-07,6.85,6.767,-0.083
test,2019-12-08,6.82,6.7548,-0.0652
test,2019-12-09,6.81,6.7292,-0.0808
test,2019-12-10,6.784,6.7084,-0.0756
test,2019-12-11,6.716,6.6852,-0.0308
test,2019-12-12,6.7,6.6318,-0.0682
test,2019-12-13,6.67,6.6265,-0.0435
test,2019-12-14,6.66,6.65,-0.01
test,2019-12-15,6.65,6.6636,0.0136
test,2019-12-16,6.57,6.6605,0.0905
test,2019-12-17,6.396,6.6212,0.2252
test,2019-12-18,6.332,6.467,0.135
test,2019-12-19,6.284,6.3687,0.0847
test,2019-12-20,6.26,6.3135,0.0535
test,2019-12-21,6.25,6.2929,0.0429
test,2019-12-22,6.216,6.2765,0.0605
test,2019-12-23,6.186,6.2494,0.0634
test,2019-12-24,6.18,6.2165,0.0365
test,2019-12-25,6.17,6.1878,0.0178
test,2019-12-26,6.15,6.1598,0.0098
test,2019-12-27,6.16,6.1511,-0.0089
test,2019-12-28,6.25,6.1885,-0.0615
test,2019-12-29,6.27,6.268,-0.002
test,2019-12-30,6.258,6.2973,0.0393
test,2019-12-31,6.194,6.2762,0.0822
test,2020-01-01,6.108,6.1964,0.0884
test,2020-01-02,6.054,6.0777,0.0237
test,2020-01-03,6.03,5.9898,-0.0402
test,2020-01-04,6.01,5.9469,-0.0631
test,2020-01-05,5.998,5.9386,-0.0594
test,2020-01-06,5.95,5.9354,-0.0146
test,2020-01-07,5.928,5.9031,-0.0249
test,2020-01-08,5.89,5.872,-0.018
test,2020-01-09,5.866,5.8342,-0.0318
test,2020-01-10,5.82,5.8204,0.0004
test,2020-01-11,5.746,5.7925,0.0465
test,2020-01-12,5.696,5.7576,0.0616
test,2020-01-13,5.666,5.7252,0.0592
test,2020-01-14,5.66,5.6862,0.0262
test,2020-01-15,5.65,5.6863,0.0363
test,2020-01-16,5.64,5.6884,0.0484
test,2020-01-17,5.63,5.6886,0.0586
test,2020-01-18,5.62,5.6809,0.0609
test,2020-01-19,5.62,5.6509,0.0309
test,2020-01-20,5.62,5.6346,0.0146
test,2020-01-21,5.61,5.6322,0.0222
test,2020-01-22,5.598,5.6169,0.0189
test,2020-01-23,5.57,5.6121,0.0421
test,2020-01-24,5.554,5.5986,0.0446
test,2020-01-25,5.456,5.5837,0.1277
test,2020-01-26,5.396,5.4877,0.0917
test,2020-01-27,5.39,5.3985,0.0085
test,2020-01-28,5.39,5.3704,-0.0196
test,2020-01-29,5.392,5.3575,-0.0345
test,2020-01-30,5.454,5.366,-0.088
test,2020-01-31,5.502,5.434,-0.068
test,2020-02-01,5.544,5.5069,-0.0371
test,2020-02-02,5.54,5.5351,-0.0049
test,2020-02-03,5.516,5.5401,0.0241
test,2020-02-04,5.496,5.5153,0.0193
test,2020-02-05,5.458,5.4927,0.0347
test,2020-02-06,5.426,5.4553,0.0293
test,2020-02-07,5.4,5.427,0.027
test,2020-02-08,5.39,5.4147,0.0247
test,2020-02-09,5.376,5.4075,0.0315
test,2020-02-10,5.328,5.3911,0.0631
test,2020-02-11,5.296,5.335,0.039
test,2020-02-12,5.258,5.286,0.028
test,2020-02-13,5.226,5.2403,0.0143
test,2020-02-14,5.21,5.1955,-0.0145
test,2020-02-15,5.2,5.1767,-0.0233
test,2020-02-16,5.168,5.1857,0.0177
test,2020-02-17,5.098,5.177,0.079
test,2020-02-18,5.034,5.1184,0.0844
test,2020-02-19,4.984,5.0493,0.0653
test,2020-02-20,4.932,4.9864,0.0544
test,2020-02-21,4.878,4.9242,0.0462
test,2020-02-22,4.842,4.8795,0.0375
test,2020-02-23,4.806,4.8491,0.0431
test,2020-02-24,4.776,4.8044,0.0284
test,2020-02-25,4.686,4.7633,0.0773
test,2020-02-26,4.596,4.6789,0.0829
test,2020-02-27,4.562,4.5882,0.0262
test,2020-02-28,4.53,4.5362,0.0062
test,2020-02-29,4.526,4.5172,-0.0088
test,2020-03-01,4.516,4.5068,-0.0092
test,2020-03-02,4.496,4.4915,-0.0045
test,2020-03-03,4.48,4.4843,0.0043
test,2020-03-04,4.48,4.4783,-0.0017
test,2020-03-05,4.542,4.4714,-0.0706
test,2020-03-06,4.592,4.5118,-0.0802
test,2020-03-07,4.654,4.578,-0.076
test,2020-03-08,4.714,4.6339,-0.0801
test,2020-03-09,4.742,4.6866,-0.0554
test,2020-03-10,4.784,4.7388,-0.0452
test,2020-03-11,4.804,4.7872,-0.0168
test,2020-03-12,4.81,4.7932,-0.0168
test,2020-03-13,4.778,4.7937,0.0157
test,2020-03-14,4.704,4.7827,0.0787
test,2020-03-15,4.636,4.7241,0.0881
test,2020-03-16,4.614,4.6479,0.0339
test,2020-03-17,4.634,4.6096,-0.0244
test,2020-03-18,4.678,4.6238,-0.0542
test,2020-03-19,4.726,4.6604,-0.0656
test,2020-03-20,4.74,4.7114,-0.0286
test,2020-03-21,4.75,4.7671,0.0171
test,2020-03-22,4.744,4.7898,0.0458
test,2020-03-23,4.762,4.7786,0.0166
test,2020-03-24,4.884,4.7785,-0.1055
test,2020-03-25,5.07,4.8773,-0.1927
test,2020-03-26,5.138,5.0685,-0.0695
test,2020-03-27,5.14,5.1887,0.0487
test,2020-03-28,5.148,5.2165,0.0685
test,2020-03-29,5.064,5.2083,0.1443
test,2020-03-30,5.034,5.0904,0.0564
test,2020-03-31,5.03,5.0144,-0.0156
test,2020-04-01,5.02,4.9868,-0.0332
test,2020-04-02,5.01,4.9665,-0.0435
test,2020-04-03,5.0,4.9692,-0.0308
test,2020-04-04,4.988,4.9806,-0.0074
test,2020-04-05,4.926,4.9748,0.0488
test,2020-04-06,4.874,4.9178,0.0438
test,2020-04-07,4.832,4.846,0.014
test,2020-04-08,4.806,4.7973,-0.0087
test,2020-04-09,4.836,4.7758,-0.0602
test,2020-04-10,4.86,4.8105,-0.0495
test,2020-04-11,4.85,4.8626,0.0126
test,2020-04-12,4.85,4.8748,0.0247
test,2020-04-13,4.85,4.8781,0.0281
test,2020-04-14,4.85,4.872,0.022
test,2020-04-15,4.838,4.8591,0.0211
test,2020-04-16,4.776,4.8307,0.0547
test,2020-04-17,4.728,4.7685,0.0405
test,2020-04-18,4.72,4.7184,-0.0016
test,2020-04-19,4.708,4.6989,-0.0091
test,2020-04-20,4.672,4.6843,0.0123
test,2020-04-21,4.636,4.6538,0.0178
test,2020-04-22,4.608,4.617,0.009
test,2020-04-23,4.592,4.5804,-0.0116
test,2020-04-24,4.652,4.5571,-0.0949
test,2020-04-25,4.686,4.604,-0.082
test,2020-04-26,4.718,4.6552,-0.0628
test,2020-04-27,4.746,4.7181,-0.0279
test,2020-04-28,4.788,4.7719,-0.0161
test,2020-04-29,4.828,4.8214,-0.0066
test,2020-04-30,4.96,4.8631,-0.0969
test,2020-05-01,5.018,4.9766,-0.0414
test,2020-05-02,5.018,5.0338,0.0158
test,2020-05-03,4.99,5.0527,0.0627
test,2020-05-04,4.998,5.0412,0.0432
test,2020-05-05,4.99,5.0412,0.0512
test,2020-05-06,4.99,5.0152,0.0252
test,2020-05-07,4.98,4.9931,0.0131
test,2020-05-08,4.982,4.9818,-0.0002
test,2020-05-09,5.028,4.9888,-0.0392
test,2020-05-10,5.068,5.0304,-0.0376
test,2020-05-11,5.144,5.0762,-0.0678
test,2020-05-12,5.18,5.1555,-0.0245
test,2020-05-13,5.178,5.1901,0.0121
test,2020-05-14,5.162,5.178,0.016
test,2020-05-15,5.206,5.1625,-0.0435
test,2020-05-16,5.208,5.2031,-0.0049
test,2020-05-17,5.184,5.2101,0.0261
test,2020-05-18,5.17,5.1852,0.0152
test,2020-05-19,5.142,5.1735,0.0315
test,2020-05-20,5.094,5.1493,0.0553
test,2020-05-21,5.19,5.0877,-0.1023
test,2020-05-22,5.322,5.1526,-0.1694
test,2020-05-23,5.31,5.2856,-0.0244
test,2020-05-24,5.32,5.3017,-0.0183
test,2020-05-25,5.33,5.3078,-0.0222
test,2020-05-26,5.44,5.3256,-0.1144
test,2020-05-27,5.78,5.4356,-0.3444
test,2020-05-28,6.05,5.791,-0.259
test,2020-05-29,6.162,6.1266,-0.0354
test,2020-05-30,6.61,6.268,-0.342
test,2020-05-31,6.856,6.7063,-0.1497
test,2020-06-01,6.816,6.9632,0.1472
test,2020-06-02,6.694,6.8442,0.1502
test,2020-06-03,6.562,6.619,0.057
test,2020-06-04,6.552,6.4345,-0.1175
test,2020-06-05,6.596,6.4014,-0.1946
test,2020-06-06,6.592,6.4934,-0.0986
test,2020-06-07,6.628,6.6078,-0.0202
test,2020-06-08,6.672,6.7098,0.0378
test,2020-06-09,6.768,6.753,-0.015
test,2020-06-10,6.788,6.815,0.027
test,2020-06-11,6.83,6.8212,-0.0088
test,2020-06-12,6.822,6.8844,0.0624
test,2020-06-13,7.036,6.8925,-0.1435
test,2020-06-14,7.118,7.1388,0.0208
test,2020-06-15,7.08,7.2581,0.1781
test,2020-06-16,7.074,7.1993,0.1253
test,2020-06-17,7.19,7.1634,-0.0266
test,2020-06-18,7.282,7.2702,-0.0118
test,2020-06-19,7.484,7.3916,-0.0924
test,2020-06-20,7.822,7.6453,-0.1767
test,2020-06-21,8.2,8.0693,-0.1307
test,2020-06-22,8.422,8.5211,0.0991
test,2020-06-23,8.676,8.698,0.022
test,2020-06-24,8.82,8.8605,0.0405
test,2020-06-25,8.932,8.9343,0.0023
test,2020-06-26,9.232,8.9772,-0.2548
test,2020-06-27,9.69,9.2941,-0.3959
test,2020-06-28,10.03,9.8635,-0.1665
test,2020-06-29,10.338,10.2781,-0.0599
test,2020-06-30,10.642,10.565,-0.077
test,2020-07-01,10.864,10.8354,-0.0286
test,2020-07-02,11.026,10.9766,-0.0494
test,2020-07-03,11.12,11.0613,-0.0587
test,2020-07-04,11.108,11.1325,0.0245
test,2020-07-05,11.082,11.1593,0.0773
test,2020-07-06,11.112,11.1469,0.0349
test,2020-07-07,11.112,11.1734,0.0614
test,2020-07-08,11.084,11.2126,0.1286
test,2020-07-09,11.066,11.2044,0.1384
test,2020-07-10,11.056,11.176,0.12
test,2020-07-11,11.026,11.184,0.158
test,2020-07-12,11.124,11.1767,0.0527
test,2020-07-13,11.416,11.2829,-0.1331
test,2020-07-14,11.792,11.6256,-0.1664
test,2020-07-15,12.03,12.0157,-0.0143
test,2020-07-16,12.24,12.222,-0.018
test,2020-07-17,12.348,12.3609,0.0129
test,2020-07-18,12.382,12.4055,0.0235
test,2020-07-19,12.49,12.3664,-0.1236
test,2020-07-20,12.51,12.3719,-0.1381
test,2020-07-21,12.526,12.4294,-0.0966
test,2020-07-22,12.492,12.5138,0.0218
test,2020-07-23,12.438,12.5047,0.0667
test,2020-07-24,12.42,12.4874,0.0674
test,2020-07-25,12.52,12.4761,-0.0439
test,2020-07-26,12.564,12.5426,-0.0214
test,2020-07-27,12.594,12.6081,0.0141
test,2020-07-28,12.626,12.648,0.022
test,2020-07-29,12.64,12.6626,0.0226
test,2020-07-30,12.558,12.6769,0.1189
test,2020-07-31,12.544,12.5741,0.0301
test,2020-08-01,12.508,12.5561,0.0481
test,2020-08-02,12.458,12.5612,0.1032
test,2020-08-03,12.414,12.5263,0.1123
test,2020-08-04,12.43,12.4661,0.0361
test,2020-08-05,12.468,12.4779,0.0099
test,2020-08-06,12.49,12.5266,0.0366
test,2020-08-07,12.46,12.567,0.107
test,2020-08-08,12.424,12.5437,0.1197
test,2020-08-09,12.372,12.4755,0.1035
test,2020-08-10,12.318,12.361,0.043
test,2020-08-11,12.258,12.2702,0.0122
test,2020-08-12,12.212,12.2235,0.0115
test,2020-08-13,12.136,12.1952,0.0592
test,2020-08-14,12.098,12.1236,0.0256
test,2020-08-15,12.098,12.078,-0.02
test,2020-08-16,12.09,12.0919,0.0019
test,2020-08-17,12.12,12.0948,-0.0252
test,2020-08-18,12.148,12.1366,-0.0114
test,2020-08-19,12.192,12.2149,0.0229
test,2020-08-20,12.298,12.3226,0.0246
test,2020-08-21,12.33,12.4612,0.1312
test,2020-08-22,12.294,12.4755,0.1815
test,2020-08-23,12.316,12.3991,0.0831
test,2020-08-24,12.29,12.3893,0.0993
test,2020-08-25,12.29,12.3381,0.0481
test,2020-08-26,12.312,12.3443,0.0323
test,2020-08-27,12.294,12.4084,0.1144
test,2020-08-28,12.17,12.417,0.247
test,2020-08-29,12.128,12.2673,0.1393
test,2020-08-30,12.038,12.1923,0.1543
test,2020-08-31,11.954,12.0942,0.1402
test,2020-09-01,11.88,11.9753,0.0953
test,2020-09-02,11.86,11.8898,0.0298
test,2020-09-03,11.86,11.8596,-0.0004
test,2020-09-04,11.86,11.8831,0.0231
test,2020-09-05,11.85,11.8765,0.0265
test,2020-09-06,11.812,11.8429,0.0309
test,2020-09-07,11.822,11.7748,-0.0472
test,2020-09-08,11.782,11.7492,-0.0328
test,2020-09-09,11.77,11.6947,-0.0753
test,2020-09-10,11.714,11.6914,-0.0226
test,2020-09-11,11.644,11.648,0.004
test,2020-09-12,11.612,11.6008,-0.0112
test,2020-09-13,11.544,11.5962,0.0522
test,2020-09-14,11.394,11.5159,0.1219
test,2020-09-15,11.37,11.3286,-0.0414
test,2020-09-16,11.31,11.2852,-0.0248
test,2020-09-17,11.284,11.2387,-0.0453
test,2020-09-18,11.314,11.2147,-0.0993
test,2020-09-19,11.388,11.2567,-0.1313
test,2020-09-20,11.4,11.3672,-0.0328
test,2020-09-21,11.372,11.3956,0.0236
test,2020-09-22,11.394,11.354,-0.04
test,2020-09-23,11.366,11.3586,-0.0074
test,2020-09-24,11.34,11.2824,-0.0576
test,2020-09-25,11.366,11.3341,-0.0319
test,2020-09-26,11.478,11.4265,-0.0515
test,2020-09-27,11.61,11.6254,0.0154
test,2020-09-28,11.798,11.78,-0.018
test,2020-09-29,11.944,11.9421,-0.0019
test,2020-09-30,12.04,12.0689,0.0289
test,2020-10-01,12.072,12.1292,0.0572
test,2020-10-02,12.1,12.0917,-0.0083
test,2020-10-03,12.052,12.0539,0.0019
test,2020-10-04,11.97,11.9697,-0.0003
test,2020-10-05,11.812,11.8589,0.0469
test,2020-10-06,11.676,11.7026,0.0266
test,2020-10-07,11.532,11.5742,0.0422
test,2020-10-08,11.458,11.4567,-0.0013
test,2020-10-09,11.3,11.3801,0.0801
test,2020-10-10,11.17,11.2195,0.0495
test,2020-10-11,11.1,11.0641,-0.0359
test,2020-10-12,10.994,10.9656,-0.0284
test,2020-10-13,10.9,10.8447,-0.0553
test,2020-10-14,10.8,10.7445,-0.0555
test,2020-10-15,10.59,10.6469,0.0569
test,2020-10-16,10.444,10.4519,0.0079
test,2020-10-17,10.322,10.2974,-0.0246
test,2020-10-18,10.112,10.1819,0.0699
test,2020-10-19,9.97,9.9907,0.0207
test,2020-10-20,9.774,9.8387,0.0647
test,2020-10-21,9.474,9.6505,0.1765
test,2020-10-22,9.37,9.347,-0.023
test,2020-10-23,9.198,9.2179,0.0199
test,2020-10-24,9.06,9.0852,0.0252
test,2020-10-25,8.828,8.9634,0.1354
test,2020-10-26,8.73,8.7406,0.0106
test,2020-10-27,8.618,8.616,-0.002
test,2020-10-28,8.522,8.5024,-0.0196
test,2020-10-29,8.46,8.385,-0.075
test,2020-10-30,8.388,8.3243,-0.0637
test,2020-10-31,8.31,8.267,-0.043
test,2020-11-01,8.238,8.2068,-0.0312
test,2020-11-02,8.192,8.1397,-0.0523
test,2020-11-03,8.096,8.1039,0.0079
test,2020-11-04,8.008,8.0299,0.0219
test,2020-11-05,7.954,7.9351,-0.0189
test,2020-11-06,7.922,7.8812,-0.0408
test,2020-11-07,7.892,7.8487,-0.0433
test,2020-11-08,7.848,7.8251,-0.0229
test,2020-11-09,7.822,7.7814,-0.0406
test,2020-11-10,7.784,7.7565,-0.0275
test,2020-11-11,7.706,7.7204,0.0144
test,2020-11-12,7.618,7.645,0.027
test,2020-11-13,7.53,7.5617,0.0317
test,2020-11-14,7.454,7.4811,0.0271
test,2020-11-15,7.36,7.4102,0.0502
test,2020-11-16,7.304,7.3301,0.0261
test,2020-11-17,7.268,7.2933,0.0253
test,2020-11-18,7.2,7.2624,0.0624
test,2020-11-19,7.122,7.204,0.082
test,2020-11-20,7.06,7.1281,0.0681
test,2020-11-21,6.98,7.0561,0.0761
test,2020-11-22,6.898,6.9747,0.0767
test,2020-11-23,6.84,6.8776,0.0376
test,2020-11-24,6.75,6.8057,0.0557
test,2020-11-25,6.674,6.7199,0.0459
test,2020-11-26,6.62,6.6389,0.0189
test,2020-11-27,6.584,6.5863,0.0023
test,2020-11-28,6.554,6.5522,-0.0018
test,2020-11-29,6.55,6.5222,-0.0278
test,2020-11-30,6.56,6.5148,-0.0452
test,2020-12-01,6.56,6.5254,-0.0346
test,2020-12-02,6.56,6.5229,-0.0371
test,2020-12-03,6.498,6.5142,0.0162
test,2020-12-04,6.442,6.4539,0.0119
test,2020-12-05,6.406,6.3859,-0.0201
test,2020-12-06,6.39,6.3394,-0.0506
test,2020-12-07,6.34,6.3205,-0.0195
test,2020-12-08,6.294,6.2899,-0.0041
test,2020-12-09,6.246,6.2526,0.0066
test,2020-12-10,6.23,6.2122,-0.0178
test,2020-12-11,6.258,6.191,-0.067
test,2020-12-12,6.266,6.2231,-0.0429
test,2020-12-13,6.254,6.2435,-0.0105
test,2020-12-14,6.196,6.2414,0.0454
test,2020-12-15,6.126,6.1959,0.0699
test,2020-12-16,6.078,6.1334,0.0554
test,2020-12-17,6.07,6.0804,0.0104
test,2020-12-18,6.066,6.0638,-0.0022
test,2020-12-19,6.054,6.0694,0.0154
test,2020-12-20,6.048,6.0652,0.0172
test,2020-12-21,6.018,6.0594,0.0414
test,2020-12-22,5.952,6.0243,0.0723
test,2020-12-23,5.878,5.9508,0.0728
test,2020-12-24,5.808,5.866,0.058
test,2020-12-25,5.774,5.7893,0.0153
test,2020-12-26,5.756,5.7535,-0.0025
test,2020-12-27,5.712,5.7371,0.0251
test,2020-12-28,5.61,5.6996,0.0896
test,2020-12-29,5.548,5.6147,0.0667
test,2020-12-30,5.528,5.5424,0.0144
test,2020-12-31,5.506,5.508,0.002
test,2021-01-01,5.42,5.4806,0.0606
test,2021-01-02,5.34,5.404,0.064
test,2021-01-03,5.302,5.3267,0.0247
test,2021-01-04,5.22,5.2798,0.0598
test,2021-01-05,5.152,5.217,0.065
test,2021-01-06,5.082,5.1588,0.0768
test,2021-01-07,4.996,5.0853,0.0893
test,2021-01-08,4.938,4.9947,0.0567
test,2021-01-09,4.9,4.9378,0.0378
test,2021-01-10,4.878,4.9108,0.0328
test,2021-01-11,4.852,4.8763,0.0243
test,2021-01-12,4.848,4.8485,0.0005
test,2021-01-13,4.81,4.8435,0.0335
test,2021-01-14,4.772,4.8167,0.0447
test,2021-01-15,4.732,4.7748,0.0428
test,2021-01-16,4.672,4.7292,0.0572
test,2021-01-17,4.614,4.6772,0.0632
test,2021-01-18,4.594,4.6304,0.0364
test,2021-01-19,4.592,4.6084,0.0164
test,2021-01-20,4.674,4.6037,-0.0703
test,2021-01-21,4.728,4.6496,-0.0784
test,2021-01-22,4.728,4.7034,-0.0246
test,2021-01-23,4.69,4.7205,0.0305
test,2021-01-24,4.638,4.6964,0.0584
test,2021-01-25,4.62,4.6504,0.0304
test,2021-01-26,4.6,4.6279,0.0279
test,2021-01-27,4.608,4.615,0.007
test,2021-01-28,4.648,4.6297,-0.0183
test,2021-01-29,4.654,4.6723,0.0183
test,2021-01-30,4.654,4.6949,0.0409
test,2021-01-31,4.65,4.7005,0.0505
test,2021-02-01,4.66,4.6936,0.0336
test,2021-02-02,4.712,4.6836,-0.0284
test,2021-02-03,4.72,4.7207,0.0007
test,2021-02-04,4.708,4.7466,0.0386
test,2021-02-05,4.644,4.7492,0.1052
test,2021-02-06,4.614,4.7067,0.0927
test,2021-02-07,4.562,4.6662,0.1042
test,2021-02-08,4.472,4.6149,0.1429
test,2021-02-09,4.438,4.5288,0.0908
test,2021-02-10,4.418,4.4734,0.0554
test,2021-02-11,4.386,4.4405,0.0545
test,2021-02-12,4.368,4.4143,0.0463
test,2021-02-13,4.292,4.3958,0.1038
test,2021-02-14,4.228,4.3376,0.1096
test,2021-02-15,4.158,4.2678,0.1098
test,2021-02-16,4.13,4.1889,0.0589
test,2021-02-17,4.116,4.1429,0.0269
test,2021-02-18,4.11,4.1225,0.0125
test,2021-02-19,4.096,4.1226,0.0266
test,2021-02-20,4.0,4.1247,0.1247
test,2021-02-21,4.008,4.0633,0.0553
test,2021-02-22,4.022,4.0386,0.0166
test,2021-02-23,4.086,4.027,-0.059
test,2021-02-24,4.04,4.0552,0.0152
test,2021-02-25,4.02,4.0326,0.0126
test,2021-02-26,4.02,4.0096,-0.0104
test,2021-02-27,4.02,4.0075,-0.0125
test,2021-02-28,4.04,3.9982,-0.0418
test,2021-03-01,4.04,4.0036,-0.0364
test,2021-03-02,4.02,4.0006,-0.0194
test,2021-03-03,4.02,4.0135,-0.0065
test,2021-03-04,4.01,4.0151,0.0051
test,2021-03-05,3.97,4.0045,0.0345
test,2021-03-06,3.94,3.9737,0.0337
test,2021-03-07,3.9,3.9461,0.0461
test,2021-03-08,3.86,3.9128,0.0528
test,2021-03-09,3.84,3.8798,0.0398
test,2021-03-10,3.83,3.8613,0.0313
test,2021-03-11,3.82,3.8523,0.0323
test,2021-03-12,3.82,3.8496,0.0296
test,2021-03-13,3.82,3.8638,0.0438
test,2021-03-14,3.85,3.86,0.01
test,2021-03-15,3.92,3.8699,-0.0501
test,2021-03-16,3.95,3.9256,-0.0244
test,2021-03-17,3.97,3.962,-0.008
test,2021-03-18,3.97,3.986,0.016
test,2021-03-19,3.98,3.9929,0.0129
test,2021-03-20,3.99,3.9998,0.0098
test,2021-03-21,3.98,4.0018,0.0218
test,2021-03-22,3.94,3.9921,0.0521
test,2021-03-23,3.94,3.966,0.026
test,2021-03-24,3.81,3.9585,0.1485
test,2021-03-25,3.66,3.8582,0.1982
test,2021-03-26,3.6,3.7302,0.1302
test,2021-03-27,3.58,3.6597,0.0797
test,2021-03-28,3.55,3.6192,0.0692
test,2021-03-29,3.54,3.5842,0.0442
test,2021-03-30,3.57,3.5751,0.0051
test,2021-03-31,3.54,3.6189,0.0789
test,2021-04-01,3.576,3.6195,0.0435
test,2021-04-02,3.57,3.6298,0.0598
test,2021-04-03,3.56,3.6399,0.0799
test,2021-04-04,3.724,3.642,-0.082
test,2021-04-05,3.82,3.7526,-0.0674
test,2021-04-06,3.83,3.8495,0.0195
test,2021-04-07,3.82,3.8839,0.0639
test,2021-04-08,3.82,3.8753,0.0553
test,2021-04-09,3.83,3.8589,0.0289
test,2021-04-10,3.84,3.8501,0.0101
test,2021-04-11,3.86,3.8488,-0.0112
test,2021-04-12,3.86,3.8779,0.0179
test,2021-04-13,3.816,3.8922,0.0762
test,2021-04-14,3.668,3.8592,0.1912
test,2021-04-15,3.49,3.7325,0.2425
test,2021-04-16,3.46,3.5704,0.1104
test,2021-04-17,3.45,3.5014,0.0514
test,2021-04-18,3.44,3.4827,0.0427
test,2021-04-19,3.43,3.4842,0.0542
test,2021-04-20,3.43,3.4991,0.0691
test,2021-04-21,3.43,3.5114,0.0814
test,2021-04-22,3.442,3.5141,0.0721
test,2021-04-23,3.45,3.5004,0.0504
test,2021-04-24,3.566,3.5033,-0.0627
test,2021-04-25,3.712,3.5943,-0.1177
test,2021-04-26,3.82,3.7384,-0.0816
test,2021-04-27,3.86,3.8643,0.0043
test,2021-04-28,3.912,3.9245,0.0125
test,2021-04-29,3.92,3.9667,0.0467
test,2021-04-30,3.92,3.9563,0.0363
test,2021-05-01,3.92,3.9328,0.0128
test,2021-05-02,3.92,3.9226,0.0026
test,2021-05-03,3.888,3.9353,0.0473
test,2021-05-04,3.728,3.9074,0.1794
test,2021-05-05,3.492,3.7781,0.2861
test,2021-05-06,3.4,3.5905,0.1905
test,2021-05-07,3.33,3.4838,0.1538
test,2021-05-08,3.282,3.4174,0.1354
test,2021-05-09,3.272,3.3691,0.0971
test,2021-05-10,3.306,3.3664,0.0604
test,2021-05-11,3.366,3.4058,0.0398
test,2021-05-12,3.444,3.4625,0.0185
test,2021-05-13,3.488,3.5367,0.0487
test,2021-05-14,3.63,3.5892,-0.0408
test,2021-05-15,3.76,3.6981,-0.0619
test,2021-05-16,3.86,3.8233,-0.0367
test,2021-05-17,3.922,3.9368,0.0148
test,2021-05-18,3.946,4.0312,0.0852
test,2021-05-19,3.972,4.0688,0.0968
test,2021-05-20,3.98,4.1587,0.1787
test,2021-05-21,3.99,4.1464,0.1564
test,2021-05-22,4.022,4.1412,0.1192
test,2021-05-23,4.054,4.1616,0.1076
test,2021-05-24,4.12,4.2005,0.0805
test,2021-05-25,4.23,4.252,0.022
test,2021-05-26,4.32,4.3355,0.0155
test,2021-05-27,4.672,4.4423,-0.2297
test,2021-05-28,4.98,4.8035,-0.1765
test,2021-05-29,5.13,5.163,0.033
test,2021-05-30,5.43,5.3561,-0.0739
test,2021-05-31,5.928,5.6543,-0.2737
test,2021-06-01,6.442,6.2018,-0.2402
test,2021-06-02,6.934,6.7612,-0.1728
test,2021-06-03,7.282,7.3267,0.0447
test,2021-06-04,7.492,7.7255,0.2335
test,2021-06-05,7.548,7.8706,0.3226
test,2021-06-06,7.514,7.7862,0.2722
test,2021-06-07,7.27,7.627,0.357
test,2021-06-08,7.138,7.2931,0.1551
test,2021-06-09,6.954,7.0937,0.1397
test,2021-06-10,6.924,6.8827,-0.0413
test,2021-06-11,6.852,6.8868,0.0348
test,2021-06-12,6.9,6.8822,-0.0178
test,2021-06-13,6.92,6.92,-0.0
test,2021-06-14,7.092,6.9401,-0.1519
test,2021-06-15,7.11,7.1323,0.0223
test,2021-06-16,7.1,7.2388,0.1388
test,2021-06-17,7.1,7.2684,0.1684
test,2021-06-18,7.128,7.3134,0.1854
test,2021-06-19,7.27,7.4023,0.1323
test,2021-06-20,7.804,7.6213,-0.1827
test,2021-06-21,8.618,8.2467,-0.3713
test,2021-06-22,9.508,9.2019,-0.3061
test,2021-06-23,10.016,10.1102,0.0942
test,2021-06-24,10.328,10.4634,0.1354
test,2021-06-25,10.506,10.566,0.06
test,2021-06-26,10.53,10.5529,0.0229
test,2021-06-27,10.54,10.4707,-0.0693
test,2021-06-28,10.53,10.4276,-0.1024
test,2021-06-29,10.56,10.442,-0.118
test,2021-06-30,10.628,10.5168,-0.1112
test,2021-07-01,10.598,10.6028,0.0048
test,2021-07-02,10.55,10.5989,0.0489
test,2021-07-03,10.472,10.5837,0.1117
test,2021-07-04,10.512,10.5168,0.0048
test,2021-07-05,10.622,10.5427,-0.0793
test,2021-07-06,10.882,10.6849,-0.1971
test,2021-07-07,11.052,10.9767,-0.0753
test,2021-07-08,11.08,11.2245,0.1445
test,2021-07-09,11.128,11.27,0.142
test,2021-07-10,11.09,11.2905,0.2005
test,2021-07-11,11.07,11.2066,0.1366
test,2021-07-12,11.07,11.1248,0.0548
test,2021-07-13,11.05,11.1177,0.0677
test,2021-07-14,11.05,11.0946,0.0446
test,2021-07-15,11.05,11.1129,0.0629
test,2021-07-16,11.03,11.1167,0.0867
test,2021-07-17,10.974,11.0674,0.0934
test,2021-07-18,11.03,10.9207,-0.1093
test,2021-07-19,11.01,10.8661,-0.1439
test,2021-07-20,11.01,10.8751,-0.1349
test,2021-07-21,11.03,10.8711,-0.1589
test,2021-07-22,11.07,10.9444,-0.1256
test,2021-07-23,11.13,11.0413,-0.0887
test,2021-07-24,11.198,11.1743,-0.0237
test,2021-07-25,11.17,11.2946,0.1246
test,2021-07-26,11.18,11.3474,0.1674
test,2021-07-27,11.226,11.3246,0.0986
test,2021-07-28,11.262,11.3319,0.0699
test,2021-07-29,11.312,11.3621,0.0501
test,2021-07-30,11.368,11.3989,0.0309
test,2021-07-31,11.378,11.4623,0.0843
test,2021-08-01,11.3,11.4887,0.1887
test,2021-08-02,11.256,11.4444,0.1884
test,2021-08-03,11.274,11.4061,0.1321
test,2021-08-04,11.344,11.4591,0.1151
test,2021-08-05,11.54,11.5224,-0.0176
test,2021-08-06,11.738,11.7214,-0.0166
test,2021-08-07,11.828,11.9444,0.1164
test,2021-08-08,11.948,12.0507,0.1027
test,2021-08-09,12.08,12.1396,0.0596
test,2021-08-10,12.172,12.2251,0.0531
test,2021-08-11,12.27,12.2858,0.0158
test,2021-08-12,12.35,12.3365,-0.0135
test,2021-08-13,12.462,12.3908,-0.0712
test,2021-08-14,12.622,12.4696,-0.1524
test,2021-08-15,12.72,12.5878,-0.1322
test,2021-08-16,12.842,12.6756,-0.1664
test,2021-08-17,12.944,12.7842,-0.1598
test,2021-08-18,13.06,12.8736,-0.1864
test,2021-08-19,13.24,12.9501,-0.2899
test,2021-08-20,13.318,13.084,-0.234
test,2021-08-21,13.34,13.1711,-0.1689
test,2021-08-22,13.328,13.2157,-0.1123
test,2021-08-23,13.252,13.2155,-0.0365
test,2021-08-24,13.17,13.1479,-0.0221
test,2021-08-25,13.07,13.0606,-0.0094
test,2021-08-26,12.96,12.971,0.011
test,2021-08-27,12.83,12.9183,0.0883
test,2021-08-28,12.752,12.8616,0.1096
test,2021-08-29,12.682,12.8156,0.1336
test,2021-08-30,12.67,12.7558,0.0858
test,2021-08-31,12.692,12.7572,0.0652
test,2021-09-01,12.748,12.7922,0.0442
test,2021-09-02,12.8,12.8804,0.0804
test,2021-09-03,12.86,12.934,0.074
test,2021-09-04,12.912,12.9837,0.0717
test,2021-09-05,12.944,12.991,0.047
test,2021-09-06,12.99,12.9788,-0.0112
test,2021-09-07,12.958,12.9866,0.0286
test,2021-09-08,12.85,12.9295,0.0795
test,2021-09-09,12.722,12.7925,0.0705
test,2021-09-10,12.632,12.6318,-0.0002
test,2021-09-11,12.498,12.5376,0.0396
test,2021-09-12,12.382,12.4029,0.0209
test,2021-09-13,12.364,12.2805,-0.0835
test,2021-09-14,12.204,12.2863,0.0823
test,2021-09-15,12.034,12.1425,0.1085
test,2021-09-16,11.89,11.922,0.032
test,2021-09-17,11.76,11.7689,0.0089
test,2021-09-18,11.67,11.6566,-0.0134
test,2021-09-19,11.552,11.6452,0.0932
test,2021-09-20,11.53,11.6051,0.0751
test,2021-09-21,11.572,11.6286,0.0566
test,2021-09-22,11.678,11.6923,0.0143
test,2021-09-23,11.72,11.8153,0.0953
test,2021-09-24,11.73,11.8765,0.1465
test,2021-09-25,11.728,11.8672,0.1392
test,2021-09-26,11.658,11.8047,0.1467
test,2021-09-27,11.608,11.6706,0.0626
test,2021-09-28,11.532,11.5831,0.0511
test,2021-09-29,11.568,11.4832,-0.0848
test,2021-09-30,11.52,11.5385,0.0185
test,2021-10-01,11.48,11.5153,0.0353
test,2021-10-02,11.424,11.461,0.037
test,2021-10-03,11.368,11.3745,0.0065
test,2021-10-04,11.38,11.2891,-0.0909
test,2021-10-05,11.39,11.2964,-0.0936
test,2021-10-06,11.376,11.3154,-0.0606
test,2021-10-07,11.418,11.3243,-0.0937
test,2021-10-08,11.386,11.3807,-0.0053
test,2021-10-09,11.306,11.3564,0.0504
test,2021-10-10,11.258,11.2773,0.0193
test,2021-10-11,11.2,11.2045,0.0045
test,2021-10-12,11.102,11.1254,0.0234
test,2021-10-13,11.016,11.0078,-0.0082
test,2021-10-14,10.91,10.9165,0.0065
test,2021-10-15,10.79,10.8254,0.0354
test,2021-10-16,10.682,10.714,0.032
test,2021-10-17,10.536,10.605,0.069
test,2021-10-18,10.35,10.4427,0.0927
test,2021-10-19,10.334,10.1582,-0.1758
test,2021-10-20,10.322,10.2317,-0.0903
test,2021-10-21,10.394,10.3273,-0.0667
test,2021-10-22,10.562,10.5405,-0.0215
test,2021-10-23,10.86,10.7648,-0.0952
test,2021-10-24,10.976,11.045,0.069
test,2021-10-25,11.066,11.1409,0.0749
test,2021-10-26,11.356,11.1993,-0.1567
test,2021-10-27,11.37,11.3974,0.0274
test,2021-10-28,11.37,11.3289,-0.0411
test,2021-10-29,11.37,11.2093,-0.1607
test,2021-10-30,11.37,11.1311,-0.2389
test,2021-10-31,11.2,11.1115,-0.0885
test,2021-11-01,10.998,10.9614,-0.0366
test,2021-11-02,10.798,10.7804,-0.0176
test,2021-11-03,10.612,10.6025,-0.0095
test,2021-11-04,10.51,10.3919,-0.1181
test,2021-11-05,10.41,10.2624,-0.1476
test,2021-11-06,10.31,10.1758,-0.1342
test,2021-11-07,10.19,10.1234,-0.0666
test,2021-11-08,10.068,10.03,-0.038
test,2021-11-09,9.948,9.9165,-0.0315
test,2021-11-10,9.826,9.8169,-0.0091
test,2021-11-11,9.74,9.7054,-0.0346
test,2021-11-12,9.63,9.6345,0.0045
test,2021-11-13,9.542,9.545,0.003
test,2021-11-14,9.52,9.4657,-0.0543
test,2021-11-15,9.486,9.4278,-0.0582
test,2021-11-16,9.404,9.3779,-0.0261
test,2021-11-17,9.282,9.2942,0.0122
test,2021-11-18,9.21,9.1838,-0.0262
test,2021-11-19,9.152,9.1004,-0.0516
test,2021-11-20,9.08,9.0096,-0.0704
test,2021-11-21,9.038,8.9,-0.138
test,2021-11-22,8.8,8.8657,0.0657
test,2021-11-23,8.62,8.6714,0.0514
test,2021-11-24,8.42,8.4872,0.0672
test,2021-11-25,8.27,8.2838,0.0138
test,2021-11-26,8.07,8.1366,0.0666
test,2021-11-27,7.92,7.967,0.047
test,2021-11-28,7.864,7.8308,-0.0332
test,2021-11-29,7.676,7.7945,0.1185
test,2021-11-30,7.58,7.6495,0.0695
test,2021-12-01,7.542,7.5394,-0.0026
test,2021-12-02,7.518,7.4778,-0.0402
test,2021-12-03,7.47,7.4486,-0.0214
test,2021-12-04,7.404,7.4043,0.0003
test,2021-12-05,7.37,7.3438,-0.0262
test,2021-12-06,7.34,7.3281,-0.0119
test,2021-12-07,7.34,7.2947,-0.0453
test,2021-12-08,7.314,7.2872,-0.0268
test,2021-12-09,7.242,7.2698,0.0278
test,2021-12-10,7.216,7.2152,-0.0008
test,2021-12-11,7.182,7.1752,-0.0068
test,2021-12-12,7.144,7.1308,-0.0132
test,2021-12-13,7.06,7.085,0.025
test,2021-12-14,7.016,6.9927,-0.0233
test,2021-12-15,7.01,6.9354,-0.0746
test,2021-12-16,7.0,6.9293,-0.0707
test,2021-12-17,6.96,6.9232,-0.0368
test,2021-12-18,6.79,6.8864,0.0964
test,2021-12-19,6.696,6.7471,0.0511
test,2021-12-20,6.628,6.6522,0.0242
test,2021-12-21,6.55,6.5825,0.0325
test,2021-12-22,6.48,6.51,0.03
test,2021-12-23,6.408,6.4513,0.0433
test,2021-12-24,6.352,6.3919,0.0399
test,2021-12-25,6.31,6.3441,0.0341
test,2021-12-26,6.298,6.2954,-0.0026
test,2021-12-27,6.262,6.2743,0.0123
test,2021-12-28,6.222,6.2404,0.0184
test,2021-12-29,6.164,6.2051,0.0411
test,2021-12-30,6.074,6.1596,0.0856
test,2021-12-31,6.018,6.0734,0.0554
test,2022-01-01,5.994,6.0139,0.0199
test,2022-01-02,5.978,5.9669,-0.0111
test,2022-01-03,5.93,5.936,0.006
test,2022-01-04,5.868,5.8895,0.0215
test,2022-01-05,5.834,5.8426,0.0086
test,2022-01-06,5.796,5.8164,0.0204
test,2022-01-07,5.756,5.7718,0.0158
test,2022-01-08,5.746,5.7217,-0.0243
test,2022-01-09,5.73,5.708,-0.022
test,2022-01-10,5.73,5.7118,-0.0182
test,2022-01-11,5.72,5.7122,-0.0078
test,2022-01-12,5.71,5.723,0.013
test,2022-01-13,5.668,5.7356,0.0676
test,2022-01-14,5.632,5.6962,0.0642
test,2022-01-15,5.596,5.653,0.057
test,2022-01-16,5.59,5.6276,0.0376
test,2022-01-17,5.59,5.6248,0.0348
test,2022-01-18,5.59,5.6229,0.0329
test,2022-01-19,5.59,5.6159,0.0259
test,2022-01-20,5.59,5.6168,0.0268
test,2022-01-21,5.58,5.6126,0.0326
test,2022-01-22,5.57,5.5985,0.0285
test,2022-01-23,5.612,5.595,-0.017
test,2022-01-24,5.688,5.6292,-0.0588
test,2022-01-25,5.714,5.6912,-0.0228
test,2022-01-26,5.668,5.7259,0.0579
test,2022-01-27,5.626,5.7001,0.0741
test,2022-01-28,5.606,5.659,0.053
test,2022-01-29,5.59,5.6275,0.0375
test,2022-01-30,5.592,5.5955,0.0035
test,2022-01-31,5.622,5.5875,-0.0345
test,2022-02-01,5.578,5.6149,0.0369
test,2022-02-02,5.556,5.5794,0.0234
test,2022-02-03,5.54,5.5469,0.0069
test,2022-02-04,5.54,5.5173,-0.0227
test,2022-02-05,5.542,5.5244,-0.0176
test,2022-02-06,5.592,5.5298,-0.0622
test,2022-02-07,5.576,5.5812,0.0052
test,2022-02-08,5.57,5.6086,0.0386
test,2022-02-09,5.568,5.6032,0.0352
test,2022-02-10,5.508,5.5895,0.0815
test,2022-02-11,5.498,5.5492,0.0512
test,2022-02-12,5.458,5.5388,0.0808
test,2022-02-13,5.472,5.5013,0.0293
test,2022-02-14,5.544,5.4906,-0.0534
test,2022-02-15,5.602,5.5397,-0.0623
test,2022-02-16,5.596,5.5935,-0.0025
test,2022-02-17,5.578,5.606,0.028
test,2022-02-18,5.554,5.5976,0.0436
test,2022-02-19,5.47,5.5799,0.1099
test,2022-02-20,5.398,5.4866,0.0886
test,2022-02-21,5.388,5.4012,0.0132
test,2022-02-22,5.336,5.3743,0.0383
test,2022-02-23,5.276,5.3298,0.0538
test,2022-02-24,5.18,5.2856,0.1056
test,2022-02-25,5.14,5.1998,0.0598
test,2022-02-26,5.086,5.1433,0.0573
test,2022-02-27,5.038,5.0713,0.0333
test,2022-02-28,5.014,5.0078,-0.0062
test,2022-03-01,4.96,4.9862,0.0262
test,2022-03-02,4.906,4.9432,0.0372
test,2022-03-03,4.83,4.9028,0.0728
test,2022-03-04,4.77,4.8353,0.0653
test,2022-03-05,4.7,4.7713,0.0713
test,2022-03-06,4.658,4.7168,0.0588
test,2022-03-07,4.65,4.6753,0.0253
test,2022-03-08,4.654,4.6516,-0.0024
test,2022-03-09,4.62,4.641,0.021
test,2022-03-10,4.592,4.6125,0.0205
test,2022-03-11,4.578,4.5782,0.0002
test,2022-03-12,4.53,4.5602,0.0302
test,2022-03-13,4.486,4.5187,0.0327
test,2022-03-14,4.446,4.4732,0.0272
test,2022-03-15,4.374,4.4347,0.0607
test,2022-03-16,4.29,4.3781,0.0881
test,2022-03-17,4.208,4.3081,0.1001
test,2022-03-18,4.138,4.2369,0.0989
test,2022-03-19,4.118,4.1773,0.0593
test,2022-03-20,4.096,4.1483,0.0523
test,2022-03-21,4.09,4.1278,0.0378
test,2022-03-22,4.14,4.1183,-0.0217
test,2022-03-23,4.18,4.1554,-0.0246
test,2022-03-24,4.134,4.1994,0.0654
test,2022-03-25,4.106,4.1814,0.0754
test,2022-03-26,4.096,4.1523,0.0563
test,2022-03-27,4.066,4.1434,0.0774
test,2022-03-28,4.06,4.1274,0.0674
test,2022-03-29,4.064,4.1166,0.0526
test,2022-03-30,4.108,4.1213,0.0133
test,2022-03-31,4.12,4.1575,0.0375
test,2022-04-01,4.12,4.1702,0.0502
test,2022-04-02,4.12,4.1559,0.0359
test,2022-04-03,4.134,4.1621,0.0281
test,2022-04-04,4.154,4.1668,0.0128
test,2022-04-05,4.202,4.1828,-0.0192
test,2022-04-06,4.22,4.2343,0.0143
test,2022-04-07,4.22,4.2776,0.0576
test,2022-04-08,4.202,4.2855,0.0835
test,2022-04-09,4.31,4.265,-0.045
test,2022-04-10,4.45,4.3393,-0.1107
test,2022-04-11,4.64,4.4707,-0.1693
test,2022-04-12,4.776,4.6621,-0.1139
test,2022-04-13,4.82,4.8293,0.0093
test,2022-04-14,4.808,4.8938,0.0858
test,2022-04-15,4.774,4.8779,0.1039
test,2022-04-16,4.744,4.8194,0.0754
test,2022-04-17,4.774,4.7734,-0.0006
test,2022-04-18,4.83,4.7918,-0.0382
test,2022-04-19,4.858,4.8585,0.0005
test,2022-04-20,4.808,4.9062,0.0982
test,2022-04-21,4.79,4.8638,0.0738
test,2022-04-22,4.808,4.8258,0.0178
test,2022-04-23,4.87,4.8101,-0.0599
test,2022-04-24,4.888,4.858,-0.03
test,2022-04-25,4.84,4.8967,0.0567
test,2022-04-26,4.72,4.8777,0.1577
test,2022-04-27,4.62,4.778,0.158
test,2022-04-28,4.52,4.6706,0.1506
test,2022-04-29,4.462,4.5658,0.1038
test,2022-04-30,4.45,4.4978,0.0478
test,2022-05-01,4.46,4.4858,0.0258
test,2022-05-02,4.476,4.4962,0.0202
test,2022-05-03,4.518,4.5246,0.0066
test,2022-05-04,4.628,4.5616,-0.0664
test,2022-05-05,4.64,4.6481,0.0081
test,2022-05-06,4.57,4.6672,0.0972
test,2022-05-07,4.45,4.6002,0.1502
test,2022-05-08,4.37,4.4876,0.1176
test,2022-05-09,4.3,4.4007,0.1007
test,2022-05-10,4.27,4.3357,0.0657
test,2022-05-11,4.286,4.3016,0.0156
test,2022-05-12,4.242,4.3179,0.0759
test,2022-05-13,4.25,4.2992,0.0492
test,2022-05-14,4.264,4.3059,0.0419
test,2022-05-15,4.288,4.3166,0.0286
test,2022-05-16,4.34,4.3397,-0.0003
test,2022-05-17,4.43,4.394,-0.036
test,2022-05-18,4.548,4.4846,-0.0634
test,2022-05-19,4.85,4.6183,-0.2317
test,2022-05-20,5.468,4.9169,-0.5511
test,2022-05-21,5.908,5.5746,-0.3334
test,2022-05-22,6.082,6.1204,0.0384
test,2022-05-23,6.25,6.295,0.045
test,2022-05-24,6.328,6.3979,0.0699
test,2022-05-25,6.32,6.4062,0.0862
test,2022-05-26,6.248,6.3192,0.0712
test,2022-05-27,6.08,6.1884,0.1084
test,2022-05-28,5.95,6.0243,0.0743
test,2022-05-29,5.85,5.8981,0.0481
test,2022-05-30,5.782,5.7951,0.0131
test,2022-05-31,5.758,5.7418,-0.0162
test,2022-06-01,5.738,5.7378,-0.0002
test,2022-06-02,5.712,5.7176,0.0056
test,2022-06-03,5.68,5.7078,0.0278
test,2022-06-04,5.666,5.7189,0.0529
test,2022-06-05,5.626,5.7504,0.1244
test,2022-06-06,5.618,5.7404,0.1224
test,2022-06-07,5.694,5.752,0.058
test,2022-06-08,5.8,5.8403,0.0403
test,2022-06-09,5.906,5.9529,0.0469
test,2022-06-10,6.09,6.0478,-0.0422
test,2022-06-11,6.208,6.206,-0.002
test,2022-06-12,6.332,6.3015,-0.0305
test,2022-06-13,6.622,6.3757,-0.2463
test,2022-06-14,6.922,6.6244,-0.2976
test,2022-06-15,7.106,6.9216,-0.1844
test,2022-06-16,7.242,7.0836,-0.1584
test,2022-06-17,7.44,7.1716,-0.2684
test,2022-06-18,7.72,7.3495,-0.3705
test,2022-06-19,7.908,7.6272,-0.2808
test,2022-06-20,8.212,7.8293,-0.3827
test,2022-06-21,8.546,8.1725,-0.3735
test,2022-06-22,8.738,8.5835,-0.1545
test,2022-06-23,8.894,8.809,-0.085
test,2022-06-24,9.082,8.9582,-0.1238
test,2022-06-25,9.02,9.1475,0.1275
test,2022-06-26,8.772,9.083,0.311
test,2022-06-27,8.444,8.7633,0.3193
test,2022-06-28,8.318,8.3945,0.0765
test,2022-06-29,8.276,8.2617,-0.0143
test,2022-06-30,8.344,8.3119,-0.0321
test,2022-07-01,8.648,8.5046,-0.1434
test,2022-07-02,9.034,8.9578,-0.0762
test,2022-07-03,9.31,9.4564,0.1464
test,2022-07-04,9.538,9.741,0.203
test,2022-07-05,9.596,9.8865,0.2905
test,2022-07-06,9.67,9.8922,0.2222
test,2022-07-07,9.53,9.9347,0.4047
test,2022-07-08,9.26,9.7213,0.4613
test,2022-07-09,9.086,9.3527,0.2667
test,2022-07-10,8.876,9.1073,0.2313
test,2022-07-11,8.7,8.8943,0.1943
test,2022-07-12,8.56,8.6808,0.1208
test,2022-07-13,8.466,8.5569,0.0909
test,2022-07-14,8.444,8.5087,0.0647
test,2022-07-15,8.38,8.5138,0.1338
test,2022-07-16,8.364,8.4537,0.0897
test,2022-07-17,8.336,8.4685,0.1325
test,2022-07-18,8.314,8.4612,0.1472
test,2022-07-19,8.282,8.4291,0.1471
test,2022-07-20,8.23,8.3841,0.1541
test,2022-07-21,8.18,8.3928,0.2128
test,2022-07-22,8.136,8.3609,0.2249
test,2022-07-23,8.202,8.3172,0.1152
test,2022-07-24,8.25,8.3901,0.1401
test,2022-07-25,8.424,8.4543,0.0303
test,2022-07-26,8.83,8.6729,-0.1571
test,2022-07-27,9.172,9.1227,-0.0493
test,2022-07-28,9.474,9.5152,0.0412
test,2022-07-29,9.76,9.827,0.067
test,2022-07-30,9.96,10.0898,0.1298
test,2022-07-31,10.108,10.2223,0.1143
test,2022-08-01,10.304,10.2736,-0.0304
test,2022-08-02,10.52,10.4439,-0.0761
test,2022-08-03,10.674,10.6742,0.0002
test,2022-08-04,11.012,10.8888,-0.1232
test,2022-08-05,11.112,11.2481,0.1361
test,2022-08-06,11.216,11.3636,0.1476
test,2022-08-07,11.27,11.4152,0.1452
test,2022-08-08,11.286,11.4079,0.1219
test,2022-08-09,11.278,11.39,0.112
test,2022-08-10,11.252,11.3678,0.1158
test,2022-08-11,11.158,11.3082,0.1502
test,2022-08-12,10.938,11.2181,0.2801
test,2022-08-13,10.894,11.0252,0.1312
test,2022-08-14,10.83,10.9695,0.1395
test,2022-08-15,10.648,10.8934,0.2454
test,2022-08-16,10.42,10.707,0.287
test,2022-08-17,10.238,10.4537,0.2157
test,2022-08-18,10.138,10.2751,0.1371
test,2022-08-19,10.042,10.1779,0.1359
test,2022-08-20,10.026,10.0628,0.0368
test,2022-08-21,10.084,10.0989,0.0149
test,2022-08-22,10.336,10.2307,-0.1053
test,2022-08-23,10.796,10.5394,-0.2566
test,2022-08-24,11.156,11.0825,-0.0735
test,2022-08-25,11.268,11.4449,0.1769
test,2022-08-26,11.296,11.4587,0.1627
test,2022-08-27,11.33,11.3372,0.0072
test,2022-08-28,11.422,11.288,-0.134
test,2022-08-29,11.478,11.3468,-0.1312
test,2022-08-30,11.56,11.4058,-0.1542
test,2022-08-31,11.682,11.5129,-0.1691
test,2022-09-01,11.862,11.6337,-0.2283
test,2022-09-02,12.008,11.7994,-0.2086
test,2022-09-03,12.104,11.9359,-0.1681
test,2022-09-04,12.258,12.0288,-0.2292
test,2022-09-05,12.352,12.1855,-0.1665
test,2022-09-06,12.466,12.28,-0.186
test,2022-09-07,12.48,12.4026,-0.0774
test,2022-09-08,12.402,12.4245,0.0225
test,2022-09-09,12.21,12.3562,0.1462
test,2022-09-10,11.88,12.165,0.285
test,2022-09-11,11.646,11.826,0.18
test,2022-09-12,11.464,11.5589,0.0949
test,2022-09-13,11.432,11.3586,-0.0734
test,2022-09-14,11.27,11.351,0.081
test,2022-09-15,11.092,11.221,0.129
test,2022-09-16,10.98,11.066,0.086
test,2022-09-17,10.876,10.9686,0.0926
test,2022-09-18,10.73,10.8843,0.1543
test,2022-09-19,10.664,10.7666,0.1026
test,2022-09-20,10.83,10.7116,-0.1184
test,2022-09-21,10.968,10.9225,-0.0455
test,2022-09-22,11.008,11.1243,0.1163
test,2022-09-23,11.088,11.1792,0.0912
test,2022-09-24,11.25,11.2406,-0.0094
test,2022-09-25,11.41,11.3605,-0.0495
test,2022-09-26,11.55,11.4873,-0.0627
test,2022-09-27,11.632,11.5925,-0.0395
test,2022-09-28,11.656,11.6775,0.0215
test,2022-09-29,11.656,11.6867,0.0307
test,2022-09-30,11.558,11.6383,0.0803
test,2022-10-01,11.428,11.484,0.056
test,2022-10-02,11.37,11.299,-0.071
test,2022-10-03,11.312,11.1818,-0.1302
test,2022-10-04,11.262,11.1072,-0.1548
test,2022-10-05,11.118,11.0715,-0.0465
test,2022-10-06,10.964,10.9714,0.0074
test,2022-10-07,10.934,10.8866,-0.0474
test,2022-10-08,10.842,10.9189,0.0769
test,2022-10-09,10.832,10.9109,0.0789
test,2022-10-10,10.888,10.9721,0.0841
test,2022-10-11,10.956,11.1057,0.1497
test,2022-10-12,11.126,11.2191,0.0931
test,2022-10-13,11.472,11.4186,-0.0534
test,2022-10-14,11.68,11.7497,0.0697
test,2022-10-15,11.832,11.9351,0.1031
test,2022-10-16,11.938,12.0133,0.0753
test,2022-10-17,11.972,12.0123,0.0403
test,2022-10-18,12.002,11.9341,-0.0679
test,2022-10-19,12.044,11.8526,-0.1914
test,2022-10-20,12.068,11.8065,-0.2615
test,2022-10-21,12.03,11.785,-0.245
test,2022-10-22,11.918,11.7224,-0.1956
test,2022-10-23,11.678,11.6007,-0.0773
test,2022-10-24,11.408,11.3761,-0.0319
test,2022-10-25,11.094,11.1007,0.0067
test,2022-10-26,10.838,10.7825,-0.0555
test,2022-10-27,10.624,10.5223,-0.1017
test,2022-10-28,10.434,10.3409,-0.0931
test,2022-10-29,10.24,10.1965,-0.0435
test,2022-10-30,10.09,10.0543,-0.0357
test,2022-10-31,9.994,9.9317,-0.0623
test,2022-11-01,9.908,9.8475,-0.0605
test,2022-11-02,9.768,9.7805,0.0125
test,2022-11-03,9.602,9.658,0.056
test,2022-11-04,9.506,9.5147,0.0087
test,2022-11-05,9.378,9.4419,0.0639
test,2022-11-06,9.258,9.3334,0.0754
test,2022-11-07,9.11,9.2092,0.0992
test,2022-11-08,8.984,9.058,0.074
test,2022-11-09,8.91,8.9168,0.0068
test,2022-11-10,8.742,8.8118,0.0698
test,2022-11-11,8.668,8.6296,-0.0384
test,2022-11-12,8.556,8.5217,-0.0343
test,2022-11-13,8.456,8.4059,-0.0501
test,2022-11-14,8.358,8.2914,-0.0666
test,2022-11-15,8.26,8.1869,-0.0731
test,2022-11-16,8.194,8.0969,-0.0971
test,2022-11-17,8.088,8.0482,-0.0398
test,2022-11-18,8.038,7.9705,-0.0675
test,2022-11-19,7.956,7.9438,-0.0122
test,2022-11-20,7.822,7.89,0.068
test,2022-11-21,7.726,7.7786,0.0526
test,2022-11-22,7.64,7.6828,0.0428
test,2022-11-23,7.568,7.5997,0.0317
test,2022-11-24,7.548,7.5367,-0.0113
test,2022-11-25,7.46,7.5095,0.0495
test,2022-11-26,7.376,7.4425,0.0665
test,2022-11-27,7.31,7.3574,0.0474
test,2022-11-28,7.33,7.2781,-0.0519
test,2022-11-29,7.302,7.2787,-0.0233
test,2022-11-30,7.22,7.2621,0.0421
test,2022-12-01,7.156,7.1958,0.0398
test,2022-12-02,7.094,7.1395,0.0455
test,2022-12-03,7.034,7.0729,0.0389
test,2022-12-04,6.99,6.9977,0.0077
test,2022-12-05,6.952,6.9328,-0.0192
test,2022-12-06,6.88,6.8938,0.0138
test,2022-12-07,6.818,6.8289,0.0109
test,2022-12-08,6.738,6.7576,0.0196
test,2022-12-09,6.706,6.6755,-0.0305
test,2022-12-10,6.688,6.6314,-0.0566
test,2022-12-11,6.664,6.612,-0.052
test,2022-12-12,6.58,6.5973,0.0173
test,2022-12-13,6.524,6.5421,0.0181
test,2022-12-14,6.49,6.4944,0.0044
test,2022-12-15,6.466,6.4619,-0.0041
test,2022-12-16,6.45,6.4337,-0.0163
test,2022-12-17,6.422,6.4184,-0.0036
test,2022-12-18,6.372,6.3985,0.0265
test,2022-12-19,6.326,6.3581,0.0321
test,2022-12-20,6.29,6.3074,0.0174
test,2022-12-21,6.226,6.2614,0.0354
test,2022-12-22,6.176,6.1983,0.0223
test,2022-12-23,6.132,6.1416,0.0096
test,2022-12-24,6.078,6.0957,0.0177
test,2022-12-25,6.044,6.0505,0.0065
test,2022-12-26,5.994,6.0177,0.0237
test,2022-12-27,5.934,5.97,0.036
test,2022-12-28,5.914,5.9115,-0.0025
test,2022-12-29,5.826,5.8814,0.0554
test,2022-12-30,5.78,5.81,0.03
test,2022-12-31,5.614,5.7589,0.1449
test,2023-01-01,5.52,5.6274,0.1074
test,2023-01-02,5.442,5.514,0.072
test,2023-01-03,5.392,5.4326,0.0406
test,2023-01-04,5.382,5.3776,-0.0044
test,2023-01-05,5.398,5.369,-0.029
test,2023-01-06,5.376,5.3897,0.0137
test,2023-01-07,5.346,5.3912,0.0452
test,2023-01-08,5.324,5.3528,0.0288
test,2023-01-09,5.284,5.3167,0.0327
test,2023-01-10,5.234,5.2734,0.0394
test,2023-01-11,5.152,5.2197,0.0677
test,2023-01-12,5.092,5.1455,0.0535
test,2023-01-13,5.05,5.0836,0.0336
test,2023-01-14,5.012,5.0364,0.0244
test,2023-01-15,4.95,4.9908,0.0408
test,2023-01-16,4.888,4.9433,0.0553
test,2023-01-17,4.87,4.8903,0.0203
test,2023-01-18,4.872,4.8622,-0.0098
test,2023-01-19,4.898,4.8566,-0.0414
test,2023-01-20,4.938,4.8749,-0.0631
test,2023-01-21,4.982,4.9103,-0.0717
test,2023-01-22,4.998,4.9561,-0.0419
test,2023-01-23,5.0,4.9876,-0.0124
test,2023-01-24,5.0,4.9971,-0.0029
test,2023-01-25,4.972,4.9959,0.0239
test,2023-01-26,4.926,4.9781,0.0521
test,2023-01-27,4.92,4.9442,0.0242
test,2023-01-28,4.894,4.9331,0.0391
test,2023-01-29,4.88,4.9154,0.0354
test,2023-01-30,4.882,4.8867,0.0047
test,2023-01-31,4.898,4.8755,-0.0225
test,2023-02-01,4.872,4.8857,0.0137
test,2023-02-02,4.842,4.8665,0.0245
test,2023-02-03,4.802,4.8414,0.0394
test,2023-02-04,4.812,4.8048,-0.0072
test,2023-02-05,4.832,4.7998,-0.0322
test,2023-02-06,4.842,4.8225,-0.0195
test,2023-02-07,4.808,4.8466,0.0386
test,2023-02-08,4.758,4.8387,0.0807
test,2023-02-09,4.698,4.8004,0.1024
test,2023-02-10,4.664,4.7316,0.0676
test,2023-02-11,4.636,4.6717,0.0357
test,2023-02-12,4.62,4.6296,0.0096
test,2023-02-13,4.618,4.6209,0.0029
test,2023-02-14,4.598,4.6321,0.0341
test,2023-02-15,4.576,4.6123,0.0363
test,2023-02-16,4.544,4.5733,0.0293
test,2023-02-17,4.518,4.5303,0.0123
test,2023-02-18,4.498,4.4947,-0.0033
test,2023-02-19,4.444,4.4711,0.0271
test,2023-02-20,4.364,4.4281,0.0641
test,2023-02-21,4.294,4.359,0.065
test,2023-02-22,4.226,4.2849,0.0589
test,2023-02-23,4.198,4.2144,0.0164
test,2023-02-24,4.16,4.1749,0.0149
test,2023-02-25,4.12,4.1493,0.0293
test,2023-02-26,4.092,4.1231,0.0311
test,2023-02-27,4.078,4.1011,0.0231
test,2023-02-28,4.038,4.0776,0.0396
test,2023-03-01,4.018,4.0465,0.0285
test,2023-03-02,3.998,4.0177,0.0197
test,2023-03-03,3.956,4.0064,0.0504
test,2023-03-04,3.912,3.9833,0.0713
test,2023-03-05,3.858,3.9536,0.0956
test,2023-03-06,3.85,3.9022,0.0522
test,2023-03-07,3.868,3.8699,0.0019
test,2023-03-08,3.85,3.8738,0.0238
test,2023-03-09,3.84,3.8677,0.0277
test,2023-03-10,3.84,3.8533,0.0133
test,2023-03-11,3.824,3.8445,0.0205
test,2023-03-12,3.804,3.8335,0.0295
test,2023-03-13,3.792,3.8148,0.0228
test,2023-03-14,3.814,3.7973,-0.0167
test,2023-03-15,3.82,3.7993,-0.0207
test,2023-03-16,3.82,3.8084,-0.0116
test,2023-03-17,3.83,3.8284,-0.0016
test,2023-03-18,3.83,3.8398,0.0098
test,2023-03-19,3.84,3.8424,0.0024
test,2023-03-20,3.84,3.8469,0.0069
test,2023-03-21,3.84,3.8636,0.0236
test,2023-03-22,3.832,3.8566,0.0246
test,2023-03-23,3.788,3.8477,0.0597
test,2023-03-24,3.704,3.8296,0.1256
test,2023-03-25,3.67,3.7741,0.1041
test,2023-03-26,3.736,3.7326,-0.0034
test,2023-03-27,3.784,3.758,-0.026
test,2023-03-28,3.806,3.8097,0.0037
test,2023-03-29,3.844,3.849,0.005
test,2023-03-30,3.854,3.8837,0.0297
test,2023-03-31,3.816,3.8931,0.0771
test,2023-04-01,3.81,3.8644,0.0544
test,2023-04-02,3.812,3.8312,0.0191
test,2023-04-03,3.81,3.8364,0.0264
test,2023-04-04,3.828,3.8561,0.0281
test,2023-04-05,3.884,3.872,-0.012
test,2023-04-06,3.954,3.9126,-0.0414
test,2023-04-07,3.986,3.9752,-0.0108
test,2023-04-08,3.914,4.0237,0.1097
test,2023-04-09,3.854,3.9739,0.1199
test,2023-04-10,3.81,3.9012,0.0912
test,2023-04-11,3.774,3.841,0.067
test,2023-04-12,3.77,3.7948,0.0248
test,2023-04-13,3.76,3.7783,0.0183
test,2023-04-14,3.76,3.7757,0.0157
test,2023-04-15,3.76,3.7867,0.0267
test,2023-04-16,3.76,3.7831,0.0231
test,2023-04-17,3.76,3.776,0.016
test,2023-04-18,3.77,3.7804,0.0104
test,2023-04-19,3.78,3.7981,0.0181
test,2023-04-20,3.796,3.8236,0.0276
test,2023-04-21,3.81,3.8531,0.0431
test,2023-04-22,3.82,3.8689,0.0489
test,2023-04-23,3.828,3.8686,0.0406
test,2023-04-24,3.786,3.8635,0.0775
test,2023-04-25,3.78,3.83,0.05
test,2023-04-26,3.78,3.8029,0.0229
test,2023-04-27,3.782,3.7869,0.0049
test,2023-04-28,3.786,3.7826,-0.0034
test,2023-04-29,3.766,3.7842,0.0182
test,2023-04-30,3.78,3.7835,0.0035
test,2023-05-01,3.782,3.8159,0.0339
test,2023-05-02,3.824,3.8171,-0.0069
test,2023-05-03,3.83,3.8384,0.0084
test,2023-05-04,3.83,3.8557,0.0257
test,2023-05-05,3.832,3.865,0.033
test,2023-05-06,3.85,3.8714,0.0214
test,2023-05-07,3.836,3.8984,0.0624
test,2023-05-08,3.81,3.9027,0.0927
test,2023-05-09,3.776,3.883,0.107
test,2023-05-10,3.758,3.8598,0.1018
test,2023-05-11,3.78,3.8527,0.0727
test,2023-05-12,3.794,3.8585,0.0645
test,2023-05-13,3.908,3.8581,-0.0499
test,2023-05-14,3.984,3.9342,-0.0498
test,2023-05-15,4.036,4.0192,-0.0168
test,2023-05-16,4.044,4.0842,0.0402
test,2023-05-17,4.082,4.1,0.018
test,2023-05-18,4.112,4.125,0.013
test,2023-05-19,4.072,4.1449,0.0729
test,2023-05-20,4.032,4.0985,0.0665
test,2023-05-21,4.006,4.0574,0.0514
test,2023-05-22,3.998,4.0328,0.0348
test,2023-05-23,3.972,4.0283,0.0563
test,2023-05-24,3.974,4.0057,0.0317
test,2023-05-25,3.97,4.004,0.034
test,2023-05-26,3.986,4.0087,0.0227
test,2023-05-27,4.008,4.0103,0.0023
test,2023-05-28,4.03,4.0309,0.0009
test,2023-05-29,4.022,4.0601,0.0381
test,2023-05-30,4.044,4.0707,0.0267
test,2023-05-31,4.068,4.089,0.021
test,2023-06-01,4.112,4.1207,0.0087
test,2023-06-02,4.14,4.1862,0.0462
test,2023-06-03,4.208,4.2344,0.0264
test,2023-06-04,4.308,4.2945,-0.0135
test,2023-06-05,4.342,4.3807,0.0387
test,2023-06-06,4.32,4.413,0.093
test,2023-06-07,4.29,4.3817,0.0917
test,2023-06-08,4.152,4.3463,0.1943
test,2023-06-09,4.116,4.2318,0.1158
test,2023-06-10,4.15,4.1839,0.0339
test,2023-06-11,4.144,4.2141,0.0701
test,2023-06-12,4.092,4.2304,0.1384
test,2023-06-13,4.1,4.203,0.103
test,2023-06-14,4.1,4.2111,0.1111
test,2023-06-15,4.14,4.2257,0.0857
test,2023-06-16,4.198,4.2541,0.0561
test,2023-06-17,4.354,4.3139,-0.0401
test,2023-06-18,4.752,4.469,-0.283
test,2023-06-19,5.448,4.8613,-0.5867
test,2023-06-20,6.076,5.6099,-0.4661
test,2023-06-21,6.508,6.3444,-0.1636
test,2023-06-22,6.9,6.8122,-0.0878
test,2023-06-23,7.08,7.1478,0.0678
test,2023-06-24,7.178,7.234,0.056
test,2023-06-25,7.2,7.2594,0.0594
test,2023-06-26,7.094,7.2417,0.1477
test,2023-06-27,7.0,7.1784,0.1784
test,2023-06-28,7.0,7.1079,0.1079
test,2023-06-29,6.99,7.0931,0.1031
test,2023-06-30,6.932,7.0834,0.1514
test,2023-07-01,6.856,7.0361,0.1801
test,2023-07-02,6.836,6.975,0.139
test,2023-07-03,7.17,7.0293,-0.1407
test,2023-07-04,7.548,7.4895,-0.0585
test,2023-07-05,7.736,8.0059,0.2699
test,2023-07-06,7.998,8.2748,0.2768
test,2023-07-07,8.348,8.5895,0.2415
test,2023-07-08,8.696,8.9566,0.2606
test,2023-07-09,8.996,9.2663,0.2703
test,2023-07-10,9.156,9.4691,0.3131
test,2023-07-11,9.272,9.5496,0.2776
test,2023-07-12,9.3,9.5858,0.2858
test,2023-07-13,9.334,9.5354,0.2014
test,2023-07-14,9.392,9.5286,0.1366
test,2023-07-15,9.54,9.5839,0.0439
test,2023-07-16,9.798,9.7144,-0.0836
test,2023-07-17,10.05,9.9426,-0.1074
test,2023-07-18,10.142,10.1337,-0.0083
test,2023-07-19,10.126,10.1836,0.0576
test,2023-07-20,10.092,10.1321,0.0401
test,2023-07-21,10.084,10.086,0.002
test,2023-07-22,10.142,10.1197,-0.0223
test,2023-07-23,10.134,10.2349,0.1009
test,2023-07-24,10.068,10.2637,0.1957
test,2023-07-25,9.986,10.2015,0.2155
test,2023-07-26,9.96,10.105,0.145
test,2023-07-27,10.104,10.043,-0.061
test,2023-07-28,10.268,10.1649,-0.1031
test,2023-07-29,10.4,10.3468,-0.0532
test,2023-07-30,10.454,10.5335,0.0795
test,2023-07-31,10.504,10.5883,0.0843
test,2023-08-01,10.548,10.6081,0.0601
test,2023-08-02,10.68,10.6006,-0.0794
test,2023-08-03,10.734,10.6475,-0.0865
test,2023-08-04,10.776,10.7281,-0.0479
test,2023-08-05,10.798,10.7972,-0.0008
test,2023-08-06,10.742,10.8531,0.1111
test,2023-08-07,10.694,10.7854,0.0914
test,2023-08-08,10.69,10.7065,0.0165
test,2023-08-09,10.778,10.7078,-0.0702
test,2023-08-10,11.094,10.8641,-0.2299
test,2023-08-11,11.422,11.2582,-0.1638
test,2023-08-12,11.582,11.6567,0.0747
test,2023-08-13,11.764,11.7933,0.0293
test,2023-08-14,11.856,11.8797,0.0237
test,2023-08-15,11.894,11.8773,-0.0167
test,2023-08-16,11.954,11.8577,-0.0963
test,2023-08-17,11.96,11.9018,-0.0582
test,2023-08-18,11.944,11.9506,0.0066
test,2023-08-19,11.926,11.9564,0.0304
test,2023-08-20,11.87,11.9041,0.0341
test,2023-08-21,11.78,11.8292,0.0492
test,2023-08-22,11.584,11.6864,0.1024
test,2023-08-23,11.524,11.4221,-0.1019
test,2023-08-24,11.368,11.3644,-0.0036
test,2023-08-25,11.244,11.2387,-0.0053
test,2023-08-26,11.21,11.1692,-0.0408
test,2023-08-27,11.218,11.2233,0.0053
test,2023-08-28,11.362,11.2925,-0.0695
test,2023-08-29,11.524,11.4608,-0.0632
test,2023-08-30,11.648,11.6387,-0.0093
test,2023-08-31,11.788,11.7513,-0.0367
test,2023-09-01,11.89,11.8354,-0.0546
test,2023-09-02,11.942,11.8788,-0.0632
test,2023-09-03,11.932,11.8592,-0.0728
test,2023-09-04,11.856,11.7983,-0.0577
test,2023-09-05,11.716,11.6891,-0.0269
test,2023-09-06,11.54,11.5414,0.0014
test,2023-09-07,11.392,11.3768,-0.0152
test,2023-09-08,11.18,11.214,0.034
test,2023-09-09,10.994,10.9615,-0.0325
test,2023-09-10,10.788,10.7535,-0.0345
test,2023-09-11,10.59,10.5753,-0.0147
test,2023-09-12,10.422,10.4492,0.0272
test,2023-09-13,10.3,10.3603,0.0603
test,2023-09-14,10.228,10.2905,0.0625
test,2023-09-15,10.134,10.265,0.131
test,2023-09-16,10.034,10.2105,0.1765
test,2023-09-17,9.942,10.1502,0.2082
test,2023-09-18,9.906,10.0803,0.1743
test,2023-09-19,9.986,10.0514,0.0654
test,2023-09-20,10.044,10.1469,0.1029
test,2023-09-21,10.066,10.2149,0.1489
test,2023-09-22,10.076,10.2523,0.1763
test,2023-09-23,10.174,10.2724,0.0984
test,2023-09-24,10.384,10.3729,-0.0111
test,2023-09-25,10.826,10.5892,-0.2368
test,2023-09-26,11.072,11.024,-0.048
test,2023-09-27,11.216,11.2294,0.0134
test,2023-09-28,11.262,11.2777,0.0157
test,2023-09-29,11.232,11.2414,0.0094
test,2023-09-30,11.25,11.1355,-0.1145
test,2023-10-01,11.234,11.0946,-0.1394
test,2023-10-02,11.144,11.0727,-0.0713
test,2023-10-03,10.994,11.0206,0.0266
test,2023-10-04,10.906,10.9332,0.0272
test,2023-10-05,10.932,10.8835,-0.0485
test,2023-10-06,10.918,10.9441,0.0261
test,2023-10-07,10.892,10.9474,0.0554
test,2023-10-08,10.954,10.9354,-0.0186
test,2023-10-09,11.082,11.016,-0.066
test,2023-10-10,11.12,11.1725,0.0525
test,2023-10-11,11.064,11.217,0.153
test,2023-10-12,10.926,11.1237,0.1977
test,2023-10-13,10.75,10.9312,0.1812
test,2023-10-14,10.562,10.6961,0.1341
test,2023-10-15,10.408,10.4643,0.0563
test,2023-10-16,10.26,10.2965,0.0365
test,2023-10-17,10.052,10.1616,0.1096
test,2023-10-18,9.836,9.9532,0.1172
test,2023-10-19,9.62,9.7122,0.0922
test,2023-10-20,9.424,9.4605,0.0365
test,2023-10-21,9.258,9.2291,-0.0289
test,2023-10-22,9.042,9.0346,-0.0074
test,2023-10-23,8.85,8.8248,-0.0252
test,2023-10-24,8.698,8.6552,-0.0428
test,2023-10-25,8.526,8.5244,-0.0016
test,2023-10-26,8.39,8.3836,-0.0064
test,2023-10-27,8.26,8.265,0.005
test,2023-10-28,8.118,8.1513,0.0333
test,2023-10-29,8.004,8.0206,0.0166
test,2023-10-30,7.94,7.9052,-0.0348
test,2023-10-31,7.888,7.8414,-0.0466
test,2023-11-01,7.758,7.8017,0.0437
test,2023-11-02,7.662,7.697,0.035
test,2023-11-03,7.626,7.5863,-0.0397
test,2023-11-04,7.524,7.53,0.006
test,2023-11-05,7.398,7.4266,0.0286
test,2023-11-06,7.292,7.295,0.003
test,2023-11-07,7.29,7.1857,-0.1043
test,2023-11-08,7.208,7.1651,-0.0429
test,2023-11-09,7.126,7.0977,-0.0283
test,2023-11-10,7.08,7.0268,-0.0532
test,2023-11-11,6.996,7.0069,0.0109
test,2023-11-12,6.94,6.9559,0.0159
test,2023-11-13,6.902,6.9042,0.0022
test,2023-11-14,6.888,6.8703,-0.0177
test,2023-11-15,6.828,6.8706,0.0426
test,2023-11-16,6.694,6.8259,0.1319
test,2023-11-17,6.68,6.7108,0.0308
test,2023-11-18,6.68,6.6824,0.0024
test,2023-11-19,6.566,6.6805,0.1145
test,2023-11-20,6.37,6.5828,0.2128
test,2023-11-21,6.274,6.397,0.123
test,2023-11-22,6.316,6.2811,-0.0349
test,2023-11-23,6.282,6.2878,0.0058
test,2023-11-24,6.186,6.2545,0.0685
test,2023-11-25,6.082,6.1814,0.0994
test,2023-11-26,6.058,6.0984,0.0404
test,2023-11-27,6.096,6.0595,-0.0365
test,2023-11-28,6.114,6.0904,-0.0236
test,2023-11-29,6.11,6.1031,-0.0069
test,2023-11-30,6.098,6.1103,0.0123
test,2023-12-01,6.052,6.1136,0.0616
test,2023-12-02,5.95,6.0656,0.1156
test,2023-12-03,5.902,5.953,0.051
test,2023-12-04,5.864,5.8801,0.0161
test,2023-12-05,5.762,5.8532,0.0912
test,2023-12-06,5.712,5.7737,0.0617
test,2023-12-07,5.69,5.7237,0.0337
test,2023-12-08,5.668,5.7185,0.0505
test,2023-12-09,5.62,5.6801,0.0601
test,2023-12-10,5.61,5.6159,0.0059
test,2023-12-11,5.594,5.6022,0.0082
test,2023-12-12,5.588,5.5995,0.0115
test,2023-12-13,5.552,5.5884,0.0364
test,2023-12-14,5.508,5.5622,0.0542
test,2023-12-15,5.472,5.5348,0.0628
test,2023-12-16,5.41,5.5053,0.0953
test,2023-12-17,5.37,5.4374,0.0674
test,2023-12-18,5.324,5.393,0.069
test,2023-12-19,5.224,5.357,0.133
test,2023-12-20,5.128,5.272,0.144
test,2023-12-21,5.104,5.1716,0.0676
test,2023-12-22,5.1,5.1195,0.0195
test,2023-12-23,5.106,5.1034,-0.0026
test,2023-12-24,5.1,5.1063,0.0063
test,2023-12-25,5.082,5.1085,0.0265
test,2023-12-26,5.038,5.0954,0.0574
test,2023-12-27,4.958,5.0583,0.1003
test,2023-12-28,4.826,4.9876,0.1616
test,2023-12-29,4.752,4.8748,0.1228
test,2023-12-30,4.75,4.7944,0.0444
test,2023-12-31,4.74,4.7787,0.0387
test,2024-01-01,4.718,4.7846,0.0666
test,2024-01-02,4.62,4.7602,0.1402
test,2024-01-03,4.52,4.6837,0.1637
test,2024-01-04,4.45,4.5917,0.1417
test,2024-01-05,4.398,4.514,0.116
test,2024-01-06,4.312,4.4557,0.1437
test,2024-01-07,4.26,4.4019,0.1419
test,2024-01-08,4.218,4.3545,0.1365
test,2024-01-09,4.176,4.3112,0.1352
test,2024-01-10,4.124,4.2671,0.1431
test,2024-01-11,4.062,4.212,0.15
test,2024-01-12,4.032,4.1524,0.1204
test,2024-01-13,3.982,4.1155,0.1335
test,2024-01-14,3.94,4.0725,0.1325
test,2024-01-15,3.906,4.0358,0.1298
test,2024-01-16,3.888,4.0105,0.1225
test,2024-01-17,3.87,3.9946,0.1246
test,2024-01-18,3.882,3.9834,0.1014
test,2024-01-19,3.872,3.9863,0.1143
test,2024-01-20,3.87,3.9884,0.1184
test,2024-01-21,3.868,3.9934,0.1254
test,2024-01-22,3.85,3.9901,0.1401
test,2024-01-23,3.824,3.9867,0.1627
test,2024-01-24,3.812,3.9736,0.1616
test,2024-01-25,3.83,3.9655,0.1355
test,2024-01-26,3.87,3.983,0.113
test,2024-01-27,3.89,4.0191,0.1291
test,2024-01-28,3.9,4.0418,0.1418
test,2024-01-29,3.906,4.0548,0.1488
test,2024-01-30,3.92,4.0607,0.1407
test,2024-01-31,3.902,4.0751,0.1731
test,2024-02-01,3.852,4.0622,0.2102
test,2024-02-02,3.828,4.0147,0.1867
test,2024-02-03,3.814,3.9792,0.1652
test,2024-02-04,3.792,3.9647,0.1727
test,2024-02-05,3.776,3.9615,0.1855
test,2024-02-06,3.764,3.9402,0.1762
test,2024-02-07,3.732,3.9175,0.1855
test,2024-02-08,3.69,3.8964,0.2064
test,2024-02-09,3.616,3.8677,0.2517
test,2024-02-10,3.564,3.8178,0.2538
test,2024-02-11,3.526,3.7681,0.2421
test,2024-02-12,3.5,3.7336,0.2336
test,2024-02-13,3.478,3.701,0.223
test,2024-02-14,3.428,3.6738,0.2458
test,2024-02-15,3.386,3.6273,0.2413
test,2024-02-16,3.336,3.5754,0.2394
test,2024-02-17,3.31,3.5164,0.2064
test,2024-02-18,3.31,3.4676,0.1576
test,2024-02-19,3.3,3.4477,0.1477
test,2024-02-20,3.306,3.4258,0.1198
test,2024-02-21,3.284,3.4216,0.1376
test,2024-02-22,3.294,3.4121,0.1181
test,2024-02-23,3.308,3.4063,0.0983
test,2024-02-24,3.304,3.401,0.097
test,2024-02-25,3.32,3.3987,0.0787
test,2024-02-26,3.36,3.4111,0.0511
test,2024-02-27,3.444,3.4577,0.0137
test,2024-02-28,3.492,3.5234,0.0314
test,2024-02-29,3.504,3.5721,0.0681
test,2024-03-01,3.51,3.5992,0.0892
test,2024-03-02,3.52,3.605,0.085
test,2024-03-03,3.496,3.6144,0.1184
test,2024-03-04,3.466,3.5894,0.1234
test,2024-03-05,3.418,3.5531,0.1351
test,2024-03-06,3.382,3.5423,0.1603
test,2024-03-07,3.348,3.5239,0.1759
test,2024-03-08,3.358,3.4861,0.1281
test,2024-03-09,3.384,3.4797,0.0957
test,2024-03-10,3.394,3.5124,0.1184
test,2024-03-11,3.386,3.5409,0.1549
test,2024-03-12,3.37,3.5349,0.1649
test,2024-03-13,3.426,3.5122,0.0862
test,2024-03-14,3.46,3.5326,0.0726
test,2024-03-15,3.45,3.5603,0.1103
test,2024-03-16,3.42,3.5695,0.1495
test,2024-03-17,3.364,3.57,0.206
test,2024-03-18,3.316,3.535,0.219
test,2024-03-19,3.31,3.4732,0.1632
test,2024-03-20,3.31,3.4286,0.1186
test,2024-03-21,3.35,3.4036,0.0536
test,2024-03-22,3.37,3.4183,0.0483
test,2024-03-23,3.298,3.425,0.127
test,2024-03-24,3.12,3.3806,0.2606
test,2024-03-25,2.994,3.2558,0.2618
test,2024-03-26,2.994,3.1301,0.1361
test,2024-03-27,3.036,3.0884,0.0524
test,2024-03-28,3.1,3.1137,0.0137
test,2024-03-29,3.168,3.1711,0.0031
test,2024-03-30,3.196,3.2463,0.0503
test,2024-03-31,3.222,3.2867,0.0647
test,2024-04-01,3.278,3.2958,0.0178
test,2024-04-02,3.356,3.3323,-0.0237
test,2024-04-03,3.408,3.4231,0.0151
test,2024-04-04,3.392,3.5028,0.1108
test,2024-04-05,3.372,3.5217,0.1497
test,2024-04-06,3.37,3.5151,0.1451
test,2024-04-07,3.376,3.5058,0.1298
test,2024-04-08,3.388,3.487,0.099
test,2024-04-09,3.39,3.4857,0.0957
test,2024-04-10,3.38,3.4888,0.1088
test,2024-04-11,3.396,3.4851,0.0891
test,2024-04-12,3.398,3.4967,0.0987
test,2024-04-13,3.392,3.5038,0.1118
test,2024-04-14,3.316,3.5071,0.1911
test,2024-04-15,3.24,3.4644,0.2244
test,2024-04-16,3.21,3.4032,0.1932
test,2024-04-17,3.248,3.3576,0.1096
test,2024-04-18,3.286,3.376,0.09
test,2024-04-19,3.26,3.4153,0.1553
test,2024-04-20,3.21,3.4196,0.2096
test,2024-04-21,3.18,3.3939,0.2139
test,2024-04-22,3.182,3.3626,0.1806
test,2024-04-23,3.208,3.3458,0.1378
test,2024-04-24,3.338,3.3521,0.0141
test,2024-04-25,3.468,3.4453,-0.0227
test,2024-04-26,3.516,3.5762,0.0602
test,2024-04-27,3.548,3.6429,0.0949
test,2024-04-28,3.556,3.6724,0.1164
test,2024-04-29,3.56,3.6742,0.1142
test,2024-04-30,3.55,3.6685,0.1185
test,2024-05-01,3.56,3.6638,0.1038
test,2024-05-02,3.598,3.6846,0.0866
test,2024-05-03,3.624,3.7408,0.1168
test,2024-05-04,3.536,3.77,0.234
test,2024-05-05,3.448,3.6942,0.2462
test,2024-05-06,3.446,3.6044,0.1584
test,2024-05-07,3.49,3.5767,0.0867
test,2024-05-08,3.45,3.5947,0.1447
test,2024-05-09,3.476,3.5811,0.1051
test,2024-05-10,3.51,3.6067,0.0967
test,2024-05-11,3.588,3.6533,0.0653
test,2024-05-12,3.592,3.72,0.128
test,2024-05-13,3.518,3.7292,0.2112
test,2024-05-14,3.478,3.6695,0.1915
test,2024-05-15,3.444,3.6316,0.1876
test,2024-05-16,3.37,3.5975,0.2275
test,2024-05-17,3.316,3.5337,0.2177
test,2024-05-18,3.32,3.477,0.157
test,2024-05-19,3.33,3.4736,0.1436
test,2024-05-20,3.33,3.4878,0.1578
test,2024-05-21,3.34,3.4859,0.1459
test,2024-05-22,3.362,3.4949,0.1329
test,2024-05-23,3.402,3.5135,0.1115
test,2024-05-24,3.434,3.5514,0.1174
test,2024-05-25,3.474,3.5902,0.1162
test,2024-05-26,3.608,3.6489,0.0409
test,2024-05-27,4.084,3.7778,-0.3062
test,2024-05-28,4.184,4.2054,0.0214
test,2024-05-29,4.07,4.4031,0.3331
test,2024-05-30,3.966,4.3217,0.3557
test,2024-05-31,3.862,4.1971,0.3351
test,2024-06-01,3.842,4.0648,0.2228
test,2024-06-02,3.928,4.0112,0.0832
test,2024-06-03,4.102,4.0849,-0.0171
test,2024-06-04,4.324,4.2965,-0.0275
test,2024-06-05,4.65,4.5431,-0.1069
test,2024-06-06,4.958,4.8688,-0.0892
test,2024-06-07,5.158,5.1876,0.0296
test,2024-06-08,5.364,5.3694,0.0054
test,2024-06-09,5.418,5.5388,0.1208
test,2024-06-10,5.45,5.5735,0.1235
test,2024-06-11,5.38,5.6147,0.2347
test,2024-06-12,5.268,5.5446,0.2766
test,2024-06-13,5.148,5.4153,0.2673
test,2024-06-14,5.122,5.2848,0.1628
test,2024-06-15,5.07,5.243,0.173
test,2024-06-16,5.084,5.1978,0.1138
test,2024-06-17,5.236,5.2028,-0.0332
test,2024-06-18,5.49,5.3611,-0.1289
test,2024-06-19,5.84,5.6409,-0.1991
test,2024-06-20,6.272,6.0324,-0.2396
test,2024-06-21,6.68,6.5107,-0.1693
test,2024-06-22,7.078,6.9278,-0.1502
test,2024-06-23,7.316,7.2971,-0.0189
test,2024-06-24,7.508,7.4897,-0.0183
test,2024-06-25,7.436,7.6263,0.1903
test,2024-06-26,7.13,7.4973,0.3673
test,2024-06-27,6.932,7.1286,0.1966
test,2024-06-28,6.954,6.8962,-0.0578
test,2024-06-29,7.226,6.9594,-0.2666
test,2024-06-30,7.568,7.3287,-0.2393
test,2024-07-01,7.576,7.783,0.207
test,2024-07-02,7.618,7.7944,0.1764
test,2024-07-03,7.926,7.8099,-0.1161
test,2024-07-04,8.382,8.1416,-0.2404
test,2024-07-05,8.768,8.6795,-0.0885
test,2024-07-06,9.046,9.1616,0.1156
test,2024-07-07,9.172,9.5743,0.4023
test,2024-07-08,9.232,9.7779,0.5459
test,2024-07-09,9.422,9.8169,0.3949
test,2024-07-10,9.726,9.9635,0.2375
test,2024-07-11,10.078,10.2442,0.1662
test,2024-07-12,10.508,10.5841,0.0761
test,2024-07-13,10.844,10.9941,0.1501
test,2024-07-14,11.108,11.2619,0.1539
test,2024-07-15,11.332,11.4104,0.0784
test,2024-07-16,11.424,11.4457,0.0217
test,2024-07-17,11.48,11.389,-0.091
test,2024-07-18,11.47,11.3677,-0.1023
test,2024-07-19,11.456,11.3793,-0.0767
test,2024-07-20,11.372,11.3943,0.0223
test,2024-07-21,11.222,11.3499,0.1279
test,2024-07-22,11.098,11.1714,0.0734
test,2024-07-23,11.028,11.0096,-0.0184
test,2024-07-24,10.96,10.9088,-0.0512
test,2024-07-25,10.92,10.8379,-0.0821
test,2024-07-26,10.938,10.8766,-0.0614
test,2024-07-27,10.954,10.9913,0.0373
test,2024-07-28,10.89,11.0345,0.1445
test,2024-07-29,10.832,10.94,0.108
test,2024-07-30,10.76,10.877,0.117
test,2024-07-31,10.63,10.8226,0.1926
test,2024-08-01,10.57,10.6778,0.1078
test,2024-08-02,10.608,10.6676,0.0596
test,2024-08-03,10.646,10.7324,0.0864
test,2024-08-04,10.804,10.8032,-0.0008
test,2024-08-05,10.886,10.9999,0.1139
test,2024-08-06,10.952,11.1153,0.1633
test,2024-08-07,11.004,11.1406,0.1366
test,2024-08-08,11.154,11.1481,-0.0059
test,2024-08-09,11.314,11.271,-0.043
test,2024-08-10,11.482,11.4451,-0.0369
test,2024-08-11,11.522,11.6124,0.0904
test,2024-08-12,11.78,11.6378,-0.1422
test,2024-08-13,11.932,11.8694,-0.0626
test,2024-08-14,11.998,12.0236,0.0256
test,2024-08-15,12.076,12.0799,0.0039
test,2024-08-16,12.114,12.1584,0.0444
test,2024-08-17,12.166,12.1859,0.0199
test,2024-08-18,12.164,12.2349,0.0709
test,2024-08-19,12.18,12.2192,0.0392
test,2024-08-20,12.114,12.2169,0.1029
test,2024-08-21,12.026,12.134,0.108
test,2024-08-22,11.982,12.0256,0.0436
test,2024-08-23,11.95,11.9669,0.0169
test,2024-08-24,11.956,11.9296,-0.0264
test,2024-08-25,11.932,11.9573,0.0253
test,2024-08-26,11.978,11.9286,-0.0494
test,2024-08-27,11.98,11.98,0.0
test,2024-08-28,11.954,12.0017,0.0477
test,2024-08-29,11.968,11.9569,-0.0111
test,2024-08-30,11.936,11.9544,0.0184
test,2024-08-31,11.878,11.9161,0.0381
test,2024-09-01,11.802,11.8264,0.0244
test,2024-09-02,11.744,11.7121,-0.0319
test,2024-09-03,11.722,11.6331,-0.0889
test,2024-09-04,11.688,11.6082,-0.0798
test,2024-09-05,11.644,11.5501,-0.0939
test,2024-09-06,11.636,11.494,-0.142
test,2024-09-07,11.578,11.5221,-0.0559
test,2024-09-08,11.462,11.5116,0.0496
test,2024-09-09,11.366,11.3926,0.0266
test,2024-09-10,11.256,11.2759,0.0199
test,2024-09-11,11.17,11.1765,0.0065
test,2024-09-12,11.128,11.065,-0.063
test,2024-09-13,10.98,11.0894,0.1094
test,2024-09-14,10.94,11.0124,0.0724
test,2024-09-15,10.96,11.0151,0.0551
test,2024-09-16,10.948,11.0616,0.1136
test,2024-09-17,10.864,11.0451,0.1811
test,2024-09-18,10.996,10.9443,-0.0517
test,2024-09-19,11.248,11.1249,-0.1231
test,2024-09-20,11.496,11.4512,-0.0448
test,2024-09-21,11.694,11.6799,-0.0141
test,2024-09-22,11.96,11.8059,-0.1541
test,2024-09-23,12.13,11.9829,-0.1471
test,2024-09-24,12.236,12.0846,-0.1514
test,2024-09-25,12.336,12.1106,-0.2254
test,2024-09-26,12.38,12.1706,-0.2094
test,2024-09-27,12.312,12.1759,-0.1361
test,2024-09-28,12.256,12.0289,-0.2271
test,2024-09-29,12.16,12.0612,-0.0988
test,2024-09-30,12.076,11.9973,-0.0787
test,2024-10-01,12.078,11.9614,-0.1166
test,2024-10-02,12.094,11.9655,-0.1285
test,2024-10-03,12.124,12.0164,-0.1076
test,2024-10-04,12.16,12.1297,-0.0303
test,2024-10-05,12.232,12.1967,-0.0353
test,2024-10-06,12.23,12.2255,-0.0045
test,2024-10-07,12.136,12.1609,0.0249
test,2024-10-08,11.938,12.0063,0.0683
test,2024-10-09,11.708,11.7797,0.0717
test,2024-10-10,11.508,11.5389,0.0309
test,2024-10-11,11.322,11.3411,0.0191
test,2024-10-12,11.138,11.2183,0.0803
test,2024-10-13,11.018,11.0591,0.0411
test,2024-10-14,10.902,10.9056,0.0036
test,2024-10-15,10.77,10.741,-0.029
test,2024-10-16,10.654,10.5847,-0.0693
test,2024-10-17,10.546,10.4454,-0.1006
test,2024-10-18,10.402,10.3329,-0.0691
test,2024-10-19,10.232,10.1842,-0.0478
test,2024-10-20,10.064,10.0076,-0.0564
test,2024-10-21,9.946,9.8449,-0.1011
test,2024-10-22,9.77,9.739,-0.031
test,2024-10-23,9.618,9.577,-0.041
test,2024-10-24,9.5,9.4244,-0.0756
test,2024-10-25,9.43,9.3202,-0.1098
test,2024-10-26,9.308,9.269,-0.039
test,2024-10-27,9.21,9.1889,-0.0211
test,2024-10-28,9.104,9.1325,0.0285
test,2024-10-29,9.078,9.0534,-0.0246
test,2024-10-30,9.012,9.012,0.0
test,2024-10-31,8.926,8.9472,0.0212
test,2024-11-01,8.814,8.8614,0.0474
test,2024-11-02,8.74,8.7692,0.0292
test,2024-11-03,8.654,8.6878,0.0338
test,2024-11-04,8.51,8.6008,0.0908
test,2024-11-05,8.454,8.4641,0.0101
test,2024-11-06,8.38,8.4098,0.0298
test,2024-11-07,8.268,8.3557,0.0877
test,2024-11-08,8.16,8.261,0.101
test,2024-11-09,8.098,8.1551,0.0571
test,2024-11-10,8.026,8.0848,0.0588
test,2024-11-11,7.97,8.0043,0.0343
test,2024-11-12,7.876,7.9292,0.0532
test,2024-11-13,7.796,7.8514,0.0554
test,2024-11-14,7.824,7.7841,-0.0399
test,2024-11-15,7.806,7.8088,0.0028
test,2024-11-16,7.764,7.8016,0.0376
test,2024-11-17,7.724,7.7621,0.0381
test,2024-11-18,7.744,7.7224,-0.0216
test,2024-11-19,7.76,7.736,-0.024
test,2024-11-20,7.726,7.75,0.024
test,2024-11-21,7.66,7.7104,0.0504
test,2024-11-22,7.706,7.6386,-0.0674
test,2024-11-23,7.788,7.6602,-0.1278
test,2024-11-24,7.79,7.7323,-0.0577
test,2024-11-25,7.75,7.7332,-0.0168
test,2024-11-26,7.764,7.68,-0.084
test,2024-11-27,7.82,7.6629,-0.1571
test,2024-11-28,7.822,7.6992,-0.1228
test,2024-11-29,7.774,7.7101,-0.0639
test,2024-11-30,7.8,7.6828,-0.1172
test,2024-12-01,7.938,7.7204,-0.2176
test,2024-12-02,7.96,7.8671,-0.0929
test,2024-12-03,7.922,7.911,-0.011
test,2024-12-04,7.792,7.8815,0.0895
test,2024-12-05,7.778,7.7624,-0.0156
test,2024-12-06,7.85,7.7198,-0.1302
test,2024-12-07,7.904,7.779,-0.125
test,2024-12-08,7.892,7.8508,-0.0412
test,2024-12-09,7.818,7.8703,0.0523
test,2024-12-10,7.508,7.8034,0.2954
test,2024-12-11,7.23,7.5066,0.2766
test,2024-12-12,7.084,7.1797,0.0957
test,2024-12-13,7.008,6.9909,-0.0171
test,2024-12-14,6.966,6.9084,-0.0576
test,2024-12-15,6.904,6.8926,-0.0114
test,2024-12-16,6.706,6.8808,0.1748
test,2024-12-17,6.72,6.736,0.016
test,2024-12-18,6.872,6.6916,-0.1804
test,2024-12-19,6.822,6.7872,-0.0348
test,2024-12-20,6.726,6.7622,0.0362
test,2024-12-21,6.594,6.6845,0.0905
test,2024-12-22,6.5,6.5764,0.0764
test,2024-12-23,6.464,6.4775,0.0135
test,2024-12-24,6.452,6.4088,-0.0432
test,2024-12-25,6.44,6.3761,-0.0639
test,2024-12-26,6.426,6.3687,-0.0573
test,2024-12-27,6.352,6.3553,0.0033
test,2024-12-28,6.222,6.2905,0.0685
test,2024-12-29,6.134,6.1815,0.0475
test,2024-12-30,5.81,6.065,0.255
test,2024-12-31,5.446,5.7924,0.3464
test,2025-01-01,5.056,5.4839,0.4279
test,2025-01-02,5.006,5.1532,0.1472
test,2025-01-03,5.0,5.0063,0.0063
test,2025-01-04,4.994,4.959,-0.035
test,2025-01-05,4.98,4.9422,-0.0378
test,2025-01-06,4.97,4.9527,-0.0173
test,2025-01-07,4.95,4.9458,-0.0042
test,2025-01-08,4.888,4.925,0.037
test,2025-01-09,4.812,4.8668,0.0548
test,2025-01-10,4.756,4.8128,0.0568
test,2025-01-11,4.71,4.7796,0.0696
test,2025-01-12,4.7,4.7432,0.0432
test,2025-01-13,4.676,4.7315,0.0555
test,2025-01-14,4.664,4.6873,0.0233
test,2025-01-15,4.64,4.6488,0.0088
test,2025-01-16,4.604,4.5995,-0.0045
test,2025-01-17,4.58,4.5581,-0.0219
test,2025-01-18,4.556,4.5128,-0.0432
test,2025-01-19,4.57,4.4884,-0.0816
test,2025-01-20,4.628,4.496,-0.132
test,2025-01-21,4.666,4.5417,-0.1243
test,2025-01-22,4.68,4.597,-0.083
test,2025-01-23,4.664,4.6384,-0.0256
test,2025-01-24,4.644,4.6564,0.0124
test,2025-01-25,4.634,4.6493,0.0153
test,2025-01-26,4.624,4.6495,0.0255
test,2025-01-27,4.606,4.6653,0.0593
test,2025-01-28,4.6,4.6765,0.0765
test,2025-01-29,4.6,4.6864,0.0864
test,2025-01-30,4.576,4.6931,0.1171
test,2025-01-31,4.56,4.6712,0.1112
test,2025-02-01,4.512,4.635,0.123
test,2025-02-02,4.486,4.5657,0.0797
test,2025-02-03,4.48,4.5245,0.0445
test,2025-02-04,4.47,4.5146,0.0446
test,2025-02-05,4.46,4.512,0.052
test,2025-02-06,4.436,4.5015,0.0655
test,2025-02-07,4.416,4.4901,0.0741
test,2025-02-08,4.378,4.4743,0.0963
test,2025-02-09,4.36,4.4311,0.0711
test,2025-02-10,4.366,4.3926,0.0266
test,2025-02-11,4.36,4.3815,0.0215
test,2025-02-12,4.35,4.3748,0.0248
test,2025-02-13,4.33,4.3671,0.0371
test,2025-02-14,4.282,4.3525,0.0705
test,2025-02-15,4.28,4.309,0.029
test,2025-02-16,4.114,4.2861,0.1721
test,2025-02-17,4.008,4.158,0.15
test,2025-02-18,3.924,4.0479,0.1239
test,2025-02-19,3.894,3.9638,0.0698
test,2025-02-20,3.872,3.9127,0.0407
test,2025-02-21,3.87,3.8844,0.0144
test,2025-02-22,3.838,3.8713,0.0333
test,2025-02-23,3.83,3.8591,0.0291
test,2025-02-24,3.84,3.8475,0.0075
test,2025-02-25,3.844,3.8503,0.0063
test,2025-02-26,3.83,3.8573,0.0273
test,2025-02-27,3.83,3.8529,0.0229
test,2025-02-28,3.83,3.8477,0.0177
test,2025-03-01,3.82,3.838,0.018
test,2025-03-02,3.81,3.7993,-0.0107
test,2025-03-03,3.808,3.7791,-0.0289
test,2025-03-04,3.79,3.7875,-0.0025
test,2025-03-05,3.768,3.772,0.004
test,2025-03-06,3.75,3.7621,0.0121
test,2025-03-07,3.74,3.755,0.015
test,2025-03-08,3.716,3.7529,0.0369
test,2025-03-09,3.696,3.7289,0.0329
test,2025-03-10,3.68,3.7103,0.0303
test,2025-03-11,3.67,3.7067,0.0367
test,2025-03-12,3.67,3.6935,0.0235
test,2025-03-13,3.67,3.6841,0.0141
test,2025-03-14,3.706,3.6901,-0.0159
test,2025-03-15,3.762,3.7339,-0.0281
test,2025-03-16,3.8,3.7876,-0.0124
test,2025-03-17,3.782,3.8303,0.0483
test,2025-03-18,3.764,3.8263,0.0623
test,2025-03-19,3.77,3.8188,0.0488
test,2025-03-20,3.758,3.822,0.064
test,2025-03-21,3.75,3.8075,0.0575
test,2025-03-22,3.738,3.7866,0.0486
test,2025-03-23,3.7,3.7726,0.0726
test,2025-03-24,3.528,3.7496,0.2216
test,2025-03-25,3.402,3.6262,0.2242
test,2025-03-26,3.376,3.4915,0.1155
test,2025-03-27,3.364,3.43,0.066
test,2025-03-28,3.36,3.4067,0.0467
test,2025-03-29,3.35,3.4069,0.0569
test,2025-03-30,3.36,3.4244,0.0644
test,2025-03-31,3.386,3.4528,0.0668
test,2025-04-01,3.402,3.4646,0.0626
test,2025-04-02,3.438,3.4597,0.0217
test,2025-04-03,3.498,3.4855,-0.0125
test,2025-04-04,3.626,3.536,-0.09
test,2025-04-05,3.678,3.6468,-0.0312
test,2025-04-06,3.716,3.728,0.012
test,2025-04-07,3.738,3.7793,0.0413
test,2025-04-08,3.72,3.8032,0.0832
test,2025-04-09,3.72,3.7872,0.0672
test,2025-04-10,3.726,3.7669,0.0409
test,2025-04-11,3.75,3.7612,0.0112
test,2025-04-12,3.758,3.7754,0.0174
test,2025-04-13,3.72,3.785,0.065
test,2025-04-14,3.64,3.7671,0.1271
test,2025-04-15,3.546,3.7106,0.1646
test,2025-04-16,3.53,3.6325,0.1025
test,2025-04-17,3.522,3.6031,0.0811
test,2025-04-18,3.52,3.6004,0.0804
test,2025-04-19,3.532,3.6119,0.0799
test,2025-04-20,3.556,3.6373,0.0813
test,2025-04-21,3.582,3.6748,0.0928
test,2025-04-22,3.618,3.7068,0.0888
test,2025-04-23,3.676,3.7424,0.0664
test,2025-04-24,3.754,3.8051,0.0511
test,2025-04-25,3.822,3.8889,0.0669
test,2025-04-26,3.868,3.9552,0.0872
test,2025-04-27,3.92,3.9895,0.0695
test,2025-04-28,3.926,4.0161,0.0901
test,2025-04-29,3.95,4.0002,0.0502
test,2025-04-30,3.94,3.991,0.051
test,2025-05-01,3.988,3.9736,-0.0144
test,2025-05-02,4.12,4.0005,-0.1195
test,2025-05-03,4.204,4.1234,-0.0806
test,2025-05-04,4.208,4.2152,0.0072
test,2025-05-05,4.1,4.2387,0.1387
test,2025-05-06,3.99,4.1516,0.1616
test,2025-05-07,3.9,4.0393,0.1393
test,2025-05-08,3.82,3.9431,0.1231
test,2025-05-09,3.772,3.8666,0.0946
test,2025-05-10,3.738,3.84,0.102
test,2025-05-11,3.71,3.8374,0.1274
test,2025-05-12,3.726,3.8362,0.1102
test,2025-05-13,3.73,3.8481,0.1181
test,2025-05-14,3.77,3.8471,0.0771
test,2025-05-15,3.812,3.8667,0.0547
test,2025-05-16,3.858,3.8967,0.0387
test,2025-05-17,3.9,3.9404,0.0404
test,2025-05-18,3.978,3.997,0.019
test,2025-05-19,4.026,4.0772,0.0512
test,2025-05-20,4.072,4.1331,0.0611
test,2025-05-21,4.178,4.1664,-0.0116
test,2025-05-22,4.39,4.2475,-0.1425
test,2025-05-23,4.586,4.4344,-0.1516
test,2025-05-24,4.804,4.6363,-0.1677
test,2025-05-25,4.958,4.8625,-0.0955
test,2025-05-26,5.056,5.0325,-0.0235
test,2025-05-27,5.09,5.1308,0.0408
test,2025-05-28,5.11,5.1515,0.0415
test,2025-05-29,5.168,5.1609,-0.0071
test,2025-05-30,5.218,5.2249,0.0069
test,2025-05-31,5.104,5.2925,0.1885
test,2025-06-01,5.038,5.1935,0.1555
test,2025-06-02,5.018,5.1239,0.1059
test,2025-06-03,5.142,5.119,-0.023
test,2025-06-04,5.484,5.2345,-0.2495
test,2025-06-05,6.03,5.5774,-0.4526
test,2025-06-06,6.488,6.2204,-0.2676
test,2025-06-07,6.724,6.764,0.04
test,2025-06-08,6.696,6.9762,0.2802
test,2025-06-09,6.602,6.8476,0.2456
test,2025-06-10,6.318,6.6211,0.3031
test,2025-06-11,6.14,6.2418,0.1018
test,2025-06-12,5.964,6.015,0.051
test,2025-06-13,5.792,5.8812,0.0892
test,2025-06-14,5.656,5.768,0.112
test,2025-06-15,5.522,5.6648,0.1428
test,2025-06-16,5.4,5.5389,0.1389
test,2025-06-17,5.348,5.4185,0.0705
test,2025-06-18,5.296,5.3623,0.0663
test,2025-06-19,5.244,5.3697,0.1257
test,2025-06-20,5.34,5.4188,0.0788
test,2025-06-21,5.486,5.5903,0.1043
test,2025-06-22,5.708,5.7723,0.0643
test,2025-06-23,5.858,6.0611,0.2031
test,2025-06-24,5.976,6.2763,0.3003
test,2025-06-25,6.182,6.3934,0.2114
test,2025-06-26,6.628,6.5882,-0.0398
test,2025-06-27,7.134,7.033,-0.101
test,2025-06-28,7.546,7.5718,0.0258
test,2025-06-29,7.746,7.9849,0.2389
test,2025-06-30,7.752,8.1221,0.3701
test,2025-07-01,7.786,8.0063,0.2203
test,2025-07-02,7.812,7.9095,0.0975
test,2025-07-03,7.816,7.8775,0.0615
test,2025-07-04,7.792,7.9035,0.1115
test,2025-07-05,7.77,7.9502,0.1802
test,2025-07-06,7.822,8.0168,0.1948
test,2025-07-07,7.974,8.1618,0.1878
test,2025-07-08,8.318,8.3665,0.0485
test,2025-07-09,8.648,8.7542,0.1062
test,2025-07-10,8.866,9.0843,0.2183
test,2025-07-11,8.918,9.2807,0.3627
test,2025-07-12,8.95,9.2974,0.3474
test,2025-07-13,9.05,9.2928,0.2428
test,2025-07-14,9.39,9.3743,-0.0157
test,2025-07-15,9.642,9.7273,0.0853
test,2025-07-16,9.858,9.9984,0.1404
test,2025-07-17,10.268,10.2297,-0.0383
test,2025-07-18,10.672,10.6402,-0.0318
test,2025-07-19,11.046,11.0289,-0.0171
test,2025-07-20,11.246,11.2758,0.0298
test,2025-07-21,11.438,11.3435,-0.0945
test,2025-07-22,11.548,11.4615,-0.0865
test,2025-07-23,11.666,11.5306,-0.1354
test,2025-07-24,11.746,11.6009,-0.1451
test,2025-07-25,11.832,11.6838,-0.1482
test,2025-07-26,11.864,11.7444,-0.1196
test,2025-07-27,11.752,11.7836,0.0316
test,2025-07-28,11.544,11.6716,0.1276
test,2025-07-29,11.36,11.4743,0.1143
test,2025-07-30,11.212,11.3436,0.1316
test,2025-07-31,11.19,11.2487,0.0587
test,2025-08-01,11.282,11.2685,-0.0135
test,2025-08-02,11.344,11.4548,0.1108
test,2025-08-03,11.496,11.5826,0.0866
test,2025-08-04,11.626,11.7354,0.1094
test,2025-08-05,11.824,11.8933,0.0693
test,2025-08-06,11.984,12.0476,0.0636
test,2025-08-07,12.134,12.1472,0.0132
test,2025-08-08,12.288,12.2306,-0.0574
test,2025-08-09,12.41,12.359,-0.051
test,2025-08-10,12.566,12.4889,-0.0771
test,2025-08-11,12.714,12.6239,-0.0901
test,2025-08-12,12.814,12.7113,-0.1027
test,2025-08-13,12.898,12.7888,-0.1092
test,2025-08-14,12.932,12.7848,-0.1472
test,2025-08-15,12.94,12.8121,-0.1279
test,2025-08-16,12.93,12.7557,-0.1743
test,2025-08-17,12.826,12.7239,-0.1021
test,2025-08-18,12.762,12.6689,-0.0931
test,2025-08-19,12.596,12.6124,0.0164
test,2025-08-20,12.352,12.4533,0.1013
test,2025-08-21,12.142,12.1914,0.0494
test,2025-08-22,11.988,11.9545,-0.0335
test,2025-08-23,11.85,11.8009,-0.0491
test,2025-08-24,11.702,11.7136,0.0116
test,2025-08-25,11.616,11.6318,0.0158
test,2025-08-26,11.562,11.6206,0.0586
test,2025-08-27,11.566,11.6402,0.0742
test,2025-08-28,11.588,11.7026,0.1146
test,2025-08-29,11.652,11.733,0.081
test,2025-08-30,11.76,11.7953,0.0353
test,2025-08-31,11.886,11.8961,0.0101
test,2025-09-01,12.018,11.9664,-0.0516
test,2025-09-02,12.144,12.0748,-0.0692
test,2025-09-03,12.25,12.1965,-0.0535
test,2025-09-04,12.312,12.2744,-0.0376
test,2025-09-05,12.34,12.3273,-0.0127
test,2025-09-06,12.31,12.3373,0.0273
test,2025-09-07,12.234,12.3019,0.0679
test,2025-09-08,12.136,12.2281,0.0921
test,2025-09-09,12.046,12.111,0.065
test,2025-09-10,12.002,11.9834,-0.0186
test,2025-09-11,12.042,11.9134,-0.1286
test,2025-09-12,12.112,11.9481,-0.1639
test,2025-09-13,12.202,12.0592,-0.1428
test,2025-09-14,12.28,12.1767,-0.1033
test,2025-09-15,12.334,12.2698,-0.0642
test,2025-09-16,12.41,12.3289,-0.0811
test,2025-09-17,12.458,12.409,-0.049
test,2025-09-18,12.482,12.4639,-0.0181
test,2025-09-19,12.528,12.4982,-0.0298
test,2025-09-20,12.528,12.548,0.02
test,2025-09-21,12.476,12.5605,0.0845
test,2025-09-22,12.398,12.5071,0.1091
test,2025-09-23,12.312,12.4152,0.1032
test,2025-09-24,12.262,12.2898,0.0278
test,2025-09-25,12.13,12.1908,0.0608
test,2025-09-26,11.964,12.0086,0.0446
test,2025-09-27,11.772,11.7997,0.0277
test,2025-09-28,11.574,11.5674,-0.0066
test,2025-09-29,11.36,11.3402,-0.0198
test,2025-09-30,11.104,11.1371,0.0331
test,2025-10-01,10.912,10.9185,0.0065
test,2025-10-02,10.8,10.8014,0.0014
test,2025-10-03,10.71,10.7338,0.0238
test,2025-10-04,10.66,10.6916,0.0316
test,2025-10-05,10.61,10.6737,0.0637
test,2025-10-06,10.698,10.7037,0.0057
test,2025-10-07,10.868,10.8133,-0.0547
test,2025-10-08,11.118,11.0299,-0.0881
test,2025-10-09,11.238,11.3002,0.0622
test,2025-10-10,11.294,11.3994,0.1054
test,2025-10-11,11.282,11.3827,0.1007
test,2025-10-12,11.18,11.2878,0.1078
test,2025-10-13,10.996,11.0626,0.0666
test,2025-10-14,10.796,10.7796,-0.0164
test,2025-10-15,10.576,10.5379,-0.0381
test,2025-10-16,10.5,10.3332,-0.1668
test,2025-10-17,10.37,10.2787,-0.0913
test,2025-10-18,10.232,10.1957,-0.0363
test,2025-10-19,10.182,10.0975,-0.0845
test,2025-10-20,10.13,10.0373,-0.0927
test,2025-10-21,10.022,9.9768,-0.0452
test,2025-10-22,9.986,9.8607,-0.1253
test,2025-10-23,9.9,9.816,-0.084
test,2025-10-24,9.77,9.7606,-0.0094
test,2025-10-25,9.72,9.664,-0.056
test,2025-10-26,9.622,9.6307,0.0087
test,2025-10-27,9.458,9.5614,0.1034
test,2025-10-28,9.318,9.3915,0.0735
test,2025-10-29,9.294,9.2428,-0.0512
test,2025-10-30,9.202,9.2066,0.0046
test,2025-10-31,9.078,9.1441,0.0661
test,2025-11-01,9.09,9.0523,-0.0377
test,2025-11-02,9.194,9.0829,-0.1111
test,2025-11-03,9.438,9.2374,-0.2006
test,2025-11-04,9.702,9.5462,-0.1558
test,2025-11-05,9.774,9.8204,0.0464
test,2025-11-06,9.776,9.9047,0.1287
test,2025-11-07,9.758,9.8704,0.1124
test,2025-11-08,9.59,9.7839,0.1939
test,2025-11-09,9.5,9.5574,0.0574
test,2025-11-10,9.434,9.4112,-0.0228
test,2025-11-11,9.252,9.3523,0.1003
test,2025-11-12,9.17,9.2022,0.0322
test,2025-11-13,8.988,9.1135,0.1255
test,2025-11-14,8.938,8.9436,0.0056
test,2025-11-15,8.872,8.8553,-0.0167
test,2025-11-16,8.766,8.7504,-0.0156
test,2025-11-17,8.632,8.6195,-0.0125
test,2025-11-18,8.482,8.4945,0.0125
test,2025-11-19,8.382,8.3609,-0.0211
test,2025-11-20,8.268,8.2735,0.0055
test,2025-11-21,8.21,8.1697,-0.0403
test,2025-11-22,8.112,8.1307,0.0187
test,2025-11-23,8.002,8.0556,0.0536
test,2025-11-24,7.918,7.9508,0.0328
test,2025-11-25,7.79,7.8647,0.0747
test,2025-11-26,7.73,7.7265,-0.0035
test,2025-11-27,7.68,7.651,-0.029
test,2025-11-28,7.654,7.5879,-0.0661
test,2025-11-29,7.588,7.5605,-0.0275
test,2025-11-30,7.528,7.5119,-0.0161
test,2025-12-01,7.39,7.4485,0.0585
test,2025-12-02,7.296,7.3057,0.0097
test,2025-12-03,7.232,7.1706,-0.0614
test,2025-12-04,7.194,7.0895,-0.1045
test,2025-12-05,7.162,7.0633,-0.0987
test,2025-12-06,7.038,7.0651,0.0271
test,2025-12-07,6.99,6.9817,-0.0083
test,2025-12-08,6.97,6.9329,-0.0371
test,2025-12-09,6.892,6.9108,0.0188
test,2025-12-10,6.78,6.8453,0.0653
test,2025-12-11,6.756,6.7465,-0.0095
test,2025-12-12,6.746,6.7114,-0.0346
test,2025-12-13,6.714,6.7105,-0.0035
test,2025-12-14,6.65,6.6825,0.0325
test,2025-12-15,6.59,6.6338,0.0438
test,2025-12-16,6.52,6.5797,0.0597
test,2025-12-17,6.46,6.5073,0.0473
test,2025-12-18,6.43,6.4348,0.0048
test,2025-12-19,6.374,6.3983,0.0243
test,2025-12-20,6.35,6.353,0.003
test,2025-12-21,6.27,6.3216,0.0516
test,2025-12-22,6.226,6.2542,0.0282
test,2025-12-23,6.174,6.2035,0.0295
test,2025-12-24,6.084,6.1467,0.0627
test,2025-12-25,6.04,6.0586,0.0186
test,2025-12-26,5.958,6.0067,0.0487
test,2025-12-27,5.944,5.9325,-0.0115
test,2025-12-28,5.94,5.9072,-0.0328
test,2025-12-29,5.894,5.9029,0.0089
test,2025-12-30,5.876,5.8665,-0.0095
test,2025-12-31,5.81,5.8399,0.0299
