date,water_level
1/1/1980,0.66
1/2/1980,0.67
1/3/1980,0.67
1/4/1980,0.67
1/5/1980,0.58
1/6/1980,0.52
1/7/1980,0.48
1/8/1980,0.37
1/9/1980,0.35
1/10/1980,0.31
1/11/1980,0.32
1/12/1980,0.31
1/13/1980,0.28
1/14/1980,0.27
1/15/1980,0.25
1/16/1980,0.30
1/17/1980,0.40
1/18/1980,0.50
1/19/1980,0.62
1/20/1980,0.63
1/21/1980,0.64
1/22/1980,0.59
1/23/1980,0.56
1/24/1980,0.48
1/25/1980,0.39
1/26/1980,0.21
1/27/1980,0.19
1/28/1980,0.20
1/29/1980,0.30
1/30/1980,0.33
1/31/1980,0.30
2/1/1980,0.33
2/2/1980,0.33
2/3/1980,0.34
2/4/1980,0.35
2/5/1980,0.38
2/6/1980,0.37
2/7/1980,0.31
2/8/1980,0.21
2/9/1980,0.16
2/10/1980,0.08
2/11/1980,0.01
2/12/1980,-0.02
2/13/1980,-0.04
2/14/1980,0.02
2/15/1980,0.13
2/16/1980,0.28
2/17/1980,0.44
2/18/1980,0.56
2/19/1980,0.66
2/20/1980,0.66
2/21/1980,0.57
2/22/1980,0.46
2/23/1980,0.36
2/24/1980,0.33
2/25/1980,0.24
2/26/1980,0.17
2/27/1980,0.12
2/28/1980,0.18
2/29/1980,0.29
3/1/1980,0.39
3/2/1980,0.40
3/3/1980,0.46
3/4/1980,0.53
3/5/1980,0.62
3/6/1980,0.67
3/7/1980,0.67
3/8/1980,0.67
3/9/1980,0.59
3/10/1980,0.50
3/11/1980,0.36
3/12/1980,0.20
3/13/1980,0.13
3/14/1980,0.18
3/15/1980,0.29
3/16/1980,0.48
3/17/1980,0.66
3/18/1980,0.82
3/19/1980,0.88
3/20/1980,0.87
3/21/1980,0.83
3/22/1980,0.71
3/23/1980,0.63
3/24/1980,0.54
3/25/1980,0.40
3/26/1980,0.32
3/27/1980,0.32
3/28/1980,0.31
3/29/1980,0.36
3/30/1980,0.40
3/31/1980,0.41
4/1/1980,0.44
4/2/1980,0.49
4/3/1980,0.56
4/4/1980,0.60
4/5/1980,0.72
4/6/1980,0.60
4/7/1980,0.53
4/8/1980,0.50
4/9/1980,0.50
4/10/1980,0.57
4/11/1980,0.70
4/12/1980,0.76
4/13/1980,0.92
4/14/1980,1.03
4/15/1980,1.09
4/16/1980,1.13
4/17/1980,1.15
4/18/1980,1.14
4/19/1980,1.13
4/20/1980,1.07
4/21/1980,0.90
4/22/1980,0.95
4/23/1980,1.00
4/24/1980,1.20
4/25/1980,1.20
4/26/1980,1.32
4/27/1980,1.36
4/28/1980,1.48
4/29/1980,1.57
4/30/1980,1.63
5/1/1980,1.67
5/2/1980,1.75
5/3/1980,1.81
5/4/1980,1.79
5/5/1980,1.85
5/6/1980,1.97
5/7/1980,2.02
5/8/1980,2.04
5/9/1980,2.08
5/10/1980,2.05
5/11/1980,2.06
5/12/1980,2.09
5/13/1980,2.11
5/14/1980,2.18
5/15/1980,2.29
5/16/1980,2.36
5/17/1980,2.42
5/18/1980,2.44
5/19/1980,2.44
5/20/1980,2.44
5/21/1980,2.38
5/22/1980,2.34
5/23/1980,2.29
5/24/1980,2.27
5/25/1980,2.28
5/26/1980,2.32
5/27/1980,2.34
5/28/1980,2.41
5/29/1980,2.49
5/30/1980,2.58
5/31/1980,2.72
6/1/1980,2.75
6/2/1980,2.78
6/3/1980,2.81
6/4/1980,2.83
6/5/1980,2.82
6/6/1980,2.81
6/7/1980,2.83
6/8/1980,2.88
6/9/1980,2.89
6/10/1980,2.90
6/11/1980,2.94
6/12/1980,3.06
6/13/1980,3.14
6/14/1980,3.23
6/15/1980,3.34
6/16/1980,3.44
6/17/1980,3.58
6/18/1980,3.71
6/19/1980,3.81
6/20/1980,3.91
6/21/1980,3.96
6/22/1980,4.00
6/23/1980,4.02
6/24/1980,4.05
6/25/1980,4.06
6/26/1980,4.06
6/27/1980,4.06
6/28/1980,4.07
6/29/1980,4.07
6/30/1980,4.07
7/1/1980,4.09
7/2/1980,4.10
7/3/1980,4.09
7/4/1980,4.06
7/5/1980,4.02
7/6/1980,4.01
7/7/1980,4.02
7/8/1980,4.01
7/9/1980,4.00
7/10/1980,3.98
7/11/1980,3.97
7/12/1980,3.96
7/13/1980,3.95
7/14/1980,3.95
7/15/1980,3.96
7/16/1980,4.00
7/17/1980,4.04
7/18/1980,4.07
7/19/1980,4.14
7/20/1980,4.24
7/21/1980,4.33
7/22/1980,4.41
7/23/1980,4.48
7/24/1980,4.53
7/25/1980,4.61
7/26/1980,4.68
7/27/1980,4.73
7/28/1980,4.77
7/29/1980,4.79
7/30/1980,4.81
7/31/1980,4.83
8/1/1980,4.83
8/2/1980,4.85
8/3/1980,4.89
8/4/1980,4.87
8/5/1980,4.86
8/6/1980,4.85
8/7/1980,4.86
8/8/1980,4.90
8/9/1980,4.92
8/10/1980,4.94
8/11/1980,4.94
8/12/1980,4.96
8/13/1980,4.98
8/14/1980,4.98
8/15/1980,5.02
8/16/1980,5.06
8/17/1980,5.09
8/18/1980,5.15
8/19/1980,5.20
8/20/1980,5.21
8/21/1980,5.24
8/22/1980,5.25
8/23/1980,5.26
8/24/1980,5.28
8/25/1980,5.30
8/26/1980,5.32
8/27/1980,5.30
8/28/1980,5.30
8/29/1980,5.31
8/30/1980,5.30
8/31/1980,5.30
9/1/1980,5.27
9/2/1980,5.22
9/3/1980,5.18
9/4/1980,5.15
9/5/1980,5.12
9/6/1980,5.09
9/7/1980,5.06
9/8/1980,5.02
9/9/1980,4.99
9/10/1980,4.97
9/11/1980,4.97
9/12/1980,4.94
9/13/1980,4.90
9/14/1980,4.88
9/15/1980,4.88
9/16/1980,4.87
9/17/1980,4.85
9/18/1980,4.81
9/19/1980,4.78
9/20/1980,4.74
9/21/1980,4.69
9/22/1980,4.65
9/23/1980,4.60
9/24/1980,4.58
9/25/1980,4.58
9/26/1980,4.59
9/27/1980,4.57
9/28/1980,4.59
9/29/1980,4.57
9/30/1980,4.55
10/1/1980,4.51
10/2/1980,4.45
10/3/1980,4.42
10/4/1980,4.41
10/5/1980,4.37
10/6/1980,4.36
10/7/1980,4.31
10/8/1980,4.26
10/9/1980,4.21
10/10/1980,4.15
10/11/1980,4.01
10/12/1980,3.94
10/13/1980,3.86
10/14/1980,3.76
10/15/1980,3.67
10/16/1980,3.56
10/17/1980,3.47
10/18/1980,3.40
10/19/1980,3.52
10/20/1980,3.51
10/21/1980,3.53
10/22/1980,3.49
10/23/1980,3.52
10/24/1980,3.56
10/25/1980,3.56
10/26/1980,3.56
10/27/1980,3.55
10/28/1980,3.52
10/29/1980,3.49
10/30/1980,3.44
10/31/1980,3.39
11/1/1980,3.32
11/2/1980,3.24
11/3/1980,3.17
11/4/1980,3.09
11/5/1980,3.01
11/6/1980,2.94
11/7/1980,2.88
11/8/1980,2.80
11/9/1980,2.72
11/10/1980,2.65
11/11/1980,2.58
11/12/1980,2.50
11/13/1980,2.42
11/14/1980,2.32
11/15/1980,2.22
11/16/1980,2.09
11/17/1980,1.98
11/18/1980,1.89
11/19/1980,1.83
11/20/1980,1.80
11/21/1980,1.81
11/22/1980,1.83
11/23/1980,1.80
11/24/1980,1.79
11/25/1980,1.72
11/26/1980,1.63
11/27/1980,1.52
11/28/1980,1.37
11/29/1980,1.22
11/30/1980,1.10
12/1/1980,1.02
12/2/1980,0.96
12/3/1980,0.92
12/4/1980,0.98
12/5/1980,1.03
12/6/1980,1.11
12/7/1980,1.15
12/8/1980,1.18
12/9/1980,1.18
12/10/1980,1.21
12/11/1980,1.20
12/12/1980,1.10
12/13/1980,1.06
12/14/1980,1.00
12/15/1980,0.86
12/16/1980,0.86
12/17/1980,0.86
12/18/1980,0.84
12/19/1980,0.86
12/20/1980,0.98
12/21/1980,1.02
12/22/1980,1.04
12/23/1980,1.01
12/24/1980,1.04
12/25/1980,1.04
12/26/1980,0.96
12/27/1980,0.80
12/28/1980,0.70
12/29/1980,0.54
12/30/1980,0.48
12/31/1980,0.42
1/1/1981,0.41
1/2/1981,0.38
1/3/1981,0.37
1/4/1981,0.44
1/5/1981,0.48
1/6/1981,0.62
1/7/1981,0.74
1/8/1981,0.77
1/9/1981,0.68
1/10/1981,0.59
1/11/1981,0.60
1/12/1981,0.54
1/13/1981,0.47
1/14/1981,0.47
1/15/1981,0.39
1/16/1981,0.32
1/17/1981,0.31
1/18/1981,0.38
1/19/1981,0.49
1/20/1981,0.50
1/21/1981,0.53
1/22/1981,0.57
1/23/1981,0.59
1/24/1981,0.59
1/25/1981,0.51
1/26/1981,0.44
1/27/1981,0.33
1/28/1981,0.26
1/29/1981,0.15
1/30/1981,0.15
1/31/1981,0.13
2/1/1981,0.14
2/2/1981,0.15
2/3/1981,0.17
2/4/1981,0.19
2/5/1981,0.24
2/6/1981,0.29
2/7/1981,0.38
2/8/1981,0.48
2/9/1981,0.41
2/10/1981,0.33
2/11/1981,0.32
2/12/1981,0.30
2/13/1981,0.25
2/14/1981,0.32
2/15/1981,0.18
2/16/1981,0.24
2/17/1981,0.29
2/18/1981,0.30
2/19/1981,0.36
2/20/1981,0.45
2/21/1981,0.47
2/22/1981,0.47
2/23/1981,0.43
2/24/1981,0.43
2/25/1981,0.34
2/26/1981,0.29
2/27/1981,0.29
2/28/1981,0.27
3/1/1981,0.27
3/2/1981,0.34
3/3/1981,0.37
3/4/1981,0.35
3/5/1981,0.38
3/6/1981,0.45
3/7/1981,0.57
3/8/1981,0.69
3/9/1981,0.85
3/10/1981,0.88
3/11/1981,0.79
3/12/1981,0.70
3/13/1981,0.59
3/14/1981,0.41
3/15/1981,0.31
3/16/1981,0.22
3/17/1981,0.23
3/18/1981,0.32
3/19/1981,0.45
3/20/1981,0.48
3/21/1981,0.55
3/22/1981,0.62
3/23/1981,0.66
3/24/1981,0.64
3/25/1981,0.66
3/26/1981,0.48
3/27/1981,0.45
3/28/1981,0.45
3/29/1981,0.43
3/30/1981,0.32
3/31/1981,0.30
4/1/1981,0.28
4/2/1981,0.46
4/3/1981,0.64
4/4/1981,0.82
4/5/1981,1.02
4/6/1981,1.19
4/7/1981,1.27
4/8/1981,1.25
4/9/1981,1.20
4/10/1981,1.10
4/11/1981,1.05
4/12/1981,1.03
4/13/1981,1.00
4/14/1981,1.04
4/15/1981,1.07
4/16/1981,1.18
4/17/1981,1.35
4/18/1981,1.42
4/19/1981,1.61
4/20/1981,1.66
4/21/1981,1.68
4/22/1981,1.65
4/23/1981,1.59
4/24/1981,1.55
4/25/1981,1.45
4/26/1981,1.36
4/27/1981,1.26
4/28/1981,1.16
4/29/1981,1.10
4/30/1981,1.12
5/1/1981,1.15
5/2/1981,1.22
5/3/1981,1.28
5/4/1981,1.42
5/5/1981,1.52
5/6/1981,1.58
5/7/1981,1.49
5/8/1981,1.39
5/9/1981,1.33
5/10/1981,1.21
5/11/1981,1.04
5/12/1981,0.99
5/13/1981,1.00
5/14/1981,1.04
5/15/1981,1.02
5/16/1981,1.21
5/17/1981,1.40
5/18/1981,1.63
5/19/1981,1.72
5/20/1981,1.75
5/21/1981,1.81
5/22/1981,1.95
5/23/1981,2.00
5/24/1981,1.96
5/25/1981,1.93
5/26/1981,1.91
5/27/1981,1.94
5/28/1981,1.93
5/29/1981,1.95
5/30/1981,2.01
5/31/1981,2.14
6/1/1981,2.29
6/2/1981,2.41
6/3/1981,2.51
6/4/1981,2.58
6/5/1981,2.69
6/6/1981,2.75
6/7/1981,2.76
6/8/1981,2.75
6/9/1981,2.74
6/10/1981,2.72
6/11/1981,2.71
6/12/1981,2.69
6/13/1981,2.68
6/14/1981,2.69
6/15/1981,2.71
6/16/1981,2.71
6/17/1981,2.74
6/18/1981,2.78
6/19/1981,2.80
6/20/1981,2.82
6/21/1981,2.87
6/22/1981,2.89
6/23/1981,2.86
6/24/1981,2.81
6/25/1981,2.79
6/26/1981,2.76
6/27/1981,2.75
6/28/1981,2.73
6/29/1981,2.72
6/30/1981,2.77
7/1/1981,2.97
7/2/1981,3.80
7/3/1981,3.48
7/4/1981,3.69
7/5/1981,3.86
7/6/1981,4.05
7/7/1981,4.17
7/8/1981,4.27
7/9/1981,4.36
7/10/1981,4.40
7/11/1981,4.42
7/12/1981,4.44
7/13/1981,4.42
7/14/1981,4.34
7/15/1981,4.38
7/16/1981,4.37
7/17/1981,4.42
7/18/1981,4.48
7/19/1981,4.55
7/20/1981,4.61
7/21/1981,4.66
7/22/1981,4.71
7/23/1981,4.72
7/24/1981,4.76
7/25/1981,4.77
7/26/1981,4.75
7/27/1981,4.75
7/28/1981,4.80
7/29/1981,4.85
7/30/1981,4.92
7/31/1981,5.05
8/1/1981,5.13
8/2/1981,5.24
8/3/1981,5.32
8/4/1981,5.34
8/5/1981,5.36
8/6/1981,5.37
8/7/1981,5.36
8/8/1981,5.34
8/9/1981,5.31
8/10/1981,5.28
8/11/1981,5.26
8/12/1981,5.25
8/13/1981,5.23
8/14/1981,5.19
8/15/1981,5.15
8/16/1981,5.11
8/17/1981,5.07
8/18/1981,5.05
8/19/1981,5.04
8/20/1981,5.02
8/21/1981,5.02
8/22/1981,5.00
8/23/1981,4.94
8/24/1981,4.90
8/25/1981,4.99
8/26/1981,5.00
8/27/1981,5.00
8/28/1981,5.02
8/29/1981,5.02
8/30/1981,5.05
8/31/1981,5.06
9/1/1981,5.05
9/2/1981,5.07
9/3/1981,5.07
9/4/1981,5.09
9/5/1981,5.09
9/6/1981,5.09
9/7/1981,5.07
9/8/1981,5.05
9/9/1981,5.04
9/10/1981,5.05
9/11/1981,5.05
9/12/1981,5.05
9/13/1981,5.11
9/14/1981,5.13
9/15/1981,5.15
9/16/1981,5.17
9/17/1981,5.15
9/18/1981,5.14
9/19/1981,5.11
9/20/1981,5.11
9/21/1981,5.02
9/22/1981,4.98
9/23/1981,4.92
9/24/1981,4.86
9/25/1981,4.80
9/26/1981,4.72
9/27/1981,4.69
9/28/1981,4.62
9/29/1981,4.56
9/30/1981,4.50
10/1/1981,4.44
10/2/1981,4.39
10/3/1981,4.33
10/4/1981,4.26
10/5/1981,4.19
10/6/1981,4.10
10/7/1981,4.02
10/8/1981,3.94
10/9/1981,3.86
10/10/1981,3.79
10/11/1981,3.71
10/12/1981,3.64
10/13/1981,3.57
10/14/1981,3.48
10/15/1981,3.42
10/16/1981,3.36
10/17/1981,3.27
10/18/1981,3.15
10/19/1981,3.02
10/20/1981,2.89
10/21/1981,2.77
10/22/1981,2.63
10/23/1981,2.52
10/24/1981,2.40
10/25/1981,2.31
10/26/1981,2.25
10/27/1981,2.20
10/28/1981,2.17
10/29/1981,2.08
10/30/1981,2.03
10/31/1981,1.98
11/1/1981,1.92
11/2/1981,1.82
11/3/1981,1.73
11/4/1981,1.63
11/5/1981,1.50
11/6/1981,1.39
11/7/1981,1.29
11/8/1981,1.27
11/9/1981,1.32
11/10/1981,1.46
11/11/1981,1.68
11/12/1981,1.73
11/13/1981,1.81
11/14/1981,1.79
11/15/1981,1.73
11/16/1981,1.62
11/17/1981,1.46
11/18/1981,1.38
11/19/1981,1.25
11/20/1981,1.22
11/21/1981,1.25
11/22/1981,1.23
11/23/1981,1.19
11/24/1981,1.17
11/25/1981,1.17
11/26/1981,1.17
11/27/1981,1.17
11/28/1981,1.13
11/29/1981,1.09
11/30/1981,1.08
12/1/1981,1.05
12/2/1981,1.01
12/3/1981,0.92
12/4/1981,0.85
12/5/1981,0.74
12/6/1981,0.67
12/7/1981,0.68
12/8/1981,0.71
12/9/1981,0.80
12/10/1981,0.94
12/11/1981,1.23
12/12/1981,1.54
12/13/1981,1.39
12/14/1981,1.21
12/15/1981,1.06
12/16/1981,1.02
12/17/1981,0.86
12/18/1981,0.76
12/19/1981,0.68
12/20/1981,0.57
12/21/1981,0.54
12/22/1981,0.50
12/23/1981,0.49
12/24/1981,0.54
12/25/1981,0.62
12/26/1981,0.66
12/27/1981,0.66
12/28/1981,0.67
12/29/1981,0.67
12/30/1981,0.66
12/31/1981,0.63
1/1/1982,0.54
1/2/1982,0.51
1/3/1982,0.51
1/4/1982,0.47
1/5/1982,0.44
1/6/1982,0.41
1/7/1982,0.41
1/8/1982,0.42
1/9/1982,0.52
1/10/1982,0.56
1/11/1982,0.62
1/12/1982,0.65
1/13/1982,0.64
1/14/1982,0.52
1/15/1982,0.43
1/16/1982,0.33
1/17/1982,0.25
1/18/1982,0.19
1/19/1982,0.13
1/20/1982,0.15
1/21/1982,0.18
1/22/1982,0.17
1/23/1982,0.19
1/24/1982,0.27
1/25/1982,0.31
1/26/1982,0.35
1/27/1982,0.39
1/28/1982,0.43
1/29/1982,0.43
1/30/1982,0.34
1/31/1982,0.32
2/1/1982,0.32
2/2/1982,0.28
2/3/1982,0.22
2/4/1982,0.24
2/5/1982,0.16
2/6/1982,0.21
2/7/1982,0.26
2/8/1982,0.33
2/9/1982,0.45
2/10/1982,0.49
2/11/1982,0.54
2/12/1982,0.55
2/13/1982,0.53
2/14/1982,0.42
2/15/1982,0.33
2/16/1982,0.25
2/17/1982,0.18
2/18/1982,0.15
2/19/1982,0.15
2/20/1982,0.13
2/21/1982,0.13
2/22/1982,0.21
2/23/1982,0.28
2/24/1982,0.33
2/25/1982,0.36
2/26/1982,0.36
2/27/1982,0.39
2/28/1982,0.42
3/1/1982,0.38
3/2/1982,0.38
3/3/1982,0.21
3/4/1982,0.08
3/5/1982,0.05
3/6/1982,0.05
3/7/1982,0.08
3/8/1982,0.16
3/9/1982,0.21
3/10/1982,0.27
3/11/1982,0.28
3/12/1982,0.31
3/13/1982,0.38
3/14/1982,0.32
3/15/1982,0.27
3/16/1982,0.16
3/17/1982,0.19
3/18/1982,0.19
3/19/1982,0.16
3/20/1982,0.16
3/21/1982,0.03
3/22/1982,0.05
3/23/1982,0.14
3/24/1982,0.27
3/25/1982,0.35
3/26/1982,0.39
3/27/1982,0.45
3/28/1982,0.56
3/29/1982,0.60
3/30/1982,0.57
3/31/1982,0.58
4/1/1982,0.58
4/2/1982,0.62
4/3/1982,0.74
4/4/1982,0.77
4/5/1982,0.72
4/6/1982,0.82
4/7/1982,0.87
4/8/1982,0.99
4/9/1982,1.06
4/10/1982,1.09
4/11/1982,1.12
4/12/1982,1.07
4/13/1982,1.09
4/14/1982,1.08
4/15/1982,1.07
4/16/1982,1.05
4/17/1982,1.03
4/18/1982,0.86
4/19/1982,0.83
4/20/1982,0.87
4/21/1982,0.99
4/22/1982,1.09
4/23/1982,1.22
4/24/1982,1.36
4/25/1982,1.51
4/26/1982,1.57
4/27/1982,1.61
4/28/1982,1.54
4/29/1982,1.49
4/30/1982,1.42
5/1/1982,1.33
5/2/1982,1.29
5/3/1982,1.26
5/4/1982,1.33
5/5/1982,1.44
5/6/1982,1.49
5/7/1982,1.58
5/8/1982,1.59
5/9/1982,1.72
5/10/1982,1.74
5/11/1982,1.79
5/12/1982,1.79
5/13/1982,1.78
5/14/1982,1.69
5/15/1982,1.58
5/16/1982,1.50
5/17/1982,1.42
5/18/1982,1.39
5/19/1982,1.45
5/20/1982,1.55
5/21/1982,1.64
5/22/1982,1.71
5/23/1982,1.76
5/24/1982,1.77
5/25/1982,1.78
5/26/1982,1.77
5/27/1982,1.77
5/28/1982,1.73
5/29/1982,1.68
5/30/1982,1.59
5/31/1982,1.48
6/1/1982,1.36
6/2/1982,1.33
6/3/1982,1.44
6/4/1982,1.74
6/5/1982,1.83
6/6/1982,1.74
6/7/1982,1.69
6/8/1982,1.69
6/9/1982,1.75
6/10/1982,1.88
6/11/1982,1.94
6/12/1982,1.96
6/13/1982,1.96
6/14/1982,2.02
6/15/1982,2.15
6/16/1982,2.31
6/17/1982,2.45
6/18/1982,2.61
6/19/1982,2.78
6/20/1982,2.91
6/21/1982,3.03
6/22/1982,3.17
6/23/1982,3.33
6/24/1982,3.56
6/25/1982,3.71
6/26/1982,3.83
6/27/1982,3.94
6/28/1982,4.03
6/29/1982,4.14
6/30/1982,4.19
7/1/1982,4.23
7/2/1982,4.25
7/3/1982,4.34
7/4/1982,4.37
7/5/1982,4.38
7/6/1982,4.42
7/7/1982,4.48
7/8/1982,4.52
7/9/1982,4.56
7/10/1982,4.57
7/11/1982,4.60
7/12/1982,4.64
7/13/1982,4.68
7/14/1982,4.71
7/15/1982,4.75
7/16/1982,4.80
7/17/1982,4.81
7/18/1982,4.80
7/19/1982,4.80
7/20/1982,4.79
7/21/1982,4.77
7/22/1982,4.72
7/23/1982,4.69
7/24/1982,4.71
7/25/1982,4.71
7/26/1982,4.75
7/27/1982,4.81
7/28/1982,4.83
7/29/1982,4.84
7/30/1982,4.85
7/31/1982,4.88
8/1/1982,4.92
8/2/1982,4.93
8/3/1982,5.03
8/4/1982,5.12
8/5/1982,5.21
8/6/1982,5.28
8/7/1982,5.31
8/8/1982,5.32
8/9/1982,5.34
8/10/1982,5.33
8/11/1982,5.32
8/12/1982,5.29
8/13/1982,5.26
8/14/1982,5.20
8/15/1982,5.15
8/16/1982,5.09
8/17/1982,5.05
8/18/1982,5.00
8/19/1982,4.95
8/20/1982,4.91
8/21/1982,4.87
8/22/1982,4.85
8/23/1982,4.80
8/24/1982,4.76
8/25/1982,4.73
8/26/1982,4.69
8/27/1982,4.65
8/28/1982,4.61
8/29/1982,4.58
8/30/1982,4.55
8/31/1982,4.54
9/1/1982,4.52
9/2/1982,4.50
9/3/1982,4.48
9/4/1982,4.48
9/5/1982,4.47
9/6/1982,4.48
9/7/1982,4.47
9/8/1982,4.46
9/9/1982,4.41
9/10/1982,4.38
9/11/1982,4.38
9/12/1982,4.32
9/13/1982,4.28
9/14/1982,4.25
9/15/1982,4.25
9/16/1982,4.28
9/17/1982,4.43
9/18/1982,4.49
9/19/1982,4.54
9/20/1982,4.57
9/21/1982,4.60
9/22/1982,4.60
9/23/1982,4.63
9/24/1982,4.63
9/25/1982,4.60
9/26/1982,4.57
9/27/1982,4.53
9/28/1982,4.49
9/29/1982,4.44
9/30/1982,4.37
10/1/1982,4.32
10/2/1982,4.27
10/3/1982,4.21
10/4/1982,4.14
10/5/1982,4.09
10/6/1982,4.01
10/7/1982,3.92
10/8/1982,3.84
10/9/1982,3.76
10/10/1982,3.66
10/11/1982,3.54
10/12/1982,3.42
10/13/1982,3.31
10/14/1982,3.22
10/15/1982,3.11
10/16/1982,3.03
10/17/1982,2.94
10/18/1982,2.88
10/19/1982,2.80
10/20/1982,2.70
10/21/1982,2.59
10/22/1982,2.48
10/23/1982,2.35
10/24/1982,2.27
10/25/1982,2.15
10/26/1982,2.02
10/27/1982,1.90
10/28/1982,1.80
10/29/1982,1.72
10/30/1982,1.67
10/31/1982,1.67
11/1/1982,1.69
11/2/1982,1.73
11/3/1982,1.75
11/4/1982,1.73
11/5/1982,1.68
11/6/1982,1.61
11/7/1982,1.51
11/8/1982,1.36
11/9/1982,1.23
11/10/1982,1.14
11/11/1982,1.08
11/12/1982,1.18
11/13/1982,1.23
11/14/1982,1.25
11/15/1982,1.27
11/16/1982,1.24
11/17/1982,1.24
11/18/1982,1.19
11/19/1982,1.15
11/20/1982,1.12
11/21/1982,1.08
11/22/1982,1.01
11/23/1982,1.10
11/24/1982,0.66
11/25/1982,0.67
11/26/1982,0.58
11/27/1982,0.63
11/28/1982,0.71
11/29/1982,0.77
11/30/1982,0.80
12/1/1982,0.88
12/2/1982,0.88
12/3/1982,0.92
12/4/1982,0.96
12/5/1982,0.96
12/6/1982,0.89
12/7/1982,0.73
12/8/1982,0.55
12/9/1982,0.50
12/10/1982,0.44
12/11/1982,0.49
12/12/1982,0.53
12/13/1982,0.55
12/14/1982,0.56
12/15/1982,0.61
12/16/1982,0.65
12/17/1982,0.62
12/18/1982,0.66
12/19/1982,0.67
12/20/1982,0.66
12/21/1982,0.56
12/22/1982,0.43
12/23/1982,0.49
12/24/1982,0.48
12/25/1982,0.47
12/26/1982,0.44
12/27/1982,0.34
12/28/1982,0.38
12/29/1982,0.47
12/30/1982,0.55
12/31/1982,0.65
1/1/1983,0.63
1/2/1983,0.62
1/3/1983,0.59
1/4/1983,0.47
1/5/1983,0.35
1/6/1983,0.33
1/7/1983,0.32
1/8/1983,0.25
1/9/1983,0.30
1/10/1983,0.28
1/11/1983,0.27
1/12/1983,0.26
1/13/1983,0.26
1/14/1983,0.27
1/15/1983,0.30
1/16/1983,0.29
1/17/1983,0.40
1/18/1983,0.44
1/19/1983,0.38
1/20/1983,0.34
1/21/1983,0.24
1/22/1983,0.10
1/23/1983,0.12
1/24/1983,0.11
1/25/1983,0.13
1/26/1983,0.13
1/27/1983,0.17
1/28/1983,0.28
1/29/1983,0.41
1/30/1983,0.53
1/31/1983,0.61
2/1/1983,0.52
2/2/1983,0.53
2/3/1983,0.42
2/4/1983,0.22
2/5/1983,0.12
2/6/1983,0.08
2/7/1983,-0.08
2/8/1983,-0.09
2/9/1983,-0.09
2/10/1983,-0.08
2/11/1983,-0.05
2/12/1983,0.05
2/13/1983,0.13
2/14/1983,0.20
2/15/1983,0.25
2/16/1983,0.29
2/17/1983,0.32
2/18/1983,0.28
2/19/1983,0.26
2/20/1983,0.23
2/21/1983,0.17
2/22/1983,0.12
2/23/1983,0.12
2/24/1983,0.15
2/25/1983,0.14
2/26/1983,0.30
2/27/1983,0.47
2/28/1983,0.62
3/1/1983,0.61
3/2/1983,0.66
3/3/1983,0.69
3/4/1983,0.60
3/5/1983,0.50
3/6/1983,0.40
3/7/1983,0.31
3/8/1983,0.22
3/9/1983,0.20
3/10/1983,0.19
3/11/1983,0.23
3/12/1983,0.36
3/13/1983,0.58
3/14/1983,0.60
3/15/1983,0.63
3/16/1983,0.88
3/17/1983,0.92
3/18/1983,0.90
3/19/1983,0.96
3/20/1983,0.98
3/21/1983,0.98
3/22/1983,1.03
3/23/1983,0.96
3/24/1983,0.89
3/25/1983,0.91
3/26/1983,0.96
3/27/1983,1.10
3/28/1983,1.27
3/29/1983,1.43
3/30/1983,1.45
3/31/1983,1.37
4/1/1983,1.32
4/2/1983,1.24
4/3/1983,1.15
4/4/1983,1.11
4/5/1983,1.01
4/6/1983,0.89
4/7/1983,0.81
4/8/1983,0.77
4/9/1983,0.82
4/10/1983,0.97
4/11/1983,1.11
4/12/1983,1.20
4/13/1983,1.26
4/14/1983,1.37
4/15/1983,1.33
4/16/1983,1.40
4/17/1983,1.31
4/18/1983,1.23
4/19/1983,1.14
4/20/1983,1.07
4/21/1983,0.99
4/22/1983,0.97
4/23/1983,0.96
4/24/1983,1.16
4/25/1983,1.33
4/26/1983,1.50
4/27/1983,1.54
4/28/1983,1.64
4/29/1983,1.73
4/30/1983,1.85
5/1/1983,1.90
5/2/1983,2.03
5/3/1983,2.02
5/4/1983,1.99
5/5/1983,1.91
5/6/1983,1.84
5/7/1983,1.80
5/8/1983,1.81
5/9/1983,1.85
5/10/1983,1.95
5/11/1983,2.04
5/12/1983,2.13
5/13/1983,2.20
5/14/1983,2.26
5/15/1983,2.33
5/16/1983,2.34
5/17/1983,2.36
5/18/1983,2.35
5/19/1983,2.32
5/20/1983,2.30
5/21/1983,2.32
5/22/1983,2.34
5/23/1983,2.40
5/24/1983,2.45
5/25/1983,2.49
5/26/1983,2.52
5/27/1983,2.52
5/28/1983,2.52
5/29/1983,2.54
5/30/1983,2.55
5/31/1983,2.55
6/1/1983,2.57
6/2/1983,2.56
6/3/1983,2.53
6/4/1983,2.47
6/5/1983,2.42
6/6/1983,2.39
6/7/1983,2.39
6/8/1983,2.38
6/9/1983,2.41
6/10/1983,2.43
6/11/1983,2.47
6/12/1983,2.50
6/13/1983,2.53
6/14/1983,2.57
6/15/1983,2.60
6/16/1983,2.65
6/17/1983,2.67
6/18/1983,2.72
6/19/1983,2.84
6/20/1983,2.92
6/21/1983,2.95
6/22/1983,2.97
6/23/1983,3.02
6/24/1983,3.11
6/25/1983,3.22
6/26/1983,3.37
6/27/1983,3.46
6/28/1983,3.53
6/29/1983,3.56
6/30/1983,3.61
7/1/1983,3.63
7/2/1983,3.65
7/3/1983,3.74
7/4/1983,3.89
7/5/1983,4.06
7/6/1983,4.19
7/7/1983,4.34
7/8/1983,4.48
7/9/1983,4.57
7/10/1983,4.63
7/11/1983,4.70
7/12/1983,4.70
7/13/1983,4.71
7/14/1983,4.70
7/15/1983,4.66
7/16/1983,4.63
7/17/1983,4.60
7/18/1983,4.67
7/19/1983,4.62
7/20/1983,4.62
7/21/1983,4.61
7/22/1983,4.58
7/23/1983,4.55
7/24/1983,4.53
7/25/1983,4.52
7/26/1983,4.52
7/27/1983,4.55
7/28/1983,4.60
7/29/1983,4.65
7/30/1983,4.72
7/31/1983,4.80
8/1/1983,4.86
8/2/1983,4.89
8/3/1983,4.96
8/4/1983,5.18
8/5/1983,5.33
8/6/1983,5.37
8/7/1983,5.40
8/8/1983,5.42
8/9/1983,5.41
8/10/1983,5.40
8/11/1983,5.38
8/12/1983,5.37
8/13/1983,5.34
8/14/1983,5.30
8/15/1983,5.26
8/16/1983,5.21
8/17/1983,5.16
8/18/1983,5.11
8/19/1983,5.06
8/20/1983,5.00
8/21/1983,4.95
8/22/1983,4.97
8/23/1983,5.03
8/24/1983,5.12
8/25/1983,5.26
8/26/1983,5.37
8/27/1983,5.43
8/28/1983,5.47
8/29/1983,5.48
8/30/1983,5.49
8/31/1983,5.49
9/1/1983,5.50
9/2/1983,5.48
9/3/1983,5.48
9/4/1983,5.47
9/5/1983,5.42
9/6/1983,5.38
9/7/1983,5.40
9/8/1983,5.47
9/9/1983,5.49
9/10/1983,5.53
9/11/1983,5.61
9/12/1983,5.63
9/13/1983,5.65
9/14/1983,5.65
9/15/1983,5.61
9/16/1983,5.64
9/17/1983,5.65
9/18/1983,5.65
9/19/1983,5.65
9/20/1983,5.65
9/21/1983,5.65
9/22/1983,5.69
9/23/1983,5.70
9/24/1983,5.68
9/25/1983,5.66
9/26/1983,5.63
9/27/1983,5.62
9/28/1983,5.59
9/29/1983,5.55
9/30/1983,5.50
10/1/1983,5.44
10/2/1983,5.38
10/3/1983,5.32
10/4/1983,5.27
10/5/1983,5.20
10/6/1983,5.16
10/7/1983,5.13
10/8/1983,5.08
10/9/1983,5.02
10/10/1983,4.98
10/11/1983,4.93
10/12/1983,4.91
10/13/1983,4.85
10/14/1983,4.79
10/15/1983,4.76
10/16/1983,4.70
10/17/1983,4.65
10/18/1983,4.61
10/19/1983,4.56
10/20/1983,4.52
10/21/1983,4.43
10/22/1983,4.43
10/23/1983,4.41
10/24/1983,4.37
10/25/1983,4.33
10/26/1983,4.27
10/27/1983,4.17
10/28/1983,4.09
10/29/1983,3.99
10/30/1983,3.89
10/31/1983,3.79
11/1/1983,3.58
11/2/1983,3.59
11/3/1983,3.48
11/4/1983,3.39
11/5/1983,3.32
11/6/1983,3.22
11/7/1983,3.11
11/8/1983,3.02
11/9/1983,2.93
11/10/1983,2.86
11/11/1983,2.71
11/12/1983,2.58
11/13/1983,2.49
11/14/1983,2.27
11/15/1983,2.16
11/16/1983,2.06
11/17/1983,2.00
11/18/1983,1.93
11/19/1983,1.93
11/20/1983,1.93
11/21/1983,1.93
11/22/1983,1.90
11/23/1983,1.83
11/24/1983,1.85
11/25/1983,1.72
11/26/1983,1.67
11/27/1983,1.57
11/28/1983,1.44
11/29/1983,1.34
11/30/1983,1.27
12/1/1983,1.26
12/2/1983,1.22
12/3/1983,1.27
12/4/1983,1.29
12/5/1983,1.25
12/6/1983,1.22
12/7/1983,1.18
12/8/1983,1.16
12/9/1983,1.12
12/10/1983,0.99
12/11/1983,0.86
12/12/1983,0.78
12/13/1983,0.72
12/14/1983,0.64
12/15/1983,0.63
12/16/1983,0.62
12/17/1983,0.65
12/18/1983,0.68
12/19/1983,0.76
12/20/1983,0.80
12/21/1983,0.88
12/22/1983,0.88
12/23/1983,0.90
12/24/1983,0.92
12/25/1983,0.93
12/26/1983,0.71
12/27/1983,0.72
12/28/1983,0.75
12/29/1983,0.67
12/30/1983,0.63
12/31/1983,0.59
1/1/1984,0.60
1/2/1984,0.65
1/3/1984,0.70
1/4/1984,0.75
1/5/1984,0.74
1/6/1984,0.72
1/7/1984,0.70
1/8/1984,0.66
1/9/1984,0.57
1/10/1984,0.54
1/11/1984,0.50
1/12/1984,0.46
1/13/1984,0.42
1/14/1984,0.41
1/15/1984,0.44
1/16/1984,0.43
1/17/1984,0.52
1/18/1984,0.63
1/19/1984,0.68
1/20/1984,0.78
1/21/1984,0.89
1/22/1984,0.90
1/23/1984,0.81
1/24/1984,0.71
1/25/1984,0.60
1/26/1984,0.51
1/27/1984,0.38
1/28/1984,0.33
1/29/1984,0.30
1/30/1984,0.30
1/31/1984,0.36
2/1/1984,0.39
2/2/1984,0.38
2/3/1984,0.46
2/4/1984,0.50
2/5/1984,0.53
2/6/1984,0.54
2/7/1984,0.44
2/8/1984,0.43
2/9/1984,0.38
2/10/1984,0.37
2/11/1984,0.30
2/12/1984,0.24
2/13/1984,0.21
2/14/1984,0.14
2/15/1984,0.16
2/16/1984,0.26
2/17/1984,0.37
2/18/1984,0.50
2/19/1984,0.61
2/20/1984,0.67
2/21/1984,0.66
2/22/1984,0.55
2/23/1984,0.46
2/24/1984,0.31
2/25/1984,0.08
2/26/1984,-0.15
2/27/1984,-0.27
2/28/1984,-0.14
2/29/1984,-0.01
3/1/1984,0.11
3/2/1984,0.21
3/3/1984,0.33
3/4/1984,0.39
3/5/1984,0.45
3/6/1984,0.53
3/7/1984,0.55
3/8/1984,0.57
3/9/1984,0.56
3/10/1984,0.49
3/11/1984,0.46
3/12/1984,0.37
3/13/1984,0.34
3/14/1984,0.34
3/15/1984,0.37
3/16/1984,0.46
3/17/1984,0.58
3/18/1984,0.74
3/19/1984,0.89
3/20/1984,0.91
3/21/1984,0.87
3/22/1984,0.75
3/23/1984,0.67
3/24/1984,0.60
3/25/1984,0.49
3/26/1984,0.45
3/27/1984,0.46
3/28/1984,0.43
3/29/1984,0.42
3/30/1984,0.50
3/31/1984,0.59
4/1/1984,0.73
4/2/1984,0.84
4/3/1984,1.02
4/4/1984,1.15
4/5/1984,1.13
4/6/1984,1.14
4/7/1984,1.01
4/8/1984,0.96
4/9/1984,0.91
4/10/1984,0.71
4/11/1984,0.57
4/12/1984,0.54
4/13/1984,0.63
4/14/1984,0.87
4/15/1984,1.06
4/16/1984,1.24
4/17/1984,1.39
4/18/1984,1.49
4/19/1984,1.56
4/20/1984,1.52
4/21/1984,1.43
4/22/1984,1.29
4/23/1984,0.99
4/24/1984,0.79
4/25/1984,0.74
4/26/1984,0.80
4/27/1984,0.90
4/28/1984,0.99
4/29/1984,1.12
4/30/1984,1.18
5/1/1984,1.27
5/2/1984,1.39
5/3/1984,1.51
5/4/1984,1.53
5/5/1984,1.57
5/6/1984,1.51
5/7/1984,1.52
5/8/1984,1.51
5/9/1984,1.53
5/10/1984,1.57
5/11/1984,1.63
5/12/1984,1.79
5/13/1984,1.99
5/14/1984,2.19
5/15/1984,2.36
5/16/1984,2.54
5/17/1984,2.49
5/18/1984,2.47
5/19/1984,2.49
5/20/1984,2.50
5/21/1984,2.46
5/22/1984,2.44
5/23/1984,2.44
5/24/1984,2.49
5/25/1984,2.68
5/26/1984,2.92
5/27/1984,3.18
5/28/1984,3.44
5/29/1984,3.63
5/30/1984,3.76
5/31/1984,3.84
6/1/1984,3.88
6/2/1984,3.88
6/3/1984,3.86
6/4/1984,3.87
6/5/1984,3.88
6/6/1984,3.91
6/7/1984,3.95
6/8/1984,3.94
6/9/1984,3.91
6/10/1984,3.86
6/11/1984,3.84
6/12/1984,3.80
6/13/1984,3.78
6/14/1984,3.80
6/15/1984,3.80
6/16/1984,3.79
6/17/1984,3.79
6/18/1984,3.92
6/19/1984,4.14
6/20/1984,4.21
6/21/1984,4.31
6/22/1984,4.38
6/23/1984,4.43
6/24/1984,4.48
6/25/1984,4.51
6/26/1984,4.53
6/27/1984,4.53
6/28/1984,4.53
6/29/1984,4.53
6/30/1984,4.52
7/1/1984,4.51
7/2/1984,4.47
7/3/1984,4.42
7/4/1984,4.39
7/5/1984,4.37
7/6/1984,4.32
7/7/1984,4.34
7/8/1984,4.34
7/9/1984,4.43
7/10/1984,4.56
7/11/1984,4.68
7/12/1984,4.81
7/13/1984,4.91
7/14/1984,5.05
7/15/1984,5.19
7/16/1984,5.30
7/17/1984,5.36
7/18/1984,5.40
7/19/1984,5.42
7/20/1984,5.39
7/21/1984,5.36
7/22/1984,5.35
7/23/1984,5.40
7/24/1984,5.55
7/25/1984,5.61
7/26/1984,5.62
7/27/1984,5.64
7/28/1984,5.68
7/29/1984,5.76
7/30/1984,5.78
7/31/1984,5.80
8/1/1984,5.79
8/2/1984,5.78
8/3/1984,5.74
8/4/1984,5.71
8/5/1984,5.72
8/6/1984,5.69
8/7/1984,5.65
8/8/1984,5.60
8/9/1984,5.53
8/10/1984,5.47
8/11/1984,5.42
8/12/1984,5.37
8/13/1984,5.31
8/14/1984,5.23
8/15/1984,5.15
8/16/1984,5.10
8/17/1984,5.02
8/18/1984,4.96
8/19/1984,4.91
8/20/1984,4.88
8/21/1984,4.85
8/22/1984,4.78
8/23/1984,4.68
8/24/1984,4.62
8/25/1984,4.59
8/26/1984,4.57
8/27/1984,4.57
8/28/1984,4.58
8/29/1984,4.57
8/30/1984,4.57
8/31/1984,4.58
9/1/1984,4.57
9/2/1984,4.66
9/3/1984,4.65
9/4/1984,4.61
9/5/1984,4.58
9/6/1984,4.61
9/7/1984,4.73
9/8/1984,4.78
9/9/1984,4.81
9/10/1984,4.86
9/11/1984,4.89
9/12/1984,4.87
9/13/1984,4.86
9/14/1984,4.83
9/15/1984,4.87
9/16/1984,5.18
9/17/1984,5.39
9/18/1984,5.53
9/19/1984,5.66
9/20/1984,5.73
9/21/1984,5.78
9/22/1984,5.79
9/23/1984,5.78
9/24/1984,5.76
9/25/1984,5.73
9/26/1984,5.70
9/27/1984,5.66
9/28/1984,5.60
9/29/1984,5.53
9/30/1984,5.45
10/1/1984,5.36
10/2/1984,5.26
10/3/1984,5.17
10/4/1984,5.07
10/5/1984,5.01
10/6/1984,4.96
10/7/1984,4.89
10/8/1984,4.85
10/9/1984,4.78
10/10/1984,4.69
10/11/1984,4.60
10/12/1984,4.51
10/13/1984,4.43
10/14/1984,4.37
10/15/1984,4.30
10/16/1984,4.19
10/17/1984,4.05
10/18/1984,3.94
10/19/1984,3.83
10/20/1984,3.71
10/21/1984,3.58
10/22/1984,3.54
10/23/1984,3.49
10/24/1984,3.43
10/25/1984,3.37
10/26/1984,3.32
10/27/1984,3.27
10/28/1984,3.18
10/29/1984,3.09
10/30/1984,2.98
10/31/1984,2.85
11/1/1984,2.73
11/2/1984,2.60
11/3/1984,2.47
11/4/1984,2.35
11/5/1984,2.27
11/6/1984,2.20
11/7/1984,2.14
11/8/1984,2.10
11/9/1984,2.04
11/10/1984,1.98
11/11/1984,1.94
11/12/1984,1.88
11/13/1984,1.78
11/14/1984,1.65
11/15/1984,1.53
11/16/1984,1.41
11/17/1984,1.28
11/18/1984,1.24
11/19/1984,1.25
11/20/1984,1.29
11/21/1984,1.33
11/22/1984,1.33
11/23/1984,1.47
11/24/1984,1.46
11/25/1984,1.47
11/26/1984,1.43
11/27/1984,1.29
11/28/1984,1.13
11/29/1984,1.02
11/30/1984,0.93
12/1/1984,0.80
12/2/1984,0.79
12/3/1984,0.75
12/4/1984,0.80
12/5/1984,0.81
12/6/1984,0.82
12/7/1984,0.88
12/8/1984,0.91
12/9/1984,0.94
12/10/1984,0.95
12/11/1984,0.96
12/12/1984,0.98
12/13/1984,0.97
12/14/1984,0.99
12/15/1984,0.96
12/16/1984,0.83
12/17/1984,0.76
12/18/1984,0.78
12/19/1984,0.77
12/20/1984,0.72
12/21/1984,0.71
12/22/1984,0.76
12/23/1984,0.80
12/24/1984,0.82
12/25/1984,0.84
12/26/1984,0.82
12/27/1984,0.74
12/28/1984,0.66
12/29/1984,0.61
12/30/1984,0.51
12/31/1984,0.44
1/1/1985,0.39
1/2/1985,0.33
1/3/1985,0.38
1/4/1985,0.40
1/5/1985,0.39
1/6/1985,0.43
1/7/1985,0.49
1/8/1985,0.54
1/9/1985,0.56
1/10/1985,0.57
1/11/1985,0.56
1/12/1985,0.54
1/13/1985,0.45
1/14/1985,0.35
1/15/1985,0.31
1/16/1985,0.32
1/17/1985,0.31
1/18/1985,0.26
1/19/1985,0.25
1/20/1985,0.29
1/21/1985,0.34
1/22/1985,0.37
1/23/1985,0.42
1/24/1985,0.42
1/25/1985,0.37
1/26/1985,0.36
1/27/1985,0.33
1/28/1985,0.33
1/29/1985,0.28
1/30/1985,0.23
1/31/1985,0.19
2/1/1985,0.15
2/2/1985,0.12
2/3/1985,0.18
2/4/1985,0.18
2/5/1985,0.27
2/6/1985,0.50
2/7/1985,0.65
2/8/1985,0.65
2/9/1985,0.70
2/10/1985,0.65
2/11/1985,0.57
2/12/1985,0.47
2/13/1985,0.30
2/14/1985,0.24
2/15/1985,0.13
2/16/1985,0.11
2/17/1985,0.14
2/18/1985,0.18
2/19/1985,0.28
2/20/1985,0.30
2/21/1985,0.36
2/22/1985,0.35
2/23/1985,0.39
2/24/1985,0.38
2/25/1985,0.41
2/26/1985,0.44
2/27/1985,0.47
2/28/1985,0.46
3/1/1985,0.43
3/2/1985,0.39
3/3/1985,0.41
3/4/1985,0.44
3/5/1985,0.38
3/6/1985,0.50
3/7/1985,0.67
3/8/1985,0.85
3/9/1985,0.89
3/10/1985,0.92
3/11/1985,0.90
3/12/1985,0.77
3/13/1985,0.68
3/14/1985,0.65
3/15/1985,0.54
3/16/1985,0.46
3/17/1985,0.45
3/18/1985,0.53
3/19/1985,0.68
3/20/1985,0.89
3/21/1985,0.98
3/22/1985,1.03
3/23/1985,1.06
3/24/1985,1.13
3/25/1985,1.19
3/26/1985,1.18
3/27/1985,1.06
3/28/1985,1.00
3/29/1985,0.93
3/30/1985,0.87
3/31/1985,0.78
4/1/1985,0.65
4/2/1985,0.64
4/3/1985,0.74
4/4/1985,0.90
4/5/1985,1.02
4/6/1985,1.09
4/7/1985,1.14
4/8/1985,1.15
4/9/1985,1.19
4/10/1985,1.31
4/11/1985,1.37
4/12/1985,1.32
4/13/1985,1.22
4/14/1985,1.19
4/15/1985,1.18
4/16/1985,1.18
4/17/1985,1.26
4/18/1985,1.31
4/19/1985,1.41
4/20/1985,1.44
4/21/1985,1.47
4/22/1985,1.51
4/23/1985,1.55
4/24/1985,1.61
4/25/1985,1.64
4/26/1985,1.61
4/27/1985,1.49
4/28/1985,1.32
4/29/1985,1.18
4/30/1985,1.18
5/1/1985,1.29
5/2/1985,1.33
5/3/1985,1.52
5/4/1985,1.78
5/5/1985,1.90
5/6/1985,1.92
5/7/1985,1.95
5/8/1985,1.82
5/9/1985,1.71
5/10/1985,1.58
5/11/1985,1.49
5/12/1985,1.38
5/13/1985,1.27
5/14/1985,1.26
5/15/1985,1.31
5/16/1985,1.33
5/17/1985,1.31
5/18/1985,1.30
5/19/1985,1.30
5/20/1985,1.38
5/21/1985,1.43
5/22/1985,1.53
5/23/1985,1.50
5/24/1985,1.44
5/25/1985,1.60
5/26/1985,1.66
5/27/1985,1.68
5/28/1985,1.72
5/29/1985,1.80
5/30/1985,1.83
5/31/1985,1.91
6/1/1985,2.05
6/2/1985,2.35
6/3/1985,2.47
6/4/1985,2.67
6/5/1985,2.75
6/6/1985,2.87
6/7/1985,3.01
6/8/1985,3.11
6/9/1985,3.20
6/10/1985,3.32
6/11/1985,3.41
6/12/1985,3.47
6/13/1985,3.52
6/14/1985,3.56
6/15/1985,3.59
6/16/1985,3.65
6/17/1985,3.74
6/18/1985,3.84
6/19/1985,3.94
6/20/1985,3.99
6/21/1985,4.03
6/22/1985,4.05
6/23/1985,4.09
6/24/1985,4.10
6/25/1985,4.13
6/26/1985,4.13
6/27/1985,4.11
6/28/1985,4.11
6/29/1985,4.15
6/30/1985,4.18
7/1/1985,4.23
7/2/1985,4.25
7/3/1985,4.26
7/4/1985,4.29
7/5/1985,4.29
7/6/1985,4.30
7/7/1985,4.31
7/8/1985,4.31
7/9/1985,4.34
7/10/1985,4.39
7/11/1985,4.47
7/12/1985,4.53
7/13/1985,4.57
7/14/1985,4.61
7/15/1985,4.65
7/16/1985,4.68
7/17/1985,4.71
7/18/1985,4.73
7/19/1985,4.73
7/20/1985,4.73
7/21/1985,4.72
7/22/1985,4.74
7/23/1985,4.75
7/24/1985,4.76
7/25/1985,4.78
7/26/1985,4.82
7/27/1985,4.84
7/28/1985,4.89
7/29/1985,5.04
7/30/1985,5.14
7/31/1985,5.21
8/1/1985,5.25
8/2/1985,5.29
8/3/1985,5.28
8/4/1985,5.27
8/5/1985,5.26
8/6/1985,5.23
8/7/1985,5.17
8/8/1985,5.14
8/9/1985,5.12
8/10/1985,5.08
8/11/1985,5.02
8/12/1985,4.95
8/13/1985,4.88
8/14/1985,4.84
8/15/1985,4.79
8/16/1985,4.75
8/17/1985,4.71
8/18/1985,4.68
8/19/1985,4.66
8/20/1985,4.62
8/21/1985,4.57
8/22/1985,4.56
8/23/1985,4.58
8/24/1985,4.59
8/25/1985,4.65
8/26/1985,4.69
8/27/1985,4.71
8/28/1985,4.72
8/29/1985,4.72
8/30/1985,4.71
8/31/1985,4.70
9/1/1985,4.67
9/2/1985,4.63
9/3/1985,4.63
9/4/1985,4.60
9/5/1985,4.62
9/6/1985,4.60
9/7/1985,4.56
9/8/1985,4.56
9/9/1985,4.56
9/10/1985,4.54
9/11/1985,4.56
9/12/1985,4.53
9/13/1985,4.52
9/14/1985,4.53
9/15/1985,4.53
9/16/1985,4.54
9/17/1985,4.53
9/18/1985,4.50
9/19/1985,4.46
9/20/1985,4.45
9/21/1985,4.42
9/22/1985,4.38
9/23/1985,4.38
9/24/1985,4.36
9/25/1985,4.33
9/26/1985,4.27
9/27/1985,4.28
9/28/1985,4.29
9/29/1985,4.29
9/30/1985,4.29
10/1/1985,4.29
10/2/1985,4.28
10/3/1985,4.26
10/4/1985,4.24
10/5/1985,4.20
10/6/1985,4.17
10/7/1985,4.11
10/8/1985,4.05
10/9/1985,3.99
10/10/1985,3.92
10/11/1985,3.86
10/12/1985,3.80
10/13/1985,3.73
10/14/1985,3.66
10/15/1985,3.63
10/16/1985,3.64
10/17/1985,3.70
10/18/1985,3.67
10/19/1985,3.61
10/20/1985,3.51
10/21/1985,3.45
10/22/1985,3.38
10/23/1985,3.30
10/24/1985,3.23
10/25/1985,3.19
10/26/1985,3.13
10/27/1985,3.06
10/28/1985,3.01
10/29/1985,2.92
10/30/1985,2.87
10/31/1985,2.77
11/1/1985,2.69
11/2/1985,2.60
11/3/1985,2.49
11/4/1985,2.39
11/5/1985,2.27
11/6/1985,2.14
11/7/1985,2.01
11/8/1985,1.89
11/9/1985,1.84
11/10/1985,1.84
11/11/1985,1.87
11/12/1985,1.93
11/13/1985,1.88
11/14/1985,1.96
11/15/1985,1.95
11/16/1985,1.90
11/17/1985,1.91
11/18/1985,1.85
11/19/1985,1.74
11/20/1985,1.58
11/21/1985,1.38
11/22/1985,1.28
11/23/1985,1.26
11/24/1985,1.21
11/25/1985,1.23
11/26/1985,1.24
11/27/1985,1.26
11/28/1985,1.30
11/29/1985,1.29
11/30/1985,1.24
12/1/1985,1.23
12/2/1985,1.17
12/3/1985,1.12
12/4/1985,1.02
12/5/1985,0.99
12/6/1985,0.89
12/7/1985,0.89
12/8/1985,0.92
12/9/1985,0.98
12/10/1985,1.03
12/11/1985,1.06
12/12/1985,1.04
12/13/1985,1.13
12/14/1985,1.15
12/15/1985,1.14
12/16/1985,1.12
12/17/1985,1.01
12/18/1985,0.93
12/19/1985,0.86
12/20/1985,0.75
12/21/1985,0.63
12/22/1985,0.52
12/23/1985,0.54
12/24/1985,0.57
12/25/1985,0.59
12/26/1985,0.61
12/27/1985,0.65
12/28/1985,0.74
12/29/1985,0.73
12/30/1985,0.69
12/31/1985,0.66
1/1/1986,0.59
1/2/1986,0.52
1/3/1986,0.49
1/4/1986,0.44
1/5/1986,0.42
1/6/1986,0.42
1/7/1986,0.39
1/8/1986,0.40
1/9/1986,0.46
1/10/1986,0.58
1/11/1986,0.65
1/12/1986,0.66
1/13/1986,0.68
1/14/1986,0.63
1/15/1986,0.56
1/16/1986,0.43
1/17/1986,0.37
1/18/1986,0.26
1/19/1986,0.17
1/20/1986,0.15
1/21/1986,0.07
1/22/1986,0.08
1/23/1986,0.11
1/24/1986,0.14
1/25/1986,0.21
1/26/1986,0.23
1/27/1986,0.30
1/28/1986,0.35
1/29/1986,0.42
1/30/1986,0.47
1/31/1986,0.49
2/1/1986,0.49
2/2/1986,0.49
2/3/1986,0.37
2/4/1986,0.29
2/5/1986,0.22
2/6/1986,0.20
2/7/1986,0.20
2/8/1986,0.24
2/9/1986,0.29
2/10/1986,0.34
2/11/1986,0.41
2/12/1986,0.40
2/13/1986,0.38
2/14/1986,0.34
2/15/1986,0.31
2/16/1986,0.20
2/17/1986,0.11
2/18/1986,0.02
2/19/1986,-0.09
2/20/1986,-0.16
2/21/1986,-0.15
2/22/1986,-0.16
2/23/1986,0.04
2/24/1986,0.18
2/25/1986,0.27
2/26/1986,0.33
2/27/1986,0.38
2/28/1986,0.46
3/1/1986,0.48
3/2/1986,0.41
3/3/1986,0.35
3/4/1986,0.28
3/5/1986,0.14
3/6/1986,0.09
3/7/1986,0.11
3/8/1986,0.21
3/9/1986,0.29
3/10/1986,0.38
3/11/1986,0.43
3/12/1986,0.49
3/13/1986,0.56
3/14/1986,0.58
3/15/1986,0.58
3/16/1986,0.57
3/17/1986,0.43
3/18/1986,0.27
3/19/1986,0.20
3/20/1986,0.10
3/21/1986,0.04
3/22/1986,0.04
3/23/1986,0.02
3/24/1986,0.18
3/25/1986,0.31
3/26/1986,0.41
3/27/1986,0.52
3/28/1986,0.60
3/29/1986,0.72
3/30/1986,0.80
3/31/1986,0.84
4/1/1986,0.70
4/2/1986,0.57
4/3/1986,0.44
4/4/1986,0.28
4/5/1986,0.24
4/6/1986,0.31
4/7/1986,0.43
4/8/1986,0.57
4/9/1986,0.72
4/10/1986,0.89
4/11/1986,0.93
4/12/1986,0.97
4/13/1986,0.97
4/14/1986,1.07
4/15/1986,1.16
4/16/1986,1.14
4/17/1986,1.15
4/18/1986,1.12
4/19/1986,1.11
4/20/1986,1.12
4/21/1986,1.16
4/22/1986,1.21
4/23/1986,1.31
4/24/1986,1.42
4/25/1986,1.51
4/26/1986,1.74
4/27/1986,1.77
4/28/1986,1.74
4/29/1986,1.70
4/30/1986,1.57
5/1/1986,1.44
5/2/1986,1.34
5/3/1986,1.25
5/4/1986,1.32
5/5/1986,1.36
5/6/1986,1.48
5/7/1986,1.54
5/8/1986,1.59
5/9/1986,1.61
5/10/1986,1.61
5/11/1986,1.59
5/12/1986,1.59
5/13/1986,1.56
5/14/1986,1.53
5/15/1986,1.52
5/16/1986,1.54
5/17/1986,1.47
5/18/1986,1.46
5/19/1986,1.46
5/20/1986,1.44
5/21/1986,1.51
5/22/1986,1.59
5/23/1986,1.69
5/24/1986,1.72
5/25/1986,1.73
5/26/1986,1.73
5/27/1986,1.70
5/28/1986,1.64
5/29/1986,1.54
5/30/1986,1.43
5/31/1986,1.29
6/1/1986,1.17
6/2/1986,1.07
6/3/1986,1.06
6/4/1986,1.09
6/5/1986,1.13
6/6/1986,1.19
6/7/1986,1.25
6/8/1986,1.28
6/9/1986,1.35
6/10/1986,1.46
6/11/1986,1.56
6/12/1986,1.56
6/13/1986,1.55
6/14/1986,1.52
6/15/1986,1.54
6/16/1986,1.62
6/17/1986,1.67
6/18/1986,1.69
6/19/1986,1.76
6/20/1986,1.71
6/21/1986,1.97
6/22/1986,2.16
6/23/1986,2.22
6/24/1986,2.22
6/25/1986,2.32
6/26/1986,2.41
6/27/1986,2.43
6/28/1986,2.40
6/29/1986,2.41
6/30/1986,2.55
7/1/1986,2.68
7/2/1986,2.79
7/3/1986,2.81
7/4/1986,2.89
7/5/1986,2.95
7/6/1986,2.97
7/7/1986,3.02
7/8/1986,3.12
7/9/1986,3.17
7/10/1986,3.23
7/11/1986,3.23
7/12/1986,3.31
7/13/1986,3.36
7/14/1986,3.45
7/15/1986,3.50
7/16/1986,3.51
7/17/1986,3.55
7/18/1986,3.57
7/19/1986,3.64
7/20/1986,3.67
7/21/1986,3.72
7/22/1986,3.79
7/23/1986,3.90
7/24/1986,3.98
7/25/1986,4.04
7/26/1986,4.10
7/27/1986,4.15
7/28/1986,4.20
7/29/1986,4.26
7/30/1986,4.31
7/31/1986,4.33
8/1/1986,4.35
8/2/1986,4.37
8/3/1986,4.44
8/4/1986,4.48
8/5/1986,4.51
8/6/1986,4.56
8/7/1986,4.57
8/8/1986,4.57
8/9/1986,4.58
8/10/1986,4.55
8/11/1986,4.52
8/12/1986,4.50
8/13/1986,4.45
8/14/1986,4.38
8/15/1986,4.31
8/16/1986,4.23
8/17/1986,4.16
8/18/1986,4.13
8/19/1986,4.08
8/20/1986,4.07
8/21/1986,4.03
8/22/1986,3.98
8/23/1986,3.96
8/24/1986,3.98
8/25/1986,4.01
8/26/1986,4.09
8/27/1986,4.12
8/28/1986,4.15
8/29/1986,4.16
8/30/1986,4.17
8/31/1986,4.19
9/1/1986,4.21
9/2/1986,4.20
9/3/1986,4.23
9/4/1986,4.27
9/5/1986,4.27
9/6/1986,4.25
9/7/1986,4.24
9/8/1986,4.22
9/9/1986,4.21
9/10/1986,4.21
9/11/1986,4.22
9/12/1986,4.21
9/13/1986,4.19
9/14/1986,4.17
9/15/1986,4.16
9/16/1986,4.18
9/17/1986,4.21
9/18/1986,4.25
9/19/1986,4.29
9/20/1986,4.32
9/21/1986,4.35
9/22/1986,4.37
9/23/1986,4.38
9/24/1986,4.37
9/25/1986,4.34
9/26/1986,4.32
9/27/1986,4.40
9/28/1986,4.41
9/29/1986,4.36
9/30/1986,4.34
10/1/1986,4.32
10/2/1986,4.30
10/3/1986,4.28
10/4/1986,4.25
10/5/1986,4.21
10/6/1986,4.20
10/7/1986,4.22
10/8/1986,4.26
10/9/1986,4.42
10/10/1986,4.46
10/11/1986,4.49
10/12/1986,4.51
10/13/1986,4.52
10/14/1986,4.50
10/15/1986,4.51
10/16/1986,4.51
10/17/1986,4.50
10/18/1986,4.49
10/19/1986,4.46
10/20/1986,4.43
10/21/1986,4.38
10/22/1986,4.32
10/23/1986,4.27
10/24/1986,4.20
10/25/1986,4.12
10/26/1986,4.05
10/27/1986,3.96
10/28/1986,3.87
10/29/1986,3.78
10/30/1986,3.66
10/31/1986,3.58
11/1/1986,3.50
11/2/1986,3.42
11/3/1986,3.35
11/4/1986,3.26
11/5/1986,3.17
11/6/1986,3.06
11/7/1986,2.96
11/8/1986,2.81
11/9/1986,2.71
11/10/1986,2.95
11/11/1986,2.83
11/12/1986,2.74
11/13/1986,2.65
11/14/1986,2.60
11/15/1986,2.54
11/16/1986,2.49
11/17/1986,2.44
11/18/1986,2.38
11/19/1986,2.31
11/20/1986,2.24
11/21/1986,2.16
11/22/1986,2.08
11/23/1986,2.00
11/24/1986,1.90
11/25/1986,1.78
11/26/1986,1.67
11/27/1986,1.57
11/28/1986,1.52
11/29/1986,1.49
11/30/1986,1.49
12/1/1986,1.53
12/2/1986,1.52
12/3/1986,1.51
12/4/1986,1.48
12/5/1986,1.45
12/6/1986,1.36
12/7/1986,1.24
12/8/1986,1.13
12/9/1986,1.02
12/10/1986,0.93
12/11/1986,0.92
12/12/1986,0.87
12/13/1986,0.84
12/14/1986,0.83
12/15/1986,0.83
12/16/1986,0.83
12/17/1986,0.80
12/18/1986,0.77
12/19/1986,0.74
12/20/1986,0.71
12/21/1986,0.67
12/22/1986,0.56
12/23/1986,0.53
12/24/1986,0.47
12/25/1986,0.47
12/26/1986,0.48
12/27/1986,0.47
12/28/1986,0.49
12/29/1986,0.49
12/30/1986,0.52
12/31/1986,0.62
1/1/1987,0.72
1/2/1987,0.69
1/3/1987,0.67
1/4/1987,0.58
1/5/1987,0.55
1/6/1987,0.51
1/7/1987,0.41
1/8/1987,0.39
1/9/1987,0.32
1/10/1987,0.25
1/11/1987,0.24
1/12/1987,0.23
1/13/1987,0.21
1/14/1987,0.25
1/15/1987,0.29
1/16/1987,0.36
1/17/1987,0.37
1/18/1987,0.40
1/19/1987,0.42
1/20/1987,0.37
1/21/1987,0.32
1/22/1987,0.24
1/23/1987,0.19
1/24/1987,0.17
1/25/1987,0.12
1/26/1987,0.11
1/27/1987,0.16
1/28/1987,0.28
1/29/1987,0.34
1/30/1987,0.44
1/31/1987,0.50
2/1/1987,0.53
2/2/1987,0.55
2/3/1987,0.53
2/4/1987,0.51
2/5/1987,0.47
2/6/1987,0.38
2/7/1987,0.22
2/8/1987,0.10
2/9/1987,0.07
2/10/1987,0.10
2/11/1987,0.09
2/12/1987,0.11
2/13/1987,0.20
2/14/1987,0.30
2/15/1987,0.37
2/16/1987,0.45
2/17/1987,0.47
2/18/1987,0.47
2/19/1987,0.41
2/20/1987,0.32
2/21/1987,0.25
2/22/1987,0.24
2/23/1987,0.13
2/24/1987,0.08
2/25/1987,0.12
2/26/1987,0.16
2/27/1987,0.25
2/28/1987,0.32
3/1/1987,0.40
3/2/1987,0.43
3/3/1987,0.39
3/4/1987,0.35
3/5/1987,0.23
3/6/1987,0.14
3/7/1987,0.06
3/8/1987,0.04
3/9/1987,0.04
3/10/1987,0.02
3/11/1987,0.02
3/12/1987,0.08
3/13/1987,0.20
3/14/1987,0.26
3/15/1987,0.33
3/16/1987,0.41
3/17/1987,0.53
3/18/1987,0.66
3/19/1987,0.68
3/20/1987,0.66
3/21/1987,0.58
3/22/1987,0.47
3/23/1987,0.44
3/24/1987,0.31
3/25/1987,0.25
3/26/1987,0.27
3/27/1987,0.33
3/28/1987,0.45
3/29/1987,0.55
3/30/1987,0.63
3/31/1987,0.71
4/1/1987,0.73
4/2/1987,0.71
4/3/1987,0.77
4/4/1987,0.79
4/5/1987,0.76
4/6/1987,0.71
4/7/1987,0.56
4/8/1987,0.52
4/9/1987,0.62
4/10/1987,0.83
4/11/1987,0.93
4/12/1987,1.03
4/13/1987,1.22
4/14/1987,1.41
4/15/1987,1.46
4/16/1987,1.45
4/17/1987,1.37
4/18/1987,1.29
4/19/1987,1.25
4/20/1987,1.21
4/21/1987,1.10
4/22/1987,1.02
4/23/1987,1.02
4/24/1987,1.05
4/25/1987,1.25
4/26/1987,1.44
4/27/1987,1.46
4/28/1987,1.41
4/29/1987,1.38
4/30/1987,1.39
5/1/1987,1.45
5/2/1987,1.41
5/3/1987,1.34
5/4/1987,1.22
5/5/1987,1.18
5/6/1987,1.10
5/7/1987,1.08
5/8/1987,1.07
5/9/1987,1.06
5/10/1987,1.14
5/11/1987,1.20
5/12/1987,1.26
5/13/1987,1.37
5/14/1987,1.44
5/15/1987,1.49
5/16/1987,1.49
5/17/1987,1.46
5/18/1987,1.43
5/19/1987,1.38
5/20/1987,1.31
5/21/1987,1.25
5/22/1987,1.24
5/23/1987,1.24
5/24/1987,1.27
5/25/1987,1.37
5/26/1987,1.44
5/27/1987,1.44
5/28/1987,1.48
5/29/1987,1.49
5/30/1987,1.46
5/31/1987,1.40
6/1/1987,1.39
6/2/1987,1.41
6/3/1987,1.58
6/4/1987,1.65
6/5/1987,1.95
6/6/1987,1.93
6/7/1987,1.96
6/8/1987,1.92
6/9/1987,1.91
6/10/1987,1.99
6/11/1987,2.09
6/12/1987,2.20
6/13/1987,2.31
6/14/1987,2.43
6/15/1987,2.46
6/16/1987,2.51
6/17/1987,2.51
6/18/1987,2.51
6/19/1987,2.54
6/20/1987,2.63
6/21/1987,2.73
6/22/1987,2.81
6/23/1987,2.85
6/24/1987,2.91
6/25/1987,2.93
6/26/1987,2.97
6/27/1987,3.08
6/28/1987,3.21
6/29/1987,3.34
6/30/1987,3.46
7/1/1987,3.62
7/2/1987,3.84
7/3/1987,4.04
7/4/1987,4.22
7/5/1987,4.30
7/6/1987,4.35
7/7/1987,4.40
7/8/1987,4.44
7/9/1987,4.51
7/10/1987,4.54
7/11/1987,4.57
7/12/1987,4.63
7/13/1987,4.64
7/14/1987,4.64
7/15/1987,4.64
7/16/1987,4.64
7/17/1987,4.63
7/18/1987,4.62
7/19/1987,4.58
7/20/1987,4.56
7/21/1987,4.53
7/22/1987,4.49
7/23/1987,4.46
7/24/1987,4.48
7/25/1987,4.60
7/26/1987,4.76
7/27/1987,4.85
7/28/1987,4.92
7/29/1987,4.98
7/30/1987,5.07
7/31/1987,5.22
8/1/1987,5.38
8/2/1987,5.54
8/3/1987,5.65
8/4/1987,5.71
8/5/1987,5.74
8/6/1987,5.75
8/7/1987,5.76
8/8/1987,5.74
8/9/1987,5.72
8/10/1987,5.70
8/11/1987,5.69
8/12/1987,5.75
8/13/1987,5.78
8/14/1987,5.80
8/15/1987,5.81
8/16/1987,5.82
8/17/1987,5.82
8/18/1987,5.80
8/19/1987,5.77
8/20/1987,5.75
8/21/1987,5.73
8/22/1987,5.73
8/23/1987,5.72
8/24/1987,5.69
8/25/1987,5.68
8/26/1987,5.68
8/27/1987,5.64
8/28/1987,5.62
8/29/1987,5.59
8/30/1987,5.54
8/31/1987,5.49
9/1/1987,5.43
9/2/1987,5.40
9/3/1987,5.36
9/4/1987,5.32
9/5/1987,5.30
9/6/1987,5.26
9/7/1987,5.25
9/8/1987,5.27
9/9/1987,5.26
9/10/1987,5.25
9/11/1987,5.23
9/12/1987,5.23
9/13/1987,5.20
9/14/1987,5.17
9/15/1987,5.16
9/16/1987,5.15
9/17/1987,5.13
9/18/1987,5.09
9/19/1987,5.07
9/20/1987,5.04
9/21/1987,5.03
9/22/1987,5.04
9/23/1987,5.01
9/24/1987,4.98
9/25/1987,5.00
9/26/1987,5.00
9/27/1987,5.21
9/28/1987,5.34
9/29/1987,5.43
9/30/1987,5.46
10/1/1987,5.45
10/2/1987,5.44
10/3/1987,5.40
10/4/1987,5.36
10/5/1987,5.32
10/6/1987,5.28
10/7/1987,5.24
10/8/1987,5.21
10/9/1987,5.15
10/10/1987,5.10
10/11/1987,5.04
10/12/1987,4.95
10/13/1987,4.84
10/14/1987,4.74
10/15/1987,4.63
10/16/1987,4.52
10/17/1987,4.40
10/18/1987,4.29
10/19/1987,4.16
10/20/1987,4.07
10/21/1987,4.02
10/22/1987,3.94
10/23/1987,3.85
10/24/1987,3.76
10/25/1987,3.67
10/26/1987,3.59
10/27/1987,3.49
10/28/1987,3.39
10/29/1987,3.26
10/30/1987,3.14
10/31/1987,2.99
11/1/1987,2.87
11/2/1987,2.76
11/3/1987,2.68
11/4/1987,2.61
11/5/1987,2.54
11/6/1987,2.46
11/7/1987,2.41
11/8/1987,2.30
11/9/1987,2.20
11/10/1987,2.11
11/11/1987,2.01
11/12/1987,1.90
11/13/1987,1.85
11/14/1987,1.76
11/15/1987,1.71
11/16/1987,1.68
11/17/1987,1.63
11/18/1987,1.61
11/19/1987,1.60
11/20/1987,1.64
11/21/1987,1.67
11/22/1987,1.68
11/23/1987,1.69
11/24/1987,1.69
11/25/1987,1.67
11/26/1987,1.57
11/27/1987,1.43
11/28/1987,1.31
11/29/1987,1.21
11/30/1987,1.18
12/1/1987,1.18
12/2/1987,1.18
12/3/1987,1.21
12/4/1987,1.26
12/5/1987,1.28
12/6/1987,1.26
12/7/1987,1.20
12/8/1987,1.14
12/9/1987,1.11
12/10/1987,1.05
12/11/1987,0.97
12/12/1987,0.89
12/13/1987,0.88
12/14/1987,0.87
12/15/1987,0.70
12/16/1987,0.68
12/17/1987,0.73
12/18/1987,0.81
12/19/1987,0.89
12/20/1987,0.93
12/21/1987,1.00
12/22/1987,1.06
12/23/1987,1.06
12/24/1987,1.06
12/25/1987,1.01
12/26/1987,0.90
12/27/1987,0.85
12/28/1987,0.76
12/29/1987,0.70
12/30/1987,0.64
12/31/1987,0.62
1/1/1988,0.62
1/2/1988,0.59
1/3/1988,0.62
1/4/1988,0.63
1/5/1988,0.67
1/6/1988,0.70
1/7/1988,0.70
1/8/1988,0.69
1/9/1988,0.61
1/10/1988,0.54
1/11/1988,0.48
1/12/1988,0.42
1/13/1988,0.41
1/14/1988,0.40
1/15/1988,0.36
1/16/1988,0.34
1/17/1988,0.32
1/18/1988,0.31
1/19/1988,0.35
1/20/1988,0.44
1/21/1988,0.53
1/22/1988,0.58
1/23/1988,0.65
1/24/1988,0.60
1/25/1988,0.53
1/26/1988,0.46
1/27/1988,0.24
1/28/1988,0.07
1/29/1988,0.04
1/30/1988,0.09
1/31/1988,0.04
2/1/1988,0.11
2/2/1988,0.14
2/3/1988,0.23
2/4/1988,0.28
2/5/1988,0.34
2/6/1988,0.42
2/7/1988,0.46
2/8/1988,0.46
2/9/1988,0.42
2/10/1988,0.36
2/11/1988,0.31
2/12/1988,0.28
2/13/1988,0.22
2/14/1988,0.22
2/15/1988,0.24
2/16/1988,0.32
2/17/1988,0.48
2/18/1988,0.62
2/19/1988,0.66
2/20/1988,0.69
2/21/1988,0.68
2/22/1988,0.65
2/23/1988,0.59
2/24/1988,0.56
2/25/1988,0.53
2/26/1988,0.42
2/27/1988,0.27
2/28/1988,0.24
2/29/1988,0.25
3/1/1988,0.31
3/2/1988,0.41
3/3/1988,0.53
3/4/1988,0.57
3/5/1988,0.56
3/6/1988,0.57
3/7/1988,0.66
3/8/1988,0.65
3/9/1988,0.57
3/10/1988,0.48
3/11/1988,0.37
3/12/1988,0.30
3/13/1988,0.25
3/14/1988,0.36
3/15/1988,0.51
3/16/1988,0.48
3/17/1988,0.63
3/18/1988,0.81
3/19/1988,0.94
3/20/1988,0.96
3/21/1988,0.99
3/22/1988,0.88
3/23/1988,0.77
3/24/1988,0.67
3/25/1988,0.53
3/26/1988,0.37
3/27/1988,0.27
3/28/1988,0.39
3/29/1988,0.45
3/30/1988,0.50
3/31/1988,0.59
4/1/1988,0.69
4/2/1988,0.78
4/3/1988,0.83
4/4/1988,0.87
4/5/1988,0.90
4/6/1988,1.00
4/7/1988,0.99
4/8/1988,0.93
4/9/1988,0.86
4/10/1988,0.77
4/11/1988,0.69
4/12/1988,0.65
4/13/1988,0.73
4/14/1988,0.90
4/15/1988,1.17
4/16/1988,1.40
4/17/1988,1.44
4/18/1988,1.35
4/19/1988,1.29
4/20/1988,1.29
4/21/1988,1.27
4/22/1988,1.22
4/23/1988,1.13
4/24/1988,0.98
4/25/1988,0.83
4/26/1988,0.75
4/27/1988,0.76
4/28/1988,0.86
4/29/1988,0.91
4/30/1988,0.96
5/1/1988,1.08
5/2/1988,1.18
5/3/1988,1.26
5/4/1988,1.34
5/5/1988,1.34
5/6/1988,1.30
5/7/1988,1.25
5/8/1988,1.24
5/9/1988,1.29
5/10/1988,1.44
5/11/1988,1.60
5/12/1988,1.69
5/13/1988,1.79
5/14/1988,1.73
5/15/1988,1.82
5/16/1988,1.91
5/17/1988,1.99
5/18/1988,2.09
5/19/1988,2.24
5/20/1988,2.28
5/21/1988,2.53
5/22/1988,2.59
5/23/1988,2.60
5/24/1988,2.66
5/25/1988,2.75
5/26/1988,2.92
5/27/1988,3.02
5/28/1988,3.15
5/29/1988,3.40
5/30/1988,3.81
5/31/1988,4.09
6/1/1988,4.29
6/2/1988,4.41
6/3/1988,4.51
6/4/1988,4.51
6/5/1988,4.51
6/6/1988,4.49
6/7/1988,4.47
6/8/1988,4.40
6/9/1988,4.34
6/10/1988,4.27
6/11/1988,4.22
6/12/1988,4.16
6/13/1988,4.14
6/14/1988,4.10
6/15/1988,4.05
6/16/1988,4.01
6/17/1988,3.99
6/18/1988,3.98
6/19/1988,3.91
6/20/1988,3.87
6/21/1988,3.85
6/22/1988,3.85
6/23/1988,3.86
6/24/1988,3.95
6/25/1988,4.08
6/26/1988,4.35
6/27/1988,4.63
6/28/1988,4.78
6/29/1988,4.87
6/30/1988,4.91
7/1/1988,4.91
7/2/1988,4.91
7/3/1988,4.88
7/4/1988,4.86
7/5/1988,5.06
7/6/1988,5.32
7/7/1988,5.56
7/8/1988,5.78
7/9/1988,5.95
7/10/1988,6.02
7/11/1988,6.11
7/12/1988,6.17
7/13/1988,6.18
7/14/1988,6.18
7/15/1988,6.19
7/16/1988,6.15
7/17/1988,6.11
7/18/1988,6.07
7/19/1988,5.99
7/20/1988,5.92
7/21/1988,5.87
7/22/1988,5.78
7/23/1988,5.70
7/24/1988,5.64
7/25/1988,5.62
7/26/1988,5.62
7/27/1988,5.62
7/28/1988,5.61
7/29/1988,5.57
7/30/1988,5.52
7/31/1988,5.48
8/1/1988,5.43
8/2/1988,5.38
8/3/1988,5.32
8/4/1988,5.26
8/5/1988,5.17
8/6/1988,5.14
8/7/1988,5.14
8/8/1988,5.12
8/9/1988,5.08
8/10/1988,5.03
8/11/1988,4.99
8/12/1988,4.99
8/13/1988,5.09
8/14/1988,5.21
8/15/1988,5.35
8/16/1988,5.41
8/17/1988,5.46
8/18/1988,5.46
8/19/1988,5.45
8/20/1988,5.43
8/21/1988,5.40
8/22/1988,5.37
8/23/1988,5.34
8/24/1988,5.39
8/25/1988,5.47
8/26/1988,5.56
8/27/1988,5.72
8/28/1988,5.93
8/29/1988,6.15
8/30/1988,6.29
8/31/1988,6.35
9/1/1988,6.37
9/2/1988,6.36
9/3/1988,6.31
9/4/1988,6.32
9/5/1988,6.43
9/6/1988,6.48
9/7/1988,6.46
9/8/1988,6.41
9/9/1988,6.46
9/10/1988,6.56
9/11/1988,6.56
9/12/1988,6.53
9/13/1988,6.52
9/14/1988,6.46
9/15/1988,6.39
9/16/1988,6.30
9/17/1988,6.22
9/18/1988,6.24
9/19/1988,6.05
9/20/1988,5.92
9/21/1988,5.83
9/22/1988,5.73
9/23/1988,5.64
9/24/1988,5.55
9/25/1988,5.44
9/26/1988,5.31
9/27/1988,5.17
9/28/1988,5.06
9/29/1988,5.04
9/30/1988,4.99
10/1/1988,4.92
10/2/1988,4.84
10/3/1988,4.77
10/4/1988,4.65
10/5/1988,4.62
10/6/1988,4.57
10/7/1988,4.61
10/8/1988,4.61
10/9/1988,4.57
10/10/1988,4.53
10/11/1988,4.49
10/12/1988,4.44
10/13/1988,4.40
10/14/1988,4.36
10/15/1988,4.30
10/16/1988,4.24
10/17/1988,4.15
10/18/1988,4.07
10/19/1988,4.06
10/20/1988,4.09
10/21/1988,4.07
10/22/1988,4.01
10/23/1988,3.96
10/24/1988,3.90
10/25/1988,3.84
10/26/1988,3.78
10/27/1988,3.71
10/28/1988,3.63
10/29/1988,3.53
10/30/1988,3.42
10/31/1988,3.29
11/1/1988,3.14
11/2/1988,2.99
11/3/1988,2.84
11/4/1988,2.70
11/5/1988,2.57
11/6/1988,2.45
11/7/1988,2.35
11/8/1988,2.27
11/9/1988,2.22
11/10/1988,2.16
11/11/1988,2.07
11/12/1988,1.99
11/13/1988,1.91
11/14/1988,1.81
11/15/1988,1.73
11/16/1988,1.62
11/17/1988,1.52
11/18/1988,1.47
11/19/1988,1.49
11/20/1988,1.68
11/21/1988,1.68
11/22/1988,1.65
11/23/1988,1.62
11/24/1988,1.58
11/25/1988,1.53
11/26/1988,1.48
11/27/1988,1.39
11/28/1988,1.39
11/29/1988,1.46
11/30/1988,2.21
12/1/1988,1.98
12/2/1988,1.75
12/3/1988,1.57
12/4/1988,1.48
12/5/1988,1.45
12/6/1988,1.43
12/7/1988,1.47
12/8/1988,1.46
12/9/1988,1.45
12/10/1988,1.42
12/11/1988,1.42
12/12/1988,1.42
12/13/1988,1.40
12/14/1988,1.35
12/15/1988,1.28
12/16/1988,1.15
12/17/1988,1.07
12/18/1988,0.99
12/19/1988,0.95
12/20/1988,0.89
12/21/1988,0.86
12/22/1988,0.87
12/23/1988,0.88
12/24/1988,0.86
12/25/1988,0.84
12/26/1988,0.84
12/27/1988,0.84
12/28/1988,0.75
12/29/1988,0.68
12/30/1988,0.61
12/31/1988,0.62
1/1/1989,0.58
1/2/1989,0.53
1/3/1989,0.50
1/4/1989,0.49
1/5/1989,0.41
1/6/1989,0.46
1/7/1989,0.52
1/8/1989,0.56
1/9/1989,0.64
1/10/1989,0.73
1/11/1989,0.69
1/12/1989,0.64
1/13/1989,0.53
1/14/1989,0.38
1/15/1989,0.30
1/16/1989,0.28
1/17/1989,0.30
1/18/1989,0.32
1/19/1989,0.30
1/20/1989,0.27
1/21/1989,0.30
1/22/1989,0.31
1/23/1989,0.32
1/24/1989,0.39
1/25/1989,0.41
1/26/1989,0.41
1/27/1989,0.38
1/28/1989,0.37
1/29/1989,0.35
1/30/1989,0.29
1/31/1989,0.22
2/1/1989,0.20
2/2/1989,0.25
2/3/1989,0.35
2/4/1989,0.41
2/5/1989,0.40
2/6/1989,0.52
2/7/1989,0.66
2/8/1989,0.70
2/9/1989,0.76
2/10/1989,0.71
2/11/1989,0.61
2/12/1989,0.48
2/13/1989,0.35
2/14/1989,0.25
2/15/1989,0.20
2/16/1989,0.13
2/17/1989,0.20
2/18/1989,0.23
2/19/1989,0.28
2/20/1989,0.43
2/21/1989,0.37
2/22/1989,0.40
2/23/1989,0.45
2/24/1989,0.40
2/25/1989,0.32
2/26/1989,0.35
2/27/1989,0.29
2/28/1989,0.27
3/1/1989,0.25
3/2/1989,0.22
3/3/1989,0.14
3/4/1989,0.10
3/5/1989,0.17
3/6/1989,0.20
3/7/1989,0.37
3/8/1989,0.52
3/9/1989,0.64
3/10/1989,0.72
3/11/1989,0.75
3/12/1989,0.63
3/13/1989,0.51
3/14/1989,0.41
3/15/1989,0.26
3/16/1989,0.15
3/17/1989,0.12
3/18/1989,0.17
3/19/1989,0.22
3/20/1989,0.31
3/21/1989,0.41
3/22/1989,0.52
3/23/1989,0.72
3/24/1989,0.76
3/25/1989,0.78
3/26/1989,0.72
3/27/1989,0.63
3/28/1989,0.48
3/29/1989,0.32
3/30/1989,0.14
3/31/1989,0.15
4/1/1989,0.13
4/2/1989,0.26
4/3/1989,0.57
4/4/1989,0.71
4/5/1989,0.80
4/6/1989,0.91
4/7/1989,1.00
4/8/1989,1.01
4/9/1989,1.02
4/10/1989,1.00
4/11/1989,1.01
4/12/1989,1.01
4/13/1989,0.83
4/14/1989,0.64
4/15/1989,0.57
4/16/1989,0.65
4/17/1989,0.84
4/18/1989,0.99
4/19/1989,1.01
4/20/1989,0.99
4/21/1989,1.00
4/22/1989,1.07
4/23/1989,1.12
4/24/1989,1.17
4/25/1989,1.19
4/26/1989,1.18
4/27/1989,1.26
4/28/1989,1.30
4/29/1989,1.35
4/30/1989,1.35
5/1/1989,1.44
5/2/1989,1.45
5/3/1989,1.54
5/4/1989,1.68
5/5/1989,1.77
5/6/1989,1.85
5/7/1989,1.87
5/8/1989,1.87
5/9/1989,1.83
5/10/1989,1.77
5/11/1989,1.67
5/12/1989,1.55
5/13/1989,1.43
5/14/1989,1.41
5/15/1989,1.43
5/16/1989,1.57
5/17/1989,1.67
5/18/1989,1.67
5/19/1989,1.67
5/20/1989,1.69
5/21/1989,1.72
5/22/1989,1.78
5/23/1989,1.81
5/24/1989,1.82
5/25/1989,1.98
5/26/1989,2.09
5/27/1989,2.23
5/28/1989,2.36
5/29/1989,2.27
5/30/1989,2.25
5/31/1989,2.32
6/1/1989,2.39
6/2/1989,2.44
6/3/1989,2.50
6/4/1989,2.59
6/5/1989,2.65
6/6/1989,2.71
6/7/1989,2.79
6/8/1989,2.84
6/9/1989,2.87
6/10/1989,2.87
6/11/1989,2.88
6/12/1989,2.92
6/13/1989,2.98
6/14/1989,3.12
6/15/1989,3.26
6/16/1989,3.30
6/17/1989,3.36
6/18/1989,3.49
6/19/1989,3.64
6/20/1989,3.78
6/21/1989,3.88
6/22/1989,3.93
6/23/1989,3.94
6/24/1989,3.91
6/25/1989,3.90
6/26/1989,3.90
6/27/1989,3.89
6/28/1989,3.87
6/29/1989,3.82
6/30/1989,3.79
7/1/1989,3.78
7/2/1989,3.83
7/3/1989,3.89
7/4/1989,3.99
7/5/1989,4.13
7/6/1989,4.29
7/7/1989,4.42
7/8/1989,4.51
7/9/1989,4.57
7/10/1989,4.62
7/11/1989,4.70
7/12/1989,4.80
7/13/1989,4.81
7/14/1989,4.83
7/15/1989,4.87
7/16/1989,4.90
7/17/1989,4.91
7/18/1989,4.91
7/19/1989,4.97
7/20/1989,5.00
7/21/1989,5.03
7/22/1989,5.05
7/23/1989,5.07
7/24/1989,5.04
7/25/1989,5.03
7/26/1989,4.98
7/27/1989,4.93
7/28/1989,4.86
7/29/1989,4.83
7/30/1989,5.04
7/31/1989,5.18
8/1/1989,5.26
8/2/1989,5.29
8/3/1989,5.32
8/4/1989,5.32
8/5/1989,5.30
8/6/1989,5.29
8/7/1989,5.28
8/8/1989,5.26
8/9/1989,5.24
8/10/1989,5.23
8/11/1989,5.25
8/12/1989,5.22
8/13/1989,5.17
8/14/1989,5.12
8/15/1989,5.06
8/16/1989,5.07
8/17/1989,5.08
8/18/1989,5.05
8/19/1989,5.01
8/20/1989,4.99
8/21/1989,4.99
8/22/1989,4.99
8/23/1989,4.95
8/24/1989,4.92
8/25/1989,4.89
8/26/1989,4.83
8/27/1989,4.80
8/28/1989,4.76
8/29/1989,4.75
8/30/1989,4.76
8/31/1989,4.73
9/1/1989,4.70
9/2/1989,4.71
9/3/1989,4.68
9/4/1989,4.67
9/5/1989,4.71
9/6/1989,4.77
9/7/1989,4.80
9/8/1989,4.79
9/9/1989,4.77
9/10/1989,4.75
9/11/1989,4.74
9/12/1989,4.74
9/13/1989,4.70
9/14/1989,4.74
9/15/1989,4.75
9/16/1989,4.74
9/17/1989,4.72
9/18/1989,4.69
9/19/1989,4.73
9/20/1989,4.76
9/21/1989,4.75
9/22/1989,4.74
9/23/1989,4.74
9/24/1989,4.71
9/25/1989,4.68
9/26/1989,4.65
9/27/1989,4.63
9/28/1989,4.59
9/29/1989,4.60
9/30/1989,4.58
10/1/1989,4.57
10/2/1989,4.59
10/3/1989,4.59
10/4/1989,4.57
10/5/1989,4.53
10/6/1989,4.49
10/7/1989,4.48
10/8/1989,4.42
10/9/1989,4.39
10/10/1989,4.49
10/11/1989,4.54
10/12/1989,4.54
10/13/1989,4.55
10/14/1989,4.53
10/15/1989,4.49
10/16/1989,4.47
10/17/1989,4.43
10/18/1989,4.48
10/19/1989,4.50
10/20/1989,4.49
10/21/1989,4.45
10/22/1989,4.37
10/23/1989,4.33
10/24/1989,4.24
10/25/1989,4.19
10/26/1989,4.11
10/27/1989,4.04
10/28/1989,3.97
10/29/1989,3.89
10/30/1989,3.79
10/31/1989,3.69
11/1/1989,3.58
11/2/1989,3.47
11/3/1989,3.36
11/4/1989,3.24
11/5/1989,3.10
11/6/1989,2.98
11/7/1989,2.85
11/8/1989,2.72
11/9/1989,2.58
11/10/1989,2.47
11/11/1989,2.40
11/12/1989,2.35
11/13/1989,2.30
11/14/1989,2.24
11/15/1989,2.20
11/16/1989,2.13
11/17/1989,2.07
11/18/1989,1.96
11/19/1989,1.83
11/20/1989,1.72
11/21/1989,1.62
11/22/1989,1.50
11/23/1989,1.42
11/24/1989,1.37
11/25/1989,1.33
11/26/1989,1.35
11/27/1989,1.34
11/28/1989,1.31
11/29/1989,1.29
11/30/1989,1.21
12/1/1989,1.16
12/2/1989,1.12
12/3/1989,1.12
12/4/1989,1.05
12/5/1989,0.95
12/6/1989,0.87
12/7/1989,0.80
12/8/1989,0.81
12/9/1989,0.83
12/10/1989,0.88
12/11/1989,0.92
12/12/1989,0.94
12/13/1989,0.97
12/14/1989,0.88
12/15/1989,0.96
12/16/1989,0.90
12/17/1989,0.85
12/18/1989,0.78
12/19/1989,0.72
12/20/1989,0.62
12/21/1989,0.55
12/22/1989,0.47
12/23/1989,0.48
12/24/1989,0.47
12/25/1989,0.42
12/26/1989,0.44
12/27/1989,0.42
12/28/1989,0.43
12/29/1989,0.44
12/30/1989,0.45
12/31/1989,0.47
1/1/1990,0.50
1/2/1990,0.49
1/3/1990,0.43
1/4/1990,0.37
1/5/1990,0.35
1/6/1990,0.34
1/7/1990,0.32
1/8/1990,0.31
1/9/1990,0.36
1/10/1990,0.37
1/11/1990,0.40
1/12/1990,0.47
1/13/1990,0.56
1/14/1990,0.56
1/15/1990,0.55
1/16/1990,0.53
1/17/1990,0.44
1/18/1990,0.37
1/19/1990,0.28
1/20/1990,0.23
1/21/1990,0.18
1/22/1990,0.16
1/23/1990,0.18
1/24/1990,0.22
1/25/1990,0.27
1/26/1990,0.31
1/27/1990,0.36
1/28/1990,0.46
1/29/1990,0.55
1/30/1990,0.61
1/31/1990,0.64
2/1/1990,0.61
2/2/1990,0.55
2/3/1990,0.45
2/4/1990,0.36
2/5/1990,0.24
2/6/1990,0.21
2/7/1990,0.20
2/8/1990,0.17
2/9/1990,0.28
2/10/1990,0.37
2/11/1990,0.40
2/12/1990,0.38
2/13/1990,0.43
2/14/1990,0.41
2/15/1990,0.35
2/16/1990,0.29
2/17/1990,0.21
2/18/1990,0.13
2/19/1990,0.07
2/20/1990,0.07
2/21/1990,0.10
2/22/1990,0.17
2/23/1990,0.23
2/24/1990,0.28
2/25/1990,0.35
2/26/1990,0.47
2/27/1990,0.66
2/28/1990,0.69
3/1/1990,0.66
3/2/1990,0.59
3/3/1990,0.50
3/4/1990,0.40
3/5/1990,0.31
3/6/1990,0.17
3/7/1990,0.13
3/8/1990,0.14
3/9/1990,0.19
3/10/1990,0.24
3/11/1990,0.36
3/12/1990,0.45
3/13/1990,0.48
3/14/1990,0.51
3/15/1990,0.50
3/16/1990,0.43
3/17/1990,0.32
3/18/1990,0.30
3/19/1990,0.23
3/20/1990,0.19
3/21/1990,0.19
3/22/1990,0.32
3/23/1990,0.46
3/24/1990,0.63
3/25/1990,0.80
3/26/1990,0.88
3/27/1990,0.92
3/28/1990,0.96
3/29/1990,0.99
3/30/1990,1.06
3/31/1990,0.94
4/1/1990,0.88
4/2/1990,0.78
4/3/1990,0.65
4/4/1990,0.57
4/5/1990,0.50
4/6/1990,0.47
4/7/1990,0.55
4/8/1990,0.65
4/9/1990,0.79
4/10/1990,1.01
4/11/1990,1.10
4/12/1990,1.07
4/13/1990,1.17
4/14/1990,1.23
4/15/1990,1.27
4/16/1990,1.16
4/17/1990,1.18
4/18/1990,1.13
4/19/1990,1.22
4/20/1990,1.28
4/21/1990,1.42
4/22/1990,1.54
4/23/1990,1.64
4/24/1990,1.78
4/25/1990,1.92
4/26/1990,1.94
4/27/1990,1.93
4/28/1990,2.00
4/29/1990,2.02
4/30/1990,1.95
5/1/1990,1.87
5/2/1990,1.78
5/3/1990,1.70
5/4/1990,1.68
5/5/1990,1.67
5/6/1990,1.69
5/7/1990,1.75
5/8/1990,1.80
5/9/1990,1.85
5/10/1990,1.89
5/11/1990,1.89
5/12/1990,1.87
5/13/1990,1.84
5/14/1990,1.87
5/15/1990,1.93
5/16/1990,1.92
5/17/1990,1.91
5/18/1990,1.91
5/19/1990,1.90
5/20/1990,1.96
5/21/1990,2.06
5/22/1990,2.13
5/23/1990,2.20
5/24/1990,2.27
5/25/1990,2.35
5/26/1990,2.39
5/27/1990,2.41
5/28/1990,2.48
5/29/1990,2.59
5/30/1990,2.62
5/31/1990,2.68
6/1/1990,2.76
6/2/1990,2.90
6/3/1990,3.01
6/4/1990,3.08
6/5/1990,3.17
6/6/1990,3.26
6/7/1990,3.36
6/8/1990,3.45
6/9/1990,3.61
6/10/1990,3.75
6/11/1990,3.85
6/12/1990,3.95
6/13/1990,4.05
6/14/1990,4.14
6/15/1990,4.19
6/16/1990,4.19
6/17/1990,4.18
6/18/1990,4.15
6/19/1990,4.13
6/20/1990,4.11
6/21/1990,4.10
6/22/1990,4.13
6/23/1990,4.12
6/24/1990,4.19
6/25/1990,4.25
6/26/1990,4.29
6/27/1990,4.30
6/28/1990,4.31
6/29/1990,4.29
6/30/1990,4.31
7/1/1990,4.32
7/2/1990,4.32
7/3/1990,4.31
7/4/1990,4.31
7/5/1990,4.34
7/6/1990,4.35
7/7/1990,4.35
7/8/1990,4.34
7/9/1990,4.45
7/10/1990,4.48
7/11/1990,4.51
7/12/1990,4.51
7/13/1990,4.51
7/14/1990,4.55
7/15/1990,4.55
7/16/1990,4.53
7/17/1990,4.53
7/18/1990,4.52
7/19/1990,4.53
7/20/1990,4.55
7/21/1990,4.57
7/22/1990,4.59
7/23/1990,4.63
7/24/1990,4.64
7/25/1990,4.65
7/26/1990,4.66
7/27/1990,4.69
7/28/1990,4.72
7/29/1990,4.77
7/30/1990,4.82
7/31/1990,4.86
8/1/1990,4.87
8/2/1990,4.90
8/3/1990,4.91
8/4/1990,4.88
8/5/1990,4.85
8/6/1990,4.85
8/7/1990,4.89
8/8/1990,4.86
8/9/1990,4.86
8/10/1990,4.85
8/11/1990,4.86
8/12/1990,4.92
8/13/1990,4.94
8/14/1990,4.94
8/15/1990,4.95
8/16/1990,4.94
8/17/1990,4.92
8/18/1990,4.90
8/19/1990,4.88
8/20/1990,4.86
8/21/1990,4.84
8/22/1990,4.83
8/23/1990,4.82
8/24/1990,4.78
8/25/1990,4.76
8/26/1990,4.76
8/27/1990,4.76
8/28/1990,4.76
8/29/1990,4.75
8/30/1990,4.73
8/31/1990,4.67
9/1/1990,4.64
9/2/1990,4.58
9/3/1990,4.53
9/4/1990,4.49
9/5/1990,4.45
9/6/1990,4.41
9/7/1990,4.36
9/8/1990,4.29
9/9/1990,4.24
9/10/1990,4.23
9/11/1990,4.22
9/12/1990,4.20
9/13/1990,4.15
9/14/1990,4.11
9/15/1990,4.06
9/16/1990,4.01
9/17/1990,3.99
9/18/1990,4.11
9/19/1990,4.11
9/20/1990,4.12
9/21/1990,4.12
9/22/1990,4.11
9/23/1990,4.09
9/24/1990,4.08
9/25/1990,4.08
9/26/1990,4.09
9/27/1990,4.12
9/28/1990,4.18
9/29/1990,4.38
9/30/1990,4.45
10/1/1990,4.53
10/2/1990,4.59
10/3/1990,4.61
10/4/1990,4.67
10/5/1990,4.71
10/6/1990,4.70
10/7/1990,4.68
10/8/1990,4.81
10/9/1990,4.85
10/10/1990,4.89
10/11/1990,4.91
10/12/1990,4.93
10/13/1990,4.92
10/14/1990,4.89
10/15/1990,4.85
10/16/1990,4.81
10/17/1990,4.78
10/18/1990,4.72
10/19/1990,4.64
10/20/1990,4.59
10/21/1990,4.53
10/22/1990,4.46
10/23/1990,4.35
10/24/1990,4.24
10/25/1990,4.11
10/26/1990,3.98
10/27/1990,3.86
10/28/1990,3.74
10/29/1990,3.59
10/30/1990,3.44
10/31/1990,3.31
11/1/1990,3.17
11/2/1990,3.04
11/3/1990,2.94
11/4/1990,2.87
11/5/1990,2.84
11/6/1990,2.77
11/7/1990,2.67
11/8/1990,2.55
11/9/1990,2.40
11/10/1990,2.30
11/11/1990,2.17
11/12/1990,2.07
11/13/1990,1.96
11/14/1990,1.91
11/15/1990,1.88
11/16/1990,1.80
11/17/1990,1.75
11/18/1990,1.71
11/19/1990,1.69
11/20/1990,1.61
11/21/1990,1.59
11/22/1990,1.50
11/23/1990,1.42
11/24/1990,1.37
11/25/1990,1.25
11/26/1990,1.14
11/27/1990,1.05
11/28/1990,0.99
11/29/1990,1.03
11/30/1990,1.11
12/1/1990,1.16
12/2/1990,1.17
12/3/1990,1.24
12/4/1990,1.23
12/5/1990,1.20
12/6/1990,1.17
12/7/1990,1.14
12/8/1990,1.04
12/9/1990,0.92
12/10/1990,0.85
12/11/1990,0.79
12/12/1990,0.72
12/13/1990,0.65
12/14/1990,0.67
12/15/1990,0.69
12/16/1990,0.67
12/17/1990,0.74
12/18/1990,0.73
12/19/1990,0.82
12/20/1990,0.89
12/21/1990,0.83
12/22/1990,0.78
12/23/1990,0.71
12/24/1990,0.70
12/25/1990,0.63
12/26/1990,0.59
12/27/1990,0.55
12/28/1990,0.56
12/29/1990,0.58
12/30/1990,0.65
12/31/1990,0.66
1/1/1991,0.74
1/2/1991,0.82
1/3/1991,0.91
1/4/1991,0.89
1/5/1991,0.77
1/6/1991,0.65
1/7/1991,0.56
1/8/1991,0.46
1/9/1991,0.41
1/10/1991,0.37
1/11/1991,0.31
1/12/1991,0.32
1/13/1991,0.32
1/14/1991,0.32
1/15/1991,0.33
1/16/1991,0.32
1/17/1991,0.34
1/18/1991,0.39
1/19/1991,0.45
1/20/1991,0.46
1/21/1991,0.44
1/22/1991,0.41
1/23/1991,0.34
1/24/1991,0.28
1/25/1991,0.23
1/26/1991,0.18
1/27/1991,0.14
1/28/1991,0.21
1/29/1991,0.31
1/30/1991,0.44
1/31/1991,0.50
2/1/1991,0.53
2/2/1991,0.60
2/3/1991,0.62
2/4/1991,0.58
2/5/1991,0.51
2/6/1991,0.37
2/7/1991,0.25
2/8/1991,0.18
2/9/1991,0.15
2/10/1991,0.13
2/11/1991,0.18
2/12/1991,0.23
2/13/1991,0.32
2/14/1991,0.35
2/15/1991,0.39
2/16/1991,0.43
2/17/1991,0.42
2/18/1991,0.41
2/19/1991,0.35
2/20/1991,0.30
2/21/1991,0.26
2/22/1991,0.26
2/23/1991,0.25
2/24/1991,0.18
2/25/1991,0.18
2/26/1991,0.21
2/27/1991,0.31
2/28/1991,0.29
3/1/1991,0.42
3/2/1991,0.51
3/3/1991,0.55
3/4/1991,0.52
3/5/1991,0.46
3/6/1991,0.46
3/7/1991,0.36
3/8/1991,0.26
3/9/1991,0.20
3/10/1991,0.12
3/11/1991,0.09
3/12/1991,0.14
3/13/1991,0.18
3/14/1991,0.21
3/15/1991,0.28
3/16/1991,0.35
3/17/1991,0.44
3/18/1991,0.47
3/19/1991,0.52
3/20/1991,0.55
3/21/1991,0.59
3/22/1991,0.50
3/23/1991,0.41
3/24/1991,0.27
3/25/1991,0.18
3/26/1991,0.17
3/27/1991,0.25
3/28/1991,0.37
3/29/1991,0.45
3/30/1991,0.58
3/31/1991,0.70
4/1/1991,0.86
4/2/1991,0.96
4/3/1991,1.14
4/4/1991,1.13
4/5/1991,1.07
4/6/1991,1.06
4/7/1991,0.96
4/8/1991,0.88
4/9/1991,0.81
4/10/1991,0.77
4/11/1991,0.77
4/12/1991,0.89
4/13/1991,0.97
4/14/1991,1.03
4/15/1991,1.13
4/16/1991,1.30
4/17/1991,1.38
4/18/1991,1.30
4/19/1991,1.25
4/20/1991,1.18
4/21/1991,1.08
4/22/1991,1.00
4/23/1991,0.96
4/24/1991,0.94
4/25/1991,0.96
4/26/1991,0.98
4/27/1991,1.03
4/28/1991,1.11
4/29/1991,1.14
4/30/1991,0.77
5/1/1991,1.39
5/2/1991,1.52
5/3/1991,1.65
5/4/1991,1.75
5/5/1991,1.73
5/6/1991,1.75
5/7/1991,1.84
5/8/1991,1.95
5/9/1991,2.03
5/10/1991,2.11
5/11/1991,2.26
5/12/1991,2.36
5/13/1991,2.45
5/14/1991,2.59
5/15/1991,2.74
5/16/1991,2.90
5/17/1991,3.08
5/18/1991,3.25
5/19/1991,3.42
5/20/1991,3.58
5/21/1991,3.72
5/22/1991,3.78
5/23/1991,3.82
5/24/1991,3.86
5/25/1991,3.90
5/26/1991,3.90
5/27/1991,3.91
5/28/1991,3.98
5/29/1991,4.03
5/30/1991,4.06
5/31/1991,4.07
6/1/1991,4.09
6/2/1991,4.18
6/3/1991,4.18
6/4/1991,4.21
6/5/1991,4.23
6/6/1991,4.24
6/7/1991,4.25
6/8/1991,4.25
6/9/1991,4.26
6/10/1991,4.27
6/11/1991,4.27
6/12/1991,4.25
6/13/1991,4.28
6/14/1991,4.31
6/15/1991,4.37
6/16/1991,4.44
6/17/1991,4.52
6/18/1991,4.58
6/19/1991,4.71
6/20/1991,4.77
6/21/1991,4.83
6/22/1991,4.83
6/23/1991,4.84
6/24/1991,4.88
6/25/1991,4.92
6/26/1991,4.92
6/27/1991,4.92
6/28/1991,4.91
6/29/1991,4.88
6/30/1991,4.83
7/1/1991,4.81
7/2/1991,4.78
7/3/1991,4.77
7/4/1991,4.77
7/5/1991,4.76
7/6/1991,4.80
7/7/1991,4.85
7/8/1991,4.87
7/9/1991,4.90
7/10/1991,4.90
7/11/1991,4.94
7/12/1991,4.95
7/13/1991,4.98
7/14/1991,5.00
7/15/1991,5.02
7/16/1991,5.02
7/17/1991,4.98
7/18/1991,4.97
7/19/1991,4.96
7/20/1991,4.97
7/21/1991,4.95
7/22/1991,4.91
7/23/1991,4.89
7/24/1991,4.86
7/25/1991,4.83
7/26/1991,4.78
7/27/1991,4.73
7/28/1991,4.71
7/29/1991,4.65
7/30/1991,4.60
7/31/1991,4.55
8/1/1991,4.53
8/2/1991,4.52
8/3/1991,4.53
8/4/1991,4.52
8/5/1991,4.56
8/6/1991,4.60
8/7/1991,4.64
8/8/1991,4.70
8/9/1991,4.70
8/10/1991,4.72
8/11/1991,4.76
8/12/1991,4.78
8/13/1991,4.78
8/14/1991,4.77
8/15/1991,4.76
8/16/1991,4.78
8/17/1991,4.76
8/18/1991,4.72
8/19/1991,4.68
8/20/1991,4.65
8/21/1991,4.62
8/22/1991,4.58
8/23/1991,4.57
8/24/1991,4.53
8/25/1991,4.52
8/26/1991,4.54
8/27/1991,4.54
8/28/1991,4.55
8/29/1991,4.55
8/30/1991,4.55
8/31/1991,4.56
9/1/1991,4.54
9/2/1991,4.48
9/3/1991,4.61
9/4/1991,4.76
9/5/1991,4.88
9/6/1991,4.91
9/7/1991,4.95
9/8/1991,5.01
9/9/1991,5.08
9/10/1991,5.13
9/11/1991,5.17
9/12/1991,5.22
9/13/1991,5.26
9/14/1991,5.28
9/15/1991,5.31
9/16/1991,5.30
9/17/1991,5.26
9/18/1991,5.22
9/19/1991,5.18
9/20/1991,5.15
9/21/1991,5.13
9/22/1991,5.08
9/23/1991,5.04
9/24/1991,4.99
9/25/1991,5.02
9/26/1991,5.16
9/27/1991,5.25
9/28/1991,5.25
9/29/1991,5.23
9/30/1991,5.19
10/1/1991,5.13
10/2/1991,5.07
10/3/1991,5.00
10/4/1991,4.94
10/5/1991,4.90
10/6/1991,4.87
10/7/1991,4.81
10/8/1991,4.76
10/9/1991,4.70
10/10/1991,4.64
10/11/1991,4.55
10/12/1991,4.48
10/13/1991,4.48
10/14/1991,4.52
10/15/1991,4.50
10/16/1991,4.58
10/17/1991,4.63
10/18/1991,4.63
10/19/1991,4.60
10/20/1991,4.56
10/21/1991,4.51
10/22/1991,4.45
10/23/1991,4.39
10/24/1991,4.32
10/25/1991,4.24
10/26/1991,4.17
10/27/1991,4.08
10/28/1991,3.98
10/29/1991,3.88
10/30/1991,3.76
10/31/1991,3.66
11/1/1991,3.57
11/2/1991,3.44
11/3/1991,3.32
11/4/1991,3.20
11/5/1991,3.07
11/6/1991,2.95
11/7/1991,2.83
11/8/1991,2.73
11/9/1991,2.59
11/10/1991,2.48
11/11/1991,2.36
11/12/1991,2.24
11/13/1991,2.13
11/14/1991,2.01
11/15/1991,1.90
11/16/1991,1.81
11/17/1991,1.71
11/18/1991,1.64
11/19/1991,1.60
11/20/1991,1.58
11/21/1991,1.61
11/22/1991,1.59
11/23/1991,1.55
11/24/1991,1.51
11/25/1991,1.47
11/26/1991,1.43
11/27/1991,1.37
11/28/1991,1.30
11/29/1991,1.24
11/30/1991,1.16
12/1/1991,1.10
12/2/1991,1.07
12/3/1991,1.01
12/4/1991,0.96
12/5/1991,0.98
12/6/1991,1.01
12/7/1991,1.03
12/8/1991,1.02
12/9/1991,0.99
12/10/1991,0.97
12/11/1991,0.94
12/12/1991,0.85
12/13/1991,0.78
12/14/1991,0.70
12/15/1991,0.65
12/16/1991,0.64
12/17/1991,0.62
12/18/1991,0.64
12/19/1991,0.67
12/20/1991,0.74
12/21/1991,0.82
12/22/1991,0.89
12/23/1991,0.97
12/24/1991,1.04
12/25/1991,1.09
12/26/1991,1.07
12/27/1991,1.10
12/28/1991,0.98
12/29/1991,0.83
12/30/1991,0.71
12/31/1991,0.63
1/1/1992,0.54
1/2/1992,0.48
1/3/1992,0.43
1/4/1992,0.47
1/5/1992,0.52
1/6/1992,0.60
1/7/1992,0.65
1/8/1992,0.68
1/9/1992,0.68
1/10/1992,0.65
1/11/1992,0.62
1/12/1992,0.58
1/13/1992,0.55
1/14/1992,0.47
1/15/1992,0.43
1/16/1992,0.43
1/17/1992,0.42
1/18/1992,0.45
1/19/1992,0.52
1/20/1992,0.60
1/21/1992,0.69
1/22/1992,0.77
1/23/1992,0.78
1/24/1992,0.76
1/25/1992,0.65
1/26/1992,0.51
1/27/1992,0.42
1/28/1992,0.31
1/29/1992,0.19
1/30/1992,0.17
1/31/1992,0.17
2/1/1992,0.24
2/2/1992,0.33
2/3/1992,0.43
2/4/1992,0.46
2/5/1992,0.45
2/6/1992,0.47
2/7/1992,0.48
2/8/1992,0.54
2/9/1992,0.49
2/10/1992,0.41
2/11/1992,0.32
2/12/1992,0.24
2/13/1992,0.14
2/14/1992,0.11
2/15/1992,0.27
2/16/1992,0.25
2/17/1992,0.30
2/18/1992,0.47
2/19/1992,0.59
2/20/1992,0.64
2/21/1992,0.71
2/22/1992,0.72
2/23/1992,0.64
2/24/1992,0.48
2/25/1992,0.37
2/26/1992,0.20
2/27/1992,0.05
2/28/1992,0.06
2/29/1992,0.06
3/1/1992,0.15
3/2/1992,0.26
3/3/1992,0.34
3/4/1992,0.42
3/5/1992,0.47
3/6/1992,0.53
3/7/1992,0.58
3/8/1992,0.61
3/9/1992,0.59
3/10/1992,0.52
3/11/1992,0.47
3/12/1992,0.37
3/13/1992,0.28
3/14/1992,0.21
3/15/1992,0.20
3/16/1992,0.34
3/17/1992,0.38
3/18/1992,0.54
3/19/1992,0.77
3/20/1992,0.87
3/21/1992,0.88
3/22/1992,0.86
3/23/1992,0.82
3/24/1992,0.80
3/25/1992,0.81
3/26/1992,0.80
3/27/1992,0.65
3/28/1992,0.51
3/29/1992,0.52
3/30/1992,0.60
3/31/1992,0.68
4/1/1992,0.72
4/2/1992,0.74
4/3/1992,0.83
4/4/1992,0.94
4/5/1992,0.97
4/6/1992,1.01
4/7/1992,0.98
4/8/1992,0.98
4/9/1992,0.96
4/10/1992,0.88
4/11/1992,0.81
4/12/1992,0.80
4/13/1992,0.82
4/14/1992,0.89
4/15/1992,0.97
4/16/1992,1.02
4/17/1992,1.09
4/18/1992,1.20
4/19/1992,1.24
4/20/1992,1.21
4/21/1992,1.16
4/22/1992,1.15
4/23/1992,1.18
4/24/1992,1.12
4/25/1992,1.01
4/26/1992,0.86
4/27/1992,0.78
4/28/1992,0.81
4/29/1992,0.81
4/30/1992,0.86
5/1/1992,0.93
5/2/1992,1.05
5/3/1992,1.09
5/4/1992,1.14
5/5/1992,1.21
5/6/1992,1.20
5/7/1992,1.20
5/8/1992,1.23
5/9/1992,1.20
5/10/1992,1.12
5/11/1992,1.03
5/12/1992,1.01
5/13/1992,1.02
5/14/1992,1.07
5/15/1992,1.10
5/16/1992,1.31
5/17/1992,1.53
5/18/1992,1.67
5/19/1992,1.76
5/20/1992,1.73
5/21/1992,1.76
5/22/1992,1.70
5/23/1992,1.60
5/24/1992,1.54
5/25/1992,1.51
5/26/1992,1.52
5/27/1992,1.54
5/28/1992,1.57
5/29/1992,1.66
5/30/1992,1.72
5/31/1992,1.79
6/1/1992,1.85
6/2/1992,1.87
6/3/1992,1.85
6/4/1992,1.82
6/5/1992,1.80
6/6/1992,1.76
6/7/1992,1.75
6/8/1992,1.74
6/9/1992,1.66
6/10/1992,1.62
6/11/1992,1.62
6/12/1992,1.65
6/13/1992,1.78
6/14/1992,1.90
6/15/1992,1.92
6/16/1992,1.96
6/17/1992,2.07
6/18/1992,2.30
6/19/1992,2.34
6/20/1992,2.33
6/21/1992,2.31
6/22/1992,2.33
6/23/1992,2.33
6/24/1992,2.31
6/25/1992,2.32
6/26/1992,2.34
6/27/1992,2.46
6/28/1992,2.66
6/29/1992,2.91
6/30/1992,3.13
7/1/1992,3.31
7/2/1992,3.47
7/3/1992,3.64
7/4/1992,3.71
7/5/1992,3.88
7/6/1992,4.04
7/7/1992,4.10
7/8/1992,4.18
7/9/1992,4.24
7/10/1992,4.27
7/11/1992,4.30
7/12/1992,4.34
7/13/1992,4.35
7/14/1992,4.30
7/15/1992,4.30
7/16/1992,4.37
7/17/1992,4.42
7/18/1992,4.45
7/19/1992,4.46
7/20/1992,4.44
7/21/1992,4.45
7/22/1992,4.46
7/23/1992,4.44
7/24/1992,4.40
7/25/1992,4.37
7/26/1992,4.36
7/27/1992,4.34
7/28/1992,4.36
7/29/1992,4.33
7/30/1992,4.29
7/31/1992,4.25
8/1/1992,4.23
8/2/1992,4.21
8/3/1992,4.23
8/4/1992,4.20
8/5/1992,4.14
8/6/1992,4.10
8/7/1992,4.09
8/8/1992,4.09
8/9/1992,4.09
8/10/1992,4.12
8/11/1992,4.10
8/12/1992,4.09
8/13/1992,4.05
8/14/1992,4.03
8/15/1992,4.04
8/16/1992,4.02
8/17/1992,4.01
8/18/1992,3.99
8/19/1992,3.95
8/20/1992,3.87
8/21/1992,3.80
8/22/1992,3.76
8/23/1992,3.71
8/24/1992,3.65
8/25/1992,3.59
8/26/1992,3.61
8/27/1992,3.62
8/28/1992,3.67
8/29/1992,3.71
8/30/1992,3.76
8/31/1992,3.80
9/1/1992,3.83
9/2/1992,3.86
9/3/1992,3.85
9/4/1992,3.83
9/5/1992,3.78
9/6/1992,3.76
9/7/1992,3.72
9/8/1992,3.67
9/9/1992,3.64
9/10/1992,3.61
9/11/1992,3.56
9/12/1992,3.51
9/13/1992,3.54
9/14/1992,3.60
9/15/1992,3.61
9/16/1992,3.58
9/17/1992,3.59
9/18/1992,3.61
9/19/1992,3.61
9/20/1992,3.60
9/21/1992,3.59
9/22/1992,3.58
9/23/1992,3.55
9/24/1992,3.55
9/25/1992,3.55
9/26/1992,3.52
9/27/1992,3.52
9/28/1992,3.54
9/29/1992,3.51
9/30/1992,3.53
10/1/1992,3.58
10/2/1992,3.61
10/3/1992,3.62
10/4/1992,3.62
10/5/1992,3.61
10/6/1992,3.59
10/7/1992,3.55
10/8/1992,3.50
10/9/1992,3.44
10/10/1992,3.41
10/11/1992,3.36
10/12/1992,3.31
10/13/1992,3.28
10/14/1992,3.36
10/15/1992,3.40
10/16/1992,3.42
10/17/1992,3.41
10/18/1992,3.39
10/19/1992,3.33
10/20/1992,3.29
10/21/1992,3.27
10/22/1992,3.25
10/23/1992,3.21
10/24/1992,3.20
10/25/1992,3.18
10/26/1992,3.14
10/27/1992,3.10
10/28/1992,3.06
10/29/1992,2.99
10/30/1992,2.90
10/31/1992,2.81
11/1/1992,2.71
11/2/1992,2.59
11/3/1992,2.49
11/4/1992,2.36
11/5/1992,2.26
11/6/1992,2.15
11/7/1992,2.08
11/8/1992,2.00
11/9/1992,1.94
11/10/1992,1.90
11/11/1992,1.90
11/12/1992,1.89
11/13/1992,1.83
11/14/1992,1.76
11/15/1992,1.71
11/16/1992,1.63
11/17/1992,1.54
11/18/1992,1.43
11/19/1992,1.32
11/20/1992,1.31
11/21/1992,1.34
11/22/1992,1.40
11/23/1992,1.39
11/24/1992,1.36
11/25/1992,1.34
11/26/1992,1.30
11/27/1992,1.27
11/28/1992,1.25
11/29/1992,1.20
11/30/1992,1.11
12/1/1992,1.05
12/2/1992,1.01
12/3/1992,1.01
12/4/1992,0.94
12/5/1992,0.85
12/6/1992,0.74
12/7/1992,0.69
12/8/1992,0.74
12/9/1992,0.81
12/10/1992,0.87
12/11/1992,0.90
12/12/1992,0.90
12/13/1992,0.90
12/14/1992,0.87
12/15/1992,0.82
12/16/1992,0.77
12/17/1992,0.74
12/18/1992,0.73
12/19/1992,0.70
12/20/1992,0.65
12/21/1992,0.62
12/22/1992,0.64
12/23/1992,0.64
12/24/1992,0.64
12/25/1992,0.65
12/26/1992,0.69
12/27/1992,0.70
12/28/1992,0.67
12/29/1992,0.63
12/30/1992,0.56
12/31/1992,0.43
1/1/1993,0.45
1/2/1993,0.41
1/3/1993,0.38
1/4/1993,0.39
1/5/1993,0.38
1/6/1993,0.35
1/7/1993,0.39
1/8/1993,0.48
1/9/1993,0.59
1/10/1993,0.70
1/11/1993,0.69
1/12/1993,0.70
1/13/1993,0.70
1/14/1993,0.65
1/15/1993,0.52
1/16/1993,0.44
1/17/1993,0.35
1/18/1993,0.30
1/19/1993,0.23
1/20/1993,0.19
1/21/1993,0.18
1/22/1993,0.21
1/23/1993,0.26
1/24/1993,0.29
1/25/1993,0.30
1/26/1993,0.32
1/27/1993,0.30
1/28/1993,0.27
1/29/1993,0.25
1/30/1993,0.22
1/31/1993,0.20
2/1/1993,0.19
2/2/1993,0.13
2/3/1993,0.09
2/4/1993,0.07
2/5/1993,0.13
2/6/1993,0.22
2/7/1993,0.34
2/8/1993,0.48
2/9/1993,0.56
2/10/1993,0.59
2/11/1993,0.56
2/12/1993,0.47
2/13/1993,0.38
2/14/1993,0.35
2/15/1993,0.37
2/16/1993,0.34
2/17/1993,0.41
2/18/1993,0.54
2/19/1993,0.81
2/20/1993,0.99
2/21/1993,1.03
2/22/1993,1.11
2/23/1993,1.06
2/24/1993,0.99
2/25/1993,0.88
2/26/1993,0.87
2/27/1993,0.82
2/28/1993,0.74
3/1/1993,0.66
3/2/1993,0.56
3/3/1993,0.47
3/4/1993,0.42
3/5/1993,0.43
3/6/1993,0.49
3/7/1993,0.59
3/8/1993,0.67
3/9/1993,0.76
3/10/1993,0.81
3/11/1993,0.86
3/12/1993,0.79
3/13/1993,0.72
3/14/1993,0.67
3/15/1993,0.66
3/16/1993,0.58
3/17/1993,0.44
3/18/1993,0.37
3/19/1993,0.35
3/20/1993,0.44
3/21/1993,0.51
3/22/1993,0.73
3/23/1993,0.80
3/24/1993,0.95
3/25/1993,0.94
3/26/1993,0.89
3/27/1993,0.94
3/28/1993,0.92
3/29/1993,0.82
3/30/1993,0.70
3/31/1993,0.59
4/1/1993,0.52
4/2/1993,0.48
4/3/1993,0.48
4/4/1993,0.55
4/5/1993,0.70
4/6/1993,0.83
4/7/1993,0.95
4/8/1993,1.04
4/9/1993,0.95
4/10/1993,0.96
4/11/1993,0.96
4/12/1993,0.96
4/13/1993,0.94
4/14/1993,0.76
4/15/1993,0.64
4/16/1993,0.58
4/17/1993,0.62
4/18/1993,0.72
4/19/1993,0.78
4/20/1993,0.81
4/21/1993,0.82
4/22/1993,0.80
4/23/1993,0.87
4/24/1993,0.99
4/25/1993,1.04
4/26/1993,1.05
4/27/1993,1.05
4/28/1993,1.07
4/29/1993,1.12
4/30/1993,1.07
5/1/1993,1.15
5/2/1993,1.25
5/3/1993,1.38
5/4/1993,1.65
5/5/1993,1.87
5/6/1993,1.97
5/7/1993,2.03
5/8/1993,2.07
5/9/1993,2.06
5/10/1993,2.06
5/11/1993,2.08
5/12/1993,2.12
5/13/1993,2.12
5/14/1993,2.11
5/15/1993,2.05
5/16/1993,2.09
5/17/1993,2.18
5/18/1993,2.34
5/19/1993,2.43
5/20/1993,2.53
5/21/1993,2.64
5/22/1993,2.74
5/23/1993,2.81
5/24/1993,2.87
5/25/1993,2.92
5/26/1993,2.96
5/27/1993,2.96
5/28/1993,2.95
5/29/1993,2.91
5/30/1993,2.87
5/31/1993,2.85
6/1/1993,2.87
6/2/1993,2.89
6/3/1993,2.91
6/4/1993,2.93
6/5/1993,2.98
6/6/1993,3.13
6/7/1993,3.26
6/8/1993,3.36
6/9/1993,3.48
6/10/1993,3.55
6/11/1993,3.74
6/12/1993,3.90
6/13/1993,4.06
6/14/1993,4.17
6/15/1993,4.27
6/16/1993,4.33
6/17/1993,4.42
6/18/1993,4.49
6/19/1993,4.47
6/20/1993,4.70
6/21/1993,4.83
6/22/1993,4.94
6/23/1993,5.01
6/24/1993,5.04
6/25/1993,5.05
6/26/1993,5.05
6/27/1993,5.05
6/28/1993,5.03
6/29/1993,4.99
6/30/1993,5.01
7/1/1993,5.01
7/2/1993,5.06
7/3/1993,5.10
7/4/1993,5.13
7/5/1993,5.15
7/6/1993,5.17
7/7/1993,5.28
7/8/1993,5.32
7/9/1993,5.33
7/10/1993,5.33
7/11/1993,5.31
7/12/1993,5.27
7/13/1993,5.25
7/14/1993,5.23
7/15/1993,5.17
7/16/1993,5.11
7/17/1993,5.05
7/18/1993,4.96
7/19/1993,4.96
7/20/1993,4.98
7/21/1993,5.30
7/22/1993,5.54
7/23/1993,5.70
7/24/1993,5.78
7/25/1993,5.83
7/26/1993,5.84
7/27/1993,5.83
7/28/1993,5.80
7/29/1993,5.77
7/30/1993,5.67
7/31/1993,5.63
8/1/1993,5.60
8/2/1993,5.56
8/3/1993,5.47
8/4/1993,5.42
8/5/1993,5.35
8/6/1993,5.33
8/7/1993,5.32
8/8/1993,5.40
8/9/1993,5.42
8/10/1993,5.46
8/11/1993,5.46
8/12/1993,5.42
8/13/1993,5.37
8/14/1993,5.34
8/15/1993,5.30
8/16/1993,5.26
8/17/1993,5.21
8/18/1993,5.19
8/19/1993,5.15
8/20/1993,5.12
8/21/1993,5.10
8/22/1993,5.08
8/23/1993,5.09
8/24/1993,5.14
8/25/1993,5.16
8/26/1993,5.14
8/27/1993,5.09
8/28/1993,5.10
8/29/1993,5.11
8/30/1993,5.13
8/31/1993,5.15
9/1/1993,5.15
9/2/1993,5.14
9/3/1993,5.18
9/4/1993,5.21
9/5/1993,5.21
9/6/1993,5.23
9/7/1993,5.20
9/8/1993,5.15
9/9/1993,5.10
9/10/1993,5.06
9/11/1993,5.01
9/12/1993,4.96
9/13/1993,4.90
9/14/1993,4.85
9/15/1993,4.79
9/16/1993,4.77
9/17/1993,4.75
9/18/1993,4.73
9/19/1993,4.70
9/20/1993,4.63
9/21/1993,4.59
9/22/1993,4.54
9/23/1993,4.49
9/24/1993,4.44
9/25/1993,4.41
9/26/1993,4.35
9/27/1993,4.34
9/28/1993,4.35
9/29/1993,4.43
9/30/1993,4.49
10/1/1993,4.49
10/2/1993,4.50
10/3/1993,4.52
10/4/1993,4.55
10/5/1993,4.56
10/6/1993,4.55
10/7/1993,4.52
10/8/1993,4.48
10/9/1993,4.44
10/10/1993,4.39
10/11/1993,4.32
10/12/1993,4.26
10/13/1993,4.20
10/14/1993,4.19
10/15/1993,4.15
10/16/1993,4.10
10/17/1993,4.04
10/18/1993,3.97
10/19/1993,3.90
10/20/1993,3.83
10/21/1993,3.74
10/22/1993,3.62
10/23/1993,3.51
10/24/1993,3.39
10/25/1993,3.26
10/26/1993,3.13
10/27/1993,3.01
10/28/1993,2.90
10/29/1993,2.79
10/30/1993,2.68
10/31/1993,2.60
11/1/1993,2.52
11/2/1993,2.43
11/3/1993,2.35
11/4/1993,2.26
11/5/1993,2.16
11/6/1993,2.05
11/7/1993,1.94
11/8/1993,1.82
11/9/1993,1.75
11/10/1993,1.68
11/11/1993,1.66
11/12/1993,1.66
11/13/1993,1.71
11/14/1993,1.76
11/15/1993,1.78
11/16/1993,1.76
11/17/1993,1.72
11/18/1993,1.64
11/19/1993,1.50
11/20/1993,1.39
11/21/1993,1.25
11/22/1993,1.16
11/23/1993,1.11
11/24/1993,1.09
11/25/1993,1.07
11/26/1993,1.06
11/27/1993,1.11
11/28/1993,1.16
11/29/1993,1.21
11/30/1993,1.24
12/1/1993,1.27
12/2/1993,1.26
12/3/1993,1.24
12/4/1993,1.19
12/5/1993,1.13
12/6/1993,1.07
12/7/1993,1.02
12/8/1993,0.95
12/9/1993,0.94
12/10/1993,0.89
12/11/1993,0.91
12/12/1993,0.96
12/13/1993,1.00
12/14/1993,1.01
12/15/1993,0.98
12/16/1993,0.95
12/17/1993,0.89
12/18/1993,0.78
12/19/1993,0.77
12/20/1993,0.71
12/21/1993,0.65
12/22/1993,0.60
12/23/1993,0.50
12/24/1993,0.41
12/25/1993,0.40
12/26/1993,0.43
12/27/1993,0.58
12/28/1993,0.62
12/29/1993,0.67
12/30/1993,0.65
12/31/1993,0.67
1/1/1994,0.66
1/2/1994,0.68
1/3/1994,0.65
1/4/1994,0.60
1/5/1994,0.53
1/6/1994,0.49
1/7/1994,0.44
1/8/1994,0.36
1/9/1994,0.33
1/10/1994,0.31
1/11/1994,0.36
1/12/1994,0.43
1/13/1994,0.49
1/14/1994,0.49
1/15/1994,0.51
1/16/1994,0.52
1/17/1994,0.52
1/18/1994,0.32
1/19/1994,0.20
1/20/1994,0.16
1/21/1994,0.07
1/22/1994,0.02
1/23/1994,-0.03
1/24/1994,0.00
1/25/1994,0.03
1/26/1994,0.15
1/27/1994,0.26
1/28/1994,0.36
1/29/1994,0.48
1/30/1994,0.54
1/31/1994,0.56
2/1/1994,0.54
2/2/1994,0.42
2/3/1994,0.30
2/4/1994,0.23
2/5/1994,0.16
2/6/1994,0.07
2/7/1994,0.05
2/8/1994,0.07
2/9/1994,0.18
2/10/1994,0.32
2/11/1994,0.32
2/12/1994,0.38
2/13/1994,0.39
2/14/1994,0.37
2/15/1994,0.30
2/16/1994,0.24
2/17/1994,0.19
2/18/1994,0.17
2/19/1994,0.13
2/20/1994,0.08
2/21/1994,0.09
2/22/1994,0.10
2/23/1994,0.15
2/24/1994,0.15
2/25/1994,0.19
2/26/1994,0.31
2/27/1994,0.43
2/28/1994,0.54
3/1/1994,0.59
3/2/1994,0.54
3/3/1994,0.43
3/4/1994,0.31
3/5/1994,0.26
3/6/1994,0.24
3/7/1994,0.20
3/8/1994,0.16
3/9/1994,0.14
3/10/1994,0.13
3/11/1994,0.16
3/12/1994,0.32
3/13/1994,0.39
3/14/1994,0.51
3/15/1994,0.56
3/16/1994,0.64
3/17/1994,0.66
3/18/1994,0.70
3/19/1994,0.65
3/20/1994,0.61
3/21/1994,0.58
3/22/1994,0.66
3/23/1994,0.66
3/24/1994,0.66
3/25/1994,0.75
3/26/1994,1.00
3/27/1994,1.31
3/28/1994,1.53
3/29/1994,1.65
3/30/1994,1.75
3/31/1994,1.80
4/1/1994,1.84
4/2/1994,1.87
4/3/1994,1.77
4/4/1994,1.64
4/5/1994,1.51
4/6/1994,1.44
4/7/1994,1.44
4/8/1994,1.47
4/9/1994,1.49
4/10/1994,1.49
4/11/1994,1.49
4/12/1994,1.50
4/13/1994,1.49
4/14/1994,1.44
4/15/1994,1.41
4/16/1994,1.39
4/17/1994,1.34
4/18/1994,1.24
4/19/1994,1.27
4/20/1994,1.21
4/21/1994,1.19
4/22/1994,1.28
4/23/1994,1.30
4/24/1994,1.35
4/25/1994,1.44
4/26/1994,1.53
4/27/1994,1.59
4/28/1994,1.59
4/29/1994,1.58
4/30/1994,1.50
5/1/1994,1.40
5/2/1994,1.29
5/3/1994,1.15
5/4/1994,1.27
5/5/1994,1.36
5/6/1994,1.37
5/7/1994,1.35
5/8/1994,1.36
5/9/1994,1.35
5/10/1994,1.39
5/11/1994,1.42
5/12/1994,1.47
5/13/1994,1.48
5/14/1994,1.49
5/15/1994,1.53
5/16/1994,1.58
5/17/1994,1.62
5/18/1994,1.59
5/19/1994,1.51
5/20/1994,1.44
5/21/1994,1.43
5/22/1994,1.47
5/23/1994,1.57
5/24/1994,1.69
5/25/1994,1.78
5/26/1994,1.85
5/27/1994,1.86
5/28/1994,1.84
5/29/1994,1.81
5/30/1994,1.79
5/31/1994,1.75
6/1/1994,1.72
6/2/1994,1.70
6/3/1994,1.74
6/4/1994,1.88
6/5/1994,1.99
6/6/1994,2.07
6/7/1994,2.21
6/8/1994,2.37
6/9/1994,2.54
6/10/1994,2.71
6/11/1994,2.87
6/12/1994,3.01
6/13/1994,3.11
6/14/1994,3.22
6/15/1994,3.31
6/16/1994,3.37
6/17/1994,3.42
6/18/1994,3.39
6/19/1994,3.40
6/20/1994,3.43
6/21/1994,3.45
6/22/1994,3.49
6/23/1994,3.53
6/24/1994,3.56
6/25/1994,3.59
6/26/1994,3.61
6/27/1994,3.62
6/28/1994,3.67
6/29/1994,3.72
6/30/1994,3.73
7/1/1994,3.72
7/2/1994,3.73
7/3/1994,3.75
7/4/1994,3.77
7/5/1994,3.73
7/6/1994,3.72
7/7/1994,3.72
7/8/1994,3.77
7/9/1994,3.83
7/10/1994,3.88
7/11/1994,3.91
7/12/1994,3.95
7/13/1994,3.99
7/14/1994,4.00
7/15/1994,3.99
7/16/1994,3.98
7/17/1994,3.93
7/18/1994,3.90
7/19/1994,3.85
7/20/1994,3.80
7/21/1994,3.76
7/22/1994,3.73
7/23/1994,3.68
7/24/1994,3.65
7/25/1994,3.65
7/26/1994,3.68
7/27/1994,3.76
7/28/1994,3.83
7/29/1994,3.86
7/30/1994,3.87
7/31/1994,3.89
8/1/1994,3.87
8/2/1994,3.89
8/3/1994,3.89
8/4/1994,3.90
8/5/1994,3.90
8/6/1994,3.93
8/7/1994,3.95
8/8/1994,3.96
8/9/1994,4.00
8/10/1994,4.04
8/11/1994,4.08
8/12/1994,4.12
8/13/1994,4.13
8/14/1994,4.16
8/15/1994,4.26
8/16/1994,4.31
8/17/1994,4.36
8/18/1994,4.41
8/19/1994,4.46
8/20/1994,4.47
8/21/1994,4.49
8/22/1994,4.47
8/23/1994,4.50
8/24/1994,4.54
8/25/1994,4.57
8/26/1994,4.57
8/27/1994,4.58
8/28/1994,4.57
8/29/1994,4.55
8/30/1994,4.51
8/31/1994,4.49
9/1/1994,4.45
9/2/1994,4.43
9/3/1994,4.41
9/4/1994,4.38
9/5/1994,4.33
9/6/1994,4.29
9/7/1994,4.26
9/8/1994,4.22
9/9/1994,4.20
9/10/1994,4.17
9/11/1994,4.10
9/12/1994,4.04
9/13/1994,3.99
9/14/1994,3.89
9/15/1994,3.83
9/16/1994,3.79
9/17/1994,3.76
9/18/1994,3.74
9/19/1994,3.72
9/20/1994,3.71
9/21/1994,3.72
9/22/1994,3.72
9/23/1994,3.71
9/24/1994,3.70
9/25/1994,3.69
9/26/1994,3.66
9/27/1994,3.63
9/28/1994,3.58
9/29/1994,3.51
9/30/1994,3.43
10/1/1994,3.35
10/2/1994,3.26
10/3/1994,3.20
10/4/1994,3.22
10/5/1994,3.23
10/6/1994,3.22
10/7/1994,3.17
10/8/1994,3.17
10/9/1994,3.18
10/10/1994,3.12
10/11/1994,3.08
10/12/1994,3.04
10/13/1994,3.02
10/14/1994,3.01
10/15/1994,3.00
10/16/1994,2.99
10/17/1994,2.96
10/18/1994,2.94
10/19/1994,2.92
10/20/1994,2.89
10/21/1994,2.85
10/22/1994,2.79
10/23/1994,2.71
10/24/1994,2.62
10/25/1994,2.53
10/26/1994,2.42
10/27/1994,2.31
10/28/1994,2.18
10/29/1994,2.05
10/30/1994,1.94
10/31/1994,1.86
11/1/1994,1.82
11/2/1994,1.81
11/3/1994,1.85
11/4/1994,1.84
11/5/1994,1.88
11/6/1994,1.89
11/7/1994,1.82
11/8/1994,1.72
11/9/1994,1.57
11/10/1994,1.43
11/11/1994,1.30
11/12/1994,1.19
11/13/1994,1.12
11/14/1994,1.06
11/15/1994,1.03
11/16/1994,1.04
11/17/1994,1.06
11/18/1994,1.08
11/19/1994,1.09
11/20/1994,1.07
11/21/1994,1.06
11/22/1994,1.02
11/23/1994,0.94
11/24/1994,0.83
11/25/1994,0.68
11/26/1994,0.67
11/27/1994,0.70
11/28/1994,0.75
11/29/1994,0.77
11/30/1994,0.82
12/1/1994,0.88
12/2/1994,0.95
12/3/1994,1.00
12/4/1994,1.06
12/5/1994,1.08
12/6/1994,1.03
12/7/1994,0.93
12/8/1994,0.84
12/9/1994,0.74
12/10/1994,0.65
12/11/1994,0.58
12/12/1994,0.50
12/13/1994,0.37
12/14/1994,0.31
12/15/1994,0.38
12/16/1994,0.48
12/17/1994,0.54
12/18/1994,0.59
12/19/1994,0.65
12/20/1994,0.66
12/21/1994,0.63
12/22/1994,0.60
12/23/1994,0.56
12/24/1994,0.51
12/25/1994,0.47
12/26/1994,0.42
12/27/1994,0.36
12/28/1994,0.35
12/29/1994,0.36
12/30/1994,0.37
12/31/1994,0.43
1/1/1995,0.53
1/2/1995,0.58
1/3/1995,0.59
1/4/1995,0.58
1/5/1995,0.51
1/6/1995,0.45
1/7/1995,0.36
1/8/1995,0.28
1/9/1995,0.20
1/10/1995,0.10
1/11/1995,0.06
1/12/1995,0.03
1/13/1995,0.02
1/14/1995,0.01
1/15/1995,-0.03
1/16/1995,0.07
1/17/1995,0.22
1/18/1995,0.24
1/19/1995,0.23
1/20/1995,0.25
1/21/1995,0.28
1/22/1995,0.34
1/23/1995,0.29
1/24/1995,0.19
1/25/1995,0.08
1/26/1995,-0.03
1/27/1995,-0.07
1/28/1995,-0.08
1/29/1995,-0.01
1/30/1995,0.11
1/31/1995,0.22
2/1/1995,0.28
2/2/1995,0.34
2/3/1995,0.36
2/4/1995,0.31
2/5/1995,0.25
2/6/1995,0.18
2/7/1995,0.14
2/8/1995,0.08
2/9/1995,0.03
2/10/1995,0.01
2/11/1995,0.04
2/12/1995,0.06
2/13/1995,0.11
2/14/1995,0.23
2/15/1995,0.29
2/16/1995,0.38
2/17/1995,0.45
2/18/1995,0.48
2/19/1995,0.53
2/20/1995,0.50
2/21/1995,0.46
2/22/1995,0.36
2/23/1995,0.28
2/24/1995,0.23
2/25/1995,0.14
2/26/1995,0.08
2/27/1995,0.14
2/28/1995,0.23
3/1/1995,0.41
3/2/1995,0.52
3/3/1995,0.55
3/4/1995,0.51
3/5/1995,0.47
3/6/1995,0.40
3/7/1995,0.30
3/8/1995,0.15
3/9/1995,0.04
3/10/1995,0.03
3/11/1995,-0.06
3/12/1995,-0.06
3/13/1995,0.02
3/14/1995,0.04
3/15/1995,0.13
3/16/1995,0.32
3/17/1995,0.53
3/18/1995,0.66
3/19/1995,0.68
3/20/1995,0.57
3/21/1995,0.57
3/22/1995,0.51
3/23/1995,0.46
3/24/1995,0.37
3/25/1995,0.32
3/26/1995,0.33
3/27/1995,0.33
3/28/1995,0.38
3/29/1995,0.47
3/30/1995,0.58
3/31/1995,0.76
4/1/1995,
4/2/1995,
4/3/1995,
4/4/1995,
4/5/1995,
4/6/1995,
4/7/1995,
4/8/1995,
4/9/1995,
4/10/1995,
4/11/1995,
4/12/1995,
4/13/1995,
4/14/1995,
4/15/1995,
4/16/1995,
4/17/1995,
4/18/1995,
4/19/1995,
4/20/1995,
4/21/1995,
4/22/1995,
4/23/1995,
4/24/1995,
4/25/1995,
4/26/1995,
4/27/1995,
4/28/1995,
4/29/1995,
4/30/1995,
5/1/1995,
5/2/1995,
5/3/1995,
5/4/1995,
5/5/1995,
5/6/1995,
5/7/1995,
5/8/1995,
5/9/1995,
5/10/1995,
5/11/1995,
5/12/1995,
5/13/1995,
5/14/1995,
5/15/1995,
5/16/1995,
5/17/1995,
5/18/1995,
5/19/1995,
5/20/1995,
5/21/1995,
5/22/1995,
5/23/1995,
5/24/1995,
5/25/1995,
5/26/1995,
5/27/1995,
5/28/1995,
5/29/1995,
5/30/1995,
5/31/1995,
6/1/1995,
6/2/1995,
6/3/1995,
6/4/1995,
6/5/1995,
6/6/1995,
6/7/1995,
6/8/1995,
6/9/1995,
6/10/1995,
6/11/1995,
6/12/1995,
6/13/1995,
6/14/1995,
6/15/1995,
6/16/1995,
6/17/1995,
6/18/1995,
6/19/1995,
6/20/1995,
6/21/1995,
6/22/1995,
6/23/1995,
6/24/1995,
6/25/1995,
6/26/1995,
6/27/1995,
6/28/1995,
6/29/1995,
6/30/1995,
7/1/1995,
7/2/1995,
7/3/1995,
7/4/1995,
7/5/1995,
7/6/1995,
7/7/1995,
7/8/1995,
7/9/1995,
7/10/1995,
7/11/1995,
7/12/1995,
7/13/1995,
7/14/1995,
7/15/1995,
7/16/1995,
7/17/1995,
7/18/1995,
7/19/1995,
7/20/1995,
7/21/1995,
7/22/1995,
7/23/1995,
7/24/1995,
7/25/1995,
7/26/1995,
7/27/1995,
7/28/1995,
7/29/1995,
7/30/1995,
7/31/1995,
8/1/1995,
8/2/1995,
8/3/1995,
8/4/1995,
8/5/1995,
8/6/1995,
8/7/1995,
8/8/1995,
8/9/1995,
8/10/1995,
8/11/1995,
8/12/1995,
8/13/1995,
8/14/1995,
8/15/1995,
8/16/1995,
8/17/1995,
8/18/1995,
8/19/1995,
8/20/1995,
8/21/1995,
8/22/1995,
8/23/1995,
8/24/1995,
8/25/1995,
8/26/1995,
8/27/1995,
8/28/1995,
8/29/1995,
8/30/1995,
8/31/1995,
9/1/1995,
9/2/1995,
9/3/1995,
9/4/1995,
9/5/1995,
9/6/1995,
9/7/1995,
9/8/1995,
9/9/1995,
9/10/1995,
9/11/1995,
9/12/1995,
9/13/1995,
9/14/1995,
9/15/1995,
9/16/1995,
9/17/1995,
9/18/1995,
9/19/1995,
9/20/1995,
9/21/1995,
9/22/1995,
9/23/1995,
9/24/1995,
9/25/1995,
9/26/1995,
9/27/1995,
9/28/1995,
9/29/1995,
9/30/1995,
10/1/1995,
10/2/1995,
10/3/1995,
10/4/1995,
10/5/1995,
10/6/1995,
10/7/1995,
10/8/1995,
10/9/1995,
10/10/1995,
10/11/1995,
10/12/1995,
10/13/1995,
10/14/1995,
10/15/1995,
10/16/1995,
10/17/1995,
10/18/1995,
10/19/1995,
10/20/1995,
10/21/1995,
10/22/1995,
10/23/1995,
10/24/1995,
10/25/1995,
10/26/1995,
10/27/1995,
10/28/1995,
10/29/1995,
10/30/1995,
10/31/1995,
11/1/1995,
11/2/1995,
11/3/1995,
11/4/1995,
11/5/1995,
11/6/1995,
11/7/1995,
11/8/1995,
11/9/1995,
11/10/1995,
11/11/1995,
11/12/1995,
11/13/1995,
11/14/1995,
11/15/1995,
11/16/1995,
11/17/1995,
11/18/1995,
11/19/1995,
11/20/1995,
11/21/1995,
11/22/1995,
11/23/1995,
11/24/1995,
11/25/1995,
11/26/1995,
11/27/1995,
11/28/1995,
11/29/1995,
11/30/1995,
12/1/1995,
12/2/1995,
12/3/1995,
12/4/1995,
12/5/1995,
12/6/1995,
12/7/1995,
12/8/1995,
12/9/1995,
12/10/1995,
12/11/1995,
12/12/1995,
12/13/1995,
12/14/1995,
12/15/1995,
12/16/1995,
12/17/1995,
12/18/1995,
12/19/1995,
12/20/1995,
12/21/1995,
12/22/1995,
12/23/1995,
12/24/1995,
12/25/1995,
12/26/1995,
12/27/1995,
12/28/1995,
12/29/1995,
12/30/1995,
12/31/1995,
1/1/1996,0.53
1/2/1996,0.48
1/3/1996,0.47
1/4/1996,0.51
1/5/1996,0.55
1/6/1996,0.58
1/7/1996,0.59
1/8/1996,0.60
1/9/1996,0.58
1/10/1996,0.58
1/11/1996,0.49
1/12/1996,0.44
1/13/1996,0.44
1/14/1996,0.36
1/15/1996,0.34
1/16/1996,0.26
1/17/1996,0.34
1/18/1996,0.30
1/19/1996,0.41
1/20/1996,0.46
1/21/1996,0.54
1/22/1996,0.56
1/23/1996,0.52
1/24/1996,0.50
1/25/1996,0.50
1/26/1996,0.46
1/27/1996,0.37
1/28/1996,0.22
1/29/1996,0.11
1/30/1996,0.06
1/31/1996,-0.01
2/1/1996,0.03
2/2/1996,0.13
2/3/1996,0.21
2/4/1996,0.30
2/5/1996,0.36
2/6/1996,0.44
2/7/1996,0.55
2/8/1996,0.56
2/9/1996,0.55
2/10/1996,0.49
2/11/1996,0.47
2/12/1996,0.35
2/13/1996,0.23
2/14/1996,0.12
2/15/1996,0.12
2/16/1996,0.15
2/17/1996,0.23
2/18/1996,0.32
2/19/1996,0.42
2/20/1996,0.56
2/21/1996,0.61
2/22/1996,0.69
2/23/1996,0.71
2/24/1996,0.71
2/25/1996,0.59
2/26/1996,0.48
2/27/1996,0.30
2/28/1996,0.18
2/29/1996,0.07
3/1/1996,0.03
3/2/1996,0.02
3/3/1996,0.12
3/4/1996,0.24
3/5/1996,0.32
3/6/1996,0.41
3/7/1996,0.49
3/8/1996,0.49
3/9/1996,0.54
3/10/1996,0.57
3/11/1996,0.52
3/12/1996,0.51
3/13/1996,0.56
3/14/1996,0.65
3/15/1996,0.73
3/16/1996,0.83
3/17/1996,0.92
3/18/1996,1.03
3/19/1996,1.10
3/20/1996,1.14
3/21/1996,1.14
3/22/1996,1.11
3/23/1996,1.04
3/24/1996,0.99
3/25/1996,0.90
3/26/1996,0.85
3/27/1996,0.87
3/28/1996,0.77
3/29/1996,0.89
3/30/1996,0.93
3/31/1996,1.10
4/1/1996,1.22
4/2/1996,1.29
4/3/1996,1.34
4/4/1996,1.39
4/5/1996,1.45
4/6/1996,1.45
4/7/1996,1.44
4/8/1996,1.40
4/9/1996,1.40
4/10/1996,1.32
4/11/1996,1.24
4/12/1996,1.07
4/13/1996,0.98
4/14/1996,1.00
4/15/1996,1.00
4/16/1996,1.06
4/17/1996,1.11
4/18/1996,1.18
4/19/1996,1.25
4/20/1996,1.28
4/21/1996,1.31
4/22/1996,1.28
4/23/1996,1.22
4/24/1996,1.23
4/25/1996,1.21
4/26/1996,1.13
4/27/1996,1.01
4/28/1996,0.97
4/29/1996,0.95
4/30/1996,1.20
5/1/1996,1.39
5/2/1996,1.52
5/3/1996,1.66
5/4/1996,1.76
5/5/1996,1.83
5/6/1996,1.91
5/7/1996,1.97
5/8/1996,1.92
5/9/1996,1.90
5/10/1996,1.95
5/11/1996,1.98
5/12/1996,1.96
5/13/1996,1.93
5/14/1996,2.04
5/15/1996,2.16
5/16/1996,2.25
5/17/1996,2.35
5/18/1996,2.42
5/19/1996,2.48
5/20/1996,2.49
5/21/1996,2.47
5/22/1996,2.42
5/23/1996,2.37
5/24/1996,2.32
5/25/1996,2.27
5/26/1996,2.22
5/27/1996,2.17
5/28/1996,2.20
5/29/1996,2.30
5/30/1996,2.40
5/31/1996,2.49
6/1/1996,2.54
6/2/1996,2.60
6/3/1996,2.75
6/4/1996,2.91
6/5/1996,3.01
6/6/1996,3.10
6/7/1996,3.17
6/8/1996,3.20
6/9/1996,3.19
6/10/1996,3.17
6/11/1996,3.14
6/12/1996,3.10
6/13/1996,3.07
6/14/1996,3.05
6/15/1996,3.00
6/16/1996,2.97
6/17/1996,2.97
6/18/1996,2.96
6/19/1996,2.93
6/20/1996,2.89
6/21/1996,2.90
6/22/1996,2.88
6/23/1996,2.91
6/24/1996,2.92
6/25/1996,2.87
6/26/1996,2.81
6/27/1996,2.80
6/28/1996,2.83
6/29/1996,2.92
6/30/1996,3.11
7/1/1996,3.31
7/2/1996,3.51
7/3/1996,3.74
7/4/1996,3.92
7/5/1996,4.03
7/6/1996,4.15
7/7/1996,4.23
7/8/1996,4.32
7/9/1996,4.36
7/10/1996,4.39
7/11/1996,4.45
7/12/1996,4.56
7/13/1996,4.76
7/14/1996,4.84
7/15/1996,4.92
7/16/1996,5.00
7/17/1996,5.07
7/18/1996,5.14
7/19/1996,5.19
7/20/1996,5.26
7/21/1996,5.33
7/22/1996,5.37
7/23/1996,5.38
7/24/1996,5.40
7/25/1996,5.37
7/26/1996,5.33
7/27/1996,5.31
7/28/1996,5.28
7/29/1996,5.28
7/30/1996,5.29
7/31/1996,5.28
8/1/1996,5.24
8/2/1996,5.23
8/3/1996,5.18
8/4/1996,5.12
8/5/1996,5.08
8/6/1996,5.01
8/7/1996,4.96
8/8/1996,4.91
8/9/1996,4.86
8/10/1996,4.81
8/11/1996,4.76
8/12/1996,4.72
8/13/1996,4.73
8/14/1996,4.72
8/15/1996,4.70
8/16/1996,4.70
8/17/1996,4.70
8/18/1996,4.72
8/19/1996,4.77
8/20/1996,4.78
8/21/1996,4.80
8/22/1996,4.85
8/23/1996,4.87
8/24/1996,4.89
8/25/1996,4.90
8/26/1996,4.88
8/27/1996,4.88
8/28/1996,4.86
8/29/1996,4.85
8/30/1996,4.89
8/31/1996,4.94
9/1/1996,5.01
9/2/1996,5.08
9/3/1996,5.10
9/4/1996,5.10
9/5/1996,5.10
9/6/1996,5.09
9/7/1996,5.10
9/8/1996,5.10
9/9/1996,5.09
9/10/1996,5.05
9/11/1996,5.01
9/12/1996,4.98
9/13/1996,4.95
9/14/1996,4.91
9/15/1996,4.88
9/16/1996,4.82
9/17/1996,4.76
9/18/1996,4.71
9/19/1996,4.67
9/20/1996,4.64
9/21/1996,4.61
9/22/1996,4.55
9/23/1996,4.52
9/24/1996,4.46
9/25/1996,4.40
9/26/1996,4.33
9/27/1996,4.29
9/28/1996,4.28
9/29/1996,4.25
9/30/1996,4.19
10/1/1996,4.13
10/2/1996,4.05
10/3/1996,3.99
10/4/1996,3.93
10/5/1996,3.86
10/6/1996,3.85
10/7/1996,3.87
10/8/1996,3.84
10/9/1996,3.75
10/10/1996,3.72
10/11/1996,3.68
10/12/1996,3.64
10/13/1996,3.60
10/14/1996,3.56
10/15/1996,3.53
10/16/1996,3.48
10/17/1996,3.41
10/18/1996,3.35
10/19/1996,3.24
10/20/1996,3.13
10/21/1996,3.03
10/22/1996,2.91
10/23/1996,2.78
10/24/1996,2.69
10/25/1996,2.59
10/26/1996,2.55
10/27/1996,2.54
10/28/1996,2.56
10/29/1996,2.90
10/30/1996,3.02
10/31/1996,2.92
11/1/1996,2.79
11/2/1996,2.71
11/3/1996,2.64
11/4/1996,2.62
11/5/1996,2.60
11/6/1996,2.59
11/7/1996,2.59
11/8/1996,2.59
11/9/1996,2.58
11/10/1996,2.56
11/11/1996,2.54
11/12/1996,2.52
11/13/1996,2.47
11/14/1996,2.41
11/15/1996,2.34
11/16/1996,2.26
11/17/1996,2.17
11/18/1996,2.07
11/19/1996,1.94
11/20/1996,1.85
11/21/1996,1.77
11/22/1996,1.72
11/23/1996,1.68
11/24/1996,1.65
11/25/1996,1.66
11/26/1996,1.64
11/27/1996,1.60
11/28/1996,1.53
11/29/1996,1.44
11/30/1996,1.35
12/1/1996,1.30
12/2/1996,1.23
12/3/1996,1.18
12/4/1996,1.13
12/5/1996,1.06
12/6/1996,1.02
12/7/1996,0.98
12/8/1996,0.94
12/9/1996,0.99
12/10/1996,1.03
12/11/1996,1.13
12/12/1996,1.21
12/13/1996,1.27
12/14/1996,1.20
12/15/1996,1.13
12/16/1996,1.10
12/17/1996,0.97
12/18/1996,0.91
12/19/1996,0.87
12/20/1996,0.86
12/21/1996,0.90
12/22/1996,0.90
12/23/1996,0.92
12/24/1996,0.94
12/25/1996,0.95
12/26/1996,0.98
12/27/1996,0.95
12/28/1996,0.97
12/29/1996,0.87
12/30/1996,0.84
12/31/1996,0.78
1/1/1997,0.77
1/2/1997,0.67
1/3/1997,0.68
1/4/1997,0.63
1/5/1997,0.61
1/6/1997,0.61
1/7/1997,0.64
1/8/1997,0.68
1/9/1997,0.80
1/10/1997,0.93
1/11/1997,0.92
1/12/1997,0.97
1/13/1997,0.93
1/14/1997,0.86
1/15/1997,0.77
1/16/1997,0.65
1/17/1997,0.55
1/18/1997,0.39
1/19/1997,0.27
1/20/1997,0.31
1/21/1997,0.40
1/22/1997,0.48
1/23/1997,0.51
1/24/1997,0.53
1/25/1997,0.55
1/26/1997,0.50
1/27/1997,0.41
1/28/1997,0.43
1/29/1997,0.43
1/30/1997,0.43
1/31/1997,0.38
2/1/1997,0.42
2/2/1997,0.40
2/3/1997,0.31
2/4/1997,0.35
2/5/1997,0.45
2/6/1997,0.53
2/7/1997,0.57
2/8/1997,0.69
2/9/1997,0.79
2/10/1997,0.93
2/11/1997,0.99
2/12/1997,0.93
2/13/1997,0.64
2/14/1997,0.50
2/15/1997,0.45
2/16/1997,0.37
2/17/1997,0.21
2/18/1997,0.19
2/19/1997,0.17
2/20/1997,0.19
2/21/1997,0.14
2/22/1997,0.22
2/23/1997,0.28
2/24/1997,0.36
2/25/1997,0.40
2/26/1997,0.38
2/27/1997,0.39
2/28/1997,0.42
3/1/1997,0.45
3/2/1997,0.37
3/3/1997,0.23
3/4/1997,0.19
3/5/1997,0.17
3/6/1997,0.22
3/7/1997,0.27
3/8/1997,0.35
3/9/1997,0.56
3/10/1997,0.70
3/11/1997,0.79
3/12/1997,0.82
3/13/1997,0.73
3/14/1997,0.69
3/15/1997,0.59
3/16/1997,0.50
3/17/1997,0.47
3/18/1997,0.35
3/19/1997,0.30
3/20/1997,0.39
3/21/1997,0.51
3/22/1997,0.61
3/23/1997,0.67
3/24/1997,0.81
3/25/1997,0.87
3/26/1997,0.91
3/27/1997,0.91
3/28/1997,0.93
3/29/1997,0.90
3/30/1997,0.90
3/31/1997,0.84
4/1/1997,0.78
4/2/1997,0.73
4/3/1997,0.71
4/4/1997,0.66
4/5/1997,0.74
4/6/1997,0.84
4/7/1997,0.96
4/8/1997,1.01
4/9/1997,1.07
4/10/1997,1.08
4/11/1997,0.95
4/12/1997,0.87
4/13/1997,0.88
4/14/1997,0.78
4/15/1997,0.71
4/16/1997,0.54
4/17/1997,0.52
4/18/1997,0.44
4/19/1997,0.42
4/20/1997,0.58
4/21/1997,0.73
4/22/1997,0.78
4/23/1997,0.79
4/24/1997,0.84
4/25/1997,0.88
4/26/1997,0.97
4/27/1997,0.98
4/28/1997,0.89
4/29/1997,0.85
4/30/1997,0.82
5/1/1997,0.75
5/2/1997,0.70
5/3/1997,0.68
5/4/1997,0.77
5/5/1997,0.90
5/6/1997,1.04
5/7/1997,1.16
5/8/1997,1.29
5/9/1997,1.28
5/10/1997,1.25
5/11/1997,1.29
5/12/1997,1.27
5/13/1997,1.16
5/14/1997,0.98
5/15/1997,0.90
5/16/1997,0.82
5/17/1997,0.75
5/18/1997,0.84
5/19/1997,0.92
5/20/1997,1.04
5/21/1997,1.49
5/22/1997,1.59
5/23/1997,1.65
5/24/1997,1.72
5/25/1997,1.76
5/26/1997,1.78
5/27/1997,1.81
5/28/1997,1.84
5/29/1997,1.85
5/30/1997,1.80
5/31/1997,1.76
6/1/1997,1.78
6/2/1997,1.82
6/3/1997,1.87
6/4/1997,1.89
6/5/1997,1.93
6/6/1997,2.00
6/7/1997,2.07
6/8/1997,2.11
6/9/1997,2.11
6/10/1997,2.12
6/11/1997,2.09
6/12/1997,2.08
6/13/1997,2.10
6/14/1997,2.11
6/15/1997,2.14
6/16/1997,2.19
6/17/1997,2.24
6/18/1997,2.33
6/19/1997,2.45
6/20/1997,2.56
6/21/1997,2.69
6/22/1997,2.80
6/23/1997,2.89
6/24/1997,2.96
6/25/1997,3.09
6/26/1997,3.17
6/27/1997,3.24
6/28/1997,3.27
6/29/1997,3.30
6/30/1997,3.34
7/1/1997,3.38
7/2/1997,3.51
7/3/1997,3.63
7/4/1997,3.70
7/5/1997,3.77
7/6/1997,3.83
7/7/1997,3.87
7/8/1997,3.90
7/9/1997,3.97
7/10/1997,4.13
7/11/1997,4.31
7/12/1997,4.51
7/13/1997,4.70
7/14/1997,4.86
7/15/1997,4.99
7/16/1997,5.07
7/17/1997,5.13
7/18/1997,5.17
7/19/1997,5.19
7/20/1997,5.19
7/21/1997,5.22
7/22/1997,5.23
7/23/1997,5.21
7/24/1997,5.19
7/25/1997,5.16
7/26/1997,5.12
7/27/1997,5.09
7/28/1997,5.03
7/29/1997,4.99
7/30/1997,4.94
7/31/1997,4.87
8/1/1997,4.84
8/2/1997,4.79
8/3/1997,4.75
8/4/1997,4.70
8/5/1997,4.66
8/6/1997,4.60
8/7/1997,4.55
8/8/1997,4.50
8/9/1997,4.47
8/10/1997,4.45
8/11/1997,4.50
8/12/1997,4.54
8/13/1997,4.56
8/14/1997,4.64
8/15/1997,4.67
8/16/1997,4.73
8/17/1997,4.77
8/18/1997,4.81
8/19/1997,4.84
8/20/1997,4.88
8/21/1997,4.89
8/22/1997,4.87
8/23/1997,4.85
8/24/1997,4.85
8/25/1997,4.76
8/26/1997,4.70
8/27/1997,4.64
8/28/1997,4.55
8/29/1997,4.48
8/30/1997,4.46
8/31/1997,4.42
9/1/1997,3.47
9/2/1997,4.35
9/3/1997,4.33
9/4/1997,4.31
9/5/1997,4.32
9/6/1997,4.33
9/7/1997,4.34
9/8/1997,3.43
9/9/1997,4.32
9/10/1997,4.31
9/11/1997,4.28
9/12/1997,4.26
9/13/1997,4.26
9/14/1997,4.29
9/15/1997,4.32
9/16/1997,4.39
9/17/1997,4.39
9/18/1997,4.40
9/19/1997,4.39
9/20/1997,4.49
9/21/1997,4.54
9/22/1997,4.55
9/23/1997,4.55
9/24/1997,4.59
9/25/1997,4.60
9/26/1997,4.63
9/27/1997,4.71
9/28/1997,4.67
9/29/1997,4.65
9/30/1997,4.65
10/1/1997,4.64
10/2/1997,3.68
10/3/1997,4.60
10/4/1997,4.57
10/5/1997,4.51
10/6/1997,4.45
10/7/1997,4.38
10/8/1997,4.31
10/9/1997,4.28
10/10/1997,4.20
10/11/1997,4.11
10/12/1997,4.01
10/13/1997,3.90
10/14/1997,3.80
10/15/1997,3.69
10/16/1997,3.60
10/17/1997,3.51
10/18/1997,3.38
10/19/1997,3.27
10/20/1997,3.14
10/21/1997,2.99
10/22/1997,2.83
10/23/1997,2.66
10/24/1997,2.49
10/25/1997,2.30
10/26/1997,2.13
10/27/1997,1.99
10/28/1997,1.88
10/29/1997,1.81
10/30/1997,1.77
10/31/1997,1.73
11/1/1997,1.71
11/2/1997,1.69
11/3/1997,1.63
11/4/1997,1.57
11/5/1997,1.48
11/6/1997,1.43
11/7/1997,1.38
11/8/1997,1.34
11/9/1997,1.33
11/10/1997,1.30
11/11/1997,1.34
11/12/1997,1.31
11/13/1997,1.47
11/14/1997,1.51
11/15/1997,1.54
11/16/1997,1.49
11/17/1997,1.44
11/18/1997,1.33
11/19/1997,1.29
11/20/1997,1.17
11/21/1997,1.02
11/22/1997,0.86
11/23/1997,0.73
11/24/1997,0.70
11/25/1997,0.71
11/26/1997,0.75
11/27/1997,0.78
11/28/1997,0.80
11/29/1997,0.80
11/30/1997,0.80
12/1/1997,0.82
12/2/1997,0.80
12/3/1997,0.79
12/4/1997,0.79
12/5/1997,0.80
12/6/1997,0.68
12/7/1997,0.61
12/8/1997,0.62
12/9/1997,0.58
12/10/1997,0.55
12/11/1997,0.65
12/12/1997,0.63
12/13/1997,0.69
12/14/1997,0.79
12/15/1997,0.85
12/16/1997,0.82
12/17/1997,0.74
12/18/1997,0.75
12/19/1997,0.68
12/20/1997,0.64
12/21/1997,0.57
12/22/1997,0.52
12/23/1997,0.47
12/24/1997,0.47
12/25/1997,0.49
12/26/1997,0.46
12/27/1997,0.48
12/28/1997,0.55
12/29/1997,0.63
12/30/1997,0.66
12/31/1997,0.73
1/1/1998,0.72
1/2/1998,0.69
1/3/1998,0.60
1/4/1998,0.52
1/5/1998,0.44
1/6/1998,0.44
1/7/1998,0.37
1/8/1998,0.29
1/9/1998,0.30
1/10/1998,0.28
1/11/1998,0.32
1/12/1998,0.41
1/13/1998,0.51
1/14/1998,0.62
1/15/1998,0.61
1/16/1998,0.63
1/17/1998,0.59
1/18/1998,0.54
1/19/1998,0.45
1/20/1998,0.34
1/21/1998,0.24
1/22/1998,0.16
1/23/1998,0.12
1/24/1998,0.14
1/25/1998,0.15
1/26/1998,0.19
1/27/1998,0.25
1/28/1998,0.37
1/29/1998,0.43
1/30/1998,0.55
1/31/1998,0.60
2/1/1998,0.57
2/2/1998,0.53
2/3/1998,0.43
2/4/1998,0.34
2/5/1998,0.28
2/6/1998,0.23
2/7/1998,0.13
2/8/1998,0.13
2/9/1998,0.14
2/10/1998,0.14
2/11/1998,0.18
2/12/1998,0.27
2/13/1998,0.27
2/14/1998,0.37
2/15/1998,0.38
2/16/1998,0.39
2/17/1998,0.38
2/18/1998,0.36
2/19/1998,0.30
2/20/1998,0.21
2/21/1998,0.18
2/22/1998,0.11
2/23/1998,0.13
2/24/1998,0.12
2/25/1998,0.24
2/26/1998,0.39
2/27/1998,0.50
2/28/1998,0.62
3/1/1998,0.62
3/2/1998,0.59
3/3/1998,0.60
3/4/1998,0.59
3/5/1998,0.43
3/6/1998,0.35
3/7/1998,0.21
3/8/1998,0.19
3/9/1998,0.13
3/10/1998,0.15
3/11/1998,0.18
3/12/1998,0.28
3/13/1998,0.42
3/14/1998,0.48
3/15/1998,0.50
3/16/1998,0.49
3/17/1998,0.38
3/18/1998,0.30
3/19/1998,0.20
3/20/1998,0.26
3/21/1998,0.27
3/22/1998,0.30
3/23/1998,0.44
3/24/1998,0.51
3/25/1998,0.58
3/26/1998,0.89
3/27/1998,0.96
3/28/1998,1.05
3/29/1998,1.13
3/30/1998,1.21
3/31/1998,1.14
4/1/1998,1.08
4/2/1998,1.04
4/3/1998,0.98
4/4/1998,0.88
4/5/1998,0.78
4/6/1998,0.72
4/7/1998,0.67
4/8/1998,0.80
4/9/1998,0.86
4/10/1998,0.90
4/11/1998,0.96
4/12/1998,1.02
4/13/1998,1.07
4/14/1998,1.08
4/15/1998,1.09
4/16/1998,1.02
4/17/1998,1.00
4/18/1998,0.91
4/19/1998,0.90
4/20/1998,0.93
4/21/1998,0.95
4/22/1998,1.10
4/23/1998,1.33
4/24/1998,1.43
4/25/1998,1.49
4/26/1998,1.55
4/27/1998,1.59
4/28/1998,1.66
4/29/1998,1.58
4/30/1998,1.50
5/1/1998,1.41
5/2/1998,1.34
5/3/1998,1.21
5/4/1998,1.12
5/5/1998,1.10
5/6/1998,0.92
5/7/1998,0.95
5/8/1998,1.06
5/9/1998,1.12
5/10/1998,1.21
5/11/1998,1.22
5/12/1998,1.21
5/13/1998,1.25
5/14/1998,1.26
5/15/1998,1.29
5/16/1998,1.31
5/17/1998,1.28
5/18/1998,1.29
5/19/1998,1.34
5/20/1998,1.36
5/21/1998,1.35
5/22/1998,1.49
5/23/1998,1.66
5/24/1998,1.80
5/25/1998,1.91
5/26/1998,2.01
5/27/1998,2.12
5/28/1998,2.20
5/29/1998,2.29
5/30/1998,2.31
5/31/1998,2.39
6/1/1998,2.42
6/2/1998,2.42
6/3/1998,2.41
6/4/1998,2.34
6/5/1998,2.32
6/6/1998,2.35
6/7/1998,2.40
6/8/1998,2.52
6/9/1998,2.59
6/10/1998,2.71
6/11/1998,2.84
6/12/1998,2.91
6/13/1998,3.06
6/14/1998,3.25
6/15/1998,3.44
6/16/1998,3.51
6/17/1998,3.63
6/18/1998,3.70
6/19/1998,3.76
6/20/1998,3.84
6/21/1998,3.95
6/22/1998,4.03
6/23/1998,4.13
6/24/1998,4.22
6/25/1998,4.27
6/26/1998,4.34
6/27/1998,4.35
6/28/1998,4.35
6/29/1998,4.35
6/30/1998,4.34
7/1/1998,4.32
7/2/1998,4.32
7/3/1998,4.30
7/4/1998,4.29
7/5/1998,4.27
7/6/1998,4.30
7/7/1998,4.31
7/8/1998,4.34
7/9/1998,4.40
7/10/1998,4.46
7/11/1998,4.48
7/12/1998,4.57
7/13/1998,4.70
7/14/1998,4.77
7/15/1998,4.89
7/16/1998,4.97
7/17/1998,5.04
7/18/1998,5.10
7/19/1998,5.14
7/20/1998,5.15
7/21/1998,5.36
7/22/1998,5.51
7/23/1998,5.68
7/24/1998,5.73
7/25/1998,5.82
7/26/1998,5.89
7/27/1998,5.94
7/28/1998,5.98
7/29/1998,5.98
7/30/1998,5.98
7/31/1998,5.96
8/1/1998,5.95
8/2/1998,5.90
8/3/1998,5.90
8/4/1998,5.91
8/5/1998,5.93
8/6/1998,5.92
8/7/1998,5.90
8/8/1998,5.88
8/9/1998,5.86
8/10/1998,5.84
8/11/1998,5.79
8/12/1998,5.75
8/13/1998,5.77
8/14/1998,5.80
8/15/1998,5.78
8/16/1998,5.80
8/17/1998,5.80
8/18/1998,5.89
8/19/1998,5.95
8/20/1998,5.98
8/21/1998,6.01
8/22/1998,6.00
8/23/1998,5.99
8/24/1998,5.98
8/25/1998,6.01
8/26/1998,6.05
8/27/1998,6.04
8/28/1998,6.02
8/29/1998,6.02
8/30/1998,6.03
8/31/1998,6.08
9/1/1998,6.08
9/2/1998,6.11
9/3/1998,6.11
9/4/1998,6.13
9/5/1998,6.16
9/6/1998,6.23
9/7/1998,6.24
9/8/1998,6.22
9/9/1998,6.19
9/10/1998,6.19
9/11/1998,6.19
9/12/1998,6.15
9/13/1998,6.12
9/14/1998,6.07
9/15/1998,6.00
9/16/1998,5.93
9/17/1998,5.87
9/18/1998,5.79
9/19/1998,5.71
9/20/1998,5.62
9/21/1998,5.55
9/22/1998,5.46
9/23/1998,5.36
9/24/1998,5.26
9/25/1998,5.17
9/26/1998,5.06
9/27/1998,4.96
9/28/1998,4.85
9/29/1998,4.74
9/30/1998,4.66
10/1/1998,4.52
10/2/1998,4.41
10/3/1998,4.33
10/4/1998,4.23
10/5/1998,4.15
10/6/1998,4.06
10/7/1998,3.99
10/8/1998,3.92
10/9/1998,3.82
10/10/1998,3.73
10/11/1998,3.61
10/12/1998,3.48
10/13/1998,3.34
10/14/1998,3.20
10/15/1998,3.07
10/16/1998,2.97
10/17/1998,2.89
10/18/1998,2.83
10/19/1998,2.79
10/20/1998,2.79
10/21/1998,2.82
10/22/1998,2.85
10/23/1998,2.84
10/24/1998,2.81
10/25/1998,2.77
10/26/1998,2.74
10/27/1998,2.74
10/28/1998,2.71
10/29/1998,2.72
10/30/1998,2.73
10/31/1998,2.73
11/1/1998,2.69
11/2/1998,2.68
11/3/1998,2.68
11/4/1998,2.68
11/5/1998,2.68
11/6/1998,2.66
11/7/1998,2.57
11/8/1998,2.49
11/9/1998,2.36
11/10/1998,2.25
11/11/1998,2.09
11/12/1998,1.97
11/13/1998,1.86
11/14/1998,1.79
11/15/1998,1.77
11/16/1998,1.82
11/17/1998,1.84
11/18/1998,1.83
11/19/1998,1.88
11/20/1998,1.86
11/21/1998,1.82
11/22/1998,1.84
11/23/1998,2.08
11/24/1998,2.10
11/25/1998,1.96
11/26/1998,1.79
11/27/1998,1.64
11/28/1998,1.56
11/29/1998,1.52
11/30/1998,1.52
12/1/1998,1.54
12/2/1998,1.56
12/3/1998,1.59
12/4/1998,1.59
12/5/1998,1.55
12/6/1998,1.53
12/7/1998,1.48
12/8/1998,1.39
12/9/1998,1.28
12/10/1998,1.22
12/11/1998,1.10
12/12/1998,0.99
12/13/1998,0.92
12/14/1998,0.83
12/15/1998,0.88
12/16/1998,0.93
12/17/1998,0.97
12/18/1998,1.05
12/19/1998,1.03
12/20/1998,1.03
12/21/1998,1.01
12/22/1998,0.99
12/23/1998,0.98
12/24/1998,0.92
12/25/1998,0.82
12/26/1998,0.80
12/27/1998,0.74
12/28/1998,0.72
12/29/1998,0.72
12/30/1998,0.73
12/31/1998,0.81
1/1/1999,0.82
1/2/1999,0.83
1/3/1999,0.82
1/4/1999,0.90
1/5/1999,0.90
1/6/1999,0.95
1/7/1999,0.87
1/8/1999,0.75
1/9/1999,0.67
1/10/1999,0.60
1/11/1999,0.45
1/12/1999,0.32
1/13/1999,0.38
1/14/1999,0.47
1/15/1999,0.44
1/16/1999,0.50
1/17/1999,0.57
1/18/1999,0.60
1/19/1999,0.65
1/20/1999,0.70
1/21/1999,0.73
1/22/1999,0.73
1/23/1999,0.66
1/24/1999,0.61
1/25/1999,0.56
1/26/1999,0.48
1/27/1999,0.35
1/28/1999,0.26
1/29/1999,0.31
1/30/1999,0.44
1/31/1999,0.50
2/1/1999,0.52
2/2/1999,0.49
2/3/1999,0.57
2/4/1999,0.62
2/5/1999,0.61
2/6/1999,0.56
2/7/1999,0.49
2/8/1999,0.40
2/9/1999,0.40
2/10/1999,0.35
2/11/1999,0.28
2/12/1999,0.26
2/13/1999,0.27
2/14/1999,0.33
2/15/1999,0.40
2/16/1999,0.49
2/17/1999,0.62
2/18/1999,0.66
2/19/1999,0.71
2/20/1999,0.75
2/21/1999,0.70
2/22/1999,0.64
2/23/1999,0.58
2/24/1999,0.47
2/25/1999,0.39
2/26/1999,0.33
2/27/1999,0.37
2/28/1999,0.32
3/1/1999,0.35
3/2/1999,0.46
3/3/1999,0.45
3/4/1999,0.49
3/5/1999,0.52
3/6/1999,0.52
3/7/1999,0.51
3/8/1999,0.51
3/9/1999,0.50
3/10/1999,0.50
3/11/1999,0.39
3/12/1999,0.35
3/13/1999,0.39
3/14/1999,0.32
3/15/1999,0.30
3/16/1999,0.42
3/17/1999,0.52
3/18/1999,0.68
3/19/1999,0.81
3/20/1999,0.82
3/21/1999,0.78
3/22/1999,0.68
3/23/1999,0.58
3/24/1999,0.47
3/25/1999,0.38
3/26/1999,0.40
3/27/1999,0.48
3/28/1999,0.60
3/29/1999,0.59
3/30/1999,0.53
3/31/1999,0.55
4/1/1999,0.66
4/2/1999,0.75
4/3/1999,0.75
4/4/1999,0.75
4/5/1999,0.74
4/6/1999,0.68
4/7/1999,0.63
4/8/1999,0.58
4/9/1999,0.47
4/10/1999,0.21
4/11/1999,0.34
4/12/1999,0.41
4/13/1999,0.48
4/14/1999,0.60
4/15/1999,0.72
4/16/1999,0.81
4/17/1999,1.08
4/18/1999,1.16
4/19/1999,1.18
4/20/1999,1.15
4/21/1999,1.06
4/22/1999,0.96
4/23/1999,0.74
4/24/1999,0.83
4/25/1999,0.82
4/26/1999,0.88
4/27/1999,0.95
4/28/1999,0.94
4/29/1999,1.10
4/30/1999,1.25
5/1/1999,1.23
5/2/1999,1.33
5/3/1999,1.38
5/4/1999,1.41
5/5/1999,1.38
5/6/1999,1.47
5/7/1999,1.55
5/8/1999,1.64
5/9/1999,1.57
5/10/1999,1.57
5/11/1999,1.59
5/12/1999,1.61
5/13/1999,1.70
5/14/1999,1.85
5/15/1999,1.96
5/16/1999,1.97
5/17/1999,2.02
5/18/1999,1.99
5/19/1999,1.92
5/20/1999,1.91
5/21/1999,1.82
5/22/1999,1.81
5/23/1999,1.75
5/24/1999,1.72
5/25/1999,1.61
5/26/1999,1.60
5/27/1999,1.68
5/28/1999,1.78
5/29/1999,1.93
5/30/1999,2.07
5/31/1999,2.09
6/1/1999,2.22
6/2/1999,2.30
6/3/1999,2.34
6/4/1999,2.34
6/5/1999,2.43
6/6/1999,2.53
6/7/1999,2.61
6/8/1999,2.66
6/9/1999,2.67
6/10/1999,2.68
6/11/1999,2.81
6/12/1999,2.88
6/13/1999,2.84
6/14/1999,2.83
6/15/1999,2.81
6/16/1999,2.79
6/17/1999,2.83
6/18/1999,2.86
6/19/1999,2.82
6/20/1999,2.77
6/21/1999,2.73
6/22/1999,2.71
6/23/1999,2.77
6/24/1999,2.83
6/25/1999,2.91
6/26/1999,3.10
6/27/1999,3.31
6/28/1999,3.51
6/29/1999,3.67
6/30/1999,3.85
7/1/1999,4.08
7/2/1999,4.28
7/3/1999,4.40
7/4/1999,4.49
7/5/1999,4.55
7/6/1999,4.60
7/7/1999,4.62
7/8/1999,4.61
7/9/1999,4.60
7/10/1999,4.61
7/11/1999,4.76
7/12/1999,4.97
7/13/1999,5.05
7/14/1999,5.11
7/15/1999,5.15
7/16/1999,5.16
7/17/1999,5.18
7/18/1999,5.17
7/19/1999,5.15
7/20/1999,5.22
7/21/1999,5.26
7/22/1999,5.31
7/23/1999,5.34
7/24/1999,5.34
7/25/1999,5.33
7/26/1999,5.31
7/27/1999,5.30
7/28/1999,5.28
7/29/1999,5.26
7/30/1999,5.23
7/31/1999,5.22
8/1/1999,5.19
8/2/1999,5.17
8/3/1999,5.15
8/4/1999,5.12
8/5/1999,5.09
8/6/1999,5.05
8/7/1999,5.00
8/8/1999,4.95
8/9/1999,4.89
8/10/1999,4.85
8/11/1999,4.83
8/12/1999,4.84
8/13/1999,4.89
8/14/1999,4.92
8/15/1999,4.99
8/16/1999,5.03
8/17/1999,5.02
8/18/1999,5.05
8/19/1999,5.08
8/20/1999,5.05
8/21/1999,5.04
8/22/1999,5.04
8/23/1999,5.09
8/24/1999,5.08
8/25/1999,5.07
8/26/1999,5.10
8/27/1999,5.13
8/28/1999,5.17
8/29/1999,5.23
8/30/1999,5.28
8/31/1999,5.29
9/1/1999,5.30
9/2/1999,5.32
9/3/1999,5.34
9/4/1999,5.32
9/5/1999,5.31
9/6/1999,5.29
9/7/1999,5.25
9/8/1999,5.23
9/9/1999,5.23
9/10/1999,5.22
9/11/1999,5.22
9/12/1999,5.20
9/13/1999,5.18
9/14/1999,5.18
9/15/1999,5.15
9/16/1999,5.12
9/17/1999,5.11
9/18/1999,5.10
9/19/1999,5.06
9/20/1999,5.00
9/21/1999,4.94
9/22/1999,4.91
9/23/1999,4.90
9/24/1999,4.89
9/25/1999,4.86
9/26/1999,4.81
9/27/1999,4.79
9/28/1999,4.78
9/29/1999,4.75
9/30/1999,4.71
10/1/1999,4.68
10/2/1999,4.63
10/3/1999,4.56
10/4/1999,4.47
10/5/1999,4.41
10/6/1999,4.33
10/7/1999,4.31
10/8/1999,4.27
10/9/1999,4.26
10/10/1999,4.24
10/11/1999,4.21
10/12/1999,4.17
10/13/1999,4.13
10/14/1999,4.08
10/15/1999,4.03
10/16/1999,3.98
10/17/1999,3.92
10/18/1999,3.90
10/19/1999,3.94
10/20/1999,3.94
10/21/1999,3.95
10/22/1999,3.93
10/23/1999,3.91
10/24/1999,3.90
10/25/1999,3.90
10/26/1999,3.88
10/27/1999,3.85
10/28/1999,3.80
10/29/1999,3.77
10/30/1999,3.74
10/31/1999,3.69
11/1/1999,3.58
11/2/1999,3.48
11/3/1999,3.39
11/4/1999,3.28
11/5/1999,3.18
11/6/1999,3.09
11/7/1999,2.99
11/8/1999,2.91
11/9/1999,2.84
11/10/1999,2.67
11/11/1999,2.57
11/12/1999,2.46
11/13/1999,2.35
11/14/1999,2.31
11/15/1999,2.16
11/16/1999,2.07
11/17/1999,1.97
11/18/1999,1.90
11/19/1999,1.83
11/20/1999,1.81
11/21/1999,1.72
11/22/1999,1.72
11/23/1999,1.68
11/24/1999,1.66
11/25/1999,1.64
11/26/1999,1.61
11/27/1999,1.58
11/28/1999,1.56
11/29/1999,1.53
11/30/1999,1.40
12/1/1999,1.32
12/2/1999,1.27
12/3/1999,1.29
12/4/1999,1.19
12/5/1999,1.22
12/6/1999,1.25
12/7/1999,1.20
12/8/1999,1.23
12/9/1999,1.22
12/10/1999,1.22
12/11/1999,1.21
12/12/1999,1.23
12/13/1999,1.17
12/14/1999,1.10
12/15/1999,1.00
12/16/1999,0.93
12/17/1999,0.87
12/18/1999,0.88
12/19/1999,0.94
12/20/1999,1.00
12/21/1999,1.08
12/22/1999,1.15
12/23/1999,1.18
12/24/1999,1.25
12/25/1999,1.24
12/26/1999,1.25
12/27/1999,1.13
12/28/1999,1.11
12/29/1999,0.96
12/30/1999,0.84
12/31/1999,0.78
1/1/2000,0.75
1/2/2000,0.71
1/3/2000,0.71
1/4/2000,0.70
1/5/2000,0.69
1/6/2000,0.70
1/7/2000,0.78
1/8/2000,0.78
1/9/2000,0.85
1/10/2000,0.87
1/11/2000,0.86
1/12/2000,0.87
1/13/2000,0.82
1/14/2000,0.80
1/15/2000,0.68
1/16/2000,0.67
1/17/2000,0.60
1/18/2000,0.56
1/19/2000,0.54
1/20/2000,0.64
1/21/2000,0.81
1/22/2000,0.83
1/23/2000,0.83
1/24/2000,0.82
1/25/2000,0.73
1/26/2000,0.62
1/27/2000,0.52
1/28/2000,0.51
1/29/2000,0.49
1/30/2000,0.45
1/31/2000,0.33
2/1/2000,0.38
2/2/2000,0.40
2/3/2000,0.43
2/4/2000,0.50
2/5/2000,0.56
2/6/2000,0.57
2/7/2000,0.58
2/8/2000,0.61
2/9/2000,0.57
2/10/2000,0.51
2/11/2000,0.53
2/12/2000,0.53
2/13/2000,0.52
2/14/2000,0.48
2/15/2000,0.34
2/16/2000,0.26
2/17/2000,0.29
2/18/2000,0.43
2/19/2000,0.57
2/20/2000,0.55
2/21/2000,0.64
2/22/2000,0.71
2/23/2000,0.61
2/24/2000,0.62
2/25/2000,0.53
2/26/2000,0.47
2/27/2000,0.40
2/28/2000,0.34
2/29/2000,0.27
3/1/2000,0.29
3/2/2000,0.38
3/3/2000,0.38
3/4/2000,0.39
3/5/2000,0.47
3/6/2000,0.55
3/7/2000,0.66
3/8/2000,0.71
3/9/2000,0.88
3/10/2000,0.93
3/11/2000,0.90
3/12/2000,0.90
3/13/2000,0.94
3/14/2000,0.98
3/15/2000,0.97
3/16/2000,0.97
3/17/2000,0.95
3/18/2000,0.95
3/19/2000,0.99
3/20/2000,1.02
3/21/2000,1.06
3/22/2000,1.00
3/23/2000,0.93
3/24/2000,0.84
3/25/2000,0.73
3/26/2000,0.59
3/27/2000,0.58
3/28/2000,0.53
3/29/2000,0.49
3/30/2000,0.50
3/31/2000,0.50
4/1/2000,0.59
4/2/2000,0.73
4/3/2000,0.90
4/4/2000,1.08
4/5/2000,1.14
4/6/2000,1.25
4/7/2000,1.35
4/8/2000,1.40
4/9/2000,1.35
4/10/2000,1.25
4/11/2000,1.24
4/12/2000,1.09
4/13/2000,1.06
4/14/2000,0.96
4/15/2000,0.96
4/16/2000,1.11
4/17/2000,1.19
4/18/2000,1.28
4/19/2000,1.35
4/20/2000,1.39
4/21/2000,1.39
4/22/2000,1.37
4/23/2000,1.31
4/24/2000,1.30
4/25/2000,1.32
4/26/2000,1.31
4/27/2000,1.33
4/28/2000,1.44
4/29/2000,1.61
4/30/2000,1.59
5/1/2000,1.70
5/2/2000,1.91
5/3/2000,1.96
5/4/2000,2.08
5/5/2000,2.15
5/6/2000,2.17
5/7/2000,2.19
5/8/2000,2.20
5/9/2000,2.17
5/10/2000,2.14
5/11/2000,2.07
5/12/2000,2.00
5/13/2000,1.97
5/14/2000,1.95
5/15/2000,1.94
5/16/2000,2.01
5/17/2000,2.05
5/18/2000,2.17
5/19/2000,2.24
5/20/2000,2.33
5/21/2000,2.36
5/22/2000,2.39
5/23/2000,2.41
5/24/2000,2.50
5/25/2000,2.53
5/26/2000,2.60
5/27/2000,2.74
5/28/2000,2.86
5/29/2000,2.99
5/30/2000,3.11
5/31/2000,3.25
6/1/2000,3.35
6/2/2000,3.45
6/3/2000,3.54
6/4/2000,3.64
6/5/2000,3.73
6/6/2000,3.85
6/7/2000,3.94
6/8/2000,3.91
6/9/2000,3.88
6/10/2000,3.88
6/11/2000,3.97
6/12/2000,4.03
6/13/2000,4.06
6/14/2000,4.15
6/15/2000,4.31
6/16/2000,4.37
6/17/2000,4.44
6/18/2000,4.49
6/19/2000,4.53
6/20/2000,4.53
6/21/2000,4.49
6/22/2000,4.47
6/23/2000,4.45
6/24/2000,4.46
6/25/2000,4.57
6/26/2000,4.69
6/27/2000,4.76
6/28/2000,4.81
6/29/2000,4.87
6/30/2000,4.91
7/1/2000,4.94
7/2/2000,4.96
7/3/2000,4.96
7/4/2000,4.95
7/5/2000,4.91
7/6/2000,4.91
7/7/2000,4.88
7/8/2000,4.83
7/9/2000,4.82
7/10/2000,4.82
7/11/2000,4.82
7/12/2000,4.80
7/13/2000,4.75
7/14/2000,4.71
7/15/2000,4.70
7/16/2000,4.69
7/17/2000,4.68
7/18/2000,4.65
7/19/2000,4.64
7/20/2000,4.70
7/21/2000,4.71
7/22/2000,4.69
7/23/2000,4.65
7/24/2000,4.62
7/25/2000,4.56
7/26/2000,4.50
7/27/2000,4.44
7/28/2000,4.41
7/29/2000,4.40
7/30/2000,4.39
7/31/2000,4.38
8/1/2000,4.36
8/2/2000,4.51
8/3/2000,4.64
8/4/2000,4.77
8/5/2000,4.87
8/6/2000,4.96
8/7/2000,5.02
8/8/2000,5.08
8/9/2000,5.13
8/10/2000,5.17
8/11/2000,5.18
8/12/2000,5.21
8/13/2000,5.24
8/14/2000,5.26
8/15/2000,5.27
8/16/2000,5.30
8/17/2000,5.34
8/18/2000,5.39
8/19/2000,5.42
8/20/2000,5.43
8/21/2000,5.41
8/22/2000,5.40
8/23/2000,5.37
8/24/2000,5.35
8/25/2000,5.32
8/26/2000,5.28
8/27/2000,5.25
8/28/2000,5.22
8/29/2000,5.20
8/30/2000,5.18
8/31/2000,5.18
9/1/2000,5.15
9/2/2000,5.13
9/3/2000,5.09
9/4/2000,5.07
9/5/2000,5.07
9/6/2000,5.05
9/7/2000,5.02
9/8/2000,4.97
9/9/2000,4.95
9/10/2000,4.93
9/11/2000,4.96
9/12/2000,5.02
9/13/2000,5.05
9/14/2000,5.04
9/15/2000,5.06
9/16/2000,5.08
9/17/2000,5.09
9/18/2000,5.15
9/19/2000,5.21
9/20/2000,5.27
9/21/2000,5.27
9/22/2000,5.25
9/23/2000,5.23
9/24/2000,5.21
9/25/2000,5.18
9/26/2000,5.17
9/27/2000,5.22
9/28/2000,5.21
9/29/2000,5.20
9/30/2000,5.16
10/1/2000,5.11
10/2/2000,5.07
10/3/2000,4.99
10/4/2000,4.92
10/5/2000,4.87
10/6/2000,4.80
10/7/2000,4.70
10/8/2000,4.60
10/9/2000,4.51
10/10/2000,4.45
10/11/2000,4.38
10/12/2000,4.28
10/13/2000,4.19
10/14/2000,4.10
10/15/2000,3.99
10/16/2000,3.90
10/17/2000,3.80
10/18/2000,3.73
10/19/2000,3.61
10/20/2000,3.50
10/21/2000,3.36
10/22/2000,3.23
10/23/2000,3.10
10/24/2000,2.96
10/25/2000,2.84
10/26/2000,2.72
10/27/2000,2.65
10/28/2000,2.89
10/29/2000,3.13
10/30/2000,3.01
10/31/2000,2.90
11/1/2000,2.76
11/2/2000,2.62
11/3/2000,2.50
11/4/2000,2.39
11/5/2000,2.28
11/6/2000,2.14
11/7/2000,2.05
11/8/2000,1.96
11/9/2000,1.94
11/10/2000,1.98
11/11/2000,1.91
11/12/2000,1.98
11/13/2000,2.05
11/14/2000,2.04
11/15/2000,1.98
11/16/2000,1.86
11/17/2000,1.83
11/18/2000,1.65
11/19/2000,1.54
11/20/2000,1.56
11/21/2000,1.46
11/22/2000,1.37
11/23/2000,1.39
11/24/2000,1.41
11/25/2000,1.36
11/26/2000,1.38
11/27/2000,1.36
11/28/2000,1.31
11/29/2000,1.29
11/30/2000,1.12
12/1/2000,1.30
12/2/2000,1.05
12/3/2000,0.93
12/4/2000,0.85
12/5/2000,0.83
12/6/2000,0.92
12/7/2000,0.96
12/8/2000,0.99
12/9/2000,1.09
12/10/2000,1.11
12/11/2000,1.17
12/12/2000,1.24
12/13/2000,1.24
12/14/2000,1.18
12/15/2000,1.13
12/16/2000,1.05
12/17/2000,0.98
12/18/2000,0.92
12/19/2000,0.84
12/20/2000,0.82
12/21/2000,0.85
12/22/2000,0.83
12/23/2000,0.86
12/24/2000,0.87
12/25/2000,0.81
12/26/2000,0.77
12/27/2000,0.83
12/28/2000,0.87
12/29/2000,0.88
12/30/2000,0.84
12/31/2000,0.82
1/1/2001,0.64
1/2/2001,0.60
1/3/2001,0.59
1/4/2001,0.56
1/5/2001,0.46
1/6/2001,0.45
1/7/2001,0.53
1/8/2001,0.53
1/9/2001,0.67
1/10/2001,0.77
1/11/2001,0.74
1/12/2001,0.75
1/13/2001,0.73
1/14/2001,0.63
1/15/2001,0.59
1/16/2001,0.61
1/17/2001,0.61
1/18/2001,0.44
1/19/2001,0.40
1/20/2001,0.36
1/21/2001,0.40
1/22/2001,0.44
1/23/2001,0.49
1/24/2001,0.57
1/25/2001,0.56
1/26/2001,0.61
1/27/2001,0.56
1/28/2001,0.48
1/29/2001,0.47
1/30/2001,0.47
1/31/2001,0.40
2/1/2001,0.48
2/2/2001,0.43
2/3/2001,0.39
2/4/2001,0.33
2/5/2001,0.34
2/6/2001,0.42
2/7/2001,0.48
2/8/2001,0.57
2/9/2001,0.67
2/10/2001,0.62
2/11/2001,0.74
2/12/2001,0.68
2/13/2001,0.62
2/14/2001,0.48
2/15/2001,0.45
2/16/2001,0.42
2/17/2001,0.29
2/18/2001,0.27
2/19/2001,0.32
2/20/2001,0.34
2/21/2001,0.41
2/22/2001,0.50
2/23/2001,0.54
2/24/2001,0.54
2/25/2001,0.58
2/26/2001,0.79
2/27/2001,0.89
2/28/2001,0.79
3/1/2001,0.68
3/2/2001,0.67
3/3/2001,0.55
3/4/2001,0.47
3/5/2001,0.38
3/6/2001,0.36
3/7/2001,0.38
3/8/2001,0.49
3/9/2001,0.62
3/10/2001,0.71
3/11/2001,0.77
3/12/2001,0.74
3/13/2001,0.73
3/14/2001,0.65
3/15/2001,0.54
3/16/2001,0.54
3/17/2001,0.49
3/18/2001,0.38
3/19/2001,0.32
3/20/2001,0.32
3/21/2001,0.26
3/22/2001,0.35
3/23/2001,0.42
3/24/2001,0.51
3/25/2001,0.54
3/26/2001,0.57
3/27/2001,0.75
3/28/2001,0.76
3/29/2001,0.75
3/30/2001,0.70
3/31/2001,0.63
4/1/2001,0.56
4/2/2001,0.51
4/3/2001,0.44
4/4/2001,0.34
4/5/2001,0.32
4/6/2001,0.37
4/7/2001,0.53
4/8/2001,0.70
4/9/2001,0.89
4/10/2001,1.00
4/11/2001,1.02
4/12/2001,1.02
4/13/2001,1.01
4/14/2001,0.89
4/15/2001,0.69
4/16/2001,0.52
4/17/2001,0.40
4/18/2001,0.33
4/19/2001,0.36
4/20/2001,0.45
4/21/2001,0.70
4/22/2001,0.71
4/23/2001,0.72
4/24/2001,0.79
4/25/2001,0.80
4/26/2001,0.95
4/27/2001,1.13
4/28/2001,1.25
4/29/2001,1.31
4/30/2001,1.26
5/1/2001,1.20
5/2/2001,1.15
5/3/2001,1.09
5/4/2001,1.14
5/5/2001,1.23
5/6/2001,1.34
5/7/2001,1.48
5/8/2001,1.49
5/9/2001,1.52
5/10/2001,1.62
5/11/2001,1.70
5/12/2001,1.69
5/13/2001,1.61
5/14/2001,1.51
5/15/2001,1.38
5/16/2001,1.35
5/17/2001,1.24
5/18/2001,1.24
5/19/2001,1.30
5/20/2001,1.35
5/21/2001,1.41
5/22/2001,1.50
5/23/2001,1.67
5/24/2001,1.77
5/25/2001,1.78
5/26/2001,1.76
5/27/2001,1.76
5/28/2001,1.74
5/29/2001,1.71
5/30/2001,1.73
5/31/2001,1.75
6/1/2001,1.79
6/2/2001,1.83
6/3/2001,1.99
6/4/2001,2.07
6/5/2001,2.23
6/6/2001,2.47
6/7/2001,2.55
6/8/2001,2.66
6/9/2001,2.75
6/10/2001,2.86
6/11/2001,2.97
6/12/2001,3.09
6/13/2001,3.19
6/14/2001,3.28
6/15/2001,3.41
6/16/2001,3.43
6/17/2001,3.47
6/18/2001,3.50
6/19/2001,3.53
6/20/2001,3.58
6/21/2001,3.77
6/22/2001,3.86
6/23/2001,3.93
6/24/2001,3.98
6/25/2001,4.02
6/26/2001,4.03
6/27/2001,4.02
6/28/2001,4.04
6/29/2001,4.03
6/30/2001,4.00
7/1/2001,4.00
7/2/2001,3.99
7/3/2001,3.97
7/4/2001,3.98
7/5/2001,3.99
7/6/2001,3.99
7/7/2001,4.01
7/8/2001,4.02
7/9/2001,4.02
7/10/2001,4.01
7/11/2001,3.99
7/12/2001,3.96
7/13/2001,3.93
7/14/2001,3.91
7/15/2001,3.90
7/16/2001,3.87
7/17/2001,3.86
7/18/2001,3.85
7/19/2001,3.86
7/20/2001,3.89
7/21/2001,3.94
7/22/2001,4.01
7/23/2001,4.05
7/24/2001,4.07
7/25/2001,4.08
7/26/2001,4.08
7/27/2001,4.07
7/28/2001,4.04
7/29/2001,4.07
7/30/2001,4.23
7/31/2001,4.45
8/1/2001,4.52
8/2/2001,4.65
8/3/2001,4.75
8/4/2001,4.84
8/5/2001,4.90
8/6/2001,4.99
8/7/2001,5.01
8/8/2001,5.02
8/9/2001,5.04
8/10/2001,5.02
8/11/2001,4.97
8/12/2001,4.94
8/13/2001,4.89
8/14/2001,4.79
8/15/2001,4.71
8/16/2001,4.65
8/17/2001,4.57
8/18/2001,4.51
8/19/2001,4.50
8/20/2001,4.47
8/21/2001,4.46
8/22/2001,4.42
8/23/2001,4.37
8/24/2001,4.35
8/25/2001,4.33
8/26/2001,4.33
8/27/2001,4.40
8/28/2001,4.44
8/29/2001,4.48
8/30/2001,4.52
8/31/2001,4.52
9/1/2001,4.53
9/2/2001,4.52
9/3/2001,4.55
9/4/2001,4.57
9/5/2001,4.57
9/6/2001,4.56
9/7/2001,4.56
9/8/2001,4.55
9/9/2001,4.56
9/10/2001,4.54
9/11/2001,4.53
9/12/2001,4.52
9/13/2001,4.51
9/14/2001,4.49
9/15/2001,4.51
9/16/2001,4.51
9/17/2001,4.50
9/18/2001,4.53
9/19/2001,4.54
9/20/2001,4.61
9/21/2001,4.65
9/22/2001,4.64
9/23/2001,4.61
9/24/2001,4.56
9/25/2001,4.51
9/26/2001,4.46
9/27/2001,4.39
9/28/2001,4.33
9/29/2001,4.27
9/30/2001,4.23
10/1/2001,4.17
10/2/2001,4.13
10/3/2001,4.09
10/4/2001,4.13
10/5/2001,4.13
10/6/2001,4.04
10/7/2001,4.04
10/8/2001,4.04
10/9/2001,4.06
10/10/2001,4.06
10/11/2001,4.06
10/12/2001,4.08
10/13/2001,4.07
10/14/2001,4.11
10/15/2001,4.10
10/16/2001,4.11
10/17/2001,4.10
10/18/2001,4.11
10/19/2001,4.09
10/20/2001,4.05
10/21/2001,3.98
10/22/2001,3.89
10/23/2001,3.80
10/24/2001,3.70
10/25/2001,3.58
10/26/2001,3.47
10/27/2001,3.36
10/28/2001,3.26
10/29/2001,3.18
10/30/2001,3.11
10/31/2001,3.10
11/1/2001,3.10
11/2/2001,3.05
11/3/2001,2.96
11/4/2001,2.88
11/5/2001,2.78
11/6/2001,2.64
11/7/2001,2.54
11/8/2001,2.42
11/9/2001,2.32
11/10/2001,2.23
11/11/2001,2.19
11/12/2001,2.26
11/13/2001,2.28
11/14/2001,2.28
11/15/2001,2.24
11/16/2001,2.22
11/17/2001,2.20
11/18/2001,2.15
11/19/2001,2.07
11/20/2001,1.93
11/21/2001,1.86
11/22/2001,1.76
11/23/2001,1.71
11/24/2001,1.59
11/25/2001,1.50
11/26/2001,1.49
11/27/2001,1.53
11/28/2001,1.58
11/29/2001,1.49
11/30/2001,1.56
12/1/2001,1.54
12/2/2001,1.55
12/3/2001,1.55
12/4/2001,1.54
12/5/2001,1.49
12/6/2001,1.43
12/7/2001,1.36
12/8/2001,1.31
12/9/2001,1.32
12/10/2001,1.31
12/11/2001,1.26
12/12/2001,1.24
12/13/2001,1.22
12/14/2001,1.22
12/15/2001,1.20
12/16/2001,1.11
12/17/2001,1.12
12/18/2001,1.06
12/19/2001,1.00
12/20/2001,0.97
12/21/2001,0.84
12/22/2001,0.74
12/23/2001,0.65
12/24/2001,0.65
12/25/2001,0.69
12/26/2001,0.69
12/27/2001,0.72
12/28/2001,0.74
12/29/2001,0.79
12/30/2001,0.81
12/31/2001,0.83
1/1/2002,0.79
1/2/2002,0.81
1/3/2002,0.80
1/4/2002,0.74
1/5/2002,0.77
1/6/2002,0.70
1/7/2002,0.76
1/8/2002,0.70
1/9/2002,0.59
1/10/2002,0.53
1/11/2002,0.49
1/12/2002,0.53
1/13/2002,0.49
1/14/2002,0.60
1/15/2002,0.62
1/16/2002,0.63
1/17/2002,0.61
1/18/2002,0.59
1/19/2002,0.60
1/20/2002,0.52
1/21/2002,0.42
1/22/2002,0.38
1/23/2002,0.37
1/24/2002,0.34
1/25/2002,0.34
1/26/2002,0.30
1/27/2002,0.36
1/28/2002,0.38
1/29/2002,0.37
1/30/2002,0.47
1/31/2002,0.56
2/1/2002,0.54
2/2/2002,0.54
2/3/2002,0.53
2/4/2002,0.49
2/5/2002,0.48
2/6/2002,0.44
2/7/2002,0.29
2/8/2002,0.26
2/9/2002,0.30
2/10/2002,0.32
2/11/2002,0.33
2/12/2002,0.40
2/13/2002,0.43
2/14/2002,0.44
2/15/2002,0.41
2/16/2002,0.37
2/17/2002,0.36
2/18/2002,0.37
2/19/2002,0.37
2/20/2002,0.36
2/21/2002,0.29
2/22/2002,0.23
2/23/2002,0.25
2/24/2002,0.27
2/25/2002,0.27
2/26/2002,0.34
2/27/2002,0.50
2/28/2002,0.66
3/1/2002,0.75
3/2/2002,0.84
3/3/2002,0.80
3/4/2002,0.70
3/5/2002,0.62
3/6/2002,0.52
3/7/2002,0.45
3/8/2002,0.37
3/9/2002,0.26
3/10/2002,0.27
3/11/2002,0.34
3/12/2002,0.37
3/13/2002,0.38
3/14/2002,0.47
3/15/2002,0.52
3/16/2002,0.51
3/17/2002,0.54
3/18/2002,0.50
3/19/2002,0.47
3/20/2002,0.43
3/21/2002,0.34
3/22/2002,0.32
3/23/2002,0.37
3/24/2002,0.37
3/25/2002,0.57
3/26/2002,0.69
3/27/2002,0.77
3/28/2002,0.87
3/29/2002,0.92
3/30/2002,0.93
3/31/2002,0.94
4/1/2002,0.98
4/2/2002,0.96
4/3/2002,0.93
4/4/2002,0.87
4/5/2002,0.76
4/6/2002,0.62
4/7/2002,0.56
4/8/2002,0.61
4/9/2002,0.66
4/10/2002,0.77
4/11/2002,0.90
4/12/2002,0.95
4/13/2002,0.93
4/14/2002,0.97
4/15/2002,1.05
4/16/2002,1.18
4/17/2002,1.32
4/18/2002,1.38
4/19/2002,1.46
4/20/2002,1.46
4/21/2002,1.35
4/22/2002,1.27
4/23/2002,1.24
4/24/2002,1.29
4/25/2002,1.39
4/26/2002,1.53
4/27/2002,1.73
4/28/2002,1.82
4/29/2002,1.88
4/30/2002,1.93
5/1/2002,1.90
5/2/2002,1.81
5/3/2002,1.62
5/4/2002,1.58
5/5/2002,1.55
5/6/2002,1.53
5/7/2002,1.56
5/8/2002,1.67
5/9/2002,1.74
5/10/2002,1.81
5/11/2002,1.91
5/12/2002,1.99
5/13/2002,2.01
5/14/2002,1.99
5/15/2002,2.06
5/16/2002,2.06
5/17/2002,2.06
5/18/2002,2.06
5/19/2002,2.05
5/20/2002,2.12
5/21/2002,2.24
5/22/2002,2.31
5/23/2002,2.33
5/24/2002,2.40
5/25/2002,2.43
5/26/2002,2.57
5/27/2002,2.69
5/28/2002,2.80
5/29/2002,2.89
5/30/2002,2.93
5/31/2002,2.94
6/1/2002,2.99
6/2/2002,2.98
6/3/2002,2.96
6/4/2002,2.93
6/5/2002,2.88
6/6/2002,2.84
6/7/2002,2.85
6/8/2002,2.96
6/9/2002,3.08
6/10/2002,3.15
6/11/2002,3.18
6/12/2002,3.17
6/13/2002,3.20
6/14/2002,3.36
6/15/2002,3.51
6/16/2002,3.68
6/17/2002,3.90
6/18/2002,4.03
6/19/2002,4.22
6/20/2002,4.35
6/21/2002,4.48
6/22/2002,4.60
6/23/2002,4.68
6/24/2002,4.71
6/25/2002,4.72
6/26/2002,4.72
6/27/2002,4.70
6/28/2002,4.68
6/29/2002,4.66
6/30/2002,4.64
7/1/2002,4.65
7/2/2002,4.64
7/3/2002,4.61
7/4/2002,4.60
7/5/2002,4.63
7/6/2002,4.65
7/7/2002,4.67
7/8/2002,4.81
7/9/2002,4.89
7/10/2002,4.96
7/11/2002,5.01
7/12/2002,5.04
7/13/2002,5.06
7/14/2002,5.07
7/15/2002,5.10
7/16/2002,5.11
7/17/2002,5.13
7/18/2002,5.10
7/19/2002,5.04
7/20/2002,4.99
7/21/2002,4.98
7/22/2002,5.09
7/23/2002,5.18
7/24/2002,5.26
7/25/2002,5.37
7/26/2002,5.43
7/27/2002,5.47
7/28/2002,5.51
7/29/2002,5.54
7/30/2002,5.56
7/31/2002,5.58
8/1/2002,5.58
8/2/2002,5.61
8/3/2002,5.63
8/4/2002,5.63
8/5/2002,5.63
8/6/2002,5.62
8/7/2002,5.60
8/8/2002,5.56
8/9/2002,5.55
8/10/2002,5.49
8/11/2002,5.45
8/12/2002,5.43
8/13/2002,5.45
8/14/2002,5.43
8/15/2002,5.40
8/16/2002,5.35
8/17/2002,5.30
8/18/2002,5.26
8/19/2002,5.24
8/20/2002,5.23
8/21/2002,5.24
8/22/2002,5.23
8/23/2002,5.24
8/24/2002,5.22
8/25/2002,5.22
8/26/2002,5.19
8/27/2002,5.20
8/28/2002,5.18
8/29/2002,5.16
8/30/2002,5.11
8/31/2002,5.07
9/1/2002,5.01
9/2/2002,4.95
9/3/2002,4.88
9/4/2002,4.80
9/5/2002,4.73
9/6/2002,4.65
9/7/2002,4.60
9/8/2002,4.51
9/9/2002,4.43
9/10/2002,4.36
9/11/2002,4.32
9/12/2002,4.26
9/13/2002,4.17
9/14/2002,4.05
9/15/2002,3.92
9/16/2002,3.81
9/17/2002,3.77
9/18/2002,3.72
9/19/2002,3.68
9/20/2002,3.64
9/21/2002,3.60
9/22/2002,3.59
9/23/2002,3.58
9/24/2002,3.63
9/25/2002,3.64
9/26/2002,3.61
9/27/2002,3.57
9/28/2002,3.54
9/29/2002,3.51
9/30/2002,3.51
10/1/2002,3.55
10/2/2002,3.63
10/3/2002,3.62
10/4/2002,3.60
10/5/2002,3.66
10/6/2002,3.71
10/7/2002,3.73
10/8/2002,3.74
10/9/2002,3.73
10/10/2002,3.70
10/11/2002,3.61
10/12/2002,3.54
10/13/2002,3.42
10/14/2002,3.30
10/15/2002,3.19
10/16/2002,3.09
10/17/2002,2.98
10/18/2002,2.84
10/19/2002,2.76
10/20/2002,2.68
10/21/2002,2.60
10/22/2002,2.53
10/23/2002,2.48
10/24/2002,2.42
10/25/2002,2.36
10/26/2002,2.30
10/27/2002,2.22
10/28/2002,2.11
10/29/2002,1.99
10/30/2002,1.87
10/31/2002,1.80
11/1/2002,1.76
11/2/2002,1.74
11/3/2002,1.78
11/4/2002,1.88
11/5/2002,1.97
11/6/2002,1.99
11/7/2002,1.96
11/8/2002,1.85
11/9/2002,1.76
11/10/2002,1.67
11/11/2002,1.56
11/12/2002,1.41
11/13/2002,1.95
11/14/2002,1.77
11/15/2002,1.61
11/16/2002,1.52
11/17/2002,1.50
11/18/2002,1.50
11/19/2002,1.54
11/20/2002,1.57
11/21/2002,1.57
11/22/2002,1.50
11/23/2002,1.48
11/24/2002,1.46
11/25/2002,1.40
11/26/2002,1.29
11/27/2002,1.29
11/28/2002,1.26
11/29/2002,1.16
11/30/2002,1.19
12/1/2002,1.28
12/2/2002,1.31
12/3/2002,1.37
12/4/2002,1.36
12/5/2002,1.37
12/6/2002,1.35
12/7/2002,1.26
12/8/2002,1.18
12/9/2002,1.10
12/10/2002,0.96
12/11/2002,0.89
12/12/2002,0.85
12/13/2002,0.87
12/14/2002,0.86
12/15/2002,0.87
12/16/2002,0.86
12/17/2002,0.83
12/18/2002,0.83
12/19/2002,0.85
12/20/2002,0.90
12/21/2002,0.93
12/22/2002,0.95
12/23/2002,0.90
12/24/2002,0.90
12/25/2002,0.80
12/26/2002,0.74
12/27/2002,0.66
12/28/2002,0.59
12/29/2002,0.57
12/30/2002,0.53
12/31/2002,0.53
1/1/2003,0.57
1/2/2003,0.57
1/3/2003,0.55
1/4/2003,0.55
1/5/2003,0.65
1/6/2003,0.60
1/7/2003,0.52
1/8/2003,0.53
1/9/2003,0.49
1/10/2003,0.42
1/11/2003,0.37
1/12/2003,0.35
1/13/2003,0.35
1/14/2003,0.37
1/15/2003,0.36
1/16/2003,0.36
1/17/2003,0.40
1/18/2003,0.45
1/19/2003,0.50
1/20/2003,0.34
1/21/2003,0.61
1/22/2003,0.60
1/23/2003,0.61
1/24/2003,0.56
1/25/2003,0.52
1/26/2003,0.43
1/27/2003,0.38
1/28/2003,0.36
1/29/2003,0.28
1/30/2003,0.28
1/31/2003,0.37
2/1/2003,0.37
2/2/2003,0.41
2/3/2003,0.39
2/4/2003,0.36
2/5/2003,0.34
2/6/2003,0.27
2/7/2003,0.31
2/8/2003,0.30
2/9/2003,0.31
2/10/2003,0.35
2/11/2003,0.36
2/12/2003,0.37
2/13/2003,0.27
2/14/2003,0.20
2/15/2003,0.29
2/16/2003,0.32
2/17/2003,0.39
2/18/2003,0.42
2/19/2003,0.53
2/20/2003,0.53
2/21/2003,0.54
2/22/2003,0.51
2/23/2003,0.42
2/24/2003,0.29
2/25/2003,0.22
2/26/2003,0.20
2/27/2003,0.23
2/28/2003,0.26
3/1/2003,0.32
3/2/2003,0.38
3/3/2003,0.43
3/4/2003,0.49
3/5/2003,0.51
3/6/2003,0.43
3/7/2003,0.43
3/8/2003,0.35
3/9/2003,0.32
3/10/2003,0.22
3/11/2003,0.15
3/12/2003,0.11
3/13/2003,0.16
3/14/2003,0.18
3/15/2003,0.25
3/16/2003,0.40
3/17/2003,0.50
3/18/2003,0.58
3/19/2003,0.72
3/20/2003,0.78
3/21/2003,0.78
3/22/2003,0.74
3/23/2003,0.69
3/24/2003,0.63
3/25/2003,0.47
3/26/2003,0.44
3/27/2003,0.42
3/28/2003,0.45
3/29/2003,0.40
3/30/2003,0.44
3/31/2003,0.61
4/1/2003,0.87
4/2/2003,0.98
4/3/2003,0.99
4/4/2003,1.07
4/5/2003,1.05
4/6/2003,0.96
4/7/2003,0.88
4/8/2003,0.76
4/9/2003,0.73
4/10/2003,0.62
4/11/2003,0.54
4/12/2003,0.60
4/13/2003,0.72
4/14/2003,0.82
4/15/2003,0.90
4/16/2003,0.99
4/17/2003,1.19
4/18/2003,1.38
4/19/2003,1.50
4/20/2003,1.48
4/21/2003,1.51
4/22/2003,1.46
4/23/2003,1.28
4/24/2003,1.16
4/25/2003,1.14
4/26/2003,1.04
4/27/2003,1.03
4/28/2003,1.10
4/29/2003,1.15
4/30/2003,1.18
5/1/2003,1.21
5/2/2003,1.30
5/3/2003,1.56
5/4/2003,1.65
5/5/2003,1.74
5/6/2003,1.77
5/7/2003,1.68
5/8/2003,1.58
5/9/2003,1.47
5/10/2003,1.35
5/11/2003,1.33
5/12/2003,1.35
5/13/2003,1.44
5/14/2003,1.65
5/15/2003,1.86
5/16/2003,2.02
5/17/2003,2.12
5/18/2003,2.19
5/19/2003,2.13
5/20/2003,2.02
5/21/2003,2.04
5/22/2003,1.93
5/23/2003,1.94
5/24/2003,1.82
5/25/2003,1.83
5/26/2003,1.84
5/27/2003,1.89
5/28/2003,1.94
5/29/2003,1.99
5/30/2003,2.00
5/31/2003,1.99
6/1/2003,1.97
6/2/2003,1.98
6/3/2003,2.00
6/4/2003,1.94
6/5/2003,1.96
6/6/2003,2.02
6/7/2003,2.26
6/8/2003,2.30
6/9/2003,2.28
6/10/2003,2.37
6/11/2003,2.46
6/12/2003,2.59
6/13/2003,2.67
6/14/2003,2.77
6/15/2003,2.88
6/16/2003,2.97
6/17/2003,3.04
6/18/2003,3.14
6/19/2003,3.24
6/20/2003,3.38
6/21/2003,3.49
6/22/2003,3.65
6/23/2003,3.75
6/24/2003,3.80
6/25/2003,3.80
6/26/2003,3.80
6/27/2003,3.85
6/28/2003,4.04
6/29/2003,4.27
6/30/2003,4.43
7/1/2003,4.66
7/2/2003,4.83
7/3/2003,4.95
7/4/2003,5.04
7/5/2003,5.11
7/6/2003,5.15
7/7/2003,5.16
7/8/2003,5.16
7/9/2003,5.16
7/10/2003,5.17
7/11/2003,5.19
7/12/2003,5.23
7/13/2003,5.33
7/14/2003,5.44
7/15/2003,5.52
7/16/2003,5.58
7/17/2003,5.60
7/18/2003,5.61
7/19/2003,5.57
7/20/2003,5.54
7/21/2003,5.51
7/22/2003,5.52
7/23/2003,5.51
7/24/2003,5.48
7/25/2003,5.41
7/26/2003,5.36
7/27/2003,5.31
7/28/2003,5.26
7/29/2003,5.19
7/30/2003,5.18
7/31/2003,5.18
8/1/2003,5.19
8/2/2003,5.15
8/3/2003,5.12
8/4/2003,5.10
8/5/2003,5.07
8/6/2003,5.03
8/7/2003,4.98
8/8/2003,4.95
8/9/2003,4.93
8/10/2003,4.88
8/11/2003,4.84
8/12/2003,4.81
8/13/2003,4.83
8/14/2003,4.80
8/15/2003,4.75
8/16/2003,4.74
8/17/2003,4.69
8/18/2003,4.67
8/19/2003,4.66
8/20/2003,4.65
8/21/2003,4.64
8/22/2003,4.61
8/23/2003,4.60
8/24/2003,4.60
8/25/2003,4.62
8/26/2003,4.62
8/27/2003,4.60
8/28/2003,4.62
8/29/2003,4.63
8/30/2003,4.63
8/31/2003,4.61
9/1/2003,4.62
9/2/2003,4.58
9/3/2003,4.56
9/4/2003,4.55
9/5/2003,4.52
9/6/2003,4.52
9/7/2003,4.47
9/8/2003,4.45
9/9/2003,4.45
9/10/2003,4.45
9/11/2003,4.45
9/12/2003,4.44
9/13/2003,4.48
9/14/2003,4.49
9/15/2003,4.48
9/16/2003,4.51
9/17/2003,4.48
9/18/2003,4.49
9/19/2003,4.48
9/20/2003,4.48
9/21/2003,4.49
9/22/2003,4.49
9/23/2003,4.49
9/24/2003,4.49
9/25/2003,4.48
9/26/2003,4.49
9/27/2003,4.49
9/28/2003,4.49
9/29/2003,4.51
9/30/2003,4.49
10/1/2003,4.45
10/2/2003,4.41
10/3/2003,4.40
10/4/2003,4.36
10/5/2003,4.30
10/6/2003,4.26
10/7/2003,4.21
10/8/2003,4.21
10/9/2003,4.23
10/10/2003,4.16
10/11/2003,4.19
10/12/2003,4.20
10/13/2003,4.21
10/14/2003,4.21
10/15/2003,4.19
10/16/2003,4.16
10/17/2003,4.11
10/18/2003,4.07
10/19/2003,4.01
10/20/2003,3.95
10/21/2003,3.86
10/22/2003,3.81
10/23/2003,3.74
10/24/2003,3.66
10/25/2003,3.61
10/26/2003,3.58
10/27/2003,3.54
10/28/2003,3.47
10/29/2003,3.39
10/30/2003,3.30
10/31/2003,3.20
11/1/2003,
11/2/2003,
11/3/2003,
11/4/2003,
11/5/2003,
11/6/2003,
11/7/2003,
11/8/2003,
11/9/2003,
11/10/2003,
11/11/2003,
11/12/2003,
11/13/2003,
11/14/2003,
11/15/2003,
11/16/2003,
11/17/2003,
11/18/2003,
11/19/2003,
11/20/2003,
11/21/2003,
11/22/2003,
11/23/2003,
11/24/2003,
11/25/2003,
11/26/2003,
11/27/2003,
11/28/2003,
11/29/2003,
11/30/2003,
12/1/2003,1.33
12/2/2003,1.25
12/3/2003,1.27
12/4/2003,1.29
12/5/2003,1.29
12/6/2003,1.32
12/7/2003,1.31
12/8/2003,1.30
12/9/2003,1.32
12/10/2003,1.33
12/11/2003,1.32
12/12/2003,1.31
12/13/2003,1.27
12/14/2003,1.20
12/15/2003,1.14
12/16/2003,1.09
12/17/2003,1.10
12/18/2003,1.09
12/19/2003,1.19
12/20/2003,1.21
12/21/2003,1.23
12/22/2003,1.25
12/23/2003,1.30
12/24/2003,1.34
12/25/2003,1.32
12/26/2003,1.29
12/27/2003,1.12
12/28/2003,1.10
12/29/2003,0.94
12/30/2003,0.91
12/31/2003,0.83
1/1/2004,0.77
1/2/2004,0.80
1/3/2004,0.80
1/4/2004,0.50
1/5/2004,0.66
1/6/2004,0.62
1/7/2004,0.64
1/8/2004,0.78
1/9/2004,0.75
1/10/2004,0.72
1/11/2004,0.76
1/12/2004,0.79
1/13/2004,0.79
1/14/2004,0.80
1/15/2004,0.81
1/16/2004,0.78
1/17/2004,0.70
1/18/2004,0.66
1/19/2004,0.65
1/20/2004,0.68
1/21/2004,0.72
1/22/2004,0.75
1/23/2004,0.80
1/24/2004,0.80
1/25/2004,0.77
1/26/2004,0.68
1/27/2004,0.63
1/28/2004,0.57
1/29/2004,0.44
1/30/2004,0.39
1/31/2004,0.37
2/1/2004,0.41
2/2/2004,0.41
2/3/2004,0.43
2/4/2004,0.39
2/5/2004,0.46
2/6/2004,0.49
2/7/2004,0.53
2/8/2004,0.56
2/9/2004,0.53
2/10/2004,0.55
2/11/2004,0.60
2/12/2004,0.67
2/13/2004,0.60
2/14/2004,0.57
2/15/2004,0.56
2/16/2004,0.39
2/17/2004,0.38
2/18/2004,0.37
2/19/2004,0.43
2/20/2004,0.62
2/21/2004,0.66
2/22/2004,0.71
2/23/2004,0.77
2/24/2004,0.72
2/25/2004,0.60
2/26/2004,0.59
2/27/2004,0.56
2/28/2004,0.49
2/29/2004,0.46
3/1/2004,0.42
3/2/2004,0.37
3/3/2004,0.29
3/4/2004,0.37
3/5/2004,0.46
3/6/2004,0.52
3/7/2004,0.59
3/8/2004,0.58
3/9/2004,0.62
3/10/2004,0.68
3/11/2004,0.62
3/12/2004,0.60
3/13/2004,0.58
3/14/2004,0.50
3/15/2004,0.43
3/16/2004,0.37
3/17/2004,0.46
3/18/2004,0.57
3/19/2004,0.71
3/20/2004,0.83
3/21/2004,1.07
3/22/2004,1.16
3/23/2004,1.26
3/24/2004,1.34
3/25/2004,1.35
3/26/2004,1.26
3/27/2004,1.14
3/28/2004,1.02
3/29/2004,0.90
3/30/2004,0.77
3/31/2004,0.63
4/1/2004,0.64
4/2/2004,0.82
4/3/2004,0.99
4/4/2004,1.19
4/5/2004,1.40
4/6/2004,1.54
4/7/2004,1.65
4/8/2004,1.66
4/9/2004,1.62
4/10/2004,1.62
4/11/2004,1.65
4/12/2004,1.62
4/13/2004,1.61
4/14/2004,1.72
4/15/2004,1.85
4/16/2004,1.92
4/17/2004,1.99
4/18/2004,2.11
4/19/2004,2.17
4/20/2004,2.18
4/21/2004,2.09
4/22/2004,2.12
4/23/2004,2.12
4/24/2004,2.16
4/25/2004,2.11
4/26/2004,2.05
4/27/2004,1.99
4/28/2004,1.95
4/29/2004,1.91
4/30/2004,1.94
5/1/2004,1.99
5/2/2004,2.07
5/3/2004,2.14
5/4/2004,2.20
5/5/2004,2.26
5/6/2004,2.32
5/7/2004,2.36
5/8/2004,2.34
5/9/2004,2.30
5/10/2004,2.26
5/11/2004,2.22
5/12/2004,2.16
5/13/2004,2.13
5/14/2004,2.15
5/15/2004,2.18
5/16/2004,2.21
5/17/2004,2.25
5/18/2004,2.39
5/19/2004,2.60
5/20/2004,2.71
5/21/2004,2.88
5/22/2004,2.97
5/23/2004,3.08
5/24/2004,3.08
5/25/2004,3.08
5/26/2004,3.07
5/27/2004,3.04
5/28/2004,3.01
5/29/2004,3.00
5/30/2004,3.00
5/31/2004,3.03
6/1/2004,3.05
6/2/2004,3.08
6/3/2004,3.20
6/4/2004,3.27
6/5/2004,3.29
6/6/2004,3.26
6/7/2004,3.26
6/8/2004,3.24
6/9/2004,3.20
6/10/2004,3.14
6/11/2004,3.10
6/12/2004,3.04
6/13/2004,3.08
6/14/2004,3.15
6/15/2004,3.15
6/16/2004,3.11
6/17/2004,3.06
6/18/2004,3.07
6/19/2004,3.09
6/20/2004,3.12
6/21/2004,3.23
6/22/2004,3.35
6/23/2004,3.46
6/24/2004,3.78
6/25/2004,3.95
6/26/2004,4.11
6/27/2004,4.21
6/28/2004,4.28
6/29/2004,4.35
6/30/2004,4.40
7/1/2004,4.48
7/2/2004,4.54
7/3/2004,4.59
7/4/2004,4.61
7/5/2004,4.59
7/6/2004,4.60
7/7/2004,4.75
7/8/2004,4.82
7/9/2004,4.85
7/10/2004,4.98
7/11/2004,5.16
7/12/2004,5.32
7/13/2004,5.47
7/14/2004,5.57
7/15/2004,5.63
7/16/2004,5.71
7/17/2004,5.73
7/18/2004,5.76
7/19/2004,5.91
7/20/2004,6.24
7/21/2004,6.46
7/22/2004,6.59
7/23/2004,6.64
7/24/2004,6.68
7/25/2004,6.68
7/26/2004,6.67
7/27/2004,6.65
7/28/2004,6.62
7/29/2004,6.59
7/30/2004,6.52
7/31/2004,6.46
8/1/2004,6.42
8/2/2004,6.36
8/3/2004,6.31
8/4/2004,6.26
8/5/2004,6.15
8/6/2004,6.09
8/7/2004,6.01
8/8/2004,5.94
8/9/2004,5.88
8/10/2004,5.78
8/11/2004,5.71
8/12/2004,5.64
8/13/2004,5.53
8/14/2004,5.44
8/15/2004,5.37
8/16/2004,5.30
8/17/2004,5.24
8/18/2004,5.18
8/19/2004,5.12
8/20/2004,5.08
8/21/2004,5.02
8/22/2004,4.97
8/23/2004,4.90
8/24/2004,4.84
8/25/2004,4.78
8/26/2004,4.80
8/27/2004,4.77
8/28/2004,4.74
8/29/2004,4.73
8/30/2004,4.76
8/31/2004,4.74
9/1/2004,4.75
9/2/2004,4.79
9/3/2004,4.80
9/4/2004,4.84
9/5/2004,4.79
9/6/2004,4.79
9/7/2004,4.78
9/8/2004,4.73
9/9/2004,4.76
9/10/2004,4.79
9/11/2004,4.80
9/12/2004,4.83
9/13/2004,5.05
9/14/2004,5.09
9/15/2004,5.06
9/16/2004,5.04
9/17/2004,5.04
9/18/2004,5.00
9/19/2004,4.94
9/20/2004,4.89
9/21/2004,4.82
9/22/2004,4.74
9/23/2004,4.66
9/24/2004,4.56
9/25/2004,4.53
9/26/2004,4.45
9/27/2004,4.39
9/28/2004,4.30
9/29/2004,4.19
9/30/2004,4.26
10/1/2004,4.28
10/2/2004,4.23
10/3/2004,4.18
10/4/2004,4.12
10/5/2004,4.04
10/6/2004,3.99
10/7/2004,4.10
10/8/2004,4.16
10/9/2004,4.35
10/10/2004,4.52
10/11/2004,4.60
10/12/2004,4.63
10/13/2004,4.69
10/14/2004,4.71
10/15/2004,4.72
10/16/2004,4.71
10/17/2004,4.66
10/18/2004,4.61
10/19/2004,4.55
10/20/2004,4.47
10/21/2004,4.37
10/22/2004,4.28
10/23/2004,4.18
10/24/2004,4.08
10/25/2004,3.98
10/26/2004,3.88
10/27/2004,3.75
10/28/2004,3.62
10/29/2004,3.50
10/30/2004,3.38
10/31/2004,3.22
11/1/2004,3.04
11/2/2004,2.85
11/3/2004,2.66
11/4/2004,2.46
11/5/2004,2.26
11/6/2004,2.07
11/7/2004,1.96
11/8/2004,1.86
11/9/2004,1.81
11/10/2004,1.82
11/11/2004,1.82
11/12/2004,1.81
11/13/2004,1.75
11/14/2004,1.77
11/15/2004,1.76
11/16/2004,1.78
11/17/2004,1.73
11/18/2004,1.50
11/19/2004,1.45
11/20/2004,1.43
11/21/2004,1.36
11/22/2004,1.36
11/23/2004,1.34
11/24/2004,1.39
11/25/2004,1.38
11/26/2004,1.37
11/27/2004,1.29
11/28/2004,1.27
11/29/2004,1.25
11/30/2004,1.19
12/1/2004,1.21
12/2/2004,1.11
12/3/2004,1.03
12/4/2004,0.88
12/5/2004,0.85
12/6/2004,0.86
12/7/2004,0.82
12/8/2004,0.89
12/9/2004,0.90
12/10/2004,1.01
12/11/2004,1.08
12/12/2004,1.13
12/13/2004,1.21
12/14/2004,1.15
12/15/2004,1.17
12/16/2004,1.14
12/17/2004,1.11
12/18/2004,0.85
12/19/2004,0.88
12/20/2004,0.86
12/21/2004,0.80
12/22/2004,0.77
12/23/2004,0.76
12/24/2004,0.80
12/25/2004,0.74
12/26/2004,0.70
12/27/2004,0.67
12/28/2004,0.64
12/29/2004,0.68
12/30/2004,0.65
12/31/2004,0.65
1/1/2005,0.66
1/2/2005,0.61
1/3/2005,0.63
1/4/2005,0.53
1/5/2005,0.57
1/6/2005,0.55
1/7/2005,0.55
1/8/2005,0.54
1/9/2005,0.58
1/10/2005,0.64
1/11/2005,0.69
1/12/2005,0.73
1/13/2005,0.68
1/14/2005,0.66
1/15/2005,0.61
1/16/2005,0.60
1/17/2005,0.53
1/18/2005,0.40
1/19/2005,0.40
1/20/2005,0.39
1/21/2005,0.37
1/22/2005,-0.02
1/23/2005,0.19
1/24/2005,0.27
1/25/2005,0.38
1/26/2005,0.42
1/27/2005,0.41
1/28/2005,0.43
1/29/2005,0.40
1/30/2005,0.30
1/31/2005,0.30
2/1/2005,0.34
2/2/2005,0.30
2/3/2005,0.09
2/4/2005,0.06
2/5/2005,0.02
2/6/2005,0.04
2/7/2005,0.25
2/8/2005,0.38
2/9/2005,0.43
2/10/2005,0.51
2/11/2005,0.58
2/12/2005,0.57
2/13/2005,0.54
2/14/2005,0.58
2/15/2005,0.56
2/16/2005,0.50
2/17/2005,0.53
2/18/2005,0.47
2/19/2005,0.45
2/20/2005,0.42
2/21/2005,0.40
2/22/2005,0.45
2/23/2005,0.36
2/24/2005,0.41
2/25/2005,0.45
2/26/2005,0.53
2/27/2005,0.56
2/28/2005,0.59
3/1/2005,0.59
3/2/2005,0.53
3/3/2005,0.52
3/4/2005,0.51
3/5/2005,0.49
3/6/2005,0.43
3/7/2005,0.53
3/8/2005,0.55
3/9/2005,0.57
3/10/2005,0.62
3/11/2005,0.68
3/12/2005,0.78
3/13/2005,0.76
3/14/2005,0.76
3/15/2005,0.70
3/16/2005,0.67
3/17/2005,0.61
3/18/2005,0.52
3/19/2005,0.42
3/20/2005,0.34
3/21/2005,0.45
3/22/2005,0.64
3/23/2005,0.84
3/24/2005,0.98
3/25/2005,1.07
3/26/2005,1.16
3/27/2005,1.31
3/28/2005,1.29
3/29/2005,1.35
3/30/2005,1.39
3/31/2005,1.36
4/1/2005,1.31
4/2/2005,1.17
4/3/2005,1.08
4/4/2005,0.96
4/5/2005,1.04
4/6/2005,1.08
4/7/2005,1.18
4/8/2005,1.24
4/9/2005,1.44
4/10/2005,1.51
4/11/2005,1.56
4/12/2005,1.60
4/13/2005,1.50
4/14/2005,1.40
4/15/2005,1.30
4/16/2005,1.21
4/17/2005,1.16
4/18/2005,1.11
4/19/2005,1.12
4/20/2005,1.16
4/21/2005,1.15
4/22/2005,1.22
4/23/2005,1.28
4/24/2005,1.40
4/25/2005,1.49
4/26/2005,1.53
4/27/2005,1.57
4/28/2005,1.63
4/29/2005,1.62
4/30/2005,1.61
5/1/2005,1.43
5/2/2005,1.34
5/3/2005,1.29
5/4/2005,1.27
5/5/2005,1.26
5/6/2005,1.32
5/7/2005,1.52
5/8/2005,1.51
5/9/2005,1.63
5/10/2005,1.68
5/11/2005,1.71
5/12/2005,1.71
5/13/2005,1.69
5/14/2005,1.62
5/15/2005,1.56
5/16/2005,1.52
5/17/2005,1.47
5/18/2005,1.39
5/19/2005,1.50
5/20/2005,1.63
5/21/2005,1.77
5/22/2005,1.92
5/23/2005,2.05
5/24/2005,2.12
5/25/2005,2.22
5/26/2005,2.30
5/27/2005,2.31
5/28/2005,2.30
5/29/2005,2.32
5/30/2005,2.30
5/31/2005,2.28
6/1/2005,2.29
6/2/2005,2.30
6/3/2005,2.31
6/4/2005,2.39
6/5/2005,2.44
6/6/2005,2.47
6/7/2005,2.53
6/8/2005,2.56
6/9/2005,2.59
6/10/2005,2.63
6/11/2005,2.63
6/12/2005,2.59
6/13/2005,2.57
6/14/2005,2.56
6/15/2005,2.51
6/16/2005,2.45
6/17/2005,2.41
6/18/2005,2.45
6/19/2005,2.47
6/20/2005,2.53
6/21/2005,2.56
6/22/2005,2.64
6/23/2005,2.73
6/24/2005,2.85
6/25/2005,3.07
6/26/2005,3.25
6/27/2005,3.42
6/28/2005,3.57
6/29/2005,3.65
6/30/2005,3.66
7/1/2005,3.64
7/2/2005,3.66
7/3/2005,3.64
7/4/2005,3.70
7/5/2005,3.75
7/6/2005,3.75
7/7/2005,3.73
7/8/2005,3.72
7/9/2005,3.72
7/10/2005,3.72
7/11/2005,3.74
7/12/2005,3.83
7/13/2005,3.87
7/14/2005,3.99
7/15/2005,4.12
7/16/2005,4.22
7/17/2005,4.31
7/18/2005,4.42
7/19/2005,4.52
7/20/2005,4.68
7/21/2005,4.80
7/22/2005,4.86
7/23/2005,4.94
7/24/2005,4.98
7/25/2005,5.05
7/26/2005,5.07
7/27/2005,5.08
7/28/2005,5.09
7/29/2005,5.08
7/30/2005,5.03
7/31/2005,4.97
8/1/2005,4.88
8/2/2005,4.82
8/3/2005,4.77
8/4/2005,4.67
8/5/2005,4.58
8/6/2005,4.54
8/7/2005,4.52
8/8/2005,4.52
8/9/2005,4.53
8/10/2005,4.53
8/11/2005,4.54
8/12/2005,4.55
8/13/2005,4.56
8/14/2005,4.56
8/15/2005,4.52
8/16/2005,4.53
8/17/2005,4.52
8/18/2005,4.51
8/19/2005,4.52
8/20/2005,4.52
8/21/2005,4.53
8/22/2005,4.56
8/23/2005,4.59
8/24/2005,4.65
8/25/2005,4.69
8/26/2005,4.71
8/27/2005,4.75
8/28/2005,4.79
8/29/2005,4.83
8/30/2005,4.85
8/31/2005,4.89
9/1/2005,4.88
9/2/2005,4.87
9/3/2005,4.85
9/4/2005,4.82
9/5/2005,4.78
9/6/2005,4.75
9/7/2005,4.71
9/8/2005,4.67
9/9/2005,4.64
9/10/2005,4.56
9/11/2005,4.52
9/12/2005,4.47
9/13/2005,4.40
9/14/2005,4.39
9/15/2005,4.40
9/16/2005,4.31
9/17/2005,4.21
9/18/2005,4.11
9/19/2005,4.02
9/20/2005,3.97
9/21/2005,3.92
9/22/2005,3.89
9/23/2005,3.81
9/24/2005,3.74
9/25/2005,3.67
9/26/2005,3.64
9/27/2005,3.60
9/28/2005,3.55
9/29/2005,3.52
9/30/2005,3.48
10/1/2005,3.58
10/2/2005,3.66
10/3/2005,3.70
10/4/2005,3.71
10/5/2005,3.73
10/6/2005,3.73
10/7/2005,3.72
10/8/2005,3.72
10/9/2005,3.70
10/10/2005,3.66
10/11/2005,3.60
10/12/2005,3.52
10/13/2005,3.45
10/14/2005,3.36
10/15/2005,3.27
10/16/2005,3.18
10/17/2005,3.13
10/18/2005,3.09
10/19/2005,3.04
10/20/2005,2.96
10/21/2005,2.93
10/22/2005,2.90
10/23/2005,2.90
10/24/2005,2.91
10/25/2005,2.88
10/26/2005,2.85
10/27/2005,2.84
10/28/2005,2.84
10/29/2005,2.87
10/30/2005,2.88
10/31/2005,2.89
11/1/2005,2.90
11/2/2005,2.87
11/3/2005,2.84
11/4/2005,2.74
11/5/2005,2.68
11/6/2005,2.60
11/7/2005,2.50
11/8/2005,2.36
11/9/2005,2.27
11/10/2005,2.21
11/11/2005,2.13
11/12/2005,2.05
11/13/2005,2.01
11/14/2005,2.06
11/15/2005,2.03
11/16/2005,2.03
11/17/2005,2.00
11/18/2005,1.98
11/19/2005,1.87
11/20/2005,1.74
11/21/2005,1.60
11/22/2005,1.52
11/23/2005,1.40
11/24/2005,1.26
11/25/2005,1.22
11/26/2005,1.21
11/27/2005,1.19
11/28/2005,1.20
11/29/2005,1.24
11/30/2005,1.29
12/1/2005,1.36
12/2/2005,1.39
12/3/2005,1.42
12/4/2005,1.39
12/5/2005,1.32
12/6/2005,1.27
12/7/2005,1.14
12/8/2005,1.12
12/9/2005,1.12
12/10/2005,1.07
12/11/2005,1.05
12/12/2005,1.00
12/13/2005,0.93
12/14/2005,0.91
12/15/2005,0.88
12/16/2005,0.96
12/17/2005,1.00
12/18/2005,0.90
12/19/2005,0.88
12/20/2005,0.81
12/21/2005,0.76
12/22/2005,0.73
12/23/2005,0.75
12/24/2005,0.82
12/25/2005,0.84
12/26/2005,0.78
12/27/2005,0.72
12/28/2005,0.75
12/29/2005,0.75
12/30/2005,0.79
12/31/2005,0.83
1/1/2006,0.87
1/2/2006,0.92
1/3/2006,0.93
1/4/2006,0.93
1/5/2006,0.89
1/6/2006,0.81
1/7/2006,0.71
1/8/2006,0.68
1/9/2006,0.56
1/10/2006,0.48
1/11/2006,0.45
1/12/2006,0.45
1/13/2006,0.43
1/14/2006,0.53
1/15/2006,0.50
1/16/2006,0.59
1/17/2006,0.61
1/18/2006,0.59
1/19/2006,0.58
1/20/2006,0.53
1/21/2006,0.48
1/22/2006,0.41
1/23/2006,0.34
1/24/2006,0.25
1/25/2006,0.20
1/26/2006,0.04
1/27/2006,0.13
1/28/2006,0.24
1/29/2006,0.39
1/30/2006,0.52
1/31/2006,0.58
2/1/2006,0.57
2/2/2006,0.68
2/3/2006,0.70
2/4/2006,0.65
2/5/2006,0.62
2/6/2006,0.62
2/7/2006,0.35
2/8/2006,0.31
2/9/2006,0.28
2/10/2006,0.29
2/11/2006,0.31
2/12/2006,0.29
2/13/2006,0.33
2/14/2006,0.41
2/15/2006,0.53
2/16/2006,0.63
2/17/2006,0.70
2/18/2006,0.71
2/19/2006,0.66
2/20/2006,0.57
2/21/2006,0.53
2/22/2006,0.51
2/23/2006,0.46
2/24/2006,0.40
2/25/2006,0.43
2/26/2006,0.43
2/27/2006,0.56
2/28/2006,0.68
3/1/2006,0.81
3/2/2006,0.88
3/3/2006,0.87
3/4/2006,0.75
3/5/2006,0.60
3/6/2006,0.59
3/7/2006,0.56
3/8/2006,0.51
3/9/2006,0.26
3/10/2006,0.33
3/11/2006,0.28
3/12/2006,0.21
3/13/2006,0.39
3/14/2006,0.43
3/15/2006,0.48
3/16/2006,0.45
3/17/2006,0.45
3/18/2006,0.45
3/19/2006,0.39
3/20/2006,0.32
3/21/2006,0.35
3/22/2006,0.36
3/23/2006,0.38
3/24/2006,0.36
3/25/2006,0.34
3/26/2006,0.37
3/27/2006,0.39
3/28/2006,0.55
3/29/2006,0.62
3/30/2006,0.73
3/31/2006,0.78
4/1/2006,0.81
4/2/2006,0.84
4/3/2006,0.82
4/4/2006,0.81
4/5/2006,0.87
4/6/2006,0.74
4/7/2006,0.65
4/8/2006,0.71
4/9/2006,0.64
4/10/2006,0.73
4/11/2006,0.83
4/12/2006,1.00
4/13/2006,1.11
4/14/2006,1.21
4/15/2006,1.24
4/16/2006,1.28
4/17/2006,1.24
4/18/2006,1.21
4/19/2006,1.06
4/20/2006,0.96
4/21/2006,0.91
4/22/2006,0.87
4/23/2006,0.89
4/24/2006,0.94
4/25/2006,0.98
4/26/2006,1.09
4/27/2006,1.21
4/28/2006,1.25
4/29/2006,1.37
4/30/2006,1.39
5/1/2006,1.44
5/2/2006,1.41
5/3/2006,1.17
5/4/2006,1.05
5/5/2006,0.92
5/6/2006,0.86
5/7/2006,0.84
5/8/2006,0.84
5/9/2006,0.95
5/10/2006,1.04
5/11/2006,1.22
5/12/2006,1.34
5/13/2006,1.47
5/14/2006,1.54
5/15/2006,1.57
5/16/2006,1.60
5/17/2006,1.64
5/18/2006,1.56
5/19/2006,1.43
5/20/2006,1.38
5/21/2006,1.36
5/22/2006,1.36
5/23/2006,1.34
5/24/2006,1.35
5/25/2006,1.38
5/26/2006,1.42
5/27/2006,1.78
5/28/2006,1.98
5/29/2006,2.12
5/30/2006,2.14
5/31/2006,2.16
6/1/2006,2.19
6/2/2006,2.19
6/3/2006,2.22
6/4/2006,2.28
6/5/2006,2.47
6/6/2006,2.75
6/7/2006,2.96
6/8/2006,3.16
6/9/2006,3.27
6/10/2006,3.38
6/11/2006,3.44
6/12/2006,3.50
6/13/2006,3.62
6/14/2006,3.74
6/15/2006,3.89
6/16/2006,4.00
6/17/2006,4.10
6/18/2006,4.13
6/19/2006,4.19
6/20/2006,4.21
6/21/2006,4.19
6/22/2006,4.22
6/23/2006,4.22
6/24/2006,4.22
6/25/2006,4.19
6/26/2006,4.15
6/27/2006,4.12
6/28/2006,4.12
6/29/2006,4.09
6/30/2006,4.08
7/1/2006,4.07
7/2/2006,4.08
7/3/2006,4.07
7/4/2006,4.02
7/5/2006,3.97
7/6/2006,3.92
7/7/2006,3.92
7/8/2006,3.97
7/9/2006,4.02
7/10/2006,4.07
7/11/2006,4.11
7/12/2006,4.15
7/13/2006,4.18
7/14/2006,4.22
7/15/2006,4.27
7/16/2006,4.31
7/17/2006,4.32
7/18/2006,4.31
7/19/2006,4.29
7/20/2006,4.25
7/21/2006,4.24
7/22/2006,4.23
7/23/2006,4.21
7/24/2006,4.18
7/25/2006,4.16
7/26/2006,4.18
7/27/2006,4.19
7/28/2006,4.20
7/29/2006,4.20
7/30/2006,4.19
7/31/2006,4.18
8/1/2006,4.17
8/2/2006,4.14
8/3/2006,4.13
8/4/2006,4.10
8/5/2006,4.06
8/6/2006,4.02
8/7/2006,3.99
8/8/2006,3.97
8/9/2006,3.95
8/10/2006,3.95
8/11/2006,3.91
8/12/2006,3.90
8/13/2006,3.88
8/14/2006,3.85
8/15/2006,3.80
8/16/2006,3.73
8/17/2006,3.65
8/18/2006,3.55
8/19/2006,3.46
8/20/2006,3.37
8/21/2006,3.30
8/22/2006,3.26
8/23/2006,3.25
8/24/2006,3.26
8/25/2006,3.24
8/26/2006,3.22
8/27/2006,3.20
8/28/2006,3.23
8/29/2006,3.26
8/30/2006,3.31
8/31/2006,3.30
9/1/2006,3.29
9/2/2006,3.27
9/3/2006,3.25
9/4/2006,3.24
9/5/2006,3.22
9/6/2006,3.20
9/7/2006,3.17
9/8/2006,3.11
9/9/2006,3.16
9/10/2006,3.18
9/11/2006,3.24
9/12/2006,3.29
9/13/2006,3.38
9/14/2006,3.42
9/15/2006,3.44
9/16/2006,3.46
9/17/2006,3.54
9/18/2006,3.59
9/19/2006,3.60
9/20/2006,3.64
9/21/2006,3.71
9/22/2006,3.84
9/23/2006,3.88
9/24/2006,3.88
9/25/2006,3.82
9/26/2006,3.75
9/27/2006,3.71
9/28/2006,3.68
9/29/2006,3.63
9/30/2006,3.56
10/1/2006,3.52
10/2/2006,3.45
10/3/2006,3.37
10/4/2006,3.32
10/5/2006,3.27
10/6/2006,3.29
10/7/2006,3.26
10/8/2006,3.22
10/9/2006,3.21
10/10/2006,3.16
10/11/2006,3.07
10/12/2006,2.98
10/13/2006,2.77
10/14/2006,2.74
10/15/2006,2.63
10/16/2006,2.50
10/17/2006,2.39
10/18/2006,2.23
10/19/2006,2.13
10/20/2006,2.09
10/21/2006,2.03
10/22/2006,2.02
10/23/2006,1.96
10/24/2006,1.91
10/25/2006,1.85
10/26/2006,1.77
10/27/2006,1.67
10/28/2006,1.60
10/29/2006,1.47
10/30/2006,1.41
10/31/2006,1.29
11/1/2006,1.20
11/2/2006,1.19
11/3/2006,1.23
11/4/2006,1.36
11/5/2006,1.43
11/6/2006,1.44
11/7/2006,1.43
11/8/2006,1.38
11/9/2006,1.34
11/10/2006,1.21
11/11/2006,1.04
11/12/2006,0.87
11/13/2006,0.69
11/14/2006,0.70
11/15/2006,0.72
11/16/2006,0.74
11/17/2006,0.75
11/18/2006,0.76
11/19/2006,0.80
11/20/2006,0.87
11/21/2006,0.92
11/22/2006,0.95
11/23/2006,0.91
11/24/2006,0.90
11/25/2006,0.82
11/26/2006,0.81
11/27/2006,0.78
11/28/2006,0.67
11/29/2006,0.58
11/30/2006,0.53
12/1/2006,0.53
12/2/2006,0.53
12/3/2006,0.53
12/4/2006,0.65
12/5/2006,0.69
12/6/2006,0.70
12/7/2006,0.64
12/8/2006,0.60
12/9/2006,0.58
12/10/2006,0.50
12/11/2006,0.44
12/12/2006,0.40
12/13/2006,0.27
12/14/2006,0.18
12/15/2006,0.19
12/16/2006,0.29
12/17/2006,0.31
12/18/2006,0.41
12/19/2006,0.48
12/20/2006,0.50
12/21/2006,0.52
12/22/2006,0.55
12/23/2006,0.58
12/24/2006,0.58
12/25/2006,0.46
12/26/2006,0.40
12/27/2006,0.35
12/28/2006,0.37
12/29/2006,0.39
12/30/2006,0.31
12/31/2006,0.21
1/1/2007,0.25
1/2/2007,0.23
1/3/2007,0.23
1/4/2007,0.22
1/5/2007,0.28
1/6/2007,0.25
1/7/2007,0.21
1/8/2007,0.18
1/9/2007,0.15
1/10/2007,0.12
1/11/2007,0.16
1/12/2007,0.10
1/13/2007,0.06
1/14/2007,0.01
1/15/2007,0.05
1/16/2007,0.06
1/17/2007,0.11
1/18/2007,0.20
1/19/2007,0.19
1/20/2007,0.20
1/21/2007,0.25
1/22/2007,0.35
1/23/2007,0.34
1/24/2007,0.27
1/25/2007,0.23
1/26/2007,0.22
1/27/2007,0.23
1/28/2007,0.21
1/29/2007,0.10
1/30/2007,0.08
1/31/2007,0.18
2/1/2007,0.24
2/2/2007,0.27
2/3/2007,0.32
2/4/2007,0.40
2/5/2007,0.47
2/6/2007,0.54
2/7/2007,0.53
2/8/2007,0.50
2/9/2007,0.40
2/10/2007,0.23
2/11/2007,0.18
2/12/2007,0.10
2/13/2007,0.01
2/14/2007,0.02
2/15/2007,0.18
2/16/2007,0.17
2/17/2007,0.31
2/18/2007,0.44
2/19/2007,0.48
2/20/2007,0.56
2/21/2007,0.49
2/22/2007,0.45
2/23/2007,0.40
2/24/2007,0.31
2/25/2007,0.27
2/26/2007,0.18
2/27/2007,0.17
2/28/2007,0.15
3/1/2007,0.17
3/2/2007,0.17
3/3/2007,0.17
3/4/2007,0.20
3/5/2007,0.21
3/6/2007,0.31
3/7/2007,0.35
3/8/2007,0.40
3/9/2007,0.41
3/10/2007,0.26
3/11/2007,0.22
3/12/2007,0.11
3/13/2007,0.04
3/14/2007,-0.01
3/15/2007,-0.01
3/16/2007,-0.03
3/17/2007,0.12
3/18/2007,0.20
3/19/2007,0.31
3/20/2007,0.39
3/21/2007,0.61
3/22/2007,0.70
3/23/2007,0.74
3/24/2007,0.72
3/25/2007,0.57
3/26/2007,0.46
3/27/2007,0.21
3/28/2007,0.14
3/29/2007,0.08
3/30/2007,0.04
3/31/2007,0.15
4/1/2007,0.25
4/2/2007,0.39
4/3/2007,0.63
4/4/2007,0.74
4/5/2007,0.74
4/6/2007,0.72
4/7/2007,0.73
4/8/2007,0.79
4/9/2007,0.86
4/10/2007,0.81
4/11/2007,0.78
4/12/2007,0.80
4/13/2007,0.84
4/14/2007,0.97
4/15/2007,1.00
4/16/2007,1.12
4/17/2007,1.23
4/18/2007,1.43
4/19/2007,1.39
4/20/2007,1.38
4/21/2007,1.34
4/22/2007,1.31
4/23/2007,1.30
4/24/2007,1.26
4/25/2007,1.18
4/26/2007,1.14
4/27/2007,1.18
4/28/2007,1.25
4/29/2007,1.29
4/30/2007,1.33
5/1/2007,1.42
5/2/2007,1.46
5/3/2007,1.54
5/4/2007,1.58
5/5/2007,1.55
5/6/2007,1.54
5/7/2007,1.46
5/8/2007,1.43
5/9/2007,1.34
5/10/2007,1.28
5/11/2007,1.24
5/12/2007,1.25
5/13/2007,1.25
5/14/2007,1.33
5/15/2007,1.20
5/16/2007,1.54
5/17/2007,1.64
5/18/2007,1.70
5/19/2007,1.67
5/20/2007,1.69
5/21/2007,1.67
5/22/2007,1.68
5/23/2007,1.68
5/24/2007,1.72
5/25/2007,1.67
5/26/2007,1.57
5/27/2007,1.58
5/28/2007,1.60
5/29/2007,1.60
5/30/2007,1.62
5/31/2007,1.67
6/1/2007,1.75
6/2/2007,1.93
6/3/2007,1.94
6/4/2007,1.97
6/5/2007,1.94
6/6/2007,1.99
6/7/2007,2.03
6/8/2007,2.09
6/9/2007,2.12
6/10/2007,2.30
6/11/2007,2.54
6/12/2007,2.92
6/13/2007,3.19
6/14/2007,3.36
6/15/2007,3.45
6/16/2007,3.58
6/17/2007,3.70
6/18/2007,3.87
6/19/2007,4.01
6/20/2007,4.12
6/21/2007,4.21
6/22/2007,4.29
6/23/2007,4.35
6/24/2007,4.42
6/25/2007,4.44
6/26/2007,4.44
6/27/2007,4.43
6/28/2007,4.43
6/29/2007,4.42
6/30/2007,4.40
7/1/2007,4.36
7/2/2007,4.33
7/3/2007,4.28
7/4/2007,4.22
7/5/2007,4.20
7/6/2007,4.22
7/7/2007,4.15
7/8/2007,4.10
7/9/2007,4.02
7/10/2007,3.91
7/11/2007,3.84
7/12/2007,3.84
7/13/2007,3.85
7/14/2007,3.83
7/15/2007,3.83
7/16/2007,3.84
7/17/2007,3.82
7/18/2007,3.81
7/19/2007,3.84
7/20/2007,3.93
7/21/2007,4.00
7/22/2007,4.14
7/23/2007,4.28
7/24/2007,4.38
7/25/2007,4.44
7/26/2007,4.64
7/27/2007,4.83
7/28/2007,5.00
7/29/2007,5.19
7/30/2007,5.33
7/31/2007,5.44
8/1/2007,5.60
8/2/2007,5.71
8/3/2007,5.80
8/4/2007,5.84
8/5/2007,5.85
8/6/2007,5.83
8/7/2007,5.78
8/8/2007,5.74
8/9/2007,5.70
8/10/2007,5.65
8/11/2007,5.58
8/12/2007,5.50
8/13/2007,5.42
8/14/2007,5.35
8/15/2007,5.32
8/16/2007,5.37
8/17/2007,5.35
8/18/2007,5.32
8/19/2007,5.27
8/20/2007,5.23
8/21/2007,5.17
8/22/2007,5.10
8/23/2007,5.04
8/24/2007,4.99
8/25/2007,4.93
8/26/2007,4.86
8/27/2007,4.87
8/28/2007,4.84
8/29/2007,4.80
8/30/2007,4.79
8/31/2007,4.78
9/1/2007,4.74
9/2/2007,4.73
9/3/2007,4.69
9/4/2007,4.66
9/5/2007,4.64
9/6/2007,4.64
9/7/2007,4.60
9/8/2007,4.67
9/9/2007,4.80
9/10/2007,4.98
9/11/2007,5.11
9/12/2007,5.22
9/13/2007,5.31
9/14/2007,5.37
9/15/2007,5.40
9/16/2007,5.46
9/17/2007,5.45
9/18/2007,5.44
9/19/2007,5.42
9/20/2007,5.38
9/21/2007,5.35
9/22/2007,5.29
9/23/2007,5.21
9/24/2007,5.18
9/25/2007,5.14
9/26/2007,5.07
9/27/2007,5.01
9/28/2007,4.94
9/29/2007,4.90
9/30/2007,4.85
10/1/2007,4.76
10/2/2007,4.66
10/3/2007,4.58
10/4/2007,4.48
10/5/2007,4.39
10/6/2007,4.29
10/7/2007,4.21
10/8/2007,4.13
10/9/2007,4.07
10/10/2007,4.04
10/11/2007,4.02
10/12/2007,3.99
10/13/2007,3.96
10/14/2007,3.93
10/15/2007,3.86
10/16/2007,3.94
10/17/2007,3.85
10/18/2007,3.80
10/19/2007,3.75
10/20/2007,3.69
10/21/2007,3.61
10/22/2007,3.52
10/23/2007,3.44
10/24/2007,3.37
10/25/2007,3.32
10/26/2007,3.27
10/27/2007,3.22
10/28/2007,3.16
10/29/2007,3.08
10/30/2007,2.97
10/31/2007,2.84
11/1/2007,2.70
11/2/2007,2.53
11/3/2007,2.36
11/4/2007,2.25
11/5/2007,2.16
11/6/2007,2.11
11/7/2007,2.08
11/8/2007,2.03
11/9/2007,2.01
11/10/2007,1.98
11/11/2007,1.96
11/12/2007,1.89
11/13/2007,1.81
11/14/2007,1.74
11/15/2007,1.68
11/16/2007,2.29
11/17/2007,2.25
11/18/2007,2.03
11/19/2007,1.85
11/20/2007,1.76
11/21/2007,1.78
11/22/2007,1.72
11/23/2007,1.82
11/24/2007,1.85
11/25/2007,1.90
11/26/2007,1.90
11/27/2007,1.88
11/28/2007,1.85
11/29/2007,1.77
11/30/2007,1.67
12/1/2007,1.46
12/2/2007,1.35
12/3/2007,1.24
12/4/2007,1.17
12/5/2007,1.12
12/6/2007,1.03
12/7/2007,1.04
12/8/2007,1.08
12/9/2007,1.08
12/10/2007,1.04
12/11/2007,1.04
12/12/2007,1.05
12/13/2007,1.02
12/14/2007,0.97
12/15/2007,0.89
12/16/2007,0.80
12/17/2007,0.75
12/18/2007,0.69
12/19/2007,0.69
12/20/2007,0.72
12/21/2007,0.70
12/22/2007,0.76
12/23/2007,0.81
12/24/2007,0.85
12/25/2007,0.89
12/26/2007,0.92
12/27/2007,0.92
12/28/2007,0.89
12/29/2007,0.85
12/30/2007,0.78
12/31/2007,0.73
1/1/2008,0.74
1/2/2008,0.67
1/3/2008,0.67
1/4/2008,0.65
1/5/2008,0.66
1/6/2008,0.66
1/7/2008,0.67
1/8/2008,0.71
1/9/2008,0.76
1/10/2008,0.83
1/11/2008,0.92
1/12/2008,0.94
1/13/2008,0.93
1/14/2008,0.85
1/15/2008,0.86
1/16/2008,0.72
1/17/2008,0.59
1/18/2008,0.56
1/19/2008,0.53
1/20/2008,0.59
1/21/2008,0.67
1/22/2008,0.68
1/23/2008,0.68
1/24/2008,0.70
1/25/2008,0.74
1/26/2008,0.75
1/27/2008,0.72
1/28/2008,0.63
1/29/2008,0.58
1/30/2008,0.53
1/31/2008,0.47
2/1/2008,0.38
2/2/2008,0.25
2/3/2008,0.20
2/4/2008,0.16
2/5/2008,0.22
2/6/2008,0.31
2/7/2008,0.42
2/8/2008,0.52
2/9/2008,0.58
2/10/2008,0.64
2/11/2008,0.69
2/12/2008,0.65
2/13/2008,0.56
2/14/2008,0.43
2/15/2008,0.23
2/16/2008,0.23
2/17/2008,0.24
2/18/2008,0.26
2/19/2008,0.31
2/20/2008,0.43
2/21/2008,0.49
2/22/2008,0.60
2/23/2008,0.68
2/24/2008,0.70
2/25/2008,0.71
2/26/2008,0.63
2/27/2008,0.52
2/28/2008,0.39
2/29/2008,0.31
3/1/2008,0.24
3/2/2008,0.19
3/3/2008,0.20
3/4/2008,0.25
3/5/2008,0.33
3/6/2008,0.38
3/7/2008,0.56
3/8/2008,0.71
3/9/2008,0.77
3/10/2008,0.78
3/11/2008,0.78
3/12/2008,0.76
3/13/2008,0.76
3/14/2008,0.67
3/15/2008,0.52
3/16/2008,0.38
3/17/2008,0.35
3/18/2008,0.40
3/19/2008,0.51
3/20/2008,0.63
3/21/2008,0.70
3/22/2008,0.76
3/23/2008,0.79
3/24/2008,0.81
3/25/2008,0.78
3/26/2008,0.77
3/27/2008,0.77
3/28/2008,0.77
3/29/2008,0.74
3/30/2008,0.64
3/31/2008,0.61
4/1/2008,0.61
4/2/2008,0.58
4/3/2008,0.74
4/4/2008,0.85
4/5/2008,0.95
4/6/2008,1.03
4/7/2008,1.13
4/8/2008,1.18
4/9/2008,1.19
4/10/2008,1.13
4/11/2008,1.02
4/12/2008,0.94
4/13/2008,0.86
4/14/2008,0.78
4/15/2008,0.78
4/16/2008,0.77
4/17/2008,0.85
4/18/2008,0.91
4/19/2008,0.99
4/20/2008,1.01
4/21/2008,1.01
4/22/2008,0.99
4/23/2008,0.97
4/24/2008,1.01
4/25/2008,1.01
4/26/2008,0.99
4/27/2008,1.00
4/28/2008,1.03
4/29/2008,0.99
4/30/2008,0.98
5/1/2008,1.02
5/2/2008,1.12
5/3/2008,1.24
5/4/2008,1.37
5/5/2008,1.53
5/6/2008,1.67
5/7/2008,1.78
5/8/2008,1.79
5/9/2008,1.74
5/10/2008,1.66
5/11/2008,1.54
5/12/2008,1.41
5/13/2008,1.29
5/14/2008,1.21
5/15/2008,1.16
5/16/2008,1.14
5/17/2008,1.18
5/18/2008,1.28
5/19/2008,1.45
5/20/2008,1.48
5/21/2008,1.47
5/22/2008,1.48
5/23/2008,1.46
5/24/2008,1.45
5/25/2008,1.44
5/26/2008,1.44
5/27/2008,1.47
5/28/2008,1.47
5/29/2008,1.51
5/30/2008,1.51
5/31/2008,1.51
6/1/2008,1.58
6/2/2008,1.66
6/3/2008,1.71
6/4/2008,1.71
6/5/2008,1.78
6/6/2008,2.01
6/7/2008,2.09
6/8/2008,2.14
6/9/2008,2.15
6/10/2008,2.18
6/11/2008,2.10
6/12/2008,2.03
6/13/2008,1.94
6/14/2008,1.91
6/15/2008,1.92
6/16/2008,2.01
6/17/2008,2.31
6/18/2008,2.41
6/19/2008,2.52
6/20/2008,2.58
6/21/2008,2.70
6/22/2008,2.76
6/23/2008,2.85
6/24/2008,2.92
6/25/2008,2.91
6/26/2008,2.99
6/27/2008,3.06
6/28/2008,3.13
6/29/2008,3.20
6/30/2008,3.27
7/1/2008,3.33
7/2/2008,3.45
7/3/2008,3.58
7/4/2008,3.67
7/5/2008,3.78
7/6/2008,3.87
7/7/2008,3.96
7/8/2008,4.01
7/9/2008,4.05
7/10/2008,4.10
7/11/2008,4.10
7/12/2008,4.10
7/13/2008,4.13
7/14/2008,4.18
7/15/2008,4.24
7/16/2008,4.35
7/17/2008,4.41
7/18/2008,4.44
7/19/2008,4.45
7/20/2008,4.45
7/21/2008,4.47
7/22/2008,4.49
7/23/2008,4.53
7/24/2008,4.60
7/25/2008,4.68
7/26/2008,4.75
7/27/2008,4.81
7/28/2008,4.85
7/29/2008,4.87
7/30/2008,4.89
7/31/2008,4.89
8/1/2008,4.88
8/2/2008,4.89
8/3/2008,4.88
8/4/2008,4.89
8/5/2008,4.90
8/6/2008,4.89
8/7/2008,4.86
8/8/2008,4.85
8/9/2008,4.81
8/10/2008,4.78
8/11/2008,4.78
8/12/2008,4.73
8/13/2008,4.71
8/14/2008,4.69
8/15/2008,4.68
8/16/2008,4.68
8/17/2008,4.72
8/18/2008,4.74
8/19/2008,4.79
8/20/2008,4.87
8/21/2008,4.93
8/22/2008,4.97
8/23/2008,4.98
8/24/2008,4.98
8/25/2008,4.97
8/26/2008,4.94
8/27/2008,4.94
8/28/2008,5.04
8/29/2008,5.09
8/30/2008,5.10
8/31/2008,5.15
9/1/2008,5.22
9/2/2008,5.27
9/3/2008,5.29
9/4/2008,5.31
9/5/2008,5.34
9/6/2008,5.38
9/7/2008,5.41
9/8/2008,5.42
9/9/2008,5.42
9/10/2008,5.40
9/11/2008,5.36
9/12/2008,5.32
9/13/2008,5.26
9/14/2008,5.22
9/15/2008,5.15
9/16/2008,5.09
9/17/2008,5.05
9/18/2008,4.98
9/19/2008,4.89
9/20/2008,4.81
9/21/2008,4.71
9/22/2008,4.62
9/23/2008,4.54
9/24/2008,4.43
9/25/2008,4.33
9/26/2008,4.26
9/27/2008,4.18
9/28/2008,4.10
9/29/2008,4.03
9/30/2008,3.99
10/1/2008,3.93
10/2/2008,3.90
10/3/2008,3.84
10/4/2008,3.79
10/5/2008,3.76
10/6/2008,3.73
10/7/2008,3.65
10/8/2008,3.60
10/9/2008,3.58
10/10/2008,3.54
10/11/2008,3.48
10/12/2008,3.41
10/13/2008,3.34
10/14/2008,3.28
10/15/2008,3.23
10/16/2008,3.16
10/17/2008,3.10
10/18/2008,3.01
10/19/2008,2.92
10/20/2008,2.82
10/21/2008,2.69
10/22/2008,2.57
10/23/2008,2.44
10/24/2008,2.32
10/25/2008,2.25
10/26/2008,2.34
10/27/2008,2.67
10/28/2008,2.69
10/29/2008,2.61
10/30/2008,2.54
10/31/2008,2.46
11/1/2008,2.40
11/2/2008,2.34
11/3/2008,2.30
11/4/2008,2.26
11/5/2008,2.24
11/6/2008,2.18
11/7/2008,2.09
11/8/2008,1.99
11/9/2008,1.90
11/10/2008,1.88
11/11/2008,1.91
11/12/2008,1.94
11/13/2008,1.96
11/14/2008,1.97
11/15/2008,1.97
11/16/2008,1.97
11/17/2008,1.90
11/18/2008,1.76
11/19/2008,1.62
11/20/2008,1.50
11/21/2008,1.40
11/22/2008,1.34
11/23/2008,1.28
11/24/2008,1.26
11/25/2008,1.26
11/26/2008,1.28
11/27/2008,1.31
11/28/2008,1.25
11/29/2008,1.32
11/30/2008,1.35
12/1/2008,1.33
12/2/2008,1.34
12/3/2008,1.27
12/4/2008,1.21
12/5/2008,1.11
12/6/2008,1.05
12/7/2008,1.04
12/8/2008,1.05
12/9/2008,1.06
12/10/2008,1.11
12/11/2008,1.23
12/12/2008,1.28
12/13/2008,1.32
12/14/2008,1.32
12/15/2008,1.26
12/16/2008,1.22
12/17/2008,1.15
12/18/2008,1.07
12/19/2008,0.99
12/20/2008,0.91
12/21/2008,0.86
12/22/2008,0.80
12/23/2008,0.74
12/24/2008,0.71
12/25/2008,0.70
12/26/2008,0.75
12/27/2008,0.78
12/28/2008,0.76
12/29/2008,0.76
12/30/2008,0.76
12/31/2008,0.74
1/1/2009,0.74
1/2/2009,0.72
1/3/2009,0.66
1/4/2009,0.61
1/5/2009,0.58
1/6/2009,0.57
1/7/2009,0.56
1/8/2009,0.57
1/9/2009,0.60
1/10/2009,0.67
1/11/2009,0.76
1/12/2009,0.80
1/13/2009,0.79
1/14/2009,0.78
1/15/2009,0.77
1/16/2009,0.72
1/17/2009,0.67
1/18/2009,0.60
1/19/2009,0.52
1/20/2009,0.44
1/21/2009,0.36
1/22/2009,0.32
1/23/2009,0.33
1/24/2009,0.37
1/25/2009,0.43
1/26/2009,0.53
1/27/2009,0.60
1/28/2009,0.63
1/29/2009,0.64
1/30/2009,0.59
1/31/2009,0.53
2/1/2009,0.48
2/2/2009,0.50
2/3/2009,0.37
2/4/2009,0.29
2/5/2009,0.22
2/6/2009,0.16
2/7/2009,0.17
2/8/2009,0.25
2/9/2009,0.38
2/10/2009,0.46
2/11/2009,0.56
2/12/2009,0.60
2/13/2009,0.61
2/14/2009,0.54
2/15/2009,0.41
2/16/2009,0.34
2/17/2009,0.22
2/18/2009,0.10
2/19/2009,0.07
2/20/2009,0.09
2/21/2009,0.16
2/22/2009,0.26
2/23/2009,0.37
2/24/2009,0.45
2/25/2009,0.58
2/26/2009,0.58
2/27/2009,0.73
2/28/2009,0.76
3/1/2009,0.71
3/2/2009,0.60
3/3/2009,0.52
3/4/2009,0.52
3/5/2009,0.51
3/6/2009,0.52
3/7/2009,0.47
3/8/2009,0.48
3/9/2009,0.51
3/10/2009,0.58
3/11/2009,0.69
3/12/2009,0.76
3/13/2009,0.79
3/14/2009,0.74
3/15/2009,0.75
3/16/2009,0.71
3/17/2009,0.63
3/18/2009,0.53
3/19/2009,0.41
3/20/2009,0.35
3/21/2009,0.34
3/22/2009,0.32
3/23/2009,0.33
3/24/2009,0.40
3/25/2009,0.48
3/26/2009,0.58
3/27/2009,0.62
3/28/2009,0.73
3/29/2009,0.81
3/30/2009,0.85
3/31/2009,0.83
4/1/2009,0.82
4/2/2009,0.78
4/3/2009,0.66
4/4/2009,0.60
4/5/2009,0.63
4/6/2009,0.67
4/7/2009,0.68
4/8/2009,0.78
4/9/2009,0.81
4/10/2009,0.80
4/11/2009,0.84
4/12/2009,0.86
4/13/2009,0.86
4/14/2009,0.84
4/15/2009,0.80
4/16/2009,0.79
4/17/2009,0.78
4/18/2009,0.78
4/19/2009,0.81
4/20/2009,0.81
4/21/2009,0.91
4/22/2009,1.06
4/23/2009,1.22
4/24/2009,1.32
4/25/2009,1.35
4/26/2009,1.34
4/27/2009,1.38
4/28/2009,1.43
4/29/2009,1.43
4/30/2009,1.43
5/1/2009,1.43
5/2/2009,1.39
5/3/2009,1.33
5/4/2009,1.24
5/5/2009,1.26
5/6/2009,1.27
5/7/2009,1.31
5/8/2009,1.37
5/9/2009,1.39
5/10/2009,1.45
5/11/2009,1.41
5/12/2009,1.30
5/13/2009,1.23
5/14/2009,1.27
5/15/2009,1.24
5/16/2009,1.16
5/17/2009,1.11
5/18/2009,1.11
5/19/2009,1.12
5/20/2009,1.16
5/21/2009,1.19
5/22/2009,1.21
5/23/2009,1.30
5/24/2009,1.49
5/25/2009,1.73
5/26/2009,2.32
5/27/2009,2.19
5/28/2009,2.04
5/29/2009,1.91
5/30/2009,1.86
5/31/2009,1.90
6/1/2009,1.85
6/2/2009,1.85
6/3/2009,1.81
6/4/2009,1.82
6/5/2009,1.86
6/6/2009,1.90
6/7/2009,1.95
6/8/2009,1.97
6/9/2009,2.04
6/10/2009,2.07
6/11/2009,2.03
6/12/2009,2.03
6/13/2009,2.02
6/14/2009,1.99
6/15/2009,1.95
6/16/2009,1.89
6/17/2009,1.80
6/18/2009,1.79
6/19/2009,1.85
6/20/2009,1.91
6/21/2009,2.02
6/22/2009,2.15
6/23/2009,2.20
6/24/2009,2.29
6/25/2009,2.36
6/26/2009,2.43
6/27/2009,2.44
6/28/2009,2.41
6/29/2009,2.36
6/30/2009,2.39
7/1/2009,2.43
7/2/2009,2.45
7/3/2009,2.70
7/4/2009,2.94
7/5/2009,3.22
7/6/2009,3.44
7/7/2009,3.61
7/8/2009,3.75
7/9/2009,3.82
7/10/2009,3.88
7/11/2009,3.91
7/12/2009,3.91
7/13/2009,3.88
7/14/2009,3.86
7/15/2009,3.85
7/16/2009,3.82
7/17/2009,3.76
7/18/2009,3.70
7/19/2009,3.66
7/20/2009,3.62
7/21/2009,3.58
7/22/2009,3.55
7/23/2009,3.49
7/24/2009,3.43
7/25/2009,3.36
7/26/2009,3.31
7/27/2009,3.26
7/28/2009,3.33
7/29/2009,3.33
7/30/2009,3.35
7/31/2009,3.34
8/1/2009,3.39
8/2/2009,3.46
8/3/2009,3.53
8/4/2009,3.57
8/5/2009,3.66
8/6/2009,3.73
8/7/2009,3.79
8/8/2009,3.85
8/9/2009,3.88
8/10/2009,3.90
8/11/2009,3.89
8/12/2009,3.88
8/13/2009,3.88
8/14/2009,3.89
8/15/2009,3.91
8/16/2009,3.98
8/17/2009,4.06
8/18/2009,4.17
8/19/2009,4.33
8/20/2009,4.43
8/21/2009,4.54
8/22/2009,4.62
8/23/2009,4.72
8/24/2009,4.81
8/25/2009,4.86
8/26/2009,4.91
8/27/2009,4.93
8/28/2009,4.93
8/29/2009,4.90
8/30/2009,4.87
8/31/2009,4.83
9/1/2009,4.78
9/2/2009,4.74
9/3/2009,4.70
9/4/2009,4.65
9/5/2009,4.60
9/6/2009,4.59
9/7/2009,4.55
9/8/2009,4.50
9/9/2009,4.45
9/10/2009,4.37
9/11/2009,4.30
9/12/2009,4.20
9/13/2009,4.09
9/14/2009,3.97
9/15/2009,3.92
9/16/2009,3.85
9/17/2009,3.78
9/18/2009,3.72
9/19/2009,3.68
9/20/2009,3.67
9/21/2009,3.72
9/22/2009,3.77
9/23/2009,3.76
9/24/2009,3.76
9/25/2009,3.73
9/26/2009,3.69
9/27/2009,3.58
9/28/2009,3.54
9/29/2009,3.52
9/30/2009,3.49
10/1/2009,3.49
10/2/2009,3.46
10/3/2009,3.39
10/4/2009,3.37
10/5/2009,3.38
10/6/2009,3.38
10/7/2009,3.35
10/8/2009,3.27
10/9/2009,3.24
10/10/2009,3.21
10/11/2009,3.20
10/12/2009,3.18
10/13/2009,3.16
10/14/2009,3.12
10/15/2009,3.12
10/16/2009,3.14
10/17/2009,3.18
10/18/2009,3.21
10/19/2009,3.23
10/20/2009,3.21
10/21/2009,3.15
10/22/2009,3.07
10/23/2009,2.95
10/24/2009,2.82
10/25/2009,2.69
10/26/2009,2.53
10/27/2009,2.38
10/28/2009,2.23
10/29/2009,2.10
10/30/2009,2.01
10/31/2009,1.95
11/1/2009,1.93
11/2/2009,1.96
11/3/2009,1.96
11/4/2009,1.93
11/5/2009,1.91
11/6/2009,1.88
11/7/2009,1.80
11/8/2009,1.66
11/9/2009,1.54
11/10/2009,1.42
11/11/2009,1.34
11/12/2009,1.27
11/13/2009,1.25
11/14/2009,1.31
11/15/2009,1.37
11/16/2009,1.41
11/17/2009,1.41
11/18/2009,1.36
11/19/2009,1.32
11/20/2009,1.23
11/21/2009,1.15
11/22/2009,1.07
11/23/2009,1.07
11/24/2009,1.05
11/25/2009,1.00
11/26/2009,0.92
11/27/2009,0.91
11/28/2009,0.99
11/29/2009,1.03
11/30/2009,1.09
12/1/2009,1.15
12/2/2009,1.24
12/3/2009,1.30
12/4/2009,1.35
12/5/2009,1.36
12/6/2009,1.37
12/7/2009,1.28
12/8/2009,1.17
12/9/2009,1.06
12/10/2009,0.93
12/11/2009,0.93
12/12/2009,0.88
12/13/2009,0.88
12/14/2009,0.87
12/15/2009,0.88
12/16/2009,0.84
12/17/2009,0.82
12/18/2009,0.84
12/19/2009,0.81
12/20/2009,0.78
12/21/2009,0.70
12/22/2009,0.65
12/23/2009,0.61
12/24/2009,0.59
12/25/2009,0.54
12/26/2009,0.48
12/27/2009,0.42
12/28/2009,0.40
12/29/2009,0.43
12/30/2009,0.43
12/31/2009,0.52
1/1/2010,0.60
1/2/2010,0.56
1/3/2010,0.61
1/4/2010,0.66
1/5/2010,0.63
1/6/2010,0.53
1/7/2010,0.45
1/8/2010,0.40
1/9/2010,0.41
1/10/2010,0.37
1/11/2010,0.35
1/12/2010,0.32
1/13/2010,0.31
1/14/2010,0.34
1/15/2010,0.41
1/16/2010,0.45
1/17/2010,0.46
1/18/2010,0.50
1/19/2010,0.54
1/20/2010,0.51
1/21/2010,0.44
1/22/2010,0.40
1/23/2010,0.38
1/24/2010,0.34
1/25/2010,0.28
1/26/2010,0.29
1/27/2010,0.26
1/28/2010,0.24
1/29/2010,0.30
1/30/2010,0.42
1/31/2010,0.54
2/1/2010,0.62
2/2/2010,0.65
2/3/2010,0.65
2/4/2010,0.56
2/5/2010,0.44
2/6/2010,0.31
2/7/2010,0.15
2/8/2010,0.06
2/9/2010,0.03
2/10/2010,0.06
2/11/2010,0.08
2/12/2010,0.13
2/13/2010,0.19
2/14/2010,0.27
2/15/2010,0.32
2/16/2010,0.36
2/17/2010,0.40
2/18/2010,0.44
2/19/2010,0.38
2/20/2010,0.35
2/21/2010,0.31
2/22/2010,0.24
2/23/2010,0.13
2/24/2010,0.10
2/25/2010,0.12
2/26/2010,0.20
2/27/2010,0.30
2/28/2010,0.43
3/1/2010,0.60
3/2/2010,0.71
3/3/2010,0.80
3/4/2010,0.85
3/5/2010,0.81
3/6/2010,0.73
3/7/2010,0.69
3/8/2010,0.53
3/9/2010,0.32
3/10/2010,0.15
3/11/2010,0.14
3/12/2010,0.20
3/13/2010,0.29
3/14/2010,0.37
3/15/2010,0.48
3/16/2010,0.54
3/17/2010,0.57
3/18/2010,0.57
3/19/2010,0.59
3/20/2010,0.58
3/21/2010,0.56
3/22/2010,0.56
3/23/2010,0.65
3/24/2010,0.68
3/25/2010,0.64
3/26/2010,0.60
3/27/2010,0.60
3/28/2010,0.78
3/29/2010,1.00
3/30/2010,1.21
3/31/2010,1.37
4/1/2010,1.46
4/2/2010,1.57
4/3/2010,1.57
4/4/2010,1.48
4/5/2010,1.39
4/6/2010,1.30
4/7/2010,1.17
4/8/2010,1.04
4/9/2010,1.02
4/10/2010,1.19
4/11/2010,1.37
4/12/2010,1.47
4/13/2010,1.54
4/14/2010,1.64
4/15/2010,1.65
4/16/2010,1.62
4/17/2010,1.61
4/18/2010,1.69
4/19/2010,1.77
4/20/2010,1.87
4/21/2010,1.94
4/22/2010,1.89
4/23/2010,1.80
4/24/2010,1.74
4/25/2010,1.81
4/26/2010,1.92
4/27/2010,1.91
4/28/2010,1.99
4/29/2010,2.17
4/30/2010,2.29
5/1/2010,2.34
5/2/2010,2.36
5/3/2010,2.31
5/4/2010,2.26
5/5/2010,2.18
5/6/2010,2.11
5/7/2010,2.03
5/8/2010,1.96
5/9/2010,1.95
5/10/2010,2.01
5/11/2010,2.07
5/12/2010,2.15
5/13/2010,2.25
5/14/2010,2.32
5/15/2010,2.34
5/16/2010,2.38
5/17/2010,2.38
5/18/2010,2.41
5/19/2010,2.49
5/20/2010,2.64
5/21/2010,2.88
5/22/2010,2.98
5/23/2010,3.07
5/24/2010,3.13
5/25/2010,3.20
5/26/2010,3.30
5/27/2010,3.38
5/28/2010,3.53
5/29/2010,3.58
5/30/2010,3.59
5/31/2010,3.59
6/1/2010,3.58
6/2/2010,3.57
6/3/2010,3.58
6/4/2010,3.59
6/5/2010,3.59
6/6/2010,3.59
6/7/2010,3.62
6/8/2010,3.63
6/9/2010,3.63
6/10/2010,3.63
6/11/2010,3.66
6/12/2010,3.71
6/13/2010,3.80
6/14/2010,3.88
6/15/2010,3.93
6/16/2010,3.94
6/17/2010,4.00
6/18/2010,4.04
6/19/2010,4.03
6/20/2010,4.03
6/21/2010,4.03
6/22/2010,4.05
6/23/2010,4.10
6/24/2010,4.16
6/25/2010,4.21
6/26/2010,4.25
6/27/2010,4.28
6/28/2010,4.33
6/29/2010,4.56
6/30/2010,4.71
7/1/2010,4.77
7/2/2010,4.82
7/3/2010,4.84
7/4/2010,4.83
7/5/2010,4.82
7/6/2010,4.78
7/7/2010,4.75
7/8/2010,4.69
7/9/2010,4.65
7/10/2010,4.61
7/11/2010,4.59
7/12/2010,4.64
7/13/2010,4.68
7/14/2010,4.73
7/15/2010,4.76
7/16/2010,4.76
7/17/2010,4.75
7/18/2010,4.70
7/19/2010,4.68
7/20/2010,4.67
7/21/2010,4.64
7/22/2010,4.63
7/23/2010,4.61
7/24/2010,4.64
7/25/2010,4.65
7/26/2010,4.65
7/27/2010,4.66
7/28/2010,4.65
7/29/2010,4.62
7/30/2010,4.63
7/31/2010,4.63
8/1/2010,4.63
8/2/2010,4.63
8/3/2010,4.62
8/4/2010,4.59
8/5/2010,4.55
8/6/2010,4.50
8/7/2010,4.48
8/8/2010,4.45
8/9/2010,4.40
8/10/2010,4.35
8/11/2010,4.32
8/12/2010,4.34
8/13/2010,4.31
8/14/2010,4.29
8/15/2010,4.26
8/16/2010,4.21
8/17/2010,4.17
8/18/2010,4.13
8/19/2010,4.13
8/20/2010,4.14
8/21/2010,4.18
8/22/2010,4.19
8/23/2010,4.28
8/24/2010,4.36
8/25/2010,4.44
8/26/2010,4.53
8/27/2010,4.59
8/28/2010,4.60
8/29/2010,4.65
8/30/2010,4.67
8/31/2010,4.67
9/1/2010,4.68
9/2/2010,4.68
9/3/2010,4.69
9/4/2010,4.66
9/5/2010,4.65
9/6/2010,4.65
9/7/2010,4.66
9/8/2010,4.67
9/9/2010,4.67
9/10/2010,4.67
9/11/2010,4.71
9/12/2010,4.74
9/13/2010,4.76
9/14/2010,4.77
9/15/2010,4.78
9/16/2010,4.80
9/17/2010,4.82
9/18/2010,4.82
9/19/2010,4.80
9/20/2010,4.79
9/21/2010,4.78
9/22/2010,4.79
9/23/2010,4.77
9/24/2010,4.78
9/25/2010,4.79
9/26/2010,4.82
9/27/2010,4.80
9/28/2010,4.82
9/29/2010,4.80
9/30/2010,4.76
10/1/2010,4.70
10/2/2010,4.65
10/3/2010,4.58
10/4/2010,4.50
10/5/2010,4.45
10/6/2010,4.38
10/7/2010,4.40
10/8/2010,4.50
10/9/2010,4.58
10/10/2010,4.55
10/11/2010,4.50
10/12/2010,4.44
10/13/2010,4.38
10/14/2010,4.30
10/15/2010,4.21
10/16/2010,4.16
10/17/2010,4.09
10/18/2010,4.00
10/19/2010,3.91
10/20/2010,3.82
10/21/2010,3.73
10/22/2010,3.68
10/23/2010,3.61
10/24/2010,3.52
10/25/2010,3.43
10/26/2010,3.34
10/27/2010,3.22
10/28/2010,3.07
10/29/2010,2.91
10/30/2010,2.74
10/31/2010,2.58
11/1/2010,2.44
11/2/2010,2.31
11/3/2010,2.23
11/4/2010,2.17
11/5/2010,2.15
11/6/2010,2.16
11/7/2010,2.15
11/8/2010,2.13
11/9/2010,2.09
11/10/2010,1.99
11/11/2010,1.88
11/12/2010,1.76
11/13/2010,1.66
11/14/2010,1.57
11/15/2010,1.43
11/16/2010,1.40
11/17/2010,1.28
11/18/2010,1.38
11/19/2010,1.40
11/20/2010,1.47
11/21/2010,1.50
11/22/2010,1.49
11/23/2010,1.47
11/24/2010,1.46
11/25/2010,1.45
11/26/2010,1.41
11/27/2010,1.35
11/28/2010,1.27
11/29/2010,1.23
11/30/2010,1.16
12/1/2010,1.11
12/2/2010,1.08
12/3/2010,1.07
12/4/2010,1.13
12/5/2010,1.19
12/6/2010,1.22
12/7/2010,1.21
12/8/2010,1.22
12/9/2010,1.25
12/10/2010,1.28
12/11/2010,1.30
12/12/2010,1.22
12/13/2010,1.16
12/14/2010,1.10
12/15/2010,0.92
12/16/2010,0.78
12/17/2010,0.81
12/18/2010,0.84
12/19/2010,0.89
12/20/2010,0.84
12/21/2010,0.87
12/22/2010,0.92
12/23/2010,0.97
12/24/2010,1.06
12/25/2010,1.09
12/26/2010,1.06
12/27/2010,0.97
12/28/2010,0.90
12/29/2010,0.81
12/30/2010,0.80
12/31/2010,0.75
1/1/2011,0.76
1/2/2011,0.76
1/3/2011,0.71
1/4/2011,0.68
1/5/2011,0.71
1/6/2011,0.79
1/7/2011,0.79
1/8/2011,0.76
1/9/2011,0.79
1/10/2011,0.81
1/11/2011,0.72
1/12/2011,0.62
1/13/2011,0.55
1/14/2011,0.51
1/15/2011,0.49
1/16/2011,0.48
1/17/2011,0.57
1/18/2011,0.58
1/19/2011,0.65
1/20/2011,0.73
1/21/2011,0.80
1/22/2011,0.86
1/23/2011,0.87
1/24/2011,0.86
1/25/2011,0.79
1/26/2011,0.71
1/27/2011,0.61
1/28/2011,0.44
1/29/2011,0.38
1/30/2011,0.34
1/31/2011,0.37
2/1/2011,0.44
2/2/2011,0.45
2/3/2011,0.49
2/4/2011,0.52
2/5/2011,0.57
2/6/2011,0.61
2/7/2011,0.62
2/8/2011,0.60
2/9/2011,0.57
2/10/2011,0.49
2/11/2011,0.42
2/12/2011,0.32
2/13/2011,0.27
2/14/2011,0.31
2/15/2011,0.38
2/16/2011,0.45
2/17/2011,0.56
2/18/2011,0.67
2/19/2011,0.77
2/20/2011,0.83
2/21/2011,0.82
2/22/2011,0.74
2/23/2011,0.62
2/24/2011,0.51
2/25/2011,0.45
2/26/2011,0.36
2/27/2011,0.28
2/28/2011,0.26
3/1/2011,0.24
3/2/2011,0.28
3/3/2011,0.33
3/4/2011,0.45
3/5/2011,0.58
3/6/2011,0.63
3/7/2011,0.68
3/8/2011,0.62
3/9/2011,0.61
3/10/2011,0.61
3/11/2011,0.55
3/12/2011,0.47
3/13/2011,0.41
3/14/2011,0.36
3/15/2011,0.30
3/16/2011,0.30
3/17/2011,0.50
3/18/2011,0.73
3/19/2011,0.99
3/20/2011,1.33
3/21/2011,1.52
3/22/2011,1.52
3/23/2011,1.44
3/24/2011,1.36
3/25/2011,1.22
3/26/2011,1.00
3/27/2011,0.86
3/28/2011,0.76
3/29/2011,0.68
3/30/2011,0.81
3/31/2011,0.94
4/1/2011,1.07
4/2/2011,1.11
4/3/2011,1.10
4/4/2011,1.14
4/5/2011,1.12
4/6/2011,1.06
4/7/2011,1.06
4/8/2011,1.03
4/9/2011,0.94
4/10/2011,0.93
4/11/2011,0.82
4/12/2011,0.75
4/13/2011,0.74
4/14/2011,0.78
4/15/2011,0.80
4/16/2011,0.89
4/17/2011,1.03
4/18/2011,1.10
4/19/2011,1.27
4/20/2011,1.29
4/21/2011,1.30
4/22/2011,1.26
4/23/2011,1.12
4/24/2011,0.97
4/25/2011,0.88
4/26/2011,0.79
4/27/2011,0.77
4/28/2011,0.81
4/29/2011,0.87
4/30/2011,0.92
5/1/2011,1.01
5/2/2011,1.14
5/3/2011,1.30
5/4/2011,1.41
5/5/2011,1.44
5/6/2011,1.44
5/7/2011,1.47
5/8/2011,1.42
5/9/2011,1.38
5/10/2011,1.34
5/11/2011,1.40
5/12/2011,1.39
5/13/2011,1.40
5/14/2011,1.46
5/15/2011,1.49
5/16/2011,1.51
5/17/2011,1.52
5/18/2011,1.60
5/19/2011,1.71
5/20/2011,1.68
5/21/2011,1.79
5/22/2011,1.83
5/23/2011,1.80
5/24/2011,1.72
5/25/2011,1.57
5/26/2011,1.53
5/27/2011,1.46
5/28/2011,1.49
5/29/2011,1.53
5/30/2011,1.59
5/31/2011,1.71
6/1/2011,1.87
6/2/2011,1.97
6/3/2011,2.00
6/4/2011,2.01
6/5/2011,2.01
6/6/2011,2.00
6/7/2011,2.01
6/8/2011,2.07
6/9/2011,2.12
6/10/2011,2.14
6/11/2011,2.29
6/12/2011,2.34
6/13/2011,2.39
6/14/2011,2.46
6/15/2011,2.57
6/16/2011,2.69
6/17/2011,2.87
6/18/2011,2.97
6/19/2011,2.97
6/20/2011,2.95
6/21/2011,2.89
6/22/2011,2.82
6/23/2011,2.75
6/24/2011,2.72
6/25/2011,2.71
6/26/2011,2.69
6/27/2011,2.70
6/28/2011,2.75
6/29/2011,2.86
6/30/2011,2.97
7/1/2011,3.19
7/2/2011,3.36
7/3/2011,3.54
7/4/2011,3.67
7/5/2011,3.79
7/6/2011,3.89
7/7/2011,3.94
7/8/2011,4.00
7/9/2011,4.04
7/10/2011,4.06
7/11/2011,4.10
7/12/2011,4.15
7/13/2011,4.19
7/14/2011,4.21
7/15/2011,4.23
7/16/2011,4.24
7/17/2011,4.26
7/18/2011,4.26
7/19/2011,4.28
7/20/2011,4.29
7/21/2011,4.32
7/22/2011,4.34
7/23/2011,4.36
7/24/2011,4.36
7/25/2011,4.36
7/26/2011,4.35
7/27/2011,4.35
7/28/2011,4.34
7/29/2011,4.35
7/30/2011,4.34
7/31/2011,4.35
8/1/2011,4.37
8/2/2011,4.39
8/3/2011,4.38
8/4/2011,4.37
8/5/2011,4.39
8/6/2011,4.42
8/7/2011,4.45
8/8/2011,4.45
8/9/2011,4.47
8/10/2011,4.54
8/11/2011,4.57
8/12/2011,4.59
8/13/2011,4.60
8/14/2011,4.60
8/15/2011,4.61
8/16/2011,4.64
8/17/2011,4.75
8/18/2011,4.82
8/19/2011,4.90
8/20/2011,4.94
8/21/2011,4.95
8/22/2011,4.95
8/23/2011,4.97
8/24/2011,4.98
8/25/2011,4.97
8/26/2011,4.97
8/27/2011,4.97
8/28/2011,4.94
8/29/2011,4.93
8/30/2011,4.92
8/31/2011,4.91
9/1/2011,4.87
9/2/2011,4.85
9/3/2011,4.78
9/4/2011,4.72
9/5/2011,4.66
9/6/2011,4.58
9/7/2011,4.49
9/8/2011,4.39
9/9/2011,4.33
9/10/2011,4.29
9/11/2011,4.22
9/12/2011,4.15
9/13/2011,4.06
9/14/2011,3.99
9/15/2011,3.97
9/16/2011,3.97
9/17/2011,3.94
9/18/2011,3.92
9/19/2011,3.95
9/20/2011,3.97
9/21/2011,3.93
9/22/2011,3.96
9/23/2011,3.96
9/24/2011,3.95
9/25/2011,3.93
9/26/2011,3.93
9/27/2011,3.94
9/28/2011,3.97
9/29/2011,4.00
9/30/2011,3.99
10/1/2011,3.98
10/2/2011,3.97
10/3/2011,3.94
10/4/2011,3.90
10/5/2011,3.82
10/6/2011,3.72
10/7/2011,3.63
10/8/2011,3.53
10/9/2011,3.41
10/10/2011,3.29
10/11/2011,3.16
10/12/2011,3.05
10/13/2011,2.92
10/14/2011,2.82
10/15/2011,2.73
10/16/2011,2.63
10/17/2011,2.57
10/18/2011,2.44
10/19/2011,2.41
10/20/2011,2.32
10/21/2011,2.20
10/22/2011,2.11
10/23/2011,2.01
10/24/2011,2.00
10/25/2011,2.02
10/26/2011,2.07
10/27/2011,2.11
10/28/2011,2.12
10/29/2011,2.08
10/30/2011,1.99
10/31/2011,1.90
11/1/2011,1.78
11/2/2011,1.62
11/3/2011,1.45
11/4/2011,1.31
11/5/2011,1.24
11/6/2011,1.25
11/7/2011,1.26
11/8/2011,1.24
11/9/2011,1.33
11/10/2011,1.36
11/11/2011,1.37
11/12/2011,1.40
11/13/2011,1.40
11/14/2011,1.35
11/15/2011,1.30
11/16/2011,1.28
11/17/2011,1.24
11/18/2011,1.19
11/19/2011,1.13
11/20/2011,1.08
11/21/2011,1.09
11/22/2011,1.13
11/23/2011,1.20
11/24/2011,1.26
11/25/2011,1.32
11/26/2011,1.31
11/27/2011,1.31
11/28/2011,1.27
11/29/2011,1.23
11/30/2011,1.10
12/1/2011,0.97
12/2/2011,0.91
12/3/2011,0.82
12/4/2011,0.76
12/5/2011,0.71
12/6/2011,0.68
12/7/2011,0.71
12/8/2011,0.74
12/9/2011,0.82
12/10/2011,0.92
12/11/2011,0.98
12/12/2011,0.96
12/13/2011,0.90
12/14/2011,0.87
12/15/2011,0.86
12/16/2011,0.80
12/17/2011,0.74
12/18/2011,0.68
12/19/2011,0.63
12/20/2011,0.65
12/21/2011,0.66
12/22/2011,0.71
12/23/2011,0.74
12/24/2011,0.78
12/25/2011,0.88
12/26/2011,0.93
12/27/2011,0.93
12/28/2011,1.04
12/29/2011,1.12
12/30/2011,1.06
12/31/2011,0.98
1/1/2012,0.84
1/2/2012,0.72
1/3/2012,0.63
1/4/2012,0.62
1/5/2012,0.57
1/6/2012,0.63
1/7/2012,0.65
1/8/2012,0.69
1/9/2012,0.73
1/10/2012,0.75
1/11/2012,0.84
1/12/2012,0.87
1/13/2012,0.81
1/14/2012,0.73
1/15/2012,0.64
1/16/2012,0.60
1/17/2012,0.53
1/18/2012,0.55
1/19/2012,0.61
1/20/2012,0.61
1/21/2012,0.60
1/22/2012,0.60
1/23/2012,0.55
1/24/2012,0.49
1/25/2012,0.59
1/26/2012,0.63
1/27/2012,0.57
1/28/2012,0.55
1/29/2012,0.49
1/30/2012,0.40
1/31/2012,0.24
2/1/2012,0.21
2/2/2012,0.15
2/3/2012,0.13
2/4/2012,0.16
2/5/2012,0.23
2/6/2012,0.32
2/7/2012,0.45
2/8/2012,0.51
2/9/2012,0.65
2/10/2012,0.75
2/11/2012,0.68
2/12/2012,0.66
2/13/2012,0.61
2/14/2012,0.52
2/15/2012,0.43
2/16/2012,0.37
2/17/2012,0.29
2/18/2012,0.24
2/19/2012,0.24
2/20/2012,0.31
2/21/2012,0.40
2/22/2012,0.50
2/23/2012,0.54
2/24/2012,0.53
2/25/2012,0.57
2/26/2012,0.55
2/27/2012,0.50
2/28/2012,0.47
2/29/2012,0.49
3/1/2012,0.46
3/2/2012,0.43
3/3/2012,0.30
3/4/2012,0.28
3/5/2012,0.35
3/6/2012,0.47
3/7/2012,0.59
3/8/2012,0.77
3/9/2012,0.85
3/10/2012,0.96
3/11/2012,0.88
3/12/2012,0.81
3/13/2012,0.75
3/14/2012,0.66
3/15/2012,0.58
3/16/2012,0.44
3/17/2012,0.36
3/18/2012,0.32
3/19/2012,0.38
3/20/2012,0.48
3/21/2012,0.61
3/22/2012,0.77
3/23/2012,0.83
3/24/2012,0.79
3/25/2012,0.78
3/26/2012,0.78
3/27/2012,0.77
3/28/2012,0.73
3/29/2012,0.71
3/30/2012,0.68
3/31/2012,0.56
4/1/2012,0.41
4/2/2012,0.35
4/3/2012,0.42
4/4/2012,0.51
4/5/2012,0.64
4/6/2012,0.87
4/7/2012,0.97
4/8/2012,1.12
4/9/2012,1.33
4/10/2012,1.43
4/11/2012,1.36
4/12/2012,1.31
4/13/2012,1.21
4/14/2012,0.97
4/15/2012,0.83
4/16/2012,0.79
4/17/2012,0.86
4/18/2012,0.96
4/19/2012,1.06
4/20/2012,1.13
4/21/2012,1.22
4/22/2012,1.27
4/23/2012,1.37
4/24/2012,1.44
4/25/2012,1.49
4/26/2012,1.46
4/27/2012,1.44
4/28/2012,1.42
4/29/2012,1.38
4/30/2012,1.50
5/1/2012,1.45
5/2/2012,1.48
5/3/2012,1.55
5/4/2012,1.65
5/5/2012,1.67
5/6/2012,1.79
5/7/2012,1.86
5/8/2012,1.92
5/9/2012,1.91
5/10/2012,1.88
5/11/2012,1.84
5/12/2012,1.76
5/13/2012,1.66
5/14/2012,1.61
5/15/2012,1.53
5/16/2012,1.44
5/17/2012,1.49
5/18/2012,1.46
5/19/2012,1.48
5/20/2012,1.56
5/21/2012,1.60
5/22/2012,1.67
5/23/2012,1.78
5/24/2012,1.92
5/25/2012,1.95
5/26/2012,1.93
5/27/2012,1.86
5/28/2012,1.81
5/29/2012,1.77
5/30/2012,1.70
5/31/2012,1.70
6/1/2012,1.73
6/2/2012,1.89
6/3/2012,2.06
6/4/2012,2.30
6/5/2012,2.38
6/6/2012,2.47
6/7/2012,2.47
6/8/2012,2.49
6/9/2012,2.47
6/10/2012,2.54
6/11/2012,2.61
6/12/2012,2.63
6/13/2012,2.58
6/14/2012,2.58
6/15/2012,2.64
6/16/2012,2.77
6/17/2012,2.94
6/18/2012,3.06
6/19/2012,3.19
6/20/2012,3.29
6/21/2012,3.40
6/22/2012,3.48
6/23/2012,3.54
6/24/2012,3.56
6/25/2012,3.58
6/26/2012,3.57
6/27/2012,3.66
6/28/2012,3.81
6/29/2012,3.92
6/30/2012,4.05
7/1/2012,4.17
7/2/2012,4.27
7/3/2012,4.38
7/4/2012,4.44
7/5/2012,4.46
7/6/2012,4.45
7/7/2012,4.44
7/8/2012,4.42
7/9/2012,4.38
7/10/2012,4.36
7/11/2012,4.28
7/12/2012,4.22
7/13/2012,4.23
7/14/2012,4.25
7/15/2012,4.27
7/16/2012,4.28
7/17/2012,4.36
7/18/2012,4.50
7/19/2012,4.62
7/20/2012,4.71
7/21/2012,4.78
7/22/2012,4.81
7/23/2012,4.83
7/24/2012,4.86
7/25/2012,4.87
7/26/2012,4.87
7/27/2012,4.83
7/28/2012,4.79
7/29/2012,4.75
7/30/2012,4.71
7/31/2012,4.67
8/1/2012,4.62
8/2/2012,4.60
8/3/2012,4.59
8/4/2012,4.57
8/5/2012,4.55
8/6/2012,4.51
8/7/2012,4.47
8/8/2012,4.45
8/9/2012,4.41
8/10/2012,4.35
8/11/2012,4.30
8/12/2012,4.26
8/13/2012,4.27
8/14/2012,4.20
8/15/2012,4.17
8/16/2012,4.13
8/17/2012,4.10
8/18/2012,4.08
8/19/2012,4.06
8/20/2012,4.04
8/21/2012,4.08
8/22/2012,4.14
8/23/2012,4.16
8/24/2012,4.18
8/25/2012,4.20
8/26/2012,4.19
8/27/2012,4.16
8/28/2012,4.16
8/29/2012,4.14
8/30/2012,4.15
8/31/2012,4.16
9/1/2012,4.17
9/2/2012,4.18
9/3/2012,4.19
9/4/2012,4.21
9/5/2012,4.19
9/6/2012,4.17
9/7/2012,4.12
9/8/2012,4.06
9/9/2012,3.99
9/10/2012,3.97
9/11/2012,3.92
9/12/2012,3.82
9/13/2012,3.75
9/14/2012,3.73
9/15/2012,3.76
9/16/2012,3.79
9/17/2012,3.84
9/18/2012,3.89
9/19/2012,3.90
9/20/2012,3.90
9/21/2012,3.92
9/22/2012,3.97
9/23/2012,3.99
9/24/2012,4.06
9/25/2012,4.14
9/26/2012,4.19
9/27/2012,4.25
9/28/2012,4.31
9/29/2012,4.32
9/30/2012,4.33
10/1/2012,4.34
10/2/2012,4.31
10/3/2012,4.28
10/4/2012,4.23
10/5/2012,4.28
10/6/2012,4.27
10/7/2012,4.25
10/8/2012,4.23
10/9/2012,4.16
10/10/2012,4.10
10/11/2012,4.04
10/12/2012,3.99
10/13/2012,3.99
10/14/2012,3.96
10/15/2012,3.91
10/16/2012,3.85
10/17/2012,3.79
10/18/2012,3.72
10/19/2012,3.68
10/20/2012,3.56
10/21/2012,3.44
10/22/2012,3.28
10/23/2012,3.11
10/24/2012,2.96
10/25/2012,2.78
10/26/2012,2.62
10/27/2012,2.51
10/28/2012,2.33
10/29/2012,2.27
10/30/2012,2.20
10/31/2012,2.15
11/1/2012,2.09
11/2/2012,2.08
11/3/2012,1.97
11/4/2012,1.90
11/5/2012,1.81
11/6/2012,1.74
11/7/2012,1.71
11/8/2012,1.63
11/9/2012,1.58
11/10/2012,1.53
11/11/2012,1.56
11/12/2012,1.63
11/13/2012,1.80
11/14/2012,1.84
11/15/2012,1.82
11/16/2012,1.83
11/17/2012,1.83
11/18/2012,1.79
11/19/2012,1.71
11/20/2012,1.60
11/21/2012,1.48
11/22/2012,1.36
11/23/2012,1.28
11/24/2012,1.23
11/25/2012,1.20
11/26/2012,1.18
11/27/2012,1.19
11/28/2012,1.21
11/29/2012,1.21
11/30/2012,1.22
12/1/2012,1.19
12/2/2012,1.18
12/3/2012,1.20
12/4/2012,1.17
12/5/2012,1.13
12/6/2012,1.05
12/7/2012,1.04
12/8/2012,0.98
12/9/2012,0.94
12/10/2012,0.97
12/11/2012,0.97
12/12/2012,1.04
12/13/2012,1.13
12/14/2012,1.19
12/15/2012,1.19
12/16/2012,1.17
12/17/2012,1.08
12/18/2012,0.96
12/19/2012,0.91
12/20/2012,0.84
12/21/2012,0.73
12/22/2012,0.61
12/23/2012,0.51
12/24/2012,0.52
12/25/2012,0.55
12/26/2012,0.64
12/27/2012,0.64
12/28/2012,0.71
12/29/2012,0.73
12/30/2012,0.77
12/31/2012,0.78
1/1/2013,0.80
1/2/2013,0.78
1/3/2013,0.76
1/4/2013,0.73
1/5/2013,0.66
1/6/2013,0.57
1/7/2013,0.56
1/8/2013,0.55
1/9/2013,0.55
1/10/2013,0.59
1/11/2013,0.69
1/12/2013,0.79
1/13/2013,0.83
1/14/2013,0.90
1/15/2013,0.91
1/16/2013,0.90
1/17/2013,0.81
1/18/2013,0.69
1/19/2013,0.63
1/20/2013,0.59
1/21/2013,0.39
1/22/2013,0.32
1/23/2013,0.30
1/24/2013,0.33
1/25/2013,0.38
1/26/2013,0.38
1/27/2013,0.39
1/28/2013,0.45
1/29/2013,0.50
1/30/2013,0.57
1/31/2013,0.59
2/1/2013,0.61
2/2/2013,0.54
2/3/2013,0.56
2/4/2013,0.51
2/5/2013,0.43
2/6/2013,0.34
2/7/2013,0.34
2/8/2013,0.39
2/9/2013,0.40
2/10/2013,0.45
2/11/2013,0.53
2/12/2013,0.60
2/13/2013,0.59
2/14/2013,0.60
2/15/2013,0.59
2/16/2013,0.52
2/17/2013,0.39
2/18/2013,0.26
2/19/2013,0.19
2/20/2013,0.11
2/21/2013,0.04
2/22/2013,0.08
2/23/2013,0.09
2/24/2013,0.19
2/25/2013,0.26
2/26/2013,0.36
2/27/2013,0.39
2/28/2013,0.50
3/1/2013,0.52
3/2/2013,0.53
3/3/2013,0.46
3/4/2013,0.46
3/5/2013,0.39
3/6/2013,0.34
3/7/2013,0.31
3/8/2013,0.30
3/9/2013,0.37
3/10/2013,0.50
3/11/2013,0.59
3/12/2013,0.72
3/13/2013,0.77
3/14/2013,0.77
3/15/2013,0.72
3/16/2013,0.60
3/17/2013,0.53
3/18/2013,0.45
3/19/2013,0.41
3/20/2013,0.36
3/21/2013,0.26
3/22/2013,0.30
3/23/2013,0.32
3/24/2013,0.30
3/25/2013,0.37
3/26/2013,0.51
3/27/2013,0.66
3/28/2013,0.73
3/29/2013,0.80
3/30/2013,0.76
3/31/2013,0.79
4/1/2013,0.75
4/2/2013,0.69
4/3/2013,0.58
4/4/2013,0.49
4/5/2013,0.50
4/6/2013,0.44
4/7/2013,0.45
4/8/2013,0.56
4/9/2013,0.69
4/10/2013,0.80
4/11/2013,0.87
4/12/2013,0.92
4/13/2013,0.88
4/14/2013,0.93
4/15/2013,0.83
4/16/2013,0.75
4/17/2013,0.77
4/18/2013,0.79
4/19/2013,0.71
4/20/2013,0.59
4/21/2013,0.53
4/22/2013,0.53
4/23/2013,0.58
4/24/2013,0.75
4/25/2013,0.90
4/26/2013,1.03
4/27/2013,1.16
4/28/2013,1.27
4/29/2013,1.36
4/30/2013,1.35
5/1/2013,1.32
5/2/2013,1.33
5/3/2013,1.32
5/4/2013,1.33
5/5/2013,1.27
5/6/2013,1.31
5/7/2013,1.45
5/8/2013,1.59
5/9/2013,1.72
5/10/2013,1.86
5/11/2013,1.97
5/12/2013,2.05
5/13/2013,2.04
5/14/2013,2.02
5/15/2013,2.03
5/16/2013,1.99
5/17/2013,2.05
5/18/2013,2.04
5/19/2013,2.03
5/20/2013,2.03
5/21/2013,2.08
5/22/2013,2.15
5/23/2013,2.34
5/24/2013,2.45
5/25/2013,2.53
5/26/2013,2.62
5/27/2013,2.66
5/28/2013,2.70
5/29/2013,2.75
5/30/2013,2.84
5/31/2013,2.93
6/1/2013,2.81
6/2/2013,2.67
6/3/2013,2.54
6/4/2013,2.47
6/5/2013,2.43
6/6/2013,2.45
6/7/2013,2.53
6/8/2013,2.59
6/9/2013,2.64
6/10/2013,2.67
6/11/2013,2.69
6/12/2013,2.71
6/13/2013,2.74
6/14/2013,2.81
6/15/2013,2.78
6/16/2013,2.74
6/17/2013,2.66
6/18/2013,2.55
6/19/2013,2.48
6/20/2013,2.44
6/21/2013,2.45
6/22/2013,2.47
6/23/2013,2.56
6/24/2013,2.69
6/25/2013,2.83
6/26/2013,2.98
6/27/2013,3.06
6/28/2013,3.03
6/29/2013,3.02
6/30/2013,3.03
7/1/2013,3.05
7/2/2013,3.07
7/3/2013,3.12
7/4/2013,3.16
7/5/2013,3.22
7/6/2013,3.30
7/7/2013,3.37
7/8/2013,3.43
7/9/2013,3.49
7/10/2013,3.58
7/11/2013,3.70
7/12/2013,3.81
7/13/2013,3.87
7/14/2013,3.91
7/15/2013,3.94
7/16/2013,3.95
7/17/2013,3.94
7/18/2013,3.94
7/19/2013,3.94
7/20/2013,3.95
7/21/2013,3.95
7/22/2013,3.96
7/23/2013,3.99
7/24/2013,4.02
7/25/2013,4.05
7/26/2013,4.04
7/27/2013,4.02
7/28/2013,4.05
7/29/2013,4.06
7/30/2013,4.04
7/31/2013,4.02
8/1/2013,4.00
8/2/2013,3.96
8/3/2013,3.94
8/4/2013,3.90
8/5/2013,3.87
8/6/2013,3.92
8/7/2013,3.94
8/8/2013,4.01
8/9/2013,4.04
8/10/2013,4.06
8/11/2013,4.08
8/12/2013,4.11
8/13/2013,4.14
8/14/2013,4.16
8/15/2013,4.22
8/16/2013,4.22
8/17/2013,4.22
8/18/2013,4.22
8/19/2013,4.22
8/20/2013,4.23
8/21/2013,4.27
8/22/2013,4.28
8/23/2013,4.28
8/24/2013,4.28
8/25/2013,4.26
8/26/2013,4.22
8/27/2013,4.26
8/28/2013,4.24
8/29/2013,4.17
8/30/2013,4.12
8/31/2013,4.08
9/1/2013,4.07
9/2/2013,4.05
9/3/2013,4.03
9/4/2013,4.04
9/5/2013,4.13
9/6/2013,4.19
9/7/2013,4.26
9/8/2013,4.31
9/9/2013,4.35
9/10/2013,4.39
9/11/2013,4.42
9/12/2013,4.42
9/13/2013,4.41
9/14/2013,4.35
9/15/2013,4.31
9/16/2013,4.28
9/17/2013,4.20
9/18/2013,4.15
9/19/2013,4.11
9/20/2013,4.06
9/21/2013,4.00
9/22/2013,3.92
9/23/2013,3.81
9/24/2013,3.71
9/25/2013,3.62
9/26/2013,3.48
9/27/2013,3.37
9/28/2013,3.23
9/29/2013,3.14
9/30/2013,3.09
10/1/2013,3.02
10/2/2013,2.96
10/3/2013,2.93
10/4/2013,2.91
10/5/2013,2.90
10/6/2013,2.93
10/7/2013,3.03
10/8/2013,3.05
10/9/2013,3.03
10/10/2013,2.99
10/11/2013,2.99
10/12/2013,2.98
10/13/2013,2.99
10/14/2013,3.04
10/15/2013,3.00
10/16/2013,2.94
10/17/2013,2.90
10/18/2013,2.89
10/19/2013,2.89
10/20/2013,2.89
10/21/2013,2.90
10/22/2013,2.85
10/23/2013,2.78
10/24/2013,2.67
10/25/2013,2.55
10/26/2013,2.46
10/27/2013,2.36
10/28/2013,2.25
10/29/2013,2.15
10/30/2013,2.10
10/31/2013,2.07
11/1/2013,2.03
11/2/2013,2.14
11/3/2013,2.20
11/4/2013,2.24
11/5/2013,2.22
11/6/2013,2.18
11/7/2013,2.13
11/8/2013,2.02
11/9/2013,1.91
11/10/2013,1.78
11/11/2013,1.65
11/12/2013,1.54
11/13/2013,1.53
11/14/2013,1.51
11/15/2013,1.54
11/16/2013,1.63
11/17/2013,1.63
11/18/2013,1.59
11/19/2013,1.59
11/20/2013,1.54
11/21/2013,1.53
11/22/2013,1.50
11/23/2013,1.42
11/24/2013,1.31
11/25/2013,1.18
11/26/2013,1.10
11/27/2013,1.04
11/28/2013,1.04
11/29/2013,1.16
11/30/2013,1.20
12/1/2013,1.24
12/2/2013,1.33
12/3/2013,1.38
12/4/2013,1.46
12/5/2013,1.49
12/6/2013,1.47
12/7/2013,1.43
12/8/2013,1.37
12/9/2013,1.20
12/10/2013,1.11
12/11/2013,1.06
12/12/2013,0.99
12/13/2013,0.88
12/14/2013,0.97
12/15/2013,0.97
12/16/2013,0.93
12/17/2013,0.93
12/18/2013,0.98
12/19/2013,1.02
12/20/2013,1.00
12/21/2013,0.97
12/22/2013,0.98
12/23/2013,0.96
12/24/2013,0.91
12/25/2013,0.79
12/26/2013,0.73
12/27/2013,0.65
12/28/2013,0.68
12/29/2013,0.70
12/30/2013,0.78
12/31/2013,0.85
1/1/2014,0.87
1/2/2014,0.95
1/3/2014,0.95
1/4/2014,0.97
1/5/2014,0.93
1/6/2014,0.90
1/7/2014,0.74
1/8/2014,0.70
1/9/2014,0.52
1/10/2014,0.50
1/11/2014,0.53
1/12/2014,0.57
1/13/2014,0.54
1/14/2014,0.56
1/15/2014,0.57
1/16/2014,0.58
1/17/2014,0.57
1/18/2014,0.57
1/19/2014,0.63
1/20/2014,0.65
1/21/2014,0.63
1/22/2014,0.56
1/23/2014,0.57
1/24/2014,0.52
1/25/2014,0.44
1/26/2014,0.41
1/27/2014,0.34
1/28/2014,0.29
1/29/2014,0.43
1/30/2014,0.57
1/31/2014,0.66
2/1/2014,0.71
2/2/2014,0.78
2/3/2014,0.73
2/4/2014,0.70
2/5/2014,0.68
2/6/2014,0.56
2/7/2014,0.45
2/8/2014,0.39
2/9/2014,0.31
2/10/2014,0.34
2/11/2014,0.34
2/12/2014,0.42
2/13/2014,0.44
2/14/2014,0.45
2/15/2014,0.49
2/16/2014,0.57
2/17/2014,0.64
2/18/2014,0.66
2/19/2014,0.55
2/20/2014,0.52
2/21/2014,0.58
2/22/2014,0.45
2/23/2014,0.42
2/24/2014,0.31
2/25/2014,0.22
2/26/2014,0.20
2/27/2014,0.27
2/28/2014,0.36
3/1/2014,0.52
3/2/2014,0.60
3/3/2014,0.67
3/4/2014,0.67
3/5/2014,0.60
3/6/2014,0.53
3/7/2014,0.43
3/8/2014,0.33
3/9/2014,0.19
3/10/2014,0.12
3/11/2014,0.11
3/12/2014,0.11
3/13/2014,0.16
3/14/2014,0.25
3/15/2014,0.29
3/16/2014,0.39
3/17/2014,0.48
3/18/2014,0.48
3/19/2014,0.57
3/20/2014,0.63
3/21/2014,0.63
3/22/2014,0.60
3/23/2014,0.57
3/24/2014,0.56
3/25/2014,0.36
3/26/2014,0.32
3/27/2014,0.34
3/28/2014,0.39
3/29/2014,0.55
3/30/2014,0.68
3/31/2014,0.81
4/1/2014,0.89
4/2/2014,0.85
4/3/2014,0.84
4/4/2014,0.80
4/5/2014,0.62
4/6/2014,0.53
4/7/2014,0.50
4/8/2014,0.47
4/9/2014,0.49
4/10/2014,0.43
4/11/2014,0.40
4/12/2014,0.44
4/13/2014,0.51
4/14/2014,0.53
4/15/2014,0.61
4/16/2014,0.74
4/17/2014,0.83
4/18/2014,0.89
4/19/2014,0.93
4/20/2014,0.89
4/21/2014,0.74
4/22/2014,0.72
4/23/2014,0.58
4/24/2014,0.57
4/25/2014,0.63
4/26/2014,0.64
4/27/2014,0.78
4/28/2014,0.86
4/29/2014,1.00
4/30/2014,1.09
5/1/2014,1.09
5/2/2014,1.06
5/3/2014,1.08
5/4/2014,0.94
5/5/2014,0.88
5/6/2014,0.77
5/7/2014,0.77
5/8/2014,0.85
5/9/2014,1.00
5/10/2014,1.09
5/11/2014,1.12
5/12/2014,1.29
5/13/2014,1.44
5/14/2014,1.55
5/15/2014,1.62
5/16/2014,1.68
5/17/2014,1.81
5/18/2014,1.87
5/19/2014,1.93
5/20/2014,1.95
5/21/2014,1.96
5/22/2014,1.94
5/23/2014,1.97
5/24/2014,1.96
5/25/2014,1.91
5/26/2014,1.91
5/27/2014,1.91
5/28/2014,1.94
5/29/2014,1.99
5/30/2014,1.94
5/31/2014,1.89
6/1/2014,1.93
6/2/2014,1.94
6/3/2014,1.91
6/4/2014,1.85
6/5/2014,1.78
6/6/2014,1.74
6/7/2014,1.69
6/8/2014,1.68
6/9/2014,1.72
6/10/2014,1.89
6/11/2014,2.00
6/12/2014,2.13
6/13/2014,2.20
6/14/2014,2.33
6/15/2014,2.39
6/16/2014,2.45
6/17/2014,2.47
6/18/2014,2.49
6/19/2014,2.54
6/20/2014,2.65
6/21/2014,2.66
6/22/2014,2.71
6/23/2014,2.82
6/24/2014,2.98
6/25/2014,3.09
6/26/2014,3.21
6/27/2014,3.29
6/28/2014,3.40
6/29/2014,3.48
6/30/2014,3.51
7/1/2014,3.62
7/2/2014,3.69
7/3/2014,3.70
7/4/2014,3.73
7/5/2014,3.74
7/6/2014,3.72
7/7/2014,3.70
7/8/2014,3.64
7/9/2014,3.68
7/10/2014,3.74
7/11/2014,3.86
7/12/2014,3.91
7/13/2014,3.99
7/14/2014,4.06
7/15/2014,4.11
7/16/2014,4.13
7/17/2014,4.09
7/18/2014,4.06
7/19/2014,4.02
7/20/2014,3.97
7/21/2014,3.92
7/22/2014,3.88
7/23/2014,3.85
7/24/2014,3.81
7/25/2014,3.78
7/26/2014,3.74
7/27/2014,3.78
7/28/2014,3.81
7/29/2014,3.86
7/30/2014,3.84
7/31/2014,3.83
8/1/2014,
8/2/2014,
8/3/2014,
8/4/2014,
8/5/2014,
8/6/2014,
8/7/2014,
8/8/2014,
8/9/2014,
8/10/2014,
8/11/2014,
8/12/2014,
8/13/2014,
8/14/2014,
8/15/2014,
8/16/2014,
8/17/2014,
8/18/2014,
8/19/2014,
8/20/2014,
8/21/2014,
8/22/2014,
8/23/2014,
8/24/2014,
8/25/2014,
8/26/2014,
8/27/2014,
8/28/2014,
8/29/2014,
8/30/2014,
8/31/2014,
9/1/2014,4.94
9/2/2014,4.92
9/3/2014,4.85
9/4/2014,4.79
9/5/2014,4.76
9/6/2014,4.67
9/7/2014,4.59
9/8/2014,4.55
9/9/2014,4.51
9/10/2014,4.44
9/11/2014,4.39
9/12/2014,4.31
9/13/2014,4.26
9/14/2014,4.18
9/15/2014,4.10
9/16/2014,4.02
9/17/2014,3.92
9/18/2014,3.83
9/19/2014,3.78
9/20/2014,3.85
9/21/2014,3.86
9/22/2014,3.88
9/23/2014,3.98
9/24/2014,4.07
9/25/2014,4.20
9/26/2014,4.28
9/27/2014,4.46
9/28/2014,4.52
9/29/2014,4.52
9/30/2014,4.50
10/1/2014,4.44
10/2/2014,4.40
10/3/2014,4.35
10/4/2014,4.28
10/5/2014,4.21
10/6/2014,4.12
10/7/2014,4.03
10/8/2014,3.95
10/9/2014,3.86
10/10/2014,3.78
10/11/2014,3.72
10/12/2014,3.70
10/13/2014,3.60
10/14/2014,3.46
10/15/2014,3.32
10/16/2014,3.14
10/17/2014,2.93
10/18/2014,2.76
10/19/2014,2.55
10/20/2014,2.44
10/21/2014,2.36
10/22/2014,2.28
10/23/2014,2.23
10/24/2014,2.24
10/25/2014,2.22
10/26/2014,2.25
10/27/2014,2.19
10/28/2014,2.07
10/29/2014,1.97
10/30/2014,1.94
10/31/2014,1.80
11/1/2014,1.74
11/2/2014,1.67
11/3/2014,1.61
11/4/2014,1.64
11/5/2014,1.67
11/6/2014,1.74
11/7/2014,1.82
11/8/2014,1.94
11/9/2014,1.96
11/10/2014,1.87
11/11/2014,1.71
11/12/2014,1.59
11/13/2014,1.49
11/14/2014,1.42
11/15/2014,1.16
11/16/2014,1.05
11/17/2014,1.01
11/18/2014,1.04
11/19/2014,1.14
11/20/2014,1.23
11/21/2014,1.32
11/22/2014,1.39
11/23/2014,1.47
11/24/2014,1.51
11/25/2014,1.48
11/26/2014,1.44
11/27/2014,1.39
11/28/2014,1.31
11/29/2014,1.19
11/30/2014,1.07
12/1/2014,0.99
12/2/2014,0.93
12/3/2014,1.00
12/4/2014,1.08
12/5/2014,1.18
12/6/2014,1.23
12/7/2014,1.22
12/8/2014,1.10
12/9/2014,1.10
12/10/2014,1.03
12/11/2014,0.97
12/12/2014,0.86
12/13/2014,0.78
12/14/2014,0.76
12/15/2014,0.73
12/16/2014,0.70
12/17/2014,0.64
12/18/2014,0.62
12/19/2014,0.66
12/20/2014,0.72
12/21/2014,0.89
12/22/2014,0.96
12/23/2014,1.04
12/24/2014,1.08
12/25/2014,1.11
12/26/2014,1.03
12/27/2014,0.86
12/28/2014,0.76
12/29/2014,0.72
12/30/2014,0.65
12/31/2014,0.70
1/1/2015,0.62
1/2/2015,0.67
1/3/2015,0.77
1/4/2015,0.98
1/5/2015,0.94
1/6/2015,0.88
1/7/2015,0.86
1/8/2015,0.85
1/9/2015,0.90
1/10/2015,0.83
1/11/2015,0.76
1/12/2015,0.68
1/13/2015,0.63
1/14/2015,0.63
1/15/2015,0.60
1/16/2015,0.60
1/17/2015,0.67
1/18/2015,0.68
1/19/2015,0.68
1/20/2015,0.73
1/21/2015,0.80
1/22/2015,0.91
1/23/2015,0.98
1/24/2015,1.01
1/25/2015,0.83
1/26/2015,0.73
1/27/2015,0.63
1/28/2015,0.52
1/29/2015,0.39
1/30/2015,0.33
1/31/2015,0.33
2/1/2015,0.30
2/2/2015,0.28
2/3/2015,0.38
2/4/2015,0.43
2/5/2015,0.46
2/6/2015,0.45
2/7/2015,0.48
2/8/2015,0.45
2/9/2015,0.42
2/10/2015,0.42
2/11/2015,0.40
2/12/2015,0.28
2/13/2015,0.25
2/14/2015,0.22
2/15/2015,0.23
2/16/2015,0.25
2/17/2015,0.27
2/18/2015,0.38
2/19/2015,0.55
2/20/2015,0.67
2/21/2015,0.79
2/22/2015,0.74
2/23/2015,0.72
2/24/2015,0.53
2/25/2015,0.50
2/26/2015,0.39
2/27/2015,0.38
2/28/2015,0.33
3/1/2015,0.21
3/2/2015,0.19
3/3/2015,0.29
3/4/2015,0.39
3/5/2015,0.45
3/6/2015,0.52
3/7/2015,0.44
3/8/2015,0.37
3/9/2015,0.31
3/10/2015,0.31
3/11/2015,0.36
3/12/2015,0.27
3/13/2015,0.24
3/14/2015,0.19
3/15/2015,0.15
3/16/2015,0.11
3/17/2015,0.12
3/18/2015,0.31
3/19/2015,0.43
3/20/2015,0.52
3/21/2015,0.68
3/22/2015,0.76
3/23/2015,0.78
3/24/2015,0.80
3/25/2015,0.69
3/26/2015,0.59
3/27/2015,0.47
3/28/2015,0.40
3/29/2015,0.30
3/30/2015,0.24
3/31/2015,0.33
4/1/2015,0.37
4/2/2015,0.57
4/3/2015,0.77
4/4/2015,1.01
4/5/2015,1.07
4/6/2015,1.05
4/7/2015,1.01
4/8/2015,0.94
4/9/2015,0.92
4/10/2015,0.91
4/11/2015,0.76
4/12/2015,0.70
4/13/2015,0.61
4/14/2015,0.57
4/15/2015,0.68
4/16/2015,0.77
4/17/2015,0.78
4/18/2015,1.04
4/19/2015,1.26
4/20/2015,1.34
4/21/2015,1.42
4/22/2015,1.47
4/23/2015,1.47
4/24/2015,1.36
4/25/2015,1.22
4/26/2015,1.03
4/27/2015,0.93
4/28/2015,0.89
4/29/2015,1.02
4/30/2015,1.15
5/1/2015,1.20
5/2/2015,1.33
5/3/2015,1.41
5/4/2015,1.48
5/5/2015,1.50
5/6/2015,1.51
5/7/2015,1.54
5/8/2015,1.53
5/9/2015,1.49
5/10/2015,1.53
5/11/2015,1.47
5/12/2015,1.42
5/13/2015,1.36
5/14/2015,1.35
5/15/2015,1.36
5/16/2015,1.45
5/17/2015,1.57
5/18/2015,1.66
5/19/2015,1.77
5/20/2015,1.80
5/21/2015,1.83
5/22/2015,1.83
5/23/2015,1.83
5/24/2015,1.88
5/25/2015,1.87
5/26/2015,1.85
5/27/2015,1.86
5/28/2015,1.84
5/29/2015,1.84
5/30/2015,1.93
5/31/2015,2.00
6/1/2015,2.17
6/2/2015,2.24
6/3/2015,2.31
6/4/2015,2.42
6/5/2015,2.48
6/6/2015,2.52
6/7/2015,2.58
6/8/2015,2.60
6/9/2015,2.67
6/10/2015,2.79
6/11/2015,2.94
6/12/2015,3.08
6/13/2015,3.31
6/14/2015,3.44
6/15/2015,3.63
6/16/2015,3.74
6/17/2015,3.78
6/18/2015,3.83
6/19/2015,3.85
6/20/2015,3.89
6/21/2015,3.94
6/22/2015,3.95
6/23/2015,3.98
6/24/2015,3.89
6/25/2015,3.91
6/26/2015,3.91
6/27/2015,3.89
6/28/2015,3.85
6/29/2015,3.83
6/30/2015,3.80
7/1/2015,3.79
7/2/2015,3.78
7/3/2015,3.74
7/4/2015,3.72
7/5/2015,3.75
7/6/2015,3.79
7/7/2015,3.86
7/8/2015,3.89
7/9/2015,3.94
7/10/2015,3.93
7/11/2015,3.92
7/12/2015,3.86
7/13/2015,3.80
7/14/2015,3.74
7/15/2015,3.78
7/16/2015,3.83
7/17/2015,3.88
7/18/2015,3.89
7/19/2015,3.95
7/20/2015,3.96
7/21/2015,3.97
7/22/2015,3.96
7/23/2015,3.92
7/24/2015,3.87
7/25/2015,3.87
7/26/2015,3.84
7/27/2015,3.82
7/28/2015,3.80
7/29/2015,3.80
7/30/2015,3.78
7/31/2015,3.80
8/1/2015,3.79
8/2/2015,3.90
8/3/2015,3.87
8/4/2015,3.82
8/5/2015,3.79
8/6/2015,3.78
8/7/2015,3.74
8/8/2015,3.66
8/9/2015,3.59
8/10/2015,3.52
8/11/2015,3.46
8/12/2015,3.41
8/13/2015,3.40
8/14/2015,3.44
8/15/2015,3.45
8/16/2015,3.40
8/17/2015,3.40
8/18/2015,3.45
8/19/2015,3.50
8/20/2015,3.67
8/21/2015,3.83
8/22/2015,3.98
8/23/2015,4.15
8/24/2015,4.29
8/25/2015,4.40
8/26/2015,4.43
8/27/2015,4.46
8/28/2015,4.52
8/29/2015,4.57
8/30/2015,4.60
8/31/2015,4.68
9/1/2015,4.85
9/2/2015,4.97
9/3/2015,5.04
9/4/2015,5.05
9/5/2015,5.05
9/6/2015,5.05
9/7/2015,5.05
9/8/2015,5.04
9/9/2015,5.02
9/10/2015,4.98
9/11/2015,4.93
9/12/2015,4.87
9/13/2015,4.80
9/14/2015,4.74
9/15/2015,4.69
9/16/2015,4.65
9/17/2015,4.58
9/18/2015,4.49
9/19/2015,4.38
9/20/2015,4.29
9/21/2015,4.24
9/22/2015,4.18
9/23/2015,4.08
9/24/2015,4.07
9/25/2015,4.07
9/26/2015,4.08
9/27/2015,4.08
9/28/2015,4.05
9/29/2015,4.04
9/30/2015,4.04
10/1/2015,4.00
10/2/2015,3.97
10/3/2015,3.90
10/4/2015,3.80
10/5/2015,3.68
10/6/2015,3.60
10/7/2015,3.45
10/8/2015,3.35
10/9/2015,3.27
10/10/2015,3.11
10/11/2015,3.02
10/12/2015,3.00
10/13/2015,2.93
10/14/2015,2.84
10/15/2015,2.76
10/16/2015,2.71
10/17/2015,2.63
10/18/2015,2.51
10/19/2015,2.37
10/20/2015,2.23
10/21/2015,1.98
10/22/2015,1.85
10/23/2015,1.74
10/24/2015,1.72
10/25/2015,1.73
10/26/2015,1.76
10/27/2015,1.86
10/28/2015,1.89
10/29/2015,1.94
10/30/2015,1.87
10/31/2015,1.81
11/1/2015,1.71
11/2/2015,1.68
11/3/2015,1.47
11/4/2015,1.31
11/5/2015,1.21
11/6/2015,1.14
11/7/2015,1.08
11/8/2015,1.06
11/9/2015,1.08
11/10/2015,1.17
11/11/2015,1.21
11/12/2015,1.27
11/13/2015,1.26
11/14/2015,1.26
11/15/2015,1.31
11/16/2015,1.31
11/17/2015,1.24
11/18/2015,1.19
11/19/2015,1.04
11/20/2015,0.91
11/21/2015,0.85
11/22/2015,0.92
11/23/2015,1.00
11/24/2015,1.05
11/25/2015,1.21
11/26/2015,1.18
11/27/2015,1.28
11/28/2015,1.30
11/29/2015,1.04
11/30/2015,1.05
12/1/2015,0.93
12/2/2015,0.88
12/3/2015,0.90
12/4/2015,0.74
12/5/2015,0.70
12/6/2015,0.71
12/7/2015,0.72
12/8/2015,0.80
12/9/2015,0.82
12/10/2015,0.90
12/11/2015,0.96
12/12/2015,1.04
12/13/2015,1.04
12/14/2015,0.98
12/15/2015,0.90
12/16/2015,0.84
12/17/2015,0.79
12/18/2015,0.71
12/19/2015,0.62
12/20/2015,0.60
12/21/2015,0.61
12/22/2015,0.65
12/23/2015,0.67
12/24/2015,0.71
12/25/2015,0.77
12/26/2015,0.77
12/27/2015,0.76
12/28/2015,0.77
12/29/2015,0.76
12/30/2015,0.62
12/31/2015,0.64
1/1/2016,0.60
1/2/2016,0.59
1/3/2016,0.50
1/4/2016,0.45
1/5/2016,0.37
1/6/2016,0.40
1/7/2016,0.40
1/8/2016,0.42
1/9/2016,0.51
1/10/2016,0.58
1/11/2016,0.59
1/12/2016,0.62
1/13/2016,0.65
1/14/2016,0.65
1/15/2016,0.58
1/16/2016,0.45
1/17/2016,0.43
1/18/2016,0.39
1/19/2016,0.36
1/20/2016,0.32
1/21/2016,0.31
1/22/2016,0.33
1/23/2016,0.25
1/24/2016,0.25
1/25/2016,0.32
1/26/2016,0.37
1/27/2016,0.38
1/28/2016,0.42
1/29/2016,0.43
1/30/2016,0.45
1/31/2016,0.43
2/1/2016,0.36
2/2/2016,0.24
2/3/2016,0.17
2/4/2016,0.15
2/5/2016,0.11
2/6/2016,0.18
2/7/2016,0.26
2/8/2016,0.42
2/9/2016,0.53
2/10/2016,0.72
2/11/2016,0.76
2/12/2016,0.73
2/13/2016,0.75
2/14/2016,0.69
2/15/2016,0.49
2/16/2016,0.41
2/17/2016,0.36
2/18/2016,0.33
2/19/2016,0.30
2/20/2016,0.39
2/21/2016,0.56
2/22/2016,0.59
2/23/2016,0.73
2/24/2016,0.72
2/25/2016,0.73
2/26/2016,0.64
2/27/2016,0.56
2/28/2016,0.52
2/29/2016,0.48
3/1/2016,0.43
3/2/2016,0.35
3/3/2016,0.27
3/4/2016,0.23
3/5/2016,0.31
3/6/2016,0.30
3/7/2016,0.41
3/8/2016,0.56
3/9/2016,0.66
3/10/2016,0.79
3/11/2016,0.75
3/12/2016,0.77
3/13/2016,0.76
3/14/2016,0.66
3/15/2016,0.50
3/16/2016,0.37
3/17/2016,0.34
3/18/2016,0.26
3/19/2016,0.34
3/20/2016,0.37
3/21/2016,0.51
3/22/2016,0.57
3/23/2016,0.58
3/24/2016,0.78
3/25/2016,0.79
3/26/2016,0.78
3/27/2016,0.79
3/28/2016,0.80
3/29/2016,0.76
3/30/2016,0.74
3/31/2016,0.66
4/1/2016,0.58
4/2/2016,0.56
4/3/2016,0.72
4/4/2016,0.86
4/5/2016,1.08
4/6/2016,1.29
4/7/2016,1.45
4/8/2016,1.56
4/9/2016,1.60
4/10/2016,1.61
4/11/2016,1.59
4/12/2016,1.48
4/13/2016,1.26
4/14/2016,1.14
4/15/2016,1.21
4/16/2016,1.24
4/17/2016,1.37
4/18/2016,1.40
4/19/2016,1.48
4/20/2016,1.54
4/21/2016,1.71
4/22/2016,1.85
4/23/2016,1.89
4/24/2016,1.93
4/25/2016,1.90
4/26/2016,1.84
4/27/2016,1.79
4/28/2016,1.73
4/29/2016,1.70
4/30/2016,1.70
5/1/2016,1.72
5/2/2016,1.72
5/3/2016,1.77
5/4/2016,1.85
5/5/2016,1.89
5/6/2016,2.00
5/7/2016,2.09
5/8/2016,2.07
5/9/2016,2.09
5/10/2016,2.04
5/11/2016,1.96
5/12/2016,1.82
5/13/2016,1.77
5/14/2016,1.76
5/15/2016,1.72
5/16/2016,1.72
5/17/2016,1.73
5/18/2016,1.77
5/19/2016,1.96
5/20/2016,2.15
5/21/2016,2.30
5/22/2016,2.53
5/23/2016,2.64
5/24/2016,2.73
5/25/2016,2.80
5/26/2016,2.91
5/27/2016,2.95
5/28/2016,2.96
5/29/2016,2.96
5/30/2016,2.93
5/31/2016,2.93
6/1/2016,2.93
6/2/2016,2.90
6/3/2016,2.89
6/4/2016,2.89
6/5/2016,2.93
6/6/2016,2.96
6/7/2016,2.97
6/8/2016,3.05
6/9/2016,2.99
6/10/2016,2.97
6/11/2016,2.90
6/12/2016,2.81
6/13/2016,2.79
6/14/2016,2.71
6/15/2016,2.67
6/16/2016,2.68
6/17/2016,2.68
6/18/2016,2.80
6/19/2016,2.91
6/20/2016,2.97
6/21/2016,2.94
6/22/2016,2.98
6/23/2016,3.04
6/24/2016,3.12
6/25/2016,3.23
6/26/2016,3.29
6/27/2016,3.44
6/28/2016,3.55
6/29/2016,3.60
6/30/2016,3.61
7/1/2016,3.60
7/2/2016,3.61
7/3/2016,3.69
7/4/2016,3.71
7/5/2016,3.74
7/6/2016,3.80
7/7/2016,3.85
7/8/2016,3.89
7/9/2016,3.96
7/10/2016,3.97
7/11/2016,3.97
7/12/2016,3.97
7/13/2016,3.91
7/14/2016,3.87
7/15/2016,3.79
7/16/2016,3.87
7/17/2016,3.88
7/18/2016,3.90
7/19/2016,3.98
7/20/2016,4.08
7/21/2016,4.17
7/22/2016,4.31
7/23/2016,4.44
7/24/2016,4.48
7/25/2016,4.53
7/26/2016,4.64
7/27/2016,4.72
7/28/2016,4.78
7/29/2016,4.84
7/30/2016,4.85
7/31/2016,4.86
8/1/2016,4.87
8/2/2016,4.88
8/3/2016,4.91
8/4/2016,4.88
8/5/2016,4.85
8/6/2016,4.80
8/7/2016,4.73
8/8/2016,4.67
8/9/2016,4.58
8/10/2016,4.51
8/11/2016,4.40
8/12/2016,4.31
8/13/2016,4.21
8/14/2016,4.11
8/15/2016,4.06
8/16/2016,3.99
8/17/2016,3.96
8/18/2016,3.98
8/19/2016,4.03
8/20/2016,4.02
8/21/2016,3.94
8/22/2016,3.94
8/23/2016,3.86
8/24/2016,3.79
8/25/2016,3.69
8/26/2016,3.61
8/27/2016,3.50
8/28/2016,3.46
8/29/2016,3.37
8/30/2016,3.34
8/31/2016,3.34
9/1/2016,3.39
9/2/2016,3.42
9/3/2016,3.48
9/4/2016,3.57
9/5/2016,3.59
9/6/2016,3.67
9/7/2016,3.64
9/8/2016,3.61
9/9/2016,3.55
9/10/2016,3.53
9/11/2016,3.52
9/12/2016,3.51
9/13/2016,3.55
9/14/2016,3.64
9/15/2016,3.66
9/16/2016,3.67
9/17/2016,3.71
9/18/2016,3.72
9/19/2016,3.72
9/20/2016,3.74
9/21/2016,3.75
9/22/2016,3.68
9/23/2016,3.60
9/24/2016,3.56
9/25/2016,3.47
9/26/2016,3.41
9/27/2016,3.36
9/28/2016,3.30
9/29/2016,3.33
9/30/2016,3.36
10/1/2016,3.35
10/2/2016,3.38
10/3/2016,3.38
10/4/2016,3.36
10/5/2016,3.35
10/6/2016,3.33
10/7/2016,3.28
10/8/2016,3.24
10/9/2016,3.12
10/10/2016,3.00
10/11/2016,2.93
10/12/2016,3.00
10/13/2016,2.98
10/14/2016,2.98
10/15/2016,3.03
10/16/2016,3.06
10/17/2016,3.10
10/18/2016,3.21
10/19/2016,3.20
10/20/2016,3.19
10/21/2016,3.09
10/22/2016,3.00
10/23/2016,2.83
10/24/2016,2.61
10/25/2016,2.52
10/26/2016,2.40
10/27/2016,2.41
10/28/2016,2.38
10/29/2016,2.38
10/30/2016,2.36
10/31/2016,2.28
11/1/2016,2.25
11/2/2016,2.19
11/3/2016,2.11
11/4/2016,2.07
11/5/2016,1.89
11/6/2016,1.92
11/7/2016,1.96
11/8/2016,1.87
11/9/2016,1.79
11/10/2016,1.73
11/11/2016,1.74
11/12/2016,1.83
11/13/2016,1.88
11/14/2016,1.94
11/15/2016,1.90
11/16/2016,1.87
11/17/2016,1.84
11/18/2016,1.79
11/19/2016,1.73
11/20/2016,1.67
11/21/2016,1.57
11/22/2016,1.48
11/23/2016,1.26
11/24/2016,1.32
11/25/2016,1.31
11/26/2016,1.32
11/27/2016,1.33
11/28/2016,1.39
11/29/2016,1.40
11/30/2016,1.37
12/1/2016,1.32
12/2/2016,1.34
12/3/2016,1.30
12/4/2016,1.22
12/5/2016,1.13
12/6/2016,1.06
12/7/2016,0.98
12/8/2016,0.98
12/9/2016,0.96
12/10/2016,1.02
12/11/2016,1.07
12/12/2016,1.18
12/13/2016,1.27
12/14/2016,1.33
12/15/2016,1.38
12/16/2016,1.35
12/17/2016,1.25
12/18/2016,1.21
12/19/2016,1.04
12/20/2016,1.00
12/21/2016,0.90
12/22/2016,0.83
12/23/2016,0.80
12/24/2016,0.74
12/25/2016,0.72
12/26/2016,0.81
12/27/2016,0.87
12/28/2016,0.87
12/29/2016,0.85
12/30/2016,0.92
12/31/2016,0.97
1/1/2017,0.96
1/2/2017,0.84
1/3/2017,0.88
1/4/2017,0.81
1/5/2017,0.72
1/6/2017,0.61
1/7/2017,0.47
1/8/2017,0.52
1/9/2017,0.54
1/10/2017,0.57
1/11/2017,0.65
1/12/2017,0.69
1/13/2017,0.65
1/14/2017,0.64
1/15/2017,0.64
1/16/2017,0.64
1/17/2017,0.65
1/18/2017,0.60
1/19/2017,0.54
1/20/2017,0.40
1/21/2017,0.26
1/22/2017,0.23
1/23/2017,0.26
1/24/2017,0.40
1/25/2017,0.50
1/26/2017,0.62
1/27/2017,0.68
1/28/2017,0.74
1/29/2017,0.78
1/30/2017,0.74
1/31/2017,0.70
2/1/2017,0.68
2/2/2017,0.61
2/3/2017,0.43
2/4/2017,0.35
2/5/2017,0.35
2/6/2017,0.34
2/7/2017,0.34
2/8/2017,0.35
2/9/2017,0.36
2/10/2017,0.45
2/11/2017,0.50
2/12/2017,0.51
2/13/2017,0.52
2/14/2017,0.51
2/15/2017,0.45
2/16/2017,0.44
2/17/2017,0.45
2/18/2017,0.39
2/19/2017,0.30
2/20/2017,0.22
2/21/2017,0.33
2/22/2017,0.42
2/23/2017,0.46
2/24/2017,0.47
2/25/2017,0.50
2/26/2017,0.57
2/27/2017,0.60
2/28/2017,0.66
3/1/2017,0.68
3/2/2017,0.68
3/3/2017,0.65
3/4/2017,0.63
3/5/2017,0.58
3/6/2017,0.57
3/7/2017,0.34
3/8/2017,0.41
3/9/2017,0.36
3/10/2017,0.45
3/11/2017,0.59
3/12/2017,0.77
3/13/2017,0.79
3/14/2017,0.81
3/15/2017,0.66
3/16/2017,0.62
3/17/2017,0.53
3/18/2017,0.58
3/19/2017,0.60
3/20/2017,0.48
3/21/2017,0.36
3/22/2017,0.34
3/23/2017,0.29
3/24/2017,0.26
3/25/2017,0.31
3/26/2017,0.42
3/27/2017,0.61
3/28/2017,0.80
3/29/2017,0.92
3/30/2017,1.38
3/31/2017,1.53
4/1/2017,1.55
4/2/2017,1.50
4/3/2017,1.58
4/4/2017,1.51
4/5/2017,1.45
4/6/2017,1.43
4/7/2017,1.38
4/8/2017,1.39
4/9/2017,1.45
4/10/2017,1.52
4/11/2017,1.55
4/12/2017,1.58
4/13/2017,1.57
4/14/2017,1.63
4/15/2017,1.74
4/16/2017,1.68
4/17/2017,1.64
4/18/2017,1.58
4/19/2017,1.66
4/20/2017,1.71
4/21/2017,1.78
4/22/2017,1.84
4/23/2017,1.94
4/24/2017,2.06
4/25/2017,2.22
4/26/2017,2.34
4/27/2017,2.38
4/28/2017,2.39
4/29/2017,2.35
4/30/2017,2.29
5/1/2017,2.25
5/2/2017,2.22
5/3/2017,2.14
5/4/2017,2.11
5/5/2017,2.11
5/6/2017,2.11
5/7/2017,2.18
5/8/2017,2.21
5/9/2017,2.23
5/10/2017,2.19
5/11/2017,2.17
5/12/2017,2.17
5/13/2017,2.16
5/14/2017,2.13
5/15/2017,2.15
5/16/2017,2.17
5/17/2017,2.17
5/18/2017,2.08
5/19/2017,1.99
5/20/2017,1.96
5/21/2017,1.94
5/22/2017,1.91
5/23/2017,1.96
5/24/2017,2.00
5/25/2017,2.08
5/26/2017,2.13
5/27/2017,2.21
5/28/2017,2.23
5/29/2017,2.24
5/30/2017,2.23
5/31/2017,2.38
6/1/2017,2.55
6/2/2017,2.56
6/3/2017,2.56
6/4/2017,2.63
6/5/2017,2.66
6/6/2017,2.71
6/7/2017,2.72
6/8/2017,2.78
6/9/2017,2.87
6/10/2017,2.92
6/11/2017,3.00
6/12/2017,3.17
6/13/2017,3.25
6/14/2017,3.23
6/15/2017,3.25
6/16/2017,3.24
6/17/2017,3.27
6/18/2017,3.30
6/19/2017,3.42
6/20/2017,3.51
6/21/2017,3.56
6/22/2017,3.65
6/23/2017,3.72
6/24/2017,3.76
6/25/2017,3.81
6/26/2017,3.87
6/27/2017,3.91
6/28/2017,3.91
6/29/2017,3.86
6/30/2017,3.82
7/1/2017,3.73
7/2/2017,3.72
7/3/2017,3.72
7/4/2017,3.72
7/5/2017,3.78
7/6/2017,3.83
7/7/2017,3.89
7/8/2017,3.93
7/9/2017,3.97
7/10/2017,4.03
7/11/2017,4.09
7/12/2017,4.16
7/13/2017,4.20
7/14/2017,4.25
7/15/2017,4.28
7/16/2017,4.29
7/17/2017,4.30
7/18/2017,4.29
7/19/2017,4.24
7/20/2017,4.22
7/21/2017,4.22
7/22/2017,4.21
7/23/2017,4.15
7/24/2017,4.15
7/25/2017,4.20
7/26/2017,4.22
7/27/2017,4.21
7/28/2017,4.14
7/29/2017,4.09
7/30/2017,4.00
7/31/2017,3.91
8/1/2017,3.86
8/2/2017,3.80
8/3/2017,3.78
8/4/2017,3.78
8/5/2017,3.79
8/6/2017,3.79
8/7/2017,3.78
8/8/2017,3.80
8/9/2017,3.81
8/10/2017,3.82
8/11/2017,3.92
8/12/2017,4.14
8/13/2017,4.28
8/14/2017,4.42
8/15/2017,4.52
8/16/2017,4.66
8/17/2017,4.73
8/18/2017,4.79
8/19/2017,4.83
8/20/2017,4.87
8/21/2017,4.89
8/22/2017,4.91
8/23/2017,4.93
8/24/2017,4.94
8/25/2017,4.93
8/26/2017,4.92
8/27/2017,4.86
8/28/2017,4.84
8/29/2017,4.80
8/30/2017,4.74
8/31/2017,4.67
9/1/2017,4.60
9/2/2017,4.54
9/3/2017,4.48
9/4/2017,4.46
9/5/2017,4.46
9/6/2017,4.43
9/7/2017,4.43
9/8/2017,4.41
9/9/2017,4.36
9/10/2017,4.35
9/11/2017,4.45
9/12/2017,4.49
9/13/2017,4.43
9/14/2017,4.43
9/15/2017,4.40
9/16/2017,4.33
9/17/2017,4.28
9/18/2017,4.18
9/19/2017,4.13
9/20/2017,4.11
9/21/2017,4.09
9/22/2017,4.09
9/23/2017,4.07
9/24/2017,4.03
9/25/2017,3.97
9/26/2017,3.72
9/27/2017,3.62
9/28/2017,3.59
9/29/2017,3.64
9/30/2017,3.61
10/1/2017,3.57
10/2/2017,3.52
10/3/2017,3.51
10/4/2017,3.50
10/5/2017,3.47
10/6/2017,3.46
10/7/2017,3.49
10/8/2017,3.49
10/9/2017,3.49
10/10/2017,3.49
10/11/2017,3.42
10/12/2017,3.30
10/13/2017,3.21
10/14/2017,3.04
10/15/2017,2.89
10/16/2017,2.88
10/17/2017,2.87
10/18/2017,2.89
10/19/2017,2.95
10/20/2017,3.01
10/21/2017,3.17
10/22/2017,3.54
10/23/2017,3.47
10/24/2017,3.41
10/25/2017,3.33
10/26/2017,3.21
10/27/2017,3.11
10/28/2017,3.00
10/29/2017,2.93
10/30/2017,2.81
10/31/2017,2.73
11/1/2017,2.69
11/2/2017,2.71
11/3/2017,2.70
11/4/2017,2.67
11/5/2017,2.66
11/6/2017,2.57
11/7/2017,2.50
11/8/2017,2.39
11/9/2017,2.24
11/10/2017,2.10
11/11/2017,1.93
11/12/2017,1.76
11/13/2017,1.66
11/14/2017,1.63
11/15/2017,1.68
11/16/2017,1.63
11/17/2017,1.68
11/18/2017,1.76
11/19/2017,1.71
11/20/2017,1.64
11/21/2017,1.45
11/22/2017,1.39
11/23/2017,1.32
11/24/2017,1.23
11/25/2017,1.10
11/26/2017,1.11
11/27/2017,1.08
11/28/2017,1.03
11/29/2017,1.10
11/30/2017,1.17
12/1/2017,1.23
12/2/2017,1.39
12/3/2017,1.42
12/4/2017,1.43
12/5/2017,1.45
12/6/2017,1.41
12/7/2017,1.37
12/8/2017,1.17
12/9/2017,1.07
12/10/2017,1.08
12/11/2017,1.27
12/12/2017,1.14
12/13/2017,1.12
12/14/2017,1.13
12/15/2017,1.07
12/16/2017,1.04
12/17/2017,1.10
12/18/2017,1.09
12/19/2017,1.14
12/20/2017,1.08
12/21/2017,1.05
12/22/2017,1.03
12/23/2017,1.00
12/24/2017,0.89
12/25/2017,0.85
12/26/2017,0.74
12/27/2017,0.58
12/28/2017,0.64
12/29/2017,0.70
12/30/2017,0.80
12/31/2017,0.77
1/1/2018,0.93
1/2/2018,0.96
1/3/2018,1.06
1/4/2018,0.94
1/5/2018,0.82
1/6/2018,0.82
1/7/2018,0.77
1/8/2018,0.61
1/9/2018,0.47
1/10/2018,0.34
1/11/2018,0.40
1/12/2018,0.32
1/13/2018,0.34
1/14/2018,0.40
1/15/2018,0.46
1/16/2018,0.53
1/17/2018,0.56
1/18/2018,0.65
1/19/2018,0.56
1/20/2018,0.56
1/21/2018,0.59
1/22/2018,0.54
1/23/2018,0.50
1/24/2018,0.40
1/25/2018,0.39
1/26/2018,0.33
1/27/2018,0.32
1/28/2018,0.32
1/29/2018,0.35
1/30/2018,0.43
1/31/2018,0.59
2/1/2018,0.71
2/2/2018,0.80
2/3/2018,0.75
2/4/2018,0.79
2/5/2018,0.70
2/6/2018,0.66
2/7/2018,0.52
2/8/2018,0.49
2/9/2018,0.36
2/10/2018,0.40
2/11/2018,0.29
2/12/2018,0.20
2/13/2018,0.22
2/14/2018,0.32
2/15/2018,0.29
2/16/2018,0.33
2/17/2018,0.37
2/18/2018,0.44
2/19/2018,0.51
2/20/2018,0.55
2/21/2018,0.53
2/22/2018,0.49
2/23/2018,0.53
2/24/2018,0.41
2/25/2018,0.40
2/26/2018,0.37
2/27/2018,0.38
2/28/2018,0.44
3/1/2018,0.54
3/2/2018,0.70
3/3/2018,0.73
3/4/2018,0.85
3/5/2018,0.85
3/6/2018,0.70
3/7/2018,0.56
3/8/2018,0.39
3/9/2018,0.28
3/10/2018,0.19
3/11/2018,0.11
3/12/2018,0.24
3/13/2018,0.34
3/14/2018,0.35
3/15/2018,0.45
3/16/2018,0.60
3/17/2018,0.68
3/18/2018,0.70
3/19/2018,0.70
3/20/2018,0.66
3/21/2018,0.69
3/22/2018,0.73
3/23/2018,0.62
3/24/2018,0.51
3/25/2018,0.38
3/26/2018,0.34
3/27/2018,0.43
3/28/2018,0.47
3/29/2018,0.66
3/30/2018,0.69
3/31/2018,0.78
4/1/2018,0.69
4/2/2018,0.73
4/3/2018,0.67
4/4/2018,0.64
4/5/2018,0.64
4/6/2018,0.60
4/7/2018,0.63
4/8/2018,0.54
4/9/2018,0.50
4/10/2018,0.45
4/11/2018,0.47
4/12/2018,0.45
4/13/2018,0.49
4/14/2018,0.56
4/15/2018,0.80
4/16/2018,0.84
4/17/2018,0.93
4/18/2018,0.99
4/19/2018,1.10
4/20/2018,1.15
4/21/2018,1.18
4/22/2018,1.16
4/23/2018,1.08
4/24/2018,0.97
4/25/2018,0.94
4/26/2018,0.93
4/27/2018,0.99
4/28/2018,0.94
4/29/2018,1.02
4/30/2018,1.19
5/1/2018,1.27
5/2/2018,1.32
5/3/2018,1.31
5/4/2018,1.29
5/5/2018,1.35
5/6/2018,1.42
5/7/2018,1.44
5/8/2018,1.50
5/9/2018,1.49
5/10/2018,1.51
5/11/2018,1.44
5/12/2018,1.50
5/13/2018,1.51
5/14/2018,1.70
5/15/2018,1.84
5/16/2018,2.00
5/17/2018,2.04
5/18/2018,2.14
5/19/2018,2.11
5/20/2018,2.11
5/21/2018,2.11
5/22/2018,2.07
5/23/2018,2.00
5/24/2018,1.99
5/25/2018,1.93
5/26/2018,1.92
5/27/2018,1.95
5/28/2018,1.95
5/29/2018,1.98
5/30/2018,2.06
5/31/2018,2.20
6/1/2018,2.24
6/2/2018,2.26
6/3/2018,2.29
6/4/2018,2.24
6/5/2018,2.23
6/6/2018,2.24
6/7/2018,2.21
6/8/2018,2.23
6/9/2018,2.19
6/10/2018,2.18
6/11/2018,2.20
6/12/2018,2.39
6/13/2018,2.55
6/14/2018,2.66
6/15/2018,2.82
6/16/2018,2.99
6/17/2018,2.99
6/18/2018,2.95
6/19/2018,2.96
6/20/2018,2.95
6/21/2018,2.98
6/22/2018,3.10
6/23/2018,3.05
6/24/2018,3.06
6/25/2018,3.14
6/26/2018,3.18
6/27/2018,3.28
6/28/2018,3.38
6/29/2018,3.42
6/30/2018,3.39
7/1/2018,3.37
7/2/2018,3.39
7/3/2018,3.44
7/4/2018,3.48
7/5/2018,3.57
7/6/2018,3.65
7/7/2018,3.71
7/8/2018,3.78
7/9/2018,3.83
7/10/2018,3.88
7/11/2018,3.91
7/12/2018,3.91
7/13/2018,3.92
7/14/2018,3.93
7/15/2018,3.98
7/16/2018,4.01
7/17/2018,4.02
7/18/2018,3.97
7/19/2018,3.88
7/20/2018,3.76
7/21/2018,3.71
7/22/2018,3.65
7/23/2018,3.57
7/24/2018,3.51
7/25/2018,3.43
7/26/2018,3.44
7/27/2018,3.46
7/28/2018,3.52
7/29/2018,3.53
7/30/2018,3.55
7/31/2018,3.57
8/1/2018,3.62
8/2/2018,3.62
8/3/2018,3.64
8/4/2018,3.67
8/5/2018,3.68
8/6/2018,3.68
8/7/2018,3.71
8/8/2018,3.75
8/9/2018,3.74
8/10/2018,3.76
8/11/2018,3.77
8/12/2018,3.82
8/13/2018,3.88
8/14/2018,3.90
8/15/2018,3.93
8/16/2018,3.91
8/17/2018,3.85
8/18/2018,3.78
8/19/2018,3.75
8/20/2018,3.68
8/21/2018,3.66
8/22/2018,3.56
8/23/2018,3.50
8/24/2018,3.45
8/25/2018,3.43
8/26/2018,3.45
8/27/2018,3.47
8/28/2018,3.53
8/29/2018,3.56
8/30/2018,3.54
8/31/2018,3.53
9/1/2018,3.52
9/2/2018,3.51
9/3/2018,3.46
9/4/2018,3.42
9/5/2018,3.41
9/6/2018,3.41
9/7/2018,3.50
9/8/2018,3.53
9/9/2018,3.54
9/10/2018,3.54
9/11/2018,3.60
9/12/2018,3.66
9/13/2018,3.66
9/14/2018,3.70
9/15/2018,3.72
9/16/2018,3.72
9/17/2018,3.69
9/18/2018,3.66
9/19/2018,3.63
9/20/2018,3.62
9/21/2018,3.68
9/22/2018,3.68
9/23/2018,3.62
9/24/2018,3.51
9/25/2018,3.44
9/26/2018,3.37
9/27/2018,3.31
9/28/2018,3.22
9/29/2018,3.14
9/30/2018,3.05
10/1/2018,2.94
10/2/2018,2.78
10/3/2018,2.62
10/4/2018,2.48
10/5/2018,2.35
10/6/2018,2.31
10/7/2018,2.27
10/8/2018,2.29
10/9/2018,2.39
10/10/2018,2.45
10/11/2018,2.53
10/12/2018,2.57
10/13/2018,2.51
10/14/2018,2.42
10/15/2018,2.19
10/16/2018,1.91
10/17/2018,1.75
10/18/2018,1.58
10/19/2018,1.51
10/20/2018,1.67
10/21/2018,1.66
10/22/2018,1.72
10/23/2018,1.78
10/24/2018,1.85
10/25/2018,1.87
10/26/2018,1.87
10/27/2018,1.85
10/28/2018,1.82
10/29/2018,1.73
10/30/2018,1.72
10/31/2018,1.67
11/1/2018,1.55
11/2/2018,1.52
11/3/2018,1.39
11/4/2018,1.46
11/5/2018,1.51
11/6/2018,1.56
11/7/2018,1.55
11/8/2018,1.56
11/9/2018,1.51
11/10/2018,1.49
11/11/2018,1.47
11/12/2018,1.32
11/13/2018,1.29
11/14/2018,1.26
11/15/2018,1.23
11/16/2018,1.12
11/17/2018,1.07
11/18/2018,1.03
11/19/2018,1.03
11/20/2018,1.07
11/21/2018,1.15
11/22/2018,1.25
11/23/2018,1.30
11/24/2018,1.40
11/25/2018,1.41
11/26/2018,1.42
11/27/2018,1.42
11/28/2018,1.35
11/29/2018,1.23
11/30/2018,1.13
12/1/2018,1.03
12/2/2018,0.97
12/3/2018,0.99
12/4/2018,0.99
12/5/2018,1.00
12/6/2018,1.03
12/7/2018,1.05
12/8/2018,1.03
12/9/2018,1.03
12/10/2018,0.95
12/11/2018,0.89
12/12/2018,0.88
12/13/2018,0.81
12/14/2018,0.76
12/15/2018,0.66
12/16/2018,0.65
12/17/2018,0.50
12/18/2018,0.49
12/19/2018,0.58
12/20/2018,0.64
12/21/2018,0.68
12/22/2018,0.85
12/23/2018,0.90
12/24/2018,1.02
12/25/2018,1.05
12/26/2018,1.00
12/27/2018,0.90
12/28/2018,0.88
12/29/2018,0.74
12/30/2018,0.71
12/31/2018,0.58
1/1/2019,0.56
1/2/2019,0.61
1/3/2019,0.65
1/4/2019,0.66
1/5/2019,0.63
1/6/2019,0.61
1/7/2019,0.66
1/8/2019,0.63
1/9/2019,0.63
1/10/2019,0.64
1/11/2019,0.69
1/12/2019,0.57
1/13/2019,0.56
1/14/2019,0.54
1/15/2019,0.43
1/16/2019,0.29
1/17/2019,0.33
1/18/2019,0.39
1/19/2019,0.47
1/20/2019,0.52
1/21/2019,0.70
1/22/2019,0.67
1/23/2019,0.79
1/24/2019,0.81
1/25/2019,0.65
1/26/2019,0.62
1/27/2019,0.55
1/28/2019,0.38
1/29/2019,0.26
1/30/2019,0.18
1/31/2019,0.13
2/1/2019,0.23
2/2/2019,0.28
2/3/2019,0.40
2/4/2019,0.39
2/5/2019,0.38
2/6/2019,0.43
2/7/2019,0.42
2/8/2019,0.42
2/9/2019,0.39
2/10/2019,0.50
2/11/2019,0.35
2/12/2019,0.29
2/13/2019,0.24
2/14/2019,0.19
2/15/2019,0.18
2/16/2019,0.17
2/17/2019,0.21
2/18/2019,0.42
2/19/2019,0.49
2/20/2019,0.68
2/21/2019,0.78
2/22/2019,0.77
2/23/2019,0.70
2/24/2019,0.66
2/25/2019,0.56
2/26/2019,0.44
2/27/2019,0.19
2/28/2019,0.24
3/1/2019,0.30
3/2/2019,0.24
3/3/2019,0.15
3/4/2019,0.26
3/5/2019,0.34
3/6/2019,0.59
3/7/2019,0.61
3/8/2019,0.64
3/9/2019,0.81
3/10/2019,0.84
3/11/2019,0.63
3/12/2019,0.69
3/13/2019,0.47
3/14/2019,0.32
3/15/2019,0.19
3/16/2019,0.20
3/17/2019,0.18
3/18/2019,0.15
3/19/2019,0.25
3/20/2019,0.47
3/21/2019,0.63
3/22/2019,0.80
3/23/2019,0.88
3/24/2019,0.71
3/25/2019,0.67
3/26/2019,0.52
3/27/2019,0.36
3/28/2019,0.29
3/29/2019,0.25
3/30/2019,0.25
3/31/2019,0.32
4/1/2019,0.43
4/2/2019,0.50
4/3/2019,0.61
4/4/2019,0.69
4/5/2019,0.73
4/6/2019,0.80
4/7/2019,0.83
4/8/2019,0.90
4/9/2019,0.89
4/10/2019,0.86
4/11/2019,0.79
4/12/2019,0.69
4/13/2019,0.70
4/14/2019,0.54
4/15/2019,0.59
4/16/2019,0.68
4/17/2019,0.73
4/18/2019,0.82
4/19/2019,0.86
4/20/2019,0.92
4/21/2019,0.94
4/22/2019,0.96
4/23/2019,0.84
4/24/2019,0.76
4/25/2019,0.70
4/26/2019,0.65
4/27/2019,0.68
4/28/2019,0.73
4/29/2019,0.79
4/30/2019,0.95
5/1/2019,1.04
5/2/2019,1.13
5/3/2019,1.30
5/4/2019,1.81
5/5/2019,1.83
5/6/2019,1.79
5/7/2019,1.80
5/8/2019,1.84
5/9/2019,1.89
5/10/2019,1.91
5/11/2019,1.86
5/12/2019,1.75
5/13/2019,1.66
5/14/2019,1.71
5/15/2019,1.70
5/16/2019,1.76
5/17/2019,1.82
5/18/2019,1.91
5/19/2019,2.00
5/20/2019,2.03
5/21/2019,2.01
5/22/2019,1.90
5/23/2019,1.91
5/24/2019,1.87
5/25/2019,1.88
5/26/2019,1.85
5/27/2019,1.78
5/28/2019,1.67
5/29/2019,1.67
5/30/2019,1.66
5/31/2019,1.70
6/1/2019,1.79
6/2/2019,1.89
6/3/2019,1.97
6/4/2019,2.26
6/5/2019,2.39
6/6/2019,2.36
6/7/2019,2.37
6/8/2019,2.29
6/9/2019,2.29
6/10/2019,2.16
6/11/2019,2.11
6/12/2019,2.05
6/13/2019,2.03
6/14/2019,2.08
6/15/2019,2.13
6/16/2019,2.25
6/17/2019,2.33
6/18/2019,2.38
6/19/2019,2.42
6/20/2019,2.43
6/21/2019,2.45
6/22/2019,2.54
6/23/2019,2.55
6/24/2019,2.48
6/25/2019,2.46
6/26/2019,2.43
6/27/2019,2.43
6/28/2019,2.58
6/29/2019,2.67
6/30/2019,2.82
7/1/2019,3.03
7/2/2019,3.28
7/3/2019,3.41
7/4/2019,3.39
7/5/2019,3.30
7/6/2019,3.37
7/7/2019,3.36
7/8/2019,3.34
7/9/2019,3.32
7/10/2019,3.32
7/11/2019,3.41
7/12/2019,3.57
7/13/2019,3.77
7/14/2019,4.05
7/15/2019,4.27
7/16/2019,4.39
7/17/2019,4.47
7/18/2019,4.53
7/19/2019,4.58
7/20/2019,4.61
7/21/2019,4.61
7/22/2019,4.61
7/23/2019,4.58
7/24/2019,4.60
7/25/2019,4.62
7/26/2019,4.61
7/27/2019,4.59
7/28/2019,4.56
7/29/2019,4.56
7/30/2019,4.53
7/31/2019,4.49
8/1/2019,4.46
8/2/2019,4.44
8/3/2019,4.44
8/4/2019,4.41
8/5/2019,4.37
8/6/2019,4.31
8/7/2019,4.28
8/8/2019,4.28
8/9/2019,4.19
8/10/2019,4.03
8/11/2019,3.92
8/12/2019,3.82
8/13/2019,3.74
8/14/2019,3.78
8/15/2019,3.79
8/16/2019,3.77
8/17/2019,3.79
8/18/2019,3.79
8/19/2019,3.77
8/20/2019,3.71
8/21/2019,3.61
8/22/2019,3.51
8/23/2019,3.46
8/24/2019,3.42
8/25/2019,3.37
8/26/2019,3.32
8/27/2019,3.28
8/28/2019,3.24
8/29/2019,3.29
8/30/2019,3.29
8/31/2019,3.31
9/1/2019,3.32
9/2/2019,3.33
9/3/2019,3.35
9/4/2019,3.34
9/5/2019,3.28
9/6/2019,3.22
9/7/2019,3.10
9/8/2019,3.05
9/9/2019,2.88
9/10/2019,2.80
9/11/2019,2.77
9/12/2019,2.85
9/13/2019,2.86
9/14/2019,2.94
9/15/2019,2.94
9/16/2019,2.98
9/17/2019,3.06
9/18/2019,3.10
9/19/2019,3.18
9/20/2019,3.21
9/21/2019,3.17
9/22/2019,3.17
9/23/2019,3.13
9/24/2019,3.20
9/25/2019,3.24
9/26/2019,3.24
9/27/2019,3.29
9/28/2019,3.32
9/29/2019,3.43
9/30/2019,3.49
10/1/2019,3.59
10/2/2019,3.64
10/3/2019,3.63
10/4/2019,3.55
10/5/2019,3.47
10/6/2019,3.42
10/7/2019,3.30
10/8/2019,3.25
10/9/2019,3.22
10/10/2019,3.20
10/11/2019,3.19
10/12/2019,3.17
10/13/2019,3.06
10/14/2019,3.00
10/15/2019,2.91
10/16/2019,2.86
10/17/2019,2.77
10/18/2019,2.62
10/19/2019,2.54
10/20/2019,2.41
10/21/2019,2.25
10/22/2019,2.09
10/23/2019,2.02
10/24/2019,1.95
10/25/2019,1.95
10/26/2019,2.10
10/27/2019,2.18
10/28/2019,2.20
10/29/2019,2.25
10/30/2019,2.24
10/31/2019,2.24
11/1/2019,2.13
11/2/2019,2.04
11/3/2019,1.88
11/4/2019,1.79
11/5/2019,1.71
11/6/2019,1.64
11/7/2019,1.59
11/8/2019,1.66
11/9/2019,1.82
11/10/2019,2.07
11/11/2019,2.20
11/12/2019,2.07
11/13/2019,1.92
11/14/2019,1.86
11/15/2019,1.86
11/16/2019,1.75
11/17/2019,1.61
11/18/2019,1.56
11/19/2019,1.42
11/20/2019,1.30
11/21/2019,1.16
11/22/2019,1.18
11/23/2019,1.22
11/24/2019,1.29
11/25/2019,1.35
11/26/2019,1.43
11/27/2019,1.34
11/28/2019,1.45
11/29/2019,1.35
11/30/2019,1.30
12/1/2019,1.17
12/2/2019,1.06
12/3/2019,0.90
12/4/2019,0.76
12/5/2019,0.66
12/6/2019,0.65
12/7/2019,0.73
12/8/2019,0.84
12/9/2019,0.86
12/10/2019,0.93
12/11/2019,0.96
12/12/2019,1.04
12/13/2019,1.04
12/14/2019,1.08
12/15/2019,1.03
12/16/2019,0.89
12/17/2019,0.78
12/18/2019,0.64
12/19/2019,0.49
12/20/2019,0.48
12/21/2019,0.42
12/22/2019,0.50
12/23/2019,0.51
12/24/2019,0.57
12/25/2019,0.68
12/26/2019,0.68
12/27/2019,0.71
12/28/2019,0.69
12/29/2019,0.63
12/30/2019,0.61
12/31/2019,0.57
1/1/2020,0.57
1/2/2020,0.42
1/3/2020,0.45
1/4/2020,0.44
1/5/2020,0.45
1/6/2020,0.42
1/7/2020,0.55
1/8/2020,0.45
1/9/2020,0.44
1/10/2020,0.51
1/11/2020,0.51
1/12/2020,0.58
1/13/2020,0.60
1/14/2020,0.69
1/15/2020,0.61
1/16/2020,0.54
1/17/2020,0.51
1/18/2020,0.43
1/19/2020,0.40
1/20/2020,0.50
1/21/2020,0.42
1/22/2020,0.37
1/23/2020,0.37
1/24/2020,0.46
1/25/2020,0.52
1/26/2020,0.50
1/27/2020,0.63
1/28/2020,0.57
1/29/2020,0.54
1/30/2020,0.46
1/31/2020,0.43
2/1/2020,0.34
2/2/2020,0.21
2/3/2020,0.16
2/4/2020,0.15
2/5/2020,0.17
2/6/2020,0.22
2/7/2020,0.31
2/8/2020,0.30
2/9/2020,0.41
2/10/2020,0.56
2/11/2020,0.54
2/12/2020,0.55
2/13/2020,0.59
2/14/2020,0.58
2/15/2020,0.58
2/16/2020,0.49
2/17/2020,0.33
2/18/2020,0.25
2/19/2020,0.24
2/20/2020,0.23
2/21/2020,0.22
2/22/2020,0.41
2/23/2020,0.46
2/24/2020,0.54
2/25/2020,0.63
2/26/2020,0.50
2/27/2020,0.55
2/28/2020,0.44
2/29/2020,0.43
3/1/2020,0.37
3/2/2020,0.32
3/3/2020,0.27
3/4/2020,0.24
3/5/2020,0.21
3/6/2020,0.25
3/7/2020,0.23
3/8/2020,0.39
3/9/2020,0.59
3/10/2020,0.67
3/11/2020,0.73
3/12/2020,0.79
3/13/2020,0.72
3/14/2020,0.68
3/15/2020,0.54
3/16/2020,0.39
3/17/2020,0.30
3/18/2020,0.24
3/19/2020,0.28
3/20/2020,0.29
3/21/2020,0.36
3/22/2020,0.39
3/23/2020,0.40
3/24/2020,0.47
3/25/2020,0.57
3/26/2020,0.52
3/27/2020,0.58
3/28/2020,0.61
3/29/2020,0.57
3/30/2020,0.54
3/31/2020,0.54
4/1/2020,0.40
4/2/2020,0.37
4/3/2020,0.46
4/4/2020,0.47
4/5/2020,0.51
4/6/2020,0.57
4/7/2020,0.75
4/8/2020,0.90
4/9/2020,0.97
4/10/2020,1.07
4/11/2020,1.08
4/12/2020,0.95
4/13/2020,0.86
4/14/2020,0.78
4/15/2020,0.70
4/16/2020,0.54
4/17/2020,0.56
4/18/2020,0.73
4/19/2020,0.73
4/20/2020,0.75
4/21/2020,0.78
4/22/2020,0.80
4/23/2020,0.87
4/24/2020,1.09
4/25/2020,1.10
4/26/2020,1.13
4/27/2020,1.14
4/28/2020,1.10
4/29/2020,1.09
4/30/2020,1.01
5/1/2020,1.00
5/2/2020,1.08
5/3/2020,0.97
5/4/2020,1.11
5/5/2020,1.22
5/6/2020,1.39
5/7/2020,1.40
5/8/2020,1.44
5/9/2020,1.43
5/10/2020,1.40
5/11/2020,1.29
5/12/2020,1.22
5/13/2020,1.18
5/14/2020,1.07
5/15/2020,1.05
5/16/2020,1.09
5/17/2020,1.15
5/18/2020,1.16
5/19/2020,1.26
5/20/2020,1.47
5/21/2020,2.26
5/22/2020,2.14
5/23/2020,2.00
5/24/2020,1.98
5/25/2020,2.10
5/26/2020,2.24
5/27/2020,2.33
5/28/2020,2.34
5/29/2020,2.26
5/30/2020,2.45
5/31/2020,2.51
6/1/2020,2.54
6/2/2020,2.57
6/3/2020,2.62
6/4/2020,2.69
6/5/2020,2.74
6/6/2020,2.81
6/7/2020,2.85
6/8/2020,2.82
6/9/2020,2.84
6/10/2020,2.90
6/11/2020,2.94
6/12/2020,2.97
6/13/2020,3.05
6/14/2020,3.10
6/15/2020,3.07
6/16/2020,3.06
6/17/2020,3.04
6/18/2020,3.15
6/19/2020,3.21
6/20/2020,3.32
6/21/2020,3.34
6/22/2020,3.43
6/23/2020,3.46
6/24/2020,3.48
6/25/2020,3.48
6/26/2020,3.51
6/27/2020,3.53
6/28/2020,3.65
6/29/2020,3.77
6/30/2020,3.96
7/1/2020,4.09
7/2/2020,4.20
7/3/2020,4.32
7/4/2020,4.39
7/5/2020,4.46
7/6/2020,4.51
7/7/2020,4.52
7/8/2020,4.51
7/9/2020,4.45
7/10/2020,4.41
7/11/2020,4.44
7/12/2020,4.55
7/13/2020,4.66
7/14/2020,4.72
7/15/2020,4.78
7/16/2020,4.81
7/17/2020,4.83
7/18/2020,4.83
7/19/2020,4.83
7/20/2020,4.91
7/21/2020,4.98
7/22/2020,5.10
7/23/2020,5.18
7/24/2020,5.24
7/25/2020,5.27
7/26/2020,5.25
7/27/2020,5.24
7/28/2020,5.23
7/29/2020,5.19
7/30/2020,5.16
7/31/2020,5.14
8/1/2020,5.10
8/2/2020,5.08
8/3/2020,5.04
8/4/2020,4.98
8/5/2020,4.97
8/6/2020,4.99
8/7/2020,4.91
8/8/2020,4.83
8/9/2020,4.75
8/10/2020,4.69
8/11/2020,4.61
8/12/2020,4.56
8/13/2020,4.42
8/14/2020,4.38
8/15/2020,4.37
8/16/2020,4.36
8/17/2020,4.38
8/18/2020,4.41
8/19/2020,4.41
8/20/2020,4.44
8/21/2020,4.44
8/22/2020,4.48
8/23/2020,4.41
8/24/2020,4.36
8/25/2020,4.31
8/26/2020,4.24
8/27/2020,4.15
8/28/2020,4.05
8/29/2020,3.96
8/30/2020,3.88
8/31/2020,3.84
9/1/2020,3.85
9/2/2020,3.84
9/3/2020,3.87
9/4/2020,3.84
9/5/2020,3.82
9/6/2020,3.76
9/7/2020,3.63
9/8/2020,3.57
9/9/2020,3.59
9/10/2020,3.58
9/11/2020,3.52
9/12/2020,3.50
9/13/2020,3.46
9/14/2020,3.46
9/15/2020,3.52
9/16/2020,3.53
9/17/2020,3.65
9/18/2020,3.75
9/19/2020,3.86
9/20/2020,3.95
9/21/2020,3.97
9/22/2020,4.06
9/23/2020,4.01
9/24/2020,3.97
9/25/2020,3.91
9/26/2020,3.99
9/27/2020,4.07
9/28/2020,4.13
9/29/2020,4.19
9/30/2020,4.21
10/1/2020,4.22
10/2/2020,4.26
10/3/2020,4.30
10/4/2020,4.28
10/5/2020,4.25
10/6/2020,4.20
10/7/2020,4.15
10/8/2020,4.08
10/9/2020,3.99
10/10/2020,3.89
10/11/2020,3.79
10/12/2020,3.68
10/13/2020,3.59
10/14/2020,3.51
10/15/2020,3.51
10/16/2020,3.50
10/17/2020,3.47
10/18/2020,3.43
10/19/2020,3.37
10/20/2020,3.26
10/21/2020,3.17
10/22/2020,3.08
10/23/2020,3.18
10/24/2020,3.21
10/25/2020,2.97
10/26/2020,2.82
10/27/2020,2.72
10/28/2020,2.63
10/29/2020,2.60
10/30/2020,2.58
10/31/2020,2.61
11/1/2020,2.71
11/2/2020,2.75
11/3/2020,2.71
11/4/2020,2.63
11/5/2020,2.50
11/6/2020,2.30
11/7/2020,2.14
11/8/2020,1.91
11/9/2020,1.81
11/10/2020,1.75
11/11/2020,1.77
11/12/2020,1.89
11/13/2020,1.91
11/14/2020,1.99
11/15/2020,2.00
11/16/2020,2.04
11/17/2020,2.00
11/18/2020,1.97
11/19/2020,1.83
11/20/2020,1.64
11/21/2020,1.50
11/22/2020,1.34
11/23/2020,1.14
11/24/2020,1.08
11/25/2020,1.17
11/26/2020,1.15
11/27/2020,1.32
11/28/2020,1.26
11/29/2020,1.24
11/30/2020,1.28
12/1/2020,1.36
12/2/2020,1.33
12/3/2020,1.35
12/4/2020,1.28
12/5/2020,1.23
12/6/2020,1.16
12/7/2020,1.09
12/8/2020,0.98
12/9/2020,0.93
12/10/2020,0.98
12/11/2020,1.07
12/12/2020,1.13
12/13/2020,1.17
12/14/2020,1.23
12/15/2020,1.31
12/16/2020,1.31
12/17/2020,1.13
12/18/2020,1.07
12/19/2020,0.93
12/20/2020,0.91
12/21/2020,0.94
12/22/2020,0.88
12/23/2020,0.85
12/24/2020,0.86
12/25/2020,0.85
12/26/2020,0.88
12/27/2020,0.80
12/28/2020,0.83
12/29/2020,0.91
12/30/2020,0.89
12/31/2020,0.91
1/1/2021,0.94
1/2/2021,0.99
1/3/2021,1.00
1/4/2021,0.94
1/5/2021,0.94
1/6/2021,0.91
1/7/2021,0.88
1/8/2021,0.80
1/9/2021,0.77
1/10/2021,0.82
1/11/2021,0.89
1/12/2021,0.98
1/13/2021,1.07
1/14/2021,1.03
1/15/2021,1.02
1/16/2021,0.98
1/17/2021,0.90
1/18/2021,0.83
1/19/2021,0.74
1/20/2021,0.70
1/21/2021,0.63
1/22/2021,0.56
1/23/2021,0.33
1/24/2021,0.50
1/25/2021,0.54
1/26/2021,0.50
1/27/2021,0.58
1/28/2021,0.65
1/29/2021,0.74
1/30/2021,0.78
1/31/2021,0.85
2/1/2021,0.83
2/2/2021,0.84
2/3/2021,0.78
2/4/2021,0.72
2/5/2021,0.74
2/6/2021,0.64
2/7/2021,0.78
2/8/2021,0.53
2/9/2021,0.52
2/10/2021,0.55
2/11/2021,0.67
2/12/2021,0.57
2/13/2021,0.70
2/14/2021,0.69
2/15/2021,0.71
2/16/2021,0.64
2/17/2021,0.65
2/18/2021,0.61
2/19/2021,0.48
2/20/2021,0.44
2/21/2021,0.35
2/22/2021,0.24
2/23/2021,0.35
2/24/2021,0.42
2/25/2021,0.63
2/26/2021,0.65
2/27/2021,0.82
2/28/2021,0.76
3/1/2021,0.86
3/2/2021,0.82
3/3/2021,1.00
3/4/2021,0.88
3/5/2021,0.88
3/6/2021,0.80
3/7/2021,0.72
3/8/2021,0.53
3/9/2021,0.50
3/10/2021,0.57
3/11/2021,0.50
3/12/2021,0.72
3/13/2021,0.71
3/14/2021,0.65
3/15/2021,0.55
3/16/2021,0.57
3/17/2021,0.60
3/18/2021,0.53
3/19/2021,0.44
3/20/2021,0.43
3/21/2021,0.39
3/22/2021,0.28
3/23/2021,0.24
3/24/2021,0.24
3/25/2021,0.33
3/26/2021,0.32
3/27/2021,0.47
3/28/2021,0.56
3/29/2021,0.73
3/30/2021,0.91
3/31/2021,1.12
4/1/2021,1.35
4/2/2021,1.22
4/3/2021,1.01
4/4/2021,0.82
4/5/2021,0.53
4/6/2021,0.49
4/7/2021,0.57
4/8/2021,0.67
4/9/2021,0.75
4/10/2021,0.75
4/11/2021,0.73
4/12/2021,0.80
4/13/2021,0.84
4/14/2021,0.92
4/15/2021,1.00
4/16/2021,1.05
4/17/2021,0.92
4/18/2021,0.80
4/19/2021,0.79
4/20/2021,0.70
4/21/2021,0.71
4/22/2021,0.67
4/23/2021,0.63
4/24/2021,0.75
4/25/2021,0.85
4/26/2021,0.95
4/27/2021,1.20
4/28/2021,1.25
4/29/2021,1.27
4/30/2021,1.27
5/1/2021,1.19
5/2/2021,1.12
5/3/2021,1.02
5/4/2021,0.84
5/5/2021,0.69
5/6/2021,0.71
5/7/2021,0.72
5/8/2021,0.68
5/9/2021,0.72
5/10/2021,0.82
5/11/2021,0.96
5/12/2021,1.04
5/13/2021,1.11
5/14/2021,1.08
5/15/2021,1.10
5/16/2021,1.01
5/17/2021,1.02
5/18/2021,1.01
5/19/2021,1.06
5/20/2021,1.10
5/21/2021,1.13
5/22/2021,1.19
5/23/2021,1.24
5/24/2021,1.55
5/25/2021,1.86
5/26/2021,2.28
5/27/2021,2.44
5/28/2021,2.45
5/29/2021,2.30
5/30/2021,2.10
5/31/2021,2.06
6/1/2021,2.01
6/2/2021,1.96
6/3/2021,1.86
6/4/2021,1.84
6/5/2021,1.86
6/6/2021,1.87
6/7/2021,1.93
6/8/2021,2.00
6/9/2021,2.01
6/10/2021,2.06
6/11/2021,2.27
6/12/2021,2.41
6/13/2021,2.54
6/14/2021,2.60
6/15/2021,2.65
6/16/2021,2.64
6/17/2021,2.52
6/18/2021,2.54
6/19/2021,2.61
6/20/2021,2.42
6/21/2021,2.39
6/22/2021,2.46
6/23/2021,2.52
6/24/2021,2.64
6/25/2021,2.72
6/26/2021,2.77
6/27/2021,2.79
6/28/2021,2.76
6/29/2021,2.71
6/30/2021,2.80
7/1/2021,2.89
7/2/2021,3.04
7/3/2021,3.10
7/4/2021,3.12
7/5/2021,3.22
7/6/2021,3.28
7/7/2021,3.38
7/8/2021,3.50
7/9/2021,3.57
7/10/2021,3.63
7/11/2021,3.67
7/12/2021,3.68
7/13/2021,3.65
7/14/2021,3.68
7/15/2021,3.72
7/16/2021,3.72
7/17/2021,3.65
7/18/2021,3.59
7/19/2021,3.59
7/20/2021,3.58
7/21/2021,3.57
7/22/2021,3.66
7/23/2021,3.75
7/24/2021,3.75
7/25/2021,3.75
7/26/2021,3.73
7/27/2021,3.70
7/28/2021,3.59
7/29/2021,3.60
7/30/2021,3.58
7/31/2021,3.49
8/1/2021,3.39
8/2/2021,3.31
8/3/2021,3.25
8/4/2021,3.25
8/5/2021,3.21
8/6/2021,3.22
8/7/2021,3.30
8/8/2021,3.43
8/9/2021,3.51
8/10/2021,3.55
8/11/2021,3.60
8/12/2021,3.67
8/13/2021,3.76
8/14/2021,3.82
8/15/2021,3.86
8/16/2021,3.95
8/17/2021,3.95
8/18/2021,4.02
8/19/2021,4.05
8/20/2021,4.09
8/21/2021,4.11
8/22/2021,4.09
8/23/2021,4.18
8/24/2021,4.24
8/25/2021,4.33
8/26/2021,4.35
8/27/2021,4.35
8/28/2021,4.35
8/29/2021,4.36
8/30/2021,4.35
8/31/2021,4.32
9/1/2021,4.31
9/2/2021,4.29
9/3/2021,4.24
9/4/2021,4.25
9/5/2021,4.23
9/6/2021,4.29
9/7/2021,4.40
9/8/2021,4.35
9/9/2021,4.33
9/10/2021,4.20
9/11/2021,4.23
9/12/2021,4.18
9/13/2021,4.15
9/14/2021,3.98
9/15/2021,3.84
9/16/2021,3.68
9/17/2021,3.53
9/18/2021,3.47
9/19/2021,3.40
9/20/2021,3.39
9/21/2021,3.37
9/22/2021,3.35
9/23/2021,3.27
9/24/2021,3.16
9/25/2021,3.10
9/26/2021,3.02
9/27/2021,2.90
9/28/2021,2.84
9/29/2021,2.79
9/30/2021,2.60
10/1/2021,2.50
10/2/2021,2.34
10/3/2021,2.32
10/4/2021,2.43
10/5/2021,2.61
10/6/2021,2.67
10/7/2021,2.74
10/8/2021,2.72
10/9/2021,2.79
10/10/2021,2.76
10/11/2021,2.64
10/12/2021,2.55
10/13/2021,2.45
10/14/2021,2.31
10/15/2021,2.25
10/16/2021,2.21
10/17/2021,2.17
10/18/2021,2.40
10/19/2021,2.51
10/20/2021,2.47
10/21/2021,2.52
10/22/2021,2.44
10/23/2021,2.35
10/24/2021,2.33
10/25/2021,2.37
10/26/2021,2.30
10/27/2021,2.26
10/28/2021,2.14
10/29/2021,2.11
10/30/2021,2.02
10/31/2021,1.96
11/1/2021,1.93
11/2/2021,1.94
11/3/2021,2.11
11/4/2021,2.13
11/5/2021,2.13
11/6/2021,2.15
11/7/2021,2.09
11/8/2021,2.03
11/9/2021,1.95
11/10/2021,1.85
11/11/2021,1.72
11/12/2021,1.88
11/13/2021,1.75
11/14/2021,1.71
11/15/2021,1.73
11/16/2021,1.77
11/17/2021,1.71
11/18/2021,1.74
11/19/2021,1.75
11/20/2021,1.82
11/21/2021,1.80
11/22/2021,1.74
11/23/2021,1.69
11/24/2021,1.60
11/25/2021,1.49
11/26/2021,1.41
11/27/2021,1.43
11/28/2021,1.33
11/29/2021,1.30
11/30/2021,1.27
12/1/2021,1.36
12/2/2021,1.48
12/3/2021,1.55
12/4/2021,1.55
12/5/2021,1.74
12/6/2021,1.84
12/7/2021,1.92
12/8/2021,1.89
12/9/2021,1.69
12/10/2021,1.50
12/11/2021,1.31
12/12/2021,1.18
12/13/2021,1.10
12/14/2021,1.16
12/15/2021,1.13
12/16/2021,1.17
12/17/2021,1.17
12/18/2021,1.21
12/19/2021,1.19
12/20/2021,1.06
12/21/2021,1.06
12/22/2021,1.18
12/23/2021,1.17
12/24/2021,1.16
12/25/2021,1.09
12/26/2021,1.01
12/27/2021,0.95
12/28/2021,0.88
12/29/2021,0.80
12/30/2021,0.86
12/31/2021,0.85
1/1/2022,0.87
1/2/2022,0.95
1/3/2022,1.07
1/4/2022,1.11
1/5/2022,1.13
1/6/2022,0.85
1/7/2022,0.81
1/8/2022,0.68
1/9/2022,0.67
1/10/2022,0.59
1/11/2022,0.51
1/12/2022,0.49
1/13/2022,0.41
1/14/2022,0.47
1/15/2022,0.44
1/16/2022,0.46
1/17/2022,0.51
1/18/2022,0.51
1/19/2022,0.59
1/20/2022,0.70
1/21/2022,0.72
1/22/2022,0.68
1/23/2022,0.70
1/24/2022,0.66
1/25/2022,0.67
1/26/2022,0.63
1/27/2022,0.62
1/28/2022,0.58
1/29/2022,0.49
1/30/2022,0.49
1/31/2022,0.57
2/1/2022,0.68
2/2/2022,0.88
2/3/2022,0.96
2/4/2022,0.88
2/5/2022,0.85
2/6/2022,0.77
2/7/2022,0.60
2/8/2022,0.49
2/9/2022,0.35
2/10/2022,0.28
2/11/2022,0.14
2/12/2022,0.16
2/13/2022,0.04
2/14/2022,0.17
2/15/2022,0.37
2/16/2022,0.49
2/17/2022,0.56
2/18/2022,0.66
2/19/2022,0.69
2/20/2022,0.66
2/21/2022,0.77
2/22/2022,0.78
2/23/2022,0.70
2/24/2022,0.58
2/25/2022,0.48
2/26/2022,0.38
2/27/2022,0.43
2/28/2022,0.49
3/1/2022,0.57
3/2/2022,0.62
3/3/2022,0.66
3/4/2022,0.68
3/5/2022,0.53
3/6/2022,0.71
3/7/2022,0.56
3/8/2022,0.55
3/9/2022,0.47
3/10/2022,0.42
3/11/2022,0.29
3/12/2022,0.27
3/13/2022,0.18
3/14/2022,0.20
3/15/2022,0.27
3/16/2022,0.39
3/17/2022,0.53
3/18/2022,0.64
3/19/2022,0.79
3/20/2022,0.79
3/21/2022,0.87
3/22/2022,0.84
3/23/2022,0.83
3/24/2022,0.80
3/25/2022,0.90
3/26/2022,0.99
3/27/2022,0.93
3/28/2022,0.88
3/29/2022,0.97
3/30/2022,1.11
3/31/2022,1.18
4/1/2022,1.30
4/2/2022,1.36
4/3/2022,1.35
4/4/2022,1.39
4/5/2022,1.46
4/6/2022,1.43
4/7/2022,1.30
4/8/2022,1.19
4/9/2022,1.13
4/10/2022,1.08
4/11/2022,1.22
4/12/2022,1.32
4/13/2022,1.44
4/14/2022,1.57
4/15/2022,1.80
4/16/2022,1.86
4/17/2022,1.93
4/18/2022,1.97
4/19/2022,1.97
4/20/2022,1.89
4/21/2022,1.82
4/22/2022,1.79
4/23/2022,1.75
4/24/2022,1.69
4/25/2022,1.68
4/26/2022,1.65
4/27/2022,1.61
4/28/2022,1.59
4/29/2022,1.69
4/30/2022,1.68
5/1/2022,1.70
5/2/2022,1.76
5/3/2022,1.83
5/4/2022,1.73
5/5/2022,1.69
5/6/2022,1.62
5/7/2022,1.51
5/8/2022,1.41
5/9/2022,1.35
5/10/2022,1.44
5/11/2022,1.47
5/12/2022,1.62
5/13/2022,1.85
5/14/2022,2.03
5/15/2022,2.20
5/16/2022,2.27
5/17/2022,2.36
5/18/2022,2.39
5/19/2022,2.48
5/20/2022,2.55
5/21/2022,2.69
5/22/2022,2.79
5/23/2022,2.93
5/24/2022,2.97
5/25/2022,3.05
5/26/2022,3.14
5/27/2022,3.16
5/28/2022,3.16
5/29/2022,3.13
5/30/2022,3.12
5/31/2022,3.09
6/1/2022,3.04
6/2/2022,3.00
6/3/2022,2.99
6/4/2022,3.00
6/5/2022,2.97
6/6/2022,3.02
6/7/2022,3.04
6/8/2022,3.08
6/9/2022,3.11
6/10/2022,3.16
6/11/2022,3.27
6/12/2022,3.35
6/13/2022,3.43
6/14/2022,3.55
6/15/2022,3.64
6/16/2022,3.73
6/17/2022,3.84
6/18/2022,4.33
6/19/2022,4.69
6/20/2022,4.90
6/21/2022,5.06
6/22/2022,5.13
6/23/2022,5.15
6/24/2022,5.14
6/25/2022,5.11
6/26/2022,5.05
6/27/2022,4.99
6/28/2022,4.90
6/29/2022,4.85
6/30/2022,4.82
7/1/2022,4.82
7/2/2022,4.82
7/3/2022,4.80
7/4/2022,4.75
7/5/2022,4.72
7/6/2022,4.64
7/7/2022,4.59
7/8/2022,4.54
7/9/2022,4.45
7/10/2022,4.36
7/11/2022,4.23
7/12/2022,4.22
7/13/2022,4.18
7/14/2022,4.14
7/15/2022,4.09
7/16/2022,4.06
7/17/2022,3.92
7/18/2022,3.87
7/19/2022,3.77
7/20/2022,3.59
7/21/2022,3.41
7/22/2022,3.40
7/23/2022,3.29
7/24/2022,3.17
7/25/2022,3.13
7/26/2022,3.12
7/27/2022,3.14
7/28/2022,3.18
7/29/2022,3.17
7/30/2022,3.17
7/31/2022,3.19
8/1/2022,3.24
8/2/2022,3.26
8/3/2022,3.25
8/4/2022,3.30
8/5/2022,3.38
8/6/2022,3.44
8/7/2022,3.50
8/8/2022,3.49
8/9/2022,3.46
8/10/2022,3.59
8/11/2022,3.63
8/12/2022,3.56
8/13/2022,3.55
8/14/2022,3.63
8/15/2022,3.64
8/16/2022,3.45
8/17/2022,3.29
8/18/2022,3.10
8/19/2022,2.98
8/20/2022,2.98
8/21/2022,2.80
8/22/2022,2.61
8/23/2022,2.52
8/24/2022,2.59
8/25/2022,2.60
8/26/2022,2.57
8/27/2022,2.59
8/28/2022,2.63
8/29/2022,2.69
8/30/2022,2.67
8/31/2022,2.71
9/1/2022,2.77
9/2/2022,2.82
9/3/2022,2.84
9/4/2022,2.87
9/5/2022,2.89
9/6/2022,2.90
9/7/2022,2.92
9/8/2022,2.95
9/9/2022,3.04
9/10/2022,3.19
9/11/2022,3.31
9/12/2022,3.40
9/13/2022,3.49
9/14/2022,3.52
9/15/2022,3.46
9/16/2022,3.36
9/17/2022,3.27
9/18/2022,3.13
9/19/2022,3.05
9/20/2022,3.02
9/21/2022,3.00
9/22/2022,2.93
9/23/2022,2.90
9/24/2022,2.90
9/25/2022,2.90
9/26/2022,2.97
9/27/2022,2.98
9/28/2022,2.99
9/29/2022,3.07
9/30/2022,3.05
10/1/2022,2.99
10/2/2022,2.95
10/3/2022,2.96
10/4/2022,2.93
10/5/2022,2.86
10/6/2022,2.85
10/7/2022,2.85
10/8/2022,2.80
10/9/2022,2.84
10/10/2022,2.85
10/11/2022,2.86
10/12/2022,2.88
10/13/2022,2.86
10/14/2022,2.88
10/15/2022,2.87
10/16/2022,2.86
10/17/2022,2.86
10/18/2022,2.88
10/19/2022,2.92
10/20/2022,2.91
10/21/2022,2.92
10/22/2022,2.92
10/23/2022,2.89
10/24/2022,2.86
10/25/2022,3.40
10/26/2022,3.28
10/27/2022,3.18
10/28/2022,2.99
10/29/2022,2.84
10/30/2022,2.63
10/31/2022,2.47
11/1/2022,2.36
11/2/2022,2.29
11/3/2022,2.17
11/4/2022,2.11
11/5/2022,2.05
11/6/2022,2.07
11/7/2022,2.08
11/8/2022,2.05
11/9/2022,2.01
11/10/2022,1.92
11/11/2022,1.85
11/12/2022,1.76
11/13/2022,1.65
11/14/2022,1.52
11/15/2022,1.40
11/16/2022,1.28
11/17/2022,1.11
11/18/2022,1.03
11/19/2022,1.04
11/20/2022,1.11
11/21/2022,1.21
11/22/2022,1.28
11/23/2022,1.31
11/24/2022,1.36
11/25/2022,1.39
11/26/2022,1.48
11/27/2022,1.47
11/28/2022,1.43
11/29/2022,1.42
11/30/2022,1.34
12/1/2022,1.27
12/2/2022,1.07
12/3/2022,1.00
12/4/2022,1.00
12/5/2022,1.03
12/6/2022,1.11
12/7/2022,1.11
12/8/2022,1.12
12/9/2022,1.09
12/10/2022,1.13
12/11/2022,1.21
12/12/2022,1.09
12/13/2022,1.04
12/14/2022,0.95
12/15/2022,0.92
12/16/2022,0.79
12/17/2022,0.81
12/18/2022,0.73
12/19/2022,0.79
12/20/2022,0.85
12/21/2022,0.94
12/22/2022,0.99
12/23/2022,1.11
12/24/2022,1.09
12/25/2022,1.12
12/26/2022,1.18
12/27/2022,1.12
12/28/2022,1.09
12/29/2022,1.00
12/30/2022,0.85
12/31/2022,0.78
1/1/2023,0.64
1/2/2023,0.63
1/3/2023,0.61
1/4/2023,0.59
1/5/2023,0.53
1/6/2023,0.56
1/7/2023,0.58
1/8/2023,0.62
1/9/2023,0.68
1/10/2023,0.69
1/11/2023,0.70
1/12/2023,0.70
1/13/2023,0.66
1/14/2023,0.72
1/15/2023,0.71
1/16/2023,0.60
1/17/2023,0.52
1/18/2023,0.44
1/19/2023,0.45
1/20/2023,0.45
1/21/2023,0.51
1/22/2023,0.64
1/23/2023,0.78
1/24/2023,0.85
1/25/2023,0.77
1/26/2023,0.72
1/27/2023,0.72
1/28/2023,0.63
1/29/2023,0.53
1/30/2023,0.42
1/31/2023,0.32
2/1/2023,0.39
2/2/2023,0.34
2/3/2023,0.33
2/4/2023,0.39
2/5/2023,0.39
2/6/2023,0.53
2/7/2023,0.61
2/8/2023,0.73
2/9/2023,0.80
2/10/2023,0.78
2/11/2023,0.73
2/12/2023,0.64
2/13/2023,0.56
2/14/2023,0.40
2/15/2023,0.34
2/16/2023,0.38
2/17/2023,0.43
2/18/2023,0.46
2/19/2023,0.65
2/20/2023,0.79
2/21/2023,0.97
2/22/2023,1.05
2/23/2023,1.12
2/24/2023,0.83
2/25/2023,0.94
2/26/2023,0.65
2/27/2023,0.60
2/28/2023,0.41
3/1/2023,0.24
3/2/2023,0.19
3/3/2023,0.19
3/4/2023,0.24
3/5/2023,0.32
3/6/2023,0.41
3/7/2023,0.53
3/8/2023,0.57
3/9/2023,0.61
3/10/2023,0.69
3/11/2023,0.58
3/12/2023,0.59
3/13/2023,0.54
3/14/2023,0.60
3/15/2023,0.55
3/16/2023,0.52
3/17/2023,0.36
3/18/2023,0.37
3/19/2023,0.47
3/20/2023,0.61
3/21/2023,0.78
3/22/2023,0.93
3/23/2023,1.01
3/24/2023,1.03
3/25/2023,0.91
3/26/2023,0.72
3/27/2023,0.63
3/28/2023,0.56
3/29/2023,0.38
3/30/2023,0.26
3/31/2023,0.36
4/1/2023,0.44
4/2/2023,0.41
4/3/2023,0.60
4/4/2023,0.67
4/5/2023,0.82
4/6/2023,0.92
4/7/2023,0.95
4/8/2023,0.92
4/9/2023,0.84
4/10/2023,0.80
4/11/2023,0.79
4/12/2023,0.75
4/13/2023,0.63
4/14/2023,0.54
4/15/2023,0.65
4/16/2023,0.64
4/17/2023,0.79
4/18/2023,0.91
4/19/2023,1.00
4/20/2023,1.12
4/21/2023,1.21
4/22/2023,1.28
4/23/2023,1.13
4/24/2023,0.95
4/25/2023,0.84
4/26/2023,0.80
4/27/2023,0.60
4/28/2023,0.44
4/29/2023,0.39
4/30/2023,0.36
5/1/2023,0.44
5/2/2023,0.47
5/3/2023,0.58
5/4/2023,0.74
5/5/2023,0.78
5/6/2023,0.88
5/7/2023,0.97
5/8/2023,0.97
5/9/2023,0.95
5/10/2023,0.88
5/11/2023,0.96
5/12/2023,1.01
5/13/2023,1.03
5/14/2023,1.08
5/15/2023,1.04
5/16/2023,1.38
5/17/2023,1.44
5/18/2023,1.46
5/19/2023,1.41
5/20/2023,1.53
5/21/2023,1.50
5/22/2023,1.46
5/23/2023,1.39
5/24/2023,1.30
5/25/2023,1.26
5/26/2023,1.22
5/27/2023,1.23
5/28/2023,1.14
5/29/2023,1.00
5/30/2023,1.01
5/31/2023,1.04
6/1/2023,1.16
6/2/2023,1.31
6/3/2023,1.39
6/4/2023,1.34
6/5/2023,1.41
6/6/2023,1.43
6/7/2023,1.40
6/8/2023,1.26
6/9/2023,1.26
6/10/2023,1.28
6/11/2023,1.31
6/12/2023,1.44
6/13/2023,1.47
6/14/2023,1.62
6/15/2023,1.79
6/16/2023,1.89
6/17/2023,2.03
6/18/2023,2.03
6/19/2023,2.15
6/20/2023,2.28
6/21/2023,2.49
6/22/2023,2.63
6/23/2023,2.69
6/24/2023,2.76
6/25/2023,2.75
6/26/2023,2.79
6/27/2023,2.79
6/28/2023,2.82
6/29/2023,2.88
6/30/2023,2.84
7/1/2023,2.93
7/2/2023,3.03
7/3/2023,3.15
7/4/2023,3.32
7/5/2023,3.50
7/6/2023,3.62
7/7/2023,3.75
7/8/2023,3.77
7/9/2023,3.78
7/10/2023,3.72
7/11/2023,3.68
7/12/2023,3.61
7/13/2023,3.63
7/14/2023,3.63
7/15/2023,3.66
7/16/2023,3.74
7/17/2023,3.77
7/18/2023,3.78
7/19/2023,3.78
7/20/2023,3.77
7/21/2023,3.74
7/22/2023,3.72
7/23/2023,3.67
7/24/2023,3.58
7/25/2023,3.49
7/26/2023,3.40
7/27/2023,3.39
7/28/2023,3.24
7/29/2023,3.16
7/30/2023,3.10
7/31/2023,3.05
8/1/2023,3.07
8/2/2023,3.26
8/3/2023,3.34
8/4/2023,3.33
8/5/2023,3.32
8/6/2023,3.33
8/7/2023,3.49
8/8/2023,3.44
8/9/2023,3.32
8/10/2023,3.29
8/11/2023,3.27
8/12/2023,3.24
8/13/2023,3.31
8/14/2023,3.51
8/15/2023,3.46
8/16/2023,3.52
8/17/2023,3.54
8/18/2023,3.65
8/19/2023,3.73
8/20/2023,3.71
8/21/2023,3.72
8/22/2023,3.65
8/23/2023,3.60
8/24/2023,3.54
8/25/2023,3.46
8/26/2023,3.43
8/27/2023,3.41
8/28/2023,3.43
8/29/2023,3.53
8/30/2023,3.61
8/31/2023,3.68
9/1/2023,3.73
9/2/2023,3.85
9/3/2023,3.90
9/4/2023,3.92
9/5/2023,3.90
9/6/2023,3.83
9/7/2023,3.76
9/8/2023,3.57
9/9/2023,3.54
9/10/2023,3.38
9/11/2023,3.25
9/12/2023,3.16
9/13/2023,3.12
9/14/2023,3.16
9/15/2023,3.16
9/16/2023,3.08
9/17/2023,3.00
9/18/2023,2.93
9/19/2023,2.95
9/20/2023,2.96
9/21/2023,2.99
9/22/2023,2.91
9/23/2023,2.84
9/24/2023,2.69
9/25/2023,2.63
9/26/2023,2.64
9/27/2023,2.69
9/28/2023,2.75
9/29/2023,2.88
9/30/2023,3.08
10/1/2023,3.19
10/2/2023,3.22
10/3/2023,3.21
10/4/2023,3.18
10/5/2023,3.16
10/6/2023,3.28
10/7/2023,3.49
10/8/2023,3.31
10/9/2023,3.24
10/10/2023,3.19
10/11/2023,3.10
10/12/2023,3.06
10/13/2023,3.06
10/14/2023,3.04
10/15/2023,3.03
10/16/2023,2.99
10/17/2023,2.95
10/18/2023,2.87
10/19/2023,2.79
10/20/2023,2.66
10/21/2023,2.46
10/22/2023,2.32
10/23/2023,2.15
10/24/2023,2.08
10/25/2023,2.01
10/26/2023,2.04
10/27/2023,2.01
10/28/2023,2.00
10/29/2023,1.96
10/30/2023,1.93
10/31/2023,1.84
11/1/2023,1.72
11/2/2023,1.58
11/3/2023,1.48
11/4/2023,1.37
11/5/2023,1.27
11/6/2023,1.06
11/7/2023,0.96
11/8/2023,0.97
11/9/2023,0.95
11/10/2023,1.01
11/11/2023,1.07
11/12/2023,1.13
11/13/2023,1.20
11/14/2023,1.23
11/15/2023,1.23
11/16/2023,1.24
11/17/2023,1.20
11/18/2023,1.42
11/19/2023,1.26
11/20/2023,1.17
11/21/2023,1.06
11/22/2023,1.01
11/23/2023,0.94
11/24/2023,0.99
11/25/2023,1.04
11/26/2023,1.02
11/27/2023,1.05
11/28/2023,1.04
11/29/2023,1.03
11/30/2023,0.98
12/1/2023,0.89
12/2/2023,0.84
12/3/2023,0.75
12/4/2023,0.62
12/5/2023,0.58
12/6/2023,0.50
12/7/2023,0.49
12/8/2023,0.56
12/9/2023,0.55
12/10/2023,0.62
12/11/2023,0.66
12/12/2023,0.75
12/13/2023,0.77
12/14/2023,0.83
12/15/2023,0.75
12/16/2023,0.74
12/17/2023,0.73
12/18/2023,0.69
12/19/2023,0.56
12/20/2023,0.47
12/21/2023,0.47
12/22/2023,0.49
12/23/2023,0.53
12/24/2023,0.58
12/25/2023,0.62
12/26/2023,0.67
12/27/2023,0.67
12/28/2023,0.61
12/29/2023,0.61
12/30/2023,0.57
12/31/2023,0.53
1/1/2024,0.43
1/2/2024,0.40
1/3/2024,0.34
1/4/2024,0.27
1/5/2024,0.30
1/6/2024,0.30
1/7/2024,0.24
1/8/2024,0.26
1/9/2024,0.32
1/10/2024,0.38
1/11/2024,0.50
1/12/2024,0.55
1/13/2024,0.55
1/14/2024,0.56
1/15/2024,0.56
1/16/2024,0.55
1/17/2024,0.46
1/18/2024,0.40
1/19/2024,0.33
1/20/2024,0.27
1/21/2024,0.24
1/22/2024,0.32
1/23/2024,0.32
1/24/2024,0.41
1/25/2024,0.45
1/26/2024,0.39
1/27/2024,0.32
1/28/2024,0.33
1/29/2024,0.38
1/30/2024,0.40
1/31/2024,0.40
2/1/2024,0.44
2/2/2024,0.41
2/3/2024,0.42
2/4/2024,0.38
2/5/2024,0.22
2/6/2024,0.22
2/7/2024,0.24
2/8/2024,0.31
2/9/2024,0.27
2/10/2024,0.18
2/11/2024,0.47
2/12/2024,0.45
2/13/2024,0.50
2/14/2024,0.50
2/15/2024,0.43
2/16/2024,0.32
2/17/2024,0.26
2/18/2024,0.14
2/19/2024,0.10
2/20/2024,0.18
2/21/2024,0.21
2/22/2024,0.27
2/23/2024,0.32
2/24/2024,0.33
2/25/2024,0.41
2/26/2024,0.41
2/27/2024,0.36
2/28/2024,0.45
2/29/2024,0.39
3/1/2024,0.38
3/2/2024,0.34
3/3/2024,0.27
3/4/2024,0.13
3/5/2024,0.12
3/6/2024,0.08
3/7/2024,0.01
3/8/2024,0.16
3/9/2024,0.29
3/10/2024,0.41
3/11/2024,0.49
3/12/2024,0.69
3/13/2024,0.71
3/14/2024,0.69
3/15/2024,0.65
3/16/2024,0.50
3/17/2024,0.27
3/18/2024,0.11
3/19/2024,0.05
3/20/2024,0.09
3/21/2024,0.10
3/22/2024,0.30
3/23/2024,0.40
3/24/2024,0.53
3/25/2024,0.59
3/26/2024,0.63
3/27/2024,0.71
3/28/2024,0.78
3/29/2024,0.73
3/30/2024,0.75
3/31/2024,0.77
4/1/2024,0.74
4/2/2024,0.76
4/3/2024,0.66
4/4/2024,0.74
4/5/2024,0.87
4/6/2024,0.85
4/7/2024,0.99
4/8/2024,1.06
4/9/2024,1.14
4/10/2024,1.15
4/11/2024,1.13
4/12/2024,0.96
4/13/2024,0.87
4/14/2024,0.77
4/15/2024,0.65
4/16/2024,0.58
4/17/2024,0.59
4/18/2024,0.71
4/19/2024,0.78
4/20/2024,0.88
4/21/2024,1.05
4/22/2024,1.12
4/23/2024,1.15
4/24/2024,1.15
4/25/2024,1.23
4/26/2024,1.31
4/27/2024,1.38
4/28/2024,1.30
4/29/2024,1.25
4/30/2024,1.22
5/1/2024,1.28
5/2/2024,1.31
5/3/2024,1.22
5/4/2024,1.32
5/5/2024,1.44
5/6/2024,1.56
5/7/2024,1.60
5/8/2024,1.64
5/9/2024,1.61
5/10/2024,1.55
5/11/2024,1.46
5/12/2024,1.44
5/13/2024,1.36
5/14/2024,1.24
5/15/2024,1.11
5/16/2024,0.99
5/17/2024,0.94
5/18/2024,0.95
5/19/2024,0.99
5/20/2024,1.03
5/21/2024,1.08
5/22/2024,1.16
5/23/2024,1.22
5/24/2024,1.33
5/25/2024,1.46
5/26/2024,1.69
5/27/2024,2.23
5/28/2024,2.77
5/29/2024,2.43
5/30/2024,2.29
5/31/2024,2.16
6/1/2024,2.06
6/2/2024,2.02
6/3/2024,2.10
6/4/2024,2.21
6/5/2024,2.35
6/6/2024,2.40
6/7/2024,2.47
6/8/2024,2.48
6/9/2024,2.57
6/10/2024,2.60
6/11/2024,2.61
6/12/2024,2.58
6/13/2024,2.61
6/14/2024,2.65
6/15/2024,2.71
6/16/2024,2.76
6/17/2024,2.88
6/18/2024,2.98
6/19/2024,3.26
6/20/2024,3.56
6/21/2024,3.76
6/22/2024,3.92
6/23/2024,4.03
6/24/2024,4.08
6/25/2024,4.11
6/26/2024,4.07
6/27/2024,4.05
6/28/2024,4.06
6/29/2024,4.05
6/30/2024,4.03
7/1/2024,4.03
7/2/2024,4.07
7/3/2024,4.21
7/4/2024,4.31
7/5/2024,4.39
7/6/2024,4.50
7/7/2024,4.56
7/8/2024,4.60
7/9/2024,4.60
7/10/2024,4.60
7/11/2024,4.56
7/12/2024,4.55
7/13/2024,4.60
7/14/2024,4.68
7/15/2024,4.65
7/16/2024,4.63
7/17/2024,4.58
7/18/2024,4.57
7/19/2024,4.53
7/20/2024,4.45
7/21/2024,4.47
7/22/2024,4.45
7/23/2024,4.40
7/24/2024,4.38
7/25/2024,4.35
7/26/2024,4.30
7/27/2024,4.20
7/28/2024,4.09
7/29/2024,4.02
7/30/2024,3.99
7/31/2024,3.79
8/1/2024,3.70
8/2/2024,3.72
8/3/2024,3.73
8/4/2024,3.73
8/5/2024,3.70
8/6/2024,3.71
8/7/2024,3.74
8/8/2024,3.78
8/9/2024,3.76
8/10/2024,3.74
8/11/2024,3.70
8/12/2024,3.70
8/13/2024,3.68
8/14/2024,3.69
8/15/2024,3.69
8/16/2024,3.69
8/17/2024,3.72
8/18/2024,3.75
8/19/2024,3.80
8/20/2024,3.91
8/21/2024,4.11
8/22/2024,4.17
8/23/2024,4.22
8/24/2024,4.26
8/25/2024,4.23
8/26/2024,4.22
8/27/2024,4.12
8/28/2024,3.98
8/29/2024,3.86
8/30/2024,3.79
8/31/2024,3.77
9/1/2024,3.77
9/2/2024,3.74
9/3/2024,3.74
9/4/2024,3.75
9/5/2024,3.72
9/6/2024,3.70
9/7/2024,3.68
9/8/2024,3.70
9/9/2024,3.62
9/10/2024,3.62
9/11/2024,3.49
9/12/2024,3.31
9/13/2024,3.15
9/14/2024,3.06
9/15/2024,3.25
9/16/2024,3.31
9/17/2024,3.24
9/18/2024,3.20
9/19/2024,3.18
9/20/2024,3.15
9/21/2024,3.16
9/22/2024,3.12
9/23/2024,3.01
9/24/2024,2.99
9/25/2024,3.01
9/26/2024,2.97
9/27/2024,2.95
9/28/2024,2.82
9/29/2024,2.80
9/30/2024,2.84
10/1/2024,2.95
10/2/2024,2.93
10/3/2024,3.02
10/4/2024,3.17
10/5/2024,3.29
10/6/2024,3.25
10/7/2024,3.24
10/8/2024,3.25
10/9/2024,3.21
10/10/2024,3.14
10/11/2024,3.08
10/12/2024,3.09
10/13/2024,3.07
10/14/2024,3.07
10/15/2024,3.09
10/16/2024,3.10
10/17/2024,3.16
10/18/2024,3.21
10/19/2024,3.22
10/20/2024,3.20
10/21/2024,3.03
10/22/2024,2.89
10/23/2024,2.74
10/24/2024,2.64
10/25/2024,2.63
10/26/2024,2.50
10/27/2024,2.38
10/28/2024,2.28
10/29/2024,2.19
10/30/2024,2.14
10/31/2024,2.13
11/1/2024,2.10
11/2/2024,2.09
11/3/2024,1.99
11/4/2024,2.02
11/5/2024,1.97
11/6/2024,1.88
11/7/2024,1.85
11/8/2024,1.77
11/9/2024,1.63
11/10/2024,1.53
11/11/2024,1.51
11/12/2024,1.53
11/13/2024,1.56
11/14/2024,1.62
11/15/2024,1.61
11/16/2024,1.65
11/17/2024,1.59
11/18/2024,1.63
11/19/2024,1.56
11/20/2024,1.47
11/21/2024,1.40
11/22/2024,1.29
11/23/2024,1.17
11/24/2024,1.00
11/25/2024,0.87
11/26/2024,0.86
11/27/2024,0.91
11/28/2024,0.96
11/29/2024,1.01
11/30/2024,1.09
12/1/2024,1.14
12/2/2024,1.22
12/3/2024,1.20
12/4/2024,1.27
12/5/2024,1.21
12/6/2024,1.14
12/7/2024,1.09
12/8/2024,1.05
12/9/2024,1.01
12/10/2024,0.93
12/11/2024,0.86
12/12/2024,0.82
12/13/2024,0.91
12/14/2024,0.99
12/15/2024,1.01
12/16/2024,1.02
12/17/2024,1.11
12/18/2024,1.10
12/19/2024,1.09
12/20/2024,1.06
12/21/2024,1.01
12/22/2024,0.86
12/23/2024,0.72
12/24/2024,0.71
12/25/2024,0.67
12/26/2024,0.53
12/27/2024,0.52
12/28/2024,0.52
12/29/2024,0.69
12/30/2024,0.70
12/31/2024,0.71
1/1/2025,0.56
1/2/2025,0.64
1/3/2025,0.68
1/4/2025,0.72
1/5/2025,0.79
1/6/2025,0.81
1/7/2025,0.79
1/8/2025,0.74
1/9/2025,0.57
1/10/2025,0.62
1/11/2025,0.48
1/12/2025,0.62
1/13/2025,0.66
1/14/2025,0.71
1/15/2025,0.72
1/16/2025,0.69
1/17/2025,0.52
1/18/2025,0.72
1/19/2025,0.63
1/20/2025,0.57
1/21/2025,0.50
1/22/2025,0.43
1/23/2025,0.35
1/24/2025,0.24
1/25/2025,0.27
1/26/2025,0.22
1/27/2025,0.29
1/28/2025,0.38
1/29/2025,0.50
1/30/2025,0.63
1/31/2025,0.75
2/1/2025,0.78
2/2/2025,0.78
2/3/2025,0.72
2/4/2025,0.55
2/5/2025,0.55
2/6/2025,0.45
2/7/2025,0.26
2/8/2025,0.23
2/9/2025,0.17
2/10/2025,0.25
2/11/2025,0.39
2/12/2025,0.47
2/13/2025,0.55
2/14/2025,0.65
2/15/2025,0.62
2/16/2025,0.60
2/17/2025,0.57
2/18/2025,0.51
2/19/2025,0.46
2/20/2025,0.35
2/21/2025,0.25
2/22/2025,0.28
2/23/2025,0.22
2/24/2025,0.24
2/25/2025,0.27
2/26/2025,0.30
2/27/2025,0.44
2/28/2025,0.58
3/1/2025,0.75
3/2/2025,0.84
3/3/2025,0.89
3/4/2025,0.74
3/5/2025,0.68
3/6/2025,0.55
3/7/2025,0.33
3/8/2025,0.28
3/9/2025,0.28
3/10/2025,0.17
3/11/2025,0.23
3/12/2025,0.41
3/13/2025,0.54
3/14/2025,0.75
3/15/2025,0.81
3/16/2025,0.83
3/17/2025,0.79
3/18/2025,0.76
3/19/2025,0.72
3/20/2025,0.63
3/21/2025,0.50
3/22/2025,0.35
3/23/2025,0.30
3/24/2025,0.35
3/25/2025,0.15
3/26/2025,0.40
3/27/2025,0.50
3/28/2025,0.75
3/29/2025,1.04
3/30/2025,1.08
3/31/2025,1.12
4/1/2025,1.09
4/2/2025,1.02
4/3/2025,0.83
4/4/2025,0.76
4/5/2025,0.55
4/6/2025,0.49
4/7/2025,0.53
4/8/2025,0.52
4/9/2025,0.49
4/10/2025,0.51
4/11/2025,0.67
4/12/2025,0.80
4/13/2025,0.76
4/14/2025,0.84
4/15/2025,0.85
4/16/2025,0.93
4/17/2025,0.92
4/18/2025,0.84
4/19/2025,0.87
4/20/2025,0.86
4/21/2025,0.77
4/22/2025,0.76
4/23/2025,0.77
4/24/2025,0.99
4/25/2025,1.12
4/26/2025,1.29
4/27/2025,1.34
4/28/2025,1.35
4/29/2025,1.30
4/30/2025,1.31
5/1/2025,1.32
5/2/2025,1.31
5/3/2025,1.33
5/4/2025,1.22
5/5/2025,1.16
5/6/2025,1.02
5/7/2025,0.96
5/8/2025,1.02
5/9/2025,0.95
5/10/2025,1.06
5/11/2025,1.10
5/12/2025,1.11
5/13/2025,1.21
5/14/2025,1.25
5/15/2025,1.34
5/16/2025,1.41
5/17/2025,1.45
5/18/2025,1.50
5/19/2025,1.53
5/20/2025,1.56
5/21/2025,1.66
5/22/2025,1.75
5/23/2025,1.81
5/24/2025,1.92
5/25/2025,2.01
5/26/2025,2.14
5/27/2025,2.20
5/28/2025,2.25
5/29/2025,2.46
5/30/2025,2.89
5/31/2025,2.68
6/1/2025,2.70
6/2/2025,2.57
6/3/2025,2.58
6/4/2025,2.55
6/5/2025,2.61
6/6/2025,2.77
6/7/2025,2.89
6/8/2025,2.98
6/9/2025,3.02
6/10/2025,3.03
6/11/2025,3.02
6/12/2025,3.03
6/13/2025,2.99
6/14/2025,2.96
6/15/2025,2.96
6/16/2025,2.95
6/17/2025,2.96
6/18/2025,2.97
6/19/2025,2.91
6/20/2025,2.85
6/21/2025,2.78
6/22/2025,2.74
6/23/2025,2.74
6/24/2025,2.80
6/25/2025,2.88
6/26/2025,3.00
6/27/2025,3.01
6/28/2025,3.06
6/29/2025,3.07
6/30/2025,3.13
7/1/2025,3.10
7/2/2025,3.09
7/3/2025,3.08
7/4/2025,2.97
7/5/2025,2.87
7/6/2025,2.78
7/7/2025,2.76
7/8/2025,2.75
7/9/2025,2.86
7/10/2025,2.96
7/11/2025,3.00
7/12/2025,3.02
7/13/2025,3.04
7/14/2025,3.13
7/15/2025,3.19
7/16/2025,3.16
7/17/2025,3.16
7/18/2025,3.10
7/19/2025,2.91
7/20/2025,2.93
7/21/2025,2.94
7/22/2025,2.92
7/23/2025,3.01
7/24/2025,3.16
7/25/2025,3.26
7/26/2025,3.46
7/27/2025,3.45
7/28/2025,3.52
7/29/2025,3.46
7/30/2025,3.39
7/31/2025,3.37
8/1/2025,3.29
8/2/2025,3.21
8/3/2025,3.16
8/4/2025,3.17
8/5/2025,3.16
8/6/2025,3.29
8/7/2025,3.49
8/8/2025,3.58
8/9/2025,3.70
8/10/2025,3.73
8/11/2025,3.85
8/12/2025,3.88
8/13/2025,3.96
8/14/2025,4.04
8/15/2025,4.05
8/16/2025,4.02
8/17/2025,4.00
8/18/2025,4.00
8/19/2025,3.98
8/20/2025,3.96
8/21/2025,3.99
8/22/2025,3.95
8/23/2025,3.92
8/24/2025,3.99
8/25/2025,3.97
8/26/2025,3.91
8/27/2025,3.90
8/28/2025,3.81
8/29/2025,3.78
8/30/2025,3.70
8/31/2025,3.63
9/1/2025,3.55
9/2/2025,3.50
9/3/2025,3.54
9/4/2025,3.53
9/5/2025,3.55
9/6/2025,3.55
9/7/2025,3.57
9/8/2025,3.56
9/9/2025,3.62
9/10/2025,3.62
9/11/2025,3.64
9/12/2025,3.61
9/13/2025,3.58
9/14/2025,3.57
9/15/2025,3.58
9/16/2025,3.49
9/17/2025,3.45
9/18/2025,3.48
9/19/2025,3.52
9/20/2025,3.61
9/21/2025,3.65
9/22/2025,3.77
9/23/2025,3.80
9/24/2025,3.86
9/25/2025,3.82
9/26/2025,3.81
9/27/2025,3.77
9/28/2025,3.68
9/29/2025,3.52
9/30/2025,3.33
10/1/2025,3.27
10/2/2025,3.22
10/3/2025,3.14
10/4/2025,3.11
10/5/2025,3.12
10/6/2025,3.13
10/7/2025,3.13
10/8/2025,3.21
10/9/2025,3.25
10/10/2025,3.25
10/11/2025,3.24
10/12/2025,3.17
10/13/2025,3.06
10/14/2025,2.86
10/15/2025,2.71
10/16/2025,2.60
10/17/2025,2.54
10/18/2025,2.51
10/19/2025,2.51
10/20/2025,2.48
10/21/2025,2.47
10/22/2025,2.47
10/23/2025,2.41
10/24/2025,2.38
10/25/2025,2.33
10/26/2025,2.18
10/27/2025,2.10
10/28/2025,2.02
10/29/2025,1.98
10/30/2025,1.83
10/31/2025,1.65
11/1/2025,1.64
11/2/2025,1.79
11/3/2025,1.91
11/4/2025,2.00
11/5/2025,2.14
11/6/2025,2.25
11/7/2025,2.34
11/8/2025,2.30
11/9/2025,2.16
11/10/2025,2.05
11/11/2025,1.89
11/12/2025,1.71
11/13/2025,1.61
11/14/2025,1.50
11/15/2025,1.46
11/16/2025,1.44
11/17/2025,1.48
11/18/2025,1.52
11/19/2025,1.55
11/20/2025,1.58
11/21/2025,1.58
11/22/2025,1.55
11/23/2025,1.49
11/24/2025,1.33
11/25/2025,1.28
11/26/2025,1.26
11/27/2025,1.20
11/28/2025,1.17
11/29/2025,1.11
11/30/2025,1.07
12/1/2025,1.11
12/2/2025,1.20
12/3/2025,1.23
12/4/2025,1.23
12/5/2025,1.27
12/6/2025,1.15
12/7/2025,1.24
12/8/2025,1.16
12/9/2025,1.14
12/10/2025,1.08
12/11/2025,1.00
12/12/2025,0.94
12/13/2025,0.85
12/14/2025,0.84
12/15/2025,0.84
12/16/2025,0.83
12/17/2025,0.83
12/18/2025,0.83
12/19/2025,0.87
12/20/2025,0.89
12/21/2025,0.87
12/22/2025,0.87
12/23/2025,0.92
12/24/2025,0.86
12/25/2025,0.86
12/26/2025,0.79
12/27/2025,0.76
12/28/2025,0.67
12/29/2025,0.61
12/30/2025,0.56
12/31/2025,0.60
,
,
,
,
,
,
,
,
,
,
,
,
,
,
,
,
,
,
,
,
,
,
,
,
,
,
,
,
,
,
,
,
,
,
,
,
,
,
,
,
,
,
,
,
,
,
,
,
,
,
,
,
,
,
,
,
,
,
,
,
,
,
,
,
,
,
,
,
,
,
,
,
,
,
,
,
,
