date,water_level
1980-01-01,8.15
1980-01-02,8.15
1980-01-03,8.17
1980-01-04,8.17
1980-01-05,8.15
1980-01-06,8.15
1980-01-07,8.15
1980-01-08,8.14
1980-01-09,8.14
1980-01-10,8.14
1980-01-11,8.12
1980-01-12,8.12
1980-01-13,8.12
1980-01-14,8.12
1980-01-15,8.11
1980-01-16,8.11
1980-01-17,8.11
1980-01-18,8.11
1980-01-19,8.11
1980-01-20,8.09
1980-01-21,8.09
1980-01-22,8.09
1980-01-23,8.09
1980-01-24,8.09
1980-01-25,8.09
1980-01-26,8.11
1980-01-27,8.11
1980-01-28,8.83
1980-01-29,8.81
1980-01-30,8.79
1980-01-31,8.74
1980-02-01,8.73
1980-02-02,8.72
1980-02-03,8.72
1980-02-04,8.7
1980-02-05,8.69
1980-02-06,8.69
1980-02-07,8.67
1980-02-08,8.67
1980-02-09,8.65
1980-02-10,8.65
1980-02-11,8.65
1980-02-12,8.65
1980-02-13,8.64
1980-02-14,8.64
1980-02-15,8.62
1980-02-16,8.61
1980-02-17,8.61
1980-02-18,8.61
1980-02-19,8.6
1980-02-20,8.62
1980-02-21,8.64
1980-02-22,8.62
1980-02-23,8.6
1980-02-24,8.6
1980-02-25,8.6
1980-02-26,8.58
1980-02-27,8.58
1980-02-28,8.58
1980-02-29,8.6
1980-03-01,8.68
1980-03-02,8.8
1980-03-03,8.7
1980-03-04,8.65
1980-03-05,8.85
1980-03-06,8.78
1980-03-07,8.7
1980-03-08,8.65
1980-03-09,8.68
1980-03-10,8.68
1980-03-11,8.65
1980-03-12,8.65
1980-03-13,8.64
1980-03-14,8.62
1980-03-15,8.61
1980-03-16,8.56
1980-03-17,8.56
1980-03-18,8.55
1980-03-19,8.53
1980-03-20,8.53
1980-03-21,8.52
1980-03-22,8.52
1980-03-23,8.52
1980-03-24,8.51
1980-03-25,8.51
1980-03-26,8.51
1980-03-27,8.51
1980-03-28,8.48
1980-03-29,8.48
1980-03-30,8.48
1980-03-31,8.48
1980-04-01,8.51
1980-04-02,8.52
1980-04-03,8.52
1980-04-04,8.53
1980-04-05,8.52
1980-04-06,8.52
1980-04-07,8.51
1980-04-08,8.51
1980-04-09,8.51
1980-04-10,8.48
1980-04-11,8.48
1980-04-12,8.48
1980-04-13,8.47
1980-04-14,8.47
1980-04-15,8.47
1980-04-16,8.46
1980-04-17,8.46
1980-04-18,8.46
1980-04-19,8.6
1980-04-20,8.65
1980-04-21,8.69
1980-04-22,8.57
1980-04-23,8.52
1980-04-24,8.49
1980-04-25,8.48
1980-04-26,8.46
1980-04-27,8.46
1980-04-28,8.47
1980-04-29,8.52
1980-04-30,8.51
1980-05-01,8.48
1980-05-02,8.47
1980-05-03,8.44
1980-05-04,8.48
1980-05-05,9.27
1980-05-06,9.19
1980-05-07,9.12
1980-05-08,8.95
1980-05-09,10.48
1980-05-10,9.72
1980-05-11,10.22
1980-05-12,9.98
1980-05-13,8.98
1980-05-14,8.73
1980-05-15,8.84
1980-05-16,8.82
1980-05-17,8.81
1980-05-18,8.74
1980-05-19,8.91
1980-05-20,8.81
1980-05-21,8.51
1980-05-22,8.36
1980-05-23,8.26
1980-05-24,8.21
1980-05-25,8.19
1980-05-26,8.19
1980-05-27,8.27
1980-05-28,8.27
1980-05-29,8.44
1980-05-30,9.39
1980-05-31,10.51
1980-06-01,9.83
1980-06-02,8.99
1980-06-03,8.9
1980-06-04,8.56
1980-06-05,8.45
1980-06-06,8.82
1980-06-07,9.43
1980-06-08,9.16
1980-06-09,8.64
1980-06-10,8.56
1980-06-11,8.51
1980-06-12,8.62
1980-06-13,8.99
1980-06-14,8.8
1980-06-15,8.76
1980-06-16,8.81
1980-06-17,9.51
1980-06-18,9.09
1980-06-19,8.82
1980-06-20,8.56
1980-06-21,8.42
1980-06-22,8.82
1980-06-23,8.52
1980-06-24,8.51
1980-06-25,8.39
1980-06-26,8.35
1980-06-27,8.28
1980-06-28,8.25
1980-06-29,8.21
1980-06-30,8.2
1980-07-01,8.22
1980-07-02,8.18
1980-07-03,8.18
1980-07-04,8.27
1980-07-05,8.49
1980-07-06,8.32
1980-07-07,8.26
1980-07-08,8.3
1980-07-09,8.35
1980-07-10,8.27
1980-07-11,8.21
1980-07-12,8.22
1980-07-13,8.22
1980-07-14,8.21
1980-07-15,8.78
1980-07-16,8.6
1980-07-17,9.44
1980-07-18,9.39
1980-07-19,8.69
1980-07-20,8.52
1980-07-21,9.06
1980-07-22,8.65
1980-07-23,8.72
1980-07-24,8.56
1980-07-25,8.66
1980-07-26,8.68
1980-07-27,8.5
1980-07-28,8.51
1980-07-29,8.41
1980-07-30,8.36
1980-07-31,8.36
1980-08-01,8.83
1980-08-02,8.46
1980-08-03,8.35
1980-08-04,8.26
1980-08-05,8.51
1980-08-06,9.6
1980-08-07,9.45
1980-08-08,9.05
1980-08-09,8.86
1980-08-10,8.61
1980-08-11,8.53
1980-08-12,8.95
1980-08-13,8.93
1980-08-14,8.57
1980-08-15,8.47
1980-08-16,8.57
1980-08-17,9.03
1980-08-18,9.51
1980-08-19,9.02
1980-08-20,10.86
1980-08-21,10.21
1980-08-22,9.15
1980-08-23,8.95
1980-08-24,9.11
1980-08-25,9.09
1980-08-26,8.74
1980-08-27,9.33
1980-08-28,9.99
1980-08-29,9.21
1980-08-30,8.82
1980-08-31,9.26
1980-09-01,9.04
1980-09-02,8.83
1980-09-03,8.63
1980-09-04,8.75
1980-09-05,8.73
1980-09-06,8.56
1980-09-07,8.47
1980-09-08,8.4
1980-09-09,8.45
1980-09-10,9.31
1980-09-11,9.45
1980-09-12,10.44
1980-09-13,10.45
1980-09-14,9.39
1980-09-15,8.89
1980-09-16,9.75
1980-09-17,9.54
1980-09-18,8.93
1980-09-19,8.9
1980-09-20,8.64
1980-09-21,8.58
1980-09-22,8.89
1980-09-23,9.07
1980-09-24,8.68
1980-09-25,8.53
1980-09-26,9.31
1980-09-27,8.77
1980-09-28,9.12
1980-09-29,8.65
1980-09-30,8.55
1980-10-01,8.71
1980-10-02,8.53
1980-10-03,9.89
1980-10-04,9.4
1980-10-05,8.89
1980-10-06,8.65
1980-10-07,9
1980-10-08,8.72
1980-10-09,8.57
1980-10-10,8.89
1980-10-11,8.41
1980-10-12,8.4
1980-10-13,8.37
1980-10-14,8.36
1980-10-15,8.34
1980-10-16,8.34
1980-10-17,8.3
1980-10-18,8.3
1980-10-19,8.88
1980-10-20,8.77
1980-10-21,8.48
1980-10-22,9.23
1980-10-23,8.72
1980-10-24,8.56
1980-10-25,8.44
1980-10-26,8.4
1980-10-27,8.37
1980-10-28,8.35
1980-10-29,8.34
1980-10-30,8.33
1980-10-31,8.32
1980-11-01,8.3
1980-11-02,8.28
1980-11-03,8.27
1980-11-04,8.27
1980-11-05,8.26
1980-11-06,8.24
1980-11-07,8.24
1980-11-08,8.24
1980-11-09,8.25
1980-11-10,8.25
1980-11-11,8.24
1980-11-12,8.24
1980-11-13,8.24
1980-11-14,8.23
1980-11-15,8.23
1980-11-16,8.22
1980-11-17,8.22
1980-11-18,8.21
1980-11-19,8.21
1980-11-20,8.2
1980-11-21,8.2
1980-11-22,8.2
1980-11-23,8.19
1980-11-24,8.19
1980-11-25,8.18
1980-11-26,8.18
1980-11-27,8.18
1980-11-28,8.17
1980-11-29,8.17
1980-11-30,8.17
1980-12-01,8.16
1980-12-02,8.16
1980-12-03,8.17
1980-12-04,8.17
1980-12-05,8.16
1980-12-06,8.16
1980-12-07,8.16
1980-12-08,8.15
1980-12-09,8.15
1980-12-10,8.14
1980-12-11,8.14
1980-12-12,8.14
1980-12-13,8.13
1980-12-14,8.13
1980-12-15,8.12
1980-12-16,8.12
1980-12-17,8.12
1980-12-18,8.11
1980-12-19,8.11
1980-12-20,8.1
1980-12-21,8.1
1980-12-22,8.1
1980-12-23,8.1
1980-12-24,8.1
1980-12-25,8.09
1980-12-26,8.09
1980-12-27,8.09
1980-12-28,8.09
1980-12-29,8.08
1980-12-30,8.08
1980-12-31,8.07
1981-01-01,8.07
1981-01-02,8.07
1981-01-03,8.07
1981-01-04,8.06
1981-01-05,8.06
1981-01-06,8.15
1981-01-07,8.16
1981-01-08,8.76
1981-01-09,8.36
1981-01-10,8.28
1981-01-11,8.16
1981-01-12,8.16
1981-01-13,8.18
1981-01-14,8.11
1981-01-15,8.12
1981-01-16,8.12
1981-01-17,8.12
1981-01-18,8.14
1981-01-19,8.15
1981-01-20,8.11
1981-01-21,8.06
1981-01-22,8.05
1981-01-23,8.04
1981-01-24,8.04
1981-01-25,8.04
1981-01-26,8.03
1981-01-27,8.03
1981-01-28,8.02
1981-01-29,8.01
1981-01-30,8.01
1981-01-31,8
1981-02-01,8.05
1981-02-02,8.06
1981-02-03,8.03
1981-02-04,8.3
1981-02-05,8.69
1981-02-06,8.67
1981-02-07,8.66
1981-02-08,8.64
1981-02-09,8.64
1981-02-10,8.61
1981-02-11,8.61
1981-02-12,8.61
1981-02-13,8.62
1981-02-14,8.62
1981-02-15,8.61
1981-02-16,8.61
1981-02-17,8.61
1981-02-18,8.59
1981-02-19,8.59
1981-02-20,8.58
1981-02-21,8.58
1981-02-22,8.58
1981-02-23,8.58
1981-02-24,8.58
1981-02-25,8.56
1981-02-26,8.55
1981-02-27,8.55
1981-02-28,8.55
1981-03-01,8.53
1981-03-02,8.53
1981-03-03,8.53
1981-03-04,8.52
1981-03-05,8.52
1981-03-06,8.52
1981-03-07,8.52
1981-03-08,8.53
1981-03-09,8.53
1981-03-10,8.55
1981-03-11,8.55
1981-03-12,8.55
1981-03-13,8.62
1981-03-14,8.64
1981-03-15,8.58
1981-03-16,8.58
1981-03-17,8.56
1981-03-18,8.56
1981-03-19,8.56
1981-03-20,8.55
1981-03-21,8.55
1981-03-22,8.55
1981-03-23,8.55
1981-03-24,8.68
1981-03-25,8.73
1981-03-26,8.7
1981-03-27,8.67
1981-03-28,8.72
1981-03-29,8.69
1981-03-30,8.65
1981-03-31,8.64
1981-04-01,9.36
1981-04-02,9.17
1981-04-03,8.92
1981-04-04,8.88
1981-04-05,8.7
1981-04-06,8.62
1981-04-07,8.52
1981-04-08,8.48
1981-04-09,8.44
1981-04-10,8.47
1981-04-11,8.56
1981-04-12,9.13
1981-04-13,10.52
1981-04-14,9.46
1981-04-15,9.08
1981-04-16,8.91
1981-04-17,9.16
1981-04-18,10.29
1981-04-19,10.26
1981-04-20,10.26
1981-04-21,9.66
1981-04-22,9.09
1981-04-23,8.84
1981-04-24,8.76
1981-04-25,8.71
1981-04-26,8.63
1981-04-27,8.58
1981-04-28,8.55
1981-04-29,8.52
1981-04-30,8.48
1981-05-01,8.46
1981-05-02,8.49
1981-05-03,8.47
1981-05-04,8.46
1981-05-05,8.44
1981-05-06,8.46
1981-05-07,8.44
1981-05-08,8.43
1981-05-09,8.54
1981-05-10,8.52
1981-05-11,8.6
1981-05-12,9.3
1981-05-13,8.96
1981-05-14,8.77
1981-05-15,8.72
1981-05-16,9.71
1981-05-17,11.38
1981-05-18,10.21
1981-05-19,9.34
1981-05-20,8.96
1981-05-21,8.81
1981-05-22,8.76
1981-05-23,8.82
1981-05-24,8.77
1981-05-25,8.66
1981-05-26,8.65
1981-05-27,8.71
1981-05-28,8.76
1981-05-29,9.25
1981-05-30,9.77
1981-05-31,10.02
1981-06-01,10.88
1981-06-02,10.97
1981-06-03,10.45
1981-06-04,9.94
1981-06-05,9.36
1981-06-06,9.2
1981-06-07,9.09
1981-06-08,8.96
1981-06-09,8.88
1981-06-10,8.84
1981-06-11,8.8
1981-06-12,8.84
1981-06-13,8.78
1981-06-14,9.17
1981-06-15,9.02
1981-06-16,8.95
1981-06-17,8.84
1981-06-18,8.83
1981-06-19,9.44
1981-06-20,9.21
1981-06-21,8.91
1981-06-22,8.88
1981-06-23,9.35
1981-06-24,9
1981-06-25,8.87
1981-06-26,9.08
1981-06-27,9.36
1981-06-28,8.99
1981-06-29,9.27
1981-06-30,9.17
1981-07-01,11.65
1981-07-02,11.91
1981-07-03,11.4
1981-07-04,11.83
1981-07-05,10.63
1981-07-06,10.37
1981-07-07,9.55
1981-07-08,9.33
1981-07-09,9.25
1981-07-10,9.09
1981-07-11,9.03
1981-07-12,9
1981-07-13,9
1981-07-14,9.33
1981-07-15,9.79
1981-07-16,9.9
1981-07-17,9.81
1981-07-18,11.77
1981-07-19,11.88
1981-07-20,10.91
1981-07-21,10.08
1981-07-22,9.72
1981-07-23,9.54
1981-07-24,9.31
1981-07-25,9.37
1981-07-26,9.66
1981-07-27,10.05
1981-07-28,10.45
1981-07-29,10.22
1981-07-30,9.87
1981-07-31,10.25
1981-08-01,9.87
1981-08-02,9.92
1981-08-03,9.65
1981-08-04,9.68
1981-08-05,9.41
1981-08-06,9.28
1981-08-07,9.27
1981-08-08,9.25
1981-08-09,9.14
1981-08-10,9.13
1981-08-11,9.14
1981-08-12,9.79
1981-08-13,9.76
1981-08-14,9.23
1981-08-15,8.97
1981-08-16,8.87
1981-08-17,8.86
1981-08-18,8.93
1981-08-19,8.88
1981-08-20,8.85
1981-08-21,8.93
1981-08-22,9.29
1981-08-23,10.28
1981-08-24,10.68
1981-08-25,10.76
1981-08-26,10.46
1981-08-27,9.84
1981-08-28,9.81
1981-08-29,10
1981-08-30,9.5
1981-08-31,9.32
1981-09-01,10.39
1981-09-02,9.46
1981-09-03,9.26
1981-09-04,9.21
1981-09-05,9.17
1981-09-06,9.11
1981-09-07,9.05
1981-09-08,9.04
1981-09-09,9.45
1981-09-10,9.37
1981-09-11,9.05
1981-09-12,9.01
1981-09-13,9.38
1981-09-14,9.32
1981-09-15,9.1
1981-09-16,8.86
1981-09-17,8.82
1981-09-18,8.79
1981-09-19,8.81
1981-09-20,8.82
1981-09-21,8.75
1981-09-22,8.7
1981-09-23,8.68
1981-09-24,8.66
1981-09-25,8.64
1981-09-26,8.66
1981-09-27,8.66
1981-09-28,8.67
1981-09-29,8.92
1981-09-30,8.81
1981-10-01,8.71
1981-10-02,9.01
1981-10-03,9.12
1981-10-04,8.78
1981-10-05,8.69
1981-10-06,8.65
1981-10-07,8.64
1981-10-08,8.64
1981-10-09,8.62
1981-10-10,8.62
1981-10-11,8.61
1981-10-12,8.61
1981-10-13,8.59
1981-10-14,8.59
1981-10-15,8.6
1981-10-16,8.63
1981-10-17,8.61
1981-10-18,8.59
1981-10-19,8.58
1981-10-20,8.58
1981-10-21,8.56
1981-10-22,8.55
1981-10-23,8.55
1981-10-24,8.53
1981-10-25,8.53
1981-10-26,8.52
1981-10-27,8.5
1981-10-28,8.49
1981-10-29,8.49
1981-10-30,8.47
1981-10-31,8.47
1981-11-01,8.46
1981-11-02,8.46
1981-11-03,8.6
1981-11-04,8.63
1981-11-05,8.64
1981-11-06,8.65
1981-11-07,8.65
1981-11-08,8.64
1981-11-09,8.64
1981-11-10,8.62
1981-11-11,8.6
1981-11-12,8.55
1981-11-13,8.48
1981-11-14,8.43
1981-11-15,8.43
1981-11-16,8.43
1981-11-17,8.41
1981-11-18,8.41
1981-11-19,8.41
1981-11-20,8.4
1981-11-21,8.4
1981-11-22,8.4
1981-11-23,8.4
1981-11-24,8.41
1981-11-25,8.41
1981-11-26,8.4
1981-11-27,8.4
1981-11-28,8.4
1981-11-29,8.4
1981-11-30,8.4
1981-12-01,8.38
1981-12-02,8.38
1981-12-03,8.38
1981-12-04,8.38
1981-12-05,8.38
1981-12-06,8.37
1981-12-07,8.37
1981-12-08,8.39
1981-12-09,8.43
1981-12-10,8.4
1981-12-11,8.44
1981-12-12,8.48
1981-12-13,8.46
1981-12-14,8.46
1981-12-15,8.44
1981-12-16,8.44
1981-12-17,8.44
1981-12-18,8.43
1981-12-19,8.43
1981-12-20,8.43
1981-12-21,8.43
1981-12-22,8.41
1981-12-23,8.41
1981-12-24,8.4
1981-12-25,8.38
1981-12-26,8.38
1981-12-27,8.37
1981-12-28,8.37
1981-12-29,8.35
1981-12-30,8.34
1981-12-31,8.34
1982-01-01,8.34
1982-01-02,8.32
1982-01-03,8.32
1982-01-04,8.32
1982-01-05,8.3
1982-01-06,8.33
1982-01-07,8.3
1982-01-08,8.29
1982-01-09,8.26
1982-01-10,8.27
1982-01-11,8.27
1982-01-12,8.29
1982-01-13,8.29
1982-01-14,8.29
1982-01-15,8.29
1982-01-16,8.3
1982-01-17,8.61
1982-01-18,8.61
1982-01-19,8.62
1982-01-20,8.62
1982-01-21,8.61
1982-01-22,8.61
1982-01-23,8.61
1982-01-24,8.59
1982-01-25,8.59
1982-01-26,8.59
1982-01-27,8.59
1982-01-28,8.58
1982-01-29,8.58
1982-01-30,8.58
1982-01-31,8.58
1982-02-01,8.59
1982-02-02,8.59
1982-02-03,8.61
1982-02-04,8.61
1982-02-05,8.61
1982-02-06,8.61
1982-02-07,8.59
1982-02-08,8.59
1982-02-09,8.59
1982-02-10,8.59
1982-02-11,8.59
1982-02-12,8.61
1982-02-13,8.61
1982-02-14,8.62
1982-02-15,8.62
1982-02-16,8.64
1982-02-17,8.62
1982-02-18,8.62
1982-02-19,8.62
1982-02-20,8.61
1982-02-21,8.61
1982-02-22,8.61
1982-02-23,8.59
1982-02-24,8.59
1982-02-25,8.59
1982-02-26,8.58
1982-02-27,8.58
1982-02-28,8.58
1982-03-01,8.58
1982-03-02,8.58
1982-03-03,8.56
1982-03-04,8.56
1982-03-05,8.56
1982-03-06,8.56
1982-03-07,8.59
1982-03-08,8.67
1982-03-09,8.61
1982-03-10,8.59
1982-03-11,8.59
1982-03-12,8.58
1982-03-13,8.58
1982-03-14,8.58
1982-03-15,8.55
1982-03-16,8.55
1982-03-17,8.55
1982-03-18,8.55
1982-03-19,8.56
1982-03-20,8.56
1982-03-21,8.55
1982-03-22,8.53
1982-03-23,8.53
1982-03-24,8.53
1982-03-25,8.52
1982-03-26,8.52
1982-03-27,8.52
1982-03-28,8.52
1982-03-29,8.52
1982-03-30,8.5
1982-03-31,8.5
1982-04-01,8.52
1982-04-02,8.52
1982-04-03,8.59
1982-04-04,8.59
1982-04-05,8.58
1982-04-06,8.58
1982-04-07,8.56
1982-04-08,8.55
1982-04-09,8.55
1982-04-10,8.59
1982-04-11,8.65
1982-04-12,8.64
1982-04-13,8.64
1982-04-14,8.64
1982-04-15,8.62
1982-04-16,8.62
1982-04-17,8.66
1982-04-18,8.66
1982-04-19,8.66
1982-04-20,8.7
1982-04-21,8.69
1982-04-22,8.95
1982-04-23,8.87
1982-04-24,8.74
1982-04-25,8.65
1982-04-26,8.64
1982-04-27,8.63
1982-04-28,8.81
1982-04-29,8.68
1982-04-30,8.66
1982-05-01,8.64
1982-05-02,8.62
1982-05-03,8.61
1982-05-04,8.61
1982-05-05,8.59
1982-05-06,8.6
1982-05-07,8.58
1982-05-08,8.58
1982-05-09,8.59
1982-05-10,8.58
1982-05-11,8.59
1982-05-12,8.44
1982-05-13,8.5
1982-05-14,8.45
1982-05-15,8.52
1982-05-16,8.45
1982-05-17,8.4
1982-05-18,8.39
1982-05-19,8.31
1982-05-20,8.27
1982-05-21,8.23
1982-05-22,8.21
1982-05-23,8.19
1982-05-24,8.17
1982-05-25,8.16
1982-05-26,8.41
1982-05-27,8.36
1982-05-28,8.4
1982-05-29,8.41
1982-05-30,8.37
1982-05-31,8.39
1982-06-01,8.34
1982-06-02,8.31
1982-06-03,8.65
1982-06-04,8.59
1982-06-05,8.42
1982-06-06,8.36
1982-06-07,8.32
1982-06-08,8.27
1982-06-09,8.34
1982-06-10,8.65
1982-06-11,9.5
1982-06-12,10.54
1982-06-13,11.7
1982-06-14,11.44
1982-06-15,9.66
1982-06-16,9.13
1982-06-17,8.87
1982-06-18,8.92
1982-06-19,11.08
1982-06-20,11.33
1982-06-21,10.24
1982-06-22,9.48
1982-06-23,9.24
1982-06-24,8.86
1982-06-25,8.79
1982-06-26,8.75
1982-06-27,8.72
1982-06-28,8.66
1982-06-29,8.7
1982-06-30,8.67
1982-07-01,8.73
1982-07-02,8.83
1982-07-03,9.48
1982-07-04,9.18
1982-07-05,8.77
1982-07-06,8.71
1982-07-07,8.65
1982-07-08,8.55
1982-07-09,8.48
1982-07-10,8.44
1982-07-11,8.49
1982-07-12,8.53
1982-07-13,8.7
1982-07-14,8.73
1982-07-15,8.63
1982-07-16,8.54
1982-07-17,8.9
1982-07-18,8.61
1982-07-19,8.58
1982-07-20,8.6
1982-07-21,8.63
1982-07-22,8.51
1982-07-23,8.61
1982-07-24,8.97
1982-07-25,9.36
1982-07-26,9.09
1982-07-27,9.12
1982-07-28,8.9
1982-07-29,9.11
1982-07-30,9.3
1982-07-31,10.24
1982-08-01,11.28
1982-08-02,11.62
1982-08-03,12.37
1982-08-04,12.03
1982-08-05,10.83
1982-08-06,10.02
1982-08-07,9.73
1982-08-08,9.37
1982-08-09,9.9
1982-08-10,9.89
1982-08-11,10.82
1982-08-12,9.89
1982-08-13,9.42
1982-08-14,9.28
1982-08-15,9.12
1982-08-16,9.05
1982-08-17,8.97
1982-08-18,8.89
1982-08-19,8.98
1982-08-20,8.99
1982-08-21,9
1982-08-22,8.83
1982-08-23,9.04
1982-08-24,9.75
1982-08-25,9.62
1982-08-26,9.27
1982-08-27,9.05
1982-08-28,9.14
1982-08-29,9.06
1982-08-30,9.19
1982-08-31,9.7
1982-09-01,9.14
1982-09-02,8.89
1982-09-03,8.84
1982-09-04,9.07
1982-09-05,9.1
1982-09-06,10.7
1982-09-07,9.93
1982-09-08,9.82
1982-09-09,10.02
1982-09-10,10.02
1982-09-11,9.46
1982-09-12,10.43
1982-09-13,9.63
1982-09-14,9.69
1982-09-15,10.87
1982-09-16,10.91
1982-09-17,10.89
1982-09-18,9.88
1982-09-19,9.43
1982-09-20,9.85
1982-09-21,9.21
1982-09-22,9.03
1982-09-23,8.94
1982-09-24,8.96
1982-09-25,8.87
1982-09-26,9.31
1982-09-27,9.18
1982-09-28,8.91
1982-09-29,9.14
1982-09-30,9.57
1982-10-01,9.04
1982-10-02,8.85
1982-10-03,9.37
1982-10-04,9.21
1982-10-05,8.9
1982-10-06,8.86
1982-10-07,8.76
1982-10-08,8.72
1982-10-09,8.67
1982-10-10,8.63
1982-10-11,8.63
1982-10-12,8.61
1982-10-13,8.6
1982-10-14,8.59
1982-10-15,8.58
1982-10-16,8.61
1982-10-17,8.79
1982-10-18,8.63
1982-10-19,8.65
1982-10-20,8.59
1982-10-21,8.55
1982-10-22,8.53
1982-10-23,8.52
1982-10-24,8.53
1982-10-25,8.52
1982-10-26,8.52
1982-10-27,8.51
1982-10-28,8.49
1982-10-29,8.48
1982-10-30,8.48
1982-10-31,8.47
1982-11-01,8.47
1982-11-02,8.46
1982-11-03,8.45
1982-11-04,8.46
1982-11-05,8.46
1982-11-06,8.46
1982-11-07,8.46
1982-11-08,8.46
1982-11-09,8.46
1982-11-10,8.47
1982-11-11,8.58
1982-11-12,8.77
1982-11-13,9.04
1982-11-14,8.67
1982-11-15,8.55
1982-11-16,8.51
1982-11-17,8.48
1982-11-18,8.48
1982-11-19,8.47
1982-11-20,8.46
1982-11-21,8.45
1982-11-22,8.45
1982-11-23,8.44
1982-11-24,8.42
1982-11-25,8.41
1982-11-26,8.41
1982-11-27,8.4
1982-11-28,8.4
1982-11-29,8.39
1982-11-30,8.39
1982-12-01,8.38
1982-12-02,8.38
1982-12-03,8.38
1982-12-04,8.38
1982-12-05,8.37
1982-12-06,8.37
1982-12-07,8.37
1982-12-08,8.38
1982-12-09,8.38
1982-12-10,8.38
1982-12-11,8.38
1982-12-12,8.39
1982-12-13,8.39
1982-12-14,8.39
1982-12-15,8.38
1982-12-16,8.38
1982-12-17,8.37
1982-12-18,8.37
1982-12-19,8.37
1982-12-20,8.37
1982-12-21,8.36
1982-12-22,8.36
1982-12-23,8.35
1982-12-24,8.35
1982-12-25,8.36
1982-12-26,8.42
1982-12-27,8.38
1982-12-28,8.37
1982-12-29,8.37
1982-12-30,8.36
1982-12-31,8.36
1983-01-01,8.35
1983-01-02,8.35
1983-01-03,8.34
1983-01-04,8.34
1983-01-05,8.34
1983-01-06,8.33
1983-01-07,8.33
1983-01-08,8.33
1983-01-09,8.32
1983-01-10,8.32
1983-01-11,8.32
1983-01-12,8.32
1983-01-13,8.32
1983-01-14,8.31
1983-01-15,8.31
1983-01-16,8.31
1983-01-17,8.31
1983-01-18,8.29
1983-01-19,8.28
1983-01-20,8.27
1983-01-21,8.27
1983-01-22,8.26
1983-01-23,8.26
1983-01-24,8.25
1983-01-25,8.25
1983-01-26,8.25
1983-01-27,8.25
1983-01-28,8.25
1983-01-29,8.25
1983-01-30,8.26
1983-01-31,8.5
1983-02-01,8.4
1983-02-02,8.34
1983-02-03,8.3
1983-02-04,8.28
1983-02-05,8.28
1983-02-06,8.42
1983-02-07,8.41
1983-02-08,8.42
1983-02-09,8.43
1983-02-10,8.42
1983-02-11,8.41
1983-02-12,8.41
1983-02-13,8.4
1983-02-14,8.38
1983-02-15,8.38
1983-02-16,8.37
1983-02-17,8.36
1983-02-18,8.36
1983-02-19,8.35
1983-02-20,8.35
1983-02-21,8.36
1983-02-22,8.43
1983-02-23,8.4
1983-02-24,8.37
1983-02-25,8.36
1983-02-26,8.68
1983-02-27,9.24
1983-02-28,9.05
1983-03-01,8.57
1983-03-02,8.42
1983-03-03,8.36
1983-03-04,8.34
1983-03-05,8.35
1983-03-06,8.42
1983-03-07,8.41
1983-03-08,8.35
1983-03-09,8.35
1983-03-10,8.36
1983-03-11,8.38
1983-03-12,8.39
1983-03-13,8.37
1983-03-14,8.37
1983-03-15,8.36
1983-03-16,8.69
1983-03-17,9.21
1983-03-18,8.61
1983-03-19,8.52
1983-03-20,9.51
1983-03-21,9.12
1983-03-22,8.97
1983-03-23,8.66
1983-03-24,8.46
1983-03-25,8.37
1983-03-26,8.36
1983-03-27,8.32
1983-03-28,8.32
1983-03-29,7.99
1983-03-30,8.62
1983-03-31,8.5
1983-04-01,8.4
1983-04-02,8.32
1983-04-03,8.3
1983-04-04,8.29
1983-04-05,8.28
1983-04-06,8.28
1983-04-07,8.26
1983-04-08,8.28
1983-04-09,8.34
1983-04-10,8.46
1983-04-11,8.61
1983-04-12,8.66
1983-04-13,8.59
1983-04-14,9.62
1983-04-15,9.05
1983-04-16,8.73
1983-04-17,8.53
1983-04-18,8.41
1983-04-19,8.36
1983-04-20,8.34
1983-04-21,8.32
1983-04-22,8.31
1983-04-23,8.44
1983-04-24,8.77
1983-04-25,9.42
1983-04-26,11.57
1983-04-27,9.78
1983-04-28,9.06
1983-04-29,9.11
1983-04-30,9.24
1983-05-01,9.39
1983-05-02,11.41
1983-05-03,10.65
1983-05-04,9.61
1983-05-05,11.88
1983-05-06,11.13
1983-05-07,9.83
1983-05-08,9.78
1983-05-09,9.53
1983-05-10,9.29
1983-05-11,10.97
1983-05-12,9.49
1983-05-13,9.07
1983-05-14,8.87
1983-05-15,10.43
1983-05-16,9.93
1983-05-17,9.13
1983-05-18,9.21
1983-05-19,8.85
1983-05-20,10.16
1983-05-21,10.02
1983-05-22,9.81
1983-05-23,9.99
1983-05-24,9.69
1983-05-25,9.71
1983-05-26,9.05
1983-05-27,8.84
1983-05-28,8.74
1983-05-29,8.68
1983-05-30,8.64
1983-05-31,8.61
1983-06-01,9.2
1983-06-02,9.57
1983-06-03,9.12
1983-06-04,8.94
1983-06-05,8.77
1983-06-06,8.68
1983-06-07,8.68
1983-06-08,8.69
1983-06-09,8.64
1983-06-10,8.61
1983-06-11,8.57
1983-06-12,8.54
1983-06-13,8.55
1983-06-14,8.67
1983-06-15,8.68
1983-06-16,8.84
1983-06-17,9.24
1983-06-18,8.97
1983-06-19,9.85
1983-06-20,10.06
1983-06-21,9.16
1983-06-22,8.86
1983-06-23,8.71
1983-06-24,8.7
1983-06-25,9.31
1983-06-26,9.05
1983-06-27,9.23
1983-06-28,8.87
1983-06-29,8.95
1983-06-30,8.81
1983-07-01,8.72
1983-07-02,9.06
1983-07-03,10.47
1983-07-04,12.08
1983-07-05,12.02
1983-07-06,11.48
1983-07-07,11.1
1983-07-08,10.39
1983-07-09,9.94
1983-07-10,9.71
1983-07-11,9.54
1983-07-12,9.43
1983-07-13,9.38
1983-07-14,9.38
1983-07-15,9.43
1983-07-16,9.47
1983-07-17,9.41
1983-07-18,9.28
1983-07-19,9.2
1983-07-20,9.14
1983-07-21,9.07
1983-07-22,9.17
1983-07-23,9.26
1983-07-24,9.89
1983-07-25,9.67
1983-07-26,9.79
1983-07-27,9.85
1983-07-28,9.55
1983-07-29,9.35
1983-07-30,9.33
1983-07-31,9.23
1983-08-01,9.04
1983-08-02,9.1
1983-08-03,11.07
1983-08-04,12.3
1983-08-05,11.66
1983-08-06,10.52
1983-08-07,10.03
1983-08-08,10.24
1983-08-09,9.72
1983-08-10,9.58
1983-08-11,9.58
1983-08-12,9.37
1983-08-13,9.29
1983-08-14,9.26
1983-08-15,9.23
1983-08-16,9.27
1983-08-17,9.22
1983-08-18,9.18
1983-08-19,9.21
1983-08-20,9.29
1983-08-21,9.3
1983-08-22,9.35
1983-08-23,10.18
1983-08-24,9.69
1983-08-25,10.57
1983-08-26,9.9
1983-08-27,9.66
1983-08-28,9.39
1983-08-29,9.36
1983-08-30,9.2
1983-08-31,9.15
1983-09-01,9.25
1983-09-02,9.25
1983-09-03,9.24
1983-09-04,9.25
1983-09-05,9.1
1983-09-06,9.41
1983-09-07,9.36
1983-09-08,9.2
1983-09-09,9.05
1983-09-10,9
1983-09-11,8.98
1983-09-12,9.08
1983-09-13,9.01
1983-09-14,9.02
1983-09-15,9.33
1983-09-16,9.19
1983-09-17,9.2
1983-09-18,9.24
1983-09-19,9.26
1983-09-20,9.43
1983-09-21,9.05
1983-09-22,9.26
1983-09-23,9.67
1983-09-24,9.27
1983-09-25,9.32
1983-09-26,9.06
1983-09-27,9.01
1983-09-28,9.2
1983-09-29,8.98
1983-09-30,9.1
1983-10-01,9.3
1983-10-02,9.85
1983-10-03,9.72
1983-10-04,9.15
1983-10-05,9.06
1983-10-06,9.49
1983-10-07,9.19
1983-10-08,9.8
1983-10-09,9.24
1983-10-10,9.41
1983-10-11,9.81
1983-10-12,9.81
1983-10-13,9.33
1983-10-14,9.13
1983-10-15,9.27
1983-10-16,10.04
1983-10-17,9.55
1983-10-18,9.21
1983-10-19,9.09
1983-10-20,9.03
1983-10-21,9.52
1983-10-22,9.22
1983-10-23,9.02
1983-10-24,8.97
1983-10-25,9.19
1983-10-26,8.97
1983-10-27,8.9
1983-10-28,8.89
1983-10-29,8.88
1983-10-30,8.87
1983-10-31,8.86
1983-11-01,8.85
1983-11-02,8.84
1983-11-03,8.84
1983-11-04,8.82
1983-11-05,8.81
1983-11-06,8.8
1983-11-07,8.8
1983-11-08,8.8
1983-11-09,8.88
1983-11-10,8.91
1983-11-11,8.85
1983-11-12,8.81
1983-11-13,8.78
1983-11-14,8.77
1983-11-15,8.76
1983-11-16,8.76
1983-11-17,8.76
1983-11-18,8.75
1983-11-19,8.75
1983-11-20,8.74
1983-11-21,8.73
1983-11-22,8.73
1983-11-23,8.72
1983-11-24,8.74
1983-11-25,8.72
1983-11-26,8.71
1983-11-27,8.71
1983-11-28,8.7
1983-11-29,8.7
1983-11-30,8.7
1983-12-01,8.7
1983-12-02,8.69
1983-12-03,8.69
1983-12-04,8.69
1983-12-05,8.69
1983-12-06,8.68
1983-12-07,8.68
1983-12-08,8.68
1983-12-09,8.69
1983-12-10,8.68
1983-12-11,8.68
1983-12-12,8.68
1983-12-13,8.68
1983-12-14,8.67
1983-12-15,8.66
1983-12-16,8.66
1983-12-17,8.66
1983-12-18,8.66
1983-12-19,8.66
1983-12-20,8.66
1983-12-21,8.66
1983-12-22,8.64
1983-12-23,8.63
1983-12-24,8.64
1983-12-25,8.64
1983-12-26,8.64
1983-12-27,8.78
1983-12-28,9.03
1983-12-29,8.77
1983-12-30,8.68
1983-12-31,8.67
1984-01-01,8.67
1984-01-02,8.66
1984-01-03,8.65
1984-01-04,8.65
1984-01-05,8.65
1984-01-06,8.64
1984-01-07,8.63
1984-01-08,8.63
1984-01-09,8.62
1984-01-10,8.62
1984-01-11,8.63
1984-01-12,8.62
1984-01-13,8.61
1984-01-14,8.61
1984-01-15,8.61
1984-01-16,8.62
1984-01-17,8.62
1984-01-18,8.64
1984-01-19,8.62
1984-01-20,8.61
1984-01-21,8.62
1984-01-22,8.61
1984-01-23,8.61
1984-01-24,8.77
1984-01-25,8.7
1984-01-26,8.66
1984-01-27,8.62
1984-01-28,8.6
1984-01-29,8.6
1984-01-30,8.6
1984-01-31,8.59
1984-02-01,8.57
1984-02-02,8.57
1984-02-03,8.56
1984-02-04,8.56
1984-02-05,8.55
1984-02-06,8.53
1984-02-07,8.54
1984-02-08,8.55
1984-02-09,8.56
1984-02-10,8.56
1984-02-11,8.54
1984-02-12,8.55
1984-02-13,8.54
1984-02-14,8.52
1984-02-15,8.53
1984-02-16,8.55
1984-02-17,8.53
1984-02-18,8.53
1984-02-19,8.51
1984-02-20,8.51
1984-02-21,8.51
1984-02-22,8.62
1984-02-23,8.97
1984-02-24,8.96
1984-02-25,8.96
1984-02-26,8.96
1984-02-27,8.97
1984-02-28,8.96
1984-02-29,8.9
1984-03-01,8.92
1984-03-02,8.92
1984-03-03,8.87
1984-03-04,8.88
1984-03-05,8.87
1984-03-06,8.88
1984-03-07,8.87
1984-03-08,8.86
1984-03-09,8.86
1984-03-10,8.87
1984-03-11,8.86
1984-03-12,8.82
1984-03-13,8.82
1984-03-14,8.82
1984-03-15,8.81
1984-03-16,8.82
1984-03-17,8.79
1984-03-18,8.79
1984-03-19,8.76
1984-03-20,8.78
1984-03-21,8.81
1984-03-22,8.76
1984-03-23,8.73
1984-03-24,8.81
1984-03-25,8.77
1984-03-26,8.77
1984-03-27,8.76
1984-03-28,8.84
1984-03-29,8.84
1984-03-30,8.77
1984-03-31,8.81
1984-04-01,8.78
1984-04-02,8.76
1984-04-03,8.76
1984-04-04,8.74
1984-04-05,8.75
1984-04-06,8.72
1984-04-07,8.72
1984-04-08,8.88
1984-04-09,8.95
1984-04-10,8.82
1984-04-11,8.79
1984-04-12,8.79
1984-04-13,8.71
1984-04-14,8.74
1984-04-15,8.74
1984-04-16,8.69
1984-04-17,8.7
1984-04-18,8.74
1984-04-19,8.74
1984-04-20,8.7
1984-04-21,8.65
1984-04-22,8.7
1984-04-23,8.83
1984-04-24,8.88
1984-04-25,8.96
1984-04-26,8.94
1984-04-27,8.91
1984-04-28,8.85
1984-04-29,8.81
1984-04-30,8.99
1984-05-01,9.15
1984-05-02,8.82
1984-05-03,8.81
1984-05-04,8.69
1984-05-05,8.58
1984-05-06,8.58
1984-05-07,8.97
1984-05-08,9.96
1984-05-09,9.8
1984-05-10,9.78
1984-05-11,10.31
1984-05-12,10.52
1984-05-13,12.45
1984-05-14,11.03
1984-05-15,10.93
1984-05-16,10.44
1984-05-17,9.57
1984-05-18,9.29
1984-05-19,9.13
1984-05-20,9.07
1984-05-21,8.99
1984-05-22,8.93
1984-05-23,8.95
1984-05-24,9.2
1984-05-25,10.66
1984-05-26,9.64
1984-05-27,9.26
1984-05-28,9.13
1984-05-29,9.04
1984-05-30,9
1984-05-31,8.96
1984-06-01,9.31
1984-06-02,9.67
1984-06-03,9.2
1984-06-04,9.2
1984-06-05,9.07
1984-06-06,8.97
1984-06-07,8.95
1984-06-08,8.96
1984-06-09,9.04
1984-06-10,8.95
1984-06-11,10.14
1984-06-12,9.23
1984-06-13,9.03
1984-06-14,8.97
1984-06-15,9.04
1984-06-16,9.21
1984-06-17,10.89
1984-06-18,10.59
1984-06-19,10.01
1984-06-20,9.71
1984-06-21,9.38
1984-06-22,9.24
1984-06-23,9.16
1984-06-24,9.6
1984-06-25,9.46
1984-06-26,9.39
1984-06-27,9.45
1984-06-28,9.12
1984-06-29,9
1984-06-30,9.02
1984-07-01,8.97
1984-07-02,8.98
1984-07-03,8.99
1984-07-04,8.91
1984-07-05,8.87
1984-07-06,8.91
1984-07-07,10.23
1984-07-08,12.02
1984-07-09,11.6
1984-07-10,12.59
1984-07-11,11.89
1984-07-12,10.91
1984-07-13,11.64
1984-07-14,11.3
1984-07-15,12.5
1984-07-16,11.3
1984-07-17,10.98
1984-07-18,10.71
1984-07-19,9.89
1984-07-20,9.72
1984-07-21,9.69
1984-07-22,10.9
1984-07-23,10.74
1984-07-24,11.22
1984-07-25,10.6
1984-07-26,10.06
1984-07-27,9.76
1984-07-28,9.57
1984-07-29,9.57
1984-07-30,9.54
1984-07-31,10.74
1984-08-01,10.63
1984-08-02,9.67
1984-08-03,9.49
1984-08-04,9.45
1984-08-05,9.63
1984-08-06,9.5
1984-08-07,9.66
1984-08-08,9.67
1984-08-09,9.2
1984-08-10,9.26
1984-08-11,9.39
1984-08-12,10.32
1984-08-13,10.23
1984-08-14,10.16
1984-08-15,9.53
1984-08-16,9.36
1984-08-17,9.58
1984-08-18,9.65
1984-08-19,9.65
1984-08-20,10.35
1984-08-21,10
1984-08-22,9.55
1984-08-23,9.34
1984-08-24,9.17
1984-08-25,9.48
1984-08-26,9.6
1984-08-27,9.42
1984-08-28,9.32
1984-08-29,9.36
1984-08-30,9.16
1984-08-31,9.08
1984-09-01,9.68
1984-09-02,9.44
1984-09-03,9.22
1984-09-04,9.76
1984-09-05,11.56
1984-09-06,11.17
1984-09-07,10.17
1984-09-08,9.86
1984-09-09,10.06
1984-09-10,9.63
1984-09-11,9.35
1984-09-12,9.93
1984-09-13,9.44
1984-09-14,9.2
1984-09-15,9.16
1984-09-16,9.62
1984-09-17,10.37
1984-09-18,10.69
1984-09-19,9.78
1984-09-20,9.43
1984-09-21,9.22
1984-09-22,9.12
1984-09-23,9.04
1984-09-24,9
1984-09-25,8.94
1984-09-26,8.91
1984-09-27,8.87
1984-09-28,8.84
1984-09-29,8.82
1984-09-30,8.8
1984-10-01,8.77
1984-10-02,9.03
1984-10-03,9.08
1984-10-04,9.73
1984-10-05,10.07
1984-10-06,9.82
1984-10-07,9.16
1984-10-08,9.01
1984-10-09,8.94
1984-10-10,8.85
1984-10-11,8.83
1984-10-12,8.8
1984-10-13,8.8
1984-10-14,8.81
1984-10-15,8.77
1984-10-16,8.75
1984-10-17,8.97
1984-10-18,8.77
1984-10-19,8.74
1984-10-20,8.84
1984-10-21,8.95
1984-10-22,8.83
1984-10-23,8.97
1984-10-24,8.81
1984-10-25,8.69
1984-10-26,8.66
1984-10-27,8.65
1984-10-28,8.64
1984-10-29,8.64
1984-10-30,8.63
1984-10-31,8.62
1984-11-01,8.61
1984-11-02,8.61
1984-11-03,8.6
1984-11-04,8.59
1984-11-05,8.59
1984-11-06,8.59
1984-11-07,8.58
1984-11-08,8.58
1984-11-09,8.57
1984-11-10,8.57
1984-11-11,8.57
1984-11-12,8.57
1984-11-13,8.56
1984-11-14,8.56
1984-11-15,8.55
1984-11-16,8.55
1984-11-17,8.55
1984-11-18,8.55
1984-11-19,8.54
1984-11-20,8.54
1984-11-21,8.54
1984-11-22,8.54
1984-11-23,8.53
1984-11-24,8.53
1984-11-25,8.52
1984-11-26,8.52
1984-11-27,8.52
1984-11-28,8.52
1984-11-29,8.51
1984-11-30,8.51
1984-12-01,8.51
1984-12-02,8.51
1984-12-03,8.5
1984-12-04,8.49
1984-12-05,8.49
1984-12-06,8.48
1984-12-07,8.48
1984-12-08,8.48
1984-12-09,8.48
1984-12-10,8.48
1984-12-11,8.48
1984-12-12,8.47
1984-12-13,8.48
1984-12-14,8.48
1984-12-15,8.59
1984-12-16,8.53
1984-12-17,8.48
1984-12-18,8.47
1984-12-19,8.46
1984-12-20,8.45
1984-12-21,8.45
1984-12-22,8.45
1984-12-23,8.44
1984-12-24,8.43
1984-12-25,8.45
1984-12-26,8.45
1984-12-27,8.45
1984-12-28,8.45
1984-12-29,8.44
1984-12-30,8.43
1984-12-31,8.42
1985-01-01,8.42
1985-01-02,8.43
1985-01-03,8.44
1985-01-04,8.43
1985-01-05,8.42
1985-01-06,8.42
1985-01-07,8.42
1985-01-08,8.42
1985-01-09,8.39
1985-01-10,8.4
1985-01-11,8.4
1985-01-12,8.38
1985-01-13,8.38
1985-01-14,8.37
1985-01-15,8.37
1985-01-16,8.37
1985-01-17,8.38
1985-01-18,8.38
1985-01-19,8.38
1985-01-20,8.62
1985-01-21,8.61
1985-01-22,8.61
1985-01-23,8.61
1985-01-24,8.59
1985-01-25,8.59
1985-01-26,8.59
1985-01-27,8.58
1985-01-28,8.57
1985-01-29,8.57
1985-01-30,8.55
1985-01-31,8.56
1985-02-01,8.56
1985-02-02,8.57
1985-02-03,8.57
1985-02-04,8.55
1985-02-05,8.56
1985-02-06,8.56
1985-02-07,8.65
1985-02-08,8.62
1985-02-09,8.56
1985-02-10,8.54
1985-02-11,8.54
1985-02-12,8.53
1985-02-13,8.5
1985-02-14,8.51
1985-02-15,8.5
1985-02-16,8.53
1985-02-17,8.53
1985-02-18,8.53
1985-02-19,8.52
1985-02-20,8.49
1985-02-21,8.49
1985-02-22,8.49
1985-02-23,8.46
1985-02-24,8.46
1985-02-25,8.48
1985-02-26,8.46
1985-02-27,8.45
1985-02-28,8.46
1985-03-01,8.42
1985-03-02,8.43
1985-03-03,8.49
1985-03-04,8.45
1985-03-05,8.44
1985-03-06,8.43
1985-03-07,8.4
1985-03-08,8.4
1985-03-09,8.41
1985-03-10,8.42
1985-03-11,8.4
1985-03-12,8.37
1985-03-13,8.36
1985-03-14,8.36
1985-03-15,8.38
1985-03-16,8.45
1985-03-17,8.42
1985-03-18,8.4
1985-03-19,8.65
1985-03-20,8.71
1985-03-21,8.63
1985-03-22,8.57
1985-03-23,8.51
1985-03-24,8.49
1985-03-25,8.55
1985-03-26,8.94
1985-03-27,8.65
1985-03-28,8.43
1985-03-29,8.38
1985-03-30,8.35
1985-03-31,8.6
1985-04-01,8.4
1985-04-02,8.34
1985-04-03,8.32
1985-04-04,8.33
1985-04-05,8.28
1985-04-06,8.26
1985-04-07,8.3
1985-04-08,8.37
1985-04-09,8.46
1985-04-10,9.89
1985-04-11,9.24
1985-04-12,8.97
1985-04-13,8.58
1985-04-14,8.46
1985-04-15,8.4
1985-04-16,8.45
1985-04-17,8.97
1985-04-18,9.22
1985-04-19,8.74
1985-04-20,8.53
1985-04-21,8.48
1985-04-22,8.93
1985-04-23,8.6
1985-04-24,8.45
1985-04-25,8.41
1985-04-26,8.4
1985-04-27,8.36
1985-04-28,8.47
1985-04-29,8.81
1985-04-30,8.77
1985-05-01,9.24
1985-05-02,8.74
1985-05-03,8.85
1985-05-04,8.57
1985-05-05,8.85
1985-05-06,9.18
1985-05-07,8.8
1985-05-08,8.61
1985-05-09,8.52
1985-05-10,8.45
1985-05-11,8.42
1985-05-12,8.41
1985-05-13,8.42
1985-05-14,8.5
1985-05-15,8.59
1985-05-16,8.96
1985-05-17,8.6
1985-05-18,8.45
1985-05-19,8.4
1985-05-20,8.38
1985-05-21,8.39
1985-05-22,8.38
1985-05-23,8.36
1985-05-24,8.37
1985-05-25,9.91
1985-05-26,11.16
1985-05-27,10.48
1985-05-28,9.38
1985-05-29,8.96
1985-05-30,8.74
1985-05-31,8.61
1985-06-01,8.54
1985-06-02,9.3
1985-06-03,8.89
1985-06-04,8.71
1985-06-05,9.07
1985-06-06,8.82
1985-06-07,10.07
1985-06-08,11.06
1985-06-09,9.94
1985-06-10,11.12
1985-06-11,10.35
1985-06-12,9.37
1985-06-13,9.67
1985-06-14,9.32
1985-06-15,8.99
1985-06-16,10.88
1985-06-17,12.03
1985-06-18,10.32
1985-06-19,10.05
1985-06-20,9.83
1985-06-21,9.35
1985-06-22,9.14
1985-06-23,9.07
1985-06-24,8.96
1985-06-25,8.98
1985-06-26,8.89
1985-06-27,8.87
1985-06-28,8.88
1985-06-29,8.84
1985-06-30,9.55
1985-07-01,9.81
1985-07-02,9.66
1985-07-03,9.04
1985-07-04,8.87
1985-07-05,8.82
1985-07-06,8.97
1985-07-07,11.11
1985-07-08,11.42
1985-07-09,12.14
1985-07-10,11.75
1985-07-11,10.31
1985-07-12,9.76
1985-07-13,9.48
1985-07-14,9.37
1985-07-15,9.29
1985-07-16,9.21
1985-07-17,9.13
1985-07-18,9.13
1985-07-19,9.22
1985-07-20,9.06
1985-07-21,8.99
1985-07-22,9.33
1985-07-23,9.19
1985-07-24,9.31
1985-07-25,10.11
1985-07-26,9.62
1985-07-27,9.18
1985-07-28,9.07
1985-07-29,8.93
1985-07-30,8.89
1985-07-31,10.94
1985-08-01,10.72
1985-08-02,9.99
1985-08-03,9.3
1985-08-04,9.07
1985-08-05,9.4
1985-08-06,9.42
1985-08-07,9.07
1985-08-08,9.3
1985-08-09,9.43
1985-08-10,9.33
1985-08-11,9.93
1985-08-12,9.42
1985-08-13,10.98
1985-08-14,9.65
1985-08-15,9.23
1985-08-16,9.02
1985-08-17,8.96
1985-08-18,8.89
1985-08-19,9.46
1985-08-20,10.19
1985-08-21,10.36
1985-08-22,11.63
1985-08-23,11.28
1985-08-24,10.73
1985-08-25,9.91
1985-08-26,9.56
1985-08-27,9.33
1985-08-28,9.22
1985-08-29,9.09
1985-08-30,8.98
1985-08-31,8.96
1985-09-01,9.12
1985-09-02,9.15
1985-09-03,8.99
1985-09-04,9.44
1985-09-05,8.97
1985-09-06,8.87
1985-09-07,8.83
1985-09-08,9.03
1985-09-09,9.1
1985-09-10,9.01
1985-09-11,8.87
1985-09-12,8.78
1985-09-13,8.76
1985-09-14,8.94
1985-09-15,8.81
1985-09-16,8.92
1985-09-17,8.76
1985-09-18,8.92
1985-09-19,8.73
1985-09-20,9.02
1985-09-21,9.29
1985-09-22,8.94
1985-09-23,9.2
1985-09-24,9.06
1985-09-25,9.13
1985-09-26,8.97
1985-09-27,8.85
1985-09-28,8.75
1985-09-29,8.89
1985-09-30,8.74
1985-10-01,8.68
1985-10-02,8.65
1985-10-03,8.63
1985-10-04,8.61
1985-10-05,8.6
1985-10-06,8.61
1985-10-07,8.58
1985-10-08,8.56
1985-10-09,8.55
1985-10-10,8.54
1985-10-11,8.53
1985-10-12,8.54
1985-10-13,8.53
1985-10-14,8.52
1985-10-15,8.57
1985-10-16,8.68
1985-10-17,8.61
1985-10-18,8.58
1985-10-19,8.68
1985-10-20,8.66
1985-10-21,8.73
1985-10-22,8.58
1985-10-23,8.55
1985-10-24,8.53
1985-10-25,8.52
1985-10-26,8.52
1985-10-27,8.5
1985-10-28,8.5
1985-10-29,8.49
1985-10-30,8.5
1985-10-31,8.48
1985-11-01,8.47
1985-11-02,8.48
1985-11-03,8.47
1985-11-04,8.47
1985-11-05,8.47
1985-11-06,8.48
1985-11-07,8.47
1985-11-08,8.46
1985-11-09,8.46
1985-11-10,8.46
1985-11-11,8.47
1985-11-12,8.46
1985-11-13,8.45
1985-11-14,8.45
1985-11-15,8.44
1985-11-16,8.44
1985-11-17,8.45
1985-11-18,8.44
1985-11-19,8.45
1985-11-20,8.47
1985-11-21,8.46
1985-11-22,8.45
1985-11-23,8.44
1985-11-24,8.43
1985-11-25,8.43
1985-11-26,8.42
1985-11-27,8.42
1985-11-28,8.42
1985-11-29,8.41
1985-11-30,8.41
1985-12-01,8.41
1985-12-02,8.4
1985-12-03,8.4
1985-12-04,8.41
1985-12-05,8.41
1985-12-06,8.41
1985-12-07,8.4
1985-12-08,8.4
1985-12-09,8.41
1985-12-10,8.4
1985-12-11,8.4
1985-12-12,8.4
1985-12-13,8.39
1985-12-14,8.39
1985-12-15,8.39
1985-12-16,8.39
1985-12-17,8.38
1985-12-18,8.38
1985-12-19,8.39
1985-12-20,8.39
1985-12-21,8.38
1985-12-22,8.38
1985-12-23,8.38
1985-12-24,8.38
1985-12-25,8.37
1985-12-26,8.37
1985-12-27,8.36
1985-12-28,8.35
1985-12-29,8.47
1985-12-30,8.42
1985-12-31,8.38
1986-01-01,8.38
1986-01-02,8.36
1986-01-03,8.36
1986-01-04,8.36
1986-01-05,8.36
1986-01-06,8.36
1986-01-07,8.37
1986-01-08,8.36
1986-01-09,8.36
1986-01-10,8.47
1986-01-11,8.52
1986-01-12,8.5
1986-01-13,8.51
1986-01-14,8.51
1986-01-15,8.5
1986-01-16,8.52
1986-01-17,8.58
1986-01-18,8.56
1986-01-19,8.54
1986-01-20,8.52
1986-01-21,8.51
1986-01-22,8.5
1986-01-23,8.49
1986-01-24,8.49
1986-01-25,8.48
1986-01-26,8.48
1986-01-27,8.48
1986-01-28,8.49
1986-01-29,8.49
1986-01-30,8.47
1986-01-31,8.46
1986-02-01,8.46
1986-02-02,8.45
1986-02-03,8.46
1986-02-04,8.46
1986-02-05,8.47
1986-02-06,8.46
1986-02-07,8.46
1986-02-08,8.45
1986-02-09,8.44
1986-02-10,8.44
1986-02-11,8.43
1986-02-12,8.43
1986-02-13,8.43
1986-02-14,8.42
1986-02-15,8.42
1986-02-16,8.45
1986-02-17,8.49
1986-02-18,8.44
1986-02-19,8.43
1986-02-20,8.42
1986-02-21,8.41
1986-02-22,8.41
1986-02-23,8.41
1986-02-24,8.39
1986-02-25,8.38
1986-02-26,8.33
1986-02-27,8.32
1986-02-28,8.33
1986-03-01,8.32
1986-03-02,8.34
1986-03-03,8.37
1986-03-04,8.36
1986-03-05,8.35
1986-03-06,8.36
1986-03-07,8.35
1986-03-08,8.36
1986-03-09,8.34
1986-03-10,8.35
1986-03-11,8.34
1986-03-12,8.34
1986-03-13,8.35
1986-03-14,8.36
1986-03-15,8.35
1986-03-16,8.37
1986-03-17,8.37
1986-03-18,8.35
1986-03-19,8.33
1986-03-20,8.32
1986-03-21,8.31
1986-03-22,8.3
1986-03-23,8.25
1986-03-24,8.24
1986-03-25,8.23
1986-03-26,8.26
1986-03-27,8.29
1986-03-28,8.33
1986-03-29,8.35
1986-03-30,8.33
1986-03-31,8.3
1986-04-01,8.39
1986-04-02,8.41
1986-04-03,8.39
1986-04-04,8.37
1986-04-05,8.3
1986-04-06,8.28
1986-04-07,8.27
1986-04-08,8.24
1986-04-09,8.4
1986-04-10,8.72
1986-04-11,8.51
1986-04-12,8.38
1986-04-13,8.33
1986-04-14,8.32
1986-04-15,8.39
1986-04-16,8.4
1986-04-17,8.39
1986-04-18,8.43
1986-04-19,9.04
1986-04-20,9.36
1986-04-21,9.44
1986-04-22,8.8
1986-04-23,8.52
1986-04-24,8.44
1986-04-25,8.77
1986-04-26,8.91
1986-04-27,8.59
1986-04-28,8.56
1986-04-29,8.51
1986-04-30,8.45
1986-05-01,8.64
1986-05-02,8.81
1986-05-03,8.6
1986-05-04,8.58
1986-05-05,8.84
1986-05-06,8.98
1986-05-07,9.07
1986-05-08,8.72
1986-05-09,8.56
1986-05-10,8.45
1986-05-11,8.4
1986-05-12,8.38
1986-05-13,8.46
1986-05-14,8.42
1986-05-15,8.4
1986-05-16,9.08
1986-05-17,8.7
1986-05-18,8.95
1986-05-19,8.77
1986-05-20,8.6
1986-05-21,8.5
1986-05-22,8.42
1986-05-23,8.4
1986-05-24,8.37
1986-05-25,8.36
1986-05-26,8.35
1986-05-27,8.36
1986-05-28,8.35
1986-05-29,8.34
1986-05-30,8.32
1986-05-31,8.31
1986-06-01,8.32
1986-06-02,8.3
1986-06-03,8.39
1986-06-04,8.36
1986-06-05,8.33
1986-06-06,8.32
1986-06-07,8.31
1986-06-08,8.3
1986-06-09,8.31
1986-06-10,8.3
1986-06-11,8.32
1986-06-12,8.32
1986-06-13,8.32
1986-06-14,8.46
1986-06-15,8.45
1986-06-16,8.64
1986-06-17,8.69
1986-06-18,8.67
1986-06-19,8.51
1986-06-20,8.42
1986-06-21,8.4
1986-06-22,8.38
1986-06-23,8.38
1986-06-24,8.39
1986-06-25,8.42
1986-06-26,8.43
1986-06-27,8.55
1986-06-28,8.65
1986-06-29,8.81
1986-06-30,11.15
1986-07-01,10.6
1986-07-02,9.27
1986-07-03,8.96
1986-07-04,8.82
1986-07-05,8.96
1986-07-06,8.81
1986-07-07,8.86
1986-07-08,9.09
1986-07-09,9.26
1986-07-10,9.01
1986-07-11,8.9
1986-07-12,8.83
1986-07-13,8.71
1986-07-14,8.62
1986-07-15,8.6
1986-07-16,8.56
1986-07-17,8.51
1986-07-18,8.49
1986-07-19,8.54
1986-07-20,8.53
1986-07-21,8.56
1986-07-22,8.61
1986-07-23,10.85
1986-07-24,11.73
1986-07-25,11.33
1986-07-26,10.4
1986-07-27,10.08
1986-07-28,10.2
1986-07-29,9.52
1986-07-30,9.47
1986-07-31,9.17
1986-08-01,8.99
1986-08-02,9.02
1986-08-03,8.95
1986-08-04,8.85
1986-08-05,9.54
1986-08-06,9.2
1986-08-07,9.19
1986-08-08,8.87
1986-08-09,8.73
1986-08-10,8.71
1986-08-11,8.72
1986-08-12,9.35
1986-08-13,9.13
1986-08-14,9.8
1986-08-15,9.27
1986-08-16,9.05
1986-08-17,8.96
1986-08-18,8.81
1986-08-19,8.75
1986-08-20,8.72
1986-08-21,8.76
1986-08-22,9.79
1986-08-23,9.21
1986-08-24,9.25
1986-08-25,9.07
1986-08-26,9.35
1986-08-27,9.21
1986-08-28,8.88
1986-08-29,8.84
1986-08-30,8.79
1986-08-31,9.3
1986-09-01,8.93
1986-09-02,8.81
1986-09-03,8.68
1986-09-04,9.71
1986-09-05,9.84
1986-09-06,9.03
1986-09-07,8.82
1986-09-08,9.77
1986-09-09,9.47
1986-09-10,9.23
1986-09-11,9.17
1986-09-12,8.93
1986-09-13,8.89
1986-09-14,8.92
1986-09-15,8.84
1986-09-16,8.83
1986-09-17,8.77
1986-09-18,8.88
1986-09-19,8.75
1986-09-20,8.65
1986-09-21,9.26
1986-09-22,9.26
1986-09-23,9.07
1986-09-24,8.82
1986-09-25,8.7
1986-09-26,8.81
1986-09-27,9.34
1986-09-28,10.45
1986-09-29,9.41
1986-09-30,9.56
1986-10-01,9.87
1986-10-02,9.57
1986-10-03,9.24
1986-10-04,9.03
1986-10-05,9.17
1986-10-06,9.17
1986-10-07,10.13
1986-10-08,9.68
1986-10-09,9.51
1986-10-10,10.14
1986-10-11,9.32
1986-10-12,9.1
1986-10-13,8.98
1986-10-14,8.97
1986-10-15,9.73
1986-10-16,9.69
1986-10-17,9.39
1986-10-18,9.01
1986-10-19,8.86
1986-10-20,8.79
1986-10-21,8.75
1986-10-22,8.7
1986-10-23,8.7
1986-10-24,8.68
1986-10-25,8.67
1986-10-26,8.64
1986-10-27,8.63
1986-10-28,8.62
1986-10-29,8.59
1986-10-30,8.57
1986-10-31,8.56
1986-11-01,8.56
1986-11-02,8.55
1986-11-03,8.61
1986-11-04,8.59
1986-11-05,8.57
1986-11-06,8.55
1986-11-07,8.54
1986-11-08,8.57
1986-11-09,10.33
1986-11-10,10.68
1986-11-11,9.39
1986-11-12,8.99
1986-11-13,8.85
1986-11-14,8.77
1986-11-15,8.73
1986-11-16,8.72
1986-11-17,8.69
1986-11-18,8.67
1986-11-19,8.64
1986-11-20,8.63
1986-11-21,8.62
1986-11-22,8.61
1986-11-23,8.6
1986-11-24,8.6
1986-11-25,8.58
1986-11-26,8.57
1986-11-27,8.55
1986-11-28,8.54
1986-11-29,8.53
1986-11-30,8.52
1986-12-01,8.52
1986-12-02,8.51
1986-12-03,8.51
1986-12-04,8.5
1986-12-05,8.49
1986-12-06,8.48
1986-12-07,8.48
1986-12-08,8.47
1986-12-09,8.47
1986-12-10,8.46
1986-12-11,8.46
1986-12-12,8.45
1986-12-13,8.45
1986-12-14,8.45
1986-12-15,8.44
1986-12-16,8.44
1986-12-17,8.43
1986-12-18,8.42
1986-12-19,8.42
1986-12-20,8.41
1986-12-21,8.41
1986-12-22,8.4
1986-12-23,8.4
1986-12-24,8.39
1986-12-25,8.39
1986-12-26,8.39
1986-12-27,8.38
1986-12-28,8.38
1986-12-29,8.37
1986-12-30,8.37
1986-12-31,8.37
1987-01-01,8.37
1987-01-02,8.36
1987-01-03,8.36
1987-01-04,8.36
1987-01-05,8.36
1987-01-06,8.36
1987-01-07,8.35
1987-01-08,8.35
1987-01-09,8.37
1987-01-10,8.36
1987-01-11,8.36
1987-01-12,8.37
1987-01-13,8.36
1987-01-14,8.36
1987-01-15,8.35
1987-01-16,8.42
1987-01-17,8.46
1987-01-18,8.47
1987-01-19,8.46
1987-01-20,8.45
1987-01-21,8.44
1987-01-22,8.45
1987-01-23,8.46
1987-01-24,8.45
1987-01-25,8.44
1987-01-26,8.44
1987-01-27,8.43
1987-01-28,8.42
1987-01-29,8.42
1987-01-30,8.41
1987-01-31,8.41
1987-02-01,8.41
1987-02-02,8.41
1987-02-03,8.42
1987-02-04,8.42
1987-02-05,8.38
1987-02-06,8.4
1987-02-07,8.4
1987-02-08,8.4
1987-02-09,8.4
1987-02-10,8.38
1987-02-11,8.39
1987-02-12,8.38
1987-02-13,8.38
1987-02-14,8.37
1987-02-15,8.36
1987-02-16,8.37
1987-02-17,8.38
1987-02-18,8.37
1987-02-19,8.35
1987-02-20,8.34
1987-02-21,8.33
1987-02-22,8.32
1987-02-23,8.32
1987-02-24,8.31
1987-02-25,8.3
1987-02-26,8.29
1987-02-27,8.31
1987-02-28,8.3
1987-03-01,8.29
1987-03-02,8.29
1987-03-03,8.29
1987-03-04,8.29
1987-03-05,8.3
1987-03-06,8.28
1987-03-07,8.27
1987-03-08,8.28
1987-03-09,8.27
1987-03-10,8.27
1987-03-11,8.29
1987-03-12,8.32
1987-03-13,9.27
1987-03-14,8.69
1987-03-15,8.44
1987-03-16,8.38
1987-03-17,8.36
1987-03-18,8.41
1987-03-19,8.55
1987-03-20,8.64
1987-03-21,8.47
1987-03-22,8.37
1987-03-23,8.35
1987-03-24,8.34
1987-03-25,8.34
1987-03-26,8.32
1987-03-27,8.32
1987-03-28,8.23
1987-03-29,8.22
1987-03-30,8.27
1987-03-31,8.29
1987-04-01,8.26
1987-04-02,8.24
1987-04-03,8.26
1987-04-04,8.24
1987-04-05,8.24
1987-04-06,8.23
1987-04-07,8.24
1987-04-08,8.22
1987-04-09,8.21
1987-04-10,8.29
1987-04-11,9.25
1987-04-12,8.76
1987-04-13,8.57
1987-04-14,8.6
1987-04-15,8.71
1987-04-16,8.54
1987-04-17,8.39
1987-04-18,8.34
1987-04-19,8.33
1987-04-20,8.33
1987-04-21,8.32
1987-04-22,8.3
1987-04-23,8.3
1987-04-24,8.41
1987-04-25,9.01
1987-04-26,10
1987-04-27,9.17
1987-04-28,8.88
1987-04-29,8.83
1987-04-30,8.55
1987-05-01,8.65
1987-05-02,8.59
1987-05-03,8.51
1987-05-04,8.49
1987-05-05,8.47
1987-05-06,8.47
1987-05-07,9.01
1987-05-08,9.4
1987-05-09,8.78
1987-05-10,8.59
1987-05-11,8.52
1987-05-12,8.45
1987-05-13,8.4
1987-05-14,8.36
1987-05-15,8.34
1987-05-16,8.32
1987-05-17,8.31
1987-05-18,8.32
1987-05-19,8.31
1987-05-20,8.3
1987-05-21,8.3
1987-05-22,8.3
1987-05-23,8.32
1987-05-24,8.3
1987-05-25,8.43
1987-05-26,8.38
1987-05-27,8.33
1987-05-28,8.29
1987-05-29,8.27
1987-05-30,8.25
1987-05-31,8.25
1987-06-01,8.28
1987-06-02,8.69
1987-06-03,8.4
1987-06-04,8.37
1987-06-05,9.83
1987-06-06,10.36
1987-06-07,9.16
1987-06-08,8.78
1987-06-09,8.7
1987-06-10,8.74
1987-06-11,9.09
1987-06-12,9.06
1987-06-13,8.92
1987-06-14,9.32
1987-06-15,8.83
1987-06-16,8.61
1987-06-17,9.42
1987-06-18,9.25
1987-06-19,9.08
1987-06-20,8.87
1987-06-21,8.67
1987-06-22,8.58
1987-06-23,8.52
1987-06-24,8.48
1987-06-25,8.46
1987-06-26,8.43
1987-06-27,8.42
1987-06-28,8.42
1987-06-29,8.4
1987-06-30,8.4
1987-07-01,8.38
1987-07-02,8.37
1987-07-03,8.37
1987-07-04,8.42
1987-07-05,8.45
1987-07-06,8.49
1987-07-07,8.8
1987-07-08,9.13
1987-07-09,8.79
1987-07-10,9.01
1987-07-11,9.15
1987-07-12,8.97
1987-07-13,8.87
1987-07-14,8.86
1987-07-15,9.14
1987-07-16,10.82
1987-07-17,10.1
1987-07-18,9.39
1987-07-19,8.97
1987-07-20,8.8
1987-07-21,8.75
1987-07-22,8.71
1987-07-23,9.69
1987-07-24,10.1
1987-07-25,10.64
1987-07-26,11.31
1987-07-27,11.23
1987-07-28,10.05
1987-07-29,11.15
1987-07-30,11.02
1987-07-31,11.64
1987-08-01,11.75
1987-08-02,10.85
1987-08-03,9.93
1987-08-04,9.51
1987-08-05,9.38
1987-08-06,9.29
1987-08-07,9.2
1987-08-08,9.02
1987-08-09,8.94
1987-08-10,8.91
1987-08-11,8.94
1987-08-12,9.39
1987-08-13,8.99
1987-08-14,9.86
1987-08-15,9.96
1987-08-16,9.24
1987-08-17,9.16
1987-08-18,8.92
1987-08-19,9.31
1987-08-20,9.26
1987-08-21,9.19
1987-08-22,9.13
1987-08-23,8.94
1987-08-24,10.78
1987-08-25,10.05
1987-08-26,11.06
1987-08-27,12.68
1987-08-28,11.39
1987-08-29,10.29
1987-08-30,9.89
1987-08-31,9.65
1987-09-01,9.5
1987-09-02,9.47
1987-09-03,9.38
1987-09-04,9.39
1987-09-05,9.23
1987-09-06,9.19
1987-09-07,9.08
1987-09-08,9.04
1987-09-09,9.03
1987-09-10,9.31
1987-09-11,9.32
1987-09-12,9.23
1987-09-13,9.08
1987-09-14,9.33
1987-09-15,9.13
1987-09-16,9.12
1987-09-17,9.05
1987-09-18,9.12
1987-09-19,9.17
1987-09-20,9.12
1987-09-21,9.91
1987-09-22,10.91
1987-09-23,10.52
1987-09-24,10.19
1987-09-25,10.4
1987-09-26,10.29
1987-09-27,10.79
1987-09-28,10.16
1987-09-29,9.58
1987-09-30,9.34
1987-10-01,9.21
1987-10-02,9.12
1987-10-03,9.07
1987-10-04,9.01
1987-10-05,8.97
1987-10-06,8.94
1987-10-07,8.91
1987-10-08,8.93
1987-10-09,9.1
1987-10-10,9.11
1987-10-11,9
1987-10-12,8.93
1987-10-13,8.87
1987-10-14,8.82
1987-10-15,8.79
1987-10-16,8.78
1987-10-17,8.76
1987-10-18,8.75
1987-10-19,8.83
1987-10-20,8.85
1987-10-21,9.73
1987-10-22,8.93
1987-10-23,8.81
1987-10-24,8.76
1987-10-25,8.73
1987-10-26,8.71
1987-10-27,8.7
1987-10-28,8.69
1987-10-29,8.67
1987-10-30,8.66
1987-10-31,8.66
1987-11-01,8.65
1987-11-02,8.64
1987-11-03,8.64
1987-11-04,8.63
1987-11-05,8.63
1987-11-06,8.62
1987-11-07,8.62
1987-11-08,8.62
1987-11-09,8.61
1987-11-10,8.61
1987-11-11,8.6
1987-11-12,8.6
1987-11-13,8.6
1987-11-14,8.65
1987-11-15,9.02
1987-11-16,9.41
1987-11-17,8.84
1987-11-18,8.69
1987-11-19,8.63
1987-11-20,8.62
1987-11-21,8.61
1987-11-22,8.6
1987-11-23,8.59
1987-11-24,8.59
1987-11-25,8.58
1987-11-26,8.57
1987-11-27,8.56
1987-11-28,8.56
1987-11-29,8.55
1987-11-30,8.55
1987-12-01,8.54
1987-12-02,8.54
1987-12-03,8.53
1987-12-04,8.53
1987-12-05,8.53
1987-12-06,8.53
1987-12-07,8.52
1987-12-08,8.52
1987-12-09,8.51
1987-12-10,8.5
1987-12-11,8.51
1987-12-12,8.5
1987-12-13,8.5
1987-12-14,8.61
1987-12-15,8.56
1987-12-16,8.52
1987-12-17,8.51
1987-12-18,8.5
1987-12-19,8.49
1987-12-20,8.49
1987-12-21,8.48
1987-12-22,8.48
1987-12-23,8.47
1987-12-24,8.46
1987-12-25,8.46
1987-12-26,8.46
1987-12-27,8.45
1987-12-28,8.45
1987-12-29,8.44
1987-12-30,8.44
1987-12-31,8.44
1988-01-01,8.43
1988-01-02,8.43
1988-01-03,8.44
1988-01-04,8.44
1988-01-05,8.43
1988-01-06,8.44
1988-01-07,8.44
1988-01-08,8.44
1988-01-09,8.43
1988-01-10,8.42
1988-01-11,8.41
1988-01-12,8.41
1988-01-13,8.41
1988-01-14,8.42
1988-01-15,8.42
1988-01-16,8.41
1988-01-17,8.4
1988-01-18,8.4
1988-01-19,8.39
1988-01-20,8.39
1988-01-21,8.4
1988-01-22,8.4
1988-01-23,8.39
1988-01-24,8.4
1988-01-25,8.4
1988-01-26,8.4
1988-01-27,8.41
1988-01-28,8.4
1988-01-29,8.39
1988-01-30,8.39
1988-01-31,8.39
1988-02-01,8.39
1988-02-02,8.38
1988-02-03,8.39
1988-02-04,8.39
1988-02-05,8.39
1988-02-06,8.39
1988-02-07,8.38
1988-02-08,8.38
1988-02-09,8.38
1988-02-10,8.37
1988-02-11,8.38
1988-02-12,8.38
1988-02-13,8.37
1988-02-14,8.38
1988-02-15,8.38
1988-02-16,8.36
1988-02-17,8.37
1988-02-18,8.39
1988-02-19,8.38
1988-02-20,8.37
1988-02-21,8.37
1988-02-22,8.36
1988-02-23,8.35
1988-02-24,8.37
1988-02-25,8.41
1988-02-26,8.49
1988-02-27,8.66
1988-02-28,8.48
1988-02-29,8.42
1988-03-01,8.41
1988-03-02,8.98
1988-03-03,8.68
1988-03-04,8.53
1988-03-05,8.46
1988-03-06,8.42
1988-03-07,8.41
1988-03-08,8.38
1988-03-09,8.36
1988-03-10,8.36
1988-03-11,8.36
1988-03-12,8.35
1988-03-13,8.36
1988-03-14,8.46
1988-03-15,9.58
1988-03-16,8.86
1988-03-17,8.61
1988-03-18,8.49
1988-03-19,8.41
1988-03-20,8.38
1988-03-21,8.38
1988-03-22,8.36
1988-03-23,8.35
1988-03-24,8.35
1988-03-25,8.34
1988-03-26,8.34
1988-03-27,8.32
1988-03-28,8.33
1988-03-29,8.32
1988-03-30,8.32
1988-03-31,8.32
1988-04-01,8.31
1988-04-02,8.31
1988-04-03,8.31
1988-04-04,8.31
1988-04-05,8.31
1988-04-06,8.31
1988-04-07,8.31
1988-04-08,8.3
1988-04-09,8.3
1988-04-10,8.31
1988-04-11,8.29
1988-04-12,8.28
1988-04-13,8.29
1988-04-14,8.32
1988-04-15,8.45
1988-04-16,8.83
1988-04-17,8.67
1988-04-18,8.48
1988-04-19,8.41
1988-04-20,8.37
1988-04-21,8.71
1988-04-22,9.67
1988-04-23,8.92
1988-04-24,8.59
1988-04-25,8.48
1988-04-26,8.4
1988-04-27,8.38
1988-04-28,8.36
1988-04-29,8.35
1988-04-30,8.35
1988-05-01,8.36
1988-05-02,8.35
1988-05-03,8.34
1988-05-04,8.35
1988-05-05,8.34
1988-05-06,8.35
1988-05-07,8.48
1988-05-08,8.42
1988-05-09,8.73
1988-05-10,9.79
1988-05-11,8.85
1988-05-12,10.17
1988-05-13,10.02
1988-05-14,9.19
1988-05-15,9.68
1988-05-16,10.29
1988-05-17,10.01
1988-05-18,9.12
1988-05-19,9.02
1988-05-20,9.13
1988-05-21,9.03
1988-05-22,10.24
1988-05-23,11.43
1988-05-24,10.78
1988-05-25,10.33
1988-05-26,9.96
1988-05-27,9.39
1988-05-28,9.09
1988-05-29,9.78
1988-05-30,11.02
1988-05-31,10.5
1988-06-01,9.57
1988-06-02,9.21
1988-06-03,9.08
1988-06-04,9.73
1988-06-05,9.23
1988-06-06,9.02
1988-06-07,8.93
1988-06-08,8.89
1988-06-09,8.85
1988-06-10,8.82
1988-06-11,9.43
1988-06-12,9.41
1988-06-13,9.37
1988-06-14,9.07
1988-06-15,9.02
1988-06-16,8.99
1988-06-17,9.19
1988-06-18,8.93
1988-06-19,8.82
1988-06-20,8.76
1988-06-21,8.71
1988-06-22,8.74
1988-06-23,9.69
1988-06-24,10.74
1988-06-25,10.34
1988-06-26,9.73
1988-06-27,10.2
1988-06-28,9.62
1988-06-29,9.26
1988-06-30,9.11
1988-07-01,8.98
1988-07-02,9.2
1988-07-03,9.55
1988-07-04,11.97
1988-07-05,11.62
1988-07-06,12.72
1988-07-07,12.03
1988-07-08,11.81
1988-07-09,10.73
1988-07-10,10.39
1988-07-11,10.28
1988-07-12,10.47
1988-07-13,9.9
1988-07-14,9.73
1988-07-15,9.93
1988-07-16,9.62
1988-07-17,10.5
1988-07-18,9.86
1988-07-19,9.55
1988-07-20,9.39
1988-07-21,9.35
1988-07-22,9.22
1988-07-23,9.18
1988-07-24,9.29
1988-07-25,9.32
1988-07-26,9.27
1988-07-27,9.17
1988-07-28,9.08
1988-07-29,9.03
1988-07-30,8.99
1988-07-31,9.04
1988-08-01,10.34
1988-08-02,9.54
1988-08-03,9.14
1988-08-04,9.11
1988-08-05,9.1
1988-08-06,9.12
1988-08-07,9.19
1988-08-08,8.99
1988-08-09,8.99
1988-08-10,9.07
1988-08-11,10.69
1988-08-12,10.33
1988-08-13,10.4
1988-08-14,10.76
1988-08-15,10.27
1988-08-16,9.91
1988-08-17,9.62
1988-08-18,9.46
1988-08-19,9.36
1988-08-20,9.22
1988-08-21,9.34
1988-08-22,9.78
1988-08-23,9.75
1988-08-24,9.83
1988-08-25,9.85
1988-08-26,9.42
1988-08-27,9.25
1988-08-28,9.19
1988-08-29,10.32
1988-08-30,10.39
1988-08-31,9.78
1988-09-01,9.47
1988-09-02,10.05
1988-09-03,9.61
1988-09-04,10.18
1988-09-05,10.35
1988-09-06,10.07
1988-09-07,9.83
1988-09-08,9.66
1988-09-09,9.75
1988-09-10,9.53
1988-09-11,9.41
1988-09-12,9.34
1988-09-13,9.45
1988-09-14,9.36
1988-09-15,9.25
1988-09-16,9.53
1988-09-17,9.91
1988-09-18,9.33
1988-09-19,9.18
1988-09-20,10.18
1988-09-21,9.72
1988-09-22,9.41
1988-09-23,9.24
1988-09-24,9.13
1988-09-25,9.09
1988-09-26,9.05
1988-09-27,9.07
1988-09-28,9.05
1988-09-29,9.06
1988-09-30,9.16
1988-10-01,10
1988-10-02,9.34
1988-10-03,9.11
1988-10-04,9.5
1988-10-05,11.43
1988-10-06,9.97
1988-10-07,9.62
1988-10-08,9.23
1988-10-09,9.1
1988-10-10,9.06
1988-10-11,9.02
1988-10-12,9.01
1988-10-13,9.44
1988-10-14,10.03
1988-10-15,9.21
1988-10-16,9.06
1988-10-17,9.02
1988-10-18,8.98
1988-10-19,9.35
1988-10-20,10.7
1988-10-21,9.54
1988-10-22,9.21
1988-10-23,9.11
1988-10-24,9.03
1988-10-25,8.98
1988-10-26,8.95
1988-10-27,8.93
1988-10-28,8.91
1988-10-29,8.88
1988-10-30,8.87
1988-10-31,8.84
1988-11-01,8.83
1988-11-02,8.83
1988-11-03,8.82
1988-11-04,8.81
1988-11-05,8.81
1988-11-06,8.8
1988-11-07,8.79
1988-11-08,8.79
1988-11-09,8.78
1988-11-10,8.76
1988-11-11,8.74
1988-11-12,8.74
1988-11-13,8.74
1988-11-14,8.74
1988-11-15,8.73
1988-11-16,8.73
1988-11-17,8.72
1988-11-18,8.71
1988-11-19,8.73
1988-11-20,8.72
1988-11-21,8.72
1988-11-22,8.71
1988-11-23,8.71
1988-11-24,8.7
1988-11-25,8.69
1988-11-26,8.68
1988-11-27,8.68
1988-11-28,8.89
1988-11-29,9.05
1988-11-30,9.54
1988-12-01,9.09
1988-12-02,8.81
1988-12-03,8.76
1988-12-04,8.74
1988-12-05,8.73
1988-12-06,8.72
1988-12-07,8.71
1988-12-08,8.7
1988-12-09,8.69
1988-12-10,8.68
1988-12-11,8.68
1988-12-12,8.67
1988-12-13,8.67
1988-12-14,8.66
1988-12-15,8.66
1988-12-16,8.65
1988-12-17,8.65
1988-12-18,8.64
1988-12-19,8.64
1988-12-20,8.63
1988-12-21,8.63
1988-12-22,8.62
1988-12-23,8.62
1988-12-24,8.62
1988-12-25,8.62
1988-12-26,8.62
1988-12-27,8.62
1988-12-28,8.62
1988-12-29,8.62
1988-12-30,8.62
1988-12-31,8.62
1989-01-01,8.61
1989-01-02,8.59
1989-01-03,8.58
1989-01-04,8.58
1989-01-05,8.58
1989-01-06,8.57
1989-01-07,8.56
1989-01-08,8.56
1989-01-09,8.56
1989-01-10,8.56
1989-01-11,8.57
1989-01-12,8.57
1989-01-13,8.56
1989-01-14,8.56
1989-01-15,8.55
1989-01-16,8.55
1989-01-17,8.55
1989-01-18,8.56
1989-01-19,8.55
1989-01-20,8.54
1989-01-21,8.54
1989-01-22,8.55
1989-01-23,8.55
1989-01-24,8.55
1989-01-25,8.54
1989-01-26,8.54
1989-01-27,8.55
1989-01-28,8.54
1989-01-29,8.54
1989-01-30,8.53
1989-01-31,8.52
1989-02-01,8.53
1989-02-02,8.53
1989-02-03,8.53
1989-02-04,8.52
1989-02-05,8.52
1989-02-06,8.52
1989-02-07,8.52
1989-02-08,8.52
1989-02-09,8.51
1989-02-10,8.51
1989-02-11,8.5
1989-02-12,8.5
1989-02-13,8.5
1989-02-14,8.49
1989-02-15,8.53
1989-02-16,8.53
1989-02-17,8.51
1989-02-18,8.57
1989-02-19,8.85
1989-02-20,8.91
1989-02-21,8.64
1989-02-22,8.55
1989-02-23,8.51
1989-02-24,8.5
1989-02-25,8.49
1989-02-26,8.49
1989-02-27,8.48
1989-02-28,8.48
1989-03-01,8.47
1989-03-02,8.46
1989-03-03,8.46
1989-03-04,8.46
1989-03-05,8.45
1989-03-06,8.49
1989-03-07,8.73
1989-03-08,8.71
1989-03-09,8.71
1989-03-10,8.48
1989-03-11,8.43
1989-03-12,8.69
1989-03-13,8.71
1989-03-14,8.64
1989-03-15,8.44
1989-03-16,8.44
1989-03-17,8.44
1989-03-18,8.43
1989-03-19,8.44
1989-03-20,8.46
1989-03-21,8.62
1989-03-22,8.55
1989-03-23,8.49
1989-03-24,8.47
1989-03-25,8.45
1989-03-26,8.44
1989-03-27,8.43
1989-03-28,8.42
1989-03-29,8.42
1989-03-30,8.41
1989-03-31,8.42
1989-04-01,8.41
1989-04-02,8.44
1989-04-03,9.23
1989-04-04,8.76
1989-04-05,8.58
1989-04-06,8.51
1989-04-07,8.48
1989-04-08,8.45
1989-04-09,8.44
1989-04-10,8.43
1989-04-11,8.43
1989-04-12,8.43
1989-04-13,8.44
1989-04-14,8.43
1989-04-15,8.42
1989-04-16,8.41
1989-04-17,8.41
1989-04-18,8.4
1989-04-19,8.39
1989-04-20,8.39
1989-04-21,8.38
1989-04-22,8.38
1989-04-23,8.48
1989-04-24,8.61
1989-04-25,8.58
1989-04-26,8.43
1989-04-27,8.57
1989-04-28,8.49
1989-04-29,8.48
1989-04-30,9.18
1989-05-01,8.8
1989-05-02,8.6
1989-05-03,8.54
1989-05-04,8.48
1989-05-05,8.47
1989-05-06,8.45
1989-05-07,8.36
1989-05-08,8.35
1989-05-09,8.32
1989-05-10,8.33
1989-05-11,8.4
1989-05-12,8.4
1989-05-13,8.39
1989-05-14,8.39
1989-05-15,8.98
1989-05-16,10.21
1989-05-17,9.3
1989-05-18,8.78
1989-05-19,8.59
1989-05-20,8.62
1989-05-21,8.6
1989-05-22,8.49
1989-05-23,8.45
1989-05-24,8.44
1989-05-25,8.91
1989-05-26,8.67
1989-05-27,8.5
1989-05-28,8.46
1989-05-29,8.65
1989-05-30,8.56
1989-05-31,8.51
1989-06-01,8.46
1989-06-02,8.42
1989-06-03,8.41
1989-06-04,8.66
1989-06-05,9.18
1989-06-06,9.04
1989-06-07,9.23
1989-06-08,8.99
1989-06-09,8.66
1989-06-10,8.54
1989-06-11,8.7
1989-06-12,8.86
1989-06-13,8.81
1989-06-14,9.63
1989-06-15,11.6
1989-06-16,10.58
1989-06-17,9.27
1989-06-18,8.91
1989-06-19,8.88
1989-06-20,8.74
1989-06-21,8.62
1989-06-22,8.58
1989-06-23,8.58
1989-06-24,8.54
1989-06-25,8.53
1989-06-26,8.56
1989-06-27,8.5
1989-06-28,8.47
1989-06-29,8.41
1989-06-30,8.49
1989-07-01,10.4
1989-07-02,11.43
1989-07-03,12.04
1989-07-04,10.62
1989-07-05,10.27
1989-07-06,9.52
1989-07-07,9.21
1989-07-08,9.1
1989-07-09,8.93
1989-07-10,8.85
1989-07-11,8.8
1989-07-12,9.2
1989-07-13,9.49
1989-07-14,10.24
1989-07-15,9.56
1989-07-16,9.07
1989-07-17,8.94
1989-07-18,9.11
1989-07-19,9.14
1989-07-20,9.06
1989-07-21,8.84
1989-07-22,9.34
1989-07-23,8.9
1989-07-24,8.72
1989-07-25,8.62
1989-07-26,8.59
1989-07-27,8.58
1989-07-28,9.42
1989-07-29,11.2
1989-07-30,10.52
1989-07-31,9.89
1989-08-01,9.88
1989-08-02,9.43
1989-08-03,9.25
1989-08-04,9.1
1989-08-05,9.02
1989-08-06,9.02
1989-08-07,9.13
1989-08-08,9.19
1989-08-09,9.07
1989-08-10,9
1989-08-11,8.99
1989-08-12,8.99
1989-08-13,8.91
1989-08-14,8.79
1989-08-15,8.74
1989-08-16,8.71
1989-08-17,8.78
1989-08-18,8.69
1989-08-19,8.66
1989-08-20,8.89
1989-08-21,8.77
1989-08-22,8.73
1989-08-23,8.84
1989-08-24,8.7
1989-08-25,8.64
1989-08-26,8.59
1989-08-27,8.66
1989-08-28,8.69
1989-08-29,8.6
1989-08-30,8.67
1989-08-31,8.59
1989-09-01,8.55
1989-09-02,8.53
1989-09-03,8.51
1989-09-04,8.53
1989-09-05,8.99
1989-09-06,8.84
1989-09-07,9.25
1989-09-08,8.81
1989-09-09,9.17
1989-09-10,9.72
1989-09-11,9.23
1989-09-12,8.88
1989-09-13,8.89
1989-09-14,9.01
1989-09-15,8.75
1989-09-16,8.7
1989-09-17,8.88
1989-09-18,9.06
1989-09-19,8.82
1989-09-20,8.74
1989-09-21,8.72
1989-09-22,8.71
1989-09-23,9.13
1989-09-24,9.02
1989-09-25,8.83
1989-09-26,9.78
1989-09-27,9.14
1989-09-28,9.12
1989-09-29,8.94
1989-09-30,8.77
1989-10-01,8.75
1989-10-02,8.69
1989-10-03,8.65
1989-10-04,8.64
1989-10-05,8.68
1989-10-06,9.11
1989-10-07,9.15
1989-10-08,9.39
1989-10-09,10.13
1989-10-10,11.79
1989-10-11,11
1989-10-12,10.3
1989-10-13,9.76
1989-10-14,9.51
1989-10-15,9.34
1989-10-16,9.42
1989-10-17,9.83
1989-10-18,10.12
1989-10-19,10.13
1989-10-20,9.59
1989-10-21,9.35
1989-10-22,9.44
1989-10-23,9.3
1989-10-24,9.19
1989-10-25,9.15
1989-10-26,9.12
1989-10-27,9.06
1989-10-28,9.01
1989-10-29,8.97
1989-10-30,8.95
1989-10-31,9.08
1989-11-01,9.32
1989-11-02,9.01
1989-11-03,8.93
1989-11-04,8.9
1989-11-05,8.87
1989-11-06,8.87
1989-11-07,8.83
1989-11-08,8.82
1989-11-09,8.81
1989-11-10,8.79
1989-11-11,8.78
1989-11-12,8.78
1989-11-13,8.77
1989-11-14,8.76
1989-11-15,8.75
1989-11-16,8.74
1989-11-17,8.73
1989-11-18,8.73
1989-11-19,8.72
1989-11-20,8.71
1989-11-21,8.71
1989-11-22,8.7
1989-11-23,8.7
1989-11-24,8.69
1989-11-25,8.69
1989-11-26,8.68
1989-11-27,8.68
1989-11-28,8.67
1989-11-29,8.67
1989-11-30,8.66
1989-12-01,8.65
1989-12-02,8.64
1989-12-03,8.64
1989-12-04,8.63
1989-12-05,8.62
1989-12-06,8.62
1989-12-07,8.61
1989-12-08,8.61
1989-12-09,8.61
1989-12-10,8.62
1989-12-11,8.62
1989-12-12,8.61
1989-12-13,8.61
1989-12-14,8.6
1989-12-15,8.6
1989-12-16,8.6
1989-12-17,8.59
1989-12-18,8.59
1989-12-19,8.58
1989-12-20,8.58
1989-12-21,8.57
1989-12-22,8.57
1989-12-23,8.57
1989-12-24,8.56
1989-12-25,8.56
1989-12-26,8.57
1989-12-27,8.56
1989-12-28,8.56
1989-12-29,8.56
1989-12-30,8.55
1989-12-31,8.55
1990-01-01,8.54
1990-01-02,8.54
1990-01-03,8.53
1990-01-04,8.52
1990-01-05,8.52
1990-01-06,8.52
1990-01-07,8.51
1990-01-08,8.52
1990-01-09,8.51
1990-01-10,8.51
1990-01-11,8.51
1990-01-12,8.51
1990-01-13,8.52
1990-01-14,8.51
1990-01-15,8.52
1990-01-16,8.52
1990-01-17,8.51
1990-01-18,8.52
1990-01-19,8.52
1990-01-20,8.51
1990-01-21,8.57
1990-01-22,9.15
1990-01-23,9.13
1990-01-24,9.13
1990-01-25,9.12
1990-01-26,9.12
1990-01-27,9.11
1990-01-28,8.99
1990-01-29,8.68
1990-01-30,8.68
1990-01-31,8.67
1990-02-01,8.65
1990-02-02,8.61
1990-02-03,8.64
1990-02-04,8.79
1990-02-05,8.64
1990-02-06,8.58
1990-02-07,8.55
1990-02-08,8.53
1990-02-09,8.52
1990-02-10,8.52
1990-02-11,8.51
1990-02-12,8.52
1990-02-13,8.51
1990-02-14,8.5
1990-02-15,8.51
1990-02-16,8.5
1990-02-17,8.5
1990-02-18,8.49
1990-02-19,8.52
1990-02-20,8.51
1990-02-21,8.5
1990-02-22,8.52
1990-02-23,8.55
1990-02-24,8.51
1990-02-25,8.49
1990-02-26,8.5
1990-02-27,8.48
1990-02-28,8.59
1990-03-01,8.95
1990-03-02,9
1990-03-03,9.29
1990-03-04,9
1990-03-05,8.73
1990-03-06,8.61
1990-03-07,8.56
1990-03-08,8.52
1990-03-09,8.5
1990-03-10,8.48
1990-03-11,8.47
1990-03-12,8.47
1990-03-13,8.48
1990-03-14,8.5
1990-03-15,8.48
1990-03-16,8.47
1990-03-17,8.45
1990-03-18,8.44
1990-03-19,8.43
1990-03-20,8.41
1990-03-21,8.4
1990-03-22,8.41
1990-03-23,8.87
1990-03-24,9.02
1990-03-25,10.61
1990-03-26,9.52
1990-03-27,8.95
1990-03-28,8.84
1990-03-29,9.07
1990-03-30,8.91
1990-03-31,8.77
1990-04-01,8.69
1990-04-02,9.48
1990-04-03,9.23
1990-04-04,9
1990-04-05,8.73
1990-04-06,8.64
1990-04-07,8.59
1990-04-08,8.56
1990-04-09,8.92
1990-04-10,9.01
1990-04-11,8.73
1990-04-12,8.61
1990-04-13,8.57
1990-04-14,8.54
1990-04-15,8.53
1990-04-16,8.52
1990-04-17,8.5
1990-04-18,8.49
1990-04-19,8.48
1990-04-20,8.51
1990-04-21,9.08
1990-04-22,9
1990-04-23,8.67
1990-04-24,9.13
1990-04-25,8.94
1990-04-26,8.73
1990-04-27,8.55
1990-04-28,8.53
1990-04-29,9.87
1990-04-30,9.13
1990-05-01,8.78
1990-05-02,8.76
1990-05-03,8.67
1990-05-04,8.58
1990-05-05,8.64
1990-05-06,8.68
1990-05-07,8.57
1990-05-08,8.52
1990-05-09,8.5
1990-05-10,8.51
1990-05-11,8.48
1990-05-12,8.45
1990-05-13,8.44
1990-05-14,8.51
1990-05-15,11.63
1990-05-16,11.33
1990-05-17,9.67
1990-05-18,9.12
1990-05-19,8.94
1990-05-20,8.87
1990-05-21,9.15
1990-05-22,8.94
1990-05-23,8.77
1990-05-24,8.71
1990-05-25,8.69
1990-05-26,9.54
1990-05-27,9.11
1990-05-28,9.72
1990-05-29,10.65
1990-05-30,9.7
1990-05-31,9.58
1990-06-01,10.08
1990-06-02,10.22
1990-06-03,10.15
1990-06-04,9.86
1990-06-05,9.32
1990-06-06,9.42
1990-06-07,9.23
1990-06-08,8.93
1990-06-09,8.99
1990-06-10,10.3
1990-06-11,9.58
1990-06-12,9.11
1990-06-13,8.96
1990-06-14,8.88
1990-06-15,8.82
1990-06-16,8.84
1990-06-17,8.79
1990-06-18,8.77
1990-06-19,8.86
1990-06-20,8.97
1990-06-21,8.88
1990-06-22,8.89
1990-06-23,9.7
1990-06-24,9.35
1990-06-25,9.34
1990-06-26,9.09
1990-06-27,8.93
1990-06-28,8.82
1990-06-29,9.05
1990-06-30,10.57
1990-07-01,10.44
1990-07-02,9.48
1990-07-03,9.28
1990-07-04,10.48
1990-07-05,10.28
1990-07-06,9.73
1990-07-07,9.34
1990-07-08,9.27
1990-07-09,10.22
1990-07-10,9.76
1990-07-11,9.3
1990-07-12,9.33
1990-07-13,9.45
1990-07-14,9.49
1990-07-15,9.2
1990-07-16,9.07
1990-07-17,9.14
1990-07-18,9.49
1990-07-19,9.13
1990-07-20,9.13
1990-07-21,9.06
1990-07-22,9.02
1990-07-23,8.92
1990-07-24,8.87
1990-07-25,8.93
1990-07-26,9.17
1990-07-27,10.86
1990-07-28,10.99
1990-07-29,10.21
1990-07-30,10
1990-07-31,9.83
1990-08-01,11.47
1990-08-02,10.35
1990-08-03,9.98
1990-08-04,9.97
1990-08-05,9.69
1990-08-06,11.01
1990-08-07,11.88
1990-08-08,10.2
1990-08-09,9.96
1990-08-10,9.48
1990-08-11,9.37
1990-08-12,9.21
1990-08-13,9.49
1990-08-14,9.56
1990-08-15,9.31
1990-08-16,9.29
1990-08-17,9.17
1990-08-18,9.04
1990-08-19,8.95
1990-08-20,9.09
1990-08-21,8.97
1990-08-22,8.89
1990-08-23,8.91
1990-08-24,9.04
1990-08-25,8.91
1990-08-26,9.95
1990-08-27,9.12
1990-08-28,9.21
1990-08-29,8.96
1990-08-30,8.86
1990-08-31,8.81
1990-09-01,8.86
1990-09-02,8.82
1990-09-03,8.86
1990-09-04,8.79
1990-09-05,8.78
1990-09-06,8.84
1990-09-07,8.79
1990-09-08,8.88
1990-09-09,8.84
1990-09-10,8.84
1990-09-11,10.34
1990-09-12,9.67
1990-09-13,9.03
1990-09-14,8.89
1990-09-15,8.86
1990-09-16,8.81
1990-09-17,8.76
1990-09-18,9
1990-09-19,8.85
1990-09-20,8.81
1990-09-21,8.75
1990-09-22,8.72
1990-09-23,8.76
1990-09-24,8.95
1990-09-25,8.85
1990-09-26,8.8
1990-09-27,8.88
1990-09-28,9.54
1990-09-29,8.95
1990-09-30,9.8
1990-10-01,9.05
1990-10-02,9
1990-10-03,8.88
1990-10-04,8.82
1990-10-05,8.82
1990-10-06,8.76
1990-10-07,8.73
1990-10-08,10.88
1990-10-09,11.79
1990-10-10,11.91
1990-10-11,10.77
1990-10-12,9.7
1990-10-13,9.37
1990-10-14,9.2
1990-10-15,9.1
1990-10-16,9.05
1990-10-17,9
1990-10-18,8.95
1990-10-19,8.93
1990-10-20,8.89
1990-10-21,8.87
1990-10-22,8.84
1990-10-23,8.82
1990-10-24,8.81
1990-10-25,8.81
1990-10-26,8.81
1990-10-27,8.8
1990-10-28,8.8
1990-10-29,8.78
1990-10-30,8.77
1990-10-31,8.76
1990-11-01,8.75
1990-11-02,8.73
1990-11-03,8.73
1990-11-04,8.97
1990-11-05,9.31
1990-11-06,8.96
1990-11-07,9.76
1990-11-08,9.65
1990-11-09,9.2
1990-11-10,8.98
1990-11-11,9.02
1990-11-12,8.88
1990-11-13,8.8
1990-11-14,8.79
1990-11-15,8.74
1990-11-16,8.74
1990-11-17,8.72
1990-11-18,8.71
1990-11-19,8.7
1990-11-20,8.69
1990-11-21,8.68
1990-11-22,8.67
1990-11-23,8.66
1990-11-24,8.66
1990-11-25,8.66
1990-11-26,8.65
1990-11-27,8.64
1990-11-28,8.63
1990-11-29,8.62
1990-11-30,8.62
1990-12-01,8.62
1990-12-02,8.62
1990-12-03,8.62
1990-12-04,8.61
1990-12-05,8.61
1990-12-06,8.6
1990-12-07,8.6
1990-12-08,8.59
1990-12-09,8.59
1990-12-10,8.59
1990-12-11,8.58
1990-12-12,8.58
1990-12-13,8.57
1990-12-14,8.57
1990-12-15,8.56
1990-12-16,8.56
1990-12-17,8.57
1990-12-18,8.66
1990-12-19,9.42
1990-12-20,8.79
1990-12-21,8.66
1990-12-22,8.62
1990-12-23,8.61
1990-12-24,8.58
1990-12-25,8.58
1990-12-26,8.57
1990-12-27,8.57
1990-12-28,8.56
1990-12-29,8.55
1990-12-30,8.55
1990-12-31,8.54
1991-01-01,8.53
1991-01-02,8.53
1991-01-03,8.57
1991-01-04,8.75
1991-01-05,8.61
1991-01-06,8.56
1991-01-07,8.53
1991-01-08,8.53
1991-01-09,8.52
1991-01-10,8.51
1991-01-11,8.51
1991-01-12,8.51
1991-01-13,8.5
1991-01-14,8.5
1991-01-15,8.5
1991-01-16,8.5
1991-01-17,8.48
1991-01-18,8.48
1991-01-19,8.49
1991-01-20,8.49
1991-01-21,8.48
1991-01-22,8.48
1991-01-23,8.47
1991-01-24,8.46
1991-01-25,8.46
1991-01-26,8.46
1991-01-27,8.46
1991-01-28,8.45
1991-01-29,8.45
1991-01-30,8.46
1991-01-31,8.46
1991-02-01,8.46
1991-02-02,8.47
1991-02-03,8.55
1991-02-04,9.02
1991-02-05,9.01
1991-02-06,8.66
1991-02-07,8.56
1991-02-08,8.52
1991-02-09,8.5
1991-02-10,8.48
1991-02-11,8.49
1991-02-12,8.48
1991-02-13,8.48
1991-02-14,8.47
1991-02-15,8.46
1991-02-16,8.45
1991-02-17,8.44
1991-02-18,8.43
1991-02-19,8.43
1991-02-20,8.42
1991-02-21,8.42
1991-02-22,8.41
1991-02-23,8.41
1991-02-24,8.42
1991-02-25,8.42
1991-02-26,8.41
1991-02-27,8.41
1991-02-28,8.4
1991-03-01,8.4
1991-03-02,8.4
1991-03-03,8.4
1991-03-04,8.38
1991-03-05,8.38
1991-03-06,8.39
1991-03-07,8.39
1991-03-08,8.38
1991-03-09,8.37
1991-03-10,8.37
1991-03-11,8.37
1991-03-12,8.37
1991-03-13,8.38
1991-03-14,8.41
1991-03-15,8.4
1991-03-16,8.39
1991-03-17,8.38
1991-03-18,8.36
1991-03-19,8.35
1991-03-20,8.34
1991-03-21,8.34
1991-03-22,8.35
1991-03-23,8.34
1991-03-24,8.33
1991-03-25,8.34
1991-03-26,8.33
1991-03-27,8.32
1991-03-28,8.32
1991-03-29,8.31
1991-03-30,8.33
1991-03-31,8.34
1991-04-01,8.36
1991-04-02,8.36
1991-04-03,8.38
1991-04-04,8.58
1991-04-05,8.53
1991-04-06,8.77
1991-04-07,8.61
1991-04-08,8.51
1991-04-09,8.46
1991-04-10,8.43
1991-04-11,8.48
1991-04-12,8.47
1991-04-13,8.43
1991-04-14,8.39
1991-04-15,8.37
1991-04-16,8.36
1991-04-17,8.35
1991-04-18,8.34
1991-04-19,8.34
1991-04-20,8.33
1991-04-21,8.32
1991-04-22,8.32
1991-04-23,8.31
1991-04-24,8.31
1991-04-25,8.32
1991-04-26,8.31
1991-04-27,8.3
1991-04-28,8.3
1991-04-29,8.34
1991-04-30,8.63
1991-05-01,9.48
1991-05-02,8.71
1991-05-03,8.69
1991-05-04,10.36
1991-05-05,9.2
1991-05-06,11.29
1991-05-07,10.34
1991-05-08,10.7
1991-05-09,9.53
1991-05-10,10.83
1991-05-11,10.1
1991-05-12,10.54
1991-05-13,9.5
1991-05-14,9.21
1991-05-15,9.35
1991-05-16,9.46
1991-05-17,9.07
1991-05-18,10.34
1991-05-19,9.82
1991-05-20,12.06
1991-05-21,10.32
1991-05-22,9.83
1991-05-23,9.72
1991-05-24,9.63
1991-05-25,9.42
1991-05-26,9.13
1991-05-27,9.38
1991-05-28,9.21
1991-05-29,9.92
1991-05-30,9.37
1991-05-31,9.52
1991-06-01,9.41
1991-06-02,11.2
1991-06-03,11.22
1991-06-04,9.83
1991-06-05,9.62
1991-06-06,10.11
1991-06-07,9.53
1991-06-08,9.61
1991-06-09,9.47
1991-06-10,9.58
1991-06-11,10.56
1991-06-12,10.76
1991-06-13,11.43
1991-06-14,10.68
1991-06-15,10.3
1991-06-16,11.29
1991-06-17,12
1991-06-18,10.92
1991-06-19,10.52
1991-06-20,9.91
1991-06-21,9.67
1991-06-22,9.55
1991-06-23,9.69
1991-06-24,10.02
1991-06-25,9.76
1991-06-26,9.44
1991-06-27,9.28
1991-06-28,9.23
1991-06-29,9.19
1991-06-30,9.2
1991-07-01,9.25
1991-07-02,9.58
1991-07-03,9.6
1991-07-04,10.01
1991-07-05,10.8
1991-07-06,10.01
1991-07-07,9.5
1991-07-08,9.35
1991-07-09,9.24
1991-07-10,9.39
1991-07-11,9.26
1991-07-12,9.13
1991-07-13,9.08
1991-07-14,9.06
1991-07-15,9.15
1991-07-16,9.6
1991-07-17,9.62
1991-07-18,10.89
1991-07-19,11.4
1991-07-20,10.31
1991-07-21,9.75
1991-07-22,10.14
1991-07-23,10.52
1991-07-24,9.82
1991-07-25,10.1
1991-07-26,9.61
1991-07-27,10.49
1991-07-28,9.65
1991-07-29,9.4
1991-07-30,9.56
1991-07-31,11.73
1991-08-01,11.7
1991-08-02,11.17
1991-08-03,11.58
1991-08-04,10.82
1991-08-05,10.07
1991-08-06,9.82
1991-08-07,9.58
1991-08-08,9.46
1991-08-09,9.38
1991-08-10,9.34
1991-08-11,9.33
1991-08-12,9.29
1991-08-13,9.21
1991-08-14,9.19
1991-08-15,9.21
1991-08-16,9.23
1991-08-17,9.2
1991-08-18,9.17
1991-08-19,9.1
1991-08-20,9.05
1991-08-21,9.32
1991-08-22,10.3
1991-08-23,9.67
1991-08-24,9.54
1991-08-25,9.34
1991-08-26,9.39
1991-08-27,9.23
1991-08-28,9.85
1991-08-29,9.58
1991-08-30,9.27
1991-08-31,10.19
1991-09-01,10.23
1991-09-02,10
1991-09-03,10.1
1991-09-04,9.99
1991-09-05,9.6
1991-09-06,10.17
1991-09-07,11.33
1991-09-08,11.36
1991-09-09,10.57
1991-09-10,10.03
1991-09-11,10.27
1991-09-12,9.85
1991-09-13,9.82
1991-09-14,9.75
1991-09-15,9.61
1991-09-16,9.42
1991-09-17,9.32
1991-09-18,9.27
1991-09-19,9.22
1991-09-20,9.19
1991-09-21,9.15
1991-09-22,9.22
1991-09-23,9.8
1991-09-24,9.62
1991-09-25,10.44
1991-09-26,10.29
1991-09-27,11.12
1991-09-28,9.95
1991-09-29,9.53
1991-09-30,9.38
1991-10-01,9.29
1991-10-02,9.24
1991-10-03,9.42
1991-10-04,9.94
1991-10-05,9.68
1991-10-06,9.61
1991-10-07,9.4
1991-10-08,9.62
1991-10-09,9.74
1991-10-10,9.25
1991-10-11,9.18
1991-10-12,9.54
1991-10-13,9.6
1991-10-14,10.96
1991-10-15,11.36
1991-10-16,10.49
1991-10-17,9.71
1991-10-18,9.48
1991-10-19,9.37
1991-10-20,9.29
1991-10-21,9.23
1991-10-22,9.2
1991-10-23,9.19
1991-10-24,9.16
1991-10-25,9.14
1991-10-26,9.12
1991-10-27,9.1
1991-10-28,9.07
1991-10-29,9.36
1991-10-30,9.22
1991-10-31,10.06
1991-11-01,10.61
1991-11-02,9.46
1991-11-03,9.29
1991-11-04,9.23
1991-11-05,9.17
1991-11-06,9.14
1991-11-07,9.1
1991-11-08,9.08
1991-11-09,9.07
1991-11-10,9.06
1991-11-11,9.04
1991-11-12,9.03
1991-11-13,9.01
1991-11-14,9
1991-11-15,8.99
1991-11-16,8.98
1991-11-17,8.97
1991-11-18,8.96
1991-11-19,8.95
1991-11-20,8.94
1991-11-21,8.93
1991-11-22,8.92
1991-11-23,8.92
1991-11-24,8.92
1991-11-25,8.91
1991-11-26,8.91
1991-11-27,8.91
1991-11-28,8.9
1991-11-29,8.89
1991-11-30,8.9
1991-12-01,8.89
1991-12-02,8.88
1991-12-03,8.87
1991-12-04,8.86
1991-12-05,8.86
1991-12-06,8.85
1991-12-07,8.85
1991-12-08,8.84
1991-12-09,8.84
1991-12-10,8.84
1991-12-11,8.83
1991-12-12,8.82
1991-12-13,8.82
1991-12-14,8.81
1991-12-15,8.8
1991-12-16,8.8
1991-12-17,8.8
1991-12-18,8.79
1991-12-19,8.78
1991-12-20,8.78
1991-12-21,8.77
1991-12-22,8.76
1991-12-23,8.76
1991-12-24,8.77
1991-12-25,8.78
1991-12-26,8.82
1991-12-27,8.89
1991-12-28,8.8
1991-12-29,8.78
1991-12-30,8.76
1991-12-31,8.75
1992-01-01,8.74
1992-01-02,8.76
1992-01-03,8.75
1992-01-04,8.74
1992-01-05,8.74
1992-01-06,8.73
1992-01-07,8.73
1992-01-08,8.73
1992-01-09,8.72
1992-01-10,8.72
1992-01-11,8.71
1992-01-12,8.71
1992-01-13,8.72
1992-01-14,8.72
1992-01-15,8.71
1992-01-16,8.7
1992-01-17,8.7
1992-01-18,8.7
1992-01-19,8.7
1992-01-20,8.7
1992-01-21,8.7
1992-01-22,8.69
1992-01-23,8.69
1992-01-24,8.69
1992-01-25,8.69
1992-01-26,8.69
1992-01-27,8.68
1992-01-28,8.68
1992-01-29,8.68
1992-01-30,8.67
1992-01-31,8.67
1992-02-01,8.74
1992-02-02,8.77
1992-02-03,8.76
1992-02-04,8.74
1992-02-05,8.69
1992-02-06,8.68
1992-02-07,8.65
1992-02-08,8.88
1992-02-09,8.84
1992-02-10,8.75
1992-02-11,8.69
1992-02-12,8.67
1992-02-13,8.66
1992-02-14,8.66
1992-02-15,8.76
1992-02-16,8.85
1992-02-17,8.7
1992-02-18,8.68
1992-02-19,8.66
1992-02-20,8.65
1992-02-21,8.65
1992-02-22,8.64
1992-02-23,8.64
1992-02-24,8.65
1992-02-25,8.65
1992-02-26,8.64
1992-02-27,8.62
1992-02-28,8.61
1992-02-29,8.64
1992-03-01,8.62
1992-03-02,8.62
1992-03-03,8.61
1992-03-04,8.6
1992-03-05,8.58
1992-03-06,8.58
1992-03-07,8.57
1992-03-08,8.57
1992-03-09,8.56
1992-03-10,8.56
1992-03-11,8.56
1992-03-12,8.55
1992-03-13,8.55
1992-03-14,8.55
1992-03-15,8.56
1992-03-16,8.55
1992-03-17,8.54
1992-03-18,8.54
1992-03-19,8.54
1992-03-20,8.53
1992-03-21,8.53
1992-03-22,8.52
1992-03-23,8.53
1992-03-24,8.52
1992-03-25,8.52
1992-03-26,8.52
1992-03-27,8.51
1992-03-28,8.51
1992-03-29,8.5
1992-03-30,8.5
1992-03-31,8.5
1992-04-01,8.5
1992-04-02,8.49
1992-04-03,8.49
1992-04-04,8.49
1992-04-05,8.49
1992-04-06,8.49
1992-04-07,8.48
1992-04-08,8.48
1992-04-09,8.48
1992-04-10,8.48
1992-04-11,8.48
1992-04-12,8.48
1992-04-13,8.48
1992-04-14,8.48
1992-04-15,8.48
1992-04-16,8.47
1992-04-17,8.47
1992-04-18,8.51
1992-04-19,8.51
1992-04-20,8.49
1992-04-21,8.47
1992-04-22,8.47
1992-04-23,8.46
1992-04-24,8.46
1992-04-25,8.46
1992-04-26,8.46
1992-04-27,8.45
1992-04-28,8.45
1992-04-29,8.45
1992-04-30,8.49
1992-05-01,8.54
1992-05-02,8.6
1992-05-03,8.59
1992-05-04,8.57
1992-05-05,8.64
1992-05-06,8.61
1992-05-07,8.55
1992-05-08,8.53
1992-05-09,8.53
1992-05-10,8.5
1992-05-11,8.49
1992-05-12,8.48
1992-05-13,8.47
1992-05-14,8.46
1992-05-15,8.45
1992-05-16,8.45
1992-05-17,8.46
1992-05-18,8.45
1992-05-19,8.45
1992-05-20,8.47
1992-05-21,8.5
1992-05-22,8.59
1992-05-23,8.73
1992-05-24,8.63
1992-05-25,8.57
1992-05-26,8.51
1992-05-27,8.55
1992-05-28,8.98
1992-05-29,8.83
1992-05-30,8.67
1992-05-31,8.73
1992-06-01,8.69
1992-06-02,8.57
1992-06-03,8.52
1992-06-04,8.5
1992-06-05,8.48
1992-06-06,8.47
1992-06-07,8.46
1992-06-08,8.54
1992-06-09,8.63
1992-06-10,8.58
1992-06-11,8.62
1992-06-12,8.93
1992-06-13,8.74
1992-06-14,8.84
1992-06-15,8.76
1992-06-16,8.78
1992-06-17,9.16
1992-06-18,8.72
1992-06-19,8.88
1992-06-20,8.8
1992-06-21,8.71
1992-06-22,8.68
1992-06-23,8.78
1992-06-24,9.61
1992-06-25,10.01
1992-06-26,9.35
1992-06-27,9.08
1992-06-28,8.98
1992-06-29,8.83
1992-06-30,8.72
1992-07-01,8.67
1992-07-02,8.63
1992-07-03,8.98
1992-07-04,9.04
1992-07-05,8.88
1992-07-06,9.13
1992-07-07,9.01
1992-07-08,8.78
1992-07-09,8.68
1992-07-10,8.69
1992-07-11,8.77
1992-07-12,8.85
1992-07-13,8.78
1992-07-14,8.73
1992-07-15,8.66
1992-07-16,8.63
1992-07-17,8.69
1992-07-18,8.74
1992-07-19,8.68
1992-07-20,8.8
1992-07-21,9.45
1992-07-22,9.01
1992-07-23,9.36
1992-07-24,8.96
1992-07-25,8.78
1992-07-26,8.94
1992-07-27,8.85
1992-07-28,8.8
1992-07-29,8.76
1992-07-30,8.72
1992-07-31,9.07
1992-08-01,9.96
1992-08-02,10.68
1992-08-03,9.77
1992-08-04,9.17
1992-08-05,9.11
1992-08-06,9.39
1992-08-07,9.96
1992-08-08,9.31
1992-08-09,9.13
1992-08-10,9.01
1992-08-11,8.86
1992-08-12,8.82
1992-08-13,8.74
1992-08-14,8.71
1992-08-15,8.66
1992-08-16,8.65
1992-08-17,8.75
1992-08-18,8.77
1992-08-19,8.68
1992-08-20,8.65
1992-08-21,8.79
1992-08-22,8.71
1992-08-23,8.66
1992-08-24,8.62
1992-08-25,8.68
1992-08-26,8.75
1992-08-27,8.68
1992-08-28,8.74
1992-08-29,8.7
1992-08-30,8.67
1992-08-31,8.62
1992-09-01,8.68
1992-09-02,8.97
1992-09-03,8.88
1992-09-04,8.87
1992-09-05,8.67
1992-09-06,8.73
1992-09-07,9.24
1992-09-08,8.82
1992-09-09,8.71
1992-09-10,8.62
1992-09-11,8.92
1992-09-12,9.53
1992-09-13,9.25
1992-09-14,8.91
1992-09-15,8.82
1992-09-16,9.03
1992-09-17,8.87
1992-09-18,8.8
1992-09-19,8.7
1992-09-20,8.63
1992-09-21,8.61
1992-09-22,8.59
1992-09-23,8.65
1992-09-24,8.64
1992-09-25,8.66
1992-09-26,8.74
1992-09-27,9.18
1992-09-28,9.21
1992-09-29,8.95
1992-09-30,8.81
1992-10-01,8.71
1992-10-02,8.66
1992-10-03,8.63
1992-10-04,8.66
1992-10-05,8.66
1992-10-06,8.83
1992-10-07,8.64
1992-10-08,8.58
1992-10-09,8.6
1992-10-10,8.56
1992-10-11,8.55
1992-10-12,8.84
1992-10-13,8.77
1992-10-14,9.27
1992-10-15,10.76
1992-10-16,9.64
1992-10-17,9.08
1992-10-18,8.91
1992-10-19,9
1992-10-20,8.85
1992-10-21,8.82
1992-10-22,8.78
1992-10-23,8.73
1992-10-24,8.68
1992-10-25,8.66
1992-10-26,8.62
1992-10-27,8.62
1992-10-28,8.59
1992-10-29,8.59
1992-10-30,8.58
1992-10-31,8.57
1992-11-01,8.56
1992-11-02,8.56
1992-11-03,8.56
1992-11-04,8.55
1992-11-05,8.54
1992-11-06,8.54
1992-11-07,8.54
1992-11-08,8.53
1992-11-09,8.53
1992-11-10,8.53
1992-11-11,8.52
1992-11-12,8.51
1992-11-13,8.5
1992-11-14,8.5
1992-11-15,8.5
1992-11-16,8.49
1992-11-17,8.49
1992-11-18,8.49
1992-11-19,8.51
1992-11-20,8.51
1992-11-21,8.51
1992-11-22,8.51
1992-11-23,8.5
1992-11-24,8.5
1992-11-25,8.5
1992-11-26,8.49
1992-11-27,8.49
1992-11-28,8.49
1992-11-29,8.5
1992-11-30,8.5
1992-12-01,8.51
1992-12-02,8.51
1992-12-03,8.52
1992-12-04,8.51
1992-12-05,8.5
1992-12-06,8.49
1992-12-07,8.48
1992-12-08,8.48
1992-12-09,8.47
1992-12-10,8.47
1992-12-11,8.46
1992-12-12,8.46
1992-12-13,8.46
1992-12-14,8.46
1992-12-15,8.45
1992-12-16,8.45
1992-12-17,8.45
1992-12-18,8.44
1992-12-19,8.44
1992-12-20,8.44
1992-12-21,8.44
1992-12-22,8.44
1992-12-23,8.43
1992-12-24,8.43
1992-12-25,8.43
1992-12-26,8.42
1992-12-27,8.43
1992-12-28,8.43
1992-12-29,8.42
1992-12-30,8.42
1992-12-31,8.41
1993-01-01,8.41
1993-01-02,8.41
1993-01-03,8.42
1993-01-04,8.42
1993-01-05,8.42
1993-01-06,8.42
1993-01-07,8.42
1993-01-08,8.43
1993-01-09,8.43
1993-01-10,8.43
1993-01-11,8.42
1993-01-12,8.42
1993-01-13,8.43
1993-01-14,8.44
1993-01-15,8.43
1993-01-16,8.43
1993-01-17,8.42
1993-01-18,8.42
1993-01-19,8.41
1993-01-20,8.41
1993-01-21,8.41
1993-01-22,8.41
1993-01-23,8.4
1993-01-24,8.4
1993-01-25,8.4
1993-01-26,8.41
1993-01-27,8.41
1993-01-28,8.41
1993-01-29,8.41
1993-01-30,8.42
1993-01-31,8.42
1993-02-01,8.41
1993-02-02,8.41
1993-02-03,8.41
1993-02-04,8.4
1993-02-05,8.4
1993-02-06,8.39
1993-02-07,8.39
1993-02-08,8.4
1993-02-09,8.39
1993-02-10,8.38
1993-02-11,8.36
1993-02-12,8.36
1993-02-13,8.37
1993-02-14,8.37
1993-02-15,8.37
1993-02-16,8.37
1993-02-17,8.38
1993-02-18,8.38
1993-02-19,9.89
1993-02-20,11.12
1993-02-21,10.14
1993-02-22,9.9
1993-02-23,9.23
1993-02-24,8.75
1993-02-25,8.64
1993-02-26,8.57
1993-02-27,8.55
1993-02-28,8.52
1993-03-01,8.51
1993-03-02,8.51
1993-03-03,8.49
1993-03-04,8.48
1993-03-05,8.46
1993-03-06,8.44
1993-03-07,8.44
1993-03-08,8.44
1993-03-09,8.43
1993-03-10,8.41
1993-03-11,8.41
1993-03-12,8.42
1993-03-13,8.41
1993-03-14,8.42
1993-03-15,8.44
1993-03-16,8.53
1993-03-17,8.45
1993-03-18,8.43
1993-03-19,8.42
1993-03-20,8.41
1993-03-21,9.17
1993-03-22,8.69
1993-03-23,9.19
1993-03-24,9.14
1993-03-25,9.02
1993-03-26,8.92
1993-03-27,8.94
1993-03-28,8.83
1993-03-29,8.64
1993-03-30,8.54
1993-03-31,8.49
1993-04-01,8.36
1993-04-02,8.45
1993-04-03,8.41
1993-04-04,8.41
1993-04-05,8.4
1993-04-06,8.39
1993-04-07,8.37
1993-04-08,8.37
1993-04-09,8.4
1993-04-10,8.39
1993-04-11,8.38
1993-04-12,8.74
1993-04-13,8.73
1993-04-14,8.61
1993-04-15,8.53
1993-04-16,8.68
1993-04-17,9.31
1993-04-18,8.77
1993-04-19,8.62
1993-04-20,8.51
1993-04-21,8.47
1993-04-22,8.42
1993-04-23,8.41
1993-04-24,8.47
1993-04-25,8.65
1993-04-26,8.83
1993-04-27,9.43
1993-04-28,9.05
1993-04-29,8.88
1993-04-30,8.87
1993-05-01,10.75
1993-05-02,10.99
1993-05-03,9.55
1993-05-04,10.52
1993-05-05,9.42
1993-05-06,9.85
1993-05-07,11.1
1993-05-08,12.05
1993-05-09,10.91
1993-05-10,10.28
1993-05-11,10.07
1993-05-12,10.43
1993-05-13,10.16
1993-05-14,9.67
1993-05-15,9.39
1993-05-16,9.64
1993-05-17,10.28
1993-05-18,9.88
1993-05-19,10.14
1993-05-20,9.55
1993-05-21,9.32
1993-05-22,9.18
1993-05-23,9.14
1993-05-24,9.06
1993-05-25,9.02
1993-05-26,8.97
1993-05-27,8.94
1993-05-28,9.24
1993-05-29,9.06
1993-05-30,8.99
1993-05-31,8.99
1993-06-01,8.93
1993-06-02,8.93
1993-06-03,9.71
1993-06-04,9.4
1993-06-05,9.07
1993-06-06,9.35
1993-06-07,10.86
1993-06-08,9.91
1993-06-09,10.8
1993-06-10,9.8
1993-06-11,9.38
1993-06-12,10.28
1993-06-13,10.39
1993-06-14,9.57
1993-06-15,9.35
1993-06-16,9.32
1993-06-17,9.33
1993-06-18,11.03
1993-06-19,12.85
1993-06-20,12.88
1993-06-21,11.53
1993-06-22,10.63
1993-06-23,10.27
1993-06-24,9.85
1993-06-25,9.72
1993-06-26,9.77
1993-06-27,9.6
1993-06-28,9.44
1993-06-29,9.44
1993-06-30,9.57
1993-07-01,10.19
1993-07-02,9.94
1993-07-03,9.51
1993-07-04,9.53
1993-07-05,10
1993-07-06,10.37
1993-07-07,10.58
1993-07-08,9.8
1993-07-09,9.68
1993-07-10,9.55
1993-07-11,9.42
1993-07-12,9.33
1993-07-13,9.31
1993-07-14,9.53
1993-07-15,9.39
1993-07-16,9.36
1993-07-17,9.36
1993-07-18,10
1993-07-19,10.57
1993-07-20,11.36
1993-07-21,12.73
1993-07-22,12.79
1993-07-23,11.75
1993-07-24,10.94
1993-07-25,10.44
1993-07-26,10.11
1993-07-27,9.9
1993-07-28,9.75
1993-07-29,9.68
1993-07-30,9.6
1993-07-31,9.55
1993-08-01,9.54
1993-08-02,9.57
1993-08-03,9.61
1993-08-04,9.53
1993-08-05,10.44
1993-08-06,10.66
1993-08-07,10.05
1993-08-08,10.12
1993-08-09,10.74
1993-08-10,10.14
1993-08-11,9.75
1993-08-12,9.59
1993-08-13,9.54
1993-08-14,9.4
1993-08-15,9.34
1993-08-16,9.3
1993-08-17,9.36
1993-08-18,9.31
1993-08-19,9.99
1993-08-20,10.91
1993-08-21,11.95
1993-08-22,11.64
1993-08-23,10.59
1993-08-24,10.23
1993-08-25,10
1993-08-26,9.75
1993-08-27,9.76
1993-08-28,9.93
1993-08-29,9.6
1993-08-30,9.49
1993-08-31,9.65
1993-09-01,9.92
1993-09-02,9.77
1993-09-03,10.37
1993-09-04,10.08
1993-09-05,9.88
1993-09-06,9.69
1993-09-07,9.57
1993-09-08,9.45
1993-09-09,9.36
1993-09-10,9.33
1993-09-11,9.5
1993-09-12,9.92
1993-09-13,9.67
1993-09-14,9.35
1993-09-15,9.3
1993-09-16,9.23
1993-09-17,9.25
1993-09-18,9.15
1993-09-19,9.13
1993-09-20,9.23
1993-09-21,9.26
1993-09-22,10.97
1993-09-23,10.23
1993-09-24,9.56
1993-09-25,9.4
1993-09-26,9.31
1993-09-27,9.22
1993-09-28,9.29
1993-09-29,9.32
1993-09-30,9.71
1993-10-01,9.28
1993-10-02,9.18
1993-10-03,9.46
1993-10-04,9.59
1993-10-05,9.25
1993-10-06,9.13
1993-10-07,9.25
1993-10-08,9.25
1993-10-09,9.19
1993-10-10,9.1
1993-10-11,9.13
1993-10-12,9.95
1993-10-13,9.31
1993-10-14,9.27
1993-10-15,9.34
1993-10-16,9.27
1993-10-17,9.61
1993-10-18,9.21
1993-10-19,9.07
1993-10-20,9.04
1993-10-21,9.13
1993-10-22,9.03
1993-10-23,9.76
1993-10-24,9.32
1993-10-25,9.18
1993-10-26,9.03
1993-10-27,8.98
1993-10-28,8.96
1993-10-29,8.94
1993-10-30,8.94
1993-10-31,8.95
1993-11-01,8.99
1993-11-02,9.05
1993-11-03,8.95
1993-11-04,8.94
1993-11-05,8.92
1993-11-06,8.9
1993-11-07,8.88
1993-11-08,8.87
1993-11-09,8.86
1993-11-10,8.86
1993-11-11,8.85
1993-11-12,8.86
1993-11-13,8.85
1993-11-14,8.85
1993-11-15,8.84
1993-11-16,8.84
1993-11-17,8.84
1993-11-18,8.83
1993-11-19,8.82
1993-11-20,8.82
1993-11-21,8.81
1993-11-22,8.81
1993-11-23,8.81
1993-11-24,8.8
1993-11-25,8.8
1993-11-26,8.79
1993-11-27,8.78
1993-11-28,8.78
1993-11-29,8.78
1993-11-30,8.77
1993-12-01,8.77
1993-12-02,8.77
1993-12-03,8.76
1993-12-04,8.76
1993-12-05,8.75
1993-12-06,8.75
1993-12-07,8.74
1993-12-08,8.74
1993-12-09,8.73
1993-12-10,8.73
1993-12-11,8.73
1993-12-12,8.73
1993-12-13,8.72
1993-12-14,8.72
1993-12-15,8.71
1993-12-16,8.71
1993-12-17,8.71
1993-12-18,8.71
1993-12-19,8.7
1993-12-20,8.7
1993-12-21,8.7
1993-12-22,8.69
1993-12-23,8.69
1993-12-24,8.68
1993-12-25,8.68
1993-12-26,8.68
1993-12-27,8.67
1993-12-28,8.67
1993-12-29,8.67
1993-12-30,8.67
1993-12-31,8.68
1994-01-01,8.67
1994-01-02,8.67
1994-01-03,8.66
1994-01-04,8.66
1994-01-05,8.66
1994-01-06,8.65
1994-01-07,8.65
1994-01-08,8.65
1994-01-09,8.65
1994-01-10,8.67
1994-01-11,8.67
1994-01-12,8.67
1994-01-13,8.66
1994-01-14,8.66
1994-01-15,8.65
1994-01-16,8.65
1994-01-17,8.76
1994-01-18,8.76
1994-01-19,8.7
1994-01-20,8.67
1994-01-21,8.66
1994-01-22,8.65
1994-01-23,8.64
1994-01-24,8.65
1994-01-25,8.65
1994-01-26,8.64
1994-01-27,8.64
1994-01-28,8.64
1994-01-29,8.63
1994-01-30,8.64
1994-01-31,8.64
1994-02-01,8.63
1994-02-02,8.63
1994-02-03,8.66
1994-02-04,8.65
1994-02-05,8.64
1994-02-06,8.63
1994-02-07,8.63
1994-02-08,8.62
1994-02-09,8.61
1994-02-10,8.62
1994-02-11,8.63
1994-02-12,8.62
1994-02-13,8.61
1994-02-14,8.6
1994-02-15,8.6
1994-02-16,8.59
1994-02-17,8.59
1994-02-18,8.58
1994-02-19,8.58
1994-02-20,8.58
1994-02-21,8.58
1994-02-22,8.59
1994-02-23,8.63
1994-02-24,8.59
1994-02-25,8.58
1994-02-26,8.57
1994-02-27,8.56
1994-02-28,8.55
1994-03-01,8.55
1994-03-02,8.54
1994-03-03,8.54
1994-03-04,8.53
1994-03-05,8.52
1994-03-06,8.53
1994-03-07,8.55
1994-03-08,8.54
1994-03-09,8.53
1994-03-10,8.52
1994-03-11,8.53
1994-03-12,8.54
1994-03-13,8.74
1994-03-14,8.74
1994-03-15,8.54
1994-03-16,8.54
1994-03-17,8.54
1994-03-18,8.53
1994-03-19,8.53
1994-03-20,8.53
1994-03-21,8.52
1994-03-22,8.51
1994-03-23,8.51
1994-03-24,8.51
1994-03-25,8.53
1994-03-26,8.98
1994-03-27,8.79
1994-03-28,9.31
1994-03-29,9.78
1994-03-30,10.35
1994-03-31,9.82
1994-04-01,9.57
1994-04-02,10.66
1994-04-03,9.46
1994-04-04,9.13
1994-04-05,8.93
1994-04-06,8.83
1994-04-07,8.77
1994-04-08,8.73
1994-04-09,8.7
1994-04-10,8.68
1994-04-11,8.66
1994-04-12,8.63
1994-04-13,8.62
1994-04-14,8.61
1994-04-15,8.6
1994-04-16,8.58
1994-04-17,8.6
1994-04-18,9.02
1994-04-19,9.09
1994-04-20,9.46
1994-04-21,9.05
1994-04-22,9.37
1994-04-23,9.22
1994-04-24,8.97
1994-04-25,8.83
1994-04-26,8.76
1994-04-27,8.71
1994-04-28,8.69
1994-04-29,8.65
1994-04-30,8.63
1994-05-01,8.62
1994-05-02,8.61
1994-05-03,8.6
1994-05-04,8.59
1994-05-05,8.58
1994-05-06,8.66
1994-05-07,8.6
1994-05-08,8.6
1994-05-09,9.14
1994-05-10,8.85
1994-05-11,8.74
1994-05-12,8.68
1994-05-13,8.64
1994-05-14,8.6
1994-05-15,8.59
1994-05-16,8.69
1994-05-17,8.64
1994-05-18,8.97
1994-05-19,8.83
1994-05-20,8.75
1994-05-21,9.15
1994-05-22,8.85
1994-05-23,8.71
1994-05-24,8.66
1994-05-25,8.67
1994-05-26,8.65
1994-05-27,8.68
1994-05-28,8.63
1994-05-29,8.6
1994-05-30,8.6
1994-05-31,8.66
1994-06-01,8.6
1994-06-02,8.59
1994-06-03,8.58
1994-06-04,8.57
1994-06-05,9.29
1994-06-06,8.85
1994-06-07,8.68
1994-06-08,8.62
1994-06-09,8.64
1994-06-10,8.7
1994-06-11,8.77
1994-06-12,8.91
1994-06-13,8.97
1994-06-14,8.9
1994-06-15,8.8
1994-06-16,8.76
1994-06-17,8.83
1994-06-18,10.02
1994-06-19,9.64
1994-06-20,9.12
1994-06-21,8.98
1994-06-22,8.99
1994-06-23,8.93
1994-06-24,8.87
1994-06-25,9.07
1994-06-26,9.1
1994-06-27,8.88
1994-06-28,8.99
1994-06-29,9.98
1994-06-30,9.23
1994-07-01,8.99
1994-07-02,9.06
1994-07-03,8.96
1994-07-04,9.04
1994-07-05,8.92
1994-07-06,8.81
1994-07-07,10.82
1994-07-08,9.91
1994-07-09,9.23
1994-07-10,9.01
1994-07-11,8.9
1994-07-12,8.83
1994-07-13,8.78
1994-07-14,8.78
1994-07-15,8.77
1994-07-16,8.75
1994-07-17,8.73
1994-07-18,9.34
1994-07-19,8.93
1994-07-20,8.78
1994-07-21,9.31
1994-07-22,9.36
1994-07-23,9.12
1994-07-24,8.89
1994-07-25,8.89
1994-07-26,8.96
1994-07-27,8.83
1994-07-28,8.83
1994-07-29,8.92
1994-07-30,8.79
1994-07-31,8.72
1994-08-01,8.68
1994-08-02,8.72
1994-08-03,8.86
1994-08-04,8.75
1994-08-05,8.76
1994-08-06,8.97
1994-08-07,8.81
1994-08-08,8.78
1994-08-09,8.83
1994-08-10,8.79
1994-08-11,8.91
1994-08-12,11.23
1994-08-13,11.08
1994-08-14,10.15
1994-08-15,9.48
1994-08-16,9.14
1994-08-17,8.99
1994-08-18,8.91
1994-08-19,8.84
1994-08-20,8.8
1994-08-21,9.09
1994-08-22,9.05
1994-08-23,9.02
1994-08-24,9.92
1994-08-25,9.67
1994-08-26,9.13
1994-08-27,10.04
1994-08-28,9.2
1994-08-29,9.11
1994-08-30,8.94
1994-08-31,8.88
1994-09-01,9.08
1994-09-02,8.85
1994-09-03,8.76
1994-09-04,8.71
1994-09-05,8.72
1994-09-06,8.7
1994-09-07,8.75
1994-09-08,8.73
1994-09-09,8.69
1994-09-10,9.09
1994-09-11,9.03
1994-09-12,8.87
1994-09-13,8.79
1994-09-14,8.77
1994-09-15,9.93
1994-09-16,9.31
1994-09-17,8.92
1994-09-18,8.85
1994-09-19,8.75
1994-09-20,8.73
1994-09-21,8.72
1994-09-22,8.67
1994-09-23,8.64
1994-09-24,8.61
1994-09-25,8.6
1994-09-26,8.58
1994-09-27,8.57
1994-09-28,8.55
1994-09-29,8.54
1994-09-30,8.55
1994-10-01,8.67
1994-10-02,8.97
1994-10-03,8.72
1994-10-04,8.63
1994-10-05,8.81
1994-10-06,8.69
1994-10-07,8.63
1994-10-08,8.7
1994-10-09,8.65
1994-10-10,8.64
1994-10-11,8.93
1994-10-12,8.69
1994-10-13,8.6
1994-10-14,8.58
1994-10-15,8.56
1994-10-16,8.54
1994-10-17,8.51
1994-10-18,8.51
1994-10-19,8.51
1994-10-20,8.5
1994-10-21,8.49
1994-10-22,8.49
1994-10-23,8.5
1994-10-24,8.58
1994-10-25,8.53
1994-10-26,8.5
1994-10-27,8.49
1994-10-28,8.48
1994-10-29,8.48
1994-10-30,8.48
1994-10-31,8.47
1994-11-01,8.46
1994-11-02,8.46
1994-11-03,8.46
1994-11-04,8.46
1994-11-05,8.46
1994-11-06,8.46
1994-11-07,8.46
1994-11-08,8.46
1994-11-09,8.46
1994-11-10,8.45
1994-11-11,8.48
1994-11-12,8.46
1994-11-13,8.45
1994-11-14,8.44
1994-11-15,8.44
1994-11-16,8.44
1994-11-17,8.43
1994-11-18,8.43
1994-11-19,8.43
1994-11-20,8.43
1994-11-21,8.42
1994-11-22,8.42
1994-11-23,8.42
1994-11-24,8.43
1994-11-25,8.45
1994-11-26,8.47
1994-11-27,8.45
1994-11-28,8.44
1994-11-29,8.43
1994-11-30,8.43
1994-12-01,8.42
1994-12-02,8.42
1994-12-03,8.42
1994-12-04,8.42
1994-12-05,8.42
1994-12-06,8.41
1994-12-07,8.41
1994-12-08,8.41
1994-12-09,8.41
1994-12-10,8.4
1994-12-11,8.4
1994-12-12,8.41
1994-12-13,8.41
1994-12-14,8.41
1994-12-15,8.41
1994-12-16,8.4
1994-12-17,8.4
1994-12-18,8.4
1994-12-19,8.4
1994-12-20,8.4
1994-12-21,8.4
1994-12-22,8.39
1994-12-23,8.39
1994-12-24,8.39
1994-12-25,8.39
1994-12-26,8.39
1994-12-27,8.39
1994-12-28,8.39
1994-12-29,8.38
1994-12-30,8.38
1994-12-31,8.38
1995-01-01,8.38
1995-01-02,8.38
1995-01-03,8.38
1995-01-04,8.38
1995-01-05,8.38
1995-01-06,8.38
1995-01-07,8.38
1995-01-08,8.37
1995-01-09,8.37
1995-01-10,8.37
1995-01-11,8.37
1995-01-12,8.36
1995-01-13,8.36
1995-01-14,8.36
1995-01-15,8.36
1995-01-16,8.36
1995-01-17,8.37
1995-01-18,8.37
1995-01-19,8.37
1995-01-20,8.36
1995-01-21,8.36
1995-01-22,8.35
1995-01-23,8.35
1995-01-24,8.35
1995-01-25,8.35
1995-01-26,8.34
1995-01-27,8.34
1995-01-28,8.34
1995-01-29,8.34
1995-01-30,8.34
1995-01-31,8.34
1995-02-01,8.34
1995-02-02,8.33
1995-02-03,8.33
1995-02-04,8.34
1995-02-05,8.34
1995-02-06,8.34
1995-02-07,8.34
1995-02-08,8.33
1995-02-09,8.33
1995-02-10,8.33
1995-02-11,8.33
1995-02-12,8.43
1995-02-13,8.4
1995-02-14,8.37
1995-02-15,8.36
1995-02-16,8.35
1995-02-17,8.34
1995-02-18,8.34
1995-02-19,8.37
1995-02-20,8.38
1995-02-21,8.36
1995-02-22,8.35
1995-02-23,8.33
1995-02-24,8.39
1995-02-25,8.37
1995-02-26,8.36
1995-02-27,8.35
1995-02-28,8.34
1995-03-01,8.34
1995-03-02,8.34
1995-03-03,8.34
1995-03-04,8.34
1995-03-05,8.33
1995-03-06,8.33
1995-03-07,8.33
1995-03-08,8.32
1995-03-09,8.3
1995-03-10,8.28
1995-03-11,8.28
1995-03-12,8.29
1995-03-13,8.3
1995-03-14,8.29
1995-03-15,8.28
1995-03-16,8.29
1995-03-17,8.3
1995-03-18,8.29
1995-03-19,8.28
1995-03-20,8.28
1995-03-21,8.27
1995-03-22,8.27
1995-03-23,8.29
1995-03-24,8.27
1995-03-25,8.28
1995-03-26,8.27
1995-03-27,8.26
1995-03-28,8.26
1995-03-29,8.27
1995-03-30,8.41
1995-03-31,8.93
1995-04-01,8.73
1995-04-02,8.55
1995-04-03,8.44
1995-04-04,8.39
1995-04-05,8.36
1995-04-06,8.36
1995-04-07,8.28
1995-04-08,8.27
1995-04-09,8.26
1995-04-10,8.26
1995-04-11,8.27
1995-04-12,8.41
1995-04-13,8.93
1995-04-14,8.5
1995-04-15,8.43
1995-04-16,8.4
1995-04-17,8.39
1995-04-18,8.38
1995-04-19,8.37
1995-04-20,8.32
1995-04-21,8.32
1995-04-22,8.31
1995-04-23,8.3
1995-04-24,8.29
1995-04-25,8.26
1995-04-26,8.25
1995-04-27,8.26
1995-04-28,8.28
1995-04-29,8.27
1995-04-30,8.26
1995-05-01,8.26
1995-05-02,8.28
1995-05-03,8.27
1995-05-04,8.26
1995-05-05,8.25
1995-05-06,8.74
1995-05-07,8.51
1995-05-08,8.42
1995-05-09,8.38
1995-05-10,8.36
1995-05-11,8.45
1995-05-12,8.75
1995-05-13,8.51
1995-05-14,8.38
1995-05-15,8.35
1995-05-16,8.49
1995-05-17,10.94
1995-05-18,10.62
1995-05-19,9.17
1995-05-20,8.81
1995-05-21,8.64
1995-05-22,8.89
1995-05-23,8.77
1995-05-24,8.61
1995-05-25,8.5
1995-05-26,8.45
1995-05-27,8.42
1995-05-28,8.4
1995-05-29,8.39
1995-05-30,8.38
1995-05-31,8.37
1995-06-01,8.34
1995-06-02,8.34
1995-06-03,8.33
1995-06-04,8.34
1995-06-05,8.35
1995-06-06,8.34
1995-06-07,8.34
1995-06-08,8.36
1995-06-09,8.34
1995-06-10,8.78
1995-06-11,8.67
1995-06-12,8.55
1995-06-13,9.22
1995-06-14,9.31
1995-06-15,8.84
1995-06-16,8.64
1995-06-17,9.88
1995-06-18,10.75
1995-06-19,10.82
1995-06-20,10.46
1995-06-21,10.01
1995-06-22,9.32
1995-06-23,9.03
1995-06-24,8.93
1995-06-25,8.88
1995-06-26,8.84
1995-06-27,8.8
1995-06-28,8.73
1995-06-29,8.68
1995-06-30,8.65
1995-07-01,8.61
1995-07-02,9.32
1995-07-03,10.18
1995-07-04,11.95
1995-07-05,12.38
1995-07-06,11.33
1995-07-07,10.04
1995-07-08,9.56
1995-07-09,9.42
1995-07-10,9.31
1995-07-11,9.15
1995-07-12,9.18
1995-07-13,9.2
1995-07-14,9.27
1995-07-15,9.13
1995-07-16,9.17
1995-07-17,9.19
1995-07-18,9.06
1995-07-19,8.99
1995-07-20,9.05
1995-07-21,8.98
1995-07-22,8.94
1995-07-23,8.97
1995-07-24,8.94
1995-07-25,8.88
1995-07-26,8.88
1995-07-27,8.97
1995-07-28,9.31
1995-07-29,9.13
1995-07-30,9.03
1995-07-31,9.15
1995-08-01,8.94
1995-08-02,8.87
1995-08-03,8.92
1995-08-04,9.1
1995-08-05,9.06
1995-08-06,9.04
1995-08-07,8.98
1995-08-08,9.1
1995-08-09,9.09
1995-08-10,9.08
1995-08-11,9.01
1995-08-12,9.75
1995-08-13,12.08
1995-08-14,11.77
1995-08-15,10.19
1995-08-16,9.71
1995-08-17,9.85
1995-08-18,10.97
1995-08-19,10.87
1995-08-20,10.59
1995-08-21,10.11
1995-08-22,9.74
1995-08-23,9.47
1995-08-24,9.54
1995-08-25,9.35
1995-08-26,9.22
1995-08-27,9.18
1995-08-28,9.19
1995-08-29,9.13
1995-08-30,9.09
1995-08-31,9.06
1995-09-01,9.01
1995-09-02,9.1
1995-09-03,9.36
1995-09-04,9.26
1995-09-05,9.1
1995-09-06,9.01
1995-09-07,9.01
1995-09-08,9.01
1995-09-09,9.24
1995-09-10,9.41
1995-09-11,9.31
1995-09-12,9.05
1995-09-13,8.99
1995-09-14,8.96
1995-09-15,8.97
1995-09-16,9.03
1995-09-17,9.06
1995-09-18,9.02
1995-09-19,9.04
1995-09-20,9.15
1995-09-21,8.98
1995-09-22,8.91
1995-09-23,8.94
1995-09-24,8.91
1995-09-25,10.25
1995-09-26,10.07
1995-09-27,9.54
1995-09-28,9.27
1995-09-29,9.12
1995-09-30,9.09
1995-10-01,9.05
1995-10-02,8.96
1995-10-03,8.92
1995-10-04,9.41
1995-10-05,9.08
1995-10-06,8.96
1995-10-07,9.23
1995-10-08,8.98
1995-10-09,8.94
1995-10-10,8.91
1995-10-11,8.85
1995-10-12,8.84
1995-10-13,8.85
1995-10-14,8.8
1995-10-15,8.79
1995-10-16,8.78
1995-10-17,8.76
1995-10-18,8.86
1995-10-19,9.38
1995-10-20,9.01
1995-10-21,8.92
1995-10-22,8.87
1995-10-23,8.83
1995-10-24,8.8
1995-10-25,8.78
1995-10-26,8.77
1995-10-27,8.76
1995-10-28,8.75
1995-10-29,8.74
1995-10-30,8.73
1995-10-31,8.73
1995-11-01,8.72
1995-11-02,8.77
1995-11-03,9.03
1995-11-04,8.89
1995-11-05,8.8
1995-11-06,8.78
1995-11-07,8.76
1995-11-08,8.75
1995-11-09,8.75
1995-11-10,9.23
1995-11-11,9.59
1995-11-12,9.11
1995-11-13,8.93
1995-11-14,8.85
1995-11-15,8.8
1995-11-16,8.79
1995-11-17,8.78
1995-11-18,8.81
1995-11-19,8.89
1995-11-20,8.88
1995-11-21,8.83
1995-11-22,8.78
1995-11-23,8.76
1995-11-24,8.76
1995-11-25,8.97
1995-11-26,9.62
1995-11-27,9.04
1995-11-28,8.89
1995-11-29,8.82
1995-11-30,8.8
1995-12-01,8.78
1995-12-02,8.77
1995-12-03,8.76
1995-12-04,8.76
1995-12-05,8.75
1995-12-06,8.74
1995-12-07,8.73
1995-12-08,8.72
1995-12-09,8.71
1995-12-10,8.7
1995-12-11,8.7
1995-12-12,8.7
1995-12-13,8.7
1995-12-14,8.7
1995-12-15,8.69
1995-12-16,8.69
1995-12-17,8.69
1995-12-18,8.68
1995-12-19,8.68
1995-12-20,8.67
1995-12-21,8.67
1995-12-22,8.67
1995-12-23,8.66
1995-12-24,8.66
1995-12-25,8.66
1995-12-26,8.66
1995-12-27,8.65
1995-12-28,8.64
1995-12-29,8.63
1995-12-30,8.63
1995-12-31,8.62
1996-01-01,8.62
1996-01-02,8.62
1996-01-03,8.62
1996-01-04,8.61
1996-01-05,8.61
1996-01-06,8.61
1996-01-07,8.62
1996-01-08,8.62
1996-01-09,8.61
1996-01-10,8.61
1996-01-11,8.6
1996-01-12,8.6
1996-01-13,8.6
1996-01-14,8.6
1996-01-15,8.6
1996-01-16,8.59
1996-01-17,8.59
1996-01-18,8.59
1996-01-19,8.6
1996-01-20,8.6
1996-01-21,8.6
1996-01-22,8.59
1996-01-23,8.566
1996-01-24,8.54
1996-01-25,8.53
1996-01-26,8.53
1996-01-27,8.54
1996-01-28,8.54
1996-01-29,8.54
1996-01-30,8.54
1996-01-31,8.54
1996-02-01,8.53
1996-02-02,8.53
1996-02-03,8.53
1996-02-04,8.53
1996-02-05,8.53
1996-02-06,8.52
1996-02-07,8.52
1996-02-08,8.52
1996-02-09,8.51
1996-02-10,8.51
1996-02-11,8.51
1996-02-12,8.508
1996-02-13,8.5
1996-02-14,8.5
1996-02-15,8.5
1996-02-16,8.51
1996-02-17,8.51
1996-02-18,8.5
1996-02-19,8.49
1996-02-20,8.49
1996-02-21,8.49
1996-02-22,8.48
1996-02-23,8.48
1996-02-24,8.48
1996-02-25,8.48
1996-02-26,8.48
1996-02-27,8.47
1996-02-28,8.47
1996-02-29,8.47
1996-03-01,8.48
1996-03-02,8.48
1996-03-03,8.47
1996-03-04,8.47
1996-03-05,8.46
1996-03-06,8.45
1996-03-07,8.44
1996-03-08,8.44
1996-03-09,8.43
1996-03-10,8.43
1996-03-11,8.43
1996-03-12,8.42
1996-03-13,8.43
1996-03-14,8.44
1996-03-15,8.44
1996-03-16,8.43
1996-03-17,8.43
1996-03-18,8.42
1996-03-19,8.42
1996-03-20,8.42
1996-03-21,8.43
1996-03-22,8.43
1996-03-23,8.42
1996-03-24,8.434
1996-03-25,8.536
1996-03-26,8.57
1996-03-27,9.474
1996-03-28,9.232
1996-03-29,9.064
1996-03-30,8.78
1996-03-31,8.716
1996-04-01,8.69
1996-04-02,8.704
1996-04-03,8.618
1996-04-04,8.664
1996-04-05,8.546
1996-04-06,8.53
1996-04-07,8.52
1996-04-08,8.506
1996-04-09,8.486
1996-04-10,8.474
1996-04-11,8.46
1996-04-12,8.456
1996-04-13,8.44
1996-04-14,8.466
1996-04-15,8.46
1996-04-16,8.428
1996-04-17,8.426
1996-04-18,8.43
1996-04-19,8.42
1996-04-20,8.424
1996-04-21,8.44
1996-04-22,8.434
1996-04-23,8.47
1996-04-24,8.626
1996-04-25,8.83
1996-04-26,8.91
1996-04-27,8.842
1996-04-28,8.672
1996-04-29,8.674
1996-04-30,8.67
1996-05-01,8.66
1996-05-02,8.64
1996-05-03,8.6
1996-05-04,8.592
1996-05-05,8.536
1996-05-06,8.514
1996-05-07,8.494
1996-05-08,8.548
1996-05-09,8.58
1996-05-10,8.524
1996-05-11,8.564
1996-05-12,9.89
1996-05-13,10.298
1996-05-14,9.748
1996-05-15,9.892
1996-05-16,9.528
1996-05-17,9.772
1996-05-18,9.428
1996-05-19,9.432
1996-05-20,9.002
1996-05-21,8.798
1996-05-22,8.704
1996-05-23,8.664
1996-05-24,8.636
1996-05-25,8.604
1996-05-26,8.586
1996-05-27,8.57
1996-05-28,8.56
1996-05-29,8.796
1996-05-30,10.2
1996-05-31,10.196
1996-06-01,9.382
1996-06-02,10.034
1996-06-03,10.104
1996-06-04,10.35
1996-06-05,10.47
1996-06-06,9.412
1996-06-07,9.33
1996-06-08,9.45
1996-06-09,9.12
1996-06-10,8.936
1996-06-11,8.85
1996-06-12,8.864
1996-06-13,8.794
1996-06-14,8.75
1996-06-15,8.716
1996-06-16,8.722
1996-06-17,8.724
1996-06-18,8.648
1996-06-19,8.626
1996-06-20,8.672
1996-06-21,10.276
1996-06-22,11.022
1996-06-23,10.144
1996-06-24,9.548
1996-06-25,10.246
1996-06-26,10.164
1996-06-27,9.348
1996-06-28,9.098
1996-06-29,9.062
1996-06-30,9.092
1996-07-01,10.498
1996-07-02,10.186
1996-07-03,11.072
1996-07-04,9.892
1996-07-05,9.532
1996-07-06,9.426
1996-07-07,9.188
1996-07-08,9.034
1996-07-09,9.148
1996-07-10,9.028
1996-07-11,8.97
1996-07-12,9.022
1996-07-13,8.864
1996-07-14,8.804
1996-07-15,8.988
1996-07-16,8.896
1996-07-17,9.214
1996-07-18,9.094
1996-07-19,8.846
1996-07-20,8.782
1996-07-21,8.738
1996-07-22,8.706
1996-07-23,8.67
1996-07-24,8.646
1996-07-25,8.89
1996-07-26,8.85
1996-07-27,9.252
1996-07-28,9.052
1996-07-29,8.842
1996-07-30,8.762
1996-07-31,9.548
1996-08-01,9.25
1996-08-02,8.986
1996-08-03,8.954
1996-08-04,9.282
1996-08-05,8.98
1996-08-06,9.026
1996-08-07,10.266
1996-08-08,10.05
1996-08-09,9.534
1996-08-10,9.152
1996-08-11,9.036
1996-08-12,8.96
1996-08-13,8.894
1996-08-14,8.948
1996-08-15,8.934
1996-08-16,9.396
1996-08-17,9.456
1996-08-18,9.488
1996-08-19,9.128
1996-08-20,9.008
1996-08-21,9.156
1996-08-22,9.142
1996-08-23,8.968
1996-08-24,8.88
1996-08-25,8.792
1996-08-26,8.748
1996-08-27,8.712
1996-08-28,8.702
1996-08-29,8.786
1996-08-30,8.89
1996-08-31,8.804
1996-09-01,8.772
1996-09-02,8.7
1996-09-03,8.724
1996-09-04,8.828
1996-09-05,8.798
1996-09-06,8.676
1996-09-07,8.758
1996-09-08,8.74
1996-09-09,8.64
1996-09-10,8.59
1996-09-11,8.57
1996-09-12,8.68
1996-09-13,8.614
1996-09-14,8.572
1996-09-15,8.54
1996-09-16,8.542
1996-09-17,8.658
1996-09-18,8.684
1996-09-19,8.632
1996-09-20,8.584
1996-09-21,8.706
1996-09-22,10.266
1996-09-23,9.624
1996-09-24,9.324
1996-09-25,9.37
1996-09-26,8.912
1996-09-27,8.884
1996-09-28,8.828
1996-09-29,8.796
1996-09-30,8.888
1996-10-01,8.73
1996-10-02,8.672
1996-10-03,9.114
1996-10-04,9.502
1996-10-05,9.244
1996-10-06,11.862
1996-10-07,11.106
1996-10-08,9.686
1996-10-09,9.286
1996-10-10,9.068
1996-10-11,8.956
1996-10-12,8.94
1996-10-13,8.818
1996-10-14,8.778
1996-10-15,8.736
1996-10-16,8.704
1996-10-17,8.686
1996-10-18,8.67
1996-10-19,8.654
1996-10-20,8.64
1996-10-21,8.624
1996-10-22,8.61
1996-10-23,8.596
1996-10-24,8.574
1996-10-25,8.56
1996-10-26,8.56
1996-10-27,8.656
1996-10-28,8.922
1996-10-29,9.598
1996-10-30,10.988
1996-10-31,9.68
1996-11-01,9.196
1996-11-02,8.97
1996-11-03,8.876
1996-11-04,8.81
1996-11-05,8.798
1996-11-06,8.968
1996-11-07,8.94
1996-11-08,8.828
1996-11-09,8.758
1996-11-10,8.716
1996-11-11,8.694
1996-11-12,8.676
1996-11-13,8.674
1996-11-14,8.666
1996-11-15,8.648
1996-11-16,8.636
1996-11-17,8.63
1996-11-18,8.63
1996-11-19,8.62
1996-11-20,8.616
1996-11-21,8.61
1996-11-22,8.61
1996-11-23,8.6
1996-11-24,8.6
1996-11-25,8.6
1996-11-26,8.59
1996-11-27,8.59
1996-11-28,8.59
1996-11-29,8.58
1996-11-30,8.58
1996-12-01,8.58
1996-12-02,8.58
1996-12-03,8.58
1996-12-04,8.584
1996-12-05,8.58
1996-12-06,8.57
1996-12-07,8.57
1996-12-08,8.56
1996-12-09,8.56
1996-12-10,8.55
1996-12-11,8.54
1996-12-12,8.53
1996-12-13,8.53
1996-12-14,8.53
1996-12-15,8.53
1996-12-16,8.52
1996-12-17,8.52
1996-12-18,8.52
1996-12-19,8.51
1996-12-20,8.51
1996-12-21,8.5
1996-12-22,8.5
1996-12-23,8.5
1996-12-24,8.5
1996-12-25,8.49
1996-12-26,8.49
1996-12-27,8.49
1996-12-28,8.49
1996-12-29,8.48
1996-12-30,8.48
1996-12-31,8.47
1997-01-01,8.47
1997-01-02,8.47
1997-01-03,8.47
1997-01-04,8.46
1997-01-05,8.46
1997-01-06,8.46
1997-01-07,8.45
1997-01-08,8.45
1997-01-09,8.44
1997-01-10,8.44
1997-01-11,8.44
1997-01-12,8.44
1997-01-13,8.45
1997-01-14,8.45
1997-01-15,8.44
1997-01-16,8.44
1997-01-17,8.456
1997-01-18,8.45
1997-01-19,8.45
1997-01-20,8.45
1997-01-21,8.46
1997-01-22,8.46
1997-01-23,8.45
1997-01-24,8.44
1997-01-25,8.44
1997-01-26,8.43
1997-01-27,8.43
1997-01-28,8.43
1997-01-29,8.42
1997-01-30,8.42
1997-01-31,8.42
1997-02-01,8.472
1997-02-02,8.474
1997-02-03,8.46
1997-02-04,8.45
1997-02-05,8.45
1997-02-06,8.44
1997-02-07,8.44
1997-02-08,8.42
1997-02-09,8.42
1997-02-10,8.42
1997-02-11,8.43
1997-02-12,8.43
1997-02-13,8.43
1997-02-14,8.42
1997-02-15,8.42
1997-02-16,8.41
1997-02-17,8.4
1997-02-18,8.39
1997-02-19,8.39
1997-02-20,8.402
1997-02-21,8.4
1997-02-22,8.4
1997-02-23,8.39
1997-02-24,8.39
1997-02-25,8.38
1997-02-26,8.37
1997-02-27,8.37
1997-02-28,8.36
1997-03-01,8.36
1997-03-02,8.36
1997-03-03,8.36
1997-03-04,8.37
1997-03-05,8.36
1997-03-06,8.36
1997-03-07,8.36
1997-03-08,8.35
1997-03-09,8.35
1997-03-10,8.35
1997-03-11,8.35
1997-03-12,8.35
1997-03-13,8.35
1997-03-14,8.34
1997-03-15,8.34
1997-03-16,8.34
1997-03-17,8.462
1997-03-18,9.14
1997-03-19,8.702
1997-03-20,8.572
1997-03-21,8.532
1997-03-22,11.18
1997-03-23,10.248
1997-03-24,9.384
1997-03-25,8.962
1997-03-26,8.816
1997-03-27,8.728
1997-03-28,8.666
1997-03-29,8.624
1997-03-30,8.642
1997-03-31,9.626
1997-04-01,8.976
1997-04-02,8.764
1997-04-03,8.93
1997-04-04,8.662
1997-04-05,8.662
1997-04-06,8.622
1997-04-07,8.576
1997-04-08,8.614
1997-04-09,8.71
1997-04-10,8.606
1997-04-11,8.552
1997-04-12,8.524
1997-04-13,8.716
1997-04-14,8.624
1997-04-15,8.59
1997-04-16,8.6
1997-04-17,8.544
1997-04-18,8.5
1997-04-19,8.48
1997-04-20,8.46
1997-04-21,8.44
1997-04-22,8.414
1997-04-23,8.43
1997-04-24,8.414
1997-04-25,8.4
1997-04-26,8.42
1997-04-27,8.44
1997-04-28,8.462
1997-04-29,8.436
1997-04-30,8.472
1997-05-01,8.444
1997-05-02,8.474
1997-05-03,8.468
1997-05-04,8.44
1997-05-05,8.426
1997-05-06,8.41
1997-05-07,8.426
1997-05-08,8.716
1997-05-09,8.578
1997-05-10,8.5
1997-05-11,9.38
1997-05-12,8.826
1997-05-13,8.662
1997-05-14,8.548
1997-05-15,8.496
1997-05-16,8.462
1997-05-17,8.44
1997-05-18,8.43
1997-05-19,8.454
1997-05-20,8.704
1997-05-21,8.788
1997-05-22,8.654
1997-05-23,8.676
1997-05-24,9.042
1997-05-25,8.794
1997-05-26,8.938
1997-05-27,9.562
1997-05-28,9.112
1997-05-29,9.524
1997-05-30,9.418
1997-05-31,8.962
1997-06-01,8.768
1997-06-02,8.792
1997-06-03,8.728
1997-06-04,8.702
1997-06-05,8.62
1997-06-06,9.08
1997-06-07,9.184
1997-06-08,9.256
1997-06-09,9.426
1997-06-10,9.176
1997-06-11,9.066
1997-06-12,8.814
1997-06-13,8.71
1997-06-14,8.692
1997-06-15,8.642
1997-06-16,8.602
1997-06-17,8.594
1997-06-18,8.826
1997-06-19,8.936
1997-06-20,9.33
1997-06-21,9.928
1997-06-22,9.85
1997-06-23,9.18
1997-06-24,11.178
1997-06-25,9.734
1997-06-26,9.666
1997-06-27,9.178
1997-06-28,9.788
1997-06-29,9.698
1997-06-30,10.954
1997-07-01,11.092
1997-07-02,9.838
1997-07-03,9.654
1997-07-04,9.508
1997-07-05,9.472
1997-07-06,9.366
1997-07-07,9.276
1997-07-08,9.538
1997-07-09,9.596
1997-07-10,12.368
1997-07-11,11.92
1997-07-12,11.524
1997-07-13,11.028
1997-07-14,10.29
1997-07-15,10.036
1997-07-16,9.666
1997-07-17,9.476
1997-07-18,9.484
1997-07-19,9.324
1997-07-20,9.72
1997-07-21,10.64
1997-07-22,10.498
1997-07-23,9.73
1997-07-24,9.58
1997-07-25,9.566
1997-07-26,9.73
1997-07-27,12.026
1997-07-28,10.272
1997-07-29,10.156
1997-07-30,9.908
1997-07-31,9.466
1997-08-01,10.612
1997-08-02,10.106
1997-08-03,9.668
1997-08-04,9.97
1997-08-05,9.902
1997-08-06,9.39
1997-08-07,9.246
1997-08-08,9.36
1997-08-09,9.178
1997-08-10,9.286
1997-08-11,9.8
1997-08-12,9.532
1997-08-13,9.976
1997-08-14,10.676
1997-08-15,9.972
1997-08-16,9.766
1997-08-17,9.484
1997-08-18,10.424
1997-08-19,10.254
1997-08-20,9.82
1997-08-21,9.404
1997-08-22,9.354
1997-08-23,9.316
1997-08-24,9.192
1997-08-25,9.094
1997-08-26,9.068
1997-08-27,9.156
1997-08-28,9.684
1997-08-29,9.458
1997-08-30,9.704
1997-08-31,10.392
1997-09-01,9.782
1997-09-02,9.382
1997-09-03,9.306
1997-09-04,9.726
1997-09-05,10.392
1997-09-06,10.358
1997-09-07,9.932
1997-09-08,9.586
1997-09-09,9.284
1997-09-10,9.164
1997-09-11,9.136
1997-09-12,9.468
1997-09-13,9.218
1997-09-14,9.092
1997-09-15,9.14
1997-09-16,9.162
1997-09-17,9.07
1997-09-18,9.114
1997-09-19,8.942
1997-09-20,8.988
1997-09-21,8.946
1997-09-22,8.958
1997-09-23,9.562
1997-09-24,9.11
1997-09-25,8.92
1997-09-26,9.506
1997-09-27,11.004
1997-09-28,10.604
1997-09-29,9.59
1997-09-30,10.312
1997-10-01,10.22
1997-10-02,9.564
1997-10-03,9.258
1997-10-04,9.144
1997-10-05,9.082
1997-10-06,9.026
1997-10-07,8.982
1997-10-08,9.32
1997-10-09,9.212
1997-10-10,9.054
1997-10-11,8.948
1997-10-12,8.898
1997-10-13,8.876
1997-10-14,8.854
1997-10-15,8.84
1997-10-16,8.83
1997-10-17,8.816
1997-10-18,8.8
1997-10-19,8.79
1997-10-20,8.78
1997-10-21,8.77
1997-10-22,8.766
1997-10-23,8.76
1997-10-24,8.75
1997-10-25,8.75
1997-10-26,8.74
1997-10-27,8.73
1997-10-28,8.724
1997-10-29,8.72
1997-10-30,8.72
1997-10-31,8.71
1997-11-01,8.71
1997-11-02,8.704
1997-11-03,8.7
1997-11-04,8.69
1997-11-05,8.68
1997-11-06,8.69
1997-11-07,8.68
1997-11-08,8.676
1997-11-09,8.68
1997-11-10,8.67
1997-11-11,8.67
1997-11-12,8.82
1997-11-13,8.682
1997-11-14,8.67
1997-11-15,8.66
1997-11-16,8.65
1997-11-17,8.65
1997-11-18,8.65
1997-11-19,8.64
1997-11-20,8.64
1997-11-21,8.64
1997-11-22,8.64
1997-11-23,8.63
1997-11-24,8.63
1997-11-25,8.63
1997-11-26,8.672
1997-11-27,8.666
1997-11-28,8.644
1997-11-29,8.63
1997-11-30,8.62
1997-12-01,8.62
1997-12-02,8.61
1997-12-03,8.61
1997-12-04,8.6
1997-12-05,8.6
1997-12-06,8.59
1997-12-07,8.59
1997-12-08,8.58
1997-12-09,8.58
1997-12-10,8.59
1997-12-11,8.84
1997-12-12,8.76
1997-12-13,8.704
1997-12-14,8.62
1997-12-15,8.61
1997-12-16,8.61
1997-12-17,8.6
1997-12-18,8.59
1997-12-19,8.59
1997-12-20,8.58
1997-12-21,8.57
1997-12-22,8.57
1997-12-23,8.57
1997-12-24,8.56
1997-12-25,8.56
1997-12-26,8.56
1997-12-27,8.56
1997-12-28,8.55
1997-12-29,8.55
1997-12-30,8.54
1997-12-31,8.53
1998-01-01,8.53
1998-01-02,8.53
1998-01-03,8.52
1998-01-04,8.52
1998-01-05,8.53
1998-01-06,8.53
1998-01-07,8.54
1998-01-08,8.53
1998-01-09,8.556
1998-01-10,8.54
1998-01-11,8.54
1998-01-12,8.53
1998-01-13,8.524
1998-01-14,8.51
1998-01-15,8.51
1998-01-16,8.51
1998-01-17,8.5
1998-01-18,8.5
1998-01-19,8.55
1998-01-20,8.604
1998-01-21,8.562
1998-01-22,8.648
1998-01-23,8.604
1998-01-24,8.554
1998-01-25,8.53
1998-01-26,8.52
1998-01-27,8.51
1998-01-28,8.51
1998-01-29,8.5
1998-01-30,8.49
1998-01-31,8.48
1998-02-01,8.48
1998-02-02,8.476
1998-02-03,8.48
1998-02-04,8.464
1998-02-05,8.47
1998-02-06,8.47
1998-02-07,8.46
1998-02-08,8.47
1998-02-09,8.46
1998-02-10,8.46
1998-02-11,8.42
1998-02-12,8.4
1998-02-13,8.4
1998-02-14,8.396
1998-02-15,8.39
1998-02-16,8.39
1998-02-17,8.39
1998-02-18,8.39
1998-02-19,8.512
1998-02-20,8.594
1998-02-21,8.47
1998-02-22,8.426
1998-02-23,8.404
1998-02-24,8.4
1998-02-25,8.384
1998-02-26,8.394
1998-02-27,9.34
1998-02-28,8.852
1998-03-01,8.554
1998-03-02,8.464
1998-03-03,8.426
1998-03-04,8.4
1998-03-05,8.4
1998-03-06,8.38
1998-03-07,8.374
1998-03-08,8.534
1998-03-09,8.506
1998-03-10,8.408
1998-03-11,8.38
1998-03-12,8.38
1998-03-13,8.37
1998-03-14,8.37
1998-03-15,8.37
1998-03-16,8.346
1998-03-17,8.344
1998-03-18,8.336
1998-03-19,8.324
1998-03-20,8.32
1998-03-21,8.314
1998-03-22,8.314
1998-03-23,8.362
1998-03-24,8.762
1998-03-25,9.27
1998-03-26,9.252
1998-03-27,8.626
1998-03-28,8.48
1998-03-29,8.424
1998-03-30,8.396
1998-03-31,8.544
1998-04-01,8.488
1998-04-02,8.396
1998-04-03,8.37
1998-04-04,8.354
1998-04-05,8.34
1998-04-06,8.342
1998-04-07,8.658
1998-04-08,8.706
1998-04-09,8.552
1998-04-10,8.452
1998-04-11,8.374
1998-04-12,8.346
1998-04-13,8.334
1998-04-14,8.324
1998-04-15,8.32
1998-04-16,8.31
1998-04-17,8.31
1998-04-18,8.36
1998-04-19,8.35
1998-04-20,8.324
1998-04-21,8.408
1998-04-22,9.138
1998-04-23,9.684
1998-04-24,9.432
1998-04-25,9.176
1998-04-26,8.698
1998-04-27,8.848
1998-04-28,8.992
1998-04-29,8.636
1998-04-30,8.504
1998-05-01,8.45
1998-05-02,8.41
1998-05-03,8.42
1998-05-04,8.42
1998-05-05,8.54
1998-05-06,9.132
1998-05-07,8.726
1998-05-08,8.836
1998-05-09,8.578
1998-05-10,8.474
1998-05-11,8.436
1998-05-12,8.41
1998-05-13,8.38
1998-05-14,8.366
1998-05-15,8.35
1998-05-16,8.34
1998-05-17,8.364
1998-05-18,8.354
1998-05-19,8.34
1998-05-20,8.392
1998-05-21,8.704
1998-05-22,8.506
1998-05-23,8.41
1998-05-24,8.4
1998-05-25,9.224
1998-05-26,9.042
1998-05-27,9.122
1998-05-28,10.77
1998-05-29,11.056
1998-05-30,9.882
1998-05-31,9.07
1998-06-01,8.934
1998-06-02,8.734
1998-06-03,8.954
1998-06-04,9.288
1998-06-05,8.814
1998-06-06,8.648
1998-06-07,8.606
1998-06-08,8.59
1998-06-09,8.556
1998-06-10,8.54
1998-06-11,8.606
1998-06-12,8.564
1998-06-13,8.52
1998-06-14,8.602
1998-06-15,8.746
1998-06-16,8.78
1998-06-17,8.648
1998-06-18,8.588
1998-06-19,8.516
1998-06-20,8.622
1998-06-21,8.572
1998-06-22,9.236
1998-06-23,8.816
1998-06-24,9.316
1998-06-25,9.136
1998-06-26,8.826
1998-06-27,8.654
1998-06-28,8.57
1998-06-29,8.528
1998-06-30,8.496
1998-07-01,8.47
1998-07-02,8.65
1998-07-03,8.728
1998-07-04,8.826
1998-07-05,10.444
1998-07-06,11.056
1998-07-07,11.364
1998-07-08,10.22
1998-07-09,9.32
1998-07-10,9.086
1998-07-11,9.976
1998-07-12,11.006
1998-07-13,12.42
1998-07-14,12.86
1998-07-15,12.582
1998-07-16,11.878
1998-07-17,10.382
1998-07-18,10.512
1998-07-19,10.032
1998-07-20,10.052
1998-07-21,10.384
1998-07-22,11.504
1998-07-23,11.066
1998-07-24,10.322
1998-07-25,9.954
1998-07-26,9.754
1998-07-27,9.638
1998-07-28,9.444
1998-07-29,9.606
1998-07-30,9.334
1998-07-31,9.196
1998-08-01,9.336
1998-08-02,9.444
1998-08-03,10.148
1998-08-04,10.026
1998-08-05,9.458
1998-08-06,9.324
1998-08-07,9.242
1998-08-08,9.142
1998-08-09,9.038
1998-08-10,9.03
1998-08-11,9.162
1998-08-12,10.768
1998-08-13,10.572
1998-08-14,9.926
1998-08-15,9.93
1998-08-16,9.664
1998-08-17,9.706
1998-08-18,9.666
1998-08-19,10.222
1998-08-20,9.658
1998-08-21,9.28
1998-08-22,9.662
1998-08-23,9.97
1998-08-24,9.6
1998-08-25,9.39
1998-08-26,9.236
1998-08-27,9.22
1998-08-28,9.664
1998-08-29,10.938
1998-08-30,11.244
1998-08-31,10.208
1998-09-01,10.024
1998-09-02,9.49
1998-09-03,9.474
1998-09-04,9.276
1998-09-05,9.356
1998-09-06,9.54
1998-09-07,10.082
1998-09-08,9.378
1998-09-09,9.276
1998-09-10,9.228
1998-09-11,9.348
1998-09-12,9.118
1998-09-13,9.214
1998-09-14,9.414
1998-09-15,9.038
1998-09-16,8.966
1998-09-17,10.876
1998-09-18,9.472
1998-09-19,9.324
1998-09-20,10.984
1998-09-21,9.71
1998-09-22,9.47
1998-09-23,9.188
1998-09-24,9.18
1998-09-25,9.176
1998-09-26,9.024
1998-09-27,8.97
1998-09-28,9.274
1998-09-29,9.564
1998-09-30,9.112
1998-10-01,9.074
1998-10-02,8.984
1998-10-03,8.95
1998-10-04,8.91
1998-10-05,8.966
1998-10-06,8.868
1998-10-07,8.836
1998-10-08,8.814
1998-10-09,8.81
1998-10-10,8.808
1998-10-11,8.79
1998-10-12,8.79
1998-10-13,8.832
1998-10-14,8.866
1998-10-15,8.87
1998-10-16,8.942
1998-10-17,8.778
1998-10-18,8.802
1998-10-19,8.814
1998-10-20,8.794
1998-10-21,8.818
1998-10-22,8.896
1998-10-23,8.834
1998-10-24,8.75
1998-10-25,8.724
1998-10-26,8.71
1998-10-27,8.696
1998-10-28,8.68
1998-10-29,8.67
1998-10-30,8.692
1998-10-31,8.72
1998-11-01,8.71
1998-11-02,8.71
1998-11-03,8.694
1998-11-04,8.674
1998-11-05,8.656
1998-11-06,8.644
1998-11-07,8.64
1998-11-08,8.63
1998-11-09,8.63
1998-11-10,8.62
1998-11-11,8.63
1998-11-12,8.62
1998-11-13,8.61
1998-11-14,8.61
1998-11-15,8.6
1998-11-16,8.59
1998-11-17,8.59
1998-11-18,8.58
1998-11-19,8.58
1998-11-20,8.58
1998-11-21,8.57
1998-11-22,8.612
1998-11-23,11.174
1998-11-24,9.736
1998-11-25,9.026
1998-11-26,8.846
1998-11-27,8.764
1998-11-28,8.724
1998-11-29,8.706
1998-11-30,8.694
1998-12-01,8.678
1998-12-02,8.66
1998-12-03,8.65
1998-12-04,8.64
1998-12-05,8.64
1998-12-06,8.63
1998-12-07,8.63
1998-12-08,8.62
1998-12-09,8.62
1998-12-10,8.61
1998-12-11,8.6
1998-12-12,8.6
1998-12-13,8.59
1998-12-14,8.58
1998-12-15,8.57
1998-12-16,8.568
1998-12-17,8.566
1998-12-18,8.55
1998-12-19,8.56
1998-12-20,8.55
1998-12-21,8.55
1998-12-22,8.54
1998-12-23,8.53
1998-12-24,8.53
1998-12-25,8.52
1998-12-26,8.52
1998-12-27,8.52
1998-12-28,8.52
1998-12-29,8.51
1998-12-30,8.51
1998-12-31,8.51
1999-01-01,8.5
1999-01-02,8.5
1999-01-03,8.5
1999-01-04,8.5
1999-01-05,8.5
1999-01-06,8.49
1999-01-07,8.49
1999-01-08,8.49
1999-01-09,8.48
1999-01-10,8.48
1999-01-11,8.48
1999-01-12,8.48
1999-01-13,8.47
1999-01-14,8.47
1999-01-15,8.47
1999-01-16,8.46
1999-01-17,8.46
1999-01-18,8.45
1999-01-19,8.45
1999-01-20,8.45
1999-01-21,8.45
1999-01-22,8.44
1999-01-23,8.44
1999-01-24,8.44
1999-01-25,8.44
1999-01-26,8.43
1999-01-27,8.43
1999-01-28,8.43
1999-01-29,8.44
1999-01-30,8.42
1999-01-31,8.42
1999-02-01,8.42
1999-02-02,8.41
1999-02-03,8.41
1999-02-04,8.41
1999-02-05,8.41
1999-02-06,8.4
1999-02-07,8.4
1999-02-08,8.39
1999-02-09,8.39
1999-02-10,8.39
1999-02-11,8.38
1999-02-12,8.38
1999-02-13,8.38
1999-02-14,8.39
1999-02-15,8.39
1999-02-16,8.37
1999-02-17,8.37
1999-02-18,8.36
1999-02-19,8.35
1999-02-20,8.34
1999-02-21,8.35
1999-02-22,8.34
1999-02-23,8.34
1999-02-24,8.33
1999-02-25,8.33
1999-02-26,8.32
1999-02-27,8.32
1999-02-28,8.326
1999-03-01,8.316
1999-03-02,8.31
1999-03-03,8.32
1999-03-04,8.31
1999-03-05,8.314
1999-03-06,8.292
1999-03-07,8.308
1999-03-08,8.32
1999-03-09,8.316
1999-03-10,8.3
1999-03-11,8.3
1999-03-12,8.316
1999-03-13,8.304
1999-03-14,8.302
1999-03-15,8.32
1999-03-16,8.31
1999-03-17,8.3
1999-03-18,8.29
1999-03-19,8.28
1999-03-20,8.286
1999-03-21,8.27
1999-03-22,8.26
1999-03-23,8.25
1999-03-24,8.24
1999-03-25,8.25
1999-03-26,8.25
1999-03-27,8.25
1999-03-28,8.28
1999-03-29,8.538
1999-03-30,8.408
1999-03-31,8.35
1999-04-01,8.34
1999-04-02,8.31
1999-04-03,8.286
1999-04-04,8.28
1999-04-05,8.268
1999-04-06,8.254
1999-04-07,8.24
1999-04-08,8.26
1999-04-09,8.308
1999-04-10,8.308
1999-04-11,8.28
1999-04-12,8.264
1999-04-13,8.25
1999-04-14,8.25
1999-04-15,8.24
1999-04-16,8.24
1999-04-17,8.23
1999-04-18,8.22
1999-04-19,8.22
1999-04-20,8.21
1999-04-21,8.22
1999-04-22,8.21
1999-04-23,8.21
1999-04-24,8.234
1999-04-25,8.23
1999-04-26,8.214
1999-04-27,8.204
1999-04-28,8.21
1999-04-29,8.216
1999-04-30,8.2
1999-05-01,8.19
1999-05-02,8.196
1999-05-03,8.2
1999-05-04,8.194
1999-05-05,8.202
1999-05-06,8.394
1999-05-07,8.48
1999-05-08,8.892
1999-05-09,8.872
1999-05-10,8.568
1999-05-11,8.496
1999-05-12,8.936
1999-05-13,8.68
1999-05-14,9.116
1999-05-15,9.256
1999-05-16,9.178
1999-05-17,8.956
1999-05-18,8.616
1999-05-19,8.518
1999-05-20,8.44
1999-05-21,8.494
1999-05-22,8.59
1999-05-23,8.626
1999-05-24,8.526
1999-05-25,8.436
1999-05-26,8.372
1999-05-27,8.346
1999-05-28,8.374
1999-05-29,8.396
1999-05-30,9.284
1999-05-31,9.07
1999-06-01,8.63
1999-06-02,8.662
1999-06-03,9.094
1999-06-04,8.636
1999-06-05,8.584
1999-06-06,8.784
1999-06-07,8.742
1999-06-08,8.5
1999-06-09,8.532
1999-06-10,8.452
1999-06-11,8.622
1999-06-12,8.786
1999-06-13,8.754
1999-06-14,8.534
1999-06-15,8.43
1999-06-16,8.394
1999-06-17,8.364
1999-06-18,8.334
1999-06-19,8.326
1999-06-20,8.386
1999-06-21,8.536
1999-06-22,8.692
1999-06-23,10.036
1999-06-24,11.114
1999-06-25,10.42
1999-06-26,11.566
1999-06-27,11.34
1999-06-28,9.672
1999-06-29,10.038
1999-06-30,10.696
1999-07-01,10.622
1999-07-02,9.648
1999-07-03,9.352
1999-07-04,9.216
1999-07-05,9.006
1999-07-06,8.91
1999-07-07,8.994
1999-07-08,8.986
1999-07-09,9
1999-07-10,9.786
1999-07-11,12.236
1999-07-12,12.492
1999-07-13,11.29
1999-07-14,9.99
1999-07-15,9.642
1999-07-16,9.4
1999-07-17,9.23
1999-07-18,9.214
1999-07-19,9.644
1999-07-20,11.746
1999-07-21,10.662
1999-07-22,9.938
1999-07-23,9.626
1999-07-24,9.314
1999-07-25,9.142
1999-07-26,9.772
1999-07-27,9.688
1999-07-28,9.384
1999-07-29,9.214
1999-07-30,9.28
1999-07-31,9.678
1999-08-01,9.056
1999-08-02,9.134
1999-08-03,9.064
1999-08-04,9.106
1999-08-05,8.924
1999-08-06,8.994
1999-08-07,8.872
1999-08-08,8.812
1999-08-09,9.018
1999-08-10,10.408
1999-08-11,9.876
1999-08-12,10.214
1999-08-13,10.732
1999-08-14,10.642
1999-08-15,9.682
1999-08-16,9.438
1999-08-17,9.574
1999-08-18,9.242
1999-08-19,9.116
1999-08-20,9.102
1999-08-21,9.494
1999-08-22,9.254
1999-08-23,9
1999-08-24,8.952
1999-08-25,9.088
1999-08-26,9.298
1999-08-27,9.25
1999-08-28,9.808
1999-08-29,9.646
1999-08-30,9.18
1999-08-31,9.134
1999-09-01,9.028
1999-09-02,8.922
1999-09-03,8.858
1999-09-04,8.824
1999-09-05,8.846
1999-09-06,8.916
1999-09-07,9.112
1999-09-08,9.106
1999-09-09,10.222
1999-09-10,9.344
1999-09-11,9.876
1999-09-12,9.31
1999-09-13,9.106
1999-09-14,8.996
1999-09-15,8.97
1999-09-16,8.994
1999-09-17,8.97
1999-09-18,9.018
1999-09-19,9.22
1999-09-20,8.946
1999-09-21,9.024
1999-09-22,9.282
1999-09-23,9.518
1999-09-24,9.08
1999-09-25,8.962
1999-09-26,8.85
1999-09-27,8.792
1999-09-28,8.78
1999-09-29,8.786
1999-09-30,8.71
1999-10-01,8.748
1999-10-02,8.704
1999-10-03,8.682
1999-10-04,9.176
1999-10-05,8.792
1999-10-06,8.734
1999-10-07,8.85
1999-10-08,8.874
1999-10-09,9.032
1999-10-10,8.778
1999-10-11,8.684
1999-10-12,8.644
1999-10-13,8.642
1999-10-14,8.666
1999-10-15,8.634
1999-10-16,8.604
1999-10-17,8.66
1999-10-18,9.126
1999-10-19,10.3
1999-10-20,9.244
1999-10-21,9.414
1999-10-22,9.156
1999-10-23,8.86
1999-10-24,8.728
1999-10-25,8.744
1999-10-26,8.706
1999-10-27,8.684
1999-10-28,8.676
1999-10-29,8.842
1999-10-30,8.754
1999-10-31,8.684
1999-11-01,8.704
1999-11-02,8.7
1999-11-03,8.652
1999-11-04,8.626
1999-11-05,8.61
1999-11-06,8.6
1999-11-07,8.59
1999-11-08,8.58
1999-11-09,8.576
1999-11-10,8.56
1999-11-11,8.55
1999-11-12,8.55
1999-11-13,8.54
1999-11-14,8.54
1999-11-15,8.54
1999-11-16,8.53
1999-11-17,8.53
1999-11-18,8.524
1999-11-19,8.52
1999-11-20,8.52
1999-11-21,8.51
1999-11-22,8.51
1999-11-23,8.51
1999-11-24,8.5
1999-11-25,8.5
1999-11-26,8.49
1999-11-27,8.49
1999-11-28,8.48
1999-11-29,8.48
1999-11-30,8.48
1999-12-01,8.47
1999-12-02,8.47
1999-12-03,8.46
1999-12-04,8.46
1999-12-05,8.46
1999-12-06,8.46
1999-12-07,8.45
1999-12-08,8.45
1999-12-09,8.444
1999-12-10,8.494
1999-12-11,8.616
1999-12-12,8.7
1999-12-13,8.532
1999-12-14,8.484
1999-12-15,8.46
1999-12-16,8.45
1999-12-17,8.444
1999-12-18,8.446
1999-12-19,8.432
1999-12-20,8.43
1999-12-21,8.424
1999-12-22,8.42
1999-12-23,8.42
1999-12-24,8.42
1999-12-25,8.41
1999-12-26,8.41
1999-12-27,8.41
1999-12-28,8.4
1999-12-29,8.4
1999-12-30,8.39
1999-12-31,8.39
2000-01-01,8.38
2000-01-02,8.38
2000-01-03,8.386
2000-01-04,8.39
2000-01-05,8.39
2000-01-06,8.38
2000-01-07,8.38
2000-01-08,8.37
2000-01-09,8.384
2000-01-10,8.374
2000-01-11,8.364
2000-01-12,8.37
2000-01-13,8.37
2000-01-14,8.368
2000-01-15,8.366
2000-01-16,8.38
2000-01-17,8.36
2000-01-18,8.37
2000-01-19,8.35
2000-01-20,8.36
2000-01-21,8.366
2000-01-22,8.456
2000-01-23,8.442
2000-01-24,8.55
2000-01-25,8.55
2000-01-26,8.448
2000-01-27,8.396
2000-01-28,8.38
2000-01-29,8.37
2000-01-30,8.574
2000-01-31,8.49
2000-02-01,8.422
2000-02-02,8.4
2000-02-03,8.38
2000-02-04,8.538
2000-02-05,8.792
2000-02-06,8.922
2000-02-07,8.606
2000-02-08,8.484
2000-02-09,8.424
2000-02-10,8.398
2000-02-11,8.384
2000-02-12,8.368
2000-02-13,8.364
2000-02-14,8.36
2000-02-15,8.35
2000-02-16,8.34
2000-02-17,8.334
2000-02-18,8.346
2000-02-19,8.34
2000-02-20,8.33
2000-02-21,8.33
2000-02-22,8.32
2000-02-23,8.316
2000-02-24,8.31
2000-02-25,8.302
2000-02-26,8.3
2000-02-27,8.306
2000-02-28,8.31
2000-02-29,8.31
2000-03-01,8.314
2000-03-02,8.342
2000-03-03,8.756
2000-03-04,8.63
2000-03-05,8.444
2000-03-06,8.396
2000-03-07,8.374
2000-03-08,8.356
2000-03-09,8.552
2000-03-10,8.582
2000-03-11,8.434
2000-03-12,8.37
2000-03-13,9.274
2000-03-14,10.444
2000-03-15,10.28
2000-03-16,9.048
2000-03-17,8.664
2000-03-18,8.526
2000-03-19,8.452
2000-03-20,8.426
2000-03-21,8.394
2000-03-22,8.362
2000-03-23,8.334
2000-03-24,8.324
2000-03-25,8.302
2000-03-26,8.29
2000-03-27,8.284
2000-03-28,8.27
2000-03-29,8.26
2000-03-30,8.26
2000-03-31,8.26
2000-04-01,8.25
2000-04-02,8.26
2000-04-03,8.26
2000-04-04,8.25
2000-04-05,8.236
2000-04-06,8.22
2000-04-07,8.214
2000-04-08,8.214
2000-04-09,8.224
2000-04-10,8.216
2000-04-11,8.206
2000-04-12,8.254
2000-04-13,8.326
2000-04-14,8.252
2000-04-15,8.266
2000-04-16,8.302
2000-04-17,8.264
2000-04-18,8.218
2000-04-19,8.2
2000-04-20,8.21
2000-04-21,8.326
2000-04-22,8.314
2000-04-23,8.32
2000-04-24,8.576
2000-04-25,10.056
2000-04-26,9.608
2000-04-27,9.546
2000-04-28,8.92
2000-04-29,10.834
2000-04-30,9.492
2000-05-01,8.882
2000-05-02,10.516
2000-05-03,9.652
2000-05-04,9.158
2000-05-05,8.846
2000-05-06,8.724
2000-05-07,8.734
2000-05-08,8.608
2000-05-09,8.536
2000-05-10,8.496
2000-05-11,8.686
2000-05-12,8.7
2000-05-13,8.5
2000-05-14,8.446
2000-05-15,8.47
2000-05-16,8.436
2000-05-17,8.57
2000-05-18,8.86
2000-05-19,9.188
2000-05-20,10.102
2000-05-21,9.806
2000-05-22,9.26
2000-05-23,8.916
2000-05-24,9.312
2000-05-25,10.172
2000-05-26,11.384
2000-05-27,10.794
2000-05-28,10.258
2000-05-29,9.968
2000-05-30,9.332
2000-05-31,9.182
2000-06-01,8.976
2000-06-02,9.254
2000-06-03,8.844
2000-06-04,8.73
2000-06-05,8.756
2000-06-06,9.066
2000-06-07,8.91
2000-06-08,9.138
2000-06-09,8.94
2000-06-10,9.21
2000-06-11,10.026
2000-06-12,9.634
2000-06-13,9.424
2000-06-14,8.984
2000-06-15,9.484
2000-06-16,9.412
2000-06-17,11.576
2000-06-18,10.01
2000-06-19,9.186
2000-06-20,9.28
2000-06-21,9.258
2000-06-22,9.078
2000-06-23,9.228
2000-06-24,10.968
2000-06-25,10.74
2000-06-26,9.856
2000-06-27,9.494
2000-06-28,9.33
2000-06-29,9.124
2000-06-30,8.95
2000-07-01,8.87
2000-07-02,8.826
2000-07-03,8.77
2000-07-04,8.746
2000-07-05,8.71
2000-07-06,8.674
2000-07-07,9.158
2000-07-08,8.93
2000-07-09,8.814
2000-07-10,8.758
2000-07-11,8.656
2000-07-12,8.69
2000-07-13,8.678
2000-07-14,8.744
2000-07-15,8.78
2000-07-16,8.816
2000-07-17,8.682
2000-07-18,9.102
2000-07-19,11.092
2000-07-20,10.352
2000-07-21,9.778
2000-07-22,9.446
2000-07-23,9.026
2000-07-24,9.186
2000-07-25,9.23
2000-07-26,9.102
2000-07-27,9.062
2000-07-28,8.884
2000-07-29,8.798
2000-07-30,8.746
2000-07-31,8.92
2000-08-01,9.372
2000-08-02,10.53
2000-08-03,11.762
2000-08-04,10.77
2000-08-05,9.772
2000-08-06,9.422
2000-08-07,9.448
2000-08-08,9.86
2000-08-09,9.436
2000-08-10,9.242
2000-08-11,9.336
2000-08-12,9.072
2000-08-13,9.152
2000-08-14,9.368
2000-08-15,10.852
2000-08-16,11.99
2000-08-17,10.696
2000-08-18,9.666
2000-08-19,9.366
2000-08-20,9.204
2000-08-21,9.126
2000-08-22,9.044
2000-08-23,10.066
2000-08-24,9.474
2000-08-25,9.11
2000-08-26,10.418
2000-08-27,9.414
2000-08-28,9.064
2000-08-29,8.968
2000-08-30,9.068
2000-08-31,9.116
2000-09-01,9.676
2000-09-02,9.234
2000-09-03,9.06
2000-09-04,9.042
2000-09-05,8.97
2000-09-06,9.046
2000-09-07,8.856
2000-09-08,8.8
2000-09-09,8.83
2000-09-10,9.078
2000-09-11,8.99
2000-09-12,8.81
2000-09-13,8.748
2000-09-14,8.722
2000-09-15,8.736
2000-09-16,8.732
2000-09-17,8.906
2000-09-18,9.138
2000-09-19,8.852
2000-09-20,8.748
2000-09-21,8.762
2000-09-22,8.734
2000-09-23,8.68
2000-09-24,8.77
2000-09-25,8.816
2000-09-26,8.884
2000-09-27,8.768
2000-09-28,8.692
2000-09-29,8.65
2000-09-30,8.628
2000-10-01,9.368
2000-10-02,9.552
2000-10-03,9.554
2000-10-04,9.254
2000-10-05,8.868
2000-10-06,8.776
2000-10-07,9.008
2000-10-08,8.78
2000-10-09,8.702
2000-10-10,8.666
2000-10-11,8.632
2000-10-12,8.61
2000-10-13,8.604
2000-10-14,8.586
2000-10-15,8.564
2000-10-16,8.55
2000-10-17,8.546
2000-10-18,8.736
2000-10-19,8.592
2000-10-20,8.556
2000-10-21,8.532
2000-10-22,8.752
2000-10-23,8.592
2000-10-24,8.554
2000-10-25,8.53
2000-10-26,8.52
2000-10-27,8.578
2000-10-28,9.278
2000-10-29,9.752
2000-10-30,8.876
2000-10-31,8.706
2000-11-01,8.636
2000-11-02,8.604
2000-11-03,8.576
2000-11-04,8.56
2000-11-05,8.55
2000-11-06,8.54
2000-11-07,8.54
2000-11-08,8.53
2000-11-09,8.52
2000-11-10,8.52
2000-11-11,8.51
2000-11-12,8.51
2000-11-13,8.504
2000-11-14,8.494
2000-11-15,8.5
2000-11-16,8.49
2000-11-17,8.486
2000-11-18,8.48
2000-11-19,8.48
2000-11-20,8.47
2000-11-21,8.47
2000-11-22,8.46
2000-11-23,8.46
2000-11-24,8.45
2000-11-25,8.45
2000-11-26,8.45
2000-11-27,8.44
2000-11-28,8.446
2000-11-29,8.65
2000-11-30,8.502
2000-12-01,8.476
2000-12-02,8.454
2000-12-03,8.44
2000-12-04,8.44
2000-12-05,8.43
2000-12-06,8.42
2000-12-07,8.42
2000-12-08,8.42
2000-12-09,8.41
2000-12-10,8.41
2000-12-11,8.41
2000-12-12,8.404
2000-12-13,8.4
2000-12-14,8.4
2000-12-15,8.4
2000-12-16,8.39
2000-12-17,8.39
2000-12-18,8.38
2000-12-19,8.38
2000-12-20,8.38
2000-12-21,8.37
2000-12-22,8.37
2000-12-23,8.36
2000-12-24,8.35
2000-12-25,8.35
2000-12-26,8.34
2000-12-27,8.34
2000-12-28,8.34
2000-12-29,8.33
2000-12-30,8.33
2000-12-31,8.32
2001-01-01,8.324
2001-01-02,8.322
2001-01-03,8.32
2001-01-04,8.32
2001-01-05,8.322
2001-01-06,8.316
2001-01-07,8.316
2001-01-08,8.32
2001-01-09,8.316
2001-01-10,8.31
2001-01-11,8.31
2001-01-12,8.3
2001-01-13,8.3
2001-01-14,8.3
2001-01-15,8.29
2001-01-16,8.29
2001-01-17,8.3
2001-01-18,8.3
2001-01-19,8.29
2001-01-20,8.29
2001-01-21,8.286
2001-01-22,8.28
2001-01-23,8.28
2001-01-24,8.28
2001-01-25,8.27
2001-01-26,8.27
2001-01-27,8.276
2001-01-28,8.27
2001-01-29,8.26
2001-01-30,8.26
2001-01-31,8.26
2001-02-01,8.26
2001-02-02,8.27
2001-02-03,8.27
2001-02-04,8.266
2001-02-05,8.25
2001-02-06,8.25
2001-02-07,8.236
2001-02-08,8.244
2001-02-09,8.236
2001-02-10,8.24
2001-02-11,8.238
2001-02-12,8.218
2001-02-13,8.206
2001-02-14,8.214
2001-02-15,8.2
2001-02-16,8.2
2001-02-17,8.19
2001-02-18,8.2
2001-02-19,8.19
2001-02-20,8.184
2001-02-21,8.18
2001-02-22,8.268
2001-02-23,8.372
2001-02-24,8.268
2001-02-25,8.25
2001-02-26,8.24
2001-02-27,8.226
2001-02-28,8.274
2001-03-01,8.406
2001-03-02,8.284
2001-03-03,8.248
2001-03-04,8.22
2001-03-05,8.194
2001-03-06,8.194
2001-03-07,8.2
2001-03-08,8.17
2001-03-09,8.152
2001-03-10,8.162
2001-03-11,8.168
2001-03-12,8.152
2001-03-13,8.156
2001-03-14,8.154
2001-03-15,8.144
2001-03-16,8.144
2001-03-17,8.14
2001-03-18,8.15
2001-03-19,8.144
2001-03-20,8.124
2001-03-21,8.11
2001-03-22,8.136
2001-03-23,8.138
2001-03-24,8.134
2001-03-25,8.13
2001-03-26,8.126
2001-03-27,8.114
2001-03-28,8.378
2001-03-29,8.304
2001-03-30,8.222
2001-03-31,8.182
2001-04-01,8.17
2001-04-02,8.272
2001-04-03,8.28
2001-04-04,8.192
2001-04-05,8.156
2001-04-06,8.144
2001-04-07,8.14
2001-04-08,8.126
2001-04-09,8.124
2001-04-10,8.13
2001-04-11,8.124
2001-04-12,8.12
2001-04-13,8.11
2001-04-14,8.146
2001-04-15,8.144
2001-04-16,8.122
2001-04-17,8.084
2001-04-18,8.142
2001-04-19,8.104
2001-04-20,8.128
2001-04-21,8.124
2001-04-22,8.106
2001-04-23,8.084
2001-04-24,8.072
2001-04-25,8.066
2001-04-26,8.06
2001-04-27,8.05
2001-04-28,8.06
2001-04-29,8.18
2001-04-30,9.184
2001-05-01,8.88
2001-05-02,8.508
2001-05-03,8.59
2001-05-04,8.688
2001-05-05,8.684
2001-05-06,8.428
2001-05-07,8.344
2001-05-08,8.59
2001-05-09,8.54
2001-05-10,9.4
2001-05-11,9.878
2001-05-12,9.834
2001-05-13,9.164
2001-05-14,8.608
2001-05-15,8.444
2001-05-16,8.78
2001-05-17,8.718
2001-05-18,8.424
2001-05-19,8.356
2001-05-20,8.344
2001-05-21,8.444
2001-05-22,8.418
2001-05-23,8.448
2001-05-24,8.334
2001-05-25,8.292
2001-05-26,8.26
2001-05-27,8.256
2001-05-28,8.228
2001-05-29,8.554
2001-05-30,8.644
2001-05-31,8.426
2001-06-01,8.38
2001-06-02,8.628
2001-06-03,8.576
2001-06-04,8.542
2001-06-05,9.408
2001-06-06,10.928
2001-06-07,11.434
2001-06-08,11.006
2001-06-09,10.316
2001-06-10,9.258
2001-06-11,8.964
2001-06-12,8.798
2001-06-13,8.66
2001-06-14,8.728
2001-06-15,10.214
2001-06-16,10.554
2001-06-17,9.796
2001-06-18,9.486
2001-06-19,9.91
2001-06-20,10.7
2001-06-21,10.148
2001-06-22,9.27
2001-06-23,8.984
2001-06-24,8.928
2001-06-25,8.776
2001-06-26,8.692
2001-06-27,8.654
2001-06-28,8.632
2001-06-29,8.632
2001-06-30,8.686
2001-07-01,9.082
2001-07-02,8.794
2001-07-03,8.626
2001-07-04,8.552
2001-07-05,8.582
2001-07-06,8.566
2001-07-07,8.464
2001-07-08,8.454
2001-07-09,8.424
2001-07-10,8.416
2001-07-11,8.41
2001-07-12,8.444
2001-07-13,8.556
2001-07-14,8.65
2001-07-15,8.552
2001-07-16,8.538
2001-07-17,8.572
2001-07-18,8.538
2001-07-19,8.458
2001-07-20,8.514
2001-07-21,9.636
2001-07-22,9.304
2001-07-23,8.702
2001-07-24,8.534
2001-07-25,8.53
2001-07-26,8.7
2001-07-27,9.062
2001-07-28,10.028
2001-07-29,11.7
2001-07-30,12.35
2001-07-31,11.35
2001-08-01,10.322
2001-08-02,9.95
2001-08-03,9.476
2001-08-04,9.156
2001-08-05,9.846
2001-08-06,11.03
2001-08-07,9.898
2001-08-08,9.792
2001-08-09,10.534
2001-08-10,9.524
2001-08-11,9.244
2001-08-12,9.102
2001-08-13,9.144
2001-08-14,8.964
2001-08-15,8.882
2001-08-16,8.826
2001-08-17,8.844
2001-08-18,8.784
2001-08-19,8.778
2001-08-20,9.214
2001-08-21,8.868
2001-08-22,8.764
2001-08-23,8.696
2001-08-24,8.658
2001-08-25,8.86
2001-08-26,9.11
2001-08-27,10.192
2001-08-28,9.542
2001-08-29,10.438
2001-08-30,10.152
2001-08-31,9.5
2001-09-01,8.95
2001-09-02,9.104
2001-09-03,9.308
2001-09-04,9.176
2001-09-05,8.846
2001-09-06,8.784
2001-09-07,8.816
2001-09-08,8.84
2001-09-09,8.844
2001-09-10,8.842
2001-09-11,8.742
2001-09-12,8.712
2001-09-13,8.658
2001-09-14,8.624
2001-09-15,8.606
2001-09-16,8.596
2001-09-17,8.826
2001-09-18,9.072
2001-09-19,10.33
2001-09-20,9.282
2001-09-21,8.86
2001-09-22,8.744
2001-09-23,8.704
2001-09-24,9.502
2001-09-25,9.166
2001-09-26,8.952
2001-09-27,9.032
2001-09-28,8.778
2001-09-29,8.824
2001-09-30,8.716
2001-10-01,8.75
2001-10-02,8.792
2001-10-03,9.588
2001-10-04,9.268
2001-10-05,8.846
2001-10-06,8.9
2001-10-07,8.912
2001-10-08,8.718
2001-10-09,8.69
2001-10-10,8.746
2001-10-11,8.676
2001-10-12,8.692
2001-10-13,8.76
2001-10-14,8.806
2001-10-15,8.748
2001-10-16,8.618
2001-10-17,9.078
2001-10-18,9.392
2001-10-19,10.012
2001-10-20,8.944
2001-10-21,8.752
2001-10-22,8.686
2001-10-23,8.642
2001-10-24,8.612
2001-10-25,8.59
2001-10-26,8.576
2001-10-27,8.788
2001-10-28,9.232
2001-10-29,8.746
2001-10-30,8.678
2001-10-31,8.86
2001-11-01,9.06
2001-11-02,8.704
2001-11-03,8.626
2001-11-04,8.584
2001-11-05,8.566
2001-11-06,8.54
2001-11-07,8.8
2001-11-08,8.694
2001-11-09,8.586
2001-11-10,8.556
2001-11-11,8.59
2001-11-12,9.64
2001-11-13,9.324
2001-11-14,8.774
2001-11-15,8.65
2001-11-16,8.604
2001-11-17,8.576
2001-11-18,8.554
2001-11-19,8.54
2001-11-20,8.536
2001-11-21,8.516
2001-11-22,8.51
2001-11-23,8.508
2001-11-24,8.502
2001-11-25,8.49
2001-11-26,8.48
2001-11-27,8.468
2001-11-28,8.456
2001-11-29,8.45
2001-11-30,8.44
2001-12-01,8.434
2001-12-02,8.432
2001-12-03,8.43
2001-12-04,8.43
2001-12-05,8.42
2001-12-06,8.42
2001-12-07,8.42
2001-12-08,8.42
2001-12-09,8.41
2001-12-10,8.404
2001-12-11,8.386
2001-12-12,8.38
2001-12-13,8.38
2001-12-14,8.37
2001-12-15,8.37
2001-12-16,8.37
2001-12-17,8.35
2001-12-18,8.358
2001-12-19,8.354
2001-12-20,8.342
2001-12-21,8.35
2001-12-22,8.342
2001-12-23,8.346
2001-12-24,8.34
2001-12-25,8.332
2001-12-26,8.32
2001-12-27,8.32
2001-12-28,8.316
2001-12-29,8.302
2001-12-30,8.304
2001-12-31,8.3
2002-01-01,8.3
2002-01-02,8.29
2002-01-03,8.28
2002-01-04,8.27
2002-01-05,8.28
2002-01-06,8.276
2002-01-07,8.28
2002-01-08,8.28
2002-01-09,8.27
2002-01-10,8.28
2002-01-11,8.27
2002-01-12,8.27
2002-01-13,8.26
2002-01-14,8.25
2002-01-15,8.25
2002-01-16,8.26
2002-01-17,8.26
2002-01-18,8.25
2002-01-19,8.25
2002-01-20,8.256
2002-01-21,8.26
2002-01-22,8.244
2002-01-23,8.246
2002-01-24,8.302
2002-01-25,8.286
2002-01-26,8.266
2002-01-27,8.244
2002-01-28,8.23
2002-01-29,8.256
2002-01-30,8.27
2002-01-31,8.282
2002-02-01,8.244
2002-02-02,8.226
2002-02-03,8.21
2002-02-04,8.204
2002-02-05,8.184
2002-02-06,8.174
2002-02-07,8.174
2002-02-08,8.164
2002-02-09,8.17
2002-02-10,8.17
2002-02-11,8.18
2002-02-12,8.17
2002-02-13,8.166
2002-02-14,8.166
2002-02-15,8.156
2002-02-16,8.14
2002-02-17,8.144
2002-02-18,8.14
2002-02-19,8.146
2002-02-20,8.142
2002-02-21,8.138
2002-02-22,8.138
2002-02-23,8.146
2002-02-24,8.132
2002-02-25,8.138
2002-02-26,8.126
2002-02-27,8.126
2002-02-28,8.13
2002-03-01,8.118
2002-03-02,8.122
2002-03-03,8.122
2002-03-04,8.148
2002-03-05,8.14
2002-03-06,8.128
2002-03-07,8.104
2002-03-08,8.106
2002-03-09,8.098
2002-03-10,8.104
2002-03-11,8.114
2002-03-12,8.11
2002-03-13,8.096
2002-03-14,8.09
2002-03-15,8.084
2002-03-16,8.09
2002-03-17,8.076
2002-03-18,8.08
2002-03-19,8.064
2002-03-20,8.074
2002-03-21,8.054
2002-03-22,8.054
2002-03-23,8.064
2002-03-24,8.154
2002-03-25,8.506
2002-03-26,8.38
2002-03-27,8.502
2002-03-28,8.56
2002-03-29,8.378
2002-03-30,8.268
2002-03-31,8.204
2002-04-01,8.17
2002-04-02,8.144
2002-04-03,8.538
2002-04-04,8.544
2002-04-05,8.304
2002-04-06,8.208
2002-04-07,8.146
2002-04-08,8.12
2002-04-09,8.118
2002-04-10,8.102
2002-04-11,8.074
2002-04-12,8.07
2002-04-13,8.048
2002-04-14,8.052
2002-04-15,8.05
2002-04-16,8.054
2002-04-17,8.04
2002-04-18,8.036
2002-04-19,8.02
2002-04-20,8.024
2002-04-21,8.01
2002-04-22,8.068
2002-04-23,8.17
2002-04-24,8.082
2002-04-25,8.062
2002-04-26,8.046
2002-04-27,8.166
2002-04-28,8.21
2002-04-29,8.11
2002-04-30,8.094
2002-05-01,8.088
2002-05-02,8.154
2002-05-03,8.11
2002-05-04,8.142
2002-05-05,8.138
2002-05-06,8.166
2002-05-07,8.524
2002-05-08,9.694
2002-05-09,9.406
2002-05-10,8.532
2002-05-11,8.336
2002-05-12,8.252
2002-05-13,8.214
2002-05-14,8.19
2002-05-15,8.114
2002-05-16,8.074
2002-05-17,8.034
2002-05-18,8.456
2002-05-19,8.3
2002-05-20,8.784
2002-05-21,8.388
2002-05-22,8.708
2002-05-23,9.676
2002-05-24,8.674
2002-05-25,8.356
2002-05-26,8.374
2002-05-27,9.706
2002-05-28,8.75
2002-05-29,8.446
2002-05-30,8.314
2002-05-31,8.412
2002-06-01,8.342
2002-06-02,9.174
2002-06-03,8.642
2002-06-04,9.014
2002-06-05,9.266
2002-06-06,8.63
2002-06-07,9.006
2002-06-08,9.54
2002-06-09,9.07
2002-06-10,8.648
2002-06-11,8.644
2002-06-12,8.586
2002-06-13,9.644
2002-06-14,11.246
2002-06-15,9.724
2002-06-16,9.2
2002-06-17,8.754
2002-06-18,8.57
2002-06-19,8.468
2002-06-20,8.412
2002-06-21,8.364
2002-06-22,8.38
2002-06-23,8.376
2002-06-24,9.98
2002-06-25,8.896
2002-06-26,8.624
2002-06-27,8.586
2002-06-28,8.634
2002-06-29,9.146
2002-06-30,9.226
2002-07-01,9.11
2002-07-02,10.458
2002-07-03,10.208
2002-07-04,10.096
2002-07-05,9.85
2002-07-06,10.138
2002-07-07,9.79
2002-07-08,10.032
2002-07-09,9.918
2002-07-10,10.434
2002-07-11,10.414
2002-07-12,9.398
2002-07-13,9.052
2002-07-14,8.93
2002-07-15,8.774
2002-07-16,9.396
2002-07-17,9.73
2002-07-18,9.07
2002-07-19,8.87
2002-07-20,9.204
2002-07-21,11.496
2002-07-22,12.136
2002-07-23,10.996
2002-07-24,10.832
2002-07-25,10.116
2002-07-26,9.636
2002-07-27,9.222
2002-07-28,9.074
2002-07-29,9.118
2002-07-30,9.42
2002-07-31,9.262
2002-08-01,9.002
2002-08-02,8.94
2002-08-03,9.832
2002-08-04,9.28
2002-08-05,9.16
2002-08-06,9.004
2002-08-07,9.712
2002-08-08,9.45
2002-08-09,9.11
2002-08-10,8.926
2002-08-11,9.156
2002-08-12,8.99
2002-08-13,8.828
2002-08-14,8.838
2002-08-15,8.994
2002-08-16,8.798
2002-08-17,9.188
2002-08-18,9.622
2002-08-19,9.31
2002-08-20,9.186
2002-08-21,9.054
2002-08-22,9.352
2002-08-23,9.14
2002-08-24,8.886
2002-08-25,9.178
2002-08-26,9.198
2002-08-27,9.374
2002-08-28,10.204
2002-08-29,10.258
2002-08-30,9.23
2002-08-31,8.904
2002-09-01,8.766
2002-09-02,8.726
2002-09-03,8.77
2002-09-04,8.7
2002-09-05,8.684
2002-09-06,9.554
2002-09-07,9.442
2002-09-08,9.008
2002-09-09,10.006
2002-09-10,9.242
2002-09-11,9.046
2002-09-12,8.798
2002-09-13,8.782
2002-09-14,8.69
2002-09-15,8.672
2002-09-16,8.632
2002-09-17,8.994
2002-09-18,8.668
2002-09-19,8.6
2002-09-20,8.67
2002-09-21,8.644
2002-09-22,8.81
2002-09-23,9.276
2002-09-24,8.878
2002-09-25,8.726
2002-09-26,8.616
2002-09-27,9.084
2002-09-28,9.492
2002-09-29,9.228
2002-09-30,8.816
2002-10-01,8.682
2002-10-02,8.712
2002-10-03,8.608
2002-10-04,8.574
2002-10-05,8.542
2002-10-06,8.52
2002-10-07,8.502
2002-10-08,8.496
2002-10-09,8.674
2002-10-10,8.678
2002-10-11,8.514
2002-10-12,8.492
2002-10-13,8.464
2002-10-14,8.48
2002-10-15,8.66
2002-10-16,8.738
2002-10-17,8.61
2002-10-18,8.502
2002-10-19,8.494
2002-10-20,10
2002-10-21,8.928
2002-10-22,8.546
2002-10-23,8.53
2002-10-24,8.5
2002-10-25,8.476
2002-10-26,8.47
2002-10-27,8.448
2002-10-28,8.434
2002-10-29,8.42
2002-10-30,8.414
2002-10-31,8.41
2002-11-01,8.39
2002-11-02,8.4
2002-11-03,8.4
2002-11-04,8.394
2002-11-05,8.41
2002-11-06,8.4
2002-11-07,8.37
2002-11-08,8.374
2002-11-09,8.37
2002-11-10,8.36
2002-11-11,8.35
2002-11-12,8.562
2002-11-13,9.522
2002-11-14,8.826
2002-11-15,8.498
2002-11-16,8.434
2002-11-17,8.402
2002-11-18,8.39
2002-11-19,8.38
2002-11-20,8.37
2002-11-21,8.36
2002-11-22,8.35
2002-11-23,8.342
2002-11-24,8.336
2002-11-25,8.34
2002-11-26,8.33
2002-11-27,8.32
2002-11-28,8.32
2002-11-29,8.31
2002-11-30,8.31
2002-12-01,8.31
2002-12-02,8.304
2002-12-03,8.29
2002-12-04,8.28
2002-12-05,8.29
2002-12-06,8.28
2002-12-07,8.28
2002-12-08,8.28
2002-12-09,8.28
2002-12-10,8.27
2002-12-11,8.27
2002-12-12,8.26
2002-12-13,8.26
2002-12-14,8.26
2002-12-15,8.26
2002-12-16,8.256
2002-12-17,8.25
2002-12-18,8.254
2002-12-19,8.25
2002-12-20,8.25
2002-12-21,8.24
2002-12-22,8.23
2002-12-23,8.22
2002-12-24,8.22
2002-12-25,8.22
2002-12-26,8.216
2002-12-27,8.214
2002-12-28,8.216
2002-12-29,8.216
2002-12-30,8.21
2002-12-31,8.21
2003-01-01,8.2
2003-01-02,8.194
2003-01-03,8.194
2003-01-04,8.19
2003-01-05,8.19
2003-01-06,8.19
2003-01-07,8.182
2003-01-08,8.186
2003-01-09,8.206
2003-01-10,8.19
2003-01-11,8.2
2003-01-12,8.19
2003-01-13,8.19
2003-01-14,8.196
2003-01-15,8.194
2003-01-16,8.194
2003-01-17,8.194
2003-01-18,8.162
2003-01-19,8.164
2003-01-20,8.16
2003-01-21,8.154
2003-01-22,8.146
2003-01-23,8.146
2003-01-24,8.148
2003-01-25,8.136
2003-01-26,8.146
2003-01-27,8.134
2003-01-28,8.128
2003-01-29,8.14
2003-01-30,8.144
2003-01-31,8.14
2003-02-01,8.144
2003-02-02,8.14
2003-02-03,8.114
2003-02-04,8.106
2003-02-05,8.11
2003-02-06,8.128
2003-02-07,8.102
2003-02-08,8.096
2003-02-09,8.106
2003-02-10,8.1
2003-02-11,8.088
2003-02-12,8.078
2003-02-13,8.142
2003-02-14,8.432
2003-02-15,8.202
2003-02-16,8.11
2003-02-17,8.084
2003-02-18,8.074
2003-02-19,8.07
2003-02-20,8.066
2003-02-21,8.034
2003-02-22,8.044
2003-02-23,8.05
2003-02-24,8.028
2003-02-25,8.038
2003-02-26,8.04
2003-02-27,8.14
2003-02-28,8.136
2003-03-01,8.112
2003-03-02,8.072
2003-03-03,8.064
2003-03-04,8.042
2003-03-05,8.012
2003-03-06,7.99
2003-03-07,7.996
2003-03-08,7.99
2003-03-09,8.004
2003-03-10,7.972
2003-03-11,8.008
2003-03-12,7.984
2003-03-13,8.082
2003-03-14,8.118
2003-03-15,8.238
2003-03-16,8.19
2003-03-17,8.382
2003-03-18,8.462
2003-03-19,8.24
2003-03-20,8.15
2003-03-21,8.108
2003-03-22,8.078
2003-03-23,8.056
2003-03-24,8.016
2003-03-25,7.996
2003-03-26,8
2003-03-27,8.062
2003-03-28,8.064
2003-03-29,8.02
2003-03-30,8.036
2003-03-31,8.234
2003-04-01,8.868
2003-04-02,9.15
2003-04-03,8.482
2003-04-04,8.224
2003-04-05,8.218
2003-04-06,8.124
2003-04-07,8.062
2003-04-08,8.026
2003-04-09,8.002
2003-04-10,7.974
2003-04-11,7.97
2003-04-12,7.964
2003-04-13,7.938
2003-04-14,7.906
2003-04-15,8
2003-04-16,7.974
2003-04-17,7.882
2003-04-18,7.89
2003-04-19,7.974
2003-04-20,7.92
2003-04-21,8.324
2003-04-22,8.2
2003-04-23,8.128
2003-04-24,8.058
2003-04-25,8.002
2003-04-26,7.96
2003-04-27,7.932
2003-04-28,7.936
2003-04-29,7.962
2003-04-30,7.928
2003-05-01,7.914
2003-05-02,8.002
2003-05-03,7.986
2003-05-04,7.678
2003-05-05,9.2
2003-05-06,8.896
2003-05-07,8.412
2003-05-08,8.248
2003-05-09,8.134
2003-05-10,8.104
2003-05-11,8.074
2003-05-12,8.042
2003-05-13,8.02
2003-05-14,8.006
2003-05-15,8.002
2003-05-16,8.004
2003-05-17,7.98
2003-05-18,7.972
2003-05-19,7.966
2003-05-20,7.95
2003-05-21,8.172
2003-05-22,8.106
2003-05-23,8.034
2003-05-24,8.198
2003-05-25,8.738
2003-05-26,8.264
2003-05-27,8.15
2003-05-28,8.07
2003-05-29,8.288
2003-05-30,8.14
2003-05-31,8.038
2003-06-01,8.004
2003-06-02,7.99
2003-06-03,7.978
2003-06-04,8.044
2003-06-05,8.5
2003-06-06,9.59
2003-06-07,8.598
2003-06-08,9.198
2003-06-09,8.512
2003-06-10,11.04
2003-06-11,10.464
2003-06-12,9.318
2003-06-13,8.704
2003-06-14,8.456
2003-06-15,8.386
2003-06-16,8.802
2003-06-17,8.598
2003-06-18,8.388
2003-06-19,8.35
2003-06-20,8.264
2003-06-21,9.022
2003-06-22,12.184
2003-06-23,11.45
2003-06-24,9.704
2003-06-25,9.04
2003-06-26,9.466
2003-06-27,10.966
2003-06-28,10.282
2003-06-29,13.12
2003-06-30,11.592
2003-07-01,10.624
2003-07-02,10.426
2003-07-03,9.484
2003-07-04,9.146
2003-07-05,8.966
2003-07-06,9.27
2003-07-07,9.04
2003-07-08,8.946
2003-07-09,8.9
2003-07-10,8.75
2003-07-11,8.508
2003-07-12,9.008
2003-07-13,10.636
2003-07-14,10.586
2003-07-15,8.946
2003-07-16,8.542
2003-07-17,8.754
2003-07-18,8.412
2003-07-19,8.322
2003-07-20,8.386
2003-07-21,8.528
2003-07-22,8.512
2003-07-23,8.358
2003-07-24,8.256
2003-07-25,8.846
2003-07-26,8.888
2003-07-27,8.612
2003-07-28,8.332
2003-07-29,8.4
2003-07-30,10.298
2003-07-31,9.432
2003-08-01,8.926
2003-08-02,8.776
2003-08-03,8.698
2003-08-04,8.568
2003-08-05,8.556
2003-08-06,8.514
2003-08-07,8.474
2003-08-08,8.516
2003-08-09,8.56
2003-08-10,8.924
2003-08-11,11.586
2003-08-12,10.05
2003-08-13,9.44
2003-08-14,8.962
2003-08-15,8.902
2003-08-16,8.952
2003-08-17,8.696
2003-08-18,8.698
2003-08-19,8.638
2003-08-20,8.586
2003-08-21,8.59
2003-08-22,8.544
2003-08-23,8.52
2003-08-24,8.524
2003-08-25,8.496
2003-08-26,9.32
2003-08-27,8.854
2003-08-28,8.546
2003-08-29,8.516
2003-08-30,8.546
2003-08-31,8.518
2003-09-01,8.446
2003-09-02,8.448
2003-09-03,8.576
2003-09-04,8.48
2003-09-05,8.406
2003-09-06,8.352
2003-09-07,8.32
2003-09-08,8.604
2003-09-09,8.474
2003-09-10,8.4
2003-09-11,9.27
2003-09-12,9.292
2003-09-13,8.67
2003-09-14,8.638
2003-09-15,8.542
2003-09-16,8.524
2003-09-17,8.702
2003-09-18,9.254
2003-09-19,8.972
2003-09-20,8.852
2003-09-21,8.802
2003-09-22,8.832
2003-09-23,8.778
2003-09-24,9.004
2003-09-25,8.748
2003-09-26,8.56
2003-09-27,9.248
2003-09-28,8.75
2003-09-29,8.8
2003-09-30,8.922
2003-10-01,8.654
2003-10-02,8.852
2003-10-03,8.668
2003-10-04,8.494
2003-10-05,8.476
2003-10-06,8.432
2003-10-07,9.264
2003-10-08,8.672
2003-10-09,10.344
2003-10-10,9.198
2003-10-11,9.134
2003-10-12,8.738
2003-10-13,8.604
2003-10-14,8.536
2003-10-15,8.5
2003-10-16,8.488
2003-10-17,8.444
2003-10-18,8.438
2003-10-19,8.578
2003-10-20,8.43
2003-10-21,8.432
2003-10-22,8.618
2003-10-23,8.422
2003-10-24,8.39
2003-10-25,8.958
2003-10-26,8.518
2003-10-27,8.414
2003-10-28,8.388
2003-10-29,8.42
2003-10-30,8.374
2003-10-31,8.348
2003-11-01,8.34
2003-11-02,8.336
2003-11-03,8.33
2003-11-04,8.32
2003-11-05,8.316
2003-11-06,8.31
2003-11-07,8.31
2003-11-08,8.31
2003-11-09,8.3
2003-11-10,8.3
2003-11-11,8.29
2003-11-12,8.28
2003-11-13,8.28
2003-11-14,8.268
2003-11-15,8.256
2003-11-16,8.266
2003-11-17,8.26
2003-11-18,8.26
2003-11-19,8.25
2003-11-20,8.25
2003-11-21,8.25
2003-11-22,8.25
2003-11-23,8.24
2003-11-24,8.234
2003-11-25,8.236
2003-11-26,8.232
2003-11-27,8.236
2003-11-28,8.23
2003-11-29,8.23
2003-11-30,8.24
2003-12-01,8.234
2003-12-02,8.23
2003-12-03,8.23
2003-12-04,8.244
2003-12-05,8.28
2003-12-06,8.268
2003-12-07,8.26
2003-12-08,8.264
2003-12-09,8.262
2003-12-10,8.26
2003-12-11,8.258
2003-12-12,8.252
2003-12-13,8.256
2003-12-14,8.25
2003-12-15,8.244
2003-12-16,8.24
2003-12-17,8.252
2003-12-18,8.298
2003-12-19,9.128
2003-12-20,8.98
2003-12-21,8.512
2003-12-22,8.312
2003-12-23,8.244
2003-12-24,8.206
2003-12-25,8.19
2003-12-26,8.186
2003-12-27,8.174
2003-12-28,8.17
2003-12-29,8.194
2003-12-30,8.172
2003-12-31,8.16
2004-01-01,8.16
2004-01-02,8.15
2004-01-03,8.15
2004-01-04,8.146
2004-01-05,8.14
2004-01-06,8.14
2004-01-07,8.14
2004-01-08,8.13
2004-01-09,8.118
2004-01-10,8.112
2004-01-11,8.118
2004-01-12,8.108
2004-01-13,8.1
2004-01-14,8.1
2004-01-15,8.09
2004-01-16,8.08
2004-01-17,8.106
2004-01-18,8.116
2004-01-19,8.116
2004-01-20,8.114
2004-01-21,8.116
2004-01-22,8.09
2004-01-23,8.09
2004-01-24,8.09
2004-01-25,8.09
2004-01-26,8.08
2004-01-27,8.08
2004-01-28,8.08
2004-01-29,8.07
2004-01-30,8.07
2004-01-31,8.06
2004-02-01,8.08
2004-02-02,8.08
2004-02-03,8.06
2004-02-04,8.078
2004-02-05,8.06
2004-02-06,8.052
2004-02-07,8.05
2004-02-08,8.05
2004-02-09,8.038
2004-02-10,8.04
2004-02-11,8.044
2004-02-12,8.032
2004-02-13,8.03
2004-02-14,8.026
2004-02-15,8.024
2004-02-16,8.02
2004-02-17,8.02
2004-02-18,8.02
2004-02-19,8.022
2004-02-20,8.026
2004-02-21,8.054
2004-02-22,8.036
2004-02-23,8.018
2004-02-24,8.008
2004-02-25,8.012
2004-02-26,8
2004-02-27,8
2004-02-28,8.002
2004-02-29,8.012
2004-03-01,8.01
2004-03-02,7.994
2004-03-03,7.986
2004-03-04,7.978
2004-03-05,7.972
2004-03-06,7.966
2004-03-07,7.984
2004-03-08,7.996
2004-03-09,7.994
2004-03-10,8.016
2004-03-11,8.06
2004-03-12,8.032
2004-03-13,8.006
2004-03-14,7.998
2004-03-15,7.99
2004-03-16,7.976
2004-03-17,7.958
2004-03-18,7.952
2004-03-19,7.982
2004-03-20,7.972
2004-03-21,7.968
2004-03-22,7.962
2004-03-23,7.96
2004-03-24,7.942
2004-03-25,7.934
2004-03-26,7.932
2004-03-27,7.934
2004-03-28,7.928
2004-03-29,7.912
2004-03-30,7.906
2004-03-31,7.92
2004-04-01,7.938
2004-04-02,7.95
2004-04-03,7.93
2004-04-04,8.184
2004-04-05,8.104
2004-04-06,8.036
2004-04-07,8.106
2004-04-08,8.05
2004-04-09,8.066
2004-04-10,8.458
2004-04-11,8.474
2004-04-12,8.11
2004-04-13,7.918
2004-04-14,7.872
2004-04-15,7.956
2004-04-16,7.904
2004-04-17,7.882
2004-04-18,7.862
2004-04-19,9.396
2004-04-20,9.868
2004-04-21,8.988
2004-04-22,8.442
2004-04-23,8.232
2004-04-24,8.17
2004-04-25,7.84
2004-04-26,7.7
2004-04-27,7.638
2004-04-28,7.604
2004-04-29,7.584
2004-04-30,7.552
2004-05-01,7.536
2004-05-02,7.522
2004-05-03,7.506
2004-05-04,7.484
2004-05-05,7.47
2004-05-06,7.454
2004-05-07,7.436
2004-05-08,7.43
2004-05-09,7.434
2004-05-10,7.43
2004-05-11,7.424
2004-05-12,7.434
2004-05-13,7.432
2004-05-14,7.428
2004-05-15,7.626
2004-05-16,8.382
2004-05-17,7.436
2004-05-18,7.432
2004-05-19,7.584
2004-05-20,7.462
2004-05-21,7.924
2004-05-22,8.288
2004-05-23,8.458
2004-05-24,8.658
2004-05-25,8.102
2004-05-26,7.956
2004-05-27,7.96
2004-05-28,8.032
2004-05-29,7.892
2004-05-30,8.326
2004-05-31,7.92
2004-06-01,7.87
2004-06-02,7.918
2004-06-03,8.596
2004-06-04,8.586
2004-06-05,8.172
2004-06-06,7.938
2004-06-07,7.85
2004-06-08,7.782
2004-06-09,7.784
2004-06-10,7.788
2004-06-11,7.806
2004-06-12,7.992
2004-06-13,8.058
2004-06-14,8.07
2004-06-15,8.134
2004-06-16,7.91
2004-06-17,7.818
2004-06-18,7.972
2004-06-19,7.928
2004-06-20,8.686
2004-06-21,10.846
2004-06-22,11.456
2004-06-23,10.054
2004-06-24,11.278
2004-06-25,10.712
2004-06-26,9.176
2004-06-27,8.986
2004-06-28,8.726
2004-06-29,8.354
2004-06-30,8.204
2004-07-01,8.248
2004-07-02,8.194
2004-07-03,8.136
2004-07-04,8.028
2004-07-05,8.212
2004-07-06,8.506
2004-07-07,9.26
2004-07-08,11.412
2004-07-09,9.99
2004-07-10,10.596
2004-07-11,9.32
2004-07-12,8.794
2004-07-13,8.572
2004-07-14,8.646
2004-07-15,8.658
2004-07-16,8.55
2004-07-17,8.368
2004-07-18,9.254
2004-07-19,9.594
2004-07-20,11.822
2004-07-21,9.962
2004-07-22,9.004
2004-07-23,9.594
2004-07-24,8.914
2004-07-25,8.792
2004-07-26,8.696
2004-07-27,8.584
2004-07-28,8.484
2004-07-29,9.034
2004-07-30,8.514
2004-07-31,8.368
2004-08-01,8.308
2004-08-02,8.302
2004-08-03,8.476
2004-08-04,8.512
2004-08-05,8.49
2004-08-06,8.632
2004-08-07,8.348
2004-08-08,8.422
2004-08-09,8.304
2004-08-10,8.23
2004-08-11,8.226
2004-08-12,8.398
2004-08-13,8.372
2004-08-14,8.342
2004-08-15,8.26
2004-08-16,8.226
2004-08-17,8.314
2004-08-18,8.454
2004-08-19,8.382
2004-08-20,8.308
2004-08-21,8.234
2004-08-22,8.156
2004-08-23,8.108
2004-08-24,8.1
2004-08-25,8.204
2004-08-26,8.214
2004-08-27,8.192
2004-08-28,8.154
2004-08-29,8.176
2004-08-30,8.284
2004-08-31,8.404
2004-09-01,8.218
2004-09-02,8.156
2004-09-03,8.19
2004-09-04,8.358
2004-09-05,8.34
2004-09-06,8.178
2004-09-07,8.084
2004-09-08,8.008
2004-09-09,8.11
2004-09-10,8.486
2004-09-11,8.886
2004-09-12,9.39
2004-09-13,11.906
2004-09-14,12.166
2004-09-15,10.9
2004-09-16,9.77
2004-09-17,9.308
2004-09-18,9.142
2004-09-19,8.924
2004-09-20,8.924
2004-09-21,9.374
2004-09-22,8.952
2004-09-23,9.626
2004-09-24,8.988
2004-09-25,9.064
2004-09-26,9.036
2004-09-27,8.8
2004-09-28,10.488
2004-09-29,9.534
2004-09-30,9.26
2004-10-01,8.906
2004-10-02,8.784
2004-10-03,9.424
2004-10-04,8.816
2004-10-05,9.228
2004-10-06,9.246
2004-10-07,9.68
2004-10-08,10.284
2004-10-09,9.73
2004-10-10,9.098
2004-10-11,8.898
2004-10-12,8.792
2004-10-13,8.73
2004-10-14,8.696
2004-10-15,8.836
2004-10-16,10.302
2004-10-17,9.428
2004-10-18,8.918
2004-10-19,8.784
2004-10-20,8.71
2004-10-21,8.66
2004-10-22,8.626
2004-10-23,8.61
2004-10-24,8.59
2004-10-25,8.568
2004-10-26,8.546
2004-10-27,8.536
2004-10-28,8.522
2004-10-29,8.506
2004-10-30,8.506
2004-10-31,8.51
2004-11-01,8.486
2004-11-02,8.48
2004-11-03,8.472
2004-11-04,8.47
2004-11-05,8.454
2004-11-06,8.446
2004-11-07,8.43
2004-11-08,8.43
2004-11-09,8.426
2004-11-10,8.42
2004-11-11,8.41
2004-11-12,8.4
2004-11-13,8.4
2004-11-14,8.4
2004-11-15,8.4
2004-11-16,8.39
2004-11-17,8.4
2004-11-18,8.39
2004-11-19,8.39
2004-11-20,8.39
2004-11-21,8.38
2004-11-22,8.368
2004-11-23,8.36
2004-11-24,8.36
2004-11-25,8.36
2004-11-26,8.35
2004-11-27,8.35
2004-11-28,8.35
2004-11-29,8.35
2004-11-30,8.34
2004-12-01,8.34
2004-12-02,8.34
2004-12-03,8.33
2004-12-04,8.33
2004-12-05,8.33
2004-12-06,8.32
2004-12-07,8.32
2004-12-08,8.31
2004-12-09,8.316
2004-12-10,8.304
2004-12-11,8.3
2004-12-12,8.3
2004-12-13,8.28
2004-12-14,8.296
2004-12-15,8.286
2004-12-16,8.272
2004-12-17,8.26
2004-12-18,8.26
2004-12-19,8.26
2004-12-20,8.278
2004-12-21,8.26
2004-12-22,8.362
2004-12-23,8.29
2004-12-24,8.26
2004-12-25,8.248
2004-12-26,8.246
2004-12-27,8.238
2004-12-28,8.244
2004-12-29,8.226
2004-12-30,8.226
2004-12-31,8.23
2005-01-01,8.224
2005-01-02,8.23
2005-01-03,8.23
2005-01-04,8.224
2005-01-05,8.23
2005-01-06,8.224
2005-01-07,8.22
2005-01-08,8.214
2005-01-09,8.216
2005-01-10,8.2
2005-01-11,8.196
2005-01-12,8.274
2005-01-13,8.25
2005-01-14,8.224
2005-01-15,8.21
2005-01-16,8.202
2005-01-17,8.194
2005-01-18,8.188
2005-01-19,8.18
2005-01-20,8.18
2005-01-21,8.176
2005-01-22,8.168
2005-01-23,8.154
2005-01-24,8.14
2005-01-25,8.146
2005-01-26,8.14
2005-01-27,8.134
2005-01-28,8.13
2005-01-29,8.13
2005-01-30,8.134
2005-01-31,8.138
2005-02-01,8.116
2005-02-02,8.11
2005-02-03,8.1
2005-02-04,8.1
2005-02-05,8.096
2005-02-06,8.09
2005-02-07,8.12
2005-02-08,8.1
2005-02-09,8.1
2005-02-10,8.1
2005-02-11,8.08
2005-02-12,8.08
2005-02-13,8.094
2005-02-14,8.106
2005-02-15,8.084
2005-02-16,8.066
2005-02-17,8.096
2005-02-18,8.09
2005-02-19,8.084
2005-02-20,8.08
2005-02-21,8.08
2005-02-22,8.07
2005-02-23,8.07
2005-02-24,8.07
2005-02-25,8.06
2005-02-26,8.05
2005-02-27,8.05
2005-02-28,8.05
2005-03-01,8.04
2005-03-02,8.036
2005-03-03,8.032
2005-03-04,8.04
2005-03-05,8.036
2005-03-06,8.032
2005-03-07,8.2
2005-03-08,8.152
2005-03-09,8.136
2005-03-10,8.112
2005-03-11,8.084
2005-03-12,8.092
2005-03-13,8.09
2005-03-14,8.08
2005-03-15,8.068
2005-03-16,8.042
2005-03-17,8.046
2005-03-18,8.04
2005-03-19,8.04
2005-03-20,8.024
2005-03-21,8.032
2005-03-22,8.004
2005-03-23,8.094
2005-03-24,9.23
2005-03-25,8.812
2005-03-26,8.394
2005-03-27,8.232
2005-03-28,9.236
2005-03-29,8.49
2005-03-30,8.266
2005-03-31,8.178
2005-04-01,8.16
2005-04-02,8.112
2005-04-03,8.052
2005-04-04,8.028
2005-04-05,8.022
2005-04-06,8
2005-04-07,7.992
2005-04-08,7.966
2005-04-09,7.75
2005-04-10,8.086
2005-04-11,8.554
2005-04-12,8.418
2005-04-13,8.204
2005-04-14,8.148
2005-04-15,8.058
2005-04-16,8.054
2005-04-17,8.04
2005-04-18,8.056
2005-04-19,8
2005-04-20,7.988
2005-04-21,8.048
2005-04-22,7.968
2005-04-23,7.956
2005-04-24,7.944
2005-04-25,7.992
2005-04-26,8.078
2005-04-27,8.21
2005-04-28,8.668
2005-04-29,9.276
2005-04-30,8.712
2005-05-01,8.276
2005-05-02,8.172
2005-05-03,8.078
2005-05-04,8.004
2005-05-05,8.1
2005-05-06,8.524
2005-05-07,8.2
2005-05-08,8.132
2005-05-09,9.05
2005-05-10,8.9
2005-05-11,8.332
2005-05-12,8.276
2005-05-13,8.362
2005-05-14,8.32
2005-05-15,8.684
2005-05-16,8.788
2005-05-17,8.614
2005-05-18,8.566
2005-05-19,8.278
2005-05-20,8.606
2005-05-21,8.348
2005-05-22,9.364
2005-05-23,9.174
2005-05-24,8.758
2005-05-25,8.976
2005-05-26,8.46
2005-05-27,8.24
2005-05-28,8.142
2005-05-29,8.088
2005-05-30,8.048
2005-05-31,8.018
2005-06-01,7.996
2005-06-02,7.978
2005-06-03,7.966
2005-06-04,8.056
2005-06-05,8.214
2005-06-06,8.06
2005-06-07,7.982
2005-06-08,7.95
2005-06-09,7.934
2005-06-10,7.926
2005-06-11,7.916
2005-06-12,7.904
2005-06-13,7.898
2005-06-14,7.992
2005-06-15,7.972
2005-06-16,7.94
2005-06-17,8.31
2005-06-18,8.022
2005-06-19,7.952
2005-06-20,7.91
2005-06-21,7.89
2005-06-22,7.904
2005-06-23,7.942
2005-06-24,8.05
2005-06-25,7.996
2005-06-26,8.666
2005-06-27,8.234
2005-06-28,8.146
2005-06-29,8.178
2005-06-30,9.46
2005-07-01,9.482
2005-07-02,9.25
2005-07-03,9.166
2005-07-04,9.12
2005-07-05,9.05
2005-07-06,8.654
2005-07-07,8.398
2005-07-08,8.206
2005-07-09,8.12
2005-07-10,8.11
2005-07-11,8.118
2005-07-12,8.166
2005-07-13,8.222
2005-07-14,9
2005-07-15,9.956
2005-07-16,9.592
2005-07-17,8.526
2005-07-18,8.304
2005-07-19,8.23
2005-07-20,8.232
2005-07-21,8.394
2005-07-22,8.344
2005-07-23,8.166
2005-07-24,8.102
2005-07-25,8.05
2005-07-26,7.99
2005-07-27,7.984
2005-07-28,8.014
2005-07-29,7.974
2005-07-30,7.932
2005-07-31,7.92
2005-08-01,7.89
2005-08-02,7.87
2005-08-03,7.922
2005-08-04,7.906
2005-08-05,8.01
2005-08-06,9.918
2005-08-07,10.36
2005-08-08,9.618
2005-08-09,9.334
2005-08-10,8.842
2005-08-11,9.536
2005-08-12,8.906
2005-08-13,8.546
2005-08-14,8.4
2005-08-15,8.442
2005-08-16,8.324
2005-08-17,8.158
2005-08-18,8.358
2005-08-19,8.182
2005-08-20,8.694
2005-08-21,9.102
2005-08-22,10.668
2005-08-23,10.43
2005-08-24,9.516
2005-08-25,9.966
2005-08-26,9.078
2005-08-27,8.722
2005-08-28,8.668
2005-08-29,8.406
2005-08-30,8.31
2005-08-31,8.272
2005-09-01,8.224
2005-09-02,8.926
2005-09-03,8.718
2005-09-04,8.538
2005-09-05,8.396
2005-09-06,8.69
2005-09-07,8.274
2005-09-08,8.174
2005-09-09,8.61
2005-09-10,8.554
2005-09-11,8.438
2005-09-12,8.276
2005-09-13,8.368
2005-09-14,9.036
2005-09-15,8.35
2005-09-16,8.418
2005-09-17,9.068
2005-09-18,8.366
2005-09-19,8.156
2005-09-20,8.546
2005-09-21,8.91
2005-09-22,8.336
2005-09-23,8.652
2005-09-24,9.5
2005-09-25,9.034
2005-09-26,8.596
2005-09-27,8.434
2005-09-28,8.296
2005-09-29,9.4
2005-09-30,8.876
2005-10-01,9.514
2005-10-02,8.902
2005-10-03,8.47
2005-10-04,8.36
2005-10-05,8.292
2005-10-06,8.21
2005-10-07,8.158
2005-10-08,8.12
2005-10-09,8.09
2005-10-10,8.198
2005-10-11,8.104
2005-10-12,8.094
2005-10-13,8.046
2005-10-14,8.096
2005-10-15,8.018
2005-10-16,8.004
2005-10-17,8.132
2005-10-18,8.028
2005-10-19,7.97
2005-10-20,7.96
2005-10-21,8.802
2005-10-22,8.298
2005-10-23,8.612
2005-10-24,8.994
2005-10-25,8.284
2005-10-26,8.118
2005-10-27,8.07
2005-10-28,8.112
2005-10-29,8.368
2005-10-30,8.1
2005-10-31,8.02
2005-11-01,8.004
2005-11-02,7.986
2005-11-03,7.958
2005-11-04,7.95
2005-11-05,7.948
2005-11-06,7.93
2005-11-07,7.928
2005-11-08,7.926
2005-11-09,7.914
2005-11-10,7.908
2005-11-11,7.924
2005-11-12,7.922
2005-11-13,7.93
2005-11-14,7.926
2005-11-15,7.92
2005-11-16,7.922
2005-11-17,7.906
2005-11-18,7.898
2005-11-19,7.89
2005-11-20,7.884
2005-11-21,7.878
2005-11-22,7.874
2005-11-23,7.86
2005-11-24,7.86
2005-11-25,7.86
2005-11-26,7.85
2005-11-27,7.846
2005-11-28,7.84
2005-11-29,7.83
2005-11-30,7.836
2005-12-01,7.83
2005-12-02,7.83
2005-12-03,7.814
2005-12-04,7.82
2005-12-05,7.82
2005-12-06,7.81
2005-12-07,7.81
2005-12-08,7.8
2005-12-09,7.8
2005-12-10,7.79
2005-12-11,7.78
2005-12-12,7.784
2005-12-13,7.75
2005-12-14,7.77
2005-12-15,7.77
2005-12-16,7.784
2005-12-17,7.77
2005-12-18,7.77
2005-12-19,7.768
2005-12-20,7.76
2005-12-21,7.75
2005-12-22,7.75
2005-12-23,7.776
2005-12-24,7.776
2005-12-25,7.76
2005-12-26,7.738
2005-12-27,7.73
2005-12-28,7.73
2005-12-29,7.72
2005-12-30,7.72
2005-12-31,7.71
2006-01-01,7.71
2006-01-02,7.71
2006-01-03,7.704
2006-01-04,7.7
2006-01-05,7.7
2006-01-06,7.7
2006-01-07,7.69
2006-01-08,7.696
2006-01-09,7.698
2006-01-10,7.69
2006-01-11,7.7
2006-01-12,7.7
2006-01-13,7.7
2006-01-14,7.69
2006-01-15,7.69
2006-01-16,7.68
2006-01-17,7.674
2006-01-18,7.686
2006-01-19,7.684
2006-01-20,7.67
2006-01-21,7.658
2006-01-22,7.66
2006-01-23,7.646
2006-01-24,7.644
2006-01-25,7.64
2006-01-26,7.64
2006-01-27,7.628
2006-01-28,7.606
2006-01-29,7.61
2006-01-30,7.59
2006-01-31,7.6
2006-02-01,7.598
2006-02-02,7.586
2006-02-03,7.6
2006-02-04,7.594
2006-02-05,7.608
2006-02-06,7.606
2006-02-07,7.594
2006-02-08,7.586
2006-02-09,7.612
2006-02-10,7.634
2006-02-11,7.626
2006-02-12,7.63
2006-02-13,7.632
2006-02-14,7.598
2006-02-15,7.58
2006-02-16,7.6
2006-02-17,7.598
2006-02-18,7.572
2006-02-19,7.598
2006-02-20,7.582
2006-02-21,7.554
2006-02-22,7.584
2006-02-23,7.6
2006-02-24,7.594
2006-02-25,7.564
2006-02-26,7.578
2006-02-27,7.536
2006-02-28,7.52
2006-03-01,7.514
2006-03-02,7.56
2006-03-03,7.56
2006-03-04,7.548
2006-03-05,7.536
2006-03-06,7.566
2006-03-07,7.528
2006-03-08,7.512
2006-03-09,7.518
2006-03-10,7.51
2006-03-11,7.5
2006-03-12,7.5
2006-03-13,7.5
2006-03-14,7.49
2006-03-15,7.49
2006-03-16,7.49
2006-03-17,7.486
2006-03-18,7.48
2006-03-19,7.48
2006-03-20,7.47
2006-03-21,7.47
2006-03-22,7.46
2006-03-23,7.47
2006-03-24,7.48
2006-03-25,7.486
2006-03-26,7.49
2006-03-27,7.48
2006-03-28,7.48
2006-03-29,7.47
2006-03-30,7.47
2006-03-31,7.47
2006-04-01,7.496
2006-04-02,7.486
2006-04-03,7.48
2006-04-04,7.684
2006-04-05,9.286
2006-04-06,8.232
2006-04-07,7.87
2006-04-08,7.798
2006-04-09,7.702
2006-04-10,7.65
2006-04-11,7.628
2006-04-12,7.616
2006-04-13,7.588
2006-04-14,7.586
2006-04-15,7.536
2006-04-16,7.512
2006-04-17,7.478
2006-04-18,7.532
2006-04-19,7.606
2006-04-20,7.67
2006-04-21,7.598
2006-04-22,7.55
2006-04-23,7.564
2006-04-24,7.586
2006-04-25,7.538
2006-04-26,7.548
2006-04-27,7.548
2006-04-28,7.558
2006-04-29,7.536
2006-04-30,7.502
2006-05-01,7.532
2006-05-02,7.528
2006-05-03,7.52
2006-05-04,7.51
2006-05-05,7.506
2006-05-06,7.486
2006-05-07,7.604
2006-05-08,7.648
2006-05-09,7.556
2006-05-10,7.644
2006-05-11,7.682
2006-05-12,10.102
2006-05-13,9.704
2006-05-14,8.208
2006-05-15,8.188
2006-05-16,7.876
2006-05-17,7.754
2006-05-18,7.676
2006-05-19,7.63
2006-05-20,8.026
2006-05-21,7.758
2006-05-22,7.64
2006-05-23,7.6
2006-05-24,7.554
2006-05-25,7.554
2006-05-26,7.864
2006-05-27,9.756
2006-05-28,10.224
2006-05-29,10.886
2006-05-30,10.858
2006-05-31,9.44
2006-06-01,10.106
2006-06-02,10.16
2006-06-03,10.008
2006-06-04,8.702
2006-06-05,8.332
2006-06-06,8.282
2006-06-07,8.094
2006-06-08,7.904
2006-06-09,8.05
2006-06-10,12.006
2006-06-11,10.656
2006-06-12,9.074
2006-06-13,8.498
2006-06-14,9.526
2006-06-15,10.458
2006-06-16,9.558
2006-06-17,10.612
2006-06-18,8.806
2006-06-19,9.306
2006-06-20,9.008
2006-06-21,9.794
2006-06-22,8.81
2006-06-23,8.052
2006-06-24,7.928
2006-06-25,8.182
2006-06-26,7.9
2006-06-27,7.892
2006-06-28,7.764
2006-06-29,7.732
2006-06-30,7.672
2006-07-01,7.748
2006-07-02,7.78
2006-07-03,7.754
2006-07-04,7.694
2006-07-05,7.908
2006-07-06,8.992
2006-07-07,8.822
2006-07-08,10.148
2006-07-09,10.168
2006-07-10,9.638
2006-07-11,10.15
2006-07-12,9.098
2006-07-13,8.472
2006-07-14,8.226
2006-07-15,8.088
2006-07-16,7.998
2006-07-17,8.116
2006-07-18,7.95
2006-07-19,7.978
2006-07-20,8.102
2006-07-21,7.994
2006-07-22,7.882
2006-07-23,7.918
2006-07-24,7.94
2006-07-25,7.904
2006-07-26,7.818
2006-07-27,7.966
2006-07-28,7.906
2006-07-29,7.8
2006-07-30,7.804
2006-07-31,7.766
2006-08-01,7.732
2006-08-02,7.806
2006-08-03,7.744
2006-08-04,7.748
2006-08-05,7.926
2006-08-06,8.232
2006-08-07,7.93
2006-08-08,7.896
2006-08-09,8.22
2006-08-10,8.796
2006-08-11,8.288
2006-08-12,8.452
2006-08-13,7.932
2006-08-14,7.81
2006-08-15,7.794
2006-08-16,7.88
2006-08-17,7.71
2006-08-18,7.668
2006-08-19,7.66
2006-08-20,7.79
2006-08-21,8.18
2006-08-22,7.868
2006-08-23,7.804
2006-08-24,7.742
2006-08-25,7.908
2006-08-26,7.918
2006-08-27,7.756
2006-08-28,7.69
2006-08-29,7.778
2006-08-30,7.776
2006-08-31,7.694
2006-09-01,7.674
2006-09-02,7.634
2006-09-03,7.702
2006-09-04,7.652
2006-09-05,7.608
2006-09-06,7.55
2006-09-07,7.492
2006-09-08,7.46
2006-09-09,7.484
2006-09-10,7.634
2006-09-11,7.934
2006-09-12,8.052
2006-09-13,7.922
2006-09-14,7.784
2006-09-15,8.806
2006-09-16,8.056
2006-09-17,8.066
2006-09-18,7.834
2006-09-19,8.818
2006-09-20,8.092
2006-09-21,8.22
2006-09-22,9.31
2006-09-23,10.248
2006-09-24,9.004
2006-09-25,8.422
2006-09-26,8.12
2006-09-27,7.942
2006-09-28,7.856
2006-09-29,7.79
2006-09-30,7.832
2006-10-01,7.818
2006-10-02,7.762
2006-10-03,7.704
2006-10-04,7.788
2006-10-05,8.4
2006-10-06,8.192
2006-10-07,7.868
2006-10-08,7.75
2006-10-09,7.694
2006-10-10,8.388
2006-10-11,7.882
2006-10-12,7.726
2006-10-13,7.682
2006-10-14,7.812
2006-10-15,7.722
2006-10-16,7.642
2006-10-17,7.612
2006-10-18,7.606
2006-10-19,7.624
2006-10-20,7.62
2006-10-21,7.644
2006-10-22,7.598
2006-10-23,7.56
2006-10-24,7.556
2006-10-25,7.538
2006-10-26,7.536
2006-10-27,7.54
2006-10-28,7.528
2006-10-29,7.534
2006-10-30,7.53
2006-10-31,7.53
2006-11-01,7.53
2006-11-02,7.526
2006-11-03,7.502
2006-11-04,7.5
2006-11-05,7.49
2006-11-06,7.49
2006-11-07,7.5
2006-11-08,7.502
2006-11-09,7.52
2006-11-10,7.532
2006-11-11,7.52
2006-11-12,7.526
2006-11-13,7.5
2006-11-14,7.5
2006-11-15,7.49
2006-11-16,7.49
2006-11-17,7.486
2006-11-18,7.454
2006-11-19,7.41
2006-11-20,7.43
2006-11-21,7.442
2006-11-22,7.43
2006-11-23,7.38
2006-11-24,7.252
2006-11-25,7.254
2006-11-26,7.26
2006-11-27,7.26
2006-11-28,7.25
2006-11-29,7.244
2006-11-30,7.24
2006-12-01,7.24
2006-12-02,7.23
2006-12-03,7.23
2006-12-04,7.23
2006-12-05,7.23
2006-12-06,7.23
2006-12-07,7.22
2006-12-08,7.22
2006-12-09,7.214
2006-12-10,7.22
2006-12-11,7.22
2006-12-12,7.21
2006-12-13,7.21
2006-12-14,7.2
2006-12-15,7.19
2006-12-16,7.19
2006-12-17,7.19
2006-12-18,7.19
2006-12-19,7.18
2006-12-20,7.18
2006-12-21,7.17
2006-12-22,7.15
2006-12-23,7.154
2006-12-24,7.162
2006-12-25,7.15
2006-12-26,7.13
2006-12-27,7.134
2006-12-28,7.14
2006-12-29,7.146
2006-12-30,7.14
2006-12-31,7.14
2007-01-01,7.15
2007-01-02,7.15
2007-01-03,7.15
2007-01-04,7.14
2007-01-05,7.14
2007-01-06,7.13
2007-01-07,7.14
2007-01-08,7.146
2007-01-09,7.146
2007-01-10,7.134
2007-01-11,7.14
2007-01-12,7.126
2007-01-13,7.122
2007-01-14,7.13
2007-01-15,7.12
2007-01-16,7.12
2007-01-17,7.1
2007-01-18,7.108
2007-01-19,7.16
2007-01-20,7.1
2007-01-21,7.12
2007-01-22,7.106
2007-01-23,7.1
2007-01-24,7.1
2007-01-25,7.16
2007-01-26,7.19
2007-01-27,7.19
2007-01-28,7.17
2007-01-29,7.17
2007-01-30,7.11
2007-01-31,7.142
2007-02-01,7.15
2007-02-02,7.16
2007-02-03,7.146
2007-02-04,7.138
2007-02-05,7.268
2007-02-06,7.65
2007-02-07,8.138
2007-02-08,7.608
2007-02-09,7.5
2007-02-10,7.194
2007-02-11,7.174
2007-02-12,7.13
2007-02-13,7.09
2007-02-14,7.446
2007-02-15,7.948
2007-02-16,7.54
2007-02-17,7.296
2007-02-18,6.984
2007-02-19,6.952
2007-02-20,6.906
2007-02-21,6.89
2007-02-22,6.868
2007-02-23,6.864
2007-02-24,6.864
2007-02-25,6.866
2007-02-26,6.87
2007-02-27,6.864
2007-02-28,6.85
2007-03-01,6.83
2007-03-02,6.86
2007-03-03,6.88
2007-03-04,6.832
2007-03-05,6.828
2007-03-06,6.828
2007-03-07,6.822
2007-03-08,6.784
2007-03-09,6.72
2007-03-10,6.69
2007-03-11,6.748
2007-03-12,6.81
2007-03-13,7.042
2007-03-14,7.166
2007-03-15,7.14
2007-03-16,7.134
2007-03-17,6.444
2007-03-18,6.428
2007-03-19,6.382
2007-03-20,6.324
2007-03-21,6.33
2007-03-22,6.374
2007-03-23,6.47
2007-03-24,6.458
2007-03-25,6.644
2007-03-26,6.514
2007-03-27,6.464
2007-03-28,6.426
2007-03-29,6.416
2007-03-30,6.352
2007-03-31,6.36
2007-04-01,6.62
2007-04-02,6.612
2007-04-03,6.672
2007-04-04,6.69
2007-04-05,6.64
2007-04-06,6.226
2007-04-07,6.198
2007-04-08,6.218
2007-04-09,6.204
2007-04-10,6.278
2007-04-11,6.694
2007-04-12,8.184
2007-04-13,8.002
2007-04-14,7.714
2007-04-15,7.432
2007-04-16,7.316
2007-04-17,7.252
2007-04-18,7.222
2007-04-19,7.156
2007-04-20,7.374
2007-04-21,7.252
2007-04-22,7.42
2007-04-23,9.24
2007-04-24,8.364
2007-04-25,8.02
2007-04-26,7.766
2007-04-27,7.62
2007-04-28,7.606
2007-04-29,7.574
2007-04-30,7.51
2007-05-01,7.54
2007-05-02,7.58
2007-05-03,7.62
2007-05-04,7.66
2007-05-05,7.61
2007-05-06,7.454
2007-05-07,7.442
2007-05-08,7.456
2007-05-09,7.446
2007-05-10,7.518
2007-05-11,7.662
2007-05-12,8.05
2007-05-13,7.856
2007-05-14,7.546
2007-05-15,7.442
2007-05-16,7.44
2007-05-17,7.44
2007-05-18,7.44
2007-05-19,7.44
2007-05-20,7.634
2007-05-21,7.522
2007-05-22,7.468
2007-05-23,9.15
2007-05-24,8.336
2007-05-25,8.02
2007-05-26,7.766
2007-05-27,7.62
2007-05-28,7.61
2007-05-29,7.572
2007-05-30,7.51
2007-05-31,7.545
2007-06-01,7.576
2007-06-02,7.52
2007-06-03,7.498
2007-06-04,8.274
2007-06-05,8.11
2007-06-06,7.762
2007-06-07,7.646
2007-06-08,8.472
2007-06-09,8.916
2007-06-10,10.62
2007-06-11,11.964
2007-06-12,11.5
2007-06-13,9.664
2007-06-14,8.716
2007-06-15,8.508
2007-06-16,10.356
2007-06-17,11.266
2007-06-18,10.132
2007-06-19,9.098
2007-06-20,8.606
2007-06-21,8.732
2007-06-22,9.16
2007-06-23,8.428
2007-06-24,8.294
2007-06-25,8.286
2007-06-26,8.18
2007-06-27,7.944
2007-06-28,7.846
2007-06-29,7.908
2007-06-30,7.854
2007-07-01,8.086
2007-07-02,10.88
2007-07-03,9.47
2007-07-04,8.39
2007-07-05,8.208
2007-07-06,8.246
2007-07-07,8.604
2007-07-08,8.156
2007-07-09,8.084
2007-07-10,8.202
2007-07-11,7.996
2007-07-12,7.838
2007-07-13,7.774
2007-07-14,7.954
2007-07-15,8.504
2007-07-16,8.504
2007-07-17,9.628
2007-07-18,10.716
2007-07-19,11.314
2007-07-20,11.884
2007-07-21,11.916
2007-07-22,11.94
2007-07-23,10.574
2007-07-24,9.872
2007-07-25,9.802
2007-07-26,10.284
2007-07-27,10.286
2007-07-28,10.104
2007-07-29,9.33
2007-07-30,9.158
2007-07-31,8.93
2007-08-01,8.822
2007-08-02,9.312
2007-08-03,8.888
2007-08-04,8.658
2007-08-05,8.58
2007-08-06,8.798
2007-08-07,8.766
2007-08-08,8.596
2007-08-09,8.668
2007-08-10,8.554
2007-08-11,8.534
2007-08-12,8.692
2007-08-13,8.602
2007-08-14,10.768
2007-08-15,9.206
2007-08-16,9.578
2007-08-17,9.112
2007-08-18,9.1
2007-08-19,8.656
2007-08-20,8.664
2007-08-21,8.446
2007-08-22,8.548
2007-08-23,8.48
2007-08-24,8.628
2007-08-25,9.06
2007-08-26,10.116
2007-08-27,10.318
2007-08-28,9.522
2007-08-29,9.066
2007-08-30,8.822
2007-08-31,8.718
2007-09-01,9.38
2007-09-02,9.104
2007-09-03,8.816
2007-09-04,8.902
2007-09-05,8.846
2007-09-06,9.252
2007-09-07,11.902
2007-09-08,12.41
2007-09-09,11.594
2007-09-10,10.688
2007-09-11,9.554
2007-09-12,9.43
2007-09-13,9.078
2007-09-14,9.214
2007-09-15,8.95
2007-09-16,8.802
2007-09-17,8.782
2007-09-18,8.63
2007-09-19,8.572
2007-09-20,8.834
2007-09-21,8.51
2007-09-22,8.442
2007-09-23,8.444
2007-09-24,8.496
2007-09-25,8.39
2007-09-26,8.35
2007-09-27,8.582
2007-09-28,8.31
2007-09-29,8.306
2007-09-30,8.604
2007-10-01,8.506
2007-10-02,8.672
2007-10-03,9.286
2007-10-04,8.718
2007-10-05,8.326
2007-10-06,8.256
2007-10-07,9.542
2007-10-08,9.904
2007-10-09,11.74
2007-10-10,9.848
2007-10-11,9.16
2007-10-12,8.794
2007-10-13,8.634
2007-10-14,8.53
2007-10-15,8.472
2007-10-16,12.174
2007-10-17,11.08
2007-10-18,10.178
2007-10-19,9.956
2007-10-20,9.756
2007-10-21,9.836
2007-10-22,9.568
2007-10-23,9.504
2007-10-24,9.456
2007-10-25,9.12
2007-10-26,8.448
2007-10-27,8.168
2007-10-28,8.146
2007-10-29,8.128
2007-10-30,8.1
2007-10-31,8.106
2007-11-01,8.162
2007-11-02,8.16
2007-11-03,8.096
2007-11-04,8.06
2007-11-05,8.06
2007-11-06,8.05
2007-11-07,8.044
2007-11-08,8.028
2007-11-09,8.012
2007-11-10,8
2007-11-11,7.99
2007-11-12,7.966
2007-11-13,7.954
2007-11-14,7.95
2007-11-15,8.188
2007-11-16,9.618
2007-11-17,8.538
2007-11-18,8.132
2007-11-19,8.072
2007-11-20,8.04
2007-11-21,8.024
2007-11-22,8.01
2007-11-23,8
2007-11-24,7.99
2007-11-25,7.98
2007-11-26,7.966
2007-11-27,7.96
2007-11-28,8.208
2007-11-29,8.376
2007-11-30,8.352
2007-12-01,8.36
2007-12-02,8.356
2007-12-03,8.35
2007-12-04,8.35
2007-12-05,8.334
2007-12-06,8.31
2007-12-07,8.306
2007-12-08,8.31
2007-12-09,8.31
2007-12-10,8.31
2007-12-11,8.298
2007-12-12,8.29
2007-12-13,8.29
2007-12-14,8.28
2007-12-15,8.28
2007-12-16,8.29
2007-12-17,8.28
2007-12-18,8.284
2007-12-19,8.278
2007-12-20,8.27
2007-12-21,8.27
2007-12-22,8.27
2007-12-23,8.27
2007-12-24,8.27
2007-12-25,8.26
2007-12-26,8.26
2007-12-27,8.26
2007-12-28,8.25
2007-12-29,8.26
2007-12-30,8.25
2007-12-31,8.25
2008-01-01,8.25
2008-01-02,8.23
2008-01-03,8.226
2008-01-04,8.22
2008-01-05,8.22
2008-01-06,8.23
2008-01-07,8.222
2008-01-08,8.22
2008-01-09,8.206
2008-01-10,8.218
2008-01-11,8.214
2008-01-12,8.22
2008-01-13,8.22
2008-01-14,8.204
2008-01-15,8.19
2008-01-16,8.208
2008-01-17,8.19
2008-01-18,8.196
2008-01-19,8.2
2008-01-20,8.21
2008-01-21,8.2
2008-01-22,8.2
2008-01-23,8.198
2008-01-24,8.196
2008-01-25,8.226
2008-01-26,8.346
2008-01-27,8.464
2008-01-28,8.356
2008-01-29,8.266
2008-01-30,8.238
2008-01-31,8.22
2008-02-01,8.23
2008-02-02,8.206
2008-02-03,8.19
2008-02-04,8.176
2008-02-05,8.174
2008-02-06,8.176
2008-02-07,8.166
2008-02-08,8.214
2008-02-09,8.528
2008-02-10,8.568
2008-02-11,8.58
2008-02-12,8.542
2008-02-13,8.52
2008-02-14,8.496
2008-02-15,8.5
2008-02-16,8.482
2008-02-17,8.478
2008-02-18,8.49
2008-02-19,8.49
2008-02-20,8.5
2008-02-21,8.496
2008-02-22,8.494
2008-02-23,8.484
2008-02-24,8.486
2008-02-25,8.48
2008-02-26,8.484
2008-02-27,8.478
2008-02-28,8.474
2008-02-29,8.476
2008-03-01,8.476
2008-03-02,8.46
2008-03-03,8.46
2008-03-04,8.5
2008-03-05,8.53
2008-03-06,8.616
2008-03-07,8.55
2008-03-08,8.524
2008-03-09,8.5
2008-03-10,8.496
2008-03-11,8.49
2008-03-12,8.484
2008-03-13,8.468
2008-03-14,8.46
2008-03-15,8.466
2008-03-16,8.454
2008-03-17,8.45
2008-03-18,8.434
2008-03-19,8.42
2008-03-20,8.434
2008-03-21,8.506
2008-03-22,8.506
2008-03-23,8.47
2008-03-24,8.46
2008-03-25,8.458
2008-03-26,8.438
2008-03-27,8.426
2008-03-28,8.416
2008-03-29,8.406
2008-03-30,8.396
2008-03-31,8.384
2008-04-01,8.396
2008-04-02,8.39
2008-04-03,8.418
2008-04-04,8.72
2008-04-05,8.632
2008-04-06,8.53
2008-04-07,8.474
2008-04-08,8.444
2008-04-09,8.416
2008-04-10,8.384
2008-04-11,8.39
2008-04-12,8.386
2008-04-13,8.386
2008-04-14,8.396
2008-04-15,8.394
2008-04-16,8.368
2008-04-17,8.354
2008-04-18,8.356
2008-04-19,8.352
2008-04-20,8.34
2008-04-21,8.336
2008-04-22,8.316
2008-04-23,8.326
2008-04-24,8.304
2008-04-25,8.304
2008-04-26,8.3
2008-04-27,8.322
2008-04-28,8.34
2008-04-29,8.298
2008-04-30,8.302
2008-05-01,8.308
2008-05-02,8.316
2008-05-03,8.324
2008-05-04,8.356
2008-05-05,8.356
2008-05-06,8.576
2008-05-07,8.522
2008-05-08,8.446
2008-05-09,8.442
2008-05-10,8.432
2008-05-11,8.42
2008-05-12,8.396
2008-05-13,8.4
2008-05-14,8.398
2008-05-15,8.378
2008-05-16,8.366
2008-05-17,8.388
2008-05-18,8.582
2008-05-19,8.892
2008-05-20,8.74
2008-05-21,8.616
2008-05-22,8.498
2008-05-23,8.462
2008-05-24,8.568
2008-05-25,8.562
2008-05-26,8.608
2008-05-27,8.832
2008-05-28,8.662
2008-05-29,9.102
2008-05-30,8.658
2008-05-31,8.54
2008-06-01,8.51
2008-06-02,8.556
2008-06-03,8.998
2008-06-04,9.5
2008-06-05,8.946
2008-06-06,9.138
2008-06-07,9.352
2008-06-08,8.974
2008-06-09,8.97
2008-06-10,8.682
2008-06-11,8.558
2008-06-12,8.522
2008-06-13,8.466
2008-06-14,8.476
2008-06-15,8.506
2008-06-16,9.38
2008-06-17,8.886
2008-06-18,9.652
2008-06-19,9.564
2008-06-20,9.246
2008-06-21,9.036
2008-06-22,8.816
2008-06-23,8.736
2008-06-24,8.698
2008-06-25,8.62
2008-06-26,8.58
2008-06-27,8.49
2008-06-28,8.474
2008-06-29,8.906
2008-06-30,8.872
2008-07-01,9.358
2008-07-02,9.324
2008-07-03,9.518
2008-07-04,10.118
2008-07-05,9.56
2008-07-06,9.346
2008-07-07,9.228
2008-07-08,9.084
2008-07-09,9.012
2008-07-10,9.462
2008-07-11,9.078
2008-07-12,10.206
2008-07-13,9.17
2008-07-14,10.142
2008-07-15,9.842
2008-07-16,8.822
2008-07-17,8.584
2008-07-18,8.498
2008-07-19,8.402
2008-07-20,8.446
2008-07-21,8.538
2008-07-22,9.072
2008-07-23,9.026
2008-07-24,9.022
2008-07-25,8.994
2008-07-26,8.78
2008-07-27,8.612
2008-07-28,8.554
2008-07-29,8.582
2008-07-30,8.502
2008-07-31,8.456
2008-08-01,8.424
2008-08-02,8.432
2008-08-03,8.61
2008-08-04,8.508
2008-08-05,8.746
2008-08-06,9.116
2008-08-07,9.024
2008-08-08,8.768
2008-08-09,8.712
2008-08-10,8.568
2008-08-11,8.634
2008-08-12,9.384
2008-08-13,9.21
2008-08-14,8.798
2008-08-15,8.774
2008-08-16,8.84
2008-08-17,9.08
2008-08-18,10.222
2008-08-19,9.824
2008-08-20,9.054
2008-08-21,8.716
2008-08-22,8.642
2008-08-23,8.546
2008-08-24,8.438
2008-08-25,8.432
2008-08-26,8.52
2008-08-27,8.466
2008-08-28,9.704
2008-08-29,10.48
2008-08-30,9.712
2008-08-31,8.936
2008-09-01,8.69
2008-09-02,8.59
2008-09-03,8.588
2008-09-04,8.53
2008-09-05,8.542
2008-09-06,8.634
2008-09-07,8.506
2008-09-08,8.542
2008-09-09,8.622
2008-09-10,8.62
2008-09-11,8.586
2008-09-12,8.476
2008-09-13,8.478
2008-09-14,9.246
2008-09-15,9.208
2008-09-16,9.274
2008-09-17,8.612
2008-09-18,8.496
2008-09-19,8.482
2008-09-20,8.946
2008-09-21,8.928
2008-09-22,8.596
2008-09-23,8.642
2008-09-24,8.494
2008-09-25,8.52
2008-09-26,8.518
2008-09-27,8.53
2008-09-28,8.528
2008-09-29,8.5
2008-09-30,8.436
2008-10-01,8.416
2008-10-02,8.88
2008-10-03,8.572
2008-10-04,8.524
2008-10-05,8.518
2008-10-06,8.656
2008-10-07,8.464
2008-10-08,8.566
2008-10-09,8.504
2008-10-10,9.172
2008-10-11,8.56
2008-10-12,8.444
2008-10-13,8.39
2008-10-14,8.372
2008-10-15,8.348
2008-10-16,8.334
2008-10-17,8.322
2008-10-18,8.296
2008-10-19,8.294
2008-10-20,8.298
2008-10-21,8.264
2008-10-22,8.264
2008-10-23,8.258
2008-10-24,8.286
2008-10-25,8.384
2008-10-26,10.752
2008-10-27,9.732
2008-10-28,8.868
2008-10-29,8.61
2008-10-30,8.5
2008-10-31,8.442
2008-11-01,8.406
2008-11-02,8.384
2008-11-03,8.37
2008-11-04,8.35
2008-11-05,8.36
2008-11-06,8.36
2008-11-07,8.34
2008-11-08,8.33
2008-11-09,8.32
2008-11-10,8.31
2008-11-11,8.3
2008-11-12,8.31
2008-11-13,8.3
2008-11-14,8.3
2008-11-15,8.3
2008-11-16,8.292
2008-11-17,8.29
2008-11-18,8.28
2008-11-19,8.28
2008-11-20,8.27
2008-11-21,8.27
2008-11-22,8.27
2008-11-23,8.26
2008-11-24,8.26
2008-11-25,8.25
2008-11-26,8.25
2008-11-27,8.25
2008-11-28,8.24
2008-11-29,8.24
2008-11-30,8.24
2008-12-01,8.23
2008-12-02,8.232
2008-12-03,8.23
2008-12-04,8.23
2008-12-05,8.22
2008-12-06,8.216
2008-12-07,8.214
2008-12-08,8.21
2008-12-09,8.21
2008-12-10,8.204
2008-12-11,8.2
2008-12-12,8.2
2008-12-13,8.2
2008-12-14,8.19
2008-12-15,8.19
2008-12-16,8.18
2008-12-17,8.19
2008-12-18,8.19
2008-12-19,8.18
2008-12-20,8.18
2008-12-21,8.17
2008-12-22,8.17
2008-12-23,8.17
2008-12-24,8.17
2008-12-25,8.16
2008-12-26,8.16
2008-12-27,8.16
2008-12-28,8.15
2008-12-29,8.14
2008-12-30,8.14
2008-12-31,8.14
2009-01-01,8.134
2009-01-02,8.13
2009-01-03,8.13
2009-01-04,8.13
2009-01-05,8.13
2009-01-06,8.122
2009-01-07,8.124
2009-01-08,8.124
2009-01-09,8.124
2009-01-10,8.12
2009-01-11,8.12
2009-01-12,8.12
2009-01-13,8.114
2009-01-14,8.12
2009-01-15,8.116
2009-01-16,8.12
2009-01-17,8.12
2009-01-18,8.11
2009-01-19,8.114
2009-01-20,8.11
2009-01-21,8.11
2009-01-22,8.11
2009-01-23,8.11
2009-01-24,8.11
2009-01-25,8.11
2009-01-26,8.11
2009-01-27,8.104
2009-01-28,8.106
2009-01-29,8.096
2009-01-30,8.09
2009-01-31,8.08
2009-02-01,8.082
2009-02-02,8.08
2009-02-03,8.064
2009-02-04,8.066
2009-02-05,8.072
2009-02-06,8.056
2009-02-07,8.05
2009-02-08,8.06
2009-02-09,8.06
2009-02-10,8.06
2009-02-11,8.07
2009-02-12,8.024
2009-02-13,8.034
2009-02-14,8.01
2009-02-15,8.01
2009-02-16,8.024
2009-02-17,8
2009-02-18,8
2009-02-19,7.994
2009-02-20,7.984
2009-02-21,7.982
2009-02-22,7.98
2009-02-23,7.988
2009-02-24,7.99
2009-02-25,8.006
2009-02-26,8.026
2009-02-27,8.05
2009-02-28,8.04
2009-03-01,8.038
2009-03-02,8.014
2009-03-03,7.98
2009-03-04,7.994
2009-03-05,8.004
2009-03-06,7.996
2009-03-07,8
2009-03-08,7.98
2009-03-09,7.96
2009-03-10,7.95
2009-03-11,7.976
2009-03-12,7.98
2009-03-13,7.98
2009-03-14,7.968
2009-03-15,7.974
2009-03-16,7.96
2009-03-17,7.984
2009-03-18,7.986
2009-03-19,8
2009-03-20,7.972
2009-03-21,7.96
2009-03-22,7.978
2009-03-23,7.99
2009-03-24,7.976
2009-03-25,7.96
2009-03-26,7.95
2009-03-27,7.95
2009-03-28,7.946
2009-03-29,7.96
2009-03-30,7.992
2009-03-31,7.986
2009-04-01,8.048
2009-04-02,8.018
2009-04-03,7.984
2009-04-04,8.008
2009-04-05,8.098
2009-04-06,8.018
2009-04-07,7.978
2009-04-08,7.976
2009-04-09,7.958
2009-04-10,7.972
2009-04-11,7.936
2009-04-12,7.938
2009-04-13,7.94
2009-04-14,7.938
2009-04-15,7.984
2009-04-16,7.98
2009-04-17,8.342
2009-04-18,8.884
2009-04-19,8.278
2009-04-20,8.154
2009-04-21,8.122
2009-04-22,8.106
2009-04-23,8.09
2009-04-24,8.04
2009-04-25,8.002
2009-04-26,7.986
2009-04-27,7.974
2009-04-28,7.94
2009-04-29,7.894
2009-04-30,7.866
2009-05-01,7.838
2009-05-02,8.038
2009-05-03,8.182
2009-05-04,8.258
2009-05-05,8.14
2009-05-06,8.104
2009-05-07,8.018
2009-05-08,8
2009-05-09,7.99
2009-05-10,7.974
2009-05-11,7.99
2009-05-12,7.988
2009-05-13,7.964
2009-05-14,7.97
2009-05-15,7.96
2009-05-16,7.962
2009-05-17,8.006
2009-05-18,8.078
2009-05-19,8.326
2009-05-20,8.184
2009-05-21,8.064
2009-05-22,8.052
2009-05-23,8.024
2009-05-24,8.064
2009-05-25,8.15
2009-05-26,9.304
2009-05-27,11.028
2009-05-28,8.992
2009-05-29,7.95
2009-05-30,8.184
2009-05-31,7.952
2009-06-01,7.844
2009-06-02,7.84
2009-06-03,8.082
2009-06-04,7.836
2009-06-05,7.732
2009-06-06,7.734
2009-06-07,8.802
2009-06-08,7.994
2009-06-09,8.13
2009-06-10,8.444
2009-06-11,8.194
2009-06-12,8.02
2009-06-13,7.88
2009-06-14,7.766
2009-06-15,7.714
2009-06-16,7.69
2009-06-17,7.676
2009-06-18,7.606
2009-06-19,7.6
2009-06-20,7.678
2009-06-21,7.62
2009-06-22,7.59
2009-06-23,7.538
2009-06-24,7.46
2009-06-25,7.536
2009-06-26,7.626
2009-06-27,7.46
2009-06-28,7.642
2009-06-29,7.686
2009-06-30,8.548
2009-07-01,10.726
2009-07-02,10.514
2009-07-03,12.058
2009-07-04,10.264
2009-07-05,8.772
2009-07-06,8.2
2009-07-07,8.036
2009-07-08,7.934
2009-07-09,7.894
2009-07-10,7.878
2009-07-11,7.848
2009-07-12,7.844
2009-07-13,7.852
2009-07-14,8.34
2009-07-15,8.05
2009-07-16,7.85
2009-07-17,7.862
2009-07-18,7.836
2009-07-19,7.78
2009-07-20,7.78
2009-07-21,7.716
2009-07-22,7.736
2009-07-23,7.906
2009-07-24,7.808
2009-07-25,7.73
2009-07-26,7.68
2009-07-27,7.846
2009-07-28,9.518
2009-07-29,10.69
2009-07-30,10.224
2009-07-31,10.744
2009-08-01,10.464
2009-08-02,9.646
2009-08-03,10.658
2009-08-04,9.49
2009-08-05,8.428
2009-08-06,9.474
2009-08-07,9.11
2009-08-08,9.06
2009-08-09,8.316
2009-08-10,8.138
2009-08-11,8.066
2009-08-12,8.056
2009-08-13,8.198
2009-08-14,8.03
2009-08-15,8.406
2009-08-16,8.922
2009-08-17,8.364
2009-08-18,8.394
2009-08-19,8.872
2009-08-20,8.572
2009-08-21,10.736
2009-08-22,9.666
2009-08-23,8.568
2009-08-24,8.442
2009-08-25,9.526
2009-08-26,8.644
2009-08-27,8.372
2009-08-28,8.266
2009-08-29,8.104
2009-08-30,8.026
2009-08-31,8.432
2009-09-01,8.37
2009-09-02,8.116
2009-09-03,8.386
2009-09-04,8.358
2009-09-05,8.092
2009-09-06,8.432
2009-09-07,8.248
2009-09-08,8.776
2009-09-09,8.138
2009-09-10,8.116
2009-09-11,8.272
2009-09-12,8.032
2009-09-13,7.976
2009-09-14,8.174
2009-09-15,8.504
2009-09-16,8.524
2009-09-17,8.372
2009-09-18,8.252
2009-09-19,8.172
2009-09-20,8.028
2009-09-21,8.036
2009-09-22,7.946
2009-09-23,7.99
2009-09-24,7.962
2009-09-25,7.916
2009-09-26,7.888
2009-09-27,7.858
2009-09-28,7.89
2009-09-29,7.894
2009-09-30,7.95
2009-10-01,7.838
2009-10-02,7.81
2009-10-03,7.828
2009-10-04,8.708
2009-10-05,8.7
2009-10-06,8.712
2009-10-07,8.362
2009-10-08,8.404
2009-10-09,10.422
2009-10-10,9.964
2009-10-11,8.842
2009-10-12,8.526
2009-10-13,8.452
2009-10-14,8.274
2009-10-15,8.21
2009-10-16,8.224
2009-10-17,8.262
2009-10-18,8.21
2009-10-19,8.264
2009-10-20,8.17
2009-10-21,8.132
2009-10-22,8.108
2009-10-23,8.094
2009-10-24,8.09
2009-10-25,8.074
2009-10-26,8.054
2009-10-27,8.042
2009-10-28,8.03
2009-10-29,8.014
2009-10-30,8.01
2009-10-31,8.006
2009-11-01,7.996
2009-11-02,7.982
2009-11-03,7.98
2009-11-04,7.98
2009-11-05,7.98
2009-11-06,7.986
2009-11-07,7.958
2009-11-08,7.954
2009-11-09,8.03
2009-11-10,8.03
2009-11-11,8.018
2009-11-12,8.026
2009-11-13,8.01
2009-11-14,8.016
2009-11-15,8.098
2009-11-16,8.036
2009-11-17,8.038
2009-11-18,8.034
2009-11-19,8.034
2009-11-20,8.016
2009-11-21,7.988
2009-11-22,7.98
2009-11-23,7.976
2009-11-24,7.97
2009-11-25,7.968
2009-11-26,7.966
2009-11-27,7.96
2009-11-28,7.96
2009-11-29,7.95
2009-11-30,7.944
2009-12-01,7.92
2009-12-02,7.93
2009-12-03,7.928
2009-12-04,7.924
2009-12-05,7.926
2009-12-06,7.918
2009-12-07,7.92
2009-12-08,7.916
2009-12-09,7.918
2009-12-10,7.92
2009-12-11,7.92
2009-12-12,7.92
2009-12-13,7.916
2009-12-14,7.902
2009-12-15,7.9
2009-12-16,7.9
2009-12-17,7.888
2009-12-18,7.878
2009-12-19,7.868
2009-12-20,7.86
2009-12-21,7.86
2009-12-22,7.85
2009-12-23,7.85
2009-12-24,7.834
2009-12-25,7.836
2009-12-26,7.822
2009-12-27,7.822
2009-12-28,7.816
2009-12-29,7.816
2009-12-30,7.816
2009-12-31,7.81
2010-01-01,7.802
2010-01-02,7.784
2010-01-03,7.778
2010-01-04,7.78
2010-01-05,7.762
2010-01-06,7.76
2010-01-07,7.76
2010-01-08,7.76
2010-01-09,7.744
2010-01-10,7.74
2010-01-11,7.742
2010-01-12,7.73
2010-01-13,7.73
2010-01-14,7.73
2010-01-15,7.736
2010-01-16,7.714
2010-01-17,7.72
2010-01-18,7.716
2010-01-19,7.72
2010-01-20,7.746
2010-01-21,7.72
2010-01-22,7.718
2010-01-23,7.682
2010-01-24,7.686
2010-01-25,7.67
2010-01-26,7.66
2010-01-27,7.658
2010-01-28,7.644
2010-01-29,7.636
2010-01-30,7.624
2010-01-31,7.63
2010-02-01,7.63
2010-02-02,7.61
2010-02-03,7.61
2010-02-04,7.606
2010-02-05,7.606
2010-02-06,7.602
2010-02-07,7.602
2010-02-08,7.594
2010-02-09,7.626
2010-02-10,7.744
2010-02-11,7.766
2010-02-12,7.75
2010-02-13,7.722
2010-02-14,7.698
2010-02-15,7.668
2010-02-16,7.654
2010-02-17,7.614
2010-02-18,7.65
2010-02-19,7.63
2010-02-20,7.602
2010-02-21,7.592
2010-02-22,7.586
2010-02-23,7.586
2010-02-24,7.646
2010-02-25,7.702
2010-02-26,8.034
2010-02-27,7.988
2010-02-28,7.794
2010-03-01,7.702
2010-03-02,7.642
2010-03-03,7.62
2010-03-04,7.588
2010-03-05,7.578
2010-03-06,7.604
2010-03-07,7.652
2010-03-08,7.63
2010-03-09,7.61
2010-03-10,7.574
2010-03-11,7.558
2010-03-12,7.526
2010-03-13,7.53
2010-03-14,7.536
2010-03-15,7.536
2010-03-16,7.58
2010-03-17,7.574
2010-03-18,7.524
2010-03-19,7.53
2010-03-20,7.492
2010-03-21,7.514
2010-03-22,7.494
2010-03-23,7.496
2010-03-24,7.514
2010-03-25,7.5
2010-03-26,7.496
2010-03-27,7.46
2010-03-28,7.482
2010-03-29,7.568
2010-03-30,7.794
2010-03-31,7.762
2010-04-01,7.84
2010-04-02,7.664
2010-04-03,7.56
2010-04-04,7.524
2010-04-05,7.49
2010-04-06,7.46
2010-04-07,7.472
2010-04-08,7.466
2010-04-09,7.45
2010-04-10,7.432
2010-04-11,7.408
2010-04-12,7.406
2010-04-13,7.372
2010-04-14,7.372
2010-04-15,7.442
2010-04-16,7.478
2010-04-17,7.398
2010-04-18,7.512
2010-04-19,7.64
2010-04-20,7.63
2010-04-21,7.474
2010-04-22,7.43
2010-04-23,7.392
2010-04-24,7.338
2010-04-25,7.444
2010-04-26,7.45
2010-04-27,7.426
2010-04-28,7.402
2010-04-29,7.586
2010-04-30,7.546
2010-05-01,7.544
2010-05-02,7.48
2010-05-03,7.49
2010-05-04,7.448
2010-05-05,7.496
2010-05-06,7.478
2010-05-07,7.44
2010-05-08,7.418
2010-05-09,7.456
2010-05-10,8.562
2010-05-11,7.98
2010-05-12,7.708
2010-05-13,7.578
2010-05-14,7.5
2010-05-15,7.512
2010-05-16,7.546
2010-05-17,7.5
2010-05-18,7.478
2010-05-19,7.458
2010-05-20,7.468
2010-05-21,7.59
2010-05-22,8.034
2010-05-23,7.914
2010-05-24,7.696
2010-05-25,7.602
2010-05-26,8.054
2010-05-27,9.454
2010-05-28,8.854
2010-05-29,9.296
2010-05-30,8.89
2010-05-31,9.122
2010-06-01,9.08
2010-06-02,8.212
2010-06-03,8.048
2010-06-04,8.826
2010-06-05,10.288
2010-06-06,9.804
2010-06-07,8.686
2010-06-08,7.944
2010-06-09,7.702
2010-06-10,7.6
2010-06-11,7.904
2010-06-12,7.562
2010-06-13,8.096
2010-06-14,8.558
2010-06-15,9.918
2010-06-16,8.276
2010-06-17,7.902
2010-06-18,7.86
2010-06-19,7.986
2010-06-20,8.044
2010-06-21,8.004
2010-06-22,8.084
2010-06-23,7.818
2010-06-24,7.626
2010-06-25,7.62
2010-06-26,7.746
2010-06-27,9.31
2010-06-28,8.43
2010-06-29,8.744
2010-06-30,10.25
2010-07-01,8.904
2010-07-02,8.344
2010-07-03,8.042
2010-07-04,7.832
2010-07-05,7.802
2010-07-06,7.838
2010-07-07,7.646
2010-07-08,7.884
2010-07-09,7.632
2010-07-10,7.682
2010-07-11,7.916
2010-07-12,8.518
2010-07-13,8.204
2010-07-14,8
2010-07-15,7.646
2010-07-16,7.568
2010-07-17,7.48
2010-07-18,7.408
2010-07-19,7.45
2010-07-20,7.462
2010-07-21,7.826
2010-07-22,7.568
2010-07-23,7.488
2010-07-24,7.436
2010-07-25,7.388
2010-07-26,7.336
2010-07-27,7.38
2010-07-28,7.328
2010-07-29,7.374
2010-07-30,7.69
2010-07-31,9.202
2010-08-01,8.276
2010-08-02,7.696
2010-08-03,7.53
2010-08-04,7.456
2010-08-05,8.002
2010-08-06,7.688
2010-08-07,7.49
2010-08-08,7.612
2010-08-09,7.55
2010-08-10,7.746
2010-08-11,9.494
2010-08-12,8.602
2010-08-13,8.712
2010-08-14,8.546
2010-08-15,8.25
2010-08-16,7.94
2010-08-17,7.742
2010-08-18,7.898
2010-08-19,7.636
2010-08-20,7.612
2010-08-21,7.608
2010-08-22,7.532
2010-08-23,7.446
2010-08-24,7.508
2010-08-25,7.728
2010-08-26,8.186
2010-08-27,7.97
2010-08-28,8.612
2010-08-29,7.792
2010-08-30,7.606
2010-08-31,7.484
2010-09-01,7.434
2010-09-02,7.38
2010-09-03,7.382
2010-09-04,7.518
2010-09-05,7.482
2010-09-06,7.412
2010-09-07,7.382
2010-09-08,7.314
2010-09-09,7.334
2010-09-10,7.34
2010-09-11,7.38
2010-09-12,7.424
2010-09-13,7.338
2010-09-14,7.376
2010-09-15,7.47
2010-09-16,7.59
2010-09-17,7.442
2010-09-18,7.478
2010-09-19,7.498
2010-09-20,7.492
2010-09-21,7.936
2010-09-22,8.188
2010-09-23,7.612
2010-09-24,7.758
2010-09-25,7.612
2010-09-26,7.874
2010-09-27,7.962
2010-09-28,7.682
2010-09-29,7.908
2010-09-30,7.554
2010-10-01,7.488
2010-10-02,7.402
2010-10-03,7.336
2010-10-04,7.344
2010-10-05,7.3
2010-10-06,8.324
2010-10-07,7.93
2010-10-08,11.174
2010-10-09,11.82
2010-10-10,9.432
2010-10-11,8.422
2010-10-12,7.994
2010-10-13,7.798
2010-10-14,7.678
2010-10-15,8.422
2010-10-16,7.834
2010-10-17,7.936
2010-10-18,7.664
2010-10-19,7.562
2010-10-20,7.518
2010-10-21,7.718
2010-10-22,7.852
2010-10-23,7.942
2010-10-24,8.536
2010-10-25,8.568
2010-10-26,7.876
2010-10-27,7.62
2010-10-28,7.566
2010-10-29,7.502
2010-10-30,7.466
2010-10-31,7.438
2010-11-01,7.418
2010-11-02,7.41
2010-11-03,7.376
2010-11-04,7.358
2010-11-05,7.344
2010-11-06,7.338
2010-11-07,7.32
2010-11-08,7.318
2010-11-09,7.294
2010-11-10,7.29
2010-11-11,7.29
2010-11-12,7.29
2010-11-13,7.288
2010-11-14,7.278
2010-11-15,7.268
2010-11-16,7.258
2010-11-17,7.26
2010-11-18,7.258
2010-11-19,7.252
2010-11-20,7.25
2010-11-21,7.354
2010-11-22,7.326
2010-11-23,7.262
2010-11-24,7.246
2010-11-25,7.238
2010-11-26,7.224
2010-11-27,7.228
2010-11-28,7.23
2010-11-29,7.226
2010-11-30,7.218
2010-12-01,7.204
2010-12-02,7.198
2010-12-03,7.19
2010-12-04,7.19
2010-12-05,7.184
2010-12-06,7.188
2010-12-07,7.194
2010-12-08,7.186
2010-12-09,7.19
2010-12-10,7.532
2010-12-11,7.302
2010-12-12,7.2
2010-12-13,7.19
2010-12-14,7.184
2010-12-15,7.18
2010-12-16,7.164
2010-12-17,7.164
2010-12-18,7.154
2010-12-19,7.146
2010-12-20,7.136
2010-12-21,7.126
2010-12-22,7.124
2010-12-23,7.116
2010-12-24,7.12
2010-12-25,7.106
2010-12-26,7.098
2010-12-27,7.114
2010-12-28,7.096
2010-12-29,7.086
2010-12-30,7.08
2010-12-31,7.094
2011-01-01,7.072
2011-01-02,7.07
2011-01-03,7.07
2011-01-04,7.07
2011-01-05,7.066
2011-01-06,7.07
2011-01-07,7.058
2011-01-08,7.066
2011-01-09,7.066
2011-01-10,7.07
2011-01-11,7.066
2011-01-12,7.06
2011-01-13,7.06
2011-01-14,7.06
2011-01-15,7.06
2011-01-16,7.06
2011-01-17,7.06
2011-01-18,7.06
2011-01-19,7.04
2011-01-20,7.04
2011-01-21,7.028
2011-01-22,7.032
2011-01-23,7.034
2011-01-24,7.03
2011-01-25,7.03
2011-01-26,7.016
2011-01-27,7.008
2011-01-28,7.024
2011-01-29,6.996
2011-01-30,6.998
2011-01-31,6.992
2011-02-01,6.978
2011-02-02,6.984
2011-02-03,6.984
2011-02-04,6.962
2011-02-05,6.962
2011-02-06,6.966
2011-02-07,7.046
2011-02-08,7.222
2011-02-09,7.228
2011-02-10,7.33
2011-02-11,7.292
2011-02-12,7.262
2011-02-13,7.302
2011-02-14,7.296
2011-02-15,7.296
2011-02-16,7.238
2011-02-17,7.218
2011-02-18,7.198
2011-02-19,7.186
2011-02-20,7.176
2011-02-21,7.176
2011-02-22,7.21
2011-02-23,7.188
2011-02-24,7.156
2011-02-25,7.154
2011-02-26,7.14
2011-02-27,7.146
2011-02-28,7.154
2011-03-01,7.138
2011-03-02,7.206
2011-03-03,7.212
2011-03-04,7.214
2011-03-05,7.174
2011-03-06,7.15
2011-03-07,7.114
2011-03-08,7.082
2011-03-09,7.086
2011-03-10,7.062
2011-03-11,7.236
2011-03-12,7.244
2011-03-13,7.186
2011-03-14,7.106
2011-03-15,7.12
2011-03-16,7.074
2011-03-17,7.218
2011-03-18,7.032
2011-03-19,7.036
2011-03-20,7.166
2011-03-21,7.118
2011-03-22,7.086
2011-03-23,7.016
2011-03-24,7.144
2011-03-25,7.128
2011-03-26,7.144
2011-03-27,7.208
2011-03-28,7.198
2011-03-29,7.168
2011-03-30,7.266
2011-03-31,7.556
2011-04-01,7.662
2011-04-02,7.3
2011-04-03,7.138
2011-04-04,7.078
2011-04-05,7.02
2011-04-06,7
2011-04-07,6.974
2011-04-08,6.932
2011-04-09,6.906
2011-04-10,6.916
2011-04-11,6.916
2011-04-12,6.892
2011-04-13,6.902
2011-04-14,6.894
2011-04-15,6.946
2011-04-16,7.092
2011-04-17,6.978
2011-04-18,7.06
2011-04-19,7.188
2011-04-20,7.23
2011-04-21,7.218
2011-04-22,7.066
2011-04-23,7.134
2011-04-24,7.114
2011-04-25,7.074
2011-04-26,7.114
2011-04-27,7.088
2011-04-28,7.114
2011-04-29,7.562
2011-04-30,7.268
2011-05-01,7.12
2011-05-02,7.048
2011-05-03,7.01
2011-05-04,7.988
2011-05-05,7.678
2011-05-06,7.888
2011-05-07,7.78
2011-05-08,7.374
2011-05-09,7.208
2011-05-10,7.114
2011-05-11,7.168
2011-05-12,7.548
2011-05-13,7.314
2011-05-14,7.282
2011-05-15,7.28
2011-05-16,7.16
2011-05-17,7.16
2011-05-18,7.8
2011-05-19,7.508
2011-05-20,7.58
2011-05-21,7.51
2011-05-22,8.234
2011-05-23,7.74
2011-05-24,8.238
2011-05-25,8.13
2011-05-26,8.192
2011-05-27,7.56
2011-05-28,7.362
2011-05-29,7.492
2011-05-30,7.814
2011-05-31,7.784
2011-06-01,7.464
2011-06-02,7.308
2011-06-03,7.604
2011-06-04,7.38
2011-06-05,7.27
2011-06-06,7.22
2011-06-07,7.162
2011-06-08,7.222
2011-06-09,7.252
2011-06-10,7.656
2011-06-11,7.668
2011-06-12,7.952
2011-06-13,7.506
2011-06-14,7.504
2011-06-15,7.742
2011-06-16,7.95
2011-06-17,7.66
2011-06-18,8.414
2011-06-19,8.14
2011-06-20,7.58
2011-06-21,7.376
2011-06-22,7.298
2011-06-23,7.334
2011-06-24,7.412
2011-06-25,7.788
2011-06-26,8.174
2011-06-27,8.126
2011-06-28,8.2
2011-06-29,9.45
2011-06-30,9.884
2011-07-01,10.526
2011-07-02,10.168
2011-07-03,8.508
2011-07-04,7.948
2011-07-05,7.726
2011-07-06,7.604
2011-07-07,7.506
2011-07-08,7.832
2011-07-09,7.562
2011-07-10,7.724
2011-07-11,7.478
2011-07-12,7.36
2011-07-13,7.352
2011-07-14,7.32
2011-07-15,7.342
2011-07-16,7.368
2011-07-17,7.432
2011-07-18,7.39
2011-07-19,7.51
2011-07-20,7.39
2011-07-21,8.008
2011-07-22,8.434
2011-07-23,8.054
2011-07-24,7.588
2011-07-25,7.408
2011-07-26,7.71
2011-07-27,7.476
2011-07-28,7.408
2011-07-29,7.314
2011-07-30,7.298
2011-07-31,7.258
2011-08-01,7.19
2011-08-02,7.186
2011-08-03,7.846
2011-08-04,8.05
2011-08-05,8.278
2011-08-06,9.304
2011-08-07,8.666
2011-08-08,8.566
2011-08-09,8.686
2011-08-10,9.588
2011-08-11,9.298
2011-08-12,8.264
2011-08-13,7.862
2011-08-14,7.744
2011-08-15,7.628
2011-08-16,7.542
2011-08-17,9.612
2011-08-18,9.324
2011-08-19,8.128
2011-08-20,7.854
2011-08-21,9.604
2011-08-22,10.044
2011-08-23,8.712
2011-08-24,8.362
2011-08-25,8.096
2011-08-26,7.748
2011-08-27,7.66
2011-08-28,7.552
2011-08-29,7.66
2011-08-30,7.564
2011-08-31,7.44
2011-09-01,7.39
2011-09-02,7.41
2011-09-03,7.352
2011-09-04,7.306
2011-09-05,7.29
2011-09-06,7.406
2011-09-07,7.786
2011-09-08,8.334
2011-09-09,7.492
2011-09-10,7.4
2011-09-11,7.4
2011-09-12,7.352
2011-09-13,7.314
2011-09-14,7.332
2011-09-15,7.394
2011-09-16,7.92
2011-09-17,9.728
2011-09-18,9.804
2011-09-19,8.322
2011-09-20,8.33
2011-09-21,8.87
2011-09-22,8.02
2011-09-23,7.724
2011-09-24,7.59
2011-09-25,7.508
2011-09-26,7.468
2011-09-27,7.546
2011-09-28,8.146
2011-09-29,7.956
2011-09-30,8.05
2011-10-01,8.536
2011-10-02,8.152
2011-10-03,7.564
2011-10-04,8.278
2011-10-05,7.728
2011-10-06,8.784
2011-10-07,7.848
2011-10-08,8.076
2011-10-09,7.64
2011-10-10,7.5
2011-10-11,7.436
2011-10-12,7.398
2011-10-13,7.38
2011-10-14,7.34
2011-10-15,7.316
2011-10-16,7.304
2011-10-17,7.3
2011-10-18,7.27
2011-10-19,7.272
2011-10-20,7.288
2011-10-21,7.27
2011-10-22,7.262
2011-10-23,8.184
2011-10-24,7.46
2011-10-25,7.326
2011-10-26,7.29
2011-10-27,7.27
2011-10-28,7.26
2011-10-29,7.24
2011-10-30,7.228
2011-10-31,7.22
2011-11-01,7.2
2011-11-02,7.21
2011-11-03,7.19
2011-11-04,7.192
2011-11-05,7.18
2011-11-06,7.174
2011-11-07,7.17
2011-11-08,7.172
2011-11-09,7.17
2011-11-10,7.16
2011-11-11,7.15
2011-11-12,7.15
2011-11-13,7.15
2011-11-14,7.14
2011-11-15,7.14
2011-11-16,7.14
2011-11-17,7.14
2011-11-18,7.132
2011-11-19,7.14
2011-11-20,7.12
2011-11-21,7.118
2011-11-22,7.11
2011-11-23,7.11
2011-11-24,7.1
2011-11-25,7.1
2011-11-26,7.09
2011-11-27,7.09
2011-11-28,7.09
2011-11-29,7.09
2011-11-30,7.09
2011-12-01,7.098
2011-12-02,7.09
2011-12-03,7.08
2011-12-04,7.08
2011-12-05,7.09
2011-12-06,7.09
2011-12-07,7.08
2011-12-08,7.064
2011-12-09,7.06
2011-12-10,7.06
2011-12-11,7.06
2011-12-12,7.052
2011-12-13,7.05
2011-12-14,7.05
2011-12-15,7.05
2011-12-16,7.05
2011-12-17,7.05
2011-12-18,7.05
2011-12-19,7.05
2011-12-20,7.05
2011-12-21,7.06
2011-12-22,7.06
2011-12-23,7.058
2011-12-24,7.05
2011-12-25,7.05
2011-12-26,7.05
2011-12-27,7.03
2011-12-28,7.02
2011-12-29,7.018
2011-12-30,7.02
2011-12-31,6.99
2012-01-01,7
2012-01-02,7
2012-01-03,7.032
2012-01-04,7.01
2012-01-05,6.996
2012-01-06,6.99
2012-01-07,6.982
2012-01-08,6.99
2012-01-09,7.014
2012-01-10,7.084
2012-01-11,6.994
2012-01-12,6.952
2012-01-13,6.884
2012-01-14,6.914
2012-01-15,6.908
2012-01-16,6.9
2012-01-17,6.9
2012-01-18,6.9
2012-01-19,6.892
2012-01-20,6.88
2012-01-21,6.88
2012-01-22,6.884
2012-01-23,6.884
2012-01-24,6.89
2012-01-25,6.854
2012-01-26,6.842
2012-01-27,6.858
2012-01-28,6.84
2012-01-29,6.84
2012-01-30,6.842
2012-01-31,6.836
2012-02-01,6.816
2012-02-02,6.82
2012-02-03,6.832
2012-02-04,6.808
2012-02-05,6.82
2012-02-06,6.804
2012-02-07,6.824
2012-02-08,6.822
2012-02-09,6.83
2012-02-10,6.816
2012-02-11,6.806
2012-02-12,6.804
2012-02-13,6.794
2012-02-14,6.796
2012-02-15,6.79
2012-02-16,6.802
2012-02-17,6.804
2012-02-18,6.806
2012-02-19,6.814
2012-02-20,6.81
2012-02-21,6.792
2012-02-22,6.796
2012-02-23,6.802
2012-02-24,6.802
2012-02-25,6.796
2012-02-26,6.792
2012-02-27,6.794
2012-02-28,6.79
2012-02-29,6.856
2012-03-01,7.072
2012-03-02,6.938
2012-03-03,6.984
2012-03-04,6.94
2012-03-05,6.89
2012-03-06,6.858
2012-03-07,6.848
2012-03-08,6.842
2012-03-09,6.836
2012-03-10,6.82
2012-03-11,6.826
2012-03-12,6.808
2012-03-13,6.78
2012-03-14,6.79
2012-03-15,6.792
2012-03-16,6.76
2012-03-17,6.756
2012-03-18,6.782
2012-03-19,6.812
2012-03-20,6.798
2012-03-21,6.792
2012-03-22,6.782
2012-03-23,6.782
2012-03-24,6.782
2012-03-25,6.77
2012-03-26,6.766
2012-03-27,6.762
2012-03-28,6.772
2012-03-29,6.764
2012-03-30,6.76
2012-03-31,6.728
2012-04-01,6.738
2012-04-02,6.74
2012-04-03,6.796
2012-04-04,6.79
2012-04-05,6.772
2012-04-06,6.806
2012-04-07,7.044
2012-04-08,7.022
2012-04-09,8.008
2012-04-10,7.932
2012-04-11,7.498
2012-04-12,7.176
2012-04-13,7.474
2012-04-14,7.114
2012-04-15,7.014
2012-04-16,6.944
2012-04-17,6.928
2012-04-18,6.89
2012-04-19,6.886
2012-04-20,6.87
2012-04-21,7.054
2012-04-22,7.306
2012-04-23,7.034
2012-04-24,6.94
2012-04-25,6.902
2012-04-26,7.204
2012-04-27,7.144
2012-04-28,7.022
2012-04-29,7.336
2012-04-30,7.344
2012-05-01,6.984
2012-05-02,7.642
2012-05-03,7.416
2012-05-04,7.148
2012-05-05,7.042
2012-05-06,6.972
2012-05-07,6.926
2012-05-08,6.904
2012-05-09,6.886
2012-05-10,6.874
2012-05-11,6.87
2012-05-12,6.86
2012-05-13,6.96
2012-05-14,6.888
2012-05-15,6.95
2012-05-16,7.254
2012-05-17,7.122
2012-05-18,6.978
2012-05-19,6.932
2012-05-20,7.066
2012-05-21,7.66
2012-05-22,7.13
2012-05-23,7
2012-05-24,6.938
2012-05-25,6.918
2012-05-26,6.902
2012-05-27,6.894
2012-05-28,6.89
2012-05-29,6.88
2012-05-30,6.944
2012-05-31,6.956
2012-06-01,6.988
2012-06-02,7.662
2012-06-03,7.41
2012-06-04,7.374
2012-06-05,7.968
2012-06-06,8.496
2012-06-07,8.102
2012-06-08,7.702
2012-06-09,7.3
2012-06-10,7.156
2012-06-11,7.044
2012-06-12,6.998
2012-06-13,6.964
2012-06-14,6.942
2012-06-15,6.962
2012-06-16,9.968
2012-06-17,10.44
2012-06-18,8.646
2012-06-19,7.91
2012-06-20,7.87
2012-06-21,7.834
2012-06-22,7.906
2012-06-23,8.91
2012-06-24,12.13
2012-06-25,10.756
2012-06-26,10.384
2012-06-27,9.302
2012-06-28,10.058
2012-06-29,8.704
2012-06-30,8.136
2012-07-01,7.958
2012-07-02,8.516
2012-07-03,7.814
2012-07-04,7.808
2012-07-05,7.94
2012-07-06,7.724
2012-07-07,7.632
2012-07-08,7.76
2012-07-09,7.572
2012-07-10,7.664
2012-07-11,7.634
2012-07-12,7.692
2012-07-13,7.998
2012-07-14,8.574
2012-07-15,11.062
2012-07-16,9.8
2012-07-17,9.036
2012-07-18,10.06
2012-07-19,9.14
2012-07-20,8.344
2012-07-21,7.966
2012-07-22,7.898
2012-07-23,8.04
2012-07-24,9.5
2012-07-25,8.228
2012-07-26,7.878
2012-07-27,7.842
2012-07-28,7.864
2012-07-29,8.35
2012-07-30,7.98
2012-07-31,7.772
2012-08-01,7.726
2012-08-02,7.692
2012-08-03,7.918
2012-08-04,8.236
2012-08-05,7.882
2012-08-06,7.79
2012-08-07,7.65
2012-08-08,8.086
2012-08-09,7.754
2012-08-10,7.626
2012-08-11,7.672
2012-08-12,7.844
2012-08-13,8.858
2012-08-14,8.206
2012-08-15,7.92
2012-08-16,7.874
2012-08-17,7.85
2012-08-18,7.686
2012-08-19,7.548
2012-08-20,7.696
2012-08-21,8.052
2012-08-22,7.884
2012-08-23,7.752
2012-08-24,7.668
2012-08-25,9.07
2012-08-26,8.214
2012-08-27,8.488
2012-08-28,7.892
2012-08-29,7.71
2012-08-30,7.744
2012-08-31,7.658
2012-09-01,7.554
2012-09-02,7.564
2012-09-03,7.552
2012-09-04,7.792
2012-09-05,7.798
2012-09-06,7.758
2012-09-07,7.598
2012-09-08,7.722
2012-09-09,7.826
2012-09-10,7.886
2012-09-11,7.772
2012-09-12,7.582
2012-09-13,7.928
2012-09-14,8.214
2012-09-15,7.89
2012-09-16,7.84
2012-09-17,7.956
2012-09-18,8.158
2012-09-19,7.702
2012-09-20,7.582
2012-09-21,7.534
2012-09-22,7.638
2012-09-23,7.508
2012-09-24,7.678
2012-09-25,7.704
2012-09-26,7.746
2012-09-27,7.708
2012-09-28,7.686
2012-09-29,7.878
2012-09-30,7.906
2012-10-01,7.616
2012-10-02,7.552
2012-10-03,7.56
2012-10-04,7.672
2012-10-05,8.748
2012-10-06,8.772
2012-10-07,7.88
2012-10-08,7.688
2012-10-09,7.82
2012-10-10,7.732
2012-10-11,9
2012-10-12,10.7
2012-10-13,9.31
2012-10-14,9.2
2012-10-15,8.246
2012-10-16,7.748
2012-10-17,7.744
2012-10-18,7.724
2012-10-19,7.67
2012-10-20,7.638
2012-10-21,7.6
2012-10-22,7.566
2012-10-23,7.52
2012-10-24,7.514
2012-10-25,7.498
2012-10-26,7.492
2012-10-27,7.46
2012-10-28,7.444
2012-10-29,7.436
2012-10-30,7.432
2012-10-31,7.42
2012-11-01,7.412
2012-11-02,7.392
2012-11-03,7.424
2012-11-04,7.46
2012-11-05,7.582
2012-11-06,7.532
2012-11-07,7.582
2012-11-08,7.472
2012-11-09,7.432
2012-11-10,7.416
2012-11-11,7.404
2012-11-12,7.394
2012-11-13,7.384
2012-11-14,7.382
2012-11-15,7.38
2012-11-16,7.372
2012-11-17,7.37
2012-11-18,7.37
2012-11-19,7.354
2012-11-20,7.35
2012-11-21,7.35
2012-11-22,7.338
2012-11-23,7.33
2012-11-24,7.32
2012-11-25,7.324
2012-11-26,7.32
2012-11-27,7.32
2012-11-28,7.32
2012-11-29,7.32
2012-11-30,7.32
2012-12-01,7.322
2012-12-02,7.32
2012-12-03,7.308
2012-12-04,7.3
2012-12-05,7.3
2012-12-06,7.3
2012-12-07,7.298
2012-12-08,7.29
2012-12-09,7.3
2012-12-10,7.3
2012-12-11,7.3
2012-12-12,7.3
2012-12-13,7.31
2012-12-14,7.3
2012-12-15,7.3
2012-12-16,7.3
2012-12-17,7.29
2012-12-18,7.29
2012-12-19,7.3
2012-12-20,7.296
2012-12-21,7.3
2012-12-22,7.28
2012-12-23,7.284
2012-12-24,7.286
2012-12-25,7.28
2012-12-26,7.28
2012-12-27,7.294
2012-12-28,7.28
2012-12-29,7.29
2012-12-30,7.288
2012-12-31,7.27
2013-01-01,7.27
2013-01-02,7.26
2013-01-03,7.25
2013-01-04,7.282
2013-01-05,7.34
2013-01-06,7.304
2013-01-07,7.254
2013-01-08,7.24
2013-01-09,7.24
2013-01-10,7.23
2013-01-11,7.236
2013-01-12,7.24
2013-01-13,7.24
2013-01-14,7.238
2013-01-15,7.23
2013-01-16,7.23
2013-01-17,7.23
2013-01-18,7.22
2013-01-19,7.23
2013-01-20,7.224
2013-01-21,7.232
2013-01-22,7.22
2013-01-23,7.216
2013-01-24,7.204
2013-01-25,7.2
2013-01-26,7.2
2013-01-27,7.2
2013-01-28,7.2
2013-01-29,7.194
2013-01-30,7.19
2013-01-31,7.184
2013-02-01,7.19
2013-02-02,7.194
2013-02-03,7.19
2013-02-04,7.19
2013-02-05,7.18
2013-02-06,7.18
2013-02-07,7.172
2013-02-08,7.15
2013-02-09,7.146
2013-02-10,7.142
2013-02-11,7.14
2013-02-12,7.146
2013-02-13,7.14
2013-02-14,7.14
2013-02-15,7.156
2013-02-16,7.13
2013-02-17,7.136
2013-02-18,7.164
2013-02-19,7.17
2013-02-20,7.156
2013-02-21,7.14
2013-02-22,7.14
2013-02-23,7.12
2013-02-24,7.12
2013-02-25,7.13
2013-02-26,7.124
2013-02-27,7.11
2013-02-28,7.1
2013-03-01,7.11
2013-03-02,7.1
2013-03-03,7.1
2013-03-04,7.1
2013-03-05,7.088
2013-03-06,7.104
2013-03-07,7.114
2013-03-08,7.098
2013-03-09,7.086
2013-03-10,7.092
2013-03-11,7.104
2013-03-12,7.104
2013-03-13,7.116
2013-03-14,7.1
2013-03-15,7.09
2013-03-16,7.094
2013-03-17,7.114
2013-03-18,7.124
2013-03-19,7.124
2013-03-20,7.102
2013-03-21,7.086
2013-03-22,7.086
2013-03-23,7.092
2013-03-24,7.102
2013-03-25,7.098
2013-03-26,7.088
2013-03-27,7.084
2013-03-28,7.08
2013-03-29,7.072
2013-03-30,7.098
2013-03-31,7.114
2013-04-01,7.088
2013-04-02,7.086
2013-04-03,7.092
2013-04-04,7.08
2013-04-05,7.07
2013-04-06,7.05
2013-04-07,7.056
2013-04-08,7.06
2013-04-09,7.05
2013-04-10,7.038
2013-04-11,7.038
2013-04-12,7.032
2013-04-13,7.014
2013-04-14,7.018
2013-04-15,7.032
2013-04-16,7.13
2013-04-17,7.15
2013-04-18,7.102
2013-04-19,7.06
2013-04-20,7.074
2013-04-21,7.014
2013-04-22,7.006
2013-04-23,7.004
2013-04-24,7.012
2013-04-25,6.98
2013-04-26,7
2013-04-27,7.004
2013-04-28,7.1
2013-04-29,7.176
2013-04-30,7.112
2013-05-01,7.082
2013-05-02,7.076
2013-05-03,7.066
2013-05-04,7.088
2013-05-05,7.368
2013-05-06,7.82
2013-05-07,8.808
2013-05-08,8.4
2013-05-09,8.068
2013-05-10,8.776
2013-05-11,8.206
2013-05-12,7.894
2013-05-13,7.582
2013-05-14,8.122
2013-05-15,7.926
2013-05-16,8.54
2013-05-17,9.56
2013-05-18,7.922
2013-05-19,7.582
2013-05-20,7.45
2013-05-21,7.814
2013-05-22,10.42
2013-05-23,10.558
2013-05-24,9.09
2013-05-25,9.022
2013-05-26,8.04
2013-05-27,7.728
2013-05-28,8.178
2013-05-29,7.698
2013-05-30,7.696
2013-05-31,7.76
2013-06-01,7.76
2013-06-02,7.54
2013-06-03,7.454
2013-06-04,7.612
2013-06-05,7.434
2013-06-06,7.586
2013-06-07,7.496
2013-06-08,7.506
2013-06-09,7.692
2013-06-10,7.506
2013-06-11,7.432
2013-06-12,7.36
2013-06-13,7.458
2013-06-14,7.388
2013-06-15,7.334
2013-06-16,7.288
2013-06-17,7.284
2013-06-18,7.244
2013-06-19,7.226
2013-06-20,7.298
2013-06-21,7.366
2013-06-22,7.418
2013-06-23,7.524
2013-06-24,7.352
2013-06-25,7.314
2013-06-26,7.554
2013-06-27,9.2
2013-06-28,10.25
2013-06-29,9.9
2013-06-30,8.964
2013-07-01,8.38
2013-07-02,7.954
2013-07-03,7.754
2013-07-04,7.638
2013-07-05,7.528
2013-07-06,7.436
2013-07-07,7.646
2013-07-08,7.858
2013-07-09,7.54
2013-07-10,7.514
2013-07-11,7.418
2013-07-12,7.48
2013-07-13,7.552
2013-07-14,7.474
2013-07-15,7.454
2013-07-16,7.532
2013-07-17,7.648
2013-07-18,7.492
2013-07-19,7.5
2013-07-20,7.418
2013-07-21,7.368
2013-07-22,7.312
2013-07-23,7.272
2013-07-24,7.334
2013-07-25,7.364
2013-07-26,7.356
2013-07-27,7.98
2013-07-28,11.306
2013-07-29,10.282
2013-07-30,8.386
2013-07-31,8
2013-08-01,8.004
2013-08-02,7.69
2013-08-03,7.502
2013-08-04,9.846
2013-08-05,9.36
2013-08-06,9.028
2013-08-07,10.99
2013-08-08,9.64
2013-08-09,8.244
2013-08-10,7.828
2013-08-11,8.696
2013-08-12,8.12
2013-08-13,7.976
2013-08-14,7.674
2013-08-15,8.494
2013-08-16,8.792
2013-08-17,8.04
2013-08-18,7.842
2013-08-19,7.632
2013-08-20,7.624
2013-08-21,7.816
2013-08-22,7.598
2013-08-23,7.594
2013-08-24,8.008
2013-08-25,7.824
2013-08-26,7.52
2013-08-27,7.456
2013-08-28,7.488
2013-08-29,8.32
2013-08-30,9.454
2013-08-31,9.466
2013-09-01,8.068
2013-09-02,8.086
2013-09-03,8.328
2013-09-04,9.062
2013-09-05,8.962
2013-09-06,9.128
2013-09-07,8.118
2013-09-08,8.434
2013-09-09,9.296
2013-09-10,8.746
2013-09-11,8.132
2013-09-12,7.802
2013-09-13,7.744
2013-09-14,7.796
2013-09-15,7.746
2013-09-16,7.688
2013-09-17,7.794
2013-09-18,7.774
2013-09-19,7.952
2013-09-20,7.572
2013-09-21,7.474
2013-09-22,8.082
2013-09-23,8.272
2013-09-24,7.678
2013-09-25,7.934
2013-09-26,7.948
2013-09-27,7.692
2013-09-28,7.83
2013-09-29,7.592
2013-09-30,8.55
2013-10-01,7.68
2013-10-02,7.5
2013-10-03,8.328
2013-10-04,7.94
2013-10-05,9.702
2013-10-06,8.256
2013-10-07,9.1
2013-10-08,8.296
2013-10-09,7.944
2013-10-10,7.768
2013-10-11,7.668
2013-10-12,7.596
2013-10-13,7.57
2013-10-14,7.542
2013-10-15,7.5
2013-10-16,7.484
2013-10-17,7.456
2013-10-18,7.436
2013-10-19,7.426
2013-10-20,7.406
2013-10-21,7.608
2013-10-22,8.122
2013-10-23,7.788
2013-10-24,7.78
2013-10-25,7.736
2013-10-26,7.704
2013-10-27,8.136
2013-10-28,7.794
2013-10-29,7.562
2013-10-30,7.492
2013-10-31,7.49
2013-11-01,7.428
2013-11-02,7.416
2013-11-03,7.41
2013-11-04,7.396
2013-11-05,7.38
2013-11-06,7.37
2013-11-07,7.354
2013-11-08,7.35
2013-11-09,7.34
2013-11-10,7.34
2013-11-11,7.33
2013-11-12,7.326
2013-11-13,7.32
2013-11-14,7.316
2013-11-15,7.316
2013-11-16,7.31
2013-11-17,7.294
2013-11-18,7.3
2013-11-19,7.3
2013-11-20,7.286
2013-11-21,7.29
2013-11-22,7.288
2013-11-23,7.28
2013-11-24,7.272
2013-11-25,7.27
2013-11-26,7.27
2013-11-27,7.268
2013-11-28,7.256
2013-11-29,7.26
2013-11-30,7.26
2013-12-01,7.25
2013-12-02,7.24
2013-12-03,7.25
2013-12-04,7.24
2013-12-05,7.24
2013-12-06,7.24
2013-12-07,7.23
2013-12-08,7.23
2013-12-09,7.23
2013-12-10,7.21
2013-12-11,7.188
2013-12-12,7.316
2013-12-13,7.242
2013-12-14,7.218
2013-12-15,7.216
2013-12-16,7.208
2013-12-17,7.2
2013-12-18,7.2
2013-12-19,7.2
2013-12-20,7.2
2013-12-21,7.2
2013-12-22,7.208
2013-12-23,7.2
2013-12-24,7.2
2013-12-25,7.19
2013-12-26,7.19
2013-12-27,7.19
2013-12-28,7.19
2013-12-29,7.19
2013-12-30,7.184
2013-12-31,7.18
2014-01-01,7.144
2014-01-02,7.12
2014-01-03,7.13
2014-01-04,7.164
2014-01-05,7.15
2014-01-06,7.15
2014-01-07,7.218
2014-01-08,7.216
2014-01-09,7.21
2014-01-10,7.196
2014-01-11,7.148
2014-01-12,7.354
2014-01-13,7.206
2014-01-14,7.126
2014-01-15,7.116
2014-01-16,7.122
2014-01-17,7.124
2014-01-18,7.14
2014-01-19,7.11
2014-01-20,7.104
2014-01-21,7.074
2014-01-22,7.06
2014-01-23,7.06
2014-01-24,7.12
2014-01-25,7.12
2014-01-26,7.088
2014-01-27,7.084
2014-01-28,7.08
2014-01-29,7.098
2014-01-30,7.08
2014-01-31,7.042
2014-02-01,7
2014-02-02,7.12
2014-02-03,7.092
2014-02-04,7.076
2014-02-05,7.056
2014-02-06,7.08
2014-02-07,7.094
2014-02-08,7.066
2014-02-09,7.042
2014-02-10,7.076
2014-02-11,7.068
2014-02-12,7.036
2014-02-13,7.082
2014-02-14,7.026
2014-02-15,7.052
2014-02-16,7.052
2014-02-17,7.148
2014-02-18,7.284
2014-02-19,7.104
2014-02-20,7.07
2014-02-21,7.036
2014-02-22,7.024
2014-02-23,6.996
2014-02-24,7.03
2014-02-25,7.01
2014-02-26,7.04
2014-02-27,7.056
2014-02-28,7.058
2014-03-01,7.056
2014-03-02,7.016
2014-03-03,7.014
2014-03-04,7.022
2014-03-05,7.002
2014-03-06,7.024
2014-03-07,7.02
2014-03-08,7.01
2014-03-09,7.01
2014-03-10,7.018
2014-03-11,6.988
2014-03-12,6.954
2014-03-13,6.972
2014-03-14,6.966
2014-03-15,7.016
2014-03-16,7.024
2014-03-17,7.012
2014-03-18,7.058
2014-03-19,6.952
2014-03-20,6.998
2014-03-21,6.996
2014-03-22,7.012
2014-03-23,7.06
2014-03-24,7.044
2014-03-25,7.042
2014-03-26,6.976
2014-03-27,6.978
2014-03-28,6.968
2014-03-29,7.036
2014-03-30,6.938
2014-03-31,6.946
2014-04-01,6.93
2014-04-02,7.004
2014-04-03,7
2014-04-04,7.076
2014-04-05,7.052
2014-04-06,7.008
2014-04-07,7.09
2014-04-08,7.07
2014-04-09,7.076
2014-04-10,7.092
2014-04-11,7.068
2014-04-12,7.006
2014-04-13,6.94
2014-04-14,7.014
2014-04-15,7.036
2014-04-16,7.01
2014-04-17,6.966
2014-04-18,6.858
2014-04-19,6.854
2014-04-20,6.924
2014-04-21,6.912
2014-04-22,6.882
2014-04-23,6.89
2014-04-24,6.866
2014-04-25,6.892
2014-04-26,6.846
2014-04-27,6.94
2014-04-28,7
2014-04-29,6.87
2014-04-30,6.972
2014-05-01,6.984
2014-05-02,7.01
2014-05-03,7.104
2014-05-04,7.058
2014-05-05,7.012
2014-05-06,6.99
2014-05-07,7.034
2014-05-08,7.542
2014-05-09,9.58
2014-05-10,7.812
2014-05-11,7.542
2014-05-12,8.736
2014-05-13,7.492
2014-05-14,7.282
2014-05-15,7.208
2014-05-16,7.204
2014-05-17,7.168
2014-05-18,7.114
2014-05-19,7.116
2014-05-20,7.1
2014-05-21,7.094
2014-05-22,7.084
2014-05-23,7.074
2014-05-24,7.09
2014-05-25,7.734
2014-05-26,7.362
2014-05-27,7.294
2014-05-28,7.284
2014-05-29,7.586
2014-05-30,7.754
2014-05-31,7.966
2014-06-01,7.938
2014-06-02,7.902
2014-06-03,7.524
2014-06-04,7.312
2014-06-05,7.274
2014-06-06,7.228
2014-06-07,7.174
2014-06-08,7.156
2014-06-09,7.492
2014-06-10,7.556
2014-06-11,7.56
2014-06-12,7.9
2014-06-13,7.462
2014-06-14,7.7
2014-06-15,7.342
2014-06-16,7.25
2014-06-17,7.37
2014-06-18,10.646
2014-06-19,10.274
2014-06-20,9.84
2014-06-21,10.76
2014-06-22,11.46
2014-06-23,11.36
2014-06-24,10.93
2014-06-25,9.24
2014-06-26,8.416
2014-06-27,8.324
2014-06-28,7.924
2014-06-29,7.83
2014-06-30,8.208
2014-07-01,8.204
2014-07-02,7.724
2014-07-03,7.616
2014-07-04,8.84
2014-07-05,9.13
2014-07-06,9.204
2014-07-07,8.874
2014-07-08,7.868
2014-07-09,7.596
2014-07-10,7.524
2014-07-11,7.48
2014-07-12,7.638
2014-07-13,7.464
2014-07-14,7.5
2014-07-15,7.476
2014-07-16,7.44
2014-07-17,7.48
2014-07-18,7.496
2014-07-19,7.494
2014-07-20,7.378
2014-07-21,7.388
2014-07-22,7.496
2014-07-23,7.75
2014-07-24,7.672
2014-07-25,7.438
2014-07-26,7.412
2014-07-27,10.23
2014-07-28,8.894
2014-07-29,7.842
2014-07-30,7.57
2014-07-31,7.56
2014-08-01,7.528
2014-08-02,7.586
2014-08-03,7.41
2014-08-04,7.332
2014-08-05,7.394
2014-08-06,7.43
2014-08-07,7.396
2014-08-08,7.422
2014-08-09,7.33
2014-08-10,7.314
2014-08-11,7.298
2014-08-12,7.724
2014-08-13,9.574
2014-08-14,11.346
2014-08-15,11.664
2014-08-16,10.55
2014-08-17,9.214
2014-08-18,9.93
2014-08-19,8.462
2014-08-20,8.24
2014-08-21,8.758
2014-08-22,9.64
2014-08-23,8.88
2014-08-24,8.622
2014-08-25,8.068
2014-08-26,7.958
2014-08-27,8.024
2014-08-28,8.648
2014-08-29,9.502
2014-08-30,8.82
2014-08-31,8.63
2014-09-01,8.164
2014-09-02,7.786
2014-09-03,7.656
2014-09-04,7.594
2014-09-05,7.676
2014-09-06,7.528
2014-09-07,7.476
2014-09-08,7.43
2014-09-09,7.442
2014-09-10,7.48
2014-09-11,7.428
2014-09-12,7.44
2014-09-13,7.702
2014-09-14,7.502
2014-09-15,7.45
2014-09-16,7.416
2014-09-17,7.408
2014-09-18,7.402
2014-09-19,7.942
2014-09-20,7.486
2014-09-21,8.666
2014-09-22,9.222
2014-09-23,11.342
2014-09-24,10.94
2014-09-25,9.02
2014-09-26,9.02
2014-09-27,8.64
2014-09-28,8.14
2014-09-29,7.79
2014-09-30,7.56
2014-10-01,7.524
2014-10-02,7.542
2014-10-03,7.53
2014-10-04,7.498
2014-10-05,7.474
2014-10-06,7.432
2014-10-07,7.496
2014-10-08,7.498
2014-10-09,7.398
2014-10-10,7.39
2014-10-11,7.574
2014-10-12,7.864
2014-10-13,7.672
2014-10-14,7.704
2014-10-15,7.664
2014-10-16,7.474
2014-10-17,7.398
2014-10-18,7.366
2014-10-19,7.348
2014-10-20,7.33
2014-10-21,7.32
2014-10-22,7.298
2014-10-23,7.296
2014-10-24,7.284
2014-10-25,7.268
2014-10-26,7.254
2014-10-27,7.254
2014-10-28,7.314
2014-10-29,7.366
2014-10-30,7.3
2014-10-31,7.27
2014-11-01,7.25
2014-11-02,7.24
2014-11-03,7.24
2014-11-04,7.226
2014-11-05,7.226
2014-11-06,7.23
2014-11-07,7.228
2014-11-08,7.22
2014-11-09,7.224
2014-11-10,7.698
2014-11-11,7.35
2014-11-12,7.268
2014-11-13,7.244
2014-11-14,7.24
2014-11-15,7.23
2014-11-16,7.22
2014-11-17,7.22
2014-11-18,7.218
2014-11-19,7.208
2014-11-20,7.2
2014-11-21,7.21
2014-11-22,7.21
2014-11-23,7.22
2014-11-24,7.272
2014-11-25,7.27
2014-11-26,7.26
2014-11-27,7.26
2014-11-28,7.26
2014-11-29,7.26
2014-11-30,7.252
2014-12-01,7.246
2014-12-02,7.23
2014-12-03,7.238
2014-12-04,7.242
2014-12-05,7.236
2014-12-06,7.23
2014-12-07,7.23
2014-12-08,7.23
2014-12-09,7.23
2014-12-10,7.23
2014-12-11,7.204
2014-12-12,7.206
2014-12-13,7.2
2014-12-14,7.2
2014-12-15,7.2
2014-12-16,7.21
2014-12-17,7.18
2014-12-18,7.17
2014-12-19,7.17
2014-12-20,7.17
2014-12-21,7.17
2014-12-22,7.132
2014-12-23,7.15
2014-12-24,7.14
2014-12-25,7.13
2014-12-26,7.104
2014-12-27,7.09
2014-12-28,7.096
2014-12-29,7.11
2014-12-30,7.1
2014-12-31,7.16
2015-01-01,7.156
2015-01-02,7.136
2015-01-03,7.106
2015-01-04,7.092
2015-01-05,7.09
2015-01-06,7.09
2015-01-07,7.096
2015-01-08,7.09
2015-01-09,7.09
2015-01-10,7.096
2015-01-11,7.08
2015-01-12,7.08
2015-01-13,7.08
2015-01-14,7.07
2015-01-15,7.052
2015-01-16,7.11
2015-01-17,7.136
2015-01-18,7.132
2015-01-19,7.078
2015-01-20,7.074
2015-01-21,7.08
2015-01-22,7.07
2015-01-23,7.076
2015-01-24,7.064
2015-01-25,7.056
2015-01-26,7.032
2015-01-27,7.05
2015-01-28,7.036
2015-01-29,7.036
2015-01-30,7.004
2015-01-31,7.01
2015-02-01,7.024
2015-02-02,7.016
2015-02-03,7.014
2015-02-04,7.006
2015-02-05,7
2015-02-06,7.05
2015-02-07,6.996
2015-02-08,7.03
2015-02-09,7
2015-02-10,6.996
2015-02-11,6.98
2015-02-12,6.99
2015-02-13,7
2015-02-14,6.98
2015-02-15,6.992
2015-02-16,7.014
2015-02-17,6.99
2015-02-18,6.994
2015-02-19,7.006
2015-02-20,7.014
2015-02-21,7.026
2015-02-22,7.06
2015-02-23,7
2015-02-24,7.01
2015-02-25,6.65
2015-02-26,6.642
2015-02-27,6.69
2015-02-28,6.64
2015-03-01,6.654
2015-03-02,6.658
2015-03-03,6.642
2015-03-04,6.664
2015-03-05,6.734
2015-03-06,6.75
2015-03-07,6.71
2015-03-08,6.664
2015-03-09,6.664
2015-03-10,6.654
2015-03-11,6.654
2015-03-12,6.64
2015-03-13,6.568
2015-03-14,6.574
2015-03-15,6.564
2015-03-16,6.554
2015-03-17,6.586
2015-03-18,6.574
2015-03-19,6.632
2015-03-20,6.59
2015-03-21,6.58
2015-03-22,6.568
2015-03-23,6.54
2015-03-24,6.52
2015-03-25,6.58
2015-03-26,6.664
2015-03-27,6.658
2015-03-28,6.594
2015-03-29,6.624
2015-03-30,6.582
2015-03-31,6.57
2015-04-01,6.72
2015-04-02,7.152
2015-04-03,8.63
2015-04-04,7.512
2015-04-05,7.052
2015-04-06,7.244
2015-04-07,7.426
2015-04-08,7.144
2015-04-09,6.974
2015-04-10,6.836
2015-04-11,6.8
2015-04-12,6.764
2015-04-13,6.708
2015-04-14,6.694
2015-04-15,6.704
2015-04-16,6.674
2015-04-17,6.654
2015-04-18,6.66
2015-04-19,6.756
2015-04-20,6.944
2015-04-21,6.782
2015-04-22,6.77
2015-04-23,7.196
2015-04-24,7.412
2015-04-25,7.092
2015-04-26,6.908
2015-04-27,6.842
2015-04-28,6.794
2015-04-29,6.778
2015-04-30,6.756
2015-05-01,7.302
2015-05-02,7.066
2015-05-03,7.07
2015-05-04,6.902
2015-05-05,6.83
2015-05-06,6.772
2015-05-07,6.752
2015-05-08,6.818
2015-05-09,6.788
2015-05-10,6.776
2015-05-11,6.83
2015-05-12,6.978
2015-05-13,7.168
2015-05-14,6.914
2015-05-15,6.792
2015-05-16,6.778
2015-05-17,6.768
2015-05-18,6.944
2015-05-19,7.134
2015-05-20,6.854
2015-05-21,6.786
2015-05-22,6.748
2015-05-23,6.726
2015-05-24,7.386
2015-05-25,7.404
2015-05-26,6.928
2015-05-27,6.936
2015-05-28,6.916
2015-05-29,7.066
2015-05-30,7.89
2015-05-31,7.368
2015-06-01,6.984
2015-06-02,6.866
2015-06-03,6.812
2015-06-04,6.768
2015-06-05,6.744
2015-06-06,6.768
2015-06-07,6.766
2015-06-08,6.736
2015-06-09,6.72
2015-06-10,6.724
2015-06-11,7.278
2015-06-12,7.698
2015-06-13,7.072
2015-06-14,7.072
2015-06-15,7.136
2015-06-16,7.612
2015-06-17,7.154
2015-06-18,6.988
2015-06-19,6.886
2015-06-20,7.158
2015-06-21,7.254
2015-06-22,6.948
2015-06-23,7.57
2015-06-24,9.65
2015-06-25,9.714
2015-06-26,9.678
2015-06-27,9.506
2015-06-28,8.872
2015-06-29,7.782
2015-06-30,7.356
2015-07-01,7.126
2015-07-02,7.118
2015-07-03,8.936
2015-07-04,8.188
2015-07-05,7.656
2015-07-06,7.5
2015-07-07,7.324
2015-07-08,10.376
2015-07-09,10.504
2015-07-10,10.184
2015-07-11,8.98
2015-07-12,7.866
2015-07-13,7.576
2015-07-14,7.352
2015-07-15,7.398
2015-07-16,7.424
2015-07-17,9.936
2015-07-18,10.08
2015-07-19,9.67
2015-07-20,9.816
2015-07-21,8.76
2015-07-22,7.862
2015-07-23,7.746
2015-07-24,8.756
2015-07-25,11.92
2015-07-26,10.418
2015-07-27,11.44
2015-07-28,10.292
2015-07-29,9.57
2015-07-30,8.64
2015-07-31,10.684
2015-08-01,10.49
2015-08-02,9.71
2015-08-03,8.468
2015-08-04,7.964
2015-08-05,7.81
2015-08-06,7.542
2015-08-07,7.436
2015-08-08,7.336
2015-08-09,7.37
2015-08-10,7.316
2015-08-11,7.444
2015-08-12,7.54
2015-08-13,7.408
2015-08-14,7.232
2015-08-15,7.574
2015-08-16,7.296
2015-08-17,8.028
2015-08-18,9.21
2015-08-19,11.032
2015-08-20,12.73
2015-08-21,11.406
2015-08-22,9.58
2015-08-23,8.66
2015-08-24,8.378
2015-08-25,7.846
2015-08-26,7.682
2015-08-27,7.576
2015-08-28,7.47
2015-08-29,8.482
2015-08-30,8.184
2015-08-31,11.272
2015-09-01,11.286
2015-09-02,9.708
2015-09-03,9.19
2015-09-04,8.54
2015-09-05,8.352
2015-09-06,8.8
2015-09-07,8.48
2015-09-08,7.866
2015-09-09,7.612
2015-09-10,7.538
2015-09-11,7.432
2015-09-12,8.916
2015-09-13,8.342
2015-09-14,8.462
2015-09-15,7.818
2015-09-16,7.474
2015-09-17,7.366
2015-09-18,7.324
2015-09-19,8.29
2015-09-20,7.93
2015-09-21,8.178
2015-09-22,11.26
2015-09-23,10.508
2015-09-24,9.884
2015-09-25,9.08
2015-09-26,8.048
2015-09-27,7.706
2015-09-28,7.556
2015-09-29,7.45
2015-09-30,7.384
2015-10-01,7.314
2015-10-02,7.31
2015-10-03,7.278
2015-10-04,7.254
2015-10-05,7.416
2015-10-06,7.64
2015-10-07,7.512
2015-10-08,8.86
2015-10-09,9.906
2015-10-10,8.314
2015-10-11,7.92
2015-10-12,7.74
2015-10-13,7.924
2015-10-14,7.516
2015-10-15,7.456
2015-10-16,7.398
2015-10-17,7.306
2015-10-18,7.256
2015-10-19,7.216
2015-10-20,7.188
2015-10-21,7.164
2015-10-22,7.144
2015-10-23,7.132
2015-10-24,7.254
2015-10-25,7.152
2015-10-26,7.128
2015-10-27,7.104
2015-10-28,7.066
2015-10-29,7.086
2015-10-30,7.064
2015-10-31,7.11
2015-11-01,7.086
2015-11-02,7.094
2015-11-03,7.068
2015-11-04,7.046
2015-11-05,7.034
2015-11-06,7.02
2015-11-07,7.02
2015-11-08,7.02
2015-11-09,7
2015-11-10,7.01
2015-11-11,6.992
2015-11-12,6.99
2015-11-13,6.982
2015-11-14,6.978
2015-11-15,6.974
2015-11-16,6.98
2015-11-17,6.98
2015-11-18,6.99
2015-11-19,6.98
2015-11-20,6.916
2015-11-21,6.91
2015-11-22,6.928
2015-11-23,6.908
2015-11-24,6.958
2015-11-25,6.894
2015-11-26,6.976
2015-11-27,6.876
2015-11-28,6.902
2015-11-29,6.934
2015-11-30,6.932
2015-12-01,6.928
2015-12-02,6.908
2015-12-03,6.926
2015-12-04,6.88
2015-12-05,6.88
2015-12-06,6.866
2015-12-07,6.89
2015-12-08,6.864
2015-12-09,6.886
2015-12-10,6.88
2015-12-11,6.88
2015-12-12,6.87
2015-12-13,6.88
2015-12-14,6.87
2015-12-15,6.86
2015-12-16,6.85
2015-12-17,6.89
2015-12-18,6.894
2015-12-19,6.886
2015-12-20,6.858
2015-12-21,6.854
2015-12-22,6.858
2015-12-23,6.866
2015-12-24,6.858
2015-12-25,6.838
2015-12-26,6.812
2015-12-27,6.838
2015-12-28,6.82
2015-12-29,6.812
2015-12-30,6.838
2015-12-31,6.83
2016-01-01,6.85
2016-01-02,6.84
2016-01-03,6.854
2016-01-04,6.894
2016-01-05,6.814
2016-01-06,6.774
2016-01-07,6.788
2016-01-08,6.79
2016-01-09,6.79
2016-01-10,6.794
2016-01-11,6.752
2016-01-12,6.76
2016-01-13,6.82
2016-01-14,6.79
2016-01-15,6.79
2016-01-16,6.784
2016-01-17,6.77
2016-01-18,6.788
2016-01-19,6.77
2016-01-20,6.76
2016-01-21,6.76
2016-01-22,6.764
2016-01-23,6.788
2016-01-24,6.768
2016-01-25,6.76
2016-01-26,6.76
2016-01-27,6.758
2016-01-28,6.732
2016-01-29,6.738
2016-01-30,6.736
2016-01-31,6.74
2016-02-01,6.74
2016-02-02,6.75
2016-02-03,6.748
2016-02-04,6.746
2016-02-05,6.744
2016-02-06,6.75
2016-02-07,6.694
2016-02-08,6.712
2016-02-09,6.736
2016-02-10,6.752
2016-02-11,6.744
2016-02-12,6.884
2016-02-13,7.604
2016-02-14,6.882
2016-02-15,6.788
2016-02-16,6.752
2016-02-17,6.736
2016-02-18,6.744
2016-02-19,6.794
2016-02-20,6.742
2016-02-21,6.726
2016-02-22,6.744
2016-02-23,6.716
2016-02-24,6.87
2016-02-25,6.892
2016-02-26,6.794
2016-02-27,6.738
2016-02-28,6.702
2016-02-29,6.722
2016-03-01,6.702
2016-03-02,6.72
2016-03-03,6.702
2016-03-04,6.734
2016-03-05,6.72
2016-03-06,6.716
2016-03-07,6.692
2016-03-08,6.708
2016-03-09,6.772
2016-03-10,6.696
2016-03-11,6.704
2016-03-12,6.71
2016-03-13,6.698
2016-03-14,6.682
2016-03-15,6.67
2016-03-16,6.67
2016-03-17,6.672
2016-03-18,6.636
2016-03-19,6.62
2016-03-20,6.642
2016-03-21,6.652
2016-03-22,6.74
2016-03-23,6.744
2016-03-24,6.712
2016-03-25,6.7
2016-03-26,6.672
2016-03-27,6.642
2016-03-28,6.62
2016-03-29,8.258
2016-03-30,7.24
2016-03-31,6.99
2016-04-01,7.992
2016-04-02,7.492
2016-04-03,7.082
2016-04-04,7.008
2016-04-05,7.148
2016-04-06,6.932
2016-04-07,6.852
2016-04-08,6.786
2016-04-09,6.77
2016-04-10,6.738
2016-04-11,6.708
2016-04-12,6.704
2016-04-13,6.684
2016-04-14,6.674
2016-04-15,6.686
2016-04-16,6.662
2016-04-17,6.636
2016-04-18,6.648
2016-04-19,6.656
2016-04-20,6.648
2016-04-21,6.598
2016-04-22,6.648
2016-04-23,6.642
2016-04-24,6.62
2016-04-25,6.632
2016-04-26,6.966
2016-04-27,6.744
2016-04-28,6.7
2016-04-29,6.682
2016-04-30,6.614
2016-05-01,6.636
2016-05-02,6.76
2016-05-03,7.3
2016-05-04,6.858
2016-05-05,6.816
2016-05-06,6.772
2016-05-07,6.714
2016-05-08,6.684
2016-05-09,6.662
2016-05-10,6.664
2016-05-11,6.646
2016-05-12,6.636
2016-05-13,6.71
2016-05-14,6.796
2016-05-15,6.716
2016-05-16,6.67
2016-05-17,6.658
2016-05-18,6.798
2016-05-19,8.164
2016-05-20,7.276
2016-05-21,8.466
2016-05-22,10.17
2016-05-23,7.936
2016-05-24,7.088
2016-05-25,8.396
2016-05-26,7.878
2016-05-27,7.302
2016-05-28,7.266
2016-05-29,8
2016-05-30,7.38
2016-05-31,7.056
2016-06-01,7.29
2016-06-02,6.98
2016-06-03,6.842
2016-06-04,6.844
2016-06-05,6.818
2016-06-06,6.812
2016-06-07,7.324
2016-06-08,7.636
2016-06-09,7.844
2016-06-10,7.686
2016-06-11,8.392
2016-06-12,8.596
2016-06-13,8.282
2016-06-14,8.096
2016-06-15,7.328
2016-06-16,7.094
2016-06-17,7.072
2016-06-18,7.194
2016-06-19,7.022
2016-06-20,6.928
2016-06-21,7.172
2016-06-22,6.962
2016-06-23,7.018
2016-06-24,6.966
2016-06-25,6.876
2016-06-26,6.944
2016-06-27,6.918
2016-06-28,6.836
2016-06-29,6.878
2016-06-30,6.886
2016-07-01,6.836
2016-07-02,6.818
2016-07-03,7.032
2016-07-04,9.07
2016-07-05,9.328
2016-07-06,7.938
2016-07-07,7.588
2016-07-08,7.344
2016-07-09,7.494
2016-07-10,7.252
2016-07-11,7.214
2016-07-12,7.076
2016-07-13,7.046
2016-07-14,7.124
2016-07-15,7.052
2016-07-16,10.624
2016-07-17,9.54
2016-07-18,8.752
2016-07-19,8.976
2016-07-20,9.11
2016-07-21,8.024
2016-07-22,7.504
2016-07-23,7.344
2016-07-24,7.35
2016-07-25,7.228
2016-07-26,8.046
2016-07-27,7.37
2016-07-28,7.396
2016-07-29,7.542
2016-07-30,7.334
2016-07-31,9.002
2016-08-01,9.854
2016-08-02,8.56
2016-08-03,8.102
2016-08-04,7.358
2016-08-05,7.16
2016-08-06,7.076
2016-08-07,7.144
2016-08-08,7.092
2016-08-09,7.086
2016-08-10,7.14
2016-08-11,7.52
2016-08-12,7.278
2016-08-13,7.114
2016-08-14,10.04
2016-08-15,8.928
2016-08-16,7.894
2016-08-17,8.196
2016-08-18,7.564
2016-08-19,7.2
2016-08-20,7.096
2016-08-21,10.966
2016-08-22,9.88
2016-08-23,8.618
2016-08-24,7.856
2016-08-25,7.494
2016-08-26,8.118
2016-08-27,8.788
2016-08-28,11.23
2016-08-29,9.608
2016-08-30,8.726
2016-08-31,9.164
2016-09-01,11.97
2016-09-02,10.226
2016-09-03,9.416
2016-09-04,9.102
2016-09-05,8.106
2016-09-06,7.768
2016-09-07,7.556
2016-09-08,7.41
2016-09-09,7.334
2016-09-10,7.276
2016-09-11,7.494
2016-09-12,8.388
2016-09-13,8.4
2016-09-14,7.86
2016-09-15,7.436
2016-09-16,7.298
2016-09-17,7.268
2016-09-18,7.268
2016-09-19,7.172
2016-09-20,7.14
2016-09-21,7.392
2016-09-22,7.374
2016-09-23,7.282
2016-09-24,7.114
2016-09-25,7.106
2016-09-26,7.026
2016-09-27,7.342
2016-09-28,7.938
2016-09-29,7.452
2016-09-30,7.136
2016-10-01,7.166
2016-10-02,7.37
2016-10-03,7.452
2016-10-04,7.282
2016-10-05,7.862
2016-10-06,7.6
2016-10-07,7.61
2016-10-08,8.382
2016-10-09,8.154
2016-10-10,8.046
2016-10-11,7.874
2016-10-12,8.204
2016-10-13,8.078
2016-10-14,7.734
2016-10-15,7.432
2016-10-16,7.246
2016-10-17,7.168
2016-10-18,7.126
2016-10-19,7.104
2016-10-20,7.07
2016-10-21,7.034
2016-10-22,7.024
2016-10-23,7.006
2016-10-24,7
2016-10-25,6.994
2016-10-26,6.986
2016-10-27,6.992
2016-10-28,7.15
2016-10-29,7.438
2016-10-30,7.73
2016-10-31,7.144
2016-11-01,7.044
2016-11-02,7.008
2016-11-03,6.986
2016-11-04,7.286
2016-11-05,7.792
2016-11-06,9.604
2016-11-07,11.39
2016-11-08,9.446
2016-11-09,8.024
2016-11-10,7.536
2016-11-11,7.36
2016-11-12,7.26
2016-11-13,7.182
2016-11-14,7.18
2016-11-15,7.138
2016-11-16,7.122
2016-11-17,7.096
2016-11-18,7.066
2016-11-19,7.054
2016-11-20,7.06
2016-11-21,7.01
2016-11-22,7.04
2016-11-23,7.02
2016-11-24,7.032
2016-11-25,7.01
2016-11-26,7.01
2016-11-27,6.988
2016-11-28,6.984
2016-11-29,6.98
2016-11-30,6.984
2016-12-01,6.978
2016-12-02,6.966
2016-12-03,6.956
2016-12-04,6.946
2016-12-05,6.936
2016-12-06,6.936
2016-12-07,6.93
2016-12-08,6.924
2016-12-09,6.92
2016-12-10,6.92
2016-12-11,6.918
2016-12-12,6.91
2016-12-13,6.932
2016-12-14,6.934
2016-12-15,6.928
2016-12-16,6.92
2016-12-17,6.92
2016-12-18,6.912
2016-12-19,6.91
2016-12-20,6.916
2016-12-21,6.92
2016-12-22,6.91
2016-12-23,6.908
2016-12-24,6.898
2016-12-25,6.9
2016-12-26,6.886
2016-12-27,6.86
2016-12-28,6.844
2016-12-29,6.838
2016-12-30,6.82
2016-12-31,6.826
2017-01-01,6.84
2017-01-02,6.84
2017-01-03,6.84
2017-01-04,6.832
2017-01-05,6.83
2017-01-06,6.83
2017-01-07,6.828
2017-01-08,6.82
2017-01-09,6.81
2017-01-10,6.814
2017-01-11,6.804
2017-01-12,6.794
2017-01-13,6.79
2017-01-14,6.788
2017-01-15,6.794
2017-01-16,6.794
2017-01-17,6.782
2017-01-18,6.786
2017-01-19,6.772
2017-01-20,6.78
2017-01-21,6.78
2017-01-22,6.78
2017-01-23,6.776
2017-01-24,6.766
2017-01-25,6.778
2017-01-26,6.768
2017-01-27,6.768
2017-01-28,6.76
2017-01-29,6.76
2017-01-30,6.748
2017-01-31,6.73
2017-02-01,6.74
2017-02-02,6.762
2017-02-03,6.75
2017-02-04,6.734
2017-02-05,6.72
2017-02-06,6.72
2017-02-07,6.712
2017-02-08,6.716
2017-02-09,6.74
2017-02-10,6.752
2017-02-11,6.748
2017-02-12,6.7
2017-02-13,6.692
2017-02-14,6.682
2017-02-15,6.68
2017-02-16,6.68
2017-02-17,6.69
2017-02-18,6.704
2017-02-19,6.704
2017-02-20,6.702
2017-02-21,6.706
2017-02-22,6.702
2017-02-23,6.71
2017-02-24,6.816
2017-02-25,6.732
2017-02-26,6.69
2017-02-27,6.69
2017-02-28,6.67
2017-03-01,6.686
2017-03-02,6.684
2017-03-03,6.692
2017-03-04,6.706
2017-03-05,6.696
2017-03-06,7.666
2017-03-07,7.496
2017-03-08,6.868
2017-03-09,7.84
2017-03-10,6.966
2017-03-11,7.912
2017-03-12,9.112
2017-03-13,7.414
2017-03-14,7.004
2017-03-15,6.874
2017-03-16,6.82
2017-03-17,6.774
2017-03-18,6.756
2017-03-19,7.128
2017-03-20,6.87
2017-03-21,6.834
2017-03-22,6.8
2017-03-23,6.76
2017-03-24,6.74
2017-03-25,6.726
2017-03-26,6.776
2017-03-27,6.792
2017-03-28,6.752
2017-03-29,6.798
2017-03-30,6.862
2017-03-31,6.792
2017-04-01,6.76
2017-04-02,6.696
2017-04-03,6.768
2017-04-04,7.706
2017-04-05,7.278
2017-04-06,7.284
2017-04-07,6.952
2017-04-08,6.858
2017-04-09,6.812
2017-04-10,6.794
2017-04-11,6.78
2017-04-12,6.756
2017-04-13,6.73
2017-04-14,6.714
2017-04-15,6.684
2017-04-16,6.698
2017-04-17,6.766
2017-04-18,6.71
2017-04-19,6.718
2017-04-20,9.074
2017-04-21,7.78
2017-04-22,7.42
2017-04-23,8.902
2017-04-24,9.06
2017-04-25,9.714
2017-04-26,10.03
2017-04-27,8.156
2017-04-28,7.32
2017-04-29,7.14
2017-04-30,7.068
2017-05-01,7.022
2017-05-02,7.192
2017-05-03,7.044
2017-05-04,6.93
2017-05-05,6.898
2017-05-06,6.826
2017-05-07,6.822
2017-05-08,6.822
2017-05-09,6.796
2017-05-10,6.998
2017-05-11,6.868
2017-05-12,6.798
2017-05-13,6.784
2017-05-14,6.952
2017-05-15,6.924
2017-05-16,7.95
2017-05-17,7.602
2017-05-18,7.588
2017-05-19,7.15
2017-05-20,7.014
2017-05-21,6.936
2017-05-22,6.874
2017-05-23,6.844
2017-05-24,6.842
2017-05-25,6.814
2017-05-26,6.796
2017-05-27,6.79
2017-05-28,6.784
2017-05-29,6.842
2017-05-30,6.842
2017-05-31,7.774
2017-06-01,7.626
2017-06-02,9.822
2017-06-03,8.354
2017-06-04,8.762
2017-06-05,10.064
2017-06-06,7.968
2017-06-07,7.32
2017-06-08,7.246
2017-06-09,9.796
2017-06-10,9.146
2017-06-11,8.02
2017-06-12,8.248
2017-06-13,8.852
2017-06-14,8.242
2017-06-15,7.506
2017-06-16,7.53
2017-06-17,7.752
2017-06-18,8.178
2017-06-19,8.032
2017-06-20,9.862
2017-06-21,8.776
2017-06-22,9.428
2017-06-23,8.536
2017-06-24,7.788
2017-06-25,7.454
2017-06-26,7.362
2017-06-27,7.17
2017-06-28,7.094
2017-06-29,7.016
2017-06-30,7.124
2017-07-01,7.08
2017-07-02,7.326
2017-07-03,8.028
2017-07-04,10.898
2017-07-05,10.064
2017-07-06,8.852
2017-07-07,7.912
2017-07-08,7.496
2017-07-09,7.312
2017-07-10,7.538
2017-07-11,8.354
2017-07-12,7.496
2017-07-13,8.112
2017-07-14,7.876
2017-07-15,7.53
2017-07-16,7.384
2017-07-17,7.406
2017-07-18,7.47
2017-07-19,8.114
2017-07-20,10.284
2017-07-21,13.222
2017-07-22,10.764
2017-07-23,8.99
2017-07-24,9.098
2017-07-25,9.964
2017-07-26,8.996
2017-07-27,8.802
2017-07-28,8.998
2017-07-29,8.32
2017-07-30,8.182
2017-07-31,8.066
2017-08-01,7.654
2017-08-02,9.534
2017-08-03,8.436
2017-08-04,7.834
2017-08-05,7.514
2017-08-06,7.454
2017-08-07,7.414
2017-08-08,7.502
2017-08-09,7.446
2017-08-10,7.414
2017-08-11,8.106
2017-08-12,10.044
2017-08-13,10.496
2017-08-14,8.78
2017-08-15,8.41
2017-08-16,8.896
2017-08-17,8.478
2017-08-18,7.774
2017-08-19,7.54
2017-08-20,8.018
2017-08-21,7.544
2017-08-22,11.578
2017-08-23,9.214
2017-08-24,8.39
2017-08-25,8.578
2017-08-26,8.14
2017-08-27,7.86
2017-08-28,7.928
2017-08-29,7.67
2017-08-30,7.408
2017-08-31,8.372
2017-09-01,10.266
2017-09-02,9.792
2017-09-03,8.536
2017-09-04,9.136
2017-09-05,8.83
2017-09-06,8.266
2017-09-07,7.714
2017-09-08,8.698
2017-09-09,7.96
2017-09-10,7.66
2017-09-11,8.202
2017-09-12,8.574
2017-09-13,8.93
2017-09-14,7.96
2017-09-15,7.628
2017-09-16,7.474
2017-09-17,9.476
2017-09-18,9.174
2017-09-19,9.692
2017-09-20,8.474
2017-09-21,7.866
2017-09-22,7.698
2017-09-23,7.488
2017-09-24,7.412
2017-09-25,7.508
2017-09-26,7.462
2017-09-27,7.452
2017-09-28,8.324
2017-09-29,9.308
2017-09-30,9.64
2017-10-01,9.05
2017-10-02,8.412
2017-10-03,7.716
2017-10-04,7.934
2017-10-05,7.918
2017-10-06,7.494
2017-10-07,7.448
2017-10-08,7.344
2017-10-09,7.354
2017-10-10,7.84
2017-10-11,7.39
2017-10-12,7.256
2017-10-13,7.224
2017-10-14,7.2
2017-10-15,7.176
2017-10-16,7.156
2017-10-17,7.146
2017-10-18,10.404
2017-10-19,9.164
2017-10-20,8.984
2017-10-21,9.872
2017-10-22,12.972
2017-10-23,9.844
2017-10-24,8.662
2017-10-25,8.162
2017-10-26,7.872
2017-10-27,7.678
2017-10-28,7.556
2017-10-29,7.49
2017-10-30,9.324
2017-10-31,9.072
2017-11-01,7.886
2017-11-02,7.666
2017-11-03,7.57
2017-11-04,7.484
2017-11-05,7.442
2017-11-06,7.392
2017-11-07,7.372
2017-11-08,7.334
2017-11-09,7.314
2017-11-10,7.302
2017-11-11,7.284
2017-11-12,7.27
2017-11-13,7.258
2017-11-14,7.238
2017-11-15,7.242
2017-11-16,7.268
2017-11-17,7.256
2017-11-18,7.24
2017-11-19,7.206
2017-11-20,7.192
2017-11-21,7.178
2017-11-22,7.166
2017-11-23,7.16
2017-11-24,7.158
2017-11-25,7.15
2017-11-26,7.144
2017-11-27,7.134
2017-11-28,7.12
2017-11-29,7.12
2017-11-30,7.116
2017-12-01,7.108
2017-12-02,7.082
2017-12-03,7.004
2017-12-04,7.024
2017-12-05,7.048
2017-12-06,7.06
2017-12-07,7.072
2017-12-08,7.09
2017-12-09,7.142
2017-12-10,7.422
2017-12-11,9.322
2017-12-12,7.914
2017-12-13,7.338
2017-12-14,7.244
2017-12-15,7.184
2017-12-16,7.156
2017-12-17,7.128
2017-12-18,7.126
2017-12-19,7.104
2017-12-20,7.082
2017-12-21,7.106
2017-12-22,7.058
2017-12-23,7.058
2017-12-24,7.052
2017-12-25,7.056
2017-12-26,7.024
2017-12-27,6.998
2017-12-28,6.964
2017-12-29,7.054
2017-12-30,7.032
2017-12-31,6.976
2018-01-01,6.936
2018-01-02,6.936
2018-01-03,7.172
2018-01-04,6.968
2018-01-05,6.916
2018-01-06,6.898
2018-01-07,6.914
2018-01-08,6.916
2018-01-09,6.922
2018-01-10,6.934
2018-01-11,6.908
2018-01-12,6.904
2018-01-13,6.926
2018-01-14,6.932
2018-01-15,6.924
2018-01-16,6.948
2018-01-17,6.916
2018-01-18,6.898
2018-01-19,6.872
2018-01-20,6.882
2018-01-21,6.898
2018-01-22,6.874
2018-01-23,6.866
2018-01-24,6.86
2018-01-25,6.864
2018-01-26,6.856
2018-01-27,6.848
2018-01-28,6.834
2018-01-29,6.838
2018-01-30,6.854
2018-01-31,6.84
2018-02-01,6.836
2018-02-02,6.846
2018-02-03,6.844
2018-02-04,6.838
2018-02-05,6.85
2018-02-06,6.852
2018-02-07,6.852
2018-02-08,6.862
2018-02-09,6.844
2018-02-10,6.83
2018-02-11,6.83
2018-02-12,6.812
2018-02-13,6.816
2018-02-14,6.83
2018-02-15,6.816
2018-02-16,6.78
2018-02-17,6.782
2018-02-18,6.79
2018-02-19,6.804
2018-02-20,6.782
2018-02-21,6.78
2018-02-22,6.78
2018-02-23,6.78
2018-02-24,6.77
2018-02-25,6.756
2018-02-26,6.79
2018-02-27,6.816
2018-02-28,6.782
2018-03-01,6.764
2018-03-02,6.766
2018-03-03,6.79
2018-03-04,6.774
2018-03-05,6.76
2018-03-06,6.764
2018-03-07,6.762
2018-03-08,6.78
2018-03-09,6.742
2018-03-10,6.736
2018-03-11,6.744
2018-03-12,6.726
2018-03-13,6.752
2018-03-14,6.736
2018-03-15,6.746
2018-03-16,6.76
2018-03-17,6.754
2018-03-18,6.76
2018-03-19,6.75
2018-03-20,6.72
2018-03-21,6.718
2018-03-22,6.714
2018-03-23,6.706
2018-03-24,6.702
2018-03-25,6.714
2018-03-26,6.716
2018-03-27,6.732
2018-03-28,6.728
2018-03-29,6.7
2018-03-30,6.712
2018-03-31,6.792
2018-04-01,6.842
2018-04-02,6.726
2018-04-03,6.724
2018-04-04,6.716
2018-04-05,6.706
2018-04-06,6.71
2018-04-07,6.816
2018-04-08,6.792
2018-04-09,6.746
2018-04-10,6.766
2018-04-11,6.74
2018-04-12,6.724
2018-04-13,6.72
2018-04-14,6.68
2018-04-15,6.688
2018-04-16,6.67
2018-04-17,6.688
2018-04-18,6.732
2018-04-19,6.858
2018-04-20,6.814
2018-04-21,7.97
2018-04-22,9.602
2018-04-23,8.26
2018-04-24,7.724
2018-04-25,7.566
2018-04-26,7.496
2018-04-27,7.49
2018-04-28,7.466
2018-04-29,7.462
2018-04-30,8.348
2018-05-01,9.258
2018-05-02,7.526
2018-05-03,7.304
2018-05-04,7.04
2018-05-05,7.214
2018-05-06,6.95
2018-05-07,9.582
2018-05-08,9.26
2018-05-09,9.008
2018-05-10,9.61
2018-05-11,9.164
2018-05-12,8.344
2018-05-13,7.734
2018-05-14,8.362
2018-05-15,7.794
2018-05-16,8.148
2018-05-17,8.196
2018-05-18,8.256
2018-05-19,8.708
2018-05-20,9.434
2018-05-21,9.894
2018-05-22,8.584
2018-05-23,8.062
2018-05-24,8.174
2018-05-25,7.912
2018-05-26,7.608
2018-05-27,7.514
2018-05-28,7.442
2018-05-29,7.632
2018-05-30,7.506
2018-05-31,7.994
2018-06-01,8.548
2018-06-02,7.664
2018-06-03,7.69
2018-06-04,7.432
2018-06-05,7.536
2018-06-06,7.422
2018-06-07,7.416
2018-06-08,7.328
2018-06-09,7.312
2018-06-10,7.884
2018-06-11,8.66
2018-06-12,11.15
2018-06-13,13.966
2018-06-14,10.876
2018-06-15,9.462
2018-06-16,8.936
2018-06-17,8.49
2018-06-18,8.5
2018-06-19,8.498
2018-06-20,8.466
2018-06-21,8.19
2018-06-22,7.98
2018-06-23,7.816
2018-06-24,8.222
2018-06-25,11.468
2018-06-26,9.63
2018-06-27,8.73
2018-06-28,8.342
2018-06-29,8.038
2018-06-30,7.868
2018-07-01,7.778
2018-07-02,8.542
2018-07-03,10.16
2018-07-04,10.31
2018-07-05,9.066
2018-07-06,8.388
2018-07-07,7.902
2018-07-08,7.718
2018-07-09,7.662
2018-07-10,7.61
2018-07-11,7.63
2018-07-12,7.394
2018-07-13,7.202
2018-07-14,8.114
2018-07-15,7.634
2018-07-16,7.444
2018-07-17,7.598
2018-07-18,7.744
2018-07-19,7.424
2018-07-20,7.178
2018-07-21,7.328
2018-07-22,8.236
2018-07-23,8.938
2018-07-24,10.668
2018-07-25,9.694
2018-07-26,8.386
2018-07-27,8.214
2018-07-28,10.212
2018-07-29,9.37
2018-07-30,8.274
2018-07-31,7.956
2018-08-01,8.01
2018-08-02,10.98
2018-08-03,10.072
2018-08-04,9.246
2018-08-05,8.458
2018-08-06,8.356
2018-08-07,8.064
2018-08-08,7.882
2018-08-09,7.702
2018-08-10,7.634
2018-08-11,7.538
2018-08-12,7.498
2018-08-13,7.678
2018-08-14,7.798
2018-08-15,9.564
2018-08-16,8.192
2018-08-17,7.614
2018-08-18,8.13
2018-08-19,7.982
2018-08-20,7.938
2018-08-21,7.98
2018-08-22,10.104
2018-08-23,8.892
2018-08-24,8.374
2018-08-25,8.172
2018-08-26,7.938
2018-08-27,7.946
2018-08-28,7.716
2018-08-29,7.574
2018-08-30,7.504
2018-08-31,7.456
2018-09-01,7.412
2018-09-02,7.546
2018-09-03,7.494
2018-09-04,7.486
2018-09-05,7.696
2018-09-06,7.498
2018-09-07,7.41
2018-09-08,7.404
2018-09-09,7.39
2018-09-10,7.416
2018-09-11,7.446
2018-09-12,8.02
2018-09-13,8.298
2018-09-14,7.904
2018-09-15,7.632
2018-09-16,7.546
2018-09-17,7.524
2018-09-18,7.502
2018-09-19,7.476
2018-09-20,7.902
2018-09-21,7.916
2018-09-22,7.51
2018-09-23,7.456
2018-09-24,7.454
2018-09-25,7.468
2018-09-26,7.564
2018-09-27,7.476
2018-09-28,7.554
2018-09-29,7.484
2018-09-30,7.49
2018-10-01,7.508
2018-10-02,7.462
2018-10-03,7.406
2018-10-04,7.378
2018-10-05,7.404
2018-10-06,7.392
2018-10-07,7.388
2018-10-08,7.384
2018-10-09,7.39
2018-10-10,7.446
2018-10-11,7.55
2018-10-12,7.67
2018-10-13,7.882
2018-10-14,7.884
2018-10-15,7.616
2018-10-16,7.466
2018-10-17,7.424
2018-10-18,7.446
2018-10-19,7.456
2018-10-20,7.432
2018-10-21,7.392
2018-10-22,7.372
2018-10-23,7.392
2018-10-24,7.402
2018-10-25,7.366
2018-10-26,7.37
2018-10-27,7.378
2018-10-28,7.366
2018-10-29,7.48
2018-10-30,7.424
2018-10-31,7.412
2018-11-01,7.444
2018-11-02,7.366
2018-11-03,7.382
2018-11-04,7.436
2018-11-05,7.358
2018-11-06,7.362
2018-11-07,7.524
2018-11-08,7.364
2018-11-09,7.4
2018-11-10,7.352
2018-11-11,7.332
2018-11-12,7.32
2018-11-13,7.342
2018-11-14,7.336
2018-11-15,7.338
2018-11-16,7.326
2018-11-17,7.346
2018-11-18,7.428
2018-11-19,7.332
2018-11-20,7.328
2018-11-21,7.348
2018-11-22,7.326
2018-11-23,7.328
2018-11-24,7.344
2018-11-25,7.374
2018-11-26,7.334
2018-11-27,7.35
2018-11-28,7.312
2018-11-29,7.318
2018-11-30,7.324
2018-12-01,7.342
2018-12-02,7.352
2018-12-03,7.312
2018-12-04,7.296
2018-12-05,7.34
2018-12-06,7.326
2018-12-07,7.328
2018-12-08,7.326
2018-12-09,7.32
2018-12-10,7.32
2018-12-11,7.33
2018-12-12,7.31
2018-12-13,7.388
2018-12-14,7.31
2018-12-15,7.288
2018-12-16,7.33
2018-12-17,7.28
2018-12-18,7.354
2018-12-19,7.332
2018-12-20,7.296
2018-12-21,7.314
2018-12-22,7.302
2018-12-23,7.27
2018-12-24,7.3
2018-12-25,7.288
2018-12-26,7.332
2018-12-27,7.31
2018-12-28,7.292
2018-12-29,7.272
2018-12-30,7.286
2018-12-31,7.258
2019-01-01,7.27
2019-01-02,7.29
2019-01-03,7.266
2019-01-04,7.274
2019-01-05,7.254
2019-01-06,7.248
2019-01-07,7.248
2019-01-08,7.246
2019-01-09,7.262
2019-01-10,7.25
2019-01-11,7.238
2019-01-12,7.232
2019-01-13,7.254
2019-01-14,7.246
2019-01-15,7.246
2019-01-16,7.222
2019-01-17,7.232
2019-01-18,7.204
2019-01-19,7.226
2019-01-20,7.214
2019-01-21,7.21
2019-01-22,7.214
2019-01-23,7.2
2019-01-24,7.186
2019-01-25,7.206
2019-01-26,7.192
2019-01-27,7.198
2019-01-28,7.186
2019-01-29,7.192
2019-01-30,7.182
2019-01-31,7.173333333
2019-02-01,7.15
2019-02-02,7.146
2019-02-03,7.162
2019-02-04,7.172
2019-02-05,7.146
2019-02-06,7.148
2019-02-07,7.164
2019-02-08,7.16
2019-02-09,7.268
2019-02-10,7.228
2019-02-11,7.154
2019-02-12,7.146
2019-02-13,7.2
2019-02-14,6.862
2019-02-15,6.914
2019-02-16,6.872
2019-02-17,6.9
2019-02-18,6.924
2019-02-19,6.806
2019-02-20,6.628
2019-02-21,6.568
2019-02-22,6.548
2019-02-23,6.57
2019-02-24,6.548
2019-02-25,6.594
2019-02-26,6.762
2019-02-27,6.972
2019-02-28,6.814
2019-03-01,6.74
2019-03-02,6.654
2019-03-03,6.6
2019-03-04,6.568
2019-03-05,6.62
2019-03-06,6.784
2019-03-07,6.708
2019-03-08,6.624
2019-03-09,6.592
2019-03-10,6.568
2019-03-11,6.56
2019-03-12,6.546
2019-03-13,6.542
2019-03-14,6.534
2019-03-15,6.538
2019-03-16,6.532
2019-03-17,6.524
2019-03-18,6.566
2019-03-19,6.59
2019-03-20,6.564
2019-03-21,6.54
2019-03-22,6.528
2019-03-23,6.522
2019-03-24,6.5
2019-03-25,6.486
2019-03-26,6.486
2019-03-27,6.47
2019-03-28,6.466
2019-03-29,6.46
2019-03-30,6.464
2019-03-31,6.48
2019-04-01,6.626
2019-04-02,6.814
2019-04-03,8.628
2019-04-04,7.006
2019-04-05,6.752
2019-04-06,6.694
2019-04-07,6.696
2019-04-08,6.77
2019-04-09,7.47
2019-04-10,8.478
2019-04-11,7.19
2019-04-12,6.884
2019-04-13,6.712
2019-04-14,6.648
2019-04-15,6.614
2019-04-16,6.58
2019-04-17,6.568
2019-04-18,6.538
2019-04-19,6.52
2019-04-20,6.496
2019-04-21,6.488
2019-04-22,6.486
2019-04-23,6.51
2019-04-24,6.5
2019-04-25,6.472
2019-04-26,6.47
2019-04-27,6.458
2019-04-28,6.472
2019-04-29,6.482
2019-04-30,6.48
2019-05-01,6.476
2019-05-02,6.474
2019-05-03,6.478
2019-05-04,6.682
2019-05-05,7.298
2019-05-06,6.718
2019-05-07,6.628
2019-05-08,6.592
2019-05-09,6.566
2019-05-10,6.552
2019-05-11,6.534
2019-05-12,6.526
2019-05-13,6.518
2019-05-14,6.528
2019-05-15,6.534
2019-05-16,6.58
2019-05-17,7.1
2019-05-18,6.942
2019-05-19,6.882
2019-05-20,6.814
2019-05-21,6.716
2019-05-22,6.682
2019-05-23,6.88
2019-05-24,6.83
2019-05-25,8.644
2019-05-26,7.424
2019-05-27,6.826
2019-05-28,6.724
2019-05-29,6.648
2019-05-30,6.604
2019-05-31,6.59
2019-06-01,6.68
2019-06-02,6.804
2019-06-03,6.742
2019-06-04,6.776
2019-06-05,6.916
2019-06-06,6.718
2019-06-07,6.648
2019-06-08,6.698
2019-06-09,6.628
2019-06-10,6.622
2019-06-11,6.586
2019-06-12,6.572
2019-06-13,6.822
2019-06-14,7.014
2019-06-15,7.082
2019-06-16,7.28
2019-06-17,6.81
2019-06-18,6.772
2019-06-19,6.63
2019-06-20,6.582
2019-06-21,6.582
2019-06-22,6.55
2019-06-23,6.54
2019-06-24,6.544
2019-06-25,6.572
2019-06-26,6.558
2019-06-27,6.544
2019-06-28,6.636
2019-06-29,6.812
2019-06-30,6.752
2019-07-01,6.612
2019-07-02,6.6
2019-07-03,6.544
2019-07-04,6.556
2019-07-05,6.552
2019-07-06,6.552
2019-07-07,6.728
2019-07-08,7.262
2019-07-09,10.75
2019-07-10,11.404
2019-07-11,9.52
2019-07-12,10.21
2019-07-13,9.052
2019-07-14,10.304
2019-07-15,9.968
2019-07-16,9.38
2019-07-17,8.118
2019-07-18,7.864
2019-07-19,8.572
2019-07-20,7.908
2019-07-21,7.088
2019-07-22,6.804
2019-07-23,6.712
2019-07-24,6.924
2019-07-25,6.948
2019-07-26,6.986
2019-07-27,6.898
2019-07-28,6.924
2019-07-29,6.83
2019-07-30,6.872
2019-07-31,8.84
2019-08-01,7.372
2019-08-02,6.94
2019-08-03,6.822
2019-08-04,6.758
2019-08-05,6.864
2019-08-06,6.838
2019-08-07,6.778
2019-08-08,7.008
2019-08-09,8.416
2019-08-10,7.154
2019-08-11,6.878
2019-08-12,7.392
2019-08-13,8.15
2019-08-14,8.104
2019-08-15,9.586
2019-08-16,9.346
2019-08-17,7.738
2019-08-18,7.214
2019-08-19,7.19
2019-08-20,7.196
2019-08-21,6.926
2019-08-22,6.882
2019-08-23,6.884
2019-08-24,7.368
2019-08-25,7.822
2019-08-26,7.12
2019-08-27,6.842
2019-08-28,6.764
2019-08-29,6.72
2019-08-30,6.694
2019-08-31,7.022
2019-09-01,8.5
2019-09-02,7.766
2019-09-03,7.966
2019-09-04,7.136
2019-09-05,6.886
2019-09-06,6.868
2019-09-07,6.85
2019-09-08,6.782
2019-09-09,8.43
2019-09-10,8.388
2019-09-11,7.418
2019-09-12,7.114
2019-09-13,8.216
2019-09-14,7.796
2019-09-15,7.128
2019-09-16,6.952
2019-09-17,7.034
2019-09-18,6.9
2019-09-19,6.936
2019-09-20,6.808
2019-09-21,6.766
2019-09-22,7.438
2019-09-23,7.518
2019-09-24,7.616
2019-09-25,7.612
2019-09-26,7.03
2019-09-27,6.888
2019-09-28,6.928
2019-09-29,6.81
2019-09-30,6.952
2019-10-01,8.152
2019-10-02,8.488
2019-10-03,7.424
2019-10-04,7.324
2019-10-05,7.098
2019-10-06,7.004
2019-10-07,7.196
2019-10-08,7.696
2019-10-09,7.094
2019-10-10,7.68
2019-10-11,7.426
2019-10-12,7.08
2019-10-13,6.944
2019-10-14,6.882
2019-10-15,6.842
2019-10-16,6.82
2019-10-17,6.766
2019-10-18,6.812
2019-10-19,6.742
2019-10-20,6.73
2019-10-21,6.72
2019-10-22,6.71
2019-10-23,6.706
2019-10-24,6.706
2019-10-25,6.698
2019-10-26,6.722
2019-10-27,6.844
2019-10-28,6.864
2019-10-29,6.696
2019-10-30,6.674
2019-10-31,6.66
2019-11-01,6.688
2019-11-02,6.678
2019-11-03,6.666
2019-11-04,6.66
2019-11-05,6.654
2019-11-06,6.66
2019-11-07,6.668
2019-11-08,6.642
2019-11-09,6.754
2019-11-10,7.05
2019-11-11,8.328
2019-11-12,7.168
2019-11-13,6.834
2019-11-14,6.75
2019-11-15,6.712
2019-11-16,6.726
2019-11-17,6.716
2019-11-18,6.704
2019-11-19,6.674
2019-11-20,6.64
2019-11-21,6.674
2019-11-22,6.684
2019-11-23,6.68
2019-11-24,6.654
2019-11-25,6.694
2019-11-26,6.686
2019-11-27,6.638
2019-11-28,6.666
2019-11-29,6.63
2019-11-30,6.63
2019-12-01,6.63
2019-12-02,6.62
2019-12-03,6.61
2019-12-04,6.61
2019-12-05,6.61
2019-12-06,6.6
2019-12-07,6.64
2019-12-08,6.61
2019-12-09,6.64
2019-12-10,6.65
2019-12-11,6.63
2019-12-12,6.62
2019-12-13,6.62
2019-12-14,6.62
2019-12-15,6.61
2019-12-16,6.61
2019-12-17,6.6
2019-12-18,6.6
2019-12-19,6.6
2019-12-20,6.61
2019-12-21,6.59
2019-12-22,6.61
2019-12-23,6.59
2019-12-24,6.59
2019-12-25,6.6
2019-12-26,6.59
2019-12-27,6.6
2019-12-28,6.61
2019-12-29,6.6
2019-12-30,6.59
2019-12-31,6.58
2020-01-01,6.576
2020-01-02,6.576
2020-01-03,6.642
2020-01-04,7.284
2020-01-05,6.794
2020-01-06,6.668
2020-01-07,6.616
2020-01-08,6.588
2020-01-09,6.582
2020-01-10,6.584
2020-01-11,6.592
2020-01-12,6.592
2020-01-13,6.592
2020-01-14,6.594
2020-01-15,6.568
2020-01-16,6.574
2020-01-17,6.572
2020-01-18,6.552
2020-01-19,6.538
2020-01-20,6.548
2020-01-21,6.568
2020-01-22,6.532
2020-01-23,6.532
2020-01-24,6.538
2020-01-25,6.522
2020-01-26,6.524
2020-01-27,6.544
2020-01-28,6.542
2020-01-29,6.528
2020-01-30,6.56
2020-01-31,6.53
2020-02-01,6.53
2020-02-02,6.52
2020-02-03,6.572
2020-02-04,6.552
2020-02-05,6.502
2020-02-06,6.52
2020-02-07,6.53
2020-02-08,6.516
2020-02-09,6.52
2020-02-10,6.514
2020-02-11,6.544
2020-02-12,6.526
2020-02-13,6.506
2020-02-14,6.526
2020-02-15,6.514
2020-02-16,6.52
2020-02-17,6.512
2020-02-18,6.502
2020-02-19,6.502
2020-02-20,6.486
2020-02-21,6.482
2020-02-22,6.482
2020-02-23,6.496
2020-02-24,6.502
2020-02-25,6.492
2020-02-26,6.502
2020-02-27,6.592
2020-02-28,6.542
2020-02-29,6.522
2020-03-01,6.5
2020-03-02,6.494
2020-03-03,6.518
2020-03-04,6.53
2020-03-05,6.536
2020-03-06,6.516
2020-03-07,6.546
2020-03-08,6.542
2020-03-09,6.522
2020-03-10,6.504
2020-03-11,6.484
2020-03-12,6.48
2020-03-13,6.458
2020-03-14,6.438
2020-03-15,6.432
2020-03-16,6.458
2020-03-17,6.462
2020-03-18,6.446
2020-03-19,6.448
2020-03-20,6.444
2020-03-21,6.446
2020-03-22,6.436
2020-03-23,6.446
2020-03-24,6.432
2020-03-25,6.408
2020-03-26,6.406
2020-03-27,6.398
2020-03-28,6.398
2020-03-29,6.414
2020-03-30,6.418
2020-03-31,6.384
2020-04-01,6.388
2020-04-02,6.36
2020-04-03,6.484
2020-04-04,6.56
2020-04-05,6.502
2020-04-06,6.65
2020-04-07,6.534
2020-04-08,6.504
2020-04-09,6.51
2020-04-10,6.502
2020-04-11,6.434
2020-04-12,6.444
2020-04-13,6.42
2020-04-14,6.408
2020-04-15,6.412
2020-04-16,6.444
2020-04-17,6.448
2020-04-18,6.478
2020-04-19,6.64
2020-04-20,6.564
2020-04-21,6.53
2020-04-22,6.514
2020-04-23,6.528
2020-04-24,7.478
2020-04-25,6.892
2020-04-26,7.698
2020-04-27,7.862
2020-04-28,6.958
2020-04-29,6.808
2020-04-30,6.698
2020-05-01,6.788
2020-05-02,6.668
2020-05-03,6.648
2020-05-04,6.65
2020-05-05,6.716
2020-05-06,6.656
2020-05-07,6.844
2020-05-08,6.674
2020-05-09,6.588
2020-05-10,6.562
2020-05-11,6.536
2020-05-12,6.528
2020-05-13,6.514
2020-05-14,6.538
2020-05-15,6.518
2020-05-16,6.838
2020-05-17,6.632
2020-05-18,6.56
2020-05-19,6.524
2020-05-20,7.568
2020-05-21,7.304
2020-05-22,7.906
2020-05-23,7.07
2020-05-24,6.764
2020-05-25,6.634
2020-05-26,6.594
2020-05-27,7.666
2020-05-28,10.242
2020-05-29,8.036
2020-05-30,7.824
2020-05-31,7.446
2020-06-01,6.952
2020-06-02,6.922
2020-06-03,6.878
2020-06-04,7.478
2020-06-05,10.462
2020-06-06,8.452
2020-06-07,7.812
2020-06-08,7.592
2020-06-09,7.466
2020-06-10,7.566
2020-06-11,7.796
2020-06-12,7.158
2020-06-13,7.85
2020-06-14,7.49
2020-06-15,7.008
2020-06-16,7.024
2020-06-17,7.254
2020-06-18,9.376
2020-06-19,9.804
2020-06-20,8.044
2020-06-21,7.448
2020-06-22,7.186
2020-06-23,7.408
2020-06-24,7.398
2020-06-25,7.008
2020-06-26,6.894
2020-06-27,6.996
2020-06-28,8.472
2020-06-29,7.922
2020-06-30,7.316
2020-07-01,7.062
2020-07-02,6.904
2020-07-03,6.884
2020-07-04,6.916
2020-07-05,7.04
2020-07-06,6.916
2020-07-07,6.866
2020-07-08,6.812
2020-07-09,7.356
2020-07-10,7.614
2020-07-11,8.488
2020-07-12,11.548
2020-07-13,11.944
2020-07-14,9.58
2020-07-15,8.27
2020-07-16,7.652
2020-07-17,7.234
2020-07-18,7.058
2020-07-19,7.068
2020-07-20,7.238
2020-07-21,10.616
2020-07-22,9.686
2020-07-23,8.52
2020-07-24,8.206
2020-07-25,7.64
2020-07-26,7.314
2020-07-27,7.28
2020-07-28,7.336
2020-07-29,9.162
2020-07-30,8.228
2020-07-31,7.452
2020-08-01,7.774
2020-08-02,7.294
2020-08-03,7.18
2020-08-04,7.084
2020-08-05,7.998
2020-08-06,7.402
2020-08-07,7.134
2020-08-08,6.984
2020-08-09,6.93
2020-08-10,6.878
2020-08-11,6.836
2020-08-12,6.98
2020-08-13,6.85
2020-08-14,6.888
2020-08-15,6.928
2020-08-16,7.638
2020-08-17,8.044
2020-08-18,8.004
2020-08-19,7.482
2020-08-20,7.044
2020-08-21,6.996
2020-08-22,7.42
2020-08-23,7.394
2020-08-24,7.012
2020-08-25,7.144
2020-08-26,6.996
2020-08-27,6.872
2020-08-28,6.86
2020-08-29,7.538
2020-08-30,7.286
2020-08-31,7.162
2020-09-01,8.378
2020-09-02,7.392
2020-09-03,7.174
2020-09-04,6.914
2020-09-05,6.814
2020-09-06,6.912
2020-09-07,6.816
2020-09-08,6.964
2020-09-09,6.918
2020-09-10,8.614
2020-09-11,8.77
2020-09-12,7.622
2020-09-13,7.198
2020-09-14,7.106
2020-09-15,7.53
2020-09-16,7.56
2020-09-17,7.056
2020-09-18,6.984
2020-09-19,6.876
2020-09-20,6.828
2020-09-21,8.548
2020-09-22,7.884
2020-09-23,8.476
2020-09-24,9.232
2020-09-25,9.24
2020-09-26,8.466
2020-09-27,8.972
2020-09-28,7.98
2020-09-29,7.354
2020-09-30,7.164
2020-10-01,7.472
2020-10-02,7.602
2020-10-03,7.146
2020-10-04,7.044
2020-10-05,7.012
2020-10-06,7.474
2020-10-07,7.112
2020-10-08,7.056
2020-10-09,6.91
2020-10-10,6.88
2020-10-11,6.866
2020-10-12,6.844
2020-10-13,6.888
2020-10-14,8.302
2020-10-15,7.162
2020-10-16,6.912
2020-10-17,6.846
2020-10-18,8.348
2020-10-19,7.918
2020-10-20,7.152
2020-10-21,7.21
2020-10-22,7.926
2020-10-23,9.84
2020-10-24,10.654
2020-10-25,8.834
2020-10-26,7.764
2020-10-27,7.298
2020-10-28,7.13
2020-10-29,7.044
2020-10-30,6.99
2020-10-31,10.694
2020-11-01,11.574
2020-11-02,8.988
2020-11-03,8.004
2020-11-04,7.534
2020-11-05,7.378
2020-11-06,7.122
2020-11-07,6.99
2020-11-08,6.982
2020-11-09,6.97
2020-11-10,6.948
2020-11-11,6.914
2020-11-12,6.9
2020-11-13,6.89
2020-11-14,6.876
2020-11-15,6.856
2020-11-16,6.848
2020-11-17,6.84
2020-11-18,6.83
2020-11-19,6.826
2020-11-20,6.812
2020-11-21,6.818
2020-11-22,6.88
2020-11-23,6.808
2020-11-24,6.816
2020-11-25,6.796
2020-11-26,6.792
2020-11-27,6.788
2020-11-28,6.778
2020-11-29,6.77
2020-11-30,6.758
2020-12-01,6.738
2020-12-02,6.712
2020-12-03,6.706
2020-12-04,6.702
2020-12-05,6.702
2020-12-06,6.698
2020-12-07,6.702
2020-12-08,6.818
2020-12-09,6.762
2020-12-10,6.75
2020-12-11,6.744
2020-12-12,6.73
2020-12-13,6.73
2020-12-14,6.72
2020-12-15,6.72
2020-12-16,6.69
2020-12-17,6.68
2020-12-18,6.67
2020-12-19,6.66
2020-12-20,6.66
2020-12-21,6.65
2020-12-22,6.66
2020-12-23,6.68
2020-12-24,6.72
2020-12-25,6.69
2020-12-26,6.65
2020-12-27,6.66
2020-12-28,6.71
2020-12-29,6.67
2020-12-30,6.65
2020-12-31,6.64
2021-01-01,6.636
2021-01-02,6.616
2021-01-03,6.616
2021-01-04,6.6
2021-01-05,6.586
2021-01-06,6.584
2021-01-07,6.57
2021-01-08,6.574
2021-01-09,6.578
2021-01-10,6.582
2021-01-11,6.612
2021-01-12,7.048
2021-01-13,7.734
2021-01-14,7.702
2021-01-15,7.742
2021-01-16,7.746
2021-01-17,7.688
2021-01-18,7.686
2021-01-19,7.736
2021-01-20,7.702
2021-01-21,7.708
2021-01-22,7.704
2021-01-23,7.7
2021-01-24,7.686
2021-01-25,7.694
2021-01-26,7.682
2021-01-27,7.664
2021-01-28,7.664
2021-01-29,7.704
2021-01-30,7.698
2021-01-31,7.702
2021-02-01,7.706
2021-02-02,7.67
2021-02-03,7.666
2021-02-04,7.64
2021-02-05,7.638
2021-02-06,7.64
2021-02-07,7.656
2021-02-08,7.668
2021-02-09,7.668
2021-02-10,7.662
2021-02-11,7.656
2021-02-12,7.654
2021-02-13,7.654
2021-02-14,7.648
2021-02-15,7.68
2021-02-16,7.68
2021-02-17,7.654
2021-02-18,7.634
2021-02-19,7.64
2021-02-20,7.63
2021-02-21,7.658
2021-02-22,7.66
2021-02-23,7.678
2021-02-24,7.618
2021-02-25,7.658
2021-02-26,7.66
2021-02-27,7.652
2021-02-28,7.656
2021-03-01,7.644
2021-03-02,7.624
2021-03-03,7.61
2021-03-04,7.628
2021-03-05,7.622
2021-03-06,7.614
2021-03-07,7.626
2021-03-08,7.74
2021-03-09,7.722
2021-03-10,7.686
2021-03-11,7.65
2021-03-12,7.66
2021-03-13,7.624
2021-03-14,7.634
2021-03-15,7.608
2021-03-16,7.602
2021-03-17,7.582
2021-03-18,7.578
2021-03-19,7.568
2021-03-20,7.588
2021-03-21,7.572
2021-03-22,7.572
2021-03-23,7.612
2021-03-24,7.572
2021-03-25,7.57
2021-03-26,7.562
2021-03-27,7.556
2021-03-28,7.564
2021-03-29,7.584
2021-03-30,7.586
2021-03-31,7.622
2021-04-01,7.622
2021-04-02,7.67
2021-04-03,7.588
2021-04-04,7.57
2021-04-05,7.584
2021-04-06,7.57
2021-04-07,7.544
2021-04-08,7.552
2021-04-09,7.572
2021-04-10,7.552
2021-04-11,7.526
2021-04-12,7.532
2021-04-13,7.53
2021-04-14,7.56
2021-04-15,7.576
2021-04-16,7.574
2021-04-17,7.604
2021-04-18,7.606
2021-04-19,7.57
2021-04-20,7.566
2021-04-21,7.536
2021-04-22,7.536
2021-04-23,7.538
2021-04-24,7.526
2021-04-25,7.502
2021-04-26,7.508
2021-04-27,7.528
2021-04-28,7.516
2021-04-29,7.522
2021-04-30,7.542
2021-05-01,7.562
2021-05-02,7.59
2021-05-03,7.584
2021-05-04,7.618
2021-05-05,7.796
2021-05-06,7.61
2021-05-07,7.612
2021-05-08,7.822
2021-05-09,7.744
2021-05-10,7.64
2021-05-11,7.688
2021-05-12,7.784
2021-05-13,7.664
2021-05-14,7.684
2021-05-15,7.674
2021-05-16,7.664
2021-05-17,7.824
2021-05-18,7.686
2021-05-19,7.642
2021-05-20,7.756
2021-05-21,7.674
2021-05-22,7.598
2021-05-23,7.582
2021-05-24,7.6
2021-05-25,8.982
2021-05-26,8.064
2021-05-27,7.902
2021-05-28,7.708
2021-05-29,7.672
2021-05-30,7.662
2021-05-31,7.638
2021-06-01,7.78
2021-06-02,8.442
2021-06-03,7.9
2021-06-04,7.9
2021-06-05,7.948
2021-06-06,10.76
2021-06-07,9.41
2021-06-08,7.476
2021-06-09,6.908
2021-06-10,7.526
2021-06-11,7.106
2021-06-12,6.866
2021-06-13,6.72
2021-06-14,6.776
2021-06-15,6.65
2021-06-16,6.596
2021-06-17,6.592
2021-06-18,6.734
2021-06-19,7.074
2021-06-20,7.77
2021-06-21,7.376
2021-06-22,6.914
2021-06-23,6.758
2021-06-24,6.656
2021-06-25,6.606
2021-06-26,6.622
2021-06-27,6.714
2021-06-28,6.592
2021-06-29,6.81
2021-06-30,7.384
2021-07-01,12.28
2021-07-02,9.37
2021-07-03,8.146
2021-07-04,8.196
2021-07-05,8.59
2021-07-06,7.53
2021-07-07,8.88
2021-07-08,8.53
2021-07-09,7.27
2021-07-10,6.896
2021-07-11,7.284
2021-07-12,8.816
2021-07-13,7.944
2021-07-14,7.07
2021-07-15,6.818
2021-07-16,6.772
2021-07-17,9.462
2021-07-18,8.644
2021-07-19,7.396
2021-07-20,7.854
2021-07-21,7.176
2021-07-22,8.218
2021-07-23,8.012
2021-07-24,7.44
2021-07-25,7.528
2021-07-26,7.082
2021-07-27,6.956
2021-07-28,6.946
2021-07-29,7.242
2021-07-30,9.024
2021-07-31,8.822
2021-08-01,8.786
2021-08-02,7.79
2021-08-03,7.264
2021-08-04,7.022
2021-08-05,6.896
2021-08-06,7.22
2021-08-07,7.938
2021-08-08,8.082
2021-08-09,8.156
2021-08-10,7.432
2021-08-11,6.662
2021-08-12,7.272
2021-08-13,7.684
2021-08-14,8.876
2021-08-15,8.518
2021-08-16,7.756
2021-08-17,7.454
2021-08-18,7.54
2021-08-19,7.594
2021-08-20,7.252
2021-08-21,7.556
2021-08-22,8.422
2021-08-23,7.428
2021-08-24,7.708
2021-08-25,11.1
2021-08-26,11.422
2021-08-27,9.288
2021-08-28,8.094
2021-08-29,7.564
2021-08-30,7.478
2021-08-31,7.472
2021-09-01,7.158
2021-09-02,7.326
2021-09-03,7.084
2021-09-04,7.812
2021-09-05,11.57
2021-09-06,12.438
2021-09-07,9.588
2021-09-08,8.43
2021-09-09,7.846
2021-09-10,7.61
2021-09-11,7.4
2021-09-12,7.48
2021-09-13,7.102
2021-09-14,7.104
2021-09-15,7.044
2021-09-16,11.872
2021-09-17,8.504
2021-09-18,8.132
2021-09-19,7.896
2021-09-20,7.59
2021-09-21,8.05
2021-09-22,7.704
2021-09-23,7.454
2021-09-24,7.33
2021-09-25,7.338
2021-09-26,7.454
2021-09-27,8.228
2021-09-28,7.664
2021-09-29,7.638
2021-09-30,7.556
2021-10-01,7.332
2021-10-02,7.464
2021-10-03,7.662
2021-10-04,7.33
2021-10-05,7.29
2021-10-06,7.458
2021-10-07,7.292
2021-10-08,7.334
2021-10-09,7.36
2021-10-10,7.266
2021-10-11,7.22
2021-10-12,7.196
2021-10-13,7.34
2021-10-14,7.312
2021-10-15,7.232
2021-10-16,7.286
2021-10-17,7.332
2021-10-18,7.416
2021-10-19,7.468
2021-10-20,8.286
2021-10-21,8.374
2021-10-22,7.896
2021-10-23,7.424
2021-10-24,7.304
2021-10-25,7.258
2021-10-26,7.222
2021-10-27,7.224
2021-10-28,7.236
2021-10-29,7.2
2021-10-30,7.174
2021-10-31,7.164
2021-11-01,7.158
2021-11-02,7.138
2021-11-03,7.134
2021-11-04,7.126
2021-11-05,7.126
2021-11-06,7.13
2021-11-07,7.12
2021-11-08,7.116
2021-11-09,7.122
2021-11-10,7.11
2021-11-11,7.106
2021-11-12,7.112
2021-11-13,7.124
2021-11-14,7.156
2021-11-15,7.324
2021-11-16,7.472
2021-11-17,7.244
2021-11-18,7.168
2021-11-19,7.15
2021-11-20,7.132
2021-11-21,7.12
2021-11-22,7.116
2021-11-23,7.114
2021-11-24,7.104
2021-11-25,7.1
2021-11-26,7.102
2021-11-27,7.1
2021-11-28,7.09
2021-11-29,7.09
2021-11-30,7.098
2021-12-01,7.104
2021-12-02,7.102
2021-12-03,6.94
2021-12-04,6.512
2021-12-05,6.532
2021-12-06,7.606
2021-12-07,9.946
2021-12-08,7.924
2021-12-09,6.994
2021-12-10,6.796
2021-12-11,6.694
2021-12-12,6.642
2021-12-13,6.606
2021-12-14,6.596
2021-12-15,6.574
2021-12-16,6.566
2021-12-17,6.566
2021-12-18,6.544
2021-12-19,6.546
2021-12-20,6.54
2021-12-21,6.538
2021-12-22,6.548
2021-12-23,6.546
2021-12-24,6.546
2021-12-25,6.54
2021-12-26,6.546
2021-12-27,6.534
2021-12-28,6.54
2021-12-29,6.528
2021-12-30,6.548
2021-12-31,6.542
2022-01-01,6.534
2022-01-02,6.478
2022-01-03,6.458
2022-01-04,6.454
2022-01-05,6.452
2022-01-06,6.464
2022-01-07,6.464
2022-01-08,6.46
2022-01-09,6.458
2022-01-10,6.486
2022-01-11,6.472
2022-01-12,6.446
2022-01-13,6.452
2022-01-14,6.458
2022-01-15,6.468
2022-01-16,6.456
2022-01-17,6.442
2022-01-18,6.428
2022-01-19,6.43
2022-01-20,6.432
2022-01-21,6.436
2022-01-22,6.456
2022-01-23,6.458
2022-01-24,6.46
2022-01-25,6.476
2022-01-26,6.448
2022-01-27,6.44
2022-01-28,6.456
2022-01-29,6.436
2022-01-30,6.412
2022-01-31,6.402
2022-02-01,6.44
2022-02-02,6.404
2022-02-03,6.39
2022-02-04,6.388
2022-02-05,6.472
2022-02-06,6.466
2022-02-07,6.418
2022-02-08,6.402
2022-02-09,6.378
2022-02-10,6.374
2022-02-11,6.378
2022-02-12,6.452
2022-02-13,6.408
2022-02-14,6.398
2022-02-15,6.372
2022-02-16,6.324
2022-02-17,6.322
2022-02-18,6.356
2022-02-19,6.334
2022-02-20,6.336
2022-02-21,6.356
2022-02-22,6.34
2022-02-23,6.32
2022-02-24,6.31
2022-02-25,6.33
2022-02-26,6.324
2022-02-27,6.352
2022-02-28,6.316
2022-03-01,6.31
2022-03-02,6.306
2022-03-03,6.304
2022-03-04,6.306
2022-03-05,6.324
2022-03-06,6.32
2022-03-07,6.308
2022-03-08,6.308
2022-03-09,6.312
2022-03-10,6.316
2022-03-11,6.3
2022-03-12,6.294
2022-03-13,6.316
2022-03-14,6.304
2022-03-15,6.304
2022-03-16,6.28
2022-03-17,6.284
2022-03-18,6.286
2022-03-19,6.292
2022-03-20,6.296
2022-03-21,6.294
2022-03-22,6.27
2022-03-23,6.278
2022-03-24,6.29
2022-03-25,6.298
2022-03-26,6.282
2022-03-27,6.306
2022-03-28,6.296
2022-03-29,6.448
2022-03-30,6.406
2022-03-31,6.344
2022-04-01,6.388
2022-04-02,6.34
2022-04-03,6.338
2022-04-04,6.32
2022-04-05,6.306
2022-04-06,6.29
2022-04-07,6.276
2022-04-08,6.272
2022-04-09,6.264
2022-04-10,6.252
2022-04-11,6.266
2022-04-12,6.3
2022-04-13,6.262
2022-04-14,6.258
2022-04-15,6.286
2022-04-16,6.278
2022-04-17,6.252
2022-04-18,6.254
2022-04-19,6.236
2022-04-20,6.356
2022-04-21,6.868
2022-04-22,6.488
2022-04-23,6.57
2022-04-24,6.468
2022-04-25,6.406
2022-04-26,6.382
2022-04-27,6.358
2022-04-28,6.34
2022-04-29,6.328
2022-04-30,6.322
2022-05-01,6.398
2022-05-02,6.364
2022-05-03,6.492
2022-05-04,7.258
2022-05-05,7.028
2022-05-06,6.564
2022-05-07,6.478
2022-05-08,6.418
2022-05-09,7.306
2022-05-10,7.48
2022-05-11,6.826
2022-05-12,7.018
2022-05-13,6.782
2022-05-14,8.196
2022-05-15,6.908
2022-05-16,6.698
2022-05-17,6.606
2022-05-18,6.788
2022-05-19,6.644
2022-05-20,7.802
2022-05-21,7.402
2022-05-22,7.512
2022-05-23,7.296
2022-05-24,6.774
2022-05-25,7.628
2022-05-26,9.214
2022-05-27,8.49
2022-05-28,8.114
2022-05-29,7.09
2022-05-30,7.412
2022-05-31,7.042
2022-06-01,7.028
2022-06-02,6.836
2022-06-03,6.73
2022-06-04,7.012
2022-06-05,7.632
2022-06-06,6.918
2022-06-07,6.726
2022-06-08,6.696
2022-06-09,6.748
2022-06-10,7.002
2022-06-11,6.714
2022-06-12,6.624
2022-06-13,6.588
2022-06-14,7.922
2022-06-15,7.056
2022-06-16,8.02
2022-06-17,7.33
2022-06-18,9.068
2022-06-19,9.884
2022-06-20,12.514
2022-06-21,10.322
2022-06-22,8.778
2022-06-23,7.942
2022-06-24,7.388
2022-06-25,7.078
2022-06-26,6.914
2022-06-27,6.84
2022-06-28,6.78
2022-06-29,6.988
2022-06-30,7.828
2022-07-01,7.308
2022-07-02,7.1
2022-07-03,6.854
2022-07-04,6.762
2022-07-05,6.904
2022-07-06,6.962
2022-07-07,6.742
2022-07-08,6.682
2022-07-09,6.684
2022-07-10,6.67
2022-07-11,6.63
2022-07-12,6.688
2022-07-13,6.742
2022-07-14,6.634
2022-07-15,7.578
2022-07-16,6.898
2022-07-17,6.688
2022-07-18,6.58
2022-07-19,6.574
2022-07-20,7.648
2022-07-21,7.924
2022-07-22,6.974
2022-07-23,6.748
2022-07-24,7.388
2022-07-25,6.93
2022-07-26,8.688
2022-07-27,8.828
2022-07-28,7.386
2022-07-29,7.372
2022-07-30,6.992
2022-07-31,6.848
2022-08-01,7.086
2022-08-02,7.014
2022-08-03,7.116
2022-08-04,7.03
2022-08-05,6.928
2022-08-06,6.78
2022-08-07,7.078
2022-08-08,6.848
2022-08-09,6.756
2022-08-10,6.716
2022-08-11,6.664
2022-08-12,6.676
2022-08-13,6.798
2022-08-14,6.766
2022-08-15,6.662
2022-08-16,6.726
2022-08-17,6.722
2022-08-18,6.6
2022-08-19,7.548
2022-08-20,6.79
2022-08-21,6.654
2022-08-22,6.582
2022-08-23,9.014
2022-08-24,8.3
2022-08-25,7.072
2022-08-26,6.82
2022-08-27,6.824
2022-08-28,6.776
2022-08-29,6.76
2022-08-30,6.626
2022-08-31,6.588
2022-09-01,6.6
2022-09-02,6.658
2022-09-03,7.588
2022-09-04,7.95
2022-09-05,8.658
2022-09-06,7.294
2022-09-07,6.934
2022-09-08,6.738
2022-09-09,6.748
2022-09-10,7.396
2022-09-11,7.276
2022-09-12,7.154
2022-09-13,7.534
2022-09-14,7.86
2022-09-15,7.524
2022-09-16,7.084
2022-09-17,6.968
2022-09-18,9.78
2022-09-19,10.718
2022-09-20,8.418
2022-09-21,7.408
2022-09-22,7.046
2022-09-23,6.964
2022-09-24,7.21
2022-09-25,7.164
2022-09-26,6.932
2022-09-27,7.354
2022-09-28,6.98
2022-09-29,6.812
2022-09-30,6.792
2022-10-01,7.662
2022-10-02,6.52
2022-10-03,7.116
2022-10-04,7.046
2022-10-05,7.954
2022-10-06,7.224
2022-10-07,6.826
2022-10-08,6.822
2022-10-09,6.872
2022-10-10,6.792
2022-10-11,6.936
2022-10-12,6.79
2022-10-13,6.792
2022-10-14,6.764
2022-10-15,6.724
2022-10-16,6.718
2022-10-17,6.706
2022-10-18,6.858
2022-10-19,6.726
2022-10-20,6.688
2022-10-21,6.67
2022-10-22,6.638
2022-10-23,6.646
2022-10-24,6.9
2022-10-25,7.904
2022-10-26,7.06
2022-10-27,6.79
2022-10-28,6.732
2022-10-29,6.698
2022-10-30,6.69
2022-10-31,6.682
2022-11-01,6.682
2022-11-02,6.67
2022-11-03,6.66
2022-11-04,6.656
2022-11-05,6.658
2022-11-06,6.648
2022-11-07,6.636
2022-11-08,6.636
2022-11-09,6.67
2022-11-10,6.658
2022-11-11,6.658
2022-11-12,6.664
2022-11-13,6.648
2022-11-14,6.662
2022-11-15,6.65
2022-11-16,6.646
2022-11-17,6.646
2022-11-18,6.64
2022-11-19,6.64
2022-11-20,6.63
2022-11-21,6.626
2022-11-22,6.63
2022-11-23,6.63
2022-11-24,6.63
2022-11-25,6.63
2022-11-26,6.63
2022-11-27,6.624
2022-11-28,6.63
2022-11-29,6.628
2022-11-30,6.62
2022-12-01,6.62
2022-12-02,6.62
2022-12-03,6.62
2022-12-04,6.62
2022-12-05,6.61
2022-12-06,6.608
2022-12-07,6.61
2022-12-08,6.618
2022-12-09,6.636
2022-12-10,6.622
2022-12-11,6.618
2022-12-12,6.618
2022-12-13,6.628
2022-12-14,6.628
2022-12-15,6.628
2022-12-16,6.634
2022-12-17,6.636
2022-12-18,6.66
2022-12-19,6.636
2022-12-20,6.628
2022-12-21,6.62
2022-12-22,6.622
2022-12-23,6.622
2022-12-24,6.626
2022-12-25,6.62
2022-12-26,6.62
2022-12-27,6.63
2022-12-28,6.648
2022-12-29,6.698
2022-12-30,6.66
2022-12-31,6.63
2023-01-01,6.62
2023-01-02,6.612
2023-01-03,6.604
2023-01-04,6.606
2023-01-05,6.606
2023-01-06,6.6
2023-01-07,6.6
2023-01-08,6.6
2023-01-09,6.598
2023-01-10,6.584
2023-01-11,6.572
2023-01-12,6.57
2023-01-13,6.558
2023-01-14,6.556
2023-01-15,6.556
2023-01-16,6.56
2023-01-17,6.548
2023-01-18,6.534
2023-01-19,6.534
2023-01-20,6.534
2023-01-21,6.538
2023-01-22,6.54
2023-01-23,6.53
2023-01-24,6.526
2023-01-25,6.518
2023-01-26,6.514
2023-01-27,6.502
2023-01-28,6.504
2023-01-29,6.484
2023-01-30,6.482
2023-01-31,6.464
2023-02-01,6.47
2023-02-02,6.468
2023-02-03,6.468
2023-02-04,6.454
2023-02-05,6.456
2023-02-06,6.502
2023-02-07,6.644
2023-02-08,6.686
2023-02-09,6.68
2023-02-10,6.676
2023-02-11,6.642
2023-02-12,6.604
2023-02-13,6.564
2023-02-14,6.468
2023-02-15,6.456
2023-02-16,6.416
2023-02-17,6.536
2023-02-18,6.51
2023-02-19,6.512
2023-02-20,6.536
2023-02-21,6.546
2023-02-22,6.544
2023-02-23,6.572
2023-02-24,6.562
2023-02-25,6.55
2023-02-26,6.534
2023-02-27,6.512
2023-02-28,6.484
2023-03-01,6.498
2023-03-02,6.512
2023-03-03,6.522
2023-03-04,6.476
2023-03-05,6.47
2023-03-06,6.49
2023-03-07,6.524
2023-03-08,6.51
2023-03-09,6.506
2023-03-10,6.528
2023-03-11,6.526
2023-03-12,6.504
2023-03-13,6.494
2023-03-14,6.476
2023-03-15,6.516
2023-03-16,6.574
2023-03-17,6.622
2023-03-18,6.6
2023-03-19,6.57
2023-03-20,6.658
2023-03-21,6.678
2023-03-22,7.008
2023-03-23,6.694
2023-03-24,6.674
2023-03-25,6.562
2023-03-26,6.538
2023-03-27,6.528
2023-03-28,6.532
2023-03-29,6.556
2023-03-30,6.574
2023-03-31,6.818
2023-04-01,6.824
2023-04-02,6.834
2023-04-03,6.814
2023-04-04,6.882
2023-04-05,6.924
2023-04-06,6.806
2023-04-07,6.664
2023-04-08,6.59
2023-04-09,6.562
2023-04-10,6.532
2023-04-11,6.504
2023-04-12,6.45
2023-04-13,6.456
2023-04-14,6.45
2023-04-15,6.44
2023-04-16,6.442
2023-04-17,6.438
2023-04-18,6.442
2023-04-19,6.432
2023-04-20,6.422
2023-04-21,6.432
2023-04-22,6.47
2023-04-23,6.49
2023-04-24,6.452
2023-04-25,6.434
2023-04-26,6.428
2023-04-27,6.42
2023-04-28,6.36
2023-04-29,6.454
2023-04-30,6.44
2023-05-01,6.448
2023-05-02,6.468
2023-05-03,6.442
2023-05-04,6.478
2023-05-05,6.476
2023-05-06,6.478
2023-05-07,6.466
2023-05-08,6.46
2023-05-09,6.456
2023-05-10,6.466
2023-05-11,6.458
2023-05-12,6.456
2023-05-13,6.474
2023-05-14,6.4816
2023-05-15,6.49
2023-05-16,6.488
2023-05-17,6.484
2023-05-18,6.518
2023-05-19,6.628
2023-05-20,6.538
2023-05-21,6.542
2023-05-22,6.52
2023-05-23,6.534
2023-05-24,7.34
2023-05-25,6.76
2023-05-26,6.648
2023-05-27,6.578
2023-05-28,6.606
2023-05-29,6.562
2023-05-30,6.53
2023-05-31,6.512
2023-06-01,6.498
2023-06-02,6.488
2023-06-03,6.484
2023-06-04,6.478
2023-06-05,6.532
2023-06-06,6.504
2023-06-07,6.508
2023-06-08,6.528
2023-06-09,7.01
2023-06-10,6.85
2023-06-11,7.218
2023-06-12,6.882
2023-06-13,7.048
2023-06-14,6.706
2023-06-15,6.636
2023-06-16,6.598
2023-06-17,7.472
2023-06-18,7.026
2023-06-19,7.85
2023-06-20,7.198
2023-06-21,6.818
2023-06-22,6.786
2023-06-23,6.62
2023-06-24,6.658
2023-06-25,6.632
2023-06-26,6.592
2023-06-27,6.574
2023-06-28,6.604
2023-06-29,6.64
2023-06-30,6.64
2023-07-01,7.866
2023-07-02,7.318
2023-07-03,6.886
2023-07-04,6.66
2023-07-05,7.66
2023-07-06,7.172
2023-07-07,6.768
2023-07-08,6.712
2023-07-09,6.698
2023-07-10,6.906
2023-07-11,6.784
2023-07-12,6.676
2023-07-13,6.638
2023-07-14,6.63
2023-07-15,6.594
2023-07-16,6.586
2023-07-17,6.558
2023-07-18,6.604
2023-07-19,6.724
2023-07-20,6.598
2023-07-21,6.554
2023-07-22,6.896
2023-07-23,6.706
2023-07-24,6.59
2023-07-25,7.198
2023-07-26,7.42
2023-07-27,6.984
2023-07-28,6.946
2023-07-29,6.866
2023-07-30,6.752
2023-07-31,6.652
2023-08-01,6.916
2023-08-02,6.866
2023-08-03,7.578
2023-08-04,10.138
2023-08-05,9.48
2023-08-06,10.148
2023-08-07,12.516
2023-08-08,11.63
2023-08-09,10.114
2023-08-10,9.3
2023-08-11,8.462
2023-08-12,7.828
2023-08-13,7.424
2023-08-14,7.73
2023-08-15,7.844
2023-08-16,8.644
2023-08-17,8.424
2023-08-18,7.444
2023-08-19,7.094
2023-08-20,6.964
2023-08-21,7.254
2023-08-22,6.97
2023-08-23,6.872
2023-08-24,6.828
2023-08-25,7.082
2023-08-26,7.338
2023-08-27,8.914
2023-08-28,9.216
2023-08-29,7.782
2023-08-30,7.162
2023-08-31,8.024
2023-09-01,7.386
2023-09-02,8.3
2023-09-03,9.958
2023-09-04,8.324
2023-09-05,7.274
2023-09-06,7.002
2023-09-07,7.254
2023-09-08,7.7
2023-09-09,7.26
2023-09-10,6.88
2023-09-11,6.856
2023-09-12,6.78
2023-09-13,6.746
2023-09-14,6.812
2023-09-15,6.846
2023-09-16,6.69
2023-09-17,6.736
2023-09-18,8.41
2023-09-19,7.756
2023-09-20,7.714
2023-09-21,7.264
2023-09-22,6.914
2023-09-23,6.998
2023-09-24,7.35
2023-09-25,6.97
2023-09-26,6.744
2023-09-27,6.694
2023-09-28,6.7
2023-09-29,6.662
2023-09-30,6.644
2023-10-01,6.618
2023-10-02,6.598
2023-10-03,6.838
2023-10-04,6.932
2023-10-05,6.976
2023-10-06,6.994
2023-10-07,6.788
2023-10-08,6.744
2023-10-09,6.92
2023-10-10,6.73
2023-10-11,6.74
2023-10-12,6.656
2023-10-13,6.688
2023-10-14,6.598
2023-10-15,6.59
2023-10-16,6.57
2023-10-17,6.556
2023-10-18,6.552
2023-10-19,6.542
2023-10-20,6.55
2023-10-21,6.544
2023-10-22,6.54
2023-10-23,6.552
2023-10-24,6.56
2023-10-25,6.586
2023-10-26,6.65
2023-10-27,6.57
2023-10-28,6.554
2023-10-29,6.532
2023-10-30,6.522
2023-10-31,6.52
2023-11-01,6.526
2023-11-02,6.514
2023-11-03,6.514
2023-11-04,6.508
2023-11-05,6.506
2023-11-06,6.51
2023-11-07,6.504
2023-11-08,6.498
2023-11-09,6.476
2023-11-10,6.48
2023-11-11,6.466
2023-11-12,6.46
2023-11-13,6.46
2023-11-14,6.464
2023-11-15,6.462
2023-11-16,6.456
2023-11-17,6.682
2023-11-18,11.33
2023-11-19,9.252
2023-11-20,7.056
2023-11-21,6.796
2023-11-22,6.69
2023-11-23,6.64
2023-11-24,6.642
2023-11-25,6.632
2023-11-26,6.61
2023-11-27,6.58
2023-11-28,6.558
2023-11-29,6.554
2023-11-30,6.554
2023-12-01,6.552
2023-12-02,6.552
2023-12-03,6.542
2023-12-04,6.532
2023-12-05,6.6
2023-12-06,6.6
2023-12-07,6.588
2023-12-08,6.878
2023-12-09,6.744
2023-12-10,6.562
2023-12-11,6.53
2023-12-12,6.516
2023-12-13,6.51
2023-12-14,6.642
2023-12-15,6.572
2023-12-16,6.53
2023-12-17,6.524
2023-12-18,6.518
2023-12-19,6.512
2023-12-20,6.508
2023-12-21,6.566
2023-12-22,6.534
2023-12-23,6.532
2023-12-24,6.52
2023-12-25,6.506
2023-12-26,6.502
2023-12-27,6.49
2023-12-28,6.492
2023-12-29,6.484
2023-12-30,6.49
2023-12-31,6.486
2024-01-01,6.48
2024-01-02,6.472
2024-01-03,6.472
2024-01-04,6.46
2024-01-05,6.46
2024-01-06,6.46
2024-01-07,6.454
2024-01-08,6.444
2024-01-09,6.434
2024-01-10,6.43
2024-01-11,6.434
2024-01-12,6.434
2024-01-13,6.436
2024-01-14,6.44
2024-01-15,6.44
2024-01-16,6.44
2024-01-17,6.43
2024-01-18,6.43
2024-01-19,6.44
2024-01-20,6.44
2024-01-21,6.438
2024-01-22,6.436
2024-01-23,6.44
2024-01-24,6.43
2024-01-25,6.432
2024-01-26,6.44
2024-01-27,6.434
2024-01-28,6.428
2024-01-29,6.416
2024-01-30,6.398
2024-01-31,6.398
2024-02-01,6.4
2024-02-02,6.41
2024-02-03,6.418
2024-02-04,6.396
2024-02-05,6.418
2024-02-06,6.384
2024-02-07,6.388
2024-02-08,6.392
2024-02-09,6.384
2024-02-10,6.384
2024-02-11,6.378
2024-02-12,6.38
2024-02-13,6.4
2024-02-14,6.448
2024-02-15,6.462
2024-02-16,6.448
2024-02-17,6.454
2024-02-18,6.468
2024-02-19,6.442
2024-02-20,6.564
2024-02-21,6.506
2024-02-22,6.436
2024-02-23,6.492
2024-02-24,6.588
2024-02-25,6.496
2024-02-26,6.454
2024-02-27,6.424
2024-02-28,6.396
2024-02-29,6.388
2024-03-01,6.386
2024-03-02,6.358
2024-03-03,6.38
2024-03-04,6.414
2024-03-05,6.416
2024-03-06,6.426
2024-03-07,6.402
2024-03-08,6.394
2024-03-09,6.416
2024-03-10,6.396
2024-03-11,6.374
2024-03-12,6.338
2024-03-13,6.348
2024-03-14,6.338
2024-03-15,6.43
2024-03-16,6.508
2024-03-17,6.42
2024-03-18,6.412
2024-03-19,6.382
2024-03-20,6.384
2024-03-21,6.402
2024-03-22,6.422
2024-03-23,6.438
2024-03-24,6.836
2024-03-25,6.744
2024-03-26,6.564
2024-03-27,6.48
2024-03-28,6.496
2024-03-29,6.864
2024-03-30,6.66
2024-03-31,6.642
2024-04-01,6.672
2024-04-02,6.552
2024-04-03,6.5
2024-04-04,6.464
2024-04-05,6.436
2024-04-06,6.428
2024-04-07,6.434
2024-04-08,6.414
2024-04-09,6.404
2024-04-10,6.38
2024-04-11,6.368
2024-04-12,6.356
2024-04-13,6.336
2024-04-14,6.334
2024-04-15,6.348
2024-04-16,6.322
2024-04-17,6.338
2024-04-18,6.62
2024-04-19,6.748
2024-04-20,6.562
2024-04-21,6.468
2024-04-22,6.444
2024-04-23,6.412
2024-04-24,6.382
2024-04-25,6.366
2024-04-26,6.358
2024-04-27,6.364
2024-04-28,6.34
2024-04-29,6.354
2024-04-30,6.352
2024-05-01,6.352
2024-05-02,6.366
2024-05-03,6.764
2024-05-04,6.662
2024-05-05,6.804
2024-05-06,7.122
2024-05-07,7.072
2024-05-08,6.76
2024-05-09,6.616
2024-05-10,6.528
2024-05-11,6.506
2024-05-12,6.926
2024-05-13,6.618
2024-05-14,6.516
2024-05-15,6.572
2024-05-16,6.454
2024-05-17,6.43
2024-05-18,6.444
2024-05-19,6.464
2024-05-20,6.442
2024-05-21,6.438
2024-05-22,6.432
2024-05-23,6.43
2024-05-24,6.478
2024-05-25,6.58
2024-05-26,6.536
2024-05-27,6.79
2024-05-28,11.408
2024-05-29,9.16
2024-05-30,7.192
2024-05-31,6.766
2024-06-01,6.668
2024-06-02,6.584
2024-06-03,6.57
2024-06-04,6.846
2024-06-05,6.646
2024-06-06,6.562
2024-06-07,6.578
2024-06-08,7.406
2024-06-09,7.4
2024-06-10,7.972
2024-06-11,7.816
2024-06-12,6.956
2024-06-13,7.434
2024-06-14,10.532
2024-06-15,8.472
2024-06-16,7.328
2024-06-17,7.004
2024-06-18,6.834
2024-06-19,8.58
2024-06-20,8.038
2024-06-21,7.306
2024-06-22,6.938
2024-06-23,6.802
2024-06-24,6.722
2024-06-25,6.736
2024-06-26,6.724
2024-06-27,7.156
2024-06-28,6.854
2024-06-29,7.258
2024-06-30,8.7
2024-07-01,10.488
2024-07-02,12.674
2024-07-03,11.028
2024-07-04,9.41
2024-07-05,8.668
2024-07-06,8.604
2024-07-07,7.836
2024-07-08,7.288
2024-07-09,7.062
2024-07-10,7.05
2024-07-11,7.002
2024-07-12,8.136
2024-07-13,7.23
2024-07-14,6.914
2024-07-15,6.82
2024-07-16,6.736
2024-07-17,6.774
2024-07-18,6.71
2024-07-19,6.63
2024-07-20,6.62
2024-07-21,6.672
2024-07-22,6.686
2024-07-23,6.85
2024-07-24,6.87
2024-07-25,6.728
2024-07-26,6.63
2024-07-27,6.58
2024-07-28,6.626
2024-07-29,6.574
2024-07-30,6.598
2024-07-31,6.938
2024-08-01,8.736
2024-08-02,12.672
2024-08-03,12.59
2024-08-04,10.172
2024-08-05,8.944
2024-08-06,8.436
2024-08-07,8.228
2024-08-08,8.13
2024-08-09,8.09
2024-08-10,8.374
2024-08-11,8.44
2024-08-12,9.146
2024-08-13,8.26
2024-08-14,7.69
2024-08-15,7.324
2024-08-16,7.258
2024-08-17,8.81
2024-08-18,9.852
2024-08-19,10.404
2024-08-20,13.284
2024-08-21,13.236
2024-08-22,13.974
2024-08-23,12.25
2024-08-24,11.45
2024-08-25,10.708
2024-08-26,9.744
2024-08-27,9.03
2024-08-28,8.664
2024-08-29,8.298
2024-08-30,8.686
2024-08-31,8.008
2024-09-01,7.832
2024-09-02,8.03
2024-09-03,8.456
2024-09-04,7.766
2024-09-05,7.552
2024-09-06,8.476
2024-09-07,8.974
2024-09-08,7.92
2024-09-09,7.776
2024-09-10,7.694
2024-09-11,7.61
2024-09-12,9.156
2024-09-13,8.146
2024-09-14,7.966
2024-09-15,7.95
2024-09-16,7.746
2024-09-17,7.552
2024-09-18,7.754
2024-09-19,7.512
2024-09-20,7.522
2024-09-21,7.656
2024-09-22,7.912
2024-09-23,7.466
2024-09-24,7.902
2024-09-25,9.198
2024-09-26,8.354
2024-09-27,7.838
2024-09-28,7.514
2024-09-29,7.474
2024-09-30,7.742
2024-10-01,7.588
2024-10-02,8.144
2024-10-03,9.312
2024-10-04,8.46
2024-10-05,7.786
2024-10-06,7.726
2024-10-07,7.532
2024-10-08,7.86
2024-10-09,7.976
2024-10-10,8.052
2024-10-11,7.29
2024-10-12,7.114
2024-10-13,7.092
2024-10-14,7.012
2024-10-15,6.976
2024-10-16,6.952
2024-10-17,6.932
2024-10-18,6.914
2024-10-19,6.934
2024-10-20,7.356
2024-10-21,6.944
2024-10-22,6.894
2024-10-23,6.872
2024-10-24,6.896
2024-10-25,7.16
2024-10-26,6.912
2024-10-27,6.85
2024-10-28,6.832
2024-10-29,6.804
2024-10-30,6.78
2024-10-31,6.78
2024-11-01,6.762
2024-11-02,6.77
2024-11-03,6.752
2024-11-04,6.738
2024-11-05,6.73
2024-11-06,7.278
2024-11-07,6.938
2024-11-08,6.804
2024-11-09,6.792
2024-11-10,6.728
2024-11-11,6.718
2024-11-12,6.698
2024-11-13,6.69
2024-11-14,6.676
2024-11-15,6.676
2024-11-16,6.684
2024-11-17,6.628
2024-11-18,6.69
2024-11-19,6.648
2024-11-20,6.638
2024-11-21,6.638
2024-11-22,6.63
2024-11-23,6.63
2024-11-24,6.622
2024-11-25,6.614
2024-11-26,6.61
2024-11-27,6.62
2024-11-28,6.61
2024-11-29,6.616
2024-11-30,6.642
2024-12-01,6.634
2024-12-02,6.63
2024-12-03,6.616
2024-12-04,6.608
2024-12-05,6.596
2024-12-06,6.594
2024-12-07,6.592
2024-12-08,6.586
2024-12-09,6.598
2024-12-10,6.592
2024-12-11,6.59
2024-12-12,6.59
2024-12-13,6.588
2024-12-14,6.584
2024-12-15,6.576
2024-12-16,6.57
2024-12-17,6.564
2024-12-18,6.564
2024-12-19,6.56
2024-12-20,6.552
2024-12-21,6.554
2024-12-22,6.576
2024-12-23,6.554
2024-12-24,6.528
2024-12-25,6.532
2024-12-26,6.524
2024-12-27,6.522
2024-12-28,6.514
2024-12-29,6.504
2024-12-30,6.5
2024-12-31,6.494
2025-01-01,6.492
2025-01-02,6.494
2025-01-03,6.498
2025-01-04,6.504
2025-01-05,6.498
2025-01-06,6.492
2025-01-07,6.482
2025-01-08,6.476
2025-01-09,6.484
2025-01-10,6.488
2025-01-11,6.47
2025-01-12,6.502
2025-01-13,6.604
2025-01-14,6.578
2025-01-15,6.556
2025-01-16,6.554
2025-01-17,6.558
2025-01-18,6.558
2025-01-19,6.536
2025-01-20,6.49
2025-01-21,6.508
2025-01-22,6.536
2025-01-23,6.474
2025-01-24,6.462
2025-01-25,6.542
2025-01-26,6.578
2025-01-27,6.692
2025-01-28,6.658
2025-01-29,6.65
2025-01-30,6.652
2025-01-31,6.656
2025-02-01,6.662
2025-02-02,6.658
2025-02-03,6.654
2025-02-04,6.644
2025-02-05,6.63
2025-02-06,6.61
2025-02-07,6.618
2025-02-08,6.628
2025-02-09,6.598
2025-02-10,6.59
2025-02-11,6.616
2025-02-12,6.656
2025-02-13,6.652
2025-02-14,6.652
2025-02-15,6.52
2025-02-16,6.494
2025-02-17,6.48
2025-02-18,6.466
2025-02-19,6.456
2025-02-20,6.448
2025-02-21,6.44
2025-02-22,6.438
2025-02-23,6.43
2025-02-24,6.48
2025-02-25,6.474
2025-02-26,6.432
2025-02-27,6.432
2025-02-28,6.604
2025-03-01,6.504
2025-03-02,6.446
2025-03-03,6.438
2025-03-04,6.428
2025-03-05,6.412
2025-03-06,6.478
2025-03-07,6.646
2025-03-08,6.55
2025-03-09,6.586
2025-03-10,6.53
2025-03-11,6.538
2025-03-12,6.482
2025-03-13,6.464
2025-03-14,6.49
2025-03-15,6.616
2025-03-16,6.656
2025-03-17,6.558
2025-03-18,6.538
2025-03-19,6.514
2025-03-20,6.504
2025-03-21,6.506
2025-03-22,6.508
2025-03-23,6.506
2025-03-24,6.47
2025-03-25,6.41
2025-03-26,6.346
2025-03-27,6.362
2025-03-28,6.488
2025-03-29,6.478
2025-03-30,6.452
2025-03-31,6.64
2025-04-01,6.614
2025-04-02,6.584
2025-04-03,6.532
2025-04-04,6.48
2025-04-05,6.442
2025-04-06,6.46
2025-04-07,6.462
2025-04-08,6.412
2025-04-09,6.36
2025-04-10,6.334
2025-04-11,6.362
2025-04-12,6.34
2025-04-13,6.348
2025-04-14,6.326
2025-04-15,6.358
2025-04-16,6.362
2025-04-17,6.376
2025-04-18,6.652
2025-04-19,6.678
2025-04-20,6.804
2025-04-21,7.174
2025-04-22,7.368
2025-04-23,6.558
2025-04-24,6.472
2025-04-25,6.422
2025-04-26,6.394
2025-04-27,6.36
2025-04-28,6.364
2025-04-29,6.532
2025-04-30,6.504
2025-05-01,6.4
2025-05-02,7.228
2025-05-03,6.904
2025-05-04,6.814
2025-05-05,6.616
2025-05-06,6.472
2025-05-07,6.436
2025-05-08,6.4
2025-05-09,6.376
2025-05-10,6.354
2025-05-11,6.338
2025-05-12,6.332
2025-05-13,6.366
2025-05-14,6.416
2025-05-15,6.374
2025-05-16,6.426
2025-05-17,6.682
2025-05-18,8.166
2025-05-19,7.266
2025-05-20,6.762
2025-05-21,9.666
2025-05-22,8.18
2025-05-23,7.602
2025-05-24,6.82
2025-05-25,6.642
2025-05-26,6.63
2025-05-27,6.884
2025-05-28,6.678
2025-05-29,6.572
2025-05-30,9.526
2025-05-31,8.638
2025-06-01,10.032
2025-06-02,10.544
2025-06-03,9.592
2025-06-04,9.01
2025-06-05,8.206
2025-06-06,7.358
2025-06-07,7.264
2025-06-08,7.188
2025-06-09,6.858
2025-06-10,6.77
2025-06-11,7.676
2025-06-12,7.938
2025-06-13,6.932
2025-06-14,6.63
2025-06-15,6.614
2025-06-16,6.986
2025-06-17,7.416
2025-06-18,8.302
2025-06-19,11.234
2025-06-20,10.546
2025-06-21,9.124
2025-06-22,8.668
2025-06-23,7.642
2025-06-24,7.354
2025-06-25,7.054
2025-06-26,6.862
2025-06-27,6.98
2025-06-28,7.214
2025-06-29,6.814
2025-06-30,6.74
2025-07-01,6.714
2025-07-02,6.714
2025-07-03,6.64
2025-07-04,6.616
2025-07-05,6.644
2025-07-06,6.624
2025-07-07,6.602
2025-07-08,9.308
2025-07-09,13.048
2025-07-10,10.492
2025-07-11,9.408
2025-07-12,8.544
2025-07-13,8.278
2025-07-14,9.1
2025-07-15,9.214
2025-07-16,8.112
2025-07-17,7.728
2025-07-18,7.56
2025-07-19,7.26
2025-07-20,7.136
2025-07-21,10.812
2025-07-22,9.462
2025-07-23,8.304
2025-07-24,10.104
2025-07-25,9.838
2025-07-26,8.556
2025-07-27,9.808
2025-07-28,9.064
2025-07-29,8.942
2025-07-30,8.034
2025-07-31,8.32
2025-08-01,8.33
2025-08-02,8.042
2025-08-03,7.796
2025-08-04,9.126
2025-08-05,9.368
2025-08-06,9.196
2025-08-07,8.138
2025-08-08,8.184
2025-08-09,8.04
2025-08-10,7.316
2025-08-11,7.226
2025-08-12,7.128
2025-08-13,7.012
2025-08-14,8.106
2025-08-15,7.918
2025-08-16,7.622
2025-08-17,7.586
2025-08-18,8.076
2025-08-19,8.098
2025-08-20,7.396
2025-08-21,7.684
2025-08-22,7.594
2025-08-23,7.588
2025-08-24,7.862
2025-08-25,7.358
2025-08-26,6.964
2025-08-27,6.842
2025-08-28,6.816
2025-08-29,6.898
2025-08-30,6.962
2025-08-31,6.858
2025-09-01,6.798
2025-09-02,6.736
2025-09-03,6.764
2025-09-04,6.906
2025-09-05,6.696
2025-09-06,6.672
2025-09-07,8.39
2025-09-08,8.364
2025-09-09,8.684
2025-09-10,8.584
2025-09-11,7.48
2025-09-12,7.472
2025-09-13,7.316
2025-09-14,7.84
2025-09-15,7.638
2025-09-16,7.556
2025-09-17,7.454
2025-09-18,6.96
2025-09-19,6.798
2025-09-20,8.658
2025-09-21,7.7
2025-09-22,9.902
2025-09-23,8.922
2025-09-24,7.758
2025-09-25,9.226
2025-09-26,8.322
2025-09-27,7.25
2025-09-28,6.968
2025-09-29,7.528
2025-09-30,6.932
2025-10-01,10.988
2025-10-02,10.458
2025-10-03,9.636
2025-10-04,8.092
2025-10-05,7.478
2025-10-06,7.292
2025-10-07,7.288
2025-10-08,7.65
2025-10-09,7.042
2025-10-10,6.918
2025-10-11,9.484
2025-10-12,8.694
2025-10-13,7.266
2025-10-14,6.914
2025-10-15,6.802
2025-10-16,6.85
2025-10-17,6.848
2025-10-18,6.776
2025-10-19,6.752
2025-10-20,6.716
2025-10-21,6.632
2025-10-22,6.624
2025-10-23,6.616
2025-10-24,6.618
2025-10-25,6.638
2025-10-26,6.642
2025-10-27,6.64
2025-10-28,6.63
2025-10-29,6.63
2025-10-30,6.632
2025-10-31,6.634
2025-11-01,6.64
2025-11-02,6.642
2025-11-03,6.684
2025-11-04,6.674
2025-11-05,7.612
2025-11-06,8.012
2025-11-07,7.052
2025-11-08,6.666
2025-11-09,6.646
2025-11-10,6.642
2025-11-11,6.65
2025-11-12,6.65
2025-11-13,6.65
2025-11-14,6.65
2025-11-15,6.642
2025-11-16,6.646
2025-11-17,6.632
2025-11-18,6.624
2025-11-19,6.62
2025-11-20,6.62
2025-11-21,6.614
2025-11-22,6.616
2025-11-23,6.618
2025-11-24,6.612
2025-11-25,6.616
2025-11-26,6.608
2025-11-27,6.586
2025-11-28,6.574
2025-11-29,6.572
2025-11-30,6.56
2025-12-01,6.462
2025-12-02,6.46
2025-12-03,6.46
2025-12-04,6.46
2025-12-05,6.45
2025-12-06,6.45
2025-12-07,6.46
2025-12-08,6.458
2025-12-09,6.464
2025-12-10,6.458
2025-12-11,6.452
2025-12-12,6.45
2025-12-13,6.452
2025-12-14,6.446
2025-12-15,6.448
2025-12-16,6.442
2025-12-17,6.436
2025-12-18,6.43
2025-12-19,6.434
2025-12-20,6.422
2025-12-21,6.416
2025-12-22,6.414
2025-12-23,6.422
2025-12-24,6.42
2025-12-25,6.424
2025-12-26,6.42
2025-12-27,6.412
2025-12-28,6.418
2025-12-29,6.43
2025-12-30,6.43
2025-12-31,6.43
