date,water_level
1/1/1976,6.728
1/2/1976,6.728
1/3/1976,6.728
1/4/1976,6.728
1/5/1976,6.728
1/6/1976,6.708
1/7/1976,6.708
1/8/1976,6.708
1/9/1976,6.708
1/10/1976,6.708
1/11/1976,6.698
1/12/1976,6.698
1/13/1976,6.688
1/14/1976,6.668
1/15/1976,6.668
1/16/1976,6.668
1/17/1976,6.668
1/18/1976,6.668
1/19/1976,6.668
1/20/1976,6.668
1/21/1976,6.668
1/22/1976,6.628
1/23/1976,6.598
1/24/1976,6.578
1/25/1976,6.558
1/26/1976,6.548
1/27/1976,6.548
1/28/1976,6.558
1/29/1976,6.558
1/30/1976,6.558
1/31/1976,6.548
2/1/1976,6.548
2/2/1976,6.548
2/3/1976,6.548
2/4/1976,6.668
2/5/1976,6.668
2/6/1976,6.708
2/7/1976,6.688
2/8/1976,6.718
2/9/1976,6.708
2/10/1976,6.618
2/11/1976,6.578
2/12/1976,6.548
2/13/1976,6.538
2/14/1976,6.518
2/15/1976,6.478
2/16/1976,6.458
2/17/1976,6.438
2/18/1976,6.418
2/19/1976,6.418
2/20/1976,6.418
2/21/1976,6.408
2/22/1976,6.398
2/23/1976,6.398
2/24/1976,6.398
2/25/1976,6.418
2/26/1976,6.408
2/27/1976,6.408
2/28/1976,6.398
2/29/1976,6.368
3/1/1976,6.328
3/2/1976,6.328
3/3/1976,6.328
3/4/1976,6.368
3/5/1976,6.418
3/6/1976,6.418
3/7/1976,6.418
3/8/1976,6.418
3/9/1976,6.418
3/10/1976,6.418
3/11/1976,6.408
3/12/1976,6.398
3/13/1976,6.378
3/14/1976,6.348
3/15/1976,6.308
3/16/1976,6.268
3/17/1976,6.268
3/18/1976,6.268
3/19/1976,6.258
3/20/1976,6.308
3/21/1976,6.248
3/22/1976,6.248
3/23/1976,6.418
3/24/1976,6.738
3/25/1976,6.668
3/26/1976,6.558
3/27/1976,6.468
3/28/1976,6.418
3/29/1976,6.398
3/30/1976,6.398
3/31/1976,6.398
4/1/1976,6.378
4/2/1976,6.368
4/3/1976,6.328
4/4/1976,6.318
4/5/1976,6.318
4/6/1976,6.288
4/7/1976,6.208
4/8/1976,6.208
4/9/1976,6.208
4/10/1976,6.198
4/11/1976,6.948
4/12/1976,7.348
4/13/1976,7.088
4/14/1976,6.848
4/15/1976,6.668
4/16/1976,6.598
4/17/1976,6.548
4/18/1976,6.468
4/19/1976,6.378
4/20/1976,6.368
4/21/1976,6.328
4/22/1976,6.328
4/23/1976,6.318
4/24/1976,6.318
4/25/1976,6.308
4/26/1976,6.408
4/27/1976,6.648
4/28/1976,6.708
4/29/1976,6.648
4/30/1976,6.638
5/1/1976,6.598
5/2/1976,6.538
5/3/1976,6.518
5/4/1976,6.418
5/5/1976,6.398
5/6/1976,6.348
5/7/1976,6.768
5/8/1976,7.398
5/9/1976,7.258
5/10/1976,7.228
5/11/1976,7.538
5/12/1976,7.968
5/13/1976,7.708
5/14/1976,7.688
5/15/1976,8.498
5/16/1976,7.968
5/17/1976,8.118
5/18/1976,8.308
5/19/1976,8.708
5/20/1976,8.258
5/21/1976,7.948
5/22/1976,7.808
5/23/1976,7.538
5/24/1976,7.278
5/25/1976,7.108
5/26/1976,7.018
5/27/1976,6.928
5/28/1976,6.848
5/29/1976,6.768
5/30/1976,6.698
5/31/1976,6.688
6/1/1976,6.688
6/2/1976,7.628
6/3/1976,7.618
6/4/1976,7.548
6/5/1976,7.368
6/6/1976,7.438
6/7/1976,7.508
6/8/1976,9.138
6/9/1976,9.288
6/10/1976,10.428
6/11/1976,10.848
6/12/1976,11.088
6/13/1976,8.298
6/14/1976,8.018
6/15/1976,7.808
6/16/1976,7.668
6/17/1976,7.548
6/18/1976,7.518
6/19/1976,7.558
6/20/1976,9.418
6/21/1976,9.038
6/22/1976,8.758
6/23/1976,8.748
6/24/1976,8.868
6/25/1976,8.938
6/26/1976,8.688
6/27/1976,8.398
6/28/1976,8.328
6/29/1976,9.048
6/30/1976,10.498
7/1/1976,10.968
7/2/1976,11.278
7/3/1976,11.428
7/4/1976,11.228
7/5/1976,10.768
7/6/1976,10.368
7/7/1976,9.978
7/8/1976,9.998
7/9/1976,10.258
7/10/1976,10.428
7/11/1976,10.508
7/12/1976,10.978
7/13/1976,11.188
7/14/1976,11.138
7/15/1976,10.918
7/16/1976,10.648
7/17/1976,10.438
7/18/1976,10.118
7/19/1976,9.838
7/20/1976,9.508
7/21/1976,9.258
7/22/1976,9.348
7/23/1976,9.218
7/24/1976,9.048
7/25/1976,8.938
7/26/1976,8.798
7/27/1976,8.728
7/28/1976,8.648
7/29/1976,8.558
7/30/1976,8.428
7/31/1976,8.678
8/1/1976,8.838
8/2/1976,8.638
8/3/1976,8.578
8/4/1976,8.878
8/5/1976,8.928
8/6/1976,9.148
8/7/1976,9.118
8/8/1976,8.958
8/9/1976,8.798
8/10/1976,8.748
8/11/1976,8.948
8/12/1976,8.888
8/13/1976,8.958
8/14/1976,8.838
8/15/1976,8.758
8/16/1976,8.798
8/17/1976,9.388
8/18/1976,9.598
8/19/1976,9.378
8/20/1976,9.188
8/21/1976,9.148
8/22/1976,8.928
8/23/1976,8.788
8/24/1976,8.688
8/25/1976,9.488
8/26/1976,10.098
8/27/1976,9.888
8/28/1976,9.518
8/29/1976,9.358
8/30/1976,9.258
8/31/1976,9.088
9/1/1976,9.078
9/2/1976,9.008
9/3/1976,8.888
9/4/1976,8.718
9/5/1976,8.588
9/6/1976,8.438
9/7/1976,8.388
9/8/1976,8.288
9/9/1976,8.218
9/10/1976,8.318
9/11/1976,9.208
9/12/1976,8.618
9/13/1976,8.538
9/14/1976,8.388
9/15/1976,8.318
9/16/1976,8.188
9/17/1976,8.118
9/18/1976,8.068
9/19/1976,7.958
9/20/1976,7.888
9/21/1976,7.828
9/22/1976,7.768
9/23/1976,7.758
9/24/1976,7.728
9/25/1976,7.688
9/26/1976,7.728
9/27/1976,7.848
9/28/1976,7.728
9/29/1976,7.688
9/30/1976,7.718
10/1/1976,7.688
10/2/1976,7.598
10/3/1976,7.558
10/4/1976,7.548
10/5/1976,7.498
10/6/1976,7.498
10/7/1976,7.578
10/8/1976,8.098
10/9/1976,7.968
10/10/1976,7.718
10/11/1976,7.648
10/12/1976,7.548
10/13/1976,7.518
10/14/1976,7.468
10/15/1976,7.408
10/16/1976,7.368
10/17/1976,7.328
10/18/1976,7.298
10/19/1976,7.358
10/20/1976,7.378
10/21/1976,7.538
10/22/1976,7.758
10/23/1976,7.518
10/24/1976,7.398
10/25/1976,7.338
10/26/1976,7.328
10/27/1976,7.278
10/28/1976,7.218
10/29/1976,7.188
10/30/1976,7.158
10/31/1976,7.068
11/1/1976,7.028
11/2/1976,7.058
11/3/1976,7.078
11/4/1976,7.058
11/5/1976,7.058
11/6/1976,7.048
11/7/1976,7.038
11/8/1976,7.008
11/9/1976,7.038
11/10/1976,7.018
11/11/1976,6.948
11/12/1976,6.938
11/13/1976,6.938
11/14/1976,6.918
11/15/1976,6.918
11/16/1976,6.918
11/17/1976,6.908
11/18/1976,6.898
11/19/1976,6.878
11/20/1976,6.958
11/21/1976,6.928
11/22/1976,6.858
11/23/1976,6.828
11/24/1976,6.848
11/25/1976,6.828
11/26/1976,6.898
11/27/1976,6.948
11/28/1976,7.048
11/29/1976,7.038
11/30/1976,6.978
12/1/1976,6.938
12/2/1976,6.828
12/3/1976,6.788
12/4/1976,6.768
12/5/1976,6.748
12/6/1976,6.748
12/7/1976,6.728
12/8/1976,6.728
12/9/1976,6.718
12/10/1976,6.708
12/11/1976,6.708
12/12/1976,6.708
12/13/1976,6.698
12/14/1976,6.688
12/15/1976,6.688
12/16/1976,6.688
12/17/1976,6.688
12/18/1976,6.688
12/19/1976,6.688
12/20/1976,6.688
12/21/1976,6.688
12/22/1976,6.668
12/23/1976,6.658
12/24/1976,6.658
12/25/1976,6.648
12/26/1976,6.678
12/27/1976,6.708
12/28/1976,6.668
12/29/1976,6.668
12/30/1976,6.748
12/31/1976,6.738
1/1/1977,6.808
1/2/1977,6.838
1/3/1977,6.828
1/4/1977,6.828
1/5/1977,6.838
1/6/1977,6.838
1/7/1977,6.838
1/8/1977,6.858
1/9/1977,6.848
1/10/1977,6.798
1/11/1977,6.828
1/12/1977,6.828
1/13/1977,6.828
1/14/1977,6.828
1/15/1977,6.828
1/16/1977,6.838
1/17/1977,6.828
1/18/1977,6.868
1/19/1977,6.868
1/20/1977,6.728
1/21/1977,6.788
1/22/1977,6.768
1/23/1977,6.748
1/24/1977,6.768
1/25/1977,6.778
1/26/1977,6.778
1/27/1977,6.768
1/28/1977,6.758
1/29/1977,6.758
1/30/1977,6.808
1/31/1977,6.768
2/1/1977,6.658
2/2/1977,6.718
2/3/1977,6.738
2/4/1977,6.748
2/5/1977,6.748
2/6/1977,6.728
2/7/1977,6.728
2/8/1977,6.758
2/9/1977,6.718
2/10/1977,6.708
2/11/1977,6.708
2/12/1977,6.688
2/13/1977,6.708
2/14/1977,6.708
2/15/1977,6.728
2/16/1977,6.718
2/17/1977,6.718
2/18/1977,6.748
2/19/1977,6.718
2/20/1977,6.718
2/21/1977,6.728
2/22/1977,6.728
2/23/1977,6.738
2/24/1977,6.728
2/25/1977,6.808
2/26/1977,7.098
2/27/1977,6.998
2/28/1977,6.878
3/1/1977,6.828
3/2/1977,6.808
3/3/1977,6.768
3/4/1977,6.748
3/5/1977,6.728
3/6/1977,6.668
3/7/1977,6.708
3/8/1977,6.708
3/9/1977,6.708
3/10/1977,6.708
3/11/1977,6.718
3/12/1977,6.708
3/13/1977,6.688
3/14/1977,6.688
3/15/1977,6.688
3/16/1977,6.668
3/17/1977,6.648
3/18/1977,6.638
3/19/1977,6.638
3/20/1977,6.628
3/21/1977,6.628
3/22/1977,6.628
3/23/1977,6.628
3/24/1977,6.618
3/25/1977,6.628
3/26/1977,6.578
3/27/1977,6.598
3/28/1977,6.598
3/29/1977,6.558
3/30/1977,6.538
3/31/1977,6.558
4/1/1977,6.548
4/2/1977,6.558
4/3/1977,6.648
4/4/1977,7.208
4/5/1977,8.078
4/6/1977,7.588
4/7/1977,7.788
4/8/1977,7.868
4/9/1977,7.598
4/10/1977,7.388
4/11/1977,7.418
4/12/1977,7.808
4/13/1977,8.198
4/14/1977,8.218
4/15/1977,8.148
4/16/1977,8.558
4/17/1977,8.118
4/18/1977,7.718
4/19/1977,7.498
4/20/1977,7.338
4/21/1977,7.228
4/22/1977,7.668
4/23/1977,7.638
4/24/1977,7.918
4/25/1977,7.828
4/26/1977,7.898
4/27/1977,7.768
4/28/1977,7.458
4/29/1977,7.498
4/30/1977,7.218
5/1/1977,8.368
5/2/1977,8.058
5/3/1977,8.018
5/4/1977,7.718
5/5/1977,7.548
5/6/1977,7.588
5/7/1977,7.718
5/8/1977,7.468
5/9/1977,7.288
5/10/1977,7.178
5/11/1977,7.088
5/12/1977,7.038
5/13/1977,7.318
5/14/1977,8.018
5/15/1977,7.758
5/16/1977,7.548
5/17/1977,7.898
5/18/1977,8.128
5/19/1977,8.218
5/20/1977,9.258
5/21/1977,8.828
5/22/1977,8.968
5/23/1977,8.548
5/24/1977,8.388
5/25/1977,8.218
5/26/1977,8.058
5/27/1977,7.928
5/28/1977,8.078
5/29/1977,7.928
5/30/1977,8.258
5/31/1977,8.228
6/1/1977,9.548
6/2/1977,10.298
6/3/1977,10.028
6/4/1977,9.628
6/5/1977,9.298
6/6/1977,9.068
6/7/1977,8.808
6/8/1977,8.648
6/9/1977,9.088
6/10/1977,8.868
6/11/1977,8.968
6/12/1977,8.468
6/13/1977,8.298
6/14/1977,8.428
6/15/1977,8.258
6/16/1977,8.178
6/17/1977,8.228
6/18/1977,8.328
6/19/1977,8.268
6/20/1977,8.178
6/21/1977,8.048
6/22/1977,8.048
6/23/1977,8.058
6/24/1977,9.038
6/25/1977,9.088
6/26/1977,8.948
6/27/1977,9.338
6/28/1977,10.178
6/29/1977,10.468
6/30/1977,10.438
7/1/1977,10.078
7/2/1977,9.828
7/3/1977,9.628
7/4/1977,9.398
7/5/1977,9.228
7/6/1977,9.038
7/7/1977,8.908
7/8/1977,8.748
7/9/1977,8.588
7/10/1977,8.468
7/11/1977,8.398
7/12/1977,8.348
7/13/1977,8.428
7/14/1977,9.298
7/15/1977,9.208
7/16/1977,9.288
7/17/1977,9.098
7/18/1977,8.938
7/19/1977,8.728
7/20/1977,8.538
7/21/1977,8.418
7/22/1977,8.298
7/23/1977,8.258
7/24/1977,8.578
7/25/1977,8.488
7/26/1977,8.438
7/27/1977,8.628
7/28/1977,8.618
7/29/1977,8.518
7/30/1977,8.478
7/31/1977,8.578
8/1/1977,8.518
8/2/1977,8.348
8/3/1977,8.228
8/4/1977,8.138
8/5/1977,7.998
8/6/1977,7.908
8/7/1977,7.888
8/8/1977,7.828
8/9/1977,7.798
8/10/1977,7.898
8/11/1977,7.858
8/12/1977,7.848
8/13/1977,7.978
8/14/1977,7.978
8/15/1977,8.058
8/16/1977,8.338
8/17/1977,9.558
8/18/1977,9.068
8/19/1977,8.648
8/20/1977,7.518
8/21/1977,8.398
8/22/1977,8.258
8/23/1977,8.208
8/24/1977,8.218
8/25/1977,8.508
8/26/1977,8.488
8/27/1977,8.398
8/28/1977,8.388
8/29/1977,8.428
8/30/1977,8.298
8/31/1977,8.138
9/1/1977,8.048
9/2/1977,8.288
9/3/1977,8.198
9/4/1977,8.048
9/5/1977,7.948
9/6/1977,7.868
9/7/1977,7.808
9/8/1977,7.928
9/9/1977,8.388
9/10/1977,8.028
9/11/1977,8.018
9/12/1977,8.328
9/13/1977,7.978
9/14/1977,7.858
9/15/1977,7.808
9/16/1977,8.338
9/17/1977,8.548
9/18/1977,8.228
9/19/1977,7.168
9/20/1977,7.978
9/21/1977,7.898
9/22/1977,7.808
9/23/1977,7.748
9/24/1977,7.668
9/25/1977,7.748
9/26/1977,7.798
9/27/1977,7.718
9/28/1977,7.588
9/29/1977,7.508
9/30/1977,7.448
10/1/1977,7.468
10/2/1977,7.438
10/3/1977,7.398
10/4/1977,7.708
10/5/1977,8.188
10/6/1977,8.178
10/7/1977,9.178
10/8/1977,8.728
10/9/1977,8.518
10/10/1977,8.318
10/11/1977,8.148
10/12/1977,8.008
10/13/1977,7.908
10/14/1977,7.798
10/15/1977,7.718
10/16/1977,7.638
10/17/1977,7.578
10/18/1977,7.518
10/19/1977,7.458
10/20/1977,7.418
10/21/1977,7.378
10/22/1977,7.338
10/23/1977,7.298
10/24/1977,7.258
10/25/1977,7.228
10/26/1977,7.218
10/27/1977,7.228
10/28/1977,7.268
10/29/1977,7.268
10/30/1977,7.228
10/31/1977,7.548
11/1/1977,7.458
11/2/1977,7.308
11/3/1977,7.228
11/4/1977,7.208
11/5/1977,7.258
11/6/1977,7.418
11/7/1977,7.548
11/8/1977,7.718
11/9/1977,7.478
11/10/1977,7.388
11/11/1977,7.308
11/12/1977,7.248
11/13/1977,7.208
11/14/1977,7.148
11/15/1977,7.108
11/16/1977,7.078
11/17/1977,7.058
11/18/1977,7.048
11/19/1977,7.018
11/20/1977,7.008
11/21/1977,7.008
11/22/1977,7.018
11/23/1977,7.008
11/24/1977,6.988
11/25/1977,6.988
11/26/1977,6.998
11/27/1977,6.978
11/28/1977,6.908
11/29/1977,6.938
11/30/1977,6.918
12/1/1977,6.918
12/2/1977,6.908
12/3/1977,6.878
12/4/1977,6.878
12/5/1977,6.878
12/6/1977,6.878
12/7/1977,6.868
12/8/1977,6.868
12/9/1977,6.858
12/10/1977,6.848
12/11/1977,6.838
12/12/1977,6.838
12/13/1977,6.848
12/14/1977,6.848
12/15/1977,6.838
12/16/1977,6.828
12/17/1977,6.808
12/18/1977,6.808
12/19/1977,6.808
12/20/1977,6.788
12/21/1977,6.788
12/22/1977,6.788
12/23/1977,6.788
12/24/1977,6.788
12/25/1977,6.788
12/26/1977,6.788
12/27/1977,6.788
12/28/1977,6.778
12/29/1977,6.798
12/30/1977,6.838
12/31/1977,6.858
1/1/1978,6.828
1/2/1978,6.788
1/3/1978,6.798
1/4/1978,6.798
1/5/1978,6.788
1/6/1978,6.768
1/7/1978,6.788
1/8/1978,6.768
1/9/1978,6.668
1/10/1978,6.628
1/11/1978,6.768
1/12/1978,6.778
1/13/1978,6.708
1/14/1978,6.758
1/15/1978,6.768
1/16/1978,6.788
1/17/1978,6.748
1/18/1978,6.748
1/19/1978,6.748
1/20/1978,6.748
1/21/1978,6.748
1/22/1978,6.738
1/23/1978,6.748
1/24/1978,6.728
1/25/1978,6.728
1/26/1978,6.718
1/27/1978,6.698
1/28/1978,6.628
1/29/1978,6.708
1/30/1978,6.728
1/31/1978,6.708
2/1/1978,6.718
2/2/1978,6.708
2/3/1978,6.708
2/4/1978,6.698
2/5/1978,6.688
2/6/1978,6.688
2/7/1978,6.668
2/8/1978,6.668
2/9/1978,6.688
2/10/1978,6.698
2/11/1978,6.688
2/12/1978,6.688
2/13/1978,6.688
2/14/1978,6.698
2/15/1978,6.688
2/16/1978,6.688
2/17/1978,6.688
2/18/1978,6.688
2/19/1978,6.668
2/20/1978,6.648
2/21/1978,6.648
2/22/1978,6.628
2/23/1978,6.648
2/24/1978,6.628
2/25/1978,6.628
2/26/1978,6.628
2/27/1978,6.628
2/28/1978,6.618
3/1/1978,6.598
3/2/1978,6.598
3/3/1978,6.578
3/4/1978,6.588
3/5/1978,6.598
3/6/1978,6.598
3/7/1978,6.598
3/8/1978,6.588
3/9/1978,6.578
3/10/1978,6.578
3/11/1978,6.588
3/12/1978,6.578
3/13/1978,6.578
3/14/1978,6.578
3/15/1978,6.578
3/16/1978,6.568
3/17/1978,6.558
3/18/1978,6.558
3/19/1978,6.538
3/20/1978,6.528
3/21/1978,6.518
3/22/1978,6.528
3/23/1978,6.538
3/24/1978,6.538
3/25/1978,6.558
3/26/1978,6.538
3/27/1978,6.538
3/28/1978,6.518
3/29/1978,6.538
3/30/1978,6.558
3/31/1978,6.588
4/1/1978,6.548
4/2/1978,6.678
4/3/1978,6.568
4/4/1978,6.448
4/5/1978,6.478
4/6/1978,6.498
4/7/1978,6.488
4/8/1978,6.518
4/9/1978,6.508
4/10/1978,6.518
4/11/1978,6.498
4/12/1978,6.488
4/13/1978,6.488
4/14/1978,6.518
4/15/1978,6.568
4/16/1978,6.458
4/17/1978,6.518
4/18/1978,6.898
4/19/1978,6.818
4/20/1978,7.008
4/21/1978,6.708
4/22/1978,6.548
4/23/1978,6.588
4/24/1978,6.508
4/25/1978,6.438
4/26/1978,6.398
4/27/1978,6.338
4/28/1978,6.278
4/29/1978,6.278
4/30/1978,6.388
5/1/1978,6.288
5/2/1978,6.268
5/3/1978,6.228
5/4/1978,6.248
5/5/1978,6.228
5/6/1978,6.348
5/7/1978,6.658
5/8/1978,7.158
5/9/1978,6.868
5/10/1978,6.768
5/11/1978,6.918
5/12/1978,8.048
5/13/1978,7.648
5/14/1978,7.548
5/15/1978,7.308
5/16/1978,7.048
5/17/1978,6.918
5/18/1978,6.818
5/19/1978,7.198
5/20/1978,7.498
5/21/1978,8.068
5/22/1978,9.838
5/23/1978,9.598
5/24/1978,9.508
5/25/1978,9.158
5/26/1978,8.928
5/27/1978,9.338
5/28/1978,9.828
5/29/1978,9.338
5/30/1978,8.918
5/31/1978,9.128
6/1/1978,8.728
6/2/1978,8.598
6/3/1978,8.438
6/4/1978,8.268
6/5/1978,8.628
6/6/1978,9.818
6/7/1978,10.238
6/8/1978,9.668
6/9/1978,9.898
6/10/1978,10.238
6/11/1978,10.218
6/12/1978,9.898
6/13/1978,9.878
6/14/1978,9.798
6/15/1978,9.498
6/16/1978,9.298
6/17/1978,9.248
6/18/1978,9.068
6/19/1978,8.918
6/20/1978,8.718
6/21/1978,8.578
6/22/1978,8.438
6/23/1978,8.348
6/24/1978,8.568
6/25/1978,10.358
6/26/1978,10.948
6/27/1978,11.198
6/28/1978,10.768
6/29/1978,10.308
6/30/1978,10.048
7/1/1978,9.758
7/2/1978,9.528
7/3/1978,9.298
7/4/1978,9.128
7/5/1978,8.998
7/6/1978,8.908
7/7/1978,8.748
7/8/1978,8.598
7/9/1978,8.488
7/10/1978,8.378
7/11/1978,8.398
7/12/1978,8.618
7/13/1978,8.648
7/14/1978,8.538
7/15/1978,8.448
7/16/1978,8.938
7/17/1978,9.348
7/18/1978,9.088
7/19/1978,8.968
7/20/1978,8.938
7/21/1978,8.868
7/22/1978,9.038
7/23/1978,9.018
7/24/1978,8.908
7/25/1978,8.748
7/26/1978,8.698
7/27/1978,9.188
7/28/1978,9.148
7/29/1978,9.178
7/30/1978,9.008
7/31/1978,8.898
8/1/1978,8.828
8/2/1978,8.908
8/3/1978,8.828
8/4/1978,8.768
8/5/1978,8.698
8/6/1978,8.638
8/7/1978,8.578
8/8/1978,8.468
8/9/1978,8.378
8/10/1978,8.298
8/11/1978,8.208
8/12/1978,8.258
8/13/1978,8.288
8/14/1978,8.158
8/15/1978,8.148
8/16/1978,8.048
8/17/1978,7.988
8/18/1978,7.938
8/19/1978,7.948
8/20/1978,7.948
8/21/1978,8.178
8/22/1978,8.368
8/23/1978,8.298
8/24/1978,8.378
8/25/1978,8.308
8/26/1978,8.268
8/27/1978,8.378
8/28/1978,8.138
8/29/1978,8.018
8/30/1978,8.008
8/31/1978,8.598
9/1/1978,8.428
9/2/1978,8.298
9/3/1978,8.258
9/4/1978,8.178
9/5/1978,8.398
9/6/1978,8.608
9/7/1978,9.158
9/8/1978,9.448
9/9/1978,9.048
9/10/1978,8.878
9/11/1978,8.798
9/12/1978,8.628
9/13/1978,8.458
9/14/1978,8.338
9/15/1978,8.298
9/16/1978,8.258
9/17/1978,8.098
9/18/1978,8.018
9/19/1978,7.988
9/20/1978,8.238
9/21/1978,8.128
9/22/1978,8.018
9/23/1978,7.918
9/24/1978,8.768
9/25/1978,9.038
9/26/1978,8.648
9/27/1978,8.528
9/28/1978,8.418
9/29/1978,8.288
9/30/1978,8.188
10/1/1978,8.128
10/2/1978,8.658
10/3/1978,8.608
10/4/1978,8.678
10/5/1978,8.508
10/6/1978,8.288
10/7/1978,8.178
10/8/1978,8.078
10/9/1978,8.048
10/10/1978,7.998
10/11/1978,7.898
10/12/1978,7.898
10/13/1978,7.928
10/14/1978,7.768
10/15/1978,7.688
10/16/1978,7.648
10/17/1978,7.698
10/18/1978,7.628
10/19/1978,7.598
10/20/1978,7.548
10/21/1978,7.528
10/22/1978,7.498
10/23/1978,7.458
10/24/1978,7.418
10/25/1978,7.318
10/26/1978,7.288
10/27/1978,7.288
10/28/1978,7.298
10/29/1978,7.268
10/30/1978,7.288
10/31/1978,7.268
11/1/1978,7.228
11/2/1978,7.218
11/3/1978,7.198
11/4/1978,7.188
11/5/1978,7.168
11/6/1978,7.138
11/7/1978,7.138
11/8/1978,7.128
11/9/1978,7.128
11/10/1978,7.108
11/11/1978,7.098
11/12/1978,7.098
11/13/1978,7.098
11/14/1978,7.078
11/15/1978,7.078
11/16/1978,7.078
11/17/1978,7.068
11/18/1978,7.068
11/19/1978,7.068
11/20/1978,7.068
11/21/1978,7.058
11/22/1978,7.068
11/23/1978,7.068
11/24/1978,7.048
11/25/1978,7.048
11/26/1978,7.048
11/27/1978,7.048
11/28/1978,7.038
11/29/1978,7.038
11/30/1978,7.038
12/1/1978,7.028
12/2/1978,7.018
12/3/1978,7.018
12/4/1978,7.018
12/5/1978,7.008
12/6/1978,7.008
12/7/1978,7.008
12/8/1978,7.008
12/9/1978,6.998
12/10/1978,6.988
12/11/1978,6.988
12/12/1978,6.988
12/13/1978,6.978
12/14/1978,6.968
12/15/1978,6.958
12/16/1978,6.968
12/17/1978,6.968
12/18/1978,6.938
12/19/1978,6.938
12/20/1978,6.938
12/21/1978,6.938
12/22/1978,6.928
12/23/1978,6.928
12/24/1978,6.928
12/25/1978,6.918
12/26/1978,6.908
12/27/1978,6.898
12/28/1978,6.938
12/29/1978,6.928
12/30/1978,6.918
12/31/1978,6.918
1/1/1979,6.908
1/2/1979,6.898
1/3/1979,6.898
1/4/1979,6.898
1/5/1979,6.898
1/6/1979,6.898
1/7/1979,6.898
1/8/1979,6.898
1/9/1979,6.898
1/10/1979,6.938
1/11/1979,6.918
1/12/1979,6.938
1/13/1979,6.918
1/14/1979,6.928
1/15/1979,6.928
1/16/1979,6.938
1/17/1979,6.918
1/18/1979,6.918
1/19/1979,6.878
1/20/1979,6.918
1/21/1979,6.918
1/22/1979,6.918
1/23/1979,6.918
1/24/1979,6.898
1/25/1979,6.898
1/26/1979,6.868
1/27/1979,6.818
1/28/1979,6.848
1/29/1979,6.878
1/30/1979,6.868
1/31/1979,6.898
2/1/1979,6.908
2/2/1979,6.948
2/3/1979,6.958
2/4/1979,6.978
2/5/1979,6.978
2/6/1979,6.848
2/7/1979,6.938
2/8/1979,6.898
2/9/1979,6.788
2/10/1979,6.878
2/11/1979,6.858
2/12/1979,6.858
2/13/1979,6.828
2/14/1979,6.838
2/15/1979,6.828
2/16/1979,6.788
2/17/1979,6.798
2/18/1979,6.798
2/19/1979,6.798
2/20/1979,6.798
2/21/1979,6.798
2/22/1979,6.798
2/23/1979,6.798
2/24/1979,6.788
2/25/1979,6.788
2/26/1979,6.778
2/27/1979,6.768
2/28/1979,6.748
3/1/1979,6.758
3/2/1979,6.778
3/3/1979,6.768
3/4/1979,6.758
3/5/1979,6.768
3/6/1979,6.738
3/7/1979,6.728
3/8/1979,6.668
3/9/1979,6.758
3/10/1979,6.768
3/11/1979,6.738
3/12/1979,6.718
3/13/1979,6.718
3/14/1979,6.718
3/15/1979,6.728
3/16/1979,6.718
3/17/1979,6.718
3/18/1979,6.708
3/19/1979,6.798
3/20/1979,6.918
3/21/1979,6.898
3/22/1979,6.918
3/23/1979,6.888
3/24/1979,6.808
3/25/1979,6.758
3/26/1979,6.738
3/27/1979,6.718
3/28/1979,6.698
3/29/1979,6.698
3/30/1979,6.678
3/31/1979,6.668
4/1/1979,6.688
4/2/1979,6.688
4/3/1979,6.658
4/4/1979,6.648
4/5/1979,6.658
4/6/1979,6.668
4/7/1979,6.678
4/8/1979,6.698
4/9/1979,6.668
4/10/1979,6.628
4/11/1979,6.648
4/12/1979,6.648
4/13/1979,6.618
4/14/1979,6.648
4/15/1979,6.678
4/16/1979,6.648
4/17/1979,6.658
4/18/1979,6.638
4/19/1979,6.648
4/20/1979,6.638
4/21/1979,6.538
4/22/1979,6.598
4/23/1979,6.598
4/24/1979,6.618
4/25/1979,6.628
4/26/1979,6.628
4/27/1979,6.618
4/28/1979,6.588
4/29/1979,6.618
4/30/1979,6.728
5/1/1979,6.688
5/2/1979,6.988
5/3/1979,7.258
5/4/1979,6.998
5/5/1979,6.878
5/6/1979,6.808
5/7/1979,6.748
5/8/1979,6.718
5/9/1979,6.688
5/10/1979,6.708
5/11/1979,6.708
5/12/1979,6.708
5/13/1979,6.708
5/14/1979,6.688
5/15/1979,6.688
5/16/1979,6.688
5/17/1979,6.678
5/18/1979,6.658
5/19/1979,6.778
5/20/1979,6.718
5/21/1979,6.668
5/22/1979,6.728
5/23/1979,6.728
5/24/1979,6.708
5/25/1979,6.678
5/26/1979,6.588
5/27/1979,6.608
5/28/1979,6.598
5/29/1979,6.618
5/30/1979,6.638
5/31/1979,6.618
6/1/1979,6.568
6/2/1979,6.618
6/3/1979,6.608
6/4/1979,6.628
6/5/1979,6.618
6/6/1979,6.628
6/7/1979,6.648
6/8/1979,6.758
6/9/1979,6.798
6/10/1979,6.898
6/11/1979,7.028
6/12/1979,7.148
6/13/1979,7.548
6/14/1979,7.778
6/15/1979,7.508
6/16/1979,7.678
6/17/1979,7.598
6/18/1979,7.408
6/19/1979,7.378
6/20/1979,7.358
6/21/1979,7.198
6/22/1979,7.298
6/23/1979,7.168
6/24/1979,7.238
6/25/1979,7.258
6/26/1979,7.048
6/27/1979,7.018
6/28/1979,6.988
6/29/1979,7.078
6/30/1979,7.098
7/1/1979,9.048
7/2/1979,9.328
7/3/1979,9.008
7/4/1979,8.378
7/5/1979,8.108
7/6/1979,8.688
7/7/1979,8.438
7/8/1979,8.728
7/9/1979,8.958
7/10/1979,8.268
7/11/1979,8.728
7/12/1979,8.348
7/13/1979,8.098
7/14/1979,8.038
7/15/1979,7.928
7/16/1979,8.138
7/17/1979,9.068
7/18/1979,8.768
7/19/1979,8.368
7/20/1979,8.268
7/21/1979,8.418
7/22/1979,8.178
7/23/1979,7.938
7/24/1979,7.848
7/25/1979,7.728
7/26/1979,7.628
7/27/1979,7.548
7/28/1979,7.448
7/29/1979,7.078
7/30/1979,7.428
7/31/1979,7.388
8/1/1979,7.268
8/2/1979,7.218
8/3/1979,7.148
8/4/1979,7.108
8/5/1979,7.298
8/6/1979,7.638
8/7/1979,7.988
8/8/1979,7.578
8/9/1979,7.248
8/10/1979,7.218
8/11/1979,7.198
8/12/1979,7.108
8/13/1979,7.038
8/14/1979,7.088
8/15/1979,7.748
8/16/1979,8.978
8/17/1979,8.868
8/18/1979,7.368
8/19/1979,8.108
8/20/1979,9.038
8/21/1979,10.628
8/22/1979,10.568
8/23/1979,9.668
8/24/1979,9.268
8/25/1979,9.098
8/26/1979,8.928
8/27/1979,9.728
8/28/1979,8.898
8/29/1979,8.658
8/30/1979,8.568
8/31/1979,8.568
9/1/1979,8.588
9/2/1979,8.508
9/3/1979,8.378
9/4/1979,8.268
9/5/1979,8.328
9/6/1979,8.428
9/7/1979,8.368
9/8/1979,8.298
9/9/1979,8.168
9/10/1979,8.108
9/11/1979,8.288
9/12/1979,9.948
9/13/1979,9.328
9/14/1979,9.018
9/15/1979,8.798
9/16/1979,8.688
9/17/1979,8.558
9/18/1979,8.408
9/19/1979,8.318
9/20/1979,8.218
9/21/1979,8.058
9/22/1979,7.998
9/23/1979,7.968
9/24/1979,8.408
9/25/1979,8.938
9/26/1979,8.438
9/27/1979,8.268
9/28/1979,8.158
9/29/1979,8.288
9/30/1979,8.278
10/1/1979,8.108
10/2/1979,7.958
10/3/1979,7.858
10/4/1979,7.798
10/5/1979,7.798
10/6/1979,7.878
10/7/1979,8.648
10/8/1979,8.558
10/9/1979,8.268
10/10/1979,8.208
10/11/1979,8.068
10/12/1979,7.918
10/13/1979,7.828
10/14/1979,7.778
10/15/1979,7.668
10/16/1979,7.618
10/17/1979,7.538
10/18/1979,7.498
10/19/1979,7.468
10/20/1979,7.428
10/21/1979,7.398
10/22/1979,7.378
10/23/1979,7.338
10/24/1979,7.288
10/25/1979,7.258
10/26/1979,7.238
10/27/1979,7.228
10/28/1979,7.208
10/29/1979,7.188
10/30/1979,7.168
10/31/1979,7.158
11/1/1979,7.128
11/2/1979,7.118
11/3/1979,7.108
11/4/1979,7.098
11/5/1979,7.088
11/6/1979,7.108
11/7/1979,7.068
11/8/1979,7.058
11/9/1979,7.048
11/10/1979,7.048
11/11/1979,7.038
11/12/1979,7.028
11/13/1979,7.018
11/14/1979,7.018
11/15/1979,7.018
11/16/1979,7.018
11/17/1979,7.018
11/18/1979,6.998
11/19/1979,6.908
11/20/1979,6.998
11/21/1979,7.118
11/22/1979,7.258
11/23/1979,7.458
11/24/1979,7.298
11/25/1979,7.158
11/26/1979,7.188
11/27/1979,7.248
11/28/1979,7.218
11/29/1979,7.338
11/30/1979,7.788
12/1/1979,7.888
12/2/1979,8.078
12/3/1979,7.788
12/4/1979,7.568
12/5/1979,7.428
12/6/1979,7.338
12/7/1979,7.258
12/8/1979,7.188
12/9/1979,7.148
12/10/1979,7.028
12/11/1979,7.078
12/12/1979,7.058
12/13/1979,7.068
12/14/1979,7.048
12/15/1979,7.038
12/16/1979,7.028
12/17/1979,7.008
12/18/1979,6.978
12/19/1979,6.978
12/20/1979,6.968
12/21/1979,6.958
12/22/1979,6.978
12/23/1979,6.988
12/24/1979,6.968
12/25/1979,6.948
12/26/1979,6.948
12/27/1979,6.948
12/28/1979,6.948
12/29/1979,6.928
12/30/1979,6.928
12/31/1979,6.938
1/1/1980,6.958
1/2/1980,6.968
1/3/1980,6.948
1/4/1980,6.948
1/5/1980,6.928
1/6/1980,6.918
1/7/1980,6.928
1/8/1980,6.918
1/9/1980,6.928
1/10/1980,6.918
1/11/1980,6.928
1/12/1980,6.948
1/13/1980,6.928
1/14/1980,6.888
1/15/1980,6.938
1/16/1980,6.928
1/17/1980,6.938
1/18/1980,6.958
1/19/1980,6.948
1/20/1980,6.958
1/21/1980,6.938
1/22/1980,6.938
1/23/1980,6.938
1/24/1980,6.928
1/25/1980,6.928
1/26/1980,6.908
1/27/1980,6.918
1/28/1980,6.888
1/29/1980,6.888
1/30/1980,6.938
1/31/1980,6.868
2/1/1980,6.868
2/2/1980,6.838
2/3/1980,6.858
2/4/1980,6.848
2/5/1980,6.918
2/6/1980,7.098
2/7/1980,7.078
2/8/1980,6.988
2/9/1980,6.908
2/10/1980,6.868
2/11/1980,6.848
2/12/1980,6.818
2/13/1980,6.828
2/14/1980,6.818
2/15/1980,6.808
2/16/1980,6.808
2/17/1980,6.808
2/18/1980,6.768
2/19/1980,6.758
2/20/1980,6.758
2/21/1980,6.768
2/22/1980,6.758
2/23/1980,6.758
2/24/1980,6.718
2/25/1980,6.728
2/26/1980,6.728
2/27/1980,6.878
2/28/1980,6.788
2/29/1980,6.788
3/1/1980,6.808
3/2/1980,6.928
3/3/1980,6.988
3/4/1980,6.928
3/5/1980,6.918
3/6/1980,7.158
3/7/1980,6.958
3/8/1980,6.958
3/9/1980,6.848
3/10/1980,6.818
3/11/1980,6.788
3/12/1980,6.758
3/13/1980,6.748
3/14/1980,6.738
3/15/1980,6.718
3/16/1980,6.708
3/17/1980,6.698
3/18/1980,6.688
3/19/1980,6.698
3/20/1980,6.728
3/21/1980,6.738
3/22/1980,6.728
3/23/1980,6.678
3/24/1980,6.688
3/25/1980,6.668
3/26/1980,6.688
3/27/1980,6.708
3/28/1980,6.698
3/29/1980,6.688
3/30/1980,6.708
3/31/1980,6.698
4/1/1980,6.668
4/2/1980,6.688
4/3/1980,6.668
4/4/1980,6.688
4/5/1980,6.688
4/6/1980,6.698
4/7/1980,6.708
4/8/1980,6.718
4/9/1980,6.678
4/10/1980,6.688
4/11/1980,6.668
4/12/1980,6.658
4/13/1980,6.668
4/14/1980,6.648
4/15/1980,6.658
4/16/1980,6.658
4/17/1980,6.668
4/18/1980,6.688
4/19/1980,6.708
4/20/1980,6.728
4/21/1980,6.768
4/22/1980,6.788
4/23/1980,6.758
4/24/1980,6.718
4/25/1980,6.708
4/26/1980,6.678
4/27/1980,6.678
4/28/1980,6.678
4/29/1980,6.658
4/30/1980,6.668
5/1/1980,6.738
5/2/1980,6.738
5/3/1980,6.688
5/4/1980,6.688
5/5/1980,6.748
5/6/1980,7.068
5/7/1980,8.308
5/8/1980,8.658
5/9/1980,9.188
5/10/1980,8.918
5/11/1980,8.888
5/12/1980,8.778
5/13/1980,8.598
5/14/1980,8.648
5/15/1980,8.418
5/16/1980,8.358
5/17/1980,8.638
5/18/1980,8.338
5/19/1980,8.168
5/20/1980,8.278
5/21/1980,8.088
5/22/1980,7.868
5/23/1980,7.668
5/24/1980,7.518
5/25/1980,7.428
5/26/1980,7.368
5/27/1980,7.328
5/28/1980,7.338
5/29/1980,7.618
5/30/1980,7.648
5/31/1980,8.688
6/1/1980,8.718
6/2/1980,8.478
6/3/1980,8.368
6/4/1980,8.148
6/5/1980,7.928
6/6/1980,7.718
6/7/1980,9.128
6/8/1980,8.768
6/9/1980,8.258
6/10/1980,8.018
6/11/1980,8.018
6/12/1980,8.168
6/13/1980,7.978
6/14/1980,7.998
6/15/1980,7.828
6/16/1980,7.998
6/17/1980,8.008
6/18/1980,7.968
6/19/1980,7.828
6/20/1980,7.758
6/21/1980,7.668
6/22/1980,7.668
6/23/1980,7.818
6/24/1980,7.728
6/25/1980,7.598
6/26/1980,7.478
6/27/1980,7.378
6/28/1980,7.298
6/29/1980,7.238
6/30/1980,7.188
7/1/1980,7.168
7/2/1980,7.308
7/3/1980,7.168
7/4/1980,7.158
7/5/1980,7.078
7/6/1980,7.118
7/7/1980,7.168
7/8/1980,7.398
7/9/1980,7.288
7/10/1980,7.178
7/11/1980,6.988
7/12/1980,7.048
7/13/1980,6.998
7/14/1980,6.998
7/15/1980,7.018
7/16/1980,7.318
7/17/1980,8.368
7/18/1980,8.518
7/19/1980,8.128
7/20/1980,7.978
7/21/1980,7.898
7/22/1980,7.958
7/23/1980,7.798
7/24/1980,8.208
7/25/1980,8.778
7/26/1980,9.098
7/27/1980,8.748
7/28/1980,8.738
7/29/1980,8.528
7/30/1980,8.468
7/31/1980,8.358
8/1/1980,8.298
8/2/1980,8.298
8/3/1980,8.178
8/4/1980,8.038
8/5/1980,7.918
8/6/1980,7.888
8/7/1980,8.018
8/8/1980,8.038
8/9/1980,7.968
8/10/1980,7.878
8/11/1980,7.828
8/12/1980,7.788
8/13/1980,7.798
8/14/1980,7.798
8/15/1980,7.688
8/16/1980,7.748
8/17/1980,7.788
8/18/1980,7.778
8/19/1980,7.828
8/20/1980,8.348
8/21/1980,9.058
8/22/1980,8.518
8/23/1980,8.188
8/24/1980,8.178
8/25/1980,8.218
8/26/1980,8.168
8/27/1980,8.098
8/28/1980,8.248
8/29/1980,8.248
8/30/1980,8.168
8/31/1980,8.268
9/1/1980,8.388
9/2/1980,8.238
9/3/1980,8.208
9/4/1980,8.188
9/5/1980,8.088
9/6/1980,7.968
9/7/1980,7.848
9/8/1980,7.788
9/9/1980,7.728
9/10/1980,7.918
9/11/1980,8.348
9/12/1980,8.618
9/13/1980,8.988
9/14/1980,8.688
9/15/1980,8.438
9/16/1980,9.698
9/17/1980,9.628
9/18/1980,9.328
9/19/1980,8.988
9/20/1980,8.838
9/21/1980,8.708
9/22/1980,8.918
9/23/1980,9.218
9/24/1980,9.048
9/25/1980,8.848
9/26/1980,8.718
9/27/1980,8.578
9/28/1980,8.638
9/29/1980,8.468
9/30/1980,8.328
10/1/1980,8.188
10/2/1980,8.068
10/3/1980,8.558
10/4/1980,8.718
10/5/1980,8.528
10/6/1980,8.328
10/7/1980,8.258
10/8/1980,8.128
10/9/1980,7.998
10/10/1980,7.898
10/11/1980,7.808
10/12/1980,7.748
10/13/1980,7.678
10/14/1980,7.598
10/15/1980,7.568
10/16/1980,7.538
10/17/1980,7.368
10/18/1980,7.468
10/19/1980,7.848
10/20/1980,8.008
10/21/1980,7.898
10/22/1980,8.058
10/23/1980,8.138
10/24/1980,7.918
10/25/1980,7.788
10/26/1980,7.688
10/27/1980,7.638
10/28/1980,7.588
10/29/1980,7.498
10/30/1980,7.468
10/31/1980,7.428
11/1/1980,7.388
11/2/1980,7.348
11/3/1980,7.328
11/4/1980,7.298
11/5/1980,7.238
11/6/1980,7.238
11/7/1980,7.218
11/8/1980,7.198
11/9/1980,7.198
11/10/1980,7.178
11/11/1980,7.178
11/12/1980,7.148
11/13/1980,7.148
11/14/1980,7.138
11/15/1980,7.128
11/16/1980,7.138
11/17/1980,7.138
11/18/1980,7.128
11/19/1980,7.108
11/20/1980,7.088
11/21/1980,7.088
11/22/1980,7.088
11/23/1980,7.088
11/24/1980,7.078
11/25/1980,7.078
11/26/1980,7.078
11/27/1980,7.068
11/28/1980,7.068
11/29/1980,7.068
11/30/1980,7.068
12/1/1980,7.038
12/2/1980,7.038
12/3/1980,7.038
12/4/1980,7.038
12/5/1980,7.038
12/6/1980,7.038
12/7/1980,7.038
12/8/1980,7.038
12/9/1980,7.018
12/10/1980,7.038
12/11/1980,7.038
12/12/1980,7.038
12/13/1980,7.038
12/14/1980,7.038
12/15/1980,6.998
12/16/1980,6.998
12/17/1980,6.998
12/18/1980,6.998
12/19/1980,6.998
12/20/1980,6.998
12/21/1980,6.988
12/22/1980,7.008
12/23/1980,6.988
12/24/1980,6.988
12/25/1980,6.988
12/26/1980,6.988
12/27/1980,6.978
12/28/1980,6.978
12/29/1980,6.978
12/30/1980,6.978
12/31/1980,6.968
1/1/1981,6.968
1/2/1981,6.958
1/3/1981,6.958
1/4/1981,6.958
1/5/1981,6.958
1/6/1981,6.958
1/7/1981,6.968
1/8/1981,7.058
1/9/1981,7.298
1/10/1981,7.108
1/11/1981,7.038
1/12/1981,7.018
1/13/1981,7.018
1/14/1981,7.018
1/15/1981,7.008
1/16/1981,7.008
1/17/1981,7.008
1/18/1981,6.938
1/19/1981,6.918
1/20/1981,6.918
1/21/1981,6.918
1/22/1981,6.878
1/23/1981,6.928
1/24/1981,6.938
1/25/1981,6.918
1/26/1981,6.928
1/27/1981,6.918
1/28/1981,6.918
1/29/1981,6.918
1/30/1981,6.918
1/31/1981,6.918
2/1/1981,6.938
2/2/1981,6.958
2/3/1981,6.948
2/4/1981,6.938
2/5/1981,6.938
2/6/1981,6.918
2/7/1981,6.918
2/8/1981,6.888
2/9/1981,6.908
2/10/1981,6.918
2/11/1981,6.958
2/12/1981,6.998
2/13/1981,6.958
2/14/1981,6.948
2/15/1981,6.928
2/16/1981,6.918
2/17/1981,6.888
2/18/1981,6.898
2/19/1981,6.898
2/20/1981,6.888
2/21/1981,6.868
2/22/1981,6.848
2/23/1981,6.848
2/24/1981,6.788
2/25/1981,6.778
2/26/1981,6.808
2/27/1981,6.808
2/28/1981,6.808
3/1/1981,6.808
3/2/1981,6.808
3/3/1981,6.768
3/4/1981,6.788
3/5/1981,6.808
3/6/1981,6.788
3/7/1981,6.788
3/8/1981,6.798
3/9/1981,6.808
3/10/1981,6.798
3/11/1981,6.848
3/12/1981,6.858
3/13/1981,6.908
3/14/1981,6.878
3/15/1981,6.848
3/16/1981,6.808
3/17/1981,6.808
3/18/1981,6.808
3/19/1981,6.808
3/20/1981,6.788
3/21/1981,6.788
3/22/1981,6.778
3/23/1981,6.778
3/24/1981,6.828
3/25/1981,7.468
3/26/1981,7.248
3/27/1981,6.878
3/28/1981,7.028
3/29/1981,7.088
3/30/1981,7.008
3/31/1981,6.938
4/1/1981,7.188
4/2/1981,7.358
4/3/1981,7.218
4/4/1981,7.118
4/5/1981,7.148
4/6/1981,7.558
4/7/1981,7.428
4/8/1981,7.188
4/9/1981,7.078
4/10/1981,7.008
4/11/1981,6.938
4/12/1981,6.938
4/13/1981,7.428
4/14/1981,8.088
4/15/1981,8.538
4/16/1981,8.008
4/17/1981,7.848
4/18/1981,8.138
4/19/1981,8.998
4/20/1981,9.078
4/21/1981,8.788
4/22/1981,8.348
4/23/1981,8.048
4/24/1981,7.858
4/25/1981,7.678
4/26/1981,7.548
4/27/1981,7.438
4/28/1981,7.338
4/29/1981,7.308
4/30/1981,7.258
5/1/1981,7.208
5/2/1981,7.168
5/3/1981,7.158
5/4/1981,7.118
5/5/1981,7.098
5/6/1981,7.218
5/7/1981,7.428
5/8/1981,7.218
5/9/1981,7.148
5/10/1981,7.098
5/11/1981,7.398
5/12/1981,7.488
5/13/1981,7.578
5/14/1981,7.648
5/15/1981,7.558
5/16/1981,8.688
5/17/1981,8.988
5/18/1981,8.938
5/19/1981,8.708
5/20/1981,8.338
5/21/1981,8.098
5/22/1981,7.898
5/23/1981,7.768
5/24/1981,7.658
5/25/1981,7.658
5/26/1981,7.768
5/27/1981,7.668
5/28/1981,7.578
5/29/1981,7.548
5/30/1981,8.538
5/31/1981,8.558
6/1/1981,9.398
6/2/1981,9.258
6/3/1981,8.958
6/4/1981,8.818
6/5/1981,8.408
6/6/1981,8.018
6/7/1981,8.068
6/8/1981,8.038
6/9/1981,7.898
6/10/1981,7.768
6/11/1981,7.688
6/12/1981,7.728
6/13/1981,7.648
6/14/1981,7.608
6/15/1981,7.678
6/16/1981,7.588
6/17/1981,7.508
6/18/1981,7.438
6/19/1981,7.368
6/20/1981,7.478
6/21/1981,7.388
6/22/1981,8.298
6/23/1981,8.338
6/24/1981,8.488
6/25/1981,7.548
6/26/1981,7.468
6/27/1981,7.418
6/28/1981,7.408
6/29/1981,7.368
6/30/1981,7.548
7/1/1981,8.788
7/2/1981,10.498
7/3/1981,10.648
7/4/1981,10.678
7/5/1981,10.278
7/6/1981,9.688
7/7/1981,9.318
7/8/1981,9.028
7/9/1981,8.798
7/10/1981,8.588
7/11/1981,8.418
7/12/1981,8.268
7/13/1981,8.148
7/14/1981,8.318
7/15/1981,8.218
7/16/1981,8.218
7/17/1981,8.138
7/18/1981,8.688
7/19/1981,9.388
7/20/1981,9.338
7/21/1981,8.938
7/22/1981,8.928
7/23/1981,8.718
7/24/1981,8.508
7/25/1981,8.368
7/26/1981,8.288
7/27/1981,8.508
7/28/1981,9.038
7/29/1981,8.748
7/30/1981,8.648
7/31/1981,8.708
8/1/1981,8.588
8/2/1981,8.438
8/3/1981,8.618
8/4/1981,8.528
8/5/1981,8.428
8/6/1981,8.298
8/7/1981,8.388
8/8/1981,8.398
8/9/1981,8.388
8/10/1981,8.308
8/11/1981,8.328
8/12/1981,8.348
8/13/1981,8.238
8/14/1981,8.338
8/15/1981,8.128
8/16/1981,7.998
8/17/1981,7.908
8/18/1981,7.888
8/19/1981,7.878
8/20/1981,7.798
8/21/1981,7.738
8/22/1981,7.788
8/23/1981,8.118
8/24/1981,8.578
8/25/1981,9.248
8/26/1981,9.388
8/27/1981,8.998
8/28/1981,8.938
8/29/1981,8.878
8/30/1981,8.788
8/31/1981,8.658
9/1/1981,8.608
9/2/1981,8.408
9/3/1981,8.308
9/4/1981,8.318
9/5/1981,8.208
9/6/1981,8.118
9/7/1981,8.038
9/8/1981,7.438
9/9/1981,8.088
9/10/1981,8.088
9/11/1981,8.098
9/12/1981,8.098
9/13/1981,8.108
9/14/1981,8.058
9/15/1981,7.998
9/16/1981,7.868
9/17/1981,7.808
9/18/1981,7.718
9/19/1981,7.668
9/20/1981,7.718
9/21/1981,7.618
9/22/1981,7.588
9/23/1981,7.558
9/24/1981,7.428
9/25/1981,7.468
9/26/1981,7.448
9/27/1981,7.448
9/28/1981,7.428
9/29/1981,7.458
9/30/1981,7.488
10/1/1981,7.468
10/2/1981,7.438
10/3/1981,7.688
10/4/1981,7.508
10/5/1981,7.438
10/6/1981,7.388
10/7/1981,7.368
10/8/1981,7.338
10/9/1981,7.318
10/10/1981,7.288
10/11/1981,7.268
10/12/1981,7.268
10/13/1981,7.248
10/14/1981,7.218
10/15/1981,7.238
10/16/1981,7.288
10/17/1981,7.268
10/18/1981,7.218
10/19/1981,7.228
10/20/1981,7.198
10/21/1981,7.198
10/22/1981,7.198
10/23/1981,7.178
10/24/1981,7.158
10/25/1981,7.138
10/26/1981,7.138
10/27/1981,7.138
10/28/1981,7.128
10/29/1981,7.128
10/30/1981,7.118
10/31/1981,7.118
11/1/1981,7.108
11/2/1981,7.108
11/3/1981,7.138
11/4/1981,7.078
11/5/1981,7.068
11/6/1981,7.088
11/7/1981,7.088
11/8/1981,7.088
11/9/1981,7.078
11/10/1981,7.088
11/11/1981,7.128
11/12/1981,7.138
11/13/1981,7.118
11/14/1981,7.118
11/15/1981,7.108
11/16/1981,7.098
11/17/1981,7.098
11/18/1981,7.088
11/19/1981,7.098
11/20/1981,7.108
11/21/1981,7.128
11/22/1981,7.138
11/23/1981,7.118
11/24/1981,7.118
11/25/1981,7.118
11/26/1981,7.118
11/27/1981,7.118
11/28/1981,7.108
11/29/1981,7.108
11/30/1981,7.068
12/1/1981,7.078
12/2/1981,7.078
12/3/1981,7.068
12/4/1981,7.048
12/5/1981,7.058
12/6/1981,7.058
12/7/1981,7.068
12/8/1981,7.068
12/9/1981,7.078
12/10/1981,7.088
12/11/1981,7.098
12/12/1981,7.118
12/13/1981,7.118
12/14/1981,7.108
12/15/1981,7.078
12/16/1981,7.058
12/17/1981,7.048
12/18/1981,6.958
12/19/1981,7.048
12/20/1981,7.058
12/21/1981,7.058
12/22/1981,7.058
12/23/1981,7.048
12/24/1981,7.048
12/25/1981,7.048
12/26/1981,7.058
12/27/1981,7.068
12/28/1981,7.078
12/29/1981,7.068
12/30/1981,7.068
12/31/1981,7.058
1/1/1982,7.058
1/2/1982,7.048
1/3/1982,7.048
1/4/1982,7.048
1/5/1982,7.038
1/6/1982,7.038
1/7/1982,7.028
1/8/1982,7.038
1/9/1982,7.038
1/10/1982,7.018
1/11/1982,7.018
1/12/1982,7.018
1/13/1982,7.018
1/14/1982,7.028
1/15/1982,7.028
1/16/1982,7.018
1/17/1982,7.008
1/18/1982,6.998
1/19/1982,6.978
1/20/1982,6.988
1/21/1982,6.978
1/22/1982,6.958
1/23/1982,6.948
1/24/1982,6.968
1/25/1982,6.998
1/26/1982,6.998
1/27/1982,7.008
1/28/1982,7.008
1/29/1982,6.998
1/30/1982,6.998
1/31/1982,6.998
2/1/1982,7.068
2/2/1982,7.068
2/3/1982,7.068
2/4/1982,7.028
2/5/1982,7.028
2/6/1982,7.028
2/7/1982,6.898
2/8/1982,6.908
2/9/1982,6.908
2/10/1982,6.908
2/11/1982,6.898
2/12/1982,6.898
2/13/1982,6.898
2/14/1982,6.918
2/15/1982,6.928
2/16/1982,6.928
2/17/1982,6.928
2/18/1982,6.908
2/19/1982,6.908
2/20/1982,6.958
2/21/1982,6.958
2/22/1982,6.998
2/23/1982,6.928
2/24/1982,6.948
2/25/1982,6.968
2/26/1982,6.978
2/27/1982,6.978
2/28/1982,6.978
3/1/1982,6.958
3/2/1982,6.948
3/3/1982,6.948
3/4/1982,6.948
3/5/1982,6.918
3/6/1982,6.918
3/7/1982,6.928
3/8/1982,6.958
3/9/1982,6.948
3/10/1982,6.938
3/11/1982,6.938
3/12/1982,6.938
3/13/1982,6.898
3/14/1982,6.898
3/15/1982,6.888
3/16/1982,6.888
3/17/1982,6.878
3/18/1982,6.878
3/19/1982,6.868
3/20/1982,6.838
3/21/1982,6.808
3/22/1982,6.878
3/23/1982,6.848
3/24/1982,6.878
3/25/1982,6.848
3/26/1982,6.848
3/27/1982,6.858
3/28/1982,6.858
3/29/1982,6.858
3/30/1982,6.858
3/31/1982,6.858
4/1/1982,6.858
4/2/1982,6.858
4/3/1982,6.878
4/4/1982,7.018
4/5/1982,7.088
4/6/1982,6.948
4/7/1982,6.938
4/8/1982,6.918
4/9/1982,6.868
4/10/1982,6.858
4/11/1982,6.848
4/12/1982,6.878
4/13/1982,6.898
4/14/1982,6.888
4/15/1982,6.988
4/16/1982,6.958
4/17/1982,6.998
4/18/1982,6.968
4/19/1982,6.958
4/20/1982,6.888
4/21/1982,6.878
4/22/1982,6.928
4/23/1982,6.938
4/24/1982,7.088
4/25/1982,7.018
4/26/1982,7.028
4/27/1982,7.298
4/28/1982,7.308
4/29/1982,7.268
4/30/1982,7.178
5/1/1982,7.088
5/2/1982,7.068
5/3/1982,7.218
5/4/1982,7.148
5/5/1982,7.088
5/6/1982,7.028
5/7/1982,7.108
5/8/1982,7.078
5/9/1982,6.998
5/10/1982,6.998
5/11/1982,6.988
5/12/1982,7.298
5/13/1982,8.038
5/14/1982,7.898
5/15/1982,7.748
5/16/1982,7.658
5/17/1982,7.428
5/18/1982,7.378
5/19/1982,7.258
5/20/1982,7.198
5/21/1982,7.078
5/22/1982,7.078
5/23/1982,7.058
5/24/1982,7.048
5/25/1982,6.978
5/26/1982,6.968
5/27/1982,6.958
5/28/1982,6.938
5/29/1982,6.938
5/30/1982,6.958
5/31/1982,6.938
6/1/1982,6.928
6/2/1982,6.918
6/3/1982,6.948
6/4/1982,6.968
6/5/1982,6.938
6/6/1982,6.908
6/7/1982,6.898
6/8/1982,6.828
6/9/1982,6.878
6/10/1982,7.048
6/11/1982,7.478
6/12/1982,7.908
6/13/1982,7.868
6/14/1982,8.768
6/15/1982,8.248
6/16/1982,7.768
6/17/1982,7.578
6/18/1982,7.398
6/19/1982,7.438
6/20/1982,9.018
6/21/1982,9.188
6/22/1982,8.418
6/23/1982,8.028
6/24/1982,7.738
6/25/1982,7.578
6/26/1982,7.468
6/27/1982,7.388
6/28/1982,7.338
6/29/1982,7.548
6/30/1982,7.478
7/1/1982,7.468
7/2/1982,7.418
7/3/1982,7.888
7/4/1982,8.468
7/5/1982,7.878
7/6/1982,7.678
7/7/1982,7.548
7/8/1982,7.478
7/9/1982,7.388
7/10/1982,7.298
7/11/1982,7.408
7/12/1982,7.538
7/13/1982,7.458
7/14/1982,7.458
7/15/1982,7.368
7/16/1982,7.268
7/17/1982,7.548
7/18/1982,7.768
7/19/1982,7.708
7/20/1982,7.538
7/21/1982,7.578
7/22/1982,7.448
7/23/1982,7.408
7/24/1982,7.418
7/25/1982,7.558
7/26/1982,7.738
7/27/1982,7.658
7/28/1982,7.568
7/29/1982,7.458
7/30/1982,7.558
7/31/1982,7.728
8/1/1982,8.038
8/2/1982,8.848
8/3/1982,10.658
8/4/1982,11.328
8/5/1982,11.488
8/6/1982,11.148
8/7/1982,10.378
8/8/1982,9.698
8/9/1982,9.428
8/10/1982,9.368
8/11/1982,9.148
8/12/1982,9.168
8/13/1982,8.908
8/14/1982,8.638
8/15/1982,8.478
8/16/1982,8.378
8/17/1982,8.168
8/18/1982,8.028
8/19/1982,7.958
8/20/1982,7.828
8/21/1982,7.778
8/22/1982,7.758
8/23/1982,7.788
8/24/1982,7.778
8/25/1982,7.928
8/26/1982,7.788
8/27/1982,7.738
8/28/1982,7.708
8/29/1982,7.638
8/30/1982,7.528
8/31/1982,7.668
9/1/1982,7.638
9/2/1982,7.568
9/3/1982,7.478
9/4/1982,7.718
9/5/1982,7.848
9/6/1982,8.308
9/7/1982,8.598
9/8/1982,8.248
9/9/1982,8.638
9/10/1982,8.258
9/11/1982,8.168
9/12/1982,8.588
9/13/1982,8.338
9/14/1982,8.258
9/15/1982,8.778
9/16/1982,8.878
9/17/1982,9.248
9/18/1982,8.898
9/19/1982,8.708
9/20/1982,8.508
9/21/1982,8.298
9/22/1982,8.138
9/23/1982,7.988
9/24/1982,7.918
9/25/1982,7.798
9/26/1982,7.788
9/27/1982,8.298
9/28/1982,7.918
9/29/1982,7.798
9/30/1982,7.908
10/1/1982,7.878
10/2/1982,7.718
10/3/1982,7.628
10/4/1982,7.828
10/5/1982,7.718
10/6/1982,7.608
10/7/1982,7.608
10/8/1982,7.478
10/9/1982,7.448
10/10/1982,7.398
10/11/1982,7.338
10/12/1982,7.218
10/13/1982,7.268
10/14/1982,7.258
10/15/1982,7.238
10/16/1982,7.328
10/17/1982,7.368
10/18/1982,7.328
10/19/1982,7.278
10/20/1982,7.248
10/21/1982,7.208
10/22/1982,7.168
10/23/1982,7.158
10/24/1982,7.148
10/25/1982,7.148
10/26/1982,7.138
10/27/1982,7.128
10/28/1982,7.118
10/29/1982,7.098
10/30/1982,7.078
10/31/1982,7.078
11/1/1982,7.088
11/2/1982,7.078
11/3/1982,7.068
11/4/1982,7.048
11/5/1982,7.028
11/6/1982,7.048
11/7/1982,7.038
11/8/1982,7.038
11/9/1982,7.038
11/10/1982,7.068
11/11/1982,7.118
11/12/1982,7.158
11/13/1982,7.248
11/14/1982,7.348
11/15/1982,7.248
11/16/1982,7.178
11/17/1982,7.158
11/18/1982,7.108
11/19/1982,7.108
11/20/1982,7.098
11/21/1982,7.068
11/22/1982,7.048
11/23/1982,7.028
11/24/1982,7.048
11/25/1982,7.038
11/26/1982,6.998
11/27/1982,6.968
11/28/1982,6.958
11/29/1982,6.948
11/30/1982,6.938
12/1/1982,6.928
12/2/1982,6.928
12/3/1982,6.928
12/4/1982,6.918
12/5/1982,6.918
12/6/1982,6.918
12/7/1982,7.018
12/8/1982,7.028
12/9/1982,7.028
12/10/1982,7.028
12/11/1982,7.038
12/12/1982,7.038
12/13/1982,7.038
12/14/1982,7.038
12/15/1982,7.048
12/16/1982,7.048
12/17/1982,7.038
12/18/1982,7.038
12/19/1982,7.028
12/20/1982,7.028
12/21/1982,7.028
12/22/1982,7.028
12/23/1982,7.008
12/24/1982,6.998
12/25/1982,6.998
12/26/1982,7.018
12/27/1982,7.008
12/28/1982,6.998
12/29/1982,6.998
12/30/1982,6.988
12/31/1982,6.978
1/1/1983,6.988
1/2/1983,6.978
1/3/1983,6.988
1/4/1983,6.988
1/5/1983,6.978
1/6/1983,6.978
1/7/1983,6.988
1/8/1983,6.978
1/9/1983,6.978
1/10/1983,6.968
1/11/1983,6.978
1/12/1983,6.968
1/13/1983,6.998
1/14/1983,6.968
1/15/1983,7.018
1/16/1983,7.008
1/17/1983,7.008
1/18/1983,6.978
1/19/1983,6.968
1/20/1983,6.978
1/21/1983,6.978
1/22/1983,6.958
1/23/1983,6.958
1/24/1983,6.948
1/25/1983,6.948
1/26/1983,6.948
1/27/1983,6.958
1/28/1983,6.958
1/29/1983,6.938
1/30/1983,6.948
1/31/1983,6.938
2/1/1983,6.938
2/2/1983,6.948
2/3/1983,6.908
2/4/1983,6.898
2/5/1983,6.898
2/6/1983,6.888
2/7/1983,6.888
2/8/1983,6.878
2/9/1983,6.878
2/10/1983,6.878
2/11/1983,6.868
2/12/1983,6.868
2/13/1983,6.868
2/14/1983,6.868
2/15/1983,6.858
2/16/1983,6.878
2/17/1983,6.868
2/18/1983,6.878
2/19/1983,6.878
2/20/1983,6.878
2/21/1983,6.868
2/22/1983,6.868
2/23/1983,6.868
2/24/1983,6.878
2/25/1983,6.888
2/26/1983,6.928
2/27/1983,7.028
2/28/1983,7.268
3/1/1983,7.068
3/2/1983,6.968
3/3/1983,6.978
3/4/1983,7.038
3/5/1983,7.028
3/6/1983,7.018
3/7/1983,6.998
3/8/1983,6.958
3/9/1983,6.958
3/10/1983,6.948
3/11/1983,6.948
3/12/1983,6.928
3/13/1983,6.918
3/14/1983,6.918
3/15/1983,6.908
3/16/1983,6.948
3/17/1983,7.168
3/18/1983,7.248
3/19/1983,7.238
3/20/1983,7.228
3/21/1983,7.318
3/22/1983,7.688
3/23/1983,7.608
3/24/1983,7.428
3/25/1983,7.278
3/26/1983,7.198
3/27/1983,7.178
3/28/1983,7.018
3/29/1983,6.988
3/30/1983,6.958
3/31/1983,7.008
4/1/1983,6.968
4/2/1983,6.958
4/3/1983,6.928
4/4/1983,6.918
4/5/1983,6.908
4/6/1983,6.888
4/7/1983,6.868
4/8/1983,6.878
4/9/1983,6.878
4/10/1983,6.898
4/11/1983,6.938
4/12/1983,7.248
4/13/1983,7.158
4/14/1983,7.818
4/15/1983,8.058
4/16/1983,7.648
4/17/1983,7.498
4/18/1983,7.288
4/19/1983,7.168
4/20/1983,7.118
4/21/1983,7.078
4/22/1983,7.048
4/23/1983,7.048
4/24/1983,7.038
4/25/1983,7.798
4/26/1983,8.948
4/27/1983,8.888
4/28/1983,8.448
4/29/1983,8.468
4/30/1983,8.508
5/1/1983,9.288
5/2/1983,10.138
5/3/1983,10.418
5/4/1983,9.938
5/5/1983,10.388
5/6/1983,10.308
5/7/1983,9.818
5/8/1983,9.528
5/9/1983,9.408
5/10/1983,9.168
5/11/1983,9.148
5/12/1983,9.048
5/13/1983,8.618
5/14/1983,8.398
5/15/1983,8.478
5/16/1983,9.408
5/17/1983,8.798
5/18/1983,8.898
5/19/1983,8.558
5/20/1983,8.768
5/21/1983,8.778
5/22/1983,8.958
5/23/1983,9.088
5/24/1983,8.838
5/25/1983,8.868
5/26/1983,8.568
5/27/1983,8.298
5/28/1983,8.138
5/29/1983,7.978
5/30/1983,7.868
5/31/1983,7.788
6/1/1983,7.938
6/2/1983,8.478
6/3/1983,8.008
6/4/1983,7.918
6/5/1983,7.808
6/6/1983,7.708
6/7/1983,7.628
6/8/1983,7.658
6/9/1983,7.608
6/10/1983,7.478
6/11/1983,7.428
6/12/1983,7.378
6/13/1983,7.328
6/14/1983,7.298
6/15/1983,7.418
6/16/1983,7.478
6/17/1983,7.718
6/18/1983,7.788
6/19/1983,9.458
6/20/1983,8.838
6/21/1983,8.478
6/22/1983,8.188
6/23/1983,8.008
6/24/1983,8.228
6/25/1983,8.588
6/26/1983,8.258
6/27/1983,8.218
6/28/1983,8.178
6/29/1983,7.928
6/30/1983,7.888
7/1/1983,7.808
7/2/1983,7.778
7/3/1983,7.998
7/4/1983,8.808
7/5/1983,10.668
7/6/1983,11.038
7/7/1983,10.928
7/8/1983,10.358
7/9/1983,9.518
7/10/1983,9.198
7/11/1983,8.968
7/12/1983,8.738
7/13/1983,8.568
7/14/1983,8.408
7/15/1983,8.248
7/16/1983,8.218
7/17/1983,8.208
7/18/1983,8.118
7/19/1983,7.998
7/20/1983,7.888
7/21/1983,7.828
7/22/1983,7.768
7/23/1983,7.788
7/24/1983,7.828
7/25/1983,7.858
7/26/1983,7.838
7/27/1983,8.008
7/28/1983,8.018
7/29/1983,7.938
7/30/1983,7.908
7/31/1983,7.938
8/1/1983,7.898
8/2/1983,7.788
8/3/1983,8.218
8/4/1983,10.618
8/5/1983,11.688
8/6/1983,12.128
8/7/1983,11.978
8/8/1983,12.208
8/9/1983,12.098
8/10/1983,11.828
8/11/1983,11.478
8/12/1983,11.148
8/13/1983,10.828
8/14/1983,10.518
8/15/1983,10.228
8/16/1983,9.998
8/17/1983,9.808
8/18/1983,9.868
8/19/1983,9.748
8/20/1983,9.558
8/21/1983,9.358
8/22/1983,9.288
8/23/1983,9.548
8/24/1983,9.598
8/25/1983,9.948
8/26/1983,10.058
8/27/1983,9.918
8/28/1983,9.758
8/29/1983,9.588
8/30/1983,9.348
8/31/1983,9.148
9/1/1983,9.108
9/2/1983,9.008
9/3/1983,8.848
9/4/1983,8.748
9/5/1983,8.658
9/6/1983,8.668
9/7/1983,8.718
9/8/1983,8.698
9/9/1983,8.568
9/10/1983,8.368
9/11/1983,8.238
9/12/1983,8.108
9/13/1983,8.038
9/14/1983,7.998
9/15/1983,8.168
9/16/1983,8.198
9/17/1983,8.228
9/18/1983,8.348
9/19/1983,8.348
9/20/1983,8.358
9/21/1983,8.148
9/22/1983,8.048
9/23/1983,8.178
9/24/1983,8.078
9/25/1983,8.258
9/26/1983,7.938
9/27/1983,7.808
9/28/1983,7.828
9/29/1983,7.738
9/30/1983,8.058
10/1/1983,8.698
10/2/1983,8.168
10/3/1983,8.288
10/4/1983,8.068
10/5/1983,7.918
10/6/1983,8.088
10/7/1983,8.128
10/8/1983,8.218
10/9/1983,8.068
10/10/1983,8.208
10/11/1983,8.198
10/12/1983,8.488
10/13/1983,8.228
10/14/1983,8.058
10/15/1983,8.248
10/16/1983,8.538
10/17/1983,8.958
10/18/1983,8.488
10/19/1983,8.228
10/20/1983,8.058
10/21/1983,8.238
10/22/1983,8.648
10/23/1983,8.178
10/24/1983,7.968
10/25/1983,7.998
10/26/1983,7.878
10/27/1983,7.728
10/28/1983,7.678
10/29/1983,7.638
10/30/1983,7.568
10/31/1983,7.518
11/1/1983,7.488
11/2/1983,7.448
11/3/1983,7.428
11/4/1983,7.388
11/5/1983,7.338
11/6/1983,7.328
11/7/1983,7.328
11/8/1983,7.278
11/9/1983,7.298
11/10/1983,7.318
11/11/1983,7.388
11/12/1983,7.318
11/13/1983,7.278
11/14/1983,7.268
11/15/1983,7.258
11/16/1983,7.248
11/17/1983,7.238
11/18/1983,7.228
11/19/1983,7.218
11/20/1983,7.188
11/21/1983,7.198
11/22/1983,7.188
11/23/1983,7.178
11/24/1983,7.178
11/25/1983,7.178
11/26/1983,7.178
11/27/1983,7.138
11/28/1983,7.168
11/29/1983,7.158
11/30/1983,7.158
12/1/1983,7.138
12/2/1983,7.108
12/3/1983,7.138
12/4/1983,7.138
12/5/1983,7.138
12/6/1983,7.128
12/7/1983,7.068
12/8/1983,7.008
12/9/1983,7.068
12/10/1983,7.098
12/11/1983,7.088
12/12/1983,7.068
12/13/1983,7.068
12/14/1983,7.048
12/15/1983,7.018
12/16/1983,7.048
12/17/1983,7.058
12/18/1983,7.058
12/19/1983,7.048
12/20/1983,7.038
12/21/1983,7.028
12/22/1983,6.988
12/23/1983,6.978
12/24/1983,6.968
12/25/1983,6.968
12/26/1983,6.968
12/27/1983,7.008
12/28/1983,7.198
12/29/1983,7.238
12/30/1983,7.118
12/31/1983,7.068
1/1/1984,7.048
1/2/1984,7.048
1/3/1984,7.018
1/4/1984,7.018
1/5/1984,7.008
1/6/1984,6.988
1/7/1984,6.968
1/8/1984,6.988
1/9/1984,6.988
1/10/1984,6.978
1/11/1984,6.978
1/12/1984,6.958
1/13/1984,6.968
1/14/1984,6.968
1/15/1984,6.968
1/16/1984,6.958
1/17/1984,6.968
1/18/1984,6.968
1/19/1984,6.968
1/20/1984,6.958
1/21/1984,6.958
1/22/1984,6.958
1/23/1984,6.968
1/24/1984,6.998
1/25/1984,7.008
1/26/1984,6.988
1/27/1984,6.968
1/28/1984,6.948
1/29/1984,6.948
1/30/1984,6.948
1/31/1984,6.948
2/1/1984,6.938
2/2/1984,6.938
2/3/1984,6.908
2/4/1984,6.788
2/5/1984,6.898
2/6/1984,6.918
2/7/1984,6.928
2/8/1984,6.838
2/9/1984,6.938
2/10/1984,6.948
2/11/1984,6.908
2/12/1984,6.798
2/13/1984,6.898
2/14/1984,6.878
2/15/1984,6.878
2/16/1984,6.888
2/17/1984,6.888
2/18/1984,6.898
2/19/1984,6.888
2/20/1984,6.868
2/21/1984,6.838
2/22/1984,6.848
2/23/1984,6.848
2/24/1984,6.838
2/25/1984,6.848
2/26/1984,6.838
2/27/1984,6.838
2/28/1984,6.838
2/29/1984,6.828
3/1/1984,6.838
3/2/1984,6.768
3/3/1984,6.788
3/4/1984,6.788
3/5/1984,6.788
3/6/1984,6.788
3/7/1984,6.788
3/8/1984,6.778
3/9/1984,6.778
3/10/1984,6.768
3/11/1984,6.768
3/12/1984,6.758
3/13/1984,6.748
3/14/1984,6.738
3/15/1984,6.738
3/16/1984,6.728
3/17/1984,6.608
3/18/1984,6.728
3/19/1984,6.698
3/20/1984,6.688
3/21/1984,6.708
3/22/1984,6.708
3/23/1984,6.698
3/24/1984,6.708
3/25/1984,6.708
3/26/1984,6.708
3/27/1984,6.668
3/28/1984,6.698
3/29/1984,6.668
3/30/1984,6.688
3/31/1984,6.688
4/1/1984,6.548
4/2/1984,6.678
4/3/1984,6.648
4/4/1984,6.658
4/5/1984,6.638
4/6/1984,6.628
4/7/1984,6.618
4/8/1984,6.658
4/9/1984,6.698
4/10/1984,6.678
4/11/1984,6.668
4/12/1984,6.658
4/13/1984,6.658
4/14/1984,6.658
4/15/1984,6.668
4/16/1984,6.658
4/17/1984,6.648
4/18/1984,6.668
4/19/1984,6.658
4/20/1984,6.678
4/21/1984,6.668
4/22/1984,6.678
4/23/1984,6.688
4/24/1984,6.708
4/25/1984,6.748
4/26/1984,6.728
4/27/1984,6.718
4/28/1984,6.708
4/29/1984,6.788
4/30/1984,6.828
5/1/1984,7.018
5/2/1984,7.118
5/3/1984,6.938
5/4/1984,6.978
5/5/1984,6.708
5/6/1984,6.818
5/7/1984,7.058
5/8/1984,7.818
5/9/1984,8.088
5/10/1984,8.098
5/11/1984,8.738
5/12/1984,9.508
5/13/1984,10.908
5/14/1984,11.288
5/15/1984,11.028
5/16/1984,11.108
5/17/1984,10.578
5/18/1984,9.938
5/19/1984,9.358
5/20/1984,8.998
5/21/1984,8.688
5/22/1984,8.408
5/23/1984,8.228
5/24/1984,8.178
5/25/1984,8.848
5/26/1984,8.438
5/27/1984,8.158
5/28/1984,7.978
5/29/1984,7.838
5/30/1984,7.718
5/31/1984,7.648
6/1/1984,7.818
6/2/1984,7.798
6/3/1984,7.628
6/4/1984,7.568
6/5/1984,7.448
6/6/1984,7.348
6/7/1984,7.318
6/8/1984,7.308
6/9/1984,7.408
6/10/1984,7.458
6/11/1984,7.758
6/12/1984,7.778
6/13/1984,7.668
6/14/1984,7.568
6/15/1984,7.498
6/16/1984,7.658
6/17/1984,8.888
6/18/1984,10.338
6/19/1984,11.178
6/20/1984,10.548
6/21/1984,9.968
6/22/1984,9.578
6/23/1984,9.308
6/24/1984,8.988
6/25/1984,8.958
6/26/1984,8.748
6/27/1984,9.188
6/28/1984,8.808
6/29/1984,8.508
6/30/1984,8.328
7/1/1984,8.128
7/2/1984,7.978
7/3/1984,7.898
7/4/1984,7.798
7/5/1984,7.728
7/6/1984,7.618
7/7/1984,7.698
7/8/1984,8.348
7/9/1984,9.028
7/10/1984,9.148
7/11/1984,10.248
7/12/1984,9.668
7/13/1984,9.138
7/14/1984,9.138
7/15/1984,9.928
7/16/1984,10.138
7/17/1984,9.788
7/18/1984,9.558
7/19/1984,9.238
7/20/1984,8.948
7/21/1984,8.808
7/22/1984,9.048
7/23/1984,9.518
7/24/1984,9.668
7/25/1984,9.488
7/26/1984,9.248
7/27/1984,9.028
7/28/1984,8.838
7/29/1984,8.648
7/30/1984,8.518
7/31/1984,8.938
8/1/1984,9.138
8/2/1984,8.858
8/3/1984,8.748
8/4/1984,8.608
8/5/1984,8.938
8/6/1984,8.998
8/7/1984,8.738
8/8/1984,8.818
8/9/1984,8.498
8/10/1984,8.388
8/11/1984,8.298
8/12/1984,8.448
8/13/1984,8.738
8/14/1984,8.558
8/15/1984,8.548
8/16/1984,8.958
8/17/1984,8.648
8/18/1984,8.588
8/19/1984,8.758
8/20/1984,8.748
8/21/1984,8.768
8/22/1984,8.698
8/23/1984,8.598
8/24/1984,8.758
8/25/1984,8.648
8/26/1984,8.648
8/27/1984,8.498
8/28/1984,8.478
8/29/1984,8.468
8/30/1984,8.388
8/31/1984,8.098
9/1/1984,8.218
9/2/1984,8.478
9/3/1984,8.678
9/4/1984,8.658
9/5/1984,8.888
9/6/1984,9.458
9/7/1984,9.148
9/8/1984,9.078
9/9/1984,8.978
9/10/1984,8.828
9/11/1984,8.658
9/12/1984,8.738
9/13/1984,8.678
9/14/1984,8.518
9/15/1984,8.418
9/16/1984,8.698
9/17/1984,10.008
9/18/1984,10.168
9/19/1984,9.798
9/20/1984,9.618
9/21/1984,9.468
9/22/1984,9.288
9/23/1984,9.118
9/24/1984,8.948
9/25/1984,8.778
9/26/1984,8.648
9/27/1984,8.498
9/28/1984,8.418
9/29/1984,8.138
9/30/1984,8.028
10/1/1984,7.938
10/2/1984,7.918
10/3/1984,8.028
10/4/1984,8.048
10/5/1984,8.348
10/6/1984,8.558
10/7/1984,8.318
10/8/1984,8.128
10/9/1984,8.098
10/10/1984,7.988
10/11/1984,7.868
10/12/1984,7.788
10/13/1984,7.828
10/14/1984,7.798
10/15/1984,7.718
10/16/1984,7.638
10/17/1984,7.648
10/18/1984,7.678
10/19/1984,7.668
10/20/1984,7.628
10/21/1984,8.008
10/22/1984,7.948
10/23/1984,7.838
10/24/1984,7.708
10/25/1984,7.638
10/26/1984,7.588
10/27/1984,7.538
10/28/1984,7.488
10/29/1984,7.468
10/30/1984,7.438
10/31/1984,7.408
11/1/1984,7.408
11/2/1984,7.388
11/3/1984,7.358
11/4/1984,7.368
11/5/1984,7.318
11/6/1984,7.328
11/7/1984,7.258
11/8/1984,7.248
11/9/1984,7.308
11/10/1984,7.298
11/11/1984,7.268
11/12/1984,7.268
11/13/1984,7.248
11/14/1984,7.278
11/15/1984,7.278
11/16/1984,7.268
11/17/1984,7.248
11/18/1984,7.208
11/19/1984,7.228
11/20/1984,7.228
11/21/1984,7.218
11/22/1984,7.168
11/23/1984,7.188
11/24/1984,7.198
11/25/1984,7.178
11/26/1984,7.178
11/27/1984,7.168
11/28/1984,7.178
11/29/1984,7.178
11/30/1984,7.168
12/1/1984,7.168
12/2/1984,7.098
12/3/1984,7.118
12/4/1984,7.118
12/5/1984,7.138
12/6/1984,7.148
12/7/1984,7.138
12/8/1984,7.148
12/9/1984,7.148
12/10/1984,7.158
12/11/1984,7.148
12/12/1984,7.138
12/13/1984,7.138
12/14/1984,7.118
12/15/1984,7.178
12/16/1984,7.208
12/17/1984,7.178
12/18/1984,7.148
12/19/1984,7.148
12/20/1984,7.128
12/21/1984,7.128
12/22/1984,7.128
12/23/1984,7.128
12/24/1984,7.128
12/25/1984,7.128
12/26/1984,7.128
12/27/1984,7.118
12/28/1984,7.118
12/29/1984,7.108
12/30/1984,7.098
12/31/1984,7.098
1/1/1985,7.088
1/2/1985,7.078
1/3/1985,7.118
1/4/1985,7.118
1/5/1985,7.108
1/6/1985,7.108
1/7/1985,7.088
1/8/1985,6.878
1/9/1985,6.838
1/10/1985,6.998
1/11/1985,7.018
1/12/1985,7.018
1/13/1985,7.008
1/14/1985,7.008
1/15/1985,7.008
1/16/1985,7.008
1/17/1985,6.998
1/18/1985,7.008
1/19/1985,7.008
1/20/1985,7.028
1/21/1985,7.028
1/22/1985,7.028
1/23/1985,7.038
1/24/1985,6.998
1/25/1985,6.978
1/26/1985,7.008
1/27/1985,7.018
1/28/1985,7.008
1/29/1985,6.988
1/30/1985,7.008
1/31/1985,7.018
2/1/1985,7.028
2/2/1985,7.038
2/3/1985,7.038
2/4/1985,7.028
2/5/1985,6.998
2/6/1985,6.998
2/7/1985,7.318
2/8/1985,7.228
2/9/1985,7.098
2/10/1985,7.058
2/11/1985,7.028
2/12/1985,6.988
2/13/1985,6.998
2/14/1985,6.988
2/15/1985,6.948
2/16/1985,6.938
2/17/1985,6.928
2/18/1985,6.948
2/19/1985,6.918
2/20/1985,6.948
2/21/1985,6.948
2/22/1985,6.908
2/23/1985,6.918
2/24/1985,6.918
2/25/1985,6.918
2/26/1985,6.888
2/27/1985,6.888
2/28/1985,6.888
3/1/1985,6.878
3/2/1985,6.888
3/3/1985,6.888
3/4/1985,6.888
3/5/1985,6.858
3/6/1985,6.868
3/7/1985,6.868
3/8/1985,6.848
3/9/1985,6.828
3/10/1985,6.828
3/11/1985,6.828
3/12/1985,6.828
3/13/1985,6.838
3/14/1985,6.838
3/15/1985,6.838
3/16/1985,6.828
3/17/1985,6.828
3/18/1985,6.838
3/19/1985,6.848
3/20/1985,6.878
3/21/1985,6.878
3/22/1985,6.848
3/23/1985,6.888
3/24/1985,6.898
3/25/1985,6.918
3/26/1985,7.268
3/27/1985,7.338
3/28/1985,7.108
3/29/1985,7.018
3/30/1985,6.998
3/31/1985,7.068
4/1/1985,6.998
4/2/1985,6.938
4/3/1985,6.938
4/4/1985,7.088
4/5/1985,6.988
4/6/1985,6.938
4/7/1985,6.908
4/8/1985,6.888
4/9/1985,6.968
4/10/1985,7.708
4/11/1985,7.568
4/12/1985,7.218
4/13/1985,7.108
4/14/1985,7.038
4/15/1985,6.968
4/16/1985,6.928
4/17/1985,7.208
4/18/1985,7.448
4/19/1985,7.448
4/20/1985,7.218
4/21/1985,7.188
4/22/1985,7.088
4/23/1985,7.068
4/24/1985,6.988
4/25/1985,6.938
4/26/1985,6.898
4/27/1985,6.888
4/28/1985,6.928
4/29/1985,7.088
4/30/1985,7.038
5/1/1985,7.768
5/2/1985,7.428
5/3/1985,7.858
5/4/1985,7.488
5/5/1985,7.308
5/6/1985,7.728
5/7/1985,7.548
5/8/1985,7.388
5/9/1985,7.248
5/10/1985,7.138
5/11/1985,7.108
5/12/1985,7.028
5/13/1985,7.028
5/14/1985,7.068
5/15/1985,7.138
5/16/1985,7.368
5/17/1985,7.328
5/18/1985,7.168
5/19/1985,7.098
5/20/1985,7.048
5/21/1985,7.028
5/22/1985,7.018
5/23/1985,7.008
5/24/1985,6.988
5/25/1985,7.438
5/26/1985,10.398
5/27/1985,10.628
5/28/1985,9.758
5/29/1985,9.288
5/30/1985,8.778
5/31/1985,8.448
6/1/1985,8.228
6/2/1985,8.268
6/3/1985,8.248
6/4/1985,7.988
6/5/1985,7.998
6/6/1985,7.898
6/7/1985,7.968
6/8/1985,8.688
6/9/1985,8.458
6/10/1985,9.198
6/11/1985,9.458
6/12/1985,8.688
6/13/1985,8.438
6/14/1985,8.258
6/15/1985,8.018
6/16/1985,8.068
6/17/1985,9.568
6/18/1985,9.378
6/19/1985,9.408
6/20/1985,9.108
6/21/1985,8.588
6/22/1985,8.388
6/23/1985,8.268
6/24/1985,8.278
6/25/1985,8.158
6/26/1985,8.038
6/27/1985,7.958
6/28/1985,7.938
6/29/1985,7.848
6/30/1985,7.878
7/1/1985,8.108
7/2/1985,8.188
7/3/1985,8.018
7/4/1985,7.818
7/5/1985,7.738
7/6/1985,7.828
7/7/1985,8.528
7/8/1985,9.518
7/9/1985,10.678
7/10/1985,11.178
7/11/1985,10.768
7/12/1985,10.008
7/13/1985,9.568
7/14/1985,9.248
7/15/1985,9.018
7/16/1985,8.818
7/17/1985,8.588
7/18/1985,8.458
7/19/1985,8.348
7/20/1985,8.248
7/21/1985,8.118
7/22/1985,8.068
7/23/1985,8.268
7/24/1985,8.208
7/25/1985,8.458
7/26/1985,8.408
7/27/1985,8.248
7/28/1985,8.158
7/29/1985,8.038
7/30/1985,7.908
7/31/1985,8.248
8/1/1985,8.188
8/2/1985,8.218
8/3/1985,8.058
8/4/1985,7.928
8/5/1985,7.978
8/6/1985,8.048
8/7/1985,7.858
8/8/1985,8.018
8/9/1985,8.108
8/10/1985,8.138
8/11/1985,8.218
8/12/1985,8.168
8/13/1985,8.058
8/14/1985,7.978
8/15/1985,7.918
8/16/1985,7.788
8/17/1985,7.738
8/18/1985,7.658
8/19/1985,7.658
8/20/1985,8.238
8/21/1985,8.318
8/22/1985,8.518
8/23/1985,8.878
8/24/1985,9.098
8/25/1985,8.688
8/26/1985,8.578
8/27/1985,8.418
8/28/1985,8.218
8/29/1985,8.118
8/30/1985,7.958
8/31/1985,7.838
9/1/1985,7.748
9/2/1985,7.848
9/3/1985,7.808
9/4/1985,7.758
9/5/1985,7.788
9/6/1985,7.628
9/7/1985,7.558
9/8/1985,7.698
9/9/1985,8.038
9/10/1985,8.028
9/11/1985,7.868
9/12/1985,7.788
9/13/1985,7.698
9/14/1985,7.738
9/15/1985,7.768
9/16/1985,7.718
9/17/1985,7.688
9/18/1985,7.568
9/19/1985,7.528
9/20/1985,7.588
9/21/1985,7.828
9/22/1985,7.748
9/23/1985,7.938
9/24/1985,8.308
9/25/1985,8.158
9/26/1985,8.278
9/27/1985,8.288
9/28/1985,8.088
9/29/1985,7.928
9/30/1985,7.838
10/1/1985,8.288
10/2/1985,7.888
10/3/1985,7.748
10/4/1985,7.648
10/5/1985,7.588
10/6/1985,7.498
10/7/1985,7.468
10/8/1985,7.448
10/9/1985,7.398
10/10/1985,7.328
10/11/1985,7.268
10/12/1985,7.308
10/13/1985,7.298
10/14/1985,7.258
10/15/1985,7.248
10/16/1985,7.298
10/17/1985,7.388
10/18/1985,7.338
10/19/1985,7.358
10/20/1985,7.388
10/21/1985,7.368
10/22/1985,7.348
10/23/1985,7.318
10/24/1985,7.288
10/25/1985,7.248
10/26/1985,7.198
10/27/1985,7.188
10/28/1985,7.188
10/29/1985,7.168
10/30/1985,7.168
10/31/1985,7.158
11/1/1985,7.168
11/2/1985,7.168
11/3/1985,7.158
11/4/1985,7.158
11/5/1985,7.188
11/6/1985,7.178
11/7/1985,7.188
11/8/1985,7.178
11/9/1985,7.138
11/10/1985,7.108
11/11/1985,7.108
11/12/1985,7.138
11/13/1985,7.158
11/14/1985,7.158
11/15/1985,7.148
11/16/1985,7.168
11/17/1985,7.148
11/18/1985,7.158
11/19/1985,7.148
11/20/1985,7.148
11/21/1985,7.148
11/22/1985,7.148
11/23/1985,7.148
11/24/1985,7.148
11/25/1985,7.138
11/26/1985,7.128
11/27/1985,7.138
11/28/1985,7.138
11/29/1985,7.138
11/30/1985,7.128
12/1/1985,7.138
12/2/1985,7.138
12/3/1985,7.118
12/4/1985,7.138
12/5/1985,7.138
12/6/1985,7.138
12/7/1985,7.128
12/8/1985,7.118
12/9/1985,7.128
12/10/1985,7.138
12/11/1985,7.138
12/12/1985,7.118
12/13/1985,7.128
12/14/1985,7.138
12/15/1985,7.138
12/16/1985,7.118
12/17/1985,7.128
12/18/1985,7.098
12/19/1985,7.098
12/20/1985,7.098
12/21/1985,7.088
12/22/1985,7.078
12/23/1985,7.058
12/24/1985,7.048
12/25/1985,7.068
12/26/1985,7.068
12/27/1985,7.048
12/28/1985,7.048
12/29/1985,7.078
12/30/1985,7.118
12/31/1985,7.078
1/1/1986,7.058
1/2/1986,7.058
1/3/1986,7.058
1/4/1986,7.048
1/5/1986,7.048
1/6/1986,7.038
1/7/1986,7.018
1/8/1986,7.038
1/9/1986,7.038
1/10/1986,7.058
1/11/1986,7.058
1/12/1986,7.078
1/13/1986,7.078
1/14/1986,7.068
1/15/1986,7.058
1/16/1986,7.058
1/17/1986,7.088
1/18/1986,7.108
1/19/1986,7.098
1/20/1986,7.088
1/21/1986,7.078
1/22/1986,7.078
1/23/1986,7.088
1/24/1986,7.078
1/25/1986,7.078
1/26/1986,7.068
1/27/1986,7.058
1/28/1986,7.028
1/29/1986,7.028
1/30/1986,7.018
1/31/1986,7.008
2/1/1986,7.028
2/2/1986,7.008
2/3/1986,7.008
2/4/1986,6.998
2/5/1986,6.938
2/6/1986,6.948
2/7/1986,6.978
2/8/1986,6.948
2/9/1986,6.928
2/10/1986,6.918
2/11/1986,6.898
2/12/1986,6.918
2/13/1986,6.898
2/14/1986,6.918
2/15/1986,6.918
2/16/1986,6.918
2/17/1986,6.908
2/18/1986,6.888
2/19/1986,6.878
2/20/1986,6.868
2/21/1986,6.858
2/22/1986,6.878
2/23/1986,6.878
2/24/1986,6.878
2/25/1986,6.858
2/26/1986,6.858
2/27/1986,6.858
2/28/1986,6.858
3/1/1986,6.858
3/2/1986,6.878
3/3/1986,6.858
3/4/1986,6.838
3/5/1986,6.828
3/6/1986,6.818
3/7/1986,6.818
3/8/1986,6.788
3/9/1986,6.808
3/10/1986,6.778
3/11/1986,6.788
3/12/1986,6.788
3/13/1986,6.778
3/14/1986,6.778
3/15/1986,6.788
3/16/1986,6.788
3/17/1986,6.788
3/18/1986,6.788
3/19/1986,6.768
3/20/1986,6.778
3/21/1986,6.778
3/22/1986,6.778
3/23/1986,6.768
3/24/1986,6.728
3/25/1986,6.698
3/26/1986,6.728
3/27/1986,6.728
3/28/1986,6.698
3/29/1986,6.678
3/30/1986,6.708
3/31/1986,6.728
4/1/1986,6.688
4/2/1986,6.718
4/3/1986,6.708
4/4/1986,6.718
4/5/1986,6.728
4/6/1986,6.738
4/7/1986,6.778
4/8/1986,6.728
4/9/1986,6.778
4/10/1986,6.868
4/11/1986,6.898
4/12/1986,6.868
4/13/1986,6.848
4/14/1986,6.848
4/15/1986,6.818
4/16/1986,6.808
4/17/1986,6.758
4/18/1986,6.758
4/19/1986,6.858
4/20/1986,7.598
4/21/1986,7.368
4/22/1986,7.128
4/23/1986,7.058
4/24/1986,6.918
4/25/1986,7.048
4/26/1986,7.378
4/27/1986,7.248
4/28/1986,7.118
4/29/1986,7.018
4/30/1986,6.928
5/1/1986,6.998
5/2/1986,6.988
5/3/1986,6.978
5/4/1986,7.028
5/5/1986,7.118
5/6/1986,7.368
5/7/1986,7.778
5/8/1986,7.598
5/9/1986,7.358
5/10/1986,7.218
5/11/1986,7.128
5/12/1986,7.018
5/13/1986,7.028
5/14/1986,6.928
5/15/1986,6.968
5/16/1986,7.258
5/17/1986,7.318
5/18/1986,7.388
5/19/1986,7.548
5/20/1986,7.548
5/21/1986,7.468
5/22/1986,7.328
5/23/1986,7.298
5/24/1986,7.118
5/25/1986,7.038
5/26/1986,6.698
5/27/1986,6.818
5/28/1986,7.148
5/29/1986,6.898
5/30/1986,6.608
5/31/1986,6.848
6/1/1986,6.798
6/2/1986,7.278
6/3/1986,6.908
6/4/1986,6.818
6/5/1986,6.768
6/6/1986,6.748
6/7/1986,6.708
6/8/1986,6.648
6/9/1986,6.348
6/10/1986,7.118
6/11/1986,6.728
6/12/1986,6.678
6/13/1986,6.808
6/14/1986,6.798
6/15/1986,6.788
6/16/1986,6.778
6/17/1986,6.858
6/18/1986,6.888
6/19/1986,6.838
6/20/1986,6.758
6/21/1986,6.728
6/22/1986,6.678
6/23/1986,6.678
6/24/1986,6.668
6/25/1986,6.638
6/26/1986,6.638
6/27/1986,6.628
6/28/1986,6.658
6/29/1986,6.668
6/30/1986,7.698
7/1/1986,8.888
7/2/1986,8.148
7/3/1986,7.778
7/4/1986,7.498
7/5/1986,7.568
7/6/1986,7.518
7/7/1986,7.598
7/8/1986,7.848
7/9/1986,7.648
7/10/1986,7.588
7/11/1986,7.448
7/12/1986,7.418
7/13/1986,7.308
7/14/1986,7.188
7/15/1986,7.078
7/16/1986,7.008
7/17/1986,6.938
7/18/1986,6.858
7/19/1986,6.808
7/20/1986,6.808
7/21/1986,6.848
7/22/1986,6.848
7/23/1986,7.328
7/24/1986,9.018
7/25/1986,8.998
7/26/1986,9.678
7/27/1986,9.558
7/28/1986,9.238
7/29/1986,9.048
7/30/1986,8.648
7/31/1986,8.328
8/1/1986,8.108
8/2/1986,7.988
8/3/1986,7.868
8/4/1986,7.788
8/5/1986,7.768
8/6/1986,7.818
8/7/1986,7.838
8/8/1986,7.608
8/9/1986,7.468
8/10/1986,7.358
8/11/1986,7.248
8/12/1986,7.278
8/13/1986,7.598
8/14/1986,7.958
8/15/1986,8.008
8/16/1986,7.798
8/17/1986,7.538
8/18/1986,7.358
8/19/1986,7.358
8/20/1986,7.558
8/21/1986,7.498
8/22/1986,7.408
8/23/1986,7.448
8/24/1986,7.568
8/25/1986,7.518
8/26/1986,7.528
8/27/1986,7.708
8/28/1986,7.468
8/29/1986,7.458
8/30/1986,7.358
8/31/1986,7.418
9/1/1986,7.398
9/2/1986,7.238
9/3/1986,7.268
9/4/1986,7.248
9/5/1986,7.808
9/6/1986,7.758
9/7/1986,7.458
9/8/1986,7.438
9/9/1986,8.448
9/10/1986,8.238
9/11/1986,8.108
9/12/1986,8.038
9/13/1986,7.868
9/14/1986,7.718
9/15/1986,7.708
9/16/1986,7.558
9/17/1986,7.338
9/18/1986,7.518
9/19/1986,7.858
9/20/1986,7.618
9/21/1986,9.078
9/22/1986,9.008
9/23/1986,8.558
9/24/1986,8.318
9/25/1986,8.048
9/26/1986,7.878
9/27/1986,7.978
9/28/1986,9.218
9/29/1986,8.988
9/30/1986,9.028
10/1/1986,9.438
10/2/1986,9.378
10/3/1986,9.668
10/4/1986,9.278
10/5/1986,8.938
10/6/1986,8.818
10/7/1986,8.848
10/8/1986,9.128
10/9/1986,9.028
10/10/1986,9.238
10/11/1986,9.018
10/12/1986,8.698
10/13/1986,8.448
10/14/1986,8.268
10/15/1986,8.128
10/16/1986,8.138
10/17/1986,8.038
10/18/1986,7.868
10/19/1986,7.748
10/20/1986,7.648
10/21/1986,7.568
10/22/1986,7.488
10/23/1986,7.418
10/24/1986,7.368
10/25/1986,7.328
10/26/1986,7.288
10/27/1986,7.268
10/28/1986,7.238
10/29/1986,7.228
10/30/1986,7.228
10/31/1986,7.208
11/1/1986,7.218
11/2/1986,7.228
11/3/1986,7.208
11/4/1986,7.208
11/5/1986,7.198
11/6/1986,7.198
11/7/1986,7.208
11/8/1986,7.208
11/9/1986,7.508
11/10/1986,9.368
11/11/1986,8.698
11/12/1986,8.318
11/13/1986,8.048
11/14/1986,7.888
11/15/1986,7.748
11/16/1986,7.628
11/17/1986,7.518
11/18/1986,7.458
11/19/1986,7.368
11/20/1986,7.318
11/21/1986,7.268
11/22/1986,7.268
11/23/1986,7.238
11/24/1986,7.218
11/25/1986,7.188
11/26/1986,7.178
11/27/1986,7.158
11/28/1986,7.158
11/29/1986,7.138
11/30/1986,7.118
12/1/1986,7.098
12/2/1986,7.108
12/3/1986,7.098
12/4/1986,7.088
12/5/1986,7.078
12/6/1986,7.068
12/7/1986,7.058
12/8/1986,7.058
12/9/1986,7.048
12/10/1986,7.028
12/11/1986,7.028
12/12/1986,7.028
12/13/1986,7.028
12/14/1986,7.028
12/15/1986,7.028
12/16/1986,7.038
12/17/1986,7.018
12/18/1986,7.008
12/19/1986,7.018
12/20/1986,7.008
12/21/1986,6.988
12/22/1986,6.988
12/23/1986,6.988
12/24/1986,6.978
12/25/1986,6.978
12/26/1986,6.968
12/27/1986,6.968
12/28/1986,6.968
12/29/1986,6.978
12/30/1986,6.978
12/31/1986,6.978
1/1/1987,6.968
1/2/1987,6.958
1/3/1987,6.968
1/4/1987,6.988
1/5/1987,6.998
1/6/1987,6.968
1/7/1987,6.968
1/8/1987,6.938
1/9/1987,6.928
1/10/1987,6.958
1/11/1987,6.938
1/12/1987,6.928
1/13/1987,6.918
1/14/1987,6.928
1/15/1987,6.938
1/16/1987,6.908
1/17/1987,6.918
1/18/1987,6.908
1/19/1987,6.888
1/20/1987,6.858
1/21/1987,6.868
1/22/1987,6.868
1/23/1987,6.888
1/24/1987,6.878
1/25/1987,6.868
1/26/1987,6.818
1/27/1987,6.558
1/28/1987,6.338
1/29/1987,6.758
1/30/1987,6.788
1/31/1987,6.878
2/1/1987,6.808
2/2/1987,6.748
2/3/1987,6.718
2/4/1987,6.618
2/5/1987,6.788
2/6/1987,6.638
2/7/1987,6.708
2/8/1987,6.678
2/9/1987,6.638
2/10/1987,6.668
2/11/1987,6.618
2/12/1987,6.648
2/13/1987,6.638
2/14/1987,6.598
2/15/1987,6.598
2/16/1987,6.548
2/17/1987,6.628
2/18/1987,6.478
2/19/1987,6.648
2/20/1987,6.638
2/21/1987,6.578
2/22/1987,6.618
2/23/1987,6.658
2/24/1987,6.518
2/25/1987,6.518
2/26/1987,6.498
2/27/1987,6.618
2/28/1987,6.558
3/1/1987,6.738
3/2/1987,6.528
3/3/1987,6.618
3/4/1987,6.588
3/5/1987,6.538
3/6/1987,6.608
3/7/1987,6.688
3/8/1987,6.338
3/9/1987,6.518
3/10/1987,6.548
3/11/1987,6.908
3/12/1987,6.758
3/13/1987,7.008
3/14/1987,7.498
3/15/1987,6.998
3/16/1987,6.858
3/17/1987,6.758
3/18/1987,6.848
3/19/1987,6.878
3/20/1987,6.738
3/21/1987,6.788
3/22/1987,6.678
3/23/1987,6.738
3/24/1987,6.868
3/25/1987,6.688
3/26/1987,6.648
3/27/1987,6.518
3/28/1987,6.328
3/29/1987,6.758
3/30/1987,6.788
3/31/1987,6.598
4/1/1987,6.388
4/2/1987,6.548
4/3/1987,6.528
4/4/1987,6.398
4/5/1987,6.668
4/6/1987,6.388
4/7/1987,6.498
4/8/1987,6.428
4/9/1987,6.618
4/10/1987,6.748
4/11/1987,6.858
4/12/1987,6.848
4/13/1987,6.718
4/14/1987,6.598
4/15/1987,6.728
4/16/1987,6.598
4/17/1987,6.518
4/18/1987,6.518
4/19/1987,6.568
4/20/1987,6.608
4/21/1987,6.568
4/22/1987,6.468
4/23/1987,6.438
4/24/1987,6.618
4/25/1987,6.988
4/26/1987,8.238
4/27/1987,7.718
4/28/1987,7.378
4/29/1987,7.408
4/30/1987,7.278
5/1/1987,7.308
5/2/1987,7.228
5/3/1987,7.318
5/4/1987,7.238
5/5/1987,7.088
5/6/1987,7.058
5/7/1987,7.168
5/8/1987,7.898
5/9/1987,7.338
5/10/1987,7.238
5/11/1987,7.138
5/12/1987,7.078
5/13/1987,6.948
5/14/1987,6.848
5/15/1987,6.818
5/16/1987,6.708
5/17/1987,6.608
5/18/1987,6.698
5/19/1987,6.548
5/20/1987,6.658
5/21/1987,6.568
5/22/1987,6.628
5/23/1987,6.608
5/24/1987,6.698
5/25/1987,6.788
5/26/1987,6.728
5/27/1987,6.668
5/28/1987,6.708
5/29/1987,6.688
5/30/1987,6.598
5/31/1987,6.608
6/1/1987,6.638
6/2/1987,6.618
6/3/1987,6.918
6/4/1987,6.948
6/5/1987,7.078
6/6/1987,8.608
6/7/1987,8.068
6/8/1987,7.548
6/9/1987,7.278
6/10/1987,6.988
6/11/1987,7.158
6/12/1987,7.108
6/13/1987,7.028
6/14/1987,7.078
6/15/1987,7.098
6/16/1987,7.008
6/17/1987,6.968
6/18/1987,7.688
6/19/1987,7.718
6/20/1987,7.898
6/21/1987,7.688
6/22/1987,7.348
6/23/1987,7.078
6/24/1987,7.068
6/25/1987,7.038
6/26/1987,6.978
6/27/1987,6.788
6/28/1987,6.818
6/29/1987,6.888
6/30/1987,6.748
7/1/1987,6.728
7/2/1987,6.818
7/3/1987,7.058
7/4/1987,6.948
7/5/1987,6.928
7/6/1987,6.918
7/7/1987,6.988
7/8/1987,7.058
7/9/1987,7.218
7/10/1987,7.108
7/11/1987,7.408
7/12/1987,7.328
7/13/1987,7.188
7/14/1987,7.078
7/15/1987,7.038
7/16/1987,7.688
7/17/1987,8.028
7/18/1987,8.288
7/19/1987,7.728
7/20/1987,7.448
7/21/1987,7.508
7/22/1987,7.358
7/23/1987,7.428
7/24/1987,8.498
7/25/1987,8.918
7/26/1987,9.498
7/27/1987,9.858
7/28/1987,9.198
7/29/1987,9.118
7/30/1987,9.828
7/31/1987,10.378
8/1/1987,11.148
8/2/1987,10.918
8/3/1987,10.218
8/4/1987,9.708
8/5/1987,9.358
8/6/1987,9.018
8/7/1987,8.728
8/8/1987,8.528
8/9/1987,8.338
8/10/1987,8.118
8/11/1987,7.968
8/12/1987,7.878
8/13/1987,7.808
8/14/1987,7.918
8/15/1987,8.048
8/16/1987,8.068
8/17/1987,7.898
8/18/1987,7.758
8/19/1987,7.628
8/20/1987,7.898
8/21/1987,7.958
8/22/1987,7.918
8/23/1987,7.908
8/24/1987,7.958
8/25/1987,8.428
8/26/1987,8.258
8/27/1987,10.468
8/28/1987,11.368
8/29/1987,11.288
8/30/1987,10.378
8/31/1987,9.628
9/1/1987,9.278
9/2/1987,8.998
9/3/1987,8.828
9/4/1987,8.678
9/5/1987,8.488
9/6/1987,8.288
9/7/1987,8.148
9/8/1987,7.988
9/9/1987,7.898
9/10/1987,7.938
9/11/1987,7.908
9/12/1987,7.918
9/13/1987,7.948
9/14/1987,8.108
9/15/1987,7.988
9/16/1987,7.908
9/17/1987,7.818
9/18/1987,7.888
9/19/1987,7.818
9/20/1987,7.738
9/21/1987,7.768
9/22/1987,8.438
9/23/1987,8.578
9/24/1987,8.448
9/25/1987,9.468
9/26/1987,9.948
9/27/1987,9.598
9/28/1987,9.458
9/29/1987,9.288
9/30/1987,9.048
10/1/1987,8.818
10/2/1987,8.588
10/3/1987,8.348
10/4/1987,8.168
10/5/1987,8.008
10/6/1987,7.898
10/7/1987,7.808
10/8/1987,7.738
10/9/1987,8.048
10/10/1987,8.378
10/11/1987,8.208
10/12/1987,8.068
10/13/1987,7.878
10/14/1987,7.728
10/15/1987,7.648
10/16/1987,7.618
10/17/1987,7.558
10/18/1987,7.508
10/19/1987,7.488
10/20/1987,7.538
10/21/1987,8.168
10/22/1987,7.968
10/23/1987,7.758
10/24/1987,7.578
10/25/1987,7.478
10/26/1987,7.468
10/27/1987,7.418
10/28/1987,7.368
10/29/1987,7.318
10/30/1987,7.288
10/31/1987,7.278
11/1/1987,7.278
11/2/1987,7.268
11/3/1987,7.258
11/4/1987,7.248
11/5/1987,7.238
11/6/1987,7.228
11/7/1987,7.218
11/8/1987,7.198
11/9/1987,7.178
11/10/1987,7.178
11/11/1987,7.188
11/12/1987,7.168
11/13/1987,7.158
11/14/1987,7.178
11/15/1987,7.228
11/16/1987,7.838
11/17/1987,8.048
11/18/1987,7.648
11/19/1987,7.448
11/20/1987,7.318
11/21/1987,7.268
11/22/1987,7.218
11/23/1987,7.208
11/24/1987,7.168
11/25/1987,7.098
11/26/1987,7.098
11/27/1987,7.098
11/28/1987,7.088
11/29/1987,7.098
11/30/1987,7.078
12/1/1987,7.058
12/2/1987,7.068
12/3/1987,7.078
12/4/1987,7.088
12/5/1987,7.078
12/6/1987,7.048
12/7/1987,7.058
12/8/1987,7.098
12/9/1987,7.078
12/10/1987,7.058
12/11/1987,7.048
12/12/1987,7.038
12/13/1987,7.028
12/14/1987,7.058
12/15/1987,7.108
12/16/1987,7.078
12/17/1987,7.058
12/18/1987,7.028
12/19/1987,7.038
12/20/1987,7.098
12/21/1987,7.128
12/22/1987,7.158
12/23/1987,7.138
12/24/1987,7.128
12/25/1987,7.118
12/26/1987,7.078
12/27/1987,7.048
12/28/1987,7.078
12/29/1987,7.098
12/30/1987,7.098
12/31/1987,7.098
1/1/1988,7.098
1/2/1988,7.098
1/3/1988,7.098
1/4/1988,7.088
1/5/1988,7.088
1/6/1988,7.078
1/7/1988,7.058
1/8/1988,7.068
1/9/1988,7.058
1/10/1988,7.008
1/11/1988,6.988
1/12/1988,6.998
1/13/1988,7.008
1/14/1988,6.988
1/15/1988,7.008
1/16/1988,7.018
1/17/1988,7.008
1/18/1988,7.028
1/19/1988,7.028
1/20/1988,6.978
1/21/1988,6.998
1/22/1988,6.978
1/23/1988,6.968
1/24/1988,6.968
1/25/1988,6.988
1/26/1988,6.998
1/27/1988,6.978
1/28/1988,6.998
1/29/1988,7.008
1/30/1988,6.998
1/31/1988,6.978
2/1/1988,7.008
2/2/1988,7.018
2/3/1988,7.018
2/4/1988,7.018
2/5/1988,7.008
2/6/1988,7.018
2/7/1988,7.008
2/8/1988,7.008
2/9/1988,7.008
2/10/1988,7.008
2/11/1988,7.008
2/12/1988,6.988
2/13/1988,6.988
2/14/1988,6.968
2/15/1988,6.938
2/16/1988,6.958
2/17/1988,6.948
2/18/1988,6.908
2/19/1988,6.908
2/20/1988,6.878
2/21/1988,6.888
2/22/1988,6.898
2/23/1988,6.898
2/24/1988,6.888
2/25/1988,6.938
2/26/1988,6.928
2/27/1988,6.938
2/28/1988,6.898
2/29/1988,6.898
3/1/1988,6.918
3/2/1988,6.958
3/3/1988,7.058
3/4/1988,6.988
3/5/1988,6.948
3/6/1988,6.968
3/7/1988,6.948
3/8/1988,6.908
3/9/1988,6.898
3/10/1988,6.848
3/11/1988,6.818
3/12/1988,6.808
3/13/1988,6.828
3/14/1988,6.818
3/15/1988,7.268
3/16/1988,7.248
3/17/1988,7.048
3/18/1988,6.918
3/19/1988,6.888
3/20/1988,7.058
3/21/1988,6.998
3/22/1988,6.958
3/23/1988,6.708
3/24/1988,6.628
3/25/1988,6.838
3/26/1988,6.868
3/27/1988,6.868
3/28/1988,6.828
3/29/1988,6.798
3/30/1988,6.818
3/31/1988,6.838
4/1/1988,6.798
4/2/1988,6.738
4/3/1988,6.788
4/4/1988,6.808
4/5/1988,6.758
4/6/1988,6.738
4/7/1988,6.758
4/8/1988,6.768
4/9/1988,6.768
4/10/1988,6.788
4/11/1988,6.788
4/12/1988,6.718
4/13/1988,6.768
4/14/1988,6.738
4/15/1988,7.058
4/16/1988,7.178
4/17/1988,7.428
4/18/1988,7.118
4/19/1988,7.098
4/20/1988,6.968
4/21/1988,7.048
4/22/1988,7.458
4/23/1988,7.408
4/24/1988,7.278
4/25/1988,7.038
4/26/1988,7.088
4/27/1988,7.038
4/28/1988,6.978
4/29/1988,6.978
4/30/1988,6.978
5/1/1988,6.818
5/2/1988,6.888
5/3/1988,6.918
5/4/1988,6.898
5/5/1988,6.868
5/6/1988,6.878
5/7/1988,6.878
5/8/1988,6.828
5/9/1988,7.648
5/10/1988,8.378
5/11/1988,8.078
5/12/1988,7.838
5/13/1988,8.748
5/14/1988,7.938
5/15/1988,7.948
5/16/1988,8.678
5/17/1988,8.238
5/18/1988,8.008
5/19/1988,7.798
5/20/1988,7.788
5/21/1988,7.728
5/22/1988,8.128
5/23/1988,10.178
5/24/1988,9.958
5/25/1988,9.848
5/26/1988,9.748
5/27/1988,9.368
5/28/1988,8.988
5/29/1988,8.708
5/30/1988,9.848
5/31/1988,10.268
6/1/1988,9.658
6/2/1988,9.138
6/3/1988,8.778
6/4/1988,8.598
6/5/1988,8.568
6/6/1988,8.258
6/7/1988,8.058
6/8/1988,8.088
6/9/1988,8.228
6/10/1988,7.928
6/11/1988,7.858
6/12/1988,7.868
6/13/1988,8.008
6/14/1988,7.988
6/15/1988,7.858
6/16/1988,7.788
6/17/1988,7.788
6/18/1988,7.718
6/19/1988,7.558
6/20/1988,7.478
6/21/1988,7.408
6/22/1988,7.338
6/23/1988,7.418
6/24/1988,8.428
6/25/1988,8.648
6/26/1988,8.678
6/27/1988,8.918
6/28/1988,8.718
6/29/1988,8.398
6/30/1988,8.158
7/1/1988,7.968
7/2/1988,7.868
7/3/1988,7.918
7/4/1988,8.258
7/5/1988,10.388
7/6/1988,10.998
7/7/1988,11.258
7/8/1988,11.558
7/9/1988,11.768
7/10/1988,11.488
7/11/1988,10.708
7/12/1988,10.478
7/13/1988,10.158
7/14/1988,10.098
7/15/1988,10.098
7/16/1988,10.028
7/17/1988,9.948
7/18/1988,10.088
7/19/1988,10.018
7/20/1988,9.788
7/21/1988,9.578
7/22/1988,9.408
7/23/1988,9.208
7/24/1988,9.108
7/25/1988,9.108
7/26/1988,9.108
7/27/1988,8.938
7/28/1988,8.748
7/29/1988,8.568
7/30/1988,8.528
7/31/1988,8.388
8/1/1988,8.758
8/2/1988,8.718
8/3/1988,8.418
8/4/1988,8.208
8/5/1988,8.248
8/6/1988,8.198
8/7/1988,8.368
8/8/1988,8.168
8/9/1988,8.028
8/10/1988,8.018
8/11/1988,8.598
8/12/1988,8.988
8/13/1988,8.998
8/14/1988,9.908
8/15/1988,10.398
8/16/1988,10.538
8/17/1988,10.488
8/18/1988,10.278
8/19/1988,10.028
8/20/1988,9.808
8/21/1988,9.708
8/22/1988,9.768
8/23/1988,9.658
8/24/1988,9.668
8/25/1988,9.778
8/26/1988,9.678
8/27/1988,9.508
8/28/1988,9.338
8/29/1988,9.878
8/30/1988,10.318
8/31/1988,9.768
9/1/1988,9.498
9/2/1988,9.408
9/3/1988,9.338
9/4/1988,9.478
9/5/1988,10.408
9/6/1988,10.438
9/7/1988,10.268
9/8/1988,10.058
9/9/1988,10.028
9/10/1988,9.988
9/11/1988,9.868
9/12/1988,9.808
9/13/1988,9.898
9/14/1988,9.808
9/15/1988,9.558
9/16/1988,9.318
9/17/1988,9.248
9/18/1988,9.138
9/19/1988,8.918
9/20/1988,9.578
9/21/1988,9.708
9/22/1988,9.348
9/23/1988,9.188
9/24/1988,8.878
9/25/1988,8.678
9/26/1988,8.528
9/27/1988,8.418
9/28/1988,8.308
9/29/1988,8.198
9/30/1988,8.378
10/1/1988,8.288
10/2/1988,8.258
10/3/1988,8.248
10/4/1988,8.278
10/5/1988,9.308
10/6/1988,8.998
10/7/1988,9.238
10/8/1988,8.678
10/9/1988,8.508
10/10/1988,8.368
10/11/1988,8.248
10/12/1988,8.178
10/13/1988,8.078
10/14/1988,8.518
10/15/1988,8.518
10/16/1988,8.268
10/17/1988,8.118
10/18/1988,8.028
10/19/1988,8.658
10/20/1988,9.218
10/21/1988,9.058
10/22/1988,8.798
10/23/1988,8.588
10/24/1988,8.438
10/25/1988,8.328
10/26/1988,8.238
10/27/1988,8.128
10/28/1988,8.038
10/29/1988,7.938
10/30/1988,7.858
10/31/1988,7.788
11/1/1988,7.708
11/2/1988,7.658
11/3/1988,7.598
11/4/1988,7.558
11/5/1988,7.548
11/6/1988,7.568
11/7/1988,7.548
11/8/1988,7.538
11/9/1988,7.518
11/10/1988,7.498
11/11/1988,7.488
11/12/1988,7.478
11/13/1988,7.468
11/14/1988,7.458
11/15/1988,7.438
11/16/1988,7.428
11/17/1988,7.418
11/18/1988,7.398
11/19/1988,7.378
11/20/1988,7.388
11/21/1988,7.408
11/22/1988,7.398
11/23/1988,7.368
11/24/1988,7.338
11/25/1988,7.338
11/26/1988,7.338
11/27/1988,7.338
11/28/1988,7.378
11/29/1988,7.678
11/30/1988,7.758
12/1/1988,8.048
12/2/1988,7.768
12/3/1988,7.608
12/4/1988,7.538
12/5/1988,7.468
12/6/1988,7.438
12/7/1988,7.388
12/8/1988,7.368
12/9/1988,7.338
12/10/1988,7.318
12/11/1988,7.318
12/12/1988,7.318
12/13/1988,7.308
12/14/1988,7.308
12/15/1988,7.298
12/16/1988,7.298
12/17/1988,7.298
12/18/1988,7.288
12/19/1988,7.288
12/20/1988,7.288
12/21/1988,7.268
12/22/1988,7.258
12/23/1988,7.248
12/24/1988,7.228
12/25/1988,7.228
12/26/1988,7.228
12/27/1988,7.228
12/28/1988,7.228
12/29/1988,7.218
12/30/1988,7.158
12/31/1988,7.088
1/1/1989,7.158
1/2/1989,7.148
1/3/1989,7.218
1/4/1989,7.248
1/5/1989,7.198
1/6/1989,7.118
1/7/1989,7.208
1/8/1989,7.178
1/9/1989,7.168
1/10/1989,7.188
1/11/1989,7.168
1/12/1989,7.208
1/13/1989,7.188
1/14/1989,7.168
1/15/1989,7.178
1/16/1989,7.168
1/17/1989,7.198
1/18/1989,7.198
1/19/1989,7.148
1/20/1989,7.198
1/21/1989,7.198
1/22/1989,7.198
1/23/1989,7.178
1/24/1989,7.168
1/25/1989,7.188
1/26/1989,7.128
1/27/1989,7.178
1/28/1989,7.408
1/29/1989,6.908
1/30/1989,7.118
1/31/1989,7.108
2/1/1989,7.068
2/2/1989,7.038
2/3/1989,7.078
2/4/1989,7.078
2/5/1989,7.078
2/6/1989,7.058
2/7/1989,7.088
2/8/1989,7.058
2/9/1989,7.038
2/10/1989,7.028
2/11/1989,7.018
2/12/1989,7.018
2/13/1989,7.018
2/14/1989,7.028
2/15/1989,7.018
2/16/1989,7.018
2/17/1989,7.008
2/18/1989,7.018
2/19/1989,7.008
2/20/1989,7.108
2/21/1989,7.138
2/22/1989,7.088
2/23/1989,7.058
2/24/1989,7.048
2/25/1989,7.008
2/26/1989,7.028
2/27/1989,7.038
2/28/1989,7.068
3/1/1989,6.998
3/2/1989,6.988
3/3/1989,7.008
3/4/1989,7.008
3/5/1989,7.018
3/6/1989,6.988
3/7/1989,6.968
3/8/1989,6.988
3/9/1989,6.968
3/10/1989,6.998
3/11/1989,6.958
3/12/1989,6.988
3/13/1989,6.968
3/14/1989,6.948
3/15/1989,6.918
3/16/1989,6.958
3/17/1989,6.938
3/18/1989,6.918
3/19/1989,6.898
3/20/1989,6.918
3/21/1989,6.908
3/22/1989,6.888
3/23/1989,6.888
3/24/1989,6.898
3/25/1989,6.878
3/26/1989,6.838
3/27/1989,6.888
3/28/1989,6.908
3/29/1989,6.888
3/30/1989,6.888
3/31/1989,6.888
4/1/1989,6.868
4/2/1989,6.868
4/3/1989,7.068
4/4/1989,7.068
4/5/1989,6.998
4/6/1989,6.998
4/7/1989,6.998
4/8/1989,6.988
4/9/1989,6.908
4/10/1989,6.868
4/11/1989,6.888
4/12/1989,6.918
4/13/1989,6.918
4/14/1989,6.928
4/15/1989,6.888
4/16/1989,6.868
4/17/1989,6.868
4/18/1989,6.868
4/19/1989,6.868
4/20/1989,6.858
4/21/1989,6.858
4/22/1989,6.838
4/23/1989,6.838
4/24/1989,6.918
4/25/1989,6.828
4/26/1989,6.868
4/27/1989,6.868
4/28/1989,7.008
4/29/1989,7.108
4/30/1989,7.618
5/1/1989,7.518
5/2/1989,7.258
5/3/1989,7.028
5/4/1989,7.018
5/5/1989,6.958
5/6/1989,6.938
5/7/1989,6.928
5/8/1989,6.938
5/9/1989,6.938
5/10/1989,6.848
5/11/1989,6.858
5/12/1989,6.838
5/13/1989,6.758
5/14/1989,6.898
5/15/1989,6.858
5/16/1989,7.028
5/17/1989,7.498
5/18/1989,7.358
5/19/1989,7.118
5/20/1989,7.148
5/21/1989,7.148
5/22/1989,7.058
5/23/1989,7.008
5/24/1989,7.348
5/25/1989,7.078
5/26/1989,7.498
5/27/1989,7.308
5/28/1989,7.148
5/29/1989,7.138
5/30/1989,7.128
5/31/1989,6.918
6/1/1989,6.898
6/2/1989,6.928
6/3/1989,6.998
6/4/1989,7.308
6/5/1989,7.308
6/6/1989,7.378
6/7/1989,7.718
6/8/1989,7.858
6/9/1989,7.438
6/10/1989,7.308
6/11/1989,7.558
6/12/1989,7.548
6/13/1989,7.548
6/14/1989,7.728
6/15/1989,9.128
6/16/1989,9.648
6/17/1989,9.118
6/18/1989,8.648
6/19/1989,8.348
6/20/1989,8.218
6/21/1989,7.908
6/22/1989,7.678
6/23/1989,7.538
6/24/1989,7.398
6/25/1989,7.248
6/26/1989,7.158
6/27/1989,7.178
6/28/1989,7.118
6/29/1989,7.048
6/30/1989,7.018
7/1/1989,7.008
7/2/1989,8.298
7/3/1989,9.378
7/4/1989,9.468
7/5/1989,9.018
7/6/1989,8.528
7/7/1989,8.138
7/8/1989,7.968
7/9/1989,7.788
7/10/1989,7.598
7/11/1989,7.508
7/12/1989,7.598
7/13/1989,8.718
7/14/1989,8.548
7/15/1989,8.668
7/16/1989,8.368
7/17/1989,8.108
7/18/1989,7.948
7/19/1989,7.948
7/20/1989,7.898
7/21/1989,7.678
7/22/1989,7.578
7/23/1989,7.548
7/24/1989,7.448
7/25/1989,7.358
7/26/1989,7.218
7/27/1989,7.178
7/28/1989,7.218
7/29/1989,8.488
7/30/1989,10.078
7/31/1989,9.668
8/1/1989,9.428
8/2/1989,9.028
8/3/1989,8.508
8/4/1989,8.318
8/5/1989,8.078
8/6/1989,8.048
8/7/1989,7.988
8/8/1989,7.868
8/9/1989,7.788
8/10/1989,7.708
8/11/1989,8.018
8/12/1989,8.288
8/13/1989,7.948
8/14/1989,7.868
8/15/1989,7.728
8/16/1989,7.568
8/17/1989,7.478
8/18/1989,7.448
8/19/1989,7.358
8/20/1989,7.288
8/21/1989,7.308
8/22/1989,7.458
8/23/1989,7.478
8/24/1989,7.548
8/25/1989,7.428
8/26/1989,7.388
8/27/1989,7.348
8/28/1989,7.448
8/29/1989,7.458
8/30/1989,7.328
8/31/1989,7.268
9/1/1989,7.228
9/2/1989,7.158
9/3/1989,7.128
9/4/1989,7.148
9/5/1989,7.668
9/6/1989,7.988
9/7/1989,7.728
9/8/1989,7.648
9/9/1989,7.458
9/10/1989,8.648
9/11/1989,8.878
9/12/1989,8.228
9/13/1989,8.018
9/14/1989,7.978
9/15/1989,7.828
9/16/1989,7.578
9/17/1989,7.778
9/18/1989,7.738
9/19/1989,7.578
9/20/1989,7.538
9/21/1989,7.488
9/22/1989,7.428
9/23/1989,8.218
9/24/1989,7.808
9/25/1989,7.668
9/26/1989,7.688
9/27/1989,7.798
9/28/1989,7.778
9/29/1989,7.738
9/30/1989,7.608
10/1/1989,7.488
10/2/1989,7.378
10/3/1989,7.318
10/4/1989,7.178
10/5/1989,7.218
10/6/1989,7.338
10/7/1989,8.018
10/8/1989,7.758
10/9/1989,7.888
10/10/1989,9.058
10/11/1989,10.148
10/12/1989,10.518
10/13/1989,9.788
10/14/1989,9.068
10/15/1989,8.718
10/16/1989,8.488
10/17/1989,8.328
10/18/1989,8.628
10/19/1989,9.288
10/20/1989,8.928
10/21/1989,8.658
10/22/1989,8.228
10/23/1989,8.278
10/24/1989,8.168
10/25/1989,7.818
10/26/1989,7.938
10/27/1989,7.778
10/28/1989,7.698
10/29/1989,7.648
10/30/1989,7.518
10/31/1989,7.538
11/1/1989,7.808
11/2/1989,7.658
11/3/1989,7.498
11/4/1989,7.528
11/5/1989,7.458
11/6/1989,7.408
11/7/1989,7.308
11/8/1989,7.328
11/9/1989,7.298
11/10/1989,7.218
11/11/1989,7.228
11/12/1989,7.188
11/13/1989,7.188
11/14/1989,7.238
11/15/1989,7.138
11/16/1989,7.178
11/17/1989,7.148
11/18/1989,7.148
11/19/1989,7.148
11/20/1989,7.148
11/21/1989,7.068
11/22/1989,7.128
11/23/1989,7.118
11/24/1989,7.098
11/25/1989,7.108
11/26/1989,7.028
11/27/1989,7.118
11/28/1989,7.128
11/29/1989,7.118
11/30/1989,7.118
12/1/1989,7.058
12/2/1989,7.068
12/3/1989,7.138
12/4/1989,7.048
12/5/1989,7.078
12/6/1989,7.028
12/7/1989,7.028
12/8/1989,7.108
12/9/1989,6.878
12/10/1989,7.108
12/11/1989,7.028
12/12/1989,7.058
12/13/1989,6.978
12/14/1989,7.088
12/15/1989,6.968
12/16/1989,7.028
12/17/1989,7.048
12/18/1989,7.058
12/19/1989,7.048
12/20/1989,6.998
12/21/1989,7.028
12/22/1989,6.998
12/23/1989,6.958
12/24/1989,6.968
12/25/1989,7.008
12/26/1989,6.958
12/27/1989,6.998
12/28/1989,6.978
12/29/1989,6.978
12/30/1989,6.938
12/31/1989,6.978
1/1/1990,7.028
1/2/1990,6.998
1/3/1990,6.948
1/4/1990,6.968
1/5/1990,6.908
1/6/1990,6.938
1/7/1990,6.958
1/8/1990,6.938
1/9/1990,6.968
1/10/1990,6.988
1/11/1990,7.018
1/12/1990,6.988
1/13/1990,6.908
1/14/1990,6.948
1/15/1990,6.928
1/16/1990,6.978
1/17/1990,6.938
1/18/1990,6.978
1/19/1990,6.938
1/20/1990,6.978
1/21/1990,6.828
1/22/1990,6.988
1/23/1990,6.928
1/24/1990,6.928
1/25/1990,6.878
1/26/1990,6.808
1/27/1990,6.858
1/28/1990,6.838
1/29/1990,6.878
1/30/1990,6.808
1/31/1990,6.758
2/1/1990,6.848
2/2/1990,6.848
2/3/1990,6.868
2/4/1990,6.878
2/5/1990,6.838
2/6/1990,6.828
2/7/1990,6.768
2/8/1990,6.818
2/9/1990,6.838
2/10/1990,6.738
2/11/1990,6.868
2/12/1990,6.808
2/13/1990,6.858
2/14/1990,6.828
2/15/1990,6.798
2/16/1990,6.818
2/17/1990,6.808
2/18/1990,6.878
2/19/1990,6.888
2/20/1990,6.868
2/21/1990,6.778
2/22/1990,6.938
2/23/1990,6.858
2/24/1990,6.898
2/25/1990,6.808
2/26/1990,6.858
2/27/1990,6.838
2/28/1990,6.708
3/1/1990,6.848
3/2/1990,6.848
3/3/1990,6.918
3/4/1990,7.368
3/5/1990,7.168
3/6/1990,7.068
3/7/1990,6.958
3/8/1990,6.978
3/9/1990,6.888
3/10/1990,6.888
3/11/1990,6.938
3/12/1990,6.958
3/13/1990,6.928
3/14/1990,6.748
3/15/1990,6.808
3/16/1990,6.888
3/17/1990,6.838
3/18/1990,6.808
3/19/1990,6.858
3/20/1990,6.778
3/21/1990,6.818
3/22/1990,6.728
3/23/1990,6.848
3/24/1990,7.768
3/25/1990,9.268
3/26/1990,8.868
3/27/1990,8.338
3/28/1990,7.948
3/29/1990,7.838
3/30/1990,7.798
3/31/1990,7.608
4/1/1990,7.438
4/2/1990,7.448
4/3/1990,7.768
4/4/1990,7.598
4/5/1990,7.168
4/6/1990,7.068
4/7/1990,7.168
4/8/1990,7.108
4/9/1990,7.178
4/10/1990,7.248
4/11/1990,7.268
4/12/1990,7.138
4/13/1990,7.078
4/14/1990,7.108
4/15/1990,7.038
4/16/1990,7.018
4/17/1990,6.988
4/18/1990,7.008
4/19/1990,6.988
4/20/1990,6.988
4/21/1990,7.268
4/22/1990,7.338
4/23/1990,7.268
4/24/1990,7.368
4/25/1990,7.678
4/26/1990,7.298
4/27/1990,7.408
4/28/1990,7.228
4/29/1990,8.428
4/30/1990,8.368
5/1/1990,7.908
5/2/1990,7.808
5/3/1990,7.618
5/4/1990,7.398
5/5/1990,7.368
5/6/1990,7.138
5/7/1990,7.128
5/8/1990,7.148
5/9/1990,7.068
5/10/1990,7.018
5/11/1990,7.018
5/12/1990,6.988
5/13/1990,6.988
5/14/1990,7.028
5/15/1990,8.318
5/16/1990,10.368
5/17/1990,9.508
5/18/1990,9.008
5/19/1990,8.748
5/20/1990,8.358
5/21/1990,8.608
5/22/1990,8.018
5/23/1990,8.048
5/24/1990,7.978
5/25/1990,7.828
5/26/1990,7.988
5/27/1990,7.968
5/28/1990,7.758
5/29/1990,8.668
5/30/1990,8.698
5/31/1990,8.318
6/1/1990,8.548
6/2/1990,9.018
6/3/1990,8.908
6/4/1990,8.918
6/5/1990,8.648
6/6/1990,8.868
6/7/1990,8.808
6/8/1990,8.598
6/9/1990,8.398
6/10/1990,9.418
6/11/1990,9.598
6/12/1990,9.258
6/13/1990,8.928
6/14/1990,8.668
6/15/1990,8.448
6/16/1990,8.248
6/17/1990,8.088
6/18/1990,7.978
6/19/1990,7.958
6/20/1990,7.958
6/21/1990,7.778
6/22/1990,7.628
6/23/1990,7.758
6/24/1990,8.008
6/25/1990,7.908
6/26/1990,7.938
6/27/1990,7.878
6/28/1990,7.868
6/29/1990,7.768
6/30/1990,7.988
7/1/1990,9.508
7/2/1990,8.898
7/3/1990,8.578
7/4/1990,8.688
7/5/1990,9.248
7/6/1990,9.198
7/7/1990,9.008
7/8/1990,8.798
7/9/1990,9.058
7/10/1990,9.288
7/11/1990,9.148
7/12/1990,8.978
7/13/1990,8.808
7/14/1990,8.748
7/15/1990,8.568
7/16/1990,8.338
7/17/1990,8.188
7/18/1990,8.148
7/19/1990,8.188
7/20/1990,8.068
7/21/1990,7.968
7/22/1990,7.908
7/23/1990,8.138
7/24/1990,7.998
7/25/1990,7.858
7/26/1990,7.818
7/27/1990,8.278
7/28/1990,8.978
7/29/1990,8.778
7/30/1990,8.528
7/31/1990,8.528
8/1/1990,9.018
8/2/1990,9.228
8/3/1990,9.128
8/4/1990,9.098
8/5/1990,8.888
8/6/1990,9.148
8/7/1990,10.078
8/8/1990,9.868
8/9/1990,9.468
8/10/1990,9.168
8/11/1990,8.938
8/12/1990,8.748
8/13/1990,8.628
8/14/1990,8.668
8/15/1990,8.698
8/16/1990,8.508
8/17/1990,8.358
8/18/1990,8.248
8/19/1990,8.108
8/20/1990,8.008
8/21/1990,7.938
8/22/1990,7.828
8/23/1990,7.768
8/24/1990,7.748
8/25/1990,7.788
8/26/1990,7.988
8/27/1990,8.068
8/28/1990,8.188
8/29/1990,8.108
8/30/1990,7.988
8/31/1990,7.788
9/1/1990,7.758
9/2/1990,7.798
9/3/1990,7.878
9/4/1990,7.738
9/5/1990,7.618
9/6/1990,7.618
9/7/1990,7.628
9/8/1990,7.618
9/9/1990,7.558
9/10/1990,7.488
9/11/1990,8.168
9/12/1990,8.448
9/13/1990,8.138
9/14/1990,8.028
9/15/1990,7.938
9/16/1990,7.858
9/17/1990,7.698
9/18/1990,8.048
9/19/1990,8.308
9/20/1990,8.038
9/21/1990,8.058
9/22/1990,7.968
9/23/1990,7.738
9/24/1990,7.708
9/25/1990,7.788
9/26/1990,7.798
9/27/1990,7.828
9/28/1990,8.028
9/29/1990,8.028
9/30/1990,8.108
10/1/1990,8.158
10/2/1990,8.088
10/3/1990,7.988
10/4/1990,7.898
10/5/1990,7.788
10/6/1990,7.678
10/7/1990,7.588
10/8/1990,8.008
10/9/1990,9.708
10/10/1990,10.558
10/11/1990,10.368
10/12/1990,9.938
10/13/1990,9.748
10/14/1990,9.548
10/15/1990,9.318
10/16/1990,9.128
10/17/1990,8.958
10/18/1990,8.678
10/19/1990,8.338
10/20/1990,8.168
10/21/1990,8.068
10/22/1990,7.968
10/23/1990,7.878
10/24/1990,7.808
10/25/1990,7.728
10/26/1990,7.678
10/27/1990,7.628
10/28/1990,7.598
10/29/1990,7.568
10/30/1990,7.518
10/31/1990,7.498
11/1/1990,7.478
11/2/1990,7.458
11/3/1990,7.448
11/4/1990,7.478
11/5/1990,7.688
11/6/1990,8.008
11/7/1990,8.188
11/8/1990,8.648
11/9/1990,8.198
11/10/1990,8.008
11/11/1990,7.938
11/12/1990,7.888
11/13/1990,7.848
11/14/1990,7.718
11/15/1990,7.628
11/16/1990,7.248
11/17/1990,7.478
11/18/1990,7.428
11/19/1990,7.408
11/20/1990,7.398
11/21/1990,7.388
11/22/1990,7.388
11/23/1990,7.358
11/24/1990,7.358
11/25/1990,7.328
11/26/1990,7.308
11/27/1990,7.308
11/28/1990,7.308
11/29/1990,7.288
11/30/1990,7.288
12/1/1990,7.278
12/2/1990,7.258
12/3/1990,7.288
12/4/1990,7.268
12/5/1990,7.278
12/6/1990,7.188
12/7/1990,7.278
12/8/1990,7.238
12/9/1990,7.318
12/10/1990,7.208
12/11/1990,7.278
12/12/1990,7.238
12/13/1990,7.158
12/14/1990,7.178
12/15/1990,7.128
12/16/1990,7.138
12/17/1990,7.158
12/18/1990,7.158
12/19/1990,7.458
12/20/1990,7.588
12/21/1990,7.408
12/22/1990,7.308
12/23/1990,7.258
12/24/1990,7.168
12/25/1990,7.168
12/26/1990,7.198
12/27/1990,7.218
12/28/1990,7.118
12/29/1990,7.108
12/30/1990,7.068
12/31/1990,7.128
1/1/1991,7.018
1/2/1991,7.078
1/3/1991,7.108
1/4/1991,7.248
1/5/1991,7.318
1/6/1991,7.238
1/7/1991,7.118
1/8/1991,7.138
1/9/1991,7.088
1/10/1991,7.078
1/11/1991,7.028
1/12/1991,7.018
1/13/1991,7.018
1/14/1991,6.988
1/15/1991,7.038
1/16/1991,7.058
1/17/1991,7.088
1/18/1991,7.088
1/19/1991,7.068
1/20/1991,7.058
1/21/1991,7.018
1/22/1991,7.058
1/23/1991,7.078
1/24/1991,7.078
1/25/1991,7.048
1/26/1991,7.098
1/27/1991,6.948
1/28/1991,7.038
1/29/1991,7.068
1/30/1991,7.008
1/31/1991,7.058
2/1/1991,6.948
2/2/1991,6.968
2/3/1991,7.048
2/4/1991,7.688
2/5/1991,7.898
2/6/1991,7.498
2/7/1991,7.408
2/8/1991,7.278
2/9/1991,7.218
2/10/1991,7.188
2/11/1991,7.118
2/12/1991,7.088
2/13/1991,7.018
2/14/1991,6.938
2/15/1991,6.998
2/16/1991,6.928
2/17/1991,6.968
2/18/1991,6.938
2/19/1991,6.948
2/20/1991,6.938
2/21/1991,6.888
2/22/1991,6.908
2/23/1991,6.898
2/24/1991,6.848
2/25/1991,6.898
2/26/1991,6.868
2/27/1991,6.888
2/28/1991,6.868
3/1/1991,6.878
3/2/1991,6.898
3/3/1991,6.818
3/4/1991,6.798
3/5/1991,6.878
3/6/1991,6.898
3/7/1991,6.958
3/8/1991,6.668
3/9/1991,7.048
3/10/1991,7.018
3/11/1991,6.968
3/12/1991,6.648
3/13/1991,6.968
3/14/1991,6.828
3/15/1991,6.918
3/16/1991,6.918
3/17/1991,6.908
3/18/1991,6.948
3/19/1991,6.858
3/20/1991,6.818
3/21/1991,6.908
3/22/1991,6.918
3/23/1991,6.918
3/24/1991,6.928
3/25/1991,6.898
3/26/1991,6.898
3/27/1991,6.828
3/28/1991,6.818
3/29/1991,6.828
3/30/1991,6.808
3/31/1991,6.928
4/1/1991,7.128
4/2/1991,7.068
4/3/1991,7.128
4/4/1991,7.198
4/5/1991,7.388
4/6/1991,7.998
4/7/1991,8.028
4/8/1991,7.608
4/9/1991,7.228
4/10/1991,7.208
4/11/1991,7.188
4/12/1991,7.208
4/13/1991,7.068
4/14/1991,7.028
4/15/1991,6.998
4/16/1991,6.938
4/17/1991,6.908
4/18/1991,6.898
4/19/1991,6.848
4/20/1991,6.838
4/21/1991,6.908
4/22/1991,6.878
4/23/1991,6.918
4/24/1991,6.808
4/25/1991,6.828
4/26/1991,6.758
4/27/1991,6.788
4/28/1991,6.828
4/29/1991,6.798
4/30/1991,6.998
5/1/1991,8.048
5/2/1991,7.508
5/3/1991,8.118
5/4/1991,7.998
5/5/1991,7.688
5/6/1991,8.238
5/7/1991,9.228
5/8/1991,9.678
5/9/1991,9.738
5/10/1991,10.178
5/11/1991,9.718
5/12/1991,9.578
5/13/1991,9.148
5/14/1991,9.058
5/15/1991,9.358
5/16/1991,9.298
5/17/1991,9.058
5/18/1991,9.228
5/19/1991,9.448
5/20/1991,10.388
5/21/1991,10.298
5/22/1991,10.078
5/23/1991,10.128
5/24/1991,9.938
5/25/1991,10.218
5/26/1991,10.118
5/27/1991,10.048
5/28/1991,9.898
5/29/1991,9.758
5/30/1991,9.618
5/31/1991,9.498
6/1/1991,9.388
6/2/1991,9.698
6/3/1991,10.438
6/4/1991,10.218
6/5/1991,10.008
6/6/1991,10.198
6/7/1991,10.088
6/8/1991,9.888
6/9/1991,9.708
6/10/1991,9.608
6/11/1991,9.858
6/12/1991,10.178
6/13/1991,10.068
6/14/1991,10.138
6/15/1991,10.098
6/16/1991,10.158
6/17/1991,10.738
6/18/1991,10.748
6/19/1991,10.678
6/20/1991,10.408
6/21/1991,10.178
6/22/1991,9.978
6/23/1991,9.848
6/24/1991,10.008
6/25/1991,9.948
6/26/1991,9.688
6/27/1991,9.608
6/28/1991,9.408
6/29/1991,9.308
6/30/1991,9.038
7/1/1991,8.838
7/2/1991,8.858
7/3/1991,8.988
7/4/1991,8.858
7/5/1991,8.848
7/6/1991,9.068
7/7/1991,8.678
7/8/1991,8.508
7/9/1991,8.408
7/10/1991,8.358
7/11/1991,8.268
7/12/1991,8.288
7/13/1991,7.968
7/14/1991,7.888
7/15/1991,7.838
7/16/1991,8.158
7/17/1991,8.288
7/18/1991,8.408
7/19/1991,8.938
7/20/1991,8.808
7/21/1991,8.448
7/22/1991,8.508
7/23/1991,8.938
7/24/1991,8.948
7/25/1991,8.748
7/26/1991,8.648
7/27/1991,9.278
7/28/1991,9.058
7/29/1991,9.158
7/30/1991,8.818
7/31/1991,9.688
8/1/1991,10.178
8/2/1991,10.708
8/3/1991,11.368
8/4/1991,11.378
8/5/1991,11.018
8/6/1991,10.648
8/7/1991,10.448
8/8/1991,10.298
8/9/1991,10.098
8/10/1991,9.888
8/11/1991,9.728
8/12/1991,9.588
8/13/1991,9.368
8/14/1991,9.128
8/15/1991,9.008
8/16/1991,8.848
8/17/1991,8.718
8/18/1991,8.668
8/19/1991,8.518
8/20/1991,8.358
8/21/1991,8.248
8/22/1991,8.358
8/23/1991,8.478
8/24/1991,8.338
8/25/1991,8.338
8/26/1991,8.248
8/27/1991,8.128
8/28/1991,8.628
8/29/1991,8.898
8/30/1991,8.498
8/31/1991,8.348
9/1/1991,8.748
9/2/1991,8.628
9/3/1991,8.738
9/4/1991,8.788
9/5/1991,8.768
9/6/1991,9.068
9/7/1991,9.298
9/8/1991,10.028
9/9/1991,9.658
9/10/1991,9.438
9/11/1991,9.468
9/12/1991,9.278
9/13/1991,9.548
9/14/1991,9.798
9/15/1991,9.758
9/16/1991,9.658
9/17/1991,9.548
9/18/1991,9.428
9/19/1991,9.318
9/20/1991,9.218
9/21/1991,9.078
9/22/1991,8.948
9/23/1991,9.048
9/24/1991,9.148
9/25/1991,9.708
9/26/1991,9.818
9/27/1991,10.108
9/28/1991,9.858
9/29/1991,9.548
9/30/1991,9.308
10/1/1991,9.098
10/2/1991,8.908
10/3/1991,8.688
10/4/1991,8.818
10/5/1991,8.898
10/6/1991,9.068
10/7/1991,9.038
10/8/1991,9.028
10/9/1991,9.448
10/10/1991,9.098
10/11/1991,8.868
10/12/1991,8.698
10/13/1991,8.748
10/14/1991,9.928
10/15/1991,9.888
10/16/1991,9.878
10/17/1991,9.638
10/18/1991,9.388
10/19/1991,9.128
10/20/1991,8.938
10/21/1991,8.738
10/22/1991,8.588
10/23/1991,8.448
10/24/1991,8.358
10/25/1991,8.238
10/26/1991,8.178
10/27/1991,8.118
10/28/1991,8.058
10/29/1991,8.008
10/30/1991,8.068
10/31/1991,8.228
11/1/1991,9.808
11/2/1991,9.018
11/3/1991,8.918
11/4/1991,8.778
11/5/1991,8.618
11/6/1991,8.458
11/7/1991,8.378
11/8/1991,8.248
11/9/1991,8.148
11/10/1991,8.058
11/11/1991,7.998
11/12/1991,7.938
11/13/1991,7.838
11/14/1991,7.788
11/15/1991,7.768
11/16/1991,7.708
11/17/1991,7.658
11/18/1991,7.638
11/19/1991,7.608
11/20/1991,7.598
11/21/1991,7.588
11/22/1991,7.588
11/23/1991,7.568
11/24/1991,7.568
11/25/1991,7.528
11/26/1991,7.178
11/27/1991,7.478
11/28/1991,7.478
11/29/1991,7.458
11/30/1991,7.538
12/1/1991,7.488
12/2/1991,7.478
12/3/1991,7.428
12/4/1991,7.428
12/5/1991,7.428
12/6/1991,7.448
12/7/1991,7.438
12/8/1991,7.398
12/9/1991,7.418
12/10/1991,7.438
12/11/1991,7.418
12/12/1991,7.408
12/13/1991,7.428
12/14/1991,7.408
12/15/1991,7.398
12/16/1991,7.388
12/17/1991,7.358
12/18/1991,7.348
12/19/1991,7.378
12/20/1991,7.368
12/21/1991,7.358
12/22/1991,7.368
12/23/1991,7.358
12/24/1991,7.388
12/25/1991,7.938
12/26/1991,8.138
12/27/1991,7.878
12/28/1991,7.758
12/29/1991,7.618
12/30/1991,7.578
12/31/1991,7.518
1/1/1992,7.478
1/2/1992,7.428
1/3/1992,7.398
1/4/1992,7.398
1/5/1992,7.388
1/6/1992,7.338
1/7/1992,7.388
1/8/1992,7.298
1/9/1992,7.328
1/10/1992,7.338
1/11/1992,7.318
1/12/1992,7.308
1/13/1992,7.298
1/14/1992,7.298
1/15/1992,7.308
1/16/1992,7.298
1/17/1992,7.278
1/18/1992,7.248
1/19/1992,7.288
1/20/1992,7.318
1/21/1992,7.268
1/22/1992,7.238
1/23/1992,7.278
1/24/1992,7.288
1/25/1992,7.288
1/26/1992,7.268
1/27/1992,7.248
1/28/1992,7.268
1/29/1992,7.248
1/30/1992,7.228
1/31/1992,7.248
2/1/1992,7.278
2/2/1992,7.348
2/3/1992,7.308
2/4/1992,7.328
2/5/1992,7.288
2/6/1992,7.268
2/7/1992,7.248
2/8/1992,7.308
2/9/1992,7.398
2/10/1992,7.398
2/11/1992,7.318
2/12/1992,7.278
2/13/1992,7.248
2/14/1992,7.258
2/15/1992,7.208
2/16/1992,7.518
2/17/1992,7.348
2/18/1992,7.298
2/19/1992,7.348
2/20/1992,7.278
2/21/1992,7.258
2/22/1992,7.248
2/23/1992,7.218
2/24/1992,7.228
2/25/1992,7.228
2/26/1992,7.198
2/27/1992,7.168
2/28/1992,7.198
2/29/1992,7.188
3/1/1992,7.208
3/2/1992,7.228
3/3/1992,7.218
3/4/1992,7.198
3/5/1992,7.188
3/6/1992,7.128
3/7/1992,7.148
3/8/1992,7.108
3/9/1992,7.078
3/10/1992,7.108
3/11/1992,7.068
3/12/1992,7.068
3/13/1992,7.058
3/14/1992,6.998
3/15/1992,6.998
3/16/1992,6.998
3/17/1992,7.048
3/18/1992,6.998
3/19/1992,7.048
3/20/1992,7.048
3/21/1992,6.998
3/22/1992,6.948
3/23/1992,7.008
3/24/1992,7.008
3/25/1992,7.038
3/26/1992,6.968
3/27/1992,6.978
3/28/1992,7.028
3/29/1992,6.938
3/30/1992,6.938
3/31/1992,6.868
4/1/1992,7.018
4/2/1992,6.948
4/3/1992,6.978
4/4/1992,6.968
4/5/1992,6.948
4/6/1992,6.958
4/7/1992,6.968
4/8/1992,6.868
4/9/1992,6.998
4/10/1992,6.938
4/11/1992,6.928
4/12/1992,6.938
4/13/1992,6.908
4/14/1992,6.938
4/15/1992,6.948
4/16/1992,6.908
4/17/1992,6.958
4/18/1992,7.008
4/19/1992,7.038
4/20/1992,7.008
4/21/1992,6.928
4/22/1992,6.868
4/23/1992,6.898
4/24/1992,6.988
4/25/1992,6.988
4/26/1992,6.968
4/27/1992,6.958
4/28/1992,6.908
4/29/1992,6.938
4/30/1992,6.828
5/1/1992,7.098
5/2/1992,7.108
5/3/1992,7.188
5/4/1992,7.008
5/5/1992,7.028
5/6/1992,7.228
5/7/1992,7.178
5/8/1992,7.098
5/9/1992,7.068
5/10/1992,7.068
5/11/1992,7.028
5/12/1992,7.028
5/13/1992,6.968
5/14/1992,6.988
5/15/1992,7.058
5/16/1992,7.018
5/17/1992,7.028
5/18/1992,6.978
5/19/1992,6.918
5/20/1992,6.988
5/21/1992,6.988
5/22/1992,6.988
5/23/1992,7.308
5/24/1992,7.158
5/25/1992,7.068
5/26/1992,6.968
5/27/1992,7.148
5/28/1992,7.178
5/29/1992,7.388
5/30/1992,7.398
5/31/1992,7.508
6/1/1992,7.448
6/2/1992,7.308
6/3/1992,7.208
6/4/1992,7.168
6/5/1992,7.128
6/6/1992,7.108
6/7/1992,7.098
6/8/1992,7.088
6/9/1992,7.128
6/10/1992,7.168
6/11/1992,7.278
6/12/1992,7.938
6/13/1992,7.718
6/14/1992,7.488
6/15/1992,7.608
6/16/1992,7.958
6/17/1992,8.868
6/18/1992,7.958
6/19/1992,7.598
6/20/1992,7.698
6/21/1992,7.458
6/22/1992,7.358
6/23/1992,7.288
6/24/1992,7.518
6/25/1992,7.978
6/26/1992,8.298
6/27/1992,8.188
6/28/1992,8.128
6/29/1992,7.828
6/30/1992,7.448
7/1/1992,7.388
7/2/1992,7.428
7/3/1992,7.828
7/4/1992,8.168
7/5/1992,7.988
7/6/1992,7.948
7/7/1992,7.988
7/8/1992,7.698
7/9/1992,7.558
7/10/1992,7.428
7/11/1992,7.738
7/12/1992,8.118
7/13/1992,8.108
7/14/1992,7.868
7/15/1992,7.748
7/16/1992,7.678
7/17/1992,7.628
7/18/1992,7.638
7/19/1992,7.598
7/20/1992,7.518
7/21/1992,7.668
7/22/1992,7.708
7/23/1992,7.498
7/24/1992,7.608
7/25/1992,7.348
7/26/1992,7.448
7/27/1992,7.328
7/28/1992,7.368
7/29/1992,7.238
7/30/1992,7.128
7/31/1992,7.098
8/1/1992,8.098
8/2/1992,8.738
8/3/1992,9.008
8/4/1992,8.398
8/5/1992,7.948
8/6/1992,7.798
8/7/1992,7.898
8/8/1992,7.688
8/9/1992,7.598
8/10/1992,7.488
8/11/1992,7.308
8/12/1992,7.258
8/13/1992,7.088
8/14/1992,6.928
8/15/1992,7.418
8/16/1992,7.468
8/17/1992,7.138
8/18/1992,6.978
8/19/1992,7.358
8/20/1992,7.238
8/21/1992,7.108
8/22/1992,6.978
8/23/1992,7.018
8/24/1992,6.898
8/25/1992,7.428
8/26/1992,7.198
8/27/1992,7.128
8/28/1992,7.088
8/29/1992,7.068
8/30/1992,7.088
8/31/1992,7.278
9/1/1992,7.128
9/2/1992,7.298
9/3/1992,7.438
9/4/1992,7.208
9/5/1992,7.098
9/6/1992,7.098
9/7/1992,7.478
9/8/1992,7.428
9/9/1992,7.178
9/10/1992,7.138
9/11/1992,7.088
9/12/1992,7.388
9/13/1992,7.498
9/14/1992,7.268
9/15/1992,7.198
9/16/1992,7.328
9/17/1992,7.478
9/18/1992,8.318
9/19/1992,7.678
9/20/1992,7.438
9/21/1992,7.438
9/22/1992,7.338
9/23/1992,7.308
9/24/1992,7.348
9/25/1992,7.508
9/26/1992,7.448
9/27/1992,7.648
9/28/1992,8.088
9/29/1992,7.808
9/30/1992,7.538
10/1/1992,7.438
10/2/1992,7.328
10/3/1992,7.228
10/4/1992,7.148
10/5/1992,7.098
10/6/1992,7.258
10/7/1992,7.258
10/8/1992,7.238
10/9/1992,7.138
10/10/1992,7.128
10/11/1992,7.028
10/12/1992,7.168
10/13/1992,7.258
10/14/1992,7.308
10/15/1992,9.898
10/16/1992,9.848
10/17/1992,9.268
10/18/1992,8.868
10/19/1992,8.508
10/20/1992,8.368
10/21/1992,8.148
10/22/1992,7.978
10/23/1992,7.778
10/24/1992,7.648
10/25/1992,7.568
10/26/1992,7.478
10/27/1992,7.438
10/28/1992,7.358
10/29/1992,7.288
10/30/1992,7.198
10/31/1992,7.238
11/1/1992,7.198
11/2/1992,7.228
11/3/1992,7.228
11/4/1992,7.178
11/5/1992,7.058
11/6/1992,7.048
11/7/1992,7.088
11/8/1992,6.958
11/9/1992,6.948
11/10/1992,6.938
11/11/1992,7.038
11/12/1992,6.948
11/13/1992,7.038
11/14/1992,7.048
11/15/1992,7.088
11/16/1992,6.948
11/17/1992,6.828
11/18/1992,6.778
11/19/1992,6.748
11/20/1992,6.738
11/21/1992,6.738
11/22/1992,6.738
11/23/1992,6.728
11/24/1992,6.688
11/25/1992,6.698
11/26/1992,6.708
11/27/1992,6.698
11/28/1992,6.678
11/29/1992,6.658
11/30/1992,6.658
12/1/1992,6.648
12/2/1992,6.648
12/3/1992,6.558
12/4/1992,6.538
12/5/1992,6.528
12/6/1992,6.518
12/7/1992,6.508
12/8/1992,6.508
12/9/1992,6.608
12/10/1992,6.558
12/11/1992,6.578
12/12/1992,6.598
12/13/1992,6.598
12/14/1992,6.598
12/15/1992,6.638
12/16/1992,6.548
12/17/1992,6.668
12/18/1992,6.558
12/19/1992,6.548
12/20/1992,6.758
12/21/1992,6.848
12/22/1992,6.958
12/23/1992,7.008
12/24/1992,7.008
12/25/1992,7.018
12/26/1992,6.888
12/27/1992,6.988
12/28/1992,7.008
12/29/1992,7.018
12/30/1992,7.048
12/31/1992,7.018
1/1/1993,7.038
1/2/1993,7.038
1/3/1993,7.028
1/4/1993,7.028
1/5/1993,7.068
1/6/1993,7.068
1/7/1993,7.068
1/8/1993,6.968
1/9/1993,6.998
1/10/1993,6.978
1/11/1993,6.968
1/12/1993,6.988
1/13/1993,6.998
1/14/1993,7.048
1/15/1993,7.078
1/16/1993,7.098
1/17/1993,7.058
1/18/1993,6.988
1/19/1993,6.998
1/20/1993,7.038
1/21/1993,7.038
1/22/1993,7.028
1/23/1993,7.028
1/24/1993,7.028
1/25/1993,6.998
1/26/1993,6.988
1/27/1993,6.978
1/28/1993,6.978
1/29/1993,6.998
1/30/1993,7.068
1/31/1993,7.028
2/1/1993,7.048
2/2/1993,7.058
2/3/1993,7.038
2/4/1993,6.968
2/5/1993,7.018
2/6/1993,6.978
2/7/1993,6.818
2/8/1993,6.958
2/9/1993,6.928
2/10/1993,6.888
2/11/1993,6.768
2/12/1993,6.818
2/13/1993,6.808
2/14/1993,6.778
2/15/1993,6.808
2/16/1993,6.728
2/17/1993,6.778
2/18/1993,6.788
2/19/1993,7.078
2/20/1993,9.228
2/21/1993,9.178
2/22/1993,8.288
2/23/1993,7.808
2/24/1993,7.748
2/25/1993,7.548
2/26/1993,7.388
2/27/1993,7.268
2/28/1993,7.188
3/1/1993,7.008
3/2/1993,7.088
3/3/1993,7.308
3/4/1993,6.748
3/5/1993,7.008
3/6/1993,6.898
3/7/1993,6.908
3/8/1993,6.818
3/9/1993,6.858
3/10/1993,6.838
3/11/1993,6.788
3/12/1993,6.758
3/13/1993,6.818
3/14/1993,6.788
3/15/1993,6.888
3/16/1993,6.948
3/17/1993,6.888
3/18/1993,6.838
3/19/1993,6.748
3/20/1993,6.748
3/21/1993,6.898
3/22/1993,7.038
3/23/1993,7.048
3/24/1993,7.088
3/25/1993,7.158
3/26/1993,7.358
3/27/1993,7.388
3/28/1993,7.658
3/29/1993,7.498
3/30/1993,7.308
3/31/1993,6.888
4/1/1993,6.728
4/2/1993,6.638
4/3/1993,6.668
4/4/1993,6.698
4/5/1993,6.728
4/6/1993,6.748
4/7/1993,6.688
4/8/1993,6.738
4/9/1993,6.848
4/10/1993,6.828
4/11/1993,6.708
4/12/1993,6.878
4/13/1993,7.168
4/14/1993,7.018
4/15/1993,6.908
4/16/1993,6.898
4/17/1993,7.438
4/18/1993,7.428
4/19/1993,7.208
4/20/1993,6.788
4/21/1993,6.588
4/22/1993,6.818
4/23/1993,6.778
4/24/1993,6.968
4/25/1993,6.778
4/26/1993,7.208
4/27/1993,7.288
4/28/1993,7.468
4/29/1993,7.478
4/30/1993,7.428
5/1/1993,8.478
5/2/1993,10.168
5/3/1993,9.518
5/4/1993,9.998
5/5/1993,9.248
5/6/1993,9.258
5/7/1993,10.278
5/8/1993,10.768
5/9/1993,10.408
5/10/1993,9.948
5/11/1993,9.818
5/12/1993,10.338
5/13/1993,10.028
5/14/1993,9.658
5/15/1993,9.178
5/16/1993,8.898
5/17/1993,9.128
5/18/1993,9.108
5/19/1993,9.548
5/20/1993,9.188
5/21/1993,8.918
5/22/1993,8.598
5/23/1993,8.418
5/24/1993,8.248
5/25/1993,8.058
5/26/1993,7.918
5/27/1993,7.828
5/28/1993,7.808
5/29/1993,7.858
5/30/1993,7.938
5/31/1993,8.018
6/1/1993,7.858
6/2/1993,7.878
6/3/1993,8.108
6/4/1993,8.728
6/5/1993,8.328
6/6/1993,8.278
6/7/1993,9.948
6/8/1993,9.958
6/9/1993,9.788
6/10/1993,9.618
6/11/1993,9.318
6/12/1993,9.228
6/13/1993,9.508
6/14/1993,9.228
6/15/1993,8.888
6/16/1993,8.768
6/17/1993,8.608
6/18/1993,8.838
6/19/1993,10.588
6/20/1993,10.948
6/21/1993,11.188
6/22/1993,10.748
6/23/1993,10.088
6/24/1993,9.578
6/25/1993,9.168
6/26/1993,8.888
6/27/1993,8.678
6/28/1993,8.538
6/29/1993,8.298
6/30/1993,8.188
7/1/1993,8.378
7/2/1993,8.658
7/3/1993,8.298
7/4/1993,8.128
7/5/1993,8.098
7/6/1993,8.198
7/7/1993,8.238
7/8/1993,8.938
7/9/1993,8.798
7/10/1993,8.608
7/11/1993,8.348
7/12/1993,8.148
7/13/1993,8.338
7/14/1993,8.458
7/15/1993,8.578
7/16/1993,8.548
7/17/1993,8.528
7/18/1993,8.498
7/19/1993,9.528
7/20/1993,10.368
7/21/1993,11.228
7/22/1993,12.138
7/23/1993,12.238
7/24/1993,12.208
7/25/1993,12.108
7/26/1993,11.878
7/27/1993,11.578
7/28/1993,11.358
7/29/1993,11.098
7/30/1993,10.868
7/31/1993,10.648
8/1/1993,10.418
8/2/1993,10.108
8/3/1993,9.948
8/4/1993,9.748
8/5/1993,9.558
8/6/1993,9.498
8/7/1993,9.468
8/8/1993,9.268
8/9/1993,9.678
8/10/1993,9.548
8/11/1993,9.328
8/12/1993,9.098
8/13/1993,8.908
8/14/1993,8.728
8/15/1993,8.578
8/16/1993,8.438
8/17/1993,8.328
8/18/1993,8.318
8/19/1993,8.378
8/20/1993,8.878
8/21/1993,9.088
8/22/1993,10.258
8/23/1993,10.188
8/24/1993,9.828
8/25/1993,9.578
8/26/1993,9.358
8/27/1993,9.178
8/28/1993,9.348
8/29/1993,9.168
8/30/1993,8.968
8/31/1993,9.048
9/1/1993,9.098
9/2/1993,8.988
9/3/1993,9.078
9/4/1993,9.078
9/5/1993,8.988
9/6/1993,9.148
9/7/1993,8.968
9/8/1993,8.868
9/9/1993,8.738
9/10/1993,8.608
9/11/1993,8.528
9/12/1993,8.578
9/13/1993,9.078
9/14/1993,8.508
9/15/1993,8.298
9/16/1993,8.348
9/17/1993,8.268
9/18/1993,8.008
9/19/1993,7.938
9/20/1993,8.298
9/21/1993,8.098
9/22/1993,8.488
9/23/1993,9.288
9/24/1993,8.928
9/25/1993,8.628
9/26/1993,8.438
9/27/1993,8.348
9/28/1993,8.348
9/29/1993,8.418
9/30/1993,8.728
10/1/1993,8.418
10/2/1993,8.338
10/3/1993,9.008
10/4/1993,9.008
10/5/1993,8.628
10/6/1993,8.378
10/7/1993,8.278
10/8/1993,8.208
10/9/1993,8.098
10/10/1993,7.988
10/11/1993,7.868
10/12/1993,7.848
10/13/1993,7.828
10/14/1993,8.218
10/15/1993,7.998
10/16/1993,7.928
10/17/1993,8.048
10/18/1993,7.928
10/19/1993,7.748
10/20/1993,7.628
10/21/1993,7.788
10/22/1993,7.888
10/23/1993,7.888
10/24/1993,7.848
10/25/1993,7.778
10/26/1993,7.618
10/27/1993,7.548
10/28/1993,7.498
10/29/1993,7.448
10/30/1993,7.418
10/31/1993,7.398
11/1/1993,7.378
11/2/1993,7.428
11/3/1993,7.438
11/4/1993,7.528
11/5/1993,7.428
11/6/1993,7.388
11/7/1993,7.348
11/8/1993,7.368
11/9/1993,7.338
11/10/1993,7.308
11/11/1993,7.308
11/12/1993,7.288
11/13/1993,7.278
11/14/1993,7.248
11/15/1993,7.268
11/16/1993,7.278
11/17/1993,7.268
11/18/1993,7.248
11/19/1993,7.238
11/20/1993,7.228
11/21/1993,7.218
11/22/1993,7.228
11/23/1993,7.218
11/24/1993,7.208
11/25/1993,7.218
11/26/1993,7.208
11/27/1993,7.208
11/28/1993,7.208
11/29/1993,7.188
11/30/1993,7.188
12/1/1993,7.068
12/2/1993,6.988
12/3/1993,7.048
12/4/1993,7.158
12/5/1993,7.168
12/6/1993,7.108
12/7/1993,7.178
12/8/1993,7.038
12/9/1993,7.158
12/10/1993,7.148
12/11/1993,7.118
12/12/1993,7.148
12/13/1993,7.138
12/14/1993,7.128
12/15/1993,7.118
12/16/1993,7.118
12/17/1993,7.138
12/18/1993,7.108
12/19/1993,7.088
12/20/1993,7.128
12/21/1993,7.098
12/22/1993,7.068
12/23/1993,7.128
12/24/1993,7.098
12/25/1993,7.098
12/26/1993,7.128
12/27/1993,7.058
12/28/1993,7.078
12/29/1993,7.088
12/30/1993,7.098
12/31/1993,7.108
1/1/1994,7.108
1/2/1994,7.108
1/3/1994,7.128
1/4/1994,7.098
1/5/1994,7.088
1/6/1994,7.078
1/7/1994,7.058
1/8/1994,7.088
1/9/1994,7.088
1/10/1994,7.098
1/11/1994,7.088
1/12/1994,7.098
1/13/1994,7.108
1/14/1994,7.118
1/15/1994,7.088
1/16/1994,7.058
1/17/1994,7.108
1/18/1994,7.228
1/19/1994,7.198
1/20/1994,7.108
1/21/1994,7.118
1/22/1994,7.118
1/23/1994,7.118
1/24/1994,7.048
1/25/1994,7.058
1/26/1994,7.088
1/27/1994,7.048
1/28/1994,7.048
1/29/1994,7.058
1/30/1994,7.078
1/31/1994,7.018
2/1/1994,7.068
2/2/1994,7.068
2/3/1994,7.078
2/4/1994,7.058
2/5/1994,7.028
2/6/1994,7.028
2/7/1994,7.008
2/8/1994,6.998
2/9/1994,6.998
2/10/1994,6.978
2/11/1994,6.998
2/12/1994,7.068
2/13/1994,6.998
2/14/1994,6.978
2/15/1994,7.018
2/16/1994,6.978
2/17/1994,7.008
2/18/1994,6.978
2/19/1994,6.938
2/20/1994,6.968
2/21/1994,6.858
2/22/1994,6.978
2/23/1994,6.968
2/24/1994,6.928
2/25/1994,6.928
2/26/1994,6.918
2/27/1994,6.928
2/28/1994,6.878
3/1/1994,6.828
3/2/1994,6.888
3/3/1994,6.888
3/4/1994,6.858
3/5/1994,6.858
3/6/1994,6.828
3/7/1994,6.888
3/8/1994,6.868
3/9/1994,6.858
3/10/1994,6.908
3/11/1994,6.898
3/12/1994,6.778
3/13/1994,6.838
3/14/1994,6.958
3/15/1994,6.968
3/16/1994,6.858
3/17/1994,6.888
3/18/1994,6.888
3/19/1994,6.848
3/20/1994,6.898
3/21/1994,6.848
3/22/1994,6.868
3/23/1994,6.738
3/24/1994,7.008
3/25/1994,6.678
3/26/1994,7.078
3/27/1994,7.098
3/28/1994,7.368
3/29/1994,7.258
3/30/1994,8.238
3/31/1994,7.978
4/1/1994,7.658
4/2/1994,9.918
4/3/1994,9.168
4/4/1994,8.558
4/5/1994,8.138
4/6/1994,7.838
4/7/1994,7.618
4/8/1994,7.478
4/9/1994,7.118
4/10/1994,7.178
4/11/1994,7.128
4/13/1994,7.028
4/14/1994,6.928
4/15/1994,6.988
4/16/1994,6.908
4/17/1994,6.978
4/18/1994,7.028
4/19/1994,7.318
4/20/1994,7.378
4/21/1994,7.308
4/22/1994,7.268
4/23/1994,7.368
4/24/1994,7.328
4/25/1994,7.238
4/26/1994,7.118
4/27/1994,7.108
4/29/1994,7.018
4/30/1994,6.688
5/1/1994,6.648
5/2/1994,6.948
5/3/1994,6.928
5/4/1994,6.758
5/5/1994,6.948
5/6/1994,6.908
5/7/1994,7.198
5/8/1994,6.638
5/9/1994,7.078
5/10/1994,7.228
5/11/1994,7.208
5/12/1994,7.168
5/13/1994,7.048
5/14/1994,7.008
5/15/1994,6.948
5/16/1994,6.908
5/17/1994,6.958
5/18/1994,7.138
5/19/1994,7.368
5/20/1994,7.158
5/21/1994,7.148
5/22/1994,7.228
5/23/1994,7.208
5/24/1994,7.088
5/25/1994,7.068
5/26/1994,7.058
5/27/1994,7.028
5/28/1994,6.948
5/29/1994,6.918
5/30/1994,6.908
5/31/1994,6.898
6/1/1994,6.948
6/2/1994,6.928
6/3/1994,6.898
6/4/1994,6.898
6/5/1994,6.938
6/6/1994,7.008
6/7/1994,7.088
6/8/1994,7.018
6/9/1994,7.078
6/10/1994,7.028
6/11/1994,7.058
6/12/1994,7.138
6/13/1994,7.158
6/14/1994,7.228
6/15/1994,7.178
6/16/1994,7.128
6/17/1994,7.108
6/18/1994,7.338
6/19/1994,7.888
6/20/1994,7.678
6/21/1994,7.448
6/22/1994,7.318
6/23/1994,7.238
6/24/1994,7.158
6/25/1994,7.168
6/26/1994,7.138
6/27/1994,7.068
6/28/1994,7.218
6/29/1994,7.398
6/30/1994,7.648
7/1/1994,7.438
7/2/1994,7.268
7/3/1994,7.448
7/4/1994,7.408
7/5/1994,7.308
7/6/1994,7.168
7/7/1994,7.278
7/8/1994,8.068
7/9/1994,7.628
7/10/1994,7.278
7/11/1994,7.158
7/12/1994,7.068
7/13/1994,6.758
7/14/1994,6.988
7/15/1994,6.928
7/16/1994,6.918
7/17/1994,7.118
7/18/1994,7.428
7/19/1994,7.198
7/20/1994,6.878
7/21/1994,7.058
7/22/1994,7.368
7/23/1994,7.208
7/24/1994,7.138
7/25/1994,7.038
7/26/1994,7.018
7/27/1994,6.918
7/28/1994,6.868
7/29/1994,7.468
7/30/1994,6.968
7/31/1994,6.838
8/1/1994,7.078
8/2/1994,6.668
8/3/1994,6.638
8/4/1994,6.908
8/5/1994,6.758
8/6/1994,7.608
8/7/1994,7.498
8/8/1994,7.008
8/9/1994,7.438
8/10/1994,7.438
8/11/1994,7.278
8/12/1994,7.258
8/13/1994,8.018
8/14/1994,8.658
8/15/1994,8.508
8/16/1994,8.128
8/17/1994,7.698
8/18/1994,7.528
8/19/1994,7.388
8/20/1994,7.058
8/21/1994,7.118
8/22/1994,7.168
8/23/1994,7.088
8/24/1994,7.318
8/25/1994,7.638
8/26/1994,7.448
8/27/1994,7.778
8/28/1994,7.528
8/29/1994,7.808
8/30/1994,7.338
8/31/1994,7.538
9/1/1994,7.828
9/2/1994,7.818
9/3/1994,7.358
9/4/1994,7.258
9/5/1994,7.278
9/6/1994,7.268
9/7/1994,6.838
9/8/1994,7.028
9/10/1994,7.288
9/11/1994,7.598
9/12/1994,7.728
9/13/1994,7.468
9/14/1994,7.608
9/15/1994,7.458
9/16/1994,8.208
9/17/1994,7.558
9/18/1994,7.378
9/19/1994,7.228
9/20/1994,7.128
9/21/1994,7.058
9/22/1994,6.988
9/23/1994,7.058
9/24/1994,7.008
9/25/1994,7.068
9/26/1994,6.948
9/27/1994,6.938
9/28/1994,6.918
9/29/1994,6.828
9/30/1994,6.798
10/1/1994,6.948
10/3/1994,7.098
10/4/1994,6.958
10/5/1994,7.138
10/6/1994,7.198
10/7/1994,7.088
10/8/1994,7.378
10/9/1994,7.518
10/10/1994,7.278
10/11/1994,7.238
10/12/1994,7.208
10/13/1994,7.108
10/14/1994,6.988
10/15/1994,6.978
10/16/1994,6.928
10/17/1994,6.888
10/18/1994,6.848
10/19/1994,6.848
10/20/1994,6.798
10/21/1994,6.808
10/22/1994,6.858
10/23/1994,6.818
10/24/1994,6.778
10/25/1994,6.778
10/26/1994,6.748
10/27/1994,6.758
10/28/1994,6.618
10/29/1994,6.738
10/30/1994,6.728
10/31/1994,6.728
11/1/1994,6.638
11/2/1994,6.728
11/3/1994,6.728
11/4/1994,6.738
11/5/1994,6.768
11/6/1994,6.698
11/7/1994,6.708
11/8/1994,6.748
11/9/1994,6.718
11/10/1994,6.978
11/11/1994,6.898
11/12/1994,6.848
11/13/1994,6.818
11/14/1994,6.808
11/15/1994,6.768
11/16/1994,6.758
11/17/1994,6.768
11/18/1994,6.758
11/19/1994,6.748
11/20/1994,6.748
11/21/1994,6.598
11/22/1994,6.378
11/23/1994,6.408
11/24/1994,6.678
11/25/1994,6.648
11/26/1994,6.668
11/27/1994,6.688
11/28/1994,6.558
11/29/1994,6.558
11/30/1994,6.618
12/1/1994,6.528
12/2/1994,6.508
12/3/1994,6.548
12/4/1994,6.548
12/5/1994,6.578
12/6/1994,6.518
12/7/1994,6.528
12/8/1994,6.518
12/9/1994,6.438
12/10/1994,6.688
12/11/1994,6.518
12/12/1994,6.498
12/13/1994,6.438
12/14/1994,6.558
12/15/1994,6.518
12/16/1994,6.538
12/17/1994,6.368
12/18/1994,6.338
12/19/1994,6.288
12/20/1994,6.278
12/21/1994,6.278
12/22/1994,6.268
12/23/1994,6.268
12/24/1994,6.108
12/25/1994,6.038
12/26/1994,6.088
12/27/1994,6.218
12/28/1994,6.248
12/29/1994,6.178
12/30/1994,6.238
12/31/1994,6.208
1/1/1995,6.218
1/2/1995,6.238
1/3/1995,6.078
1/4/1995,6.208
1/5/1995,6.108
1/6/1995,6.048
1/7/1995,6.118
1/8/1995,6.158
1/9/1995,6.178
1/10/1995,6.178
1/11/1995,6.168
1/12/1995,6.178
1/13/1995,6.348
1/14/1995,6.598
1/15/1995,6.718
1/16/1995,6.688
1/17/1995,6.528
1/18/1995,6.398
1/19/1995,6.248
1/20/1995,6.238
1/21/1995,6.358
1/22/1995,6.438
1/23/1995,6.418
1/24/1995,6.288
1/25/1995,6.378
1/26/1995,6.328
1/27/1995,6.258
1/28/1995,6.348
1/29/1995,6.308
1/30/1995,6.348
1/31/1995,6.378
2/1/1995,6.338
2/2/1995,6.298
2/3/1995,6.218
2/4/1995,6.358
2/5/1995,6.328
2/6/1995,6.608
2/7/1995,6.478
2/8/1995,6.378
2/9/1995,6.288
2/10/1995,6.268
2/11/1995,6.378
2/12/1995,6.338
2/13/1995,6.538
2/14/1995,6.368
2/15/1995,6.318
2/16/1995,6.638
2/17/1995,6.348
2/18/1995,6.268
2/19/1995,6.308
2/20/1995,6.368
2/21/1995,6.338
2/22/1995,6.308
2/23/1995,6.498
2/24/1995,6.578
2/25/1995,6.608
2/26/1995,6.528
2/27/1995,6.608
2/28/1995,6.568
3/1/1995,6.498
3/2/1995,6.578
3/3/1995,6.618
3/4/1995,6.398
3/5/1995,6.328
3/6/1995,6.408
3/7/1995,6.328
3/8/1995,6.328
3/9/1995,6.298
3/10/1995,6.318
3/11/1995,6.348
3/12/1995,6.398
3/13/1995,6.348
3/14/1995,6.298
3/15/1995,6.208
3/16/1995,6.178
3/17/1995,6.038
3/18/1995,6.128
3/19/1995,6.028
3/20/1995,5.968
3/21/1995,5.988
3/22/1995,6.208
3/23/1995,6.218
3/24/1995,6.188
3/25/1995,6.198
3/26/1995,6.298
3/27/1995,6.268
3/28/1995,6.388
3/29/1995,6.338
3/30/1995,6.258
3/31/1995,6.338
4/1/1995,6.428
4/2/1995,6.378
4/3/1995,6.418
4/4/1995,6.358
4/5/1995,6.308
4/6/1995,6.338
4/7/1995,6.288
4/8/1995,6.668
4/9/1995,6.618
4/10/1995,6.608
4/11/1995,6.698
4/12/1995,6.758
4/13/1995,6.748
4/14/1995,6.748
4/15/1995,6.748
4/16/1995,6.568
4/17/1995,6.588
4/18/1995,6.438
4/19/1995,6.568
4/20/1995,6.518
4/21/1995,6.648
4/22/1995,6.488
4/23/1995,6.398
4/24/1995,6.488
4/25/1995,6.518
4/26/1995,6.478
4/27/1995,6.418
4/28/1995,6.358
4/29/1995,6.378
4/30/1995,6.498
5/1/1995,6.418
5/2/1995,6.438
5/3/1995,6.448
5/4/1995,6.378
5/5/1995,6.428
5/6/1995,6.768
5/7/1995,6.728
5/8/1995,7.008
5/9/1995,6.328
5/10/1995,6.418
5/11/1995,6.558
5/12/1995,6.388
5/13/1995,6.408
5/14/1995,6.438
5/15/1995,6.618
5/16/1995,6.708
5/17/1995,7.088
5/18/1995,9.418
5/19/1995,8.428
5/20/1995,7.678
5/21/1995,7.418
5/22/1995,7.178
5/23/1995,7.168
5/24/1995,6.898
5/25/1995,6.838
5/26/1995,6.858
5/27/1995,6.808
5/28/1995,6.768
5/29/1995,6.678
5/30/1995,6.598
5/31/1995,6.578
6/1/1995,6.418
6/2/1995,6.208
6/3/1995,6.438
6/4/1995,6.478
6/5/1995,6.768
6/6/1995,6.448
6/7/1995,6.458
6/8/1995,6.888
6/9/1995,6.478
6/10/1995,6.198
6/11/1995,6.478
6/12/1995,6.818
6/13/1995,7.118
6/14/1995,7.658
6/15/1995,7.488
6/16/1995,7.128
6/17/1995,7.688
6/18/1995,10.218
6/19/1995,9.938
6/20/1995,9.258
6/21/1995,8.988
6/22/1995,8.538
6/23/1995,8.128
6/24/1995,7.638
6/25/1995,7.558
6/26/1995,7.398
6/27/1995,7.248
6/28/1995,7.228
6/29/1995,7.198
6/30/1995,7.128
7/1/1995,7.038
7/2/1995,7.078
7/3/1995,7.298
7/4/1995,8.208
7/5/1995,10.328
7/6/1995,11.028
7/7/1995,10.408
7/8/1995,9.758
7/9/1995,9.188
7/10/1995,8.848
7/11/1995,8.518
7/12/1995,8.268
7/13/1995,8.128
7/14/1995,7.948
7/15/1995,7.778
7/16/1995,7.638
7/17/1995,7.568
7/18/1995,7.428
7/19/1995,7.188
7/20/1995,7.088
7/21/1995,7.238
7/22/1995,7.098
7/23/1995,7.118
7/24/1995,7.018
7/25/1995,6.818
7/26/1995,6.608
7/27/1995,6.878
7/28/1995,7.438
7/29/1995,7.198
7/30/1995,7.198
7/31/1995,7.908
8/1/1995,7.728
8/2/1995,7.398
8/3/1995,7.588
8/4/1995,7.328
8/5/1995,7.428
8/6/1995,7.318
8/7/1995,7.248
8/8/1995,7.268
8/9/1995,7.488
8/10/1995,7.428
8/11/1995,7.348
8/12/1995,7.388
8/13/1995,9.548
8/14/1995,10.668
8/15/1995,10.488
8/16/1995,9.818
8/17/1995,9.398
8/18/1995,9.288
8/19/1995,9.858
8/20/1995,9.668
8/21/1995,9.568
8/22/1995,9.058
8/23/1995,8.758
8/24/1995,8.508
8/25/1995,8.388
8/26/1995,8.188
8/27/1995,8.038
8/28/1995,8.088
8/29/1995,8.258
8/30/1995,8.248
8/31/1995,8.318
9/1/1995,8.018
9/2/1995,8.188
9/3/1995,8.348
9/4/1995,7.988
9/5/1995,7.918
9/6/1995,7.868
9/7/1995,7.768
9/8/1995,7.658
9/9/1995,7.598
9/10/1995,7.628
9/11/1995,7.668
9/12/1995,7.568
9/13/1995,7.438
9/14/1995,7.368
9/15/1995,7.288
9/16/1995,7.258
9/17/1995,7.348
9/18/1995,7.358
9/19/1995,7.498
9/20/1995,7.488
9/21/1995,7.358
9/22/1995,7.258
9/23/1995,7.208
9/24/1995,6.918
9/25/1995,7.808
9/26/1995,7.998
9/27/1995,8.058
9/28/1995,7.828
9/29/1995,7.668
9/30/1995,7.568
10/1/1995,7.468
10/2/1995,7.388
10/3/1995,7.328
10/4/1995,7.448
10/5/1995,7.308
10/6/1995,7.308
10/7/1995,7.608
10/8/1995,7.388
10/9/1995,7.408
10/10/1995,7.358
10/11/1995,7.228
10/12/1995,7.158
10/13/1995,7.108
10/14/1995,7.088
10/15/1995,7.008
10/16/1995,6.978
10/17/1995,6.968
10/18/1995,6.948
10/19/1995,7.148
10/20/1995,7.168
10/21/1995,6.958
10/22/1995,7.008
10/23/1995,7.038
10/24/1995,7.028
10/25/1995,6.948
10/26/1995,6.918
10/27/1995,6.828
10/28/1995,6.888
10/29/1995,7.008
10/30/1995,6.888
10/31/1995,6.858
11/1/1995,6.828
11/2/1995,6.678
11/3/1995,6.818
11/4/1995,7.008
11/5/1995,6.748
11/6/1995,6.708
11/7/1995,6.778
11/8/1995,6.738
11/9/1995,6.768
11/10/1995,7.018
11/11/1995,7.908
11/12/1995,7.858
11/13/1995,7.538
11/14/1995,7.318
11/15/1995,7.188
11/16/1995,7.098
11/17/1995,7.048
11/18/1995,6.988
11/19/1995,6.988
11/20/1995,7.408
11/21/1995,7.238
11/22/1995,7.098
11/23/1995,7.038
11/24/1995,6.968
11/25/1995,6.988
11/26/1995,7.238
11/27/1995,7.028
11/28/1995,7.288
11/29/1995,7.118
11/30/1995,7.058
12/1/1995,7.018
12/2/1995,6.958
12/3/1995,7.038
12/4/1995,7.038
12/5/1995,6.868
12/6/1995,6.788
12/7/1995,6.688
12/8/1995,6.878
12/9/1995,6.938
12/10/1995,6.918
12/11/1995,6.868
12/12/1995,6.898
12/13/1995,6.848
12/14/1995,6.898
12/15/1995,6.838
12/16/1995,6.638
12/17/1995,6.798
12/18/1995,6.888
12/19/1995,6.868
12/20/1995,6.848
12/21/1995,6.878
12/22/1995,6.858
12/23/1995,6.858
12/24/1995,6.818
12/25/1995,6.878
12/26/1995,6.858
12/27/1995,6.868
12/28/1995,6.828
12/29/1995,6.598
12/30/1995,6.588
12/31/1995,6.778
1/1/1996,6.808
1/2/1996,6.678
1/3/1996,6.738
1/4/1996,6.508
1/5/1996,6.418
1/6/1996,6.588
1/7/1996,6.728
1/8/1996,6.678
1/9/1996,6.438
1/10/1996,6.538
1/11/1996,6.698
1/12/1996,6.768
1/13/1996,6.808
1/14/1996,6.438
1/15/1996,6.368
1/16/1996,6.698
1/17/1996,6.688
1/18/1996,6.668
1/19/1996,6.658
1/20/1996,6.668
1/21/1996,6.638
1/22/1996,6.378
1/23/1996,6.478
1/24/1996,6.378
1/25/1996,6.388
1/26/1996,6.508
1/27/1996,6.738
1/28/1996,6.588
1/29/1996,6.268
1/30/1996,6.338
1/31/1996,6.658
2/1/1996,6.478
2/2/1996,6.558
2/3/1996,6.608
2/4/1996,6.598
2/5/1996,6.568
2/6/1996,6.608
2/7/1996,6.548
2/8/1996,6.518
2/9/1996,6.628
2/10/1996,6.638
2/11/1996,6.708
2/12/1996,6.588
2/13/1996,6.608
2/14/1996,6.598
2/15/1996,6.558
2/16/1996,6.638
2/17/1996,6.438
2/18/1996,6.588
2/19/1996,6.538
2/20/1996,6.558
2/21/1996,6.508
2/22/1996,6.518
2/23/1996,6.388
2/24/1996,6.518
2/25/1996,6.608
2/26/1996,6.648
2/27/1996,6.448
2/28/1996,6.428
2/29/1996,6.478
3/1/1996,6.518
3/2/1996,6.368
3/3/1996,6.568
3/4/1996,6.468
3/5/1996,6.458
3/6/1996,6.688
3/7/1996,6.388
3/8/1996,6.438
3/9/1996,6.408
3/10/1996,6.468
3/11/1996,6.448
3/12/1996,6.458
3/13/1996,6.408
3/14/1996,6.398
3/15/1996,6.548
3/16/1996,6.458
3/17/1996,6.408
3/18/1996,6.498
3/19/1996,6.508
3/20/1996,6.428
3/21/1996,6.508
3/22/1996,6.538
3/23/1996,6.688
3/24/1996,6.658
3/25/1996,6.358
3/26/1996,6.528
3/27/1996,6.688
3/28/1996,7.338
3/29/1996,7.208
3/30/1996,7.148
3/31/1996,6.628
4/1/1996,6.448
4/2/1996,7.124
4/3/1996,6.716
4/4/1996,6.538
4/5/1996,6.438
4/6/1996,6.696
4/7/1996,6.536
4/8/1996,6.56
4/9/1996,6.722
4/10/1996,6.54
4/11/1996,6.496
4/12/1996,6.5
4/13/1996,6.576
4/14/1996,6.422
4/15/1996,6.434
4/16/1996,6.448
4/17/1996,6.35
4/18/1996,6.328
4/19/1996,6.522
4/20/1996,6.57
4/21/1996,6.478
4/22/1996,6.468
4/23/1996,6.632
4/24/1996,6.564
4/25/1996,6.836
4/26/1996,7.0
4/27/1996,7.18
4/28/1996,6.892
4/29/1996,6.76
4/30/1996,6.73
5/1/1996,6.734
5/2/1996,6.658
5/3/1996,6.698
5/4/1996,6.526
5/5/1996,6.444
5/6/1996,6.184
5/7/1996,6.558
5/8/1996,6.66
5/9/1996,6.702
5/10/1996,6.544
5/11/1996,6.468
5/12/1996,7.526
5/13/1996,7.998
5/14/1996,7.866
5/15/1996,8.426
5/16/1996,8.726
5/17/1996,7.81
5/18/1996,8.126
5/19/1996,7.766
5/20/1996,7.454
5/21/1996,7.194
5/22/1996,7.018
5/23/1996,6.938
5/24/1996,6.928
5/25/1996,6.892
5/26/1996,6.798
5/27/1996,6.808
5/28/1996,6.74
5/29/1996,7.688
5/30/1996,8.142
5/31/1996,8.526
6/1/1996,8.472
6/2/1996,8.908
6/3/1996,9.198
6/4/1996,8.926
6/5/1996,9.32
6/6/1996,8.718
6/7/1996,8.538
6/8/1996,8.49
6/9/1996,8.168
6/10/1996,7.834
6/11/1996,7.608
6/12/1996,7.586
6/13/1996,7.594
6/14/1996,7.656
6/15/1996,7.14
6/16/1996,7.206
6/17/1996,7.27
6/18/1996,7.154
6/19/1996,7.056
6/20/1996,7.01
6/21/1996,7.13
6/22/1996,8.304
6/23/1996,8.636
6/24/1996,8.528
6/25/1996,8.544
6/26/1996,9.212
6/27/1996,8.776
6/28/1996,8.3
6/29/1996,8.018
6/30/1996,7.914
7/1/1996,7.986
7/2/1996,9.408
7/3/1996,10.432
7/4/1996,10.11
7/5/1996,9.478
7/6/1996,8.962
7/7/1996,8.648
7/8/1996,8.308
7/9/1996,8.296
7/10/1996,8.042
7/11/1996,7.856
7/12/1996,7.75
7/13/1996,7.786
7/14/1996,7.596
7/15/1996,7.554
7/16/1996,7.59
7/17/1996,7.558
7/18/1996,7.37
7/19/1996,7.434
7/20/1996,7.476
7/21/1996,7.414
7/22/1996,7.382
7/23/1996,7.352
7/24/1996,7.128
7/25/1996,7.202
7/26/1996,7.262
7/27/1996,7.448
7/28/1996,7.404
7/29/1996,7.388
7/30/1996,7.036
7/31/1996,8.836
8/1/1996,8.578
8/2/1996,8.216
8/3/1996,8.014
8/4/1996,7.796
8/5/1996,7.718
8/6/1996,7.614
8/7/1996,7.6
8/8/1996,7.838
8/9/1996,7.776
8/10/1996,7.62
8/11/1996,7.434
8/12/1996,7.494
8/13/1996,7.354
8/14/1996,7.494
8/15/1996,7.874
8/16/1996,7.962
8/17/1996,7.796
8/18/1996,7.606
8/19/1996,7.652
8/20/1996,7.618
8/21/1996,7.508
8/22/1996,7.306
8/23/1996,7.5
8/24/1996,7.098
8/25/1996,7.346
8/26/1996,7.244
8/27/1996,7.128
8/28/1996,7.104
8/29/1996,6.81
8/30/1996,6.804
8/31/1996,7.118
9/1/1996,7.186
9/2/1996,7.048
9/3/1996,6.882
9/4/1996,7.084
9/5/1996,7.31
9/6/1996,7.2
9/7/1996,6.98
9/8/1996,7.156
9/9/1996,7.352
9/10/1996,7.094
9/11/1996,7.302
9/12/1996,6.92
9/13/1996,6.984
9/14/1996,6.878
9/15/1996,6.868
9/16/1996,6.75
9/17/1996,6.916
9/18/1996,7.114
9/19/1996,7.104
9/20/1996,7.054
9/21/1996,6.988
9/22/1996,7.908
9/23/1996,9.036
9/24/1996,8.364
9/25/1996,8.354
9/26/1996,8.138
9/27/1996,8.2
9/28/1996,8.272
9/29/1996,7.982
9/30/1996,7.82
10/1/1996,7.628
10/2/1996,7.468
10/3/1996,7.518
10/4/1996,8.278
10/5/1996,8.002
10/6/1996,8.196
10/7/1996,9.196
10/8/1996,8.654
10/9/1996,8.202
10/10/1996,7.97
10/11/1996,7.76
10/12/1996,7.596
10/13/1996,7.258
10/14/1996,7.33
10/15/1996,7.234
10/16/1996,7.16
10/17/1996,7.086
10/18/1996,6.968
10/19/1996,6.782
10/20/1996,6.946
10/21/1996,6.912
10/22/1996,6.96
10/23/1996,6.95
10/24/1996,6.906
10/25/1996,6.856
10/26/1996,6.854
10/27/1996,6.956
10/28/1996,7.164
10/29/1996,7.598
10/30/1996,8.616
10/31/1996,8.596
11/1/1996,8.274
11/2/1996,7.916
11/3/1996,7.692
11/4/1996,7.514
11/5/1996,7.386
11/6/1996,7.314
11/7/1996,7.258
11/8/1996,7.318
11/9/1996,7.192
11/10/1996,7.128
11/11/1996,7.064
11/12/1996,7.058
11/13/1996,7.044
11/14/1996,7.006
11/15/1996,6.714
11/16/1996,6.8
11/17/1996,6.868
11/18/1996,6.908
11/19/1996,6.874
11/20/1996,6.906
11/21/1996,6.91
11/22/1996,6.908
11/23/1996,6.906
11/24/1996,6.858
11/25/1996,6.904
11/26/1996,7.096
11/27/1996,7.028
11/28/1996,6.938
11/29/1996,6.956
11/30/1996,6.922
12/1/1996,6.898
12/2/1996,6.918
12/3/1996,6.618
12/4/1996,6.738
12/5/1996,6.868
12/6/1996,6.818
12/7/1996,6.908
12/8/1996,6.908
12/9/1996,6.868
12/10/1996,6.878
12/11/1996,6.878
12/12/1996,6.798
12/13/1996,6.898
12/14/1996,6.858
12/15/1996,6.898
12/16/1996,6.898
12/17/1996,6.898
12/18/1996,6.828
12/19/1996,6.908
12/20/1996,6.738
12/21/1996,6.818
12/22/1996,6.838
12/23/1996,6.808
12/24/1996,6.828
12/25/1996,6.918
12/26/1996,6.698
12/27/1996,6.778
12/28/1996,6.728
12/29/1996,6.798
12/30/1996,6.808
12/31/1996,6.778
1/1/1997,6.748
1/2/1997,6.808
1/3/1997,6.788
1/4/1997,6.778
1/5/1997,6.808
1/6/1997,6.668
1/7/1997,6.798
1/8/1997,6.768
1/9/1997,6.798
1/10/1997,6.818
1/11/1997,6.758
1/12/1997,6.828
1/13/1997,6.808
1/14/1997,6.808
1/15/1997,6.758
1/16/1997,6.788
1/17/1997,6.748
1/18/1997,6.738
1/19/1997,6.768
1/20/1997,6.778
1/21/1997,6.798
1/22/1997,6.718
1/23/1997,6.818
1/24/1997,6.608
1/25/1997,6.778
1/26/1997,6.748
1/27/1997,6.788
1/28/1997,6.698
1/29/1997,6.708
1/30/1997,6.728
1/31/1997,6.738
2/1/1997,6.748
2/2/1997,6.808
2/3/1997,6.758
2/4/1997,6.768
2/5/1997,6.688
2/6/1997,6.848
2/7/1997,6.648
2/8/1997,6.768
2/9/1997,6.718
2/10/1997,6.768
2/11/1997,6.708
2/12/1997,6.768
2/13/1997,6.728
2/14/1997,6.798
2/15/1997,6.678
2/16/1997,6.738
2/17/1997,6.578
2/18/1997,6.668
2/19/1997,6.688
2/20/1997,6.698
2/21/1997,6.628
2/22/1997,6.798
2/23/1997,6.568
2/24/1997,6.548
2/25/1997,6.668
2/26/1997,6.708
2/27/1997,6.638
2/28/1997,6.608
3/1/1997,6.698
3/2/1997,6.648
3/3/1997,6.628
3/4/1997,6.528
3/5/1997,6.418
3/6/1997,6.408
3/7/1997,6.368
3/8/1997,6.348
3/9/1997,6.478
3/10/1997,6.678
3/11/1997,6.518
3/12/1997,6.518
3/13/1997,6.408
3/14/1997,6.388
3/15/1997,6.418
3/16/1997,6.468
3/17/1997,6.438
3/18/1997,6.498
3/19/1997,6.398
3/20/1997,6.478
3/21/1997,6.458
3/22/1997,6.628
3/23/1997,7.038
3/24/1997,7.008
3/25/1997,6.508
3/26/1997,6.368
3/27/1997,6.268
3/28/1997,6.338
3/29/1997,6.418
3/30/1997,6.458
3/31/1997,6.718
4/1/1997,6.6
4/2/1997,6.386
4/3/1997,6.702
4/4/1997,6.816
4/5/1997,6.6
4/6/1997,6.712
4/7/1997,6.742
4/8/1997,6.664
4/9/1997,6.586
4/10/1997,6.55
4/11/1997,6.51
4/12/1997,6.04
4/13/1997,6.634
4/14/1997,6.866
4/15/1997,6.686
4/16/1997,6.598
4/17/1997,6.202
4/18/1997,6.188
4/19/1997,6.362
4/20/1997,6.558
4/21/1997,6.43
4/22/1997,6.042
4/23/1997,6.566
4/24/1997,6.318
4/25/1997,6.004
4/26/1997,5.938
4/27/1997,6.182
4/28/1997,6.456
4/29/1997,6.366
4/30/1997,6.72
5/1/1997,6.572
5/2/1997,6.512
5/3/1997,6.554
5/4/1997,6.486
5/5/1997,6.118
5/6/1997,6.088
5/7/1997,6.068
5/8/1997,6.17
5/9/1997,6.386
5/10/1997,6.244
5/11/1997,6.664
5/12/1997,6.968
5/13/1997,6.618
5/14/1997,6.39
5/15/1997,6.338
5/16/1997,6.308
5/17/1997,6.224
5/18/1997,6.21
5/19/1997,6.178
5/20/1997,6.206
5/21/1997,6.438
5/22/1997,6.786
5/23/1997,6.786
5/24/1997,7.32
5/25/1997,6.982
5/26/1997,6.738
5/27/1997,6.846
5/28/1997,6.778
5/29/1997,7.57
5/30/1997,7.434
5/31/1997,7.114
6/1/1997,6.858
6/2/1997,6.696
6/3/1997,6.688
6/4/1997,6.968
6/5/1997,6.778
6/6/1997,7.024
6/7/1997,7.878
6/8/1997,7.434
6/9/1997,7.448
6/10/1997,7.336
6/11/1997,7.638
6/12/1997,7.4
6/13/1997,7.14
6/14/1997,6.992
6/15/1997,6.938
6/16/1997,6.806
6/17/1997,6.798
6/18/1997,6.828
6/19/1997,6.836
6/20/1997,6.672
6/21/1997,8.436
6/22/1997,8.364
6/23/1997,8.144
6/24/1997,8.812
6/25/1997,9.616
6/26/1997,8.89
6/27/1997,8.232
6/28/1997,7.946
6/29/1997,8.364
6/30/1997,8.336
7/1/1997,9.392
7/2/1997,8.89
7/3/1997,8.234
7/4/1997,8.106
7/5/1997,7.804
7/6/1997,7.7
7/7/1997,7.644
7/8/1997,7.562
7/9/1997,7.816
7/10/1997,9.328
7/11/1997,10.92
7/12/1997,11.554
7/13/1997,11.808
7/14/1997,10.988
7/15/1997,10.274
7/16/1997,10.148
7/17/1997,9.7
7/18/1997,9.29
7/19/1997,8.914
7/20/1997,8.626
7/21/1997,9.126
7/22/1997,9.454
7/23/1997,9.266
7/24/1997,8.922
7/25/1997,8.658
7/26/1997,8.438
7/27/1997,8.78
7/28/1997,9.424
7/29/1997,9.59
7/30/1997,9.552
7/31/1997,9.258
8/1/1997,9.11
8/2/1997,9.474
8/3/1997,9.142
8/4/1997,8.934
8/5/1997,9.324
8/6/1997,9.014
8/7/1997,8.62
8/8/1997,8.38
8/9/1997,8.26
8/10/1997,8.632
8/11/1997,8.652
8/12/1997,8.548
8/13/1997,8.51
8/14/1997,9.274
8/15/1997,9.322
8/16/1997,8.858
8/17/1997,8.638
8/18/1997,8.964
8/19/1997,10.088
8/20/1997,10.078
8/21/1997,9.616
8/22/1997,9.258
8/23/1997,9.028
8/24/1997,8.858
8/25/1997,8.564
8/26/1997,8.428
8/27/1997,8.192
8/28/1997,8.176
8/29/1997,8.438
8/30/1997,8.548
8/31/1997,8.698
9/1/1997,8.628
9/2/1997,8.344
9/3/1997,8.094
9/4/1997,8.092
9/5/1997,8.47
9/6/1997,8.688
9/7/1997,8.708
9/8/1997,8.534
9/9/1997,8.334
9/10/1997,8.086
9/11/1997,7.896
9/12/1997,7.776
9/13/1997,7.728
9/14/1997,7.648
9/15/1997,7.574
9/16/1997,7.398
9/17/1997,7.514
9/18/1997,7.576
9/19/1997,7.526
9/20/1997,7.442
9/21/1997,7.306
9/22/1997,7.038
9/23/1997,7.546
9/24/1997,7.536
9/25/1997,7.428
9/26/1997,7.29
9/27/1997,7.794
9/28/1997,9.092
9/29/1997,8.552
9/30/1997,8.516
10/1/1997,8.944
10/2/1997,8.538
10/3/1997,8.374
10/4/1997,8.06
10/5/1997,7.812
10/6/1997,7.636
10/7/1997,7.646
10/8/1997,7.758
10/9/1997,7.858
10/10/1997,7.82
10/11/1997,7.656
10/12/1997,7.538
10/13/1997,7.476
10/14/1997,7.438
10/15/1997,7.384
10/16/1997,7.346
10/17/1997,7.308
10/18/1997,7.28
10/19/1997,7.23
10/20/1997,7.182
10/21/1997,7.202
10/22/1997,7.122
10/23/1997,7.09
10/24/1997,6.77
10/25/1997,6.846
10/26/1997,6.996
10/27/1997,6.93
10/28/1997,7.012
10/29/1997,7.018
10/30/1997,6.99
10/31/1997,7.088
11/1/1997,7.012
11/2/1997,6.994
11/3/1997,6.96
11/4/1997,6.986
11/5/1997,6.954
11/6/1997,6.942
11/7/1997,6.976
11/8/1997,6.968
11/9/1997,6.908
11/10/1997,6.82
11/11/1997,6.826
11/12/1997,6.812
11/13/1997,6.844
11/14/1997,6.6
11/15/1997,6.612
11/16/1997,6.678
11/17/1997,6.856
11/18/1997,6.616
11/19/1997,6.5
11/20/1997,6.558
11/21/1997,6.586
11/22/1997,6.498
11/23/1997,6.6
11/24/1997,6.52
11/25/1997,6.614
11/26/1997,6.486
11/27/1997,6.644
11/28/1997,6.524
11/29/1997,6.642
11/30/1997,6.454
12/1/1997,6.524
12/2/1997,6.56
12/3/1997,6.528
12/4/1997,6.59
12/5/1997,6.568
12/6/1997,6.572
12/7/1997,6.426
12/8/1997,6.526
12/9/1997,6.448
12/10/1997,6.528
12/11/1997,6.94
12/12/1997,7.3
12/13/1997,7.242
12/14/1997,6.982
12/15/1997,6.992
12/16/1997,6.948
12/17/1997,6.63
12/18/1997,6.792
12/19/1997,6.65
12/20/1997,6.872
12/21/1997,6.862
12/22/1997,6.886
12/23/1997,6.874
12/24/1997,6.942
12/25/1997,6.958
12/26/1997,6.96
12/27/1997,6.948
12/28/1997,6.968
12/29/1997,6.944
12/30/1997,6.906
12/31/1997,6.894
1/1/1998,6.908
1/2/1998,6.908
1/3/1998,6.908
1/4/1998,6.932
1/5/1998,6.884
1/6/1998,6.862
1/7/1998,6.946
1/8/1998,6.93
1/9/1998,6.984
1/10/1998,7.036
1/11/1998,6.96
1/12/1998,6.826
1/13/1998,6.908
1/14/1998,6.916
1/15/1998,6.956
1/16/1998,6.922
1/17/1998,6.87
1/18/1998,6.916
1/19/1998,6.882
1/20/1998,6.944
1/21/1998,6.974
1/22/1998,7.036
1/23/1998,7.114
1/24/1998,6.994
1/25/1998,7.014
1/26/1998,6.968
1/27/1998,6.926
1/28/1998,6.912
1/29/1998,6.902
1/30/1998,6.958
1/31/1998,6.762
2/1/1998,6.716
2/2/1998,6.804
2/3/1998,6.888
2/4/1998,6.824
2/5/1998,6.836
2/6/1998,6.83
2/7/1998,6.842
2/8/1998,6.986
2/9/1998,6.508
2/10/1998,6.688
2/11/1998,6.768
2/12/1998,6.696
2/13/1998,6.788
2/14/1998,6.924
2/15/1998,6.79
2/16/1998,6.564
2/17/1998,6.444
2/18/1998,6.632
2/19/1998,6.704
2/20/1998,6.804
2/21/1998,6.846
2/22/1998,6.764
2/23/1998,6.788
2/24/1998,6.72
2/25/1998,6.698
2/26/1998,6.954
2/27/1998,6.838
2/28/1998,6.502
3/1/1998,6.808
3/2/1998,6.72
3/3/1998,6.766
3/4/1998,6.724
3/5/1998,6.738
3/6/1998,6.692
3/7/1998,6.72
3/8/1998,6.702
3/9/1998,6.728
3/10/1998,6.734
3/11/1998,6.702
3/12/1998,6.682
3/13/1998,6.732
3/14/1998,6.75
3/15/1998,6.582
3/16/1998,6.614
3/17/1998,6.684
3/18/1998,6.646
3/19/1998,6.596
3/20/1998,6.628
3/21/1998,6.774
3/22/1998,6.586
3/23/1998,6.798
3/24/1998,7.768
3/25/1998,7.452
3/26/1998,8.11
3/27/1998,7.452
3/28/1998,7.142
3/29/1998,7.028
3/30/1998,6.936
3/31/1998,6.924
4/1/1998,6.914
4/2/1998,6.824
4/3/1998,6.508
4/4/1998,6.51
4/5/1998,6.704
4/6/1998,6.654
4/7/1998,7.316
4/8/1998,7.048
4/9/1998,6.954
4/10/1998,6.912
4/11/1998,6.84
4/12/1998,6.764
4/13/1998,6.746
4/14/1998,6.534
4/15/1998,6.494
4/16/1998,6.572
4/17/1998,6.574
4/18/1998,6.92
4/19/1998,6.738
4/20/1998,6.66
4/21/1998,6.652
4/22/1998,7.176
4/23/1998,8.416
4/24/1998,8.096
4/25/1998,7.818
4/26/1998,7.602
4/27/1998,7.382
4/28/1998,7.53
4/29/1998,7.36
4/30/1998,7.206
5/1/1998,7.096
5/2/1998,6.854
5/3/1998,6.876
5/4/1998,6.828
5/5/1998,6.84
5/6/1998,7.21
5/7/1998,7.222
5/8/1998,7.562
5/9/1998,7.37
5/10/1998,7.18
5/11/1998,7.05
5/12/1998,6.96
5/13/1998,6.846
5/14/1998,6.798
5/15/1998,6.768
5/16/1998,6.768
5/17/1998,6.768
5/18/1998,6.79
5/19/1998,6.738
5/20/1998,6.708
5/21/1998,6.738
5/22/1998,6.826
5/23/1998,6.806
5/24/1998,6.762
5/25/1998,7.868
5/26/1998,8.864
5/27/1998,8.832
5/28/1998,8.806
5/29/1998,9.448
5/30/1998,9.91
5/31/1998,9.342
6/1/1998,8.802
6/2/1998,8.53
6/3/1998,8.172
6/4/1998,8.714
6/5/1998,8.342
6/6/1998,8.056
6/7/1998,7.756
6/8/1998,7.548
6/9/1998,7.408
6/10/1998,7.296
6/11/1998,7.156
6/12/1998,7.166
6/13/1998,7.066
6/14/1998,7.064
6/15/1998,7.356
6/16/1998,7.298
6/17/1998,7.294
6/18/1998,7.148
6/19/1998,7.034
6/20/1998,6.884
6/21/1998,6.868
6/22/1998,6.93
6/23/1998,7.042
6/24/1998,7.032
6/25/1998,7.336
6/26/1998,7.118
6/27/1998,7.076
6/28/1998,6.968
6/29/1998,6.888
6/30/1998,6.824
7/1/1998,6.788
7/2/1998,6.856
7/3/1998,6.864
7/4/1998,6.936
7/5/1998,7.016
7/6/1998,8.144
7/7/1998,8.744
7/8/1998,8.786
7/9/1998,8.182
7/10/1998,7.8
7/11/1998,7.8
7/12/1998,8.304
7/13/1998,9.334
7/14/1998,10.446
7/15/1998,11.06
7/16/1998,11.824
7/17/1998,11.826
7/18/1998,11.686
7/19/1998,11.466
7/20/1998,11.004
7/21/1998,10.65
7/22/1998,11.228
7/23/1998,11.5
7/24/1998,11.6
7/25/1998,11.284
7/26/1998,10.896
7/27/1998,10.508
7/28/1998,10.028
7/29/1998,9.62
7/30/1998,9.342
7/31/1998,9.08
8/1/1998,8.83
8/2/1998,8.758
8/3/1998,8.708
8/4/1998,8.812
8/5/1998,8.748
8/6/1998,8.53
8/7/1998,8.378
8/8/1998,8.232
8/9/1998,8.092
8/10/1998,7.96
8/11/1998,8.136
8/12/1998,8.17
8/13/1998,8.884
8/14/1998,8.712
8/15/1998,8.648
8/16/1998,8.526
8/17/1998,8.468
8/18/1998,8.432
8/19/1998,8.462
8/20/1998,8.508
8/21/1998,8.304
8/22/1998,8.176
8/23/1998,8.974
8/24/1998,8.794
8/25/1998,8.364
8/26/1998,8.178
8/27/1998,8.188
8/28/1998,8.12
8/29/1998,8.338
8/30/1998,8.636
8/31/1998,8.508
9/1/1998,8.578
9/2/1998,8.32
9/3/1998,8.138
9/4/1998,7.988
9/5/1998,8.19
9/6/1998,8.29
9/7/1998,8.444
9/8/1998,8.284
9/9/1998,8.112
9/10/1998,8.006
9/11/1998,8.002
9/12/1998,7.96
9/13/1998,7.838
9/14/1998,7.86
9/15/1998,7.816
9/16/1998,7.682
9/17/1998,8.026
9/18/1998,8.042
9/19/1998,7.868
9/20/1998,8.562
9/21/1998,9.194
9/22/1998,8.806
9/23/1998,8.416
9/24/1998,8.25
9/25/1998,8.294
9/26/1998,8.098
9/27/1998,7.978
9/28/1998,8.09
9/29/1998,8.382
9/30/1998,8.312
10/1/1998,8.26
10/2/1998,8.068
10/3/1998,7.97
10/4/1998,7.99
10/5/1998,8.012
10/6/1998,7.85
10/7/1998,7.758
10/8/1998,7.638
10/9/1998,7.496
10/10/1998,7.422
10/11/1998,7.366
10/12/1998,7.318
10/13/1998,7.288
10/14/1998,7.236
10/15/1998,7.208
10/16/1998,7.2
10/17/1998,7.222
10/18/1998,7.158
10/19/1998,7.15
10/20/1998,7.198
10/21/1998,7.178
10/22/1998,7.21
10/23/1998,7.198
10/24/1998,7.174
10/25/1998,7.144
10/26/1998,7.1
10/27/1998,6.884
10/28/1998,6.832
10/29/1998,7.118
10/30/1998,7.1
10/31/1998,7.136
11/1/1998,7.06
11/2/1998,7.048
11/3/1998,7.026
11/4/1998,6.962
11/5/1998,6.87
11/6/1998,6.79
11/7/1998,6.918
11/8/1998,6.922
11/9/1998,6.956
11/10/1998,6.968
11/11/1998,6.994
11/12/1998,6.924
11/13/1998,6.734
11/14/1998,6.888
11/15/1998,6.868
11/16/1998,6.878
11/17/1998,6.888
11/18/1998,6.916
11/19/1998,6.816
11/20/1998,6.894
11/21/1998,6.884
11/22/1998,6.89
11/23/1998,7.832
11/24/1998,8.656
11/25/1998,8.012
11/26/1998,7.826
11/27/1998,7.438
11/28/1998,7.318
11/29/1998,7.218
11/30/1998,7.138
12/1/1998,7.094
12/2/1998,7.056
12/3/1998,7.018
12/4/1998,6.994
12/5/1998,6.978
12/6/1998,6.956
12/7/1998,6.948
12/8/1998,6.942
12/9/1998,6.924
12/10/1998,6.918
12/11/1998,6.918
12/12/1998,6.908
12/13/1998,6.904
12/14/1998,6.894
12/15/1998,6.968
12/16/1998,6.878
12/17/1998,6.868
12/18/1998,6.862
12/19/1998,6.746
12/20/1998,6.67
12/21/1998,6.824
12/22/1998,6.844
12/23/1998,6.86
12/24/1998,6.816
12/25/1998,6.848
12/26/1998,6.838
12/27/1998,6.838
12/28/1998,6.838
12/29/1998,6.806
12/30/1998,6.802
12/31/1998,6.822
1/1/1999,6.828
1/2/1999,6.844
1/3/1999,6.838
1/4/1999,6.796
1/5/1999,6.846
1/6/1999,6.822
1/7/1999,6.792
1/8/1999,6.808
1/9/1999,6.812
1/10/1999,6.808
1/11/1999,6.802
1/12/1999,6.822
1/13/1999,6.802
1/14/1999,6.788
1/15/1999,6.778
1/16/1999,6.778
1/17/1999,6.782
1/18/1999,6.792
1/19/1999,6.916
1/20/1999,6.794
1/21/1999,6.614
1/22/1999,6.7
1/23/1999,6.724
1/24/1999,6.73
1/25/1999,6.684
1/26/1999,6.698
1/27/1999,6.714
1/28/1999,6.744
1/29/1999,6.742
1/30/1999,6.712
1/31/1999,6.712
2/1/1999,6.716
2/2/1999,6.692
2/3/1999,6.73
2/4/1999,6.7
2/5/1999,6.728
2/6/1999,6.708
2/7/1999,6.704
2/8/1999,6.698
2/9/1999,6.706
2/10/1999,6.722
2/11/1999,6.716
2/12/1999,6.69
2/13/1999,6.704
2/14/1999,6.702
2/15/1999,6.682
2/16/1999,6.674
2/17/1999,6.692
2/18/1999,6.646
2/19/1999,6.652
2/20/1999,6.674
2/21/1999,6.652
2/22/1999,6.674
2/23/1999,6.674
2/24/1999,6.678
2/25/1999,6.684
2/26/1999,6.684
2/27/1999,6.65
2/28/1999,6.626
3/1/1999,6.664
3/2/1999,6.646
3/3/1999,6.634
3/4/1999,6.596
3/5/1999,6.556
3/6/1999,6.604
3/7/1999,6.602
3/8/1999,6.66
3/9/1999,6.836
3/10/1999,6.688
3/11/1999,6.602
3/12/1999,6.596
3/13/1999,6.57
3/14/1999,6.516
3/15/1999,6.544
3/16/1999,6.556
3/17/1999,6.568
3/18/1999,6.568
3/19/1999,6.572
3/20/1999,6.586
3/21/1999,6.618
3/22/1999,6.578
3/23/1999,6.574
3/24/1999,6.548
3/25/1999,6.542
3/26/1999,6.522
3/27/1999,6.462
3/28/1999,6.994
3/29/1999,6.73
3/30/1999,6.568
3/31/1999,6.406
4/1/1999,6.566
4/2/1999,6.648
4/3/1999,6.708
4/4/1999,6.584
4/5/1999,6.184
4/6/1999,6.502
4/7/1999,6.504
4/8/1999,6.574
4/9/1999,6.792
4/10/1999,6.592
4/11/1999,6.35
4/12/1999,6.236
4/13/1999,6.44
4/14/1999,6.534
4/15/1999,6.514
4/16/1999,6.498
4/17/1999,6.518
4/18/1999,6.478
4/19/1999,6.64
4/20/1999,6.5
4/21/1999,6.386
4/22/1999,6.432
4/23/1999,6.488
4/24/1999,6.48
4/25/1999,6.424
4/26/1999,6.506
4/27/1999,6.446
4/28/1999,6.4
4/29/1999,6.516
4/30/1999,6.43
5/1/1999,6.458
5/2/1999,6.48
5/3/1999,6.516
5/4/1999,6.436
5/5/1999,6.468
5/6/1999,6.478
5/7/1999,6.57
5/8/1999,6.992
5/9/1999,7.31
5/10/1999,6.998
5/11/1999,6.798
5/12/1999,6.774
5/13/1999,6.796
5/14/1999,7.496
5/15/1999,7.512
5/16/1999,7.634
5/17/1999,8.122
5/18/1999,7.602
5/19/1999,7.294
5/20/1999,7.514
5/21/1999,7.492
5/22/1999,7.278
5/23/1999,7.132
5/24/1999,7.03
5/25/1999,6.936
5/26/1999,6.836
5/27/1999,6.792
5/28/1999,6.78
5/29/1999,6.814
5/30/1999,6.842
5/31/1999,7.314
6/1/1999,7.164
6/2/1999,6.992
6/3/1999,7.514
6/4/1999,7.378
6/5/1999,6.972
6/6/1999,7.044
6/7/1999,7.244
6/8/1999,7.092
6/9/1999,7.234
6/10/1999,6.904
6/11/1999,7.208
6/12/1999,7.118
6/13/1999,7.254
6/14/1999,7.088
6/15/1999,6.95
6/16/1999,6.83
6/17/1999,6.784
6/18/1999,6.728
6/19/1999,6.71
6/20/1999,6.716
6/21/1999,6.788
6/22/1999,6.784
6/23/1999,6.954
6/24/1999,8.992
6/25/1999,9.34
6/26/1999,9.764
6/27/1999,10.02
6/28/1999,9.228
6/29/1999,8.57
6/30/1999,9.244
7/1/1999,10.586
7/2/1999,10.396
7/3/1999,9.728
7/4/1999,9.302
7/5/1999,8.808
7/6/1999,8.42
7/7/1999,8.14
7/8/1999,8.008
7/9/1999,7.84
7/10/1999,8.28
7/11/1999,10.544
7/12/1999,11.844
7/13/1999,12.14
7/14/1999,11.844
7/15/1999,11.286
7/16/1999,10.542
7/17/1999,10.026
7/18/1999,9.666
7/19/1999,9.438
7/20/1999,9.69
7/21/1999,9.836
7/22/1999,9.568
7/23/1999,9.342
7/24/1999,9.032
7/25/1999,8.732
7/26/1999,8.628
7/27/1999,8.666
7/28/1999,8.386
7/29/1999,8.242
7/30/1999,8.128
7/31/1999,7.956
8/1/1999,7.824
8/2/1999,7.878
8/3/1999,8.162
8/4/1999,7.892
8/5/1999,7.688
8/6/1999,7.632
8/7/1999,7.728
8/8/1999,7.536
8/9/1999,7.5
8/10/1999,7.58
8/11/1999,8.132
8/12/1999,8.086
8/13/1999,9.068
8/14/1999,9.454
8/15/1999,8.956
8/16/1999,8.654
8/17/1999,8.54
8/18/1999,8.43
8/19/1999,8.07
8/20/1999,7.948
8/21/1999,7.85
8/22/1999,7.8
8/23/1999,7.638
8/24/1999,7.528
8/25/1999,7.47
8/26/1999,7.732
8/27/1999,7.81
8/28/1999,8.204
8/29/1999,8.506
8/30/1999,8.078
8/31/1999,7.994
9/1/1999,7.926
9/2/1999,7.748
9/3/1999,7.6
9/4/1999,7.668
9/5/1999,7.56
9/6/1999,7.498
9/7/1999,7.45
9/8/1999,7.562
9/9/1999,8.394
9/10/1999,9.096
9/11/1999,8.492
9/12/1999,8.272
9/13/1999,8.018
9/14/1999,7.848
9/15/1999,7.722
9/16/1999,7.806
9/17/1999,7.726
9/18/1999,7.66
9/19/1999,7.608
9/20/1999,7.7
9/21/1999,7.86
9/22/1999,7.92
9/23/1999,8.246
9/24/1999,8.018
9/25/1999,7.878
9/26/1999,7.698
9/27/1999,7.59
9/28/1999,7.67
9/29/1999,7.774
9/30/1999,7.49
10/1/1999,7.722
10/2/1999,7.646
10/3/1999,7.45
10/4/1999,7.484
10/5/1999,7.434
10/6/1999,7.378
10/7/1999,7.358
10/8/1999,7.268
10/9/1999,7.312
10/10/1999,8.108
10/11/1999,7.526
10/12/1999,7.338
10/13/1999,7.098
10/14/1999,7.158
10/15/1999,7.144
10/16/1999,7.194
10/17/1999,7.08
10/18/1999,7.498
10/19/1999,8.862
10/20/1999,8.554
10/21/1999,8.574
10/22/1999,8.544
10/23/1999,8.262
10/24/1999,7.896
10/25/1999,7.658
10/26/1999,7.508
10/27/1999,7.448
10/28/1999,7.42
10/29/1999,7.342
10/30/1999,7.332
10/31/1999,7.308
11/1/1999,7.188
11/2/1999,7.018
11/3/1999,7.178
11/4/1999,7.052
11/5/1999,7.158
11/6/1999,7.104
11/7/1999,7.068
11/8/1999,7.064
11/9/1999,7.002
11/10/1999,6.958
11/11/1999,6.958
11/12/1999,6.952
11/13/1999,6.932
11/14/1999,6.888
11/15/1999,6.884
11/16/1999,6.958
11/17/1999,6.954
11/18/1999,6.938
11/19/1999,6.938
11/20/1999,6.938
11/21/1999,6.93
11/22/1999,6.866
11/23/1999,6.854
11/24/1999,6.838
11/25/1999,6.834
11/26/1999,6.824
11/27/1999,6.878
11/28/1999,6.874
11/29/1999,6.848
11/30/1999,6.848
12/1/1999,6.848
12/2/1999,6.838
12/3/1999,6.838
12/4/1999,6.828
12/5/1999,6.828
12/6/1999,6.838
12/7/1999,6.832
12/8/1999,6.824
12/9/1999,6.908
12/10/1999,6.88
12/11/1999,6.802
12/12/1999,6.958
12/13/1999,7.008
12/14/1999,6.868
12/15/1999,6.82
12/16/1999,6.888
12/17/1999,6.866
12/18/1999,6.82
12/19/1999,6.844
12/20/1999,6.828
12/21/1999,6.818
12/22/1999,6.818
12/23/1999,6.828
12/24/1999,6.828
12/25/1999,6.838
12/26/1999,6.832
12/27/1999,6.804
12/28/1999,6.786
12/29/1999,6.834
12/30/1999,6.818
12/31/1999,6.818
1/1/2000,6.808
1/2/2000,6.82
1/3/2000,6.88
1/4/2000,6.844
1/5/2000,6.834
1/6/2000,6.814
1/7/2000,6.806
1/8/2000,6.802
1/9/2000,6.824
1/10/2000,6.818
1/11/2000,6.802
1/12/2000,6.788
1/13/2000,6.798
1/14/2000,6.778
1/15/2000,6.784
1/16/2000,6.772
1/17/2000,6.776
1/18/2000,6.77
1/19/2000,6.77
1/20/2000,6.716
1/21/2000,6.772
1/22/2000,6.808
1/23/2000,6.792
1/24/2000,6.832
1/25/2000,6.86
1/26/2000,6.896
1/27/2000,6.85
1/28/2000,6.804
1/29/2000,6.796
1/30/2000,6.876
1/31/2000,6.808
2/1/2000,6.794
2/2/2000,6.76
2/3/2000,6.696
2/4/2000,6.61
2/5/2000,6.736
2/6/2000,7.106
2/7/2000,6.912
2/8/2000,6.874
2/9/2000,6.86
2/10/2000,6.822
2/11/2000,6.786
2/12/2000,6.754
2/13/2000,6.73
2/14/2000,6.714
2/15/2000,6.72
2/16/2000,6.86
2/17/2000,6.554
2/18/2000,6.64
2/19/2000,6.728
2/20/2000,6.732
2/21/2000,6.688
2/22/2000,6.688
2/23/2000,6.724
2/24/2000,6.722
2/25/2000,6.63
2/26/2000,6.668
2/27/2000,6.726
2/28/2000,6.75
2/29/2000,6.524
3/1/2000,6.61
3/2/2000,6.698
3/3/2000,6.694
3/4/2000,6.668
3/5/2000,6.66
3/6/2000,6.718
3/7/2000,6.71
3/8/2000,6.67
3/9/2000,6.646
3/10/2000,6.69
3/11/2000,6.716
3/12/2000,6.664
3/13/2000,6.926
3/14/2000,8.846
3/15/2000,8.99
3/16/2000,8.556
3/17/2000,7.986
3/18/2000,7.578
3/19/2000,7.402
3/20/2000,7.088
3/21/2000,6.948
3/22/2000,6.932
3/23/2000,6.894
3/24/2000,6.84
3/25/2000,6.844
3/26/2000,6.81
3/27/2000,6.748
3/28/2000,6.736
3/29/2000,6.704
3/30/2000,6.72
3/31/2000,6.766
4/1/2000,6.696
4/2/2000,6.732
4/3/2000,6.738
4/4/2000,6.738
4/5/2000,6.73
4/6/2000,6.64
4/7/2000,6.636
4/8/2000,6.6
4/9/2000,6.704
4/10/2000,6.736
4/11/2000,6.71
4/12/2000,6.734
4/13/2000,7.088
4/14/2000,6.726
4/15/2000,6.63
4/16/2000,6.658
4/17/2000,6.64
4/18/2000,6.652
4/19/2000,6.684
4/20/2000,6.688
4/21/2000,7.008
4/22/2000,6.93
4/23/2000,6.884
4/24/2000,6.948
4/25/2000,7.494
4/26/2000,7.936
4/27/2000,8.2
4/28/2000,8.534
4/29/2000,8.756
4/30/2000,8.384
5/1/2000,8.0
5/2/2000,9.126
5/3/2000,9.49
5/4/2000,8.746
5/5/2000,8.286
5/6/2000,7.938
5/7/2000,7.854
5/8/2000,7.612
5/9/2000,7.372
5/10/2000,7.346
5/11/2000,7.298
5/12/2000,7.362
5/13/2000,6.966
5/14/2000,7.096
5/15/2000,7.072
5/16/2000,7.108
5/17/2000,7.232
5/18/2000,7.126
5/19/2000,7.168
5/20/2000,8.48
5/21/2000,8.698
5/22/2000,8.502
5/23/2000,8.254
5/24/2000,8.128
5/25/2000,8.494
5/26/2000,8.952
5/27/2000,9.412
5/28/2000,9.894
5/29/2000,9.492
5/30/2000,9.056
5/31/2000,8.716
6/1/2000,8.574
6/2/2000,8.576
6/3/2000,8.382
6/4/2000,8.09
6/5/2000,8.132
6/6/2000,8.518
6/7/2000,8.506
6/8/2000,8.372
6/9/2000,8.23
6/10/2000,8.196
6/11/2000,8.826
6/12/2000,8.568
6/13/2000,8.486
6/14/2000,8.218
6/15/2000,8.492
6/16/2000,8.482
6/17/2000,8.372
6/18/2000,8.442
6/19/2000,8.164
6/20/2000,7.946
6/21/2000,8.226
6/22/2000,8.118
6/23/2000,8.152
6/24/2000,8.64
6/25/2000,9.786
6/26/2000,9.738
6/27/2000,9.436
6/28/2000,9.03
6/29/2000,8.846
6/30/2000,8.548
7/1/2000,8.288
7/2/2000,8.146
7/3/2000,7.948
7/4/2000,7.802
7/5/2000,7.688
7/6/2000,7.604
7/7/2000,7.568
7/8/2000,7.64
7/9/2000,7.66
7/10/2000,7.53
7/11/2000,7.148
7/12/2000,7.436
7/13/2000,7.302
7/14/2000,7.052
7/15/2000,7.186
7/16/2000,7.366
7/17/2000,7.676
7/18/2000,7.406
7/19/2000,8.09
7/20/2000,8.802
7/21/2000,8.908
7/22/2000,8.54
7/23/2000,8.228
7/24/2000,7.776
7/25/2000,8.154
7/26/2000,7.85
7/27/2000,7.84
7/28/2000,7.648
7/29/2000,7.61
7/30/2000,7.428
7/31/2000,7.404
8/1/2000,7.708
8/2/2000,9.258
8/3/2000,10.508
8/4/2000,11.218
8/5/2000,10.768
8/6/2000,10.038
8/7/2000,9.348
8/8/2000,9.598
8/9/2000,9.608
8/10/2000,9.498
8/11/2000,9.348
8/12/2000,9.178
8/13/2000,9.008
8/14/2000,8.998
8/15/2000,8.788
8/16/2000,9.058
8/17/2000,10.518
8/18/2000,10.128
8/19/2000,9.588
8/20/2000,9.198
8/21/2000,8.858
8/22/2000,8.608
8/23/2000,8.398
8/24/2000,8.408
8/25/2000,8.448
8/26/2000,8.448
8/27/2000,8.718
8/28/2000,8.428
8/29/2000,8.248
8/30/2000,8.118
8/31/2000,8.068
9/1/2000,8.192
9/2/2000,8.184
9/3/2000,8.082
9/4/2000,8.328
9/5/2000,8.406
9/6/2000,8.172
9/7/2000,8.156
9/8/2000,7.88
9/9/2000,7.77
9/10/2000,7.758
9/11/2000,7.754
9/12/2000,7.706
9/13/2000,7.646
9/14/2000,7.57
9/15/2000,7.556
9/16/2000,7.496
9/17/2000,7.586
9/18/2000,7.696
9/19/2000,7.8
9/20/2000,7.594
9/21/2000,7.486
9/22/2000,7.406
9/23/2000,7.316
9/24/2000,7.418
9/25/2000,7.468
9/26/2000,7.488
9/27/2000,7.89
9/28/2000,8.208
9/29/2000,7.77
9/30/2000,7.616
10/1/2000,7.758
10/2/2000,7.84
10/3/2000,8.172
10/4/2000,8.778
10/5/2000,8.188
10/6/2000,8.024
10/7/2000,7.952
10/8/2000,7.888
10/9/2000,7.768
10/10/2000,7.638
10/11/2000,7.548
10/12/2000,7.478
10/13/2000,7.438
10/14/2000,7.378
10/15/2000,7.34
10/16/2000,6.976
10/17/2000,7.288
10/18/2000,7.824
10/19/2000,7.436
10/20/2000,7.328
10/21/2000,7.166
10/22/2000,7.532
10/23/2000,7.552
10/24/2000,7.432
10/25/2000,7.102
10/26/2000,7.288
10/27/2000,7.14
10/28/2000,7.928
10/29/2000,8.96
10/30/2000,8.348
10/31/2000,7.958
11/1/2000,7.68
11/2/2000,7.374
11/3/2000,7.368
11/4/2000,7.266
11/5/2000,7.308
11/6/2000,7.308
11/7/2000,7.294
11/8/2000,7.26
11/9/2000,7.256
11/10/2000,7.268
11/11/2000,7.218
11/12/2000,7.216
11/13/2000,7.202
11/14/2000,7.148
11/15/2000,7.114
11/16/2000,7.094
11/17/2000,7.11
11/18/2000,7.104
11/19/2000,7.124
11/20/2000,7.108
11/21/2000,7.104
11/22/2000,7.118
11/23/2000,7.114
11/24/2000,7.098
11/25/2000,7.13
11/26/2000,7.168
11/27/2000,7.084
11/28/2000,7.106
11/29/2000,7.078
11/30/2000,7.134
12/1/2000,7.084
12/2/2000,7.064
12/3/2000,7.078
12/4/2000,7.072
12/5/2000,7.084
12/6/2000,7.088
12/7/2000,7.018
12/8/2000,7.062
12/9/2000,7.074
12/10/2000,7.052
12/11/2000,7.024
12/12/2000,6.984
12/13/2000,6.954
12/14/2000,6.96
12/15/2000,6.998
12/16/2000,6.968
12/17/2000,6.95
12/18/2000,6.964
12/19/2000,6.978
12/20/2000,6.958
12/21/2000,6.936
12/22/2000,6.934
12/23/2000,6.936
12/24/2000,6.854
12/25/2000,6.978
12/26/2000,6.988
12/27/2000,6.984
12/28/2000,6.96
12/29/2000,6.966
12/30/2000,6.984
12/31/2000,6.978
1/1/2001,6.9
1/2/2001,6.616
1/3/2001,6.828
1/4/2001,6.844
1/5/2001,6.814
1/6/2001,6.786
1/7/2001,6.684
1/8/2001,6.666
1/9/2001,6.798
1/10/2001,6.774
1/11/2001,6.81
1/12/2001,6.766
1/13/2001,6.624
1/14/2001,6.748
1/15/2001,6.712
1/16/2001,6.67
1/17/2001,6.71
1/18/2001,6.72
1/19/2001,6.732
1/20/2001,6.748
1/21/2001,6.746
1/22/2001,6.568
1/23/2001,6.64
1/24/2001,6.738
1/25/2001,6.744
1/26/2001,6.724
1/27/2001,6.718
1/28/2001,6.724
1/29/2001,6.856
1/30/2001,6.656
1/31/2001,6.58
2/1/2001,6.638
2/2/2001,6.646
2/3/2001,6.65
2/4/2001,6.704
2/5/2001,6.7
2/6/2001,6.708
2/7/2001,6.684
2/8/2001,6.678
2/9/2001,6.692
2/10/2001,6.704
2/11/2001,6.682
2/12/2001,6.676
2/13/2001,6.468
2/14/2001,6.206
2/15/2001,6.028
2/16/2001,5.99
2/17/2001,6.17
2/18/2001,6.098
2/19/2001,6.086
2/20/2001,6.166
2/21/2001,6.038
2/22/2001,6.202
2/23/2001,6.156
2/24/2001,6.048
2/25/2001,6.168
2/26/2001,6.088
2/27/2001,6.18
2/28/2001,6.722
3/1/2001,6.726
3/2/2001,6.198
3/3/2001,6.042
3/4/2001,5.994
3/5/2001,5.968
3/6/2001,5.966
3/7/2001,5.964
3/8/2001,6.58
3/9/2001,6.55
3/10/2001,6.578
3/11/2001,6.538
3/12/2001,6.896
3/13/2001,6.708
3/14/2001,6.696
3/15/2001,6.55
3/16/2001,6.53
3/17/2001,6.544
3/18/2001,6.544
3/19/2001,6.576
3/20/2001,6.536
3/21/2001,6.504
3/22/2001,6.488
3/23/2001,6.488
3/24/2001,6.5
3/25/2001,6.54
3/26/2001,6.54
3/27/2001,6.518
3/28/2001,6.55
3/29/2001,6.52
3/30/2001,6.59
3/31/2001,6.768
4/1/2001,6.48
4/2/2001,6.6
4/3/2001,6.504
4/4/2001,6.496
4/5/2001,6.486
4/6/2001,6.47
4/7/2001,6.502
4/8/2001,6.45
4/9/2001,6.51
4/10/2001,6.528
4/11/2001,6.508
4/12/2001,6.502
4/13/2001,6.472
4/14/2001,6.488
4/15/2001,6.5
4/16/2001,6.492
4/17/2001,6.504
4/18/2001,6.548
4/19/2001,6.39
4/20/2001,6.476
4/21/2001,6.434
4/22/2001,6.458
4/23/2001,6.448
4/24/2001,6.434
4/25/2001,6.406
4/26/2001,6.31
4/27/2001,6.266
4/28/2001,6.21
4/29/2001,6.342
4/30/2001,6.924
5/1/2001,7.008
5/2/2001,6.816
5/3/2001,6.748
5/4/2001,7.496
5/5/2001,7.232
5/6/2001,7.184
5/7/2001,7.132
5/8/2001,7.088
5/9/2001,7.148
5/10/2001,7.116
5/11/2001,8.34
5/12/2001,7.796
5/13/2001,7.622
5/14/2001,7.298
5/15/2001,7.108
5/16/2001,7.052
5/17/2001,7.846
5/18/2001,7.17
5/19/2001,6.974
5/20/2001,6.948
5/21/2001,6.988
5/22/2001,7.026
5/23/2001,8.004
5/24/2001,7.364
5/25/2001,7.172
5/26/2001,7.086
5/27/2001,7.002
5/28/2001,6.936
5/29/2001,6.812
5/30/2001,6.844
5/31/2001,6.794
6/1/2001,6.918
6/2/2001,6.988
6/3/2001,6.916
6/4/2001,7.076
6/5/2001,7.22
6/6/2001,9.334
6/7/2001,9.778
6/8/2001,9.894
6/9/2001,10.332
6/10/2001,9.634
6/11/2001,8.892
6/12/2001,8.494
6/13/2001,8.218
6/14/2001,8.0
6/15/2001,8.082
6/16/2001,8.494
6/17/2001,8.496
6/18/2001,8.384
6/19/2001,8.33
6/20/2001,9.23
6/21/2001,9.042
6/22/2001,8.84
6/23/2001,8.512
6/24/2001,8.342
6/25/2001,8.042
6/26/2001,7.852
6/27/2001,7.696
6/28/2001,7.488
6/29/2001,7.382
6/30/2001,7.356
7/1/2001,7.33
7/2/2001,7.446
7/3/2001,7.326
7/4/2001,7.166
7/5/2001,7.088
7/6/2001,7.096
7/7/2001,7.088
7/8/2001,7.338
7/9/2001,7.55
7/10/2001,7.248
7/11/2001,7.102
7/12/2001,7.048
7/13/2001,7.114
7/14/2001,7.2
7/15/2001,7.222
7/16/2001,7.166
7/17/2001,7.048
7/18/2001,7.044
7/19/2001,6.768
7/20/2001,6.906
7/21/2001,7.21
7/22/2001,7.618
7/23/2001,7.496
7/24/2001,7.18
7/25/2001,7.128
7/26/2001,7.048
7/27/2001,7.048
7/28/2001,7.214
7/29/2001,8.222
7/30/2001,9.256
8/1/2001,9.714
8/2/2001,9.774
8/3/2001,9.05
8/4/2001,8.474
8/5/2001,8.222
8/6/2001,8.38
8/7/2001,8.976
8/8/2001,8.496
8/9/2001,8.46
8/10/2001,8.468
8/11/2001,7.998
8/12/2001,7.806
8/13/2001,7.648
8/14/2001,7.72
8/15/2001,7.258
8/16/2001,7.302
8/17/2001,7.398
8/18/2001,7.354
8/19/2001,7.224
8/20/2001,7.544
8/21/2001,7.452
8/22/2001,6.878
8/23/2001,6.89
8/24/2001,7.088
8/25/2001,7.42
8/26/2001,7.422
8/27/2001,7.528
8/28/2001,8.08
8/29/2001,7.896
8/30/2001,8.07
9/1/2001,7.89
9/2/2001,7.65
9/3/2001,7.748
9/4/2001,7.752
9/5/2001,7.622
9/6/2001,7.43
9/7/2001,7.376
9/8/2001,7.346
9/9/2001,7.296
9/10/2001,7.234
9/11/2001,7.238
9/12/2001,7.176
9/13/2001,7.088
9/14/2001,7.016
9/15/2001,7.006
9/16/2001,7.11
9/17/2001,7.06
9/18/2001,7.304
9/19/2001,9.052
9/20/2001,9.358
9/21/2001,8.538
9/22/2001,8.228
9/23/2001,8.074
9/24/2001,7.736
9/25/2001,7.626
9/26/2001,7.572
9/27/2001,7.57
9/28/2001,7.708
9/29/2001,7.494
9/30/2001,7.27
10/1/2001,7.286
10/2/2001,7.192
10/3/2001,7.3
10/4/2001,8.226
10/5/2001,8.47
10/6/2001,7.972
10/7/2001,7.74
10/8/2001,7.474
10/9/2001,7.346
10/10/2001,7.28
10/11/2001,8.128
10/12/2001,7.494
10/13/2001,7.418
10/14/2001,7.282
10/15/2001,7.376
10/16/2001,7.334
10/17/2001,7.474
10/18/2001,8.326
10/19/2001,9.114
10/20/2001,8.638
10/21/2001,8.198
10/22/2001,7.848
10/23/2001,7.708
10/24/2001,7.62
10/25/2001,7.488
10/26/2001,7.384
10/27/2001,7.33
10/28/2001,7.836
10/29/2001,7.58
10/30/2001,7.44
11/1/2001,8.002
11/2/2001,7.958
11/3/2001,7.648
11/4/2001,7.468
11/5/2001,7.376
11/6/2001,7.268
11/7/2001,7.16
11/8/2001,7.02
11/9/2001,7.346
11/10/2001,7.146
11/11/2001,7.1
11/12/2001,7.24
11/13/2001,8.258
11/14/2001,7.908
11/15/2001,7.668
11/16/2001,7.508
11/17/2001,7.396
11/18/2001,7.298
11/19/2001,7.216
11/20/2001,7.184
11/21/2001,7.154
11/22/2001,7.122
11/23/2001,7.08
11/24/2001,7.044
11/25/2001,7.052
11/26/2001,7.034
11/27/2001,7.004
11/28/2001,6.978
11/29/2001,6.97
11/30/2001,6.922
12/1/2001,6.892
12/2/2001,6.968
12/3/2001,6.974
12/4/2001,6.958
12/5/2001,6.944
12/6/2001,6.914
12/7/2001,6.896
12/8/2001,6.886
12/9/2001,6.908
12/10/2001,6.908
12/11/2001,6.914
12/12/2001,6.908
12/13/2001,6.904
12/14/2001,6.888
12/15/2001,6.896
12/16/2001,6.892
12/17/2001,6.902
12/18/2001,6.884
12/19/2001,6.874
12/20/2001,6.888
12/21/2001,6.888
12/22/2001,6.884
12/23/2001,6.894
12/24/2001,6.886
12/25/2001,6.882
12/26/2001,6.884
12/27/2001,6.872
12/28/2001,6.834
12/29/2001,6.822
12/30/2001,6.818
12/31/2001,6.808
1/1/2002,6.79
1/2/2002,6.686
1/3/2002,6.636
1/4/2002,6.794
1/5/2002,6.72
1/6/2002,6.816
1/7/2002,6.836
1/8/2002,6.706
1/9/2002,6.766
1/10/2002,6.71
1/11/2002,6.824
1/12/2002,6.842
1/13/2002,6.8
1/14/2002,6.744
1/15/2002,6.716
1/16/2002,6.752
1/17/2002,6.784
1/18/2002,6.748
1/19/2002,6.74
1/20/2002,6.704
1/21/2002,6.752
1/22/2002,6.772
1/23/2002,6.746
1/24/2002,6.796
1/25/2002,6.752
1/26/2002,6.748
1/27/2002,6.754
1/28/2002,6.75
1/29/2002,6.79
1/30/2002,6.862
1/31/2002,6.82
2/1/2002,6.828
2/2/2002,6.708
2/3/2002,6.684
2/4/2002,6.732
2/5/2002,6.746
2/6/2002,6.77
2/7/2002,6.704
2/8/2002,6.688
2/9/2002,6.686
2/10/2002,6.724
2/11/2002,6.692
2/12/2002,6.588
2/13/2002,6.542
2/14/2002,6.602
2/15/2002,6.59
2/16/2002,6.556
2/17/2002,6.768
2/18/2002,6.49
2/19/2002,6.554
2/20/2002,6.562
2/21/2002,6.588
2/22/2002,6.572
2/23/2002,6.604
2/24/2002,6.57
2/25/2002,6.494
2/26/2002,6.33
2/27/2002,6.476
2/28/2002,6.504
3/1/2002,6.478
3/2/2002,6.482
3/3/2002,6.484
3/4/2002,6.466
3/5/2002,6.446
3/6/2002,6.438
3/7/2002,6.422
3/8/2002,6.374
3/9/2002,6.376
3/10/2002,6.436
3/11/2002,6.45
3/12/2002,6.496
3/13/2002,6.43
3/14/2002,6.39
3/15/2002,6.364
3/16/2002,6.49
3/17/2002,6.41
3/18/2002,6.328
3/19/2002,6.278
3/20/2002,6.29
3/21/2002,6.362
3/22/2002,6.368
3/23/2002,6.368
3/24/2002,6.476
3/25/2002,6.366
3/26/2002,6.85
3/27/2002,6.596
3/28/2002,6.632
3/29/2002,6.772
3/30/2002,6.578
3/31/2002,6.486
4/1/2002,6.49
4/2/2002,6.468
4/3/2002,6.988
4/4/2002,6.972
4/5/2002,6.876
4/6/2002,6.568
4/7/2002,6.568
4/8/2002,6.458
4/9/2002,6.336
4/10/2002,6.288
4/11/2002,6.318
4/12/2002,6.532
4/13/2002,6.496
4/14/2002,6.358
4/15/2002,6.378
4/16/2002,6.398
4/17/2002,6.388
4/18/2002,6.322
4/19/2002,6.186
4/20/2002,6.358
4/21/2002,6.19
4/22/2002,6.344
4/23/2002,6.13
4/24/2002,6.226
4/25/2002,6.216
4/26/2002,6.242
4/27/2002,6.298
4/28/2002,6.406
4/29/2002,6.358
4/30/2002,6.288
5/1/2002,6.28
5/2/2002,6.336
5/3/2002,6.268
5/4/2002,6.222
5/5/2002,6.658
5/6/2002,6.356
5/7/2002,7.454
5/8/2002,7.382
5/9/2002,7.426
5/10/2002,7.384
5/11/2002,7.032
5/12/2002,6.852
5/13/2002,6.768
5/14/2002,6.608
5/15/2002,6.512
5/16/2002,6.448
5/17/2002,6.428
5/18/2002,6.382
5/19/2002,6.94
5/20/2002,6.536
5/21/2002,6.66
5/22/2002,6.652
5/23/2002,6.466
5/24/2002,7.734
5/25/2002,7.098
5/26/2002,6.958
5/27/2002,8.09
5/28/2002,7.994
5/29/2002,7.414
5/30/2002,7.114
5/31/2002,6.982
6/1/2002,7.192
6/2/2002,7.856
6/3/2002,7.922
6/4/2002,8.064
6/5/2002,7.5
6/6/2002,7.258
6/7/2002,7.13
6/8/2002,8.056
6/9/2002,8.96
6/10/2002,8.58
6/11/2002,8.078
6/12/2002,7.904
6/13/2002,7.91
6/14/2002,9.092
6/15/2002,9.164
6/16/2002,8.882
6/17/2002,8.46
6/18/2002,8.082
6/19/2002,7.782
6/20/2002,7.526
6/21/2002,7.358
6/22/2002,7.292
6/23/2002,7.24
6/24/2002,7.804
6/25/2002,8.158
6/26/2002,7.528
6/27/2002,7.446
6/28/2002,7.35
6/29/2002,7.368
6/30/2002,7.478
7/1/2002,7.722
7/2/2002,7.89
7/3/2002,7.962
7/4/2002,8.726
7/5/2002,8.566
7/6/2002,8.626
7/7/2002,8.776
7/8/2002,9.062
7/9/2002,9.49
7/10/2002,9.362
7/11/2002,9.384
7/12/2002,9.156
7/13/2002,8.81
7/14/2002,8.524
7/15/2002,8.266
7/16/2002,8.256
7/17/2002,8.842
7/18/2002,8.974
7/19/2002,8.564
7/20/2002,8.656
7/21/2002,8.832
7/22/2002,10.146
7/23/2002,10.592
7/24/2002,10.228
7/25/2002,10.02
7/26/2002,9.79
7/27/2002,9.376
7/28/2002,8.948
7/29/2002,8.948
7/30/2002,8.892
7/31/2002,8.758
8/1/2002,8.616
8/2/2002,8.594
8/3/2002,8.602
8/4/2002,8.448
8/5/2002,8.362
8/6/2002,8.154
8/7/2002,8.172
8/8/2002,8.422
8/9/2002,8.322
8/10/2002,8.266
8/11/2002,7.97
8/12/2002,7.926
8/13/2002,7.738
8/14/2002,7.684
8/15/2002,7.872
8/16/2002,7.798
8/17/2002,7.678
8/18/2002,7.838
8/19/2002,8.192
8/20/2002,8.136
8/21/2002,7.978
8/22/2002,7.864
8/23/2002,7.894
8/24/2002,8.188
8/25/2002,8.18
8/26/2002,8.204
8/27/2002,8.388
8/28/2002,8.548
8/29/2002,8.608
8/30/2002,8.426
8/31/2002,8.148
9/1/2002,7.848
9/2/2002,7.722
9/3/2002,7.538
9/4/2002,7.342
9/5/2002,7.448
9/6/2002,7.402
9/7/2002,8.566
9/8/2002,8.122
9/9/2002,8.096
9/10/2002,8.654
9/11/2002,8.33
9/12/2002,8.156
9/13/2002,7.828
9/14/2002,7.618
9/15/2002,7.374
9/16/2002,7.436
9/17/2002,7.66
9/18/2002,7.516
9/19/2002,7.318
9/20/2002,7.25
9/21/2002,7.28
9/22/2002,7.396
9/23/2002,8.09
9/24/2002,7.708
9/25/2002,7.726
9/26/2002,7.608
9/27/2002,7.648
9/28/2002,7.922
9/29/2002,7.922
9/30/2002,7.806
10/1/2002,7.578
10/2/2002,7.558
10/3/2002,7.448
10/4/2002,7.348
10/5/2002,7.326
10/6/2002,7.266
10/7/2002,7.118
10/8/2002,7.016
10/9/2002,7.02
10/10/2002,7.098
10/11/2002,7.056
10/12/2002,7.018
10/13/2002,7.01
10/14/2002,6.968
10/15/2002,6.948
10/16/2002,7.062
10/17/2002,7.286
10/18/2002,7.07
10/19/2002,7.028
10/20/2002,7.018
10/21/2002,7.086
10/22/2002,7.444
10/23/2002,7.128
10/24/2002,7.054
10/25/2002,7.018
10/26/2002,6.94
10/27/2002,6.894
10/28/2002,6.858
10/29/2002,6.782
10/30/2002,6.808
10/31/2002,6.728
11/1/2002,6.798
11/2/2002,6.712
11/3/2002,6.748
11/4/2002,6.738
11/5/2002,6.75
11/6/2002,6.772
11/7/2002,6.746
11/8/2002,6.68
11/9/2002,6.558
11/10/2002,6.598
11/11/2002,6.69
11/12/2002,6.78
11/13/2002,7.588
11/14/2002,7.626
11/15/2002,7.288
11/16/2002,7.066
11/17/2002,6.904
11/18/2002,6.84
11/19/2002,6.788
11/20/2002,6.678
11/21/2002,6.598
11/22/2002,6.696
11/23/2002,6.594
11/24/2002,6.62
11/25/2002,6.68
11/26/2002,6.658
11/27/2002,6.654
11/28/2002,6.644
11/29/2002,6.608
11/30/2002,6.544
12/1/2002,6.516
12/2/2002,6.566
12/3/2002,6.586
12/4/2002,6.614
12/5/2002,6.578
12/6/2002,6.556
12/7/2002,6.546
12/8/2002,6.588
12/9/2002,6.576
12/10/2002,6.552
12/11/2002,6.54
12/12/2002,6.608
12/13/2002,6.608
12/14/2002,6.64
12/15/2002,6.658
12/16/2002,6.658
12/17/2002,6.658
12/18/2002,6.646
12/19/2002,6.624
12/20/2002,6.618
12/21/2002,6.622
12/22/2002,6.634
12/23/2002,6.658
12/24/2002,6.656
12/25/2002,6.656
12/26/2002,6.648
12/27/2002,6.644
12/28/2002,6.646
12/29/2002,6.652
12/30/2002,6.642
12/31/2002,6.638
1/1/2003,6.632
1/2/2003,6.616
1/3/2003,6.612
1/4/2003,6.626
1/5/2003,6.62
1/6/2003,6.596
1/7/2003,6.622
1/8/2003,6.594
1/9/2003,6.562
1/10/2003,6.546
1/11/2003,6.542
1/12/2003,6.53
1/13/2003,6.512
1/14/2003,6.506
1/15/2003,6.534
1/16/2003,6.51
1/17/2003,6.484
1/18/2003,6.468
1/19/2003,6.462
1/20/2003,6.472
1/21/2003,6.454
1/22/2003,6.432
1/23/2003,6.414
1/24/2003,6.38
1/25/2003,6.382
1/26/2003,6.364
1/27/2003,6.382
1/28/2003,6.346
1/29/2003,6.408
1/30/2003,6.384
1/31/2003,6.178
2/1/2003,6.114
2/2/2003,6.12
2/3/2003,6.216
2/4/2003,6.192
2/5/2003,6.23
2/6/2003,6.366
2/7/2003,6.36
2/8/2003,6.36
2/9/2003,6.39
2/10/2003,6.338
2/11/2003,6.294
2/12/2003,6.322
2/13/2003,6.368
2/14/2003,6.498
2/15/2003,6.482
2/16/2003,6.454
2/17/2003,6.424
2/18/2003,6.398
2/19/2003,6.416
2/20/2003,6.4
2/21/2003,6.432
2/22/2003,6.432
2/23/2003,6.35
2/24/2003,6.33
2/25/2003,6.358
2/26/2003,6.356
2/27/2003,6.348
2/28/2003,6.348
3/1/2003,6.338
3/2/2003,6.304
3/3/2003,6.334
3/4/2003,6.318
3/5/2003,6.324
3/6/2003,6.32
3/7/2003,6.354
3/8/2003,6.328
3/9/2003,6.31
3/10/2003,6.322
3/11/2003,6.322
3/12/2003,6.334
3/13/2003,6.378
3/14/2003,6.646
3/15/2003,6.596
3/16/2003,6.512
3/17/2003,6.53
3/18/2003,6.668
3/19/2003,6.588
3/20/2003,6.508
3/21/2003,6.418
3/22/2003,6.374
3/23/2003,6.364
3/24/2003,6.344
3/25/2003,6.382
3/26/2003,6.364
3/27/2003,6.352
3/28/2003,6.354
3/29/2003,6.342
3/30/2003,6.322
3/31/2003,6.408
4/1/2003,7.096
4/2/2003,7.418
4/3/2003,7.078
4/4/2003,6.818
4/5/2003,6.716
4/6/2003,6.614
4/7/2003,6.546
4/8/2003,6.368
4/9/2003,6.35
4/10/2003,6.408
4/11/2003,6.404
4/12/2003,6.364
4/13/2003,6.348
4/14/2003,6.352
4/15/2003,6.358
4/16/2003,6.34
4/17/2003,6.302
4/18/2003,6.296
4/19/2003,6.77
4/20/2003,6.438
4/21/2003,6.452
4/22/2003,6.888
4/23/2003,6.788
4/24/2003,6.768
4/25/2003,6.652
4/26/2003,6.486
4/27/2003,6.318
4/28/2003,6.248
4/29/2003,6.26
4/30/2003,6.372
5/1/2003,6.362
5/2/2003,6.354
5/3/2003,6.702
5/4/2003,7.348
5/5/2003,7.6
5/6/2003,7.948
5/7/2003,7.48
5/8/2003,7.118
5/9/2003,6.926
5/10/2003,6.886
5/11/2003,6.734
5/12/2003,6.688
5/13/2003,6.608
5/14/2003,6.578
5/15/2003,6.552
5/16/2003,6.58
5/17/2003,6.55
5/18/2003,6.496
5/19/2003,6.408
5/20/2003,6.414
5/21/2003,6.46
5/22/2003,6.482
5/23/2003,6.52
5/24/2003,7.764
5/25/2003,7.078
5/26/2003,6.94
5/27/2003,7.406
5/28/2003,7.008
5/29/2003,7.356
5/30/2003,6.98
5/31/2003,6.778
6/1/2003,6.63
6/2/2003,6.574
6/3/2003,6.506
6/4/2003,6.434
6/5/2003,6.448
6/6/2003,7.248
6/7/2003,7.518
6/8/2003,8.562
6/9/2003,7.792
6/10/2003,8.094
6/11/2003,9.518
6/12/2003,10.052
6/13/2003,9.572
6/14/2003,8.848
6/15/2003,8.288
6/16/2003,8.218
6/17/2003,8.046
6/18/2003,7.806
6/19/2003,7.598
6/20/2003,7.446
6/21/2003,7.288
6/22/2003,8.666
6/23/2003,10.242
6/24/2003,9.838
6/25/2003,9.146
6/26/2003,8.77
6/27/2003,9.312
6/28/2003,9.708
6/29/2003,10.26
6/30/2003,11.452
7/1/2003,11.672
7/2/2003,11.162
7/3/2003,10.528
7/4/2003,10.016
7/5/2003,9.5
7/6/2003,9.15
7/7/2003,8.834
7/8/2003,8.522
7/9/2003,8.328
7/10/2003,8.126
7/11/2003,7.91
7/12/2003,7.832
7/13/2003,7.958
7/14/2003,8.638
7/15/2003,8.314
7/16/2003,8.262
7/17/2003,7.96
7/18/2003,7.906
7/19/2003,7.858
7/20/2003,7.582
7/21/2003,7.508
7/22/2003,7.496
7/23/2003,7.366
7/24/2003,7.158
7/25/2003,6.974
7/26/2003,7.508
7/27/2003,7.306
7/28/2003,6.96
7/29/2003,7.096
7/30/2003,7.98
7/31/2003,8.458
8/1/2003,8.048
8/2/2003,7.746
8/3/2003,7.542
8/4/2003,7.466
8/5/2003,7.932
8/6/2003,8.268
8/7/2003,8.018
8/8/2003,7.562
8/9/2003,7.462
8/10/2003,7.334
8/11/2003,7.584
8/12/2003,8.514
8/13/2003,8.104
8/14/2003,7.828
8/15/2003,7.58
8/16/2003,7.508
8/17/2003,7.486
8/18/2003,7.398
8/19/2003,7.216
8/20/2003,7.268
8/21/2003,7.218
8/22/2003,7.098
8/23/2003,6.996
8/24/2003,6.93
8/25/2003,7.02
8/26/2003,7.142
8/27/2003,7.528
8/28/2003,6.852
8/29/2003,6.714
8/30/2003,6.862
8/31/2003,7.016
9/1/2003,6.892
9/2/2003,6.858
9/3/2003,6.876
9/4/2003,6.916
9/5/2003,6.838
9/6/2003,6.778
9/7/2003,6.99
9/8/2003,6.758
9/9/2003,7.026
9/10/2003,6.718
9/11/2003,6.572
9/12/2003,7.388
9/13/2003,7.16
9/14/2003,6.98
9/15/2003,7.216
9/16/2003,7.26
9/17/2003,7.458
9/18/2003,7.268
9/19/2003,7.782
9/20/2003,7.846
9/21/2003,7.514
9/22/2003,7.45
9/23/2003,7.53
9/24/2003,7.648
9/25/2003,7.42
9/26/2003,7.378
9/27/2003,7.428
9/28/2003,7.604
9/29/2003,7.532
9/30/2003,7.306
10/1/2003,7.158
10/2/2003,7.09
10/3/2003,7.314
10/4/2003,7.622
10/5/2003,7.38
10/6/2003,7.274
10/7/2003,7.194
10/8/2003,7.494
10/9/2003,7.988
10/10/2003,8.1
10/11/2003,7.954
10/12/2003,7.914
10/13/2003,7.49
10/14/2003,7.346
10/15/2003,7.248
10/16/2003,7.156
10/17/2003,7.15
10/18/2003,7.254
10/19/2003,7.18
10/20/2003,7.216
10/21/2003,7.098
10/22/2003,7.06
10/23/2003,6.988
10/24/2003,6.896
10/25/2003,6.856
10/26/2003,6.836
10/27/2003,6.864
10/28/2003,6.832
10/29/2003,6.794
10/30/2003,6.77
10/31/2003,6.79
11/1/2003,6.764
11/2/2003,6.742
11/3/2003,6.744
11/4/2003,6.748
11/5/2003,6.744
11/6/2003,6.752
11/7/2003,6.708
11/8/2003,6.632
11/9/2003,6.808
11/10/2003,6.76
11/11/2003,6.748
11/12/2003,6.764
11/13/2003,6.716
11/14/2003,6.68
11/15/2003,6.66
11/16/2003,6.71
11/17/2003,6.7
11/18/2003,6.682
11/19/2003,6.674
11/20/2003,6.686
11/21/2003,6.672
11/22/2003,6.668
11/23/2003,6.694
11/24/2003,6.674
11/25/2003,6.662
11/26/2003,6.686
11/27/2003,6.682
11/28/2003,6.668
11/29/2003,6.676
11/30/2003,6.644
12/1/2003,6.608
12/2/2003,6.582
12/3/2003,6.574
12/4/2003,6.61
12/5/2003,6.572
12/6/2003,6.612
12/7/2003,6.642
12/8/2003,6.602
12/9/2003,6.562
12/10/2003,6.608
12/11/2003,6.696
12/12/2003,6.662
12/13/2003,6.628
12/14/2003,6.59
12/15/2003,6.478
12/16/2003,6.46
12/17/2003,6.494
12/18/2003,6.552
12/19/2003,6.676
12/20/2003,7.63
12/21/2003,7.346
12/22/2003,7.074
12/23/2003,6.778
12/24/2003,6.646
12/25/2003,6.624
12/26/2003,6.602
12/27/2003,6.582
12/28/2003,6.564
12/29/2003,6.548
12/30/2003,6.486
12/31/2003,6.562
1/1/2004,6.532
1/2/2004,6.538
1/3/2004,6.508
1/4/2004,6.548
1/5/2004,6.596
1/6/2004,6.55
1/7/2004,6.524
1/8/2004,6.508
1/9/2004,6.504
1/10/2004,6.578
1/11/2004,6.61
1/12/2004,6.54
1/13/2004,6.532
1/14/2004,6.514
1/15/2004,6.544
1/16/2004,6.528
1/17/2004,6.516
1/18/2004,6.47
1/19/2004,6.516
1/20/2004,6.482
1/21/2004,6.432
1/22/2004,6.462
1/23/2004,6.45
1/24/2004,6.412
1/25/2004,6.424
1/26/2004,6.404
1/27/2004,6.38
1/28/2004,6.362
1/29/2004,6.394
1/30/2004,6.374
1/31/2004,6.364
2/1/2004,6.338
2/2/2004,6.362
2/3/2004,6.42
2/4/2004,6.378
2/5/2004,6.37
2/6/2004,6.344
2/7/2004,6.34
2/8/2004,6.404
2/9/2004,6.38
2/10/2004,6.422
2/11/2004,6.392
2/12/2004,6.384
2/13/2004,6.434
2/14/2004,6.412
2/15/2004,6.382
2/16/2004,6.358
2/17/2004,6.374
2/18/2004,6.402
2/19/2004,6.364
2/20/2004,6.346
2/21/2004,6.31
2/22/2004,6.278
2/23/2004,6.314
2/24/2004,6.298
2/25/2004,6.292
2/26/2004,6.304
2/27/2004,6.288
2/28/2004,6.318
2/29/2004,6.344
3/1/2004,6.352
3/2/2004,6.328
3/3/2004,6.304
3/4/2004,6.282
3/5/2004,6.312
3/6/2004,6.336
3/7/2004,6.352
3/8/2004,6.332
3/9/2004,6.304
3/10/2004,6.32
3/11/2004,6.466
3/12/2004,6.32
3/13/2004,6.354
3/14/2004,6.34
3/15/2004,6.37
3/16/2004,6.312
3/17/2004,6.344
3/18/2004,6.408
3/19/2004,6.284
3/20/2004,6.302
3/21/2004,6.26
3/22/2004,6.25
3/23/2004,6.28
3/24/2004,6.228
3/25/2004,6.22
3/26/2004,6.25
3/27/2004,6.212
3/28/2004,6.224
3/29/2004,6.204
3/30/2004,6.192
4/1/2004,6.212
4/2/2004,6.212
4/3/2004,6.242
4/4/2004,6.362
4/5/2004,6.664
4/6/2004,6.558
4/7/2004,6.606
4/8/2004,6.57
4/9/2004,6.424
4/10/2004,6.472
4/11/2004,6.758
4/12/2004,6.816
4/13/2004,6.648
4/14/2004,6.614
4/15/2004,6.684
4/16/2004,6.628
4/17/2004,6.508
4/18/2004,6.488
4/19/2004,6.69
4/20/2004,7.778
4/21/2004,7.64
4/22/2004,7.094
4/23/2004,6.958
4/24/2004,7.006
4/25/2004,6.926
4/26/2004,6.768
4/27/2004,6.668
4/28/2004,6.598
4/29/2004,6.554
4/30/2004,6.504
5/1/2004,6.454
5/2/2004,6.398
5/3/2004,6.27
5/4/2004,6.094
5/5/2004,6.168
5/6/2004,6.258
5/7/2004,6.246
5/8/2004,6.24
5/9/2004,6.338
5/10/2004,6.258
5/11/2004,6.278
5/12/2004,6.298
5/13/2004,6.274
5/14/2004,6.246
5/15/2004,6.088
5/16/2004,6.286
5/17/2004,6.228
5/18/2004,6.14
5/19/2004,6.266
5/20/2004,6.568
5/21/2004,6.462
5/22/2004,7.124
5/23/2004,7.308
5/24/2004,8.184
5/25/2004,7.564
5/26/2004,7.318
5/27/2004,6.96
5/28/2004,6.882
5/29/2004,6.994
5/30/2004,7.034
5/31/2004,6.948
6/1/2004,6.848
6/2/2004,6.744
6/3/2004,6.938
6/4/2004,7.874
6/5/2004,7.466
6/6/2004,7.048
6/7/2004,7.076
6/8/2004,7.008
6/9/2004,6.73
6/10/2004,6.658
6/11/2004,6.71
6/12/2004,7.928
6/13/2004,7.968
6/14/2004,7.588
6/15/2004,7.29
6/16/2004,7.23
6/17/2004,6.97
6/18/2004,6.87
6/19/2004,7.062
6/20/2004,7.002
6/21/2004,9.086
6/22/2004,10.74
6/23/2004,11.032
6/24/2004,10.85
6/25/2004,11.802
6/26/2004,11.504
6/27/2004,10.806
6/28/2004,10.182
6/29/2004,9.658
6/30/2004,9.07
7/1/2004,8.696
7/2/2004,8.298
7/3/2004,8.116
7/4/2004,7.898
7/5/2004,7.72
7/6/2004,7.688
7/7/2004,7.736
7/8/2004,8.348
7/9/2004,8.846
7/10/2004,9.062
7/11/2004,9.022
7/12/2004,8.644
7/13/2004,8.294
7/14/2004,8.048
7/15/2004,7.888
7/16/2004,7.868
7/17/2004,7.734
7/18/2004,7.626
7/19/2004,8.98
7/20/2004,9.196
7/21/2004,9.514
7/22/2004,8.988
7/23/2004,9.008
7/24/2004,8.818
7/25/2004,8.748
7/26/2004,8.4
7/27/2004,8.642
7/28/2004,8.368
7/29/2004,8.068
7/30/2004,8.008
7/31/2004,7.978
8/1/2004,7.634
8/2/2004,7.366
8/3/2004,7.596
8/4/2004,7.456
8/5/2004,7.39
8/6/2004,7.474
8/7/2004,7.38
8/8/2004,7.178
8/9/2004,7.166
8/10/2004,7.048
8/11/2004,6.948
8/12/2004,6.918
8/13/2004,6.956
8/14/2004,6.94
8/15/2004,6.956
8/16/2004,6.9
8/17/2004,6.878
8/18/2004,6.698
8/19/2004,6.638
8/20/2004,6.696
8/21/2004,7.318
8/22/2004,7.094
8/23/2004,6.996
8/24/2004,6.908
8/25/2004,6.858
8/26/2004,6.864
8/27/2004,6.92
8/28/2004,6.874
8/29/2004,6.882
8/30/2004,7.328
8/31/2004,7.22
9/1/2004,7.198
9/2/2004,7.08
9/3/2004,7.01
9/4/2004,7.092
9/5/2004,7.016
9/6/2004,6.966
9/7/2004,6.916
9/8/2004,6.898
9/9/2004,6.876
9/10/2004,6.806
9/11/2004,6.906
9/12/2004,7.198
9/13/2004,10.042
9/14/2004,11.53
9/15/2004,11.912
9/16/2004,11.424
9/17/2004,10.666
9/18/2004,10.25
9/19/2004,9.806
9/20/2004,9.292
9/21/2004,9.084
9/22/2004,8.852
9/23/2004,9.238
9/24/2004,8.958
9/25/2004,8.694
9/26/2004,8.4
9/27/2004,8.16
9/28/2004,8.136
9/29/2004,8.744
9/30/2004,8.598
10/1/2004,8.33
10/2/2004,8.028
10/3/2004,7.852
10/4/2004,8.024
10/5/2004,7.704
10/6/2004,7.736
10/7/2004,8.208
10/8/2004,8.428
10/9/2004,8.586
10/10/2004,8.348
10/11/2004,8.028
10/12/2004,7.78
10/13/2004,7.688
10/14/2004,7.598
10/15/2004,7.856
10/16/2004,9.186
10/17/2004,8.778
10/18/2004,8.298
10/19/2004,7.992
10/20/2004,7.768
10/21/2004,7.588
10/22/2004,7.41
10/23/2004,7.318
10/24/2004,7.302
10/25/2004,7.29
10/26/2004,7.196
10/27/2004,7.116
10/28/2004,7.118
10/29/2004,7.186
10/30/2004,7.008
10/31/2004,6.88
11/1/2004,6.874
11/2/2004,6.818
11/3/2004,6.702
11/4/2004,6.664
11/5/2004,6.628
11/6/2004,6.608
11/7/2004,6.604
11/8/2004,6.594
11/9/2004,6.588
11/10/2004,6.586
11/11/2004,6.574
11/12/2004,6.568
11/13/2004,6.554
11/14/2004,6.544
11/15/2004,6.538
11/16/2004,6.538
11/17/2004,6.528
11/18/2004,6.528
11/19/2004,6.518
11/20/2004,6.52
11/21/2004,6.556
11/22/2004,6.504
11/23/2004,6.488
11/24/2004,6.5
11/25/2004,6.528
11/26/2004,6.582
11/27/2004,6.512
11/28/2004,6.546
11/29/2004,6.538
11/30/2004,6.532
12/1/2004,6.504
12/2/2004,6.498
12/3/2004,6.514
12/4/2004,6.508
12/5/2004,6.542
12/6/2004,6.534
12/7/2004,6.516
12/8/2004,6.502
12/9/2004,6.482
12/10/2004,6.516
12/11/2004,6.51
12/12/2004,6.516
12/13/2004,6.536
12/14/2004,6.484
12/15/2004,6.504
12/16/2004,6.498
12/17/2004,6.488
12/18/2004,6.492
12/19/2004,6.492
12/20/2004,6.504
12/21/2004,6.488
12/22/2004,6.522
12/23/2004,6.508
12/24/2004,6.488
12/25/2004,6.488
12/26/2004,6.49
12/27/2004,6.494
12/28/2004,6.492
12/29/2004,6.524
12/30/2004,6.508
12/31/2004,6.502
1/1/2005,6.494
1/2/2005,6.546
1/3/2005,6.512
1/4/2005,6.508
1/5/2005,6.502
1/6/2005,6.488
1/7/2005,6.508
1/8/2005,6.524
1/9/2005,6.512
1/10/2005,6.504
1/11/2005,6.492
1/12/2005,6.488
1/13/2005,6.502
1/14/2005,6.506
1/15/2005,6.484
1/16/2005,6.468
1/17/2005,6.464
1/18/2005,6.492
1/19/2005,6.48
1/20/2005,6.45
1/21/2005,6.434
1/22/2005,6.414
1/23/2005,6.402
1/24/2005,6.384
1/25/2005,6.378
1/26/2005,6.382
1/27/2005,6.408
1/28/2005,6.402
1/29/2005,6.392
1/30/2005,6.378
1/31/2005,6.378
2/1/2005,6.368
2/2/2005,6.362
2/3/2005,6.356
2/4/2005,6.348
2/5/2005,6.344
2/6/2005,6.332
2/7/2005,6.322
2/8/2005,6.318
2/9/2005,6.318
2/10/2005,6.318
2/11/2005,6.308
2/12/2005,6.304
2/13/2005,6.298
2/14/2005,6.302
2/15/2005,6.308
2/16/2005,6.298
2/17/2005,6.294
2/18/2005,6.288
2/19/2005,6.288
2/20/2005,6.294
2/21/2005,6.308
2/22/2005,6.302
2/23/2005,6.298
2/24/2005,6.298
2/25/2005,6.288
2/26/2005,6.29
2/27/2005,6.304
2/28/2005,6.294
3/1/2005,6.282
3/2/2005,6.278
3/3/2005,6.29
3/4/2005,6.308
3/5/2005,6.292
3/6/2005,6.288
3/7/2005,6.282
3/8/2005,6.278
3/9/2005,6.278
3/10/2005,6.268
3/11/2005,6.258
3/12/2005,6.262
3/13/2005,6.288
3/14/2005,6.288
3/15/2005,6.302
3/16/2005,6.302
3/17/2005,6.288
3/18/2005,6.288
3/19/2005,6.278
3/20/2005,6.282
3/21/2005,6.29
3/22/2005,6.298
3/23/2005,6.31
3/24/2005,7.722
3/25/2005,7.674
3/26/2005,7.568
3/27/2005,7.392
3/28/2005,7.38
3/29/2005,7.528
3/30/2005,7.138
3/31/2005,7.042
4/1/2005,7.134
4/2/2005,6.886
4/3/2005,6.666
4/4/2005,6.488
4/5/2005,6.382
4/6/2005,6.276
4/7/2005,6.248
4/8/2005,6.256
4/9/2005,6.286
4/10/2005,6.25
4/11/2005,6.664
4/12/2005,6.718
4/13/2005,6.53
4/14/2005,6.384
4/15/2005,6.354
4/16/2005,6.328
4/17/2005,6.304
4/18/2005,6.288
4/19/2005,6.284
4/20/2005,6.262
4/21/2005,6.244
4/22/2005,6.238
4/23/2005,6.234
4/24/2005,6.224
4/25/2005,6.224
4/26/2005,6.258
4/27/2005,6.31
4/28/2005,6.47
4/29/2005,7.422
4/30/2005,7.414
5/1/2005,6.718
5/2/2005,6.528
5/3/2005,6.388
5/4/2005,6.308
5/5/2005,6.238
5/6/2005,6.328
5/7/2005,6.684
5/8/2005,6.618
5/9/2005,6.83
5/10/2005,8.678
5/11/2005,7.942
5/12/2005,7.178
5/13/2005,7.072
5/14/2005,6.904
5/15/2005,6.938
5/16/2005,7.622
5/17/2005,7.072
5/18/2005,7.178
5/19/2005,7.116
5/20/2005,7.088
5/21/2005,7.258
5/22/2005,7.278
5/23/2005,7.642
5/24/2005,7.54
5/25/2005,7.912
5/26/2005,8.086
5/27/2005,7.488
5/28/2005,7.168
5/29/2005,6.976
5/30/2005,6.748
5/31/2005,6.608
6/1/2005,6.6
6/2/2005,6.554
6/3/2005,6.492
6/4/2005,6.508
6/5/2005,6.954
6/6/2005,6.856
6/7/2005,6.58
6/8/2005,6.488
6/9/2005,6.428
6/10/2005,6.448
6/11/2005,6.536
6/12/2005,6.438
6/13/2005,6.41
6/14/2005,6.436
6/15/2005,6.758
6/16/2005,7.252
6/17/2005,6.786
6/18/2005,6.668
6/19/2005,6.566
6/20/2005,6.426
6/21/2005,6.226
6/22/2005,6.252
6/23/2005,6.2
6/24/2005,6.532
6/25/2005,6.468
6/26/2005,6.57
6/27/2005,6.798
6/28/2005,6.738
6/29/2005,6.614
6/30/2005,6.658
7/1/2005,7.648
7/2/2005,7.596
7/3/2005,7.608
7/4/2005,7.406
7/5/2005,7.458
7/6/2005,7.422
7/7/2005,7.342
7/8/2005,7.424
7/9/2005,6.932
7/10/2005,6.808
7/11/2005,6.872
7/12/2005,6.846
7/13/2005,7.118
7/14/2005,7.178
7/15/2005,7.694
7/16/2005,8.034
7/17/2005,7.718
7/18/2005,7.328
7/19/2005,7.146
7/20/2005,7.01
7/21/2005,7.114
7/22/2005,7.286
7/23/2005,7.206
7/24/2005,7.114
7/25/2005,7.076
7/26/2005,7.202
7/27/2005,6.968
7/28/2005,6.826
7/29/2005,6.746
7/30/2005,6.656
7/31/2005,6.528
8/1/2005,6.456
8/2/2005,6.522
8/3/2005,6.916
8/4/2005,6.892
8/5/2005,6.68
8/6/2005,6.9
8/7/2005,8.55
8/8/2005,8.378
8/9/2005,8.302
8/10/2005,8.454
8/11/2005,8.95
8/12/2005,8.464
8/13/2005,7.974
8/14/2005,7.57
8/15/2005,7.292
8/16/2005,7.094
8/17/2005,6.988
8/18/2005,6.888
8/19/2005,6.812
8/20/2005,6.79
8/21/2005,7.008
8/22/2005,7.35
8/23/2005,8.522
8/24/2005,8.622
8/25/2005,8.69
8/26/2005,8.816
8/27/2005,8.334
8/28/2005,7.904
8/29/2005,7.698
8/30/2005,7.49
8/31/2005,7.412
9/1/2005,7.34
9/2/2005,7.328
9/3/2005,7.434
9/4/2005,7.286
9/5/2005,7.236
9/6/2005,7.23
9/7/2005,7.226
9/8/2005,7.26
9/9/2005,7.228
9/10/2005,7.244
9/11/2005,8.096
9/12/2005,7.554
9/13/2005,7.698
9/14/2005,7.87
9/15/2005,7.904
9/16/2005,7.438
9/17/2005,7.348
9/18/2005,7.684
9/19/2005,7.542
9/20/2005,7.8
9/21/2005,8.87
9/22/2005,8.196
9/23/2005,7.928
9/24/2005,8.142
9/25/2005,8.048
9/26/2005,7.854
9/27/2005,7.578
9/28/2005,7.328
9/29/2005,8.274
9/30/2005,8.882
10/1/2005,8.422
10/2/2005,8.328
10/3/2005,8.118
10/4/2005,7.862
10/5/2005,7.726
10/6/2005,7.53
10/7/2005,7.288
10/8/2005,7.148
10/9/2005,7.054
10/10/2005,7.008
10/11/2005,7.138
10/12/2005,7.046
10/13/2005,6.88
10/14/2005,6.8
10/15/2005,6.754
10/16/2005,6.734
10/17/2005,6.706
10/18/2005,6.656
10/19/2005,6.628
10/20/2005,6.58
10/21/2005,6.558
10/22/2005,6.626
10/23/2005,7.202
10/24/2005,7.972
10/25/2005,7.554
10/26/2005,7.232
10/27/2005,7.152
10/28/2005,7.088
10/29/2005,6.916
10/30/2005,6.844
10/31/2005,6.828
11/1/2005,6.792
11/2/2005,6.78
11/3/2005,6.74
11/4/2005,6.686
11/5/2005,6.634
11/6/2005,6.594
11/7/2005,6.572
11/8/2005,6.552
11/9/2005,6.538
11/10/2005,6.532
11/11/2005,6.528
11/12/2005,6.524
11/13/2005,6.518
11/14/2005,6.514
11/15/2005,6.508
11/16/2005,6.502
11/17/2005,6.498
11/18/2005,6.488
11/19/2005,6.488
11/20/2005,6.484
11/21/2005,6.478
11/22/2005,6.478
11/23/2005,6.468
11/24/2005,6.468
11/25/2005,6.468
11/26/2005,6.458
11/27/2005,6.458
11/28/2005,6.448
11/29/2005,6.448
11/30/2005,6.448
12/1/2005,6.442
12/2/2005,6.438
12/3/2005,6.438
12/4/2005,6.434
12/5/2005,6.428
12/6/2005,6.418
12/7/2005,6.388
12/8/2005,6.408
12/9/2005,6.424
12/10/2005,6.418
12/11/2005,6.402
12/12/2005,6.38
12/13/2005,6.344
12/14/2005,6.314
12/15/2005,6.288
12/16/2005,6.278
12/17/2005,6.286
12/18/2005,6.36
12/19/2005,6.332
12/20/2005,6.366
12/21/2005,6.38
12/22/2005,6.398
12/23/2005,6.41
12/24/2005,6.444
12/25/2005,6.43
12/26/2005,6.482
12/27/2005,6.448
12/28/2005,6.404
12/29/2005,6.394
12/30/2005,6.428
12/31/2005,6.462
1/1/2006,6.428
1/2/2006,6.416
1/3/2006,6.382
1/4/2006,6.358
1/5/2006,6.358
1/6/2006,6.348
1/7/2006,6.348
1/8/2006,6.344
1/9/2006,6.338
1/10/2006,6.332
1/11/2006,6.328
1/12/2006,6.324
1/13/2006,6.318
1/14/2006,6.314
1/15/2006,6.308
1/16/2006,6.308
1/17/2006,6.298
1/18/2006,6.294
1/19/2006,6.288
1/20/2006,6.288
1/21/2006,6.282
1/22/2006,6.278
1/23/2006,6.276
1/24/2006,6.268
1/25/2006,6.268
1/26/2006,6.268
1/27/2006,6.258
1/28/2006,6.258
1/29/2006,6.27
1/30/2006,6.356
1/31/2006,6.3
2/1/2006,6.274
2/2/2006,6.344
2/3/2006,6.306
2/4/2006,6.25
2/5/2006,6.226
2/6/2006,6.252
2/7/2006,6.232
2/8/2006,6.224
2/9/2006,6.212
2/10/2006,6.208
2/11/2006,6.198
2/12/2006,6.21
2/13/2006,6.24
2/14/2006,6.208
2/15/2006,6.202
2/16/2006,6.21
2/17/2006,6.202
2/18/2006,6.188
2/19/2006,6.196
2/20/2006,6.204
2/21/2006,6.184
2/22/2006,6.154
2/23/2006,6.144
2/24/2006,6.132
2/25/2006,6.146
2/26/2006,6.14
2/27/2006,6.152
2/28/2006,6.138
3/1/2006,6.176
3/2/2006,6.256
3/3/2006,6.178
3/4/2006,6.13
3/5/2006,6.116
3/6/2006,6.18
3/7/2006,6.12
3/8/2006,6.172
3/9/2006,6.134
3/10/2006,6.162
3/11/2006,6.148
3/12/2006,6.14
3/13/2006,6.12
3/14/2006,6.09
3/15/2006,6.1
3/16/2006,6.138
3/17/2006,6.132
3/18/2006,6.138
3/19/2006,6.162
3/20/2006,6.1
3/21/2006,6.1
3/22/2006,6.102
3/23/2006,6.102
3/24/2006,6.11
3/25/2006,6.088
3/26/2006,6.08
3/27/2006,6.054
3/28/2006,6.08
3/29/2006,6.052
3/30/2006,6.042
3/31/2006,6.05
4/1/2006,6.064
4/2/2006,6.066
4/3/2006,6.088
4/4/2006,6.126
4/5/2006,6.788
4/6/2006,6.906
4/7/2006,6.874
4/8/2006,6.602
4/9/2006,6.456
4/10/2006,6.338
4/11/2006,6.248
4/12/2006,6.16
4/13/2006,6.102
4/14/2006,6.07
4/15/2006,6.02
4/16/2006,5.978
4/17/2006,5.928
4/18/2006,6.07
4/19/2006,6.16
4/20/2006,6.042
4/21/2006,5.998
4/22/2006,5.924
4/23/2006,5.908
4/24/2006,5.896
4/25/2006,5.878
4/26/2006,5.882
4/27/2006,5.9
4/28/2006,5.844
4/29/2006,5.808
4/30/2006,5.744
5/1/2006,5.786
5/2/2006,5.776
5/3/2006,5.776
5/4/2006,5.906
5/5/2006,5.856
5/6/2006,5.818
5/7/2006,5.878
5/8/2006,5.978
5/9/2006,5.998
5/10/2006,5.952
5/11/2006,5.988
5/12/2006,6.84
5/13/2006,7.476
5/14/2006,7.054
5/15/2006,6.896
5/16/2006,6.828
5/17/2006,6.514
5/18/2006,6.364
5/19/2006,6.268
5/20/2006,6.162
5/21/2006,5.944
5/22/2006,5.92
5/23/2006,5.906
5/24/2006,5.894
5/25/2006,5.928
5/26/2006,5.94
5/27/2006,6.48
5/28/2006,8.932
5/29/2006,8.842
5/30/2006,9.344
5/31/2006,9.214
6/1/2006,9.086
6/2/2006,9.626
6/3/2006,9.594
6/4/2006,9.25
6/5/2006,8.59
6/6/2006,8.192
6/7/2006,7.9
6/8/2006,7.624
6/9/2006,7.522
6/10/2006,7.826
6/11/2006,9.722
6/12/2006,9.084
6/13/2006,8.402
6/14/2006,9.018
6/15/2006,9.378
6/16/2006,9.062
6/17/2006,8.73
6/18/2006,8.888
6/19/2006,8.364
6/20/2006,8.072
6/21/2006,7.902
6/22/2006,8.522
6/23/2006,8.09
6/24/2006,7.692
6/25/2006,7.64
6/26/2006,7.576
6/27/2006,7.478
6/28/2006,7.394
6/29/2006,7.374
6/30/2006,7.36
7/1/2006,7.412
7/2/2006,7.602
7/3/2006,7.398
7/4/2006,7.166
7/5/2006,7.154
7/6/2006,7.23
7/7/2006,7.336
7/8/2006,7.622
7/9/2006,8.338
7/10/2006,8.24
7/11/2006,8.306
7/12/2006,8.246
7/13/2006,7.774
7/14/2006,7.468
7/15/2006,7.328
7/16/2006,7.232
7/17/2006,7.176
7/18/2006,7.156
7/19/2006,7.126
7/20/2006,7.056
7/21/2006,6.964
7/22/2006,6.938
7/23/2006,6.93
7/24/2006,6.884
7/25/2006,6.856
7/26/2006,6.698
7/27/2006,6.478
7/28/2006,6.396
7/29/2006,6.392
7/30/2006,6.338
7/31/2006,6.334
8/1/2006,6.356
8/2/2006,6.442
8/3/2006,6.338
8/4/2006,6.304
8/5/2006,6.306
8/6/2006,6.584
8/7/2006,6.574
8/8/2006,6.764
8/9/2006,6.884
8/10/2006,7.664
8/11/2006,7.588
8/12/2006,7.376
8/13/2006,7.368
8/14/2006,7.128
8/15/2006,7.038
8/16/2006,6.956
8/17/2006,6.888
8/18/2006,6.812
8/19/2006,6.76
8/20/2006,6.748
8/21/2006,6.824
8/22/2006,6.96
8/23/2006,6.744
8/24/2006,6.786
8/25/2006,6.866
8/26/2006,6.962
8/27/2006,6.768
8/28/2006,6.738
8/29/2006,7.314
8/30/2006,7.498
8/31/2006,7.146
9/1/2006,6.838
9/2/2006,6.728
9/3/2006,6.658
9/4/2006,6.756
9/5/2006,6.656
9/6/2006,6.488
9/7/2006,6.426
9/8/2006,6.358
9/9/2006,6.342
9/10/2006,6.508
9/11/2006,6.684
9/12/2006,7.0
9/13/2006,6.86
9/14/2006,6.592
9/15/2006,6.608
9/16/2006,8.302
9/17/2006,7.406
9/18/2006,7.058
9/19/2006,6.956
9/20/2006,7.046
9/21/2006,7.054
9/22/2006,7.144
9/23/2006,8.074
9/24/2006,8.09
9/25/2006,7.842
9/26/2006,7.468
9/27/2006,7.19
9/28/2006,7.098
9/29/2006,6.996
9/30/2006,6.928
10/1/2006,7.28
10/2/2006,7.088
10/3/2006,7.006
10/4/2006,6.974
10/5/2006,7.298
10/6/2006,7.28
10/7/2006,7.128
10/8/2006,7.016
10/9/2006,6.964
10/10/2006,6.928
10/11/2006,6.9
10/12/2006,6.92
10/13/2006,6.874
10/14/2006,6.842
10/15/2006,6.804
10/16/2006,6.778
10/17/2006,6.77
10/18/2006,6.734
10/19/2006,6.696
10/20/2006,6.618
10/21/2006,6.58
10/22/2006,6.528
10/23/2006,6.45
10/24/2006,6.404
10/25/2006,6.37
10/26/2006,6.324
10/27/2006,6.312
10/28/2006,6.302
10/29/2006,6.298
10/30/2006,6.298
10/31/2006,6.288
11/1/2006,6.278
11/2/2006,6.284
11/3/2006,6.362
11/4/2006,6.34
11/5/2006,6.332
11/6/2006,6.328
11/7/2006,6.33
11/8/2006,6.358
11/9/2006,6.368
11/10/2006,6.45
11/11/2006,6.412
11/12/2006,6.398
11/13/2006,6.392
11/14/2006,6.382
11/15/2006,6.364
11/16/2006,6.392
11/17/2006,6.372
11/18/2006,6.368
11/19/2006,6.442
11/20/2006,6.408
11/21/2006,6.368
11/22/2006,6.36
11/23/2006,6.334
11/24/2006,6.396
11/25/2006,6.39
11/26/2006,6.37
11/27/2006,6.352
11/28/2006,6.344
11/29/2006,6.41
11/30/2006,6.434
12/1/2006,6.476
12/2/2006,6.408
12/3/2006,6.396
12/4/2006,6.364
12/5/2006,6.368
12/6/2006,6.398
12/7/2006,6.388
12/8/2006,6.37
12/9/2006,6.358
12/10/2006,6.372
12/11/2006,6.362
12/12/2006,6.356
12/13/2006,6.388
12/14/2006,6.382
12/15/2006,6.36
12/16/2006,6.328
12/17/2006,6.32
12/18/2006,6.32
12/19/2006,6.376
12/20/2006,6.372
12/21/2006,6.342
12/22/2006,6.376
12/23/2006,6.388
12/24/2006,6.374
12/25/2006,6.362
12/26/2006,6.358
12/27/2006,6.382
12/28/2006,6.378
12/29/2006,6.364
12/30/2006,6.348
12/31/2006,6.376
1/1/2007,6.372
1/2/2007,6.348
1/3/2007,6.334
1/4/2007,6.312
1/5/2007,6.312
1/6/2007,6.306
1/7/2007,6.298
1/8/2007,6.292
1/9/2007,6.298
1/10/2007,6.344
1/11/2007,6.314
1/12/2007,6.288
1/13/2007,6.282
1/14/2007,6.286
1/15/2007,6.358
1/16/2007,6.346
1/17/2007,6.3
1/18/2007,6.296
1/19/2007,6.376
1/20/2007,6.37
1/21/2007,6.304
1/22/2007,6.278
1/23/2007,6.298
1/24/2007,6.292
1/25/2007,6.284
1/26/2007,6.284
1/27/2007,6.336
1/28/2007,6.318
1/29/2007,6.31
1/30/2007,6.302
1/31/2007,6.29
2/1/2007,6.3
2/2/2007,6.35
2/3/2007,6.314
2/4/2007,6.312
2/5/2007,6.388
2/6/2007,6.41
2/7/2007,6.458
2/8/2007,6.44
2/9/2007,6.36
2/10/2007,6.332
2/11/2007,6.268
2/12/2007,6.124
2/13/2007,6.07
2/14/2007,6.2
2/15/2007,6.222
2/16/2007,6.256
2/17/2007,6.238
2/18/2007,6.15
2/19/2007,6.174
2/20/2007,6.044
2/21/2007,6.046
2/22/2007,6.114
2/23/2007,6.108
2/24/2007,6.04
2/25/2007,6.02
2/26/2007,5.964
2/27/2007,5.912
2/28/2007,5.908
3/1/2007,5.892
3/2/2007,5.888
3/3/2007,5.878
3/4/2007,5.904
3/5/2007,5.91
3/6/2007,5.916
3/7/2007,5.992
3/8/2007,5.914
3/9/2007,5.908
3/10/2007,5.928
3/11/2007,5.912
3/12/2007,5.904
3/13/2007,5.888
3/14/2007,5.894
3/15/2007,5.95
3/16/2007,5.914
3/17/2007,5.908
3/18/2007,5.878
3/19/2007,5.808
3/20/2007,5.718
3/21/2007,5.628
3/22/2007,5.558
3/23/2007,5.6
3/24/2007,5.69
3/25/2007,5.848
3/26/2007,5.808
3/27/2007,5.748
3/28/2007,5.79
3/29/2007,5.764
3/30/2007,5.778
3/31/2007,5.76
4/1/2007,5.732
4/2/2007,5.73
4/3/2007,5.718
4/4/2007,5.712
4/5/2007,5.716
4/6/2007,5.708
4/7/2007,5.702
4/8/2007,5.702
4/9/2007,5.708
4/10/2007,5.712
4/11/2007,5.792
4/12/2007,7.28
4/13/2007,6.836
4/14/2007,6.61
4/15/2007,6.268
4/16/2007,6.094
4/17/2007,5.978
4/18/2007,5.828
4/19/2007,5.746
4/20/2007,5.73
4/21/2007,5.778
4/22/2007,6.642
4/23/2007,8.204
4/24/2007,7.876
4/25/2007,7.51
4/26/2007,7.34
4/27/2007,7.042
4/28/2007,6.93
4/29/2007,6.628
4/30/2007,6.4
5/1/2007,6.264
5/2/2007,6.146
5/3/2007,6.02
5/4/2007,6.004
5/5/2007,6.002
5/6/2007,5.816
5/7/2007,5.748
5/8/2007,5.744
5/9/2007,5.81
5/10/2007,5.76
5/11/2007,5.774
5/12/2007,5.794
5/13/2007,5.768
5/14/2007,5.814
5/15/2007,6.482
5/16/2007,6.302
5/17/2007,6.5
5/18/2007,6.708
5/19/2007,6.418
5/20/2007,6.782
5/21/2007,6.466
5/22/2007,6.578
5/23/2007,6.49
5/24/2007,6.228
5/25/2007,6.21
5/26/2007,6.898
5/27/2007,6.944
5/28/2007,6.552
5/29/2007,6.534
5/30/2007,6.256
5/31/2007,6.148
6/1/2007,6.046
6/2/2007,5.928
6/3/2007,5.854
6/4/2007,6.068
6/5/2007,6.544
6/6/2007,6.716
6/7/2007,6.636
6/8/2007,6.388
6/9/2007,7.18
6/10/2007,7.166
6/11/2007,10.194
6/12/2007,11.034
6/13/2007,11.094
6/14/2007,10.5
6/15/2007,9.842
6/16/2007,9.508
6/17/2007,10.552
6/18/2007,10.936
6/19/2007,10.614
6/20/2007,10.014
6/21/2007,9.578
6/22/2007,9.184
6/23/2007,9.078
6/24/2007,8.658
6/25/2007,8.224
6/26/2007,7.992
6/27/2007,7.686
6/28/2007,7.416
6/29/2007,7.23
6/30/2007,7.11
7/1/2007,7.046
7/2/2007,7.214
7/3/2007,7.16
7/4/2007,7.06
7/5/2007,6.848
7/6/2007,6.798
7/7/2007,6.77
7/8/2007,6.736
7/9/2007,6.646
7/10/2007,6.638
7/11/2007,6.598
7/12/2007,6.538
7/13/2007,6.418
7/14/2007,6.688
7/15/2007,7.108
7/16/2007,6.912
7/17/2007,7.142
7/18/2007,7.928
7/19/2007,8.792
7/20/2007,10.414
7/21/2007,11.186
7/22/2007,11.962
7/23/2007,12.078
7/24/2007,11.624
7/25/2007,10.92
7/26/2007,10.756
7/27/2007,10.718
7/28/2007,10.58
7/29/2007,10.212
7/30/2007,9.756
7/31/2007,9.304
8/1/2007,8.9
8/2/2007,8.938
8/3/2007,9.084
8/4/2007,8.726
8/5/2007,8.464
8/6/2007,8.222
8/7/2007,8.136
8/8/2007,7.976
8/9/2007,7.766
8/10/2007,7.522
8/11/2007,7.26
8/12/2007,7.388
8/13/2007,7.312
8/14/2007,8.234
8/15/2007,8.938
8/16/2007,8.99
8/17/2007,8.942
8/18/2007,8.652
8/19/2007,8.316
8/20/2007,8.03
8/21/2007,7.754
8/22/2007,7.438
8/23/2007,7.138
8/24/2007,7.228
8/25/2007,7.364
8/26/2007,8.27
8/27/2007,8.308
8/28/2007,8.3
8/29/2007,8.056
8/30/2007,7.748
8/31/2007,7.504
9/1/2007,7.82
9/2/2007,7.822
9/3/2007,7.568
9/4/2007,7.26
9/5/2007,7.174
9/6/2007,7.384
9/7/2007,9.026
9/8/2007,10.268
9/9/2007,11.154
9/10/2007,11.564
9/11/2007,11.42
9/12/2007,10.974
9/13/2007,10.538
9/14/2007,10.28
9/15/2007,10.23
9/16/2007,9.956
9/17/2007,9.8
9/18/2007,9.614
9/19/2007,9.276
9/20/2007,9.058
9/21/2007,8.856
9/22/2007,8.592
9/23/2007,8.388
9/24/2007,8.218
9/25/2007,8.062
9/26/2007,7.816
9/27/2007,7.74
9/28/2007,8.252
9/29/2007,7.798
9/30/2007,7.64
10/1/2007,7.568
10/2/2007,7.408
10/3/2007,7.376
10/4/2007,8.656
10/5/2007,7.88
10/6/2007,7.718
10/7/2007,7.726
10/8/2007,8.836
10/9/2007,9.614
10/10/2007,9.892
10/11/2007,9.378
10/12/2007,8.824
10/13/2007,8.588
10/14/2007,8.366
10/15/2007,8.19
10/16/2007,9.522
10/17/2007,10.446
10/18/2007,10.196
10/19/2007,9.696
10/20/2007,9.34
10/21/2007,9.018
10/22/2007,8.748
10/23/2007,8.542
10/24/2007,8.354
10/25/2007,8.228
10/26/2007,8.026
10/27/2007,7.894
10/28/2007,7.678
10/29/2007,7.538
10/30/2007,7.334
10/31/2007,7.236
11/1/2007,7.192
11/2/2007,7.178
11/3/2007,7.164
11/4/2007,7.138
11/5/2007,7.048
11/6/2007,6.96
11/7/2007,6.804
11/8/2007,6.732
11/9/2007,6.694
11/10/2007,6.658
11/11/2007,6.644
11/12/2007,6.628
11/13/2007,6.612
11/14/2007,6.598
11/15/2007,6.656
11/16/2007,7.272
11/17/2007,8.058
11/18/2007,7.3
11/19/2007,7.078
11/20/2007,6.944
11/21/2007,6.858
11/22/2007,6.778
11/23/2007,6.72
11/24/2007,6.652
11/25/2007,6.612
11/26/2007,6.584
11/27/2007,6.542
11/28/2007,6.514
11/29/2007,6.498
11/30/2007,6.488
12/1/2007,6.478
12/2/2007,6.464
12/3/2007,6.458
12/4/2007,6.442
12/5/2007,6.432
12/6/2007,6.424
12/7/2007,6.418
12/8/2007,6.418
12/9/2007,6.418
12/10/2007,6.408
12/11/2007,6.408
12/12/2007,6.398
12/13/2007,6.394
12/14/2007,6.372
12/15/2007,6.358
12/16/2007,6.348
12/17/2007,6.342
12/18/2007,6.338
12/19/2007,6.336
12/20/2007,6.324
12/21/2007,6.318
12/22/2007,6.312
12/23/2007,6.308
12/24/2007,6.3
12/25/2007,6.292
12/26/2007,6.282
12/27/2007,6.266
12/28/2007,6.258
12/29/2007,6.258
12/30/2007,6.25
12/31/2007,6.242
1/1/2008,6.234
1/2/2008,6.228
1/3/2008,6.222
1/4/2008,6.214
1/5/2008,6.212
1/6/2008,6.208
1/7/2008,6.208
1/8/2008,6.206
1/9/2008,6.198
1/10/2008,6.198
1/11/2008,6.196
1/12/2008,6.192
1/13/2008,6.196
1/14/2008,6.198
1/15/2008,6.19
1/16/2008,6.196
1/17/2008,6.214
1/18/2008,6.202
1/19/2008,6.192
1/20/2008,6.188
1/21/2008,6.196
1/22/2008,6.198
1/23/2008,6.192
1/24/2008,6.224
1/25/2008,6.246
1/26/2008,6.31
1/27/2008,6.488
1/28/2008,6.612
1/29/2008,6.504
1/30/2008,6.244
1/31/2008,6.214
2/1/2008,6.208
2/2/2008,6.202
2/3/2008,6.162
2/4/2008,6.124
2/5/2008,6.108
2/6/2008,6.098
2/7/2008,6.112
2/8/2008,6.104
2/9/2008,6.132
2/10/2008,6.158
2/11/2008,6.178
2/12/2008,6.176
2/13/2008,6.124
2/14/2008,6.112
2/15/2008,6.076
2/16/2008,6.062
2/17/2008,6.044
2/18/2008,6.094
2/19/2008,6.076
2/20/2008,6.192
2/21/2008,6.33
2/22/2008,6.128
2/23/2008,6.094
2/24/2008,6.066
2/25/2008,5.998
2/26/2008,6.092
2/27/2008,6.038
2/28/2008,6.066
2/29/2008,6.072
3/1/2008,6.084
3/2/2008,6.006
3/3/2008,6.034
3/4/2008,6.09
3/5/2008,6.148
3/6/2008,6.188
3/7/2008,6.262
3/8/2008,6.196
3/9/2008,6.114
3/10/2008,6.232
3/11/2008,6.182
3/12/2008,6.008
3/13/2008,6.024
3/14/2008,6.036
3/15/2008,6.038
3/16/2008,6.078
3/17/2008,6.048
3/18/2008,6.012
3/19/2008,6.01
3/20/2008,6.04
3/21/2008,6.096
3/22/2008,6.044
3/23/2008,6.03
3/24/2008,6.364
3/25/2008,6.328
3/26/2008,6.048
3/27/2008,5.966
3/28/2008,6.03
3/29/2008,6.008
3/30/2008,5.958
3/31/2008,5.96
4/1/2008,5.92
4/2/2008,5.958
4/3/2008,6.196
4/4/2008,6.316
4/5/2008,6.136
4/6/2008,6.568
4/7/2008,6.418
4/8/2008,6.308
4/9/2008,6.196
4/10/2008,5.96
4/11/2008,5.898
4/12/2008,5.934
4/13/2008,5.92
4/14/2008,5.99
4/15/2008,6.016
4/16/2008,5.948
4/17/2008,5.936
4/18/2008,6.132
4/19/2008,6.068
4/20/2008,6.024
4/21/2008,6.194
4/22/2008,6.322
4/23/2008,5.924
4/24/2008,5.894
4/25/2008,6.002
4/26/2008,6.048
4/27/2008,5.996
4/28/2008,6.108
4/29/2008,6.066
4/30/2008,6.038
5/1/2008,6.05
5/2/2008,6.112
5/3/2008,6.084
5/4/2008,6.178
5/5/2008,6.198
5/6/2008,6.33
5/7/2008,6.45
5/8/2008,6.844
5/9/2008,6.558
5/10/2008,6.45
5/11/2008,6.404
5/12/2008,6.348
5/13/2008,6.29
5/14/2008,6.38
5/15/2008,6.336
5/16/2008,6.254
5/17/2008,6.228
5/18/2008,6.308
5/19/2008,6.536
5/20/2008,7.042
5/21/2008,6.568
5/22/2008,6.378
5/23/2008,6.358
5/24/2008,6.456
5/25/2008,6.368
5/26/2008,6.346
5/27/2008,6.624
5/28/2008,6.648
5/29/2008,6.642
5/30/2008,6.638
5/31/2008,6.542
6/1/2008,6.438
6/2/2008,6.338
6/3/2008,6.678
6/4/2008,7.104
6/5/2008,7.622
6/6/2008,7.188
6/7/2008,7.026
6/8/2008,6.93
6/9/2008,6.758
6/10/2008,6.72
6/11/2008,6.536
6/12/2008,6.428
6/13/2008,6.416
6/14/2008,6.342
6/15/2008,6.292
6/16/2008,6.468
6/17/2008,6.636
6/18/2008,6.714
6/19/2008,7.098
6/20/2008,7.174
6/21/2008,7.026
6/22/2008,7.18
6/23/2008,6.764
6/24/2008,6.628
6/25/2008,6.474
6/26/2008,6.442
6/27/2008,6.44
6/28/2008,6.392
6/29/2008,6.438
6/30/2008,6.566
7/1/2008,7.176
7/2/2008,8.222
7/3/2008,8.044
7/4/2008,8.148
7/5/2008,7.998
7/6/2008,7.91
7/7/2008,7.686
7/8/2008,7.16
7/9/2008,6.97
7/10/2008,6.982
7/11/2008,7.108
7/12/2008,8.592
7/13/2008,8.228
7/14/2008,7.906
7/15/2008,8.064
7/16/2008,7.934
7/17/2008,7.714
7/18/2008,7.522
7/19/2008,7.166
7/20/2008,6.998
7/21/2008,6.876
7/22/2008,6.908
7/23/2008,6.908
7/24/2008,6.892
7/25/2008,6.81
7/26/2008,6.364
7/27/2008,6.676
7/28/2008,6.632
7/29/2008,6.512
7/30/2008,6.406
7/31/2008,6.274
8/1/2008,5.92
8/2/2008,6.33
8/3/2008,6.274
8/4/2008,6.242
8/5/2008,6.296
8/6/2008,6.602
8/7/2008,6.494
8/8/2008,6.508
8/9/2008,6.938
8/10/2008,8.18
8/11/2008,7.116
8/12/2008,6.834
8/13/2008,7.666
8/14/2008,6.918
8/15/2008,6.764
8/16/2008,6.694
8/17/2008,6.518
8/18/2008,6.794
8/19/2008,8.238
8/20/2008,7.948
8/21/2008,7.52
8/22/2008,6.9
8/23/2008,6.676
8/24/2008,6.542
8/25/2008,6.512
8/26/2008,6.46
8/27/2008,6.074
8/28/2008,7.79
8/29/2008,9.36
8/30/2008,9.472
8/31/2008,8.922
9/1/2008,8.342
9/2/2008,8.016
9/3/2008,7.802
9/4/2008,7.622
9/5/2008,6.984
9/6/2008,6.798
9/7/2008,6.7
9/8/2008,6.564
9/9/2008,6.616
9/10/2008,6.848
9/11/2008,6.876
9/12/2008,6.852
9/13/2008,6.666
9/14/2008,7.754
9/15/2008,6.81
9/16/2008,7.378
9/17/2008,7.424
9/18/2008,7.134
9/19/2008,7.012
9/20/2008,7.068
9/21/2008,7.104
9/22/2008,7.052
9/23/2008,7.298
9/24/2008,7.008
9/25/2008,6.828
9/26/2008,6.724
9/27/2008,6.832
9/28/2008,6.928
9/29/2008,6.786
9/30/2008,6.716
10/1/2008,6.642
10/2/2008,6.598
10/3/2008,6.698
10/4/2008,6.688
10/5/2008,6.834
10/6/2008,7.026
10/7/2008,7.044
10/8/2008,7.11
10/9/2008,7.016
10/10/2008,7.052
10/11/2008,6.946
10/12/2008,6.778
10/13/2008,6.696
10/14/2008,6.626
10/15/2008,6.584
10/16/2008,6.534
10/17/2008,6.514
10/18/2008,6.468
10/19/2008,6.302
10/20/2008,6.196
10/21/2008,6.394
10/22/2008,6.354
10/23/2008,6.38
10/24/2008,6.416
10/25/2008,6.508
10/26/2008,7.712
10/27/2008,8.464
10/28/2008,8.038
10/29/2008,7.824
10/30/2008,7.51
10/31/2008,7.244
11/1/2008,7.208
11/2/2008,7.108
11/3/2008,7.028
11/4/2008,6.882
11/5/2008,6.858
11/6/2008,6.872
11/7/2008,6.926
11/8/2008,6.804
11/9/2008,6.774
11/10/2008,6.754
11/11/2008,6.734
11/12/2008,6.734
11/13/2008,6.724
11/14/2008,6.718
11/15/2008,6.708
11/16/2008,6.708
11/17/2008,6.702
11/18/2008,6.692
11/19/2008,6.68
11/20/2008,6.67
11/21/2008,6.662
11/22/2008,6.658
11/23/2008,6.658
11/24/2008,6.652
11/25/2008,6.61
11/26/2008,6.566
11/27/2008,6.552
11/28/2008,6.532
11/29/2008,6.512
11/30/2008,6.482
12/1/2008,6.518
12/2/2008,6.564
12/3/2008,6.532
12/4/2008,6.494
12/5/2008,6.44
12/6/2008,6.406
12/7/2008,6.374
12/8/2008,6.368
12/9/2008,6.388
12/10/2008,6.418
12/11/2008,6.402
12/12/2008,6.392
12/13/2008,6.382
12/14/2008,6.378
12/15/2008,6.384
12/16/2008,6.428
12/17/2008,6.452
12/18/2008,6.436
12/19/2008,6.428
12/20/2008,6.422
12/21/2008,6.408
12/22/2008,6.408
12/23/2008,6.404
12/24/2008,6.444
12/25/2008,6.478
12/26/2008,6.516
12/27/2008,6.524
12/28/2008,6.512
12/29/2008,6.476
12/30/2008,6.434
12/31/2008,6.416
1/1/2009,6.374
1/2/2009,6.362
1/3/2009,6.352
1/4/2009,6.316
1/5/2009,6.24
1/6/2009,6.234
1/7/2009,6.256
1/8/2009,6.198
1/9/2009,6.21
1/10/2009,6.288
1/11/2009,6.368
1/12/2009,6.338
1/13/2009,6.284
1/14/2009,6.348
1/15/2009,6.328
1/16/2009,6.284
1/17/2009,6.328
1/18/2009,6.324
1/19/2009,6.318
1/20/2009,6.344
1/21/2009,6.28
1/22/2009,6.278
1/23/2009,6.31
1/24/2009,6.308
1/25/2009,6.304
1/26/2009,6.278
1/27/2009,6.282
1/28/2009,6.248
1/29/2009,6.238
1/30/2009,6.228
1/31/2009,6.228
2/1/2009,6.214
2/2/2009,6.15
2/3/2009,6.188
2/4/2009,6.208
2/5/2009,6.256
2/6/2009,6.202
2/7/2009,6.168
2/8/2009,6.172
2/9/2009,6.188
2/10/2009,6.182
2/11/2009,6.176
2/12/2009,6.19
2/13/2009,6.188
2/14/2009,6.138
2/15/2009,5.9
2/16/2009,5.958
2/17/2009,6.088
2/18/2009,6.114
2/19/2009,6.08
2/20/2009,6.14
2/21/2009,6.01
2/22/2009,6.058
2/23/2009,6.112
2/24/2009,6.048
2/25/2009,6.096
2/26/2009,6.064
2/27/2009,6.086
2/28/2009,6.036
3/1/2009,5.948
3/2/2009,5.914
3/3/2009,5.908
3/4/2009,5.898
3/5/2009,5.898
3/6/2009,5.926
3/7/2009,5.956
3/8/2009,6.158
3/9/2009,6.188
3/10/2009,6.178
3/11/2009,6.166
3/12/2009,6.114
3/13/2009,6.11
3/14/2009,6.178
3/15/2009,6.192
3/16/2009,6.148
3/17/2009,6.128
3/18/2009,6.048
3/19/2009,6.086
3/20/2009,6.086
3/21/2009,6.028
3/22/2009,5.98
3/23/2009,6.068
3/24/2009,6.078
3/25/2009,6.028
3/26/2009,5.974
3/27/2009,5.972
3/28/2009,6.136
3/29/2009,6.04
3/30/2009,6.054
3/31/2009,6.148
4/1/2009,6.278
4/2/2009,6.27
4/3/2009,5.99
4/4/2009,6.018
4/5/2009,6.276
4/6/2009,6.258
4/7/2009,6.148
4/8/2009,6.108
4/9/2009,6.026
4/10/2009,6.028
4/11/2009,6.288
4/12/2009,6.008
4/13/2009,5.934
4/14/2009,6.036
4/15/2009,6.018
4/16/2009,5.948
4/17/2009,5.988
4/18/2009,6.762
4/19/2009,7.104
4/20/2009,6.404
4/21/2009,6.194
4/22/2009,6.168
4/23/2009,6.148
4/24/2009,6.132
4/25/2009,6.05
4/26/2009,5.888
4/27/2009,5.878
4/28/2009,5.912
4/29/2009,5.952
4/30/2009,5.934
5/1/2009,5.928
5/2/2009,5.97
5/3/2009,6.342
5/4/2009,6.424
5/5/2009,6.648
5/6/2009,6.268
5/7/2009,6.178
5/8/2009,6.128
5/9/2009,6.048
5/10/2009,6.006
5/11/2009,5.958
5/12/2009,5.938
5/13/2009,5.888
5/14/2009,5.926
5/15/2009,6.178
5/16/2009,6.186
5/17/2009,6.268
5/18/2009,6.252
5/19/2009,6.354
5/20/2009,6.51
5/21/2009,6.318
5/22/2009,6.218
5/23/2009,6.15
5/24/2009,6.374
5/25/2009,6.794
5/26/2009,6.594
5/27/2009,9.358
5/28/2009,8.662
5/29/2009,7.728
5/30/2009,7.298
5/31/2009,6.988
6/1/2009,6.84
6/2/2009,6.948
6/3/2009,7.018
6/4/2009,6.942
6/5/2009,6.68
6/6/2009,6.59
6/7/2009,6.654
6/8/2009,7.016
6/9/2009,6.78
6/10/2009,6.708
6/11/2009,7.26
6/12/2009,6.88
6/13/2009,6.73
6/14/2009,6.654
6/15/2009,6.544
6/16/2009,6.908
6/17/2009,7.022
6/18/2009,6.608
6/19/2009,6.488
6/20/2009,6.47
6/21/2009,6.58
6/22/2009,6.564
6/23/2009,6.386
6/24/2009,6.238
6/25/2009,6.104
6/26/2009,6.39
6/27/2009,6.492
6/28/2009,6.368
6/29/2009,6.718
6/30/2009,7.088
7/1/2009,9.324
7/2/2009,10.268
7/3/2009,9.788
7/4/2009,9.536
7/5/2009,8.91
7/6/2009,8.198
7/7/2009,7.86
7/8/2009,7.708
7/9/2009,7.508
7/10/2009,7.386
7/11/2009,7.182
7/12/2009,6.962
7/13/2009,6.906
7/14/2009,6.884
7/15/2009,6.96
7/16/2009,7.008
7/17/2009,6.928
7/18/2009,6.898
7/19/2009,6.844
7/20/2009,7.314
7/21/2009,6.974
7/22/2009,6.816
7/23/2009,6.84
7/24/2009,6.824
7/25/2009,6.678
7/26/2009,6.588
7/27/2009,6.5
7/28/2009,6.8
7/29/2009,8.764
7/30/2009,9.358
7/31/2009,8.804
8/1/2009,8.808
8/2/2009,8.476
8/3/2009,8.358
8/4/2009,8.406
8/5/2009,7.908
8/6/2009,7.546
8/7/2009,7.578
8/8/2009,8.834
8/9/2009,8.548
8/10/2009,7.94
8/11/2009,7.594
8/12/2009,7.44
8/13/2009,7.354
8/14/2009,7.328
8/15/2009,7.242
8/16/2009,7.262
8/17/2009,7.394
8/18/2009,7.592
8/19/2009,7.828
8/20/2009,8.188
8/21/2009,8.184
8/22/2009,9.514
8/23/2009,8.688
8/24/2009,8.294
8/25/2009,8.364
8/26/2009,7.978
8/27/2009,7.728
8/28/2009,7.536
8/29/2009,7.322
8/30/2009,7.658
8/31/2009,7.754
9/1/2009,8.012
9/2/2009,7.738
9/3/2009,8.104
9/4/2009,8.14
9/5/2009,8.268
9/6/2009,8.022
9/7/2009,7.72
9/8/2009,7.51
9/9/2009,8.184
9/10/2009,7.672
9/11/2009,7.99
9/12/2009,7.768
9/13/2009,7.398
9/14/2009,7.174
9/15/2009,7.42
9/16/2009,7.718
9/17/2009,7.582
9/18/2009,7.512
9/19/2009,7.268
9/20/2009,7.056
9/21/2009,6.91
9/22/2009,6.952
9/23/2009,6.978
9/24/2009,7.146
9/25/2009,6.984
9/26/2009,6.85
9/27/2009,6.818
9/28/2009,6.758
9/29/2009,6.752
9/30/2009,6.744
10/1/2009,6.99
10/2/2009,6.748
10/3/2009,6.728
10/4/2009,6.838
10/5/2009,7.014
10/6/2009,7.048
10/7/2009,7.14
10/8/2009,6.93
10/9/2009,7.418
10/10/2009,9.09
10/11/2009,8.09
10/12/2009,7.592
10/13/2009,7.256
10/14/2009,7.092
10/15/2009,6.978
10/16/2009,6.88
10/17/2009,6.79
10/18/2009,6.778
10/19/2009,6.866
10/20/2009,6.812
10/21/2009,6.702
10/22/2009,6.63
10/23/2009,6.584
10/24/2009,6.53
10/25/2009,6.48
10/26/2009,6.438
10/27/2009,6.488
10/28/2009,6.478
10/29/2009,6.464
10/30/2009,6.442
10/31/2009,6.432
11/1/2009,6.424
11/2/2009,6.382
11/3/2009,6.278
11/4/2009,6.386
11/5/2009,6.372
11/6/2009,6.332
11/7/2009,6.312
11/8/2009,6.354
11/9/2009,6.338
11/10/2009,6.318
11/11/2009,6.354
11/12/2009,6.374
11/13/2009,6.368
11/14/2009,6.408
11/15/2009,6.428
11/16/2009,6.418
11/17/2009,6.438
11/18/2009,6.458
11/19/2009,6.446
11/20/2009,6.414
11/21/2009,6.44
11/22/2009,6.606
11/23/2009,6.508
11/24/2009,6.428
11/25/2009,6.388
11/26/2009,6.368
11/27/2009,6.388
11/28/2009,6.378
11/29/2009,6.372
11/30/2009,6.368
12/1/2009,6.328
12/2/2009,6.334
12/3/2009,6.368
12/4/2009,6.362
12/5/2009,6.348
12/6/2009,6.348
12/7/2009,6.376
12/8/2009,6.36
12/9/2009,6.344
12/10/2009,6.338
12/11/2009,6.34
12/12/2009,6.348
12/13/2009,6.344
12/14/2009,6.338
12/15/2009,6.328
12/16/2009,6.326
12/17/2009,6.318
12/18/2009,6.308
12/19/2009,6.304
12/20/2009,6.304
12/21/2009,6.338
12/22/2009,6.326
12/23/2009,6.312
12/24/2009,6.308
12/25/2009,6.312
12/26/2009,6.312
12/27/2009,6.308
12/28/2009,6.308
12/29/2009,6.298
12/30/2009,6.298
12/31/2009,6.298
1/1/2010,6.298
1/2/2010,6.288
1/3/2010,6.288
1/4/2010,6.338
1/5/2010,6.338
1/6/2010,6.298
1/7/2010,6.298
1/8/2010,6.288
1/9/2010,6.288
1/10/2010,6.278
1/11/2010,6.228
1/12/2010,6.218
1/13/2010,6.208
1/14/2010,6.238
1/15/2010,6.218
1/16/2010,6.288
1/17/2010,6.318
1/18/2010,6.308
1/19/2010,6.298
1/20/2010,6.288
1/21/2010,6.278
1/22/2010,6.268
1/23/2010,6.218
1/24/2010,6.208
1/25/2010,6.178
1/26/2010,6.138
1/27/2010,6.088
1/28/2010,6.078
1/29/2010,6.068
1/30/2010,6.048
1/31/2010,6.038
2/1/2010,6.068
2/2/2010,6.028
2/3/2010,6.018
2/4/2010,6.048
2/5/2010,6.008
2/6/2010,5.968
2/7/2010,5.998
2/8/2010,6.028
2/9/2010,5.988
2/10/2010,5.978
2/11/2010,5.968
2/12/2010,5.948
2/13/2010,5.938
2/14/2010,5.928
2/15/2010,5.928
2/16/2010,5.978
2/17/2010,5.968
2/18/2010,5.968
2/19/2010,5.958
2/20/2010,5.948
2/21/2010,5.928
2/22/2010,5.938
2/23/2010,6.038
2/24/2010,5.958
2/25/2010,5.878
2/26/2010,5.998
2/27/2010,5.968
2/28/2010,6.068
3/1/2010,5.978
3/2/2010,6.008
3/3/2010,6.048
3/4/2010,5.988
3/5/2010,5.958
3/6/2010,5.998
3/7/2010,5.948
3/8/2010,5.918
3/9/2010,5.938
3/10/2010,5.918
3/11/2010,5.898
3/12/2010,5.888
3/13/2010,5.868
3/14/2010,5.828
3/15/2010,5.838
3/16/2010,5.848
3/17/2010,5.888
3/18/2010,5.958
3/19/2010,5.928
3/20/2010,5.868
3/21/2010,5.848
3/22/2010,5.898
3/23/2010,5.848
3/24/2010,5.838
3/25/2010,5.828
3/26/2010,5.818
3/27/2010,5.798
3/28/2010,5.748
3/29/2010,5.828
3/30/2010,5.978
3/31/2010,6.118
4/1/2010,6.358
4/2/2010,6.168
4/3/2010,5.938
4/4/2010,5.838
4/5/2010,5.778
4/6/2010,5.778
4/7/2010,5.758
4/8/2010,5.688
4/9/2010,5.688
4/10/2010,5.668
4/11/2010,5.618
4/12/2010,5.578
4/13/2010,5.558
4/14/2010,5.558
4/15/2010,5.548
4/16/2010,5.718
4/17/2010,5.638
4/18/2010,5.568
4/19/2010,5.718
4/20/2010,5.928
4/21/2010,5.848
4/22/2010,6.188
4/23/2010,6.168
4/24/2010,5.758
4/25/2010,5.638
4/26/2010,5.648
4/27/2010,5.908
4/28/2010,5.848
4/29/2010,5.708
4/30/2010,5.928
5/1/2010,6.058
5/2/2010,5.998
5/3/2010,5.828
5/4/2010,5.748
5/5/2010,5.728
5/6/2010,5.678
5/7/2010,5.638
5/8/2010,5.608
5/9/2010,5.728
5/10/2010,5.808
5/11/2010,6.238
5/12/2010,5.968
5/13/2010,5.858
5/14/2010,5.848
5/15/2010,5.808
5/16/2010,5.898
5/17/2010,5.868
5/18/2010,6.228
5/19/2010,5.948
5/20/2010,5.748
5/21/2010,5.998
5/22/2010,7.108
5/23/2010,6.988
5/24/2010,6.598
5/25/2010,6.408
5/26/2010,6.278
5/27/2010,6.928
5/28/2010,7.658
5/29/2010,9.198
5/30/2010,9.428
5/31/2010,8.538
6/1/2010,8.628
6/2/2010,8.048
6/3/2010,7.768
6/4/2010,8.468
6/5/2010,9.588
6/6/2010,9.778
6/7/2010,9.378
6/8/2010,8.248
6/9/2010,7.878
6/10/2010,7.688
6/11/2010,7.558
6/12/2010,7.288
6/13/2010,7.708
6/14/2010,7.958
6/15/2010,7.538
6/16/2010,7.748
6/17/2010,7.208
6/18/2010,6.938
6/19/2010,7.108
6/20/2010,6.978
6/21/2010,6.898
6/22/2010,6.948
6/23/2010,7.028
6/24/2010,6.888
6/25/2010,6.748
6/26/2010,6.868
6/27/2010,7.508
6/28/2010,8.098
6/29/2010,7.788
6/30/2010,9.848
7/1/2010,9.308
7/2/2010,8.618
7/3/2010,8.218
7/4/2010,7.958
7/5/2010,7.768
7/6/2010,7.948
7/7/2010,7.888
7/8/2010,7.458
7/9/2010,7.348
7/10/2010,7.218
7/11/2010,7.068
7/12/2010,7.188
7/13/2010,7.478
7/14/2010,7.228
7/15/2010,7.038
7/16/2010,6.918
7/17/2010,6.848
7/18/2010,6.818
7/19/2010,6.658
7/20/2010,6.538
7/21/2010,6.628
7/22/2010,6.778
7/23/2010,6.748
7/24/2010,6.688
7/25/2010,6.788
7/26/2010,6.628
7/27/2010,6.578
7/28/2010,6.548
7/29/2010,6.018
7/30/2010,6.758
7/31/2010,6.628
8/1/2010,7.368
8/2/2010,6.938
8/3/2010,6.218
8/4/2010,6.478
8/5/2010,6.378
8/6/2010,7.318
8/7/2010,6.318
8/8/2010,6.278
8/9/2010,6.498
8/10/2010,6.548
8/11/2010,6.528
8/12/2010,7.238
8/13/2010,7.408
8/14/2010,7.248
8/15/2010,7.048
8/16/2010,6.958
8/17/2010,6.898
8/18/2010,6.828
8/19/2010,6.708
8/20/2010,6.698
8/21/2010,6.978
8/22/2010,6.828
8/23/2010,6.738
8/24/2010,6.648
8/25/2010,6.868
8/26/2010,6.898
8/27/2010,7.078
8/28/2010,7.038
8/29/2010,7.028
8/30/2010,6.908
8/31/2010,7.118
9/1/2010,6.868
9/2/2010,6.718
9/3/2010,6.318
9/4/2010,6.548
9/5/2010,6.448
9/6/2010,6.438
9/7/2010,6.488
9/8/2010,6.298
9/9/2010,6.338
9/10/2010,6.338
9/11/2010,6.298
9/12/2010,6.738
9/13/2010,6.768
9/14/2010,6.748
9/15/2010,7.298
9/16/2010,6.838
9/17/2010,6.758
9/18/2010,6.658
9/19/2010,6.818
9/20/2010,6.918
9/21/2010,6.708
9/22/2010,7.148
9/23/2010,7.098
9/24/2010,6.698
9/25/2010,6.588
9/26/2010,6.588
9/27/2010,6.648
9/28/2010,6.778
9/29/2010,7.908
9/30/2010,7.748
10/1/2010,7.128
10/2/2010,6.918
10/3/2010,6.638
10/4/2010,6.588
10/5/2010,6.588
10/6/2010,7.148
10/7/2010,7.308
10/8/2010,7.738
10/9/2010,10.218
10/10/2010,9.878
10/11/2010,9.368
10/12/2010,8.698
10/13/2010,8.278
10/14/2010,7.838
10/15/2010,7.748
10/16/2010,7.698
10/17/2010,7.538
10/18/2010,7.328
10/19/2010,7.188
10/20/2010,7.078
10/21/2010,7.018
10/22/2010,7.328
10/23/2010,7.368
10/24/2010,7.208
10/25/2010,7.458
10/26/2010,7.288
10/27/2010,7.058
10/28/2010,6.938
10/29/2010,6.858
10/30/2010,6.768
10/31/2010,6.738
11/1/2010,6.698
11/2/2010,6.638
11/3/2010,6.638
11/4/2010,6.628
11/5/2010,6.648
11/6/2010,6.628
11/7/2010,6.548
11/8/2010,6.538
11/9/2010,6.488
11/10/2010,6.628
11/11/2010,6.548
11/12/2010,6.538
11/13/2010,6.498
11/14/2010,6.458
11/15/2010,6.458
11/16/2010,6.458
11/17/2010,6.448
11/18/2010,6.448
11/19/2010,6.458
11/20/2010,6.478
11/21/2010,6.478
11/22/2010,6.508
11/23/2010,6.538
11/24/2010,6.518
11/25/2010,6.468
11/26/2010,6.458
11/27/2010,6.458
11/28/2010,6.448
11/29/2010,6.458
11/30/2010,6.458
12/1/2010,6.438
12/2/2010,6.428
12/3/2010,6.428
12/4/2010,6.418
12/5/2010,6.408
12/6/2010,6.428
12/7/2010,6.418
12/8/2010,6.428
12/9/2010,6.418
12/10/2010,6.518
12/11/2010,6.618
12/12/2010,6.468
12/13/2010,6.438
12/14/2010,6.438
12/15/2010,6.428
12/16/2010,6.418
12/17/2010,6.418
12/18/2010,6.408
12/19/2010,6.398
12/20/2010,6.378
12/21/2010,6.378
12/22/2010,6.358
12/23/2010,6.348
12/24/2010,6.358
12/25/2010,6.358
12/26/2010,6.348
12/27/2010,6.348
12/28/2010,6.348
12/29/2010,6.338
12/30/2010,6.338
12/31/2010,6.358
1/1/2011,6.338
1/2/2011,6.328
1/3/2011,6.328
1/4/2011,6.318
1/5/2011,6.318
1/6/2011,6.308
1/7/2011,6.288
1/8/2011,6.288
1/9/2011,6.278
1/10/2011,6.338
1/11/2011,6.338
1/12/2011,6.328
1/13/2011,6.348
1/14/2011,6.338
1/15/2011,6.318
1/16/2011,6.338
1/17/2011,6.328
1/18/2011,6.348
1/19/2011,6.338
1/20/2011,6.318
1/21/2011,6.308
1/22/2011,6.298
1/23/2011,6.308
1/24/2011,6.348
1/25/2011,6.318
1/26/2011,6.348
1/27/2011,6.338
1/28/2011,6.338
1/29/2011,6.338
1/30/2011,6.288
1/31/2011,6.278
2/1/2011,6.248
2/2/2011,6.238
2/3/2011,6.298
2/4/2011,6.268
2/5/2011,6.238
2/6/2011,6.168
2/7/2011,6.188
2/8/2011,6.228
2/9/2011,6.228
2/10/2011,6.258
2/11/2011,6.288
2/12/2011,6.228
2/13/2011,6.208
2/14/2011,6.178
2/15/2011,6.168
2/16/2011,6.188
2/17/2011,6.228
2/18/2011,6.238
2/19/2011,6.268
2/20/2011,6.248
2/21/2011,6.238
2/22/2011,6.198
2/23/2011,6.248
2/24/2011,6.248
2/25/2011,6.218
2/26/2011,6.198
2/27/2011,6.188
2/28/2011,6.168
3/1/2011,6.188
3/2/2011,6.228
3/3/2011,6.228
3/4/2011,6.208
3/5/2011,6.148
3/6/2011,6.168
3/7/2011,6.198
3/8/2011,6.188
3/9/2011,6.178
3/10/2011,6.168
3/11/2011,6.168
3/12/2011,6.158
3/13/2011,6.148
3/14/2011,6.168
3/15/2011,6.158
3/16/2011,6.148
3/17/2011,6.178
3/18/2011,6.168
3/19/2011,6.178
3/20/2011,6.168
3/21/2011,6.158
3/22/2011,6.148
3/23/2011,6.168
3/24/2011,6.178
3/25/2011,6.158
3/26/2011,6.158
3/27/2011,6.148
3/28/2011,6.208
3/29/2011,6.198
3/30/2011,6.208
3/31/2011,6.428
4/1/2011,7.048
4/2/2011,6.818
4/3/2011,6.478
4/4/2011,6.428
4/5/2011,6.238
4/6/2011,6.028
4/7/2011,6.128
4/8/2011,5.998
4/9/2011,5.928
4/10/2011,5.898
4/11/2011,5.868
4/12/2011,5.948
4/13/2011,5.968
4/14/2011,5.908
4/15/2011,5.928
4/16/2011,5.958
4/17/2011,5.928
4/18/2011,5.838
4/19/2011,5.758
4/20/2011,5.768
4/21/2011,5.938
4/22/2011,6.008
4/23/2011,5.878
4/24/2011,5.898
4/25/2011,5.868
4/26/2011,5.788
4/27/2011,5.818
4/28/2011,5.948
4/29/2011,6.138
4/30/2011,6.038
5/1/2011,5.948
5/2/2011,5.848
5/3/2011,5.828
5/4/2011,5.888
5/5/2011,5.988
5/6/2011,6.178
5/7/2011,6.278
5/8/2011,6.048
5/9/2011,5.828
5/10/2011,5.808
5/11/2011,5.868
5/12/2011,6.098
5/13/2011,6.338
5/14/2011,6.348
5/15/2011,6.248
5/16/2011,6.138
5/17/2011,6.088
5/18/2011,5.998
5/19/2011,5.968
5/20/2011,6.218
5/21/2011,6.088
5/22/2011,6.078
5/23/2011,6.788
5/24/2011,6.508
5/25/2011,6.828
5/26/2011,6.968
5/27/2011,6.718
5/28/2011,6.308
5/29/2011,6.768
5/30/2011,6.988
5/31/2011,6.868
6/1/2011,6.818
6/2/2011,7.148
6/3/2011,7.158
6/4/2011,6.998
6/5/2011,6.638
6/6/2011,6.428
6/7/2011,6.208
6/8/2011,6.138
6/9/2011,6.368
6/10/2011,6.808
6/11/2011,6.988
6/12/2011,6.988
6/13/2011,6.838
6/14/2011,6.468
6/15/2011,6.378
6/16/2011,6.418
6/17/2011,6.398
6/18/2011,6.358
6/19/2011,6.458
6/20/2011,6.378
6/21/2011,6.268
6/22/2011,6.158
6/23/2011,6.138
6/24/2011,6.098
6/25/2011,6.088
6/26/2011,6.748
6/27/2011,6.428
6/28/2011,6.538
6/29/2011,6.628
6/30/2011,8.308
7/1/2011,8.458
7/2/2011,9.938
7/3/2011,9.198
7/4/2011,8.388
7/5/2011,7.778
7/6/2011,7.428
7/7/2011,7.148
7/8/2011,6.928
7/9/2011,6.868
7/10/2011,6.818
7/11/2011,6.758
7/12/2011,6.638
7/13/2011,6.518
7/14/2011,6.478
7/15/2011,6.418
7/16/2011,6.418
7/17/2011,6.548
7/18/2011,6.518
7/19/2011,6.668
7/20/2011,6.638
7/21/2011,6.558
7/22/2011,6.708
7/23/2011,6.748
7/24/2011,6.728
7/25/2011,6.638
7/26/2011,6.558
7/27/2011,6.948
7/28/2011,6.658
7/29/2011,6.448
7/30/2011,5.988
7/31/2011,6.108
8/1/2011,6.248
8/2/2011,6.338
8/3/2011,6.558
8/4/2011,6.448
8/5/2011,6.348
8/6/2011,6.878
8/7/2011,7.238
8/8/2011,7.038
8/9/2011,7.138
8/10/2011,7.418
8/11/2011,7.878
8/12/2011,7.878
8/13/2011,7.458
8/14/2011,7.188
8/15/2011,7.008
8/16/2011,6.898
8/17/2011,7.098
8/18/2011,9.128
8/19/2011,8.408
8/20/2011,7.878
8/21/2011,8.108
8/22/2011,9.178
8/23/2011,8.988
8/24/2011,8.818
8/25/2011,8.808
8/26/2011,8.178
8/27/2011,7.848
8/28/2011,7.918
8/29/2011,7.408
8/30/2011,6.928
8/31/2011,6.898
9/1/2011,6.798
9/2/2011,6.628
9/3/2011,6.648
9/4/2011,6.568
9/5/2011,6.518
9/6/2011,6.448
9/7/2011,6.478
9/8/2011,6.518
9/9/2011,6.598
9/10/2011,6.538
9/11/2011,6.518
9/12/2011,6.558
9/13/2011,6.348
9/14/2011,6.528
9/15/2011,6.648
9/16/2011,6.748
9/17/2011,7.358
9/18/2011,8.038
9/19/2011,8.028
9/20/2011,7.488
9/21/2011,7.438
9/22/2011,8.008
9/23/2011,7.448
9/24/2011,7.198
9/25/2011,6.998
9/26/2011,6.798
9/27/2011,6.688
9/28/2011,6.768
9/29/2011,6.738
9/30/2011,6.678
10/1/2011,6.728
10/2/2011,7.408
10/3/2011,7.478
10/4/2011,7.538
10/5/2011,7.208
10/6/2011,7.028
10/7/2011,6.998
10/8/2011,6.808
10/9/2011,6.848
10/10/2011,6.778
10/11/2011,6.638
10/12/2011,6.528
10/13/2011,6.438
10/14/2011,6.358
10/15/2011,5.988
10/16/2011,6.208
10/17/2011,6.278
10/18/2011,6.228
10/19/2011,6.238
10/20/2011,6.348
10/21/2011,6.258
10/22/2011,6.268
10/23/2011,6.388
10/24/2011,6.488
10/25/2011,6.398
10/26/2011,6.308
10/27/2011,6.218
10/28/2011,6.288
10/29/2011,6.328
10/30/2011,6.398
10/31/2011,6.348
11/1/2011,6.298
11/2/2011,6.228
11/3/2011,6.258
11/4/2011,6.228
11/5/2011,6.128
11/6/2011,6.128
11/7/2011,6.208
11/8/2011,6.228
11/9/2011,6.238
11/10/2011,6.278
11/11/2011,6.178
11/12/2011,6.188
11/13/2011,6.228
11/14/2011,6.298
11/15/2011,6.258
11/16/2011,6.268
11/17/2011,6.288
11/18/2011,6.248
11/19/2011,6.228
11/20/2011,6.178
11/21/2011,6.238
11/22/2011,6.288
11/23/2011,6.238
11/24/2011,6.208
11/25/2011,6.278
11/26/2011,6.228
11/27/2011,6.218
11/28/2011,6.258
11/29/2011,6.238
11/30/2011,6.228
12/1/2011,6.208
12/2/2011,6.198
12/3/2011,6.248
12/4/2011,6.208
12/5/2011,6.238
12/6/2011,6.238
12/7/2011,6.238
12/8/2011,6.228
12/9/2011,6.168
12/10/2011,6.098
12/11/2011,6.048
12/12/2011,6.118
12/13/2011,6.128
12/14/2011,6.228
12/15/2011,6.168
12/16/2011,6.068
12/17/2011,5.998
12/18/2011,5.978
12/19/2011,5.978
12/20/2011,6.008
12/21/2011,5.998
12/22/2011,5.988
12/23/2011,5.978
12/24/2011,5.978
12/25/2011,5.968
12/26/2011,6.008
12/27/2011,5.978
12/28/2011,5.878
12/29/2011,5.878
12/30/2011,5.868
12/31/2011,5.868
1/1/2012,5.858
1/2/2012,5.878
1/3/2012,5.968
1/4/2012,5.968
1/5/2012,5.868
1/6/2012,5.858
1/7/2012,5.868
1/8/2012,5.868
1/9/2012,5.878
1/10/2012,5.858
1/11/2012,6.068
1/12/2012,5.978
1/13/2012,5.918
1/14/2012,5.918
1/15/2012,5.898
1/16/2012,5.848
1/17/2012,5.838
1/18/2012,5.838
1/19/2012,5.828
1/20/2012,5.788
1/21/2012,5.758
1/22/2012,5.708
1/23/2012,5.698
1/24/2012,5.698
1/25/2012,5.678
1/26/2012,5.668
1/27/2012,5.658
1/28/2012,5.628
1/29/2012,5.598
1/30/2012,5.588
1/31/2012,5.578
2/1/2012,5.548
2/2/2012,5.538
2/3/2012,5.508
2/4/2012,5.488
2/5/2012,5.478
2/6/2012,5.478
2/7/2012,5.478
2/8/2012,5.478
2/9/2012,5.448
2/10/2012,5.428
2/11/2012,5.408
2/12/2012,5.418
2/13/2012,5.438
2/14/2012,5.568
2/15/2012,5.668
2/16/2012,5.628
2/17/2012,5.628
2/18/2012,5.628
2/19/2012,5.788
2/20/2012,5.768
2/21/2012,5.738
2/22/2012,5.758
2/23/2012,5.778
2/24/2012,5.778
2/25/2012,5.818
2/26/2012,5.758
2/27/2012,5.758
2/28/2012,5.788
2/29/2012,5.818
3/1/2012,5.828
3/2/2012,5.798
3/3/2012,5.828
3/4/2012,5.908
3/5/2012,5.828
3/6/2012,5.818
3/7/2012,5.778
3/8/2012,5.798
3/9/2012,5.828
3/10/2012,5.848
3/11/2012,5.848
3/12/2012,5.828
3/13/2012,5.798
3/14/2012,5.788
3/15/2012,5.778
3/16/2012,5.778
3/17/2012,5.798
3/18/2012,5.798
3/19/2012,5.778
3/20/2012,5.768
3/21/2012,5.768
3/22/2012,5.758
3/23/2012,5.758
3/24/2012,5.758
3/25/2012,5.808
3/26/2012,5.798
3/27/2012,5.828
3/28/2012,5.838
3/29/2012,5.828
3/30/2012,5.788
3/31/2012,5.778
4/1/2012,5.768
4/2/2012,5.758
4/3/2012,5.748
4/4/2012,5.738
4/5/2012,5.728
4/6/2012,5.718
4/7/2012,5.848
4/8/2012,5.878
4/9/2012,5.978
4/10/2012,7.288
4/11/2012,6.878
4/12/2012,6.938
4/13/2012,6.578
4/14/2012,6.588
4/15/2012,6.318
4/16/2012,6.038
4/17/2012,5.888
4/18/2012,5.848
4/19/2012,5.758
4/20/2012,5.678
4/21/2012,5.718
4/22/2012,6.128
4/23/2012,6.028
4/24/2012,5.868
4/25/2012,5.758
4/26/2012,5.668
4/27/2012,5.828
4/28/2012,5.968
4/29/2012,6.038
4/30/2012,5.948
5/1/2012,6.158
5/2/2012,6.638
5/3/2012,6.748
5/4/2012,6.488
5/5/2012,6.278
5/6/2012,6.148
5/7/2012,5.968
5/8/2012,5.878
5/9/2012,5.798
5/10/2012,5.738
5/11/2012,5.648
5/12/2012,5.648
5/13/2012,5.628
5/14/2012,5.658
5/15/2012,5.698
5/16/2012,5.768
5/17/2012,6.018
5/18/2012,6.028
5/19/2012,5.848
5/20/2012,5.838
5/21/2012,5.998
5/22/2012,6.188
5/23/2012,5.908
5/24/2012,5.908
5/25/2012,5.898
5/26/2012,6.018
5/27/2012,5.968
5/28/2012,5.968
5/29/2012,5.998
5/30/2012,5.968
5/31/2012,5.908
6/1/2012,5.878
6/2/2012,7.078
6/3/2012,6.988
6/4/2012,6.588
6/5/2012,6.378
6/6/2012,6.898
6/7/2012,6.948
6/8/2012,6.988
6/9/2012,6.828
6/10/2012,6.428
6/11/2012,6.248
6/12/2012,6.018
6/13/2012,5.878
6/14/2012,5.878
6/15/2012,5.928
6/16/2012,6.048
6/17/2012,8.478
6/18/2012,8.338
6/19/2012,7.288
6/20/2012,6.858
6/21/2012,6.758
6/22/2012,6.638
6/23/2012,6.758
6/24/2012,7.258
6/25/2012,9.288
6/26/2012,9.358
6/27/2012,8.928
6/28/2012,8.528
6/29/2012,8.398
6/30/2012,7.778
7/1/2012,7.338
7/2/2012,7.158
7/3/2012,7.498
7/4/2012,7.068
7/5/2012,6.968
7/6/2012,6.878
7/7/2012,6.798
7/8/2012,6.778
7/9/2012,6.748
7/10/2012,6.608
7/11/2012,6.548
7/12/2012,6.478
7/13/2012,6.418
7/14/2012,6.508
7/15/2012,6.618
7/16/2012,7.508
7/17/2012,7.578
7/18/2012,7.018
7/19/2012,7.748
7/20/2012,7.718
7/21/2012,7.398
7/22/2012,7.318
7/23/2012,7.138
7/24/2012,7.168
7/25/2012,7.508
7/26/2012,7.198
7/27/2012,6.748
7/28/2012,6.688
7/29/2012,6.688
7/30/2012,6.928
7/31/2012,6.868
8/1/2012,6.688
8/2/2012,6.658
8/3/2012,6.568
8/4/2012,7.108
8/5/2012,7.388
8/6/2012,7.018
8/7/2012,6.808
8/8/2012,6.728
8/9/2012,6.848
8/10/2012,6.738
8/11/2012,6.618
8/12/2012,6.578
8/13/2012,6.848
8/14/2012,7.708
8/15/2012,7.358
8/16/2012,7.148
8/17/2012,7.358
8/18/2012,8.188
8/19/2012,7.468
8/20/2012,7.118
8/21/2012,7.088
8/22/2012,7.038
8/23/2012,6.888
8/24/2012,6.708
8/25/2012,6.688
8/26/2012,6.688
8/27/2012,6.868
8/28/2012,7.328
8/29/2012,7.018
8/30/2012,6.808
8/31/2012,6.668
9/1/2012,6.578
9/2/2012,6.488
9/3/2012,6.458
9/4/2012,6.608
9/5/2012,6.578
9/6/2012,6.658
9/7/2012,6.658
9/8/2012,6.548
9/9/2012,6.448
9/10/2012,6.448
9/11/2012,6.578
9/12/2012,6.498
9/13/2012,6.388
9/14/2012,6.968
9/15/2012,6.788
9/16/2012,6.508
9/17/2012,6.478
9/18/2012,6.488
9/19/2012,6.988
9/20/2012,6.678
9/21/2012,6.478
9/22/2012,6.428
9/23/2012,6.328
9/24/2012,6.328
9/25/2012,6.448
9/26/2012,6.688
9/27/2012,6.888
9/28/2012,7.078
9/29/2012,6.908
9/30/2012,6.908
10/1/2012,6.678
10/2/2012,6.858
10/3/2012,6.598
10/4/2012,6.578
10/5/2012,6.548
10/6/2012,7.448
10/7/2012,7.498
10/8/2012,7.048
10/9/2012,6.858
10/10/2012,6.818
10/11/2012,6.748
10/12/2012,8.198
10/13/2012,8.338
10/14/2012,7.758
10/15/2012,7.548
10/16/2012,7.198
10/17/2012,7.008
10/18/2012,6.828
10/19/2012,6.688
10/20/2012,6.528
10/21/2012,6.458
10/22/2012,6.458
10/23/2012,6.458
10/24/2012,6.428
10/25/2012,6.458
10/26/2012,6.398
10/27/2012,6.388
10/28/2012,6.378
10/29/2012,6.368
10/30/2012,6.338
10/31/2012,6.298
11/1/2012,6.288
11/2/2012,6.278
11/3/2012,6.268
11/4/2012,6.258
11/5/2012,6.348
11/6/2012,6.428
11/7/2012,6.758
11/8/2012,6.898
11/9/2012,6.798
11/10/2012,6.648
11/11/2012,6.578
11/12/2012,6.488
11/13/2012,6.428
11/14/2012,6.368
11/15/2012,6.338
11/16/2012,6.308
11/17/2012,6.288
11/18/2012,6.258
11/19/2012,6.248
11/20/2012,6.248
11/21/2012,6.238
11/22/2012,6.228
11/23/2012,6.228
11/24/2012,6.228
11/25/2012,6.268
11/26/2012,6.248
11/27/2012,6.248
11/28/2012,6.238
11/29/2012,6.228
11/30/2012,6.248
12/1/2012,6.248
12/2/2012,6.238
12/3/2012,6.238
12/4/2012,6.238
12/5/2012,6.238
12/6/2012,6.228
12/7/2012,6.228
12/8/2012,6.218
12/9/2012,6.218
12/10/2012,6.218
12/11/2012,6.218
12/12/2012,6.208
12/13/2012,6.208
12/14/2012,6.208
12/15/2012,6.208
12/16/2012,6.208
12/17/2012,6.198
12/18/2012,6.198
12/19/2012,6.198
12/20/2012,6.198
12/21/2012,6.188
12/22/2012,6.188
12/23/2012,6.188
12/24/2012,6.098
12/25/2012,6.078
12/26/2012,6.068
12/27/2012,6.058
12/28/2012,6.048
12/29/2012,6.008
12/30/2012,6.018
12/31/2012,6.078
1/1/2013,6.078
1/2/2013,6.018
1/3/2013,5.988
1/4/2013,5.958
1/5/2013,5.868
1/6/2013,5.858
1/7/2013,5.928
1/8/2013,5.988
1/9/2013,5.958
1/10/2013,6.048
1/11/2013,6.158
1/12/2013,6.078
1/13/2013,6.028
1/14/2013,6.038
1/15/2013,6.078
1/16/2013,6.048
1/17/2013,5.998
1/18/2013,6.088
1/19/2013,6.098
1/20/2013,6.018
1/21/2013,6.008
1/22/2013,6.058
1/23/2013,6.058
1/24/2013,6.038
1/25/2013,6.028
1/26/2013,6.008
1/27/2013,5.998
1/28/2013,5.978
1/29/2013,5.958
1/30/2013,5.918
1/31/2013,5.898
2/1/2013,5.868
2/2/2013,5.808
2/3/2013,5.788
2/4/2013,5.758
2/5/2013,5.748
2/6/2013,5.748
2/7/2013,5.738
2/8/2013,5.728
2/9/2013,5.708
2/10/2013,5.698
2/11/2013,5.628
2/12/2013,5.628
2/13/2013,5.578
2/14/2013,5.578
2/15/2013,5.628
2/16/2013,5.578
2/17/2013,5.558
2/18/2013,5.558
2/19/2013,5.598
2/20/2013,5.588
2/21/2013,5.518
2/22/2013,5.448
2/23/2013,5.428
2/24/2013,5.428
2/25/2013,5.418
2/26/2013,5.408
2/27/2013,5.408
2/28/2013,5.398
3/1/2013,5.388
3/2/2013,5.378
3/3/2013,5.378
3/4/2013,5.368
3/5/2013,5.368
3/6/2013,5.368
3/7/2013,5.348
3/8/2013,5.338
3/9/2013,5.328
3/10/2013,5.328
3/11/2013,5.298
3/12/2013,5.278
3/13/2013,5.268
3/14/2013,5.268
3/15/2013,5.268
3/16/2013,5.248
3/17/2013,5.238
3/18/2013,5.258
3/19/2013,5.268
3/20/2013,5.238
3/21/2013,5.198
3/22/2013,5.198
3/23/2013,5.228
3/24/2013,5.228
3/25/2013,5.208
3/26/2013,5.208
3/27/2013,5.198
3/28/2013,5.198
3/29/2013,5.198
3/30/2013,5.188
4/1/2013,5.198
4/2/2013,5.338
4/3/2013,5.328
4/4/2013,5.308
4/5/2013,5.308
4/6/2013,5.298
4/7/2013,5.298
4/8/2013,5.288
4/9/2013,5.288
4/10/2013,5.278
4/11/2013,5.278
4/12/2013,5.268
4/13/2013,5.258
4/14/2013,5.248
4/15/2013,5.238
4/16/2013,5.218
4/17/2013,5.208
4/18/2013,5.208
4/19/2013,5.208
4/20/2013,5.208
4/21/2013,5.208
4/22/2013,5.208
4/23/2013,5.198
4/24/2013,5.198
4/25/2013,5.198
4/26/2013,5.198
4/27/2013,5.258
4/28/2013,5.258
4/29/2013,5.328
4/30/2013,5.378
5/1/2013,5.348
5/2/2013,5.348
5/3/2013,5.308
5/4/2013,5.308
5/5/2013,5.408
5/6/2013,6.838
5/7/2013,7.478
5/8/2013,7.718
5/9/2013,8.188
5/10/2013,8.658
5/11/2013,8.398
5/12/2013,8.398
5/13/2013,7.638
5/14/2013,7.398
5/15/2013,7.088
5/16/2013,6.908
5/17/2013,8.478
5/18/2013,8.258
5/19/2013,7.498
5/20/2013,6.968
5/21/2013,6.778
5/22/2013,6.928
5/23/2013,7.338
5/24/2013,7.098
5/25/2013,7.668
5/26/2013,7.668
5/27/2013,7.058
5/28/2013,6.738
5/29/2013,6.628
5/30/2013,6.508
5/31/2013,6.418
6/1/2013,6.318
6/2/2013,6.248
6/3/2013,6.228
6/4/2013,6.208
6/5/2013,6.208
6/6/2013,6.198
6/7/2013,6.188
6/8/2013,6.178
6/9/2013,6.158
6/10/2013,6.358
6/11/2013,6.168
6/12/2013,6.028
6/13/2013,6.048
6/14/2013,6.128
6/15/2013,6.098
6/16/2013,6.218
6/17/2013,6.138
6/18/2013,5.958
6/19/2013,5.818
6/20/2013,5.798
6/21/2013,5.798
6/22/2013,5.818
6/23/2013,7.168
6/24/2013,6.728
6/25/2013,6.968
6/26/2013,6.538
6/27/2013,6.428
6/28/2013,7.338
6/29/2013,7.728
6/30/2013,7.378
7/1/2013,7.068
7/2/2013,6.818
7/3/2013,6.658
7/4/2013,6.498
7/5/2013,6.418
7/6/2013,6.268
7/7/2013,6.248
7/8/2013,6.248
7/9/2013,6.458
7/10/2013,6.258
7/11/2013,6.228
7/12/2013,6.228
7/13/2013,6.218
7/14/2013,6.208
7/15/2013,6.198
7/16/2013,6.188
7/17/2013,6.218
7/18/2013,6.228
7/19/2013,6.418
7/20/2013,6.298
7/21/2013,6.328
7/22/2013,6.348
7/23/2013,6.308
7/24/2013,6.088
7/25/2013,6.048
7/26/2013,6.028
7/27/2013,6.118
7/28/2013,6.808
7/29/2013,7.518
7/30/2013,7.258
7/31/2013,6.788
8/1/2013,6.588
8/2/2013,6.548
8/3/2013,6.498
8/4/2013,6.408
8/5/2013,7.478
8/6/2013,7.238
8/7/2013,6.988
8/8/2013,7.938
8/9/2013,7.718
8/10/2013,7.028
8/11/2013,6.718
8/12/2013,6.698
8/13/2013,6.648
8/14/2013,6.568
8/15/2013,6.598
8/16/2013,6.638
8/17/2013,7.038
8/18/2013,7.328
8/19/2013,6.848
8/20/2013,6.668
8/21/2013,6.628
8/22/2013,6.578
8/23/2013,6.498
8/24/2013,6.418
8/25/2013,6.318
8/26/2013,6.258
8/27/2013,6.158
8/28/2013,6.138
8/29/2013,6.128
8/30/2013,6.608
8/31/2013,6.918
9/1/2013,7.018
9/2/2013,6.708
9/3/2013,6.568
9/4/2013,6.688
9/5/2013,7.018
9/6/2013,9.788
9/7/2013,8.958
9/8/2013,7.908
9/9/2013,7.908
9/10/2013,7.718
9/11/2013,7.198
9/12/2013,7.048
9/13/2013,6.848
9/14/2013,6.688
9/15/2013,6.468
9/16/2013,6.438
9/17/2013,6.468
9/18/2013,6.388
9/19/2013,6.708
9/20/2013,6.528
9/21/2013,6.408
9/22/2013,6.518
9/23/2013,7.318
9/24/2013,6.898
9/25/2013,6.788
9/26/2013,6.998
9/27/2013,7.178
9/28/2013,6.838
9/29/2013,6.818
9/30/2013,6.898
10/1/2013,7.108
10/2/2013,6.878
10/3/2013,6.708
10/4/2013,7.238
10/5/2013,7.648
10/6/2013,7.838
10/7/2013,7.998
10/8/2013,8.028
10/9/2013,7.508
10/10/2013,7.118
10/11/2013,6.988
10/12/2013,6.818
10/13/2013,6.728
10/14/2013,6.658
10/15/2013,6.698
10/16/2013,6.398
10/17/2013,6.328
10/18/2013,6.308
10/19/2013,6.288
10/20/2013,6.278
10/21/2013,6.318
10/22/2013,6.388
10/23/2013,6.388
10/24/2013,6.308
10/25/2013,6.268
10/26/2013,6.258
10/27/2013,6.258
10/28/2013,6.378
10/29/2013,6.298
10/30/2013,6.238
10/31/2013,6.228
11/1/2013,6.218
11/2/2013,6.198
11/3/2013,6.188
11/4/2013,6.178
11/5/2013,6.148
11/6/2013,6.128
11/7/2013,6.078
11/8/2013,6.068
11/9/2013,6.058
11/10/2013,6.058
11/11/2013,6.048
11/12/2013,6.078
11/13/2013,6.048
11/14/2013,6.038
11/15/2013,6.058
11/16/2013,6.088
11/17/2013,6.148
11/18/2013,6.188
11/19/2013,6.148
11/20/2013,6.068
11/21/2013,6.088
11/22/2013,6.078
11/23/2013,6.068
11/24/2013,6.068
11/25/2013,6.068
11/26/2013,6.058
11/27/2013,6.058
11/28/2013,6.038
11/29/2013,6.058
11/30/2013,6.078
12/1/2013,6.088
12/2/2013,6.048
12/3/2013,5.968
12/4/2013,5.958
12/5/2013,5.958
12/6/2013,5.988
12/7/2013,5.988
12/8/2013,5.988
12/9/2013,5.978
12/10/2013,5.968
12/11/2013,5.938
12/12/2013,5.888
12/13/2013,5.888
12/14/2013,5.928
12/15/2013,5.988
12/16/2013,5.988
12/17/2013,5.978
12/18/2013,5.968
12/19/2013,5.978
12/20/2013,5.978
12/21/2013,5.988
12/22/2013,5.978
12/23/2013,5.968
12/24/2013,5.958
12/25/2013,5.948
12/26/2013,5.948
12/27/2013,5.938
12/28/2013,5.928
12/29/2013,5.918
12/30/2013,5.908
12/31/2013,5.908
1/1/2014,5.898
1/2/2014,5.898
1/3/2014,5.898
1/4/2014,5.888
1/5/2014,5.878
1/6/2014,5.878
1/7/2014,5.878
1/8/2014,5.898
1/9/2014,5.918
1/10/2014,5.928
1/11/2014,5.938
1/12/2014,5.938
1/13/2014,5.928
1/14/2014,5.918
1/15/2014,5.908
1/16/2014,5.908
1/17/2014,5.918
1/18/2014,5.938
1/19/2014,5.958
1/20/2014,5.958
1/21/2014,5.948
1/22/2014,5.938
1/23/2014,5.938
1/24/2014,5.928
1/25/2014,5.928
1/26/2014,5.918
1/27/2014,5.918
1/28/2014,5.908
1/29/2014,5.908
1/30/2014,5.908
1/31/2014,5.898
2/1/2014,5.898
2/2/2014,5.898
2/3/2014,5.908
2/4/2014,5.938
2/5/2014,5.928
2/6/2014,5.918
2/7/2014,5.908
2/8/2014,5.898
2/9/2014,5.888
2/10/2014,5.798
2/11/2014,5.778
2/12/2014,5.778
2/13/2014,5.768
2/14/2014,5.768
2/15/2014,5.838
2/16/2014,5.828
2/17/2014,5.838
2/18/2014,5.888
2/19/2014,5.888
2/20/2014,5.888
2/21/2014,5.918
2/22/2014,5.938
2/23/2014,5.918
2/24/2014,5.908
2/25/2014,5.898
2/26/2014,5.888
2/27/2014,5.868
2/28/2014,5.798
3/1/2014,5.788
3/2/2014,5.788
3/3/2014,5.818
3/4/2014,5.798
3/5/2014,5.728
3/6/2014,5.728
3/7/2014,5.718
3/8/2014,5.708
3/9/2014,5.708
3/10/2014,5.698
3/11/2014,5.688
3/12/2014,5.678
3/13/2014,5.668
3/14/2014,5.628
3/15/2014,5.608
3/16/2014,5.578
3/17/2014,5.578
3/18/2014,5.548
3/19/2014,5.548
3/20/2014,5.538
3/21/2014,5.528
3/22/2014,5.528
3/23/2014,5.498
3/24/2014,5.498
3/25/2014,5.528
3/26/2014,5.538
3/27/2014,5.538
3/28/2014,5.498
3/29/2014,5.418
3/30/2014,5.338
3/31/2014,5.328
4/1/2014,5.318
4/2/2014,5.318
4/3/2014,5.318
4/4/2014,5.348
4/5/2014,5.418
4/6/2014,5.418
4/7/2014,5.318
4/8/2014,5.398
4/9/2014,5.428
4/10/2014,5.498
4/11/2014,5.448
4/12/2014,5.308
4/13/2014,5.298
4/14/2014,5.358
4/15/2014,5.328
4/16/2014,5.308
4/17/2014,5.308
4/18/2014,5.298
4/19/2014,5.298
4/20/2014,5.288
4/21/2014,5.288
4/22/2014,5.288
4/23/2014,5.288
4/24/2014,5.248
4/25/2014,5.248
4/26/2014,5.248
4/27/2014,5.238
4/28/2014,5.238
4/29/2014,5.228
4/30/2014,5.228
5/1/2014,5.218
5/2/2014,5.208
5/3/2014,5.208
5/4/2014,5.208
5/5/2014,5.198
5/6/2014,5.208
5/7/2014,5.208
5/8/2014,5.288
5/9/2014,7.438
5/10/2014,7.498
5/11/2014,6.578
5/12/2014,6.878
5/13/2014,7.108
5/14/2014,6.328
5/15/2014,5.998
5/16/2014,5.778
5/17/2014,5.558
5/18/2014,5.428
5/19/2014,5.408
5/20/2014,5.408
5/21/2014,5.358
5/22/2014,5.348
5/23/2014,5.338
5/24/2014,5.338
5/25/2014,5.338
5/26/2014,5.448
5/27/2014,5.528
5/28/2014,5.498
5/29/2014,5.498
5/30/2014,6.018
5/31/2014,6.498
6/1/2014,6.628
6/2/2014,6.408
6/3/2014,6.298
6/4/2014,6.228
6/5/2014,6.208
6/6/2014,6.168
6/7/2014,6.148
6/8/2014,6.138
6/9/2014,6.088
6/10/2014,6.058
6/11/2014,6.008
6/12/2014,5.988
6/13/2014,5.988
6/14/2014,6.048
6/15/2014,5.978
6/16/2014,5.878
6/17/2014,5.808
6/18/2014,5.958
6/19/2014,7.238
6/20/2014,7.258
6/21/2014,7.098
6/22/2014,8.388
6/23/2014,10.208
6/24/2014,10.128
6/25/2014,9.768
6/26/2014,8.968
6/27/2014,8.348
6/28/2014,8.038
6/29/2014,7.638
6/30/2014,7.438
7/1/2014,7.058
7/2/2014,6.978
7/3/2014,6.938
7/4/2014,6.878
7/5/2014,7.048
7/6/2014,7.018
7/7/2014,6.948
7/8/2014,6.898
7/9/2014,6.688
7/10/2014,6.578
7/11/2014,6.498
7/12/2014,6.428
7/13/2014,6.398
7/14/2014,6.368
7/15/2014,6.308
7/16/2014,6.288
7/17/2014,6.288
7/18/2014,6.248
7/19/2014,6.238
7/20/2014,6.188
7/21/2014,6.168
7/22/2014,6.158
7/23/2014,6.158
7/24/2014,6.108
7/25/2014,6.088
7/26/2014,6.078
7/27/2014,6.108
7/28/2014,6.928
7/29/2014,6.768
7/30/2014,6.528
7/31/2014,6.478
8/1/2014,6.438
8/2/2014,6.368
8/3/2014,6.288
8/4/2014,6.278
8/5/2014,6.208
8/6/2014,6.258
8/7/2014,6.288
8/8/2014,6.298
8/9/2014,6.208
8/10/2014,6.188
8/11/2014,6.188
8/12/2014,6.168
8/13/2014,6.228
8/14/2014,7.068
8/15/2014,8.068
8/16/2014,8.738
8/17/2014,8.098
8/18/2014,7.468
8/19/2014,7.238
8/20/2014,7.188
8/21/2014,7.388
8/22/2014,7.268
8/23/2014,7.468
8/24/2014,7.068
8/25/2014,6.628
8/26/2014,6.628
8/27/2014,6.628
8/28/2014,6.478
8/29/2014,7.388
8/30/2014,7.588
8/31/2014,7.768
9/1/2014,7.738
9/2/2014,7.138
9/3/2014,6.668
9/4/2014,6.548
9/5/2014,6.698
9/6/2014,6.608
9/7/2014,6.428
9/8/2014,6.368
9/9/2014,6.178
9/10/2014,6.128
9/11/2014,6.188
9/12/2014,6.138
9/13/2014,6.108
9/14/2014,6.078
9/15/2014,6.068
9/16/2014,6.048
9/17/2014,6.078
9/18/2014,5.998
9/19/2014,5.788
9/20/2014,7.278
9/21/2014,6.728
9/22/2014,6.868
9/23/2014,7.588
9/24/2014,8.828
9/25/2014,8.568
9/26/2014,7.888
9/27/2014,7.478
9/28/2014,7.318
9/29/2014,7.078
9/30/2014,6.858
10/1/2014,6.688
10/2/2014,6.528
10/3/2014,6.438
10/4/2014,6.358
10/5/2014,6.278
10/6/2014,6.228
10/7/2014,6.198
10/8/2014,6.178
10/9/2014,6.168
10/10/2014,6.128
10/11/2014,6.118
10/12/2014,6.158
10/13/2014,6.238
10/14/2014,6.608
10/15/2014,6.488
10/16/2014,6.378
10/17/2014,6.228
10/18/2014,6.188
10/19/2014,6.138
10/20/2014,6.148
10/21/2014,6.168
10/22/2014,6.158
10/23/2014,6.148
10/24/2014,6.118
10/25/2014,6.098
10/26/2014,6.048
10/27/2014,6.038
10/28/2014,6.008
10/29/2014,6.018
10/30/2014,6.028
10/31/2014,6.058
11/1/2014,6.038
11/2/2014,5.998
11/3/2014,5.428
11/4/2014,5.578
11/5/2014,5.498
11/6/2014,5.478
11/7/2014,5.468
11/8/2014,5.468
11/9/2014,5.458
11/10/2014,5.608
11/11/2014,5.808
11/12/2014,5.688
11/13/2014,5.568
11/14/2014,5.518
11/15/2014,5.518
11/16/2014,5.508
11/17/2014,5.538
11/18/2014,5.578
11/19/2014,5.548
11/20/2014,5.538
11/21/2014,5.528
11/22/2014,5.528
11/23/2014,5.528
11/24/2014,5.518
11/25/2014,5.508
11/26/2014,5.488
11/27/2014,5.478
11/28/2014,5.468
11/29/2014,5.458
11/30/2014,5.448
12/1/2014,5.438
12/2/2014,5.428
12/3/2014,5.418
12/4/2014,5.418
12/5/2014,5.418
12/6/2014,5.438
12/7/2014,5.508
12/8/2014,5.468
12/9/2014,5.458
12/10/2014,5.448
12/11/2014,5.448
12/12/2014,5.438
12/13/2014,5.428
12/14/2014,5.428
12/15/2014,5.398
12/16/2014,5.368
12/17/2014,5.348
12/18/2014,5.338
12/19/2014,5.328
12/20/2014,5.328
12/21/2014,5.318
12/22/2014,5.278
12/23/2014,5.238
12/24/2014,5.208
12/25/2014,5.198
12/26/2014,5.188
12/27/2014,5.148
12/28/2014,5.138
12/29/2014,5.128
12/30/2014,5.118
12/31/2014,5.108
1/1/2015,5.098
1/2/2015,5.088
1/3/2015,5.078
1/4/2015,5.068
1/5/2015,5.068
1/6/2015,5.058
1/7/2015,5.058
1/8/2015,5.048
1/9/2015,5.038
1/10/2015,5.038
1/11/2015,5.028
1/12/2015,4.968
1/13/2015,4.958
1/14/2015,4.878
1/15/2015,4.868
1/16/2015,4.868
1/17/2015,4.868
1/18/2015,4.868
1/19/2015,4.888
1/20/2015,4.878
1/21/2015,4.868
1/22/2015,4.888
1/23/2015,4.908
1/24/2015,4.918
1/25/2015,4.948
1/26/2015,4.928
1/27/2015,4.918
1/28/2015,4.908
1/29/2015,4.938
1/30/2015,4.998
1/31/2015,5.058
2/1/2015,5.088
2/2/2015,5.088
2/3/2015,5.078
2/4/2015,5.078
2/5/2015,5.068
2/6/2015,5.068
2/7/2015,5.068
2/8/2015,5.058
2/9/2015,5.048
2/10/2015,5.038
2/11/2015,5.028
2/12/2015,5.028
2/13/2015,5.018
2/14/2015,5.008
2/15/2015,5.008
2/16/2015,5.018
2/17/2015,5.028
2/18/2015,5.038
2/19/2015,5.048
2/20/2015,5.068
2/21/2015,5.038
2/22/2015,5.008
2/23/2015,4.958
2/24/2015,4.948
2/25/2015,4.938
2/26/2015,4.928
2/27/2015,4.908
2/28/2015,4.898
3/1/2015,4.918
3/2/2015,4.858
3/3/2015,4.848
3/4/2015,4.848
3/5/2015,4.878
3/6/2015,5.008
3/7/2015,4.978
3/8/2015,4.968
3/9/2015,4.958
3/10/2015,4.958
3/11/2015,4.948
3/12/2015,4.948
3/13/2015,4.938
3/14/2015,4.938
3/15/2015,4.918
3/16/2015,4.858
3/17/2015,4.808
3/18/2015,4.808
3/19/2015,4.808
3/20/2015,4.858
3/21/2015,4.828
3/22/2015,4.788
3/23/2015,4.788
3/24/2015,4.788
3/25/2015,4.778
3/26/2015,4.808
3/27/2015,4.898
3/28/2015,4.968
3/29/2015,4.958
3/30/2015,4.878
3/31/2015,4.758
4/1/2015,4.758
4/2/2015,4.918
4/3/2015,5.238
4/4/2015,5.758
4/5/2015,5.858
4/6/2015,5.558
4/7/2015,5.918
4/8/2015,5.758
4/9/2015,5.668
4/10/2015,5.518
4/11/2015,5.328
4/12/2015,5.138
4/13/2015,5.018
4/14/2015,4.928
4/15/2015,4.848
4/16/2015,4.758
4/17/2015,4.708
4/18/2015,4.708
4/19/2015,4.828
4/20/2015,5.388
4/21/2015,5.318
4/22/2015,5.188
4/23/2015,5.148
4/24/2015,6.238
4/25/2015,5.838
4/26/2015,5.508
4/27/2015,5.278
4/28/2015,5.188
4/29/2015,5.198
4/30/2015,5.118
5/1/2015,5.778
5/2/2015,5.608
5/3/2015,5.368
5/4/2015,5.238
5/5/2015,5.138
5/6/2015,5.078
5/7/2015,5.028
5/8/2015,5.008
5/9/2015,5.258
5/10/2015,5.148
5/11/2015,5.058
5/12/2015,5.208
5/13/2015,5.288
5/14/2015,5.218
5/15/2015,5.118
5/16/2015,5.058
5/17/2015,5.228
5/18/2015,5.158
5/19/2015,5.948
5/20/2015,6.088
5/21/2015,5.398
5/22/2015,5.158
5/23/2015,5.048
5/24/2015,5.348
5/25/2015,6.198
5/26/2015,5.798
5/27/2015,5.408
5/28/2015,5.298
5/29/2015,5.468
5/30/2015,5.568
5/31/2015,6.208
6/1/2015,5.908
6/2/2015,5.588
6/3/2015,5.388
6/4/2015,5.348
6/5/2015,5.208
6/6/2015,5.098
6/7/2015,5.068
6/8/2015,5.038
6/9/2015,4.988
6/10/2015,4.948
6/11/2015,4.948
6/12/2015,6.568
6/13/2015,6.288
6/14/2015,5.658
6/15/2015,5.618
6/16/2015,5.578
6/17/2015,5.828
6/18/2015,5.508
6/19/2015,5.338
6/20/2015,5.498
6/21/2015,6.188
6/22/2015,5.738
6/23/2015,5.818
6/24/2015,6.178
6/25/2015,6.718
6/26/2015,6.708
6/27/2015,7.098
6/28/2015,7.388
6/29/2015,6.998
6/30/2015,6.628
7/1/2015,6.298
7/2/2015,6.068
7/3/2015,5.848
7/4/2015,5.818
7/5/2015,5.708
7/6/2015,5.898
7/7/2015,5.678
7/8/2015,6.468
7/9/2015,7.998
7/10/2015,8.068
7/11/2015,8.038
7/12/2015,7.398
7/13/2015,6.898
7/14/2015,6.578
7/15/2015,6.288
7/16/2015,6.678
7/17/2015,6.858
7/18/2015,7.498
7/19/2015,8.088
7/20/2015,9.408
7/21/2015,8.858
7/22/2015,8.418
7/23/2015,7.808
7/24/2015,7.528
7/25/2015,8.598
7/26/2015,8.758
7/27/2015,8.508
7/28/2015,8.508
7/29/2015,8.558
7/30/2015,8.758
7/31/2015,7.938
8/1/2015,8.628
8/2/2015,8.918
8/3/2015,8.458
8/4/2015,7.648
8/5/2015,7.238
8/6/2015,6.988
8/7/2015,6.668
8/8/2015,6.468
8/9/2015,6.188
8/10/2015,6.068
8/11/2015,6.028
8/12/2015,5.988
8/13/2015,5.968
8/14/2015,5.948
8/15/2015,5.928
8/16/2015,6.168
8/17/2015,6.048
8/18/2015,6.498
8/19/2015,7.178
8/20/2015,7.618
8/21/2015,8.828
8/22/2015,8.648
8/23/2015,7.848
8/24/2015,7.278
8/25/2015,6.928
8/26/2015,6.658
8/27/2015,6.418
8/28/2015,6.298
8/29/2015,6.198
8/30/2015,6.258
8/31/2015,6.618
9/1/2015,8.618
9/2/2015,9.418
9/3/2015,8.948
9/4/2015,8.588
9/5/2015,8.048
9/6/2015,7.618
9/7/2015,7.318
9/8/2015,7.098
9/9/2015,7.208
9/10/2015,6.888
9/11/2015,7.168
9/12/2015,6.808
9/13/2015,8.338
9/14/2015,7.958
9/15/2015,8.698
9/16/2015,8.358
9/17/2015,8.088
9/18/2015,7.788
9/19/2015,7.648
9/20/2015,7.648
9/21/2015,7.318
9/22/2015,7.498
9/23/2015,8.758
9/24/2015,9.828
9/25/2015,9.738
9/26/2015,9.338
9/27/2015,8.938
9/28/2015,8.468
9/29/2015,7.998
9/30/2015,7.798
10/1/2015,7.458
10/2/2015,7.218
10/3/2015,7.138
10/4/2015,6.948
10/5/2015,6.888
10/6/2015,6.758
10/7/2015,6.688
10/8/2015,6.808
10/9/2015,7.208
10/10/2015,7.228
10/11/2015,6.988
10/12/2015,6.788
10/13/2015,6.758
10/14/2015,6.698
10/15/2015,6.558
10/16/2015,6.408
10/17/2015,6.348
10/18/2015,6.198
10/19/2015,6.078
10/20/2015,5.998
10/21/2015,5.948
10/22/2015,5.918
10/23/2015,5.888
10/24/2015,5.888
10/25/2015,5.858
10/26/2015,5.818
10/27/2015,5.798
10/28/2015,5.778
10/29/2015,5.758
10/30/2015,5.758
10/31/2015,5.748
11/1/2015,5.728
11/2/2015,5.728
11/3/2015,5.718
11/4/2015,5.698
11/5/2015,5.698
11/6/2015,5.678
11/7/2015,5.668
11/8/2015,5.718
11/9/2015,5.718
11/10/2015,5.708
11/11/2015,5.708
11/12/2015,5.688
11/13/2015,5.678
11/14/2015,5.668
11/15/2015,5.578
11/16/2015,5.568
11/17/2015,5.548
11/18/2015,5.548
11/19/2015,5.538
11/20/2015,5.528
11/21/2015,5.518
11/22/2015,5.508
11/23/2015,5.508
11/24/2015,5.558
11/25/2015,5.558
11/26/2015,5.548
11/27/2015,5.508
11/28/2015,5.508
11/29/2015,5.528
11/30/2015,5.558
12/1/2015,5.558
12/2/2015,5.548
12/3/2015,5.548
12/4/2015,5.548
12/5/2015,5.558
12/6/2015,5.558
12/7/2015,5.558
12/8/2015,5.548
12/9/2015,5.548
12/10/2015,5.548
12/11/2015,5.528
12/12/2015,5.528
12/13/2015,5.528
12/14/2015,5.518
12/15/2015,5.518
12/16/2015,5.518
12/17/2015,5.508
12/18/2015,5.508
12/19/2015,5.508
12/20/2015,5.498
12/21/2015,5.498
12/22/2015,5.498
12/23/2015,5.498
12/24/2015,5.488
12/25/2015,5.488
12/26/2015,5.488
12/27/2015,5.488
12/28/2015,5.488
12/29/2015,5.478
12/30/2015,5.478
12/31/2015,5.468
1/1/2016,5.468
1/2/2016,5.568
1/3/2016,5.608
1/4/2016,5.608
1/5/2016,5.598
1/6/2016,5.598
1/7/2016,5.608
1/8/2016,5.658
1/9/2016,5.658
1/10/2016,5.658
1/11/2016,5.648
1/12/2016,5.648
1/13/2016,5.678
1/14/2016,5.678
1/15/2016,5.728
1/16/2016,5.728
1/17/2016,5.738
1/18/2016,5.738
1/19/2016,5.728
1/20/2016,5.728
1/21/2016,5.718
1/22/2016,5.628
1/23/2016,5.558
1/24/2016,5.528
1/25/2016,5.518
1/26/2016,5.518
1/27/2016,5.518
1/28/2016,5.518
1/29/2016,5.518
1/30/2016,5.508
1/31/2016,5.508
2/1/2016,5.508
2/2/2016,5.508
2/3/2016,5.498
2/4/2016,5.498
2/5/2016,5.498
2/6/2016,5.478
2/7/2016,5.468
2/8/2016,5.468
2/9/2016,5.468
2/10/2016,5.468
2/11/2016,5.458
2/12/2016,5.458
2/13/2016,5.458
2/14/2016,5.458
2/15/2016,5.478
2/16/2016,5.478
2/17/2016,5.468
2/18/2016,5.468
2/19/2016,5.468
2/20/2016,5.468
2/21/2016,5.458
2/22/2016,5.458
2/23/2016,5.458
2/24/2016,5.498
2/25/2016,5.678
2/26/2016,5.598
2/27/2016,5.498
2/28/2016,5.348
2/29/2016,5.318
3/1/2016,5.318
3/2/2016,5.408
3/3/2016,5.408
3/4/2016,5.168
3/5/2016,5.288
3/6/2016,5.318
3/7/2016,5.248
3/8/2016,5.398
3/9/2016,5.258
3/10/2016,5.318
3/11/2016,5.348
3/12/2016,5.348
3/13/2016,5.378
3/14/2016,5.368
3/15/2016,5.338
3/16/2016,5.258
3/17/2016,5.188
3/18/2016,5.148
3/19/2016,5.108
3/20/2016,5.098
3/21/2016,5.078
3/22/2016,5.128
3/23/2016,5.908
3/24/2016,5.338
3/25/2016,5.378
3/26/2016,5.218
3/27/2016,5.078
3/28/2016,4.968
3/29/2016,5.718
3/30/2016,5.898
3/31/2016,5.618
4/1/2016,5.468
4/2/2016,5.808
4/3/2016,5.578
4/4/2016,5.578
4/5/2016,6.688
4/6/2016,6.108
4/7/2016,5.728
4/8/2016,5.508
4/9/2016,5.528
4/10/2016,5.418
4/11/2016,5.228
4/12/2016,5.128
4/13/2016,5.088
4/14/2016,5.068
4/15/2016,5.048
4/16/2016,4.978
4/17/2016,4.868
4/18/2016,4.828
4/19/2016,4.808
4/20/2016,4.788
4/21/2016,4.798
4/22/2016,4.818
4/23/2016,4.888
4/24/2016,4.968
4/25/2016,4.978
4/26/2016,4.918
4/27/2016,4.908
4/28/2016,4.868
4/29/2016,4.828
4/30/2016,4.888
5/1/2016,4.918
5/2/2016,4.878
5/3/2016,5.368
5/4/2016,5.268
5/5/2016,5.178
5/6/2016,5.428
5/7/2016,5.178
5/8/2016,5.308
5/9/2016,5.258
5/10/2016,5.218
5/11/2016,5.188
5/12/2016,5.108
5/13/2016,5.098
5/14/2016,5.168
5/15/2016,5.528
5/16/2016,5.338
5/17/2016,5.248
5/18/2016,5.208
5/19/2016,5.298
5/20/2016,5.598
5/21/2016,5.878
5/22/2016,7.298
5/23/2016,7.358
5/24/2016,7.128
5/25/2016,6.768
5/26/2016,6.578
5/27/2016,6.438
5/28/2016,6.338
5/29/2016,6.218
5/30/2016,6.168
5/31/2016,5.948
6/1/2016,5.688
6/2/2016,5.618
6/3/2016,5.578
6/4/2016,5.548
6/5/2016,5.508
6/6/2016,5.508
6/7/2016,5.478
6/8/2016,5.528
6/9/2016,5.928
6/10/2016,5.908
6/11/2016,5.828
6/12/2016,5.958
6/13/2016,6.638
6/14/2016,6.398
6/15/2016,6.048
6/16/2016,5.958
6/17/2016,5.548
6/18/2016,5.458
6/19/2016,5.398
6/20/2016,5.388
6/21/2016,5.428
6/22/2016,5.588
6/23/2016,5.468
6/24/2016,5.468
6/25/2016,5.428
6/26/2016,5.408
6/27/2016,5.388
6/28/2016,5.328
6/29/2016,5.478
6/30/2016,5.398
7/1/2016,5.658
7/2/2016,5.448
7/3/2016,5.318
7/4/2016,5.668
7/5/2016,6.778
7/6/2016,6.928
7/7/2016,6.608
7/8/2016,6.558
7/9/2016,6.668
7/10/2016,6.768
7/11/2016,6.528
7/12/2016,6.618
7/13/2016,6.678
7/14/2016,6.668
7/15/2016,6.658
7/16/2016,6.618
7/17/2016,6.738
7/18/2016,7.068
7/19/2016,8.678
7/20/2016,8.608
7/21/2016,8.018
7/22/2016,7.348
7/23/2016,6.968
7/24/2016,6.958
7/25/2016,6.828
7/26/2016,6.478
7/27/2016,6.378
7/28/2016,6.278
7/29/2016,6.148
7/30/2016,6.088
7/31/2016,6.048
8/1/2016,6.688
8/2/2016,6.808
8/3/2016,6.578
8/4/2016,6.248
8/5/2016,6.048
8/6/2016,5.898
8/7/2016,5.818
8/8/2016,5.738
8/9/2016,5.718
8/10/2016,5.688
8/11/2016,5.698
8/12/2016,5.728
8/13/2016,5.698
8/14/2016,5.498
8/15/2016,5.408
8/16/2016,6.048
8/17/2016,6.248
8/18/2016,6.508
8/19/2016,6.278
8/20/2016,5.868
8/21/2016,5.918
8/22/2016,7.248
8/23/2016,7.348
8/24/2016,7.058
8/25/2016,6.528
8/26/2016,6.198
8/27/2016,7.008
8/28/2016,7.408
8/29/2016,7.788
8/30/2016,7.578
8/31/2016,7.228
9/1/2016,7.338
9/2/2016,7.408
9/3/2016,7.598
9/4/2016,7.398
9/5/2016,7.028
9/6/2016,6.698
9/7/2016,6.368
9/8/2016,6.128
9/9/2016,6.028
9/10/2016,5.958
9/11/2016,5.888
9/12/2016,6.118
9/13/2016,6.108
9/14/2016,5.918
9/15/2016,6.208
9/16/2016,6.518
9/17/2016,6.428
9/18/2016,6.178
9/19/2016,5.918
9/20/2016,5.858
9/21/2016,6.068
9/22/2016,6.478
9/23/2016,6.278
9/24/2016,6.098
9/25/2016,5.898
9/26/2016,5.708
9/27/2016,5.838
9/28/2016,6.048
9/29/2016,5.828
9/30/2016,5.678
10/1/2016,5.648
10/2/2016,5.628
10/3/2016,5.888
10/4/2016,6.088
10/5/2016,5.778
10/6/2016,5.618
10/7/2016,5.748
10/8/2016,5.748
10/9/2016,6.188
10/10/2016,5.928
10/11/2016,5.798
10/12/2016,5.648
10/13/2016,5.898
10/14/2016,5.818
10/15/2016,5.708
10/16/2016,5.638
10/17/2016,5.558
10/18/2016,5.688
10/19/2016,5.418
10/20/2016,5.258
10/21/2016,5.198
10/22/2016,5.168
10/23/2016,5.158
10/24/2016,5.148
10/25/2016,5.148
10/26/2016,5.148
10/27/2016,5.198
10/28/2016,5.238
10/29/2016,5.348
10/30/2016,5.308
10/31/2016,5.788
11/1/2016,5.578
11/2/2016,5.338
11/3/2016,5.288
11/4/2016,5.248
11/5/2016,6.008
11/6/2016,6.628
11/7/2016,7.608
11/8/2016,9.748
11/9/2016,9.018
11/10/2016,8.418
11/11/2016,7.518
11/12/2016,6.938
11/13/2016,6.498
11/14/2016,6.428
11/15/2016,6.358
11/16/2016,6.088
11/17/2016,5.888
11/18/2016,5.808
11/19/2016,5.808
11/20/2016,5.788
11/21/2016,5.728
11/22/2016,5.708
11/23/2016,5.638
11/24/2016,5.718
11/25/2016,5.688
11/26/2016,5.618
11/27/2016,5.558
11/28/2016,5.548
11/29/2016,5.498
11/30/2016,5.488
12/1/2016,5.448
12/2/2016,5.378
12/3/2016,5.348
12/4/2016,5.308
12/5/2016,5.318
12/6/2016,5.348
12/7/2016,5.348
12/8/2016,5.348
12/9/2016,5.328
12/10/2016,5.318
12/11/2016,5.368
12/12/2016,5.358
12/13/2016,5.328
12/14/2016,5.318
12/15/2016,5.308
12/16/2016,5.298
12/17/2016,5.288
12/18/2016,5.278
12/19/2016,5.308
12/20/2016,5.288
12/21/2016,5.288
12/22/2016,5.278
12/23/2016,5.318
12/24/2016,5.368
12/25/2016,5.368
12/26/2016,5.358
12/27/2016,5.358
12/28/2016,5.348
12/29/2016,5.338
12/30/2016,5.328
12/31/2016,5.318
1/1/2017,5.318
1/2/2017,5.328
1/3/2017,5.308
1/4/2017,5.338
1/5/2017,5.328
1/6/2017,5.358
1/7/2017,5.368
1/8/2017,5.358
1/9/2017,5.348
1/10/2017,5.328
1/11/2017,5.318
1/12/2017,5.258
1/13/2017,5.198
1/14/2017,5.128
1/15/2017,5.158
1/16/2017,5.258
1/17/2017,5.198
1/18/2017,5.228
1/19/2017,5.198
1/20/2017,5.148
1/21/2017,5.178
1/22/2017,5.208
1/23/2017,5.228
1/24/2017,5.238
1/25/2017,5.228
1/26/2017,5.218
1/27/2017,5.208
1/28/2017,5.198
1/29/2017,5.128
1/30/2017,5.188
1/31/2017,5.178
2/1/2017,5.198
2/2/2017,5.198
2/3/2017,5.138
2/4/2017,5.098
2/5/2017,5.038
2/6/2017,5.018
2/7/2017,5.118
2/8/2017,5.128
2/9/2017,5.178
2/10/2017,5.208
2/11/2017,5.178
2/12/2017,5.148
2/13/2017,5.118
2/14/2017,5.118
2/15/2017,5.098
2/16/2017,5.088
2/17/2017,5.118
2/18/2017,5.108
2/19/2017,5.088
2/20/2017,5.078
2/21/2017,5.078
2/22/2017,5.078
2/23/2017,5.168
2/24/2017,5.368
2/25/2017,5.368
2/26/2017,5.178
2/27/2017,5.098
2/28/2017,5.068
3/1/2017,5.108
3/2/2017,5.078
3/3/2017,5.038
3/4/2017,5.078
3/5/2017,5.098
3/6/2017,5.238
3/7/2017,5.668
3/8/2017,5.498
3/9/2017,5.378
3/10/2017,5.348
3/11/2017,5.428
3/12/2017,6.218
3/13/2017,6.148
3/14/2017,5.708
3/15/2017,5.258
3/16/2017,5.188
3/17/2017,5.178
3/18/2017,5.198
3/19/2017,5.298
3/20/2017,5.258
3/21/2017,5.298
3/22/2017,5.218
3/23/2017,5.168
3/24/2017,5.148
3/25/2017,5.138
3/26/2017,5.278
3/27/2017,5.208
3/28/2017,5.218
3/29/2017,5.228
3/30/2017,5.248
3/31/2017,5.238
4/1/2017,5.218
4/2/2017,5.118
4/3/2017,5.048
4/4/2017,5.028
4/5/2017,4.998
4/6/2017,5.498
4/7/2017,5.438
4/8/2017,5.388
4/9/2017,5.228
4/10/2017,5.178
4/11/2017,5.158
4/12/2017,5.038
4/13/2017,4.998
4/14/2017,5.028
4/15/2017,5.048
4/16/2017,5.058
4/17/2017,5.248
4/18/2017,5.128
4/19/2017,5.078
4/20/2017,5.278
4/21/2017,6.228
4/22/2017,5.628
4/23/2017,6.218
4/24/2017,7.048
4/25/2017,8.288
4/26/2017,7.928
4/27/2017,7.608
4/28/2017,7.248
4/29/2017,6.458
4/30/2017,5.988
5/1/2017,5.878
5/2/2017,6.028
5/3/2017,6.158
5/4/2017,5.728
5/5/2017,5.608
5/6/2017,5.528
5/7/2017,5.478
5/8/2017,5.408
5/9/2017,5.348
5/10/2017,5.328
5/11/2017,5.278
5/12/2017,5.238
5/13/2017,5.198
5/14/2017,5.178
5/15/2017,5.318
5/16/2017,6.028
5/17/2017,6.288
5/18/2017,5.938
5/19/2017,5.658
5/20/2017,5.508
5/21/2017,5.898
5/22/2017,5.598
5/23/2017,5.758
5/24/2017,5.688
5/25/2017,5.648
5/26/2017,5.618
5/27/2017,5.588
5/28/2017,5.568
5/29/2017,5.538
5/30/2017,5.558
5/31/2017,5.758
6/1/2017,6.098
6/2/2017,7.058
6/3/2017,6.948
6/4/2017,7.118
6/5/2017,8.678
6/6/2017,7.688
6/7/2017,6.638
6/8/2017,6.348
6/9/2017,5.918
6/10/2017,5.738
6/11/2017,6.088
6/12/2017,6.688
6/13/2017,7.358
6/14/2017,7.738
6/15/2017,7.178
6/16/2017,6.618
6/17/2017,6.278
6/18/2017,6.518
6/19/2017,6.828
6/20/2017,7.908
6/21/2017,8.068
6/22/2017,7.648
6/23/2017,7.218
6/24/2017,6.828
6/25/2017,6.588
6/26/2017,6.358
6/27/2017,6.128
6/28/2017,5.858
6/29/2017,5.628
6/30/2017,5.558
7/1/2017,5.578
7/2/2017,5.628
7/3/2017,5.728
7/4/2017,6.458
7/5/2017,7.048
7/6/2017,7.338
7/7/2017,7.248
7/8/2017,6.398
7/9/2017,5.918
7/10/2017,5.968
7/11/2017,6.208
7/12/2017,6.148
7/13/2017,6.028
7/14/2017,5.808
7/15/2017,6.188
7/16/2017,6.258
7/17/2017,6.168
7/18/2017,5.978
7/19/2017,6.148
7/20/2017,6.278
7/21/2017,7.258
7/22/2017,8.468
7/23/2017,7.848
7/24/2017,7.208
7/25/2017,7.628
7/26/2017,7.938
7/27/2017,8.148
7/28/2017,7.708
7/29/2017,7.668
7/30/2017,7.628
7/31/2017,7.498
8/1/2017,6.988
8/2/2017,6.568
8/3/2017,7.048
8/4/2017,6.828
8/5/2017,6.478
8/6/2017,6.488
8/7/2017,6.398
8/8/2017,6.208
8/9/2017,6.138
8/10/2017,6.028
8/11/2017,6.168
8/12/2017,8.778
8/13/2017,9.498
8/14/2017,9.098
8/15/2017,8.628
8/16/2017,9.298
8/17/2017,9.198
8/18/2017,8.678
8/19/2017,8.078
8/20/2017,7.778
8/21/2017,7.518
8/22/2017,7.548
8/23/2017,8.438
8/24/2017,8.038
8/25/2017,7.748
8/26/2017,7.448
8/27/2017,7.158
8/28/2017,6.868
8/29/2017,6.728
8/30/2017,6.608
8/31/2017,6.758
9/1/2017,6.768
9/2/2017,7.408
9/3/2017,8.278
9/4/2017,8.478
9/5/2017,8.758
9/6/2017,8.098
9/7/2017,8.008
9/8/2017,7.978
9/9/2017,7.808
9/10/2017,7.708
9/11/2017,7.818
9/12/2017,9.308
9/13/2017,8.868
9/14/2017,8.648
9/15/2017,8.378
9/16/2017,7.858
9/17/2017,7.398
9/18/2017,7.098
9/19/2017,7.188
9/20/2017,7.148
9/21/2017,7.058
9/22/2017,6.918
9/23/2017,6.738
9/24/2017,6.468
9/25/2017,6.208
9/26/2017,6.458
9/27/2017,6.798
9/28/2017,6.808
9/29/2017,6.988
9/30/2017,6.888
10/1/2017,6.728
10/2/2017,6.988
10/3/2017,7.208
10/4/2017,6.778
10/5/2017,6.488
10/6/2017,6.298
10/7/2017,6.428
10/8/2017,6.418
10/9/2017,6.358
10/10/2017,6.338
10/11/2017,6.328
10/12/2017,6.258
10/13/2017,6.118
10/14/2017,6.018
10/15/2017,5.958
10/16/2017,5.888
10/17/2017,5.658
10/18/2017,5.518
10/19/2017,5.548
10/20/2017,6.438
10/21/2017,7.088
10/22/2017,10.388
10/23/2017,10.758
10/24/2017,10.488
10/25/2017,10.008
10/26/2017,9.388
10/27/2017,8.818
10/28/2017,8.218
10/29/2017,7.798
10/30/2017,7.478
10/31/2017,7.068
11/1/2017,6.808
11/2/2017,6.538
11/3/2017,6.378
11/4/2017,6.258
11/5/2017,6.278
11/6/2017,6.338
11/7/2017,6.338
11/8/2017,6.268
11/9/2017,6.198
11/10/2017,6.148
11/11/2017,6.078
11/12/2017,6.018
11/13/2017,5.958
11/14/2017,5.898
11/15/2017,5.888
11/16/2017,5.888
11/17/2017,5.878
11/18/2017,5.858
11/19/2017,5.848
11/20/2017,5.818
11/21/2017,5.798
11/22/2017,5.738
11/23/2017,5.678
11/24/2017,5.618
11/25/2017,5.548
11/26/2017,5.518
11/27/2017,5.508
11/28/2017,5.488
11/29/2017,5.468
11/30/2017,5.458
12/1/2017,5.448
12/2/2017,5.438
12/3/2017,5.428
12/4/2017,5.428
12/5/2017,5.418
12/6/2017,5.398
12/7/2017,5.418
12/8/2017,5.448
12/9/2017,5.478
12/10/2017,5.518
12/11/2017,6.278
12/12/2017,6.598
12/13/2017,6.218
12/14/2017,5.918
12/15/2017,5.788
12/16/2017,5.688
12/17/2017,5.608
12/18/2017,5.578
12/19/2017,5.558
12/20/2017,5.538
12/21/2017,5.518
12/22/2017,5.508
12/23/2017,5.498
12/24/2017,5.488
12/25/2017,5.468
12/26/2017,5.458
12/27/2017,5.438
12/28/2017,5.398
12/29/2017,5.378
12/30/2017,5.348
12/31/2017,5.308
1/1/2018,5.298
1/2/2018,5.298
1/3/2018,5.288
1/4/2018,5.278
1/5/2018,5.278
1/6/2018,5.268
1/7/2018,5.268
1/8/2018,5.258
1/9/2018,5.258
1/10/2018,5.248
1/11/2018,5.248
1/12/2018,5.248
1/13/2018,5.238
1/14/2018,5.238
1/15/2018,5.228
1/16/2018,5.208
1/17/2018,5.188
1/18/2018,5.168
1/19/2018,5.148
1/20/2018,5.138
1/21/2018,5.108
1/22/2018,5.108
1/23/2018,5.168
1/24/2018,5.178
1/25/2018,5.158
1/26/2018,5.138
1/27/2018,5.128
1/28/2018,5.118
1/29/2018,5.118
1/30/2018,5.108
1/31/2018,5.108
2/1/2018,5.098
2/2/2018,5.108
2/3/2018,5.128
2/4/2018,5.128
2/5/2018,5.138
2/6/2018,5.148
2/7/2018,5.148
2/8/2018,5.128
2/9/2018,5.118
2/10/2018,5.108
2/11/2018,5.108
2/12/2018,5.108
2/13/2018,5.098
2/14/2018,5.098
2/15/2018,5.098
2/16/2018,5.088
2/17/2018,5.088
2/18/2018,5.088
2/19/2018,5.078
2/20/2018,5.078
2/21/2018,5.078
2/22/2018,5.088
2/23/2018,5.098
2/24/2018,5.108
2/25/2018,5.118
2/26/2018,5.098
2/27/2018,5.078
2/28/2018,5.058
3/1/2018,5.048
3/2/2018,5.038
3/3/2018,5.028
3/4/2018,5.018
3/5/2018,5.008
3/6/2018,5.018
3/7/2018,5.038
3/8/2018,5.058
3/9/2018,5.028
3/10/2018,5.008
3/11/2018,4.988
3/12/2018,4.998
3/13/2018,5.018
3/14/2018,5.018
3/15/2018,5.008
3/16/2018,5.008
3/17/2018,4.998
3/18/2018,4.998
3/19/2018,4.988
3/20/2018,4.998
3/21/2018,5.008
3/22/2018,5.018
3/23/2018,5.028
3/24/2018,5.028
3/25/2018,5.018
3/26/2018,5.008
3/27/2018,4.998
3/28/2018,4.988
3/29/2018,5.028
3/30/2018,5.398
3/31/2018,5.438
4/1/2018,5.078
4/2/2018,5.028
4/3/2018,5.018
4/4/2018,5.008
4/5/2018,4.998
4/6/2018,5.148
4/7/2018,5.028
4/8/2018,5.018
4/9/2018,5.048
4/10/2018,5.028
4/11/2018,5.008
4/12/2018,4.998
4/13/2018,4.998
4/14/2018,4.998
4/15/2018,4.968
4/16/2018,4.948
4/17/2018,4.938
4/18/2018,5.018
4/19/2018,5.118
4/20/2018,5.258
4/21/2018,5.608
4/22/2018,6.178
4/23/2018,6.558
4/24/2018,5.838
4/25/2018,5.478
4/26/2018,5.348
4/27/2018,5.288
4/28/2018,5.298
4/29/2018,5.038
4/30/2018,5.448
5/1/2018,5.898
5/2/2018,5.978
5/3/2018,5.628
5/4/2018,5.358
5/5/2018,5.688
5/6/2018,5.898
5/7/2018,5.798
5/8/2018,6.938
5/9/2018,7.668
5/10/2018,7.728
5/11/2018,8.178
5/12/2018,7.468
5/13/2018,6.798
5/14/2018,6.608
5/15/2018,6.758
5/16/2018,6.648
5/17/2018,6.628
5/18/2018,6.538
5/19/2018,7.238
5/20/2018,8.488
5/21/2018,10.068
5/22/2018,9.168
5/23/2018,8.448
5/24/2018,7.678
5/25/2018,7.238
5/26/2018,6.858
5/27/2018,6.548
5/28/2018,6.138
5/29/2018,5.938
5/30/2018,5.828
5/31/2018,5.918
6/1/2018,6.278
6/2/2018,6.418
6/3/2018,6.188
6/4/2018,5.918
6/5/2018,5.778
6/6/2018,5.678
6/7/2018,5.638
6/8/2018,5.588
6/9/2018,5.648
6/10/2018,5.608
6/11/2018,5.878
6/12/2018,7.508
6/13/2018,9.338
6/14/2018,9.838
6/15/2018,9.358
6/16/2018,9.078
6/17/2018,9.058
6/18/2018,8.358
6/19/2018,7.888
6/20/2018,8.188
6/21/2018,7.968
6/22/2018,7.688
6/23/2018,7.398
6/24/2018,7.338
6/25/2018,7.118
6/26/2018,7.808
6/27/2018,7.688
6/28/2018,7.198
6/29/2018,6.738
6/30/2018,6.408
7/1/2018,6.308
7/2/2018,6.278
7/3/2018,6.518
7/4/2018,7.398
7/5/2018,8.428
7/6/2018,7.848
7/7/2018,7.388
7/8/2018,7.138
7/9/2018,7.048
7/10/2018,6.858
7/11/2018,6.658
7/12/2018,6.558
7/13/2018,6.318
7/14/2018,6.078
7/15/2018,6.468
7/16/2018,6.598
7/17/2018,6.288
7/18/2018,6.048
7/19/2018,6.088
7/20/2018,5.918
7/21/2018,5.828
7/22/2018,6.188
7/23/2018,6.368
7/24/2018,6.328
7/25/2018,6.998
7/26/2018,7.058
7/27/2018,6.558
7/28/2018,6.108
7/29/2018,6.828
7/30/2018,6.388
7/31/2018,6.088
8/1/2018,5.978
8/2/2018,6.198
8/3/2018,6.708
8/4/2018,6.478
8/5/2018,6.358
8/6/2018,6.188
8/7/2018,6.348
8/8/2018,6.028
8/9/2018,5.858
8/10/2018,5.778
8/11/2018,5.728
8/12/2018,5.678
8/13/2018,5.628
8/14/2018,5.608
8/15/2018,5.588
8/16/2018,5.658
8/17/2018,5.828
8/18/2018,6.018
8/19/2018,6.318
8/20/2018,6.288
8/21/2018,6.038
8/22/2018,6.158
8/23/2018,6.448
8/24/2018,6.688
8/25/2018,6.228
8/26/2018,5.948
8/27/2018,5.788
8/28/2018,5.718
8/29/2018,5.648
8/30/2018,5.668
8/31/2018,5.768
9/1/2018,5.668
9/2/2018,5.578
9/3/2018,5.538
9/4/2018,5.518
9/5/2018,5.848
9/6/2018,5.998
9/7/2018,5.928
9/8/2018,5.598
9/9/2018,5.418
9/10/2018,5.358
9/11/2018,5.348
9/12/2018,5.388
9/13/2018,5.878
9/14/2018,5.728
9/15/2018,5.478
9/16/2018,5.398
9/17/2018,5.358
9/18/2018,5.308
9/19/2018,5.268
9/20/2018,5.258
9/21/2018,5.238
9/22/2018,5.198
9/23/2018,5.158
9/24/2018,5.138
9/25/2018,5.208
9/26/2018,5.378
9/27/2018,5.528
9/28/2018,5.458
9/29/2018,5.418
9/30/2018,5.328
10/1/2018,5.248
10/2/2018,5.188
10/3/2018,5.128
10/4/2018,5.118
10/5/2018,5.098
10/6/2018,5.088
10/7/2018,5.148
10/8/2018,5.178
10/9/2018,5.168
10/10/2018,5.158
10/11/2018,5.088
10/12/2018,5.168
10/13/2018,5.298
10/14/2018,5.328
10/15/2018,5.298
10/16/2018,5.288
10/17/2018,5.268
10/18/2018,5.258
10/19/2018,5.248
10/20/2018,5.238
10/21/2018,5.218
10/22/2018,5.198
10/23/2018,5.178
10/24/2018,5.148
10/25/2018,5.128
10/26/2018,5.098
10/27/2018,5.078
10/28/2018,5.058
10/29/2018,5.028
10/30/2018,5.018
10/31/2018,5.018
11/1/2018,5.018
11/2/2018,5.008
11/3/2018,4.998
11/4/2018,4.988
11/5/2018,4.978
11/6/2018,4.978
11/7/2018,5.028
11/8/2018,5.068
11/9/2018,5.088
11/10/2018,5.078
11/11/2018,5.068
11/12/2018,5.058
11/13/2018,5.038
11/14/2018,5.028
11/15/2018,5.018
11/16/2018,5.008
11/17/2018,4.998
11/18/2018,4.988
11/19/2018,4.978
11/20/2018,4.968
11/21/2018,4.958
11/22/2018,4.948
11/23/2018,4.948
11/24/2018,4.938
11/25/2018,4.928
11/26/2018,4.928
11/27/2018,4.928
11/28/2018,4.918
11/29/2018,4.908
11/30/2018,4.898
12/1/2018,4.888
12/2/2018,4.888
12/3/2018,4.888
12/4/2018,4.888
12/5/2018,4.888
12/6/2018,4.888
12/7/2018,4.878
12/8/2018,4.878
12/9/2018,4.878
12/10/2018,4.878
12/11/2018,4.878
12/12/2018,4.878
12/13/2018,4.878
12/14/2018,4.878
12/15/2018,4.868
12/16/2018,4.868
12/17/2018,4.868
12/18/2018,4.868
12/19/2018,4.868
12/20/2018,4.858
12/21/2018,4.858
12/22/2018,4.858
12/23/2018,4.858
12/24/2018,4.858
12/25/2018,4.858
12/26/2018,4.848
12/27/2018,4.848
12/28/2018,4.848
12/29/2018,4.848
12/30/2018,4.848
12/31/2018,4.848
1/1/2019,4.848
1/2/2019,4.848
1/3/2019,4.848
1/4/2019,4.838
1/5/2019,4.838
1/6/2019,4.828
1/7/2019,4.828
1/8/2019,4.818
1/9/2019,4.808
1/10/2019,4.798
1/11/2019,4.788
1/12/2019,4.808
1/13/2019,4.838
1/14/2019,4.868
1/15/2019,4.888
1/16/2019,4.868
1/17/2019,4.848
1/18/2019,4.828
1/19/2019,4.818
1/20/2019,4.808
1/21/2019,4.798
1/22/2019,4.788
1/23/2019,4.788
1/24/2019,4.778
1/25/2019,4.778
1/26/2019,4.768
1/27/2019,4.768
1/28/2019,4.768
1/29/2019,4.758
1/30/2019,4.758
1/31/2019,4.718
2/1/2019,4.748
2/2/2019,4.748
2/3/2019,4.748
2/4/2019,4.748
2/5/2019,4.748
2/6/2019,4.748
2/7/2019,4.748
2/8/2019,4.748
2/9/2019,4.738
2/10/2019,4.738
2/11/2019,4.738
2/12/2019,4.738
2/13/2019,4.728
2/14/2019,4.728
2/15/2019,4.728
2/16/2019,4.718
2/17/2019,4.718
2/18/2019,4.718
2/19/2019,4.728
2/20/2019,4.738
2/21/2019,4.738
2/22/2019,4.748
2/23/2019,4.748
2/24/2019,4.758
2/25/2019,4.768
2/26/2019,4.798
2/27/2019,4.838
2/28/2019,4.898
3/1/2019,4.868
3/2/2019,4.798
3/3/2019,4.788
3/4/2019,4.778
3/5/2019,4.768
3/6/2019,4.808
3/7/2019,4.848
3/8/2019,4.818
3/9/2019,4.778
3/10/2019,4.748
3/11/2019,4.728
3/12/2019,4.728
3/13/2019,4.728
3/14/2019,4.728
3/15/2019,4.728
3/16/2019,4.728
3/17/2019,4.728
3/18/2019,4.748
3/19/2019,4.738
3/20/2019,4.728
3/21/2019,4.718
3/22/2019,4.708
3/23/2019,4.698
3/24/2019,4.698
3/25/2019,4.648
3/26/2019,4.648
3/27/2019,4.698
3/28/2019,4.838
3/29/2019,4.738
3/30/2019,4.708
3/31/2019,4.608
4/1/2019,4.618
4/2/2019,4.588
4/3/2019,4.858
4/4/2019,4.848
4/5/2019,4.908
4/6/2019,4.658
4/7/2019,4.758
4/8/2019,4.648
4/9/2019,5.098
4/10/2019,5.458
4/11/2019,5.348
4/12/2019,5.078
4/13/2019,4.858
4/14/2019,4.938
4/15/2019,4.738
4/16/2019,4.938
4/17/2019,4.878
4/18/2019,4.808
4/19/2019,4.778
4/20/2019,4.738
4/21/2019,4.718
4/22/2019,4.698
4/23/2019,4.738
4/24/2019,4.758
4/25/2019,4.748
4/26/2019,4.738
4/27/2019,4.728
4/28/2019,4.708
4/29/2019,4.688
4/30/2019,4.658
5/1/2019,4.638
5/2/2019,4.638
5/3/2019,4.668
5/4/2019,4.788
5/5/2019,5.508
5/6/2019,5.308
5/7/2019,5.028
5/8/2019,4.858
5/9/2019,4.708
5/10/2019,4.678
5/11/2019,4.658
5/12/2019,4.728
5/13/2019,4.738
5/14/2019,4.738
5/15/2019,4.728
5/16/2019,4.728
5/17/2019,4.718
5/18/2019,5.038
5/19/2019,4.958
5/20/2019,4.798
5/21/2019,4.738
5/22/2019,4.728
5/23/2019,4.718
5/24/2019,4.698
5/25/2019,4.968
5/26/2019,4.918
5/27/2019,4.858
5/28/2019,5.018
5/29/2019,4.888
5/30/2019,4.958
5/31/2019,4.928
6/1/2019,4.898
6/2/2019,4.908
6/3/2019,5.028
6/4/2019,5.228
6/5/2019,5.328
6/6/2019,5.468
6/7/2019,5.308
6/8/2019,5.078
6/9/2019,4.858
6/10/2019,4.978
6/11/2019,4.868
6/12/2019,4.778
6/13/2019,4.898
6/14/2019,5.448
6/15/2019,5.238
6/16/2019,5.478
6/17/2019,5.038
6/18/2019,4.758
6/19/2019,4.728
6/20/2019,4.658
6/21/2019,4.608
6/22/2019,4.528
6/23/2019,4.518
6/24/2019,4.518
6/25/2019,4.498
6/26/2019,4.618
6/27/2019,4.708
6/28/2019,4.778
6/29/2019,4.848
6/30/2019,5.068
7/1/2019,4.878
7/2/2019,4.858
7/3/2019,4.778
7/4/2019,4.758
7/5/2019,4.738
7/6/2019,4.728
7/7/2019,4.718
7/8/2019,4.888
7/9/2019,5.258
7/10/2019,7.108
7/11/2019,7.158
7/12/2019,7.228
7/13/2019,8.068
7/14/2019,8.948
7/15/2019,9.568
7/16/2019,9.658
7/17/2019,8.868
7/18/2019,7.788
7/19/2019,7.098
7/20/2019,7.268
7/21/2019,6.848
7/22/2019,6.498
7/23/2019,5.988
7/24/2019,5.688
7/25/2019,5.568
7/26/2019,5.528
7/27/2019,5.648
7/28/2019,5.558
7/29/2019,5.358
7/30/2019,5.148
7/31/2019,5.368
8/1/2019,6.078
8/2/2019,5.768
8/3/2019,5.348
8/4/2019,5.028
8/5/2019,4.818
8/6/2019,5.108
8/7/2019,5.348
8/8/2019,5.068
8/9/2019,5.318
8/10/2019,5.578
8/11/2019,5.218
8/12/2019,5.008
8/13/2019,5.308
8/14/2019,5.748
8/15/2019,6.008
8/16/2019,6.648
8/17/2019,6.578
8/18/2019,5.928
8/19/2019,5.668
8/20/2019,5.508
8/21/2019,5.338
8/22/2019,5.178
8/23/2019,5.278
8/24/2019,5.348
8/25/2019,5.258
8/26/2019,5.298
8/27/2019,5.198
8/28/2019,4.868
8/29/2019,4.748
8/30/2019,4.718
8/31/2019,4.898
9/1/2019,5.058
9/2/2019,5.578
9/3/2019,5.328
9/4/2019,5.138
9/5/2019,4.698
9/6/2019,4.538
9/7/2019,4.418
9/8/2019,4.358
9/9/2019,4.248
9/10/2019,4.428
9/11/2019,4.418
9/12/2019,4.588
9/13/2019,4.898
9/14/2019,4.558
9/15/2019,4.538
9/16/2019,4.418
9/17/2019,4.288
9/18/2019,4.238
9/19/2019,4.198
9/20/2019,4.168
9/21/2019,4.138
9/22/2019,4.128
9/23/2019,4.468
9/24/2019,4.728
9/25/2019,4.778
9/26/2019,4.698
9/27/2019,4.388
9/28/2019,4.328
9/29/2019,4.248
9/30/2019,4.228
10/1/2019,4.488
10/2/2019,4.438
10/3/2019,5.008
10/4/2019,4.618
10/5/2019,4.378
10/6/2019,4.538
10/7/2019,4.588
10/8/2019,4.928
10/9/2019,4.838
10/10/2019,4.658
10/11/2019,4.458
10/12/2019,4.408
10/13/2019,4.488
10/14/2019,4.458
10/15/2019,4.428
10/16/2019,4.398
10/17/2019,4.198
10/18/2019,4.168
10/19/2019,4.158
10/20/2019,4.098
10/21/2019,4.078
10/22/2019,4.058
10/23/2019,4.058
10/24/2019,4.008
10/25/2019,3.988
10/26/2019,3.958
10/27/2019,4.018
10/28/2019,4.228
10/29/2019,4.068
10/30/2019,4.028
10/31/2019,3.978
11/1/2019,3.948
11/2/2019,3.938
11/3/2019,3.918
11/4/2019,3.908
11/5/2019,3.908
11/6/2019,3.898
11/7/2019,3.898
11/8/2019,3.888
11/9/2019,3.888
11/10/2019,3.998
11/11/2019,4.278
11/12/2019,4.708
11/13/2019,4.478
11/14/2019,4.298
11/15/2019,4.258
11/16/2019,4.228
11/17/2019,3.998
11/18/2019,3.978
11/19/2019,3.968
11/20/2019,3.958
11/21/2019,3.948
11/22/2019,3.938
11/23/2019,3.938
11/24/2019,3.928
11/25/2019,3.918
11/26/2019,3.918
11/27/2019,3.908
11/28/2019,3.908
11/29/2019,3.908
11/30/2019,3.898
12/1/2019,3.888
12/2/2019,3.888
12/3/2019,3.888
12/4/2019,3.888
12/5/2019,3.878
12/6/2019,3.888
12/7/2019,3.898
12/8/2019,3.918
12/9/2019,3.928
12/10/2019,3.948
12/11/2019,3.928
12/12/2019,3.908
12/13/2019,3.878
12/14/2019,3.858
12/15/2019,3.838
12/16/2019,3.818
12/17/2019,3.808
12/18/2019,3.828
12/19/2019,3.848
12/20/2019,3.868
12/21/2019,3.848
12/22/2019,3.828
12/23/2019,3.808
12/24/2019,3.798
12/25/2019,3.798
12/26/2019,3.798
12/27/2019,3.798
12/28/2019,3.798
12/29/2019,3.808
12/30/2019,3.818
12/31/2019,3.828
1/1/2020,3.838
1/2/2020,3.878
1/3/2020,3.988
1/4/2020,4.238
1/5/2020,4.088
1/6/2020,3.958
1/7/2020,3.908
1/8/2020,3.898
1/9/2020,3.888
1/10/2020,3.888
1/11/2020,3.898
1/12/2020,3.918
1/13/2020,3.908
1/14/2020,3.888
1/15/2020,3.888
1/16/2020,3.888
1/17/2020,3.878
1/18/2020,3.878
1/19/2020,3.878
1/20/2020,3.878
1/21/2020,3.868
1/22/2020,3.868
1/23/2020,3.858
1/24/2020,3.848
1/25/2020,3.838
1/26/2020,3.828
1/27/2020,3.818
1/28/2020,3.798
1/29/2020,3.798
1/30/2020,3.808
1/31/2020,3.848
2/1/2020,3.888
2/2/2020,3.848
2/3/2020,3.808
2/4/2020,3.818
2/5/2020,3.838
2/6/2020,3.838
2/7/2020,3.828
2/8/2020,3.818
2/9/2020,3.798
2/10/2020,3.768
2/11/2020,3.758
2/12/2020,3.758
2/13/2020,3.748
2/14/2020,3.748
2/15/2020,3.738
2/16/2020,3.728
2/17/2020,3.728
2/18/2020,3.738
2/19/2020,3.748
2/20/2020,3.768
2/21/2020,3.778
2/22/2020,3.768
2/23/2020,3.758
2/24/2020,3.748
2/25/2020,3.738
2/26/2020,3.738
2/27/2020,3.738
2/28/2020,3.738
2/29/2020,3.728
3/1/2020,3.728
3/2/2020,3.728
3/3/2020,3.728
3/4/2020,3.728
3/5/2020,3.718
3/6/2020,3.718
3/7/2020,3.718
3/8/2020,3.718
3/9/2020,3.718
3/10/2020,3.718
3/11/2020,3.728
3/12/2020,3.768
3/13/2020,3.768
3/14/2020,3.748
3/15/2020,3.738
3/16/2020,3.738
3/17/2020,3.738
3/18/2020,3.738
3/19/2020,3.728
3/20/2020,3.728
3/21/2020,3.728
3/22/2020,3.728
3/23/2020,3.728
3/24/2020,3.728
3/25/2020,3.728
3/26/2020,3.728
3/27/2020,3.718
3/28/2020,3.718
3/29/2020,3.698
3/30/2020,3.688
3/31/2020,3.678
4/1/2020,3.668
4/2/2020,3.658
4/3/2020,3.648
4/4/2020,3.648
4/5/2020,3.638
4/6/2020,3.638
4/7/2020,3.628
4/8/2020,3.618
4/9/2020,3.618
4/10/2020,3.618
4/11/2020,3.608
4/12/2020,3.608
4/13/2020,3.608
4/14/2020,3.608
4/15/2020,3.598
4/16/2020,3.598
4/17/2020,3.598
4/18/2020,3.588
4/19/2020,3.588
4/20/2020,3.638
4/21/2020,3.678
4/22/2020,3.688
4/23/2020,3.708
4/24/2020,3.738
4/25/2020,3.858
4/26/2020,4.028
4/27/2020,3.898
4/28/2020,3.868
4/29/2020,3.808
4/30/2020,3.778
5/1/2020,3.758
5/2/2020,3.728
5/3/2020,3.758
5/4/2020,3.788
5/5/2020,4.048
5/6/2020,4.018
5/7/2020,3.938
5/8/2020,3.988
5/9/2020,3.898
5/10/2020,3.808
5/11/2020,3.748
5/12/2020,3.738
5/13/2020,3.688
5/14/2020,3.668
5/15/2020,3.658
5/16/2020,3.658
5/17/2020,3.648
5/18/2020,3.818
5/19/2020,3.648
5/20/2020,3.638
5/21/2020,4.258
5/22/2020,4.108
5/23/2020,4.038
5/24/2020,4.358
5/25/2020,4.478
5/26/2020,4.168
5/27/2020,3.718
5/28/2020,5.178
5/29/2020,6.128
5/30/2020,4.968
5/31/2020,4.708
6/1/2020,4.668
6/2/2020,4.298
6/3/2020,4.198
6/4/2020,4.908
6/5/2020,5.788
6/6/2020,5.948
6/7/2020,5.288
6/8/2020,5.068
6/9/2020,5.118
6/10/2020,4.758
6/11/2020,6.758
6/12/2020,6.288
6/13/2020,4.908
6/14/2020,5.848
6/15/2020,5.418
6/16/2020,4.868
6/17/2020,4.758
6/18/2020,5.298
6/19/2020,6.888
6/20/2020,6.268
6/21/2020,5.388
6/22/2020,4.928
6/23/2020,4.648
6/24/2020,4.808
6/25/2020,4.408
6/26/2020,4.298
6/27/2020,4.208
6/28/2020,4.458
6/29/2020,6.308
6/30/2020,5.508
7/1/2020,4.938
7/2/2020,4.558
7/3/2020,4.698
7/4/2020,4.568
7/5/2020,4.928
7/6/2020,5.078
7/7/2020,4.508
7/8/2020,4.288
7/9/2020,4.148
7/10/2020,4.308
7/11/2020,4.258
7/12/2020,4.928
7/13/2020,8.058
7/14/2020,8.048
7/15/2020,6.538
7/16/2020,5.748
7/17/2020,5.198
7/18/2020,4.768
7/19/2020,4.768
7/20/2020,4.748
7/21/2020,5.398
7/22/2020,7.688
7/23/2020,7.808
7/24/2020,6.748
7/25/2020,6.508
7/26/2020,5.908
7/27/2020,5.588
7/28/2020,5.278
7/29/2020,5.168
7/30/2020,6.138
7/31/2020,5.368
8/1/2020,5.058
8/2/2020,4.898
8/3/2020,4.858
8/4/2020,4.778
8/5/2020,4.608
8/6/2020,4.418
8/7/2020,4.288
8/8/2020,4.138
8/9/2020,4.068
8/10/2020,3.968
8/11/2020,3.908
8/12/2020,3.758
8/13/2020,3.868
8/14/2020,3.718
8/15/2020,3.658
8/16/2020,4.178
8/17/2020,4.148
8/18/2020,4.758
8/19/2020,4.248
8/20/2020,4.088
8/21/2020,3.988
8/22/2020,4.018
8/23/2020,4.018
8/24/2020,3.858
8/25/2020,4.188
8/26/2020,5.208
8/27/2020,4.488
8/28/2020,4.128
8/29/2020,4.158
8/30/2020,4.618
8/31/2020,4.698
9/1/2020,4.788
9/2/2020,4.898
9/3/2020,4.398
9/4/2020,4.138
9/5/2020,4.008
9/6/2020,4.088
9/7/2020,4.008
9/8/2020,3.998
9/9/2020,3.978
9/10/2020,4.398
9/11/2020,6.188
9/12/2020,5.268
9/13/2020,4.648
9/14/2020,4.168
9/15/2020,4.428
9/16/2020,4.508
9/17/2020,4.388
9/18/2020,4.528
9/19/2020,4.458
9/20/2020,4.338
9/21/2020,4.608
9/22/2020,5.178
9/23/2020,5.148
9/24/2020,5.308
9/25/2020,5.708
9/26/2020,6.888
9/27/2020,6.288
9/28/2020,6.048
9/29/2020,5.888
9/30/2020,5.058
10/1/2020,4.888
10/2/2020,5.038
10/3/2020,5.048
10/4/2020,4.838
10/5/2020,4.688
10/6/2020,4.878
10/7/2020,5.108
10/8/2020,4.158
10/9/2020,4.588
10/10/2020,4.478
10/11/2020,4.398
10/12/2020,4.358
10/13/2020,4.238
10/14/2020,4.378
10/15/2020,5.058
10/16/2020,4.548
10/17/2020,4.308
10/18/2020,4.338
10/19/2020,8.328
10/20/2020,7.328
10/21/2020,6.628
10/22/2020,6.228
10/23/2020,6.368
10/24/2020,8.008
10/25/2020,7.568
10/26/2020,6.718
10/27/2020,6.018
10/28/2020,5.398
10/29/2020,5.058
10/30/2020,4.748
10/31/2020,4.558
11/1/2020,4.998
11/2/2020,4.978
11/3/2020,4.638
11/4/2020,4.958
11/5/2020,4.728
11/6/2020,4.778
11/7/2020,4.748
11/8/2020,4.738
11/9/2020,4.718
11/10/2020,4.698
11/11/2020,4.778
11/12/2020,4.908
11/13/2020,4.878
11/14/2020,4.858
11/15/2020,4.818
11/16/2020,4.788
11/17/2020,4.768
11/18/2020,4.758
11/19/2020,4.738
11/20/2020,4.738
11/21/2020,4.718
11/22/2020,4.708
11/23/2020,4.698
11/24/2020,4.688
11/25/2020,4.728
11/26/2020,4.818
11/27/2020,4.788
11/28/2020,4.778
11/29/2020,4.808
11/30/2020,4.828
12/1/2020,3.818
12/2/2020,3.808
12/3/2020,3.798
12/4/2020,3.798
12/5/2020,3.788
12/6/2020,3.778
12/7/2020,3.778
12/8/2020,3.768
12/9/2020,3.758
12/10/2020,3.758
12/11/2020,3.758
12/12/2020,3.758
12/13/2020,3.758
12/14/2020,3.748
12/15/2020,3.748
12/16/2020,3.748
12/17/2020,3.748
12/18/2020,3.748
12/19/2020,3.738
12/20/2020,3.738
12/21/2020,3.738
12/22/2020,3.728
12/23/2020,3.728
12/24/2020,3.718
12/25/2020,3.718
12/26/2020,3.718
12/27/2020,3.708
12/28/2020,3.698
12/29/2020,3.698
12/30/2020,3.688
12/31/2020,3.688
1/1/2021,3.678
1/2/2021,3.678
1/3/2021,3.678
1/4/2021,3.698
1/5/2021,3.688
1/6/2021,3.678
1/7/2021,3.678
1/8/2021,3.668
1/9/2021,3.668
1/10/2021,3.658
1/11/2021,3.638
1/12/2021,4.63
1/13/2021,4.61
1/14/2021,4.61
1/15/2021,4.62
1/16/2021,4.66
1/17/2021,4.63
1/18/2021,4.63
1/19/2021,4.63
1/20/2021,4.62
1/21/2021,4.65
1/22/2021,4.64
1/23/2021,4.63
1/24/2021,4.63
1/25/2021,4.66
1/26/2021,4.64
1/27/2021,4.63
1/28/2021,4.61
1/29/2021,4.6
1/30/2021,4.6
1/31/2021,4.6
2/1/2021,4.6
2/2/2021,4.59
2/3/2021,4.59
2/4/2021,4.59
2/5/2021,4.59
2/6/2021,4.58
2/7/2021,4.58
2/8/2021,4.57
2/9/2021,4.57
2/10/2021,4.57
2/11/2021,4.56
2/12/2021,4.56
2/13/2021,4.56
2/14/2021,4.56
2/15/2021,4.56
2/16/2021,4.56
2/17/2021,4.55
2/18/2021,4.57
2/19/2021,4.55
2/20/2021,4.55
2/21/2021,4.55
2/22/2021,4.55
2/23/2021,4.55
2/24/2021,4.54
2/25/2021,4.54
2/26/2021,4.53
2/27/2021,4.53
2/28/2021,4.53
3/1/2021,4.52
3/2/2021,4.52
3/3/2021,4.52
3/4/2021,4.51
3/5/2021,4.51
3/6/2021,4.51
3/7/2021,4.54
3/8/2021,4.53
3/9/2021,4.66
3/10/2021,4.63
3/11/2021,4.58
3/12/2021,4.55
3/13/2021,4.54
3/14/2021,4.56
3/15/2021,4.55
3/16/2021,4.53
3/17/2021,4.51
3/18/2021,4.51
3/19/2021,4.52
3/20/2021,4.51
3/21/2021,4.51
3/22/2021,4.5
3/23/2021,4.5
3/24/2021,4.49
3/25/2021,4.48
3/26/2021,4.48
3/27/2021,4.47
3/28/2021,4.5
3/29/2021,4.49
3/30/2021,4.48
3/31/2021,4.5
4/1/2021,4.53
4/2/2021,4.5
4/3/2021,4.52
4/4/2021,4.48
4/5/2021,4.48
4/6/2021,4.47
4/7/2021,4.47
4/8/2021,4.45
4/9/2021,4.45
4/10/2021,4.45
4/11/2021,4.48
4/12/2021,4.44
4/13/2021,4.43
4/14/2021,4.47
4/15/2021,4.49
4/16/2021,4.47
4/17/2021,4.46
4/18/2021,4.49
4/19/2021,4.5
4/20/2021,4.48
4/21/2021,4.46
4/22/2021,4.44
4/23/2021,4.41
4/24/2021,4.41
4/25/2021,4.43
4/26/2021,4.41
4/27/2021,4.43
4/28/2021,4.41
4/29/2021,4.46
4/30/2021,4.42
5/1/2021,4.41
5/2/2021,4.49
5/3/2021,4.63
5/4/2021,4.52
5/5/2021,4.48
5/6/2021,4.43
5/7/2021,4.41
5/8/2021,4.46
5/9/2021,4.52
5/10/2021,4.49
5/11/2021,4.65
5/12/2021,4.51
5/13/2021,4.6
5/14/2021,4.54
5/15/2021,4.51
5/16/2021,4.6
5/17/2021,4.78
5/18/2021,4.78
5/19/2021,4.62
5/20/2021,4.54
5/21/2021,4.51
5/22/2021,4.5
5/23/2021,4.49
5/24/2021,4.47
5/25/2021,4.6
5/26/2021,4.87
5/27/2021,4.87
5/28/2021,4.6
5/29/2021,4.51
5/30/2021,4.5
5/31/2021,4.52
6/1/2021,4.55
6/2/2021,4.65
6/3/2021,4.64
6/4/2021,4.61
6/5/2021,4.73
6/6/2021,4.86
6/7/2021,6.16
6/8/2021,5.42
6/9/2021,4.91
6/10/2021,4.82
6/11/2021,5.51
6/12/2021,5.08
6/13/2021,4.86
6/14/2021,4.91
6/15/2021,4.85
6/16/2021,4.75
6/17/2021,4.68
6/18/2021,4.66
6/19/2021,4.75
6/20/2021,5.02
6/21/2021,5.08
6/22/2021,5.15
6/23/2021,5.01
6/24/2021,4.82
6/25/2021,4.74
6/26/2021,4.72
6/27/2021,4.7
6/28/2021,4.68
6/29/2021,4.77
6/30/2021,5.31
7/1/2021,8.26
7/2/2021,8.9
7/3/2021,8.09
7/4/2021,7.46
7/5/2021,7.41
7/6/2021,7.03
7/7/2021,6.59
7/8/2021,7.99
7/9/2021,7.4
7/10/2021,6.79
7/11/2021,6.39
7/12/2021,6.32
7/13/2021,7.22
7/14/2021,6.62
7/15/2021,6.07
7/16/2021,5.75
7/17/2021,5.93
7/18/2021,6.09
7/19/2021,6.08
7/20/2021,6.15
7/21/2021,6.27
7/22/2021,5.9
7/23/2021,6.04
7/24/2021,6.03
7/25/2021,5.82
7/26/2021,5.68
7/27/2021,5.5
7/28/2021,5.36
7/29/2021,5.29
7/30/2021,5.62
7/31/2021,5.67
8/1/2021,5.88
8/2/2021,5.8
8/3/2021,5.51
8/4/2021,5.5
8/5/2021,5.31
8/6/2021,5.25
8/7/2021,5.45
8/8/2021,6.59
8/9/2021,5.99
8/10/2021,5.85
8/11/2021,5.87
8/12/2021,5.79
8/13/2021,5.79
8/14/2021,6.15
8/15/2021,7.11
8/16/2021,6.46
8/17/2021,6.18
8/18/2021,5.87
8/19/2021,5.68
8/20/2021,5.72
8/21/2021,5.49
8/22/2021,5.44
8/23/2021,5.49
8/24/2021,5.35
8/25/2021,5.81
8/26/2021,6.8
8/27/2021,6.63
8/28/2021,6.07
8/29/2021,5.55
8/30/2021,5.44
8/31/2021,6.03
9/1/2021,5.74
9/2/2021,5.71
9/3/2021,5.55
9/4/2021,5.37
9/5/2021,5.65
9/6/2021,8.06
9/7/2021,8.25
9/8/2021,7.33
9/9/2021,6.49
9/10/2021,6.67
9/11/2021,6.3
9/12/2021,6.37
9/13/2021,6.07
9/14/2021,5.66
9/15/2021,5.49
9/16/2021,5.85
9/17/2021,6.81
9/18/2021,6.09
9/19/2021,5.89
9/20/2021,5.77
9/21/2021,5.59
9/22/2021,5.48
9/23/2021,5.36
9/24/2021,5.17
9/25/2021,5.11
9/26/2021,5.36
9/27/2021,5.37
9/28/2021,5.49
9/29/2021,5.35
9/30/2021,5.27
10/1/2021,5.18
10/2/2021,5.07
10/3/2021,5.02
10/4/2021,5.1
10/5/2021,5.04
10/6/2021,5.55
10/7/2021,5.32
10/8/2021,5.04
10/9/2021,4.8
10/10/2021,5.09
10/11/2021,4.95
10/12/2021,4.9
10/13/2021,4.92
10/14/2021,4.96
10/15/2021,4.94
10/16/2021,4.93
10/17/2021,4.92
10/18/2021,5.11
10/19/2021,5.38
10/20/2021,5.31
10/21/2021,5.28
10/22/2021,5.32
10/23/2021,5.18
10/24/2021,5.02
10/25/2021,4.97
10/26/2021,4.86
10/27/2021,4.83
10/28/2021,4.89
10/29/2021,4.88
10/30/2021,4.82
10/31/2021,4.78
11/1/2021,4.76
11/2/2021,4.74
11/3/2021,4.73
11/4/2021,4.73
11/5/2021,4.72
11/6/2021,4.72
11/7/2021,4.71
11/8/2021,4.71
11/9/2021,4.7
11/10/2021,4.69
11/11/2021,4.69
11/12/2021,4.7
11/13/2021,4.7
11/14/2021,4.69
11/15/2021,4.71
11/16/2021,4.87
11/17/2021,5.01
11/18/2021,4.84
11/19/2021,4.78
11/20/2021,4.73
11/21/2021,4.71
11/22/2021,4.7
11/23/2021,4.69
11/24/2021,4.69
11/25/2021,4.69
11/26/2021,4.68
11/27/2021,4.68
11/28/2021,4.67
11/29/2021,4.66
11/30/2021,4.66
12/1/2021,4.65
12/2/2021,4.64
12/3/2021,4.63
12/4/2021,4.62
12/5/2021,4.61
12/6/2021,4.69
12/7/2021,6.75
12/8/2021,7.26
12/9/2021,6.48
12/10/2021,6.02
12/11/2021,5.47
12/12/2021,5.19
12/13/2021,5.09
12/14/2021,5.02
12/15/2021,4.94
12/16/2021,4.88
12/17/2021,4.83
12/18/2021,4.81
12/19/2021,4.75
12/20/2021,4.73
12/21/2021,4.71
12/22/2021,4.7
12/23/2021,4.7
12/24/2021,4.7
12/25/2021,4.69
12/26/2021,4.69
12/27/2021,4.69
12/28/2021,4.69
12/29/2021,4.68
12/30/2021,4.68
12/31/2021,4.67
1/1/2022,4.67
1/2/2022,4.66
1/3/2022,4.65
1/4/2022,4.64
1/5/2022,4.64
1/6/2022,4.63
1/7/2022,4.63
1/8/2022,4.63
1/9/2022,4.63
1/10/2022,4.62
1/11/2022,4.6
1/12/2022,4.59
1/13/2022,4.59
1/14/2022,4.59
1/15/2022,4.59
1/16/2022,4.59
1/17/2022,4.59
1/18/2022,4.58
1/19/2022,4.58
1/20/2022,4.57
1/21/2022,4.57
1/22/2022,4.56
1/23/2022,4.56
1/24/2022,4.53
1/25/2022,4.5
1/26/2022,4.48
1/27/2022,4.56
1/28/2022,4.58
1/29/2022,4.58
1/30/2022,4.57
1/31/2022,4.57
2/1/2022,4.57
2/2/2022,4.57
2/3/2022,4.56
2/4/2022,4.56
2/5/2022,4.56
2/6/2022,4.56
2/7/2022,4.54
2/8/2022,4.53
2/9/2022,4.53
2/10/2022,4.56
2/11/2022,4.56
2/12/2022,4.55
2/13/2022,4.54
2/14/2022,4.53
2/15/2022,4.53
2/16/2022,4.52
2/17/2022,4.52
2/18/2022,4.52
2/19/2022,4.52
2/20/2022,4.51
2/21/2022,4.51
2/22/2022,4.53
2/23/2022,4.51
2/24/2022,4.5
2/25/2022,4.5
2/26/2022,4.49
2/27/2022,4.49
2/28/2022,4.48
3/1/2022,4.48
3/2/2022,4.48
3/3/2022,4.47
3/4/2022,4.46
3/5/2022,4.45
3/6/2022,4.45
3/7/2022,4.47
3/8/2022,4.47
3/9/2022,4.46
3/10/2022,4.45
3/11/2022,4.44
3/12/2022,4.44
3/13/2022,4.44
3/14/2022,4.44
3/15/2022,4.43
3/16/2022,4.42
3/17/2022,4.41
3/18/2022,4.4
3/19/2022,4.4
3/20/2022,4.4
3/21/2022,4.4
3/22/2022,4.41
3/23/2022,4.4
3/24/2022,4.4
3/25/2022,4.4
3/26/2022,4.41
3/27/2022,4.41
3/28/2022,4.43
3/29/2022,4.43
3/30/2022,4.45
3/31/2022,4.45
4/1/2022,4.44
4/2/2022,4.43
4/3/2022,4.43
4/4/2022,4.43
4/5/2022,4.44
4/6/2022,4.42
4/7/2022,4.41
4/8/2022,4.38
4/9/2022,4.38
4/10/2022,4.39
4/11/2022,4.43
4/12/2022,4.4
4/13/2022,4.37
4/14/2022,4.37
4/15/2022,4.36
4/16/2022,4.36
4/17/2022,4.38
4/18/2022,4.35
4/19/2022,4.37
4/20/2022,4.4
4/21/2022,4.93
4/22/2022,4.77
4/23/2022,4.6
4/24/2022,4.6
4/25/2022,4.53
4/26/2022,4.5
4/27/2022,4.39
4/28/2022,4.37
4/29/2022,4.37
4/30/2022,4.38
5/1/2022,4.47
5/2/2022,4.53
5/3/2022,4.5
5/4/2022,4.57
5/5/2022,5.23
5/6/2022,4.85
5/7/2022,4.7
5/8/2022,4.67
5/9/2022,4.5
5/10/2022,4.43
5/11/2022,4.57
5/12/2022,4.68
5/13/2022,4.8
5/14/2022,4.77
5/15/2022,4.93
5/16/2022,4.73
5/17/2022,4.59
5/18/2022,4.65
5/19/2022,4.84
5/20/2022,4.77
5/21/2022,5.81
5/22/2022,6.08
5/23/2022,5.67
5/24/2022,4.97
5/25/2022,4.8
5/26/2022,5.32
5/27/2022,5.26
5/28/2022,5.11
5/29/2022,4.93
5/30/2022,4.97
5/31/2022,4.96
6/1/2022,4.79
6/2/2022,4.71
6/3/2022,4.72
6/4/2022,4.7
6/5/2022,5.21
6/6/2022,5.32
6/7/2022,4.93
6/8/2022,4.78
6/9/2022,4.93
6/10/2022,4.93
6/11/2022,4.99
6/12/2022,5.11
6/13/2022,4.75
6/14/2022,4.92
6/15/2022,4.85
6/16/2022,5.13
6/17/2022,5.89
6/18/2022,7.02
6/19/2022,7.63
6/20/2022,9.55
6/21/2022,10.51
6/22/2022,9.73
6/23/2022,8.77
6/24/2022,7.79
6/25/2022,7.19
6/26/2022,6.54
6/27/2022,6.02
6/28/2022,5.6
6/29/2022,5.41
6/30/2022,5.55
7/1/2022,5.77
7/2/2022,5.6
7/3/2022,5.34
7/4/2022,5.19
7/5/2022,5.08
7/6/2022,5.02
7/7/2022,5.33
7/8/2022,5.15
7/9/2022,4.93
7/10/2022,4.78
7/11/2022,4.95
7/12/2022,4.84
7/13/2022,4.82
7/14/2022,4.8
7/15/2022,4.64
7/16/2022,4.67
7/17/2022,4.63
7/18/2022,4.71
7/19/2022,4.67
7/20/2022,4.64
7/21/2022,4.79
7/22/2022,4.85
7/23/2022,4.79
7/24/2022,4.76
7/25/2022,4.81
7/26/2022,4.88
7/27/2022,6.23
7/28/2022,5.55
7/29/2022,4.95
7/30/2022,5.2
7/31/2022,5.04
8/1/2022,4.9
8/2/2022,4.99
8/3/2022,5.26
8/4/2022,5.22
8/5/2022,4.98
8/6/2022,4.92
8/7/2022,5.08
8/8/2022,5.05
8/9/2022,5.3
8/10/2022,4.94
8/11/2022,4.8
8/12/2022,4.72
8/13/2022,4.7
8/14/2022,5.23
8/15/2022,5.07
8/16/2022,4.75
8/17/2022,4.78
8/18/2022,4.85
8/19/2022,4.8
8/20/2022,5.12
8/21/2022,4.88
8/22/2022,4.78
8/23/2022,4.81
8/24/2022,5.64
8/25/2022,5.23
8/26/2022,5.05
8/27/2022,4.91
8/28/2022,5.25
8/29/2022,4.87
8/30/2022,4.73
8/31/2022,4.64
9/1/2022,4.6
9/2/2022,4.61
9/3/2022,4.61
9/4/2022,5.1
9/5/2022,5.78
9/6/2022,5.78
9/7/2022,5.1
9/8/2022,5.42
9/9/2022,5.36
9/10/2022,5.41
9/11/2022,5.34
9/12/2022,5.21
9/13/2022,5.15
9/14/2022,5.45
9/15/2022,5.64
9/16/2022,5.57
9/17/2022,5.25
9/18/2022,5.14
9/19/2022,5.29
9/20/2022,5.44
9/21/2022,5.05
9/22/2022,4.96
9/23/2022,4.85
9/24/2022,4.78
9/25/2022,5.13
9/26/2022,4.94
9/27/2022,4.99
9/28/2022,5.62
9/29/2022,5.15
9/30/2022,5.01
10/1/2022,4.93
10/2/2022,5.2
10/3/2022,6.73
10/4/2022,6.34
10/5/2022,6.53
10/6/2022,6.72
10/7/2022,5.88
10/8/2022,5.44
10/9/2022,5.26
10/10/2022,5.19
10/11/2022,5.46
10/12/2022,5.12
10/13/2022,5.04
10/14/2022,5.13
10/15/2022,5.04
10/16/2022,4.9
10/17/2022,4.69
10/18/2022,4.66
10/19/2022,4.74
10/20/2022,4.65
10/21/2022,4.6
10/22/2022,4.55
10/23/2022,4.58
10/24/2022,4.6
10/25/2022,5.4
10/26/2022,5.47
10/27/2022,4.95
10/28/2022,4.83
10/29/2022,4.76
10/30/2022,4.77
10/31/2022,4.68
11/1/2022,4.59
11/2/2022,4.53
11/3/2022,4.52
11/4/2022,4.5
11/5/2022,4.5
11/6/2022,4.5
11/7/2022,4.49
11/8/2022,4.48
11/9/2022,4.49
11/10/2022,4.68
11/11/2022,4.67
11/12/2022,4.67
11/13/2022,4.67
11/14/2022,4.67
11/15/2022,4.66
11/16/2022,4.66
11/17/2022,4.66
11/18/2022,4.66
11/19/2022,4.65
11/20/2022,4.65
11/21/2022,4.65
11/22/2022,4.64
11/23/2022,4.64
11/24/2022,4.63
11/25/2022,4.62
11/26/2022,4.62
11/27/2022,4.62
11/28/2022,4.61
11/29/2022,4.61
11/30/2022,4.83
12/1/2022,4.67
12/2/2022,4.65
12/3/2022,4.65
12/4/2022,4.63
12/5/2022,4.62
12/6/2022,4.61
12/7/2022,4.68
12/8/2022,4.6
12/9/2022,4.6
12/10/2022,4.6
12/11/2022,4.6
12/12/2022,4.59
12/13/2022,4.59
12/14/2022,4.59
12/15/2022,4.71
12/16/2022,4.67
12/17/2022,4.65
12/18/2022,4.63
12/19/2022,4.62
12/20/2022,4.59
12/21/2022,4.58
12/22/2022,4.58
12/23/2022,4.58
12/24/2022,4.6
12/25/2022,4.58
12/26/2022,4.57
12/27/2022,4.56
12/28/2022,4.58
12/29/2022,4.67
12/30/2022,4.61
12/31/2022,4.59
1/1/2023,4.53
1/2/2023,4.61
1/3/2023,4.6
1/4/2023,4.58
1/5/2023,4.53
1/6/2023,4.53
1/7/2023,4.53
1/8/2023,4.52
1/9/2023,4.52
1/10/2023,4.54
1/11/2023,4.52
1/12/2023,4.47
1/13/2023,4.46
1/14/2023,4.44
1/15/2023,4.46
1/16/2023,4.45
1/17/2023,4.45
1/18/2023,4.46
1/19/2023,4.47
1/20/2023,4.45
1/21/2023,4.52
1/22/2023,4.48
1/23/2023,4.45
1/24/2023,4.49
1/25/2023,4.46
1/26/2023,4.45
1/27/2023,4.46
1/28/2023,4.48
1/29/2023,4.48
1/30/2023,4.47
1/31/2023,4.47
2/1/2023,4.46
2/2/2023,4.46
2/3/2023,4.44
2/4/2023,4.43
2/5/2023,4.44
2/6/2023,4.45
2/7/2023,4.45
2/8/2023,4.47
2/9/2023,4.44
2/10/2023,4.43
2/11/2023,4.46
2/12/2023,4.42
2/13/2023,4.42
2/14/2023,4.43
2/15/2023,4.43
2/16/2023,4.43
2/17/2023,4.42
2/18/2023,4.42
2/19/2023,4.42
2/20/2023,4.42
2/21/2023,4.42
2/22/2023,4.43
2/23/2023,4.46
2/24/2023,4.45
2/25/2023,4.43
2/26/2023,4.42
2/27/2023,4.42
2/28/2023,4.39
3/1/2023,4.38
3/2/2023,4.38
3/3/2023,4.38
3/4/2023,4.38
3/5/2023,4.4
3/6/2023,4.41
3/7/2023,4.39
3/8/2023,4.37
3/9/2023,4.36
3/10/2023,4.36
3/11/2023,4.38
3/12/2023,4.36
3/13/2023,4.37
3/14/2023,4.37
3/15/2023,4.38
3/16/2023,4.39
3/17/2023,4.41
3/18/2023,4.4
3/19/2023,4.37
3/20/2023,4.45
3/21/2023,4.47
3/22/2023,4.47
3/23/2023,4.51
3/24/2023,4.49
3/25/2023,4.46
3/26/2023,4.43
3/27/2023,4.4
3/28/2023,4.4
3/29/2023,4.42
3/30/2023,4.43
3/31/2023,4.52
4/1/2023,4.52
4/2/2023,4.6
4/3/2023,4.55
4/4/2023,4.83
4/5/2023,4.59
4/6/2023,4.57
4/7/2023,4.55
4/8/2023,4.54
4/9/2023,4.58
4/10/2023,4.44
4/11/2023,4.37
4/12/2023,4.36
4/13/2023,4.36
4/14/2023,4.36
4/15/2023,4.35
4/16/2023,4.37
4/17/2023,4.38
4/18/2023,4.33
4/19/2023,4.37
4/20/2023,4.39
4/21/2023,4.33
4/22/2023,4.42
4/23/2023,4.45
4/24/2023,4.46
4/25/2023,4.38
4/26/2023,4.35
4/27/2023,4.34
4/28/2023,4.33
4/29/2023,4.41
4/30/2023,4.39
5/1/2023,4.37
5/2/2023,4.3
5/3/2023,4.27
5/4/2023,4.27
5/5/2023,4.31
5/6/2023,4.35
5/7/2023,4.4
5/8/2023,4.32
5/9/2023,4.31
5/10/2023,4.31
5/11/2023,4.34
5/12/2023,4.38
5/13/2023,4.68
5/14/2023,4.43
5/15/2023,4.35
5/16/2023,4.33
5/17/2023,4.33
5/18/2023,4.36
5/19/2023,4.41
5/20/2023,4.41
5/21/2023,4.37
5/22/2023,4.37
5/23/2023,4.35
5/24/2023,4.45
5/25/2023,4.62
5/26/2023,4.44
5/27/2023,4.37
5/28/2023,4.37
5/29/2023,4.36
5/30/2023,4.37
5/31/2023,4.33
6/1/2023,4.31
6/2/2023,4.33
6/3/2023,4.32
6/4/2023,4.3
6/5/2023,4.33
6/6/2023,4.32
6/7/2023,4.3
6/8/2023,4.3
6/9/2023,4.36
6/10/2023,4.64
6/11/2023,4.52
6/12/2023,4.61
6/13/2023,4.56
6/14/2023,4.63
6/15/2023,4.54
6/16/2023,4.49
6/17/2023,5.47
6/18/2023,5.52
6/19/2023,5.11
6/20/2023,5.83
6/21/2023,5.21
6/22/2023,4.84
6/23/2023,4.61
6/24/2023,4.52
6/25/2023,4.46
6/26/2023,4.54
6/27/2023,4.6
6/28/2023,4.52
6/29/2023,4.58
6/30/2023,4.55
7/1/2023,5.33
7/2/2023,5.81
7/3/2023,5.54
7/4/2023,5.05
7/5/2023,4.83
7/6/2023,6.31
7/7/2023,5.4
7/8/2023,4.93
7/9/2023,4.8
7/10/2023,4.77
7/11/2023,4.83
7/12/2023,4.69
7/13/2023,4.61
7/14/2023,4.57
7/15/2023,4.56
7/16/2023,4.55
7/17/2023,4.53
7/18/2023,4.53
7/19/2023,4.94
7/20/2023,4.72
7/21/2023,4.6
7/22/2023,4.45
7/23/2023,4.54
7/24/2023,4.57
7/25/2023,4.62
7/26/2023,5.27
7/27/2023,4.92
7/28/2023,4.76
7/29/2023,4.83
7/30/2023,4.74
7/31/2023,4.64
8/1/2023,5.28
8/2/2023,4.84
8/3/2023,4.79
8/4/2023,5.2
8/5/2023,5.96
8/6/2023,5.58
8/7/2023,6.59
8/8/2023,8.3
8/9/2023,9.26
8/10/2023,8.66
8/11/2023,7.37
8/12/2023,6.51
8/13/2023,6.04
8/14/2023,5.74
8/15/2023,5.67
8/16/2023,5.75
8/17/2023,7.1
8/18/2023,6.34
8/19/2023,5.74
8/20/2023,5.44
8/21/2023,5.31
8/22/2023,5.18
8/23/2023,5.08
8/24/2023,5.03
8/25/2023,4.96
8/26/2023,4.94
8/27/2023,5.34
8/28/2023,7.11
8/29/2023,6.57
8/30/2023,5.76
8/31/2023,5.41
9/1/2023,6.01
9/2/2023,5.5
9/3/2023,5.43
9/4/2023,6.06
9/5/2023,5.41
9/6/2023,5.03
9/7/2023,5.04
9/8/2023,5.78
9/9/2023,5.42
9/10/2023,5.1
9/11/2023,5.03
9/12/2023,5.16
9/13/2023,5.16
9/14/2023,5.39
9/15/2023,5.04
9/16/2023,4.99
9/17/2023,4.8
9/18/2023,4.85
9/19/2023,5.16
9/20/2023,5.22
9/21/2023,5.04
9/22/2023,5.27
9/23/2023,5.02
9/24/2023,5.08
9/25/2023,5.13
9/26/2023,4.95
9/27/2023,4.91
9/28/2023,4.85
9/29/2023,4.85
9/30/2023,4.95
10/1/2023,4.83
10/2/2023,4.78
10/3/2023,4.74
10/4/2023,4.72
10/5/2023,4.88
10/6/2023,5.18
10/7/2023,4.91
10/8/2023,4.82
10/9/2023,5.1
10/10/2023,4.94
10/11/2023,4.94
10/12/2023,4.88
10/13/2023,4.85
10/14/2023,4.86
10/15/2023,4.83
10/16/2023,4.82
10/17/2023,4.79
10/18/2023,4.65
10/19/2023,4.62
10/20/2023,4.61
10/21/2023,4.66
10/22/2023,4.71
10/23/2023,4.56
10/24/2023,4.56
10/25/2023,4.6
10/26/2023,4.58
10/27/2023,4.69
10/28/2023,4.64
10/29/2023,4.62
10/30/2023,4.57
10/31/2023,4.55
11/1/2023,4.51
11/2/2023,4.49
11/3/2023,4.47
11/4/2023,4.47
11/5/2023,4.47
11/6/2023,4.49
11/7/2023,4.48
11/8/2023,4.48
11/9/2023,4.48
11/10/2023,4.48
11/11/2023,4.47
11/12/2023,4.44
11/13/2023,4.4
11/14/2023,4.38
11/15/2023,4.37
11/16/2023,4.36
11/17/2023,4.39
11/18/2023,6.4
11/19/2023,6.87
11/20/2023,5.8
11/21/2023,5.2
11/22/2023,4.91
11/23/2023,4.86
11/24/2023,4.84
11/25/2023,4.81
11/26/2023,4.74
11/27/2023,4.7
11/28/2023,4.63
11/29/2023,4.6
11/30/2023,4.58
12/1/2023,4.56
12/2/2023,4.53
12/3/2023,4.53
12/4/2023,4.52
12/5/2023,4.52
12/6/2023,4.51
12/7/2023,4.67
12/8/2023,4.73
12/9/2023,5.03
12/10/2023,4.74
12/11/2023,4.62
12/12/2023,4.57
12/13/2023,4.55
12/14/2023,4.54
12/15/2023,4.53
12/16/2023,4.53
12/17/2023,4.51
12/18/2023,4.5
12/19/2023,4.5
12/20/2023,4.49
12/21/2023,4.49
12/22/2023,4.49
12/23/2023,4.53
12/24/2023,4.5
12/25/2023,4.48
12/26/2023,4.48
12/27/2023,4.48
12/28/2023,4.45
12/29/2023,4.45
12/30/2023,4.45
12/31/2023,4.45
1/1/2024,4.44
1/2/2024,4.44
1/3/2024,4.44
1/4/2024,4.44
1/5/2024,4.43
1/6/2024,4.43
1/7/2024,4.42
1/8/2024,4.42
1/9/2024,4.42
1/10/2024,4.42
1/11/2024,4.42
1/12/2024,4.42
1/13/2024,4.42
1/14/2024,4.41
1/15/2024,4.41
1/16/2024,4.4
1/17/2024,4.4
1/18/2024,4.4
1/19/2024,4.39
1/20/2024,4.39
1/21/2024,4.44
1/22/2024,4.43
1/23/2024,4.43
1/24/2024,4.41
1/25/2024,4.4
1/26/2024,4.4
1/27/2024,4.39
1/28/2024,4.39
1/29/2024,4.38
1/30/2024,4.38
1/31/2024,4.37
2/1/2024,4.36
2/2/2024,4.36
2/3/2024,4.36
2/4/2024,4.33
2/5/2024,4.31
2/6/2024,4.27
2/7/2024,4.25
2/8/2024,4.32
2/9/2024,4.35
2/10/2024,4.3
2/11/2024,4.26
2/12/2024,4.36
2/13/2024,4.31
2/14/2024,4.33
2/15/2024,4.31
2/16/2024,4.33
2/17/2024,4.33
2/18/2024,4.32
2/19/2024,4.36
2/20/2024,4.32
2/21/2024,4.32
2/22/2024,4.34
2/23/2024,4.37
2/24/2024,4.76
2/25/2024,4.42
2/26/2024,4.36
2/27/2024,4.35
2/28/2024,4.31
2/29/2024,4.32
3/1/2024,4.32
3/2/2024,4.31
3/3/2024,4.29
3/4/2024,4.27
3/5/2024,4.3
3/6/2024,4.31
3/7/2024,4.27
3/8/2024,4.27
3/9/2024,4.3
3/10/2024,4.28
3/11/2024,4.26
3/12/2024,4.26
3/13/2024,4.26
3/14/2024,4.27
3/15/2024,4.3
3/16/2024,4.3
3/17/2024,4.31
3/18/2024,4.31
3/19/2024,4.3
3/20/2024,4.28
3/21/2024,4.28
3/22/2024,4.27
3/23/2024,4.3
3/24/2024,4.31
3/25/2024,4.55
3/26/2024,4.44
3/27/2024,4.38
3/28/2024,4.36
3/29/2024,4.35
3/30/2024,4.41
3/31/2024,4.45
4/1/2024,4.61
4/2/2024,4.63
4/3/2024,4.51
4/4/2024,4.49
4/5/2024,4.46
4/6/2024,4.36
4/7/2024,4.34
4/8/2024,4.33
4/9/2024,4.35
4/10/2024,4.27
4/11/2024,4.26
4/12/2024,4.33
4/13/2024,4.31
4/14/2024,4.28
4/15/2024,4.22
4/16/2024,4.21
4/17/2024,4.23
4/18/2024,4.25
4/19/2024,4.76
4/20/2024,4.64
4/21/2024,4.44
4/22/2024,4.45
4/23/2024,4.41
4/24/2024,4.35
4/25/2024,4.32
4/26/2024,4.32
4/27/2024,4.31
4/28/2024,4.3
4/29/2024,4.26
4/30/2024,4.26
5/1/2024,4.22
5/2/2024,4.21
5/3/2024,4.53
5/4/2024,5.49
5/5/2024,5.02
5/6/2024,4.79
5/7/2024,4.96
5/8/2024,4.8
5/9/2024,4.66
5/10/2024,4.59
5/11/2024,4.51
5/12/2024,4.66
5/13/2024,4.78
5/14/2024,4.51
5/15/2024,4.43
5/16/2024,4.38
5/17/2024,4.26
5/18/2024,4.3
5/19/2024,4.33
5/20/2024,4.31
5/21/2024,4.32
5/22/2024,4.3
5/23/2024,4.27
5/24/2024,4.26
5/25/2024,4.26
5/26/2024,4.57
5/27/2024,4.39
5/28/2024,5.68
5/29/2024,7.39
5/30/2024,6.11
5/31/2024,5.33
6/1/2024,4.91
6/2/2024,4.75
6/3/2024,4.61
6/4/2024,4.56
6/5/2024,5.03
6/6/2024,4.61
6/7/2024,4.51
6/8/2024,5.75
6/9/2024,6.34
6/10/2024,5.5
6/11/2024,5.42
6/12/2024,5.33
6/13/2024,4.91
6/14/2024,5.24
6/15/2024,5.71
6/16/2024,5.11
6/17/2024,4.93
6/18/2024,4.96
6/19/2024,4.84
6/20/2024,6.21
6/21/2024,5.86
6/22/2024,5.34
6/23/2024,5.02
6/24/2024,4.83
6/25/2024,4.71
6/26/2024,4.63
6/27/2024,5.48
6/28/2024,5.22
6/29/2024,4.96
6/30/2024,5.15
7/1/2024,5.86
7/2/2024,7.85
7/3/2024,9.05
7/4/2024,8.79
7/5/2024,7.75
7/6/2024,6.75
7/7/2024,6.32
7/8/2024,5.9
7/9/2024,5.68
7/10/2024,5.55
7/11/2024,5.49
7/12/2024,5.42
7/13/2024,5.46
7/14/2024,5.19
7/15/2024,5.13
7/16/2024,4.93
7/17/2024,4.87
7/18/2024,4.85
7/19/2024,4.78
7/20/2024,4.75
7/21/2024,4.83
7/22/2024,4.82
7/23/2024,4.78
7/24/2024,4.81
7/25/2024,4.92
7/26/2024,4.79
7/27/2024,4.69
7/28/2024,4.66
7/29/2024,4.61
7/30/2024,4.54
7/31/2024,4.3
8/1/2024,4.66
8/2/2024,6.03
8/3/2024,9.39
8/4/2024,9.79
8/5/2024,8.85
8/6/2024,7.51
8/7/2024,6.33
8/8/2024,5.85
8/9/2024,5.75
8/10/2024,5.77
8/11/2024,5.72
8/12/2024,5.86
8/13/2024,5.95
8/14/2024,5.91
8/15/2024,5.6
8/16/2024,5.45
8/17/2024,5.28
8/18/2024,6.07
8/19/2024,6.18
8/20/2024,9.4
8/21/2024,11.06
8/22/2024,12.07
8/23/2024,12.48
8/24/2024,12.26
8/25/2024,12.08
8/26/2024,11.75
8/27/2024,11.43
8/28/2024,11.06
8/29/2024,10.64
8/30/2024,10.26
8/31/2024,9.93
9/1/2024,9.37
9/2/2024,8.99
9/3/2024,8.69
9/4/2024,8.67
9/5/2024,8.03
9/6/2024,7.59
9/7/2024,7.28
9/8/2024,7.1
9/9/2024,6.79
9/10/2024,6.53
9/11/2024,6.18
9/12/2024,6.15
9/13/2024,6.05
9/14/2024,6.04
9/15/2024,5.97
9/16/2024,5.85
9/17/2024,5.69
9/18/2024,5.57
9/19/2024,5.58
9/20/2024,5.47
9/21/2024,5.3
9/22/2024,5.12
9/23/2024,5.04
9/24/2024,4.97
9/25/2024,5.71
9/26/2024,6.47
9/27/2024,6.07
9/28/2024,5.61
9/29/2024,5.21
9/30/2024,5.2
10/1/2024,5.81
10/2/2024,5.31
10/3/2024,5.5
10/4/2024,6.06
10/5/2024,5.71
10/6/2024,6.32
10/7/2024,6.24
10/8/2024,6.01
10/9/2024,5.78
10/10/2024,6.22
10/11/2024,6.13
10/12/2024,5.73
10/13/2024,5.54
10/14/2024,5.39
10/15/2024,5.34
10/16/2024,5.14
10/17/2024,5.06
10/18/2024,4.95
10/19/2024,5.02
10/20/2024,4.99
10/21/2024,5.02
10/22/2024,4.87
10/23/2024,4.8
10/24/2024,4.79
10/25/2024,5.04
10/26/2024,5.09
10/27/2024,4.92
10/28/2024,4.76
10/29/2024,4.69
10/30/2024,4.62
10/31/2024,4.59
11/1/2024,4.57
11/2/2024,5.28
11/3/2024,4.98
11/4/2024,4.64
11/5/2024,4.58
11/6/2024,4.55
11/7/2024,4.65
11/8/2024,4.58
11/9/2024,4.49
11/10/2024,4.45
11/11/2024,4.5
11/12/2024,4.48
11/13/2024,4.47
11/14/2024,4.46
11/15/2024,4.46
11/16/2024,4.45
11/17/2024,4.44
11/18/2024,4.43
11/19/2024,4.41
11/20/2024,4.4
11/21/2024,4.39
11/22/2024,4.39
11/23/2024,4.38
11/24/2024,4.38
11/25/2024,4.37
11/26/2024,4.37
11/27/2024,4.4
11/28/2024,4.38
11/29/2024,4.38
11/30/2024,4.44
12/1/2024,4.43
12/2/2024,4.42
12/3/2024,4.42
12/4/2024,4.39
12/5/2024,4.36
12/6/2024,4.35
12/7/2024,4.39
12/8/2024,4.38
12/9/2024,4.38
12/10/2024,4.37
12/11/2024,4.35
12/12/2024,4.34
12/13/2024,4.34
12/14/2024,4.34
12/15/2024,4.33
12/16/2024,4.33
12/17/2024,4.32
12/18/2024,4.37
12/19/2024,4.36
12/20/2024,4.32
12/21/2024,4.31
12/22/2024,4.31
12/23/2024,4.31
12/24/2024,4.3
12/25/2024,4.29
12/26/2024,4.29
12/27/2024,4.28
12/28/2024,4.24
12/29/2024,4.22
12/30/2024,4.22
12/31/2024,4.21
1/1/2025,4.29
1/2/2025,4.28
1/3/2025,4.28
1/4/2025,4.28
1/5/2025,4.27
1/6/2025,4.25
1/7/2025,4.24
1/8/2025,4.18
1/9/2025,4.13
1/10/2025,4.17
1/11/2025,4.17
1/12/2025,4.25
1/13/2025,4.26
1/14/2025,4.25
1/15/2025,4.18
1/16/2025,4.12
1/17/2025,4.08
1/18/2025,4.11
1/19/2025,4.2
1/20/2025,4.22
1/21/2025,4.21
1/22/2025,4.18
1/23/2025,4.2
1/24/2025,4.21
1/25/2025,4.23
1/26/2025,4.24
1/27/2025,4.21
1/28/2025,4.19
1/29/2025,4.17
1/30/2025,4.16
1/31/2025,4.13
2/1/2025,4.13
2/2/2025,4.16
2/3/2025,4.21
2/4/2025,4.22
2/5/2025,4.19
2/6/2025,4.13
2/7/2025,4.16
2/8/2025,4.19
2/9/2025,4.16
2/10/2025,4.15
2/11/2025,4.14
2/12/2025,4.14
2/13/2025,4.17
2/14/2025,4.2
2/15/2025,4.2
2/16/2025,4.19
2/17/2025,4.17
2/18/2025,4.17
2/19/2025,4.17
2/20/2025,4.15
2/21/2025,4.15
2/22/2025,4.14
2/23/2025,4.16
2/24/2025,4.17
2/25/2025,4.16
2/26/2025,4.16
2/27/2025,4.15
2/28/2025,4.14
3/1/2025,4.14
3/2/2025,4.17
3/3/2025,4.17
3/4/2025,4.19
3/5/2025,4.16
3/6/2025,4.17
3/7/2025,4.18
3/8/2025,4.13
3/9/2025,4.13
3/10/2025,4.12
3/11/2025,4.11
3/12/2025,4.1
3/13/2025,4.12
3/14/2025,4.12
3/15/2025,4.13
3/16/2025,4.11
3/17/2025,4.1
3/18/2025,4.16
3/19/2025,4.13
3/20/2025,4.12
3/21/2025,4.1
3/22/2025,4.11
3/23/2025,4.11
3/24/2025,4.16
3/25/2025,4.09
3/26/2025,4.1
3/27/2025,4.09
3/28/2025,4.08
3/29/2025,4.07
3/30/2025,4.08
3/31/2025,4.08
4/1/2025,4.08
4/2/2025,4.06
4/3/2025,4.07
4/4/2025,4.08
4/5/2025,4.06
4/6/2025,4.06
4/7/2025,4.07
4/8/2025,4.07
4/9/2025,4.06
4/10/2025,4.13
4/11/2025,4.08
4/12/2025,4.07
4/13/2025,4.09
4/14/2025,4.07
4/15/2025,4.04
4/16/2025,4.07
4/17/2025,4.11
4/18/2025,4.19
4/19/2025,4.27
4/20/2025,4.83
4/21/2025,4.43
4/22/2025,4.45
4/23/2025,4.81
4/24/2025,4.46
4/25/2025,4.34
4/26/2025,4.26
4/27/2025,4.21
4/28/2025,4.17
4/29/2025,4.23
4/30/2025,4.35
5/1/2025,4.21
5/2/2025,3.93
5/3/2025,4.26
5/4/2025,4.26
5/5/2025,4.22
5/6/2025,4.18
5/7/2025,4.14
5/8/2025,4.16
5/9/2025,4.14
5/10/2025,4.11
5/11/2025,4.12
5/12/2025,4.11
5/13/2025,4.4
5/14/2025,4.38
5/15/2025,4.28
5/16/2025,4.19
5/17/2025,4.17
5/18/2025,4.48
5/19/2025,5.41
5/20/2025,4.95
5/21/2025,5.64
5/22/2025,5.55
5/23/2025,5.14
5/24/2025,4.95
5/25/2025,4.54
5/26/2025,4.49
5/27/2025,4.69
5/28/2025,4.95
5/29/2025,4.53
5/30/2025,5.11
5/31/2025,7.58
6/1/2025,6.82
6/2/2025,7.24
6/3/2025,7.38
6/4/2025,7.39
6/5/2025,6.77
6/6/2025,6.01
6/7/2025,5.41
6/8/2025,5.19
6/9/2025,5.09
6/10/2025,5.33
6/11/2025,5.26
6/12/2025,4.92
6/13/2025,4.93
6/14/2025,4.72
6/15/2025,4.71
6/16/2025,4.83
6/17/2025,4.59
6/18/2025,4.9
6/19/2025,4.95
6/20/2025,6.48
6/21/2025,5.99
6/22/2025,5.5
6/23/2025,5.15
6/24/2025,4.98
6/25/2025,4.88
6/26/2025,4.8
6/27/2025,4.72
6/28/2025,4.75
6/29/2025,4.7
6/30/2025,4.57
7/1/2025,4.53
7/2/2025,4.46
7/3/2025,4.51
7/4/2025,4.43
7/5/2025,4.42
7/6/2025,4.36
7/7/2025,4.34
7/8/2025,4.39
7/9/2025,8.3
7/10/2025,9.68
7/11/2025,8.94
7/12/2025,7.8
7/13/2025,6.85
7/14/2025,6.26
7/15/2025,6.56
7/16/2025,6.22
7/17/2025,5.83
7/18/2025,5.91
7/19/2025,5.7
7/20/2025,5.4
7/21/2025,6.41
7/22/2025,7.81
7/23/2025,7.11
7/24/2025,6.85
7/25/2025,8.5
7/26/2025,7.81
7/27/2025,7.55
7/28/2025,7.73
7/29/2025,7.35
7/30/2025,6.77
7/31/2025,6.21
8/1/2025,6.06
8/2/2025,5.74
8/3/2025,5.52
8/4/2025,5.45
8/5/2025,6.78
8/6/2025,7.89
8/7/2025,7.76
8/8/2025,7.34
8/9/2025,6.86
8/10/2025,6.32
8/11/2025,6.02
8/12/2025,5.81
8/13/2025,5.69
8/14/2025,6.49
8/15/2025,6.39
8/16/2025,7.14
8/17/2025,7.5
8/18/2025,6.73
8/19/2025,6.89
8/20/2025,6.33
8/21/2025,5.99
8/22/2025,5.81
8/23/2025,5.71
8/24/2025,5.69
8/25/2025,5.65
8/26/2025,5.46
8/27/2025,5.3
8/28/2025,5.25
8/29/2025,5.2
8/30/2025,5.2
8/31/2025,5.16
9/1/2025,5.89
9/2/2025,5.21
9/3/2025,5.11
9/4/2025,5.25
9/5/2025,5.37
9/6/2025,5.08
9/7/2025,5.01
9/8/2025,8.04
9/9/2025,6.88
9/10/2025,6.02
9/11/2025,5.91
9/12/2025,6.01
9/13/2025,5.97
9/14/2025,5.78
9/15/2025,6.17
9/16/2025,6.49
9/17/2025,6.22
9/18/2025,5.87
9/19/2025,5.68
9/20/2025,5.57
9/21/2025,5.89
9/22/2025,5.85
9/23/2025,5.95
9/24/2025,5.72
9/25/2025,5.52
9/26/2025,5.46
9/27/2025,5.4
9/28/2025,5.32
9/29/2025,5.68
9/30/2025,5.4
10/1/2025,5.98
10/2/2025,7.86
10/3/2025,7.43
10/4/2025,6.83
10/5/2025,6.29
10/6/2025,6.06
10/7/2025,6.0
10/8/2025,5.92
10/9/2025,6.16
10/10/2025,6.19
10/11/2025,6.08
10/12/2025,6.8
10/13/2025,6.43
10/14/2025,5.89
10/15/2025,5.63
10/16/2025,5.48
10/17/2025,5.42
10/18/2025,5.24
10/19/2025,5.17
10/20/2025,5.13
10/21/2025,5.07
10/22/2025,5.13
10/23/2025,5.08
10/24/2025,5.03
10/25/2025,5.13
10/26/2025,5.04
10/27/2025,4.96
10/28/2025,4.92
10/29/2025,4.82
10/30/2025,4.8
10/31/2025,4.88
11/1/2025,4.78
11/2/2025,4.76
11/3/2025,4.8
11/4/2025,4.98
11/5/2025,4.79
11/6/2025,5.1
11/7/2025,4.99
11/8/2025,4.84
11/9/2025,4.76
11/10/2025,4.73
11/11/2025,4.7
11/12/2025,4.74
11/13/2025,4.77
11/14/2025,4.74
11/15/2025,4.7
11/16/2025,4.67
11/17/2025,4.64
11/18/2025,4.62
11/19/2025,4.6
11/20/2025,4.52
11/21/2025,4.53
11/22/2025,4.51
11/23/2025,4.51
11/24/2025,4.49
11/25/2025,4.48
11/26/2025,4.47
11/27/2025,4.45
11/28/2025,4.44
11/29/2025,4.42
11/30/2025,4.42
12/1/2025,4.41
12/2/2025,4.4
12/3/2025,4.4
12/4/2025,4.36
12/5/2025,4.36
12/6/2025,4.35
12/7/2025,4.37
12/8/2025,4.36
12/9/2025,4.36
12/10/2025,4.35
12/11/2025,4.35
12/12/2025,4.34
12/13/2025,4.32
12/14/2025,4.31
12/15/2025,4.31
12/16/2025,4.31
12/17/2025,4.31
12/18/2025,4.29
12/19/2025,4.29
12/20/2025,4.29
12/21/2025,4.3
12/22/2025,4.29
12/23/2025,4.29
12/24/2025,4.28
12/25/2025,4.29
12/26/2025,4.29
12/27/2025,4.3
12/28/2025,4.29
12/29/2025,4.34
12/30/2025,4.34
12/31/2025,4.42
1/1/2026,4.41
1/2/2026,4.41
1/3/2026,4.34
1/4/2026,4.27
1/5/2026,4.31
1/6/2026,4.31
1/7/2026,4.31
1/8/2026,4.3
1/9/2026,4.31
1/10/2026,4.37
1/11/2026,4.37
1/12/2026,4.34
1/13/2026,4.33
1/14/2026,4.37
1/15/2026,4.31
1/16/2026,4.35
1/17/2026,4.34
1/18/2026,4.29
1/19/2026,4.3
1/20/2026,4.33
1/21/2026,4.29
1/22/2026,4.31
1/23/2026,4.31
1/24/2026,4.29
1/25/2026,4.31
1/26/2026,4.26
1/27/2026,4.33
1/28/2026,4.3
1/29/2026,4.38
1/30/2026,4.28
1/31/2026,4.28
2/1/2026,4.35
2/2/2026,4.34
2/3/2026,4.28
2/4/2026,4.32
2/5/2026,4.32
2/6/2026,4.3
2/7/2026,4.3
2/8/2026,4.29
2/9/2026,4.29
2/10/2026,4.27
2/11/2026,4.26
2/12/2026,4.31
2/13/2026,4.3
2/14/2026,4.29
2/15/2026,4.28
2/16/2026,4.29
2/17/2026,4.27
2/18/2026,4.3
2/19/2026,4.28
2/20/2026,4.27
2/21/2026,4.26
2/22/2026,4.29
2/23/2026,4.3
2/24/2026,4.28
2/25/2026,4.25
2/26/2026,4.26
2/27/2026,4.3
2/28/2026,4.25
3/1/2026,4.28
3/2/2026,4.24
3/3/2026,4.24
3/4/2026,4.26
3/5/2026,4.24
3/6/2026,4.24
3/7/2026,4.21
3/8/2026,4.23
3/9/2026,4.26
3/10/2026,4.24
3/11/2026,4.22
3/12/2026,4.22
3/13/2026,4.22
3/14/2026,4.4
3/15/2026,4.3
3/16/2026,4.42
3/17/2026,4.25
3/18/2026,4.2
3/19/2026,4.23
3/20/2026,4.25
3/21/2026,4.38
3/22/2026,4.34
3/23/2026,4.27
3/24/2026,4.65
3/25/2026,4.2
3/26/2026,4.17
3/27/2026,4.16
3/28/2026,4.16
3/29/2026,4.18
3/30/2026,4.15
3/31/2026,4.28
4/10/2026,4.25
4/11/2026,4.19
4/12/2026,4.18
4/13/2026,4.19
4/14/2026,4.19
4/15/2026,4.15
4/16/2026,4.19
4/17/2026,4.31
