split,date,obs_wl_m,pred_wl_m,error_m
train,1980-03-15,8.53,8.7045,0.1745
train,1980-03-16,8.546,8.5871,0.0411
train,1980-03-17,8.99,9.2021,0.2121
train,1980-03-18,8.04,8.072,0.032
train,1980-03-19,8.53,8.7104,0.1804
train,1980-03-20,9.06,8.6394,-0.4206
train,1980-03-21,8.58,8.6078,0.0278
train,1980-03-22,8.44,8.4948,0.0548
train,1980-03-23,8.76,8.8517,0.0917
train,1980-03-24,8.476,8.6231,0.1471
train,1980-03-25,10.356,9.0376,-1.3184
train,1980-03-26,8.36,8.3933,0.0333
train,1980-03-27,8.66,8.6998,0.0398
train,1980-03-28,8.43,8.4434,0.0134
train,1980-03-29,8.42,8.4602,0.0402
train,1980-03-30,8.34,8.3532,0.0132
train,1980-03-31,9.57,9.6533,0.0833
train,1980-04-01,7.606,7.6697,0.0637
train,1980-04-02,9.96,9.2137,-0.7463
train,1980-04-03,9.91,9.0868,-0.8232
train,1980-04-04,7.47,7.5007,0.0307
train,1980-04-05,8.86,8.7307,-0.1293
train,1980-04-06,8.42,8.4477,0.0277
train,1980-04-07,9.13,9.4241,0.2941
train,1980-04-08,8.58,8.5899,0.0099
train,1980-04-09,9.27,8.9063,-0.3637
train,1980-04-10,8.668,8.8538,0.1858
train,1980-04-11,7.546,7.7598,0.2138
train,1980-04-12,8.55,8.5974,0.0474
train,1980-04-13,8.134,8.1792,0.0452
train,1980-04-14,9.242,9.8338,0.5918
train,1980-04-15,8.4,8.4188,0.0188
train,1980-04-16,8.42,8.4547,0.0347
train,1980-04-17,8.37,8.4755,0.1055
train,1980-04-18,8.56,8.581,0.021
train,1980-04-19,8.48,8.4856,0.0056
train,1980-04-20,7.26,7.3258,0.0658
train,1980-04-21,8.45,8.4652,0.0152
train,1980-04-22,8.37,8.3761,0.0061
train,1980-04-23,8.55,8.5338,-0.0162
train,1980-04-24,8.42,8.5096,0.0896
train,1980-04-25,8.58,8.5697,-0.0103
train,1980-04-26,9.07,9.0291,-0.0409
train,1980-04-27,9.41,9.4542,0.0442
train,1980-04-28,8.316,8.3576,0.0416
train,1980-04-29,8.638,8.6609,0.0229
train,1980-04-30,8.98,9.1065,0.1265
train,1980-05-01,9.09,9.0817,-0.0083
train,1980-05-02,8.386,8.3949,0.0089
train,1980-05-03,8.45,8.4681,0.0181
train,1980-05-04,7.984,8.042,0.058
train,1980-05-05,9.65,9.5275,-0.1225
train,1980-05-06,8.172,8.3499,0.1779
train,1980-05-07,8.77,8.7585,-0.0115
train,1980-05-08,8.47,8.4594,-0.0106
train,1980-05-09,8.226,8.2697,0.0437
train,1980-05-10,7.162,7.1724,0.0104
train,1980-05-11,8.38,8.4181,0.0381
train,1980-05-12,8.83,8.7773,-0.0527
train,1980-05-13,8.55,8.581,0.031
train,1980-05-14,8.83,8.9871,0.1571
train,1980-05-15,8.78,8.5814,-0.1986
train,1980-05-16,8.6,8.4635,-0.1365
train,1980-05-17,8.76,8.8349,0.0749
train,1980-05-18,8.494,8.5045,0.0105
train,1980-05-19,9.91,10.656,0.746
train,1980-05-20,7.126,7.1687,0.0427
train,1980-05-21,10.99,10.7664,-0.2236
train,1980-05-22,9.39,10.0914,0.7014
train,1980-05-23,9.61,10.5918,0.9818
train,1980-05-24,8.89,9.0111,0.1211
train,1980-05-25,8.77,9.1147,0.3447
train,1980-05-26,8.116,7.9706,-0.1454
train,1980-05-27,8.49,8.4643,-0.0257
train,1980-05-28,8.5,8.5658,0.0658
train,1980-05-29,11.04,8.9877,-2.0523
train,1980-05-30,9.484,9.5708,0.0868
train,1980-05-31,7.43,7.4143,-0.0157
train,1980-06-01,8.256,8.4683,0.2123
train,1980-06-02,8.334,8.3795,0.0455
train,1980-06-03,8.51,8.6271,0.1171
train,1980-06-04,8.3,8.3341,0.0341
train,1980-06-05,9.926,10.5712,0.6452
train,1980-06-06,8.084,8.0961,0.0121
train,1980-06-07,7.374,7.2253,-0.1487
train,1980-06-08,9.44,10.186,0.746
train,1980-06-09,8.78,8.7679,-0.0121
train,1980-06-10,8.86,8.7914,-0.0686
train,1980-06-11,9.34,9.5774,0.2374
train,1980-06-12,8.44,8.469,0.029
train,1980-06-13,8.56,8.7954,0.2354
train,1980-06-14,9.95,10.299,0.349
train,1980-06-15,8.244,8.2775,0.0335
train,1980-06-16,8.53,8.511,-0.019
train,1980-06-17,8.52,8.5169,-0.0031
train,1980-06-18,8.64,8.6439,0.0039
train,1980-06-19,8.63,8.6521,0.0221
train,1980-06-20,8.48,8.4483,-0.0317
train,1980-06-21,10.0,9.3902,-0.6098
train,1980-06-22,8.41,8.415,0.005
train,1980-06-23,8.388,8.6297,0.2417
train,1980-06-24,8.706,8.6796,-0.0264
train,1980-06-25,8.35,8.3616,0.0116
train,1980-06-26,8.51,8.5238,0.0138
train,1980-06-27,9.882,10.2353,0.3533
train,1980-06-28,8.42,8.5656,0.1456
train,1980-06-29,8.39,8.4256,0.0356
train,1980-06-30,9.07,9.0917,0.0217
train,1980-07-01,8.35,8.4791,0.1291
train,1980-07-02,8.704,8.8524,0.1484
train,1980-07-03,10.05,10.1889,0.1389
train,1980-07-04,8.166,8.2176,0.0516
train,1980-07-05,8.302,8.5257,0.2237
train,1980-07-06,8.38,8.5257,0.1457
train,1980-07-07,8.57,8.6153,0.0453
train,1980-07-08,8.51,8.5326,0.0226
train,1980-07-09,7.604,7.5999,-0.0041
train,1980-07-10,9.19,9.0288,-0.1612
train,1980-07-11,8.02,8.0097,-0.0103
train,1980-07-12,8.56,8.5965,0.0365
train,1980-07-13,8.22,8.2437,0.0237
train,1980-07-14,8.57,8.6695,0.0995
train,1980-07-15,8.66,8.6778,0.0178
train,1980-07-16,9.18,9.2885,0.1085
train,1980-07-17,8.85,8.9693,0.1193
train,1980-07-18,8.38,8.4729,0.0929
train,1980-07-19,8.78,8.7411,-0.0389
train,1980-07-20,8.59,8.6113,0.0213
train,1980-07-21,10.0,9.9559,-0.0441
train,1980-07-22,8.36,8.3841,0.0241
train,1980-07-23,9.81,10.2206,0.4106
train,1980-07-24,10.01,10.2722,0.2622
train,1980-07-25,8.36,8.3881,0.0281
train,1980-07-26,9.22,9.2484,0.0284
train,1980-07-27,9.4,9.5757,0.1757
train,1980-07-28,8.056,8.3034,0.2474
train,1980-07-29,8.462,8.4658,0.0038
train,1980-07-30,8.94,9.015,0.075
train,1980-07-31,8.592,8.7241,0.1321
train,1980-08-01,7.892,7.9454,0.0534
train,1980-08-02,8.46,8.4702,0.0102
train,1980-08-03,8.4,8.507,0.107
train,1980-08-04,8.51,8.5299,0.0199
train,1980-08-05,9.39,9.525,0.135
train,1980-08-06,8.084,8.1892,0.1052
train,1980-08-07,8.11,8.1744,0.0644
train,1980-08-08,10.29,10.1184,-0.1716
train,1980-08-09,9.152,8.9979,-0.1541
train,1980-08-10,8.182,8.213,0.031
train,1980-08-11,8.802,8.7002,-0.1018
train,1980-08-12,8.82,8.8228,0.0028
train,1980-08-13,8.3,8.3191,0.0191
train,1980-08-14,8.286,8.4091,0.1231
train,1980-08-15,8.66,8.7034,0.0434
train,1980-08-16,8.5,8.5108,0.0108
train,1980-08-17,8.054,8.0439,-0.0101
train,1980-08-18,8.49,8.5188,0.0288
train,1980-08-19,8.35,8.3399,-0.0101
train,1980-08-20,8.17,8.1705,0.0005
train,1980-08-21,8.55,8.6133,0.0633
train,1980-08-22,8.194,8.1868,-0.0072
train,1980-08-23,8.53,8.5225,-0.0075
train,1980-08-24,8.104,8.1335,0.0295
train,1980-08-25,8.82,8.748,-0.072
train,1980-08-26,8.92,9.0651,0.1451
train,1980-08-27,7.536,7.6504,0.1144
train,1980-08-28,8.36,8.398,0.038
train,1980-08-29,8.86,8.8446,-0.0154
train,1980-08-30,8.56,8.5749,0.0149
train,1980-08-31,9.59,9.3754,-0.2146
train,1980-09-01,8.38,8.398,0.018
train,1980-09-02,12.368,10.621,-1.747
train,1980-09-03,7.966,8.0175,0.0515
train,1980-09-04,8.44,8.5028,0.0628
train,1980-09-05,9.76,9.6945,-0.0655
train,1980-09-06,8.498,8.7365,0.2385
train,1980-09-07,9.21,9.5117,0.3017
train,1980-09-08,8.14,8.0632,-0.0768
train,1980-09-09,9.11,9.0786,-0.0314
train,1980-09-10,10.298,8.9319,-1.3661
train,1980-09-11,8.5,8.5076,0.0076
train,1980-09-12,8.49,8.5,0.01
train,1980-09-13,12.166,11.0629,-1.1031
train,1980-09-14,9.32,9.457,0.137
train,1980-09-15,8.304,8.2936,-0.0104
train,1980-09-16,8.236,8.253,0.017
train,1980-09-17,8.32,8.3748,0.0548
train,1980-09-18,7.996,8.0387,0.0427
train,1980-09-19,9.16,9.3348,0.1748
train,1980-09-20,8.95,8.7036,-0.2464
train,1980-09-21,8.62,8.5735,-0.0465
train,1980-09-22,7.442,8.254,0.812
train,1980-09-23,10.14,10.0568,-0.0832
train,1980-09-24,8.284,8.4738,0.1898
train,1980-09-25,8.76,8.7276,-0.0324
train,1980-09-26,8.33,8.383,0.053
train,1980-09-27,8.16,8.1732,0.0132
train,1980-09-28,8.44,8.4587,0.0187
train,1980-09-29,8.254,8.3087,0.0547
train,1980-09-30,8.55,8.5728,0.0228
train,1980-10-01,8.46,8.4889,0.0289
train,1980-10-02,9.426,9.135,-0.291
train,1980-10-03,8.76,8.7423,-0.0177
train,1980-10-04,8.356,8.7822,0.4262
train,1980-10-05,8.44,8.4742,0.0342
train,1980-10-06,8.73,8.6889,-0.0411
train,1980-10-07,8.5,8.627,0.127
train,1980-10-08,8.44,8.4725,0.0325
train,1980-10-09,9.41,9.982,0.572
train,1980-10-10,8.4,8.42,0.02
train,1980-10-11,8.7,8.7222,0.0222
train,1980-10-12,8.35,8.3989,0.0489
train,1980-10-13,8.514,8.5621,0.0481
train,1980-10-14,8.63,8.5655,-0.0645
train,1980-10-15,8.64,8.9199,0.2799
train,1980-10-16,9.89,8.6585,-1.2315
train,1980-10-17,8.02,8.0898,0.0698
train,1980-10-18,8.19,8.222,0.032
train,1980-10-19,9.282,9.7993,0.5173
train,1980-10-20,10.18,9.4499,-0.7301
train,1980-10-21,8.41,8.6691,0.2591
train,1980-10-22,8.55,8.5687,0.0187
train,1980-10-23,8.79,8.9256,0.1356
train,1980-10-24,6.694,6.7356,0.0416
train,1980-10-25,9.98,8.675,-1.305
train,1980-10-26,8.33,8.3398,0.0098
train,1980-10-27,9.484,9.5747,0.0907
train,1980-10-28,9.3,9.4238,0.1238
train,1980-10-29,8.33,8.3567,0.0267
train,1980-10-30,8.47,8.6697,0.1997
train,1980-10-31,8.41,8.3842,-0.0258
train,1980-11-01,8.59,8.6155,0.0255
train,1980-11-02,8.65,8.9081,0.2581
train,1980-11-03,8.37,8.432,0.062
train,1980-11-04,8.51,8.5928,0.0828
train,1980-11-05,8.61,8.6153,0.0053
train,1980-11-06,8.35,8.3711,0.0211
train,1980-11-07,8.07,8.0702,0.0002
train,1980-11-08,8.082,8.089,0.007
train,1980-11-09,9.432,9.5837,0.1517
train,1980-11-10,8.38,8.4368,0.0568
train,1980-11-11,7.974,8.0346,0.0606
train,1980-11-12,9.138,9.1131,-0.0249
train,1980-11-13,8.56,8.6298,0.0698
train,1980-11-14,8.34,8.3702,0.0302
train,1980-11-15,7.586,7.7136,0.1276
train,1980-11-16,8.138,8.1478,0.0098
train,1980-11-17,9.588,8.8928,-0.6952
train,1980-11-18,8.826,8.9102,0.0842
train,1980-11-19,8.222,8.2762,0.0542
train,1980-11-20,8.46,8.4582,-0.0018
train,1980-11-21,8.37,8.4218,0.0518
train,1980-11-22,9.17,9.0971,-0.0729
train,1980-11-23,8.54,8.5552,0.0152
train,1980-11-24,8.35,8.5758,0.2258
train,1980-11-25,8.01,8.0657,0.0557
train,1980-11-26,8.49,8.5303,0.0403
train,1980-11-27,8.31,8.3487,0.0387
train,1980-11-28,8.716,9.2356,0.5196
train,1980-11-29,9.232,8.8889,-0.3431
train,1980-11-30,8.5,8.5543,0.0543
train,1980-12-01,8.32,8.3909,0.0709
train,1980-12-02,7.25,7.2988,0.0488
train,1980-12-03,9.106,9.2826,0.1766
train,1980-12-04,8.474,8.4604,-0.0136
train,1980-12-05,9.658,9.8986,0.2406
train,1980-12-06,8.87,8.8039,-0.0661
train,1980-12-07,8.4,8.4676,0.0676
train,1980-12-08,8.38,8.4028,0.0228
train,1980-12-09,8.086,7.9834,-0.1026
train,1980-12-10,9.46,9.7531,0.2931
train,1980-12-11,8.61,8.6312,0.0212
train,1980-12-12,8.032,8.0638,0.0318
train,1980-12-13,8.43,8.4682,0.0382
train,1980-12-14,9.32,9.0858,-0.2342
train,1980-12-15,8.78,8.7,-0.08
train,1980-12-16,9.21,9.1419,-0.0681
train,1980-12-17,8.65,8.6937,0.0437
train,1980-12-18,8.846,9.2183,0.3723
train,1980-12-19,8.532,9.0798,0.5478
train,1980-12-20,8.61,8.6136,0.0036
train,1980-12-21,9.45,9.3288,-0.1212
train,1980-12-22,8.99,9.0917,0.1017
train,1980-12-23,8.56,8.5613,0.0013
train,1980-12-24,8.528,8.5212,-0.0068
train,1980-12-25,9.43,9.0442,-0.3858
train,1980-12-26,10.7,9.0356,-1.6644
train,1980-12-27,8.21,8.2678,0.0578
train,1980-12-28,8.83,8.5829,-0.2471
train,1980-12-29,8.516,8.5569,0.0409
train,1980-12-30,8.57,8.6157,0.0457
train,1980-12-31,11.47,9.8914,-1.5786
train,1981-01-01,8.82,8.7631,-0.0569
train,1981-01-02,8.71,8.8274,0.1174
train,1981-01-03,8.75,8.7246,-0.0254
train,1981-01-04,8.608,8.5545,-0.0535
train,1981-01-05,8.538,8.6198,0.0818
train,1981-01-06,8.48,8.5138,0.0338
train,1981-01-07,9.3,9.453,0.153
train,1981-01-08,8.576,8.5792,0.0032
train,1981-01-09,8.67,8.8275,0.1575
train,1981-01-10,8.63,8.9575,0.3275
train,1981-01-11,8.4,8.3916,-0.0084
train,1981-01-12,10.9,10.7077,-0.1923
train,1981-01-13,8.83,8.8118,-0.0182
train,1981-01-14,8.51,8.4624,-0.0476
train,1981-01-15,9.69,9.7747,0.0847
train,1981-01-16,8.89,8.8974,0.0074
train,1981-01-17,9.71,10.0034,0.2934
train,1981-01-18,10.458,9.5623,-0.8957
train,1981-01-19,8.43,8.4824,0.0524
train,1981-01-20,9.308,8.9974,-0.3106
train,1981-01-21,9.93,10.3203,0.3903
train,1981-01-22,8.96,9.0081,0.0481
train,1981-01-23,8.694,8.7021,0.0081
train,1981-01-24,7.628,7.6812,0.0532
train,1981-01-25,8.26,8.2707,0.0107
train,1981-01-26,8.91,8.9433,0.0333
train,1981-01-27,8.99,9.2966,0.3066
train,1981-01-28,9.53,10.0831,0.5531
train,1981-01-29,8.554,8.6086,0.0546
train,1981-01-30,9.256,9.1458,-0.1102
train,1981-01-31,8.58,8.5679,-0.0121
train,1981-02-01,7.88,7.7806,-0.0994
train,1981-02-02,11.48,11.3242,-0.1558
train,1981-02-03,8.22,8.2464,0.0264
train,1981-02-04,8.77,9.2334,0.4634
train,1981-02-05,8.394,8.5232,0.1292
train,1981-02-06,8.17,8.6,0.43
train,1981-02-07,8.6,8.5872,-0.0128
train,1981-02-08,8.56,8.5582,-0.0018
train,1981-02-09,9.77,10.1245,0.3545
train,1981-02-10,8.762,8.9725,0.2105
train,1981-02-11,8.812,9.2948,0.4828
train,1981-02-12,8.43,8.4043,-0.0257
train,1981-02-13,9.38,9.587,0.207
train,1981-02-14,8.764,8.8305,0.0665
train,1981-02-15,8.74,8.6912,-0.0488
train,1981-02-16,8.68,8.7501,0.0701
train,1981-02-17,9.598,9.5569,-0.0411
train,1981-02-18,8.52,8.5438,0.0238
train,1981-02-19,8.95,8.9741,0.0241
train,1981-02-20,8.96,8.7095,-0.2505
train,1981-02-21,9.156,9.13,-0.026
train,1981-02-22,8.97,8.8328,-0.1372
train,1981-02-23,8.59,8.5994,0.0094
train,1981-02-24,10.49,10.4231,-0.0669
train,1981-02-25,8.67,8.6801,0.0101
train,1981-02-26,8.65,8.6668,0.0168
train,1981-02-27,11.08,9.7963,-1.2837
train,1981-02-28,8.398,8.186,-0.212
train,1981-03-01,8.99,8.6415,-0.3485
train,1981-03-02,8.69,8.762,0.072
train,1981-03-03,10.78,9.0427,-1.7373
train,1981-03-04,8.02,8.0637,0.0437
train,1981-03-05,8.256,8.614,0.358
train,1981-03-06,8.59,8.6035,0.0135
train,1981-03-07,8.774,8.8144,0.0404
train,1981-03-08,7.972,8.0809,0.1089
train,1981-03-09,9.268,9.4897,0.2217
train,1981-03-10,10.88,10.4118,-0.4682
train,1981-03-11,8.798,9.2074,0.4094
train,1981-03-12,8.27,8.3047,0.0347
train,1981-03-13,8.86,8.83,-0.03
train,1981-03-14,8.94,8.9648,0.0248
train,1981-03-15,8.54,8.5522,0.0122
train,1981-03-16,9.4,9.672,0.272
train,1981-03-17,8.48,8.5068,0.0268
train,1981-03-18,10.91,10.0325,-0.8775
train,1981-03-19,9.256,9.012,-0.244
train,1981-03-20,8.61,8.6751,0.0651
train,1981-03-21,8.036,8.0818,0.0458
train,1981-03-22,8.4,8.4235,0.0235
train,1981-03-23,8.4,8.4044,0.0044
train,1981-03-24,10.34,8.9272,-1.4128
train,1981-03-25,9.34,9.4963,0.1563
train,1981-03-26,8.316,8.3398,0.0238
train,1981-03-27,9.608,9.523,-0.085
train,1981-03-28,8.54,8.4901,-0.0499
train,1981-03-29,8.55,8.643,0.093
train,1981-03-30,7.146,7.152,0.006
train,1981-03-31,8.53,8.5158,-0.0142
train,1981-04-01,9.092,9.3625,0.2705
train,1981-04-02,8.49,8.4921,0.0021
train,1981-04-03,8.222,8.2626,0.0406
train,1981-04-04,8.35,8.4083,0.0583
train,1981-04-05,8.65,8.6791,0.0291
train,1981-04-06,8.71,8.5339,-0.1761
train,1981-04-07,8.718,8.8224,0.1044
train,1981-04-08,8.38,8.4256,0.0456
train,1981-04-09,8.34,8.4025,0.0625
train,1981-04-10,7.992,8.0301,0.0381
train,1981-04-11,8.84,8.7718,-0.0682
train,1981-04-12,8.42,8.4224,0.0024
train,1981-04-13,8.64,8.7414,0.1014
train,1981-04-14,9.58,9.7118,0.1318
train,1981-04-15,7.914,8.0193,0.1053
train,1981-04-16,9.282,9.0679,-0.2141
train,1981-04-17,9.62,9.775,0.155
train,1981-04-18,8.51,8.5192,0.0092
train,1981-04-19,9.29,9.2826,-0.0074
train,1981-04-20,9.71,8.8363,-0.8737
train,1981-04-21,8.288,8.0996,-0.1884
train,1981-04-22,11.63,9.4822,-2.1478
train,1981-04-23,8.64,8.6973,0.0573
train,1981-04-24,8.72,8.697,-0.023
train,1981-04-25,10.34,10.6213,0.2813
train,1981-04-26,6.952,7.2191,0.2671
train,1981-04-27,8.41,8.3556,-0.0544
train,1981-04-28,8.44,8.4677,0.0277
train,1981-04-29,8.976,9.2694,0.2934
train,1981-04-30,8.98,9.0283,0.0483
train,1981-05-01,8.81,8.6302,-0.1798
train,1981-05-02,8.7,8.6201,-0.0799
train,1981-05-03,8.35,8.371,0.021
train,1981-05-04,8.65,8.6425,-0.0075
train,1981-05-05,8.32,8.3478,0.0278
train,1981-05-06,8.47,8.3817,-0.0883
train,1981-05-07,8.12,8.1414,0.0214
train,1981-05-08,8.408,8.4289,0.0209
train,1981-05-09,8.36,8.3693,0.0093
train,1981-05-10,8.028,8.127,0.099
train,1981-05-11,9.538,9.301,-0.237
train,1981-05-12,8.59,8.569,-0.021
train,1981-05-13,8.6,8.6138,0.0138
train,1981-05-14,9.41,9.1764,-0.2336
train,1981-05-15,8.38,8.385,0.005
train,1981-05-16,9.26,8.8541,-0.4059
train,1981-05-17,9.0,8.4099,-0.5901
train,1981-05-18,8.39,8.4046,0.0146
train,1981-05-19,8.47,8.4552,-0.0148
train,1981-05-20,10.464,10.7612,0.2972
train,1981-05-21,8.87,8.8558,-0.0142
train,1981-05-22,9.21,9.4681,0.2581
train,1981-05-23,8.4,8.4303,0.0303
train,1981-05-24,9.13,9.3161,0.1861
train,1981-05-25,8.53,8.5418,0.0118
train,1981-05-26,8.45,8.476,0.026
train,1981-05-27,8.298,8.4191,0.1211
train,1981-05-28,7.6,7.5402,-0.0598
train,1981-05-29,8.11,8.0512,-0.0588
train,1981-05-30,8.5,8.5092,0.0092
train,1981-05-31,8.06,8.1177,0.0577
train,1981-06-01,8.86,8.9681,0.1081
train,1981-06-02,9.026,9.4245,0.3985
train,1981-06-03,8.99,9.0841,0.0941
train,1981-06-04,8.52,8.4979,-0.0221
train,1981-06-05,8.35,8.3882,0.0382
train,1981-06-06,8.97,8.8521,-0.1179
train,1981-06-07,8.48,8.5049,0.0249
train,1981-06-08,9.414,9.8938,0.4798
train,1981-06-09,8.002,7.9689,-0.0331
train,1981-06-10,8.054,8.1088,0.0548
train,1981-06-11,8.96,9.0207,0.0607
train,1981-06-12,8.51,8.8521,0.3421
train,1981-06-13,8.36,8.3781,0.0181
train,1981-06-14,9.472,9.938,0.466
train,1981-06-15,8.25,8.283,0.033
train,1981-06-16,8.5,8.5025,0.0025
train,1981-06-17,8.96,8.8974,-0.0626
train,1981-06-18,8.94,8.9383,-0.0017
train,1981-06-19,7.532,7.6279,0.0959
train,1981-06-20,9.05,9.0753,0.0253
train,1981-06-21,8.4,8.4245,0.0245
train,1981-06-22,8.89,8.8635,-0.0265
train,1981-06-23,8.578,8.5708,-0.0072
train,1981-06-24,9.428,9.5471,0.1191
train,1981-06-25,8.77,8.7654,-0.0046
train,1981-06-26,8.39,8.4509,0.0609
train,1981-06-27,9.448,9.325,-0.123
train,1981-06-28,9.072,8.5858,-0.4862
train,1981-06-29,9.22,9.2847,0.0647
train,1981-06-30,8.686,8.7169,0.0309
train,1981-07-01,8.626,8.6693,0.0433
train,1981-07-02,8.8,8.7801,-0.0199
train,1981-07-03,8.32,8.331,0.011
train,1981-07-04,9.26,9.4782,0.2182
train,1981-07-05,8.5,8.5263,0.0263
train,1981-07-06,9.66,9.4099,-0.2501
train,1981-07-07,8.27,8.3034,0.0334
train,1981-07-08,9.094,9.2244,0.1304
train,1981-07-09,8.48,8.502,0.022
train,1981-07-10,8.69,8.8153,0.1253
train,1981-07-11,9.834,9.4259,-0.4081
train,1981-07-12,8.45,8.5157,0.0657
train,1981-07-13,8.836,8.8588,0.0228
train,1981-07-14,8.87,8.9864,0.1164
train,1981-07-15,8.152,8.176,0.024
train,1981-07-16,10.32,11.1668,0.8468
train,1981-07-17,8.056,8.056,0.0
train,1981-07-18,9.27,9.3655,0.0955
train,1981-07-19,8.7,8.6608,-0.0392
train,1981-07-20,9.246,9.2619,0.0159
train,1981-07-21,9.15,9.222,0.072
train,1981-07-22,9.198,8.5417,-0.6563
train,1981-07-23,8.706,8.6715,-0.0345
train,1981-07-24,11.006,10.1108,-0.8952
train,1981-07-25,8.118,8.2895,0.1715
train,1981-07-26,8.176,8.2219,0.0459
train,1981-07-27,8.82,9.9291,1.1091
train,1981-07-28,8.45,8.4606,0.0106
train,1981-07-29,12.35,10.7779,-1.5721
train,1981-07-30,8.45,8.4706,0.0206
train,1981-07-31,8.27,8.3227,0.0527
train,1981-08-01,9.502,8.7658,-0.7362
train,1981-08-02,8.47,8.468,-0.002
train,1981-08-03,8.426,8.4186,-0.0074
train,1981-08-04,8.214,8.2643,0.0503
train,1981-08-05,9.58,9.4191,-0.1609
train,1981-08-06,8.32,8.3457,0.0257
train,1981-08-07,9.37,9.1111,-0.2589
train,1981-08-08,8.05,8.0719,0.0219
train,1981-08-09,8.566,8.5481,-0.0179
train,1981-08-10,8.796,8.8529,0.0569
train,1981-08-11,9.078,9.4933,0.4153
train,1981-08-12,8.47,8.4763,0.0063
train,1981-08-13,8.24,8.2183,-0.0217
train,1981-08-14,8.43,8.4815,0.0515
train,1981-08-15,8.636,8.7366,0.1006
train,1981-08-16,9.418,9.2888,-0.1292
train,1981-08-17,8.09,8.1234,0.0334
train,1981-08-18,8.31,8.311,0.001
train,1981-08-19,8.066,8.1152,0.0492
train,1981-08-20,9.15,9.196,0.046
train,1981-08-21,8.076,8.0979,0.0219
train,1981-08-22,8.25,8.256,0.006
train,1981-08-23,8.51,8.5385,0.0285
train,1981-08-24,8.37,8.3514,-0.0186
train,1981-08-25,8.2,8.1778,-0.0222
train,1981-08-26,8.754,8.6144,-0.1396
train,1981-08-27,9.83,9.9437,0.1137
train,1981-08-28,8.37,8.3887,0.0187
train,1981-08-29,8.86,8.7456,-0.1144
train,1981-08-30,9.1,9.1786,0.0786
train,1981-08-31,9.01,9.2449,0.2349
train,1981-09-01,7.194,7.4314,0.2374
train,1981-09-02,8.96,9.1888,0.2288
train,1981-09-03,8.61,8.6133,0.0033
train,1981-09-04,8.45,8.456,0.006
train,1981-09-05,8.428,8.4571,0.0291
train,1981-09-06,8.04,8.1325,0.0925
train,1981-09-07,8.44,8.4623,0.0223
train,1981-09-08,8.468,8.5087,0.0407
train,1981-09-09,8.234,8.2465,0.0125
train,1981-09-10,8.364,8.2684,-0.0956
train,1981-09-11,8.156,8.1911,0.0351
train,1981-09-12,8.4,8.5828,0.1828
train,1981-09-13,9.054,9.2335,0.1795
train,1981-09-14,8.83,9.076,0.246
train,1981-09-15,8.19,8.2072,0.0172
train,1981-09-16,8.42,8.4241,0.0041
train,1981-09-17,9.39,9.477,0.087
train,1981-09-18,9.442,9.2623,-0.1797
train,1981-09-19,8.406,8.4591,0.0531
train,1981-09-20,7.91,8.019,0.109
train,1981-09-21,8.61,8.6173,0.0073
train,1981-09-22,8.46,8.5094,0.0494
train,1981-09-23,8.15,8.1356,-0.0144
train,1981-09-24,8.39,8.6734,0.2834
train,1981-09-25,8.45,8.4559,0.0059
train,1981-09-26,8.25,8.2932,0.0432
train,1981-09-27,10.258,9.6536,-0.6044
train,1981-09-28,8.51,8.6307,0.1207
train,1981-09-29,8.07,8.0819,0.0119
train,1981-09-30,8.38,8.5066,0.1266
train,1981-10-01,8.75,8.8404,0.0904
train,1981-10-02,9.01,8.492,-0.518
train,1981-10-03,8.76,8.8843,0.1243
train,1981-10-04,11.33,10.2728,-1.0572
train,1981-10-05,8.788,8.6275,-0.1605
train,1981-10-06,8.95,8.6449,-0.3051
train,1981-10-07,10.29,10.1377,-0.1523
train,1981-10-08,8.37,8.3881,0.0181
train,1981-10-09,9.26,9.5215,0.2615
train,1981-10-10,9.12,8.841,-0.279
train,1981-10-11,9.32,9.4914,0.1714
train,1981-10-12,8.37,8.3983,0.0283
train,1981-10-13,9.89,8.7573,-1.1327
train,1981-10-14,8.64,8.574,-0.066
train,1981-10-15,7.44,7.6222,0.1822
train,1981-10-16,8.95,8.9421,-0.0079
train,1981-10-17,8.38,8.5509,0.1709
train,1981-10-18,8.46,8.4762,0.0162
train,1981-10-19,8.394,8.2709,-0.1231
train,1981-10-20,8.23,8.2084,-0.0216
train,1981-10-21,10.604,11.1589,0.5549
train,1981-10-22,9.48,9.062,-0.418
train,1981-10-23,9.54,9.973,0.433
train,1981-10-24,7.79,7.9304,0.1404
train,1981-10-25,8.69,8.8073,0.1173
train,1981-10-26,8.58,8.5743,-0.0057
train,1981-10-27,10.86,8.8971,-1.9629
train,1981-10-28,8.33,8.3566,0.0266
train,1981-10-29,8.93,8.9386,0.0086
train,1981-10-30,8.71,8.8191,0.1091
train,1981-10-31,8.7,8.7189,0.0189
train,1981-11-01,8.83,8.7896,-0.0404
train,1981-11-02,8.39,8.4089,0.0189
train,1981-11-03,7.922,7.9197,-0.0023
train,1981-11-04,8.4,8.4017,0.0017
train,1981-11-05,10.33,10.0346,-0.2954
train,1981-11-06,8.55,8.5689,0.0189
train,1981-11-07,8.47,8.6246,0.1546
train,1981-11-08,8.29,8.3047,0.0147
train,1981-11-09,8.63,8.6401,0.0101
train,1981-11-10,8.62,8.6069,-0.0131
train,1981-11-11,8.35,8.3886,0.0386
train,1981-11-12,8.08,8.1243,0.0443
train,1981-11-13,8.77,8.8366,0.0666
train,1981-11-14,8.64,8.6429,0.0029
train,1981-11-15,10.82,9.486,-1.334
train,1981-11-16,8.384,8.4316,0.0476
train,1981-11-17,9.75,9.9707,0.2207
train,1981-11-18,8.504,8.3355,-0.1685
train,1981-11-19,8.73,8.8777,0.1477
train,1981-11-20,8.366,8.4275,0.0615
train,1981-11-21,8.5,8.5951,0.0951
train,1981-11-22,9.23,9.4291,0.1991
train,1981-11-23,8.57,8.5993,0.0293
train,1981-11-24,8.42,8.4307,0.0107
train,1981-11-25,8.026,7.6785,-0.3475
train,1981-11-26,8.5,8.5174,0.0174
train,1981-11-27,7.48,7.5237,0.0437
train,1981-11-28,9.46,9.7742,0.3142
train,1981-11-29,9.23,9.2978,0.0678
train,1981-11-30,7.478,7.5789,0.1009
train,1981-12-01,8.65,8.5966,-0.0534
train,1981-12-02,9.65,9.5883,-0.0617
train,1981-12-03,8.67,8.6269,-0.0431
train,1981-12-04,8.78,9.0444,0.2644
train,1981-12-05,8.36,8.3542,-0.0058
train,1981-12-06,9.45,9.0598,-0.3902
train,1981-12-07,8.008,8.0191,0.0111
train,1981-12-08,8.43,8.5456,0.1156
train,1981-12-09,6.204,6.5718,0.3678
train,1981-12-10,8.4,8.4048,0.0048
train,1981-12-11,8.326,8.3338,0.0078
train,1981-12-12,9.07,9.4441,0.3741
train,1981-12-13,8.118,8.1549,0.0369
train,1981-12-14,9.35,10.0452,0.6952
train,1981-12-15,9.156,9.1095,-0.0465
train,1981-12-16,8.56,8.6373,0.0773
train,1981-12-17,8.32,8.3493,0.0293
train,1981-12-18,8.79,8.6684,-0.1216
train,1981-12-19,8.66,8.655,-0.005
train,1981-12-20,8.44,8.4636,0.0236
train,1981-12-21,9.022,9.0104,-0.0116
train,1981-12-22,8.616,8.6087,-0.0073
train,1981-12-23,9.666,9.9046,0.2386
train,1981-12-24,9.23,9.3176,0.0876
train,1981-12-25,8.51,8.5024,-0.0076
train,1981-12-26,8.56,8.5789,0.0189
train,1981-12-27,8.26,8.4191,0.1591
train,1981-12-28,8.41,8.4608,0.0508
train,1981-12-29,11.762,10.9382,-0.8238
train,1981-12-30,8.58,8.5716,-0.0084
train,1981-12-31,9.842,9.9688,0.1268
train,1982-01-01,9.4,9.4428,0.0428
train,1982-01-02,9.38,9.082,-0.298
train,1982-01-03,8.38,8.3921,0.0121
train,1982-01-04,9.12,9.172,0.052
train,1982-01-05,9.176,9.0961,-0.0799
train,1982-01-06,9.58,8.9414,-0.6386
train,1982-01-07,8.44,8.5473,0.1073
train,1982-01-08,8.604,8.4509,-0.1531
train,1982-01-09,9.75,9.6496,-0.1004
train,1982-01-10,8.458,8.4258,-0.0322
train,1982-01-11,8.55,8.5394,-0.0106
train,1982-01-12,9.05,9.0435,-0.0065
train,1982-01-13,8.49,8.5197,0.0297
train,1982-01-14,7.732,7.6632,-0.0688
train,1982-01-15,8.088,8.1295,0.0415
train,1982-01-16,8.672,8.6881,0.0161
train,1982-01-17,9.03,9.1297,0.0997
train,1982-01-18,8.57,8.5653,-0.0047
train,1982-01-19,9.524,10.1526,0.6286
train,1982-01-20,8.43,8.4162,-0.0138
train,1982-01-21,8.41,8.4353,0.0253
train,1982-01-22,7.56,7.5098,-0.0502
train,1982-01-23,10.172,9.2223,-0.9497
train,1982-01-24,8.61,8.5404,-0.0696
train,1982-01-25,8.52,8.5358,0.0158
train,1982-01-26,8.58,8.6074,0.0274
train,1982-01-27,8.3,8.3426,0.0426
train,1982-01-28,8.64,8.6604,0.0204
train,1982-01-29,9.18,9.3451,0.1651
train,1982-01-30,8.19,8.2385,0.0485
train,1982-01-31,8.43,8.4643,0.0343
train,1982-02-01,8.342,8.482,0.14
train,1982-02-02,8.32,8.379,0.059
train,1982-02-03,8.29,8.3143,0.0243
train,1982-02-04,9.49,9.5194,0.0294
train,1982-02-05,8.76,8.7344,-0.0256
train,1982-02-06,9.86,9.339,-0.521
train,1982-02-07,8.42,8.4383,0.0183
train,1982-02-08,11.06,10.0175,-1.0425
train,1982-02-09,8.26,8.265,0.005
train,1982-02-10,8.66,8.6984,0.0384
train,1982-02-11,9.1,9.3167,0.2167
train,1982-02-12,8.56,8.5507,-0.0093
train,1982-02-13,8.48,8.7754,0.2954
train,1982-02-14,8.52,8.5644,0.0444
train,1982-02-15,9.27,9.2503,-0.0197
train,1982-02-16,8.562,8.4895,-0.0725
train,1982-02-17,6.784,6.7398,-0.0442
train,1982-02-18,8.97,9.0109,0.0409
train,1982-02-19,9.56,9.7176,0.1576
train,1982-02-20,8.496,8.5219,0.0259
train,1982-02-21,8.55,8.6257,0.0757
train,1982-02-22,8.96,8.924,-0.036
train,1982-02-23,8.82,9.1863,0.3663
train,1982-02-24,8.31,8.3531,0.0431
train,1982-02-25,10.0,10.268,0.268
train,1982-02-26,8.78,8.8312,0.0512
train,1982-02-27,9.81,9.7799,-0.0301
train,1982-02-28,8.168,8.8588,0.6908
train,1982-03-01,8.46,8.4781,0.0181
train,1982-03-02,8.29,8.3501,0.0601
train,1982-03-03,8.83,9.0125,0.1825
train,1982-03-04,7.978,7.9913,0.0133
train,1982-03-05,9.25,9.6804,0.4304
train,1982-03-06,8.686,8.6828,-0.0032
train,1982-03-07,8.53,8.5067,-0.0233
train,1982-03-08,8.138,8.2101,0.0721
train,1982-03-09,9.38,9.2871,-0.0929
train,1982-03-10,10.572,11.1365,0.5645
train,1982-03-11,8.78,8.5676,-0.2124
train,1982-03-12,7.588,7.7416,0.1536
train,1982-03-13,8.43,8.4832,0.0532
train,1982-03-14,8.3,8.3139,0.0139
train,1982-03-15,9.018,8.963,-0.055
train,1982-03-16,8.13,8.1761,0.0461
train,1982-03-17,9.03,8.997,-0.033
train,1982-03-18,8.44,8.4543,0.0143
train,1982-03-19,11.6,11.2758,-0.3242
train,1982-03-20,8.63,8.7306,0.1006
train,1982-03-21,9.73,10.0514,0.3214
train,1982-03-22,8.58,8.6152,0.0352
train,1982-03-23,9.8,9.4658,-0.3342
train,1982-03-24,10.26,10.4558,0.1958
train,1982-03-25,8.6,8.6308,0.0308
train,1982-03-26,9.054,9.093,0.039
train,1982-03-27,8.47,8.5163,0.0463
train,1982-03-28,9.53,10.0382,0.5082
train,1982-03-29,8.572,9.0112,0.4392
train,1982-03-30,8.6,8.6574,0.0574
train,1982-03-31,9.62,9.5388,-0.0812
train,1982-04-01,8.18,8.1863,0.0063
train,1982-04-02,8.57,8.6028,0.0328
train,1982-04-03,9.08,9.2357,0.1557
train,1982-04-04,8.396,8.4239,0.0279
train,1982-04-05,8.48,8.4743,-0.0057
train,1982-04-06,9.45,9.3973,-0.0527
train,1982-04-07,8.06,8.0931,0.0331
train,1982-04-08,8.72,8.7452,0.0252
train,1982-04-09,8.93,8.8804,-0.0496
train,1982-04-10,8.48,8.5331,0.0531
train,1982-04-11,9.09,9.1689,0.0789
train,1982-04-12,8.27,8.2991,0.0291
train,1982-04-13,8.672,9.091,0.419
train,1982-04-14,8.43,8.4474,0.0174
train,1982-04-15,8.256,8.28,0.024
train,1982-04-16,11.056,10.507,-0.549
train,1982-04-17,9.16,9.3551,0.1951
train,1982-04-18,8.48,8.5288,0.0488
train,1982-04-19,9.37,9.1389,-0.2311
train,1982-04-20,8.89,9.1698,0.2798
train,1982-04-21,9.17,9.3824,0.2124
train,1982-04-22,8.786,8.63,-0.156
train,1982-04-23,8.48,8.4986,0.0186
train,1982-04-24,7.47,7.5018,0.0318
train,1982-04-25,9.474,9.5719,0.0979
train,1982-04-26,8.59,8.5717,-0.0183
train,1982-04-27,8.834,8.7758,-0.0582
train,1982-04-28,8.11,8.1401,0.0301
train,1982-04-29,8.07,8.124,0.054
train,1982-04-30,12.85,11.8785,-0.9715
train,1982-05-01,8.61,8.6128,0.0028
train,1982-05-02,8.97,8.5568,-0.4132
train,1982-05-03,8.23,8.2806,0.0506
train,1982-05-04,8.33,8.4167,0.0867
train,1982-05-05,8.36,8.364,0.004
train,1982-05-06,8.34,8.3469,0.0069
train,1982-05-07,8.39,8.4461,0.0561
train,1982-05-08,8.42,8.4337,0.0137
train,1982-05-09,8.82,8.7948,-0.0252
train,1982-05-10,8.304,8.3702,0.0662
train,1982-05-11,8.3,8.286,-0.014
train,1982-05-12,8.85,9.2178,0.3678
train,1982-05-13,8.4,8.4128,0.0128
train,1982-05-14,8.77,8.9082,0.1382
train,1982-05-15,8.43,8.4473,0.0173
train,1982-05-16,8.29,8.2626,-0.0274
train,1982-05-17,10.57,10.569,-0.001
train,1982-05-18,8.43,8.4648,0.0348
train,1982-05-19,8.71,8.6905,-0.0195
train,1982-05-20,7.704,7.6945,-0.0095
train,1982-05-21,8.82,8.7926,-0.0274
train,1982-05-22,9.6,9.5902,-0.0098
train,1982-05-23,8.52,8.5369,0.0169
train,1982-05-24,8.86,8.7818,-0.0782
train,1982-05-25,7.924,7.9703,0.0463
train,1982-05-26,10.612,9.2253,-1.3867
train,1982-05-27,8.58,8.505,-0.075
train,1982-05-28,9.2,9.3733,0.1733
train,1982-05-29,8.742,9.0524,0.3104
train,1982-05-30,8.44,8.4476,0.0076
train,1982-05-31,8.83,8.6687,-0.1613
train,1982-06-01,9.27,8.5393,-0.7307
train,1982-06-02,8.42,8.4625,0.0425
train,1982-06-03,9.158,9.6142,0.4562
train,1982-06-04,7.69,7.6954,0.0054
train,1982-06-05,9.16,8.5574,-0.6026
train,1982-06-06,11.11,9.1716,-1.9384
train,1982-06-07,7.904,8.2798,0.3758
train,1982-06-08,9.13,8.7598,-0.3702
train,1982-06-09,8.44,8.405,-0.035
train,1982-06-10,8.194,8.229,0.035
train,1982-06-11,9.26,9.0962,-0.1638
train,1982-06-12,8.88,8.9899,0.1099
train,1982-06-13,8.48,8.5698,0.0898
train,1982-06-14,10.636,9.2788,-1.3572
train,1982-06-15,8.66,8.5991,-0.0609
train,1982-06-16,8.51,8.5491,0.0391
train,1982-06-17,8.344,8.6941,0.3501
train,1982-06-18,8.43,8.4693,0.0393
train,1982-06-19,8.36,8.4043,0.0443
train,1982-06-20,8.51,8.5711,0.0611
train,1982-06-21,8.08,8.1271,0.0471
train,1982-06-22,7.96,7.9918,0.0318
train,1982-06-23,10.52,9.9205,-0.5995
train,1982-06-24,8.51,8.8184,0.3084
train,1982-06-25,8.73,8.7206,-0.0094
train,1982-06-26,9.15,8.9283,-0.2217
train,1982-06-27,9.94,10.4964,0.5564
train,1982-06-28,8.0,8.075,0.075
train,1982-06-29,8.64,8.7235,0.0835
train,1982-06-30,9.678,9.4349,-0.2431
train,1982-07-01,8.36,8.3805,0.0205
train,1982-07-02,8.28,8.2846,0.0046
train,1982-07-03,8.53,8.6658,0.1358
train,1982-07-04,8.41,8.6284,0.2184
train,1982-07-05,8.36,8.3697,0.0097
train,1982-07-06,8.68,8.7031,0.0231
train,1982-07-07,8.91,8.9448,0.0348
train,1982-07-08,8.466,8.5043,0.0383
train,1982-07-09,8.18,8.1689,-0.0111
train,1982-07-10,8.792,8.8033,0.0113
train,1982-07-11,9.36,10.157,0.797
train,1982-07-12,9.24,9.4986,0.2586
train,1982-07-13,8.36,8.3948,0.0348
train,1982-07-14,8.59,8.6024,0.0124
train,1982-07-15,8.368,8.3976,0.0296
train,1982-07-16,8.55,8.4367,-0.1133
train,1982-07-17,8.51,8.6791,0.1691
train,1982-07-18,9.27,9.2736,0.0036
train,1982-07-19,8.43,8.449,0.019
train,1982-07-20,8.47,8.4526,-0.0174
train,1982-07-21,8.54,8.6255,0.0855
train,1982-07-22,9.12,9.2567,0.1367
train,1982-07-23,8.28,8.332,0.052
train,1982-07-24,8.584,8.6824,0.0984
train,1982-07-25,8.87,8.882,0.012
train,1982-07-26,9.11,9.0913,-0.0187
train,1982-07-27,7.18,7.1921,0.0121
train,1982-07-28,8.89,8.7522,-0.1378
train,1982-07-29,9.55,9.7684,0.2184
train,1982-07-30,9.85,9.9604,0.1104
train,1982-07-31,8.632,8.585,-0.047
train,1982-08-01,9.638,9.582,-0.056
train,1982-08-02,9.12,9.0809,-0.0391
train,1982-08-03,10.286,10.2881,0.0021
train,1982-08-04,8.49,8.5111,0.0211
train,1982-08-05,8.024,8.0798,0.0558
train,1982-08-06,8.14,8.1365,-0.0035
train,1982-08-07,9.85,9.3964,-0.4536
train,1982-08-08,8.6,8.6649,0.0649
train,1982-08-09,8.11,8.3839,0.2739
train,1982-08-10,8.65,8.5392,-0.1108
train,1982-08-11,8.73,9.0598,0.3298
train,1982-08-12,9.46,9.7725,0.3125
train,1982-08-13,8.51,8.5303,0.0203
train,1982-08-14,8.61,8.8226,0.2126
train,1982-08-15,8.28,8.2804,0.0004
train,1982-08-16,8.244,8.2876,0.0436
train,1982-08-17,8.34,8.3931,0.0531
train,1982-08-18,8.4,8.4564,0.0564
train,1982-08-19,8.65,8.6364,-0.0136
train,1982-08-20,8.39,8.395,0.005
train,1982-08-21,10.22,9.8588,-0.3612
train,1982-08-22,8.29,8.3189,0.0289
train,1982-08-23,10.4,8.7667,-1.6333
train,1982-08-24,9.9,9.7131,-0.1869
train,1982-08-25,10.444,9.0438,-1.4002
train,1982-08-26,8.73,8.8046,0.0746
train,1982-08-27,8.72,8.686,-0.034
train,1982-08-28,8.716,8.722,0.006
train,1982-08-29,8.644,8.6634,0.0194
train,1982-08-30,8.496,8.7459,0.2499
train,1982-08-31,8.224,8.2241,0.0001
train,1982-09-01,8.73,8.6856,-0.0444
train,1982-09-02,9.17,9.7116,0.5416
train,1982-09-03,8.97,8.9372,-0.0328
train,1982-09-04,7.55,7.6399,0.0899
train,1982-09-05,8.744,8.7338,-0.0102
train,1982-09-06,8.75,8.7263,-0.0237
train,1982-09-07,8.198,8.225,0.027
train,1982-09-08,10.23,10.1385,-0.0915
train,1982-09-09,8.49,8.5116,0.0216
train,1982-09-10,8.51,8.5368,0.0268
train,1982-09-11,8.49,8.5022,0.0122
train,1982-09-12,9.594,9.5436,-0.0504
train,1982-09-13,9.098,9.2801,0.1821
train,1982-09-14,8.19,8.2207,0.0307
train,1982-09-15,8.55,8.5524,0.0024
train,1982-09-16,7.818,8.14,0.322
train,1982-09-17,8.29,8.297,0.007
train,1982-09-18,8.58,8.7339,0.1539
train,1982-09-19,8.37,8.3995,0.0295
train,1982-09-20,8.36,8.3837,0.0237
train,1982-09-21,9.59,9.6091,0.0191
train,1982-09-22,8.068,8.062,-0.006
train,1982-09-23,8.42,8.4209,0.0009
train,1982-09-24,8.49,8.5026,0.0126
train,1982-09-25,8.816,9.1707,0.3547
train,1982-09-26,8.56,8.5869,0.0269
train,1982-09-27,8.59,8.5727,-0.0173
train,1982-09-28,11.57,9.2428,-2.3272
train,1982-09-29,11.06,10.6385,-0.4215
train,1982-09-30,9.526,8.9231,-0.6029
train,1982-10-01,8.21,8.361,0.151
train,1982-10-02,8.31,8.3407,0.0307
train,1982-10-03,8.78,8.8775,0.0975
train,1982-10-04,8.924,9.3541,0.4301
train,1982-10-05,9.15,9.168,0.018
train,1982-10-06,9.102,8.6797,-0.4223
train,1982-10-07,8.69,8.8031,0.1131
train,1982-10-08,11.43,10.9813,-0.4487
train,1982-10-09,9.02,9.2637,0.2437
train,1982-10-10,8.854,8.9447,0.0907
train,1982-10-11,8.132,8.1988,0.0668
train,1982-10-12,8.55,8.5307,-0.0193
train,1982-10-13,9.2,9.3878,0.1878
train,1982-10-14,9.35,9.4152,0.0652
train,1982-10-15,8.752,8.553,-0.199
train,1982-10-16,9.456,9.2024,-0.2536
train,1982-10-17,9.02,9.2029,0.1829
train,1982-10-18,10.07,10.2804,0.2104
train,1982-10-19,8.38,8.4171,0.0371
train,1982-10-20,8.89,8.7872,-0.1028
train,1982-10-21,8.624,8.6641,0.0401
train,1982-10-22,8.556,8.5214,-0.0346
train,1982-10-23,8.58,8.5579,-0.0221
train,1982-10-24,8.61,8.5559,-0.0541
train,1982-10-25,8.76,8.7189,-0.0411
train,1982-10-26,7.7,8.0047,0.3047
train,1982-10-27,9.82,9.7279,-0.0921
train,1982-10-28,8.04,8.2433,0.2033
train,1982-10-29,8.39,8.394,0.004
train,1982-10-30,8.926,8.996,0.07
train,1982-10-31,9.91,10.1041,0.1941
train,1982-11-01,8.946,9.3158,0.3698
train,1982-11-02,8.68,8.6487,-0.0313
train,1982-11-03,9.91,9.7211,-0.1889
train,1982-11-04,9.028,9.1555,0.1275
train,1982-11-05,8.46,8.4619,0.0019
train,1982-11-06,8.45,8.624,0.174
train,1982-11-07,8.384,8.4576,0.0736
train,1982-11-08,8.43,8.5249,0.0949
train,1982-11-09,8.4,8.4372,0.0372
train,1982-11-10,8.266,8.3863,0.1203
train,1982-11-11,8.81,8.8211,0.0111
train,1982-11-12,8.534,8.6323,0.0983
train,1982-11-13,8.52,8.5087,-0.0113
train,1982-11-14,8.75,8.7904,0.0404
train,1982-11-15,8.324,8.3709,0.0469
train,1982-11-16,9.35,9.8435,0.4935
train,1982-11-17,8.68,8.4791,-0.2009
train,1982-11-18,8.6,8.6601,0.0601
train,1982-11-19,8.52,8.4812,-0.0388
train,1982-11-20,8.6,8.578,-0.022
train,1982-11-21,8.946,9.0119,0.0659
train,1982-11-22,9.39,9.662,0.272
train,1982-11-23,8.49,8.5553,0.0653
train,1982-11-24,9.74,10.0812,0.3412
train,1982-11-25,10.71,10.3789,-0.3311
train,1982-11-26,8.63,8.6219,-0.0081
train,1982-11-27,8.58,8.5607,-0.0193
train,1982-11-28,8.36,8.3137,-0.0463
train,1982-11-29,8.1,8.1305,0.0305
train,1982-11-30,8.4,8.4469,0.0469
train,1982-12-01,9.59,9.5878,-0.0022
train,1982-12-02,8.544,8.7831,0.2391
train,1982-12-03,8.62,8.6011,-0.0189
train,1982-12-04,8.344,8.3828,0.0388
train,1982-12-05,8.97,9.0084,0.0384
train,1982-12-06,8.194,8.2311,0.0371
train,1982-12-07,8.65,8.6435,-0.0065
train,1982-12-08,8.49,8.5308,0.0408
train,1982-12-09,8.76,9.0345,0.2745
train,1982-12-10,8.54,8.5619,0.0219
train,1982-12-11,8.26,8.2633,0.0033
train,1982-12-12,8.26,8.3168,0.0568
train,1982-12-13,9.15,9.4063,0.2563
train,1982-12-14,9.102,9.1498,0.0478
train,1982-12-15,7.528,7.5335,0.0055
train,1982-12-16,9.28,9.5943,0.3143
train,1982-12-17,8.83,8.7913,-0.0387
train,1982-12-18,8.62,8.7847,0.1647
train,1982-12-19,9.17,9.4922,0.3222
train,1982-12-20,8.42,8.4623,0.0423
train,1982-12-21,8.62,8.5824,-0.0376
train,1982-12-22,11.17,11.2406,0.0706
train,1982-12-23,8.38,8.4108,0.0308
train,1982-12-24,9.704,9.5096,-0.1944
train,1982-12-25,8.71,8.7077,-0.0023
train,1982-12-26,8.88,8.8292,-0.0508
train,1982-12-27,9.67,9.7237,0.0537
train,1982-12-28,9.54,9.6635,0.1235
train,1982-12-29,8.59,8.5519,-0.0381
train,1982-12-30,8.496,8.4728,-0.0232
train,1982-12-31,8.36,8.3856,0.0256
train,1983-01-01,8.396,8.4347,0.0387
train,1983-01-02,8.8,8.8651,0.0651
train,1983-01-03,8.83,8.9821,0.1521
train,1983-01-04,8.58,8.6143,0.0343
train,1983-01-05,7.99,8.0013,0.0113
train,1983-01-06,10.224,10.1179,-0.1061
train,1983-01-07,8.43,8.4334,0.0034
train,1983-01-08,8.994,9.1577,0.1637
train,1983-01-09,8.29,8.3114,0.0214
train,1983-01-10,8.47,8.491,0.021
train,1983-01-11,8.95,9.0759,0.1259
train,1983-01-12,11.88,10.2744,-1.6056
train,1983-01-13,8.234,8.2597,0.0257
train,1983-01-14,8.24,8.2783,0.0383
train,1983-01-15,9.024,9.1424,0.1184
train,1983-01-16,8.91,9.1039,0.1939
train,1983-01-17,8.43,8.4799,0.0499
train,1983-01-18,8.37,8.5627,0.1927
train,1983-01-19,9.34,9.6726,0.3326
train,1983-01-20,8.64,8.6645,0.0245
train,1983-01-21,9.38,9.3787,-0.0013
train,1983-01-22,8.58,8.5347,-0.0453
train,1983-01-23,8.69,8.5575,-0.1325
train,1983-01-24,8.36,8.3989,0.0389
train,1983-01-25,8.6,8.6019,0.0019
train,1983-01-26,9.358,9.3319,-0.0261
train,1983-01-27,8.8,8.5643,-0.2357
train,1983-01-28,8.214,8.4373,0.2233
train,1983-01-29,8.54,8.6635,0.1235
train,1983-01-30,8.84,8.7408,-0.0992
train,1983-01-31,8.28,8.3577,0.0777
train,1983-02-01,8.57,8.5744,0.0044
train,1983-02-02,7.968,8.0393,0.0713
train,1983-02-03,9.034,8.5982,-0.4358
train,1983-02-04,8.31,8.3099,-0.0001
train,1983-02-05,9.44,9.6957,0.2557
train,1983-02-06,8.162,8.2818,0.1198
train,1983-02-07,11.0,10.6959,-0.3041
train,1983-02-08,8.86,8.8128,-0.0472
train,1983-02-09,8.56,8.5837,0.0237
train,1983-02-10,8.28,8.3433,0.0633
train,1983-02-11,7.17,7.1717,0.0017
train,1983-02-12,9.1,9.1139,0.0139
train,1983-02-13,8.48,8.4836,0.0036
train,1983-02-14,8.41,8.4117,0.0017
train,1983-02-15,8.9,8.9694,0.0694
train,1983-02-16,8.08,8.1204,0.0404
train,1983-02-17,8.726,8.8509,0.1249
train,1983-02-18,8.41,8.4518,0.0418
train,1983-02-19,8.33,8.3314,0.0014
train,1983-02-20,8.49,8.4735,-0.0165
train,1983-02-21,9.11,9.1727,0.0627
train,1983-02-22,9.4,9.5109,0.1109
train,1983-02-23,8.99,9.3204,0.3304
train,1983-02-24,7.644,7.6435,-0.0005
train,1983-02-25,9.07,9.1746,0.1046
train,1983-02-26,8.13,8.1858,0.0558
train,1983-02-27,9.68,9.2748,-0.4052
train,1983-02-28,8.62,8.7456,0.1256
train,1983-03-01,8.73,8.9012,0.1712
train,1983-03-02,9.87,8.664,-1.206
train,1983-03-03,10.01,9.9479,-0.0621
train,1983-03-04,8.32,8.3106,-0.0094
train,1983-03-05,9.414,9.1118,-0.3022
train,1983-03-06,8.74,8.5092,-0.2308
train,1983-03-07,9.008,9.0402,0.0322
train,1983-03-08,8.99,9.4087,0.4187
train,1983-03-09,9.28,9.3598,0.0798
train,1983-03-10,8.418,8.4379,0.0199
train,1983-03-11,9.04,9.2567,0.2167
train,1983-03-12,8.29,8.3243,0.0343
train,1983-03-13,9.42,9.4418,0.0218
train,1983-03-14,8.818,8.8678,0.0498
train,1983-03-15,9.704,9.2993,-0.4047
train,1983-03-16,9.232,9.1613,-0.0707
train,1983-03-17,8.88,8.9116,0.0316
train,1983-03-18,8.604,8.6299,0.0259
train,1983-03-19,8.36,8.3898,0.0298
train,1983-03-20,9.22,9.7143,0.4943
train,1983-03-21,8.34,8.377,0.037
train,1983-03-22,11.314,10.5428,-0.7712
train,1983-03-23,8.156,8.2544,0.0984
train,1983-03-24,8.7,8.8314,0.1314
train,1983-03-25,8.46,8.4719,0.0119
train,1983-03-26,8.184,7.2835,-0.9005
train,1983-03-27,8.65,8.6821,0.0321
train,1983-03-28,8.352,8.4337,0.0817
train,1983-03-29,8.42,8.4282,0.0082
train,1983-03-30,8.41,8.4476,0.0376
train,1983-03-31,8.99,9.4119,0.4219
train,1983-04-01,9.226,9.4191,0.1931
train,1983-04-02,8.798,8.973,0.175
train,1983-04-03,8.57,8.9825,0.4125
train,1983-04-04,8.49,8.485,-0.005
train,1983-04-05,8.55,8.5463,-0.0037
train,1983-04-06,8.33,8.381,0.051
train,1983-04-07,8.016,8.0035,-0.0125
train,1983-04-08,9.04,9.0026,-0.0374
train,1983-04-09,8.35,8.3996,0.0496
train,1983-04-10,8.39,8.4085,0.0185
train,1983-04-11,8.586,8.622,0.036
train,1983-04-12,8.65,8.6428,-0.0072
train,1983-04-13,8.79,8.9207,0.1307
train,1983-04-14,8.62,8.6085,-0.0115
train,1983-04-15,8.76,9.1809,0.4209
train,1983-04-16,8.484,8.485,0.001
train,1983-04-17,8.7,8.6454,-0.0546
train,1983-04-18,9.46,9.9436,0.4836
train,1983-04-19,7.97,8.0837,0.1137
train,1983-04-20,9.32,8.987,-0.333
train,1983-04-21,8.55,8.6439,0.0939
train,1983-04-22,7.19,7.1482,-0.0418
train,1983-04-23,9.724,10.3199,0.5959
train,1983-04-24,8.34,8.3824,0.0424
train,1983-04-25,8.4,8.4022,0.0022
train,1983-04-26,9.048,9.5588,0.5108
train,1983-04-27,6.87,6.8875,0.0175
train,1983-04-28,8.5,8.6012,0.1012
train,1983-04-29,9.48,10.0536,0.5736
train,1983-04-30,8.366,8.8417,0.4757
train,1983-05-01,8.432,8.184,-0.248
train,1983-05-02,8.546,8.6599,0.1139
train,1983-05-03,8.56,8.5833,0.0233
train,1983-05-04,8.45,8.4675,0.0175
train,1983-05-05,8.41,8.6548,0.2448
train,1983-05-06,8.5,8.4673,-0.0327
train,1983-05-07,8.7,8.6812,-0.0188
train,1983-05-08,8.612,8.6232,0.0112
train,1983-05-09,8.45,8.4751,0.0251
train,1983-05-10,8.55,8.5688,0.0188
train,1983-05-11,8.568,8.5456,-0.0224
train,1983-05-12,9.19,9.1861,-0.0039
train,1983-05-13,8.456,8.4728,0.0168
train,1983-05-14,8.89,8.8443,-0.0457
train,1983-05-15,9.024,9.2229,0.1989
train,1983-05-16,8.99,9.25,0.26
train,1983-05-17,8.72,8.5787,-0.1413
train,1983-05-18,8.324,8.4274,0.1034
train,1983-05-19,9.27,9.58,0.31
train,1983-05-20,8.53,8.5618,0.0318
train,1983-05-21,9.27,9.317,0.047
train,1983-05-22,8.642,8.8806,0.2386
train,1983-05-23,8.554,8.646,0.092
train,1983-05-24,8.71,8.6632,-0.0468
train,1983-05-25,8.64,8.6559,0.0159
train,1983-05-26,8.27,8.6315,0.3615
train,1983-05-27,10.02,9.6987,-0.3213
train,1983-05-28,8.68,8.7375,0.0575
train,1983-05-29,8.53,8.5288,-0.0012
train,1983-05-30,9.44,9.4889,0.0489
train,1983-05-31,9.75,9.5853,-0.1647
train,1983-06-01,8.42,8.4312,0.0112
train,1983-06-02,8.554,8.7151,0.1611
train,1983-06-03,8.5,8.5291,0.0291
train,1983-06-04,11.08,10.6777,-0.4023
train,1983-06-05,7.932,8.143,0.211
train,1983-06-06,8.58,8.5896,0.0096
train,1983-06-07,8.856,9.1628,0.3068
train,1983-06-08,9.73,9.9361,0.2061
train,1983-06-09,10.988,9.6685,-1.3195
train,1983-06-10,9.47,9.575,0.105
train,1983-06-11,9.95,10.0444,0.0944
train,1983-06-12,8.53,8.6099,0.0799
train,1983-06-13,7.166,6.773,-0.393
train,1983-06-14,8.02,8.0397,0.0197
train,1983-06-15,8.722,8.888,0.166
train,1983-06-16,9.44,8.8217,-0.6183
train,1983-06-17,7.726,7.8802,0.1542
train,1983-06-18,8.36,8.3242,-0.0358
train,1983-06-19,8.568,8.6631,0.0951
train,1983-06-20,9.11,8.9467,-0.1633
train,1983-06-21,8.59,8.6028,0.0128
train,1983-06-22,9.098,9.3171,0.2191
train,1983-06-23,8.208,7.9623,-0.2457
train,1983-06-24,8.43,8.4483,0.0183
train,1983-06-25,9.266,8.8852,-0.3808
train,1983-06-26,8.48,9.1066,0.6266
train,1983-06-27,10.642,10.913,0.271
train,1983-06-28,9.21,9.4096,0.1996
train,1983-06-29,6.89,7.0205,0.1305
train,1983-06-30,9.02,9.0376,0.0176
train,1983-07-01,8.94,9.2464,0.3064
train,1983-07-02,8.576,8.4039,-0.1721
train,1983-07-03,10.36,10.0288,-0.3312
train,1983-07-04,9.89,8.6351,-1.2549
train,1983-07-05,8.46,8.4997,0.0397
train,1983-07-06,9.412,10.1826,0.7706
train,1983-07-07,8.996,9.1059,0.1099
train,1983-07-08,8.42,8.4455,0.0255
train,1983-07-09,8.54,8.7075,0.1675
train,1983-07-10,8.446,8.6824,0.2364
train,1983-07-11,9.95,9.3335,-0.6165
train,1983-07-12,9.36,9.2128,-0.1472
train,1983-07-13,8.77,8.7794,0.0094
train,1983-07-14,8.67,8.661,-0.009
train,1983-07-15,8.81,9.0439,0.2339
train,1983-07-16,8.55,8.5556,0.0056
train,1983-07-17,10.49,9.5388,-0.9512
train,1983-07-18,8.08,8.0921,0.0121
train,1983-07-19,8.208,8.4364,0.2284
train,1983-07-20,9.064,9.0862,0.0222
train,1983-07-21,11.412,9.6384,-1.7736
train,1983-07-22,8.336,8.3588,0.0228
train,1983-07-23,8.902,9.5626,0.6606
train,1983-07-24,8.992,8.1178,-0.8742
train,1983-07-25,8.094,8.1072,0.0132
train,1983-07-26,8.124,8.1659,0.0419
train,1983-07-27,8.38,8.4484,0.0684
train,1983-07-28,8.55,8.565,0.015
train,1983-07-29,10.35,10.4401,0.0901
train,1983-07-30,10.22,9.8664,-0.3536
train,1983-07-31,8.43,8.4487,0.0187
train,1983-08-01,8.668,8.8307,0.1627
train,1983-08-02,8.44,8.3849,-0.0551
train,1983-08-03,8.63,8.6514,0.0214
train,1983-08-04,8.5,8.4416,-0.0584
train,1983-08-05,9.24,9.08,-0.16
train,1983-08-06,9.06,8.9599,-0.1001
train,1983-08-07,8.31,8.3464,0.0364
train,1983-08-08,9.55,9.9467,0.3967
train,1983-08-09,9.48,9.6343,0.1543
train,1983-08-10,8.76,8.7355,-0.0245
train,1983-08-11,8.98,9.0484,0.0684
train,1983-08-12,8.69,8.7789,0.0889
train,1983-08-13,9.23,9.2363,0.0063
train,1983-08-14,8.89,8.7547,-0.1353
train,1983-08-15,8.79,8.81,0.02
train,1983-08-16,8.66,8.7493,0.0893
train,1983-08-17,9.44,9.2187,-0.2213
train,1983-08-18,8.386,8.3826,-0.0034
train,1983-08-19,8.014,8.1407,0.1267
train,1983-08-20,8.37,8.4039,0.0339
train,1983-08-21,9.11,9.2475,0.1375
train,1983-08-22,8.56,8.548,-0.012
train,1983-08-23,9.41,9.2703,-0.1397
train,1983-08-24,8.34,8.364,0.024
train,1983-08-25,8.49,8.5478,0.0578
train,1983-08-26,8.32,8.3345,0.0145
train,1983-08-27,8.64,8.5664,-0.0736
train,1983-08-28,8.414,8.4654,0.0514
train,1983-08-29,8.68,8.6421,-0.0379
train,1983-08-30,8.8,8.7914,-0.0086
train,1983-08-31,10.73,11.1592,0.4292
train,1983-09-01,8.596,8.6724,0.0764
train,1983-09-02,9.638,9.8877,0.2497
train,1983-09-03,8.37,8.3765,0.0065
train,1983-09-04,8.37,8.3191,-0.0509
train,1983-09-05,8.51,8.5086,-0.0014
train,1983-09-06,8.78,8.7796,-0.0004
train,1983-09-07,8.79,8.8687,0.0787
train,1983-09-08,9.13,9.1435,0.0135
train,1983-09-09,8.816,8.7913,-0.0247
train,1983-09-10,8.466,8.4621,-0.0039
train,1983-09-11,8.48,8.495,0.015
train,1983-09-12,8.39,8.4135,0.0235
train,1983-09-13,8.304,8.4656,0.1616
train,1983-09-14,8.61,8.5786,-0.0314
train,1983-09-15,10.52,10.5826,0.0626
train,1983-09-16,9.31,8.9434,-0.3666
train,1983-09-17,8.52,8.517,-0.003
train,1983-09-18,8.276,8.4459,0.1699
train,1983-09-19,8.92,8.9653,0.0453
train,1983-09-20,8.94,9.0259,0.0859
train,1983-09-21,8.53,8.4905,-0.0395
train,1983-09-22,8.27,8.2972,0.0272
train,1983-09-23,8.62,8.6584,0.0384
train,1983-09-24,8.51,8.5178,0.0078
train,1983-09-25,8.46,8.348,-0.112
train,1983-09-26,8.778,8.8481,0.0701
train,1983-09-27,8.77,8.8072,0.0372
train,1983-09-28,8.68,8.6621,-0.0179
train,1983-09-29,8.47,8.5698,0.0998
train,1983-09-30,8.32,8.3529,0.0329
train,1983-10-01,8.64,8.6487,0.0087
train,1983-10-02,8.55,8.568,0.018
train,1983-10-03,10.19,10.7108,0.5208
train,1983-10-04,10.696,11.0874,0.3914
train,1983-10-05,8.22,8.2325,0.0125
train,1983-10-06,8.52,8.5954,0.0754
train,1983-10-07,8.394,8.4575,0.0635
train,1983-10-08,10.14,10.1747,0.0347
train,1983-10-09,8.54,8.6646,0.1246
train,1983-10-10,9.9,9.6788,-0.2212
train,1983-10-11,8.49,8.8713,0.3813
train,1983-10-12,10.91,10.8374,-0.0726
train,1983-10-13,8.28,8.3219,0.0419
train,1983-10-14,8.34,8.3869,0.0469
train,1983-10-15,8.68,8.6735,-0.0065
train,1983-10-16,8.58,8.5999,0.0199
train,1983-10-17,9.38,8.5325,-0.8475
train,1983-10-18,9.06,8.8092,-0.2508
train,1983-10-19,8.74,8.6965,-0.0435
train,1983-10-20,8.208,8.2345,0.0265
train,1983-10-21,8.76,8.7244,-0.0356
train,1983-10-22,8.24,8.4787,0.2387
train,1983-10-23,9.1,9.2815,0.1815
train,1983-10-24,8.284,8.3091,0.0251
train,1983-10-25,8.58,8.6073,0.0273
train,1983-10-26,9.684,9.7257,0.0417
train,1983-10-27,9.66,9.6577,-0.0023
train,1983-10-28,8.39,8.4139,0.0239
train,1983-10-29,9.26,9.4237,0.1637
train,1983-10-30,7.138,7.17,0.032
train,1983-10-31,8.48,8.4527,-0.0273
train,1983-11-01,7.75,7.7614,0.0114
train,1983-11-02,11.244,11.054,-0.19
train,1983-11-03,8.58,8.6146,0.0346
train,1983-11-04,8.08,8.1108,0.0308
train,1983-11-05,8.084,8.182,0.098
train,1983-11-06,9.438,9.4408,0.0028
train,1983-11-07,9.09,9.023,-0.067
train,1983-11-08,8.7,8.705,0.005
train,1983-11-09,8.12,8.14,0.02
train,1983-11-10,8.43,8.4806,0.0506
train,1983-11-11,8.78,9.0907,0.3107
train,1983-11-12,8.49,8.5138,0.0238
train,1983-11-13,8.97,8.8078,-0.1622
train,1983-11-14,8.55,8.5628,0.0128
train,1983-11-15,10.11,9.8771,-0.2329
train,1983-11-16,7.91,8.3284,0.4184
train,1983-11-17,9.46,9.239,-0.221
train,1983-11-18,8.37,8.3953,0.0253
train,1983-11-19,8.55,8.6446,0.0946
train,1983-11-20,8.47,8.5493,0.0793
train,1983-11-21,9.26,9.2253,-0.0347
train,1983-11-22,8.38,8.3956,0.0156
train,1983-11-23,8.47,8.4611,-0.0089
train,1983-11-24,8.546,8.5358,-0.0102
train,1983-11-25,8.96,9.0058,0.0458
train,1983-11-26,8.53,8.5035,-0.0265
train,1983-11-27,8.79,8.754,-0.036
train,1983-11-28,9.12,9.3855,0.2655
train,1983-11-29,7.868,8.0615,0.1935
train,1983-11-30,9.69,9.3872,-0.3028
train,1983-12-01,9.536,8.7197,-0.8163
train,1983-12-02,8.54,8.5081,-0.0319
train,1983-12-03,8.4,8.4195,0.0195
train,1983-12-04,9.186,9.1157,-0.0703
train,1983-12-05,8.626,9.1124,0.4864
train,1983-12-06,9.33,9.162,-0.168
train,1983-12-07,8.42,8.467,0.047
train,1983-12-08,8.04,8.0847,0.0447
train,1983-12-09,8.68,8.6451,-0.0349
train,1983-12-10,8.326,8.6363,0.3103
train,1983-12-11,8.522,8.615,0.093
train,1983-12-12,8.81,8.7802,-0.0298
train,1983-12-13,9.57,10.1217,0.5517
train,1983-12-14,8.24,8.2698,0.0298
train,1983-12-15,8.6,8.7612,0.1612
train,1983-12-16,8.736,8.7962,0.0602
train,1983-12-17,8.51,8.5808,0.0708
train,1983-12-18,9.19,9.2445,0.0545
train,1983-12-19,10.13,9.6832,-0.4468
train,1983-12-20,9.17,8.8243,-0.3457
train,1983-12-21,8.62,8.5654,-0.0546
train,1983-12-22,7.594,7.5453,-0.0487
train,1983-12-23,8.38,8.3983,0.0183
train,1983-12-24,8.556,8.5384,-0.0176
train,1983-12-25,8.62,8.5972,-0.0228
train,1983-12-26,8.28,8.3124,0.0324
train,1983-12-27,8.48,8.4744,-0.0056
train,1983-12-28,8.346,8.3065,-0.0395
train,1983-12-29,8.462,8.4009,-0.0611
train,1983-12-30,10.88,9.53,-1.35
train,1983-12-31,8.34,8.5185,0.1785
train,1984-01-01,8.51,8.6098,0.0998
train,1984-01-02,8.26,8.3036,0.0436
train,1984-01-03,8.68,8.6245,-0.0555
train,1984-01-04,8.12,8.1316,0.0116
train,1984-01-05,10.02,9.5191,-0.5009
train,1984-01-06,10.18,10.1303,-0.0497
train,1984-01-07,9.324,9.0121,-0.3119
train,1984-01-08,8.206,8.231,0.025
train,1984-01-09,8.51,8.4985,-0.0115
train,1984-01-10,8.792,8.8413,0.0493
train,1984-01-11,7.86,7.8528,-0.0072
train,1984-01-12,8.17,8.1621,-0.0079
train,1984-01-13,8.52,8.6454,0.1254
train,1984-01-14,8.68,8.8717,0.1917
train,1984-01-15,8.27,8.3747,0.1047
train,1984-01-16,8.55,8.574,0.024
train,1984-01-17,10.91,11.115,0.205
train,1984-01-18,9.13,9.1484,0.0184
train,1984-01-19,8.56,8.534,-0.026
train,1984-01-20,9.84,9.3839,-0.4561
train,1984-01-21,8.41,8.4361,0.0261
train,1984-01-22,8.07,8.1759,0.1059
train,1984-01-23,8.65,8.5167,-0.1333
train,1984-01-24,8.43,8.4651,0.0351
train,1984-01-25,8.2,8.2484,0.0484
train,1984-01-26,8.342,8.5777,0.2357
train,1984-01-27,7.85,7.8307,-0.0193
train,1984-01-28,8.61,8.6388,0.0288
train,1984-01-29,8.44,8.4669,0.0269
train,1984-01-30,8.872,9.1131,0.2411
train,1984-01-31,8.56,8.5925,0.0325
train,1984-02-01,11.75,11.8084,0.0584
train,1984-02-02,8.39,8.422,0.032
train,1984-02-03,8.44,8.4475,0.0075
train,1984-02-04,8.86,8.6166,-0.2434
train,1984-02-05,8.85,8.9107,0.0607
train,1984-02-06,8.81,8.8666,0.0566
train,1984-02-07,8.32,8.3419,0.0219
train,1984-02-08,8.804,8.9805,0.1765
train,1984-02-09,8.1,8.1249,0.0249
train,1984-02-10,9.12,9.0161,-0.1039
train,1984-02-11,8.73,8.7052,-0.0248
train,1984-02-12,8.36,8.6808,0.3208
train,1984-02-13,8.7,8.6847,-0.0153
train,1984-02-14,8.614,8.6545,0.0405
train,1984-02-15,7.89,7.9384,0.0484
train,1984-02-16,9.82,9.4294,-0.3906
train,1984-02-17,8.77,8.7581,-0.0119
train,1984-02-18,8.61,8.6577,0.0477
train,1984-02-19,7.862,8.0236,0.1616
train,1984-02-20,8.51,8.6187,0.1087
train,1984-02-21,8.778,8.9179,0.1399
train,1984-02-22,8.994,8.7822,-0.2118
train,1984-02-23,8.606,8.659,0.053
train,1984-02-24,9.79,9.4832,-0.3068
train,1984-02-25,9.54,8.8059,-0.7341
train,1984-02-26,8.43,8.4138,-0.0162
train,1984-02-27,8.84,9.0694,0.2294
train,1984-02-28,8.4,8.4073,0.0073
train,1984-02-29,8.174,8.493,0.319
train,1984-03-01,8.36,8.4128,0.0528
train,1984-03-02,10.28,9.4497,-0.8303
train,1984-03-03,7.766,7.7677,0.0017
train,1984-03-04,9.07,9.0528,-0.0172
train,1984-03-05,8.39,8.4169,0.0269
train,1984-03-06,10.732,10.0472,-0.6848
train,1984-03-07,9.14,8.6388,-0.5012
train,1984-03-08,8.07,8.0781,0.0081
train,1984-03-09,8.53,8.54,0.01
train,1984-03-10,8.46,8.4815,0.0215
train,1984-03-11,8.494,8.5788,0.0848
train,1984-03-12,8.682,8.7257,0.0437
train,1984-03-13,8.632,8.5606,-0.0714
train,1984-03-14,6.428,6.7906,0.3626
train,1984-03-15,7.61,7.6375,0.0275
train,1984-03-16,7.598,7.6216,0.0236
train,1984-03-17,8.102,8.1481,0.0461
train,1984-03-18,8.65,8.4875,-0.1625
train,1984-03-19,8.66,8.6573,-0.0027
train,1984-03-20,8.034,8.4923,0.4583
train,1984-03-21,8.962,9.2382,0.2762
train,1984-03-22,8.56,8.5484,-0.0116
train,1984-03-23,8.98,8.9135,-0.0665
train,1984-03-24,8.21,8.4026,0.1926
train,1984-03-25,8.73,8.7907,0.0607
train,1984-03-26,9.35,8.6662,-0.6838
train,1984-03-27,8.666,8.7176,0.0516
train,1984-03-28,8.41,8.4223,0.0123
train,1984-03-29,8.28,8.3036,0.0236
train,1984-03-30,8.77,8.7304,-0.0396
train,1984-03-31,9.07,9.3374,0.2674
train,1984-04-01,8.41,8.438,0.028
train,1984-04-02,8.47,8.5094,0.0394
train,1984-04-03,9.18,9.1944,0.0144
train,1984-04-04,8.716,8.6756,-0.0404
train,1984-04-05,8.702,8.7778,0.0758
train,1984-04-06,8.38,8.4052,0.0252
train,1984-04-07,8.676,8.641,-0.035
train,1984-04-08,8.656,8.8119,0.1559
train,1984-04-09,9.21,9.273,0.063
train,1984-04-10,8.4,8.4558,0.0558
train,1984-04-11,8.39,8.426,0.036
train,1984-04-12,9.03,9.1362,0.1062
train,1984-04-13,8.61,8.6267,0.0167
train,1984-04-14,8.216,8.237,0.021
train,1984-04-15,9.022,8.8483,-0.1737
train,1984-04-16,7.994,8.0347,0.0407
train,1984-04-17,8.234,8.2288,-0.0052
train,1984-04-18,9.03,9.067,0.037
train,1984-04-19,8.34,8.4168,0.0768
train,1984-04-20,8.122,8.1368,0.0148
train,1984-04-21,8.68,8.6685,-0.0115
train,1984-04-22,8.54,8.5019,-0.0381
train,1984-04-23,8.68,8.9594,0.2794
train,1984-04-24,8.66,8.6616,0.0016
train,1984-04-25,7.64,7.7808,0.1408
train,1984-04-26,9.63,9.0539,-0.5761
train,1984-04-27,10.438,9.3082,-1.1298
train,1984-04-28,8.34,8.3871,0.0471
train,1984-04-29,8.434,8.4172,-0.0168
train,1984-04-30,8.54,8.6284,0.0884
train,1984-05-01,8.582,8.6198,0.0378
train,1984-05-02,8.81,8.8246,0.0146
train,1984-05-03,8.56,8.5528,-0.0072
train,1984-05-04,10.85,11.0965,0.2465
train,1984-05-05,8.33,8.3623,0.0323
train,1984-05-06,8.23,8.2513,0.0213
train,1984-05-07,8.354,8.8204,0.4664
train,1984-05-08,8.134,8.1535,0.0195
train,1984-05-09,9.788,9.476,-0.312
train,1984-05-10,8.24,8.2779,0.0379
train,1984-05-11,9.32,9.3897,0.0697
train,1984-05-12,9.08,9.3251,0.2451
train,1984-05-13,8.6,8.6163,0.0163
train,1984-05-14,8.5,8.4999,-0.0001
train,1984-05-15,8.31,8.3227,0.0127
train,1984-05-16,8.54,8.5872,0.0472
train,1984-05-17,8.432,8.4778,0.0458
train,1984-05-18,8.39,8.4125,0.0225
train,1984-05-19,8.584,8.4576,-0.1264
train,1984-05-20,8.51,8.5372,0.0272
train,1984-05-21,9.0,8.9998,-0.0002
train,1984-05-22,8.64,8.6931,0.0531
train,1984-05-23,9.06,9.0222,-0.0378
train,1984-05-24,8.26,8.3113,0.0513
train,1984-05-25,8.48,8.4394,-0.0406
train,1984-05-26,8.68,9.0159,0.3359
train,1984-05-27,8.918,9.037,0.119
train,1984-05-28,9.05,8.169,-0.881
train,1984-05-29,8.53,8.5211,-0.0089
train,1984-05-30,7.512,7.5177,0.0057
train,1984-05-31,8.34,8.3567,0.0167
train,1984-06-01,8.36,8.4123,0.0523
train,1984-06-02,8.8,8.6468,-0.1532
train,1984-06-03,8.48,8.499,0.019
train,1984-06-04,8.57,8.6598,0.0898
train,1984-06-05,8.566,8.4656,-0.1004
train,1984-06-06,9.88,10.5022,0.6222
train,1984-06-07,7.954,7.8766,-0.0774
train,1984-06-08,8.51,8.7186,0.2086
train,1984-06-09,9.214,9.3787,0.1647
train,1984-06-10,8.74,8.6696,-0.0704
train,1984-06-11,8.54,8.561,0.021
train,1984-06-12,8.496,8.793,0.297
train,1984-06-13,8.202,8.175,-0.027
train,1984-06-14,8.432,8.5456,0.1136
train,1984-06-15,11.35,10.9635,-0.3865
train,1984-06-16,8.516,8.4833,-0.0327
train,1984-06-17,9.53,9.5412,0.0112
train,1984-06-18,8.39,8.9838,0.5938
train,1984-06-19,9.012,9.1102,0.0982
train,1984-06-20,8.79,8.7575,-0.0325
train,1984-06-21,8.446,8.7853,0.3393
train,1984-06-22,8.38,8.4232,0.0432
train,1984-06-23,8.28,8.1969,-0.0831
train,1984-06-24,8.92,9.0255,0.1055
train,1984-06-25,8.524,8.5638,0.0398
train,1984-06-26,8.42,8.45,0.03
train,1984-06-27,9.53,9.3892,-0.1408
train,1984-06-28,8.754,8.9618,0.2078
train,1984-06-29,7.518,7.5112,-0.0068
train,1984-06-30,8.69,8.6222,-0.0678
train,1984-07-01,8.624,8.7247,0.1007
train,1984-07-02,8.508,8.6352,0.1272
train,1984-07-03,8.092,8.5879,0.4959
train,1984-07-04,8.684,8.6591,-0.0249
train,1984-07-05,7.948,7.9445,-0.0035
train,1984-07-06,11.6,9.8149,-1.7851
train,1984-07-07,8.59,8.7011,0.1111
train,1984-07-08,8.138,8.1714,0.0334
train,1984-07-09,8.97,9.0814,0.1114
train,1984-07-10,8.78,9.0675,0.2875
train,1984-07-11,9.078,9.1555,0.0775
train,1984-07-12,8.22,8.243,0.023
train,1984-07-13,10.488,9.0022,-1.4858
train,1984-07-14,8.54,8.5506,0.0106
train,1984-07-15,8.52,8.5375,0.0175
train,1984-07-16,8.892,8.9818,0.0898
train,1984-07-17,8.61,8.6226,0.0126
train,1984-07-18,8.78,8.7732,-0.0068
train,1984-07-19,7.918,7.7773,-0.1407
train,1984-07-20,8.146,8.2104,0.0644
train,1984-07-21,9.16,9.0775,-0.0825
train,1984-07-22,10.118,9.5844,-0.5336
train,1984-07-23,8.6,8.5258,-0.0742
train,1984-07-24,8.67,8.6487,-0.0213
train,1984-07-25,8.798,8.6138,-0.1842
train,1984-07-26,8.32,8.3081,-0.0119
train,1984-07-27,9.78,10.0081,0.2281
train,1984-07-28,8.54,8.5587,0.0187
train,1984-07-29,9.672,10.0994,0.4274
train,1984-07-30,10.676,10.2139,-0.4621
train,1984-07-31,8.302,8.3367,0.0347
train,1984-08-01,8.194,8.2441,0.0501
train,1984-08-02,8.71,8.7719,0.0619
train,1984-08-03,8.73,8.7805,0.0505
train,1984-08-04,10.498,10.0294,-0.4686
train,1984-08-05,8.59,8.6201,0.0301
train,1984-08-06,8.47,8.4944,0.0244
train,1984-08-07,8.61,8.6176,0.0076
train,1984-08-08,8.356,8.3493,-0.0067
train,1984-08-09,8.412,8.4291,0.0171
train,1984-08-10,8.99,9.029,0.039
train,1984-08-11,8.38,8.4122,0.0322
train,1984-08-12,10.148,9.4769,-0.6711
train,1984-08-13,8.96,8.9085,-0.0515
train,1984-08-14,8.34,8.4449,0.1049
train,1984-08-15,9.23,9.5372,0.3072
train,1984-08-16,7.502,7.5639,0.0619
train,1984-08-17,8.388,8.5024,0.1144
train,1984-08-18,6.864,6.8504,-0.0136
train,1984-08-19,8.47,8.4593,-0.0107
train,1984-08-20,8.61,8.5718,-0.0382
train,1984-08-21,8.52,8.5691,0.0491
train,1984-08-22,8.626,9.1056,0.4796
train,1984-08-23,9.21,9.2373,0.0273
train,1984-08-24,8.46,8.4744,0.0144
train,1984-08-25,9.62,10.1447,0.5247
train,1984-08-26,9.524,8.9467,-0.5773
train,1984-08-27,7.986,8.5213,0.5353
train,1984-08-28,8.55,8.5445,-0.0055
train,1984-08-29,8.494,8.4908,-0.0032
train,1984-08-30,8.66,8.6723,0.0123
train,1984-08-31,8.34,8.3499,0.0099
train,1984-09-01,8.11,8.2033,0.0933
train,1984-09-02,8.424,8.3595,-0.0645
train,1984-09-03,9.694,8.9737,-0.7203
train,1984-09-04,7.22,7.2291,0.0091
train,1984-09-05,8.786,8.7803,-0.0057
train,1984-09-06,8.2,8.1374,-0.0626
train,1984-09-07,8.47,8.4784,0.0084
train,1984-09-08,9.58,9.6875,0.1075
train,1984-09-09,8.41,8.4445,0.0345
train,1984-09-10,8.51,8.7913,0.2813
train,1984-09-11,8.32,8.3798,0.0598
train,1984-09-12,8.63,8.6156,-0.0144
train,1984-09-13,8.494,8.5477,0.0537
train,1984-09-14,8.62,8.6371,0.0171
train,1984-09-15,8.27,8.3115,0.0415
train,1984-09-16,7.77,7.7516,-0.0184
train,1984-09-17,8.798,8.8834,0.0854
train,1984-09-18,9.258,9.6341,0.3761
train,1984-09-19,8.62,8.6281,0.0081
train,1984-09-20,9.204,9.2367,0.0327
train,1984-09-21,8.44,8.4941,0.0541
train,1984-09-22,9.85,9.386,-0.464
train,1984-09-23,8.848,8.7581,-0.0899
train,1984-09-24,9.51,9.8064,0.2964
train,1984-09-25,10.44,9.093,-1.347
train,1984-09-26,8.57,8.5658,-0.0042
train,1984-09-27,8.77,8.7441,-0.0259
train,1984-09-28,8.93,8.8743,-0.0557
train,1984-09-29,8.68,8.7747,0.0947
train,1984-09-30,8.518,8.889,0.371
train,1984-10-01,8.266,8.2654,-0.0006
train,1984-10-02,8.22,8.2816,0.0616
train,1984-10-03,8.084,8.184,0.1
train,1984-10-04,9.02,8.7273,-0.2927
train,1984-10-05,8.47,8.4882,0.0182
train,1984-10-06,8.59,8.6193,0.0293
train,1984-10-07,8.77,8.8879,0.1179
train,1984-10-08,8.33,8.3481,0.0181
train,1984-10-09,8.37,8.3975,0.0275
train,1984-10-10,8.54,8.5551,0.0151
train,1984-10-11,8.134,8.058,-0.076
train,1984-10-12,8.41,8.4296,0.0196
train,1984-10-13,8.67,8.6409,-0.0291
train,1984-10-14,9.0,8.8284,-0.1716
train,1984-10-15,7.944,8.3112,0.3672
train,1984-10-16,7.17,7.1925,0.0225
train,1984-10-17,8.78,8.8459,0.0659
train,1984-10-18,8.51,8.5272,0.0172
train,1984-10-19,8.48,8.6193,0.1393
train,1984-10-20,9.57,9.8463,0.2763
train,1984-10-21,7.984,7.9821,-0.0019
train,1984-10-22,8.33,8.332,0.002
train,1984-10-23,8.38,8.4052,0.0252
train,1984-10-24,9.55,9.2541,-0.2959
train,1984-10-25,9.662,9.3157,-0.3463
train,1984-10-26,8.406,8.4602,0.0542
train,1984-10-27,11.3,10.8161,-0.4839
train,1984-10-28,8.42,8.4254,0.0054
train,1984-10-29,8.004,8.2623,0.2583
train,1984-10-30,8.52,8.7157,0.1957
train,1984-10-31,8.75,8.9341,0.1841
train,1984-11-01,8.3,8.2988,-0.0012
train,1984-11-02,8.42,8.5522,0.1322
train,1984-11-03,8.538,8.3494,-0.1886
train,1984-11-04,10.01,10.2061,0.1961
train,1984-11-05,9.27,9.271,0.001
train,1984-11-06,8.45,8.5277,0.0777
train,1984-11-07,7.634,7.6311,-0.0029
train,1984-11-08,8.38,8.7078,0.3278
train,1984-11-09,9.02,9.3261,0.3061
train,1984-11-10,8.66,8.6443,-0.0157
train,1984-11-11,7.778,7.7447,-0.0333
train,1984-11-12,7.996,8.0384,0.0424
train,1984-11-13,9.6,8.6792,-0.9208
train,1984-11-14,8.49,8.4679,-0.0221
train,1984-11-15,10.31,9.6118,-0.6982
train,1984-11-16,9.25,9.0529,-0.1971
train,1984-11-17,8.44,8.433,-0.007
train,1984-11-18,9.07,8.9226,-0.1474
train,1984-11-19,9.39,9.657,0.267
train,1984-11-20,8.9,8.8372,-0.0628
train,1984-11-21,8.166,8.0805,-0.0855
train,1984-11-22,8.09,8.2173,0.1273
train,1984-11-23,8.6,8.5887,-0.0113
train,1984-11-24,11.7,10.0505,-1.6495
train,1984-11-25,8.43,8.4756,0.0456
train,1984-11-26,9.204,9.006,-0.198
train,1984-11-27,8.14,8.1985,0.0585
train,1984-11-28,8.68,8.654,-0.026
train,1984-11-29,9.12,9.1395,0.0195
train,1984-11-30,7.952,8.12,0.168
train,1984-12-01,8.476,8.5026,0.0266
train,1984-12-02,8.72,8.8795,0.1595
train,1984-12-03,10.91,10.563,-0.347
train,1984-12-04,8.128,8.1418,0.0138
train,1984-12-05,8.42,8.4489,0.0289
train,1984-12-06,8.3,8.3379,0.0379
train,1984-12-07,8.84,8.7451,-0.0949
train,1984-12-08,8.55,8.6045,0.0545
train,1984-12-09,8.67,8.5349,-0.1351
train,1984-12-10,8.6,8.6324,0.0324
train,1984-12-11,8.59,8.5862,-0.0038
train,1984-12-12,8.75,8.8011,0.0511
train,1984-12-13,8.46,8.4792,0.0192
train,1984-12-14,7.81,7.7893,-0.0207
train,1984-12-15,9.33,9.497,0.167
train,1984-12-16,8.49,8.6583,0.1683
train,1984-12-17,8.374,8.608,0.234
train,1984-12-18,8.49,8.5281,0.0381
train,1984-12-19,8.58,8.5888,0.0088
train,1984-12-20,8.98,8.7063,-0.2737
train,1984-12-21,8.48,8.4987,0.0187
train,1984-12-22,10.52,10.3516,-0.1684
train,1984-12-23,8.63,8.6358,0.0058
train,1984-12-24,9.04,9.1669,0.1269
train,1984-12-25,8.23,8.2297,-0.0003
train,1984-12-26,9.25,9.3576,0.1076
train,1984-12-27,8.32,8.3575,0.0375
train,1984-12-28,10.9,9.7888,-1.1112
train,1984-12-29,8.374,8.401,0.027
train,1984-12-30,8.39,8.4166,0.0266
train,1984-12-31,9.23,8.3959,-0.8341
train,1985-01-01,8.37,8.3984,0.0284
train,1985-01-02,8.69,8.7574,0.0674
train,1985-01-03,8.5,8.4831,-0.0169
train,1985-01-04,11.5,10.7824,-0.7176
train,1985-01-05,9.406,9.1772,-0.2288
train,1985-01-06,8.37,8.4043,0.0343
train,1985-01-07,8.46,8.4587,-0.0013
train,1985-01-08,8.67,8.8872,0.2172
train,1985-01-09,9.676,8.672,-1.004
train,1985-01-10,8.52,8.5463,0.0263
train,1985-01-11,9.312,9.6021,0.2901
train,1985-01-12,8.39,8.4214,0.0314
train,1985-01-13,11.95,10.4047,-1.5453
train,1985-01-14,9.54,9.2802,-0.2598
train,1985-01-15,9.04,8.9044,-0.1356
train,1985-01-16,9.39,9.5669,0.1769
train,1985-01-17,8.53,8.5376,0.0076
train,1985-01-18,8.64,8.9563,0.3163
train,1985-01-19,8.88,9.1031,0.2231
train,1985-01-20,8.06,8.1431,0.0831
train,1985-01-21,8.55,8.5528,0.0028
train,1985-01-22,8.45,8.4475,-0.0025
train,1985-01-23,9.564,9.7274,0.1634
train,1985-01-24,9.5,9.2199,-0.2801
train,1985-01-25,8.728,8.8556,0.1276
train,1985-01-26,8.25,8.265,0.015
train,1985-01-27,8.46,8.5137,0.0537
train,1985-01-28,8.22,8.365,0.145
train,1985-01-29,10.89,10.1714,-0.7186
train,1985-01-30,8.582,8.671,0.089
train,1985-01-31,8.95,9.2377,0.2877
train,1985-02-01,8.31,8.3653,0.0553
train,1985-02-02,8.37,8.3947,0.0247
train,1985-02-03,8.4,8.4869,0.0869
train,1985-02-04,8.93,9.2041,0.2741
train,1985-02-05,8.37,8.3805,0.0105
train,1985-02-06,8.822,9.022,0.2
train,1985-02-07,8.8,8.8581,0.0581
train,1985-02-08,8.3,8.2783,-0.0217
train,1985-02-09,8.46,8.4724,0.0124
train,1985-02-10,8.55,8.6742,0.1242
train,1985-02-11,8.532,8.8665,0.3345
train,1985-02-12,8.75,8.7584,0.0084
train,1985-02-13,8.302,8.3848,0.0828
train,1985-02-14,8.87,8.9226,0.0526
train,1985-02-15,9.31,8.6759,-0.6341
train,1985-02-16,9.34,9.462,0.122
train,1985-02-17,9.44,8.7649,-0.6751
train,1985-02-18,8.49,8.4278,-0.0622
train,1985-02-19,8.45,8.4947,0.0447
train,1985-02-20,9.336,9.2285,-0.1075
train,1985-02-21,8.36,8.4011,0.0411
train,1985-02-22,7.79,7.733,-0.057
train,1985-02-23,8.58,8.5804,0.0004
train,1985-02-24,8.61,8.6166,0.0066
train,1985-02-25,8.446,8.4351,-0.0109
train,1985-02-26,8.59,8.7042,0.1142
train,1985-02-27,7.77,7.7634,-0.0066
train,1985-02-28,8.24,8.2253,-0.0147
train,1985-03-01,8.526,8.7643,0.2383
train,1985-03-02,8.49,8.5559,0.0659
train,1985-03-03,8.5,8.4871,-0.0129
train,1985-03-04,8.61,8.6392,0.0292
train,1985-03-05,8.524,9.05,0.526
train,1985-03-06,8.608,8.7597,0.1517
train,1985-03-07,8.48,8.4889,0.0089
train,1985-03-08,8.45,8.4822,0.0322
train,1985-03-09,7.608,7.5514,-0.0566
train,1985-03-10,8.88,8.713,-0.167
train,1985-03-11,8.42,8.4214,0.0014
train,1985-03-12,8.72,8.856,0.136
train,1985-03-13,8.52,8.5773,0.0573
train,1985-03-14,8.43,8.4718,0.0418
train,1985-03-15,9.628,8.7278,-0.9002
train,1985-03-16,8.04,8.0695,0.0295
train,1985-03-17,8.506,8.5161,0.0101
train,1985-03-18,8.64,8.6416,0.0016
train,1985-03-19,9.17,9.1595,-0.0105
train,1985-03-20,8.776,8.8829,0.1069
train,1985-03-21,10.07,10.2729,0.2029
train,1985-03-22,8.236,8.2891,0.0531
train,1985-03-23,10.846,9.7784,-1.0676
train,1985-03-24,8.43,8.4765,0.0465
train,1985-03-25,9.368,9.3459,-0.0221
train,1985-03-26,9.25,9.634,0.384
train,1985-03-27,8.3,8.3475,0.0475
train,1985-03-28,9.956,9.7328,-0.2232
train,1985-03-29,8.15,8.1094,-0.0406
train,1985-03-30,8.67,8.6684,-0.0016
train,1985-03-31,8.51,8.6272,0.1172
train,1985-04-01,8.25,8.2767,0.0267
train,1985-04-02,8.26,8.2806,0.0206
train,1985-04-03,8.91,8.8413,-0.0687
train,1985-04-04,7.54,7.5928,0.0528
train,1985-04-05,9.62,9.926,0.306
train,1985-04-06,8.62,8.9615,0.3415
train,1985-04-07,8.36,8.4012,0.0412
train,1985-04-08,10.996,11.5234,0.5274
train,1985-04-09,8.628,8.3865,-0.2415
train,1985-04-10,9.11,8.9653,-0.1447
train,1985-04-11,8.154,8.1451,-0.0089
train,1985-04-12,8.428,8.6231,0.1951
train,1985-04-13,8.8,8.7316,-0.0684
train,1985-04-14,8.42,8.4507,0.0307
train,1985-04-15,8.4,8.4585,0.0585
train,1985-04-16,11.4,11.1212,-0.2788
train,1985-04-17,10.52,11.4934,0.9734
train,1985-04-18,9.734,10.184,0.45
train,1985-04-19,8.586,8.7753,0.1893
train,1985-04-20,9.082,8.9898,-0.0922
train,1985-04-21,8.61,8.5535,-0.0565
train,1985-04-22,8.41,8.4355,0.0255
train,1985-04-23,8.54,8.5643,0.0243
train,1985-04-24,8.59,8.6857,0.0957
train,1985-04-25,11.862,9.1567,-2.7053
train,1985-04-26,8.98,9.0724,0.0924
train,1985-04-27,8.176,8.2729,0.0969
train,1985-04-28,8.4,8.5747,0.1747
train,1985-04-29,11.45,11.0785,-0.3715
train,1985-04-30,8.9,8.8575,-0.0425
train,1985-05-01,9.014,8.5413,-0.4727
train,1985-05-02,8.482,8.4776,-0.0044
train,1985-05-03,8.546,8.5529,0.0069
train,1985-05-04,8.5,8.5141,0.0141
train,1985-05-05,8.79,8.8646,0.0746
train,1985-05-06,10.87,9.8086,-1.0614
train,1985-05-07,8.56,8.6543,0.0943
train,1985-05-08,8.92,9.186,0.266
train,1985-05-09,8.63,8.576,-0.054
train,1985-05-10,8.748,8.8223,0.0743
train,1985-05-11,9.46,9.0279,-0.4321
train,1985-05-12,8.4,8.4387,0.0387
train,1985-05-13,8.47,8.504,0.034
train,1985-05-14,8.49,8.6207,0.1307
train,1985-05-15,9.93,10.0489,0.1189
train,1985-05-16,10.612,9.7019,-0.9101
train,1985-05-17,8.43,8.4573,0.0273
train,1985-05-18,8.26,8.2837,0.0237
train,1985-05-19,8.452,8.6922,0.2402
train,1985-05-20,8.36,8.3822,0.0222
train,1985-05-21,6.278,6.7067,0.4287
train,1985-05-22,8.87,9.4018,0.5318
train,1985-05-23,8.146,8.2526,0.1066
train,1985-05-24,8.85,8.8208,-0.0292
train,1985-05-25,8.55,8.5605,0.0105
train,1985-05-26,7.594,7.5292,-0.0648
train,1985-05-27,8.25,8.2807,0.0307
train,1985-05-28,8.48,8.4814,0.0014
train,1985-05-29,8.968,8.9871,0.0191
train,1985-05-30,8.604,8.6395,0.0355
train,1985-05-31,8.52,8.5421,0.0221
train,1985-06-01,8.94,9.0913,0.1513
train,1985-06-02,8.79,9.0399,0.2499
train,1985-06-03,8.41,8.4587,0.0487
train,1985-06-04,8.9,8.9346,0.0346
train,1985-06-05,8.91,9.0977,0.1877
train,1985-06-06,8.28,8.2984,0.0184
train,1985-06-07,8.14,8.1557,0.0157
train,1985-06-08,8.36,8.4116,0.0516
train,1985-06-09,9.254,8.5993,-0.6547
train,1985-06-10,9.58,9.4662,-0.1138
train,1985-06-11,8.104,8.1289,0.0249
train,1985-06-12,8.48,8.6149,0.1349
train,1985-06-13,8.98,9.2948,0.3148
train,1985-06-14,11.44,10.4444,-0.9956
train,1985-06-15,8.75,8.7003,-0.0497
train,1985-06-16,8.42,8.4366,0.0166
train,1985-06-17,9.962,11.1656,1.2036
train,1985-06-18,11.17,11.0672,-0.1028
train,1985-06-19,8.53,8.6474,0.1174
train,1985-06-20,8.83,9.0911,0.2611
train,1985-06-21,8.876,8.861,-0.015
train,1985-06-22,8.542,8.5913,0.0493
train,1985-06-23,8.77,8.7399,-0.0301
train,1985-06-24,8.36,8.412,0.052
train,1985-06-25,9.04,9.183,0.143
train,1985-06-26,8.63,8.6603,0.0303
train,1985-06-27,10.94,10.9909,0.0509
train,1985-06-28,7.814,7.8076,-0.0064
train,1985-06-29,8.35,8.3947,0.0447
train,1985-06-30,8.4,8.4466,0.0466
train,1985-07-01,8.55,8.5368,-0.0132
train,1985-07-02,6.458,6.6501,0.1921
train,1985-07-03,8.55,8.6016,0.0516
train,1985-07-04,11.62,10.8014,-0.8186
train,1985-07-05,8.17,8.1962,0.0262
train,1985-07-06,8.51,8.678,0.168
train,1985-07-07,8.35,8.5141,0.1641
train,1985-07-08,9.2,9.4816,0.2816
train,1985-07-09,8.45,8.5221,0.0721
train,1985-07-10,11.39,11.3323,-0.0577
train,1985-07-11,8.48,8.4845,0.0045
train,1985-07-12,8.232,8.0325,-0.1995
train,1985-07-13,8.5,8.4325,-0.0675
train,1985-07-14,9.89,10.3663,0.4763
train,1985-07-15,10.222,9.654,-0.568
train,1985-07-16,8.068,8.0644,-0.0036
train,1985-07-17,9.96,9.2809,-0.6791
train,1985-07-18,9.626,9.0972,-0.5288
train,1985-07-19,7.22,7.2045,-0.0155
train,1985-07-20,8.64,8.6602,0.0202
train,1985-07-21,8.37,8.4284,0.0584
train,1985-07-22,9.46,9.141,-0.319
train,1985-07-23,8.32,8.3835,0.0635
train,1985-07-24,8.828,9.066,0.238
train,1985-07-25,8.144,8.1651,0.0211
train,1985-07-26,8.43,8.476,0.046
train,1985-07-27,6.984,7.321,0.337
train,1985-07-28,7.42,7.3642,-0.0558
train,1985-07-29,8.4,8.4914,0.0914
train,1985-07-30,8.81,8.8289,0.0189
train,1985-07-31,8.51,8.5141,0.0041
train,1985-08-01,8.546,8.6803,0.1343
train,1985-08-02,8.506,8.5324,0.0264
train,1985-08-03,8.56,8.5777,0.0177
train,1985-08-04,8.75,8.7985,0.0485
train,1985-08-05,8.814,9.1814,0.3674
train,1985-08-06,8.45,8.4658,0.0158
train,1985-08-07,9.61,9.8786,0.2686
train,1985-08-08,9.492,9.7425,0.2505
train,1985-08-09,8.73,8.7223,-0.0077
train,1985-08-10,8.78,8.7502,-0.0298
train,1985-08-11,8.85,8.8037,-0.0463
train,1985-08-12,8.41,8.4533,0.0433
train,1985-08-13,9.59,9.58,-0.01
train,1985-08-14,8.016,8.0459,0.0299
train,1985-08-15,9.876,9.2889,-0.5871
train,1985-08-16,9.13,9.0726,-0.0574
train,1985-08-17,12.38,11.3735,-1.0065
train,1985-08-18,9.24,9.4659,0.2259
train,1985-08-19,9.7,8.9891,-0.7109
train,1985-08-20,8.6,8.6107,0.0107
train,1985-08-21,8.61,8.9734,0.3634
train,1985-08-22,8.616,8.8907,0.2747
train,1985-08-23,8.214,8.2415,0.0275
train,1985-08-24,8.77,8.8742,0.1042
train,1985-08-25,7.486,7.4148,-0.0712
train,1985-08-26,10.63,10.6965,0.0665
train,1985-08-27,8.29,8.3262,0.0362
train,1985-08-28,8.37,8.3934,0.0234
train,1985-08-29,8.172,8.2667,0.0947
train,1985-08-30,8.144,8.203,0.059
train,1985-08-31,8.036,8.0593,0.0233
train,1985-09-01,7.944,7.9778,0.0338
train,1985-09-02,9.22,9.5734,0.3534
train,1985-09-03,8.54,8.56,0.02
train,1985-09-04,9.766,9.5241,-0.2419
train,1985-09-05,8.684,8.6924,0.0084
train,1985-09-06,7.564,7.6147,0.0507
train,1985-09-07,11.2,9.7237,-1.4763
train,1985-09-08,9.594,9.0187,-0.5753
train,1985-09-09,8.28,8.2868,0.0068
train,1985-09-10,8.57,8.5854,0.0154
train,1985-09-11,8.77,8.7385,-0.0315
train,1985-09-12,8.32,8.3263,0.0063
train,1985-09-13,8.88,8.9196,0.0396
train,1985-09-14,8.364,8.4086,0.0446
train,1985-09-15,8.05,8.1252,0.0752
train,1985-09-16,8.78,8.7712,-0.0088
train,1985-09-17,8.662,9.0155,0.3535
train,1985-09-18,9.8,9.4499,-0.3501
train,1985-09-19,9.144,9.1391,-0.0049
train,1985-09-20,7.1,7.1599,0.0599
train,1985-09-21,8.53,8.5639,0.0339
train,1985-09-22,8.2,8.2307,0.0307
train,1985-09-23,8.704,8.799,0.095
train,1985-09-24,8.64,8.6665,0.0265
train,1985-09-25,9.39,9.4916,0.1016
train,1985-09-26,8.57,8.5972,0.0272
train,1985-09-27,8.52,8.5309,0.0109
train,1985-09-28,8.6,8.625,0.025
train,1985-09-29,8.256,8.2868,0.0308
train,1985-09-30,9.17,9.1906,0.0206
train,1985-10-01,8.59,8.5614,-0.0286
train,1985-10-02,10.132,10.1705,0.0385
train,1985-10-03,8.97,9.0361,0.0661
train,1985-10-04,8.544,8.6306,0.0866
train,1985-10-05,8.41,8.4289,0.0189
train,1985-10-06,9.92,9.7824,-0.1376
train,1985-10-07,8.53,8.5493,0.0193
train,1985-10-08,7.972,8.0385,0.0665
train,1985-10-09,8.846,9.0895,0.2435
train,1985-10-10,8.5,8.6794,0.1794
train,1985-10-11,8.802,8.1238,-0.6782
train,1985-10-12,8.14,8.2019,0.0619
train,1985-10-13,8.108,8.1445,0.0365
train,1985-10-14,8.32,8.358,0.038
train,1985-10-15,8.92,8.8292,-0.0908
train,1985-10-16,7.44,7.5829,0.1429
train,1985-10-17,9.78,10.2619,0.4819
train,1985-10-18,9.574,9.3302,-0.2438
train,1985-10-19,8.46,8.4629,0.0029
train,1985-10-20,9.756,9.1486,-0.6074
train,1985-10-21,8.46,8.4634,0.0034
train,1985-10-22,8.41,8.4252,0.0152
train,1985-10-23,10.4,10.9062,0.5062
train,1985-10-24,8.4,8.4106,0.0106
train,1985-10-25,10.688,10.6431,-0.0449
train,1985-10-26,7.986,8.0075,0.0215
train,1985-10-27,8.97,8.991,0.021
train,1985-10-28,9.21,9.4625,0.2525
train,1985-10-29,8.362,8.5309,0.1689
train,1985-10-30,8.39,8.408,0.018
train,1985-10-31,9.21,9.0728,-0.1372
train,1985-11-01,8.3,8.3174,0.0174
train,1985-11-02,8.32,8.321,0.001
train,1985-11-03,8.454,8.502,0.048
train,1985-11-04,9.072,9.0514,-0.0206
train,1985-11-05,8.54,8.5613,0.0213
train,1985-11-06,8.88,9.1651,0.2851
train,1985-11-07,8.718,8.7882,0.0702
train,1985-11-08,8.55,8.5871,0.0371
train,1985-11-09,8.772,8.8791,0.1071
train,1985-11-10,8.26,8.3087,0.0487
train,1985-11-11,8.378,8.2666,-0.1114
train,1985-11-12,8.35,8.4076,0.0576
train,1985-11-13,8.48,8.6257,0.1457
train,1985-11-14,9.32,9.4963,0.1763
train,1985-11-15,8.33,8.3637,0.0337
train,1985-11-16,9.54,9.1498,-0.3902
train,1985-11-17,8.146,8.2168,0.0708
train,1985-11-18,8.55,8.5529,0.0029
train,1985-11-19,8.54,8.5685,0.0285
train,1985-11-20,12.0,11.0342,-0.9658
train,1985-11-21,8.38,8.4113,0.0313
train,1985-11-22,8.264,8.2641,0.0001
train,1985-11-23,8.4,8.4318,0.0318
train,1985-11-24,8.91,9.0574,0.1474
train,1985-11-25,8.12,8.2378,0.1178
train,1985-11-26,9.64,9.584,-0.056
train,1985-11-27,9.19,9.3461,0.1561
train,1985-11-28,9.09,9.1885,0.0985
train,1985-11-29,10.5,10.1979,-0.3021
train,1985-11-30,7.66,7.7348,0.0748
train,1985-12-01,8.47,8.4925,0.0225
train,1985-12-02,8.124,8.1575,0.0335
train,1985-12-03,8.57,8.5747,0.0047
train,1985-12-04,8.61,8.658,0.048
train,1985-12-05,7.95,7.9891,0.0391
train,1985-12-06,8.556,8.5958,0.0398
train,1985-12-07,8.79,8.7379,-0.0521
train,1985-12-08,8.8,8.9209,0.1209
train,1985-12-09,8.42,8.4293,0.0093
train,1985-12-10,8.852,8.722,-0.13
train,1985-12-11,8.66,8.6764,0.0164
train,1985-12-12,8.4,8.4127,0.0127
train,1985-12-13,7.49,7.4813,-0.0087
train,1985-12-14,8.38,8.4353,0.0553
train,1985-12-15,8.28,8.1917,-0.0883
train,1985-12-16,8.41,8.4843,0.0743
train,1985-12-17,7.674,7.6581,-0.0159
train,1985-12-18,8.288,8.477,0.189
train,1985-12-19,9.316,8.6624,-0.6536
train,1985-12-20,8.448,9.0626,0.6146
train,1985-12-21,8.38,8.3931,0.0131
train,1985-12-22,8.4,8.4909,0.0909
train,1985-12-23,9.81,9.8964,0.0864
train,1985-12-24,8.614,8.6352,0.0212
train,1985-12-25,9.1,9.048,-0.052
train,1985-12-26,9.38,9.0005,-0.3795
train,1985-12-27,12.02,10.6632,-1.3568
train,1985-12-28,8.79,8.7792,-0.0108
train,1985-12-29,8.16,8.183,0.023
train,1985-12-30,11.434,10.4111,-1.0229
train,1985-12-31,9.47,9.3501,-0.1199
train,1986-01-01,8.5,8.5542,0.0542
train,1986-01-02,9.6,9.6249,0.0249
train,1986-01-03,8.876,9.078,0.202
train,1986-01-04,8.162,8.1876,0.0256
train,1986-01-05,8.39,8.3956,0.0056
train,1986-01-06,8.4,8.4207,0.0207
train,1986-01-07,9.1,9.0869,-0.0131
train,1986-01-08,8.93,9.0109,0.0809
train,1986-01-09,10.74,11.0046,0.2646
train,1986-01-10,8.38,8.4127,0.0327
train,1986-01-11,8.686,8.9888,0.3028
train,1986-01-12,8.24,8.3146,0.0746
train,1986-01-13,8.87,9.0253,0.1553
train,1986-01-14,7.818,7.9956,0.1776
train,1986-01-15,8.48,8.4882,0.0082
train,1986-01-16,8.41,8.4272,0.0172
train,1986-01-17,8.41,8.4585,0.0485
train,1986-01-18,9.114,8.7984,-0.3156
train,1986-01-19,10.6,10.5503,-0.0497
train,1986-01-20,8.794,9.3429,0.5489
train,1986-01-21,8.704,8.9999,0.2959
train,1986-01-22,8.89,8.7404,-0.1496
train,1986-01-23,8.46,8.4417,-0.0183
train,1986-01-24,9.46,8.4038,-1.0562
train,1986-01-25,9.17,9.3807,0.2107
train,1986-01-26,9.65,10.3233,0.6733
train,1986-01-27,8.37,8.4077,0.0377
train,1986-01-28,8.55,8.568,0.018
train,1986-01-29,8.66,8.7435,0.0835
train,1986-01-30,8.32,8.3347,0.0147
train,1986-01-31,9.61,9.5051,-0.1049
train,1986-02-01,8.3,8.3341,0.0341
train,1986-02-02,11.91,11.3918,-0.5182
train,1986-02-03,8.49,8.7351,0.2451
train,1986-02-04,8.27,8.255,-0.015
train,1986-02-05,8.38,8.4036,0.0236
train,1986-02-06,11.114,10.5149,-0.5991
train,1986-02-07,8.5,8.5418,0.0418
train,1986-02-08,8.39,8.4367,0.0467
train,1986-02-09,8.382,7.5856,-0.7964
train,1986-02-10,8.514,8.5638,0.0498
train,1986-02-11,8.86,8.9872,0.1272
train,1986-02-12,8.5,8.5788,0.0788
train,1986-02-13,7.536,7.5464,0.0104
train,1986-02-14,8.204,8.2391,0.0351
train,1986-02-15,8.57,8.5985,0.0285
train,1986-02-16,8.746,8.7308,-0.0152
train,1986-02-17,9.2,8.9699,-0.2301
train,1986-02-18,9.13,9.1373,0.0073
train,1986-02-19,8.632,8.7442,0.1122
train,1986-02-20,8.68,8.6731,-0.0069
train,1986-02-21,8.878,9.159,0.281
train,1986-02-22,8.764,8.8726,0.1086
train,1986-02-23,9.904,9.9649,0.0609
train,1986-02-24,8.72,8.7689,0.0489
train,1986-02-25,9.14,9.0471,-0.0929
train,1986-02-26,8.69,8.6702,-0.0198
train,1986-02-27,8.95,9.0574,0.1074
train,1986-02-28,9.37,9.5014,0.1314
train,1986-03-01,9.32,9.0907,-0.2293
train,1986-03-02,10.2,9.9923,-0.2077
train,1986-03-03,6.748,6.7,-0.048
train,1986-03-04,8.84,8.7655,-0.0745
train,1986-03-05,10.4,10.3128,-0.0872
train,1986-03-06,8.67,8.6243,-0.0457
train,1986-03-07,8.61,8.6447,0.0347
train,1986-03-08,8.99,9.3549,0.3649
train,1986-03-09,8.97,8.7562,-0.2138
train,1986-03-10,10.35,9.974,-0.376
train,1986-03-11,8.066,8.0573,-0.0087
train,1986-03-12,8.128,8.5241,0.3961
train,1986-03-13,8.46,8.4381,-0.0219
train,1986-03-14,6.416,6.5698,0.1538
train,1986-03-15,8.314,8.3225,0.0085
train,1986-03-16,8.76,8.7753,0.0153
train,1986-03-17,8.38,8.4183,0.0383
train,1986-03-18,10.12,9.9849,-0.1351
train,1986-03-19,8.696,8.9188,0.2228
train,1986-03-20,12.5,10.8797,-1.6203
train,1986-03-21,8.7,8.7947,0.0947
train,1986-03-22,8.52,8.5119,-0.0081
train,1986-03-23,8.1,8.1287,0.0287
train,1986-03-24,11.79,10.319,-1.471
train,1986-03-25,8.418,8.4199,0.0019
train,1986-03-26,8.096,8.1312,0.0352
train,1986-03-27,8.41,8.4135,0.0035
train,1986-03-28,9.19,9.0426,-0.1474
train,1986-03-29,12.05,10.9055,-1.1445
train,1986-03-30,8.66,8.6593,-0.0007
train,1986-03-31,8.036,8.0524,0.0164
train,1986-04-01,9.49,9.1836,-0.3064
train,1986-04-02,9.066,8.9776,-0.0884
train,1986-04-03,8.58,8.5791,-0.0009
train,1986-04-04,8.37,8.4237,0.0537
train,1986-04-05,8.61,8.7116,0.1016
train,1986-04-06,8.41,8.4999,0.0899
train,1986-04-07,8.47,8.4938,0.0238
train,1986-04-08,8.97,9.002,0.032
train,1986-04-09,8.3,8.3548,0.0548
train,1986-04-10,8.69,8.962,0.272
train,1986-04-11,9.15,9.7028,0.5528
train,1986-04-12,8.206,8.2432,0.0372
train,1986-04-13,8.114,8.1574,0.0434
train,1986-04-14,8.14,8.1539,0.0139
train,1986-04-15,9.24,8.8412,-0.3988
train,1986-04-16,8.7,8.8801,0.1801
train,1986-04-17,8.63,8.7593,0.1293
train,1986-04-18,6.868,6.9908,0.1228
train,1986-04-19,8.6,8.5915,-0.0085
train,1986-04-20,8.198,8.2167,0.0187
train,1986-04-21,8.58,8.5768,-0.0032
train,1986-04-22,8.07,8.1138,0.0438
train,1986-04-23,9.65,9.4981,-0.1519
train,1986-04-24,8.32,8.3124,-0.0076
train,1986-04-25,7.628,7.6512,0.0232
train,1986-04-26,8.674,8.6262,-0.0478
train,1986-04-27,9.01,9.0523,0.0423
train,1986-04-28,8.46,8.4524,-0.0076
train,1986-04-29,8.3,8.3302,0.0302
train,1986-04-30,8.31,8.3249,0.0149
train,1986-05-01,8.66,8.6376,-0.0224
train,1986-05-02,8.33,8.3632,0.0332
train,1986-05-03,9.07,8.9303,-0.1397
train,1986-05-04,8.41,8.4466,0.0366
train,1986-05-05,9.4,9.8832,0.4832
train,1986-05-06,8.32,8.3354,0.0154
train,1986-05-07,8.99,9.3213,0.3313
train,1986-05-08,9.21,9.1381,-0.0719
train,1986-05-09,8.77,8.7444,-0.0256
train,1986-05-10,8.92,8.7099,-0.2101
train,1986-05-11,9.33,9.3848,0.0548
train,1986-05-12,8.53,8.5513,0.0213
train,1986-05-13,8.58,8.6,0.02
train,1986-05-14,9.05,9.0166,-0.0334
train,1986-05-15,9.586,9.6991,0.1131
train,1986-05-16,9.112,9.9722,0.8602
train,1986-05-17,8.53,8.5779,0.0479
train,1986-05-18,8.59,8.581,-0.009
train,1986-05-19,7.99,8.0928,0.1028
train,1986-05-20,8.64,8.7039,0.0639
train,1986-05-21,10.196,9.9285,-0.2675
train,1986-05-22,8.9,8.8353,-0.0647
train,1986-05-23,8.506,8.695,0.189
train,1986-05-24,8.69,8.7464,0.0564
train,1986-05-25,8.096,8.3881,0.2921
train,1986-05-26,8.39,8.3593,-0.0307
train,1986-05-27,8.69,8.6852,-0.0048
train,1986-05-28,8.45,8.4563,0.0063
train,1986-05-29,10.57,10.56,-0.01
train,1986-05-30,11.77,11.6429,-0.1271
train,1986-05-31,8.57,8.648,0.078
train,1986-06-01,8.48,8.4901,0.0101
train,1986-06-02,8.7,8.7852,0.0852
train,1986-06-03,9.542,9.9832,0.4412
train,1986-06-04,8.48,8.4881,0.0081
train,1986-06-05,8.21,8.2464,0.0364
train,1986-06-06,8.38,8.4135,0.0335
train,1986-06-07,10.45,10.1372,-0.3128
train,1986-06-08,8.41,8.3862,-0.0238
train,1986-06-09,9.39,9.5769,0.1869
train,1986-06-10,8.832,8.7229,-0.1091
train,1986-06-11,8.36,8.4227,0.0627
train,1986-06-12,8.446,8.6285,0.1825
train,1986-06-13,8.61,8.6936,0.0836
train,1986-06-14,9.32,9.5142,0.1942
train,1986-06-15,8.532,8.4853,-0.0467
train,1986-06-16,8.6,8.635,0.035
train,1986-06-17,8.82,9.4442,0.6242
train,1986-06-18,8.3,8.3391,0.0391
train,1986-06-19,9.39,8.5728,-0.8172
train,1986-06-20,10.85,9.2533,-1.5967
train,1986-06-21,9.39,9.3338,-0.0562
train,1986-06-22,8.51,8.5,-0.01
train,1986-06-23,8.69,8.7256,0.0356
train,1986-06-24,8.82,8.8929,0.0729
train,1986-06-25,8.626,8.6964,0.0704
train,1986-06-26,8.576,8.347,-0.229
train,1986-06-27,8.27,8.3263,0.0563
train,1986-06-28,8.81,8.9644,0.1544
train,1986-06-29,8.21,8.2062,-0.0038
train,1986-06-30,11.22,11.0331,-0.1869
train,1986-07-01,11.43,9.4709,-1.9591
train,1986-07-02,8.77,8.7198,-0.0502
train,1986-07-03,8.76,8.8165,0.0565
train,1986-07-04,8.63,8.6766,0.0466
train,1986-07-05,9.55,9.9588,0.4088
train,1986-07-06,9.192,9.3086,0.1166
train,1986-07-07,8.71,8.7136,0.0036
train,1986-07-08,7.7,7.6793,-0.0207
train,1986-07-09,8.59,8.645,0.055
train,1986-07-10,9.83,9.6765,-0.1535
train,1986-07-11,8.65,8.5988,-0.0512
train,1986-07-12,8.66,8.6115,-0.0485
train,1986-07-13,9.3,8.6411,-0.6589
train,1986-07-14,8.368,8.3849,0.0169
train,1986-07-15,9.42,9.9579,0.5379
train,1986-07-16,8.55,8.5271,-0.0229
train,1986-07-17,8.85,8.9555,0.1055
train,1986-07-18,8.93,8.9476,0.0176
train,1986-07-19,8.45,8.4672,0.0172
train,1986-07-20,8.66,8.7034,0.0434
train,1986-07-21,8.898,8.974,0.076
train,1986-07-22,8.85,8.9822,0.1322
train,1986-07-23,8.68,9.0662,0.3862
train,1986-07-24,9.25,8.6849,-0.5651
train,1986-07-25,8.37,8.5023,0.1323
train,1986-07-26,9.0,9.0198,0.0198
train,1986-07-27,8.37,8.3883,0.0183
train,1986-07-28,8.36,8.3881,0.0281
train,1986-07-29,9.01,9.3958,0.3858
train,1986-07-30,10.14,9.0679,-1.0721
train,1986-07-31,9.85,9.2681,-0.5819
train,1986-08-01,7.89,7.8712,-0.0188
train,1986-08-02,8.76,8.8345,0.0745
train,1986-08-03,9.0,8.8064,-0.1936
train,1986-08-04,8.48,8.5034,0.0234
train,1986-08-05,8.31,8.3091,-0.0009
train,1986-08-06,9.06,9.3016,0.2416
train,1986-08-07,8.77,8.6971,-0.0729
train,1986-08-08,9.13,9.4543,0.3243
train,1986-08-09,8.75,8.7213,-0.0287
train,1986-08-10,8.58,8.5709,-0.0091
train,1986-08-11,10.574,10.8553,0.2813
train,1986-08-12,9.67,9.8716,0.2016
train,1986-08-13,8.24,8.2428,0.0028
train,1986-08-14,8.08,8.1235,0.0435
train,1986-08-15,8.11,8.1967,0.0867
train,1986-08-16,8.64,8.5858,-0.0542
train,1986-08-17,8.362,8.4967,0.1347
train,1986-08-18,8.92,9.0388,0.1188
train,1986-08-19,8.42,8.4346,0.0146
train,1986-08-20,8.444,8.5204,0.0764
train,1986-08-21,8.37,8.3834,0.0134
train,1986-08-22,7.582,7.5586,-0.0234
train,1986-08-23,8.9,9.0174,0.1174
train,1986-08-24,8.68,8.9398,0.2598
train,1986-08-25,10.17,10.2446,0.0746
train,1986-08-26,8.27,8.2989,0.0289
train,1986-08-27,8.436,8.6744,0.2384
train,1986-08-28,8.75,8.7245,-0.0255
train,1986-08-29,8.37,8.7829,0.4129
train,1986-08-30,8.73,8.6866,-0.0434
train,1986-08-31,8.34,8.3864,0.0464
train,1986-09-01,8.32,8.3599,0.0399
train,1986-09-02,11.63,10.2667,-1.3633
train,1986-09-03,9.09,9.0974,0.0074
train,1986-09-04,8.61,8.6195,0.0095
train,1986-09-05,9.01,9.179,0.169
train,1986-09-06,8.768,8.7178,-0.0502
train,1986-09-07,7.812,7.8408,0.0288
train,1986-09-08,8.16,8.3173,0.1573
train,1986-09-09,9.146,8.7926,-0.3534
train,1986-09-10,7.554,7.7763,0.2223
train,1986-09-11,8.422,8.5299,0.1079
train,1986-09-12,8.304,8.6539,0.3499
train,1986-09-13,8.56,8.575,0.015
train,1986-09-14,8.144,8.1767,0.0327
train,1986-09-15,8.37,8.3666,-0.0034
train,1986-09-16,8.5,8.5088,0.0088
train,1986-09-17,8.38,8.3834,0.0034
train,1986-09-18,7.99,8.0162,0.0262
train,1986-09-19,8.4,8.4272,0.0272
train,1986-09-20,9.01,8.9176,-0.0924
train,1986-09-21,8.94,9.0788,0.1388
train,1986-09-22,8.562,8.5657,0.0037
train,1986-09-23,8.82,8.9368,0.1168
train,1986-09-24,8.85,8.9363,0.0863
train,1986-09-25,8.41,8.4054,-0.0046
train,1986-09-26,9.31,9.3956,0.0856
train,1986-09-27,8.888,8.8381,-0.0499
train,1986-09-28,8.38,8.4008,0.0208
train,1986-09-29,8.71,8.962,0.252
train,1986-09-30,8.166,8.2706,0.1046
train,1986-10-01,8.6,8.5766,-0.0234
train,1986-10-02,8.61,8.4833,-0.1267
train,1986-10-03,9.0,8.9774,-0.0226
train,1986-10-04,10.44,10.2895,-0.1505
train,1986-10-05,8.35,8.3904,0.0404
train,1986-10-06,10.05,10.9621,0.9121
train,1986-10-07,8.798,8.9012,0.1032
train,1986-10-08,8.62,8.6408,0.0208
train,1986-10-09,8.51,8.5247,0.0147
train,1986-10-10,8.374,8.4618,0.0878
train,1986-10-11,8.37,8.4039,0.0339
train,1986-10-12,6.832,6.8745,0.0425
train,1986-10-13,8.59,8.6836,0.0936
train,1986-10-14,7.484,7.491,0.007
train,1986-10-15,8.5,8.591,0.091
train,1986-10-16,8.74,8.9211,0.1811
train,1986-10-17,8.57,8.6289,0.0589
train,1986-10-18,8.28,8.3069,0.0269
train,1986-10-19,8.45,8.4937,0.0437
train,1986-10-20,8.79,8.7987,0.0087
train,1986-10-21,8.154,8.2131,0.0591
train,1986-10-22,8.15,8.1679,0.0179
train,1986-10-23,8.22,8.2286,0.0086
train,1986-10-24,8.99,8.9777,-0.0123
train,1986-10-25,7.646,7.9355,0.2895
train,1986-10-26,8.02,7.9109,-0.1091
train,1986-10-27,8.62,8.65,0.03
train,1986-10-28,8.16,8.2165,0.0565
train,1986-10-29,8.59,8.5319,-0.0581
train,1986-10-30,8.92,9.0393,0.1193
train,1986-10-31,10.178,9.9669,-0.2111
train,1986-11-01,8.81,8.828,0.018
train,1986-11-02,9.004,9.184,0.18
train,1986-11-03,8.616,8.5391,-0.0769
train,1986-11-04,8.59,8.5776,-0.0124
train,1986-11-05,8.43,8.445,0.015
train,1986-11-06,8.74,8.7392,-0.0008
train,1986-11-07,8.88,9.0344,0.1544
train,1986-11-08,9.27,9.2794,0.0094
train,1986-11-09,8.66,8.5342,-0.1258
train,1986-11-10,8.81,9.0724,0.2624
train,1986-11-11,8.65,8.6534,0.0034
train,1986-11-12,8.43,8.4391,0.0091
train,1986-11-13,8.692,8.7427,0.0507
train,1986-11-14,8.53,8.4964,-0.0336
train,1986-11-15,8.64,8.6643,0.0243
train,1986-11-16,8.802,9.0176,0.2156
train,1986-11-17,8.61,8.7771,0.1671
train,1986-11-18,8.27,8.3087,0.0387
train,1986-11-19,8.43,8.4582,0.0282
train,1986-11-20,8.65,8.7645,0.1145
train,1986-11-21,8.78,8.694,-0.086
train,1986-11-22,8.13,8.1552,0.0252
train,1986-11-23,8.27,8.4591,0.1891
train,1986-11-24,10.27,9.8702,-0.3998
train,1986-11-25,8.49,8.4827,-0.0073
train,1986-11-26,7.95,7.9379,-0.0121
train,1986-11-27,8.24,8.2651,0.0251
train,1986-11-28,9.156,9.2722,0.1162
train,1986-11-29,9.91,10.0324,0.1224
train,1986-11-30,8.06,8.0941,0.0341
train,1986-12-01,8.49,8.5078,0.0178
train,1986-12-02,9.09,9.425,0.335
train,1986-12-03,8.57,8.6491,0.0791
train,1986-12-04,9.33,9.0173,-0.3127
train,1986-12-05,8.46,8.4772,0.0172
train,1986-12-06,8.67,8.6986,0.0286
train,1986-12-07,9.102,9.0414,-0.0606
train,1986-12-08,8.874,9.0109,0.1369
train,1986-12-09,8.554,8.5236,-0.0304
train,1986-12-10,8.68,8.7094,0.0294
train,1986-12-11,8.56,8.6125,0.0525
train,1986-12-12,8.4,8.4755,0.0755
train,1986-12-13,8.316,8.3729,0.0569
train,1986-12-14,9.13,9.1833,0.0533
train,1986-12-15,8.76,8.673,-0.087
train,1986-12-16,9.13,8.6559,-0.4741
train,1986-12-17,8.57,8.6069,0.0369
train,1986-12-18,8.502,8.5617,0.0597
train,1986-12-19,9.0,9.0472,0.0472
train,1986-12-20,6.828,6.7726,-0.0554
train,1986-12-21,8.71,8.6726,-0.0374
train,1986-12-22,8.37,8.3794,0.0094
train,1986-12-23,8.44,8.5217,0.0817
train,1986-12-24,8.526,8.6284,0.1024
train,1986-12-25,8.68,8.6822,0.0022
train,1986-12-26,9.23,9.3642,0.1342
train,1986-12-27,8.524,8.5199,-0.0041
train,1986-12-28,8.86,8.763,-0.097
train,1986-12-29,8.844,8.9239,0.0799
train,1986-12-30,8.49,8.5041,0.0141
train,1986-12-31,9.91,10.3025,0.3925
train,1987-01-01,8.94,9.0407,0.1007
train,1987-01-02,8.34,8.3755,0.0355
train,1987-01-03,9.622,9.1165,-0.5055
train,1987-01-04,8.124,8.2736,0.1496
train,1987-01-05,8.06,8.1356,0.0756
train,1987-01-06,9.542,8.6361,-0.9059
train,1987-01-07,8.4,8.4886,0.0886
train,1987-01-08,8.208,8.846,0.638
train,1987-01-09,9.46,9.4165,-0.0435
train,1987-01-10,8.3,8.3219,0.0219
train,1987-01-11,13.12,10.0997,-3.0203
train,1987-01-12,9.03,9.0705,0.0405
train,1987-01-13,8.144,8.213,0.069
train,1987-01-14,8.93,8.6218,-0.3082
train,1987-01-15,8.48,8.5048,0.0248
train,1987-01-16,8.84,8.8701,0.0301
train,1987-01-17,8.552,8.542,-0.01
train,1987-01-18,8.77,8.7332,-0.0368
train,1987-01-19,10.7,10.2533,-0.4467
train,1987-01-20,9.01,9.1326,0.1226
train,1987-01-21,8.6,8.8189,0.2189
train,1987-01-22,8.044,8.0927,0.0487
train,1987-01-23,9.29,9.5242,0.2342
train,1987-01-24,7.928,7.9402,0.0122
train,1987-01-25,8.404,8.4453,0.0413
train,1987-01-26,10.148,9.0779,-1.0701
train,1987-01-27,8.126,8.1526,0.0266
train,1987-01-28,8.52,8.5498,0.0298
train,1987-01-29,7.506,7.5212,0.0152
train,1987-01-30,7.146,7.1616,0.0156
train,1987-01-31,8.5,8.4885,-0.0115
train,1987-02-01,8.226,8.4482,0.2222
train,1987-02-02,8.71,8.6712,-0.0388
train,1987-02-03,8.244,8.3275,0.0835
train,1987-02-04,8.57,8.7186,0.1486
train,1987-02-05,10.47,10.1763,-0.2937
train,1987-02-06,7.998,8.0048,0.0068
train,1987-02-07,8.47,8.9195,0.4495
train,1987-02-08,7.11,7.1725,0.0625
train,1987-02-09,12.68,10.8817,-1.7983
train,1987-02-10,7.714,7.6931,-0.0209
train,1987-02-11,8.31,8.381,0.071
train,1987-02-12,9.898,10.2845,0.3865
train,1987-02-13,8.48,8.5555,0.0755
train,1987-02-14,8.228,8.2057,-0.0223
train,1987-02-15,9.712,9.0647,-0.6473
train,1987-02-16,8.508,8.5752,0.0672
train,1987-02-17,8.19,8.2612,0.0712
train,1987-02-18,8.548,8.7939,0.2459
train,1987-02-19,9.252,9.2198,-0.0322
train,1987-02-20,8.26,8.8989,0.6389
train,1987-02-21,10.208,10.7424,0.5344
train,1987-02-22,8.97,8.8109,-0.1591
train,1987-02-23,8.506,8.5439,0.0379
train,1987-02-24,9.88,9.7105,-0.1695
train,1987-02-25,8.71,8.7698,0.0598
train,1987-02-26,8.29,8.3145,0.0245
train,1987-02-27,8.54,8.5221,-0.0179
train,1987-02-28,8.34,8.5188,0.1788
train,1987-03-01,8.49,8.5265,0.0365
train,1987-03-02,8.86,9.1367,0.2767
train,1987-03-03,9.28,9.4244,0.1444
train,1987-03-04,9.64,10.1655,0.5255
train,1987-03-05,8.6,8.6655,0.0655
train,1987-03-06,9.374,9.8532,0.4792
train,1987-03-07,8.4,8.3645,-0.0355
train,1987-03-08,9.27,9.4821,0.2121
train,1987-03-09,8.67,8.6751,0.0051
train,1987-03-10,9.02,8.7989,-0.2211
train,1987-03-11,9.06,9.2028,0.1428
train,1987-03-12,8.52,8.5382,0.0182
train,1987-03-13,10.16,9.5579,-0.6021
train,1987-03-14,7.496,7.5041,0.0081
train,1987-03-15,8.226,8.2931,0.0671
train,1987-03-16,8.384,8.4054,0.0214
train,1987-03-17,7.6,7.6098,0.0098
train,1987-03-18,11.28,10.9874,-0.2926
train,1987-03-19,8.2,8.1867,-0.0133
train,1987-03-20,8.83,8.8107,-0.0193
train,1987-03-21,8.59,8.6228,0.0328
train,1987-03-22,8.84,8.8248,-0.0152
train,1987-03-23,8.316,8.3452,0.0292
train,1987-03-24,8.54,8.6279,0.0879
train,1987-03-25,8.202,8.241,0.039
train,1987-03-26,8.86,8.961,0.101
train,1987-03-27,8.49,8.5192,0.0292
train,1987-03-28,8.84,9.0509,0.2109
train,1987-03-29,8.34,8.3662,0.0262
train,1987-03-30,9.11,8.9432,-0.1668
train,1987-03-31,9.518,9.6475,0.1295
train,1987-04-01,8.134,8.1969,0.0629
train,1987-04-02,9.16,9.4687,0.3087
train,1987-04-03,8.26,8.307,0.047
train,1987-04-04,8.55,8.5639,0.0139
train,1987-04-05,7.63,7.6286,-0.0014
train,1987-04-06,8.83,9.1275,0.2975
train,1987-04-07,8.46,8.5104,0.0504
train,1987-04-08,8.952,9.0649,0.1129
train,1987-04-09,8.81,8.9128,0.1028
train,1987-04-10,8.37,8.3995,0.0295
train,1987-04-11,8.77,8.7742,0.0042
train,1987-04-12,8.37,8.374,0.004
train,1987-04-13,8.65,8.6429,-0.0071
train,1987-04-14,8.87,8.9268,0.0568
train,1987-04-15,7.545,7.5108,-0.0342
train,1987-04-16,8.83,8.6862,-0.1438
train,1987-04-17,8.506,8.7138,0.2078
train,1987-04-18,8.46,8.3245,-0.1355
train,1987-04-19,8.032,8.0689,0.0369
train,1987-04-20,7.554,7.5531,-0.0009
train,1987-04-21,8.66,8.8291,0.1691
train,1987-04-22,8.77,8.8744,0.1044
train,1987-04-23,8.34,8.3814,0.0414
train,1987-04-24,7.52,7.5171,-0.0029
train,1987-04-25,8.424,8.5457,0.1217
train,1987-04-26,8.46,8.503,0.043
train,1987-04-27,8.36,8.3876,0.0276
train,1987-04-28,8.67,8.6858,0.0158
train,1987-04-29,7.252,7.3391,0.0871
train,1987-04-30,8.48,8.4857,0.0057
train,1987-05-01,8.63,8.9105,0.2805
train,1987-05-02,8.65,8.6238,-0.0262
train,1987-05-03,8.816,9.0103,0.1943
train,1987-05-04,9.27,10.1195,0.8495
train,1987-05-05,8.346,8.3764,0.0304
train,1987-05-06,8.758,8.8964,0.1384
train,1987-05-07,9.808,9.8268,0.0188
train,1987-05-08,9.03,8.9398,-0.0902
train,1987-05-09,8.004,7.9997,-0.0043
train,1987-05-10,8.49,8.5033,0.0133
train,1987-05-11,8.56,8.5599,-0.0001
train,1987-05-12,8.44,8.4518,0.0118
train,1987-05-13,8.6,8.6428,0.0428
train,1987-05-14,8.28,8.3276,0.0476
train,1987-05-15,8.26,8.2989,0.0389
train,1987-05-16,9.5,9.5941,0.0941
train,1987-05-17,8.61,8.6482,0.0382
train,1987-05-18,9.27,9.2528,-0.0172
train,1987-05-19,8.966,8.9223,-0.0437
train,1987-05-20,8.46,8.4421,-0.0179
train,1987-05-21,8.606,8.7044,0.0984
train,1987-05-22,8.79,8.9104,0.1204
train,1987-05-23,8.88,8.8232,-0.0568
train,1987-05-24,8.286,8.3634,0.0774
train,1987-05-25,8.604,8.5972,-0.0068
train,1987-05-26,8.41,8.4317,0.0217
train,1987-05-27,8.138,7.6347,-0.5033
train,1987-05-28,8.52,8.577,0.057
train,1987-05-29,8.486,8.4888,0.0028
train,1987-05-30,8.598,10.0096,1.4116
train,1987-05-31,8.71,8.6607,-0.0493
train,1987-06-01,8.51,8.5161,0.0061
train,1987-06-02,8.7,8.6993,-0.0007
train,1987-06-03,8.82,9.277,0.457
train,1987-06-04,8.08,8.1153,0.0353
train,1987-06-05,8.38,8.3986,0.0186
train,1987-06-06,8.6,8.61,0.01
train,1987-06-07,8.82,8.8091,-0.0109
train,1987-06-08,9.13,9.1857,0.0557
train,1987-06-09,9.05,9.1343,0.0843
train,1987-06-10,8.48,8.5156,0.0356
train,1987-06-11,11.56,9.7475,-1.8125
train,1987-06-12,8.38,8.4302,0.0502
train,1987-06-13,9.334,9.0859,-0.2481
train,1987-06-14,8.4,8.4382,0.0382
train,1987-06-15,8.89,8.8802,-0.0098
train,1987-06-16,9.002,9.2029,0.2009
train,1987-06-17,8.59,8.6052,0.0152
train,1987-06-18,8.5,8.5072,0.0072
train,1987-06-19,8.69,8.6823,-0.0077
train,1987-06-20,8.5,8.509,0.009
train,1987-06-21,8.29,8.3323,0.0423
train,1987-06-22,8.35,8.3166,-0.0334
train,1987-06-23,9.66,10.1253,0.4653
train,1987-06-24,8.65,8.7196,0.0696
train,1987-06-25,9.29,9.5072,0.2172
train,1987-06-26,8.02,8.0376,0.0176
train,1987-06-27,11.23,8.9864,-2.2436
train,1987-06-28,9.26,8.8975,-0.3625
train,1987-06-29,8.608,8.7518,0.1438
train,1987-06-30,8.71,8.6913,-0.0187
train,1987-07-01,12.026,9.7973,-2.2287
train,1987-07-02,8.166,8.4353,0.2693
train,1987-07-03,8.33,8.3576,0.0276
train,1987-07-04,9.276,9.9629,0.6869
train,1987-07-05,10.15,10.6114,0.4614
train,1987-07-06,8.336,8.8177,0.4817
train,1987-07-07,8.72,8.6336,-0.0864
train,1987-07-08,8.68,8.6921,0.0121
train,1987-07-09,9.868,9.5576,-0.3104
train,1987-07-10,8.45,8.4704,0.0204
train,1987-07-11,8.97,9.2392,0.2692
train,1987-07-12,8.164,8.2266,0.0626
train,1987-07-13,8.172,8.5811,0.4091
train,1987-07-14,8.42,8.4403,0.0203
train,1987-07-15,8.93,8.7681,-0.1619
train,1987-07-16,8.344,8.4517,0.1077
train,1987-07-17,7.462,7.6288,0.1668
train,1987-07-18,8.762,8.737,-0.025
train,1987-07-19,9.13,9.2028,0.0728
train,1987-07-20,8.462,8.4829,0.0209
train,1987-07-21,9.54,9.2984,-0.2416
train,1987-07-22,8.496,8.6295,0.1335
train,1987-07-23,8.84,9.0356,0.1956
train,1987-07-24,9.79,9.8129,0.0229
train,1987-07-25,8.86,8.8731,0.0131
train,1987-07-26,8.29,8.3073,0.0173
train,1987-07-27,9.036,8.9297,-0.1063
train,1987-07-28,8.43,8.5315,0.1015
train,1987-07-29,8.78,8.7217,-0.0583
train,1987-07-30,9.162,9.1082,-0.0538
train,1987-07-31,8.44,8.4517,0.0117
train,1987-08-01,9.25,9.3275,0.0775
train,1987-08-02,8.54,8.6373,0.0973
train,1987-08-03,7.13,7.1923,0.0623
train,1987-08-04,8.43,8.4695,0.0395
train,1987-08-05,9.02,8.9941,-0.0259
train,1987-08-06,8.984,9.0693,0.0853
train,1987-08-07,8.636,8.6815,0.0455
train,1987-08-08,8.988,9.0964,0.1084
train,1987-08-09,9.77,10.142,0.372
train,1987-08-10,8.43,8.4374,0.0074
train,1987-08-11,9.96,9.9554,-0.0046
train,1987-08-12,8.48,8.554,0.074
train,1987-08-13,9.23,9.3202,0.0902
train,1987-08-14,10.89,10.2028,-0.6872
train,1987-08-15,8.244,8.2841,0.0401
train,1987-08-16,8.44,8.4475,0.0075
train,1987-08-17,8.798,9.2172,0.4192
train,1987-08-18,8.716,8.7482,0.0322
train,1987-08-19,8.69,8.6757,-0.0143
train,1987-08-20,8.6,8.6159,0.0159
train,1987-08-21,8.8,8.7565,-0.0435
train,1987-08-22,9.42,9.597,0.177
train,1987-08-23,8.5,8.4936,-0.0064
train,1987-08-24,8.76,8.9386,0.1786
train,1987-08-25,9.06,9.2461,0.1861
train,1987-08-26,8.39,8.3869,-0.0031
train,1987-08-27,7.556,7.8245,0.2685
train,1987-08-28,7.12,7.1741,0.0541
train,1987-08-29,8.7,8.7,0.0
train,1987-08-30,8.928,8.902,-0.026
train,1987-08-31,8.09,8.1419,0.0519
train,1987-09-01,9.73,9.8019,0.0719
train,1987-09-02,9.81,9.4176,-0.3924
train,1987-09-03,8.58,8.7291,0.1491
train,1987-09-04,6.352,6.5484,0.1964
train,1987-09-05,8.538,8.5897,0.0517
train,1987-09-06,9.062,8.8957,-0.1663
train,1987-09-07,8.59,8.6829,0.0929
train,1987-09-08,9.36,9.2963,-0.0637
train,1987-09-09,8.68,8.8598,0.1798
train,1987-09-10,8.49,8.51,0.02
train,1987-09-11,8.36,8.4644,0.1044
train,1987-09-12,8.25,8.2397,-0.0103
train,1987-09-13,8.46,8.4519,-0.0081
train,1987-09-14,8.28,8.2853,0.0053
train,1987-09-15,8.55,8.5614,0.0114
train,1987-09-16,9.69,8.861,-0.829
train,1987-09-17,8.49,8.4794,-0.0106
train,1987-09-18,8.47,8.4715,0.0015
train,1987-09-19,9.18,9.4982,0.3182
train,1987-09-20,8.53,8.5369,0.0069
train,1987-09-21,7.682,8.0225,0.3405
train,1987-09-22,8.75,8.7539,0.0039
train,1987-09-23,8.198,8.2347,0.0367
train,1987-09-24,8.56,8.5688,0.0088
train,1987-09-25,8.34,8.3512,0.0112
train,1987-09-26,8.26,8.2734,0.0134
train,1987-09-27,8.3,8.3158,0.0158
train,1987-09-28,8.53,8.5798,0.0498
train,1987-09-29,8.72,8.6903,-0.0297
train,1987-09-30,8.62,8.6222,0.0022
train,1987-10-01,8.578,8.6105,0.0325
train,1987-10-02,8.77,8.7361,-0.0339
train,1987-10-03,10.48,10.2023,-0.2777
train,1987-10-04,9.57,8.9701,-0.5999
train,1987-10-05,8.52,8.5888,0.0688
train,1987-10-06,9.216,9.1471,-0.0689
train,1987-10-07,8.51,8.526,0.016
train,1987-10-08,9.11,9.4698,0.3598
train,1987-10-09,8.322,8.3625,0.0405
train,1987-10-10,8.13,8.1862,0.0562
train,1987-10-11,8.97,9.2479,0.2779
train,1987-10-12,7.51,7.5123,0.0023
train,1987-10-13,7.58,7.5521,-0.0279
train,1987-10-14,8.6,8.5891,-0.0109
train,1987-10-15,8.38,8.409,0.029
train,1987-10-16,8.55,8.64,0.09
train,1987-10-17,9.99,9.4632,-0.5268
train,1987-10-18,10.876,9.3433,-1.5327
train,1987-10-19,8.054,8.049,-0.005
train,1987-10-20,9.07,9.2408,0.1708
train,1987-10-21,7.652,7.5608,-0.0912
train,1987-10-22,8.38,8.4028,0.0228
train,1987-10-23,8.46,8.5015,0.0415
train,1987-10-24,8.52,8.5525,0.0325
train,1987-10-25,8.33,8.3312,0.0012
train,1987-10-26,7.76,7.7528,-0.0072
train,1987-10-27,8.096,8.1328,0.0368
train,1987-10-28,8.42,8.4486,0.0286
train,1987-10-29,9.12,9.2188,0.0988
train,1987-10-30,8.0,8.0741,0.0741
train,1987-10-31,9.25,9.3717,0.1217
train,1987-11-01,8.674,9.4193,0.7453
train,1987-11-02,8.656,8.6289,-0.0271
train,1987-11-03,10.36,10.3133,-0.0467
train,1987-11-04,8.56,8.5956,0.0356
train,1987-11-05,8.59,8.5886,-0.0014
train,1987-11-06,8.716,8.5626,-0.1534
train,1987-11-07,8.42,8.4269,0.0069
train,1987-11-08,8.424,8.5204,0.0964
train,1987-11-09,8.9,8.872,-0.028
train,1987-11-10,8.3,8.339,0.039
train,1987-11-11,8.66,8.6006,-0.0594
train,1987-11-12,7.12,7.1663,0.0463
train,1987-11-13,8.532,8.5342,0.0022
train,1987-11-14,8.91,8.8719,-0.0381
train,1987-11-15,8.58,8.5747,-0.0053
train,1987-11-16,8.55,8.5715,0.0215
train,1987-11-17,8.91,9.1274,0.2174
train,1987-11-18,8.18,8.1789,-0.0011
train,1987-11-19,8.156,8.5527,0.3967
train,1987-11-20,8.802,8.8418,0.0398
train,1987-11-21,8.106,8.2627,0.1567
train,1987-11-22,8.49,8.8191,0.3291
train,1987-11-23,10.89,10.2897,-0.6003
train,1987-11-24,8.56,8.597,0.037
train,1987-11-25,9.98,9.8284,-0.1516
train,1987-11-26,8.68,8.8291,0.1491
train,1987-11-27,8.306,8.2451,-0.0609
train,1987-11-28,8.606,8.7435,0.1375
train,1987-11-29,10.21,10.4813,0.2713
train,1987-11-30,11.006,10.6023,-0.4037
train,1987-12-01,9.06,9.1424,0.0824
train,1987-12-02,7.768,7.7591,-0.0089
train,1987-12-03,7.972,8.1885,0.2165
train,1987-12-04,8.57,8.6788,0.1088
train,1987-12-05,8.61,8.5066,-0.1034
train,1987-12-06,8.548,8.5923,0.0443
train,1987-12-07,8.664,8.4916,-0.1724
train,1987-12-08,11.15,9.228,-1.922
train,1987-12-09,9.554,9.4312,-0.1228
train,1987-12-10,7.21,7.1997,-0.0103
train,1987-12-11,8.528,8.2455,-0.2825
train,1987-12-12,8.092,8.0971,0.0051
train,1987-12-13,8.37,8.4564,0.0864
train,1987-12-14,7.19,7.1897,-0.0003
train,1987-12-15,8.84,8.9923,0.1523
train,1987-12-16,8.77,8.9974,0.2274
train,1987-12-17,9.07,8.9099,-0.1601
train,1987-12-18,8.132,8.1688,0.0368
train,1987-12-19,8.73,8.6385,-0.0915
train,1987-12-20,8.53,8.5621,0.0321
train,1987-12-21,8.754,8.9224,0.1684
train,1987-12-22,8.5,8.4876,-0.0124
train,1987-12-23,8.93,9.0068,0.0768
train,1987-12-24,8.66,8.6278,-0.0322
train,1987-12-25,9.84,9.9,0.06
train,1987-12-26,9.458,9.7187,0.2607
train,1987-12-27,8.19,8.2397,0.0497
train,1987-12-28,8.46,9.0083,0.5483
train,1987-12-29,8.73,8.6787,-0.0513
train,1987-12-30,7.528,7.5328,0.0048
train,1987-12-31,8.066,8.1193,0.0533
train,1988-01-01,9.078,9.6143,0.5363
train,1988-01-02,8.47,8.4671,-0.0029
train,1988-01-03,8.396,8.4705,0.0745
train,1988-01-04,7.222,7.2202,-0.0018
train,1988-01-05,8.0,8.0654,0.0654
train,1988-01-06,8.51,8.529,0.019
train,1988-01-07,8.61,8.5923,-0.0177
train,1988-01-08,7.776,7.9417,0.1657
train,1988-01-09,11.456,10.8783,-0.5777
train,1988-01-10,9.05,9.1656,0.1156
train,1988-01-11,9.62,9.5539,-0.0661
train,1988-01-12,8.5,8.4931,-0.0069
train,1988-01-13,8.37,8.4017,0.0317
train,1988-01-14,8.104,8.0971,-0.0069
train,1988-01-15,8.76,8.7824,0.0224
train,1988-01-16,9.71,9.8789,0.1689
train,1988-01-17,8.912,8.8209,-0.0911
train,1988-01-18,9.83,9.7074,-0.1226
train,1988-01-19,9.13,9.1763,0.0463
train,1988-01-20,8.62,8.5944,-0.0256
train,1988-01-21,11.33,11.3378,0.0078
train,1988-01-22,8.49,8.5122,0.0222
train,1988-01-23,7.108,7.1443,0.0363
train,1988-01-24,8.53,8.5322,0.0022
train,1988-01-25,10.434,9.607,-0.827
train,1988-01-26,10.03,9.9186,-0.1114
train,1988-01-27,8.35,8.2881,-0.0619
train,1988-01-28,8.34,8.3828,0.0428
train,1988-01-29,9.116,9.5318,0.4158
train,1988-01-30,8.24,8.3259,0.0859
train,1988-01-31,7.316,7.4159,0.0999
train,1988-02-01,8.446,8.8417,0.3957
train,1988-02-02,8.6,8.586,-0.014
train,1988-02-03,8.32,8.3529,0.0329
train,1988-02-04,8.396,8.4259,0.0299
train,1988-02-05,9.19,9.5759,0.3859
train,1988-02-06,9.304,9.646,0.342
train,1988-02-07,8.82,8.4605,-0.3595
train,1988-02-08,8.386,8.3926,0.0066
train,1988-02-09,8.33,8.4621,0.1321
train,1988-02-10,10.414,10.2918,-0.1222
train,1988-02-11,8.42,8.4693,0.0493
train,1988-02-12,8.5,8.4965,-0.0035
train,1988-02-13,9.832,9.3052,-0.5268
train,1988-02-14,7.696,7.6817,-0.0143
train,1988-02-15,8.62,8.5987,-0.0213
train,1988-02-16,8.11,8.0144,-0.0956
train,1988-02-17,8.3,8.2938,-0.0062
train,1988-02-18,8.99,9.0462,0.0562
train,1988-02-19,8.45,8.4953,0.0453
train,1988-02-20,8.3,8.348,0.048
train,1988-02-21,10.106,9.1896,-0.9164
train,1988-02-22,9.364,8.5135,-0.8505
train,1988-02-23,8.57,8.7023,0.1323
train,1988-02-24,9.928,9.4472,-0.4808
train,1988-02-25,8.98,9.0723,0.0923
train,1988-02-26,8.38,8.4062,0.0262
train,1988-02-27,8.68,8.6758,-0.0042
train,1988-02-28,8.604,8.6203,0.0163
train,1988-02-29,9.03,9.1557,0.1257
train,1988-03-01,8.45,8.5894,0.1394
train,1988-03-02,9.12,9.5908,0.4708
train,1988-03-03,8.87,8.7984,-0.0716
train,1988-03-04,8.008,8.0504,0.0424
train,1988-03-05,8.274,8.4413,0.1673
train,1988-03-06,8.206,8.2902,0.0842
train,1988-03-07,8.142,8.338,0.196
train,1988-03-08,8.76,8.6967,-0.0633
train,1988-03-09,8.47,8.4146,-0.0554
train,1988-03-10,6.72,6.732,0.012
train,1988-03-11,8.74,8.7171,-0.0229
train,1988-03-12,8.57,8.5921,0.0221
train,1988-03-13,8.61,8.4552,-0.1548
train,1988-03-14,11.42,10.8617,-0.5583
train,1988-03-15,10.05,10.7036,0.6536
train,1988-03-16,10.316,10.3003,-0.0157
train,1988-03-17,9.73,9.0292,-0.7008
train,1988-03-18,9.55,9.5409,-0.0091
train,1988-03-19,8.97,9.0185,0.0485
train,1988-03-20,7.998,8.0626,0.0646
train,1988-03-21,8.72,8.7125,-0.0075
train,1988-03-22,8.51,8.5112,0.0012
train,1988-03-23,8.26,8.3291,0.0691
train,1988-03-24,8.64,8.8827,0.2427
train,1988-03-25,8.946,9.1365,0.1905
train,1988-03-26,8.184,8.2304,0.0464
train,1988-03-27,8.31,8.3094,-0.0006
train,1988-03-28,8.47,8.4636,-0.0064
train,1988-03-29,8.39,8.4121,0.0221
train,1988-03-30,8.696,8.8336,0.1376
train,1988-03-31,8.94,8.92,-0.02
train,1988-04-01,8.96,9.1109,0.1509
train,1988-04-02,8.35,8.3939,0.0439
train,1988-04-03,8.604,8.5339,-0.0701
train,1988-04-04,9.334,9.3975,0.0635
train,1988-04-05,8.266,8.2936,0.0276
train,1988-04-06,8.21,8.2549,0.0449
train,1988-04-07,8.672,8.7938,0.1218
train,1988-04-08,8.49,8.6338,0.1438
train,1988-04-09,8.768,8.8384,0.0704
train,1988-04-10,9.35,9.2947,-0.0553
train,1988-04-11,8.58,8.6005,0.0205
train,1988-04-12,8.22,8.2483,0.0283
train,1988-04-13,8.78,9.0604,0.2804
train,1988-04-14,8.51,8.5473,0.0373
train,1988-04-15,8.8,8.8245,0.0245
train,1988-04-16,8.36,8.3963,0.0363
train,1988-04-17,8.62,8.5647,-0.0553
train,1988-04-18,8.82,8.9662,0.1462
train,1988-04-19,8.57,8.5756,0.0056
train,1988-04-20,10.498,10.5647,0.0667
train,1988-04-21,8.87,9.4262,0.5562
train,1988-04-22,8.222,8.2432,0.0212
train,1988-04-23,8.87,9.0913,0.2213
train,1988-04-24,9.23,9.0089,-0.2211
train,1988-04-25,7.55,7.5015,-0.0485
train,1988-04-26,10.86,9.3002,-1.5598
train,1988-04-27,8.496,8.5283,0.0323
train,1988-04-28,8.8,8.7377,-0.0623
train,1988-04-29,8.87,8.8284,-0.0416
train,1988-04-30,8.7,8.6829,-0.0171
train,1988-05-01,8.45,8.4614,0.0114
train,1988-05-02,8.53,8.5155,-0.0145
train,1988-05-03,7.19,7.1916,0.0016
train,1988-05-04,7.67,7.697,0.027
train,1988-05-05,6.644,6.6302,-0.0138
train,1988-05-06,9.618,8.7486,-0.8694
train,1988-05-07,8.43,8.4595,0.0295
train,1988-05-08,10.05,9.7243,-0.3257
train,1988-05-09,8.41,8.5507,0.1407
train,1988-05-10,8.53,8.564,0.034
train,1988-05-11,7.668,7.7127,0.0447
train,1988-05-12,8.42,8.4633,0.0433
train,1988-05-13,8.29,8.3405,0.0505
train,1988-05-14,8.49,8.5081,0.0181
train,1988-05-15,8.77,8.6717,-0.0983
train,1988-05-16,8.26,8.2844,0.0244
train,1988-05-17,8.59,8.5837,-0.0063
train,1988-05-18,8.102,8.2639,0.1619
train,1988-05-19,8.54,8.5082,-0.0318
train,1988-05-20,9.43,9.3122,-0.1178
train,1988-05-21,8.59,8.5761,-0.0139
train,1988-05-22,8.38,8.4638,0.0838
train,1988-05-23,9.6,9.8465,0.2465
train,1988-05-24,8.42,8.4383,0.0183
train,1988-05-25,9.27,8.5872,-0.6828
train,1988-05-26,9.12,9.2186,0.0986
train,1988-05-27,8.31,8.2652,-0.0448
train,1988-05-28,8.336,8.8579,0.5219
train,1988-05-29,8.34,8.3738,0.0338
train,1988-05-30,9.09,9.4272,0.3372
train,1988-05-31,9.38,9.4477,0.0677
train,1988-06-01,8.84,8.8782,0.0382
train,1988-06-02,8.51,8.5515,0.0415
train,1988-06-03,7.976,8.0048,0.0288
train,1988-06-04,8.82,8.7824,-0.0376
train,1988-06-05,8.002,8.1035,0.1015
train,1988-06-06,9.562,9.1028,-0.4592
train,1988-06-07,8.59,8.7791,0.1891
train,1988-06-08,8.56,8.5643,0.0043
train,1988-06-09,8.71,8.716,0.006
train,1988-06-10,9.0,9.3209,0.3209
train,1988-06-11,8.4,8.4093,0.0093
train,1988-06-12,8.8,8.8321,0.0321
train,1988-06-13,8.53,8.5508,0.0208
train,1988-06-14,8.25,8.4168,0.1668
train,1988-06-15,8.59,8.6425,0.0525
train,1988-06-16,8.99,8.9802,-0.0098
train,1988-06-17,7.252,7.3162,0.0642
train,1988-06-18,8.35,8.3847,0.0347
train,1988-06-19,8.4,8.4175,0.0175
train,1988-06-20,8.102,8.1484,0.0464
train,1988-06-21,8.46,8.5095,0.0495
train,1988-06-22,8.35,8.4052,0.0552
train,1988-06-23,9.54,9.455,-0.085
train,1988-06-24,8.59,8.5588,-0.0312
train,1988-06-25,9.25,9.3829,0.1329
train,1988-06-26,8.524,8.5673,0.0433
train,1988-06-27,8.47,8.5091,0.0391
train,1988-06-28,8.216,8.2732,0.0572
train,1988-06-29,8.042,8.067,0.025
train,1988-06-30,9.2,8.9637,-0.2363
train,1988-07-01,8.51,8.5276,0.0176
train,1988-07-02,8.484,8.5432,0.0592
train,1988-07-03,8.48,8.586,0.106
train,1988-07-04,9.23,9.2111,-0.0189
train,1988-07-05,7.62,7.6791,0.0591
train,1988-07-06,12.59,10.8518,-1.7382
train,1988-07-07,8.396,8.4171,0.0211
train,1988-07-08,11.3,11.3584,0.0584
train,1988-07-09,8.47,8.4701,0.0001
train,1988-07-10,8.604,8.3514,-0.2526
train,1988-07-11,8.84,8.6162,-0.2238
train,1988-07-12,8.816,8.9024,0.0864
train,1988-07-13,10.52,9.8264,-0.6936
train,1988-07-14,8.26,8.3078,0.0478
train,1988-07-15,9.58,9.4628,-0.1172
train,1988-07-16,8.09,8.2535,0.1635
train,1988-07-17,8.87,9.0188,0.1488
train,1988-07-18,9.13,9.3778,0.2478
train,1988-07-19,9.29,9.4429,0.1529
train,1988-07-20,7.454,7.4675,0.0135
train,1988-07-21,8.71,8.8317,0.1217
train,1988-07-22,9.22,9.3642,0.1442
train,1988-07-23,8.5,8.6842,0.1842
train,1988-07-24,8.35,8.3367,-0.0133
train,1988-07-25,8.154,8.1701,0.0161
train,1988-07-26,9.28,10.1862,0.9062
train,1988-07-27,10.056,8.8662,-1.1898
train,1988-07-28,8.36,8.3281,-0.0319
train,1988-07-29,8.31,8.3236,0.0136
train,1988-07-30,8.7,8.7212,0.0212
train,1988-07-31,10.424,9.4043,-1.0197
train,1988-08-01,7.854,8.2136,0.3596
train,1988-08-02,8.28,8.2952,0.0152
train,1988-08-03,8.54,8.5755,0.0355
train,1988-08-04,8.47,8.4556,-0.0144
train,1988-08-05,8.59,8.5281,-0.0619
train,1988-08-06,9.85,9.1458,-0.7042
train,1988-08-07,9.12,8.9411,-0.1789
train,1988-08-08,8.98,9.1989,0.2189
train,1988-08-09,8.064,8.1093,0.0453
train,1988-08-10,8.47,8.4727,0.0027
train,1988-08-11,8.746,8.5256,-0.2204
train,1988-08-12,9.15,8.5648,-0.5852
train,1988-08-13,8.62,8.6065,-0.0135
train,1988-08-14,8.4,8.5144,0.1144
train,1988-08-15,7.934,7.9739,0.0399
train,1988-08-16,8.386,8.4034,0.0174
train,1988-08-17,8.96,8.6557,-0.3043
train,1988-08-18,8.71,8.6899,-0.0201
train,1988-08-19,8.52,8.5793,0.0593
train,1988-08-20,8.63,8.6648,0.0348
train,1988-08-21,8.42,8.5262,0.1062
train,1988-08-22,8.36,8.3902,0.0302
train,1988-08-23,8.45,8.5371,0.0871
train,1988-08-24,9.93,9.3928,-0.5372
train,1988-08-25,8.276,8.3222,0.0462
train,1988-08-26,9.956,9.3762,-0.5798
train,1988-08-27,8.61,8.6178,0.0078
train,1988-08-28,8.364,8.467,0.103
train,1988-08-29,8.64,8.7096,0.0696
train,1988-08-30,8.44,8.4759,0.0359
train,1988-08-31,8.686,8.786,0.1
train,1988-09-01,8.82,9.0676,0.2476
train,1988-09-02,9.24,9.7023,0.4623
train,1988-09-03,8.84,8.8699,0.0299
train,1988-09-04,8.93,8.3778,-0.5522
train,1988-09-05,7.99,8.449,0.459
train,1988-09-06,8.712,8.9195,0.2075
train,1988-09-07,8.32,8.3408,0.0208
train,1988-09-08,9.6,9.5604,-0.0396
train,1988-09-09,8.59,8.6372,0.0472
train,1988-09-10,8.136,8.0891,-0.0469
train,1988-09-11,9.26,9.1155,-0.1445
train,1988-09-12,8.43,8.4637,0.0337
train,1988-09-13,8.48,8.4497,-0.0303
train,1988-09-14,9.27,9.4354,0.1654
train,1988-09-15,9.13,9.1307,0.0007
train,1988-09-16,8.62,8.7002,0.0802
train,1988-09-17,8.64,8.6481,0.0081
train,1988-09-18,9.04,9.0478,0.0078
train,1988-09-19,7.51,7.5011,-0.0089
train,1988-09-20,7.908,8.0253,0.1173
train,1988-09-21,9.6,9.2535,-0.3465
train,1988-09-22,8.37,8.4011,0.0311
train,1988-09-23,8.55,8.7192,0.1692
train,1988-09-24,8.4,8.3979,-0.0021
train,1988-09-25,8.45,8.4828,0.0328
train,1988-09-26,8.58,8.5599,-0.0201
train,1988-09-27,10.04,10.2567,0.2167
train,1988-09-28,9.53,9.6927,0.1627
train,1988-09-29,8.85,8.7589,-0.0911
train,1988-09-30,8.85,8.8286,-0.0214
train,1988-10-01,9.22,9.2123,-0.0077
train,1988-10-02,8.34,8.3808,0.0408
train,1988-10-03,10.1,9.7751,-0.3249
train,1988-10-04,8.92,9.0517,0.1317
train,1988-10-05,8.4,8.4108,0.0108
train,1988-10-06,8.508,8.6669,0.1589
train,1988-10-07,8.52,8.5069,-0.0131
train,1988-10-08,8.6,8.677,0.077
train,1988-10-09,8.19,8.275,0.085
train,1988-10-10,9.06,9.0368,-0.0232
train,1988-10-11,8.52,8.5362,0.0162
train,1988-10-12,9.756,9.4847,-0.2713
train,1988-10-13,8.68,8.9127,0.2327
train,1988-10-14,9.008,9.1541,0.1461
train,1988-10-15,8.45,8.4582,0.0082
train,1988-10-16,8.216,8.2371,0.0211
train,1988-10-17,8.49,8.4703,-0.0197
train,1988-10-18,9.72,9.4425,-0.2775
train,1988-10-19,10.16,10.3633,0.2033
train,1988-10-20,8.35,8.3687,0.0187
train,1988-10-21,8.59,8.6014,0.0114
train,1988-10-22,8.36,8.3414,-0.0186
train,1988-10-23,8.702,8.7995,0.0975
train,1988-10-24,10.21,10.6301,0.4201
train,1988-10-25,8.55,8.5678,0.0178
train,1988-10-26,8.83,8.7747,-0.0553
train,1988-10-27,7.53,7.5623,0.0323
train,1988-10-28,10.426,10.0091,-0.4169
train,1988-10-29,8.44,8.4468,0.0068
train,1988-10-30,8.316,8.3414,0.0254
train,1988-10-31,8.216,8.2411,0.0251
train,1988-11-01,8.5,8.6292,0.1292
train,1988-11-02,9.04,8.9506,-0.0894
train,1988-11-03,8.326,8.3484,0.0224
train,1988-11-04,8.93,9.1099,0.1799
train,1988-11-05,8.68,8.6644,-0.0156
train,1988-11-06,8.39,8.4097,0.0197
train,1988-11-07,8.1,8.1395,0.0395
train,1988-11-08,8.88,8.7155,-0.1645
train,1988-11-09,8.358,8.2305,-0.1275
train,1988-11-10,8.62,8.6208,0.0008
train,1988-11-11,8.738,8.987,0.249
train,1988-11-12,9.6,10.0571,0.4571
train,1988-11-13,9.126,9.3073,0.1813
train,1988-11-14,8.25,8.2695,0.0195
train,1988-11-15,8.56,8.5694,0.0094
train,1988-11-16,8.084,8.1132,0.0292
train,1988-11-17,8.396,8.6762,0.2802
train,1988-11-18,8.48,8.5114,0.0314
train,1988-11-19,8.84,8.9453,0.1053
train,1988-11-20,8.37,8.3753,0.0053
train,1988-11-21,8.23,8.2793,0.0493
train,1988-11-22,8.7,8.6791,-0.0209
train,1988-11-23,9.074,9.182,0.108
train,1988-11-24,8.22,8.2221,0.0021
train,1988-11-25,9.04,9.2773,0.2373
train,1988-11-26,8.33,8.3608,0.0308
train,1988-11-27,8.41,8.3907,-0.0193
train,1988-11-28,8.29,8.3302,0.0402
train,1988-11-29,8.67,8.6535,-0.0165
train,1988-11-30,8.33,8.4267,0.0967
train,1988-12-01,8.74,8.9248,0.1848
train,1988-12-02,8.41,8.4459,0.0359
train,1988-12-03,8.48,8.6112,0.1312
train,1988-12-04,8.676,8.7265,0.0505
train,1988-12-05,7.5,7.514,0.014
train,1988-12-06,8.89,9.1756,0.2856
train,1988-12-07,8.52,8.5856,0.0656
train,1988-12-08,8.474,8.6129,0.1389
train,1988-12-09,9.254,9.0207,-0.2333
train,1988-12-10,8.266,8.3096,0.0436
train,1988-12-11,8.69,8.6879,-0.0021
train,1988-12-12,8.5,8.561,0.061
train,1988-12-13,11.83,10.8732,-0.9568
train,1988-12-14,8.43,8.4683,0.0383
train,1988-12-15,8.31,8.3471,0.0371
train,1988-12-16,8.468,8.477,0.009
train,1988-12-17,9.31,9.1312,-0.1788
train,1988-12-18,9.54,9.56,0.02
train,1988-12-19,8.37,8.3929,0.0229
train,1988-12-20,8.648,8.695,0.047
train,1988-12-21,8.42,8.4606,0.0406
train,1988-12-22,8.54,8.532,-0.008
train,1988-12-23,8.5,8.5234,0.0234
train,1988-12-24,8.27,8.325,0.055
train,1988-12-25,8.4,8.549,0.149
train,1988-12-26,8.178,8.4116,0.2336
train,1988-12-27,8.458,8.0171,-0.4409
train,1988-12-28,8.394,8.3711,-0.0229
train,1988-12-29,7.09,7.1269,0.0369
train,1988-12-30,8.914,9.1781,0.2641
train,1988-12-31,8.54,8.7194,0.1794
train,1989-01-01,9.64,8.971,-0.669
train,1989-01-02,8.46,8.4779,0.0179
train,1989-01-03,8.31,8.3202,0.0102
train,1989-01-04,8.69,8.6663,-0.0237
train,1989-01-05,8.32,8.354,0.034
train,1989-01-06,9.36,9.2253,-0.1347
train,1989-01-07,9.522,9.1555,-0.3665
train,1989-01-08,8.43,8.4536,0.0236
train,1989-01-09,8.56,8.6479,0.0879
train,1989-01-10,9.174,9.2175,0.0435
train,1989-01-11,9.91,10.6309,0.7209
train,1989-01-12,8.792,8.9272,0.1352
train,1989-01-13,9.02,9.0488,0.0288
train,1989-01-14,8.56,8.6062,0.0462
train,1989-01-15,8.52,8.5335,0.0135
train,1989-01-16,8.454,8.7863,0.3323
train,1989-01-17,8.7,8.7053,0.0053
train,1989-01-18,9.76,9.353,-0.407
train,1989-01-19,9.31,8.9237,-0.3863
train,1989-01-20,8.67,8.6726,0.0026
train,1989-01-21,7.8,7.7846,-0.0154
train,1989-01-22,8.34,8.3917,0.0517
train,1989-01-23,7.424,7.3627,-0.0613
train,1989-01-24,8.6,8.644,0.044
train,1989-01-25,8.506,8.524,0.018
train,1989-01-26,7.15,7.2231,0.0731
train,1989-01-27,7.6,7.7276,0.1276
train,1989-01-28,8.38,8.3738,-0.0062
train,1989-01-29,7.996,8.0232,0.0272
train,1989-01-30,7.134,7.1358,0.0018
train,1989-01-31,8.51,8.5728,0.0628
train,1989-02-01,10.102,8.0499,-2.0521
train,1989-02-02,8.74,8.7988,0.0588
train,1989-02-03,8.41,8.2034,-0.2066
train,1989-02-04,9.1,9.24,0.14
train,1989-02-05,8.5,8.4745,-0.0255
train,1989-02-06,8.5,8.5026,0.0026
train,1989-02-07,8.202,8.2554,0.0534
train,1989-02-08,8.27,8.2569,-0.0131
train,1989-02-09,9.29,8.576,-0.714
train,1989-02-10,8.77,8.7717,0.0017
train,1989-02-11,8.63,8.5837,-0.0463
train,1989-02-12,8.7,8.8242,0.1242
train,1989-02-13,8.76,8.7199,-0.0401
train,1989-02-14,8.45,8.4784,0.0284
train,1989-02-15,8.3,8.2991,-0.0009
train,1989-02-16,8.59,8.578,-0.012
train,1989-02-17,8.33,8.4008,0.0708
train,1989-02-18,7.996,8.1509,0.1549
train,1989-02-19,8.29,8.2896,-0.0004
train,1989-02-20,8.576,8.6505,0.0745
train,1989-02-21,8.25,8.2921,0.0421
train,1989-02-22,9.88,10.1008,0.2208
train,1989-02-23,7.486,7.5431,0.0571
train,1989-02-24,10.02,9.4905,-0.5295
train,1989-02-25,8.56,8.5609,0.0009
train,1989-02-26,8.47,8.5016,0.0316
train,1989-02-27,10.08,10.2611,0.1811
train,1989-02-28,8.79,8.7327,-0.0573
train,1989-03-01,9.484,9.0047,-0.4793
train,1989-03-02,9.19,9.4928,0.3028
train,1989-03-03,10.08,9.8513,-0.2287
train,1989-03-04,8.6,8.6852,0.0852
train,1989-03-05,8.97,9.2188,0.2488
train,1989-03-06,9.104,9.0515,-0.0525
train,1989-03-07,7.52,7.5413,0.0213
train,1989-03-08,10.034,9.2295,-0.8045
train,1989-03-09,8.26,8.3236,0.0636
train,1989-03-10,8.81,9.0312,0.2212
train,1989-03-11,10.61,9.6716,-0.9384
train,1989-03-12,8.93,9.176,0.246
train,1989-03-13,8.62,8.6238,0.0038
train,1989-03-14,8.078,8.2648,0.1868
train,1989-03-15,8.38,8.3956,0.0156
train,1989-03-16,8.11,8.1425,0.0325
train,1989-03-17,8.71,9.0308,0.3208
train,1989-03-18,9.33,9.3609,0.0309
train,1989-03-19,10.31,10.974,0.664
train,1989-03-20,8.424,8.4633,0.0393
train,1989-03-21,9.04,8.7241,-0.3159
train,1989-03-22,9.76,8.8801,-0.8799
train,1989-03-23,8.564,8.5246,-0.0394
train,1989-03-24,8.37,8.3896,0.0196
train,1989-03-25,9.12,8.8524,-0.2676
train,1989-03-26,11.7,10.2954,-1.4046
train,1989-03-27,8.31,8.3432,0.0332
train,1989-03-28,10.34,10.2927,-0.0473
train,1989-03-29,7.942,8.0421,0.1001
train,1989-03-30,8.36,8.3823,0.0223
train,1989-03-31,10.87,10.6445,-0.2255
train,1989-04-01,8.794,8.9613,0.1673
train,1989-04-02,8.252,8.2586,0.0066
train,1989-04-03,8.75,8.8004,0.0504
train,1989-04-04,8.63,8.6252,-0.0048
train,1989-04-05,8.85,8.9243,0.0743
train,1989-04-06,8.99,9.0869,0.0969
train,1989-04-07,8.21,8.2355,0.0255
train,1989-04-08,8.46,8.6836,0.2236
train,1989-04-09,9.05,9.0522,0.0022
train,1989-04-10,8.65,8.7115,0.0615
train,1989-04-11,8.5,8.5089,0.0089
train,1989-04-12,9.39,9.2051,-0.1849
train,1989-04-13,9.134,9.0983,-0.0357
train,1989-04-14,8.51,8.5455,0.0355
train,1989-04-15,8.46,8.5488,0.0888
train,1989-04-16,9.75,9.0117,-0.7383
train,1989-04-17,8.9,8.8982,-0.0018
train,1989-04-18,9.05,9.2806,0.2306
train,1989-04-19,9.27,9.3581,0.0881
train,1989-04-20,9.316,9.3433,0.0273
train,1989-04-21,8.958,9.1047,0.1467
train,1989-04-22,8.41,8.4208,0.0108
train,1989-04-23,8.44,8.4844,0.0444
train,1989-04-24,8.88,8.8191,-0.0609
train,1989-04-25,7.872,7.982,0.11
train,1989-04-26,8.388,8.4875,0.0995
train,1989-04-27,8.78,8.8723,0.0923
train,1989-04-28,8.36,8.3421,-0.0179
train,1989-04-29,8.432,8.4827,0.0507
train,1989-04-30,8.66,8.6686,0.0086
train,1989-05-01,8.72,8.7801,0.0601
train,1989-05-02,9.11,8.9247,-0.1853
train,1989-05-03,8.45,8.4615,0.0115
train,1989-05-04,9.49,9.6502,0.1602
train,1989-05-05,8.306,8.3654,0.0594
train,1989-05-06,8.57,8.5496,-0.0204
train,1989-05-07,8.27,8.2835,0.0135
train,1989-05-08,8.46,8.6282,0.1682
train,1989-05-09,8.36,8.2443,-0.1157
train,1989-05-10,8.46,8.531,0.071
train,1989-05-11,8.34,8.5879,0.2479
train,1989-05-12,7.788,7.853,0.065
train,1989-05-13,9.44,9.753,0.313
train,1989-05-14,9.18,9.1416,-0.0384
train,1989-05-15,10.19,10.0352,-0.1548
train,1989-05-16,9.088,9.1131,0.0251
train,1989-05-17,8.024,8.0447,0.0207
train,1989-05-18,8.622,8.5216,-0.1004
train,1989-05-19,10.68,10.7933,0.1133
train,1989-05-20,8.33,8.4101,0.0801
train,1989-05-21,8.174,8.2291,0.0551
train,1989-05-22,9.03,8.9631,-0.0669
train,1989-05-23,8.63,8.7006,0.0706
train,1989-05-24,8.52,8.4941,-0.0259
train,1989-05-25,9.36,9.3608,0.0008
train,1989-05-26,8.884,9.0954,0.2114
train,1989-05-27,8.5,8.5649,0.0649
train,1989-05-28,8.7,8.6758,-0.0242
train,1989-05-29,8.5,8.4938,-0.0062
train,1989-05-30,8.67,8.597,-0.073
train,1989-05-31,8.68,8.6382,-0.0418
train,1989-06-01,10.62,9.1662,-1.4538
train,1989-06-02,8.6,8.6041,0.0041
train,1989-06-03,8.25,8.2643,0.0143
train,1989-06-04,8.91,9.2808,0.3708
train,1989-06-05,8.972,8.9776,0.0056
train,1989-06-06,8.7,8.6957,-0.0043
train,1989-06-07,8.27,8.2969,0.0269
train,1989-06-08,7.7,7.6853,-0.0147
train,1989-06-09,8.88,8.7241,-0.1559
train,1989-06-10,8.52,8.4755,-0.0445
train,1989-06-11,8.51,8.5035,-0.0065
train,1989-06-12,9.05,9.2291,0.1791
train,1989-06-13,8.4,8.418,0.018
train,1989-06-14,8.196,8.2169,0.0209
train,1989-06-15,8.71,8.6548,-0.0552
train,1989-06-16,8.712,8.5844,-0.1276
train,1989-06-17,7.882,7.9616,0.0796
train,1989-06-18,9.33,9.4559,0.1259
train,1989-06-19,9.102,9.173,0.071
train,1989-06-20,8.44,8.4237,-0.0163
train,1989-06-21,8.4,8.4087,0.0087
train,1989-06-22,8.61,8.5886,-0.0214
train,1989-06-23,8.944,9.5179,0.5739
train,1989-06-24,9.3,9.7099,0.4099
train,1989-06-25,8.072,8.0947,0.0227
train,1989-06-26,8.14,8.1833,0.0433
train,1989-06-27,8.51,8.441,-0.069
train,1989-06-28,9.9,9.8682,-0.0318
train,1989-06-29,9.06,9.2844,0.2244
train,1989-06-30,8.66,8.9253,0.2653
train,1989-07-01,9.12,8.9172,-0.2028
train,1989-07-02,8.05,8.1045,0.0545
train,1989-07-03,8.46,8.4747,0.0147
train,1989-07-04,8.2,8.255,0.055
train,1989-07-05,9.324,9.6612,0.3372
train,1989-07-06,8.194,8.231,0.037
train,1989-07-07,8.936,9.0601,0.1241
train,1989-07-08,8.41,8.5219,0.1119
train,1989-07-09,7.87,7.9566,0.0866
train,1989-07-10,9.02,9.2449,0.2249
train,1989-07-11,8.65,8.7918,0.1418
train,1989-07-12,9.83,10.0149,0.1849
train,1989-07-13,8.39,8.4472,0.0572
train,1989-07-14,9.24,9.3118,0.0718
train,1989-07-15,8.6,8.5325,-0.0675
train,1989-07-16,8.85,8.812,-0.038
train,1989-07-17,8.67,8.9859,0.3159
train,1989-07-18,10.104,10.0877,-0.0163
train,1989-07-19,9.17,9.1548,-0.0152
train,1989-07-20,8.514,8.5125,-0.0015
train,1989-07-21,8.1,8.1411,0.0411
train,1989-07-22,8.416,8.4364,0.0204
train,1989-07-23,10.222,8.9931,-1.2289
train,1989-07-24,8.376,9.6005,1.2245
train,1989-07-25,9.36,9.4145,0.0545
train,1989-07-26,8.38,8.3986,0.0186
train,1989-07-27,8.672,9.2362,0.5642
train,1989-07-28,8.62,8.6479,0.0279
train,1989-07-29,8.88,8.9337,0.0537
train,1989-07-30,7.874,7.8268,-0.0472
train,1989-07-31,8.44,8.5409,0.1009
train,1989-08-01,8.52,8.5358,0.0158
train,1989-08-02,8.33,8.3756,0.0456
train,1989-08-03,8.46,8.4746,0.0146
train,1989-08-04,7.9,8.3354,0.4354
train,1989-08-05,8.142,8.068,-0.074
train,1989-08-06,9.59,9.5611,-0.0289
train,1989-08-07,9.63,9.8487,0.2187
train,1989-08-08,9.49,9.3976,-0.0924
train,1989-08-09,8.894,8.9743,0.0803
train,1989-08-10,9.35,9.0249,-0.3251
train,1989-08-11,8.61,8.5987,-0.0113
train,1989-08-12,8.66,8.6801,0.0201
train,1989-08-13,8.64,8.6184,-0.0216
train,1989-08-14,8.51,8.4911,-0.0189
train,1989-08-15,8.672,8.5322,-0.1398
train,1989-08-16,8.674,8.6599,-0.0141
train,1989-08-17,8.62,8.6568,0.0368
train,1989-08-18,8.39,8.4163,0.0263
train,1989-08-19,9.45,9.6352,0.1852
train,1989-08-20,8.66,8.6387,-0.0213
train,1989-08-21,8.56,8.4907,-0.0693
train,1989-08-22,9.29,9.4,0.11
train,1989-08-23,8.69,8.7069,0.0169
train,1989-08-24,7.978,8.1975,0.2195
train,1989-08-25,8.704,9.4823,0.7783
train,1989-08-26,8.332,8.3721,0.0401
train,1989-08-27,8.68,8.6513,-0.0287
train,1989-08-28,8.75,9.0551,0.3051
train,1989-08-29,8.8,8.957,0.157
train,1989-08-30,8.826,9.1127,0.2867
train,1989-08-31,8.51,8.4725,-0.0375
train,1989-09-01,8.78,8.8529,0.0729
train,1989-09-02,8.51,8.5306,0.0206
train,1989-09-03,8.32,8.3592,0.0392
train,1989-09-04,8.31,8.3055,-0.0045
train,1989-09-05,8.58,8.5886,0.0086
train,1989-09-06,10.012,9.3752,-0.6368
train,1989-09-07,8.24,8.3258,0.0858
train,1989-09-08,8.88,8.7884,-0.0916
train,1989-09-09,7.748,7.6114,-0.1366
train,1989-09-10,8.49,8.488,-0.002
train,1989-09-11,8.42,8.4576,0.0376
train,1989-09-12,8.684,8.7194,0.0354
train,1989-09-13,8.33,8.3318,0.0018
train,1989-09-14,8.58,8.5862,0.0062
train,1989-09-15,8.5,8.5505,0.0505
train,1989-09-16,8.41,8.5488,0.1388
train,1989-09-17,12.79,12.0484,-0.7416
train,1989-09-18,8.29,8.3382,0.0482
train,1989-09-19,7.446,7.585,0.139
train,1989-09-20,7.106,7.1628,0.0568
train,1989-09-21,8.59,8.6248,0.0348
train,1989-09-22,8.88,8.7427,-0.1373
train,1989-09-23,8.45,8.4682,0.0182
train,1989-09-24,8.34,8.5229,0.1829
train,1989-09-25,8.512,8.5574,0.0454
train,1989-09-26,8.36,8.5106,0.1506
train,1989-09-27,9.36,9.4089,0.0489
train,1989-09-28,8.58,8.5839,0.0039
train,1989-09-29,8.852,9.0638,0.2118
train,1989-09-30,9.62,9.2633,-0.3567
train,1989-10-01,8.64,8.6423,0.0023
train,1989-10-02,7.958,7.9851,0.0271
train,1989-10-03,8.704,8.5833,-0.1207
train,1989-10-04,8.726,9.5967,0.8707
train,1989-10-05,8.31,8.5248,0.2148
train,1989-10-06,8.54,8.5469,0.0069
train,1989-10-07,10.206,9.0112,-1.1948
train,1989-10-08,9.336,9.1566,-0.1794
train,1989-10-09,9.4,9.3241,-0.0759
train,1989-10-10,8.74,8.7944,0.0544
train,1989-10-11,8.38,8.3872,0.0072
train,1989-10-12,8.52,8.5357,0.0157
train,1989-10-13,7.918,8.0759,0.1579
train,1989-10-14,8.42,8.453,0.033
train,1989-10-15,9.242,9.2919,0.0499
train,1989-10-16,8.58,8.5979,0.0179
train,1989-10-17,9.332,9.6214,0.2894
train,1989-10-18,8.42,8.5271,0.1071
train,1989-10-19,8.44,8.4673,0.0273
train,1989-10-20,9.06,9.1011,0.0411
train,1989-10-21,8.49,8.6729,0.1829
train,1989-10-22,8.77,8.6837,-0.0863
train,1989-10-23,8.496,8.5829,0.0869
train,1989-10-24,9.51,9.3377,-0.1723
train,1989-10-25,8.4,8.4941,0.0941
train,1989-10-26,8.474,8.5071,0.0331
train,1989-10-27,7.658,7.6797,0.0217
train,1989-10-28,9.34,8.7403,-0.5997
train,1989-10-29,8.274,7.4536,-0.8204
train,1989-10-30,8.046,8.1395,0.0935
train,1989-10-31,8.42,8.3651,-0.0549
train,1989-11-01,8.746,9.1059,0.3599
train,1989-11-02,8.53,8.5549,0.0249
train,1989-11-03,8.716,8.8538,0.1378
train,1989-11-04,8.256,8.2882,0.0322
train,1989-11-05,8.4,8.3884,-0.0116
train,1989-11-06,8.172,8.034,-0.138
train,1989-11-07,8.79,8.6452,-0.1448
train,1989-11-08,8.7,8.7844,0.0844
train,1989-11-09,8.58,8.8226,0.2426
train,1989-11-10,8.36,8.4731,0.1131
train,1989-11-11,8.214,8.2793,0.0653
train,1989-11-12,8.49,8.5217,0.0317
train,1989-11-13,8.62,8.632,0.012
train,1989-11-14,8.61,8.5888,-0.0212
train,1989-11-15,8.106,8.1119,0.0059
train,1989-11-16,8.654,8.8946,0.2406
train,1989-11-17,8.94,8.9473,0.0073
train,1989-11-18,10.24,9.7704,-0.4696
train,1989-11-19,8.628,8.5849,-0.0431
train,1989-11-20,8.3,8.356,0.056
train,1989-11-21,9.34,9.6941,0.3541
train,1989-11-22,8.55,8.5454,-0.0046
train,1989-11-23,8.14,8.1579,0.0179
train,1989-11-24,8.298,8.3635,0.0655
train,1989-11-25,8.232,8.3131,0.0811
train,1989-11-26,9.48,9.2264,-0.2536
train,1989-11-27,8.45,8.5083,0.0583
train,1989-11-28,8.61,8.5968,-0.0132
train,1989-11-29,9.074,9.1783,0.1043
train,1989-11-30,8.66,8.665,0.005
train,1989-12-01,8.348,8.3859,0.0379
train,1989-12-02,8.56,8.5487,-0.0113
train,1989-12-03,8.89,8.999,0.109
train,1989-12-04,8.316,8.3297,0.0137
train,1989-12-05,8.434,8.4993,0.0653
train,1989-12-06,8.62,8.5919,-0.0281
train,1989-12-07,8.4,8.4144,0.0144
train,1989-12-08,9.02,9.4515,0.4315
train,1989-12-09,7.986,8.0625,0.0765
train,1989-12-10,8.31,8.3191,0.0091
train,1989-12-11,8.39,8.4031,0.0131
train,1989-12-12,7.54,7.5389,-0.0011
train,1989-12-13,9.21,9.1039,-0.1061
train,1989-12-14,8.73,8.7189,-0.0111
train,1989-12-15,8.61,8.623,0.013
train,1989-12-16,8.58,8.768,0.188
train,1989-12-17,8.37,8.3985,0.0285
train,1989-12-18,8.61,8.6263,0.0163
train,1989-12-19,9.42,9.589,0.169
train,1989-12-20,9.23,9.2823,0.0523
train,1989-12-21,9.1,9.5514,0.4514
train,1989-12-22,8.68,8.6542,-0.0258
train,1989-12-23,8.66,8.8724,0.2124
train,1989-12-24,8.4,8.4095,0.0095
train,1989-12-25,10.248,9.6525,-0.5955
train,1989-12-26,8.44,8.346,-0.094
train,1989-12-27,8.42,8.4653,0.0453
train,1989-12-28,9.366,9.5873,0.2213
train,1989-12-29,8.39,8.4569,0.0669
train,1989-12-30,10.62,10.6334,0.0134
train,1989-12-31,8.594,8.6613,0.0673
train,1990-01-01,8.69,8.6924,0.0024
train,1990-01-02,9.67,9.9442,0.2742
train,1990-01-03,9.01,8.8878,-0.1222
train,1990-01-04,10.164,9.8749,-0.2891
train,1990-01-05,8.14,8.1748,0.0348
train,1990-01-06,8.64,8.5577,-0.0823
train,1990-01-07,8.5,8.5445,0.0445
train,1990-01-08,8.23,8.246,0.016
train,1990-01-09,8.64,8.5288,-0.1112
train,1990-01-10,8.84,8.8371,-0.0029
train,1990-01-11,8.536,8.5637,0.0277
train,1990-01-12,8.52,8.472,-0.048
train,1990-01-13,7.53,7.5518,0.0218
train,1990-01-14,9.69,9.5325,-0.1575
train,1990-01-15,8.91,8.8379,-0.0721
train,1990-01-16,8.418,8.4774,0.0594
train,1990-01-17,8.282,8.4182,0.1362
train,1990-01-18,9.31,8.6742,-0.6358
train,1990-01-19,9.0,9.1665,0.1665
train,1990-01-20,8.55,8.611,0.061
train,1990-01-21,8.64,8.4346,-0.2054
train,1990-01-22,8.66,8.7203,0.0603
train,1990-01-23,10.3,9.4702,-0.8298
train,1990-01-24,8.54,8.551,0.011
train,1990-01-25,8.494,8.6856,0.1916
train,1990-01-26,9.47,9.5128,0.0428
train,1990-01-27,7.19,7.186,-0.004
train,1990-01-28,8.5,8.5264,0.0264
train,1990-01-29,8.72,8.7064,-0.0136
train,1990-01-30,7.934,7.7037,-0.2303
train,1990-01-31,8.68,8.8627,0.1827
train,1990-02-01,11.878,11.6672,-0.2108
train,1990-02-02,7.916,8.0282,0.1122
train,1990-02-03,8.53,8.5651,0.0351
train,1990-02-04,8.6,8.6106,0.0106
train,1990-02-05,10.858,10.2272,-0.6308
train,1990-02-06,8.56,8.5698,0.0098
train,1990-02-07,10.11,9.5188,-0.5912
train,1990-02-08,8.49,8.5605,0.0705
train,1990-02-09,8.78,8.7316,-0.0484
train,1990-02-10,8.19,8.225,0.035
train,1990-02-11,8.47,8.4942,0.0242
train,1990-02-12,8.26,8.2955,0.0355
train,1990-02-13,7.996,8.3508,0.3548
train,1990-02-14,8.94,9.162,0.222
train,1990-02-15,8.3,8.3298,0.0298
train,1990-02-16,8.41,8.4397,0.0297
train,1990-02-17,8.632,8.5725,-0.0595
train,1990-02-18,9.06,8.967,-0.093
train,1990-02-19,8.496,8.7614,0.2654
train,1990-02-20,8.99,9.024,0.034
train,1990-02-21,8.39,8.4053,0.0153
train,1990-02-22,8.69,8.7785,0.0885
train,1990-02-23,9.37,9.3958,0.0258
train,1990-02-24,8.81,8.8552,0.0452
train,1990-02-25,8.468,8.4999,0.0319
train,1990-02-26,8.95,9.1159,0.1659
train,1990-02-27,8.25,8.3096,0.0596
train,1990-02-28,8.546,8.5935,0.0475
train,1990-03-01,8.49,8.4914,0.0014
train,1990-03-02,11.278,9.5704,-1.7076
train,1990-03-03,9.32,9.8627,0.5427
train,1990-03-04,8.1,8.124,0.024
train,1990-03-05,8.67,8.7044,0.0344
train,1990-03-06,8.42,8.4684,0.0484
train,1990-03-07,8.76,8.7091,-0.0509
train,1990-03-08,8.38,8.8782,0.4982
train,1990-03-09,8.7,8.7406,0.0406
train,1990-03-10,8.7,8.6917,-0.0083
train,1990-03-11,9.08,9.7021,0.6221
train,1990-03-12,8.74,8.7324,-0.0076
train,1990-03-13,8.434,8.5928,0.1588
train,1990-03-14,8.854,8.873,0.019
train,1990-03-15,8.83,8.8136,-0.0164
train,1990-03-16,8.56,8.5593,-0.0007
train,1990-03-17,9.31,9.4407,0.1307
train,1990-03-18,10.966,10.1464,-0.8196
train,1990-03-19,8.47,8.5672,0.0972
train,1990-03-20,8.726,8.8542,0.1282
train,1990-03-21,8.36,8.3776,0.0176
train,1990-03-22,8.65,8.6597,0.0097
train,1990-03-23,8.356,8.4084,0.0524
train,1990-03-24,7.906,7.9757,0.0697
train,1990-03-25,8.62,8.6201,0.0001
train,1990-03-26,8.44,8.4602,0.0202
train,1990-03-27,8.88,9.1915,0.3115
train,1990-03-28,8.45,8.572,0.122
train,1990-03-29,8.538,8.2066,-0.3314
train,1990-03-30,8.906,9.1836,0.2776
train,1990-03-31,7.15,7.1809,0.0309
train,1990-04-01,11.41,9.9854,-1.4246
train,1990-04-02,8.608,8.9276,0.3196
train,1990-04-03,8.4,8.4423,0.0423
train,1990-04-04,7.914,7.9209,0.0069
train,1990-04-05,8.52,8.5508,0.0308
train,1990-04-06,8.43,8.4649,0.0349
train,1990-04-07,8.95,9.1711,0.2211
train,1990-04-08,10.14,9.5483,-0.5917
train,1990-04-09,8.39,8.4159,0.0259
train,1990-04-10,8.96,8.8337,-0.1263
train,1990-04-11,8.81,8.7454,-0.0646
train,1990-04-12,8.742,8.9522,0.2102
train,1990-04-13,8.47,8.5214,0.0514
train,1990-04-14,8.4,8.3638,-0.0362
train,1990-04-15,8.98,9.2969,0.3169
train,1990-04-16,8.39,8.4363,0.0463
train,1990-04-17,9.23,9.6254,0.3954
train,1990-04-18,8.85,9.1543,0.3043
train,1990-04-19,11.38,9.8991,-1.4809
train,1990-04-20,8.58,8.6413,0.0613
train,1990-04-21,8.26,8.2958,0.0358
train,1990-04-22,8.85,8.8203,-0.0297
train,1990-04-23,8.43,8.5025,0.0725
train,1990-04-24,8.538,8.6068,0.0688
train,1990-04-25,8.724,8.8244,0.1004
train,1990-04-26,9.44,9.369,-0.071
train,1990-04-27,9.04,8.991,-0.049
train,1990-04-28,9.41,9.3481,-0.0619
train,1990-04-29,8.35,8.447,0.097
train,1990-04-30,7.966,8.0423,0.0763
train,1990-05-01,8.28,8.3724,0.0924
train,1990-05-02,9.53,9.4032,-0.1268
train,1990-05-03,8.39,8.4162,0.0262
train,1990-05-04,8.492,8.5717,0.0797
train,1990-05-05,9.41,9.4874,0.0774
train,1990-05-06,9.098,9.5948,0.4968
train,1990-05-07,8.05,8.1327,0.0827
train,1990-05-08,8.43,8.4513,0.0213
train,1990-05-09,8.7,8.6867,-0.0133
train,1990-05-10,9.21,9.1456,-0.0644
train,1990-05-11,9.3,8.7854,-0.5146
train,1990-05-12,8.59,8.5884,-0.0016
train,1990-05-13,8.298,8.7893,0.4913
train,1990-05-14,8.47,8.4427,-0.0273
train,1990-05-15,10.222,9.5305,-0.6915
train,1990-05-16,8.72,8.8694,0.1494
train,1990-05-17,8.82,8.8067,-0.0133
train,1990-05-18,8.56,8.5076,-0.0524
train,1990-05-19,8.87,9.7873,0.9173
train,1990-05-20,8.91,8.9752,0.0652
train,1990-05-21,8.87,8.8392,-0.0308
train,1990-05-22,8.61,8.645,0.035
train,1990-05-23,8.41,8.3962,-0.0138
train,1990-05-24,8.41,8.4307,0.0207
train,1990-05-25,8.47,8.4735,0.0035
train,1990-05-26,9.08,9.3878,0.3078
train,1990-05-27,8.3,8.3442,0.0442
train,1990-05-28,8.73,8.7141,-0.0159
train,1990-05-29,7.19,7.1656,-0.0244
train,1990-05-30,8.48,8.667,0.187
train,1990-05-31,8.72,8.6616,-0.0584
train,1990-06-01,10.97,9.6141,-1.3559
train,1990-06-02,8.998,8.6022,-0.3958
train,1990-06-03,8.52,8.4103,-0.1097
train,1990-06-04,8.36,8.3953,0.0353
train,1990-06-05,8.35,8.3809,0.0309
train,1990-06-06,8.324,8.0771,-0.2469
train,1990-06-07,8.78,8.8661,0.0861
train,1990-06-08,8.53,8.6665,0.1365
train,1990-06-09,9.198,9.5585,0.3605
train,1990-06-10,8.59,8.5481,-0.0419
train,1990-06-11,8.088,8.2608,0.1728
train,1990-06-12,9.05,9.3515,0.3015
train,1990-06-13,8.7,8.7032,0.0032
train,1990-06-14,8.42,8.4437,0.0237
train,1990-06-15,8.49,8.5022,0.0122
train,1990-06-16,8.568,8.5633,-0.0047
train,1990-06-17,9.158,9.0997,-0.0583
train,1990-06-18,8.58,8.7207,0.1407
train,1990-06-19,8.018,8.1752,0.1572
train,1990-06-20,8.42,8.4454,0.0254
train,1990-06-21,8.624,8.8391,0.2151
train,1990-06-22,8.78,8.6936,-0.0864
train,1990-06-23,8.37,8.405,0.035
train,1990-06-24,8.896,9.6275,0.7315
train,1990-06-25,8.6,8.656,0.056
train,1990-06-26,8.61,8.6759,0.0659
train,1990-06-27,8.45,8.4873,0.0373
train,1990-06-28,8.34,8.4358,0.0958
train,1990-06-29,8.346,8.54,0.194
train,1990-06-30,8.39,8.4049,0.0149
train,1990-07-01,8.82,8.8015,-0.0185
train,1990-07-02,8.27,8.3079,0.0379
train,1990-07-03,8.71,8.581,-0.129
train,1990-07-04,8.53,8.5605,0.0305
train,1990-07-05,10.358,10.9736,0.6156
train,1990-07-06,8.96,8.8322,-0.1278
train,1990-07-07,8.576,8.5563,-0.0197
train,1990-07-08,8.498,8.4906,-0.0074
train,1990-07-09,7.634,7.5447,-0.0893
train,1990-07-10,9.42,8.8308,-0.5892
train,1990-07-11,8.66,8.6738,0.0138
train,1990-07-12,8.826,9.1395,0.3135
train,1990-07-13,8.58,8.7171,0.1371
train,1990-07-14,8.45,8.5389,0.0889
train,1990-07-15,8.702,8.7156,0.0136
train,1990-07-16,9.068,9.1383,0.0703
train,1990-07-17,9.35,9.5988,0.2488
train,1990-07-18,8.16,8.2118,0.0518
train,1990-07-19,9.23,9.3948,0.1648
train,1990-07-20,8.452,8.0726,-0.3794
train,1990-07-21,8.2,8.2761,0.0761
train,1990-07-22,9.484,9.7193,0.2353
train,1990-07-23,8.208,8.2348,0.0268
train,1990-07-24,9.494,9.5136,0.0196
train,1990-07-25,8.67,8.6943,0.0243
train,1990-07-26,9.62,9.7986,0.1786
train,1990-07-27,8.49,8.5083,0.0183
train,1990-07-28,8.822,8.9213,0.0993
train,1990-07-29,8.48,8.6124,0.1324
train,1990-07-30,9.07,9.3423,0.2723
train,1990-07-31,8.38,8.4024,0.0224
train,1990-08-01,8.06,8.1226,0.0626
train,1990-08-02,8.64,8.6406,0.0006
train,1990-08-03,8.052,8.078,0.026
train,1990-08-04,8.472,7.8524,-0.6196
train,1990-08-05,9.06,9.3792,0.3192
train,1990-08-06,8.42,8.3701,-0.0499
train,1990-08-07,8.568,8.4284,-0.1396
train,1990-08-08,8.07,8.0921,0.0221
train,1990-08-09,11.64,11.5502,-0.0898
train,1990-08-10,6.218,6.57,0.352
train,1990-08-11,8.45,8.5347,0.0847
train,1990-08-12,9.56,9.5665,0.0065
train,1990-08-13,9.07,9.5623,0.4923
train,1990-08-14,8.46,8.4779,0.0179
train,1990-08-15,7.892,8.1732,0.2812
train,1990-08-16,8.01,8.0492,0.0392
train,1990-08-17,9.39,8.9784,-0.4116
train,1990-08-18,8.782,8.918,0.136
train,1990-08-19,8.286,8.3161,0.0301
train,1990-08-20,10.458,9.1303,-1.3277
train,1990-08-21,9.186,9.3521,0.1661
train,1990-08-22,8.33,8.3418,0.0118
train,1990-08-23,9.01,9.0723,0.0623
train,1990-08-24,8.43,8.4238,-0.0062
train,1990-08-25,9.14,9.8868,0.7468
train,1990-08-26,10.03,10.0748,0.0448
train,1990-08-27,9.726,9.5734,-0.1526
train,1990-08-28,8.358,8.3898,0.0318
train,1990-08-29,8.69,8.6824,-0.0076
train,1990-08-30,8.156,8.1703,0.0143
train,1990-08-31,8.46,8.4761,0.0161
train,1990-09-01,9.24,9.3091,0.0691
train,1990-09-02,8.702,8.5196,-0.1824
train,1990-09-03,8.43,8.4523,0.0223
train,1990-09-04,9.26,9.186,-0.074
train,1990-09-05,9.15,9.4158,0.2658
train,1990-09-06,8.77,8.7479,-0.0221
train,1990-09-07,8.41,8.4305,0.0205
train,1990-09-08,9.1,8.9264,-0.1736
train,1990-09-09,8.76,8.8697,0.1097
train,1990-09-10,9.25,9.2614,0.0114
train,1990-09-11,8.668,8.3881,-0.2799
train,1990-09-12,8.768,8.751,-0.017
train,1990-09-13,8.226,8.2362,0.0102
train,1990-09-14,8.44,8.5717,0.1317
train,1990-09-15,9.41,9.6465,0.2365
train,1990-09-16,8.036,8.0931,0.0571
train,1990-09-17,8.004,8.0261,0.0221
train,1990-09-18,8.41,8.45,0.04
train,1990-09-19,10.21,8.859,-1.351
train,1990-09-20,8.474,8.5222,0.0482
train,1990-09-21,8.57,8.5679,-0.0021
train,1990-09-22,8.41,8.6694,0.2594
train,1990-09-23,9.34,9.6766,0.3366
train,1990-09-24,9.06,9.2015,0.1415
train,1990-09-25,7.64,7.6513,0.0113
train,1990-09-26,8.012,8.0446,0.0326
train,1990-09-27,8.112,8.1104,-0.0016
train,1990-09-28,9.664,9.5584,-0.1056
train,1990-09-29,8.62,8.5737,-0.0463
train,1990-09-30,7.634,7.4847,-0.1493
train,1990-10-01,8.282,8.3331,0.0511
train,1990-10-02,8.65,8.7294,0.0794
train,1990-10-03,8.64,8.6415,0.0015
train,1990-10-04,8.61,8.6593,0.0493
train,1990-10-05,8.254,8.3083,0.0543
train,1990-10-06,9.69,9.6453,-0.0447
train,1990-10-07,8.308,8.3167,0.0087
train,1990-10-08,8.41,8.4312,0.0212
train,1990-10-09,9.16,9.403,0.243
train,1990-10-10,9.12,9.1933,0.0733
train,1990-10-11,9.3,9.2288,-0.0712
train,1990-10-12,9.5,9.5109,0.0109
train,1990-10-13,8.53,8.5082,-0.0218
train,1990-10-14,8.59,8.5555,-0.0345
train,1990-10-15,8.26,8.3652,0.1052
train,1990-10-16,8.248,8.2451,-0.0029
train,1990-10-17,9.01,8.7978,-0.2122
train,1990-10-18,10.622,10.6763,0.0543
train,1990-10-19,8.36,8.3631,0.0031
train,1990-10-20,8.47,8.5046,0.0346
train,1990-10-21,8.39,8.496,0.106
train,1990-10-22,10.34,9.1245,-1.2155
train,1990-10-23,8.38,8.4181,0.0381
train,1990-10-24,8.45,8.4751,0.0251
train,1990-10-25,9.14,9.3075,0.1675
train,1990-10-26,8.57,8.594,0.024
train,1990-10-27,9.69,9.997,0.307
train,1990-10-28,8.4,8.4277,0.0277
train,1990-10-29,8.096,8.1349,0.0389
train,1990-10-30,8.6,8.64,0.04
train,1990-10-31,8.45,8.4566,0.0066
train,1990-11-01,8.59,8.8294,0.2394
train,1990-11-02,8.44,8.4587,0.0187
train,1990-11-03,7.244,7.2776,0.0336
train,1990-11-04,8.75,8.7228,-0.0272
train,1990-11-05,8.55,8.5561,0.0061
train,1990-11-06,8.64,8.6674,0.0274
train,1990-11-07,8.936,8.4973,-0.4387
train,1990-11-08,8.41,8.3977,-0.0123
train,1990-11-09,8.194,8.3459,0.1519
train,1990-11-10,7.522,7.5691,0.0471
train,1990-11-11,8.23,8.2374,0.0074
train,1990-11-12,8.63,8.6435,0.0135
train,1990-11-13,8.774,8.806,0.032
train,1990-11-14,8.064,8.0994,0.0354
train,1990-11-15,9.5,9.0736,-0.4264
train,1990-11-16,8.62,8.604,-0.016
train,1990-11-17,8.38,8.3682,-0.0118
train,1990-11-18,8.09,8.1192,0.0292
train,1990-11-19,8.52,8.717,0.197
train,1990-11-20,8.47,8.4613,-0.0087
train,1990-11-21,8.182,8.4425,0.2605
train,1990-11-22,8.75,8.8259,0.0759
train,1990-11-23,7.14,7.1508,0.0108
train,1990-11-24,8.39,8.4034,0.0134
train,1990-11-25,9.116,9.3978,0.2818
train,1990-11-26,8.36,8.5288,0.1688
train,1990-11-27,8.654,8.7051,0.0511
train,1990-11-28,8.55,8.7934,0.2434
train,1990-11-29,8.86,8.8198,-0.0402
train,1990-11-30,9.03,9.0536,0.0236
train,1990-12-01,8.106,8.3072,0.2012
train,1990-12-02,9.57,9.4759,-0.0941
train,1990-12-03,8.58,8.5872,0.0072
train,1990-12-04,8.4,8.3918,-0.0082
train,1990-12-05,8.966,9.026,0.06
train,1990-12-06,8.41,8.4423,0.0323
train,1990-12-07,9.09,9.5688,0.4788
train,1990-12-08,9.214,9.1619,-0.0521
train,1990-12-09,8.19,8.2343,0.0443
train,1990-12-10,8.458,8.56,0.102
train,1990-12-11,10.42,10.5909,0.1709
train,1990-12-12,8.59,8.5827,-0.0073
train,1990-12-13,8.448,8.619,0.171
train,1990-12-14,9.19,9.3526,0.1626
train,1990-12-15,9.55,10.1081,0.5581
train,1990-12-16,9.69,10.338,0.648
train,1990-12-17,9.046,9.0271,-0.0189
train,1990-12-18,8.92,8.9349,0.0149
train,1990-12-19,8.64,8.5658,-0.0742
train,1990-12-20,8.57,8.5983,0.0283
train,1990-12-21,8.414,8.5863,0.1723
train,1990-12-22,8.88,9.0767,0.1967
train,1990-12-23,8.37,8.4015,0.0315
train,1990-12-24,8.53,8.5059,-0.0241
train,1990-12-25,8.51,8.5343,0.0243
train,1990-12-26,10.768,8.6735,-2.0945
train,1990-12-27,8.51,8.5095,-0.0005
train,1990-12-28,8.36,8.4053,0.0453
train,1990-12-29,8.38,8.5042,0.1242
train,1990-12-30,8.414,8.435,0.021
train,1990-12-31,8.322,8.344,0.022
train,1991-01-01,8.52,8.6851,0.1651
train,1991-01-02,8.456,8.5257,0.0697
train,1991-01-03,8.47,8.6815,0.2115
train,1991-01-04,9.258,9.2854,0.0274
train,1991-01-05,8.52,8.5029,-0.0171
train,1991-01-06,8.65,8.6873,0.0373
train,1991-01-07,7.59,7.6176,0.0276
train,1991-01-08,8.58,8.7532,0.1732
train,1991-01-09,8.66,8.7759,0.1159
train,1991-01-10,8.922,9.0388,0.1168
train,1991-01-11,9.2,9.3398,0.1398
train,1991-01-12,9.648,10.4578,0.8098
train,1991-01-13,8.44,8.4471,0.0071
train,1991-01-14,9.664,10.263,0.599
train,1991-01-15,8.92,9.1371,0.2171
train,1991-01-16,8.53,8.5483,0.0183
train,1991-01-17,9.23,8.9776,-0.2524
train,1991-01-18,8.25,8.3037,0.0537
train,1991-01-19,8.63,8.7642,0.1342
train,1991-01-20,8.79,9.1257,0.3357
train,1991-01-21,8.46,8.5088,0.0488
train,1991-01-22,8.584,8.6479,0.0639
train,1991-01-23,8.53,8.5869,0.0569
train,1991-01-24,8.35,8.3652,0.0152
train,1991-01-25,8.378,8.5104,0.1324
train,1991-01-26,8.42,8.5009,0.0809
train,1991-01-27,8.42,8.4286,0.0086
train,1991-01-28,8.48,8.475,-0.005
train,1991-01-29,8.56,8.5646,0.0046
train,1991-01-30,10.24,9.7802,-0.4598
train,1991-01-31,8.262,8.2687,0.0067
train,1991-02-01,9.22,9.2242,0.0042
train,1991-02-02,9.14,9.308,0.168
train,1991-02-03,8.502,8.5318,0.0298
train,1991-02-04,8.74,8.9932,0.2532
train,1991-02-05,8.48,8.427,-0.053
train,1991-02-06,8.66,8.6504,-0.0096
train,1991-02-07,9.164,9.1949,0.0309
train,1991-02-08,8.44,8.3988,-0.0412
train,1991-02-09,8.004,8.1668,0.1628
train,1991-02-10,7.98,8.0833,0.1033
train,1991-02-11,8.58,8.6089,0.0289
train,1991-02-12,8.034,8.1415,0.1075
train,1991-02-13,10.272,11.178,0.906
train,1991-02-14,10.57,9.2894,-1.2806
train,1991-02-15,10.11,10.1847,0.0747
train,1991-02-16,8.58,8.5755,-0.0045
train,1991-02-17,8.43,8.4546,0.0246
train,1991-02-18,9.25,9.1362,-0.1138
train,1991-02-19,7.82,7.7994,-0.0206
train,1991-02-20,8.52,8.4645,-0.0555
train,1991-02-21,8.738,8.9102,0.1722
train,1991-02-22,8.12,8.1319,0.0119
train,1991-02-23,8.39,8.5253,0.1353
train,1991-02-24,8.81,8.8532,0.0432
train,1991-02-25,8.82,8.8826,0.0626
train,1991-02-26,9.596,10.0977,0.5017
train,1991-02-27,9.07,9.2215,0.1515
train,1991-02-28,8.98,8.9483,-0.0317
train,1991-03-01,8.47,8.5427,0.0727
train,1991-03-02,8.334,8.4494,0.1154
train,1991-03-03,8.53,8.7692,0.2392
train,1991-03-04,8.45,8.4909,0.0409
train,1991-03-05,9.67,9.4368,-0.2332
train,1991-03-06,8.474,8.7895,0.3155
train,1991-03-07,9.18,9.2187,0.0387
train,1991-03-08,8.61,8.567,-0.043
train,1991-03-09,8.614,8.6355,0.0215
train,1991-03-10,8.28,8.3107,0.0307
train,1991-03-11,8.55,8.694,0.144
train,1991-03-12,8.34,8.3795,0.0395
train,1991-03-13,8.91,8.8994,-0.0106
train,1991-03-14,8.73,8.6743,-0.0557
train,1991-03-15,8.332,8.5679,0.2359
train,1991-03-16,8.71,8.7037,-0.0063
train,1991-03-17,8.54,9.1345,0.5945
train,1991-03-18,7.73,7.7123,-0.0177
train,1991-03-19,8.73,8.7011,-0.0289
train,1991-03-20,8.62,8.6451,0.0251
train,1991-03-21,8.49,8.4812,-0.0088
train,1991-03-22,8.57,8.5919,0.0219
train,1991-03-23,8.506,8.9347,0.4287
train,1991-03-24,8.76,8.8196,0.0596
train,1991-03-25,9.31,9.159,-0.151
train,1991-03-26,8.37,8.4795,0.1095
train,1991-03-27,8.86,8.8141,-0.0459
train,1991-03-28,8.37,8.4669,0.0969
train,1991-03-29,8.74,8.8165,0.0765
train,1991-03-30,8.67,8.7787,0.1087
train,1991-03-31,8.984,9.0735,0.0895
train,1991-04-01,9.636,9.7657,0.1297
train,1991-04-02,9.2,9.0128,-0.1872
train,1991-04-03,8.788,8.7127,-0.0753
train,1991-04-04,9.652,9.2526,-0.3994
train,1991-04-05,9.234,9.5569,0.3229
train,1991-04-06,9.18,9.17,-0.01
train,1991-04-07,8.01,8.0623,0.0523
train,1991-04-08,8.52,8.543,0.023
train,1991-04-09,7.952,7.9917,0.0397
train,1991-04-10,8.258,8.2683,0.0103
train,1991-04-11,10.75,9.571,-1.179
train,1991-04-12,8.34,8.3509,0.0109
train,1991-04-13,9.25,9.1519,-0.0981
train,1991-04-14,8.748,8.8824,0.1344
train,1991-04-15,7.492,7.4804,-0.0116
train,1991-04-16,8.55,8.5252,-0.0248
train,1991-04-17,8.46,8.5104,0.0504
train,1991-04-18,7.62,7.784,0.164
train,1991-04-19,8.47,8.5092,0.0392
train,1991-04-20,8.65,8.6591,0.0091
train,1991-04-21,8.46,8.4554,-0.0046
train,1991-04-22,8.47,8.4646,-0.0054
train,1991-04-23,8.94,8.9585,0.0185
train,1991-04-24,9.42,9.4128,-0.0072
train,1991-04-25,8.54,8.5589,0.0189
train,1991-04-26,8.454,8.4999,0.0459
train,1991-04-27,8.41,8.421,0.011
train,1991-04-28,8.16,8.1666,0.0066
train,1991-04-29,8.51,8.4709,-0.0391
train,1991-04-30,9.29,9.8941,0.6041
train,1991-05-01,9.972,10.7257,0.7537
train,1991-05-02,9.32,8.7744,-0.5456
train,1991-05-03,8.53,8.5804,0.0504
train,1991-05-04,8.68,8.6905,0.0105
train,1991-05-05,8.112,8.1523,0.0403
train,1991-05-06,9.19,9.32,0.13
train,1991-05-07,8.52,8.5325,0.0125
train,1991-05-08,8.27,8.3357,0.0657
train,1991-05-09,10.29,9.319,-0.971
train,1991-05-10,10.32,9.4932,-0.8268
train,1991-05-11,8.628,8.727,0.099
train,1991-05-12,8.382,8.2775,-0.1045
train,1991-05-13,10.73,10.7588,0.0288
train,1991-05-14,8.53,8.6355,0.1055
train,1991-05-15,10.32,9.3536,-0.9664
train,1991-05-16,8.6,8.6553,0.0553
train,1991-05-17,9.93,10.0372,0.1072
train,1991-05-18,7.548,7.4999,-0.0481
train,1991-05-19,9.25,9.2251,-0.0249
train,1991-05-20,9.31,8.9285,-0.3815
train,1991-05-21,10.24,9.5197,-0.7203
train,1991-05-22,7.972,8.0177,0.0457
train,1991-05-23,8.586,8.7435,0.1575
train,1991-05-24,8.26,8.518,0.258
train,1991-05-25,8.49,8.492,0.002
train,1991-05-26,9.69,9.5097,-0.1803
train,1991-05-27,8.96,9.1246,0.1646
train,1991-05-28,8.46,8.5546,0.0946
train,1991-05-29,8.46,8.5144,0.0544
train,1991-05-30,8.06,8.2008,0.1408
train,1991-05-31,8.952,8.8713,-0.0807
train,1991-06-01,8.94,9.0049,0.0649
train,1991-06-02,8.21,8.2155,0.0055
train,1991-06-03,9.162,9.2111,0.0491
train,1991-06-04,8.58,8.523,-0.057
train,1991-06-05,8.6,8.5765,-0.0235
train,1991-06-06,8.45,8.4538,0.0038
train,1991-06-07,8.62,8.6579,0.0379
train,1991-06-08,8.47,8.561,0.091
train,1991-06-09,9.23,9.3765,0.1465
train,1991-06-10,8.64,8.6574,0.0174
train,1991-06-11,10.57,9.8258,-0.7442
train,1991-06-12,8.75,8.7384,-0.0116
train,1991-06-13,8.48,8.4851,0.0051
train,1991-06-14,8.95,8.9767,0.0267
train,1991-06-15,8.204,8.2692,0.0652
train,1991-06-16,8.85,8.9291,0.0791
train,1991-06-17,7.5,7.4895,-0.0105
train,1991-06-18,9.214,9.2583,0.0443
train,1991-06-19,8.82,8.8439,0.0239
train,1991-06-20,10.19,9.756,-0.434
train,1991-06-21,9.31,10.1393,0.8293
train,1991-06-22,8.34,8.398,0.058
train,1991-06-23,8.39,8.4223,0.0323
train,1991-06-24,8.38,8.3858,0.0058
train,1991-06-25,8.56,8.5793,0.0193
train,1991-06-26,8.38,8.4146,0.0346
train,1991-06-27,8.98,9.0354,0.0554
train,1991-06-28,8.42,8.4462,0.0262
train,1991-06-29,8.69,8.8219,0.1319
train,1991-06-30,8.3,8.399,0.099
train,1991-07-01,8.49,8.4413,-0.0487
train,1991-07-02,8.54,8.5595,0.0195
train,1991-07-03,11.056,11.2169,0.1609
train,1991-07-04,8.134,8.2023,0.0683
train,1991-07-05,7.7,7.6856,-0.0144
train,1991-07-06,8.63,8.6553,0.0253
train,1991-07-07,8.55,8.5298,-0.0202
train,1991-07-08,8.25,8.2861,0.0361
train,1991-07-09,8.93,8.8786,-0.0514
train,1991-07-10,8.79,8.7903,0.0003
train,1991-07-11,8.39,8.4689,0.0789
train,1991-07-12,8.39,8.3973,0.0073
train,1991-07-13,7.71,7.6971,-0.0129
train,1991-07-14,8.32,8.3537,0.0337
train,1991-07-15,8.32,8.3555,0.0355
train,1991-07-16,8.232,8.5585,0.3265
train,1991-07-17,8.87,8.8506,-0.0194
train,1991-07-18,8.87,8.7838,-0.0862
train,1991-07-19,8.42,8.3707,-0.0493
train,1991-07-20,8.49,8.5328,0.0428
train,1991-07-21,10.13,10.0066,-0.1234
train,1991-07-22,9.144,9.101,-0.043
train,1991-07-23,7.586,7.5447,-0.0413
train,1991-07-24,10.66,10.4372,-0.2228
train,1991-07-25,8.08,8.1314,0.0514
train,1991-07-26,6.382,6.7082,0.3262
train,1991-07-27,8.52,8.5275,0.0075
train,1991-07-28,9.666,9.327,-0.339
train,1991-07-29,9.05,9.0293,-0.0207
train,1991-07-30,8.48,8.5351,0.0551
train,1991-07-31,8.116,8.1728,0.0568
train,1991-08-01,8.34,8.4024,0.0624
train,1991-08-02,8.81,8.6313,-0.1787
train,1991-08-03,8.078,8.0966,0.0186
train,1991-08-04,8.73,8.7228,-0.0072
train,1991-08-05,8.62,8.6006,-0.0194
train,1991-08-06,8.32,8.394,0.074
train,1991-08-07,8.058,8.1884,0.1304
train,1991-08-08,9.35,9.6824,0.3324
train,1991-08-09,8.442,8.6413,0.1993
train,1991-08-10,8.7,8.7553,0.0553
train,1991-08-11,8.65,8.6732,0.0232
train,1991-08-12,8.792,8.5371,-0.2549
train,1991-08-13,8.726,8.8161,0.0901
train,1991-08-14,9.75,9.9464,0.1964
train,1991-08-15,8.67,8.6588,-0.0112
train,1991-08-16,9.31,8.7874,-0.5226
train,1991-08-17,8.61,8.6475,0.0375
train,1991-08-18,8.544,8.8096,0.2656
train,1991-08-19,8.986,8.9738,-0.0122
train,1991-08-20,9.134,9.1324,-0.0016
train,1991-08-21,8.51,8.567,0.057
train,1991-08-22,8.71,8.8606,0.1506
train,1991-08-23,9.12,9.2457,0.1257
train,1991-08-24,8.92,8.8311,-0.0889
train,1991-08-25,8.87,9.2277,0.3577
train,1991-08-26,8.448,8.4402,-0.0078
train,1991-08-27,8.534,8.5038,-0.0302
train,1991-08-28,8.77,8.8887,0.1187
train,1991-08-29,8.07,8.0859,0.0159
train,1991-08-30,8.35,8.3808,0.0308
train,1991-08-31,9.83,9.2458,-0.5842
train,1991-09-01,8.77,8.8725,0.1025
train,1991-09-02,6.88,6.868,-0.012
train,1991-09-03,7.966,7.9789,0.0129
train,1991-09-04,8.53,8.6006,0.0706
train,1991-09-05,10.1,10.1519,0.0519
train,1991-09-06,8.87,8.9818,0.1118
train,1991-09-07,9.25,9.514,0.264
train,1991-09-08,9.222,9.4685,0.2465
train,1991-09-09,8.7,8.747,0.047
train,1991-09-10,8.38,8.3807,0.0007
train,1991-09-11,9.27,8.9481,-0.3219
train,1991-09-12,8.15,8.1399,-0.0101
train,1991-09-13,8.796,8.6212,-0.1748
train,1991-09-14,8.08,8.097,0.017
train,1991-09-15,8.486,8.5131,0.0271
train,1991-09-16,8.73,8.8767,0.1467
train,1991-09-17,8.32,8.2775,-0.0425
train,1991-09-18,8.76,8.7443,-0.0157
train,1991-09-19,8.73,8.5675,-0.1625
train,1991-09-20,9.698,9.9916,0.2936
train,1991-09-21,8.38,8.3565,-0.0235
train,1991-09-22,8.34,8.3914,0.0514
train,1991-09-23,8.476,8.5721,0.0961
train,1991-09-24,8.52,8.5602,0.0402
train,1991-09-25,8.74,8.7289,-0.0111
train,1991-09-26,8.63,8.5014,-0.1286
train,1991-09-27,8.47,8.4834,0.0134
train,1991-09-28,8.2,8.2378,0.0378
train,1991-09-29,8.69,8.2952,-0.3948
train,1991-09-30,9.72,9.7886,0.0686
train,1991-10-01,8.652,8.4969,-0.1551
train,1991-10-02,8.14,8.2111,0.0711
train,1991-10-03,10.46,10.077,-0.383
train,1991-10-04,10.852,9.5411,-1.3109
train,1991-10-05,7.2,7.214,0.014
train,1991-10-06,8.97,9.0445,0.0745
train,1991-10-07,8.42,8.4461,0.0261
train,1991-10-08,9.54,9.5399,-0.0001
train,1991-10-09,8.59,8.6508,0.0608
train,1991-10-10,8.81,8.9322,0.1222
train,1991-10-11,8.4,8.3721,-0.0279
train,1991-10-12,8.8,8.7703,-0.0297
train,1991-10-13,8.5,8.5311,0.0311
train,1991-10-14,8.148,8.1387,-0.0093
train,1991-10-15,8.46,8.5312,0.0712
train,1991-10-16,8.37,8.4223,0.0523
train,1991-10-17,8.92,9.2001,0.2801
train,1991-10-18,8.46,8.5205,0.0605
train,1991-10-19,8.432,8.4449,0.0129
train,1991-10-20,8.47,8.5189,0.0489
train,1991-10-21,9.07,9.0721,0.0021
train,1991-10-22,8.4,8.4273,0.0273
train,1991-10-23,8.52,8.532,0.012
train,1991-10-24,7.86,7.8639,0.0039
train,1991-10-25,8.446,8.5048,0.0588
train,1991-10-26,8.52,8.7034,0.1834
train,1991-10-27,8.384,8.4231,0.0391
train,1991-10-28,8.384,8.4133,0.0293
train,1991-10-29,8.46,8.4485,-0.0115
train,1991-10-30,8.88,8.8749,-0.0051
train,1991-10-31,8.4,8.4003,0.0003
train,1991-11-01,8.798,8.7824,-0.0156
train,1991-11-02,8.68,8.7038,0.0238
train,1991-11-03,8.96,9.322,0.362
train,1991-11-04,9.15,8.9726,-0.1774
train,1991-11-05,7.93,7.9573,0.0273
train,1991-11-06,9.55,9.4137,-0.1363
train,1991-11-07,9.2,8.1174,-1.0826
train,1991-11-08,8.43,8.3281,-0.1019
train,1991-11-09,9.11,9.25,0.14
train,1991-11-10,8.33,8.4698,0.1398
train,1991-11-11,9.42,9.9137,0.4937
train,1991-11-12,8.298,8.2671,-0.0309
train,1991-11-13,8.396,8.5432,0.1472
train,1991-11-14,8.5,8.4754,-0.0246
train,1991-11-15,8.144,8.1693,0.0253
train,1991-11-16,9.824,10.1958,0.3718
train,1991-11-17,8.73,9.192,0.462
train,1991-11-18,9.16,9.8204,0.6604
train,1991-11-19,8.68,8.6596,-0.0204
train,1991-11-20,9.178,9.0465,-0.1315
train,1991-11-21,8.65,8.7715,0.1215
train,1991-11-22,10.192,9.2075,-0.9845
train,1991-11-23,10.28,9.6989,-0.5811
train,1991-11-24,8.512,8.5638,0.0518
train,1991-11-25,6.672,6.6247,-0.0473
train,1991-11-26,8.218,8.2396,0.0216
train,1991-11-27,8.056,8.0399,-0.0161
train,1991-11-28,9.53,9.3395,-0.1905
train,1991-11-29,8.46,8.4816,0.0216
train,1991-11-30,8.988,9.0301,0.0421
train,1991-12-01,8.39,8.6287,0.2387
train,1991-12-02,7.926,8.0774,0.1514
train,1991-12-03,8.32,8.3683,0.0483
train,1991-12-04,8.58,8.9274,0.3474
train,1991-12-05,8.4,8.4022,0.0022
train,1991-12-06,9.14,8.8485,-0.2915
train,1991-12-07,7.702,7.6642,-0.0378
train,1991-12-08,10.64,10.0813,-0.5587
train,1991-12-09,9.09,8.8453,-0.2447
train,1991-12-10,8.38,8.4119,0.0319
train,1991-12-11,6.822,6.7506,-0.0714
train,1991-12-12,8.55,8.5937,0.0437
train,1991-12-13,9.21,9.2848,0.0748
train,1991-12-14,10.63,10.2003,-0.4297
train,1991-12-15,9.91,10.1526,0.2426
train,1991-12-16,8.38,8.3966,0.0166
train,1991-12-17,8.94,9.002,0.062
train,1991-12-18,8.42,8.3832,-0.0368
train,1991-12-19,9.654,9.7349,0.0809
train,1991-12-20,8.798,8.728,-0.07
train,1991-12-21,8.75,8.8214,0.0714
train,1991-12-22,10.16,10.2628,0.1028
train,1991-12-23,8.416,8.4632,0.0472
train,1991-12-24,8.52,8.5325,0.0125
train,1991-12-25,8.28,8.2417,-0.0383
train,1991-12-26,8.54,8.5087,-0.0313
train,1991-12-27,8.152,8.1923,0.0403
train,1991-12-28,8.064,8.1077,0.0437
train,1991-12-29,8.72,8.639,-0.081
train,1991-12-30,9.21,8.7113,-0.4987
train,1991-12-31,8.148,8.1895,0.0415
train,1992-01-01,7.966,8.0508,0.0848
train,1992-01-02,8.92,9.0116,0.0916
train,1992-01-03,8.468,8.5695,0.1015
train,1992-01-04,8.57,8.551,-0.019
train,1992-01-05,8.3,8.3257,0.0257
train,1992-01-06,8.38,8.4322,0.0522
train,1992-01-07,9.246,9.526,0.28
train,1992-01-08,8.39,8.4253,0.0353
train,1992-01-09,8.48,8.6303,0.1503
train,1992-01-10,8.724,8.6629,-0.0611
train,1992-01-11,8.52,8.4779,-0.0421
train,1992-01-12,7.548,7.5615,0.0135
train,1992-01-13,8.59,8.5938,0.0038
train,1992-01-14,8.73,8.7422,0.0122
train,1992-01-15,9.24,9.4425,0.2025
train,1992-01-16,8.778,9.0402,0.2622
train,1992-01-17,8.36,8.3919,0.0319
train,1992-01-18,8.724,8.7174,-0.0066
train,1992-01-19,8.43,8.6297,0.1997
train,1992-01-20,8.38,8.4228,0.0428
train,1992-01-21,8.03,8.102,0.072
train,1992-01-22,9.176,9.7833,0.6073
train,1992-01-23,8.83,9.0673,0.2373
train,1992-01-24,8.276,8.5712,0.2952
train,1992-01-25,10.02,10.0991,0.0791
train,1992-01-26,9.2,9.4481,0.2481
train,1992-01-27,8.8,8.7518,-0.0482
train,1992-01-28,9.25,9.4855,0.2355
train,1992-01-29,9.41,9.4653,0.0553
train,1992-01-30,7.506,7.5013,-0.0047
train,1992-01-31,11.02,10.7566,-0.2634
train,1992-02-01,8.46,8.4712,0.0112
train,1992-02-02,10.01,10.3952,0.3852
train,1992-02-03,8.72,8.7074,-0.0126
train,1992-02-04,8.27,8.3287,0.0587
train,1992-02-05,9.52,9.6511,0.1311
train,1992-02-06,8.964,8.9218,-0.0422
train,1992-02-07,8.898,8.911,0.013
train,1992-02-08,8.47,8.4771,0.0071
train,1992-02-09,8.54,8.5611,0.0211
train,1992-02-10,8.48,8.5149,0.0349
train,1992-02-11,9.15,9.3554,0.2054
train,1992-02-12,8.72,8.7014,-0.0186
train,1992-02-13,8.39,8.3903,0.0003
train,1992-02-14,9.2,9.8725,0.6725
train,1992-02-15,8.9,8.8422,-0.0578
train,1992-02-16,8.48,8.4686,-0.0114
train,1992-02-17,8.37,8.398,0.028
train,1992-02-18,8.974,9.2399,0.2659
train,1992-02-19,9.82,9.8999,0.0799
train,1992-02-20,8.49,8.5048,0.0148
train,1992-02-21,8.37,8.3873,0.0173
train,1992-02-22,9.24,9.7437,0.5037
train,1992-02-23,8.51,8.8207,0.3107
train,1992-02-24,8.52,8.5325,0.0125
train,1992-02-25,8.99,8.8695,-0.1205
train,1992-02-26,7.46,7.4578,-0.0022
train,1992-02-27,8.36,8.385,0.025
train,1992-02-28,8.32,8.3376,0.0176
train,1992-02-29,8.606,8.6471,0.0411
train,1992-03-01,7.704,7.8737,0.1697
train,1992-03-02,8.97,8.9292,-0.0408
train,1992-03-03,8.36,8.3941,0.0341
train,1992-03-04,8.206,8.2195,0.0135
train,1992-03-05,8.47,8.4766,0.0066
train,1992-03-06,7.904,8.1142,0.2102
train,1992-03-07,8.72,8.7052,-0.0148
train,1992-03-08,10.254,9.8402,-0.4138
train,1992-03-09,9.67,9.8925,0.2225
train,1992-03-10,8.12,8.1391,0.0191
train,1992-03-11,8.56,8.5859,0.0259
train,1992-03-12,10.8,9.6035,-1.1965
train,1992-03-13,9.094,9.1763,0.0823
train,1992-03-14,8.36,8.5921,0.2321
train,1992-03-15,8.308,8.4238,0.1158
train,1992-03-16,9.15,9.7204,0.5704
train,1992-03-17,8.45,8.4446,-0.0054
train,1992-03-18,9.05,9.0698,0.0198
train,1992-03-19,8.84,8.8222,-0.0178
train,1992-03-20,8.734,8.7836,0.0496
train,1992-03-21,8.73,8.702,-0.028
train,1992-03-22,8.75,8.73,-0.02
train,1992-03-23,8.87,8.8968,0.0268
train,1992-03-24,8.66,8.5938,-0.0662
train,1992-03-25,9.318,9.7278,0.4098
train,1992-03-26,8.92,9.1391,0.2191
train,1992-03-27,9.95,9.0498,-0.9002
train,1992-03-28,10.28,9.5849,-0.6951
train,1992-03-29,8.49,8.5125,0.0225
train,1992-03-30,8.46,8.6997,0.2397
train,1992-03-31,8.56,8.552,-0.008
train,1992-04-01,8.48,8.5037,0.0237
train,1992-04-02,9.02,9.0645,0.0445
train,1992-04-03,8.62,8.6284,0.0084
train,1992-04-04,8.96,8.9723,0.0123
train,1992-04-05,8.356,8.4804,0.1244
train,1992-04-06,8.46,8.4801,0.0201
train,1992-04-07,8.52,8.4156,-0.1044
train,1992-04-08,8.84,8.8652,0.0252
train,1992-04-09,10.22,9.6618,-0.5582
train,1992-04-10,8.552,8.5019,-0.0501
train,1992-04-11,8.57,8.6071,0.0371
train,1992-04-12,8.576,8.646,0.07
train,1992-04-13,8.43,8.4305,0.0005
train,1992-04-14,9.134,9.261,0.127
train,1992-04-15,8.44,8.5779,0.1379
train,1992-04-16,8.27,8.3171,0.0471
train,1992-04-17,8.46,8.4633,0.0033
train,1992-04-18,8.37,8.4226,0.0526
train,1992-04-19,9.01,9.5804,0.5704
train,1992-04-20,8.31,8.3509,0.0409
train,1992-04-21,8.64,8.6564,0.0164
train,1992-04-22,8.236,8.2423,0.0063
train,1992-04-23,7.922,7.8607,-0.0613
train,1992-04-24,9.9,9.2166,-0.6834
train,1992-04-25,9.14,9.1048,-0.0352
train,1992-04-26,8.23,8.2697,0.0397
train,1992-04-27,9.19,9.0142,-0.1758
train,1992-04-28,8.65,8.7566,0.1066
train,1992-04-29,9.01,9.0179,0.0079
train,1992-04-30,8.49,8.4615,-0.0285
train,1992-05-01,11.364,11.0179,-0.3461
train,1992-05-02,7.52,7.6864,0.1664
train,1992-05-03,7.442,7.3954,-0.0466
train,1992-05-04,9.97,9.9286,-0.0414
train,1992-05-05,8.31,8.4053,0.0953
train,1992-05-06,8.356,8.4175,0.0615
train,1992-05-07,9.37,9.3086,-0.0614
train,1992-05-08,8.032,8.0748,0.0428
train,1992-05-09,8.26,8.3216,0.0616
train,1992-05-10,7.6,7.5755,-0.0245
train,1992-05-11,8.43,8.5106,0.0806
train,1992-05-12,8.55,8.5341,-0.0159
train,1992-05-13,9.396,8.982,-0.414
train,1992-05-14,8.53,8.5301,0.0001
train,1992-05-15,8.69,8.7026,0.0126
train,1992-05-16,8.72,8.9134,0.1934
train,1992-05-17,8.624,8.6042,-0.0198
train,1992-05-18,8.794,8.8987,0.1047
train,1992-05-19,8.27,8.3466,0.0766
train,1992-05-20,8.032,7.8522,-0.1798
train,1992-05-21,9.93,9.7393,-0.1907
train,1992-05-22,9.37,9.6721,0.3021
train,1992-05-23,8.91,9.0273,0.1173
train,1992-05-24,9.79,8.9419,-0.8481
train,1992-05-25,8.992,8.7158,-0.2762
train,1992-05-26,8.272,8.3318,0.0598
train,1992-05-27,8.63,8.6488,0.0188
train,1992-05-28,8.7,8.8278,0.1278
train,1992-05-29,8.084,8.1508,0.0668
train,1992-05-30,8.158,8.3009,0.1429
train,1992-05-31,8.48,8.5178,0.0378
train,1992-06-01,8.86,9.3077,0.4477
train,1992-06-02,9.664,9.6749,0.0109
train,1992-06-03,9.15,8.993,-0.157
train,1992-06-04,10.76,10.5915,-0.1685
train,1992-06-05,8.95,8.7342,-0.2158
train,1992-06-06,7.684,7.6947,0.0107
train,1992-06-07,8.48,8.4962,0.0162
train,1992-06-08,8.392,8.7754,0.3834
train,1992-06-09,8.21,8.2367,0.0267
train,1992-06-10,8.39,8.4352,0.0452
train,1992-06-11,8.44,8.395,-0.045
train,1992-06-12,9.34,9.4332,0.0932
train,1992-06-13,8.58,8.5177,-0.0623
train,1992-06-14,8.59,8.5044,-0.0856
train,1992-06-15,8.84,9.0025,0.1625
train,1992-06-16,9.03,9.1034,0.0734
train,1992-06-17,8.63,8.6188,-0.0112
train,1992-06-18,8.53,8.484,-0.046
train,1992-06-19,8.34,8.2633,-0.0767
train,1992-06-20,8.64,8.7687,0.1287
train,1992-06-21,8.4,8.4312,0.0312
train,1992-06-22,8.76,8.6675,-0.0925
train,1992-06-23,8.408,8.4573,0.0493
train,1992-06-24,8.32,8.3714,0.0514
train,1992-06-25,8.09,8.1367,0.0467
train,1992-06-26,8.58,8.5891,0.0091
train,1992-06-27,8.44,8.4284,-0.0116
train,1992-06-28,9.47,9.1591,-0.3109
train,1992-06-29,8.71,8.7796,0.0696
train,1992-06-30,8.86,8.8463,-0.0137
train,1992-07-01,8.34,8.3477,0.0077
train,1992-07-02,10.05,9.6149,-0.4351
train,1992-07-03,8.48,8.5435,0.0635
train,1992-07-04,7.49,7.4924,0.0024
train,1992-07-05,8.52,8.5023,-0.0177
train,1992-07-06,8.49,8.5494,0.0594
train,1992-07-07,8.69,8.7134,0.0234
train,1992-07-08,8.58,8.7964,0.2164
train,1992-07-09,8.65,9.3286,0.6786
train,1992-07-10,8.934,9.2516,0.3176
train,1992-07-11,8.41,8.4476,0.0376
train,1992-07-12,9.16,9.2919,0.1319
train,1992-07-13,9.34,9.1649,-0.1751
train,1992-07-14,8.49,8.688,0.198
train,1992-07-15,8.336,8.3681,0.0321
train,1992-07-16,8.126,8.1656,0.0396
train,1992-07-17,8.1,8.1431,0.0431
train,1992-07-18,8.448,8.4241,-0.0239
train,1992-07-19,9.966,9.3326,-0.6334
train,1992-07-20,8.62,8.6237,0.0037
train,1992-07-21,8.456,8.1631,-0.2929
train,1992-07-22,8.58,8.6277,0.0477
train,1992-07-23,9.06,9.2914,0.2314
train,1992-07-24,9.54,9.592,0.052
train,1992-07-25,8.642,8.5586,-0.0834
train,1992-07-26,8.49,8.5126,0.0226
train,1992-07-27,8.246,8.3012,0.0552
train,1992-07-28,8.72,8.9769,0.2569
train,1992-07-29,8.48,8.9407,0.4607
train,1992-07-30,8.44,8.4589,0.0189
train,1992-07-31,8.36,8.4016,0.0416
train,1992-08-01,8.19,8.306,0.116
train,1992-08-02,8.98,9.0571,0.0771
train,1992-08-03,8.54,8.7064,0.1664
train,1992-08-04,8.53,8.5385,0.0085
train,1992-08-05,8.038,8.0776,0.0396
train,1992-08-06,9.09,9.4794,0.3894
train,1992-08-07,8.3,8.3383,0.0383
train,1992-08-08,9.19,9.1301,-0.0599
train,1992-08-09,8.036,8.0636,0.0276
train,1992-08-10,8.06,8.2074,0.1474
train,1992-08-11,10.3,9.1233,-1.1767
train,1992-08-12,8.422,8.4849,0.0629
train,1992-08-13,8.706,8.6805,-0.0255
train,1992-08-14,7.598,7.5754,-0.0226
train,1992-08-15,8.902,8.9231,0.0211
train,1992-08-16,7.68,7.6965,0.0165
train,1992-08-17,8.32,8.3923,0.0723
train,1992-08-18,8.994,9.0643,0.0703
train,1992-08-19,8.61,8.5621,-0.0479
train,1992-08-20,8.1,8.3604,0.2604
train,1992-08-21,8.46,8.4876,0.0276
train,1992-08-22,8.58,8.5748,-0.0052
train,1992-08-23,8.35,8.4279,0.0779
train,1992-08-24,8.48,8.503,0.023
train,1992-08-25,8.43,8.5021,0.0721
train,1992-08-26,10.91,11.0803,0.1703
train,1992-08-27,7.436,8.001,0.565
train,1992-08-28,9.42,9.6035,0.1835
train,1992-08-29,8.778,8.7532,-0.0248
train,1992-08-30,8.302,8.3419,0.0399
train,1992-08-31,8.044,8.101,0.057
train,1992-09-01,8.936,8.7733,-0.1627
train,1992-09-02,9.46,9.8845,0.4245
train,1992-09-03,8.642,8.6674,0.0254
train,1992-09-04,8.334,8.5212,0.1872
train,1992-09-05,8.61,8.6195,0.0095
train,1992-09-06,8.46,8.4821,0.0221
train,1992-09-07,8.84,8.6668,-0.1732
train,1992-09-08,8.48,8.4635,-0.0165
train,1992-09-09,8.82,8.806,-0.014
train,1992-09-10,8.346,8.3648,0.0188
train,1992-09-11,9.42,9.5171,0.0971
train,1992-09-12,8.23,8.2311,0.0011
train,1992-09-13,8.52,8.5161,-0.0039
train,1992-09-14,8.22,8.2063,-0.0137
train,1992-09-15,8.38,8.4014,0.0214
train,1992-09-16,8.59,8.6184,0.0284
train,1992-09-17,8.84,9.369,0.529
train,1992-09-18,8.91,8.713,-0.197
train,1992-09-19,8.612,8.6631,0.0511
train,1992-09-20,7.99,8.0604,0.0704
train,1992-09-21,8.902,8.9877,0.0857
train,1992-09-22,8.72,8.9073,0.1873
train,1992-09-23,8.42,8.5276,0.1076
train,1992-09-24,10.408,9.1741,-1.2339
train,1992-09-25,8.17,8.174,0.004
train,1992-09-26,8.65,8.6533,0.0033
train,1992-09-27,7.56,7.5049,-0.0551
train,1992-09-28,8.73,8.8474,0.1174
train,1992-09-29,7.156,7.1861,0.0301
train,1992-09-30,8.5,8.516,0.016
train,1992-10-01,8.576,8.6845,0.1085
train,1992-10-02,8.74,8.7011,-0.0389
train,1992-10-03,8.42,8.452,0.032
train,1992-10-04,8.626,8.6942,0.0682
train,1992-10-05,8.792,8.6123,-0.1797
train,1992-10-06,8.84,8.8395,-0.0005
train,1992-10-07,9.22,9.4149,0.1949
train,1992-10-08,9.42,9.545,0.125
train,1992-10-09,8.71,8.9874,0.2774
train,1992-10-10,8.67,8.6438,-0.0262
train,1992-10-11,8.106,8.1169,0.0109
train,1992-10-12,9.5,9.5872,0.0872
train,1992-10-13,8.43,8.4469,0.0169
train,1992-10-14,8.77,8.7317,-0.0383
train,1992-10-15,9.32,9.6235,0.3035
train,1992-10-16,8.81,9.0871,0.2771
train,1992-10-17,8.65,8.629,-0.021
train,1992-10-18,7.606,7.547,-0.059
train,1992-10-19,11.13,10.3408,-0.7892
train,1992-10-20,9.23,9.8365,0.6065
train,1992-10-21,7.938,8.0802,0.1422
train,1992-10-22,7.92,8.0373,0.1173
train,1992-10-23,7.646,7.6458,-0.0002
train,1992-10-24,8.99,9.3761,0.3861
train,1992-10-25,12.88,11.9113,-0.9687
train,1992-10-26,8.39,8.4082,0.0182
train,1992-10-27,8.46,8.4576,-0.0024
train,1992-10-28,8.91,8.894,-0.016
train,1992-10-29,7.252,7.3885,0.1365
train,1992-10-30,8.62,8.5985,-0.0215
train,1992-10-31,9.468,9.1589,-0.3091
train,1992-11-01,8.438,8.4625,0.0245
train,1992-11-02,8.256,8.2559,-0.0001
train,1992-11-03,9.03,8.9104,-0.1196
train,1992-11-04,9.33,9.8011,0.4711
train,1992-11-05,7.47,7.5378,0.0678
train,1992-11-06,8.49,8.538,0.048
train,1992-11-07,8.81,8.8933,0.0833
train,1992-11-08,8.75,8.8235,0.0735
train,1992-11-09,8.69,8.6665,-0.0235
train,1992-11-10,8.76,8.7419,-0.0181
train,1992-11-11,9.28,9.4026,0.1226
train,1992-11-12,8.41,8.4036,-0.0064
train,1992-11-13,9.39,9.2687,-0.1213
train,1992-11-14,8.11,8.1346,0.0246
train,1992-11-15,8.442,8.4674,0.0254
train,1992-11-16,9.118,9.2741,0.1561
train,1992-11-17,8.746,8.7784,0.0324
train,1992-11-18,8.61,8.5825,-0.0275
train,1992-11-19,10.036,9.9348,-0.1012
train,1992-11-20,7.486,7.5053,0.0193
train,1992-11-21,8.61,8.6659,0.0559
train,1992-11-22,7.134,7.1705,0.0365
train,1992-11-23,8.07,8.0931,0.0231
train,1992-11-24,8.51,8.5629,0.0529
train,1992-11-25,6.33,6.5731,0.2431
train,1992-11-26,9.32,8.9932,-0.3268
train,1992-11-27,8.114,8.25,0.136
train,1992-11-28,8.54,8.5378,-0.0022
train,1992-11-29,8.28,8.2797,-0.0003
train,1992-11-30,8.058,8.2407,0.1827
train,1992-12-01,10.0,9.6246,-0.3754
train,1992-12-02,7.61,7.6261,0.0161
train,1992-12-03,8.59,8.5976,0.0076
train,1992-12-04,8.292,8.38,0.088
train,1992-12-05,8.61,8.5845,-0.0255
train,1992-12-06,8.71,8.5991,-0.1109
train,1992-12-07,8.62,8.5982,-0.0218
train,1992-12-08,8.52,8.5426,0.0226
train,1992-12-09,9.284,9.4437,0.1597
train,1992-12-10,9.01,8.9031,-0.1069
train,1992-12-11,8.26,8.4797,0.2197
train,1992-12-12,9.98,9.1469,-0.8331
train,1992-12-13,8.84,8.8365,-0.0035
train,1992-12-14,8.88,9.1056,0.2256
train,1992-12-15,8.37,8.3898,0.0198
train,1992-12-16,8.62,8.7311,0.1111
train,1992-12-17,8.666,8.7868,0.1208
train,1992-12-18,7.93,7.9474,0.0174
train,1992-12-19,8.41,8.4572,0.0472
train,1992-12-20,7.93,7.8843,-0.0457
train,1992-12-21,9.054,9.9213,0.8673
train,1992-12-22,9.33,9.5379,0.2079
train,1992-12-23,9.07,9.0764,0.0064
train,1992-12-24,8.59,8.6171,0.0271
train,1992-12-25,8.48,8.4534,-0.0266
train,1992-12-26,7.626,7.5344,-0.0916
train,1992-12-27,7.99,8.0548,0.0648
train,1992-12-28,9.37,9.7012,0.3312
train,1992-12-29,8.25,8.2911,0.0411
train,1992-12-30,8.62,8.4647,-0.1553
train,1992-12-31,8.224,8.2419,0.0179
train,1993-01-01,10.86,9.6016,-1.2584
train,1993-01-02,8.7,8.6786,-0.0214
train,1993-01-03,9.038,9.1626,0.1246
train,1993-01-04,11.384,10.0747,-1.3093
train,1993-01-05,8.78,8.7406,-0.0394
train,1993-01-06,8.4,8.43,0.03
train,1993-01-07,8.69,8.6748,-0.0152
train,1993-01-08,9.01,9.1588,0.1488
train,1993-01-09,7.584,7.5353,-0.0487
train,1993-01-10,9.29,8.8517,-0.4383
train,1993-01-11,8.37,8.4171,0.0471
train,1993-01-12,8.108,8.1354,0.0274
train,1993-01-13,8.89,9.1068,0.2168
train,1993-01-14,9.052,9.3575,0.3055
train,1993-01-15,7.8,7.7865,-0.0135
train,1993-01-16,8.46,8.4629,0.0029
train,1993-01-17,8.566,8.5993,0.0333
train,1993-01-18,8.434,8.4663,0.0323
train,1993-01-19,8.51,8.8504,0.3404
train,1993-01-20,8.5,8.4596,-0.0404
train,1993-01-21,8.216,8.2368,0.0208
train,1993-01-22,9.67,9.181,-0.489
train,1993-01-23,8.824,8.8936,0.0696
train,1993-01-24,8.74,8.3338,-0.4062
train,1993-01-25,9.73,10.2167,0.4867
train,1993-01-26,8.48,8.6317,0.1517
train,1993-01-27,8.5,8.4925,-0.0075
train,1993-01-28,8.88,9.302,0.422
train,1993-01-29,8.38,8.4134,0.0334
train,1993-01-30,8.012,8.0473,0.0353
train,1993-01-31,8.8,8.7749,-0.0251
train,1993-02-01,8.86,8.9756,0.1156
train,1993-02-02,10.01,9.6853,-0.3247
train,1993-02-03,8.578,8.5547,-0.0233
train,1993-02-04,8.102,8.578,0.476
train,1993-02-05,7.864,8.084,0.22
train,1993-02-06,8.51,8.5531,0.0431
train,1993-02-07,8.958,8.5241,-0.4339
train,1993-02-08,8.62,8.672,0.052
train,1993-02-09,8.89,8.9219,0.0319
train,1993-02-10,8.04,8.0566,0.0166
train,1993-02-11,8.81,8.86,0.05
train,1993-02-12,9.17,9.4678,0.2978
train,1993-02-13,8.53,8.7902,0.2602
train,1993-02-14,8.34,8.3762,0.0362
train,1993-02-15,8.41,8.4131,0.0031
train,1993-02-16,11.594,11.22,-0.374
train,1993-02-17,8.51,8.5199,0.0099
train,1993-02-18,8.038,8.0898,0.0518
train,1993-02-19,8.224,8.2438,0.0198
train,1993-02-20,8.382,8.2864,-0.0956
train,1993-02-21,8.56,8.564,0.004
train,1993-02-22,8.4,8.3854,-0.0146
train,1993-02-23,9.72,9.8126,0.0926
train,1993-02-24,8.87,8.8132,-0.0568
train,1993-02-25,8.36,8.396,0.036
train,1993-02-26,8.062,8.1759,0.1139
train,1993-02-27,8.574,8.4628,-0.1112
train,1993-02-28,8.62,8.637,0.017
train,1993-03-01,8.51,8.5604,0.0504
train,1993-03-02,8.5,8.4935,-0.0065
train,1993-03-03,8.78,8.514,-0.266
train,1993-03-04,7.48,7.4954,0.0154
train,1993-03-05,9.278,8.7478,-0.5302
train,1993-03-06,8.56,8.5502,-0.0098
train,1993-03-07,6.69,6.7234,0.0334
train,1993-03-08,12.14,11.2327,-0.9073
train,1993-03-09,8.394,8.5244,0.1304
train,1993-03-10,8.44,8.4482,0.0082
train,1993-03-11,8.46,8.4994,0.0394
train,1993-03-12,11.576,9.1639,-2.4121
train,1993-03-13,9.384,8.8842,-0.4998
train,1993-03-14,8.52,8.5176,-0.0024
train,1993-03-15,8.58,8.7161,0.1361
train,1993-03-16,8.24,8.2738,0.0338
train,1993-03-17,8.89,9.2323,0.3423
train,1993-03-18,8.93,9.4496,0.5196
train,1993-03-19,9.15,9.1695,0.0195
train,1993-03-20,8.39,8.4048,0.0148
train,1993-03-21,8.63,8.6985,0.0685
train,1993-03-22,8.34,8.3764,0.0364
train,1993-03-23,8.55,8.719,0.169
train,1993-03-24,8.49,8.5121,0.0221
train,1993-03-25,8.81,8.6877,-0.1223
train,1993-03-26,8.53,8.5218,-0.0082
train,1993-03-27,8.85,8.8214,-0.0286
train,1993-03-28,8.61,8.5945,-0.0155
train,1993-03-29,8.42,8.4517,0.0317
train,1993-03-30,8.62,8.6246,0.0046
train,1993-03-31,8.25,8.246,-0.004
train,1993-04-01,8.82,9.3472,0.5272
train,1993-04-02,8.34,8.3892,0.0492
train,1993-04-03,7.738,7.734,-0.004
train,1993-04-04,8.46,8.4934,0.0334
train,1993-04-05,8.75,8.7596,0.0096
train,1993-04-06,8.2,8.1896,-0.0104
train,1993-04-07,8.154,8.2118,0.0578
train,1993-04-08,8.19,8.2328,0.0428
train,1993-04-09,7.71,7.7115,0.0015
train,1993-04-10,10.27,10.2693,-0.0007
train,1993-04-11,8.57,8.9301,0.3601
train,1993-04-12,8.61,8.5924,-0.0176
train,1993-04-13,8.67,8.6427,-0.0273
train,1993-04-14,8.236,8.2778,0.0418
train,1993-04-15,9.57,9.7702,0.2002
train,1993-04-16,8.51,8.5323,0.0223
train,1993-04-17,9.36,9.6366,0.2766
train,1993-04-18,9.05,9.2035,0.1535
train,1993-04-19,8.66,8.5516,-0.1084
train,1993-04-20,9.31,9.3013,-0.0087
train,1993-04-21,7.43,7.4026,-0.0274
train,1993-04-22,8.85,8.8549,0.0049
train,1993-04-23,8.512,8.8057,0.2937
train,1993-04-24,9.07,9.1984,0.1284
train,1993-04-25,8.29,8.2769,-0.0131
train,1993-04-26,9.554,10.053,0.499
train,1993-04-27,8.25,8.2935,0.0435
train,1993-04-28,10.322,10.4537,0.1317
train,1993-04-29,7.794,8.0151,0.2211
train,1993-04-30,8.39,8.413,0.023
train,1993-05-01,8.426,8.5739,0.1479
train,1993-05-02,8.84,9.0549,0.2149
train,1993-05-03,9.11,9.2004,0.0904
train,1993-05-04,9.99,10.0076,0.0176
train,1993-05-05,8.784,8.9212,0.1372
train,1993-05-06,8.516,8.6589,0.1429
train,1993-05-07,7.678,8.6392,0.9612
train,1993-05-08,8.31,8.3744,0.0644
train,1993-05-09,7.994,8.4486,0.4546
train,1993-05-10,9.81,9.5203,-0.2897
train,1993-05-11,10.88,8.5427,-2.3373
train,1993-05-12,9.0,9.227,0.227
train,1993-05-13,8.31,8.3173,0.0073
train,1993-05-14,9.72,9.7488,0.0288
train,1993-05-15,8.472,8.8505,0.3785
train,1993-05-16,9.02,9.1394,0.1194
train,1993-05-17,8.75,8.6982,-0.0518
train,1993-05-18,8.9,8.5548,-0.3452
train,1993-05-19,8.6,8.6037,0.0037
train,1993-05-20,8.48,8.6981,0.2181
train,1993-05-21,10.58,10.2569,-0.3231
train,1993-05-22,8.784,8.9294,0.1454
train,1993-05-23,7.95,8.1078,0.1578
train,1993-05-24,8.86,8.8442,-0.0158
train,1993-05-25,8.836,8.5976,-0.2384
train,1993-05-26,9.17,9.1863,0.0163
train,1993-05-27,8.77,9.2575,0.4875
train,1993-05-28,8.794,9.0323,0.2383
train,1993-05-29,8.59,8.6027,0.0127
train,1993-05-30,8.78,8.8954,0.1154
train,1993-05-31,7.784,7.7583,-0.0257
train,1993-06-01,8.61,8.6218,0.0118
train,1993-06-02,8.004,8.089,0.085
train,1993-06-03,8.45,8.4602,0.0102
train,1993-06-04,9.83,9.6283,-0.2017
train,1993-06-05,8.58,8.5923,0.0123
train,1993-06-06,8.39,8.4036,0.0136
train,1993-06-07,8.15,8.2182,0.0682
train,1993-06-08,8.45,8.5192,0.0692
train,1993-06-09,9.52,9.3882,-0.1318
train,1993-06-10,8.676,8.6751,-0.0009
train,1993-06-11,10.56,10.1795,-0.3805
train,1993-06-12,8.52,8.7542,0.2342
train,1993-06-13,7.928,8.3912,0.4632
train,1993-06-14,8.72,8.675,-0.045
train,1993-06-15,9.94,9.8615,-0.0785
train,1993-06-16,10.5,9.5789,-0.9211
train,1993-06-17,8.69,8.6912,0.0012
train,1993-06-18,8.96,8.9378,-0.0222
train,1993-06-19,11.266,10.4717,-0.7943
train,1993-06-20,10.75,9.8374,-0.9126
train,1993-06-21,9.166,9.0748,-0.0912
train,1993-06-22,8.146,8.2111,0.0651
train,1993-06-23,8.332,8.5194,0.1874
train,1993-06-24,8.25,8.2712,0.0212
train,1993-06-25,8.45,8.4613,0.0113
train,1993-06-26,10.07,10.2436,0.1736
train,1993-06-27,8.81,8.7771,-0.0329
train,1993-06-28,9.14,8.6364,-0.5036
train,1993-06-29,8.46,8.4494,-0.0106
train,1993-06-30,8.97,9.2001,0.2301
train,1993-07-01,8.62,8.658,0.038
train,1993-07-02,8.334,8.3537,0.0197
train,1993-07-03,8.61,8.4729,-0.1371
train,1993-07-04,8.62,8.5954,-0.0246
train,1993-07-05,8.938,8.7606,-0.1774
train,1993-07-06,8.494,8.7157,0.2217
train,1993-07-07,8.606,8.7165,0.1105
train,1993-07-08,8.204,8.4211,0.2171
train,1993-07-09,8.45,8.4494,-0.0006
train,1993-07-10,8.17,8.1911,0.0211
train,1993-07-11,8.43,8.4364,0.0064
train,1993-07-12,8.552,8.6014,0.0494
train,1993-07-13,8.842,9.2931,0.4511
train,1993-07-14,8.56,8.5505,-0.0095
train,1993-07-15,8.448,8.6276,0.1796
train,1993-07-16,8.79,8.6933,-0.0967
train,1993-07-17,7.95,8.0004,0.0504
train,1993-07-18,8.31,8.2282,-0.0818
train,1993-07-19,9.25,9.6507,0.4007
train,1993-07-20,9.5,9.3504,-0.1496
train,1993-07-21,8.26,8.3041,0.0441
train,1993-07-22,11.03,11.3098,0.2798
train,1993-07-23,8.112,8.1262,0.0142
train,1993-07-24,8.39,8.4022,0.0122
train,1993-07-25,8.48,8.4997,0.0197
train,1993-07-26,8.3,8.3299,0.0299
train,1993-07-27,8.42,8.4406,0.0206
train,1993-07-28,8.46,8.4764,0.0164
train,1993-07-29,9.002,9.3625,0.3605
train,1993-07-30,8.372,8.4069,0.0349
train,1993-07-31,8.096,8.1685,0.0725
train,1993-08-01,8.916,8.6908,-0.2252
train,1993-08-02,8.71,8.6912,-0.0188
train,1993-08-03,7.518,7.5735,0.0555
train,1993-08-04,8.43,8.437,0.007
train,1993-08-05,8.32,8.4172,0.0972
train,1993-08-06,8.69,8.8615,0.1715
train,1993-08-07,8.524,8.5787,0.0547
train,1993-08-08,8.324,8.4536,0.1296
train,1993-08-09,8.53,8.4413,-0.0887
train,1993-08-10,8.74,8.6771,-0.0629
train,1993-08-11,9.06,9.3994,0.3394
train,1993-08-12,9.25,9.5207,0.2707
train,1993-08-13,10.43,10.402,-0.028
train,1993-08-14,8.846,8.9734,0.1274
train,1993-08-15,11.74,10.4898,-1.2502
train,1993-08-16,8.538,8.4773,-0.0607
train,1993-08-17,8.5,8.5196,0.0196
train,1993-08-18,8.6,8.6278,0.0278
train,1993-08-19,8.694,8.6289,-0.0651
train,1993-08-20,9.252,9.4023,0.1503
train,1993-08-21,8.58,8.5473,-0.0327
train,1993-08-22,10.82,9.5001,-1.3199
train,1993-08-23,8.81,8.7729,-0.0371
train,1993-08-24,8.6,8.572,-0.028
train,1993-08-25,8.53,8.5547,0.0247
train,1993-08-26,8.53,8.5361,0.0061
train,1993-08-27,9.158,8.7127,-0.4453
train,1993-08-28,8.96,9.0922,0.1322
train,1993-08-29,8.55,8.5128,-0.0372
train,1993-08-30,9.16,9.372,0.212
train,1993-08-31,8.58,8.5644,-0.0156
train,1993-09-01,8.31,8.3191,0.0091
train,1993-09-02,11.95,10.6793,-1.2707
train,1993-09-03,8.264,8.3058,0.0418
train,1993-09-04,10.768,9.6335,-1.1345
train,1993-09-05,8.82,8.9096,0.0896
train,1993-09-06,10.24,9.233,-1.007
train,1993-09-07,9.474,9.3851,-0.0889
train,1993-09-08,9.0,8.9907,-0.0093
train,1993-09-09,8.41,8.4407,0.0307
train,1993-09-10,8.826,8.8532,0.0272
train,1993-09-11,9.21,9.2819,0.0719
train,1993-09-12,11.906,10.209,-1.697
train,1993-09-13,8.47,8.5003,0.0303
train,1993-09-14,8.596,8.8561,0.2601
train,1993-09-15,8.59,8.5616,-0.0284
train,1993-09-16,9.426,9.6962,0.2702
train,1993-09-17,8.602,8.896,0.294
train,1993-09-18,8.35,8.3587,0.0087
train,1993-09-19,8.44,8.4525,0.0125
train,1993-09-20,8.43,8.4318,0.0018
train,1993-09-21,8.42,8.4283,0.0083
train,1993-09-22,8.37,8.4185,0.0485
train,1993-09-23,9.368,8.6751,-0.6929
train,1993-09-24,8.63,8.6194,-0.0106
train,1993-09-25,9.166,9.3144,0.1484
train,1993-09-26,8.59,8.8216,0.2316
train,1993-09-27,8.46,8.3843,-0.0757
train,1993-09-28,8.53,8.5532,0.0232
train,1993-09-29,8.42,8.4211,0.0011
train,1993-09-30,8.73,8.7815,0.0515
train,1993-10-01,8.828,8.9634,0.1354
train,1993-10-02,8.87,8.9806,0.1106
train,1993-10-03,8.66,8.637,-0.023
train,1993-10-04,9.132,8.9565,-0.1755
train,1993-10-05,8.58,8.5448,-0.0352
train,1993-10-06,8.84,8.8137,-0.0263
train,1993-10-07,9.13,9.3328,0.2028
train,1993-10-08,8.37,8.398,0.028
train,1993-10-09,7.594,7.5624,-0.0316
train,1993-10-10,7.834,8.0054,0.1714
train,1993-10-11,8.95,8.9486,-0.0014
train,1993-10-12,8.23,8.2323,0.0023
train,1993-10-13,8.3,8.3131,0.0131
train,1993-10-14,10.91,9.5765,-1.3335
train,1993-10-15,8.39,8.4178,0.0278
train,1993-10-16,9.242,9.3575,0.1155
train,1993-10-17,9.36,8.9592,-0.4008
train,1993-10-18,8.756,8.8748,0.1188
train,1993-10-19,8.07,8.0904,0.0204
train,1993-10-20,8.73,8.8457,0.1157
train,1993-10-21,8.71,8.538,-0.172
train,1993-10-22,8.58,8.5245,-0.0555
train,1993-10-23,8.42,8.4327,0.0127
train,1993-10-24,8.48,8.4973,0.0173
train,1993-10-25,8.916,8.8855,-0.0305
train,1993-10-26,8.52,8.6614,0.1414
train,1993-10-27,8.61,8.5943,-0.0157
train,1993-10-28,8.44,8.4617,0.0217
train,1993-10-29,8.52,8.5056,-0.0144
train,1993-10-30,8.4,8.455,0.055
train,1993-10-31,8.94,9.0311,0.0911
train,1993-11-01,8.74,8.7867,0.0467
train,1993-11-02,9.298,9.2969,-0.0011
train,1993-11-03,8.34,8.4446,0.1046
train,1993-11-04,7.686,7.6903,0.0043
train,1993-11-05,8.368,8.245,-0.123
train,1993-11-06,9.9,11.0506,1.1506
train,1993-11-07,8.484,8.5751,0.0911
train,1993-11-08,8.404,8.4761,0.0721
train,1993-11-09,8.85,8.7733,-0.0767
train,1993-11-10,8.99,9.3686,0.3786
train,1993-11-11,8.074,8.1085,0.0345
train,1993-11-12,9.67,9.8467,0.1767
train,1993-11-13,8.916,9.2786,0.3626
train,1993-11-14,7.268,7.2792,0.0112
train,1993-11-15,9.43,8.815,-0.615
train,1993-11-16,8.38,8.3746,-0.0054
train,1993-11-17,8.576,8.6865,0.1105
train,1993-11-18,8.64,8.6533,0.0133
train,1993-11-19,9.47,9.331,-0.139
train,1993-11-20,8.374,8.4517,0.0777
train,1993-11-21,8.56,8.5648,0.0048
train,1993-11-22,8.816,8.891,0.075
train,1993-11-23,8.47,8.4993,0.0293
train,1993-11-24,8.666,8.6387,-0.0273
train,1993-11-25,8.76,8.6814,-0.0786
train,1993-11-26,8.51,8.4954,-0.0146
train,1993-11-27,8.49,8.522,0.032
train,1993-11-28,8.33,8.3523,0.0223
train,1993-11-29,8.63,8.6143,-0.0157
train,1993-11-30,8.314,8.3108,-0.0032
train,1993-12-01,8.32,8.3401,0.0201
train,1993-12-02,8.61,8.7141,0.1041
train,1993-12-03,8.58,8.5843,0.0043
train,1993-12-04,8.54,8.5648,0.0248
train,1993-12-05,9.264,8.5314,-0.7326
train,1993-12-06,8.99,8.9919,0.0019
train,1993-12-07,9.908,9.8308,-0.0772
train,1993-12-08,8.32,8.3514,0.0314
train,1993-12-09,8.14,8.1811,0.0411
train,1993-12-10,8.82,8.9542,0.1342
train,1993-12-11,8.76,8.7301,-0.0299
train,1993-12-12,9.01,9.3395,0.3295
train,1993-12-13,8.5,8.5696,0.0696
train,1993-12-14,8.69,8.5472,-0.1428
train,1993-12-15,9.31,9.9378,0.6278
train,1993-12-16,8.59,8.521,-0.069
train,1993-12-17,8.78,8.8121,0.0321
train,1993-12-18,8.61,8.5961,-0.0139
train,1993-12-19,8.49,8.383,-0.107
train,1993-12-20,9.554,8.782,-0.772
train,1993-12-21,9.02,8.9955,-0.0245
train,1993-12-22,8.118,8.1592,0.0412
train,1993-12-23,8.28,8.3073,0.0273
train,1993-12-24,8.29,8.3094,0.0194
train,1993-12-25,10.93,10.7206,-0.2094
train,1993-12-26,8.54,8.6008,0.0608
train,1993-12-27,9.398,9.7893,0.3913
train,1993-12-28,9.75,9.0762,-0.6738
train,1993-12-29,7.762,8.2041,0.4421
train,1993-12-30,8.42,8.3951,-0.0249
train,1993-12-31,8.64,8.5516,-0.0884
train,1994-01-01,8.72,8.673,-0.047
train,1994-01-02,8.53,8.4748,-0.0552
train,1994-01-03,9.67,9.1826,-0.4874
train,1994-01-04,7.7,7.6869,-0.0131
train,1994-01-05,10.02,9.8977,-0.1223
train,1994-01-06,8.23,8.2427,0.0127
train,1994-01-07,8.27,8.2942,0.0242
train,1994-01-08,8.246,8.2845,0.0385
train,1994-01-09,11.03,9.8089,-1.2211
train,1994-01-10,9.2,9.5099,0.3099
train,1994-01-11,8.81,8.7421,-0.0679
train,1994-01-12,8.63,8.9495,0.3195
train,1994-01-13,8.52,8.457,-0.063
train,1994-01-14,8.844,9.104,0.26
train,1994-01-15,8.022,8.7025,0.6805
train,1994-01-16,8.718,8.8445,0.1265
train,1994-01-17,9.07,9.3065,0.2365
train,1994-01-18,9.432,10.5843,1.1523
train,1994-01-19,9.1,9.2635,0.1635
train,1994-01-20,8.23,8.2121,-0.0179
train,1994-01-21,8.98,8.4207,-0.5593
train,1994-01-22,8.42,8.4325,0.0125
train,1994-01-23,8.62,8.6144,-0.0056
train,1994-01-24,8.7,8.696,-0.004
train,1994-01-25,8.44,8.5198,0.0798
train,1994-01-26,8.368,8.4273,0.0593
train,1994-01-27,8.5,8.2177,-0.2823
train,1994-01-28,8.426,8.5854,0.1594
train,1994-01-29,10.052,9.7966,-0.2554
train,1994-01-30,8.43,8.4514,0.0214
train,1994-01-31,8.67,8.8199,0.1499
train,1994-02-01,8.44,8.4721,0.0321
train,1994-02-02,9.42,9.2182,-0.2018
train,1994-02-03,8.43,8.466,0.036
train,1994-02-04,8.51,8.4928,-0.0172
train,1994-02-05,7.548,7.5511,0.0031
train,1994-02-06,10.282,10.8408,0.5588
train,1994-02-07,8.658,8.7202,0.0622
train,1994-02-08,8.43,8.4214,-0.0086
train,1994-02-09,8.814,8.847,0.033
train,1994-02-10,9.62,9.6019,-0.0181
train,1994-02-11,8.44,8.4216,-0.0184
train,1994-02-12,8.42,8.427,0.007
train,1994-02-13,7.612,7.5458,-0.0662
train,1994-02-14,8.25,8.2865,0.0365
train,1994-02-15,8.278,8.5432,0.2652
train,1994-02-16,7.49,7.5007,0.0107
train,1994-02-17,9.18,9.1874,0.0074
train,1994-02-18,8.19,8.2114,0.0214
train,1994-02-19,8.35,8.2142,-0.1358
train,1994-02-20,8.55,8.5661,0.0161
train,1994-02-21,8.054,8.1063,0.0523
train,1994-02-22,8.27,8.3068,0.0368
train,1994-02-23,8.484,8.4777,-0.0063
train,1994-02-24,8.75,8.6972,-0.0528
train,1994-02-25,9.34,8.8696,-0.4704
train,1994-02-26,9.0,8.9084,-0.0916
train,1994-02-27,8.6,8.4801,-0.1199
train,1994-02-28,11.28,9.9935,-1.2865
train,1994-03-01,8.54,8.5128,-0.0272
train,1994-03-02,8.42,8.4427,0.0227
train,1994-03-03,9.778,9.6919,-0.0861
train,1994-03-04,7.14,7.1553,0.0153
train,1994-03-05,8.62,8.6266,0.0066
train,1994-03-06,8.67,8.6535,-0.0165
train,1994-03-07,8.51,8.5062,-0.0038
train,1994-03-08,8.962,9.0698,0.1078
train,1994-03-09,7.38,7.3983,0.0183
train,1994-03-10,8.26,8.2905,0.0305
train,1994-03-11,8.144,8.192,0.048
train,1994-03-12,8.248,8.2882,0.0402
train,1994-03-13,8.86,8.6482,-0.2118
train,1994-03-14,8.82,8.8451,0.0251
train,1994-03-15,8.29,8.3007,0.0107
train,1994-03-16,10.006,9.247,-0.759
train,1994-03-17,8.362,8.2677,-0.0943
train,1994-03-18,9.938,9.9326,-0.0054
train,1994-03-19,8.51,8.3743,-0.1357
train,1994-03-20,9.13,8.727,-0.403
train,1994-03-21,11.246,10.4144,-0.8316
train,1994-03-22,7.846,7.8195,-0.0265
train,1994-03-23,8.3,8.3318,0.0318
train,1994-03-24,7.536,7.4999,-0.0361
train,1994-03-25,8.05,8.0816,0.0316
train,1994-03-26,8.48,8.5498,0.0698
train,1994-03-27,9.33,9.3971,0.0671
train,1994-03-28,8.54,8.5405,0.0005
train,1994-03-29,8.82,8.7075,-0.1125
train,1994-03-30,8.09,8.135,0.045
train,1994-03-31,8.45,8.5744,0.1244
train,1994-04-01,8.34,8.3558,0.0158
train,1994-04-02,10.48,9.2423,-1.2377
train,1994-04-03,8.75,8.881,0.131
train,1994-04-04,8.62,8.6132,-0.0068
train,1994-04-05,8.52,8.543,0.023
train,1994-04-06,9.29,9.2996,0.0096
train,1994-04-07,11.75,11.7979,0.0479
train,1994-04-08,7.994,8.0203,0.0263
train,1994-04-09,8.764,8.7973,0.0333
train,1994-04-10,9.354,9.4022,0.0482
train,1994-04-11,8.43,8.4312,0.0012
train,1994-04-12,8.24,8.255,0.015
train,1994-04-13,11.106,10.6611,-0.4449
train,1994-04-14,8.46,8.4506,-0.0094
train,1994-04-15,9.04,9.0947,0.0547
train,1994-04-16,8.39,8.4191,0.0291
train,1994-04-17,8.65,8.6538,0.0038
train,1994-04-18,8.27,8.3148,0.0448
train,1994-04-19,8.816,9.082,0.266
train,1994-04-20,8.39,8.4147,0.0247
train,1994-04-21,8.54,8.5439,0.0039
train,1994-04-22,8.42,8.47,0.05
train,1994-04-23,8.07,8.1241,0.0541
train,1994-04-24,8.48,8.4933,0.0133
train,1994-04-25,9.06,9.0805,0.0205
train,1994-04-26,9.13,9.0774,-0.0526
train,1994-04-27,12.582,11.8066,-0.7754
train,1994-04-28,8.308,8.3077,-0.0003
train,1994-04-29,8.46,8.4956,0.0356
train,1994-04-30,8.61,8.6849,0.0749
train,1994-05-01,8.206,8.2144,0.0084
train,1994-05-02,7.992,7.9097,-0.0823
train,1994-05-03,8.96,9.0881,0.1281
train,1994-05-04,8.69,8.9904,0.3004
train,1994-05-05,9.22,9.2351,0.0151
train,1994-05-06,8.93,9.1577,0.2277
train,1994-05-07,8.67,8.6455,-0.0245
train,1994-05-08,8.55,8.5387,-0.0113
train,1994-05-09,8.43,8.4464,0.0164
train,1994-05-10,8.46,8.4734,0.0134
train,1994-05-11,9.07,9.2136,0.1436
train,1994-05-12,8.68,8.6721,-0.0079
train,1994-05-13,8.882,9.0974,0.2154
train,1994-05-14,8.42,8.5053,0.0853
train,1994-05-15,8.38,8.4086,0.0286
train,1994-05-16,9.932,9.9958,0.0638
train,1994-05-17,8.88,8.8702,-0.0098
train,1994-05-18,9.344,9.8498,0.5058
train,1994-05-19,8.66,8.7028,0.0428
train,1994-05-20,8.61,8.6181,0.0081
train,1994-05-21,8.46,8.4851,0.0251
train,1994-05-22,8.93,9.2507,0.3207
train,1994-05-23,8.322,8.5786,0.2566
train,1994-05-24,8.28,8.3031,0.0231
train,1994-05-25,9.218,9.5501,0.3321
train,1994-05-26,8.44,8.4554,0.0154
train,1994-05-27,8.268,8.297,0.029
train,1994-05-28,9.178,9.3522,0.1742
train,1994-05-29,8.51,8.5112,0.0012
train,1994-05-30,8.724,8.6907,-0.0333
train,1994-05-31,8.38,8.399,0.019
train,1994-06-01,8.92,8.8406,-0.0794
train,1994-06-02,8.66,8.8162,0.1562
train,1994-06-03,9.3,9.1075,-0.1925
train,1994-06-04,8.56,8.5661,0.0061
train,1994-06-05,8.87,8.8285,-0.0415
train,1994-06-06,10.624,10.5509,-0.0731
train,1994-06-07,8.22,8.2503,0.0303
train,1994-06-08,8.63,8.651,0.021
train,1994-06-09,11.2,10.057,-1.143
train,1994-06-10,8.22,8.2458,0.0258
train,1994-06-11,8.36,8.3883,0.0283
train,1994-06-12,8.75,8.6797,-0.0703
train,1994-06-13,8.58,8.5786,-0.0014
train,1994-06-14,8.37,8.3595,-0.0105
train,1994-06-15,7.23,7.2305,0.0005
train,1994-06-16,8.596,8.8394,0.2434
train,1994-06-17,10.44,9.8068,-0.6332
train,1994-06-18,8.002,8.0942,0.0922
train,1994-06-19,8.53,8.5538,0.0238
train,1994-06-20,8.26,8.3076,0.0476
train,1994-06-21,8.45,8.4852,0.0352
train,1994-06-22,9.224,8.4895,-0.7345
train,1994-06-23,7.85,7.8422,-0.0078
train,1994-06-24,8.46,8.451,-0.009
train,1994-06-25,7.78,7.9342,0.1542
train,1994-06-26,8.658,8.584,-0.074
train,1994-06-27,11.43,10.204,-1.226
train,1994-06-28,7.566,7.5063,-0.0597
train,1994-06-29,8.832,8.8091,-0.0229
train,1994-06-30,8.486,8.4844,-0.0016
train,1994-07-01,8.61,8.5427,-0.0673
train,1994-07-02,9.48,9.4776,-0.0024
train,1994-07-03,8.48,8.5656,0.0856
train,1994-07-04,8.69,8.7165,0.0265
train,1994-07-05,8.89,8.998,0.108
train,1994-07-06,8.356,8.3296,-0.0264
train,1994-07-07,8.31,8.3216,0.0116
train,1994-07-08,8.23,8.2885,0.0585
train,1994-07-09,8.23,8.2928,0.0628
train,1994-07-10,9.14,9.0108,-0.1292
train,1994-07-11,8.436,8.6704,0.2344
train,1994-07-12,8.58,8.5458,-0.0342
train,1994-07-13,8.31,8.3584,0.0484
train,1994-07-14,8.21,8.2379,0.0279
train,1994-07-15,8.624,8.6151,-0.0089
train,1994-07-16,8.38,8.3928,0.0128
train,1994-07-17,9.2,9.5645,0.3645
train,1994-07-18,8.27,8.3079,0.0379
train,1994-07-19,8.78,8.6825,-0.0975
train,1994-07-20,8.47,8.3682,-0.1018
train,1994-07-21,8.784,8.5105,-0.2735
train,1994-07-22,9.67,9.8686,0.1986
train,1994-07-23,9.18,9.3389,0.1589
train,1994-07-24,8.146,8.2116,0.0656
train,1994-07-25,9.75,9.8502,0.1002
train,1994-07-26,8.88,8.946,0.066
train,1994-07-27,11.15,9.7125,-1.4375
train,1994-07-28,12.174,9.3553,-2.8187
train,1994-07-29,8.88,8.9778,0.0978
train,1994-07-30,11.022,10.4954,-0.5266
train,1994-07-31,9.236,8.3364,-0.8996
train,1994-08-01,8.504,7.9444,-0.5596
train,1994-08-02,9.35,9.5139,0.1639
train,1994-08-03,9.09,8.9987,-0.0913
train,1994-08-04,10.48,9.5755,-0.9045
train,1994-08-05,8.826,8.7901,-0.0359
train,1994-08-06,8.58,8.6707,0.0907
train,1994-08-07,8.41,8.4579,0.0479
train,1994-08-08,8.24,8.2362,-0.0038
train,1994-08-09,7.648,7.9207,0.2727
train,1994-08-10,10.64,9.9853,-0.6547
train,1994-08-11,9.89,9.7898,-0.1002
train,1994-08-12,7.14,7.1398,-0.0002
train,1994-08-13,8.98,9.0786,0.0986
train,1994-08-14,8.53,8.5616,0.0316
train,1994-08-15,8.7,8.803,0.103
train,1994-08-16,8.072,8.2459,0.1739
train,1994-08-17,8.39,8.4364,0.0464
train,1994-08-18,9.48,9.4567,-0.0233
train,1994-08-19,8.41,8.4361,0.0261
train,1994-08-20,7.48,7.522,0.042
train,1994-08-21,8.64,8.6442,0.0042
train,1994-08-22,8.48,8.4872,0.0072
train,1994-08-23,8.668,8.8033,0.1353
train,1994-08-24,8.35,8.4527,0.1027
train,1994-08-25,8.53,8.5919,0.0619
train,1994-08-26,8.83,8.6953,-0.1347
train,1994-08-27,8.556,8.5916,0.0356
train,1994-08-28,8.18,8.1742,-0.0058
train,1994-08-29,8.77,8.7183,-0.0517
train,1994-08-30,8.63,8.6439,0.0139
train,1994-08-31,8.62,8.6473,0.0273
train,1994-09-01,7.672,7.9553,0.2833
train,1994-09-02,8.59,8.5782,-0.0118
train,1994-09-03,8.61,8.6404,0.0304
train,1994-09-04,8.29,8.3353,0.0453
train,1994-09-05,8.54,8.4109,-0.1291
train,1994-09-06,8.59,8.6039,0.0139
train,1994-09-07,8.6,8.6084,0.0084
train,1994-09-08,8.26,8.3276,0.0676
train,1994-09-09,10.27,9.9369,-0.3331
train,1994-09-10,8.294,8.3474,0.0534
train,1994-09-11,8.4,8.4329,0.0329
train,1994-09-12,8.38,8.3764,-0.0036
train,1994-09-13,8.77,8.5088,-0.2612
train,1994-09-14,7.616,7.6694,0.0534
train,1994-09-15,8.68,8.5858,-0.0942
train,1994-09-16,8.52,8.5854,0.0654
train,1994-09-17,8.438,8.634,0.196
train,1994-09-18,11.73,9.7329,-1.9971
train,1994-09-19,9.516,9.9389,0.4229
train,1994-09-20,8.26,8.277,0.017
train,1994-09-21,8.54,8.5666,0.0266
train,1994-09-22,8.56,8.5731,0.0131
train,1994-09-23,10.6,10.5446,-0.0554
train,1994-09-24,7.49,7.5061,0.0161
train,1994-09-25,8.4,8.3976,-0.0024
train,1994-09-26,9.05,9.0107,-0.0393
train,1994-09-27,8.758,8.8223,0.0643
train,1994-09-28,8.74,8.869,0.129
train,1994-09-29,8.57,8.5804,0.0104
train,1994-09-30,8.1,8.1395,0.0395
train,1994-10-01,9.548,9.8425,0.2945
train,1994-10-02,8.46,8.8896,0.4296
train,1994-10-03,8.41,8.4408,0.0308
train,1994-10-04,8.75,8.9009,0.1509
train,1994-10-05,8.66,8.7565,0.0965
train,1994-10-06,7.84,7.8162,-0.0238
train,1994-10-07,8.76,8.6543,-0.1057
train,1994-10-08,8.17,8.2152,0.0452
train,1994-10-09,8.56,8.618,0.058
train,1994-10-10,8.182,8.3208,0.1388
train,1994-10-11,8.8,9.3637,0.5637
train,1994-10-12,8.58,8.5432,-0.0368
train,1994-10-13,8.79,8.7594,-0.0306
train,1994-10-14,8.056,8.0429,-0.0131
train,1994-10-15,10.88,9.1119,-1.7681
train,1994-10-16,9.18,9.3259,0.1459
train,1994-10-17,8.52,8.5573,0.0373
train,1994-10-18,9.008,8.9826,-0.0254
train,1994-10-19,9.13,9.2913,0.1613
train,1994-10-20,9.47,10.2155,0.7455
train,1994-10-21,8.52,8.5613,0.0413
train,1994-10-22,8.92,8.8064,-0.1136
train,1994-10-23,8.55,8.5748,0.0248
train,1994-10-24,8.44,8.4677,0.0277
train,1994-10-25,8.52,8.5289,0.0089
train,1994-10-26,9.802,9.9614,0.1594
train,1994-10-27,8.51,8.5358,0.0258
train,1994-10-28,8.46,8.5254,0.0654
train,1994-10-29,8.08,8.1246,0.0446
train,1994-10-30,8.03,8.0836,0.0536
train,1994-10-31,7.52,7.5052,-0.0148
train,1994-11-01,8.54,8.5754,0.0354
train,1994-11-02,8.42,8.4413,0.0213
train,1994-11-03,8.27,8.2761,0.0061
train,1994-11-04,8.53,8.6357,0.1057
train,1994-11-05,9.06,9.0952,0.0352
train,1994-11-06,8.63,8.6264,-0.0036
train,1994-11-07,8.36,8.3971,0.0371
train,1994-11-08,8.582,8.4614,-0.1206
train,1994-11-09,8.45,8.4622,0.0122
train,1994-11-10,10.1,9.8186,-0.2814
train,1994-11-11,6.83,6.8189,-0.0111
train,1994-11-12,8.226,8.2377,0.0117
train,1994-11-13,8.46,8.4598,-0.0002
train,1994-11-14,8.25,8.2926,0.0426
train,1994-11-15,10.08,9.5572,-0.5228
train,1994-11-16,8.86,9.0453,0.1853
train,1994-11-17,8.67,8.6878,0.0178
train,1994-11-18,8.32,8.3479,0.0279
train,1994-11-19,8.44,8.3768,-0.0632
train,1994-11-20,8.36,8.4059,0.0459
train,1994-11-21,8.28,8.2809,0.0009
train,1994-11-22,9.24,9.4727,0.2327
train,1994-11-23,8.45,8.4421,-0.0079
train,1994-11-24,9.27,9.9561,0.6861
train,1994-11-25,8.53,8.5626,0.0326
train,1994-11-26,8.37,8.3962,0.0262
train,1994-11-27,7.97,8.0826,0.1126
train,1994-11-28,11.7,11.2912,-0.4088
train,1994-11-29,9.58,10.2949,0.7149
train,1994-11-30,9.99,9.7435,-0.2465
train,1994-12-01,8.51,8.5624,0.0524
train,1994-12-02,8.32,8.3828,0.0628
train,1994-12-03,8.89,9.005,0.115
train,1994-12-04,8.99,9.2259,0.2359
train,1994-12-05,9.22,9.362,0.142
train,1994-12-06,8.14,8.1957,0.0557
train,1994-12-07,9.22,8.9152,-0.3048
train,1994-12-08,8.37,8.3753,0.0053
train,1994-12-09,8.406,8.2216,-0.1844
train,1994-12-10,10.94,9.328,-1.612
train,1994-12-11,8.63,8.6469,0.0169
train,1994-12-12,8.88,9.0967,0.2167
train,1994-12-13,9.13,9.3985,0.2685
train,1994-12-14,8.36,8.4036,0.0436
train,1994-12-15,8.42,8.4255,0.0055
train,1994-12-16,8.4,8.4604,0.0604
train,1994-12-17,7.784,7.8035,0.0195
train,1994-12-18,8.43,8.4371,0.0071
train,1994-12-19,8.81,8.7737,-0.0363
train,1994-12-20,9.258,9.2854,0.0274
train,1994-12-21,8.43,8.4585,0.0285
train,1994-12-22,9.42,8.6319,-0.7881
train,1994-12-23,7.956,7.9734,0.0174
train,1994-12-24,9.03,8.7838,-0.2462
train,1994-12-25,8.44,8.4548,0.0148
train,1994-12-26,8.514,9.0155,0.5015
train,1994-12-27,8.48,8.5105,0.0305
train,1994-12-28,10.0,10.0275,0.0275
train,1994-12-29,8.65,8.7497,0.0997
train,1994-12-30,8.55,8.4917,-0.0583
train,1994-12-31,10.22,10.7256,0.5056
train,1995-01-01,8.72,8.6632,-0.0568
train,1995-01-02,9.188,9.2984,0.1104
train,1995-01-03,9.36,9.5504,0.1904
train,1995-01-04,8.36,8.4249,0.0649
train,1995-01-05,8.34,8.4475,0.1075
train,1995-01-06,9.0,9.2147,0.2147
train,1995-01-07,8.162,8.2315,0.0695
train,1995-01-08,8.88,8.9383,0.0583
train,1995-01-09,8.696,8.7942,0.0982
train,1995-01-10,8.612,8.6586,0.0466
train,1995-01-11,8.052,8.0948,0.0428
train,1995-01-12,8.194,8.2254,0.0314
train,1995-01-13,8.8,8.8661,0.0661
train,1995-01-14,9.89,9.4544,-0.4356
train,1995-01-15,9.31,9.5188,0.2088
train,1995-01-16,10.07,9.6253,-0.4447
train,1995-01-17,8.028,8.0887,0.0607
train,1995-01-18,8.09,8.1202,0.0302
train,1995-01-19,8.38,8.3976,0.0176
train,1995-01-20,8.65,8.719,0.069
train,1995-01-21,8.452,8.633,0.181
train,1995-01-22,8.09,8.1505,0.0605
train,1995-01-23,8.43,8.3613,-0.0687
train,1995-01-24,8.59,8.5661,-0.0239
train,1995-01-25,9.976,9.1673,-0.8087
train,1995-01-26,8.136,8.1056,-0.0304
train,1995-01-27,8.71,8.8164,0.1064
train,1995-01-28,8.374,8.4237,0.0497
train,1995-01-29,8.544,8.495,-0.049
train,1995-01-30,8.56,8.6035,0.0435
train,1995-01-31,8.618,8.5835,-0.0345
train,1995-02-01,8.2,8.251,0.051
train,1995-02-02,8.51,8.5242,0.0142
train,1995-02-03,9.78,9.2697,-0.5103
train,1995-02-04,8.63,8.8527,0.2227
train,1995-02-05,8.44,8.5219,0.0819
train,1995-02-06,8.7,8.9233,0.2233
train,1995-02-07,8.232,8.6816,0.4496
train,1995-02-08,8.59,8.587,-0.003
train,1995-02-09,8.204,8.303,0.099
train,1995-02-10,9.8,8.9284,-0.8716
train,1995-02-11,8.082,8.014,-0.068
train,1995-02-12,8.94,8.8776,-0.0624
train,1995-02-13,7.698,7.6842,-0.0138
train,1995-02-14,11.03,10.1691,-0.8609
train,1995-02-15,8.54,8.5477,0.0077
train,1995-02-16,8.76,8.7473,-0.0127
train,1995-02-17,10.74,10.2103,-0.5297
train,1995-02-18,9.16,8.81,-0.35
train,1995-02-19,8.34,8.3227,-0.0173
train,1995-02-20,8.446,8.4293,-0.0167
train,1995-02-21,10.248,9.7846,-0.4634
train,1995-02-22,8.51,8.5287,0.0187
train,1995-02-23,9.21,9.6609,0.4509
train,1995-02-24,8.028,8.0829,0.0549
train,1995-02-25,8.49,8.6148,0.1248
train,1995-02-26,10.25,9.8941,-0.3559
train,1995-02-27,8.124,8.1473,0.0233
train,1995-02-28,8.19,8.2341,0.0441
train,1995-03-01,9.064,9.3061,0.2421
train,1995-03-02,8.372,8.659,0.287
train,1995-03-03,11.01,10.1436,-0.8664
train,1995-03-04,8.536,8.5561,0.0201
train,1995-03-05,8.846,8.9005,0.0545
train,1995-03-06,7.47,7.5119,0.0419
train,1995-03-07,8.476,8.5006,0.0246
train,1995-03-08,8.146,8.2125,0.0665
train,1995-03-09,8.89,9.1699,0.2799
train,1995-03-10,9.03,8.7524,-0.2776
train,1995-03-11,8.36,8.4579,0.0979
train,1995-03-12,9.068,9.3367,0.2687
train,1995-03-13,8.088,8.1323,0.0443
train,1995-03-14,8.93,9.1398,0.2098
train,1995-03-15,9.41,9.0913,-0.3187
train,1995-03-16,9.92,9.5182,-0.4018
train,1995-03-17,8.604,8.5756,-0.0284
train,1995-03-18,7.15,7.1832,0.0332
train,1995-03-19,8.682,8.9507,0.2687
train,1995-03-20,8.34,8.3457,0.0057
train,1995-03-21,8.41,8.4531,0.0431
train,1995-03-22,8.7,8.72,0.02
train,1995-03-23,8.64,8.6445,0.0045
train,1995-03-24,9.428,9.5,0.072
train,1995-03-25,8.436,8.4949,0.0589
train,1995-03-26,8.62,8.5354,-0.0846
train,1995-03-27,9.09,9.7087,0.6187
train,1995-03-28,8.46,8.5217,0.0617
train,1995-03-29,9.29,9.2032,-0.0868
train,1995-03-30,11.23,11.1043,-0.1257
train,1995-03-31,8.43,8.432,0.002
train,1995-04-01,8.59,8.5877,-0.0023
train,1995-04-02,8.39,8.4229,0.0329
train,1995-04-03,8.37,8.4095,0.0395
train,1995-04-04,8.442,8.5208,0.0788
train,1995-04-05,8.05,8.1293,0.0793
train,1995-04-06,8.658,8.8283,0.1703
train,1995-04-07,7.958,7.9995,0.0415
train,1995-04-08,8.366,8.3032,-0.0628
train,1995-04-09,7.612,7.6797,0.0677
train,1995-04-10,9.214,9.1202,-0.0938
train,1995-04-11,10.05,10.4165,0.3665
train,1995-04-12,8.64,8.7429,0.1029
train,1995-04-13,8.63,8.6641,0.0341
train,1995-04-14,8.104,8.1319,0.0279
train,1995-04-15,8.216,8.2437,0.0277
train,1995-04-16,8.52,8.5362,0.0162
train,1995-04-17,8.42,8.4436,0.0236
train,1995-04-18,8.42,8.4293,0.0093
train,1995-04-19,8.35,8.3819,0.0319
train,1995-04-20,8.368,8.6281,0.2601
train,1995-04-21,8.87,8.9842,0.1142
train,1995-04-22,8.32,8.3338,0.0138
train,1995-04-23,11.12,9.885,-1.235
train,1995-04-24,8.69,8.7937,0.1037
train,1995-04-25,8.43,8.4217,-0.0083
train,1995-04-26,9.13,9.1834,0.0534
train,1995-04-27,9.14,9.2113,0.0713
train,1995-04-28,9.2,9.2073,0.0073
train,1995-04-29,8.23,8.3067,0.0767
train,1995-04-30,8.4,8.3935,-0.0065
train,1995-05-01,8.75,8.712,-0.038
train,1995-05-02,8.45,8.5019,0.0519
train,1995-05-03,8.49,8.4843,-0.0057
train,1995-05-04,9.056,9.6763,0.6203
train,1995-05-05,8.234,8.0627,-0.1713
train,1995-05-06,9.72,9.0131,-0.7069
train,1995-05-07,8.34,8.4265,0.0865
train,1995-05-08,11.58,10.9596,-0.6204
train,1995-05-09,8.244,8.2617,0.0177
train,1995-05-10,8.31,8.4101,0.1001
train,1995-05-11,9.54,9.4985,-0.0415
train,1995-05-12,8.83,8.8137,-0.0163
train,1995-05-13,9.73,9.4511,-0.2789
train,1995-05-14,8.58,8.5966,0.0166
train,1995-05-15,7.598,7.5677,-0.0303
train,1995-05-16,8.706,8.7859,0.0799
train,1995-05-17,7.966,8.081,0.115
train,1995-05-18,8.636,8.6935,0.0575
train,1995-05-19,8.274,8.7051,0.4311
train,1995-05-20,7.906,7.8782,-0.0278
train,1995-05-21,10.0,9.4694,-0.5306
train,1995-05-22,8.45,8.5003,0.0503
train,1995-05-23,8.124,8.122,-0.002
train,1995-05-24,7.804,8.108,0.304
train,1995-05-25,7.95,7.945,-0.005
train,1995-05-26,10.77,10.4654,-0.3046
train,1995-05-27,8.37,8.4187,0.0487
train,1995-05-28,8.494,8.498,0.004
train,1995-05-29,8.794,9.1851,0.3911
train,1995-05-30,8.61,8.6408,0.0308
train,1995-05-31,8.51,8.4831,-0.0269
train,1995-06-01,8.62,8.6117,-0.0083
train,1995-06-02,8.96,8.9959,0.0359
train,1995-06-03,9.1,9.5957,0.4957
train,1995-06-04,11.592,11.4874,-0.1046
train,1995-06-05,8.22,8.1735,-0.0465
train,1995-06-06,10.17,9.732,-0.438
train,1995-06-07,8.316,8.3524,0.0364
train,1995-06-08,9.29,9.314,0.024
train,1995-06-09,8.788,8.5949,-0.1931
train,1995-06-10,8.62,8.6009,-0.0191
train,1995-06-11,8.48,8.4936,0.0136
train,1995-06-12,8.58,8.623,0.043
train,1995-06-13,8.52,8.4941,-0.0259
train,1995-06-14,7.984,8.003,0.019
train,1995-06-15,8.244,8.2724,0.0284
train,1995-06-16,8.45,8.4402,-0.0098
train,1995-06-17,8.32,8.442,0.122
train,1995-06-18,8.64,8.6274,-0.0126
train,1995-06-19,7.884,7.8444,-0.0396
train,1995-06-20,9.88,8.8161,-1.0639
train,1995-06-21,8.76,8.6959,-0.0641
train,1995-06-22,11.4,11.278,-0.122
train,1995-06-23,8.36,8.4372,0.0772
train,1995-06-24,8.126,8.1966,0.0706
train,1995-06-25,8.264,8.3239,0.0599
train,1995-06-26,10.2,10.7744,0.5744
train,1995-06-27,8.43,8.4442,0.0142
train,1995-06-28,7.436,7.419,-0.017
train,1995-06-29,8.05,8.1154,0.0654
train,1995-06-30,8.692,8.7192,0.0272
train,1995-07-01,9.07,9.1961,0.1261
train,1995-07-02,8.56,8.582,0.022
train,1995-07-03,8.5,8.5718,0.0718
train,1995-07-04,8.516,8.6072,0.0912
train,1995-07-05,7.468,7.7282,0.2602
train,1995-07-06,10.834,8.9692,-1.8648
train,1995-07-07,10.31,10.6719,0.3619
train,1995-07-08,8.88,8.9399,0.0599
train,1995-07-09,8.5,8.4932,-0.0068
train,1995-07-10,9.004,8.7454,-0.2586
train,1995-07-11,8.26,8.2899,0.0299
train,1995-07-12,8.64,8.6297,-0.0103
train,1995-07-13,9.21,9.2622,0.0522
train,1995-07-14,11.22,10.5007,-0.7193
train,1995-07-15,8.8,8.7923,-0.0077
train,1995-07-16,8.68,8.7506,0.0706
train,1995-07-17,8.81,9.2512,0.4412
train,1995-07-18,9.27,9.0647,-0.2053
train,1995-07-19,8.52,8.536,0.016
train,1995-07-20,8.74,8.717,-0.023
train,1995-07-21,8.53,8.5456,0.0156
train,1995-07-22,8.75,8.6682,-0.0818
train,1995-07-23,8.03,8.0927,0.0627
train,1995-07-24,10.66,10.1969,-0.4631
train,1995-07-25,8.464,8.5865,0.1225
train,1995-07-26,9.63,9.6724,0.0424
train,1995-07-27,9.18,9.3526,0.1726
train,1995-07-28,9.176,9.3927,0.2167
train,1995-07-29,8.6,8.5851,-0.0149
train,1995-07-30,9.68,9.8075,0.1275
train,1995-07-31,8.59,8.6106,0.0206
train,1995-08-01,8.64,9.263,0.623
train,1995-08-02,8.46,8.4842,0.0242
train,1995-08-03,9.0,8.8936,-0.1064
train,1995-08-04,8.61,8.5686,-0.0414
train,1995-08-05,8.37,8.3923,0.0223
train,1995-08-06,8.77,8.7621,-0.0079
train,1995-08-07,8.58,8.5637,-0.0163
train,1995-08-08,8.51,8.5214,0.0114
train,1995-08-09,8.13,8.1327,0.0027
train,1995-08-10,8.218,8.2834,0.0654
train,1995-08-11,8.42,8.5302,0.1102
train,1995-08-12,8.42,8.4492,0.0292
train,1995-08-13,7.604,7.8237,0.2197
train,1995-08-14,8.95,8.9575,0.0075
train,1995-08-15,8.948,8.925,-0.023
train,1995-08-16,8.502,8.494,-0.008
train,1995-08-17,8.47,8.4725,0.0025
train,1995-08-18,8.62,8.7666,0.1466
train,1995-08-19,9.214,8.7924,-0.4216
train,1995-08-20,8.73,8.7179,-0.0121
train,1995-08-21,8.97,8.9749,0.0049
train,1995-08-22,8.34,8.3827,0.0427
train,1995-08-23,9.05,9.5401,0.4901
train,1995-08-24,8.48,8.4781,-0.0019
train,1995-08-25,8.18,8.509,0.329
train,1995-08-26,8.6,8.5822,-0.0178
train,1995-08-27,9.17,9.5663,0.3963
train,1995-08-28,12.06,9.3764,-2.6836
train,1995-08-29,8.42,8.4473,0.0273
train,1995-08-30,9.0,8.7741,-0.2259
train,1995-08-31,8.71,8.6772,-0.0328
train,1995-09-01,9.1,9.0076,-0.0924
train,1995-09-02,8.682,8.7043,0.0223
train,1995-09-03,9.17,8.9812,-0.1888
train,1995-09-04,8.81,8.7892,-0.0208
train,1995-09-05,8.37,8.3821,0.0121
train,1995-09-06,8.19,8.2342,0.0442
train,1995-09-07,9.384,9.3367,-0.0473
train,1995-09-08,8.63,8.7327,0.1027
train,1995-09-09,8.214,8.2213,0.0073
train,1995-09-10,9.2,9.2532,0.0532
train,1995-09-11,9.228,9.7956,0.5676
train,1995-09-12,8.04,8.0833,0.0433
train,1995-09-13,11.65,9.6521,-1.9979
train,1995-09-14,8.712,8.7151,0.0031
train,1995-09-15,8.78,8.8521,0.0721
train,1995-09-16,9.488,9.7453,0.2573
train,1995-09-17,8.86,8.9632,0.1032
train,1995-09-18,11.174,9.1421,-2.0319
train,1995-09-19,8.75,8.7338,-0.0162
train,1995-09-20,9.45,9.1787,-0.2713
train,1995-09-21,8.45,8.4586,0.0086
train,1995-09-22,10.284,9.8508,-0.4332
train,1995-09-23,9.968,9.7491,-0.2189
train,1995-09-24,11.504,10.3537,-1.1503
train,1995-09-25,8.29,8.3151,0.0251
train,1995-09-26,8.192,8.4607,0.2687
train,1995-09-27,8.86,8.7918,-0.0682
train,1995-09-28,8.886,8.6353,-0.2507
train,1995-09-29,8.55,8.5579,0.0079
train,1995-09-30,8.48,8.446,-0.034
train,1995-10-01,8.62,8.6041,-0.0159
train,1995-10-02,9.87,10.1978,0.3278
train,1995-10-03,9.35,9.4435,0.0935
train,1995-10-04,12.08,10.4658,-1.6142
train,1995-10-05,9.102,9.2046,0.1026
train,1995-10-06,9.1,9.1759,0.0759
train,1995-10-07,8.08,8.1031,0.0231
train,1995-10-08,8.32,8.3725,0.0525
train,1995-10-09,9.07,9.371,0.301
train,1995-10-10,8.34,8.3453,0.0053
train,1995-10-11,8.65,8.6369,-0.0131
train,1995-10-12,8.704,8.8291,0.1251
train,1995-10-13,9.36,9.0426,-0.3174
train,1995-10-14,8.51,8.6215,0.1115
train,1995-10-15,8.536,8.5919,0.0559
train,1995-10-16,8.078,8.0886,0.0106
train,1995-10-17,8.83,8.9131,0.0831
train,1995-10-18,8.45,8.4404,-0.0096
train,1995-10-19,9.61,9.7013,0.0913
train,1995-10-20,10.0,9.2914,-0.7086
train,1995-10-21,8.394,8.4402,0.0462
train,1995-10-22,8.666,8.3541,-0.3119
train,1995-10-23,8.28,8.2994,0.0194
train,1995-10-24,8.292,8.3154,0.0234
train,1995-10-25,8.33,8.3909,0.0609
train,1995-10-26,9.78,8.9391,-0.8409
train,1995-10-27,8.42,8.5175,0.0975
train,1995-10-28,8.622,8.4741,-0.1479
train,1995-10-29,9.69,9.6157,-0.0743
train,1995-10-30,8.41,8.4523,0.0423
train,1995-10-31,8.67,8.8428,0.1728
train,1995-11-01,9.15,9.1951,0.0451
train,1995-11-02,10.51,9.2883,-1.2217
train,1995-11-03,9.382,9.7601,0.3781
train,1995-11-04,8.62,8.6882,0.0682
train,1995-11-05,10.23,10.2353,0.0053
train,1995-11-06,8.886,9.7078,0.8218
train,1995-11-07,9.324,9.3296,0.0056
train,1995-11-08,8.58,8.559,-0.021
train,1995-11-09,9.51,9.7321,0.2221
train,1995-11-10,10.0,10.6368,0.6368
train,1995-11-11,8.49,8.5065,0.0165
train,1995-11-12,9.08,9.2325,0.1525
train,1995-11-13,8.486,8.4922,0.0062
train,1995-11-14,9.09,9.0503,-0.0397
train,1995-11-15,8.922,8.6935,-0.2285
train,1995-11-16,9.05,9.0329,-0.0171
train,1995-11-17,9.036,8.9151,-0.1209
train,1995-11-18,8.61,8.536,-0.074
train,1995-11-19,9.06,9.2455,0.1855
train,1995-11-20,8.0,8.0334,0.0334
train,1995-11-21,7.962,8.0333,0.0713
train,1995-11-22,8.84,8.8191,-0.0209
train,1995-11-23,10.76,11.141,0.381
train,1995-11-24,9.59,9.5316,-0.0584
train,1995-11-25,8.61,8.6387,0.0287
train,1995-11-26,8.698,9.0999,0.4019
train,1995-11-27,8.35,8.3698,0.0198
train,1995-11-28,10.318,10.1273,-0.1907
train,1995-11-29,8.5,8.5175,0.0175
train,1995-11-30,8.57,8.6396,0.0696
train,1995-12-01,8.692,8.8464,0.1544
train,1995-12-02,8.66,8.6528,-0.0072
train,1995-12-03,8.14,8.2002,0.0602
train,1995-12-04,9.288,8.7973,-0.4907
train,1995-12-05,8.81,8.7459,-0.0641
train,1995-12-06,7.83,7.8138,-0.0162
train,1995-12-07,8.644,8.6511,0.0071
train,1995-12-08,7.908,8.102,0.194
train,1995-12-09,8.29,8.3355,0.0455
train,1995-12-10,11.12,10.1333,-0.9867
train,1995-12-11,9.24,9.1941,-0.0459
train,1995-12-12,8.39,8.4551,0.0651
train,1995-12-13,10.27,10.727,0.457
train,1995-12-14,8.58,8.6514,0.0714
train,1995-12-15,8.37,8.3724,0.0024
train,1995-12-16,8.46,8.4357,-0.0243
train,1995-12-17,9.37,8.8518,-0.5182
train,1995-12-18,8.44,8.4786,0.0386
train,1995-12-19,9.2,9.1312,-0.0688
train,1995-12-20,8.05,8.0844,0.0344
train,1995-12-21,7.96,7.9925,0.0325
train,1995-12-22,8.61,8.5944,-0.0156
train,1995-12-23,8.44,8.5149,0.0749
train,1995-12-24,9.17,9.2361,0.0661
train,1995-12-25,8.77,9.1358,0.3658
train,1995-12-26,8.104,8.1376,0.0336
train,1995-12-27,9.02,8.8529,-0.1671
train,1995-12-28,8.81,8.8825,0.0725
train,1995-12-29,8.53,8.5632,0.0332
train,1995-12-30,8.92,8.8896,-0.0304
train,1995-12-31,9.1,9.1206,0.0206
train,1996-01-01,10.45,10.0018,-0.4482
train,1996-01-02,8.348,8.69,0.342
train,1996-01-03,8.89,8.9456,0.0556
train,1996-01-04,8.96,9.055,0.095
train,1996-01-05,11.822,10.1007,-1.7213
train,1996-01-06,9.83,9.4523,-0.3777
train,1996-01-07,8.684,8.3608,-0.3232
train,1996-01-08,8.54,8.5364,-0.0036
train,1996-01-09,9.68,9.5736,-0.1064
train,1996-01-10,9.05,9.3587,0.3087
train,1996-01-11,8.364,8.52,0.156
train,1996-01-12,8.97,9.4224,0.4524
train,1996-01-13,11.16,10.1794,-0.9806
train,1996-01-14,8.67,8.673,0.003
train,1996-01-15,8.478,8.4992,0.0212
train,1996-01-16,8.32,8.3804,0.0604
train,1996-01-17,8.574,8.5859,0.0119
train,1996-01-18,8.56,8.5911,0.0311
train,1996-01-19,8.55,8.6589,0.1089
train,1996-01-20,8.428,8.9145,0.4865
train,1996-01-21,10.038,9.5205,-0.5175
train,1996-01-22,8.97,9.5442,0.5742
train,1996-01-23,9.1,8.9871,-0.1129
train,1996-01-24,8.67,8.8031,0.1331
train,1996-01-25,9.13,9.4872,0.3572
train,1996-01-26,8.57,8.6034,0.0334
train,1996-01-27,9.006,8.9969,-0.0091
train,1996-01-28,8.48,8.4622,-0.0178
train,1996-01-29,8.91,8.8718,-0.0382
train,1996-01-30,9.3,8.5437,-0.7563
train,1996-01-31,8.37,8.3937,0.0237
train,1996-02-01,8.66,8.6595,-0.0005
train,1996-02-02,8.286,8.3281,0.0421
train,1996-02-03,8.43,8.4631,0.0331
train,1996-02-04,8.006,8.0162,0.0102
train,1996-02-05,8.24,8.227,-0.013
train,1996-02-06,8.266,8.2999,0.0339
train,1996-02-07,8.74,8.7475,0.0075
train,1996-02-08,8.3,8.3483,0.0483
train,1996-02-09,8.66,8.6492,-0.0108
train,1996-02-10,9.51,9.1415,-0.3685
train,1996-02-11,9.44,9.2079,-0.2321
train,1996-02-12,8.4,8.4459,0.0459
train,1996-02-13,8.716,8.8198,0.1038
train,1996-02-14,8.91,8.8428,-0.0672
train,1996-02-15,8.54,8.5668,0.0268
train,1996-02-16,6.324,6.6404,0.3164
train,1996-02-17,9.07,9.3662,0.2962
train,1996-02-18,8.39,8.4339,0.0439
train,1996-02-19,8.616,8.6149,-0.0011
train,1996-02-20,8.012,8.1154,0.1034
train,1996-02-21,8.53,8.5382,0.0082
train,1996-02-22,8.96,9.1894,0.2294
train,1996-02-23,8.58,8.8951,0.3151
train,1996-02-24,8.31,8.3656,0.0556
train,1996-02-25,8.654,8.6258,-0.0282
train,1996-02-26,8.44,8.4531,0.0131
train,1996-02-27,8.74,8.9366,0.1966
train,1996-02-28,8.53,8.9578,0.4278
train,1996-02-29,8.39,8.4264,0.0364
train,1996-03-01,8.01,8.0753,0.0653
train,1996-03-02,9.68,9.6163,-0.0637
train,1996-03-03,7.536,7.6166,0.0806
train,1996-03-04,8.704,8.7539,0.0499
train,1996-03-05,8.434,8.4696,0.0356
train,1996-03-06,9.062,9.038,-0.024
train,1996-03-07,8.52,8.8464,0.3264
train,1996-03-08,8.504,8.5554,0.0514
train,1996-03-09,8.34,8.361,0.021
train,1996-03-10,8.92,8.956,0.036
train,1996-03-11,9.668,9.8571,0.1891
train,1996-03-12,8.34,8.376,0.036
train,1996-03-13,8.68,9.0452,0.3652
train,1996-03-14,10.61,10.523,-0.087
train,1996-03-15,8.436,8.5607,0.1247
train,1996-03-16,8.696,8.6935,-0.0025
train,1996-03-17,8.58,8.5634,-0.0166
train,1996-03-18,8.824,8.7853,-0.0387
train,1996-03-19,8.85,9.0319,0.1819
train,1996-03-20,8.426,8.6399,0.2139
train,1996-03-21,8.41,8.403,-0.007
train,1996-03-22,7.64,7.6575,0.0175
train,1996-03-23,8.35,8.3585,0.0085
train,1996-03-24,9.094,8.6988,-0.3952
train,1996-03-25,9.976,9.6785,-0.2975
train,1996-03-26,9.08,9.1781,0.0981
train,1996-03-27,8.73,8.83,0.1
train,1996-03-28,9.93,9.8375,-0.0925
train,1996-03-29,8.118,8.1606,0.0426
train,1996-03-30,8.4,8.4728,0.0728
train,1996-03-31,8.74,8.6975,-0.0425
train,1996-04-01,10.148,10.2031,0.0551
train,1996-04-02,8.47,8.5849,0.1149
train,1996-04-03,8.21,8.2773,0.0673
train,1996-04-04,8.5,8.5017,0.0017
train,1996-04-05,8.4,8.4187,0.0187
train,1996-04-06,9.306,8.9203,-0.3857
train,1996-04-07,8.41,8.4297,0.0197
train,1996-04-08,8.57,8.5742,0.0042
train,1996-04-09,8.78,8.7614,-0.0186
train,1996-04-10,8.41,8.3443,-0.0657
train,1996-04-11,8.36,8.3952,0.0352
train,1996-04-12,12.03,11.344,-0.686
train,1996-04-13,8.69,8.6948,0.0048
train,1996-04-14,8.61,8.5664,-0.0436
train,1996-04-15,7.14,7.1632,0.0232
train,1996-04-16,8.58,8.5759,-0.0041
train,1996-04-17,7.554,7.6993,0.1453
train,1996-04-18,9.13,9.3099,0.1799
train,1996-04-19,8.62,8.5698,-0.0502
train,1996-04-20,8.71,8.7535,0.0435
train,1996-04-21,7.96,8.0281,0.0681
train,1996-04-22,8.308,8.4161,0.1081
train,1996-04-23,8.252,8.5902,0.3382
train,1996-04-24,8.64,8.6259,-0.0141
train,1996-04-25,8.39,8.4328,0.0428
train,1996-04-26,8.032,8.0697,0.0377
train,1996-04-27,8.64,8.6374,-0.0026
train,1996-04-28,8.35,8.3987,0.0487
train,1996-04-29,8.25,8.3038,0.0538
train,1996-04-30,8.234,8.2273,-0.0067
train,1996-05-01,8.186,8.2108,0.0248
train,1996-05-02,8.7,8.6614,-0.0386
train,1996-05-03,8.002,8.055,0.053
train,1996-05-04,8.74,8.9465,0.2065
train,1996-05-05,7.75,8.0061,0.2561
train,1996-05-06,8.91,8.7494,-0.1606
train,1996-05-07,8.84,8.8415,0.0015
train,1996-05-08,8.77,9.0449,0.2749
train,1996-05-09,8.174,8.2374,0.0634
train,1996-05-10,8.38,8.4014,0.0214
train,1996-05-11,7.78,7.7752,-0.0048
train,1996-05-12,7.214,7.2218,0.0078
train,1996-05-13,8.11,8.0328,-0.0772
train,1996-05-14,8.2,8.287,0.087
train,1996-05-15,8.39,8.3913,0.0013
train,1996-05-16,8.616,8.8192,0.2032
train,1996-05-17,9.396,9.0437,-0.3523
train,1996-05-18,8.366,8.4047,0.0387
train,1996-05-19,10.032,10.1177,0.0857
train,1996-05-20,8.68,8.678,-0.002
train,1996-05-21,8.23,8.367,0.137
train,1996-05-22,8.35,8.3293,-0.0207
train,1996-05-23,9.118,9.3288,0.2108
train,1996-05-24,8.618,8.4875,-0.1305
train,1996-05-25,7.15,7.1571,0.0071
train,1996-05-26,6.62,6.5255,-0.0945
train,1996-05-27,8.192,8.1836,-0.0084
train,1996-05-28,8.86,8.8315,-0.0285
train,1996-05-29,8.56,8.5599,-0.0001
train,1996-05-30,8.4,8.4217,0.0217
train,1996-05-31,8.06,8.0894,0.0294
train,1996-06-01,8.57,8.6796,0.1096
train,1996-06-02,8.56,8.5716,0.0116
train,1996-06-03,8.8,8.7472,-0.0528
train,1996-06-04,9.27,9.229,-0.041
train,1996-06-05,8.73,8.8172,0.0872
train,1996-06-06,8.5,8.5301,0.0301
train,1996-06-07,9.38,9.3101,-0.0699
train,1996-06-08,8.59,8.6226,0.0326
train,1996-06-09,9.38,9.3724,-0.0076
train,1996-06-10,8.74,8.7739,0.0339
train,1996-06-11,8.29,8.2914,0.0014
train,1996-06-12,10.44,9.666,-0.774
train,1996-06-13,8.59,8.5794,-0.0106
train,1996-06-14,8.67,8.6754,0.0054
train,1996-06-15,8.74,8.9987,0.2587
train,1996-06-16,9.02,9.002,-0.018
train,1996-06-17,8.35,8.4582,0.1082
train,1996-06-18,8.488,8.4636,-0.0244
train,1996-06-19,7.694,7.9704,0.2764
train,1996-06-20,8.55,8.5445,-0.0055
train,1996-06-21,10.35,9.3166,-1.0334
train,1996-06-22,8.148,8.2153,0.0673
train,1996-06-23,9.14,9.606,0.466
train,1996-06-24,8.7,8.6981,-0.0019
train,1996-06-25,9.244,9.3154,0.0714
train,1996-06-26,9.57,9.6441,0.0741
train,1996-06-27,8.728,8.723,-0.005
train,1996-06-28,8.88,8.9826,0.1026
train,1996-06-29,7.758,7.8708,0.1128
train,1996-06-30,8.93,9.0669,0.1369
train,1996-07-01,9.262,9.5724,0.3104
train,1996-07-02,9.04,9.4116,0.3716
train,1996-07-03,9.064,8.9335,-0.1305
train,1996-07-04,10.116,9.2399,-0.8761
train,1996-07-05,8.53,8.5278,-0.0022
train,1996-07-06,9.68,9.5925,-0.0875
train,1996-07-07,8.85,8.8298,-0.0202
train,1996-07-08,8.37,8.3754,0.0054
train,1996-07-09,8.324,8.3604,0.0364
train,1996-07-10,8.44,8.5455,0.1055
train,1996-07-11,8.41,8.4328,0.0228
train,1996-07-12,8.424,8.4553,0.0313
train,1996-07-13,8.58,8.6777,0.0977
train,1996-07-14,8.004,8.18,0.176
train,1996-07-15,8.58,8.6064,0.0264
train,1996-07-16,8.82,8.8369,0.0169
train,1996-07-17,9.5,9.9894,0.4894
train,1996-07-18,9.8,9.4201,-0.3799
train,1996-07-19,9.004,9.1323,0.1283
train,1996-07-20,8.774,8.9686,0.1946
train,1996-07-21,9.408,9.2794,-0.1286
train,1996-07-22,8.57,8.5839,0.0139
train,1996-07-23,8.75,8.8271,0.0771
train,1996-07-24,8.48,8.4528,-0.0272
train,1996-07-25,8.53,8.4932,-0.0368
train,1996-07-26,8.414,8.4545,0.0405
train,1996-07-27,8.33,8.3694,0.0394
train,1996-07-28,9.47,9.5524,0.0824
train,1996-07-29,9.29,9.1949,-0.0951
train,1996-07-30,8.922,8.9831,0.0611
train,1996-07-31,8.304,8.3835,0.0795
train,1996-08-01,7.938,8.1371,0.1991
train,1996-08-02,8.65,8.8539,0.2039
train,1996-08-03,8.64,8.6185,-0.0215
train,1996-08-04,8.55,8.5982,0.0482
train,1996-08-05,8.896,9.1578,0.2618
train,1996-08-06,9.17,9.2153,0.0453
train,1996-08-07,7.934,8.0917,0.1577
train,1996-08-08,8.41,8.432,0.022
train,1996-08-09,8.77,8.7348,-0.0352
train,1996-08-10,9.29,9.2068,-0.0832
train,1996-08-11,8.708,8.2905,-0.4175
train,1996-08-12,8.36,8.4041,0.0441
train,1996-08-13,9.5,9.4661,-0.0339
train,1996-08-14,10.156,9.7596,-0.3964
train,1996-08-15,9.27,9.0118,-0.2582
train,1996-08-16,8.05,8.0625,0.0125
train,1996-08-17,8.732,8.9624,0.2304
train,1996-08-18,9.83,10.2156,0.3856
train,1996-08-19,8.16,8.196,0.036
train,1996-08-20,8.41,8.4399,0.0299
train,1996-08-21,9.53,9.4988,-0.0312
train,1996-08-22,8.94,9.1204,0.1804
train,1996-08-23,9.772,9.388,-0.384
train,1996-08-24,8.99,9.1225,0.1325
train,1996-08-25,8.45,8.586,0.136
train,1996-08-26,7.69,7.6978,0.0078
train,1996-08-27,8.32,8.3901,0.0701
train,1996-08-28,8.36,8.3896,0.0296
train,1996-08-29,8.56,8.6004,0.0404
train,1996-08-30,9.17,8.446,-0.724
train,1996-08-31,8.84,8.8941,0.0541
train,1996-09-01,8.32,8.3434,0.0234
train,1996-09-02,8.5,8.5159,0.0159
train,1996-09-03,9.05,9.1587,0.1087
train,1996-09-04,8.72,8.8087,0.0887
train,1996-09-05,8.87,9.2831,0.4131
train,1996-09-06,8.55,8.722,0.172
train,1996-09-07,8.084,8.0838,-0.0002
train,1996-09-08,12.136,11.7062,-0.4298
train,1996-09-09,8.51,8.5783,0.0683
train,1996-09-10,9.72,9.9126,0.1926
train,1996-09-11,8.43,8.4941,0.0641
train,1996-09-12,9.05,9.0102,-0.0398
train,1996-09-13,8.834,8.8332,-0.0008
train,1996-09-14,8.38,8.3997,0.0197
train,1996-09-15,7.766,7.8223,0.0563
train,1996-09-16,8.194,8.233,0.039
train,1996-09-17,9.392,8.8696,-0.5224
train,1996-09-18,8.8,8.7494,-0.0506
train,1996-09-19,8.214,8.2927,0.0787
train,1996-09-20,7.598,7.6022,0.0042
train,1996-09-21,10.22,10.3014,0.0814
train,1996-09-22,8.59,8.5882,-0.0018
train,1996-09-23,9.39,9.885,0.495
train,1996-09-24,9.02,8.9971,-0.0229
train,1996-09-25,8.52,8.5599,0.0399
train,1996-09-26,9.424,8.8291,-0.5949
train,1996-09-27,8.33,8.4093,0.0793
train,1996-09-28,8.55,8.5648,0.0148
train,1996-09-29,8.648,8.869,0.221
train,1996-09-30,8.46,8.4213,-0.0387
train,1996-10-01,8.534,8.4726,-0.0614
train,1996-10-02,8.44,8.4606,0.0206
train,1996-10-03,8.95,9.2163,0.2663
train,1996-10-04,9.76,10.0288,0.2688
train,1996-10-05,9.3,9.5629,0.2629
train,1996-10-06,8.11,8.141,0.031
train,1996-10-07,8.44,8.3259,-0.1141
train,1996-10-08,8.5,8.4807,-0.0193
train,1996-10-09,9.352,9.4427,0.0907
train,1996-10-10,8.18,8.1433,-0.0367
train,1996-10-11,10.392,9.6941,-0.6979
train,1996-10-12,8.82,8.8697,0.0497
train,1996-10-13,8.194,8.2303,0.0363
train,1996-10-14,8.858,8.9149,0.0569
train,1996-10-15,8.546,8.484,-0.062
train,1996-10-16,8.792,8.9956,0.2036
train,1996-10-17,8.63,8.6208,-0.0092
train,1996-10-18,8.51,8.4702,-0.0398
train,1996-10-19,8.35,8.3736,0.0236
train,1996-10-20,8.08,8.1122,0.0322
train,1996-10-21,8.68,8.6695,-0.0105
train,1996-10-22,8.56,8.5386,-0.0214
train,1996-10-23,8.99,9.0594,0.0694
train,1996-10-24,9.82,9.8827,0.0627
train,1996-10-25,8.69,8.8211,0.1311
train,1996-10-26,8.25,8.2914,0.0414
train,1996-10-27,9.05,9.7125,0.6625
train,1996-10-28,8.558,8.6188,0.0608
train,1996-10-29,9.43,8.8907,-0.5393
train,1996-10-30,9.29,9.2056,-0.0844
train,1996-10-31,9.32,9.6438,0.3238
train,1996-11-01,8.48,8.5107,0.0307
train,1996-11-02,8.946,9.3499,0.4039
train,1996-11-03,10.1,9.8886,-0.2114
train,1996-11-04,8.48,8.5039,0.0239
train,1996-11-05,9.01,8.9696,-0.0404
train,1996-11-06,8.58,8.8598,0.2798
train,1996-11-07,12.37,11.2429,-1.1271
train,1996-11-08,9.58,9.6764,0.0964
train,1996-11-09,8.51,8.5369,0.0269
train,1996-11-10,9.346,9.7225,0.3765
train,1996-11-11,9.35,9.2961,-0.0539
train,1996-11-12,8.332,8.7174,0.3854
train,1996-11-13,8.34,8.6203,0.2803
train,1996-11-14,8.51,8.5225,0.0125
train,1996-11-15,9.1,9.3349,0.2349
train,1996-11-16,10.59,11.4102,0.8202
train,1996-11-17,8.41,8.4514,0.0414
train,1996-11-18,6.866,6.9348,0.0688
train,1996-11-19,8.488,8.6625,0.1745
train,1996-11-20,9.42,9.2948,-0.1252
train,1996-11-21,8.91,9.9946,1.0846
train,1996-11-22,8.38,8.4013,0.0213
train,1996-11-23,8.68,8.6626,-0.0174
train,1996-11-24,8.22,7.9938,-0.2262
train,1996-11-25,8.456,8.3747,-0.0813
train,1996-11-26,8.58,8.5539,-0.0261
train,1996-11-27,8.368,8.4619,0.0939
train,1996-11-28,8.684,8.7818,0.0978
train,1996-11-29,8.664,8.7463,0.0823
train,1996-11-30,9.22,9.2707,0.0507
train,1996-12-01,8.56,8.5697,0.0097
train,1996-12-02,8.95,8.9967,0.0467
train,1996-12-03,8.73,8.6461,-0.0839
train,1996-12-04,8.586,8.7894,0.2034
train,1996-12-05,8.17,8.2235,0.0535
train,1996-12-06,8.4,8.3722,-0.0278
train,1996-12-07,9.08,9.0088,-0.0712
train,1996-12-08,8.47,8.5437,0.0737
train,1996-12-09,8.84,8.9146,0.0746
train,1996-12-10,10.37,10.0525,-0.3175
train,1996-12-11,8.98,9.6987,0.7187
train,1996-12-12,7.882,8.098,0.216
train,1996-12-13,8.296,8.3104,0.0144
train,1996-12-14,9.33,9.2776,-0.0524
train,1996-12-15,9.476,9.6438,0.1678
train,1996-12-16,9.796,10.3168,0.5208
train,1996-12-17,9.078,9.2255,0.1475
train,1996-12-18,8.62,8.6027,-0.0173
train,1996-12-19,8.51,8.4975,-0.0125
train,1996-12-20,8.33,8.3257,-0.0043
train,1996-12-21,8.438,8.5023,0.0643
train,1996-12-22,7.832,7.9612,0.1292
train,1996-12-23,8.728,8.8179,0.0899
train,1996-12-24,8.32,8.315,-0.005
train,1996-12-25,8.356,8.3147,-0.0413
train,1996-12-26,8.46,8.5581,0.0981
train,1996-12-27,8.26,8.3011,0.0411
train,1996-12-28,8.76,8.696,-0.064
train,1996-12-29,8.53,8.598,0.068
train,1996-12-30,8.196,8.2294,0.0334
train,1996-12-31,9.02,8.8913,-0.1287
train,1997-01-01,8.74,8.6236,-0.1164
train,1997-01-02,8.93,8.986,0.056
train,1997-01-03,10.52,10.3978,-0.1222
train,1997-01-04,8.6,8.6684,0.0684
train,1997-01-05,9.196,9.2054,0.0094
train,1997-01-06,8.64,8.6608,0.0208
train,1997-01-07,8.84,8.8128,-0.0272
train,1997-01-08,8.098,8.1322,0.0342
train,1997-01-09,9.28,9.3161,0.0361
train,1997-01-10,9.12,9.0738,-0.0462
train,1997-01-11,8.394,8.4265,0.0325
train,1997-01-12,7.782,7.8299,0.0479
train,1997-01-13,10.302,9.575,-0.727
train,1997-01-14,7.754,7.8939,0.1399
train,1997-01-15,8.96,9.0671,0.1071
train,1997-01-16,8.288,7.9083,-0.3797
train,1997-01-17,7.83,7.8086,-0.0214
train,1997-01-18,11.004,9.824,-1.18
train,1997-01-19,8.62,8.6563,0.0363
train,1997-01-20,8.954,8.7921,-0.1619
train,1997-01-21,8.66,8.6086,-0.0514
train,1997-01-22,8.25,8.2655,0.0155
train,1997-01-23,8.42,8.488,0.068
train,1997-01-24,8.44,8.4702,0.0302
train,1997-01-25,8.74,8.7396,-0.0004
train,1997-01-26,8.046,8.0618,0.0158
train,1997-01-27,8.32,8.4061,0.0861
train,1997-01-28,8.77,8.9707,0.2007
train,1997-01-29,8.81,8.6369,-0.1731
train,1997-01-30,8.5,8.5718,0.0718
train,1997-01-31,8.34,8.3881,0.0481
train,1997-02-01,7.978,7.9988,0.0208
train,1997-02-02,8.35,8.3871,0.0371
train,1997-02-03,9.066,8.9113,-0.1547
train,1997-02-04,8.326,7.8133,-0.5127
train,1997-02-05,9.274,9.112,-0.162
train,1997-02-06,8.4,8.434,0.034
train,1997-02-07,8.43,8.4709,0.0409
train,1997-02-08,8.844,9.1622,0.3182
train,1997-02-09,10.024,9.7624,-0.2616
train,1997-02-10,8.97,9.0658,0.0958
train,1997-02-11,8.59,8.578,-0.012
train,1997-02-12,8.34,8.3946,0.0546
train,1997-02-13,7.434,7.3814,-0.0526
train,1997-02-14,8.65,8.5479,-0.1021
train,1997-02-15,8.64,8.6398,-0.0002
train,1997-02-16,8.66,8.6402,-0.0198
train,1997-02-17,8.56,8.5749,0.0149
train,1997-02-18,8.43,8.423,-0.007
train,1997-02-19,8.78,8.7519,-0.0281
train,1997-02-20,8.692,8.6899,-0.0021
train,1997-02-21,9.26,9.3321,0.0721
train,1997-02-22,7.87,8.0306,0.1606
train,1997-02-23,9.274,8.454,-0.82
train,1997-02-24,8.498,8.6709,0.1729
train,1997-02-25,8.93,8.9771,0.0471
train,1997-02-26,8.75,9.0442,0.2942
train,1997-02-27,11.36,10.7707,-0.5893
train,1997-02-28,8.802,8.8269,0.0249
train,1997-03-01,11.92,12.0566,0.1366
train,1997-03-02,8.14,8.161,0.021
train,1997-03-03,7.46,7.505,0.045
train,1997-03-04,8.24,8.3136,0.0736
train,1997-03-05,8.44,8.4551,0.0151
train,1997-03-06,8.3,8.3086,0.0086
train,1997-03-07,10.92,11.2178,0.2978
train,1997-03-08,8.89,8.6909,-0.1991
train,1997-03-09,8.32,8.3524,0.0324
train,1997-03-10,8.71,8.8429,0.1329
train,1997-03-11,11.29,11.6767,0.3867
train,1997-03-12,8.152,8.1653,0.0133
train,1997-03-13,8.24,8.3028,0.0628
train,1997-03-14,8.37,8.3901,0.0201
train,1997-03-15,8.72,8.815,0.095
train,1997-03-16,8.82,8.8841,0.0641
train,1997-03-17,9.02,9.013,-0.007
train,1997-03-18,7.13,7.1625,0.0325
train,1997-03-19,7.788,7.77,-0.018
train,1997-03-20,8.704,8.6721,-0.0319
train,1997-03-21,9.05,9.3037,0.2537
train,1997-03-22,8.61,8.5386,-0.0714
train,1997-03-23,8.58,8.5743,-0.0057
train,1997-03-24,8.53,8.5461,0.0161
train,1997-03-25,8.704,9.6747,0.9707
train,1997-03-26,8.78,8.7451,-0.0349
train,1997-03-27,10.19,9.7418,-0.4482
train,1997-03-28,9.08,8.9725,-0.1075
train,1997-03-29,8.49,8.5156,0.0256
train,1997-03-30,8.93,8.7779,-0.1521
train,1997-03-31,8.182,8.3407,0.1587
train,1997-04-01,8.97,8.9277,-0.0423
train,1997-04-02,8.002,8.0326,0.0306
train,1997-04-03,8.28,8.308,0.028
train,1997-04-04,8.44,8.463,0.023
train,1997-04-05,8.57,8.5535,-0.0165
train,1997-04-06,9.706,8.961,-0.745
train,1997-04-07,8.2,8.4655,0.2655
train,1997-04-08,9.244,9.7417,0.4977
train,1997-04-09,8.85,8.8242,-0.0258
train,1997-04-10,9.7,9.7995,0.0995
train,1997-04-11,8.84,8.9799,0.1399
train,1997-04-12,8.524,8.5437,0.0197
train,1997-04-13,8.41,8.4101,0.0001
train,1997-04-14,8.44,8.4253,-0.0147
train,1997-04-15,8.176,8.2205,0.0445
train,1997-04-16,10.77,9.9656,-0.8044
train,1997-04-17,11.77,10.3373,-1.4327
train,1997-04-18,8.632,8.7063,0.0743
train,1997-04-19,8.66,8.4326,-0.2274
train,1997-04-20,8.48,8.4799,-0.0001
train,1997-04-21,9.08,9.2953,0.2153
train,1997-04-22,8.73,8.7169,-0.0131
train,1997-04-23,8.42,8.2867,-0.1333
train,1997-04-24,9.28,9.2931,0.0131
train,1997-04-25,9.444,9.295,-0.149
train,1997-04-26,6.198,6.6274,0.4294
train,1997-04-27,7.69,7.6906,0.0006
train,1997-04-28,8.7,8.6918,-0.0082
train,1997-04-29,8.54,8.5573,0.0173
train,1997-04-30,8.34,8.3863,0.0463
train,1997-05-01,8.34,8.3588,0.0188
train,1997-05-02,10.13,9.5182,-0.6118
train,1997-05-03,7.572,7.632,0.06
train,1997-05-04,7.754,7.8886,0.1346
train,1997-05-05,8.56,8.6084,0.0484
train,1997-05-06,8.61,8.6119,0.0019
train,1997-05-07,8.97,8.946,-0.024
train,1997-05-08,8.87,8.801,-0.069
train,1997-05-09,8.81,8.7283,-0.0817
train,1997-05-10,8.64,8.7539,0.1139
train,1997-05-11,8.106,8.3493,0.2433
train,1997-05-12,8.27,8.3106,0.0406
train,1997-05-13,8.68,8.7685,0.0885
train,1997-05-14,8.672,8.6223,-0.0497
train,1997-05-15,8.356,8.3591,0.0031
train,1997-05-16,11.1,9.8834,-1.2166
train,1997-05-17,9.19,9.1485,-0.0415
train,1997-05-18,9.23,9.2299,-0.0001
train,1997-05-19,8.67,8.6716,0.0016
train,1997-05-20,8.59,8.7467,0.1567
train,1997-05-21,9.61,9.6859,0.0759
train,1997-05-22,11.31,10.6123,-0.6977
train,1997-05-23,8.74,8.8146,0.0746
train,1997-05-24,9.85,9.7982,-0.0518
train,1997-05-25,9.008,9.1374,0.1294
train,1997-05-26,10.392,9.9462,-0.4458
train,1997-05-27,8.61,8.593,-0.017
train,1997-05-28,8.664,8.6909,0.0269
train,1997-05-29,8.674,8.6859,0.0119
train,1997-05-30,8.734,8.9409,0.2069
train,1997-05-31,9.29,9.5656,0.2756
train,1997-06-01,7.93,8.114,0.184
train,1997-06-02,8.766,8.7229,-0.0431
train,1997-06-03,8.75,8.5404,-0.2096
train,1997-06-04,9.08,8.5689,-0.5111
train,1997-06-05,9.76,10.8206,1.0606
train,1997-06-06,8.626,8.4448,-0.1812
train,1997-06-07,8.63,8.6308,0.0008
train,1997-06-08,8.56,8.6425,0.0825
train,1997-06-09,7.856,7.724,-0.132
train,1997-06-10,8.4,8.4183,0.0183
train,1997-06-11,8.18,8.2183,0.0383
train,1997-06-12,8.44,8.4761,0.0361
train,1997-06-13,8.56,8.5812,0.0212
train,1997-06-14,8.432,8.3914,-0.0406
train,1997-06-15,8.36,8.4088,0.0488
train,1997-06-16,8.904,9.0559,0.1519
train,1997-06-17,8.72,8.819,0.099
train,1997-06-18,9.01,9.0478,0.0378
train,1997-06-19,9.48,9.8823,0.4023
train,1997-06-20,11.88,11.0792,-0.8008
train,1997-06-21,8.39,8.4602,0.0702
train,1997-06-22,8.15,8.1613,0.0113
train,1997-06-23,9.33,9.051,-0.279
train,1997-06-24,9.25,9.3688,0.1188
train,1997-06-25,8.29,8.3101,0.0201
train,1997-06-26,8.134,8.2053,0.0713
train,1997-06-27,7.16,7.1406,-0.0194
train,1997-06-28,8.478,8.5514,0.0734
train,1997-06-29,8.54,8.5452,0.0052
train,1997-06-30,9.26,9.4599,0.1999
train,1997-07-01,9.38,8.53,-0.85
train,1997-07-02,8.42,8.4383,0.0183
train,1997-07-03,9.504,9.2189,-0.2851
train,1997-07-04,8.97,8.8435,-0.1265
train,1997-07-05,8.814,9.0965,0.2825
train,1997-07-06,8.3,8.346,0.046
train,1997-07-07,8.2,8.2397,0.0397
train,1997-07-08,8.99,8.9037,-0.0863
train,1997-07-09,8.98,9.041,0.061
train,1997-07-10,10.35,9.6255,-0.7245
train,1997-07-11,8.76,9.0151,0.2551
train,1997-07-12,9.65,9.954,0.304
train,1997-07-13,9.31,9.1701,-0.1399
train,1997-07-14,8.168,8.2139,0.0459
train,1997-07-15,8.68,8.6839,0.0039
train,1997-07-16,9.35,9.3263,-0.0237
train,1997-07-17,9.86,10.1968,0.3368
train,1997-07-18,8.46,8.5078,0.0478
train,1997-07-19,8.486,8.4815,-0.0045
train,1997-07-20,8.45,8.4866,0.0366
train,1997-07-21,8.37,8.4031,0.0331
train,1997-07-22,9.206,10.3438,1.1378
train,1997-07-23,8.36,8.4059,0.0459
train,1997-07-24,8.88,9.0511,0.1711
train,1997-07-25,8.05,8.2791,0.2291
train,1997-07-26,8.11,8.1471,0.0371
train,1997-07-27,9.214,9.3948,0.1808
train,1997-07-28,11.12,9.521,-1.599
train,1997-07-29,8.32,8.3817,0.0617
train,1997-07-30,8.6,8.5934,-0.0066
train,1997-07-31,8.1,8.1314,0.0314
train,1997-08-01,9.11,9.5951,0.4851
train,1997-08-02,8.59,8.5706,-0.0194
train,1997-08-03,9.13,9.2231,0.0931
train,1997-08-04,8.35,8.3666,0.0166
train,1997-08-05,8.51,8.6158,0.1058
train,1997-08-06,9.63,10.0166,0.3866
train,1997-08-07,8.028,8.1229,0.0949
train,1997-08-08,8.84,8.819,-0.021
train,1997-08-09,9.14,9.0539,-0.0861
train,1997-08-10,8.246,8.289,0.043
train,1997-08-11,8.89,8.8316,-0.0584
train,1997-08-12,8.41,8.6096,0.1996
train,1997-08-13,12.184,9.9683,-2.2157
train,1997-08-14,8.81,9.4806,0.6706
train,1997-08-15,8.51,8.5855,0.0755
train,1997-08-16,8.27,8.291,0.021
train,1997-08-17,9.26,8.7854,-0.4746
train,1997-08-18,8.48,8.4995,0.0195
train,1997-08-19,8.18,8.1902,0.0102
train,1997-08-20,10.45,9.5196,-0.9304
train,1997-08-21,8.61,8.5619,-0.0481
train,1997-08-22,8.26,8.3058,0.0458
train,1997-08-23,8.002,8.0307,0.0287
train,1997-08-24,8.8,8.7652,-0.0348
train,1997-08-25,9.05,9.3186,0.2686
train,1997-08-26,7.608,7.5099,-0.0981
train,1997-08-27,6.86,6.7983,-0.0617
train,1997-08-28,8.35,8.3003,-0.0497
train,1997-08-29,8.22,8.1957,-0.0243
train,1997-08-30,8.41,8.4311,0.0211
train,1997-08-31,8.36,8.4134,0.0534
train,1997-09-01,8.69,8.6798,-0.0102
train,1997-09-02,10.43,9.3146,-1.1154
train,1997-09-03,8.39,8.4053,0.0153
train,1997-09-04,9.14,9.2058,0.0658
train,1997-09-05,9.43,9.5335,0.1035
train,1997-09-06,8.29,8.4399,0.1499
train,1997-09-07,9.34,9.3493,0.0093
train,1997-09-08,9.61,9.9831,0.3731
train,1997-09-09,8.35,8.6067,0.2567
train,1997-09-10,8.51,8.4979,-0.0121
train,1997-09-11,8.4,8.4267,0.0267
train,1997-09-12,8.46,8.4477,-0.0123
train,1997-09-13,8.354,8.4029,0.0489
train,1997-09-14,10.312,9.4186,-0.8934
train,1997-09-15,8.28,8.3115,0.0315
train,1997-09-16,8.88,8.9051,0.0251
train,1997-09-17,8.3,8.2954,-0.0046
train,1997-09-18,9.084,8.8007,-0.2833
train,1997-09-19,8.71,8.8161,0.1061
train,1997-09-20,8.67,8.6641,-0.0059
train,1997-09-21,8.23,8.2889,0.0589
train,1997-09-22,8.662,8.9814,0.3194
train,1997-09-23,9.89,10.0464,0.1564
train,1997-09-24,8.38,8.3787,-0.0013
train,1997-09-25,8.34,8.3238,-0.0162
train,1997-09-26,8.782,8.7493,-0.0327
train,1997-09-27,7.53,7.5288,-0.0012
train,1997-09-28,8.636,8.9653,0.3293
train,1997-09-29,9.196,8.9376,-0.2584
train,1997-09-30,8.56,8.5914,0.0314
train,1997-10-01,8.53,8.533,0.003
train,1997-10-02,8.88,9.815,0.935
train,1997-10-03,8.42,8.4305,0.0105
train,1997-10-04,9.14,9.1696,0.0296
train,1997-10-05,8.68,8.6474,-0.0326
train,1997-10-06,8.35,8.4961,0.1461
train,1997-10-07,10.444,9.6387,-0.8053
train,1997-10-08,8.33,8.3365,0.0065
train,1997-10-09,8.7,8.6377,-0.0623
train,1997-10-10,8.37,8.4217,0.0517
train,1997-10-11,7.948,7.6554,-0.2926
train,1997-10-12,9.856,10.342,0.486
train,1997-10-13,9.644,9.6773,0.0333
train,1997-10-14,10.04,9.1221,-0.9179
train,1997-10-15,8.508,8.9446,0.4366
train,1997-10-16,8.81,8.8283,0.0183
train,1997-10-17,9.57,10.0528,0.4828
train,1997-10-18,10.65,9.724,-0.926
train,1997-10-19,9.15,7.7263,-1.4237
train,1997-10-20,8.88,9.026,0.146
train,1997-10-21,8.81,8.7915,-0.0185
train,1997-10-22,8.826,9.0009,0.1749
train,1997-10-23,8.37,8.3808,0.0108
train,1997-10-24,8.484,8.5189,0.0349
train,1997-10-25,8.53,8.5189,-0.0111
train,1997-10-26,9.29,9.06,-0.23
train,1997-10-27,8.52,8.4858,-0.0342
train,1997-10-28,8.19,8.2173,0.0273
train,1997-10-29,8.434,8.4591,0.0251
train,1997-10-30,8.45,8.4814,0.0314
train,1997-10-31,9.18,9.4792,0.2992
train,1997-11-01,9.73,9.7961,0.0661
train,1997-11-02,8.34,8.4268,0.0868
train,1997-11-03,9.08,9.2632,0.1832
train,1997-11-04,8.93,8.89,-0.04
train,1997-11-05,8.79,8.9889,0.1989
train,1997-11-06,8.884,8.8986,0.0146
train,1997-11-07,8.44,8.4854,0.0454
train,1997-11-08,9.71,9.8713,0.1613
train,1997-11-09,8.416,8.5266,0.1106
train,1997-11-10,8.96,9.161,0.201
train,1997-11-11,8.47,8.4775,0.0075
train,1997-11-12,8.75,8.7728,0.0228
train,1997-11-13,8.27,8.4592,0.1892
train,1997-11-14,8.36,8.405,0.045
train,1997-11-15,8.16,8.1587,-0.0013
train,1997-11-16,8.31,8.3315,0.0215
train,1997-11-17,9.688,9.6055,-0.0825
train,1997-11-18,8.19,8.2426,0.0526
train,1997-11-19,7.86,7.8472,-0.0128
train,1997-11-20,7.598,7.6989,0.1009
train,1997-11-21,8.87,9.0094,0.1394
train,1997-11-22,8.89,8.6142,-0.2758
train,1997-11-23,8.66,8.6563,-0.0037
train,1997-11-24,9.286,9.3682,0.0822
train,1997-11-25,8.57,8.6042,0.0342
train,1997-11-26,8.72,8.7422,0.0222
train,1997-11-27,8.41,8.4334,0.0234
train,1997-11-28,8.82,8.7498,-0.0702
train,1997-11-29,8.64,8.5992,-0.0408
train,1997-11-30,8.31,8.3674,0.0574
train,1997-12-01,8.95,8.978,0.028
train,1997-12-02,10.152,10.0986,-0.0534
train,1997-12-03,8.17,8.3032,0.1332
train,1997-12-04,8.654,8.6514,-0.0026
train,1997-12-05,8.6,9.1099,0.5099
train,1997-12-06,8.19,8.2416,0.0516
train,1997-12-07,9.05,9.116,0.066
train,1997-12-08,8.22,8.7714,0.5514
train,1997-12-09,8.68,8.6561,-0.0239
train,1997-12-10,8.94,9.2007,0.2607
train,1997-12-11,12.72,10.8296,-1.8904
train,1997-12-12,8.58,8.5647,-0.0153
train,1997-12-13,8.31,8.321,0.011
train,1997-12-14,9.04,9.0634,0.0234
train,1997-12-15,8.59,8.7127,0.1227
train,1997-12-16,8.64,8.6614,0.0214
train,1997-12-17,10.384,9.9049,-0.4791
train,1997-12-18,7.514,7.5383,0.0243
train,1997-12-19,10.276,9.775,-0.501
train,1997-12-20,9.136,9.1681,0.0321
train,1997-12-21,7.694,7.6443,-0.0497
train,1997-12-22,9.138,9.0741,-0.0639
train,1997-12-23,8.474,8.7281,0.2541
train,1997-12-24,8.57,8.5891,0.0191
train,1997-12-25,8.12,8.1597,0.0397
train,1997-12-26,9.65,9.769,0.119
train,1997-12-27,9.11,9.145,0.035
train,1997-12-28,8.63,8.6326,0.0026
train,1997-12-29,8.39,8.4231,0.0331
train,1997-12-30,7.49,7.4694,-0.0206
train,1997-12-31,8.91,9.143,0.233
train,1998-01-01,8.738,8.2217,-0.5163
train,1998-01-02,9.2,9.0521,-0.1479
train,1998-01-03,8.99,8.9803,-0.0097
train,1998-01-04,8.59,8.7077,0.1177
train,1998-01-05,8.662,8.5629,-0.0991
train,1998-01-06,10.534,9.9234,-0.6106
train,1998-01-07,8.948,9.0078,0.0598
train,1998-01-08,9.38,8.7088,-0.6712
train,1998-01-09,8.5,8.5015,0.0015
train,1998-01-10,8.73,8.7046,-0.0254
train,1998-01-11,8.63,8.6836,0.0536
train,1998-01-12,7.96,7.8485,-0.1115
train,1998-01-13,11.066,10.9429,-0.1231
train,1998-01-14,9.23,9.7742,0.5442
train,1998-01-15,8.57,8.6999,0.1299
train,1998-01-16,8.41,8.4045,-0.0055
train,1998-01-17,8.79,8.6318,-0.1582
train,1998-01-18,8.85,9.3034,0.4534
train,1998-01-19,8.314,8.3247,0.0107
train,1998-01-20,8.49,8.6408,0.1508
train,1998-01-21,9.396,8.9709,-0.4251
train,1998-01-22,9.49,9.3417,-0.1483
train,1998-01-23,8.42,8.4468,0.0268
train,1998-01-24,7.538,7.5906,0.0526
train,1998-01-25,8.63,8.8833,0.2533
train,1998-01-26,8.304,8.3247,0.0207
train,1998-01-27,8.81,8.8155,0.0055
train,1998-01-28,8.52,8.4974,-0.0226
train,1998-01-29,10.25,9.1048,-1.1452
train,1998-01-30,9.79,9.6267,-0.1633
train,1998-01-31,9.01,9.2082,0.1982
train,1998-02-01,7.942,8.1573,0.2153
train,1998-02-02,8.51,8.5281,0.0181
train,1998-02-03,8.872,9.3494,0.4774
train,1998-02-04,8.146,8.6904,0.5444
train,1998-02-05,8.55,8.5416,-0.0084
train,1998-02-06,8.178,8.2973,0.1193
train,1998-02-07,8.274,8.3516,0.0776
train,1998-02-08,8.462,8.4543,-0.0077
train,1998-02-09,9.62,9.7895,0.1695
train,1998-02-10,9.14,9.3936,0.2536
train,1998-02-11,8.52,8.5968,0.0768
train,1998-02-12,8.94,8.9473,0.0073
train,1998-02-13,9.54,9.5578,0.0178
train,1998-02-14,8.684,9.0675,0.3835
train,1998-02-15,8.68,8.6161,-0.0639
train,1998-02-16,8.73,8.7424,0.0124
train,1998-02-17,8.034,8.1045,0.0705
train,1998-02-18,8.17,8.1561,-0.0139
train,1998-02-19,8.498,9.1501,0.6521
train,1998-02-20,8.66,8.6581,-0.0019
train,1998-02-21,8.41,8.4062,-0.0038
train,1998-02-22,8.536,8.7218,0.1858
train,1998-02-23,8.128,8.14,0.012
train,1998-02-24,9.23,9.3684,0.1384
train,1998-02-25,8.224,8.2875,0.0635
train,1998-02-26,8.87,8.9237,0.0537
train,1998-02-27,8.79,8.733,-0.057
train,1998-02-28,9.164,9.9601,0.7961
train,1998-03-01,10.656,11.2803,0.6243
train,1998-03-02,8.654,8.7375,0.0835
train,1998-03-03,7.18,7.1977,0.0177
train,1998-03-04,7.22,7.2382,0.0182
train,1998-03-05,8.33,8.366,0.036
train,1998-03-06,8.56,8.6061,0.0461
train,1998-03-07,8.41,8.4237,0.0137
train,1998-03-08,9.23,9.6937,0.4637
train,1998-03-09,8.66,8.6636,0.0036
train,1998-03-10,8.27,8.3275,0.0575
train,1998-03-11,8.63,8.6382,0.0082
train,1998-03-12,9.284,9.3914,0.1074
train,1998-03-13,8.846,9.0307,0.1847
train,1998-03-14,10.516,8.9898,-1.5262
train,1998-03-15,8.956,8.7833,-0.1727
train,1998-03-16,8.7,8.7035,0.0035
train,1998-03-17,8.68,8.4239,-0.2561
train,1998-03-18,9.184,9.0977,-0.0863
train,1998-03-19,9.77,9.3332,-0.4368
train,1998-03-20,9.414,9.306,-0.108
train,1998-03-21,9.508,9.7746,0.2666
train,1998-03-22,8.868,8.8886,0.0206
train,1998-03-23,8.55,8.5405,-0.0095
train,1998-03-24,8.562,8.7445,0.1825
train,1998-03-25,8.32,8.3462,0.0262
train,1998-03-26,9.13,8.8445,-0.2855
train,1998-03-27,8.56,8.5101,-0.0499
train,1998-03-28,7.966,8.0406,0.0746
train,1998-03-29,8.67,8.2873,-0.3827
train,1998-03-30,9.09,8.9689,-0.1211
train,1998-03-31,8.638,8.7023,0.0643
train,1998-04-01,8.45,8.4991,0.0491
train,1998-04-02,9.87,9.5564,-0.3136
train,1998-04-03,8.444,8.4574,0.0134
train,1998-04-04,9.74,9.4374,-0.3026
train,1998-04-05,8.46,8.4477,-0.0123
train,1998-04-06,8.59,8.5911,0.0011
train,1998-04-07,8.664,8.9082,0.2442
train,1998-04-08,8.052,8.183,0.131
train,1998-04-09,8.476,8.5032,0.0272
train,1998-04-10,8.85,9.0167,0.1667
train,1998-04-11,8.572,8.533,-0.039
train,1998-04-12,8.33,8.368,0.038
train,1998-04-13,8.64,8.6531,0.0131
train,1998-04-14,8.38,8.3997,0.0197
train,1998-04-15,8.44,8.4856,0.0456
train,1998-04-16,8.95,8.8746,-0.0754
train,1998-04-17,10.418,9.1562,-1.2618
train,1998-04-18,9.13,9.2198,0.0898
train,1998-04-19,8.46,8.4486,-0.0114
train,1998-04-20,8.25,8.2621,0.0121
train,1998-04-21,8.36,8.5045,0.1445
train,1998-04-22,8.432,8.4474,0.0154
train,1998-04-23,8.35,8.3683,0.0183
train,1998-04-24,9.11,9.0033,-0.1067
train,1998-04-25,8.67,8.7976,0.1276
train,1998-04-26,8.83,8.8735,0.0435
train,1998-04-27,8.52,8.501,-0.019
train,1998-04-28,9.666,9.8038,0.1378
train,1998-04-29,8.27,8.3152,0.0452
train,1998-04-30,7.72,7.7,-0.02
train,1998-05-01,7.122,7.1631,0.0411
train,1998-05-02,8.62,8.6424,0.0224
train,1998-05-03,8.95,8.896,-0.054
train,1998-05-04,8.78,8.9567,0.1767
train,1998-05-05,8.554,8.5769,0.0229
train,1998-05-06,9.3,9.1492,-0.1508
train,1998-05-07,8.524,8.5396,0.0156
train,1998-05-08,8.816,8.9432,0.1272
train,1998-05-09,9.836,9.4776,-0.3584
train,1998-05-10,7.99,8.0675,0.0775
train,1998-05-11,8.4,8.5416,0.1416
train,1998-05-12,10.74,9.6456,-1.0944
train,1998-05-13,9.12,9.5485,0.4285
train,1998-05-14,8.7,8.6715,-0.0285
train,1998-05-15,8.506,8.4962,-0.0098
train,1998-05-16,8.378,8.4488,0.0708
train,1998-05-17,8.4,8.5198,0.1198
train,1998-05-18,8.51,8.5257,0.0157
train,1998-05-19,8.63,8.6253,-0.0047
train,1998-05-20,8.142,8.1122,-0.0298
train,1998-05-21,8.52,8.6219,0.1019
train,1998-05-22,8.06,8.0684,0.0084
train,1998-05-23,8.57,8.573,0.003
train,1998-05-24,8.67,8.6844,0.0144
train,1998-05-25,8.35,8.2782,-0.0718
train,1998-05-26,8.45,8.4387,-0.0113
train,1998-05-27,8.49,9.0707,0.5807
train,1998-05-28,8.54,8.5634,0.0234
train,1998-05-29,8.85,8.8571,0.0071
train,1998-05-30,7.818,7.9843,0.1663
train,1998-05-31,8.91,9.1164,0.2064
train,1998-06-01,8.694,8.4114,-0.2826
train,1998-06-02,8.39,8.4055,0.0155
train,1998-06-03,8.028,8.2976,0.2696
train,1998-06-04,8.29,8.2924,0.0024
train,1998-06-05,8.842,8.989,0.147
train,1998-06-06,8.99,9.18,0.19
train,1998-06-07,9.96,9.7299,-0.2301
train,1998-06-08,8.44,8.5681,0.1281
train,1998-06-09,8.59,8.5882,-0.0018
train,1998-06-10,7.756,7.7916,0.0356
train,1998-06-11,8.806,9.7069,0.9009
train,1998-06-12,8.244,8.2354,-0.0086
train,1998-06-13,8.29,8.318,0.028
train,1998-06-14,8.98,8.5849,-0.3951
train,1998-06-15,8.97,9.0281,0.0581
train,1998-06-16,9.56,9.1944,-0.3656
train,1998-06-17,8.89,8.7201,-0.1699
train,1998-06-18,7.996,8.137,0.141
train,1998-06-19,8.34,8.3484,0.0084
train,1998-06-20,6.444,6.9177,0.4737
train,1998-06-21,8.52,8.596,0.076
train,1998-06-22,8.16,8.186,0.026
train,1998-06-23,8.464,8.4987,0.0347
train,1998-06-24,8.82,8.7137,-0.1063
train,1998-06-25,8.032,8.0661,0.0341
train,1998-06-26,8.39,8.4911,0.1011
train,1998-06-27,9.34,9.4236,0.0836
train,1998-06-28,8.178,8.2304,0.0524
train,1998-06-29,8.144,8.1689,0.0249
train,1998-06-30,8.5,8.4985,-0.0015
train,1998-07-01,7.1,7.1508,0.0508
train,1998-07-02,8.97,8.8303,-0.1397
train,1998-07-03,8.264,8.4877,0.2237
train,1998-07-04,8.042,8.1051,0.0631
train,1998-07-05,8.33,8.3768,0.0468
train,1998-07-06,8.456,8.7441,0.2881
train,1998-07-07,7.24,7.2442,0.0042
train,1998-07-08,8.334,8.4704,0.1364
train,1998-07-09,8.444,8.5887,0.1447
train,1998-07-10,8.63,8.6123,-0.0177
train,1998-07-11,9.21,9.0105,-0.1995
train,1998-07-12,7.744,7.6075,-0.1365
train,1998-07-13,8.75,8.9738,0.2238
train,1998-07-14,8.42,8.4759,0.0559
train,1998-07-15,8.84,8.8322,-0.0078
train,1998-07-16,8.57,8.5839,0.0139
train,1998-07-17,8.71,8.6482,-0.0618
train,1998-07-18,8.62,8.6694,0.0494
train,1998-07-19,8.79,8.8608,0.0708
train,1998-07-20,8.214,8.2402,0.0262
train,1998-07-21,8.324,8.3499,0.0259
train,1998-07-22,9.06,9.1366,0.0766
train,1998-07-23,9.176,9.1794,0.0034
train,1998-07-24,8.62,8.6005,-0.0195
train,1998-07-25,9.24,7.5857,-1.6543
train,1998-07-26,8.64,8.6676,0.0276
train,1998-07-27,9.636,8.7593,-0.8767
train,1998-07-28,8.316,8.3439,0.0279
train,1998-07-29,8.38,8.4766,0.0966
train,1998-07-30,8.526,8.9576,0.4316
train,1998-07-31,8.39,8.4305,0.0405
train,1998-08-01,8.72,8.875,0.155
train,1998-08-02,8.634,8.9588,0.3248
train,1998-08-03,8.23,8.5266,0.2966
train,1998-08-04,8.39,8.42,0.03
train,1998-08-05,8.71,8.6659,-0.0441
train,1998-08-06,9.4,9.5151,0.1151
train,1998-08-07,8.35,8.3494,-0.0006
train,1998-08-08,9.11,9.1515,0.0415
train,1998-08-09,8.64,8.6572,0.0172
train,1998-08-10,7.624,7.6232,-0.0008
train,1998-08-11,8.73,8.7994,0.0694
train,1998-08-12,7.146,7.1657,0.0197
train,1998-08-13,9.0,9.1291,0.1291
train,1998-08-14,9.14,9.2014,0.0614
train,1998-08-15,8.95,9.0907,0.1407
train,1998-08-16,9.2,9.4949,0.2949
train,1998-08-17,9.69,9.5996,-0.0904
train,1998-08-18,8.52,8.6296,0.1096
train,1998-08-19,8.146,8.3269,0.1809
train,1998-08-20,7.632,7.5623,-0.0697
train,1998-08-21,8.636,8.6472,0.0112
train,1998-08-22,8.46,8.4785,0.0185
train,1998-08-23,8.2,8.2258,0.0258
train,1998-08-24,8.112,8.0928,-0.0192
train,1998-08-25,10.59,10.8264,0.2364
train,1998-08-26,8.07,8.179,0.109
train,1998-08-27,8.61,8.5419,-0.0681
train,1998-08-28,8.68,8.7649,0.0849
train,1998-08-29,8.986,9.1717,0.1857
train,1998-08-30,9.32,9.3639,0.0439
train,1998-08-31,7.5,7.5075,0.0075
train,1998-09-01,8.84,9.0062,0.1662
train,1998-09-02,8.6,8.609,0.009
train,1998-09-03,8.35,8.2951,-0.0549
train,1998-09-04,8.41,8.4266,0.0166
train,1998-09-05,8.71,8.6999,-0.0101
train,1998-09-06,7.928,7.9711,0.0431
train,1998-09-07,9.23,8.523,-0.707
train,1998-09-08,8.37,8.3886,0.0186
train,1998-09-09,8.57,8.7341,0.1641
train,1998-09-10,8.68,8.6635,-0.0165
train,1998-09-11,8.47,8.4954,0.0254
train,1998-09-12,8.402,8.6698,0.2678
train,1998-09-13,8.204,8.2397,0.0357
train,1998-09-14,9.436,9.4978,0.0618
train,1998-09-15,8.46,8.3671,-0.0929
train,1998-09-16,8.72,8.4175,-0.3025
train,1998-09-17,9.876,10.212,0.336
train,1998-09-18,9.12,9.4751,0.3551
train,1998-09-19,8.61,8.6524,0.0424
train,1998-09-20,8.84,8.8034,-0.0366
train,1998-09-21,9.352,9.1511,-0.2009
train,1998-09-22,8.434,8.4981,0.0641
train,1998-09-23,9.02,9.0062,-0.0138
train,1998-09-24,8.82,8.9368,0.1168
train,1998-09-25,8.568,8.5887,0.0207
train,1998-09-26,8.35,8.3849,0.0349
train,1998-09-27,8.358,8.222,-0.136
train,1998-09-28,8.78,8.9734,0.1934
train,1998-09-29,8.21,8.2368,0.0268
train,1998-09-30,8.85,8.8975,0.0475
train,1998-10-01,8.63,8.6585,0.0285
train,1998-10-02,10.15,9.7236,-0.4264
train,1998-10-03,8.62,8.7845,0.1645
train,1998-10-04,8.42,8.4452,0.0252
train,1998-10-05,8.226,8.6936,0.4676
train,1998-10-06,8.572,8.5457,-0.0263
train,1998-10-07,7.642,7.73,0.088
train,1998-10-08,8.23,8.2789,0.0489
train,1998-10-09,8.65,8.5796,-0.0704
train,1998-10-10,9.85,9.69,-0.16
train,1998-10-11,8.422,8.4712,0.0492
train,1998-10-12,7.748,7.8598,0.1118
train,1998-10-13,9.94,10.2962,0.3562
train,1998-10-14,9.13,9.3764,0.2464
train,1998-10-15,8.43,8.3889,-0.0411
train,1998-10-16,7.486,7.4877,0.0017
train,1998-10-17,8.276,8.3148,0.0388
train,1998-10-18,8.644,8.6403,-0.0037
train,1998-10-19,8.83,8.836,0.006
train,1998-10-20,8.62,8.6035,-0.0165
train,1998-10-21,9.31,9.2763,-0.0337
train,1998-10-22,8.41,8.492,0.082
train,1998-10-23,10.43,9.4705,-0.9595
train,1998-10-24,8.92,8.8341,-0.0859
train,1998-10-25,9.366,9.4044,0.0384
train,1998-10-26,8.606,8.4829,-0.1231
train,1998-10-27,8.484,8.6663,0.1823
train,1998-10-28,7.65,7.8011,0.1511
train,1998-10-29,8.756,8.6466,-0.1094
train,1998-10-30,8.062,8.0445,-0.0175
train,1998-10-31,8.47,8.4903,0.0203
train,1998-11-01,8.38,8.4033,0.0233
train,1998-11-02,8.41,8.4218,0.0118
train,1998-11-03,8.34,8.521,0.181
train,1998-11-04,8.214,8.2424,0.0284
train,1998-11-05,8.402,8.4546,0.0526
train,1998-11-06,8.37,8.4272,0.0572
train,1998-11-07,9.25,9.2872,0.0372
train,1998-11-08,8.39,8.4106,0.0206
train,1998-11-09,9.93,9.8595,-0.0705
train,1998-11-10,9.17,8.6957,-0.4743
train,1998-11-11,8.094,8.4378,0.3438
train,1998-11-12,8.62,8.4263,-0.1937
train,1998-11-13,8.404,8.4229,0.0189
train,1998-11-14,8.268,8.254,-0.014
train,1998-11-15,8.51,8.5178,0.0078
train,1998-11-16,11.62,11.4664,-0.1536
train,1998-11-17,8.4,8.4563,0.0563
train,1998-11-18,8.49,8.516,0.026
train,1998-11-19,8.78,9.0135,0.2335
train,1998-11-20,8.45,8.4823,0.0323
train,1998-11-21,8.528,8.8395,0.3115
train,1998-11-22,8.52,8.5187,-0.0013
train,1998-11-23,8.53,8.769,0.239
train,1998-11-24,8.51,8.5375,0.0275
train,1998-11-25,8.126,8.1692,0.0432
train,1998-11-26,8.73,8.7045,-0.0255
train,1998-11-27,8.61,8.6314,0.0214
train,1998-11-28,8.22,8.25,0.03
train,1998-11-29,8.28,8.331,0.051
train,1998-11-30,9.62,9.4965,-0.1235
train,1998-12-01,8.836,9.172,0.336
train,1998-12-02,8.37,8.3835,0.0135
train,1998-12-03,9.45,9.4346,-0.0154
train,1998-12-04,8.132,8.3426,0.2106
train,1998-12-05,8.4,8.4614,0.0614
train,1998-12-06,8.556,9.2809,0.7249
train,1998-12-07,9.21,9.4033,0.1933
train,1998-12-08,9.57,9.6945,0.1245
train,1998-12-09,8.83,8.7444,-0.0856
train,1998-12-10,8.52,8.4996,-0.0204
train,1998-12-11,7.896,8.0597,0.1637
train,1998-12-12,8.6,8.7274,0.1274
train,1998-12-13,8.42,8.3868,-0.0332
train,1998-12-14,8.05,7.5505,-0.4995
train,1998-12-15,8.462,8.5663,0.1043
train,1998-12-16,9.75,9.2491,-0.5009
train,1998-12-17,8.64,8.6349,-0.0051
train,1998-12-18,7.1,7.1546,0.0546
train,1998-12-19,9.4,10.1247,0.7247
train,1998-12-20,9.04,9.0142,-0.0258
train,1998-12-21,7.23,7.241,0.011
train,1998-12-22,8.87,9.1555,0.2855
train,1998-12-23,8.284,8.3022,0.0182
train,1998-12-24,8.106,8.1438,0.0378
train,1998-12-25,10.98,9.3882,-1.5918
train,1998-12-26,9.61,9.1334,-0.4766
train,1998-12-27,8.48,8.492,0.012
train,1998-12-28,8.71,8.6959,-0.0141
train,1998-12-29,12.236,10.1781,-2.0579
train,1998-12-30,8.398,8.2211,-0.1769
train,1998-12-31,8.25,8.2633,0.0133
train,1999-01-01,8.81,8.7873,-0.0227
train,1999-01-02,9.62,9.7595,0.1395
train,1999-01-03,9.176,9.4479,0.2719
train,1999-01-04,9.098,9.0769,-0.0211
train,1999-01-05,10.204,9.3468,-0.8572
train,1999-01-06,8.79,8.7481,-0.0419
train,1999-01-07,8.38,8.3986,0.0186
train,1999-01-08,8.43,8.5505,0.1205
train,1999-01-09,8.17,8.2594,0.0894
train,1999-01-10,8.084,8.1657,0.0817
train,1999-01-11,8.4,8.5436,0.1436
train,1999-01-12,8.28,8.3413,0.0613
train,1999-01-13,8.64,8.5633,-0.0767
train,1999-01-14,9.424,10.0471,0.6231
train,1999-01-15,8.42,8.389,-0.031
train,1999-01-16,8.36,8.4281,0.0681
train,1999-01-17,8.88,8.8316,-0.0484
train,1999-01-18,8.362,8.3122,-0.0498
train,1999-01-19,8.244,8.2653,0.0213
train,1999-01-20,8.62,8.7208,0.1008
train,1999-01-21,8.34,8.3632,0.0232
train,1999-01-22,8.32,8.4212,0.1012
train,1999-01-23,8.674,8.6249,-0.0491
train,1999-01-24,8.116,8.1606,0.0446
train,1999-01-25,8.69,8.7361,0.0461
train,1999-01-26,8.95,9.0483,0.0983
train,1999-01-27,8.48,8.579,0.099
train,1999-01-28,9.568,9.3818,-0.1862
train,1999-01-29,8.444,8.7246,0.2806
train,1999-01-30,8.4,8.6977,0.2977
train,1999-01-31,8.7,8.5619,-0.1381
train,1999-02-01,8.49,8.5112,0.0212
train,1999-02-02,9.486,10.2325,0.7465
train,1999-02-03,9.032,8.9198,-0.1122
train,1999-02-04,10.83,9.482,-1.348
train,1999-02-05,9.04,9.0154,-0.0246
train,1999-02-06,9.27,9.5078,0.2378
train,1999-02-07,8.94,8.9,-0.04
train,1999-02-08,8.53,8.5418,0.0118
train,1999-02-09,8.64,8.6807,0.0407
train,1999-02-10,8.62,8.6117,-0.0083
train,1999-02-11,8.9,8.9018,0.0018
train,1999-02-12,8.36,8.3834,0.0234
train,1999-02-13,8.75,8.7398,-0.0102
train,1999-02-14,8.35,8.3461,-0.0039
train,1999-02-15,9.07,9.5832,0.5132
train,1999-02-16,8.95,8.9266,-0.0234
train,1999-02-17,10.028,9.2022,-0.8258
train,1999-02-18,8.4,8.495,0.095
train,1999-02-19,9.1,9.0077,-0.0923
train,1999-02-20,8.576,8.6054,0.0294
train,1999-02-21,10.596,9.8975,-0.6985
train,1999-02-22,8.34,8.3824,0.0424
train,1999-02-23,10.06,10.1104,0.0504
train,1999-02-24,8.33,8.3661,0.0361
train,1999-02-25,9.01,8.4574,-0.5526
train,1999-02-26,8.8,8.8777,0.0777
train,1999-02-27,8.44,8.4627,0.0227
train,1999-02-28,8.42,8.4785,0.0585
train,1999-03-01,8.61,8.7334,0.1234
train,1999-03-02,8.474,8.518,0.044
train,1999-03-03,8.44,8.4923,0.0523
train,1999-03-04,8.62,8.6744,0.0544
train,1999-03-05,8.27,8.3128,0.0428
train,1999-03-06,8.408,8.3616,-0.0464
train,1999-03-07,9.0,9.1348,0.1348
train,1999-03-08,9.31,9.6976,0.3876
train,1999-03-09,8.138,8.176,0.038
train,1999-03-10,10.2,8.8954,-1.3046
train,1999-03-11,8.56,8.4587,-0.1013
train,1999-03-12,8.32,8.3546,0.0346
train,1999-03-13,8.11,8.1537,0.0437
train,1999-03-14,8.43,8.5793,0.1493
train,1999-03-15,8.53,8.6679,0.1379
train,1999-03-16,8.78,8.839,0.059
train,1999-03-17,9.13,9.6411,0.5111
train,1999-03-18,8.53,8.5102,-0.0198
train,1999-03-19,7.442,7.6183,0.1763
train,1999-03-20,9.2,8.5826,-0.6174
train,1999-03-21,8.94,9.0368,0.0968
train,1999-03-22,8.22,8.2796,0.0596
train,1999-03-23,8.81,8.7348,-0.0752
train,1999-03-24,8.49,8.492,0.002
train,1999-03-25,8.51,8.5744,0.0644
train,1999-03-26,8.38,8.3951,0.0151
train,1999-03-27,8.59,8.5617,-0.0283
train,1999-03-28,8.094,8.0977,0.0037
train,1999-03-29,8.43,8.4611,0.0311
train,1999-03-30,7.536,7.5708,0.0348
train,1999-03-31,8.41,8.4263,0.0163
train,1999-04-01,9.07,9.1234,0.0534
train,1999-04-02,9.324,9.2836,-0.0404
train,1999-04-03,8.374,8.4105,0.0365
train,1999-04-04,9.404,9.6533,0.2493
train,1999-04-05,8.4,8.4276,0.0276
train,1999-04-06,8.61,8.7538,0.1438
train,1999-04-07,8.39,8.4111,0.0211
train,1999-04-08,9.126,9.2846,0.1586
train,1999-04-09,8.828,8.854,0.026
train,1999-04-10,8.76,8.5926,-0.1674
train,1999-04-11,10.712,10.2258,-0.4862
train,1999-04-12,9.178,8.9636,-0.2144
train,1999-04-13,8.26,8.284,0.024
train,1999-04-14,7.47,7.5382,0.0682
train,1999-04-15,8.58,8.5783,-0.0017
train,1999-04-16,11.884,11.0912,-0.7928
train,1999-04-17,8.32,8.3915,0.0715
train,1999-04-18,8.45,8.3923,-0.0577
train,1999-04-19,8.46,8.4808,0.0208
train,1999-04-20,8.71,8.7602,0.0502
train,1999-04-21,9.066,9.2143,0.1483
train,1999-04-22,8.81,8.7615,-0.0485
train,1999-04-23,7.84,8.2991,0.4591
train,1999-04-24,8.184,7.9372,-0.2468
train,1999-04-25,8.58,8.6087,0.0287
train,1999-04-26,8.55,8.5316,-0.0184
train,1999-04-27,9.08,8.9923,-0.0877
train,1999-04-28,8.34,8.3779,0.0379
train,1999-04-29,7.974,8.1876,0.2136
train,1999-04-30,8.41,8.3303,-0.0797
train,1999-05-01,11.02,9.5853,-1.4347
train,1999-05-02,8.44,8.4935,0.0535
train,1999-05-03,8.59,8.5998,0.0098
train,1999-05-04,8.26,8.3266,0.0666
train,1999-05-05,8.74,8.7706,0.0306
train,1999-05-06,8.36,8.3958,0.0358
train,1999-05-07,8.55,8.5458,-0.0042
train,1999-05-08,9.13,8.9253,-0.2047
train,1999-05-09,8.55,8.5273,-0.0227
train,1999-05-10,8.22,8.2625,0.0425
train,1999-05-11,8.28,8.3371,0.0571
train,1999-05-12,8.464,8.4744,0.0104
train,1999-05-13,8.89,8.8288,-0.0612
train,1999-05-14,8.506,8.663,0.157
train,1999-05-15,8.59,8.6055,0.0155
train,1999-05-16,8.722,8.6693,-0.0527
train,1999-05-17,8.64,8.6111,-0.0289
train,1999-05-18,8.14,8.1913,0.0513
train,1999-05-19,11.07,10.3254,-0.7446
train,1999-05-20,8.644,8.3302,-0.3138
train,1999-05-21,9.39,10.0274,0.6374
train,1999-05-22,8.39,8.4088,0.0188
train,1999-05-23,8.42,8.4643,0.0443
train,1999-05-24,8.44,8.4691,0.0291
train,1999-05-25,9.954,9.9995,0.0455
train,1999-05-26,9.754,9.7251,-0.0289
train,1999-05-27,9.37,9.3898,0.0198
train,1999-05-28,8.816,9.0109,0.1949
train,1999-05-29,8.66,8.6678,0.0078
train,1999-05-30,8.71,8.6793,-0.0307
train,1999-05-31,9.142,9.1743,0.0323
train,1999-06-01,9.86,9.0499,-0.8101
train,1999-06-02,7.904,7.9151,0.0111
train,1999-06-03,8.986,9.2098,0.2238
train,1999-06-04,8.98,8.9231,-0.0569
train,1999-06-05,9.068,9.3548,0.2868
train,1999-06-06,8.006,8.0337,0.0277
train,1999-06-07,9.21,9.4437,0.2337
train,1999-06-08,8.088,8.1634,0.0754
train,1999-06-09,8.406,8.7132,0.3072
train,1999-06-10,9.72,9.7639,0.0439
train,1999-06-11,8.818,8.9804,0.1624
train,1999-06-12,8.85,8.8638,0.0138
train,1999-06-13,9.21,9.4646,0.2546
train,1999-06-14,9.36,9.472,0.112
train,1999-06-15,8.346,8.4232,0.0772
train,1999-06-16,8.83,9.0212,0.1912
train,1999-06-17,8.37,8.395,0.025
train,1999-06-18,8.41,8.4188,0.0088
train,1999-06-19,9.22,9.4202,0.2002
train,1999-06-20,8.43,8.4098,-0.0202
train,1999-06-21,8.682,8.7722,0.0902
train,1999-06-22,9.902,9.8434,-0.0586
train,1999-06-23,10.266,8.8638,-1.4022
train,1999-06-24,9.01,8.8511,-0.1589
train,1999-06-25,7.13,7.1434,0.0134
train,1999-06-26,10.23,9.1197,-1.1103
train,1999-06-27,8.35,8.3536,0.0036
train,1999-06-28,8.864,8.9692,0.1052
train,1999-06-29,8.058,8.0647,0.0067
train,1999-06-30,7.24,7.2575,0.0175
train,1999-07-01,8.72,8.7292,0.0092
train,1999-07-02,8.44,8.4666,0.0266
train,1999-07-03,8.74,8.7858,0.0458
train,1999-07-04,8.3,8.3332,0.0332
train,1999-07-05,8.5,8.5299,0.0299
train,1999-07-06,8.64,8.6139,-0.0261
train,1999-07-07,9.85,9.7307,-0.1193
train,1999-07-08,8.27,8.293,0.023
train,1999-07-09,8.41,8.4991,0.0891
train,1999-07-10,8.04,8.1156,0.0756
train,1999-07-11,7.962,7.9295,-0.0325
train,1999-07-12,9.52,9.9204,0.4004
train,1999-07-13,8.74,8.9811,0.2411
train,1999-07-14,8.658,8.6575,-0.0005
train,1999-07-15,8.128,8.1964,0.0684
train,1999-07-16,8.46,8.4752,0.0152
train,1999-07-17,8.284,8.2052,-0.0788
train,1999-07-18,8.38,8.3721,-0.0079
train,1999-07-19,10.02,10.2559,0.2359
train,1999-07-20,9.156,9.0985,-0.0575
train,1999-07-21,8.5,8.5035,0.0035
train,1999-07-22,10.03,9.905,-0.125
train,1999-07-23,9.752,9.3523,-0.3997
train,1999-07-24,8.324,8.5152,0.1912
train,1999-07-25,8.49,8.5028,0.0128
train,1999-07-26,8.678,8.9171,0.2391
train,1999-07-27,8.202,8.2669,0.0649
train,1999-07-28,8.51,8.5944,0.0844
train,1999-07-29,9.562,9.1634,-0.3986
train,1999-07-30,8.426,8.4549,0.0289
train,1999-07-31,8.55,8.6011,0.0511
train,1999-08-01,8.53,8.5661,0.0361
train,1999-08-02,8.686,8.7919,0.1059
train,1999-08-03,8.7,8.6822,-0.0178
train,1999-08-04,8.39,8.3821,-0.0079
train,1999-08-05,9.04,9.1096,0.0696
train,1999-08-06,9.02,9.04,0.02
train,1999-08-07,8.76,8.7436,-0.0164
train,1999-08-08,8.61,8.6965,0.0865
train,1999-08-09,8.196,8.2465,0.0505
train,1999-08-10,10.76,9.3226,-1.4374
train,1999-08-11,7.69,7.6815,-0.0085
train,1999-08-12,8.45,8.4505,0.0005
train,1999-08-13,8.71,8.736,0.026
train,1999-08-14,9.11,8.7032,-0.4068
train,1999-08-15,9.34,8.5484,-0.7916
train,1999-08-16,8.52,8.6525,0.1325
train,1999-08-17,9.47,9.8022,0.3322
train,1999-08-18,9.12,9.6536,0.5336
train,1999-08-19,9.37,9.7396,0.3696
train,1999-08-20,9.24,9.2355,-0.0045
train,1999-08-21,9.3,9.6751,0.3751
train,1999-08-22,8.59,8.6787,0.0887
train,1999-08-23,7.484,7.4515,-0.0325
train,1999-08-24,8.56,8.5827,0.0227
train,1999-08-25,8.06,8.2853,0.2253
train,1999-08-26,8.888,8.659,-0.229
train,1999-08-27,8.132,8.1266,-0.0054
train,1999-08-28,8.66,8.6374,-0.0226
train,1999-08-29,9.22,9.2777,0.0577
train,1999-08-30,8.93,8.9814,0.0514
train,1999-08-31,9.372,9.0204,-0.3516
train,1999-09-01,10.7,9.6915,-1.0085
train,1999-09-02,10.4,9.9519,-0.4481
train,1999-09-03,9.51,9.0428,-0.4672
train,1999-09-04,8.846,8.4841,-0.3619
train,1999-09-05,8.74,8.8137,0.0737
train,1999-09-06,8.154,8.2829,0.1289
train,1999-09-07,8.39,8.4215,0.0315
train,1999-09-08,8.864,8.9245,0.0605
train,1999-09-09,7.63,7.5554,-0.0746
train,1999-09-10,8.36,8.3509,-0.0091
train,1999-09-11,8.188,8.2268,0.0388
train,1999-09-12,7.776,7.9964,0.2204
train,1999-09-13,8.37,8.3983,0.0283
train,1999-09-14,8.3,8.3685,0.0685
train,1999-09-15,8.59,8.5617,-0.0283
train,1999-09-16,8.64,8.6602,0.0202
train,1999-09-17,8.43,8.3989,-0.0311
train,1999-09-18,8.956,9.0653,0.1093
train,1999-09-19,8.54,8.5285,-0.0115
train,1999-09-20,8.88,8.8297,-0.0503
train,1999-09-21,9.532,9.7239,0.1919
train,1999-09-22,8.924,9.1361,0.2121
train,1999-09-23,8.48,8.4339,-0.0461
train,1999-09-24,9.44,9.4379,-0.0021
train,1999-09-25,8.248,8.2693,0.0213
train,1999-09-26,7.526,7.5352,0.0092
train,1999-09-27,9.892,10.6936,0.8016
train,1999-09-28,10.14,10.1994,0.0594
train,1999-09-29,8.286,8.3294,0.0434
train,1999-09-30,8.36,8.3777,0.0177
train,1999-10-01,8.76,8.6919,-0.0681
train,1999-10-02,8.65,8.6489,-0.0011
train,1999-10-03,8.11,8.1123,0.0023
train,1999-10-04,9.032,8.9925,-0.0395
train,1999-10-05,8.68,8.6717,-0.0083
train,1999-10-06,9.45,9.5229,0.0729
train,1999-10-07,10.33,9.4872,-0.8428
train,1999-10-08,7.898,7.886,-0.012
train,1999-10-09,9.102,8.9451,-0.1569
train,1999-10-10,6.226,6.7428,0.5168
train,1999-10-11,11.36,11.1075,-0.2525
train,1999-10-12,9.116,8.9797,-0.1363
train,1999-10-13,8.218,8.2992,0.0812
train,1999-10-14,8.678,8.6854,0.0074
train,1999-10-15,8.27,8.3475,0.0775
train,1999-10-16,8.5,8.4776,-0.0224
train,1999-10-17,9.53,9.525,-0.005
train,1999-10-18,9.13,9.6803,0.5503
train,1999-10-19,8.44,8.4699,0.0299
train,1999-10-20,7.99,8.0279,0.0379
train,1999-10-21,9.85,9.869,0.019
train,1999-10-22,9.85,9.9414,0.0914
train,1999-10-23,7.922,8.0002,0.0782
train,1999-10-24,7.5,7.5151,0.0151
train,1999-10-25,10.032,9.8218,-0.2102
train,1999-10-26,8.79,9.2507,0.4607
train,1999-10-27,8.28,8.3027,0.0227
train,1999-10-28,9.45,9.682,0.232
train,1999-10-29,8.42,8.4573,0.0373
train,1999-10-30,8.49,8.5074,0.0174
train,1999-10-31,8.776,8.846,0.07
train,1999-11-01,8.36,8.41,0.05
train,1999-11-02,8.28,8.278,-0.002
train,1999-11-03,8.45,8.4154,-0.0346
train,1999-11-04,8.35,8.388,0.038
train,1999-11-05,10.46,10.1182,-0.3418
train,1999-11-06,9.08,9.046,-0.034
train,1999-11-07,9.61,9.203,-0.407
train,1999-11-08,11.964,10.0917,-1.8723
train,1999-11-09,10.0,8.6734,-1.3266
train,1999-11-10,8.79,8.8998,0.1098
train,1999-11-11,8.57,8.5573,-0.0127
train,1999-11-12,8.68,8.6656,-0.0144
train,1999-11-13,9.78,9.6354,-0.1446
train,1999-11-14,8.272,8.2078,-0.0642
train,1999-11-15,8.62,8.6455,0.0255
train,1999-11-16,9.44,9.22,-0.22
train,1999-11-17,8.024,8.1244,0.1004
train,1999-11-18,8.41,8.3448,-0.0652
train,1999-11-19,8.93,9.3547,0.4247
train,1999-11-20,9.522,9.8435,0.3215
train,1999-11-21,9.05,9.0899,0.0399
train,1999-11-22,8.78,8.88,0.1
train,1999-11-23,8.53,8.5562,0.0262
train,1999-11-24,8.926,8.3645,-0.5615
train,1999-11-25,8.58,8.5455,-0.0345
train,1999-11-26,8.79,8.7814,-0.0086
train,1999-11-27,8.5,8.5462,0.0462
train,1999-11-28,8.42,8.472,0.052
train,1999-11-29,9.12,9.3756,0.2556
train,1999-11-30,8.7,8.6928,-0.0072
train,1999-12-01,10.68,10.2459,-0.4341
train,1999-12-02,8.316,8.3112,-0.0048
train,1999-12-03,9.838,10.8237,0.9857
train,1999-12-04,8.42,8.4681,0.0481
train,1999-12-05,9.046,9.1409,0.0949
train,1999-12-06,9.31,9.5274,0.2174
train,1999-12-07,8.26,8.2782,0.0182
train,1999-12-08,7.43,7.3889,-0.0411
train,1999-12-09,8.46,8.4096,-0.0504
train,1999-12-10,8.28,8.2575,-0.0225
train,1999-12-11,8.4,8.4096,0.0096
train,1999-12-12,9.71,8.7259,-0.9841
train,1999-12-13,8.578,8.5501,-0.0279
train,1999-12-14,8.706,8.5523,-0.1537
train,1999-12-15,12.04,10.9024,-1.1376
train,1999-12-16,8.276,8.2687,-0.0073
train,1999-12-17,8.352,8.3967,0.0447
train,1999-12-18,8.21,8.2423,0.0323
train,1999-12-19,10.026,9.4952,-0.5308
train,1999-12-20,9.14,9.5484,0.4084
train,1999-12-21,8.63,8.6695,0.0395
train,1999-12-22,7.774,7.9341,0.1601
train,1999-12-23,9.422,9.3979,-0.0241
train,1999-12-24,9.308,9.6438,0.3358
train,1999-12-25,8.654,8.693,0.039
train,1999-12-26,8.06,8.1006,0.0406
train,1999-12-27,9.806,10.1017,0.2957
train,1999-12-28,8.29,8.3454,0.0554
train,1999-12-29,10.344,9.0895,-1.2545
train,1999-12-30,9.39,9.8436,0.4536
train,1999-12-31,8.56,8.5347,-0.0253
train,2000-01-01,9.21,9.3026,0.0926
train,2000-01-02,9.16,9.183,0.023
train,2000-01-03,8.73,8.6939,-0.0361
train,2000-01-04,8.4,8.4348,0.0348
train,2000-01-05,8.64,8.6925,0.0525
train,2000-01-06,9.5,8.5979,-0.9021
train,2000-01-07,9.58,9.5162,-0.0638
train,2000-01-08,8.55,8.6321,0.0821
train,2000-01-09,8.868,8.9909,0.1229
train,2000-01-10,8.61,8.768,0.158
train,2000-01-11,9.73,9.6166,-0.1134
train,2000-01-12,8.658,8.7873,0.1293
train,2000-01-13,8.876,9.298,0.422
train,2000-01-14,8.64,8.7556,0.1156
train,2000-01-15,8.56,8.5969,0.0369
train,2000-01-16,8.354,8.386,0.032
train,2000-01-17,9.66,9.9818,0.3218
train,2000-01-18,7.992,8.052,0.06
train,2000-01-19,8.55,8.5412,-0.0088
train,2000-01-20,8.388,7.8571,-0.5309
train,2000-01-21,10.928,9.8474,-1.0806
train,2000-01-22,8.502,8.5506,0.0486
train,2000-01-23,8.5,8.5081,0.0081
train,2000-01-24,8.846,8.8806,0.0346
train,2000-01-25,9.36,9.1601,-0.1999
train,2000-01-26,9.026,9.1551,0.1291
train,2000-01-27,9.352,9.1804,-0.1716
train,2000-01-28,10.63,10.7076,0.0776
train,2000-01-29,8.23,8.2694,0.0394
train,2000-01-30,8.47,8.4486,-0.0214
train,2000-01-31,8.48,8.5129,0.0329
train,2000-02-01,8.3,8.327,0.027
train,2000-02-02,8.65,8.6684,0.0184
train,2000-02-03,8.66,8.6372,-0.0228
train,2000-02-04,8.26,8.2891,0.0291
train,2000-02-05,10.97,10.5557,-0.4143
train,2000-02-06,8.506,8.2234,-0.2826
train,2000-02-07,8.87,8.9049,0.0349
train,2000-02-08,9.3,9.7626,0.4626
train,2000-02-09,8.174,8.2284,0.0544
train,2000-02-10,7.882,8.0623,0.1803
train,2000-02-11,8.296,8.5403,0.2443
train,2000-02-12,8.75,9.6314,0.8814
train,2000-02-13,8.49,8.5233,0.0333
train,2000-02-14,10.02,10.2172,0.1972
train,2000-02-15,8.18,8.2187,0.0387
train,2000-02-16,8.28,8.294,0.014
train,2000-02-17,7.784,7.7847,0.0007
train,2000-02-18,9.212,9.2912,0.0792
train,2000-02-19,8.47,8.509,0.039
train,2000-02-20,8.8,8.9562,0.1562
train,2000-02-21,8.17,8.087,-0.083
train,2000-02-22,11.53,11.3299,-0.2001
train,2000-02-23,8.62,8.671,0.051
train,2000-02-24,8.81,8.9544,0.1444
train,2000-02-25,8.814,8.9922,0.1782
train,2000-02-26,8.682,8.7863,0.1043
train,2000-02-27,10.33,9.4923,-0.8377
train,2000-02-28,8.66,8.6646,0.0046
train,2000-02-29,7.558,7.5597,0.0017
train,2000-03-01,9.09,9.2093,0.1193
train,2000-03-02,9.09,9.343,0.253
train,2000-03-03,8.872,8.7174,-0.1546
train,2000-03-04,8.442,8.6438,0.2018
train,2000-03-05,9.55,9.4937,-0.0563
train,2000-03-06,8.89,8.9477,0.0577
train,2000-03-07,8.538,9.1006,0.5626
train,2000-03-08,9.87,9.9782,0.1082
train,2000-03-09,8.53,8.5611,0.0311
train,2000-03-10,9.19,9.295,0.105
train,2000-03-11,9.39,9.3372,-0.0528
train,2000-03-12,9.13,9.0735,-0.0565
train,2000-03-13,7.978,8.1245,0.1465
train,2000-03-14,9.35,9.4526,0.1026
train,2000-03-15,8.36,8.3664,0.0064
train,2000-03-16,8.304,8.3221,0.0181
train,2000-03-17,7.922,7.9851,0.0631
train,2000-03-18,8.31,8.3281,0.0181
train,2000-03-19,8.5,8.4986,-0.0014
train,2000-03-20,8.26,8.3188,0.0588
train,2000-03-21,9.26,9.466,0.206
train,2000-03-22,8.62,8.5688,-0.0512
train,2000-03-23,9.12,9.1228,0.0028
train,2000-03-24,10.34,9.7175,-0.6225
train,2000-03-25,8.234,9.0449,0.8109
train,2000-03-26,10.106,10.529,0.423
train,2000-03-27,9.2,9.275,0.075
train,2000-03-28,8.51,8.6242,0.1142
train,2000-03-29,8.42,8.4575,0.0375
train,2000-03-30,8.52,8.6081,0.0881
train,2000-03-31,8.89,8.7907,-0.0993
train,2000-04-01,8.39,8.4022,0.0122
train,2000-04-02,7.5,7.5089,0.0089
train,2000-04-03,8.952,8.9761,0.0241
train,2000-04-04,8.32,8.3136,-0.0064
train,2000-04-05,8.052,7.9669,-0.0851
train,2000-04-06,8.22,8.2677,0.0477
train,2000-04-07,8.41,8.4409,0.0309
train,2000-04-08,9.456,9.6545,0.1985
train,2000-04-09,8.46,8.5123,0.0523
train,2000-04-10,9.348,9.9162,0.5682
train,2000-04-11,8.586,8.6736,0.0876
train,2000-04-12,8.11,8.1434,0.0334
train,2000-04-13,12.006,8.4973,-3.5087
train,2000-04-14,9.08,9.1759,0.0959
train,2000-04-15,8.98,9.1563,0.1763
train,2000-04-16,8.28,8.3367,0.0567
train,2000-04-17,8.64,8.5005,-0.1395
train,2000-04-18,10.33,10.6764,0.3464
train,2000-04-19,7.586,7.5984,0.0124
train,2000-04-20,8.412,8.4654,0.0534
train,2000-04-21,9.21,9.4764,0.2664
train,2000-04-22,8.76,8.7319,-0.0281
train,2000-04-23,8.33,8.3683,0.0383
train,2000-04-24,8.31,8.2888,-0.0212
train,2000-04-25,8.87,8.6951,-0.1749
train,2000-04-26,7.626,7.5506,-0.0754
train,2000-04-27,8.71,8.7253,0.0153
train,2000-04-28,8.46,8.5023,0.0423
train,2000-04-29,8.52,8.4884,-0.0316
train,2000-04-30,8.47,8.4554,-0.0146
train,2000-05-01,8.136,8.1369,0.0009
train,2000-05-02,8.26,8.2558,-0.0042
train,2000-05-03,8.584,8.6886,0.1046
train,2000-05-04,8.52,8.5747,0.0547
train,2000-05-05,8.48,8.5001,0.0201
train,2000-05-06,9.646,9.7669,0.1209
train,2000-05-07,8.684,8.7619,0.0779
train,2000-05-08,8.71,8.6907,-0.0193
train,2000-05-09,8.38,8.3918,0.0118
train,2000-05-10,9.08,8.8804,-0.1996
train,2000-05-11,9.76,9.7965,0.0365
train,2000-05-12,8.896,8.8529,-0.0431
train,2000-05-13,9.036,8.4316,-0.6044
train,2000-05-14,8.34,8.379,0.039
train,2000-05-15,8.91,8.9126,0.0026
train,2000-05-16,8.84,8.7899,-0.0501
train,2000-05-17,9.08,9.0815,0.0015
train,2000-05-18,8.46,8.4454,-0.0146
train,2000-05-19,10.19,9.5158,-0.6742
train,2000-05-20,8.42,8.4442,0.0242
train,2000-05-21,9.12,9.6598,0.5398
train,2000-05-22,9.82,9.5152,-0.3048
train,2000-05-23,8.45,8.5929,0.1429
train,2000-05-24,8.41,8.4087,-0.0013
train,2000-05-25,8.58,8.6368,0.0568
train,2000-05-26,8.542,8.4023,-0.1397
train,2000-05-27,9.21,9.4839,0.2739
train,2000-05-28,8.8,8.7981,-0.0019
train,2000-05-29,8.342,8.3244,-0.0176
train,2000-05-30,7.522,7.831,0.309
train,2000-05-31,7.82,7.8024,-0.0176
train,2000-06-01,8.36,8.3763,0.0163
train,2000-06-02,9.618,10.3353,0.7173
train,2000-06-03,9.062,9.2214,0.1594
train,2000-06-04,8.61,8.7181,0.1081
train,2000-06-05,8.67,8.7339,0.0639
train,2000-06-06,9.148,9.0728,-0.0752
train,2000-06-07,8.66,8.3831,-0.2769
train,2000-06-08,6.69,6.6962,0.0062
train,2000-06-09,8.39,8.4097,0.0197
train,2000-06-10,8.46,8.4706,0.0106
train,2000-06-11,8.75,8.6809,-0.0691
train,2000-06-12,8.5,8.6658,0.1658
train,2000-06-13,8.49,8.595,0.105
train,2000-06-14,10.36,10.0748,-0.2852
train,2000-06-15,8.39,8.359,-0.031
train,2000-06-16,8.472,8.9005,0.4285
train,2000-06-17,6.85,6.8324,-0.0176
train,2000-06-18,8.48,8.5106,0.0306
train,2000-06-19,9.79,8.6683,-1.1217
train,2000-06-20,8.37,8.4782,0.1082
train,2000-06-21,10.72,10.556,-0.164
train,2000-06-22,8.62,8.7737,0.1537
train,2000-06-23,9.592,9.9369,0.3449
train,2000-06-24,8.88,8.7192,-0.1608
train,2000-06-25,8.604,8.6788,0.0748
train,2000-06-26,11.524,11.239,-0.285
train,2000-06-27,8.29,8.297,0.007
train,2000-06-28,8.8,8.832,0.032
train,2000-06-29,8.47,8.5243,0.0543
train,2000-06-30,10.28,10.2955,0.0155
train,2000-07-01,8.58,8.6117,0.0317
train,2000-07-02,8.194,8.191,-0.003
train,2000-07-03,8.58,8.6138,0.0338
train,2000-07-04,9.72,8.9808,-0.7392
train,2000-07-05,8.26,8.2297,-0.0303
train,2000-07-06,8.106,8.1192,0.0132
train,2000-07-07,9.25,9.2026,-0.0474
train,2000-07-08,8.678,8.6062,-0.0718
train,2000-07-09,9.34,9.7086,0.3686
train,2000-07-10,8.37,8.4447,0.0747
train,2000-07-11,8.41,8.4247,0.0147
train,2000-07-12,8.54,8.4848,-0.0552
train,2000-07-13,9.13,8.547,-0.583
train,2000-07-14,8.06,8.064,0.004
train,2000-07-15,8.074,8.1842,0.1102
train,2000-07-16,8.36,8.3982,0.0382
train,2000-07-17,9.008,8.808,-0.2
train,2000-07-18,8.65,8.6396,-0.0104
train,2000-07-19,8.95,8.7135,-0.2365
train,2000-07-20,7.856,8.0066,0.1506
train,2000-07-21,8.63,8.6209,-0.0091
train,2000-07-22,8.026,8.1154,0.0894
train,2000-07-23,8.536,8.5999,0.0639
train,2000-07-24,8.61,8.5732,-0.0368
train,2000-07-25,8.812,9.0914,0.2794
train,2000-07-26,8.36,8.3933,0.0333
train,2000-07-27,8.444,8.5086,0.0646
train,2000-07-28,9.236,8.6973,-0.5387
train,2000-07-29,8.56,8.523,-0.037
train,2000-07-30,8.55,8.5675,0.0175
train,2000-07-31,9.532,9.8855,0.3535
train,2000-08-01,8.128,8.1594,0.0314
train,2000-08-02,8.54,8.4942,-0.0458
train,2000-08-03,12.42,11.4088,-1.0112
train,2000-08-04,8.842,8.9932,0.1512
train,2000-08-05,9.48,9.9072,0.4272
train,2000-08-06,8.17,8.2055,0.0355
train,2000-08-07,8.866,8.8548,-0.0112
train,2000-08-08,8.67,9.0193,0.3493
train,2000-08-09,8.21,8.2247,0.0147
train,2000-08-10,8.5,8.4959,-0.0041
train,2000-08-11,8.1,8.12,0.02
train,2000-08-12,8.53,8.5267,-0.0033
train,2000-08-13,8.52,8.6616,0.1416
train,2000-08-14,8.26,8.3119,0.0519
train,2000-08-15,8.5,8.5228,0.0228
train,2000-08-16,8.224,8.3582,0.1342
train,2000-08-17,8.5,8.5604,0.0604
train,2000-08-18,8.54,8.5454,0.0054
train,2000-08-19,8.32,8.3585,0.0385
train,2000-08-20,8.44,8.4538,0.0138
train,2000-08-21,8.35,8.3865,0.0365
train,2000-08-22,7.042,6.715,-0.327
train,2000-08-23,11.566,10.2652,-1.3008
train,2000-08-24,8.252,8.3096,0.0576
train,2000-08-25,8.122,8.1462,0.0242
train,2000-08-26,10.62,10.7806,0.1606
train,2000-08-27,9.32,9.4125,0.0925
train,2000-08-28,8.08,8.065,-0.015
train,2000-08-29,8.48,8.4876,0.0076
train,2000-08-30,8.73,8.4581,-0.2719
train,2000-08-31,8.78,8.8223,0.0423
train,2000-09-01,8.86,8.8264,-0.0336
train,2000-09-02,7.606,7.8112,0.2052
train,2000-09-03,8.76,8.7135,-0.0465
train,2000-09-04,8.68,8.6628,-0.0172
train,2000-09-05,8.53,8.5596,0.0296
train,2000-09-06,8.724,8.74,0.016
train,2000-09-07,8.26,8.2798,0.0198
train,2000-09-08,8.42,8.6566,0.2366
train,2000-09-09,8.43,8.4246,-0.0054
train,2000-09-10,8.53,8.5297,-0.0003
train,2000-09-11,8.14,8.1689,0.0289
train,2000-09-12,8.32,8.3646,0.0446
train,2000-09-13,9.41,8.9988,-0.4112
train,2000-09-14,7.14,7.1513,0.0113
train,2000-09-15,8.176,8.2176,0.0416
train,2000-09-16,8.5,8.5147,0.0147
train,2000-09-17,8.62,8.6561,0.0361
train,2000-09-18,8.45,8.4626,0.0126
train,2000-09-19,8.606,8.4393,-0.1667
train,2000-09-20,8.76,9.2888,0.5288
train,2000-09-21,8.536,8.5959,0.0599
train,2000-09-22,8.46,8.4698,0.0098
train,2000-09-23,9.27,9.3221,0.0521
train,2000-09-24,8.6,8.6083,0.0083
train,2000-09-25,10.05,9.3146,-0.7354
train,2000-09-26,7.934,8.0192,0.0852
train,2000-09-27,8.666,8.7165,0.0505
train,2000-09-28,8.4,8.4074,0.0074
train,2000-09-29,8.56,8.7183,0.1583
train,2000-09-30,8.63,9.0802,0.4502
train,2000-10-01,9.848,10.3021,0.4541
train,2000-10-02,8.554,8.157,-0.397
train,2000-10-03,9.324,9.5541,0.2301
train,2000-10-04,8.64,8.6567,0.0167
train,2000-10-05,8.82,8.828,0.008
train,2000-10-06,9.228,9.4129,0.1849
train,2000-10-07,8.116,8.1317,0.0157
train,2000-10-08,8.5,8.5487,0.0487
train,2000-10-09,9.73,9.4085,-0.3215
train,2000-10-10,8.65,8.6965,0.0465
train,2000-10-11,8.52,8.525,0.005
train,2000-10-12,8.4,8.3997,-0.0003
train,2000-10-13,8.79,8.9525,0.1625
train,2000-10-14,8.51,8.5295,0.0195
train,2000-10-15,8.41,8.7172,0.3072
train,2000-10-16,9.03,9.019,-0.011
train,2000-10-17,8.648,8.763,0.115
train,2000-10-18,9.26,9.3979,0.1379
train,2000-10-19,8.39,8.4456,0.0556
train,2000-10-20,9.33,9.5534,0.2234
train,2000-10-21,11.99,10.7741,-1.2159
train,2000-10-22,8.418,8.665,0.247
train,2000-10-23,8.46,8.4361,-0.0239
train,2000-10-24,8.728,9.1391,0.4111
train,2000-10-25,8.3,8.3108,0.0108
train,2000-10-26,7.912,7.9829,0.0709
train,2000-10-27,8.546,8.7004,0.1544
train,2000-10-28,8.65,9.0772,0.4272
train,2000-10-29,8.4,8.4877,0.0877
train,2000-10-30,8.76,8.6641,-0.0959
train,2000-10-31,8.4,7.8193,-0.5807
train,2000-11-01,8.37,8.4621,0.0921
train,2000-11-02,9.42,9.9297,0.5097
train,2000-11-03,8.52,8.5007,-0.0193
train,2000-11-04,7.432,7.428,-0.004
train,2000-11-05,9.794,9.1528,-0.6412
train,2000-11-06,8.114,8.1744,0.0604
train,2000-11-07,7.134,6.9017,-0.2323
train,2000-11-08,8.51,8.5241,0.0141
train,2000-11-09,8.88,8.6708,-0.2092
train,2000-11-10,8.4,8.4482,0.0482
train,2000-11-11,8.55,8.6022,0.0522
train,2000-11-12,8.26,8.3419,0.0819
train,2000-11-13,7.65,7.7555,0.1055
train,2000-11-14,8.38,8.3921,0.0121
train,2000-11-15,8.336,8.3792,0.0432
train,2000-11-16,7.5,7.4959,-0.0041
train,2000-11-17,8.91,9.0308,0.1208
train,2000-11-18,9.292,9.1922,-0.0998
train,2000-11-19,8.142,8.1489,0.0069
train,2000-11-20,7.926,7.955,0.029
train,2000-11-21,8.89,8.907,0.017
train,2000-11-22,9.23,9.1273,-0.1027
train,2000-11-23,8.36,8.3762,0.0162
train,2000-11-24,7.572,7.5826,0.0106
train,2000-11-25,8.604,8.7048,0.1008
train,2000-11-26,8.37,8.3964,0.0264
train,2000-11-27,8.43,8.3784,-0.0516
train,2000-11-28,8.48,8.5836,0.1036
train,2000-11-29,9.248,8.6855,-0.5625
train,2000-11-30,8.118,8.1415,0.0235
train,2000-12-01,10.116,10.0865,-0.0295
train,2000-12-02,8.66,8.4777,-0.1823
train,2000-12-03,8.794,8.9753,0.1813
train,2000-12-04,9.14,9.553,0.413
train,2000-12-05,8.35,8.3627,0.0127
train,2000-12-06,8.71,8.5856,-0.1244
train,2000-12-07,8.48,8.4784,-0.0016
train,2000-12-08,9.67,10.0619,0.3919
train,2000-12-09,8.48,8.4938,0.0138
train,2000-12-10,8.63,8.7362,0.1062
train,2000-12-11,8.28,8.3228,0.0428
train,2000-12-12,8.35,8.3782,0.0282
train,2000-12-13,10.096,9.9674,-0.1286
train,2000-12-14,8.174,8.2337,0.0597
train,2000-12-15,8.77,8.78,0.01
train,2000-12-16,8.548,8.6259,0.0779
train,2000-12-17,8.39,8.3859,-0.0041
train,2000-12-18,9.03,9.8029,0.7729
train,2000-12-19,8.426,8.4275,0.0015
train,2000-12-20,8.56,8.6267,0.0667
train,2000-12-21,9.97,9.5309,-0.4391
train,2000-12-22,9.73,9.3477,-0.3823
train,2000-12-23,8.48,8.481,0.001
train,2000-12-24,8.888,9.1855,0.2975
train,2000-12-25,8.63,8.6454,0.0154
train,2000-12-26,8.41,8.3689,-0.0411
train,2000-12-27,8.54,8.5337,-0.0063
train,2000-12-28,8.44,8.4651,0.0251
train,2000-12-29,9.66,10.0498,0.3898
train,2000-12-30,8.59,8.6824,0.0924
train,2000-12-31,8.94,8.669,-0.271
train,2001-01-01,8.63,8.6013,-0.0287
train,2001-01-02,8.59,8.7718,0.1818
train,2001-01-03,8.68,8.6368,-0.0432
train,2001-01-04,8.69,8.6895,-0.0005
train,2001-01-05,8.11,8.1367,0.0267
train,2001-01-06,8.36,8.3974,0.0374
train,2001-01-07,8.25,8.2538,0.0038
train,2001-01-08,6.906,7.1017,0.1957
train,2001-01-09,9.06,9.0885,0.0285
train,2001-01-10,9.004,9.2248,0.2208
train,2001-01-11,8.09,8.1089,0.0189
train,2001-01-12,6.47,6.5909,0.1209
train,2001-01-13,8.524,8.5876,0.0636
train,2001-01-14,8.59,8.6147,0.0247
train,2001-01-15,8.05,8.0812,0.0312
train,2001-01-16,8.59,8.599,0.009
train,2001-01-17,8.146,8.1724,0.0264
train,2001-01-18,8.214,8.0628,-0.1512
train,2001-01-19,8.85,9.2007,0.3507
train,2001-01-20,8.784,8.9122,0.1282
train,2001-01-21,8.42,8.3622,-0.0578
train,2001-01-22,8.98,9.1017,0.1217
train,2001-01-23,9.39,9.4071,0.0171
train,2001-01-24,8.62,8.6198,-0.0002
train,2001-01-25,9.16,9.1116,-0.0484
train,2001-01-26,9.502,9.5363,0.0343
train,2001-01-27,8.01,8.0384,0.0284
train,2001-01-28,6.514,6.646,0.132
train,2001-01-29,9.07,9.1277,0.0577
train,2001-01-30,8.022,8.0329,0.0109
train,2001-01-31,8.53,8.6583,0.1283
train,2001-02-01,8.72,8.6524,-0.0676
train,2001-02-02,8.42,8.4244,0.0044
train,2001-02-03,8.366,8.4112,0.0452
train,2001-02-04,10.186,11.092,0.906
train,2001-02-05,8.396,8.4458,0.0498
train,2001-02-06,8.83,9.0064,0.1764
train,2001-02-07,8.452,8.5768,0.1248
train,2001-02-08,8.61,8.408,-0.202
train,2001-02-09,8.65,8.6595,0.0095
train,2001-02-10,10.28,9.7523,-0.5277
train,2001-02-11,8.7,8.7084,0.0084
train,2001-02-12,9.08,8.6449,-0.4351
train,2001-02-13,8.93,8.7531,-0.1769
train,2001-02-14,8.99,8.914,-0.076
train,2001-02-15,8.31,8.3476,0.0376
train,2001-02-16,8.622,8.7449,0.1229
train,2001-02-17,9.228,8.9817,-0.2463
train,2001-02-18,8.61,8.6466,0.0366
train,2001-02-19,8.73,9.259,0.529
train,2001-02-20,9.43,9.5707,0.1407
train,2001-02-21,8.85,8.9874,0.1374
train,2001-02-22,8.59,8.5899,-0.0001
train,2001-02-23,8.53,8.5125,-0.0175
train,2001-02-24,8.44,8.6502,0.2102
train,2001-02-25,9.704,9.9974,0.2934
train,2001-02-26,8.57,8.6161,0.0461
train,2001-02-27,9.19,9.2859,0.0959
train,2001-02-28,8.76,8.9392,0.1792
train,2001-03-01,8.3,8.376,0.076
train,2001-03-02,8.84,8.7476,-0.0924
train,2001-03-03,8.512,8.4868,-0.0252
train,2001-03-04,9.02,9.1026,0.0826
train,2001-03-05,8.48,8.6704,0.1904
train,2001-03-06,9.83,10.0496,0.2196
train,2001-03-07,9.21,9.8095,0.5995
train,2001-03-08,8.196,8.2444,0.0484
train,2001-03-09,9.444,9.5008,0.0568
train,2001-03-10,8.346,8.5144,0.1684
train,2001-03-11,8.44,8.4508,0.0108
train,2001-03-12,10.3,9.5698,-0.7302
train,2001-03-13,9.04,8.7441,-0.2959
train,2001-03-14,9.39,9.1975,-0.1925
train,2001-03-15,8.1,8.1329,0.0329
train,2001-03-16,8.44,8.4484,0.0084
train,2001-03-17,8.51,8.4997,-0.0103
train,2001-03-18,8.62,8.4072,-0.2128
train,2001-03-19,8.156,8.1449,-0.0111
train,2001-03-20,7.552,7.6821,0.1301
train,2001-03-21,8.38,8.3765,-0.0035
train,2001-03-22,8.73,8.6589,-0.0711
train,2001-03-23,8.38,8.4231,0.0431
train,2001-03-24,8.05,8.2445,0.1945
train,2001-03-25,8.37,8.4012,0.0312
train,2001-03-26,8.34,8.2875,-0.0525
train,2001-03-27,8.45,8.5103,0.0603
train,2001-03-28,8.43,8.4485,0.0185
train,2001-03-29,8.8,8.8913,0.0913
train,2001-03-30,8.5,8.5458,0.0458
train,2001-03-31,8.6,8.6999,0.0999
train,2001-04-01,8.99,8.8666,-0.1234
train,2001-04-02,8.92,8.8528,-0.0672
train,2001-04-03,8.7,8.6588,-0.0412
train,2001-04-04,8.46,8.4939,0.0339
train,2001-04-05,8.58,8.5877,0.0077
train,2001-04-06,8.48,8.5196,0.0396
train,2001-04-07,9.2,9.3339,0.1339
train,2001-04-08,8.5,8.5488,0.0488
train,2001-04-09,9.24,9.4635,0.2235
train,2001-04-10,9.56,9.7611,0.2011
train,2001-04-11,8.51,8.5158,0.0058
train,2001-04-12,9.26,9.6828,0.4228
train,2001-04-13,8.42,8.4519,0.0319
train,2001-04-14,8.38,8.4063,0.0263
train,2001-04-15,7.932,7.9983,0.0663
train,2001-04-16,8.33,8.3768,0.0468
train,2001-04-17,8.31,8.2665,-0.0435
train,2001-04-18,8.396,8.4577,0.0617
train,2001-04-19,8.67,8.6372,-0.0328
train,2001-04-20,9.5,9.8233,0.3233
train,2001-04-21,8.45,8.3834,-0.0666
train,2001-04-22,8.93,8.5561,-0.3739
train,2001-04-23,9.99,10.5671,0.5771
train,2001-04-24,8.76,8.7454,-0.0146
train,2001-04-25,7.806,7.7524,-0.0536
train,2001-04-26,8.45,8.5542,0.1042
train,2001-04-27,8.63,8.6031,-0.0269
train,2001-04-28,8.238,8.2395,0.0015
train,2001-04-29,9.35,9.0006,-0.3494
train,2001-04-30,9.17,10.0804,0.9104
train,2001-05-01,9.19,9.1448,-0.0452
train,2001-05-02,8.75,8.7067,-0.0433
train,2001-05-03,8.37,8.4011,0.0311
train,2001-05-04,8.97,8.9583,-0.0117
train,2001-05-05,8.24,8.2808,0.0408
train,2001-05-06,9.23,9.9718,0.7418
train,2001-05-07,8.4,8.534,0.134
train,2001-05-08,9.89,9.8094,-0.0806
train,2001-05-09,7.904,8.0369,0.1329
train,2001-05-10,8.51,8.5586,0.0486
train,2001-05-11,8.9,8.9877,0.0877
train,2001-05-12,10.39,10.5254,0.1354
train,2001-05-13,8.4,8.4813,0.0813
train,2001-05-14,8.48,8.4999,0.0199
train,2001-05-15,8.63,8.6706,0.0406
train,2001-05-16,8.86,9.1014,0.2414
train,2001-05-17,9.026,8.9626,-0.0634
train,2001-05-18,8.35,8.3747,0.0247
train,2001-05-19,9.2,9.7448,0.5448
train,2001-05-20,9.666,9.8491,0.1831
train,2001-05-21,9.276,8.9295,-0.3465
train,2001-05-22,8.284,8.2854,0.0014
train,2001-05-23,8.28,8.2837,0.0037
train,2001-05-24,9.75,9.6289,-0.1211
train,2001-05-25,8.4,8.4547,0.0547
train,2001-05-26,8.38,8.4065,0.0265
train,2001-05-27,8.32,8.3722,0.0522
train,2001-05-28,8.51,8.4831,-0.0269
train,2001-05-29,8.084,8.1,0.016
train,2001-05-30,8.646,8.8614,0.2154
train,2001-05-31,9.872,10.0114,0.1394
train,2001-06-01,8.25,8.2895,0.0395
train,2001-06-02,8.826,8.9677,0.1417
train,2001-06-03,8.46,8.4598,-0.0002
train,2001-06-04,8.73,8.8943,0.1643
train,2001-06-05,10.15,9.8821,-0.2679
train,2001-06-06,9.534,9.7938,0.2598
train,2001-06-07,8.7,8.6855,-0.0145
train,2001-06-08,9.624,9.6324,0.0084
train,2001-06-09,8.85,9.3454,0.4954
train,2001-06-10,8.2,8.2716,0.0716
train,2001-06-11,9.018,9.2446,0.2266
train,2001-06-12,9.8,9.2225,-0.5775
train,2001-06-13,8.25,8.3038,0.0538
train,2001-06-14,8.26,8.3017,0.0417
train,2001-06-15,6.864,6.9731,0.1091
train,2001-06-16,8.464,8.5896,0.1256
train,2001-06-17,8.36,8.379,0.019
train,2001-06-18,10.054,10.635,0.581
train,2001-06-19,8.52,8.5404,0.0204
train,2001-06-20,8.876,8.9089,0.0329
train,2001-06-21,8.35,8.3594,0.0094
train,2001-06-22,8.038,8.0388,0.0008
train,2001-06-23,9.548,8.8564,-0.6916
train,2001-06-24,8.78,8.7618,-0.0182
train,2001-06-25,9.466,9.3921,-0.0739
train,2001-06-26,8.34,8.2388,-0.1012
train,2001-06-27,8.37,8.4023,0.0323
train,2001-06-28,8.8,8.8026,0.0026
train,2001-06-29,9.36,9.4569,0.0969
train,2001-06-30,9.09,9.1626,0.0726
train,2001-07-01,9.01,9.0398,0.0298
train,2001-07-02,8.47,8.4896,0.0196
train,2001-07-03,8.38,8.5558,0.1758
train,2001-07-04,9.13,9.1439,0.0139
train,2001-07-05,9.18,9.449,0.269
train,2001-07-06,8.592,8.6082,0.0162
train,2001-07-07,9.77,8.8533,-0.9167
train,2001-07-08,8.13,8.1768,0.0468
train,2001-07-09,9.17,9.7285,0.5585
train,2001-07-10,12.41,11.1997,-1.2103
train,2001-07-11,8.67,8.8074,0.1374
train,2001-07-12,8.432,8.4725,0.0405
train,2001-07-13,9.18,9.1586,-0.0214
train,2001-07-14,8.694,8.6476,-0.0464
train,2001-07-15,8.582,8.4234,-0.1586
train,2001-07-16,8.91,8.8754,-0.0346
train,2001-07-17,8.66,8.7044,0.0444
train,2001-07-18,7.19,7.1978,0.0078
train,2001-07-19,8.44,8.4885,0.0485
train,2001-07-20,8.73,8.7349,0.0049
train,2001-07-21,8.47,8.4804,0.0104
train,2001-07-22,8.704,9.1214,0.4174
train,2001-07-23,9.72,9.8984,0.1784
train,2001-07-24,8.026,8.0349,0.0089
train,2001-07-25,8.41,8.4624,0.0524
train,2001-07-26,8.41,8.4298,0.0198
train,2001-07-27,8.254,8.239,-0.015
train,2001-07-28,8.472,8.5151,0.0431
train,2001-07-29,8.58,8.591,0.011
train,2001-07-30,8.58,8.5946,0.0146
train,2001-07-31,8.31,8.3497,0.0397
train,2001-08-01,9.31,9.4904,0.1804
train,2001-08-02,9.66,9.438,-0.222
train,2001-08-03,8.39,8.5094,0.1194
train,2001-08-04,8.62,8.4936,-0.1264
train,2001-08-05,7.606,7.64,0.034
train,2001-08-06,8.58,8.5827,0.0027
train,2001-08-07,8.06,8.0869,0.0269
train,2001-08-08,10.74,10.7609,0.0209
train,2001-08-09,8.074,8.0466,-0.0274
train,2001-08-10,9.33,9.4971,0.1671
train,2001-08-11,9.56,9.558,-0.002
train,2001-08-12,8.4,8.4244,0.0244
train,2001-08-13,8.454,8.4641,0.0101
train,2001-08-14,7.54,7.5703,0.0303
train,2001-08-15,8.02,8.0534,0.0334
train,2001-08-16,8.19,8.1951,0.0051
train,2001-08-17,8.44,8.4598,0.0198
train,2001-08-18,8.59,8.5783,-0.0117
train,2001-08-19,8.672,8.655,-0.017
train,2001-08-20,8.066,8.0717,0.0057
train,2001-08-21,9.07,8.8702,-0.1998
train,2001-08-22,8.61,8.6436,0.0336
train,2001-08-23,10.07,9.6716,-0.3984
train,2001-08-24,8.65,8.4047,-0.2453
train,2001-08-25,8.926,9.2494,0.3234
train,2001-08-26,8.85,8.8136,-0.0364
train,2001-08-27,8.9,8.8993,-0.0007
train,2001-08-28,9.45,9.526,0.076
train,2001-08-29,11.79,10.9017,-0.8883
train,2001-08-30,8.314,8.3218,0.0078
train,2001-08-31,9.36,9.6341,0.2741
train,2001-09-01,8.02,8.0897,0.0697
train,2001-09-02,11.88,10.9466,-0.9334
train,2001-09-03,8.67,8.7927,0.1227
train,2001-09-04,10.026,10.1112,0.0852
train,2001-09-05,8.87,9.0273,0.1573
train,2001-09-06,9.03,9.4984,0.4684
train,2001-09-07,8.69,8.6718,-0.0182
train,2001-09-08,8.676,8.9545,0.2785
train,2001-09-09,9.21,9.4881,0.2781
train,2001-09-10,9.73,9.0391,-0.6909
train,2001-09-11,9.47,9.6931,0.2231
train,2001-09-12,8.99,9.1055,0.1155
train,2001-09-13,7.806,7.6525,-0.1535
train,2001-09-14,9.12,9.1717,0.0517
train,2001-09-15,8.852,8.8528,0.0008
train,2001-09-16,8.42,8.4165,-0.0035
train,2001-09-17,9.7,9.9643,0.2643
train,2001-09-18,9.374,8.8153,-0.5587
train,2001-09-19,9.36,9.4796,0.1196
train,2001-09-20,10.102,9.0139,-1.0881
train,2001-09-21,8.49,8.5205,0.0305
train,2001-09-22,8.648,8.8286,0.1806
train,2001-09-23,8.67,8.6495,-0.0205
train,2001-09-24,8.97,9.1337,0.1637
train,2001-09-25,9.4,8.7673,-0.6327
train,2001-09-26,9.54,8.9363,-0.6037
train,2001-09-27,8.48,8.3851,-0.0949
train,2001-09-28,8.36,8.385,0.025
train,2001-09-29,8.14,8.1877,0.0477
train,2001-09-30,10.18,9.3212,-0.8588
train,2001-10-01,8.35,8.3968,0.0468
train,2001-10-02,8.532,8.5614,0.0294
train,2001-10-03,8.302,8.3609,0.0589
train,2001-10-04,8.3,8.3144,0.0144
train,2001-10-05,8.64,8.5993,-0.0407
train,2001-10-06,8.36,8.5144,0.1544
train,2001-10-07,8.078,8.1269,0.0489
train,2001-10-08,12.03,11.4783,-0.5517
train,2001-10-09,9.0,9.0779,0.0779
train,2001-10-10,8.45,8.4444,-0.0056
train,2001-10-11,8.062,8.0654,0.0034
train,2001-10-12,9.75,9.6755,-0.0745
train,2001-10-13,7.77,7.7524,-0.0176
train,2001-10-14,8.36,8.4224,0.0624
train,2001-10-15,7.71,7.7115,0.0015
train,2001-10-16,9.68,9.7206,0.0406
train,2001-10-17,9.23,8.8204,-0.4096
train,2001-10-18,8.64,8.6324,-0.0076
train,2001-10-19,9.43,9.5066,0.0766
train,2001-10-20,9.25,9.3138,0.0638
train,2001-10-21,9.39,9.2282,-0.1618
train,2001-10-22,8.66,8.6512,-0.0088
train,2001-10-23,8.648,8.7899,0.1419
train,2001-10-24,8.49,8.513,0.023
train,2001-10-25,10.26,10.4739,0.2139
train,2001-10-26,8.37,8.392,0.022
train,2001-10-27,8.72,8.8612,0.1412
train,2001-10-28,9.13,9.3312,0.2012
train,2001-10-29,8.52,8.5442,0.0242
train,2001-10-30,8.16,8.3189,0.1589
train,2001-10-31,8.48,8.5047,0.0247
train,2001-11-01,8.25,8.2775,0.0275
train,2001-11-02,8.988,8.9927,0.0047
train,2001-11-03,8.39,8.408,0.018
train,2001-11-04,8.25,8.3036,0.0536
train,2001-11-05,9.182,9.3399,0.1579
train,2001-11-06,9.52,9.3259,-0.1941
train,2001-11-07,9.41,9.0484,-0.3616
train,2001-11-08,8.73,8.5536,-0.1764
train,2001-11-09,8.38,8.4115,0.0315
train,2001-11-10,8.48,8.4819,0.0019
train,2001-11-11,8.42,8.4114,-0.0086
train,2001-11-12,8.54,8.5265,-0.0135
train,2001-11-13,8.4,8.3957,-0.0043
train,2001-11-14,8.97,9.1599,0.1899
train,2001-11-15,9.34,9.4216,0.0816
train,2001-11-16,8.27,8.2994,0.0294
train,2001-11-17,9.37,9.6975,0.3275
train,2001-11-18,10.52,10.1517,-0.3683
train,2001-11-19,8.31,8.3074,-0.0026
train,2001-11-20,9.89,10.5118,0.6218
train,2001-11-21,8.8,8.8114,0.0114
train,2001-11-22,8.36,8.5102,0.1502
train,2001-11-23,7.538,7.5647,0.0267
train,2001-11-24,10.29,10.1655,-0.1245
train,2001-11-25,8.61,8.6832,0.0732
train,2001-11-26,8.62,8.593,-0.027
train,2001-11-27,8.572,8.7273,0.1553
train,2001-11-28,9.32,9.3898,0.0698
train,2001-11-29,8.88,8.8864,0.0064
train,2001-11-30,9.08,9.3538,0.2738
train,2001-12-01,7.974,8.1126,0.1386
train,2001-12-02,10.06,9.9581,-0.1019
train,2001-12-03,9.472,9.4248,-0.0472
train,2001-12-04,8.84,9.3048,0.4648
train,2001-12-05,9.12,9.246,0.126
train,2001-12-06,8.074,8.1763,0.1023
train,2001-12-07,7.1,7.1541,0.0541
train,2001-12-08,9.8,10.1438,0.3438
train,2001-12-09,7.174,7.3192,0.1452
train,2001-12-10,8.43,8.4802,0.0502
train,2001-12-11,8.38,8.3999,0.0199
train,2001-12-12,10.8,10.0145,-0.7855
train,2001-12-13,9.026,9.2834,0.2574
train,2001-12-14,8.46,8.4948,0.0348
train,2001-12-15,8.61,8.78,0.17
train,2001-12-16,8.268,8.382,0.114
train,2001-12-17,8.192,8.1374,-0.0546
train,2001-12-18,8.69,8.6231,-0.0669
train,2001-12-19,9.01,9.2907,0.2807
train,2001-12-20,8.57,8.5466,-0.0234
train,2001-12-21,8.37,8.4613,0.0913
train,2001-12-22,8.45,9.1169,0.6669
train,2001-12-23,8.04,8.0698,0.0298
train,2001-12-24,8.35,8.4051,0.0551
train,2001-12-25,8.58,8.7983,0.2183
train,2001-12-26,8.28,8.2665,-0.0135
train,2001-12-27,8.13,8.1275,-0.0025
train,2001-12-28,8.82,8.743,-0.077
train,2001-12-29,8.31,8.4888,0.1788
train,2001-12-30,8.27,8.3161,0.0461
train,2001-12-31,8.59,8.5431,-0.0469
train,2002-01-01,8.72,8.7322,0.0122
train,2002-01-02,9.06,9.1635,0.1035
train,2002-01-03,8.512,9.107,0.595
train,2002-01-04,8.592,8.6038,0.0118
train,2002-01-05,10.382,10.634,0.252
train,2002-01-06,8.18,8.2197,0.0397
train,2002-01-07,8.954,9.1875,0.2335
train,2002-01-08,8.518,8.7795,0.2615
train,2002-01-09,7.75,8.0412,0.2912
train,2002-01-10,8.52,8.5558,0.0358
train,2002-01-11,8.86,8.7995,-0.0605
train,2002-01-12,10.36,8.987,-1.373
train,2002-01-13,11.73,10.6959,-1.0341
train,2002-01-14,8.94,9.0952,0.1552
train,2002-01-15,7.564,7.5268,-0.0372
train,2002-01-16,8.46,8.4854,0.0254
train,2002-01-17,8.12,8.191,0.071
train,2002-01-18,8.472,8.4684,-0.0036
train,2002-01-19,8.61,8.4114,-0.1986
train,2002-01-20,10.65,11.1641,0.5141
train,2002-01-21,8.42,8.472,0.052
train,2002-01-22,8.158,8.284,0.126
train,2002-01-23,8.96,9.077,0.117
train,2002-01-24,9.07,9.0986,0.0286
train,2002-01-25,8.59,8.5606,-0.0294
train,2002-01-26,8.81,8.7977,-0.0123
train,2002-01-27,8.596,8.5903,-0.0057
train,2002-01-28,8.6,8.6181,0.0181
train,2002-01-29,8.76,8.891,0.131
train,2002-01-30,8.43,8.4194,-0.0106
train,2002-01-31,9.26,9.258,-0.002
train,2002-02-01,7.784,7.7649,-0.0191
train,2002-02-02,8.54,8.5253,-0.0147
train,2002-02-03,8.6,8.6066,0.0066
train,2002-02-04,11.916,11.1677,-0.7483
train,2002-02-05,9.24,9.385,0.145
train,2002-02-06,8.36,8.3708,0.0108
train,2002-02-07,8.724,8.6583,-0.0657
train,2002-02-08,8.676,8.6671,-0.0089
train,2002-02-09,9.12,9.3949,0.2749
train,2002-02-10,8.79,8.7002,-0.0898
train,2002-02-11,8.65,8.6553,0.0053
train,2002-02-12,8.27,8.3217,0.0517
train,2002-02-13,8.39,8.4261,0.0361
train,2002-02-14,9.86,9.954,0.094
train,2002-02-15,8.36,8.4196,0.0596
train,2002-02-16,9.918,8.5461,-1.3719
train,2002-02-17,8.74,8.7097,-0.0303
train,2002-02-18,8.67,8.6608,-0.0092
train,2002-02-19,8.4,8.4181,0.0181
train,2002-02-20,8.83,8.7984,-0.0316
train,2002-02-21,8.57,8.5224,-0.0476
train,2002-02-22,8.57,8.5736,0.0036
train,2002-02-23,8.32,8.3577,0.0377
train,2002-02-24,8.304,8.3278,0.0238
train,2002-02-25,9.23,9.4377,0.2077
train,2002-02-26,8.21,8.1799,-0.0301
train,2002-02-27,8.32,8.4058,0.0858
train,2002-02-28,8.3,8.0444,-0.2556
train,2002-03-01,8.74,8.7215,-0.0185
train,2002-03-02,8.56,8.5749,0.0149
train,2002-03-03,8.6,8.613,0.013
train,2002-03-04,8.85,8.9987,0.1487
train,2002-03-05,7.574,7.6093,0.0353
train,2002-03-06,8.54,8.591,0.051
train,2002-03-07,9.52,9.8501,0.3301
train,2002-03-08,8.1,8.2305,0.1305
train,2002-03-09,9.676,9.4815,-0.1945
train,2002-03-10,6.464,6.6073,0.1433
train,2002-03-11,8.86,8.8151,-0.0449
train,2002-03-12,8.62,8.6141,-0.0059
train,2002-03-13,8.444,8.4564,0.0124
train,2002-03-14,10.968,9.8178,-1.1502
train,2002-03-15,8.976,8.7759,-0.2001
train,2002-03-16,8.81,8.8137,0.0037
train,2002-03-17,8.3,8.3389,0.0389
train,2002-03-18,8.84,9.0736,0.2336
train,2002-03-19,8.53,8.5378,0.0078
train,2002-03-20,9.04,9.0576,0.0176
train,2002-03-21,7.81,7.975,0.165
train,2002-03-22,8.594,9.0565,0.4625
train,2002-03-23,8.59,8.6048,0.0148
train,2002-03-24,9.078,8.6164,-0.4616
train,2002-03-25,8.44,8.6151,0.1751
train,2002-03-26,8.74,8.9487,0.2087
train,2002-03-27,8.91,9.002,0.092
train,2002-03-28,8.3,8.3286,0.0286
train,2002-03-29,8.584,9.0099,0.4259
train,2002-03-30,8.3,8.3358,0.0358
train,2002-03-31,8.55,8.8875,0.3375
train,2002-04-01,8.55,8.5718,0.0218
train,2002-04-02,8.204,8.2797,0.0757
train,2002-04-03,8.24,8.2886,0.0486
train,2002-04-04,8.43,8.3902,-0.0398
train,2002-04-05,7.762,8.0022,0.2402
train,2002-04-06,8.51,8.4772,-0.0328
train,2002-04-07,8.46,8.4705,0.0105
train,2002-04-08,8.482,8.6254,0.1434
train,2002-04-09,8.77,8.8351,0.0651
train,2002-04-10,8.476,8.4837,0.0077
train,2002-04-11,9.04,9.2116,0.1716
train,2002-04-12,9.19,9.5875,0.3975
train,2002-04-13,8.61,8.6177,0.0077
train,2002-04-14,7.66,7.66,0.0
train,2002-04-15,9.736,10.151,0.415
train,2002-04-16,8.96,8.5741,-0.3859
train,2002-04-17,8.62,8.5184,-0.1016
train,2002-04-18,8.57,8.5799,0.0099
train,2002-04-19,8.072,8.1116,0.0396
train,2002-04-20,6.426,6.5764,0.1504
train,2002-04-21,8.51,8.5332,0.0232
train,2002-04-22,11.1,10.4532,-0.6468
train,2002-04-23,8.38,8.4387,0.0587
train,2002-04-24,8.412,8.8167,0.4047
train,2002-04-25,8.45,8.4576,0.0076
train,2002-04-26,8.61,8.6312,0.0212
train,2002-04-27,8.26,8.2787,0.0187
train,2002-04-28,9.38,9.6416,0.2616
train,2002-04-29,8.78,8.7641,-0.0159
train,2002-04-30,8.52,8.5728,0.0528
train,2002-05-01,10.47,9.6902,-0.7798
train,2002-05-02,8.38,8.3197,-0.0603
train,2002-05-03,8.51,8.5269,0.0169
train,2002-05-04,9.116,8.731,-0.385
train,2002-05-05,8.62,8.6827,0.0627
train,2002-05-06,8.2,8.2395,0.0395
train,2002-05-07,8.91,8.9285,0.0185
train,2002-05-08,8.702,9.2663,0.5643
train,2002-05-09,8.09,8.1032,0.0132
train,2002-05-10,9.412,9.242,-0.17
train,2002-05-11,8.454,8.4398,-0.0142
train,2002-05-12,11.81,11.3562,-0.4538
train,2002-05-13,8.93,9.2752,0.3452
train,2002-05-14,8.74,8.6289,-0.1111
train,2002-05-15,8.49,8.4974,0.0074
train,2002-05-16,9.068,8.4262,-0.6418
train,2002-05-17,8.61,8.6416,0.0316
train,2002-05-18,8.75,8.8762,0.1262
train,2002-05-19,9.11,9.414,0.304
train,2002-05-20,7.534,7.5352,0.0012
train,2002-05-21,8.342,8.3255,-0.0165
train,2002-05-22,8.78,8.6935,-0.0865
train,2002-05-23,8.8,8.7529,-0.0471
train,2002-05-24,8.8,8.946,0.146
train,2002-05-25,8.114,8.1371,0.0231
train,2002-05-26,8.95,8.9837,0.0337
train,2002-05-27,8.39,8.434,0.044
train,2002-05-28,8.7,8.711,0.011
train,2002-05-29,8.87,9.0054,0.1354
train,2002-05-30,8.64,8.7163,0.0763
train,2002-05-31,8.106,8.1326,0.0266
train,2002-06-01,8.22,8.2544,0.0344
train,2002-06-02,8.31,8.3527,0.0427
train,2002-06-03,8.61,8.6756,0.0656
train,2002-06-04,8.196,8.2358,0.0398
train,2002-06-05,10.39,10.7403,0.3503
train,2002-06-06,8.64,8.7448,0.1048
train,2002-06-07,8.292,8.4532,0.1612
train,2002-06-08,8.33,8.3588,0.0288
train,2002-06-09,8.3,8.3431,0.0431
train,2002-06-10,8.54,8.7325,0.1925
train,2002-06-11,8.546,8.3389,-0.2071
train,2002-06-12,8.87,8.7673,-0.1027
train,2002-06-13,9.29,9.3509,0.0609
train,2002-06-14,9.04,9.2676,0.2276
train,2002-06-15,8.34,8.3296,-0.0104
train,2002-06-16,9.06,9.4338,0.3738
train,2002-06-17,8.33,8.3668,0.0368
train,2002-06-18,7.7,7.6922,-0.0078
train,2002-06-19,8.36,8.3624,0.0024
train,2002-06-20,7.846,8.1007,0.2547
train,2002-06-21,10.32,10.5654,0.2454
train,2002-06-22,8.72,8.6721,-0.0479
train,2002-06-23,8.37,8.3816,0.0116
train,2002-06-24,9.006,8.4958,-0.5102
train,2002-06-25,8.3,8.3384,0.0384
train,2002-06-26,10.05,11.0516,1.0016
train,2002-06-27,8.086,8.347,0.261
train,2002-06-28,8.81,8.6796,-0.1304
train,2002-06-29,8.642,8.7474,0.1054
train,2002-06-30,7.95,7.9977,0.0477
train,2002-07-01,8.286,8.3248,0.0388
train,2002-07-02,8.036,8.0622,0.0262
train,2002-07-03,7.502,7.5539,0.0519
train,2002-07-04,8.31,8.312,0.002
train,2002-07-05,8.446,8.458,0.012
train,2002-07-06,8.67,8.6616,-0.0084
train,2002-07-07,8.56,8.6519,0.0919
train,2002-07-08,8.556,8.6361,0.0801
train,2002-07-09,9.05,9.2083,0.1583
train,2002-07-10,8.38,8.4456,0.0656
train,2002-07-11,8.84,8.8934,0.0534
train,2002-07-12,8.46,8.467,0.007
train,2002-07-13,8.25,8.3028,0.0528
train,2002-07-14,9.026,8.8744,-0.1516
train,2002-07-15,8.96,8.9579,-0.0021
train,2002-07-16,8.93,8.9613,0.0313
train,2002-07-17,8.5,8.6057,0.1057
train,2002-07-18,9.236,9.6223,0.3863
train,2002-07-19,7.44,7.8044,0.3644
train,2002-07-20,11.66,11.5509,-0.1091
train,2002-07-21,8.93,8.9482,0.0182
train,2002-07-22,8.018,8.0565,0.0385
train,2002-07-23,9.4,8.5186,-0.8814
train,2002-07-24,8.728,8.7706,0.0426
train,2002-07-25,8.77,8.9048,0.1348
train,2002-07-26,8.76,8.7277,-0.0323
train,2002-07-27,9.33,9.2311,-0.0989
train,2002-07-28,7.836,7.8119,-0.0241
train,2002-07-29,9.42,9.263,-0.157
train,2002-07-30,9.07,8.9749,-0.0951
train,2002-07-31,8.29,8.3173,0.0273
train,2002-08-01,8.758,8.6763,-0.0817
train,2002-08-02,8.26,8.266,0.006
train,2002-08-03,8.04,8.1435,0.1035
train,2002-08-04,8.302,8.3579,0.0559
train,2002-08-05,8.368,8.4395,0.0715
train,2002-08-06,9.064,9.2496,0.1856
train,2002-08-07,8.64,8.6576,0.0176
train,2002-08-08,8.48,8.5367,0.0567
train,2002-08-09,8.102,8.4882,0.3862
train,2002-08-10,8.342,8.372,0.03
train,2002-08-11,8.42,8.4562,0.0362
train,2002-08-12,8.53,8.6298,0.0998
train,2002-08-13,8.466,8.7007,0.2347
train,2002-08-14,7.49,7.5174,0.0274
train,2002-08-15,8.78,8.7744,-0.0056
train,2002-08-16,8.51,8.5115,0.0015
train,2002-08-17,10.44,10.3676,-0.0724
train,2002-08-18,8.61,8.6201,0.0101
train,2002-08-19,8.94,8.9012,-0.0388
train,2002-08-20,8.65,8.6107,-0.0393
train,2002-08-21,8.31,8.3579,0.0479
train,2002-08-22,8.58,8.6564,0.0764
train,2002-08-23,8.62,8.5318,-0.0882
train,2002-08-24,8.814,8.8451,0.0311
train,2002-08-25,8.41,8.4254,0.0154
train,2002-08-26,8.77,8.8239,0.0539
train,2002-08-27,7.23,7.2263,-0.0037
train,2002-08-28,8.39,8.4182,0.0282
train,2002-08-29,7.23,7.224,-0.006
train,2002-08-30,8.45,8.4579,0.0079
train,2002-08-31,9.26,9.4313,0.1713
train,2002-09-01,8.024,8.0734,0.0494
train,2002-09-02,8.69,8.7794,0.0894
train,2002-09-03,8.72,8.7086,-0.0114
train,2002-09-04,8.91,8.9462,0.0362
train,2002-09-05,8.24,8.2888,0.0488
train,2002-09-06,9.286,8.6033,-0.6827
train,2002-09-07,10.77,11.3683,0.5983
train,2002-09-08,8.35,8.3511,0.0011
train,2002-09-09,8.84,8.9407,0.1007
train,2002-09-10,8.65,8.5472,-0.1028
train,2002-09-11,8.53,8.5427,0.0127
train,2002-09-12,8.46,8.5507,0.0907
train,2002-09-13,8.43,8.4347,0.0047
train,2002-09-14,8.746,8.4732,-0.2728
train,2002-09-15,8.62,8.6223,0.0023
train,2002-09-16,8.44,8.4522,0.0122
train,2002-09-17,9.82,9.8432,0.0232
train,2002-09-18,8.34,8.3764,0.0364
train,2002-09-19,8.37,8.4702,0.1002
train,2002-09-20,8.27,8.2939,0.0239
train,2002-09-21,8.52,8.5252,0.0052
train,2002-09-22,8.36,8.3424,-0.0176
train,2002-09-23,8.74,8.7653,0.0253
train,2002-09-24,8.45,8.5211,0.0711
train,2002-09-25,9.138,9.1688,0.0308
train,2002-09-26,8.114,8.1208,0.0068
train,2002-09-27,8.68,8.8321,0.1521
train,2002-09-28,9.1,9.0757,-0.0243
train,2002-09-29,8.4,8.4324,0.0324
train,2002-09-30,8.37,8.3946,0.0246
train,2002-10-01,8.884,8.9578,0.0738
train,2002-10-02,9.228,9.1071,-0.1209
train,2002-10-03,9.042,9.309,0.267
train,2002-10-04,8.5,8.4517,-0.0483
train,2002-10-05,9.042,9.2548,0.2128
train,2002-10-06,9.01,8.6637,-0.3463
train,2002-10-07,9.55,9.6795,0.1295
train,2002-10-08,8.42,8.4444,0.0244
train,2002-10-09,9.19,9.204,0.014
train,2002-10-10,8.68,8.676,-0.004
train,2002-10-11,8.704,8.7093,0.0053
train,2002-10-12,8.44,8.4499,0.0099
train,2002-10-13,8.89,9.0975,0.2075
train,2002-10-14,9.27,9.3348,0.0648
train,2002-10-15,7.638,7.8891,0.2511
train,2002-10-16,8.47,8.4117,-0.0583
train,2002-10-17,8.744,8.738,-0.006
train,2002-10-18,7.12,7.1561,0.0361
train,2002-10-19,8.536,8.6449,0.1089
train,2002-10-20,8.7,8.6675,-0.0325
train,2002-10-21,8.674,8.6789,0.0049
train,2002-10-22,9.036,9.5065,0.4705
train,2002-10-23,7.47,7.4928,0.0228
train,2002-10-24,8.458,8.5184,0.0604
train,2002-10-25,8.49,8.4416,-0.0484
train,2002-10-26,8.27,8.3892,0.1192
train,2002-10-27,8.38,8.3853,0.0053
train,2002-10-28,8.48,8.5042,0.0242
train,2002-10-29,8.48,8.4756,-0.0044
train,2002-10-30,8.6,8.6662,0.0662
train,2002-10-31,9.55,9.5959,0.0459
train,2002-11-01,8.096,8.1214,0.0254
train,2002-11-02,8.4,8.4007,0.0007
train,2002-11-03,8.542,8.877,0.335
train,2002-11-04,8.748,8.7944,0.0464
train,2002-11-05,8.55,8.5522,0.0022
train,2002-11-06,9.686,9.7992,0.1132
train,2002-11-07,8.36,8.3858,0.0258
train,2002-11-08,8.66,8.3729,-0.2871
train,2002-11-09,8.93,9.1224,0.1924
train,2002-11-10,8.226,8.2563,0.0303
train,2002-11-11,9.94,10.1223,0.1823
train,2002-11-12,8.4,8.3172,-0.0828
train,2002-11-13,8.38,8.4035,0.0235
train,2002-11-14,9.55,10.6869,1.1369
train,2002-11-15,8.92,9.175,0.255
train,2002-11-16,8.46,8.4622,0.0022
train,2002-11-17,8.822,9.2849,0.4629
train,2002-11-18,8.712,8.7428,0.0308
train,2002-11-19,7.954,7.9916,0.0376
train,2002-11-20,8.71,8.9637,0.2537
train,2002-11-21,8.53,8.5651,0.0351
train,2002-11-22,7.56,7.5802,0.0202
train,2002-11-23,8.81,9.108,0.298
train,2002-11-24,10.37,10.1926,-0.1774
train,2002-11-25,8.28,8.3282,0.0482
train,2002-11-26,8.21,8.2589,0.0489
train,2002-11-27,8.74,8.7228,-0.0172
train,2002-11-28,8.5,8.471,-0.029
train,2002-11-29,8.55,8.5924,0.0424
train,2002-11-30,8.94,9.3638,0.4238
train,2002-12-01,8.502,8.3328,-0.1692
train,2002-12-02,8.61,8.6073,-0.0027
train,2002-12-03,8.47,8.4579,-0.0121
train,2002-12-04,8.692,8.6865,-0.0055
train,2002-12-05,8.35,8.6065,0.2565
train,2002-12-06,9.312,8.9989,-0.3131
train,2002-12-07,8.39,8.3926,0.0026
train,2002-12-08,9.626,9.5026,-0.1234
train,2002-12-09,11.072,10.0156,-1.0564
train,2002-12-10,8.144,8.18,0.036
train,2002-12-11,9.6,9.7235,0.1235
train,2002-12-12,8.69,8.6825,-0.0075
train,2002-12-13,7.76,7.7981,0.0381
train,2002-12-14,8.39,8.3808,-0.0092
train,2002-12-15,8.354,8.2448,-0.1092
train,2002-12-16,9.07,8.9021,-0.1679
train,2002-12-17,9.124,9.2856,0.1616
train,2002-12-18,7.882,8.0078,0.1258
train,2002-12-19,8.816,8.9316,0.1156
train,2002-12-20,8.76,8.8112,0.0512
train,2002-12-21,10.21,10.6708,0.4608
train,2002-12-22,8.66,8.6372,-0.0228
train,2002-12-23,10.18,9.7827,-0.3973
train,2002-12-24,11.496,9.7679,-1.7281
train,2002-12-25,8.4,8.4287,0.0287
train,2002-12-26,8.78,8.773,-0.007
train,2002-12-27,11.33,10.9858,-0.3442
train,2002-12-28,8.46,8.5031,0.0431
train,2002-12-29,8.798,8.8585,0.0605
train,2002-12-30,10.284,9.7905,-0.4935
train,2002-12-31,8.47,8.4884,0.0184
train,2003-01-01,8.76,8.7194,-0.0406
train,2003-01-02,8.62,8.5606,-0.0594
train,2003-01-03,8.34,8.3757,0.0357
train,2003-01-04,8.87,9.0012,0.1312
train,2003-01-05,9.98,10.0638,0.0838
train,2003-01-06,8.76,8.7278,-0.0322
train,2003-01-07,9.0,8.9979,-0.0021
train,2003-01-08,8.64,8.887,0.247
train,2003-01-09,8.56,8.5655,0.0055
train,2003-01-10,9.14,9.1042,-0.0358
train,2003-01-11,8.38,8.4429,0.0629
train,2003-01-12,9.08,9.3829,0.3029
train,2003-01-13,8.97,9.0885,0.1185
train,2003-01-14,8.48,8.5164,0.0364
train,2003-01-15,9.276,8.7364,-0.5396
train,2003-01-16,9.32,9.3461,0.0261
train,2003-01-17,9.07,9.4224,0.3524
train,2003-01-18,8.54,8.6398,0.0998
train,2003-01-19,9.33,9.3565,0.0265
train,2003-01-20,8.96,8.9507,-0.0093
train,2003-01-21,8.31,8.34,0.03
train,2003-01-22,9.174,8.3356,-0.8384
train,2003-01-23,8.28,8.2917,0.0117
train,2003-01-24,8.48,8.4938,0.0138
train,2003-01-25,8.734,8.6956,-0.0384
train,2003-01-26,8.75,8.7769,0.0269
train,2003-01-27,9.89,8.8593,-1.0307
train,2003-01-28,8.64,8.6302,-0.0098
train,2003-01-29,8.48,8.5363,0.0563
train,2003-01-30,8.648,8.6747,0.0267
train,2003-01-31,8.644,8.7812,0.1372
train,2003-02-01,8.832,8.8232,-0.0088
train,2003-02-02,8.78,8.8518,0.0718
train,2003-02-03,9.54,9.6188,0.0788
train,2003-02-04,8.496,8.4449,-0.0511
train,2003-02-05,10.45,9.7823,-0.6677
train,2003-02-06,8.71,8.6805,-0.0295
train,2003-02-07,8.63,8.6356,0.0056
train,2003-02-08,9.62,9.6919,0.0719
train,2003-02-09,8.26,8.2822,0.0222
train,2003-02-10,11.89,11.617,-0.273
train,2003-02-11,7.89,7.9924,0.1024
train,2003-02-12,8.74,8.6199,-0.1201
train,2003-02-13,8.73,8.958,0.228
train,2003-02-14,8.58,9.3744,0.7944
train,2003-02-15,8.67,8.6563,-0.0137
train,2003-02-16,8.388,8.4931,0.1051
train,2003-02-17,8.43,8.5282,0.0982
train,2003-02-18,10.35,11.2328,0.8828
train,2003-02-19,8.27,8.3196,0.0496
train,2003-02-20,8.62,8.8351,0.2151
train,2003-02-21,8.188,8.225,0.037
train,2003-02-22,9.97,9.6632,-0.3068
train,2003-02-23,8.68,8.7806,0.1006
train,2003-02-24,8.48,8.4814,0.0014
train,2003-02-25,8.31,8.1824,-0.1276
train,2003-02-26,10.3,10.2384,-0.0616
train,2003-02-27,8.572,8.5782,0.0062
train,2003-02-28,8.41,8.432,0.022
train,2003-03-01,8.49,8.5123,0.0223
train,2003-03-02,9.494,9.1596,-0.3344
train,2003-03-03,10.29,10.252,-0.038
train,2003-03-04,8.56,9.0172,0.4572
train,2003-03-05,8.426,8.4338,0.0078
train,2003-03-06,8.626,8.6765,0.0505
train,2003-03-07,8.65,8.7398,0.0898
train,2003-03-08,8.248,8.2074,-0.0406
train,2003-03-09,8.48,8.5157,0.0357
train,2003-03-10,10.11,9.564,-0.546
train,2003-03-11,8.05,8.1338,0.0838
train,2003-03-12,7.142,7.168,0.026
train,2003-03-13,8.35,8.3863,0.0363
train,2003-03-14,7.16,7.2342,0.0742
train,2003-03-15,9.348,9.4504,0.1024
train,2003-03-16,8.73,8.9883,0.2583
train,2003-03-17,9.34,9.4105,0.0705
train,2003-03-18,8.62,8.6286,0.0086
train,2003-03-19,8.048,8.1425,0.0945
train,2003-03-20,8.98,8.9643,-0.0157
train,2003-03-21,8.46,8.4539,-0.0061
train,2003-03-22,8.314,8.5511,0.2371
train,2003-03-23,8.3,8.3499,0.0499
train,2003-03-24,8.92,9.0324,0.1124
train,2003-03-25,11.75,11.3001,-0.4499
train,2003-03-26,7.15,7.1696,0.0196
train,2003-03-27,7.146,7.2027,0.0567
train,2003-03-28,8.2,8.3376,0.1376
train,2003-03-29,8.99,9.0158,0.0258
train,2003-03-30,10.258,10.0307,-0.2273
train,2003-03-31,8.56,8.5663,0.0063
train,2003-04-01,7.47,7.5242,0.0542
train,2003-04-02,9.04,8.929,-0.111
train,2003-04-03,8.29,8.2755,-0.0145
train,2003-04-04,7.634,7.5997,-0.0343
train,2003-04-05,8.89,8.8742,-0.0158
train,2003-04-06,8.444,8.4202,-0.0238
train,2003-04-07,9.19,9.7367,0.5467
train,2003-04-08,8.87,8.7312,-0.1388
train,2003-04-09,8.28,8.308,0.028
train,2003-04-10,10.52,10.5602,0.0402
train,2003-04-11,8.38,8.4091,0.0291
train,2003-04-12,9.15,9.3288,0.1788
train,2003-04-13,9.31,9.3396,0.0296
train,2003-04-14,8.4,8.4464,0.0464
train,2003-04-15,8.57,8.5884,0.0184
train,2003-04-16,7.48,7.5042,0.0242
train,2003-04-17,8.76,8.8582,0.0982
train,2003-04-18,8.776,8.7123,-0.0637
train,2003-04-19,8.942,9.0564,0.1144
train,2003-04-20,8.49,8.4955,0.0055
train,2003-04-21,7.968,8.0154,0.0474
train,2003-04-22,8.19,8.2638,0.0738
train,2003-04-23,8.658,8.3677,-0.2903
train,2003-04-24,9.078,9.0644,-0.0136
train,2003-04-25,11.97,9.9842,-1.9858
train,2003-04-26,8.97,9.0231,0.0531
train,2003-04-27,8.58,8.57,-0.01
train,2003-04-28,8.25,8.2767,0.0267
train,2003-04-29,8.8,8.9502,0.1502
train,2003-04-30,8.942,9.2064,0.2644
train,2003-05-01,8.67,8.5674,-0.1026
train,2003-05-02,8.51,8.5294,0.0194
train,2003-05-03,8.68,8.6676,-0.0124
train,2003-05-04,7.926,7.8284,-0.0976
train,2003-05-05,8.36,8.429,0.069
train,2003-05-06,8.41,8.4595,0.0495
train,2003-05-07,8.632,9.2129,0.5809
train,2003-05-08,9.156,9.3503,0.1943
train,2003-05-09,7.536,7.5404,0.0044
train,2003-05-10,8.7,8.7097,0.0097
train,2003-05-11,8.38,8.3942,0.0142
train,2003-05-12,8.374,8.5883,0.2143
train,2003-05-13,8.56,8.5545,-0.0055
train,2003-05-14,8.4,8.4337,0.0337
train,2003-05-15,8.82,8.7845,-0.0355
train,2003-05-16,7.502,7.5123,0.0103
train,2003-05-17,7.904,7.9988,0.0948
train,2003-05-18,8.28,8.4682,0.1882
train,2003-05-19,8.38,8.4355,0.0555
train,2003-05-20,8.12,7.9893,-0.1307
train,2003-05-21,8.25,8.2993,0.0493
train,2003-05-22,8.846,9.0629,0.2169
train,2003-05-23,8.21,8.4066,0.1966
train,2003-05-24,7.644,7.6618,0.0178
train,2003-05-25,8.46,8.4508,-0.0092
train,2003-05-26,9.05,9.0608,0.0108
train,2003-05-27,9.32,8.6556,-0.6644
train,2003-05-28,8.272,8.3196,0.0476
train,2003-05-29,8.4,8.4349,0.0349
train,2003-05-30,9.6,9.5843,-0.0157
train,2003-05-31,8.39,8.4022,0.0122
train,2003-06-01,8.264,8.3738,0.1098
train,2003-06-02,8.26,8.245,-0.015
train,2003-06-03,9.466,9.7009,0.2349
train,2003-06-04,7.41,7.4017,-0.0083
train,2003-06-05,11.29,9.368,-1.922
train,2003-06-06,8.54,8.5671,0.0271
train,2003-06-07,8.73,8.4923,-0.2377
train,2003-06-08,9.17,9.522,0.352
train,2003-06-09,8.91,9.0175,0.1075
train,2003-06-10,9.65,9.4784,-0.1716
train,2003-06-11,8.6,8.6467,0.0467
train,2003-06-12,10.66,9.0673,-1.5927
train,2003-06-13,7.94,8.0233,0.0833
train,2003-06-14,9.276,9.3577,0.0817
train,2003-06-15,8.868,8.458,-0.41
train,2003-06-16,8.8,9.0759,0.2759
train,2003-06-17,8.52,8.7357,0.2157
train,2003-06-18,8.85,9.0245,0.1745
train,2003-06-19,8.22,8.1974,-0.0226
train,2003-06-20,8.136,8.2212,0.0852
train,2003-06-21,8.736,8.9019,0.1659
train,2003-06-22,9.578,9.1293,-0.4487
train,2003-06-23,8.42,8.3924,-0.0276
train,2003-06-24,11.33,11.3214,-0.0086
train,2003-06-25,8.7,8.7907,0.0907
train,2003-06-26,10.78,10.4528,-0.3272
train,2003-06-27,8.65,8.6202,-0.0298
train,2003-06-28,7.14,6.86,-0.28
train,2003-06-29,11.902,10.0612,-1.8408
train,2003-06-30,8.4,8.4204,0.0204
train,2003-07-01,10.7,9.773,-0.927
train,2003-07-02,8.36,8.3858,0.0258
train,2003-07-03,9.474,9.3838,-0.0902
train,2003-07-04,9.32,9.325,0.005
train,2003-07-05,8.67,8.6872,0.0172
train,2003-07-06,8.47,8.4576,-0.0124
train,2003-07-07,8.72,8.7119,-0.0081
train,2003-07-08,8.53,8.5143,-0.0157
train,2003-07-09,8.52,8.5166,-0.0034
train,2003-07-10,8.186,8.2049,0.0189
train,2003-07-11,7.49,7.4259,-0.0641
train,2003-07-12,8.37,8.3834,0.0134
train,2003-07-13,8.38,8.467,0.087
train,2003-07-14,8.66,8.6028,-0.0572
train,2003-07-15,8.45,8.4633,0.0133
train,2003-07-16,9.772,9.2176,-0.5544
train,2003-07-17,8.698,8.7053,0.0073
train,2003-07-18,8.64,8.634,-0.006
train,2003-07-19,9.92,9.8872,-0.0328
train,2003-07-20,8.65,8.6542,0.0042
train,2003-07-21,8.65,8.6415,-0.0085
train,2003-07-22,9.96,9.8069,-0.1531
train,2003-07-23,8.97,8.9271,-0.0429
train,2003-07-24,9.01,9.0031,-0.0069
train,2003-07-25,11.91,10.9734,-0.9366
train,2003-07-26,9.15,8.8354,-0.3146
train,2003-07-27,8.386,8.4483,0.0623
train,2003-07-28,9.01,9.2523,0.2423
train,2003-07-29,8.44,8.4665,0.0265
train,2003-07-30,8.43,8.443,0.013
train,2003-07-31,8.45,8.4697,0.0197
train,2003-08-01,8.04,8.076,0.036
train,2003-08-02,11.028,10.9008,-0.1272
train,2003-08-03,8.78,8.8634,0.0834
train,2003-08-04,8.97,8.9944,0.0244
train,2003-08-05,8.4,8.3994,-0.0006
train,2003-08-06,9.26,9.2638,0.0038
train,2003-08-07,8.748,8.8469,0.0989
train,2003-08-08,8.584,8.638,0.054
train,2003-08-09,7.75,7.7343,-0.0157
train,2003-08-10,9.276,9.3775,0.1015
train,2003-08-11,9.086,9.1636,0.0776
train,2003-08-12,8.74,8.8817,0.1417
train,2003-08-13,8.45,8.4997,0.0497
train,2003-08-14,8.424,8.446,0.022
train,2003-08-15,10.99,10.8381,-0.1519
train,2003-08-16,9.128,9.4322,0.3042
train,2003-08-17,9.09,8.8838,-0.2062
train,2003-08-18,8.78,8.6196,-0.1604
train,2003-08-19,8.51,8.5527,0.0427
train,2003-08-20,8.28,8.3297,0.0497
train,2003-08-21,8.53,8.5766,0.0466
train,2003-08-22,8.61,8.6192,0.0092
train,2003-08-23,8.18,8.1967,0.0167
train,2003-08-24,8.36,8.387,0.027
train,2003-08-25,9.56,9.9498,0.3898
train,2003-08-26,9.16,9.3084,0.1484
train,2003-08-27,8.7,8.672,-0.028
train,2003-08-28,8.59,8.5813,-0.0087
train,2003-08-29,8.6,8.5638,-0.0362
train,2003-08-30,10.144,10.2888,0.1448
train,2003-08-31,8.65,8.7866,0.1366
train,2003-09-01,8.91,9.0877,0.1777
train,2003-09-02,8.68,8.6521,-0.0279
train,2003-09-03,8.6,8.4486,-0.1514
train,2003-09-04,9.566,9.396,-0.17
train,2003-09-05,9.08,9.1002,0.0202
train,2003-09-06,8.81,9.0758,0.2658
train,2003-09-07,8.05,8.0654,0.0154
train,2003-09-08,8.55,8.5432,-0.0068
train,2003-09-09,12.02,11.6894,-0.3306
train,2003-09-10,9.2,9.0362,-0.1638
train,2003-09-11,8.1,8.1346,0.0346
train,2003-09-12,8.61,8.7651,0.1551
train,2003-09-13,8.45,8.4612,0.0112
train,2003-09-14,9.03,9.1102,0.0802
train,2003-09-15,9.76,10.1746,0.4146
train,2003-09-16,9.706,9.5799,-0.1261
train,2003-09-17,8.48,8.5334,0.0534
train,2003-09-18,9.244,9.6984,0.4544
train,2003-09-19,9.31,9.4198,0.1098
train,2003-09-20,8.224,8.2387,0.0147
train,2003-09-21,8.42,8.5588,0.1388
train,2003-09-22,8.99,8.9995,0.0095
train,2003-09-23,8.57,8.5975,0.0275
train,2003-09-24,8.012,8.087,0.075
train,2003-09-25,8.4,8.4235,0.0235
train,2003-09-26,8.336,8.373,0.037
train,2003-09-27,8.47,8.5003,0.0303
train,2003-09-28,8.314,8.3217,0.0077
train,2003-09-29,9.2,10.4012,1.2012
train,2003-09-30,9.54,10.0604,0.5204
train,2003-10-01,9.13,9.1734,0.0434
train,2003-10-02,8.74,8.7452,0.0052
train,2003-10-03,8.962,8.847,-0.115
train,2003-10-04,11.29,10.1392,-1.1508
train,2003-10-05,8.42,8.3919,-0.0281
train,2003-10-06,10.512,9.9659,-0.5461
train,2003-10-07,8.71,8.733,0.023
train,2003-10-08,8.39,8.4042,0.0142
train,2003-10-09,8.85,8.8305,-0.0195
train,2003-10-10,8.5,8.5101,0.0101
train,2003-10-11,8.49,8.4788,-0.0112
train,2003-10-12,8.76,8.7513,-0.0087
train,2003-10-13,8.41,8.4519,0.0419
train,2003-10-14,8.92,8.9117,-0.0083
train,2003-10-15,9.7,9.3507,-0.3493
train,2003-10-16,8.52,8.5784,0.0584
train,2003-10-17,8.53,8.5517,0.0217
train,2003-10-18,8.22,8.2577,0.0377
train,2003-10-19,7.77,7.7592,-0.0108
train,2003-10-20,10.214,9.6621,-0.5519
train,2003-10-21,8.41,8.4125,0.0025
train,2003-10-22,8.73,8.5776,-0.1524
train,2003-10-23,9.57,9.471,-0.099
train,2003-10-24,8.7,8.7251,0.0251
train,2003-10-25,8.53,8.5571,0.0271
train,2003-10-26,7.584,7.5478,-0.0362
train,2003-10-27,10.24,10.4817,0.2417
train,2003-10-28,8.38,8.3958,0.0158
train,2003-10-29,8.45,8.4644,0.0144
train,2003-10-30,8.09,8.1109,0.0209
train,2003-10-31,8.27,8.2936,0.0236
train,2003-11-01,8.29,8.3258,0.0358
train,2003-11-02,8.106,8.1309,0.0249
train,2003-11-03,8.42,8.3928,-0.0272
train,2003-11-04,9.23,9.2802,0.0502
train,2003-11-05,9.2,9.5519,0.3519
train,2003-11-06,9.57,9.4892,-0.0808
train,2003-11-07,10.96,9.9088,-1.0512
train,2003-11-08,8.92,8.784,-0.136
train,2003-11-09,8.81,9.0154,0.2054
train,2003-11-10,9.72,9.8753,0.1553
train,2003-11-11,9.564,9.7341,0.1701
train,2003-11-12,9.534,10.141,0.607
train,2003-11-13,8.41,8.4359,0.0259
train,2003-11-14,10.76,9.9702,-0.7898
train,2003-11-15,6.864,7.0002,0.1362
train,2003-11-16,8.9,8.8159,-0.0841
train,2003-11-17,9.26,9.3815,0.1215
train,2003-11-18,9.11,9.2548,0.1448
train,2003-11-19,8.31,8.2833,-0.0267
train,2003-11-20,8.38,8.4071,0.0271
train,2003-11-21,9.37,9.4655,0.0955
train,2003-11-22,8.87,8.8314,-0.0386
train,2003-11-23,8.09,8.138,0.048
train,2003-11-24,8.39,8.407,0.017
train,2003-11-25,8.59,8.6751,0.0851
train,2003-11-26,11.94,10.8657,-1.0743
train,2003-11-27,8.9,8.8976,-0.0024
train,2003-11-28,8.678,8.8692,0.1912
train,2003-11-29,8.21,8.2367,0.0267
train,2003-11-30,8.62,8.6102,-0.0098
train,2003-12-01,9.48,9.0621,-0.4179
train,2003-12-02,8.15,8.193,0.043
train,2003-12-03,8.5,8.508,0.008
train,2003-12-04,8.302,8.3138,0.0118
train,2003-12-05,8.052,8.7374,0.6854
train,2003-12-06,8.26,8.3156,0.0556
train,2003-12-07,8.65,8.6694,0.0194
train,2003-12-08,8.43,8.4531,0.0231
train,2003-12-09,8.81,8.7922,-0.0178
train,2003-12-10,10.37,9.9775,-0.3925
train,2003-12-11,8.31,8.2772,-0.0328
train,2003-12-12,8.51,8.5186,0.0086
train,2003-12-13,8.41,8.4878,0.0778
train,2003-12-14,8.07,8.1703,0.1003
train,2003-12-15,8.4,8.4482,0.0482
train,2003-12-16,8.976,9.3857,0.4097
train,2003-12-17,9.9,10.0513,0.1513
train,2003-12-18,8.906,8.8967,-0.0093
train,2003-12-19,8.52,8.5717,0.0517
train,2003-12-20,8.778,8.8382,0.0602
train,2003-12-21,8.83,9.0575,0.2275
train,2003-12-22,8.65,8.6281,-0.0219
train,2003-12-23,8.42,8.4422,0.0222
train,2003-12-24,8.4,8.3602,-0.0398
train,2003-12-25,8.44,8.4495,0.0095
train,2003-12-26,8.83,8.8615,0.0315
train,2003-12-27,8.69,8.6965,0.0065
train,2003-12-28,9.748,9.5102,-0.2378
train,2003-12-29,8.472,8.4837,0.0117
train,2003-12-30,8.5,8.5242,0.0242
train,2003-12-31,8.65,8.6363,-0.0137
train,2004-01-01,10.23,10.2791,0.0491
train,2004-01-02,8.85,8.8914,0.0414
train,2004-01-03,10.59,10.4579,-0.1321
train,2004-01-04,10.04,10.3203,0.2803
train,2004-01-05,8.078,8.0963,0.0183
train,2004-01-06,9.83,10.054,0.224
train,2004-01-07,8.046,8.0603,0.0143
train,2004-01-08,8.0,8.0433,0.0433
train,2004-01-09,7.154,7.1693,0.0153
train,2004-01-10,9.79,9.721,-0.069
train,2004-01-11,9.122,9.6319,0.5099
train,2004-01-12,9.458,9.8372,0.3792
train,2004-01-13,9.33,9.5666,0.2366
train,2004-01-14,8.48,8.4962,0.0162
train,2004-01-15,8.61,8.5998,-0.0102
train,2004-01-16,10.39,10.3004,-0.0896
train,2004-01-17,7.7,7.6856,-0.0144
train,2004-01-18,7.51,7.5189,0.0089
train,2004-01-19,8.69,8.7076,0.0176
train,2004-01-20,7.48,7.5375,0.0575
train,2004-01-21,8.25,8.2417,-0.0083
train,2004-01-22,9.034,9.2294,0.1954
train,2004-01-23,8.506,8.4838,-0.0222
train,2004-01-24,8.63,8.6162,-0.0138
train,2004-01-25,8.308,8.3646,0.0566
train,2004-01-26,8.99,8.9317,-0.0583
train,2004-01-27,9.33,9.4399,0.1099
train,2004-01-28,8.55,8.5624,0.0124
train,2004-01-29,8.63,8.6191,-0.0109
train,2004-01-30,7.528,7.5279,-0.0001
train,2004-01-31,8.2,8.178,-0.022
train,2004-02-01,8.37,8.3748,0.0048
train,2004-02-02,9.38,9.4638,0.0838
train,2004-02-03,8.37,8.4748,0.1048
train,2004-02-04,8.51,8.5331,0.0231
train,2004-02-05,8.268,8.2482,-0.0198
train,2004-02-06,8.41,8.4726,0.0626
train,2004-02-07,8.53,8.6177,0.0877
train,2004-02-08,8.48,8.5531,0.0731
train,2004-02-09,8.6,8.6295,0.0295
train,2004-02-10,11.092,10.7381,-0.3539
train,2004-02-11,8.4,8.4199,0.0199
train,2004-02-12,9.04,9.8465,0.8065
train,2004-02-13,8.852,8.9747,0.1227
train,2004-02-14,8.76,8.8129,0.0529
train,2004-02-15,8.138,8.1715,0.0335
train,2004-02-16,7.898,7.9874,0.0894
train,2004-02-17,8.39,8.4188,0.0288
train,2004-02-18,8.81,8.794,-0.016
train,2004-02-19,8.758,8.9738,0.2158
train,2004-02-20,8.33,8.3333,0.0033
train,2004-02-21,7.454,7.6091,0.1551
train,2004-02-22,8.224,8.2665,0.0425
train,2004-02-23,8.45,8.5591,0.1091
train,2004-02-24,8.57,8.8097,0.2397
train,2004-02-25,8.6,8.5674,-0.0326
train,2004-02-26,7.98,8.1782,0.1982
train,2004-02-27,8.27,8.2933,0.0233
train,2004-02-28,9.198,9.7756,0.5776
train,2004-02-29,8.52,8.5335,0.0135
train,2004-03-01,9.46,9.6664,0.2064
train,2004-03-02,8.38,8.4043,0.0243
train,2004-03-03,8.76,8.8402,0.0802
train,2004-03-04,9.518,9.3518,-0.1662
train,2004-03-05,8.98,9.6152,0.6352
train,2004-03-06,8.72,8.4714,-0.2486
train,2004-03-07,8.4,8.5864,0.1864
train,2004-03-08,8.71,8.7118,0.0018
train,2004-03-09,8.566,8.6257,0.0597
train,2004-03-10,8.8,8.7759,-0.0241
train,2004-03-11,8.83,8.7618,-0.0682
train,2004-03-12,8.55,8.5817,0.0317
train,2004-03-13,8.42,8.494,0.074
train,2004-03-14,10.16,9.1869,-0.9731
train,2004-03-15,11.36,10.5796,-0.7804
train,2004-03-16,8.42,8.4408,0.0208
train,2004-03-17,9.01,9.1018,0.0918
train,2004-03-18,8.4,8.4111,0.0111
train,2004-03-19,7.512,7.6131,0.1011
train,2004-03-20,8.122,8.1381,0.0161
train,2004-03-21,8.65,8.6442,-0.0058
train,2004-03-22,8.82,9.2737,0.4537
train,2004-03-23,9.94,9.379,-0.561
train,2004-03-24,8.61,8.6014,-0.0086
train,2004-03-25,9.682,10.2797,0.5977
train,2004-03-26,8.6,8.5738,-0.0262
train,2004-03-27,8.61,8.5748,-0.0352
train,2004-03-28,12.03,11.2012,-0.8288
train,2004-03-29,8.66,8.5849,-0.0751
train,2004-03-30,8.34,8.3238,-0.0162
train,2004-03-31,8.71,8.7188,0.0088
train,2004-04-01,8.97,8.4628,-0.5072
train,2004-04-02,8.5,8.5427,0.0427
train,2004-04-03,10.29,9.7335,-0.5565
train,2004-04-04,8.642,8.7254,0.0834
train,2004-04-05,8.35,8.552,0.202
train,2004-04-06,8.364,8.462,0.098
train,2004-04-07,6.64,6.7598,0.1198
train,2004-04-08,8.37,8.5729,0.2029
train,2004-04-09,8.46,8.769,0.309
train,2004-04-10,7.296,7.4026,0.1066
train,2004-04-11,8.59,8.5848,-0.0052
train,2004-04-12,9.142,9.2057,0.0637
train,2004-04-13,8.66,8.6574,-0.0026
train,2004-04-14,8.934,9.0698,0.1358
train,2004-04-15,8.48,8.4956,0.0156
train,2004-04-16,8.642,8.6796,0.0376
train,2004-04-17,8.602,8.4957,-0.1063
train,2004-04-18,8.232,8.2511,0.0191
train,2004-04-19,8.982,8.9307,-0.0513
train,2004-04-20,9.22,9.1589,-0.0611
train,2004-04-21,9.01,8.8665,-0.1435
train,2004-04-22,8.37,8.4236,0.0536
train,2004-04-23,7.58,7.5716,-0.0084
train,2004-04-24,8.692,8.7909,0.0989
train,2004-04-25,9.642,9.546,-0.096
train,2004-04-26,8.35,8.3631,0.0131
train,2004-04-27,8.35,8.4005,0.0505
train,2004-04-28,8.1,8.0675,-0.0325
train,2004-04-29,8.6,8.5806,-0.0194
train,2004-04-30,8.35,8.4689,0.1189
train,2004-05-01,7.576,7.4951,-0.0809
train,2004-05-02,8.69,8.661,-0.029
train,2004-05-03,8.72,8.8928,0.1728
train,2004-05-04,10.35,10.3684,0.0184
train,2004-05-05,9.11,8.8489,-0.2611
train,2004-05-06,8.59,8.5633,-0.0267
train,2004-05-07,8.38,8.5025,0.1225
train,2004-05-08,9.33,9.4419,0.1119
train,2004-05-09,8.46,8.4901,0.0301
train,2004-05-10,8.37,8.3879,0.0179
train,2004-05-11,8.43,8.4018,-0.0282
train,2004-05-12,8.39,8.3793,-0.0107
train,2004-05-13,8.72,8.7576,0.0376
train,2004-05-14,10.668,9.2948,-1.3732
train,2004-05-15,8.59,8.5971,0.0071
train,2004-05-16,8.47,8.5888,0.1188
train,2004-05-17,9.546,9.0646,-0.4814
train,2004-05-18,8.37,8.3994,0.0294
train,2004-05-19,8.474,8.2488,-0.2252
train,2004-05-20,7.924,7.6564,-0.2676
train,2004-05-21,8.61,8.597,-0.013
train,2004-05-22,8.51,8.513,0.003
train,2004-05-23,8.43,8.4134,-0.0166
train,2004-05-24,9.43,9.4917,0.0617
train,2004-05-25,8.69,8.6981,0.0081
train,2004-05-26,9.21,9.2665,0.0565
train,2004-05-27,8.28,8.3289,0.0489
train,2004-05-28,8.018,8.1183,0.1003
train,2004-05-29,8.342,8.3805,0.0385
train,2004-05-30,8.71,8.7182,0.0082
train,2004-05-31,8.44,8.4456,0.0056
train,2004-06-01,8.91,9.059,0.149
train,2004-06-02,8.842,8.7253,-0.1167
train,2004-06-03,8.82,8.8184,-0.0016
train,2004-06-04,8.48,8.4897,0.0097
train,2004-06-05,8.7,8.7471,0.0471
train,2004-06-06,11.746,9.8948,-1.8512
train,2004-06-07,8.44,8.4653,0.0253
train,2004-06-08,8.52,8.54,0.02
train,2004-06-09,8.53,8.5373,0.0073
train,2004-06-10,9.35,9.4265,0.0765
train,2004-06-11,11.64,10.3015,-1.3385
train,2004-06-12,8.61,8.6784,0.0684
train,2004-06-13,10.08,10.1763,0.0963
train,2004-06-14,8.53,8.5377,0.0077
train,2004-06-15,8.38,8.3806,0.0006
train,2004-06-16,8.47,8.5154,0.0454
train,2004-06-17,9.2,9.069,-0.131
train,2004-06-18,8.75,8.7479,-0.0021
train,2004-06-19,8.45,8.4718,0.0218
train,2004-06-20,8.924,8.8121,-0.1119
train,2004-06-21,8.65,8.7992,0.1492
train,2004-06-22,8.816,8.9903,0.1743
train,2004-06-23,8.97,9.0069,0.0369
train,2004-06-24,8.41,8.4095,-0.0005
train,2004-06-25,8.736,8.8692,0.1332
train,2004-06-26,8.4,8.3989,-0.0011
train,2004-06-27,8.49,8.4963,0.0063
train,2004-06-28,8.454,8.0827,-0.3713
train,2004-06-29,8.73,8.6745,-0.0555
train,2004-06-30,8.42,8.4263,0.0063
train,2004-07-01,9.06,9.2866,0.2266
train,2004-07-02,9.78,9.2155,-0.5645
train,2004-07-03,8.67,8.677,0.007
train,2004-07-04,8.44,8.4855,0.0455
train,2004-07-05,9.82,10.6566,0.8366
train,2004-07-06,8.68,8.6807,0.0007
train,2004-07-07,8.44,8.4687,0.0287
train,2004-07-08,8.36,8.3692,0.0092
train,2004-07-09,8.61,8.6069,-0.0031
train,2004-07-10,8.42,8.4457,0.0257
train,2004-07-11,8.502,8.5885,0.0865
train,2004-07-12,8.45,8.4774,0.0274
train,2004-07-13,8.306,8.4664,0.1604
train,2004-07-14,8.54,8.5187,-0.0213
train,2004-07-15,8.304,8.3317,0.0277
train,2004-07-16,9.084,9.1412,0.0572
train,2004-07-17,9.3,9.4711,0.1711
train,2004-07-18,9.37,9.345,-0.025
train,2004-07-19,8.38,8.3937,0.0137
train,2004-07-20,8.744,8.7884,0.0444
train,2004-07-21,8.59,8.6343,0.0443
train,2004-07-22,8.62,8.5976,-0.0224
train,2004-07-23,8.46,8.4716,0.0116
train,2004-07-24,7.684,7.5486,-0.1354
train,2004-07-25,8.008,8.0341,0.0261
train,2004-07-26,8.25,8.3026,0.0526
train,2004-07-27,8.92,8.9513,0.0313
train,2004-07-28,8.45,8.5089,0.0589
train,2004-07-29,9.68,9.3931,-0.2869
train,2004-07-30,7.982,8.1644,0.1824
train,2004-07-31,10.97,9.5335,-1.4365
train,2004-08-01,7.676,7.7395,0.0635
train,2004-08-02,8.116,8.1448,0.0288
train,2004-08-03,8.36,8.3807,0.0207
train,2004-08-04,8.64,8.6814,0.0414
train,2004-08-05,8.43,8.469,0.039
train,2004-08-06,9.626,9.2296,-0.3964
train,2004-08-07,8.16,8.3076,0.1476
train,2004-08-08,8.508,8.5249,0.0169
train,2004-08-09,8.26,8.2924,0.0324
train,2004-08-10,8.37,8.4065,0.0365
train,2004-08-11,8.52,8.4944,-0.0256
train,2004-08-12,9.34,9.5576,0.2176
train,2004-08-13,7.498,7.4779,-0.0201
train,2004-08-14,8.63,8.6005,-0.0295
train,2004-08-15,8.26,8.2685,0.0085
train,2004-08-16,8.67,8.6601,-0.0099
train,2004-08-17,8.66,9.0376,0.3776
train,2004-08-18,8.75,8.8282,0.0782
train,2004-08-19,8.6,8.6491,0.0491
train,2004-08-20,9.184,8.2181,-0.9659
train,2004-08-21,8.838,9.2865,0.4485
train,2004-08-22,8.804,8.9187,0.1147
train,2004-08-23,8.722,9.0257,0.3037
train,2004-08-24,8.47,8.4587,-0.0113
train,2004-08-25,8.806,7.7416,-1.0644
train,2004-08-26,8.88,8.8808,0.0008
train,2004-08-27,6.36,6.5416,0.1816
train,2004-08-28,8.38,8.382,0.002
train,2004-08-29,9.16,9.4491,0.2891
train,2004-08-30,9.03,9.1685,0.1385
train,2004-08-31,9.78,10.1162,0.3362
train,2004-09-01,9.42,9.4724,0.0524
train,2004-09-02,7.456,7.6276,0.1716
train,2004-09-03,8.32,8.301,-0.019
train,2004-09-04,8.69,8.6855,-0.0045
train,2004-09-05,8.68,8.7738,0.0938
train,2004-09-06,8.826,9.0873,0.2613
train,2004-09-07,8.28,8.3028,0.0228
train,2004-09-08,8.666,8.7908,0.1248
train,2004-09-09,8.19,8.2158,0.0258
train,2004-09-10,8.52,8.5979,0.0779
train,2004-09-11,8.15,8.1641,0.0141
train,2004-09-12,8.41,8.4192,0.0092
train,2004-09-13,8.57,8.5706,0.0006
train,2004-09-14,7.432,7.5689,0.1369
train,2004-09-15,9.188,8.7976,-0.3904
train,2004-09-16,8.54,8.6847,0.1447
train,2004-09-17,8.146,8.2132,0.0672
train,2004-09-18,9.66,9.6708,0.0108
train,2004-09-19,8.34,8.5002,0.1602
train,2004-09-20,8.206,8.0597,-0.1463
train,2004-09-21,9.044,9.0629,0.0189
train,2004-09-22,8.69,8.6256,-0.0644
train,2004-09-23,7.992,7.9893,-0.0027
train,2004-09-24,8.45,8.4612,0.0112
train,2004-09-25,9.32,9.5274,0.2074
train,2004-09-26,12.08,11.2175,-0.8625
train,2004-09-27,9.49,9.2941,-0.1959
train,2004-09-28,9.85,9.4479,-0.4021
train,2004-09-29,7.766,7.8077,0.0417
train,2004-09-30,8.142,8.178,0.036
train,2004-10-01,8.6,8.5766,-0.0234
train,2004-10-02,8.4,8.3815,-0.0185
train,2004-10-03,7.15,7.1637,0.0137
train,2004-10-04,9.09,9.0731,-0.0169
train,2004-10-05,8.696,8.7582,0.0622
train,2004-10-06,8.8,8.9579,0.1579
train,2004-10-07,9.07,9.0916,0.0216
train,2004-10-08,7.742,7.9145,0.1725
train,2004-10-09,8.446,8.5998,0.1538
train,2004-10-10,8.59,8.6022,0.0122
train,2004-10-11,8.94,9.1777,0.2377
train,2004-10-12,9.07,9.0894,0.0194
train,2004-10-13,10.54,9.6658,-0.8742
train,2004-10-14,8.7,8.7244,0.0244
train,2004-10-15,8.68,8.7359,0.0559
train,2004-10-16,8.41,8.4578,0.0478
train,2004-10-17,8.206,8.2753,0.0693
train,2004-10-18,8.76,8.6635,-0.0965
train,2004-10-19,8.35,8.3885,0.0385
train,2004-10-20,8.62,8.6494,0.0294
train,2004-10-21,8.6,8.6424,0.0424
train,2004-10-22,8.71,8.7701,0.0601
train,2004-10-23,8.47,8.4779,0.0079
train,2004-10-24,7.81,7.796,-0.014
train,2004-10-25,8.352,8.1372,-0.2148
train,2004-10-26,9.01,8.9765,-0.0335
train,2004-10-27,8.564,8.5945,0.0305
train,2004-10-28,8.94,9.107,0.167
train,2004-10-29,8.4,8.456,0.056
train,2004-10-30,8.33,8.322,-0.008
train,2004-10-31,8.42,8.5688,0.1488
train,2004-11-01,8.32,8.3242,0.0042
train,2004-11-02,9.462,8.8603,-0.6017
train,2004-11-03,8.36,8.3799,0.0199
train,2004-11-04,8.68,8.5912,-0.0888
train,2004-11-05,8.37,8.3413,-0.0287
train,2004-11-06,8.38,8.3996,0.0196
train,2004-11-07,8.718,8.5959,-0.1221
train,2004-11-08,8.66,8.8134,0.1534
train,2004-11-09,8.81,8.9247,0.1147
train,2004-11-10,8.81,8.9065,0.0965
train,2004-11-11,8.82,8.8072,-0.0128
train,2004-11-12,9.35,9.1601,-0.1899
train,2004-11-13,8.962,9.0031,0.0411
train,2004-11-14,8.68,8.6416,-0.0384
train,2004-11-15,7.608,7.8191,0.2111
train,2004-11-16,8.62,8.621,0.001
train,2004-11-17,9.33,9.3285,-0.0015
train,2004-11-18,8.3,8.333,0.033
train,2004-11-19,8.56,8.5539,-0.0061
train,2004-11-20,8.28,8.3129,0.0329
train,2004-11-21,7.96,8.0484,0.0884
train,2004-11-22,8.77,8.8078,0.0378
train,2004-11-23,8.46,8.4733,0.0133
train,2004-11-24,8.02,8.1201,0.1001
train,2004-11-25,8.68,8.8783,0.1983
train,2004-11-26,8.03,8.06,0.03
train,2004-11-27,8.952,9.2455,0.2935
train,2004-11-28,8.45,8.505,0.055
train,2004-11-29,8.64,8.6624,0.0224
train,2004-11-30,8.69,8.6687,-0.0213
train,2004-12-01,10.23,10.4605,0.2305
train,2004-12-02,11.18,8.9498,-2.2302
train,2004-12-03,8.23,8.2415,0.0115
train,2004-12-04,8.586,8.6606,0.0746
train,2004-12-05,8.59,8.6331,0.0431
train,2004-12-06,9.786,9.3607,-0.4253
train,2004-12-07,12.45,10.8244,-1.6256
train,2004-12-08,8.656,8.6549,-0.0011
train,2004-12-09,8.95,8.5182,-0.4318
train,2004-12-10,7.908,8.0562,0.1482
train,2004-12-11,9.27,9.3984,0.1284
train,2004-12-12,8.78,8.7602,-0.0198
train,2004-12-13,8.29,8.2677,-0.0223
train,2004-12-14,10.44,10.7059,0.2659
train,2004-12-15,8.6,8.5405,-0.0595
train,2004-12-16,9.82,10.2434,0.4234
train,2004-12-17,9.36,8.7741,-0.5859
train,2004-12-18,7.908,7.9027,-0.0053
train,2004-12-19,8.1,8.1372,0.0372
train,2004-12-20,9.02,8.8352,-0.1848
train,2004-12-21,8.658,8.8688,0.2108
train,2004-12-22,11.178,8.9485,-2.2295
train,2004-12-23,8.646,8.5058,-0.1402
train,2004-12-24,10.984,9.3473,-1.6367
train,2004-12-25,9.13,9.6825,0.5525
train,2004-12-26,8.236,8.2765,0.0405
train,2004-12-27,8.66,8.6602,0.0002
train,2004-12-28,8.47,8.4823,0.0123
train,2004-12-29,7.644,7.8036,0.1596
train,2004-12-30,8.59,8.808,0.218
train,2004-12-31,8.62,8.5962,-0.0238
train,2005-01-01,8.53,8.5162,-0.0138
train,2005-01-02,8.688,8.742,0.054
train,2005-01-03,8.212,8.3475,0.1355
train,2005-01-04,8.746,8.8479,0.1019
train,2005-01-05,8.82,8.8349,0.0149
train,2005-01-06,8.38,8.4021,0.0221
train,2005-01-07,8.8,8.7727,-0.0273
train,2005-01-08,8.56,8.5759,0.0159
train,2005-01-09,8.048,8.0262,-0.0218
train,2005-01-10,8.73,8.706,-0.024
train,2005-01-11,8.53,8.7493,0.2193
train,2005-01-12,9.022,9.0308,0.0088
train,2005-01-13,7.73,7.7042,-0.0258
train,2005-01-14,8.65,8.8424,0.1924
train,2005-01-15,10.322,10.3676,0.0456
train,2005-01-16,8.87,8.8867,0.0167
train,2005-01-17,8.49,8.467,-0.023
train,2005-01-18,8.906,8.9309,0.0249
train,2005-01-19,8.81,8.7772,-0.0328
train,2005-01-20,12.86,11.8821,-0.9779
train,2005-01-21,8.42,8.4383,0.0183
train,2005-01-22,10.47,10.3988,-0.0712
train,2005-01-23,8.27,8.2917,0.0217
train,2005-01-24,7.66,7.5753,-0.0847
train,2005-01-25,8.47,8.4477,-0.0223
train,2005-01-26,9.6,9.8216,0.2216
train,2005-01-27,8.59,8.5825,-0.0075
train,2005-01-28,8.95,8.9367,-0.0133
train,2005-01-29,8.49,8.5128,0.0228
train,2005-01-30,7.918,7.8138,-0.1042
train,2005-01-31,8.596,7.898,-0.698
train,2005-02-01,7.62,7.5462,-0.0738
train,2005-02-02,9.39,9.3867,-0.0033
train,2005-02-03,9.482,9.3959,-0.0861
train,2005-02-04,8.29,8.3483,0.0583
train,2005-02-05,8.32,8.4059,0.0859
train,2005-02-06,8.16,8.1966,0.0366
train,2005-02-07,8.82,8.9253,0.1053
train,2005-02-08,9.228,9.1326,-0.0954
train,2005-02-09,8.94,9.1101,0.1701
train,2005-02-10,7.254,7.359,0.105
train,2005-02-11,8.322,8.3302,0.0082
train,2005-02-12,8.76,8.7046,-0.0554
train,2005-02-13,8.25,8.29,0.04
train,2005-02-14,9.01,9.0998,0.0898
train,2005-02-15,8.748,8.806,0.058
train,2005-02-16,8.62,8.643,0.023
train,2005-02-17,8.32,8.3672,0.0472
train,2005-02-18,8.15,8.1741,0.0241
train,2005-02-19,8.534,8.6832,0.1492
train,2005-02-20,8.32,8.3695,0.0495
train,2005-02-21,9.254,8.7406,-0.5134
train,2005-02-22,9.54,9.0093,-0.5307
train,2005-02-23,8.712,8.9013,0.1893
train,2005-02-24,8.146,8.1839,0.0379
train,2005-02-25,8.62,8.6626,0.0426
train,2005-02-26,8.94,9.0682,0.1282
train,2005-02-27,9.188,9.4478,0.2598
train,2005-02-28,8.59,8.5786,-0.0114
train,2005-03-01,9.082,9.0257,-0.0563
train,2005-03-02,9.28,9.4025,0.1225
train,2005-03-03,8.64,8.7266,0.0866
train,2005-03-04,8.45,8.4481,-0.0019
train,2005-03-05,8.97,8.9526,-0.0174
train,2005-03-06,9.2,9.2002,0.0002
train,2005-03-07,8.05,8.0805,0.0305
train,2005-03-08,8.324,8.3782,0.0542
train,2005-03-09,8.66,8.7477,0.0877
train,2005-03-10,8.51,8.6176,0.1076
train,2005-03-11,9.846,9.3351,-0.5109
train,2005-03-12,8.156,8.1734,0.0174
train,2005-03-13,8.58,8.5894,0.0094
train,2005-03-14,8.09,8.0873,-0.0027
train,2005-03-15,8.22,8.2282,0.0082
train,2005-03-16,10.938,10.0843,-0.8537
train,2005-03-17,8.31,8.3271,0.0171
train,2005-03-18,8.93,9.056,0.126
train,2005-03-19,8.5,8.5157,0.0157
train,2005-03-20,9.378,10.0642,0.6862
train,2005-03-21,8.12,8.1379,0.0179
train,2005-03-22,8.53,8.6231,0.0931
train,2005-03-23,8.71,8.4128,-0.2972
train,2005-03-24,8.47,8.48,0.01
train,2005-03-25,8.49,8.4895,-0.0005
train,2005-03-26,8.69,8.6655,-0.0245
train,2005-03-27,8.28,8.3223,0.0423
train,2005-03-28,8.51,8.519,0.009
train,2005-03-29,9.13,8.8771,-0.2529
train,2005-03-30,8.42,8.4379,0.0179
train,2005-03-31,9.252,9.4497,0.1977
train,2005-04-01,7.906,7.9761,0.0701
train,2005-04-02,8.86,9.2232,0.3632
train,2005-04-03,8.47,8.4822,0.0122
train,2005-04-04,10.554,10.4704,-0.0836
train,2005-04-05,8.626,8.7726,0.1466
train,2005-04-06,8.25,8.259,0.009
train,2005-04-07,7.878,7.829,-0.049
train,2005-04-08,9.1,9.119,0.019
train,2005-04-09,11.43,10.4102,-1.0198
train,2005-04-10,9.0,8.9814,-0.0186
train,2005-04-11,7.17,7.1718,0.0018
train,2005-04-12,8.32,8.3474,0.0274
train,2005-04-13,8.61,8.5801,-0.0299
train,2005-04-14,8.994,8.5303,-0.4637
train,2005-04-15,8.43,8.4057,-0.0243
train,2005-04-16,8.82,8.7275,-0.0925
train,2005-04-17,9.44,9.4573,0.0173
train,2005-04-18,8.334,8.24,-0.094
train,2005-04-19,8.79,8.7602,-0.0298
train,2005-04-20,9.11,9.059,-0.051
train,2005-04-21,8.46,8.4504,-0.0096
train,2005-04-22,8.66,8.6707,0.0107
train,2005-04-23,8.412,8.4771,0.0651
train,2005-04-24,9.49,9.3399,-0.1501
train,2005-04-25,12.492,11.9638,-0.5282
train,2005-04-26,9.15,8.951,-0.199
train,2005-04-27,8.8,8.7742,-0.0258
train,2005-04-28,10.886,9.7708,-1.1152
train,2005-04-29,8.702,9.5053,0.8033
train,2005-04-30,9.476,9.548,0.072
train,2005-05-01,8.782,8.863,0.081
train,2005-05-02,8.138,8.1664,0.0284
train,2005-05-03,9.46,10.3991,0.9391
train,2005-05-04,9.67,8.5923,-1.0777
train,2005-05-05,9.08,8.5723,-0.5077
train,2005-05-06,8.57,8.5558,-0.0142
train,2005-05-07,8.33,8.3592,0.0292
train,2005-05-08,8.5,8.5275,0.0275
train,2005-05-09,8.72,8.7008,-0.0192
train,2005-05-10,8.5,8.4971,-0.0029
train,2005-05-11,8.71,8.7188,0.0088
train,2005-05-12,8.59,8.5943,0.0043
train,2005-05-13,8.45,8.5673,0.1173
train,2005-05-14,8.71,8.8195,0.1095
train,2005-05-15,9.23,9.347,0.117
train,2005-05-16,8.0,8.0719,0.0719
train,2005-05-17,8.218,8.3925,0.1745
train,2005-05-18,8.64,8.6926,0.0526
train,2005-05-19,8.36,8.5168,0.1568
train,2005-05-20,9.39,9.2563,-0.1337
train,2005-05-21,8.45,8.4401,-0.0099
train,2005-05-22,8.26,8.3082,0.0482
train,2005-05-23,9.25,9.4701,0.2201
train,2005-05-24,8.522,8.529,0.007
train,2005-05-25,8.54,8.5008,-0.0392
train,2005-05-26,8.74,8.7927,0.0527
train,2005-05-27,8.634,8.5783,-0.0557
train,2005-05-28,7.51,7.5113,0.0013
train,2005-05-29,8.38,8.4009,0.0209
train,2005-05-30,12.3,11.5383,-0.7617
train,2005-05-31,8.46,8.4607,0.0007
train,2005-06-01,8.66,8.6601,0.0001
train,2005-06-02,9.644,8.8043,-0.8397
train,2005-06-03,9.05,9.3302,0.2802
train,2005-06-04,8.39,8.4092,0.0192
train,2005-06-05,9.38,9.827,0.447
train,2005-06-06,8.38,8.464,0.084
train,2005-06-07,8.54,8.5601,0.0201
train,2005-06-08,9.15,8.9586,-0.1914
train,2005-06-09,8.35,8.4436,0.0936
train,2005-06-10,9.99,10.7739,0.7839
train,2005-06-11,8.49,8.5211,0.0311
train,2005-06-12,8.342,8.3935,0.0515
train,2005-06-13,8.66,8.777,0.117
train,2005-06-14,8.82,8.7809,-0.0391
train,2005-06-15,8.28,8.377,0.097
train,2005-06-16,7.446,7.151,-0.295
train,2005-06-17,9.64,10.0394,0.3994
train,2005-06-18,8.47,8.4677,-0.0023
train,2005-06-19,8.96,9.1689,0.2089
train,2005-06-20,8.45,8.4721,0.0221
train,2005-06-21,8.444,9.0815,0.6375
train,2005-06-22,8.35,8.3472,-0.0028
train,2005-06-23,8.74,8.7268,-0.0132
train,2005-06-24,8.83,8.7526,-0.0774
train,2005-06-25,9.54,9.1728,-0.3672
train,2005-06-26,9.146,9.4756,0.3296
train,2005-06-27,8.128,8.1189,-0.0091
train,2005-06-28,8.04,8.0635,0.0235
train,2005-06-29,9.72,9.8199,0.0999
train,2005-06-30,8.278,8.2953,0.0173
train,2005-07-01,8.29,8.3872,0.0972
train,2005-07-02,7.16,7.1408,-0.0192
train,2005-07-03,9.178,9.5667,0.3887
train,2005-07-04,9.176,8.6802,-0.4958
train,2005-07-05,8.51,8.5278,0.0178
train,2005-07-06,8.72,8.7132,-0.0068
train,2005-07-07,8.37,8.4257,0.0557
train,2005-07-08,8.54,8.6131,0.0731
train,2005-07-09,9.186,9.5645,0.3785
train,2005-07-10,8.33,8.3515,0.0215
train,2005-07-11,8.42,8.4591,0.0391
train,2005-07-12,8.78,8.7446,-0.0354
train,2005-07-13,8.54,8.6553,0.1153
train,2005-07-14,8.226,8.1922,-0.0338
train,2005-07-15,8.53,8.5716,0.0416
train,2005-07-16,8.52,8.5389,0.0189
train,2005-07-17,8.676,8.6885,0.0125
train,2005-07-18,8.566,8.5548,-0.0112
train,2005-07-19,8.41,8.4398,0.0298
train,2005-07-20,8.7,8.9866,0.2866
train,2005-07-21,8.022,8.1085,0.0865
train,2005-07-22,8.41,8.4204,0.0104
train,2005-07-23,9.48,9.5091,0.0291
train,2005-07-24,7.982,8.001,0.019
train,2005-07-25,8.424,8.4671,0.0431
train,2005-07-26,8.34,8.4042,0.0642
train,2005-07-27,8.28,8.281,0.001
train,2005-07-28,9.1,9.0099,-0.0901
train,2005-07-29,10.036,10.0133,-0.0227
train,2005-07-30,10.68,10.5911,-0.0889
train,2005-07-31,9.43,8.8202,-0.6098
train,2005-08-01,7.92,7.8558,-0.0642
train,2005-08-02,8.44,8.4461,0.0061
train,2005-08-03,8.52,8.5409,0.0209
train,2005-08-04,10.83,10.5789,-0.2511
train,2005-08-05,10.954,9.7121,-1.2419
train,2005-08-06,9.32,9.2978,-0.0222
train,2005-08-07,8.73,8.8016,0.0716
train,2005-08-08,8.434,8.4565,0.0225
train,2005-08-09,8.72,8.7104,-0.0096
train,2005-08-10,8.36,8.4595,0.0995
train,2005-08-11,8.094,8.1917,0.0977
train,2005-08-12,8.658,8.8093,0.1513
train,2005-08-13,8.326,8.2904,-0.0356
train,2005-08-14,8.18,8.1537,-0.0263
train,2005-08-15,8.456,8.5053,0.0493
train,2005-08-16,8.98,8.9682,-0.0118
train,2005-08-17,8.86,8.9766,0.1166
train,2005-08-18,8.88,8.6978,-0.1822
train,2005-08-19,9.2,9.2974,0.0974
train,2005-08-20,8.45,8.4865,0.0365
train,2005-08-21,9.22,9.3435,0.1235
train,2005-08-22,9.17,9.2688,0.0988
train,2005-08-23,7.43,7.3677,-0.0623
train,2005-08-24,8.57,8.5415,-0.0285
train,2005-08-25,8.41,8.4598,0.0498
train,2005-08-26,8.83,8.8961,0.0661
train,2005-08-27,8.218,8.3057,0.0877
train,2005-08-28,8.82,8.9893,0.1693
train,2005-08-29,7.486,7.5141,0.0281
train,2005-08-30,9.02,9.6293,0.6093
train,2005-08-31,9.23,9.2603,0.0303
train,2005-09-01,8.004,8.0988,0.0948
train,2005-09-02,8.34,8.3653,0.0253
train,2005-09-03,8.98,8.9964,0.0164
train,2005-09-04,8.256,8.2445,-0.0115
train,2005-09-05,8.55,8.533,-0.017
train,2005-09-06,9.18,9.0358,-0.1442
train,2005-09-07,8.554,8.1774,-0.3766
train,2005-09-08,8.83,8.9792,0.1492
train,2005-09-09,8.55,8.5337,-0.0163
train,2005-09-10,8.41,8.4508,0.0408
train,2005-09-11,8.36,8.382,0.022
train,2005-09-12,8.53,8.6784,0.1484
train,2005-09-13,8.25,8.298,0.048
train,2005-09-14,7.5,7.4754,-0.0246
train,2005-09-15,8.93,9.2343,0.3043
train,2005-09-16,10.246,9.463,-0.783
train,2005-09-17,7.868,8.0899,0.2219
train,2005-09-18,9.62,9.5224,-0.0976
train,2005-09-19,9.254,9.5264,0.2724
train,2005-09-20,8.57,8.5551,-0.0149
train,2005-09-21,8.46,8.3934,-0.0666
train,2005-09-22,8.522,8.5932,0.0712
train,2005-09-23,8.71,8.8749,0.1649
train,2005-09-24,10.53,9.4842,-1.0458
train,2005-09-25,8.25,8.2596,0.0096
train,2005-09-26,8.444,8.5054,0.0614
train,2005-09-27,8.564,8.8185,0.2545
train,2005-09-28,8.314,8.0645,-0.2495
train,2005-09-29,8.5,8.4614,-0.0386
train,2005-09-30,9.384,9.5054,0.1214
train,2005-10-01,8.77,8.8314,0.0614
train,2005-10-02,8.156,8.4292,0.2732
train,2005-10-03,8.662,8.7155,0.0535
train,2005-10-04,8.49,8.4613,-0.0287
train,2005-10-05,8.73,8.8752,0.1452
train,2005-10-06,8.57,8.6662,0.0962
train,2005-10-07,8.95,9.0943,0.1443
train,2005-10-08,7.83,7.8154,-0.0146
train,2005-10-09,8.582,8.4635,-0.1185
train,2005-10-10,8.55,8.5501,0.0001
train,2005-10-11,8.83,8.8778,0.0478
train,2005-10-12,9.112,9.2289,0.1169
train,2005-10-13,8.144,8.1676,0.0236
train,2005-10-14,9.03,8.9804,-0.0496
train,2005-10-15,8.32,8.392,0.072
train,2005-10-16,10.214,9.6409,-0.5731
train,2005-10-17,8.634,8.7786,0.1446
train,2005-10-18,9.92,9.7314,-0.1886
train,2005-10-19,8.896,8.8179,-0.0781
train,2005-10-20,8.46,8.4728,0.0128
train,2005-10-21,8.36,8.4406,0.0806
train,2005-10-22,9.5,8.8691,-0.6309
train,2005-10-23,8.39,8.4232,0.0332
train,2005-10-24,8.66,8.7784,0.1184
train,2005-10-25,11.08,10.7375,-0.3425
train,2005-10-26,10.008,9.5577,-0.4503
train,2005-10-27,8.61,8.6189,0.0089
train,2005-10-28,8.17,8.1636,-0.0064
train,2005-10-29,8.47,8.482,0.012
train,2005-10-30,8.52,8.5263,0.0063
train,2005-10-31,8.48,8.5868,0.1068
train,2005-11-01,9.07,9.8894,0.8194
train,2005-11-02,9.24,8.6527,-0.5873
train,2005-11-03,8.69,8.6614,-0.0286
train,2005-11-04,8.57,8.5657,-0.0043
train,2005-11-05,10.298,9.9938,-0.3042
train,2005-11-06,8.55,8.6561,0.1061
train,2005-11-07,8.69,8.6454,-0.0446
train,2005-11-08,9.17,9.3392,0.1692
train,2005-11-09,10.14,9.9581,-0.1819
train,2005-11-10,8.574,8.6985,0.1245
train,2005-11-11,9.492,9.1363,-0.3557
train,2005-11-12,8.64,8.622,-0.018
train,2005-11-13,8.69,8.7441,0.0541
train,2005-11-14,9.382,9.5255,0.1435
train,2005-11-15,8.34,8.401,0.061
train,2005-11-16,9.36,9.8643,0.5043
train,2005-11-17,8.66,8.6637,0.0037
train,2005-11-18,9.65,9.5518,-0.0982
train,2005-11-19,9.71,9.691,-0.019
train,2005-11-20,9.67,10.0678,0.3978
train,2005-11-21,8.47,8.5727,0.1027
train,2005-11-22,8.48,8.5555,0.0755
train,2005-11-23,8.97,9.0591,0.0891
train,2005-11-24,8.104,8.2142,0.1102
train,2005-11-25,8.43,8.4807,0.0507
train,2005-11-26,8.554,8.4291,-0.1249
train,2005-11-27,10.82,10.8951,0.0751
train,2005-11-28,10.69,10.212,-0.478
train,2005-11-29,9.02,9.0049,-0.0151
train,2005-11-30,8.56,8.5018,-0.0582
train,2005-12-01,8.38,8.4101,0.0301
train,2005-12-02,8.68,8.6616,-0.0184
train,2005-12-03,8.91,8.971,0.061
train,2005-12-04,9.64,9.8331,0.1931
train,2005-12-05,8.91,8.713,-0.197
train,2005-12-06,8.94,8.9817,0.0417
train,2005-12-07,8.48,8.408,-0.072
train,2005-12-08,8.37,8.3937,0.0237
train,2005-12-09,8.118,8.0504,-0.0676
train,2005-12-10,8.67,8.6945,0.0245
train,2005-12-11,8.602,8.8019,0.1999
train,2005-12-12,8.53,8.5075,-0.0225
train,2005-12-13,8.29,8.3169,0.0269
train,2005-12-14,10.168,10.3775,0.2095
train,2005-12-15,10.2,9.7052,-0.4948
train,2005-12-16,8.38,8.4323,0.0523
train,2005-12-17,8.51,8.5484,0.0384
train,2005-12-18,9.12,9.0241,-0.0959
train,2005-12-19,8.72,9.2293,0.5093
train,2005-12-20,8.52,8.511,-0.009
train,2005-12-21,9.86,9.6794,-0.1806
train,2005-12-22,9.31,9.3557,0.0457
train,2005-12-23,8.83,8.8657,0.0357
train,2005-12-24,8.83,8.7187,-0.1113
train,2005-12-25,9.03,9.211,0.181
train,2005-12-26,8.336,8.4798,0.1438
train,2005-12-27,8.69,8.695,0.005
train,2005-12-28,8.434,8.4389,0.0049
train,2005-12-29,8.41,8.445,0.035
train,2005-12-30,9.188,9.4133,0.2253
train,2005-12-31,8.4,8.4526,0.0526
train,2006-01-01,9.0,9.1122,0.1122
train,2006-01-02,9.92,9.1719,-0.7481
train,2006-01-03,11.33,10.9589,-0.3711
train,2006-01-04,8.24,8.2906,0.0506
train,2006-01-05,9.51,9.7521,0.2421
train,2006-01-06,8.34,8.3583,0.0183
train,2006-01-07,8.98,8.8534,-0.1266
train,2006-01-08,9.03,9.1095,0.0795
train,2006-01-09,8.93,8.8732,-0.0568
train,2006-01-10,7.8,8.4056,0.6056
train,2006-01-11,9.56,9.4975,-0.0625
train,2006-01-12,10.58,11.2053,0.6253
train,2006-01-13,8.68,9.078,0.398
train,2006-01-14,8.54,8.6143,0.0743
train,2006-01-15,8.698,8.662,-0.036
train,2006-01-16,10.69,9.2984,-1.3916
train,2006-01-17,7.598,7.5627,-0.0353
train,2006-01-18,8.37,8.3987,0.0287
train,2006-01-19,10.1,10.2139,0.1139
train,2006-01-20,8.42,8.4537,0.0337
train,2006-01-21,8.59,8.6135,0.0235
train,2006-01-22,10.104,9.5668,-0.5372
train,2006-01-23,9.4,9.3897,-0.0103
train,2006-01-24,8.41,8.4626,0.0526
train,2006-01-25,9.78,9.8078,0.0278
train,2006-01-26,8.67,8.8577,0.1877
train,2006-01-27,7.988,8.038,0.05
train,2006-01-28,9.23,9.43,0.2
train,2006-01-29,10.01,10.1859,0.1759
train,2006-01-30,8.55,8.7142,0.1642
train,2006-01-31,8.35,8.425,0.075
train,2006-02-01,8.43,8.4288,-0.0012
train,2006-02-02,8.51,8.5209,0.0109
train,2006-02-03,8.9,9.2779,0.3779
train,2006-02-04,8.8,8.9102,0.1102
train,2006-02-05,8.93,9.1705,0.2405
train,2006-02-06,8.67,8.6822,0.0122
train,2006-02-07,8.38,8.3725,-0.0075
train,2006-02-08,8.36,8.412,0.052
train,2006-02-09,8.57,8.5292,-0.0408
train,2006-02-10,9.71,9.4912,-0.2188
train,2006-02-11,8.634,8.6706,0.0366
train,2006-02-12,8.38,8.7489,0.3689
train,2006-02-13,8.42,8.4359,0.0159
train,2006-02-14,8.62,8.7012,0.0812
train,2006-02-15,9.33,9.0795,-0.2505
train,2006-02-16,8.81,8.6879,-0.1221
train,2006-02-17,8.84,9.0675,0.2275
train,2006-02-18,9.652,9.9564,0.3044
train,2006-02-19,8.61,8.6964,0.0864
train,2006-02-20,6.828,6.8114,-0.0166
train,2006-02-21,8.35,8.3655,0.0155
train,2006-02-22,9.286,7.7381,-1.5479
train,2006-02-23,7.526,7.5704,0.0444
train,2006-02-24,9.46,9.5903,0.1303
train,2006-02-25,8.71,8.625,-0.085
train,2006-02-26,10.07,9.9189,-0.1511
train,2006-02-27,8.47,8.4777,0.0077
train,2006-02-28,8.43,8.6467,0.2167
train,2006-03-01,10.79,9.9878,-0.8022
train,2006-03-02,8.53,8.5573,0.0273
train,2006-03-03,8.54,8.5681,0.0281
train,2006-03-04,8.748,8.8917,0.1437
train,2006-03-05,8.568,8.6572,0.0892
train,2006-03-06,8.47,8.5134,0.0434
train,2006-03-07,8.26,8.3017,0.0417
train,2006-03-08,8.52,8.5581,0.0381
train,2006-03-09,8.72,9.0296,0.3096
train,2006-03-10,8.6,8.7593,0.1593
train,2006-03-11,8.58,8.5393,-0.0407
train,2006-03-12,8.48,8.5037,0.0237
train,2006-03-13,8.256,8.381,0.125
train,2006-03-14,9.18,8.6328,-0.5472
train,2006-03-15,8.23,8.259,0.029
train,2006-03-16,8.312,8.3991,0.0871
train,2006-03-17,8.34,8.3711,0.0311
train,2006-03-18,8.46,8.482,0.022
train,2006-03-19,8.91,9.1496,0.2396
train,2006-03-20,6.374,6.5346,0.1606
train,2006-03-21,8.51,8.5717,0.0617
train,2006-03-22,8.46,8.5019,0.0419
train,2006-03-23,8.52,8.5391,0.0191
train,2006-03-24,9.16,9.3449,0.1849
train,2006-03-25,8.56,8.5375,-0.0225
train,2006-03-26,8.65,8.8349,0.1849
train,2006-03-27,9.38,9.5677,0.1877
train,2006-03-28,8.99,9.2699,0.2799
train,2006-03-29,9.112,9.0597,-0.0523
train,2006-03-30,8.906,9.0905,0.1845
train,2006-03-31,7.67,7.7233,0.0533
train,2006-04-01,8.55,8.5901,0.0401
train,2006-04-02,8.32,8.3584,0.0384
train,2006-04-03,7.928,7.946,0.018
train,2006-04-04,10.696,9.9057,-0.7903
train,2006-04-05,8.89,8.991,0.101
train,2006-04-06,8.994,8.9235,-0.0705
train,2006-04-07,8.988,9.4364,0.4484
train,2006-04-08,8.71,8.6668,-0.0432
train,2006-04-09,9.97,10.5517,0.5817
train,2006-04-10,8.268,8.3236,0.0556
train,2006-04-11,8.604,8.6295,0.0255
train,2006-04-12,8.568,8.6155,0.0475
train,2006-04-13,7.5,7.4628,-0.0372
train,2006-04-14,8.34,8.3615,0.0215
train,2006-04-15,9.106,9.2773,0.1713
train,2006-04-16,7.92,8.145,0.225
train,2006-04-17,9.18,8.7165,-0.4635
train,2006-04-18,8.36,8.3838,0.0238
train,2006-04-19,10.82,9.6189,-1.2011
train,2006-04-20,8.97,9.283,0.313
train,2006-04-21,8.75,8.7039,-0.0461
train,2006-04-22,8.968,8.9799,0.0119
train,2006-04-23,8.552,8.6749,0.1229
train,2006-04-24,8.56,8.6166,0.0566
train,2006-04-25,8.266,8.2685,0.0025
train,2006-04-26,9.092,9.4337,0.3417
train,2006-04-27,8.51,8.5492,0.0392
train,2006-04-28,8.55,8.6093,0.0593
train,2006-04-29,8.65,8.6668,0.0168
train,2006-04-30,8.77,8.8328,0.0628
train,2006-05-01,8.55,8.5714,0.0214
train,2006-05-02,8.738,9.039,0.301
train,2006-05-03,8.34,8.3571,0.0171
train,2006-05-04,8.58,8.6589,0.0789
train,2006-05-05,8.38,8.3865,0.0065
train,2006-05-06,8.47,8.4232,-0.0468
train,2006-05-07,8.31,8.4035,0.0935
train,2006-05-08,8.98,9.0506,0.0706
train,2006-05-09,9.286,9.379,0.093
train,2006-05-10,9.772,10.1175,0.3455
train,2006-05-11,8.64,8.6112,-0.0288
train,2006-05-12,9.07,9.0765,0.0065
train,2006-05-13,8.59,8.6937,0.1037
train,2006-05-14,8.65,8.6359,-0.0141
train,2006-05-15,9.53,9.2388,-0.2912
train,2006-05-16,8.268,8.2929,0.0249
train,2006-05-17,9.21,9.5194,0.3094
train,2006-05-18,8.38,8.4053,0.0253
train,2006-05-19,8.0,8.0061,0.0061
train,2006-05-20,8.97,9.295,0.325
train,2006-05-21,9.56,10.3717,0.8117
train,2006-05-22,8.88,8.9411,0.0611
train,2006-05-23,10.138,9.5324,-0.6056
train,2006-05-24,9.02,9.6636,0.6436
train,2006-05-25,8.38,8.4063,0.0263
train,2006-05-26,9.54,9.5076,-0.0324
train,2006-05-27,10.68,9.7619,-0.9181
train,2006-05-28,8.02,8.0403,0.0203
train,2006-05-29,9.782,9.8737,0.0917
train,2006-05-30,8.35,8.3607,0.0107
train,2006-05-31,9.1,9.0783,-0.0217
train,2006-06-01,8.166,8.1805,0.0145
train,2006-06-02,9.02,9.3253,0.3053
train,2006-06-03,8.326,8.3352,0.0092
train,2006-06-04,8.41,8.4047,-0.0053
train,2006-06-05,12.73,11.5331,-1.1969
train,2006-06-06,8.34,8.3639,0.0239
train,2006-06-07,8.66,8.6729,0.0129
train,2006-06-08,8.054,8.1366,0.0826
train,2006-06-09,8.474,8.4812,0.0072
train,2006-06-10,8.556,8.6313,0.0753
train,2006-06-11,8.652,8.7564,0.1044
train,2006-06-12,8.26,8.2738,0.0138
train,2006-06-13,8.33,8.2842,-0.0458
train,2006-06-14,8.94,8.8959,-0.0441
train,2006-06-15,8.24,8.3022,0.0622
train,2006-06-16,8.3,8.3809,0.0809
train,2006-06-17,8.35,8.3735,0.0235
train,2006-06-18,8.214,8.231,0.017
train,2006-06-19,8.524,8.0943,-0.4297
train,2006-06-20,9.04,9.0418,0.0018
train,2006-06-21,8.542,8.8257,0.2837
train,2006-06-22,8.35,8.5597,0.2097
train,2006-06-23,7.674,7.6933,0.0193
train,2006-06-24,8.44,8.4609,0.0209
train,2006-06-25,9.91,8.828,-1.082
train,2006-06-26,8.43,8.5292,0.0992
train,2006-06-27,8.43,8.4549,0.0249
train,2006-06-28,8.474,8.619,0.145
train,2006-06-29,9.76,9.1026,-0.6574
train,2006-06-30,8.308,8.2938,-0.0142
train,2006-07-01,7.972,8.0277,0.0557
train,2006-07-02,8.766,8.6165,-0.1495
train,2006-07-03,8.83,8.6046,-0.2254
train,2006-07-04,9.06,8.7585,-0.3015
train,2006-07-05,8.38,8.7259,0.3459
train,2006-07-06,7.87,7.8452,-0.0248
train,2006-07-07,8.83,8.7492,-0.0808
train,2006-07-08,8.37,8.3981,0.0281
train,2006-07-09,8.53,8.6765,0.1465
train,2006-07-10,7.72,7.6984,-0.0216
train,2006-07-11,7.838,8.0122,0.1742
train,2006-07-12,9.76,9.8429,0.0829
train,2006-07-13,8.36,8.4202,0.0602
train,2006-07-14,8.456,8.4587,0.0027
train,2006-07-15,9.58,9.6099,0.0299
train,2006-07-16,8.53,8.5948,0.0648
train,2006-07-17,8.01,8.0366,0.0266
train,2006-07-18,8.44,8.4785,0.0385
train,2006-07-19,8.55,8.5635,0.0135
train,2006-07-20,8.42,8.4775,0.0575
train,2006-07-21,8.912,9.1464,0.2344
train,2006-07-22,10.716,10.2046,-0.5114
train,2006-07-23,8.92,9.0088,0.0888
train,2006-07-24,8.26,8.3242,0.0642
train,2006-07-25,7.964,8.0462,0.0822
train,2006-07-26,9.19,9.2763,0.0863
train,2006-07-27,8.34,8.3439,0.0039
train,2006-07-28,8.044,7.9902,-0.0538
train,2006-07-29,7.92,8.1114,0.1914
train,2006-07-30,9.25,9.2468,-0.0032
train,2006-07-31,7.682,7.8362,0.1542
train,2006-08-01,7.532,7.5429,0.0109
train,2006-08-02,7.434,7.3831,-0.0509
train,2006-08-03,8.612,8.6329,0.0209
train,2006-08-04,7.942,7.9825,0.0405
train,2006-08-05,8.386,8.4018,0.0158
train,2006-08-06,8.97,9.0061,0.0361
train,2006-08-07,9.0,9.0951,0.0951
train,2006-08-08,9.35,9.3783,0.0283
train,2006-08-09,9.19,9.0554,-0.1346
train,2006-08-10,8.52,8.6597,0.1397
train,2006-08-11,9.142,9.1327,-0.0093
train,2006-08-12,8.396,8.4588,0.0628
train,2006-08-13,8.68,8.6907,0.0107
train,2006-08-14,8.41,8.5427,0.1327
train,2006-08-15,7.972,7.9859,0.0139
train,2006-08-16,8.702,8.816,0.114
train,2006-08-17,8.402,8.4328,0.0308
train,2006-08-18,8.5,8.5225,0.0225
train,2006-08-19,9.112,9.175,0.063
train,2006-08-20,9.77,9.8487,0.0787
train,2006-08-21,8.41,8.4207,0.0107
train,2006-08-22,8.58,8.5592,-0.0208
train,2006-08-23,8.44,8.5176,0.0776
train,2006-08-24,8.538,8.4805,-0.0575
train,2006-08-25,8.74,9.1292,0.3892
train,2006-08-26,8.9,9.1204,0.2204
train,2006-08-27,8.96,8.9895,0.0295
train,2006-08-28,10.12,10.1069,-0.0131
train,2006-08-29,8.716,8.7926,0.0766
train,2006-08-30,9.78,9.5497,-0.2303
train,2006-08-31,8.97,8.9025,-0.0675
train,2006-09-01,8.154,8.1196,-0.0344
train,2006-09-02,7.48,7.497,0.017
train,2006-09-03,7.932,8.0727,0.1407
train,2006-09-04,8.38,8.4,0.02
train,2006-09-05,8.49,8.5124,0.0224
train,2006-09-06,8.46,8.5364,0.0764
train,2006-09-07,8.586,8.5552,-0.0308
train,2006-09-08,8.41,8.4562,0.0462
train,2006-09-09,8.65,8.6314,-0.0186
train,2006-09-10,8.87,9.2101,0.3401
train,2006-09-11,8.56,8.4865,-0.0735
train,2006-09-12,8.238,8.2703,0.0323
train,2006-09-13,8.74,8.733,-0.007
train,2006-09-14,8.78,8.826,0.046
train,2006-09-15,8.44,8.4544,0.0144
train,2006-09-16,8.694,8.672,-0.022
train,2006-09-17,9.136,9.2136,0.0776
train,2006-09-18,8.63,8.6921,0.0621
train,2006-09-19,9.028,9.1846,0.1566
train,2006-09-20,8.34,8.3657,0.0257
train,2006-09-21,8.21,8.2754,0.0654
train,2006-09-22,8.66,8.7178,0.0578
train,2006-09-23,8.45,8.4687,0.0187
train,2006-09-24,8.64,8.6295,-0.0105
train,2006-09-25,10.01,10.4906,0.4806
train,2006-09-26,8.588,8.5698,-0.0182
train,2006-09-27,8.44,8.5492,0.1092
train,2006-09-28,9.44,9.753,0.313
train,2006-09-29,8.4,8.4341,0.0341
train,2006-09-30,8.48,8.4865,0.0065
train,2006-10-01,10.832,10.4244,-0.4076
train,2006-10-02,9.23,9.3725,0.1425
train,2006-10-03,9.41,9.2677,-0.1423
train,2006-10-04,8.44,8.4441,0.0041
train,2006-10-05,8.704,8.7524,0.0484
train,2006-10-06,10.3,10.2534,-0.0466
train,2006-10-07,8.41,8.4336,0.0236
train,2006-10-08,7.586,7.5761,-0.0099
train,2006-10-09,8.45,8.673,0.223
train,2006-10-10,8.54,8.5416,0.0016
train,2006-10-11,8.692,8.8835,0.1915
train,2006-10-12,9.37,9.347,-0.023
train,2006-10-13,8.69,8.6589,-0.0311
train,2006-10-14,9.22,9.2772,0.0572
train,2006-10-15,8.67,8.85,0.18
train,2006-10-16,8.27,8.3279,0.0579
train,2006-10-17,9.36,9.1415,-0.2185
train,2006-10-18,8.42,8.4765,0.0565
train,2006-10-19,8.67,8.7426,0.0726
train,2006-10-20,8.61,8.5831,-0.0269
train,2006-10-21,8.43,8.4373,0.0073
train,2006-10-22,8.4,8.4257,0.0257
train,2006-10-23,8.7,8.7043,0.0043
train,2006-10-24,9.356,9.3441,-0.0119
train,2006-10-25,7.44,7.5691,0.1291
train,2006-10-26,9.072,9.6377,0.5657
train,2006-10-27,8.966,9.1263,0.1603
train,2006-10-28,8.63,8.7431,0.1131
train,2006-10-29,8.6,8.5989,-0.0011
train,2006-10-30,7.584,7.7418,0.1578
train,2006-10-31,8.438,8.5357,0.0977
train,2006-11-01,8.0,8.0364,0.0364
train,2006-11-02,7.52,7.5858,0.0658
train,2006-11-03,8.394,8.4773,0.0833
train,2006-11-04,8.57,8.5865,0.0165
train,2006-11-05,8.44,8.4028,-0.0372
train,2006-11-06,8.38,8.4426,0.0626
train,2006-11-07,8.376,8.0547,-0.3213
train,2006-11-08,8.552,8.4276,-0.1244
train,2006-11-09,9.138,8.9098,-0.2282
train,2006-11-10,8.14,8.213,0.073
train,2006-11-11,8.41,8.3664,-0.0436
train,2006-11-12,8.924,8.9207,-0.0033
train,2006-11-13,8.108,8.1275,0.0195
train,2006-11-14,8.56,8.5623,0.0023
train,2006-11-15,8.67,8.6549,-0.0151
train,2006-11-16,7.79,7.7835,-0.0065
train,2006-11-17,9.24,8.8918,-0.3482
train,2006-11-18,8.55,8.7917,0.2417
train,2006-11-19,8.8,8.7557,-0.0443
train,2006-11-20,8.32,8.3479,0.0279
train,2006-11-21,8.8,8.7745,-0.0255
train,2006-11-22,7.926,7.8607,-0.0653
train,2006-11-23,8.42,8.4545,0.0345
train,2006-11-24,8.74,8.774,0.034
train,2006-11-25,8.29,8.2973,0.0073
train,2006-11-26,9.35,9.3734,0.0234
train,2006-11-27,8.47,8.472,0.002
train,2006-11-28,8.6,8.5882,-0.0118
train,2006-11-29,9.034,9.1791,0.1451
train,2006-11-30,9.552,9.9896,0.4376
train,2006-12-01,8.69,8.6522,-0.0378
train,2006-12-02,7.6,7.5652,-0.0348
train,2006-12-03,8.52,8.5047,-0.0153
train,2006-12-04,9.42,9.4206,0.0006
train,2006-12-05,8.73,8.8175,0.0875
train,2006-12-06,8.42,8.4029,-0.0171
train,2006-12-07,10.54,9.7499,-0.7901
train,2006-12-08,8.55,8.5423,-0.0077
train,2006-12-09,8.226,8.2633,0.0373
train,2006-12-10,8.83,9.1296,0.2996
train,2006-12-11,8.51,8.5525,0.0425
train,2006-12-12,8.97,8.686,-0.284
train,2006-12-13,9.432,9.2306,-0.2014
train,2006-12-14,8.31,8.313,0.003
train,2006-12-15,8.56,8.5561,-0.0039
train,2006-12-16,8.39,8.3845,-0.0055
train,2006-12-17,8.632,8.877,0.245
train,2006-12-18,8.6,8.716,0.116
train,2006-12-19,8.542,8.6518,0.1098
train,2006-12-20,8.68,8.6779,-0.0021
train,2006-12-21,9.446,9.6017,0.1557
train,2006-12-22,8.76,8.6869,-0.0731
train,2006-12-23,7.62,7.6592,0.0392
train,2006-12-24,8.094,8.1051,0.0111
train,2006-12-25,8.37,8.4007,0.0307
train,2006-12-26,10.97,9.5476,-1.4224
train,2006-12-27,8.48,8.6089,0.1289
train,2006-12-28,9.052,9.0516,-0.0004
train,2006-12-29,8.85,8.9373,0.0873
train,2006-12-30,8.38,8.3737,-0.0063
train,2006-12-31,7.776,7.7705,-0.0055
train,2007-01-01,8.84,8.8259,-0.0141
train,2007-01-02,8.66,8.6908,0.0308
train,2007-01-03,9.17,9.33,0.16
train,2007-01-04,9.67,10.0947,0.4247
train,2007-01-05,8.84,8.8155,-0.0245
train,2007-01-06,8.044,8.071,0.027
train,2007-01-07,7.432,7.6054,0.1734
train,2007-01-08,8.69,8.9979,0.3079
train,2007-01-09,7.556,7.5542,-0.0018
train,2007-01-10,9.63,9.7536,0.1236
train,2007-01-11,8.792,8.7756,-0.0164
train,2007-01-12,8.12,8.1443,0.0243
train,2007-01-13,9.71,9.2362,-0.4738
train,2007-01-14,8.95,9.476,0.526
train,2007-01-15,8.57,8.5735,0.0035
train,2007-01-16,9.306,9.5731,0.2671
train,2007-01-17,7.21,7.2146,0.0046
train,2007-01-18,8.91,8.8451,-0.0649
train,2007-01-19,8.31,8.3384,0.0284
train,2007-01-20,8.71,8.6833,-0.0267
train,2007-01-21,8.39,8.4144,0.0244
train,2007-01-22,8.42,8.4401,0.0201
train,2007-01-23,8.53,8.5497,0.0197
train,2007-01-24,8.39,8.4449,0.0549
train,2007-01-25,8.754,8.7938,0.0398
train,2007-01-26,8.21,8.1874,-0.0226
train,2007-01-27,9.918,9.856,-0.062
train,2007-01-28,8.752,8.8409,0.0889
train,2007-01-29,9.1,9.1077,0.0077
train,2007-01-30,9.07,9.1802,0.1102
train,2007-01-31,9.71,9.7006,-0.0094
train,2007-02-01,8.47,8.4874,0.0174
train,2007-02-02,8.48,8.4805,0.0005
train,2007-02-03,9.06,9.0362,-0.0238
train,2007-02-04,8.358,8.5271,0.1691
train,2007-02-05,8.53,8.5229,-0.0071
train,2007-02-06,9.06,8.9208,-0.1392
train,2007-02-07,8.84,8.8458,0.0058
train,2007-02-08,8.58,8.5318,-0.0482
train,2007-02-09,8.66,8.6772,0.0172
train,2007-02-10,9.14,9.3692,0.2292
train,2007-02-11,8.16,8.1526,-0.0074
train,2007-02-12,8.55,8.5606,0.0106
train,2007-02-13,8.496,8.6275,0.1315
train,2007-02-14,8.784,9.1489,0.3649
train,2007-02-15,7.61,7.6039,-0.0061
train,2007-02-16,8.65,8.6738,0.0238
train,2007-02-17,8.508,8.5092,0.0012
train,2007-02-18,9.19,9.6075,0.4175
train,2007-02-19,8.35,8.3747,0.0247
train,2007-02-20,8.4,8.3987,-0.0013
train,2007-02-21,8.25,8.3306,0.0806
train,2007-02-22,9.68,9.8663,0.1863
train,2007-02-23,8.24,8.265,0.025
train,2007-02-24,8.386,8.5291,0.1431
train,2007-02-25,10.06,9.5902,-0.4698
train,2007-02-26,7.532,7.6253,0.0933
train,2007-02-27,8.892,8.721,-0.171
train,2007-02-28,8.58,8.5815,0.0015
train,2007-03-01,9.11,9.2649,0.1549
train,2007-03-02,8.56,8.542,-0.018
train,2007-03-03,9.21,9.2648,0.0548
train,2007-03-04,8.55,8.5343,-0.0157
train,2007-03-05,8.51,8.5381,0.0281
train,2007-03-06,8.0,8.0088,0.0088
train,2007-03-07,7.606,7.608,0.002
train,2007-03-08,8.52,8.5599,0.0399
train,2007-03-09,8.25,8.291,0.041
train,2007-03-10,8.984,9.5628,0.5788
train,2007-03-11,10.16,10.0949,-0.0651
train,2007-03-12,9.28,9.6681,0.3881
train,2007-03-13,8.44,8.4435,0.0035
train,2007-03-14,8.62,8.5681,-0.0519
train,2007-03-15,8.47,8.4301,-0.0399
train,2007-03-16,7.49,7.4401,-0.0499
train,2007-03-17,8.73,8.9288,0.1988
train,2007-03-18,8.166,8.1858,0.0198
train,2007-03-19,8.43,8.4486,0.0186
train,2007-03-20,8.46,8.5121,0.0521
train,2007-03-21,9.024,9.2858,0.2618
train,2007-03-22,8.118,8.2384,0.1204
train,2007-03-23,8.65,8.6488,-0.0012
train,2007-03-24,8.33,8.3999,0.0699
train,2007-03-25,7.89,8.195,0.305
train,2007-03-26,8.85,9.2144,0.3644
train,2007-03-27,9.282,9.4148,0.1328
train,2007-03-28,8.13,8.1896,0.0596
train,2007-03-29,8.698,8.7122,0.0142
train,2007-03-30,9.038,9.1286,0.0906
train,2007-03-31,8.67,8.9631,0.2931
train,2007-04-01,8.23,8.275,0.045
train,2007-04-02,9.43,9.4582,0.0282
train,2007-04-03,10.066,9.0608,-1.0052
train,2007-04-04,8.4,8.4002,0.0002
train,2007-04-05,8.3,8.3472,0.0472
train,2007-04-06,8.886,9.0837,0.1977
train,2007-04-07,8.55,8.9446,0.3946
train,2007-04-08,9.31,8.5875,-0.7225
train,2007-04-09,8.396,8.4181,0.0221
train,2007-04-10,7.454,7.4133,-0.0407
train,2007-04-11,8.718,8.7443,0.0263
train,2007-04-12,10.98,10.6244,-0.3556
train,2007-04-13,8.42,8.4634,0.0434
train,2007-04-14,8.46,8.508,0.048
train,2007-04-15,8.37,8.5487,0.1787
train,2007-04-16,9.58,9.697,0.117
train,2007-04-17,7.974,8.112,0.138
train,2007-04-18,7.928,8.6646,0.7366
train,2007-04-19,7.662,7.5442,-0.1178
train,2007-04-20,8.48,8.524,0.044
train,2007-04-21,8.45,8.4888,0.0388
train,2007-04-22,8.54,8.567,0.027
train,2007-04-23,8.35,8.3902,0.0402
train,2007-04-24,9.506,9.0617,-0.4443
train,2007-04-25,8.85,9.0611,0.2111
train,2007-04-26,8.76,8.7896,0.0296
train,2007-04-27,10.74,10.0663,-0.6737
train,2007-04-28,8.38,8.3696,-0.0104
train,2007-04-29,9.6,9.8439,0.2439
train,2007-04-30,9.104,9.3367,0.2327
train,2007-05-01,9.042,9.1254,0.0834
train,2007-05-02,9.314,9.2929,-0.0211
train,2007-05-03,9.58,9.5429,-0.0371
train,2007-05-04,8.4,8.4251,0.0251
train,2007-05-05,7.578,7.5248,-0.0532
train,2007-05-06,9.51,8.6621,-0.8479
train,2007-05-07,8.922,8.6687,-0.2533
train,2007-05-08,9.08,9.0052,-0.0748
train,2007-05-09,9.49,9.4289,-0.0611
train,2007-05-10,8.6,8.646,0.046
train,2007-05-11,8.3,8.4108,0.1108
train,2007-05-12,8.34,8.4229,0.0829
train,2007-05-13,9.09,9.3634,0.2734
train,2007-05-14,8.354,8.3894,0.0354
train,2007-05-15,8.2,8.1821,-0.0179
train,2007-05-16,8.618,8.6863,0.0683
train,2007-05-17,9.528,9.5212,-0.0068
train,2007-05-18,8.47,8.5856,0.1156
train,2007-05-19,8.612,8.5172,-0.0948
train,2007-05-20,9.73,10.3683,0.6383
train,2007-05-21,9.57,9.468,-0.102
train,2007-05-22,8.644,8.6605,0.0165
train,2007-05-23,9.76,9.5967,-0.1633
train,2007-05-24,10.082,10.1016,0.0196
train,2007-05-25,8.34,8.3638,0.0238
train,2007-05-26,8.53,8.5927,0.0627
train,2007-05-27,7.798,7.9134,0.1154
train,2007-05-28,8.17,8.2338,0.0638
train,2007-05-29,8.476,8.2664,-0.2096
train,2007-05-30,8.87,8.8465,-0.0235
train,2007-05-31,8.42,8.4562,0.0362
train,2007-06-01,8.374,8.4514,0.0774
train,2007-06-02,9.05,8.9523,-0.0977
train,2007-06-03,8.63,8.6128,-0.0172
train,2007-06-04,8.316,8.3549,0.0389
train,2007-06-05,10.662,11.3486,0.6866
train,2007-06-06,9.71,9.4412,-0.2688
train,2007-06-07,8.444,8.8845,0.4405
train,2007-06-08,9.558,9.9089,0.3509
train,2007-06-09,8.75,8.8122,0.0622
train,2007-06-10,8.79,8.8153,0.0253
train,2007-06-11,8.4,8.4804,0.0804
train,2007-06-12,8.27,8.2803,0.0103
train,2007-06-13,8.61,8.622,0.012
train,2007-06-14,8.8,8.8903,0.0903
train,2007-06-15,9.564,9.248,-0.316
train,2007-06-16,8.53,8.5251,-0.0049
train,2007-06-17,8.53,8.5278,-0.0022
train,2007-06-18,8.95,9.0695,0.1195
train,2007-06-19,8.46,8.4766,0.0166
train,2007-06-20,8.14,8.134,-0.006
train,2007-06-21,8.994,8.9965,0.0025
train,2007-06-22,8.74,8.7012,-0.0388
train,2007-06-23,8.38,8.394,0.014
train,2007-06-24,8.572,8.6732,0.1012
train,2007-06-25,8.19,8.1944,0.0044
train,2007-06-26,8.55,8.5688,0.0188
train,2007-06-27,8.24,8.3051,0.0651
train,2007-06-28,11.586,9.1603,-2.4257
train,2007-06-29,8.09,8.1384,0.0484
train,2007-06-30,8.81,8.9258,0.1158
train,2007-07-01,10.28,10.1588,-0.1212
train,2007-07-02,8.78,8.65,-0.13
train,2007-07-03,8.39,8.4145,0.0245
train,2007-07-04,8.73,8.7889,0.0589
train,2007-07-05,8.37,8.4296,0.0596
train,2007-07-06,8.77,8.6685,-0.1015
train,2007-07-07,8.35,8.3713,0.0213
train,2007-07-08,8.946,9.8689,0.9229
train,2007-07-09,7.702,7.9878,0.2858
train,2007-07-10,9.128,8.4477,-0.6803
train,2007-07-11,9.514,8.8311,-0.6829
train,2007-07-12,7.966,7.9797,0.0137
train,2007-07-13,8.35,8.353,0.003
train,2007-07-14,8.968,9.1937,0.2257
train,2007-07-15,8.96,8.7727,-0.1873
train,2007-07-16,8.204,8.2055,0.0015
train,2007-07-17,9.31,9.5131,0.2031
train,2007-07-18,8.76,8.6716,-0.0884
train,2007-07-19,8.47,8.5215,0.0515
train,2007-07-20,8.55,8.5685,0.0185
train,2007-07-21,8.32,8.4896,0.1696
train,2007-07-22,8.93,9.1068,0.1768
train,2007-07-23,8.42,8.4379,0.0179
train,2007-07-24,8.6,8.5855,-0.0145
train,2007-07-25,8.778,8.9185,0.1405
train,2007-07-26,8.41,8.4162,0.0062
train,2007-07-27,7.938,8.0272,0.0892
train,2007-07-28,9.0,9.0229,0.0229
train,2007-07-29,9.61,10.551,0.941
train,2007-07-30,9.77,10.063,0.293
train,2007-07-31,7.956,7.9841,0.0281
train,2007-08-01,8.818,7.9415,-0.8765
train,2007-08-02,8.57,8.9901,0.4201
train,2007-08-03,8.34,8.396,0.056
train,2007-08-04,8.53,8.5419,0.0119
train,2007-08-05,8.1,8.2145,0.1145
train,2007-08-06,8.57,8.5939,0.0239
train,2007-08-07,9.06,9.0176,-0.0424
train,2007-08-08,9.03,9.1962,0.1662
train,2007-08-09,8.53,8.5753,0.0453
train,2007-08-10,9.08,9.2429,0.1629
train,2007-08-11,8.51,8.513,0.003
train,2007-08-12,8.54,8.5468,0.0068
train,2007-08-13,8.56,8.9249,0.3649
train,2007-08-14,8.668,8.5851,-0.0829
train,2007-08-15,8.53,8.5009,-0.0291
train,2007-08-16,8.45,8.4785,0.0285
train,2007-08-17,9.242,9.3114,0.0694
train,2007-08-18,8.252,8.3293,0.0773
train,2007-08-19,9.878,9.6841,-0.1939
train,2007-08-20,8.442,8.438,-0.004
train,2007-08-21,8.73,8.6585,-0.0715
train,2007-08-22,8.28,8.3224,0.0424
train,2007-08-23,8.64,8.5436,-0.0964
train,2007-08-24,8.61,8.5827,-0.0273
train,2007-08-25,8.83,8.7501,-0.0799
train,2007-08-26,8.41,8.4465,0.0365
train,2007-08-27,9.606,9.424,-0.182
train,2007-08-28,9.24,8.997,-0.243
train,2007-08-29,8.69,9.0139,0.3239
train,2007-08-30,9.31,8.6979,-0.6121
train,2007-08-31,8.52,8.541,0.021
train,2007-09-01,8.554,8.5974,0.0434
train,2007-09-02,8.16,8.2035,0.0435
train,2007-09-03,8.6,8.7504,0.1504
train,2007-09-04,9.68,9.0372,-0.6428
train,2007-09-05,9.03,9.4336,0.4036
train,2007-09-06,7.14,7.1712,0.0312
train,2007-09-07,8.97,8.8992,-0.0708
train,2007-09-08,8.34,8.3664,0.0264
train,2007-09-09,9.03,8.5884,-0.4416
train,2007-09-10,8.514,8.5872,0.0732
train,2007-09-11,8.53,8.5084,-0.0216
train,2007-09-12,8.71,8.701,-0.009
train,2007-09-13,8.74,8.7477,0.0077
train,2007-09-14,8.54,8.5502,0.0102
train,2007-09-15,9.23,9.1142,-0.1158
train,2007-09-16,8.136,8.3469,0.2109
train,2007-09-17,8.112,8.2651,0.1531
train,2007-09-18,8.65,8.7172,0.0672
train,2007-09-19,8.71,8.6533,-0.0567
train,2007-09-20,8.96,9.0235,0.0635
train,2007-09-21,8.26,8.3189,0.0589
train,2007-09-22,8.75,8.7627,0.0127
train,2007-09-23,8.12,8.2635,0.1435
train,2007-09-24,8.232,8.2977,0.0657
train,2007-09-25,8.82,8.8031,-0.0169
train,2007-09-26,8.32,8.3749,0.0549
train,2007-09-27,9.93,9.5444,-0.3856
train,2007-09-28,8.93,8.8311,-0.0989
train,2007-09-29,8.35,8.4273,0.0773
train,2007-09-30,8.29,8.3379,0.0479
train,2007-10-01,8.364,8.5432,0.1792
train,2007-10-02,7.23,7.2298,-0.0002
train,2007-10-03,8.398,8.4603,0.0623
train,2007-10-04,8.422,8.5463,0.1243
train,2007-10-05,8.372,8.4469,0.0749
train,2007-10-06,7.764,8.0765,0.3125
train,2007-10-07,8.77,8.8875,0.1175
train,2007-10-08,7.936,7.9282,-0.0078
train,2007-10-09,8.36,8.424,0.064
train,2007-10-10,8.38,8.4152,0.0352
train,2007-10-11,7.14,7.1534,0.0134
train,2007-10-12,8.69,8.633,-0.057
train,2007-10-13,8.7,8.6513,-0.0487
train,2007-10-14,9.02,9.2821,0.2621
train,2007-10-15,8.51,8.4933,-0.0167
train,2007-10-16,8.796,8.6507,-0.1453
train,2007-10-17,9.04,9.255,0.215
train,2007-10-18,8.35,8.3665,0.0165
train,2007-10-19,8.55,8.5998,0.0498
train,2007-10-20,8.34,8.3532,0.0132
train,2007-10-21,7.722,7.8031,0.0811
train,2007-10-22,8.882,9.1225,0.2405
train,2007-10-23,9.99,9.9018,-0.0882
train,2007-10-24,8.188,8.0622,-0.1258
train,2007-10-25,8.63,8.6832,0.0532
train,2007-10-26,9.11,9.2487,0.1387
train,2007-10-27,8.62,8.6444,0.0244
train,2007-10-28,8.56,8.6404,0.0804
train,2007-10-29,10.208,10.6107,0.4027
train,2007-10-30,8.74,8.8727,0.1327
train,2007-10-31,10.39,9.3305,-1.0595
train,2007-11-01,7.694,8.0273,0.3333
train,2007-11-02,8.316,8.3301,0.0141
train,2007-11-03,8.404,8.4134,0.0094
train,2007-11-04,9.39,9.4032,0.0132
train,2007-11-05,8.784,8.7675,-0.0165
train,2007-11-06,8.842,8.959,0.117
train,2007-11-07,8.066,7.8979,-0.1681
train,2007-11-08,9.05,9.1375,0.0875
train,2007-11-09,8.67,8.8123,0.1423
train,2007-11-10,8.3,8.453,0.153
train,2007-11-11,8.31,8.3551,0.0451
train,2007-11-12,9.12,8.9602,-0.1598
train,2007-11-13,8.168,8.1833,0.0153
train,2007-11-14,8.86,9.2526,0.3926
train,2007-11-15,9.28,9.7548,0.4748
train,2007-11-16,7.876,8.0839,0.2079
train,2007-11-17,8.4,8.4188,0.0188
train,2007-11-18,8.46,8.4426,-0.0174
train,2007-11-19,8.41,8.4067,-0.0033
train,2007-11-20,8.36,8.4477,0.0877
train,2007-11-21,8.46,8.4458,-0.0142
train,2007-11-22,7.932,7.9794,0.0474
train,2007-11-23,8.52,8.5651,0.0451
train,2007-11-24,8.368,8.7353,0.3673
train,2007-11-25,8.51,8.4979,-0.0121
train,2007-11-26,8.464,8.6939,0.2299
train,2007-11-27,8.4,8.4446,0.0446
train,2007-11-28,8.44,8.4828,0.0428
train,2007-11-29,8.81,9.1853,0.3753
train,2007-11-30,9.2,9.3079,0.1079
train,2007-12-01,8.79,8.7144,-0.0756
train,2007-12-02,8.064,8.0556,-0.0084
train,2007-12-03,8.37,8.3993,0.0293
train,2007-12-04,8.59,8.5638,-0.0262
train,2007-12-05,9.24,9.1787,-0.0613
train,2007-12-06,10.0,9.4688,-0.5312
train,2007-12-07,8.542,8.5463,0.0043
train,2007-12-08,10.37,9.7648,-0.6052
train,2007-12-09,8.806,8.8341,0.0281
train,2007-12-10,8.792,9.1317,0.3397
train,2007-12-11,8.84,8.9291,0.0891
train,2007-12-12,8.734,8.8164,0.0824
train,2007-12-13,8.5,8.4964,-0.0036
train,2007-12-14,8.76,8.8906,0.1306
train,2007-12-15,9.634,10.1252,0.4912
train,2007-12-16,9.67,9.5503,-0.1197
train,2007-12-17,8.08,8.1116,0.0316
train,2007-12-18,7.94,8.1557,0.2157
train,2007-12-19,9.18,8.9674,-0.2126
train,2007-12-20,8.54,8.5482,0.0082
train,2007-12-21,8.85,8.8482,-0.0018
train,2007-12-22,8.928,9.4417,0.5137
train,2007-12-23,8.81,8.9456,0.1356
train,2007-12-24,8.44,8.4635,0.0235
train,2007-12-25,8.828,9.3301,0.5021
train,2007-12-26,8.53,8.5358,0.0058
train,2007-12-27,8.762,8.7793,0.0173
train,2007-12-28,8.184,8.2396,0.0556
train,2007-12-29,9.074,9.7098,0.6358
train,2007-12-30,8.94,8.9454,0.0054
train,2007-12-31,8.348,8.7435,0.3955
train,2008-01-01,9.25,9.3703,0.1203
train,2008-01-02,9.324,9.6478,0.3238
train,2008-01-03,9.19,9.654,0.464
train,2008-01-04,8.59,8.6339,0.0439
train,2008-01-05,8.94,9.1923,0.2523
train,2008-01-06,8.426,8.4335,0.0075
train,2008-01-07,10.17,8.7469,-1.4231
train,2008-01-08,8.64,8.4817,-0.1583
train,2008-01-09,8.278,8.2851,0.0071
train,2008-01-10,8.5,8.5865,0.0865
train,2008-01-11,7.428,7.4376,0.0096
train,2008-01-12,8.52,8.4753,-0.0447
train,2008-01-13,8.89,9.0794,0.1894
train,2008-01-14,9.55,9.7616,0.2116
train,2008-01-15,8.41,8.4432,0.0332
train,2008-01-16,8.238,8.2828,0.0448
train,2008-01-17,9.03,9.1679,0.1379
train,2008-01-18,11.34,10.6333,-0.7067
train,2008-01-19,10.142,9.236,-0.906
train,2008-01-20,9.114,9.1333,0.0193
train,2008-01-21,8.77,8.7774,0.0074
train,2008-01-22,8.344,8.4126,0.0686
train,2008-01-23,9.45,9.2258,-0.2242
train,2008-01-24,8.34,8.3934,0.0534
train,2008-01-25,8.57,8.5537,-0.0163
train,2008-01-26,8.808,8.8142,0.0062
train,2008-01-27,8.69,8.6477,-0.0423
train,2008-01-28,9.142,9.174,0.032
train,2008-01-29,8.38,8.4234,0.0434
train,2008-01-30,8.94,9.1016,0.1616
train,2008-01-31,8.98,9.0321,0.0521
train,2008-02-01,8.58,8.5852,0.0052
train,2008-02-02,8.37,8.4065,0.0365
train,2008-02-03,9.12,9.368,0.248
train,2008-02-04,8.65,8.7015,0.0515
train,2008-02-05,8.706,8.9173,0.2113
train,2008-02-06,8.43,8.4374,0.0074
train,2008-02-07,10.02,9.4447,-0.5753
train,2008-02-08,8.93,8.4509,-0.4791
train,2008-02-09,8.25,8.2914,0.0414
train,2008-02-10,8.46,8.4578,-0.0022
train,2008-02-11,9.31,9.4903,0.1803
train,2008-02-12,8.66,8.7634,0.1034
train,2008-02-13,9.36,9.2311,-0.1289
train,2008-02-14,8.77,8.8035,0.0335
train,2008-02-15,8.56,8.5943,0.0343
train,2008-02-16,8.53,8.5578,0.0278
train,2008-02-17,8.34,8.3704,0.0304
train,2008-02-18,8.8,8.8901,0.0901
train,2008-02-19,8.77,9.0856,0.3156
train,2008-02-20,8.598,9.2799,0.6819
train,2008-02-21,10.352,10.9812,0.6292
train,2008-02-22,8.9,8.921,0.021
train,2008-02-23,8.304,8.3319,0.0279
train,2008-02-24,8.51,8.4736,-0.0364
train,2008-02-25,8.48,8.4779,-0.0021
train,2008-02-26,8.51,8.5948,0.0848
train,2008-02-27,8.39,8.3675,-0.0225
train,2008-02-28,8.97,9.3045,0.3345
train,2008-02-29,7.13,7.1616,0.0316
train,2008-03-01,8.34,8.3619,0.0219
train,2008-03-02,8.316,8.3503,0.0343
train,2008-03-03,8.56,8.7601,0.2001
train,2008-03-04,8.58,8.5896,0.0096
train,2008-03-05,8.51,8.6511,0.1411
train,2008-03-06,9.99,9.3666,-0.6234
train,2008-03-07,8.2,8.2406,0.0406
train,2008-03-08,8.38,8.4592,0.0792
train,2008-03-09,8.736,8.8347,0.0987
train,2008-03-10,8.39,8.3902,0.0002
train,2008-03-11,9.1,9.3224,0.2224
train,2008-03-12,8.89,8.8425,-0.0475
train,2008-03-13,8.85,9.0663,0.2163
train,2008-03-14,8.042,7.9995,-0.0425
train,2008-03-15,8.77,8.8059,0.0359
train,2008-03-16,9.53,9.9418,0.4118
train,2008-03-17,8.4,8.4667,0.0667
train,2008-03-18,8.45,8.5097,0.0597
train,2008-03-19,8.65,8.5792,-0.0708
train,2008-03-20,8.4,8.5091,0.1091
train,2008-03-21,8.95,9.1288,0.1788
train,2008-03-22,8.61,8.319,-0.291
train,2008-03-23,8.78,8.5968,-0.1832
train,2008-03-24,8.46,8.6235,0.1635
train,2008-03-25,8.302,8.3741,0.0721
train,2008-03-26,10.06,9.5377,-0.5223
train,2008-03-27,8.72,8.7009,-0.0191
train,2008-03-28,9.254,9.0868,-0.1672
train,2008-03-29,8.45,8.4623,0.0123
train,2008-03-30,8.518,8.5432,0.0252
train,2008-03-31,8.166,8.3068,0.1408
train,2008-04-01,8.7,8.9394,0.2394
train,2008-04-02,8.85,8.5582,-0.2918
train,2008-04-03,8.55,8.5346,-0.0154
train,2008-04-04,10.266,9.65,-0.616
train,2008-04-05,8.36,8.3852,0.0252
train,2008-04-06,10.794,10.6571,-0.1369
train,2008-04-07,9.09,9.2214,0.1314
train,2008-04-08,8.786,8.7883,0.0023
train,2008-04-09,11.64,11.1964,-0.4436
train,2008-04-10,8.214,8.2201,0.0061
train,2008-04-11,10.22,9.9847,-0.2353
train,2008-04-12,8.58,8.5347,-0.0453
train,2008-04-13,7.906,8.0119,0.1059
train,2008-04-14,10.43,10.1633,-0.2667
train,2008-04-15,8.84,9.0229,0.1829
train,2008-04-16,8.5,8.5854,0.0854
train,2008-04-17,8.5,8.5234,0.0234
train,2008-04-18,8.964,9.2034,0.2394
train,2008-04-19,8.44,8.4488,0.0088
train,2008-04-20,11.092,9.6225,-1.4695
train,2008-04-21,8.07,8.1436,0.0736
train,2008-04-22,7.804,7.8734,0.0694
train,2008-04-23,8.662,8.7339,0.0719
train,2008-04-24,10.82,10.2948,-0.5252
train,2008-04-25,8.79,8.9153,0.1253
train,2008-04-26,9.792,9.6269,-0.1651
train,2008-04-27,8.61,8.6127,0.0027
train,2008-04-28,8.67,8.6611,-0.0089
train,2008-04-29,9.31,9.311,0.001
train,2008-04-30,7.26,7.3398,0.0798
train,2008-05-01,8.33,8.3464,0.0164
train,2008-05-02,8.504,8.7698,0.2658
train,2008-05-03,9.32,9.7346,0.4146
train,2008-05-04,8.56,8.5814,0.0214
train,2008-05-05,9.96,9.7512,-0.2088
train,2008-05-06,9.8,10.2278,0.4278
train,2008-05-07,8.37,8.3849,0.0149
train,2008-05-08,8.48,8.4355,-0.0445
train,2008-05-09,7.75,7.7573,0.0073
train,2008-05-10,7.69,7.6811,-0.0089
train,2008-05-11,9.23,9.3093,0.0793
train,2008-05-12,9.81,9.6231,-0.1869
train,2008-05-13,8.766,8.8892,0.1232
train,2008-05-14,9.18,9.2285,0.0485
train,2008-05-15,8.88,8.6633,-0.2167
train,2008-05-16,10.28,10.8153,0.5353
train,2008-05-17,8.63,9.1892,0.5592
train,2008-05-18,7.918,8.1828,0.2648
train,2008-05-19,8.74,8.7211,-0.0189
train,2008-05-20,8.41,8.4499,0.0399
train,2008-05-21,8.61,8.6752,0.0652
train,2008-05-22,8.21,8.1502,-0.0598
train,2008-05-23,6.81,6.6991,-0.1109
train,2008-05-24,9.45,9.4335,-0.0165
train,2008-05-25,8.57,8.5892,0.0192
train,2008-05-26,8.91,9.0201,0.1101
train,2008-05-27,8.476,8.486,0.01
train,2008-05-28,8.732,8.5199,-0.2121
train,2008-05-29,8.4,8.42,0.02
train,2008-05-30,8.994,9.1161,0.1221
train,2008-05-31,8.47,8.483,0.013
train,2008-06-01,10.39,10.3148,-0.0752
train,2008-06-02,8.29,8.3138,0.0238
train,2008-06-03,8.164,8.2238,0.0598
train,2008-06-04,7.906,8.2437,0.3377
train,2008-06-05,8.35,8.3867,0.0367
train,2008-06-06,9.93,8.7448,-1.1852
train,2008-06-07,9.88,9.5954,-0.2846
train,2008-06-08,8.63,8.7485,0.1185
train,2008-06-09,8.45,8.4717,0.0217
train,2008-06-10,8.398,8.5085,0.1105
train,2008-06-11,8.61,8.7009,0.0909
train,2008-06-12,7.71,7.7078,-0.0022
train,2008-06-13,9.32,10.53,1.21
train,2008-06-14,8.326,8.3328,0.0068
train,2008-06-15,8.62,8.6168,-0.0032
train,2008-06-16,7.22,7.2122,-0.0078
train,2008-06-17,8.426,8.4399,0.0139
train,2008-06-18,8.43,8.4671,0.0371
train,2008-06-19,8.99,9.0576,0.0676
train,2008-06-20,8.87,8.8188,-0.0512
train,2008-06-21,8.52,8.5277,0.0077
train,2008-06-22,8.18,7.8995,-0.2805
train,2008-06-23,8.38,8.4053,0.0253
train,2008-06-24,8.59,8.6377,0.0477
train,2008-06-25,9.12,9.0883,-0.0317
train,2008-06-26,7.732,8.0294,0.2974
train,2008-06-27,8.54,8.5911,0.0511
train,2008-06-28,10.586,10.2044,-0.3816
train,2008-06-29,8.35,8.6,0.25
train,2008-06-30,9.22,9.6028,0.3828
train,2008-07-01,8.55,8.5993,0.0493
train,2008-07-02,8.55,8.6542,0.1042
train,2008-07-03,8.52,8.5159,-0.0041
train,2008-07-04,8.43,8.5187,0.0887
train,2008-07-05,9.04,9.2311,0.1911
train,2008-07-06,8.238,8.0831,-0.1549
train,2008-07-07,8.868,8.9866,0.1186
train,2008-07-08,9.85,8.9499,-0.9001
train,2008-07-09,9.19,8.8388,-0.3512
train,2008-07-10,8.33,8.3606,0.0306
train,2008-07-11,9.152,9.5485,0.3965
train,2008-07-12,8.67,8.7275,0.0575
train,2008-07-13,9.106,9.1998,0.0938
train,2008-07-14,9.684,9.3561,-0.3279
train,2008-07-15,8.26,8.2936,0.0336
train,2008-07-16,9.8,10.03,0.23
train,2008-07-17,8.52,8.5281,0.0081
train,2008-07-18,8.86,9.0146,0.1546
train,2008-07-19,9.246,9.4606,0.2146
train,2008-07-20,9.892,9.3404,-0.5516
train,2008-07-21,8.42,8.4585,0.0385
train,2008-07-22,8.59,8.5481,-0.0419
train,2008-07-23,8.54,8.5539,0.0139
train,2008-07-24,9.04,9.1632,0.1232
train,2008-07-25,8.822,9.0906,0.2686
train,2008-07-26,7.956,8.0206,0.0646
train,2008-07-27,7.92,8.0103,0.0903
train,2008-07-28,8.026,8.0511,0.0251
train,2008-07-29,8.194,8.2816,0.0876
train,2008-07-30,6.612,6.5613,-0.0507
train,2008-07-31,8.92,9.1293,0.2093
train,2008-08-01,9.23,8.929,-0.301
train,2008-08-02,8.73,8.7265,-0.0035
train,2008-08-03,8.074,8.0976,0.0236
train,2008-08-04,8.69,8.1013,-0.5887
train,2008-08-05,8.42,8.454,0.034
train,2008-08-06,8.91,8.9292,0.0192
train,2008-08-07,8.5,8.5054,0.0054
train,2008-08-08,9.43,9.5068,0.0768
train,2008-08-09,9.14,9.2095,0.0695
train,2008-08-10,8.65,8.7039,0.0539
train,2008-08-11,8.616,8.6891,0.0731
train,2008-08-12,8.69,8.8736,0.1836
train,2008-08-13,8.64,8.731,0.091
train,2008-08-14,8.31,8.3376,0.0276
train,2008-08-15,8.048,8.2156,0.1676
train,2008-08-16,8.48,8.5135,0.0335
train,2008-08-17,8.53,8.5471,0.0171
train,2008-08-18,10.94,9.6574,-1.2826
train,2008-08-19,8.67,8.6752,0.0052
train,2008-08-20,8.55,8.6035,0.0535
train,2008-08-21,8.656,8.828,0.172
train,2008-08-22,8.32,8.3583,0.0383
train,2008-08-23,8.77,8.6994,-0.0706
train,2008-08-24,9.42,9.9529,0.5329
train,2008-08-25,8.54,8.5955,0.0555
train,2008-08-26,9.49,10.2083,0.7183
val,2008-12-25,8.16,8.1659,0.0059
val,2008-12-26,8.16,8.1578,-0.0022
val,2008-12-27,8.16,8.1588,-0.0012
val,2008-12-28,8.15,8.1861,0.0361
val,2008-12-29,8.14,8.1764,0.0364
val,2008-12-30,8.14,8.1607,0.0207
val,2008-12-31,8.14,8.1544,0.0144
val,2009-01-01,8.134,8.154,0.02
val,2009-01-02,8.13,8.1417,0.0117
val,2009-01-03,8.13,8.1414,0.0114
val,2009-01-04,8.13,8.1438,0.0138
val,2009-01-05,8.13,8.1482,0.0182
val,2009-01-06,8.122,8.1558,0.0338
val,2009-01-07,8.124,8.1594,0.0354
val,2009-01-08,8.124,8.1513,0.0273
val,2009-01-09,8.124,8.1442,0.0202
val,2009-01-10,8.12,8.1375,0.0175
val,2009-01-11,8.12,8.1329,0.0129
val,2009-01-12,8.12,8.1339,0.0139
val,2009-01-13,8.114,8.1355,0.0215
val,2009-01-14,8.12,8.1345,0.0145
val,2009-01-15,8.116,8.1365,0.0205
val,2009-01-16,8.12,8.1414,0.0214
val,2009-01-17,8.12,8.1456,0.0256
val,2009-01-18,8.11,8.1484,0.0384
val,2009-01-19,8.114,8.1457,0.0317
val,2009-01-20,8.11,8.1435,0.0335
val,2009-01-21,8.11,8.1394,0.0294
val,2009-01-22,8.11,8.1356,0.0256
val,2009-01-23,8.11,8.1336,0.0236
val,2009-01-24,8.11,8.1399,0.0299
val,2009-01-25,8.11,8.1669,0.0569
val,2009-01-26,8.11,8.1834,0.0734
val,2009-01-27,8.104,8.1628,0.0588
val,2009-01-28,8.106,8.137,0.031
val,2009-01-29,8.096,8.1352,0.0392
val,2009-01-30,8.09,8.112,0.022
val,2009-01-31,8.08,8.0983,0.0183
val,2009-02-01,8.082,8.1024,0.0204
val,2009-02-02,8.08,8.0914,0.0114
val,2009-02-03,8.064,8.0922,0.0282
val,2009-02-04,8.066,8.0912,0.0252
val,2009-02-05,8.072,8.094,0.022
val,2009-02-06,8.056,8.0933,0.0373
val,2009-02-07,8.05,8.086,0.036
val,2009-02-08,8.06,8.0763,0.0163
val,2009-02-09,8.06,8.0743,0.0143
val,2009-02-10,8.06,8.0716,0.0116
val,2009-02-11,8.07,8.0689,-0.0011
val,2009-02-12,8.024,8.0724,0.0484
val,2009-02-13,8.034,8.0707,0.0367
val,2009-02-14,8.01,8.0602,0.0502
val,2009-02-15,8.01,8.0543,0.0443
val,2009-02-16,8.024,8.0355,0.0115
val,2009-02-17,8.0,8.0339,0.0339
val,2009-02-18,8.0,8.0265,0.0265
val,2009-02-19,7.994,8.0241,0.0301
val,2009-02-20,7.984,8.02,0.036
val,2009-02-21,7.982,8.0175,0.0355
val,2009-02-22,7.98,8.0067,0.0267
val,2009-02-23,7.988,8.003,0.015
val,2009-02-24,7.99,8.006,0.016
val,2009-02-25,8.006,8.0099,0.0039
val,2009-02-26,8.026,8.0712,0.0452
val,2009-02-27,8.05,8.064,0.014
val,2009-02-28,8.04,8.055,0.015
val,2009-03-01,8.038,8.039,0.001
val,2009-03-02,8.014,8.0109,-0.0031
val,2009-03-03,7.98,8.01,0.03
val,2009-03-04,7.994,7.9951,0.0011
val,2009-03-05,8.004,8.0443,0.0403
val,2009-03-06,7.996,8.0484,0.0524
val,2009-03-07,8.0,8.0435,0.0435
val,2009-03-08,7.98,8.0106,0.0306
val,2009-03-09,7.96,7.9941,0.0341
val,2009-03-10,7.95,7.9803,0.0303
val,2009-03-11,7.976,7.9517,-0.0243
val,2009-03-12,7.98,7.9877,0.0077
val,2009-03-13,7.98,7.957,-0.023
val,2009-03-14,7.968,7.9888,0.0208
val,2009-03-15,7.974,7.991,0.017
val,2009-03-16,7.96,7.9663,0.0063
val,2009-03-17,7.984,7.9721,-0.0119
val,2009-03-18,7.986,8.0033,0.0173
val,2009-03-19,8.0,7.9909,-0.0091
val,2009-03-20,7.972,8.008,0.036
val,2009-03-21,7.96,8.0122,0.0522
val,2009-03-22,7.978,8.0186,0.0406
val,2009-03-23,7.99,8.0215,0.0315
val,2009-03-24,7.976,8.0237,0.0477
val,2009-03-25,7.96,8.02,0.06
val,2009-03-26,7.95,8.0127,0.0627
val,2009-03-27,7.95,8.0067,0.0567
val,2009-03-28,7.946,8.0336,0.0876
val,2009-03-29,7.96,8.0345,0.0745
val,2009-03-30,7.992,8.0379,0.0459
val,2009-03-31,7.986,8.1749,0.1889
val,2009-04-01,8.048,8.121,0.073
val,2009-04-02,8.018,8.2019,0.1839
val,2009-04-03,7.984,8.0762,0.0922
val,2009-04-04,8.008,7.9925,-0.0155
val,2009-04-05,8.098,7.986,-0.112
val,2009-04-06,8.018,8.0029,-0.0151
val,2009-04-07,7.978,7.9829,0.0049
val,2009-04-08,7.976,7.9488,-0.0272
val,2009-04-09,7.958,7.9541,-0.0039
val,2009-04-10,7.972,7.9493,-0.0227
val,2009-04-11,7.936,7.9511,0.0151
val,2009-04-12,7.938,7.9283,-0.0097
val,2009-04-13,7.94,7.9406,0.0006
val,2009-04-14,7.938,7.9477,0.0097
val,2009-04-15,7.984,7.9507,-0.0333
val,2009-04-16,7.98,7.9692,-0.0108
val,2009-04-17,8.342,8.0739,-0.2681
val,2009-04-18,8.884,8.7335,-0.1505
val,2009-04-19,8.278,8.5253,0.2473
val,2009-04-20,8.154,8.2311,0.0771
val,2009-04-21,8.122,8.2605,0.1385
val,2009-04-22,8.106,8.2284,0.1224
val,2009-04-23,8.09,8.1688,0.0788
val,2009-04-24,8.04,8.1082,0.0682
val,2009-04-25,8.002,8.0526,0.0506
val,2009-04-26,7.986,8.05,0.064
val,2009-04-27,7.974,8.03,0.056
val,2009-04-28,7.94,8.0101,0.0701
val,2009-04-29,7.894,7.9869,0.0929
val,2009-04-30,7.866,7.9608,0.0948
val,2009-05-01,7.838,7.9468,0.1088
val,2009-05-02,8.038,7.9592,-0.0788
val,2009-05-03,8.182,8.2495,0.0675
val,2009-05-04,8.258,8.2163,-0.0417
val,2009-05-05,8.14,8.2278,0.0878
val,2009-05-06,8.104,8.1186,0.0146
val,2009-05-07,8.018,8.0986,0.0806
val,2009-05-08,8.0,8.0678,0.0678
val,2009-05-09,7.99,8.0475,0.0575
val,2009-05-10,7.974,8.0275,0.0535
val,2009-05-11,7.99,8.016,0.026
val,2009-05-12,7.988,8.0557,0.0677
val,2009-05-13,7.964,8.012,0.048
val,2009-05-14,7.97,8.1395,0.1695
val,2009-05-15,7.96,8.0717,0.1117
val,2009-05-16,7.962,7.9942,0.0322
val,2009-05-17,8.006,8.0815,0.0755
val,2009-05-18,8.078,8.0865,0.0085
val,2009-05-19,8.326,8.2554,-0.0706
val,2009-05-20,8.184,8.2629,0.0789
val,2009-05-21,8.064,8.1137,0.0497
val,2009-05-22,8.052,8.0745,0.0225
val,2009-05-23,8.024,8.0725,0.0485
val,2009-05-24,8.064,8.046,-0.018
val,2009-05-25,8.15,8.1582,0.0082
val,2009-05-26,9.304,8.7688,-0.5352
val,2009-05-27,11.028,9.5612,-1.4668
val,2009-05-28,8.992,9.715,0.723
val,2009-05-29,7.95,8.5209,0.5709
val,2009-05-30,8.184,8.2748,0.0908
val,2009-05-31,7.952,8.2857,0.3337
val,2009-06-01,7.844,8.1481,0.3041
val,2009-06-02,7.84,8.3335,0.4935
val,2009-06-03,8.082,8.1733,0.0913
val,2009-06-04,7.836,8.3355,0.4995
val,2009-06-05,7.732,8.1145,0.3825
val,2009-06-06,7.734,8.0524,0.3184
val,2009-06-07,8.802,8.5027,-0.2993
val,2009-06-08,7.994,9.1793,1.1853
val,2009-06-09,8.13,8.1271,-0.0029
val,2009-06-10,8.444,8.1454,-0.2986
val,2009-06-11,8.194,8.4349,0.2409
val,2009-06-12,8.02,8.2905,0.2705
val,2009-06-13,7.88,8.1395,0.2595
val,2009-06-14,7.766,7.9904,0.2244
val,2009-06-15,7.714,7.9077,0.1937
val,2009-06-16,7.69,7.8701,0.1801
val,2009-06-17,7.676,7.7914,0.1154
val,2009-06-18,7.606,7.7586,0.1526
val,2009-06-19,7.6,7.7051,0.1051
val,2009-06-20,7.678,7.9166,0.2386
val,2009-06-21,7.62,7.7567,0.1367
val,2009-06-22,7.59,7.7413,0.1513
val,2009-06-23,7.538,7.7191,0.1811
val,2009-06-24,7.46,7.6204,0.1604
val,2009-06-25,7.536,7.5785,0.0425
val,2009-06-26,7.626,7.5563,-0.0697
val,2009-06-27,7.46,7.652,0.192
val,2009-06-28,7.642,7.6915,0.0495
val,2009-06-29,7.686,7.7877,0.1017
val,2009-06-30,8.548,8.0515,-0.4965
val,2009-07-01,10.726,8.8086,-1.9174
val,2009-07-02,10.514,10.4866,-0.0274
val,2009-07-03,12.058,10.2457,-1.8123
val,2009-07-04,10.264,10.3948,0.1308
val,2009-07-05,8.772,9.1392,0.3672
val,2009-07-06,8.2,8.6686,0.4686
val,2009-07-07,8.036,8.3559,0.3199
val,2009-07-08,7.934,8.2612,0.3272
val,2009-07-09,7.894,8.0826,0.1886
val,2009-07-10,7.878,8.1432,0.2652
val,2009-07-11,7.848,8.2494,0.4014
val,2009-07-12,7.844,8.1011,0.2571
val,2009-07-13,7.852,8.0346,0.1826
val,2009-07-14,8.34,7.9538,-0.3862
val,2009-07-15,8.05,8.2628,0.2128
val,2009-07-16,7.85,8.3058,0.4558
val,2009-07-17,7.862,8.1843,0.3223
val,2009-07-18,7.836,8.222,0.386
val,2009-07-19,7.78,8.0929,0.3129
val,2009-07-20,7.78,7.9108,0.1308
val,2009-07-21,7.716,7.8074,0.0914
val,2009-07-22,7.736,7.7349,-0.0011
val,2009-07-23,7.906,7.8329,-0.0731
val,2009-07-24,7.808,7.9041,0.0961
val,2009-07-25,7.73,7.7669,0.0369
val,2009-07-26,7.68,7.7244,0.0444
val,2009-07-27,7.846,7.6939,-0.1521
val,2009-07-28,9.518,8.3736,-1.1444
val,2009-07-29,10.69,9.6843,-1.0057
val,2009-07-30,10.224,10.4692,0.2452
val,2009-07-31,10.744,9.7157,-1.0283
val,2009-08-01,10.464,9.9592,-0.5048
val,2009-08-02,9.646,9.5216,-0.1244
val,2009-08-03,10.658,9.203,-1.455
val,2009-08-04,9.49,9.7623,0.2723
val,2009-08-05,8.428,9.254,0.826
val,2009-08-06,9.474,8.7367,-0.7373
val,2009-08-07,9.11,9.3279,0.2179
val,2009-08-08,9.06,9.0708,0.0108
val,2009-08-09,8.316,8.9744,0.6584
val,2009-08-10,8.138,8.4214,0.2834
val,2009-08-11,8.066,8.3018,0.2358
val,2009-08-12,8.056,8.2597,0.2037
val,2009-08-13,8.198,8.3049,0.1069
val,2009-08-14,8.03,8.6022,0.5722
val,2009-08-15,8.406,8.4948,0.0888
val,2009-08-16,8.922,9.0344,0.1124
val,2009-08-17,8.364,8.9427,0.5787
val,2009-08-18,8.394,8.4668,0.0728
val,2009-08-19,8.872,8.5275,-0.3445
val,2009-08-20,8.572,9.0799,0.5079
val,2009-08-21,10.736,8.9831,-1.7529
val,2009-08-22,9.666,10.3735,0.7075
val,2009-08-23,8.568,9.3353,0.7673
val,2009-08-24,8.442,8.574,0.132
val,2009-08-25,9.526,8.4015,-1.1245
val,2009-08-26,8.644,8.9454,0.3014
val,2009-08-27,8.372,8.679,0.307
val,2009-08-28,8.266,8.6882,0.4222
val,2009-08-29,8.104,8.3664,0.2624
val,2009-08-30,8.026,8.1841,0.1581
val,2009-08-31,8.432,8.1536,-0.2784
val,2009-09-01,8.37,8.4153,0.0453
val,2009-09-02,8.116,8.3227,0.2067
val,2009-09-03,8.386,8.3619,-0.0241
val,2009-09-04,8.358,8.4132,0.0552
val,2009-09-05,8.092,8.4963,0.4043
val,2009-09-06,8.432,8.3399,-0.0921
val,2009-09-07,8.248,8.3832,0.1352
val,2009-09-08,8.776,8.4734,-0.3026
val,2009-09-09,8.138,9.4526,1.3146
val,2009-09-10,8.116,8.6712,0.5552
val,2009-09-11,8.272,8.3588,0.0868
val,2009-09-12,8.032,8.2224,0.1904
val,2009-09-13,7.976,8.0513,0.0753
val,2009-09-14,8.174,7.9914,-0.1826
val,2009-09-15,8.504,8.2409,-0.2631
val,2009-09-16,8.524,8.7016,0.1776
val,2009-09-17,8.372,8.4601,0.0881
val,2009-09-18,8.252,8.2872,0.0352
val,2009-09-19,8.172,8.2523,0.0803
val,2009-09-20,8.028,8.1881,0.1601
val,2009-09-21,8.036,8.2224,0.1864
val,2009-09-22,7.946,8.3057,0.3597
val,2009-09-23,7.99,9.0407,1.0507
val,2009-09-24,7.962,8.4917,0.5297
val,2009-09-25,7.916,8.1901,0.2741
val,2009-09-26,7.888,7.9575,0.0695
val,2009-09-27,7.858,7.8352,-0.0228
val,2009-09-28,7.89,7.843,-0.047
val,2009-09-29,7.894,7.8193,-0.0747
val,2009-09-30,7.95,7.7598,-0.1902
val,2009-10-01,7.838,7.7561,-0.0819
val,2009-10-02,7.81,7.7391,-0.0709
val,2009-10-03,7.828,7.8156,-0.0124
val,2009-10-04,8.708,7.9009,-0.8071
val,2009-10-05,8.7,8.8752,0.1752
val,2009-10-06,8.712,8.7459,0.0339
val,2009-10-07,8.362,8.5772,0.2152
val,2009-10-08,8.404,8.3427,-0.0613
val,2009-10-09,10.422,8.4626,-1.9594
val,2009-10-10,9.964,9.7704,-0.1936
val,2009-10-11,8.842,8.9228,0.0808
val,2009-10-12,8.526,8.4966,-0.0294
val,2009-10-13,8.452,8.48,0.028
val,2009-10-14,8.274,8.4491,0.1751
val,2009-10-15,8.21,8.3366,0.1266
val,2009-10-16,8.224,8.5135,0.2895
val,2009-10-17,8.262,8.5973,0.3353
val,2009-10-18,8.21,8.4337,0.2237
val,2009-10-19,8.264,8.3061,0.0421
val,2009-10-20,8.17,8.2557,0.0857
val,2009-10-21,8.132,8.1545,0.0225
val,2009-10-22,8.108,8.0894,-0.0186
val,2009-10-23,8.094,8.063,-0.031
val,2009-10-24,8.09,8.1224,0.0324
val,2009-10-25,8.074,8.139,0.065
val,2009-10-26,8.054,8.0969,0.0429
val,2009-10-27,8.042,8.0611,0.0191
val,2009-10-28,8.03,8.0283,-0.0017
val,2009-10-29,8.014,7.9995,-0.0145
val,2009-10-30,8.01,7.9745,-0.0355
val,2009-10-31,8.006,7.953,-0.053
val,2009-11-01,7.996,7.9387,-0.0573
val,2009-11-02,7.982,7.9342,-0.0478
val,2009-11-03,7.98,7.9325,-0.0475
val,2009-11-04,7.98,7.9402,-0.0398
val,2009-11-05,7.98,7.9599,-0.0201
val,2009-11-06,7.986,8.0402,0.0542
val,2009-11-07,7.958,7.9983,0.0403
val,2009-11-08,7.954,7.9483,-0.0057
val,2009-11-09,8.03,7.9329,-0.0971
val,2009-11-10,8.03,7.9453,-0.0847
val,2009-11-11,8.018,7.9821,-0.0359
val,2009-11-12,8.026,7.9883,-0.0377
val,2009-11-13,8.01,7.99,-0.02
val,2009-11-14,8.016,7.9995,-0.0165
val,2009-11-15,8.098,8.0263,-0.0717
val,2009-11-16,8.036,8.1046,0.0686
val,2009-11-17,8.038,8.161,0.123
val,2009-11-18,8.034,8.1524,0.1184
val,2009-11-19,8.034,8.2748,0.2408
val,2009-11-20,8.016,8.1846,0.1686
val,2009-11-21,7.988,7.9948,0.0068
val,2009-11-22,7.98,7.923,-0.057
val,2009-11-23,7.976,7.9197,-0.0563
val,2009-11-24,7.97,7.9241,-0.0459
val,2009-11-25,7.968,7.9333,-0.0347
val,2009-11-26,7.966,7.9449,-0.0211
val,2009-11-27,7.96,7.947,-0.013
val,2009-11-28,7.96,7.9344,-0.0256
val,2009-11-29,7.95,7.9284,-0.0216
val,2009-11-30,7.944,7.9301,-0.0139
val,2009-12-01,7.92,7.9333,0.0133
val,2009-12-02,7.93,7.9239,-0.0061
val,2009-12-03,7.928,7.9241,-0.0039
val,2009-12-04,7.924,7.9214,-0.0026
val,2009-12-05,7.926,7.9306,0.0046
val,2009-12-06,7.918,7.9312,0.0132
val,2009-12-07,7.92,7.9204,0.0004
val,2009-12-08,7.916,7.9144,-0.0016
val,2009-12-09,7.918,7.9039,-0.0141
val,2009-12-10,7.92,7.8927,-0.0273
val,2009-12-11,7.92,7.9004,-0.0196
val,2009-12-12,7.92,7.9115,-0.0085
val,2009-12-13,7.916,7.9105,-0.0055
val,2009-12-14,7.902,7.9044,0.0024
val,2009-12-15,7.9,7.8994,-0.0006
val,2009-12-16,7.9,7.8969,-0.0031
val,2009-12-17,7.888,7.8988,0.0108
val,2009-12-18,7.878,7.8942,0.0162
val,2009-12-19,7.868,7.8898,0.0218
val,2009-12-20,7.86,7.8838,0.0238
val,2009-12-21,7.86,7.8747,0.0147
val,2009-12-22,7.85,7.8658,0.0158
val,2009-12-23,7.85,7.8623,0.0123
val,2009-12-24,7.834,7.8635,0.0295
val,2009-12-25,7.836,7.8599,0.0239
val,2009-12-26,7.822,7.8607,0.0387
val,2009-12-27,7.822,7.8585,0.0365
val,2009-12-28,7.816,7.8597,0.0437
val,2009-12-29,7.816,7.8601,0.0441
val,2009-12-30,7.816,7.8584,0.0424
val,2009-12-31,7.81,7.8538,0.0438
val,2010-01-01,7.802,7.8454,0.0434
val,2010-01-02,7.784,7.833,0.049
val,2010-01-03,7.778,7.8176,0.0396
val,2010-01-04,7.78,7.8047,0.0247
val,2010-01-05,7.762,7.8014,0.0394
val,2010-01-06,7.76,7.7951,0.0351
val,2010-01-07,7.76,7.7912,0.0312
val,2010-01-08,7.76,7.7851,0.0251
val,2010-01-09,7.744,7.7772,0.0332
val,2010-01-10,7.74,7.7646,0.0246
val,2010-01-11,7.742,7.7575,0.0155
val,2010-01-12,7.73,7.7554,0.0254
val,2010-01-13,7.73,7.7574,0.0274
val,2010-01-14,7.73,7.7688,0.0388
val,2010-01-15,7.736,7.7733,0.0373
val,2010-01-16,7.714,7.7723,0.0583
val,2010-01-17,7.72,7.748,0.028
val,2010-01-18,7.716,7.7413,0.0253
val,2010-01-19,7.72,7.7357,0.0157
val,2010-01-20,7.746,7.7348,-0.0112
val,2010-01-21,7.72,7.7427,0.0227
val,2010-01-22,7.718,7.7269,0.0089
val,2010-01-23,7.682,7.7201,0.0381
val,2010-01-24,7.686,7.7086,0.0226
val,2010-01-25,7.67,7.6991,0.0291
val,2010-01-26,7.66,7.688,0.028
val,2010-01-27,7.658,7.68,0.022
val,2010-01-28,7.644,7.6767,0.0327
val,2010-01-29,7.636,7.6679,0.0319
val,2010-01-30,7.624,7.6587,0.0347
val,2010-01-31,7.63,7.6499,0.0199
val,2010-02-01,7.63,7.6471,0.0171
val,2010-02-02,7.61,7.6207,0.0107
val,2010-02-03,7.61,7.6143,0.0043
val,2010-02-04,7.606,7.6084,0.0024
val,2010-02-05,7.606,7.6053,-0.0007
val,2010-02-06,7.602,7.6026,0.0006
val,2010-02-07,7.602,7.6017,-0.0003
val,2010-02-08,7.594,7.5948,0.0008
val,2010-02-09,7.626,7.5873,-0.0387
val,2010-02-10,7.744,7.5854,-0.1586
val,2010-02-11,7.766,7.6307,-0.1353
val,2010-02-12,7.75,7.6374,-0.1126
val,2010-02-13,7.722,7.647,-0.075
val,2010-02-14,7.698,7.6595,-0.0385
val,2010-02-15,7.668,7.6619,-0.0061
val,2010-02-16,7.654,7.6509,-0.0031
val,2010-02-17,7.614,7.6302,0.0162
val,2010-02-18,7.65,7.6263,-0.0237
val,2010-02-19,7.63,7.6085,-0.0215
val,2010-02-20,7.602,7.6037,0.0017
val,2010-02-21,7.592,7.5883,-0.0037
val,2010-02-22,7.586,7.5846,-0.0014
val,2010-02-23,7.586,7.5733,-0.0127
val,2010-02-24,7.646,7.5423,-0.1037
val,2010-02-25,7.702,7.6013,-0.1007
val,2010-02-26,8.034,7.8021,-0.2319
val,2010-02-27,7.988,7.8234,-0.1646
val,2010-02-28,7.794,7.7725,-0.0215
val,2010-03-01,7.702,7.7477,0.0457
val,2010-03-02,7.642,7.7092,0.0672
val,2010-03-03,7.62,7.657,0.037
val,2010-03-04,7.588,7.6069,0.0189
val,2010-03-05,7.578,7.5906,0.0126
val,2010-03-06,7.604,7.6139,0.0099
val,2010-03-07,7.652,7.7079,0.0559
val,2010-03-08,7.63,7.65,0.02
val,2010-03-09,7.61,7.5791,-0.0309
val,2010-03-10,7.574,7.5531,-0.0209
val,2010-03-11,7.558,7.5355,-0.0225
val,2010-03-12,7.526,7.524,-0.002
val,2010-03-13,7.53,7.5202,-0.0098
val,2010-03-14,7.536,7.5077,-0.0283
val,2010-03-15,7.536,7.533,-0.003
val,2010-03-16,7.58,7.5571,-0.0229
val,2010-03-17,7.574,7.5553,-0.0187
val,2010-03-18,7.524,7.5469,0.0229
val,2010-03-19,7.53,7.5346,0.0046
val,2010-03-20,7.492,7.5098,0.0178
val,2010-03-21,7.514,7.5058,-0.0082
val,2010-03-22,7.494,7.5043,0.0103
val,2010-03-23,7.496,7.5002,0.0042
val,2010-03-24,7.514,7.5263,0.0123
val,2010-03-25,7.5,7.5348,0.0348
val,2010-03-26,7.496,7.5324,0.0364
val,2010-03-27,7.46,7.527,0.067
val,2010-03-28,7.482,7.5204,0.0384
val,2010-03-29,7.568,7.7747,0.2067
val,2010-03-30,7.794,7.8403,0.0463
val,2010-03-31,7.762,8.474,0.712
val,2010-04-01,7.84,8.4927,0.6527
val,2010-04-02,7.664,8.1362,0.4722
val,2010-04-03,7.56,7.9223,0.3623
val,2010-04-04,7.524,7.7854,0.2614
val,2010-04-05,7.49,7.6444,0.1544
val,2010-04-06,7.46,7.5334,0.0734
val,2010-04-07,7.472,7.4559,-0.0161
val,2010-04-08,7.466,7.4052,-0.0608
val,2010-04-09,7.45,7.3892,-0.0608
val,2010-04-10,7.432,7.3764,-0.0556
val,2010-04-11,7.408,7.3787,-0.0293
val,2010-04-12,7.406,7.3783,-0.0277
val,2010-04-13,7.372,7.3813,0.0093
val,2010-04-14,7.372,7.3773,0.0053
val,2010-04-15,7.442,7.3882,-0.0538
val,2010-04-16,7.478,7.3972,-0.0808
val,2010-04-17,7.398,7.397,-0.001
val,2010-04-18,7.512,7.3734,-0.1386
val,2010-04-19,7.64,7.5297,-0.1103
val,2010-04-20,7.63,7.6729,0.0429
val,2010-04-21,7.474,7.7228,0.2488
val,2010-04-22,7.43,7.5724,0.1424
val,2010-04-23,7.392,7.4837,0.0917
val,2010-04-24,7.338,7.4336,0.0956
val,2010-04-25,7.444,7.3894,-0.0546
val,2010-04-26,7.45,7.4568,0.0068
val,2010-04-27,7.426,7.5018,0.0758
val,2010-04-28,7.402,7.4091,0.0071
val,2010-04-29,7.586,7.4244,-0.1616
val,2010-04-30,7.546,7.6555,0.1095
val,2010-05-01,7.544,7.5067,-0.0373
val,2010-05-02,7.48,7.4406,-0.0394
val,2010-05-03,7.49,7.4415,-0.0485
val,2010-05-04,7.448,7.4391,-0.0089
val,2010-05-05,7.496,7.4443,-0.0517
val,2010-05-06,7.478,7.4317,-0.0463
val,2010-05-07,7.44,7.4384,-0.0016
val,2010-05-08,7.418,7.4174,-0.0006
val,2010-05-09,7.456,7.4712,0.0152
val,2010-05-10,8.562,7.5034,-1.0586
val,2010-05-11,7.98,8.1582,0.1782
val,2010-05-12,7.708,7.7731,0.0651
val,2010-05-13,7.578,7.6617,0.0837
val,2010-05-14,7.5,7.5958,0.0958
val,2010-05-15,7.512,7.5123,0.0003
val,2010-05-16,7.546,7.4798,-0.0662
val,2010-05-17,7.5,7.4688,-0.0312
val,2010-05-18,7.478,7.4905,0.0125
val,2010-05-19,7.458,7.4726,0.0146
val,2010-05-20,7.468,7.5196,0.0516
val,2010-05-21,7.59,7.6327,0.0427
val,2010-05-22,8.034,8.2651,0.2311
val,2010-05-23,7.914,8.4096,0.4956
val,2010-05-24,7.696,8.0134,0.3174
val,2010-05-25,7.602,8.3469,0.7449
val,2010-05-26,8.054,8.1208,0.0668
val,2010-05-27,9.454,8.7791,-0.6749
val,2010-05-28,8.854,9.2406,0.3866
val,2010-05-29,9.296,8.7842,-0.5118
val,2010-05-30,8.89,8.8485,-0.0415
val,2010-05-31,9.122,8.5296,-0.5924
val,2010-06-01,9.08,8.6098,-0.4702
val,2010-06-02,8.212,8.5103,0.2983
val,2010-06-03,8.048,8.0263,-0.0217
val,2010-06-04,8.826,7.9346,-0.8914
val,2010-06-05,10.288,8.5451,-1.7429
val,2010-06-06,9.804,9.9084,0.1044
val,2010-06-07,8.686,9.0077,0.3217
val,2010-06-08,7.944,8.3593,0.4153
val,2010-06-09,7.702,8.133,0.431
val,2010-06-10,7.6,8.0046,0.4046
val,2010-06-11,7.904,7.8503,-0.0537
val,2010-06-12,7.562,7.9592,0.3972
val,2010-06-13,8.096,8.1274,0.0314
val,2010-06-14,8.558,8.8822,0.3242
val,2010-06-15,9.918,9.6416,-0.2764
val,2010-06-16,8.276,9.8886,1.6126
val,2010-06-17,7.902,8.3491,0.4471
val,2010-06-18,7.86,8.094,0.234
val,2010-06-19,7.986,8.2156,0.2296
val,2010-06-20,8.044,8.5191,0.4751
val,2010-06-21,8.004,8.3876,0.3836
val,2010-06-22,8.084,8.0852,0.0012
val,2010-06-23,7.818,8.2176,0.3996
val,2010-06-24,7.626,8.0988,0.4728
val,2010-06-25,7.62,8.0278,0.4078
val,2010-06-26,7.746,7.928,0.182
val,2010-06-27,9.31,7.946,-1.364
val,2010-06-28,8.43,8.8125,0.3825
val,2010-06-29,8.744,8.5044,-0.2396
val,2010-06-30,10.25,9.1956,-1.0544
val,2010-07-01,8.904,9.8279,0.9239
val,2010-07-02,8.344,8.4457,0.1017
val,2010-07-03,8.042,8.1576,0.1156
val,2010-07-04,7.832,8.0269,0.1949
val,2010-07-05,7.802,7.8549,0.0529
val,2010-07-06,7.838,7.8699,0.0319
val,2010-07-07,7.646,7.8683,0.2223
val,2010-07-08,7.884,7.8423,-0.0417
val,2010-07-09,7.632,7.8755,0.2435
val,2010-07-10,7.682,7.7688,0.0868
val,2010-07-11,7.916,7.8488,-0.0672
val,2010-07-12,8.518,9.031,0.513
val,2010-07-13,8.204,9.4335,1.2295
val,2010-07-14,8.0,8.1977,0.1977
val,2010-07-15,7.646,8.0454,0.3994
val,2010-07-16,7.568,7.8626,0.2946
val,2010-07-17,7.48,7.6857,0.2057
val,2010-07-18,7.408,7.5437,0.1357
val,2010-07-19,7.45,7.5084,0.0584
val,2010-07-20,7.462,7.5201,0.0581
val,2010-07-21,7.826,7.5724,-0.2536
val,2010-07-22,7.568,7.7567,0.1887
val,2010-07-23,7.488,7.5944,0.1064
val,2010-07-24,7.436,7.6647,0.2287
val,2010-07-25,7.388,7.4783,0.0903
val,2010-07-26,7.336,7.513,0.177
val,2010-07-27,7.38,7.46,0.08
val,2010-07-28,7.328,7.3551,0.0271
val,2010-07-29,7.374,7.3011,-0.0729
val,2010-07-30,7.69,7.3693,-0.3207
val,2010-07-31,9.202,7.9576,-1.2444
val,2010-08-01,8.276,9.3168,1.0408
val,2010-08-02,7.696,8.1278,0.4318
val,2010-08-03,7.53,7.6653,0.1353
val,2010-08-04,7.456,7.6092,0.1532
val,2010-08-05,8.002,7.5759,-0.4261
val,2010-08-06,7.688,7.8269,0.1389
val,2010-08-07,7.49,7.5027,0.0127
val,2010-08-08,7.612,7.473,-0.139
val,2010-08-09,7.55,7.5328,-0.0172
val,2010-08-10,7.746,7.4874,-0.2586
val,2010-08-11,9.494,7.5906,-1.9034
val,2010-08-12,8.602,9.0724,0.4704
val,2010-08-13,8.712,8.3399,-0.3721
val,2010-08-14,8.546,8.8017,0.2557
val,2010-08-15,8.25,8.8521,0.6021
val,2010-08-16,7.94,8.282,0.342
val,2010-08-17,7.742,8.0398,0.2978
val,2010-08-18,7.898,7.8938,-0.0042
val,2010-08-19,7.636,7.8584,0.2224
val,2010-08-20,7.612,7.8965,0.2845
val,2010-08-21,7.608,7.8841,0.2761
val,2010-08-22,7.532,7.6988,0.1668
val,2010-08-23,7.446,7.5379,0.0919
val,2010-08-24,7.508,7.4912,-0.0168
val,2010-08-25,7.728,7.7685,0.0405
val,2010-08-26,8.186,7.7827,-0.4033
val,2010-08-27,7.97,7.9769,0.0069
val,2010-08-28,8.612,8.1721,-0.4399
val,2010-08-29,7.792,8.7127,0.9207
val,2010-08-30,7.606,7.7793,0.1733
val,2010-08-31,7.484,7.6157,0.1317
val,2010-09-01,7.434,7.5815,0.1475
val,2010-09-02,7.38,7.4705,0.0905
val,2010-09-03,7.382,7.3822,0.0002
val,2010-09-04,7.518,7.3816,-0.1364
val,2010-09-05,7.482,7.488,0.006
val,2010-09-06,7.412,7.456,0.044
val,2010-09-07,7.382,7.4196,0.0376
val,2010-09-08,7.314,7.378,0.064
val,2010-09-09,7.334,7.3718,0.0378
val,2010-09-10,7.34,7.5128,0.1728
val,2010-09-11,7.38,7.5466,0.1666
val,2010-09-12,7.424,7.5436,0.1196
val,2010-09-13,7.338,7.6528,0.3148
val,2010-09-14,7.376,7.6682,0.2922
val,2010-09-15,7.47,7.8637,0.3937
val,2010-09-16,7.59,7.6431,0.0531
val,2010-09-17,7.442,7.5653,0.1233
val,2010-09-18,7.478,7.5235,0.0455
val,2010-09-19,7.498,7.5239,0.0259
val,2010-09-20,7.492,7.5515,0.0595
val,2010-09-21,7.936,7.5737,-0.3623
val,2010-09-22,8.188,7.8025,-0.3855
val,2010-09-23,7.612,7.839,0.227
val,2010-09-24,7.758,7.5768,-0.1812
val,2010-09-25,7.612,7.6942,0.0822
val,2010-09-26,7.874,7.707,-0.167
val,2010-09-27,7.962,7.8733,-0.0887
val,2010-09-28,7.682,7.789,0.107
val,2010-09-29,7.908,7.672,-0.236
val,2010-09-30,7.554,7.6749,0.1209
val,2010-10-01,7.488,7.5752,0.0872
val,2010-10-02,7.402,7.4822,0.0802
val,2010-10-03,7.336,7.4066,0.0706
val,2010-10-04,7.344,7.3524,0.0084
val,2010-10-05,7.3,7.3969,0.0969
val,2010-10-06,8.324,7.4402,-0.8838
val,2010-10-07,7.93,8.3197,0.3897
val,2010-10-08,11.174,8.809,-2.365
val,2010-10-09,11.82,10.3137,-1.5063
val,2010-10-10,9.432,9.8065,0.3745
val,2010-10-11,8.422,8.827,0.405
val,2010-10-12,7.994,8.5453,0.5513
val,2010-10-13,7.798,8.3817,0.5837
val,2010-10-14,7.678,8.167,0.489
val,2010-10-15,8.422,7.9599,-0.4621
val,2010-10-16,7.834,8.2833,0.4493
val,2010-10-17,7.936,8.1467,0.2107
val,2010-10-18,7.664,8.1833,0.5193
val,2010-10-19,7.562,7.9784,0.4164
val,2010-10-20,7.518,7.8083,0.2903
val,2010-10-21,7.718,7.7081,-0.0099
val,2010-10-22,7.852,7.6555,-0.1965
val,2010-10-23,7.942,7.9095,-0.0325
val,2010-10-24,8.536,8.1281,-0.4079
val,2010-10-25,8.568,8.4149,-0.1531
val,2010-10-26,7.876,8.33,0.454
val,2010-10-27,7.62,8.0681,0.4481
val,2010-10-28,7.566,7.9345,0.3685
val,2010-10-29,7.502,7.8059,0.3039
val,2010-10-30,7.466,7.6603,0.1943
val,2010-10-31,7.438,7.56,0.122
val,2010-11-01,7.418,7.5171,0.0991
val,2010-11-02,7.41,7.5233,0.1133
val,2010-11-03,7.376,7.4791,0.1031
val,2010-11-04,7.358,7.4364,0.0784
val,2010-11-05,7.344,7.4087,0.0647
val,2010-11-06,7.338,7.3587,0.0207
val,2010-11-07,7.32,7.3342,0.0142
val,2010-11-08,7.318,7.3526,0.0346
val,2010-11-09,7.294,7.3793,0.0853
val,2010-11-10,7.29,7.3585,0.0685
val,2010-11-11,7.29,7.3275,0.0375
val,2010-11-12,7.29,7.3104,0.0204
val,2010-11-13,7.288,7.3092,0.0212
val,2010-11-14,7.278,7.2964,0.0184
val,2010-11-15,7.268,7.2837,0.0157
val,2010-11-16,7.258,7.2604,0.0024
val,2010-11-17,7.26,7.2397,-0.0203
val,2010-11-18,7.258,7.2405,-0.0175
val,2010-11-19,7.252,7.2366,-0.0154
val,2010-11-20,7.25,7.2494,-0.0006
val,2010-11-21,7.354,7.302,-0.052
val,2010-11-22,7.326,7.3423,0.0163
val,2010-11-23,7.262,7.2753,0.0133
val,2010-11-24,7.246,7.2387,-0.0073
val,2010-11-25,7.238,7.2339,-0.0041
val,2010-11-26,7.224,7.2248,0.0008
val,2010-11-27,7.228,7.2381,0.0101
val,2010-11-28,7.23,7.2403,0.0103
val,2010-11-29,7.226,7.237,0.011
val,2010-11-30,7.218,7.2201,0.0021
val,2010-12-01,7.204,7.1855,-0.0185
val,2010-12-02,7.198,7.1496,-0.0484
val,2010-12-03,7.19,7.1395,-0.0505
val,2010-12-04,7.19,7.1434,-0.0466
val,2010-12-05,7.184,7.1426,-0.0414
val,2010-12-06,7.188,7.2241,0.0361
val,2010-12-07,7.194,7.2608,0.0668
val,2010-12-08,7.186,7.2551,0.0691
val,2010-12-09,7.19,7.2999,0.1099
val,2010-12-10,7.532,7.6085,0.0765
val,2010-12-11,7.302,7.7758,0.4738
val,2010-12-12,7.2,7.3702,0.1702
val,2010-12-13,7.19,7.2396,0.0496
val,2010-12-14,7.184,7.2087,0.0247
val,2010-12-15,7.18,7.1709,-0.0091
val,2010-12-16,7.164,7.1473,-0.0167
val,2010-12-17,7.164,7.143,-0.021
val,2010-12-18,7.154,7.1638,0.0098
val,2010-12-19,7.146,7.1577,0.0117
val,2010-12-20,7.136,7.1415,0.0055
val,2010-12-21,7.126,7.1298,0.0038
val,2010-12-22,7.124,7.1273,0.0033
val,2010-12-23,7.116,7.1476,0.0316
val,2010-12-24,7.12,7.1648,0.0448
val,2010-12-25,7.106,7.1674,0.0614
val,2010-12-26,7.098,7.1615,0.0635
val,2010-12-27,7.114,7.1552,0.0412
val,2010-12-28,7.096,7.1622,0.0662
val,2010-12-29,7.086,7.1601,0.0741
val,2010-12-30,7.08,7.1493,0.0693
val,2010-12-31,7.094,7.1404,0.0464
val,2011-01-01,7.072,7.1509,0.0789
val,2011-01-02,7.07,7.1426,0.0726
val,2011-01-03,7.07,7.1273,0.0573
val,2011-01-04,7.07,7.1117,0.0417
val,2011-01-05,7.066,7.0986,0.0326
val,2011-01-06,7.07,7.0983,0.0283
val,2011-01-07,7.058,7.0944,0.0364
val,2011-01-08,7.066,7.0847,0.0187
val,2011-01-09,7.066,7.0897,0.0237
val,2011-01-10,7.07,7.1314,0.0614
val,2011-01-11,7.066,7.1166,0.0506
val,2011-01-12,7.06,7.1065,0.0465
val,2011-01-13,7.06,7.1131,0.0531
val,2011-01-14,7.06,7.1247,0.0647
val,2011-01-15,7.06,7.1273,0.0673
val,2011-01-16,7.06,7.1292,0.0692
val,2011-01-17,7.06,7.1978,0.1378
val,2011-01-18,7.06,7.1645,0.1045
val,2011-01-19,7.04,7.1477,0.1077
val,2011-01-20,7.04,7.1502,0.1102
val,2011-01-21,7.028,7.1317,0.1037
val,2011-01-22,7.032,7.1095,0.0775
val,2011-01-23,7.034,7.1057,0.0717
val,2011-01-24,7.03,7.1066,0.0766
val,2011-01-25,7.03,7.0996,0.0696
val,2011-01-26,7.016,7.091,0.075
val,2011-01-27,7.008,7.0729,0.0649
val,2011-01-28,7.024,7.0585,0.0345
val,2011-01-29,6.996,7.0472,0.0512
val,2011-01-30,6.998,7.033,0.035
val,2011-01-31,6.992,7.0312,0.0392
val,2011-02-01,6.978,7.0329,0.0549
val,2011-02-02,6.984,6.997,0.013
val,2011-02-03,6.984,6.9812,-0.0028
val,2011-02-04,6.962,6.9724,0.0104
val,2011-02-05,6.962,6.9585,-0.0035
val,2011-02-06,6.966,6.947,-0.019
val,2011-02-07,7.046,6.9397,-0.1063
val,2011-02-08,7.222,6.9577,-0.2643
val,2011-02-09,7.228,7.0237,-0.2043
val,2011-02-10,7.33,7.0628,-0.2672
val,2011-02-11,7.292,7.0992,-0.1928
val,2011-02-12,7.262,7.1141,-0.1479
val,2011-02-13,7.302,7.1209,-0.1811
val,2011-02-14,7.296,7.1533,-0.1427
val,2011-02-15,7.296,7.1768,-0.1192
val,2011-02-16,7.238,7.1971,-0.0409
val,2011-02-17,7.218,7.1925,-0.0255
val,2011-02-18,7.198,7.2066,0.0086
val,2011-02-19,7.186,7.2094,0.0234
val,2011-02-20,7.176,7.1597,-0.0163
val,2011-02-21,7.176,7.1262,-0.0498
val,2011-02-22,7.21,7.1921,-0.0179
val,2011-02-23,7.188,7.1697,-0.0183
val,2011-02-24,7.156,7.1208,-0.0352
val,2011-02-25,7.154,7.0974,-0.0566
val,2011-02-26,7.14,7.0913,-0.0487
val,2011-02-27,7.146,7.085,-0.061
val,2011-02-28,7.154,7.0822,-0.0718
val,2011-03-01,7.138,7.0908,-0.0472
val,2011-03-02,7.206,7.0609,-0.1451
val,2011-03-03,7.212,7.0738,-0.1382
val,2011-03-04,7.214,7.0866,-0.1274
val,2011-03-05,7.174,7.1003,-0.0737
val,2011-03-06,7.15,7.0968,-0.0532
val,2011-03-07,7.114,7.0777,-0.0363
val,2011-03-08,7.082,7.0603,-0.0217
val,2011-03-09,7.086,7.0292,-0.0568
val,2011-03-10,7.062,7.0269,-0.0351
val,2011-03-11,7.236,7.0229,-0.2131
val,2011-03-12,7.244,7.0493,-0.1947
val,2011-03-13,7.186,7.1125,-0.0735
val,2011-03-14,7.106,7.0988,-0.0072
val,2011-03-15,7.12,7.0737,-0.0463
val,2011-03-16,7.074,7.0584,-0.0156
val,2011-03-17,7.218,7.0514,-0.1666
val,2011-03-18,7.032,7.0745,0.0425
val,2011-03-19,7.036,7.071,0.035
val,2011-03-20,7.166,7.0948,-0.0712
val,2011-03-21,7.118,7.1744,0.0564
val,2011-03-22,7.086,7.1582,0.0722
val,2011-03-23,7.016,7.121,0.105
val,2011-03-24,7.144,7.074,-0.07
val,2011-03-25,7.128,7.0809,-0.0471
val,2011-03-26,7.144,7.0926,-0.0514
val,2011-03-27,7.208,7.1687,-0.0393
val,2011-03-28,7.198,7.1798,-0.0182
val,2011-03-29,7.168,7.1436,-0.0244
val,2011-03-30,7.266,7.2949,0.0289
val,2011-03-31,7.556,7.3107,-0.2453
val,2011-04-01,7.662,7.7247,0.0627
val,2011-04-02,7.3,7.5088,0.2088
val,2011-04-03,7.138,7.3008,0.1628
val,2011-04-04,7.078,7.2327,0.1547
val,2011-04-05,7.02,7.1441,0.1241
val,2011-04-06,7.0,7.0594,0.0594
val,2011-04-07,6.974,7.0131,0.0391
val,2011-04-08,6.932,6.9832,0.0512
val,2011-04-09,6.906,6.969,0.063
val,2011-04-10,6.916,6.9412,0.0252
val,2011-04-11,6.916,6.9171,0.0011
val,2011-04-12,6.892,6.9247,0.0327
val,2011-04-13,6.902,6.8874,-0.0146
val,2011-04-14,6.894,6.8875,-0.0065
val,2011-04-15,6.946,6.8917,-0.0543
val,2011-04-16,7.092,6.9487,-0.1433
val,2011-04-17,6.978,7.0057,0.0277
val,2011-04-18,7.06,6.9743,-0.0857
val,2011-04-19,7.188,7.0172,-0.1708
val,2011-04-20,7.23,7.1983,-0.0317
val,2011-04-21,7.218,7.216,-0.002
val,2011-04-22,7.066,7.1747,0.1087
val,2011-04-23,7.134,7.1055,-0.0285
val,2011-04-24,7.114,7.1176,0.0036
val,2011-04-25,7.074,7.1095,0.0355
val,2011-04-26,7.114,7.0996,-0.0144
val,2011-04-27,7.088,7.1115,0.0235
val,2011-04-28,7.114,7.2226,0.1086
val,2011-04-29,7.562,7.2148,-0.3472
val,2011-04-30,7.268,7.4032,0.1352
val,2011-05-01,7.12,7.2596,0.1396
val,2011-05-02,7.048,7.1775,0.1295
val,2011-05-03,7.01,7.1389,0.1289
val,2011-05-04,7.988,7.1161,-0.8719
val,2011-05-05,7.678,7.8678,0.1898
val,2011-05-06,7.888,7.7092,-0.1788
val,2011-05-07,7.78,7.6709,-0.1091
val,2011-05-08,7.374,7.6175,0.2435
val,2011-05-09,7.208,7.4466,0.2386
val,2011-05-10,7.114,7.2858,0.1718
val,2011-05-11,7.168,7.1861,0.0181
val,2011-05-12,7.548,7.2961,-0.2519
val,2011-05-13,7.314,7.4015,0.0875
val,2011-05-14,7.282,7.2827,0.0007
val,2011-05-15,7.28,7.2984,0.0184
val,2011-05-16,7.16,7.2743,0.1143
val,2011-05-17,7.16,7.2203,0.0603
val,2011-05-18,7.8,7.2504,-0.5496
val,2011-05-19,7.508,7.8556,0.3476
val,2011-05-20,7.58,7.7328,0.1528
val,2011-05-21,7.51,8.1282,0.6182
val,2011-05-22,8.234,7.8286,-0.4054
val,2011-05-23,7.74,8.5634,0.8234
val,2011-05-24,8.238,7.8367,-0.4013
val,2011-05-25,8.13,8.1092,-0.0208
val,2011-05-26,8.192,8.0909,-0.1011
val,2011-05-27,7.56,7.9322,0.3722
val,2011-05-28,7.362,7.6136,0.2516
val,2011-05-29,7.492,7.4988,0.0068
val,2011-05-30,7.814,7.602,-0.212
val,2011-05-31,7.784,8.139,0.355
val,2011-06-01,7.464,7.9945,0.5305
val,2011-06-02,7.308,7.5959,0.2879
val,2011-06-03,7.604,7.4442,-0.1598
val,2011-06-04,7.38,7.477,0.097
val,2011-06-05,7.27,7.3394,0.0694
val,2011-06-06,7.22,7.2635,0.0435
val,2011-06-07,7.162,7.2459,0.0839
val,2011-06-08,7.222,7.3996,0.1776
val,2011-06-09,7.252,7.7372,0.4852
val,2011-06-10,7.656,8.1593,0.5033
val,2011-06-11,7.668,7.8252,0.1572
val,2011-06-12,7.952,7.8037,-0.1483
val,2011-06-13,7.506,7.8092,0.3032
val,2011-06-14,7.504,7.4569,-0.0471
val,2011-06-15,7.742,7.5212,-0.2208
val,2011-06-16,7.95,7.7219,-0.2281
val,2011-06-17,7.66,8.0338,0.3738
val,2011-06-18,8.414,8.0257,-0.3883
val,2011-06-19,8.14,8.3829,0.2429
val,2011-06-20,7.58,7.8605,0.2805
val,2011-06-21,7.376,7.6015,0.2255
val,2011-06-22,7.298,7.4838,0.1858
val,2011-06-23,7.334,7.5394,0.2054
val,2011-06-24,7.412,7.825,0.413
val,2011-06-25,7.788,8.168,0.38
val,2011-06-26,8.174,8.208,0.034
val,2011-06-27,8.126,8.576,0.45
val,2011-06-28,8.2,8.5519,0.3519
val,2011-06-29,9.45,8.8054,-0.6446
val,2011-06-30,9.884,9.8533,-0.0307
val,2011-07-01,10.526,9.8721,-0.6539
val,2011-07-02,10.168,10.2556,0.0876
val,2011-07-03,8.508,9.5975,1.0895
val,2011-07-04,7.948,8.4189,0.4709
val,2011-07-05,7.726,8.0168,0.2908
val,2011-07-06,7.604,7.7894,0.1854
val,2011-07-07,7.506,7.5938,0.0878
val,2011-07-08,7.832,7.6202,-0.2118
val,2011-07-09,7.562,7.8559,0.2939
val,2011-07-10,7.724,7.6524,-0.0716
val,2011-07-11,7.478,7.6858,0.2078
val,2011-07-12,7.36,7.5745,0.2145
val,2011-07-13,7.352,7.4432,0.0912
val,2011-07-14,7.32,7.5428,0.2228
val,2011-07-15,7.342,7.6295,0.2875
val,2011-07-16,7.368,7.9051,0.5371
val,2011-07-17,7.432,7.9826,0.5506
val,2011-07-18,7.39,7.8155,0.4255
val,2011-07-19,7.51,8.0692,0.5592
val,2011-07-20,7.39,8.0832,0.6932
val,2011-07-21,8.008,8.227,0.219
val,2011-07-22,8.434,8.9265,0.4925
val,2011-07-23,8.054,8.3236,0.2696
val,2011-07-24,7.588,7.8427,0.2547
val,2011-07-25,7.408,7.5446,0.1366
val,2011-07-26,7.71,7.4544,-0.2556
val,2011-07-27,7.476,7.5764,0.1004
val,2011-07-28,7.408,7.3533,-0.0547
val,2011-07-29,7.314,7.2499,-0.0641
val,2011-07-30,7.298,7.2887,-0.0093
val,2011-07-31,7.258,7.297,0.039
val,2011-08-01,7.19,7.2888,0.0988
val,2011-08-02,7.186,7.3118,0.1258
val,2011-08-03,7.846,7.3887,-0.4573
val,2011-08-04,8.05,7.8554,-0.1946
val,2011-08-05,8.278,8.1326,-0.1454
val,2011-08-06,9.304,8.4793,-0.8247
val,2011-08-07,8.666,9.4345,0.7685
val,2011-08-08,8.566,8.7641,0.1981
val,2011-08-09,8.686,9.2304,0.5444
val,2011-08-10,9.588,9.5055,-0.0825
val,2011-08-11,9.298,10.0725,0.7745
val,2011-08-12,8.264,9.5347,1.2707
val,2011-08-13,7.862,8.1582,0.2962
val,2011-08-14,7.744,8.0327,0.2887
val,2011-08-15,7.628,7.9248,0.2968
val,2011-08-16,7.542,7.7453,0.2033
val,2011-08-17,9.612,7.8435,-1.7685
val,2011-08-18,9.324,9.3046,-0.0194
val,2011-08-19,8.128,8.9028,0.7748
val,2011-08-20,7.854,7.9026,0.0486
val,2011-08-21,9.604,7.9078,-1.6962
val,2011-08-22,10.044,9.2947,-0.7493
val,2011-08-23,8.712,10.1952,1.4832
val,2011-08-24,8.362,8.4765,0.1145
val,2011-08-25,8.096,8.4724,0.3764
val,2011-08-26,7.748,8.4169,0.6689
val,2011-08-27,7.66,8.1505,0.4905
val,2011-08-28,7.552,7.9574,0.4054
val,2011-08-29,7.66,7.7531,0.0931
val,2011-08-30,7.564,7.6743,0.1103
val,2011-08-31,7.44,7.5686,0.1286
val,2011-09-01,7.39,7.5115,0.1215
val,2011-09-02,7.41,7.5595,0.1495
val,2011-09-03,7.352,7.4993,0.1473
val,2011-09-04,7.306,7.3877,0.0817
val,2011-09-05,7.29,7.388,0.098
val,2011-09-06,7.406,7.4497,0.0437
val,2011-09-07,7.786,7.6609,-0.1251
val,2011-09-08,8.334,8.3754,0.0414
val,2011-09-09,7.492,8.2534,0.7614
val,2011-09-10,7.4,7.6967,0.2967
val,2011-09-11,7.4,7.5332,0.1332
val,2011-09-12,7.352,7.4571,0.1051
val,2011-09-13,7.314,7.3548,0.0408
val,2011-09-14,7.332,7.3121,-0.0199
val,2011-09-15,7.394,7.4135,0.0195
val,2011-09-16,7.92,7.8913,-0.0287
val,2011-09-17,9.728,8.0891,-1.6389
val,2011-09-18,9.804,9.2786,-0.5254
val,2011-09-19,8.322,9.1578,0.8358
val,2011-09-20,8.33,8.109,-0.221
val,2011-09-21,8.87,8.166,-0.704
val,2011-09-22,8.02,8.4738,0.4538
val,2011-09-23,7.724,8.035,0.311
val,2011-09-24,7.59,7.8405,0.2505
val,2011-09-25,7.508,7.8097,0.3017
val,2011-09-26,7.468,7.695,0.227
val,2011-09-27,7.546,7.5697,0.0237
val,2011-09-28,8.146,7.5528,-0.5932
val,2011-09-29,7.956,7.8419,-0.1141
val,2011-09-30,8.05,7.784,-0.266
val,2011-10-01,8.536,7.963,-0.573
val,2011-10-02,8.152,8.45,0.298
val,2011-10-03,7.564,8.3026,0.7386
val,2011-10-04,8.278,7.8943,-0.3837
val,2011-10-05,7.728,8.1285,0.4005
val,2011-10-06,8.784,7.874,-0.91
val,2011-10-07,7.848,8.2933,0.4453
val,2011-10-08,8.076,7.9773,-0.0987
val,2011-10-09,7.64,7.9855,0.3455
val,2011-10-10,7.5,7.8783,0.3783
val,2011-10-11,7.436,7.7001,0.2641
val,2011-10-12,7.398,7.6217,0.2237
val,2011-10-13,7.38,7.5096,0.1296
val,2011-10-14,7.34,7.463,0.123
val,2011-10-15,7.316,7.3885,0.0725
val,2011-10-16,7.304,7.3773,0.0733
val,2011-10-17,7.3,7.3708,0.0708
val,2011-10-18,7.27,7.3588,0.0888
val,2011-10-19,7.272,7.4831,0.2111
val,2011-10-20,7.288,7.5088,0.2208
val,2011-10-21,7.27,7.4508,0.1808
val,2011-10-22,7.262,7.411,0.149
val,2011-10-23,8.184,7.4429,-0.7411
val,2011-10-24,7.46,7.7015,0.2415
val,2011-10-25,7.326,7.4962,0.1702
val,2011-10-26,7.29,7.4262,0.1362
val,2011-10-27,7.27,7.411,0.141
val,2011-10-28,7.26,7.3229,0.0629
val,2011-10-29,7.24,7.2529,0.0129
val,2011-10-30,7.228,7.2133,-0.0147
val,2011-10-31,7.22,7.2264,0.0064
val,2011-11-01,7.2,7.2186,0.0186
val,2011-11-02,7.21,7.2031,-0.0069
val,2011-11-03,7.19,7.1852,-0.0048
val,2011-11-04,7.192,7.1766,-0.0154
val,2011-11-05,7.18,7.1663,-0.0137
val,2011-11-06,7.174,7.1662,-0.0078
val,2011-11-07,7.17,7.1866,0.0166
val,2011-11-08,7.172,7.1937,0.0217
val,2011-11-09,7.17,7.1814,0.0114
val,2011-11-10,7.16,7.159,-0.001
val,2011-11-11,7.15,7.1477,-0.0023
val,2011-11-12,7.15,7.1469,-0.0031
val,2011-11-13,7.15,7.1526,0.0026
val,2011-11-14,7.14,7.1467,0.0067
val,2011-11-15,7.14,7.1387,-0.0013
val,2011-11-16,7.14,7.1441,0.0041
val,2011-11-17,7.14,7.1528,0.0128
val,2011-11-18,7.132,7.1415,0.0095
val,2011-11-19,7.14,7.1192,-0.0208
val,2011-11-20,7.12,7.1108,-0.0092
val,2011-11-21,7.118,7.1094,-0.0086
val,2011-11-22,7.11,7.1072,-0.0028
val,2011-11-23,7.11,7.1016,-0.0084
val,2011-11-24,7.1,7.0952,-0.0048
val,2011-11-25,7.1,7.0898,-0.0102
val,2011-11-26,7.09,7.0816,-0.0084
val,2011-11-27,7.09,7.0809,-0.0091
val,2011-11-28,7.09,7.0792,-0.0108
val,2011-11-29,7.09,7.0854,-0.0046
val,2011-11-30,7.09,7.0946,0.0046
val,2011-12-01,7.098,7.0971,-0.0009
val,2011-12-02,7.09,7.0862,-0.0038
val,2011-12-03,7.08,7.0882,0.0082
val,2011-12-04,7.08,7.122,0.042
val,2011-12-05,7.09,7.1567,0.0667
val,2011-12-06,7.09,7.1338,0.0438
val,2011-12-07,7.08,7.0992,0.0192
val,2011-12-08,7.064,7.0765,0.0125
val,2011-12-09,7.06,7.0634,0.0034
val,2011-12-10,7.06,7.0586,-0.0014
val,2011-12-11,7.06,7.0619,0.0019
val,2011-12-12,7.052,7.0743,0.0223
val,2011-12-13,7.05,7.1084,0.0584
val,2011-12-14,7.05,7.1092,0.0592
val,2011-12-15,7.05,7.0873,0.0373
val,2011-12-16,7.05,7.0754,0.0254
val,2011-12-17,7.05,7.0795,0.0295
val,2011-12-18,7.05,7.087,0.037
val,2011-12-19,7.05,7.0928,0.0428
val,2011-12-20,7.05,7.0976,0.0476
val,2011-12-21,7.06,7.1044,0.0444
val,2011-12-22,7.06,7.1149,0.0549
val,2011-12-23,7.058,7.125,0.067
val,2011-12-24,7.05,7.1364,0.0864
val,2011-12-25,7.05,7.1707,0.1207
val,2011-12-26,7.05,7.1745,0.1245
val,2011-12-27,7.03,7.1559,0.1259
val,2011-12-28,7.02,7.1394,0.1194
val,2011-12-29,7.018,7.1557,0.1377
val,2011-12-30,7.02,7.1233,0.1033
val,2011-12-31,6.99,7.0771,0.0871
val,2012-01-01,7.0,7.0442,0.0442
val,2012-01-02,7.0,7.018,0.018
val,2012-01-03,7.032,7.1765,0.1445
val,2012-01-04,7.01,7.184,0.174
val,2012-01-05,6.996,7.1756,0.1796
val,2012-01-06,6.99,7.1127,0.1227
val,2012-01-07,6.982,7.1065,0.1245
val,2012-01-08,6.99,7.0871,0.0971
val,2012-01-09,7.014,7.078,0.064
val,2012-01-10,7.084,7.1241,0.0401
val,2012-01-11,6.994,7.1378,0.1438
val,2012-01-12,6.952,7.0928,0.1408
val,2012-01-13,6.884,7.0531,0.1691
val,2012-01-14,6.914,7.0268,0.1128
test,2012-05-14,6.888,6.9944,0.1064
test,2012-05-15,6.95,6.9623,0.0123
test,2012-05-16,7.254,6.9773,-0.2767
test,2012-05-17,7.122,7.1569,0.0349
test,2012-05-18,6.978,7.0878,0.1098
test,2012-05-19,6.932,7.0056,0.0736
test,2012-05-20,7.066,7.0204,-0.0456
test,2012-05-21,7.66,7.0722,-0.5878
test,2012-05-22,7.13,7.3442,0.2142
test,2012-05-23,7.0,7.0968,0.0968
test,2012-05-24,6.938,7.0739,0.1359
test,2012-05-25,6.918,7.0715,0.1535
test,2012-05-26,6.902,7.0351,0.1331
test,2012-05-27,6.894,6.9802,0.0862
test,2012-05-28,6.89,6.9654,0.0754
test,2012-05-29,6.88,7.0289,0.1489
test,2012-05-30,6.944,7.0385,0.0945
test,2012-05-31,6.956,7.1621,0.2061
test,2012-06-01,6.988,7.3054,0.3174
test,2012-06-02,7.662,7.8012,0.1392
test,2012-06-03,7.41,7.7625,0.3525
test,2012-06-04,7.374,7.4752,0.1012
test,2012-06-05,7.968,7.5238,-0.4442
test,2012-06-06,8.496,7.8507,-0.6453
test,2012-06-07,8.102,8.1277,0.0257
test,2012-06-08,7.702,7.8189,0.1169
test,2012-06-09,7.3,7.7198,0.4198
test,2012-06-10,7.156,7.519,0.363
test,2012-06-11,7.044,7.3575,0.3135
test,2012-06-12,6.998,7.2392,0.2412
test,2012-06-13,6.964,7.1829,0.2189
test,2012-06-14,6.942,7.1796,0.2376
test,2012-06-15,6.962,7.3119,0.3499
test,2012-06-16,9.968,7.4261,-2.5419
test,2012-06-17,10.44,9.6,-0.84
test,2012-06-18,8.646,9.3531,0.7071
test,2012-06-19,7.91,8.3558,0.4458
test,2012-06-20,7.87,8.104,0.234
test,2012-06-21,7.834,8.1073,0.2733
test,2012-06-22,7.906,8.0509,0.1449
test,2012-06-23,8.91,8.0775,-0.8325
test,2012-06-24,12.13,9.2414,-2.8886
test,2012-06-25,10.756,10.5773,-0.1787
test,2012-06-26,10.384,9.8552,-0.5288
test,2012-06-27,9.302,9.5372,0.2352
test,2012-06-28,10.058,8.739,-1.319
test,2012-06-29,8.704,9.2683,0.5643
test,2012-06-30,8.136,8.5335,0.3975
test,2012-07-01,7.958,8.2605,0.3025
test,2012-07-02,8.516,8.1932,-0.3228
test,2012-07-03,7.814,8.421,0.607
test,2012-07-04,7.808,8.1229,0.3149
test,2012-07-05,7.94,8.1405,0.2005
test,2012-07-06,7.724,8.294,0.57
test,2012-07-07,7.632,8.169,0.537
test,2012-07-08,7.76,8.1089,0.3489
test,2012-07-09,7.572,8.3741,0.8021
test,2012-07-10,7.664,8.114,0.45
test,2012-07-11,7.634,8.1016,0.4676
test,2012-07-12,7.692,7.9858,0.2938
test,2012-07-13,7.998,8.1415,0.1435
test,2012-07-14,8.574,8.2022,-0.3718
test,2012-07-15,11.062,8.4984,-2.5636
test,2012-07-16,9.8,10.0621,0.2621
test,2012-07-17,9.036,9.0158,-0.0202
test,2012-07-18,10.06,8.7398,-1.3202
test,2012-07-19,9.14,9.3505,0.2105
test,2012-07-20,8.344,8.6023,0.2583
test,2012-07-21,7.966,8.1621,0.1961
test,2012-07-22,7.898,8.0303,0.1323
test,2012-07-23,8.04,8.1238,0.0838
test,2012-07-24,9.5,8.2389,-1.2611
test,2012-07-25,8.228,9.5056,1.2776
test,2012-07-26,7.878,8.3587,0.4807
test,2012-07-27,7.842,8.2815,0.4395
test,2012-07-28,7.864,8.4414,0.5774
test,2012-07-29,8.35,8.4737,0.1237
test,2012-07-30,7.98,9.075,1.095
test,2012-07-31,7.772,8.3343,0.5623
test,2012-08-01,7.726,8.0855,0.3595
test,2012-08-02,7.692,8.1362,0.4442
test,2012-08-03,7.918,8.2222,0.3042
test,2012-08-04,8.236,8.0907,-0.1453
test,2012-08-05,7.882,8.4015,0.5195
test,2012-08-06,7.79,7.9329,0.1429
test,2012-08-07,7.65,7.8273,0.1773
test,2012-08-08,8.086,8.0183,-0.0677
test,2012-08-09,7.754,8.4235,0.6695
test,2012-08-10,7.626,7.8402,0.2142
test,2012-08-11,7.672,7.8135,0.1415
test,2012-08-12,7.844,7.9198,0.0758
test,2012-08-13,8.858,8.4178,-0.4402
test,2012-08-14,8.206,9.0424,0.8364
test,2012-08-15,7.92,8.0949,0.1749
test,2012-08-16,7.874,7.9236,0.0496
test,2012-08-17,7.85,7.848,-0.002
test,2012-08-18,7.686,7.7502,0.0642
test,2012-08-19,7.548,7.6657,0.1177
test,2012-08-20,7.696,7.6939,-0.0021
test,2012-08-21,8.052,8.2075,0.1555
test,2012-08-22,7.884,8.1104,0.2264
test,2012-08-23,7.752,7.8225,0.0705
test,2012-08-24,7.668,7.8579,0.1899
test,2012-08-25,9.07,7.7062,-1.3638
test,2012-08-26,8.214,8.6646,0.4506
test,2012-08-27,8.488,7.9705,-0.5175
test,2012-08-28,7.892,8.2789,0.3869
test,2012-08-29,7.71,7.9637,0.2537
test,2012-08-30,7.744,7.8124,0.0684
test,2012-08-31,7.658,7.7863,0.1283
test,2012-09-01,7.554,7.6772,0.1232
test,2012-09-02,7.564,7.6606,0.0966
test,2012-09-03,7.552,7.6307,0.0787
test,2012-09-04,7.792,7.7769,-0.0151
test,2012-09-05,7.798,8.8957,1.0977
test,2012-09-06,7.758,8.4227,0.6647
test,2012-09-07,7.598,7.976,0.378
test,2012-09-08,7.722,7.7533,0.0313
test,2012-09-09,7.826,7.8565,0.0305
test,2012-09-10,7.886,7.8672,-0.0188
test,2012-09-11,7.772,7.7968,0.0248
test,2012-09-12,7.582,8.0341,0.4521
test,2012-09-13,7.928,7.8167,-0.1113
test,2012-09-14,8.214,7.9115,-0.3025
test,2012-09-15,7.89,7.9654,0.0754
test,2012-09-16,7.84,7.9276,0.0876
test,2012-09-17,7.956,7.8055,-0.1505
test,2012-09-18,8.158,7.7921,-0.3659
test,2012-09-19,7.702,7.8178,0.1158
test,2012-09-20,7.582,7.656,0.074
test,2012-09-21,7.534,7.6088,0.0748
test,2012-09-22,7.638,7.5742,-0.0638
test,2012-09-23,7.508,7.5706,0.0626
test,2012-09-24,7.678,7.6416,-0.0364
test,2012-09-25,7.704,7.8043,0.1003
test,2012-09-26,7.746,7.7397,-0.0063
test,2012-09-27,7.708,7.7568,0.0488
test,2012-09-28,7.686,7.6857,-0.0003
test,2012-09-29,7.878,7.6654,-0.2126
test,2012-09-30,7.906,7.7459,-0.1601
test,2012-10-01,7.616,7.838,0.222
test,2012-10-02,7.552,7.7504,0.1984
test,2012-10-03,7.56,7.7277,0.1677
test,2012-10-04,7.672,7.8895,0.2175
test,2012-10-05,8.748,7.9399,-0.8081
test,2012-10-06,8.772,8.5977,-0.1743
test,2012-10-07,7.88,8.1736,0.2936
test,2012-10-08,7.688,7.8557,0.1677
test,2012-10-09,7.82,7.8899,0.0699
test,2012-10-10,7.732,7.8513,0.1193
test,2012-10-11,9.0,7.886,-1.114
test,2012-10-12,10.7,9.494,-1.206
test,2012-10-13,9.31,9.7095,0.3995
test,2012-10-14,9.2,8.7044,-0.4956
test,2012-10-15,8.246,8.7195,0.4735
test,2012-10-16,7.748,8.3452,0.5972
test,2012-10-17,7.744,8.1005,0.3565
test,2012-10-18,7.724,7.9112,0.1872
test,2012-10-19,7.67,7.7823,0.1123
test,2012-10-20,7.638,7.8339,0.1959
test,2012-10-21,7.6,7.8133,0.2133
test,2012-10-22,7.566,7.7627,0.1967
test,2012-10-23,7.52,7.6668,0.1468
test,2012-10-24,7.514,7.5608,0.0468
test,2012-10-25,7.498,7.4884,-0.0096
test,2012-10-26,7.492,7.4848,-0.0072
test,2012-10-27,7.46,7.5694,0.1094
test,2012-10-28,7.444,7.5575,0.1135
test,2012-10-29,7.436,7.5274,0.0914
test,2012-10-30,7.432,7.4795,0.0475
test,2012-10-31,7.42,7.4289,0.0089
test,2012-11-01,7.412,7.3929,-0.0191
test,2012-11-02,7.392,7.372,-0.02
test,2012-11-03,7.424,7.3646,-0.0594
test,2012-11-04,7.46,7.4954,0.0354
test,2012-11-05,7.582,7.7762,0.1942
test,2012-11-06,7.532,7.676,0.144
test,2012-11-07,7.582,7.6544,0.0724
test,2012-11-08,7.472,7.6509,0.1789
test,2012-11-09,7.432,7.5048,0.0728
test,2012-11-10,7.416,7.3933,-0.0227
test,2012-11-11,7.404,7.3448,-0.0592
test,2012-11-12,7.394,7.3028,-0.0912
test,2012-11-13,7.384,7.3224,-0.0616
test,2012-11-14,7.382,7.3305,-0.0515
test,2012-11-15,7.38,7.3217,-0.0583
test,2012-11-16,7.372,7.3078,-0.0642
test,2012-11-17,7.37,7.2996,-0.0704
test,2012-11-18,7.37,7.3313,-0.0387
test,2012-11-19,7.354,7.3371,-0.0169
test,2012-11-20,7.35,7.3251,-0.0249
test,2012-11-21,7.35,7.3453,-0.0047
test,2012-11-22,7.338,7.3494,0.0114
test,2012-11-23,7.33,7.2901,-0.0399
test,2012-11-24,7.32,7.2548,-0.0652
test,2012-11-25,7.324,7.2422,-0.0818
test,2012-11-26,7.32,7.2447,-0.0753
test,2012-11-27,7.32,7.2475,-0.0725
test,2012-11-28,7.32,7.2521,-0.0679
test,2012-11-29,7.32,7.2578,-0.0622
test,2012-11-30,7.32,7.2617,-0.0583
test,2012-12-01,7.322,7.2631,-0.0589
test,2012-12-02,7.32,7.2521,-0.0679
test,2012-12-03,7.308,7.249,-0.059
test,2012-12-04,7.3,7.2455,-0.0545
test,2012-12-05,7.3,7.2438,-0.0562
test,2012-12-06,7.3,7.2465,-0.0535
test,2012-12-07,7.298,7.2558,-0.0422
test,2012-12-08,7.29,7.271,-0.019
test,2012-12-09,7.3,7.2823,-0.0177
test,2012-12-10,7.3,7.2833,-0.0167
test,2012-12-11,7.3,7.2838,-0.0162
test,2012-12-12,7.3,7.2923,-0.0077
test,2012-12-13,7.31,7.349,0.039
test,2012-12-14,7.3,7.3347,0.0347
test,2012-12-15,7.3,7.2959,-0.0041
test,2012-12-16,7.3,7.2692,-0.0308
test,2012-12-17,7.29,7.2613,-0.0287
test,2012-12-18,7.29,7.259,-0.031
test,2012-12-19,7.3,7.276,-0.024
test,2012-12-20,7.296,7.2956,-0.0004
test,2012-12-21,7.3,7.3044,0.0044
test,2012-12-22,7.28,7.3021,0.0221
test,2012-12-23,7.284,7.2943,0.0103
test,2012-12-24,7.286,7.293,0.007
test,2012-12-25,7.28,7.2949,0.0149
test,2012-12-26,7.28,7.3035,0.0235
test,2012-12-27,7.294,7.3162,0.0222
test,2012-12-28,7.28,7.3258,0.0458
test,2012-12-29,7.29,7.3351,0.0451
test,2012-12-30,7.288,7.3451,0.0571
test,2012-12-31,7.27,7.3489,0.0789
test,2013-01-01,7.27,7.3523,0.0823
test,2013-01-02,7.26,7.3361,0.0761
test,2013-01-03,7.25,7.3432,0.0932
test,2013-01-04,7.282,7.4391,0.1571
test,2013-01-05,7.34,7.3822,0.0422
test,2013-01-06,7.304,7.3418,0.0378
test,2013-01-07,7.254,7.3242,0.0702
test,2013-01-08,7.24,7.414,0.174
test,2013-01-09,7.24,7.3838,0.1438
test,2013-01-10,7.23,7.3531,0.1231
test,2013-01-11,7.236,7.3451,0.1091
test,2013-01-12,7.24,7.3646,0.1246
test,2013-01-13,7.24,7.3638,0.1238
test,2013-01-14,7.238,7.3542,0.1162
test,2013-01-15,7.23,7.3457,0.1157
test,2013-01-16,7.23,7.3289,0.0989
test,2013-01-17,7.23,7.3121,0.0821
test,2013-01-18,7.22,7.2977,0.0777
test,2013-01-19,7.23,7.2801,0.0501
test,2013-01-20,7.224,7.2696,0.0456
test,2013-01-21,7.232,7.2715,0.0395
test,2013-01-22,7.22,7.2699,0.0499
test,2013-01-23,7.216,7.2579,0.0419
test,2013-01-24,7.204,7.247,0.043
test,2013-01-25,7.2,7.2409,0.0409
test,2013-01-26,7.2,7.2409,0.0409
test,2013-01-27,7.2,7.2494,0.0494
test,2013-01-28,7.2,7.2565,0.0565
test,2013-01-29,7.194,7.2627,0.0687
test,2013-01-30,7.19,7.2708,0.0808
test,2013-01-31,7.184,7.2536,0.0696
test,2013-02-01,7.19,7.2398,0.0498
test,2013-02-02,7.194,7.2173,0.0233
test,2013-02-03,7.19,7.2191,0.0291
test,2013-02-04,7.19,7.1902,0.0002
test,2013-02-05,7.18,7.1898,0.0098
test,2013-02-06,7.18,7.1676,-0.0124
test,2013-02-07,7.172,7.1458,-0.0262
test,2013-02-08,7.15,7.1289,-0.0211
test,2013-02-09,7.146,7.1299,-0.0161
test,2013-02-10,7.142,7.1119,-0.0301
test,2013-02-11,7.14,7.0971,-0.0429
test,2013-02-12,7.146,7.0838,-0.0622
test,2013-02-13,7.14,7.0805,-0.0595
test,2013-02-14,7.14,7.0792,-0.0608
test,2013-02-15,7.156,7.0944,-0.0616
test,2013-02-16,7.13,7.0749,-0.0551
test,2013-02-17,7.136,7.0611,-0.0749
test,2013-02-18,7.164,7.1328,-0.0312
test,2013-02-19,7.17,7.1508,-0.0192
test,2013-02-20,7.156,7.1222,-0.0338
test,2013-02-21,7.14,7.0951,-0.0449
test,2013-02-22,7.14,7.088,-0.052
test,2013-02-23,7.12,7.0822,-0.0378
test,2013-02-24,7.12,7.0693,-0.0507
test,2013-02-25,7.13,7.057,-0.073
test,2013-02-26,7.124,7.0568,-0.0672
test,2013-02-27,7.11,7.0529,-0.0571
test,2013-02-28,7.1,7.0465,-0.0535
test,2013-03-01,7.11,7.0379,-0.0721
test,2013-03-02,7.1,7.016,-0.084
test,2013-03-03,7.1,7.0153,-0.0847
test,2013-03-04,7.1,7.0142,-0.0858
test,2013-03-05,7.088,7.0194,-0.0686
test,2013-03-06,7.104,7.0217,-0.0823
test,2013-03-07,7.114,7.0213,-0.0927
test,2013-03-08,7.098,7.0266,-0.0714
test,2013-03-09,7.086,7.0249,-0.0611
test,2013-03-10,7.092,7.0175,-0.0745
test,2013-03-11,7.104,7.0199,-0.0841
test,2013-03-12,7.104,7.0268,-0.0772
test,2013-03-13,7.116,7.0383,-0.0777
test,2013-03-14,7.1,7.0529,-0.0471
test,2013-03-15,7.09,7.0656,-0.0244
test,2013-03-16,7.094,7.0476,-0.0464
test,2013-03-17,7.114,7.044,-0.07
test,2013-03-18,7.124,7.0358,-0.0882
test,2013-03-19,7.124,7.043,-0.081
test,2013-03-20,7.102,7.0361,-0.0659
test,2013-03-21,7.086,7.0538,-0.0322
test,2013-03-22,7.086,7.0555,-0.0305
test,2013-03-23,7.092,7.0697,-0.0223
test,2013-03-24,7.102,7.0838,-0.0182
test,2013-03-25,7.098,7.0774,-0.0206
test,2013-03-26,7.088,7.1003,0.0123
test,2013-03-27,7.084,7.1077,0.0237
test,2013-03-28,7.08,7.1033,0.0233
test,2013-03-29,7.072,7.0992,0.0272
test,2013-03-30,7.098,7.0882,-0.0098
test,2013-03-31,7.114,7.0861,-0.0279
test,2013-04-01,7.088,7.1135,0.0255
test,2013-04-02,7.086,7.1025,0.0165
test,2013-04-03,7.092,7.1136,0.0216
test,2013-04-04,7.08,7.1215,0.0415
test,2013-04-05,7.07,7.1238,0.0538
test,2013-04-06,7.05,7.1019,0.0519
test,2013-04-07,7.056,7.0829,0.0269
test,2013-04-08,7.06,7.0917,0.0317
test,2013-04-09,7.05,7.1006,0.0506
test,2013-04-10,7.038,7.1043,0.0663
test,2013-04-11,7.038,7.1052,0.0672
test,2013-04-12,7.032,7.1178,0.0858
test,2013-04-13,7.014,7.1104,0.0964
test,2013-04-14,7.018,7.1054,0.0874
test,2013-04-15,7.032,7.091,0.059
test,2013-04-16,7.13,7.117,-0.013
test,2013-04-17,7.15,7.2905,0.1405
test,2013-04-18,7.102,7.6662,0.5642
test,2013-04-19,7.06,7.5743,0.5143
test,2013-04-20,7.074,7.3355,0.2615
test,2013-04-21,7.014,7.2329,0.2189
test,2013-04-22,7.006,7.1944,0.1884
test,2013-04-23,7.004,7.1274,0.1234
test,2013-04-24,7.012,7.1113,0.0993
test,2013-04-25,6.98,7.0355,0.0555
test,2013-04-26,7.0,7.0094,0.0094
test,2013-04-27,7.004,7.009,0.005
test,2013-04-28,7.1,7.061,-0.039
test,2013-04-29,7.176,7.1156,-0.0604
test,2013-04-30,7.112,7.1625,0.0505
test,2013-05-01,7.082,7.1523,0.0703
test,2013-05-02,7.076,7.1931,0.1171
test,2013-05-03,7.066,7.2232,0.1572
test,2013-05-04,7.088,7.2386,0.1506
test,2013-05-05,7.368,7.812,0.444
test,2013-05-06,7.82,7.7037,-0.1163
test,2013-05-07,8.808,8.4593,-0.3487
test,2013-05-08,8.4,9.3835,0.9835
test,2013-05-09,8.068,8.6264,0.5584
test,2013-05-10,8.776,8.4371,-0.3389
test,2013-05-11,8.206,8.3338,0.1278
test,2013-05-12,7.894,8.0699,0.1759
test,2013-05-13,7.582,7.8579,0.2759
test,2013-05-14,8.122,7.6673,-0.4547
test,2013-05-15,7.926,7.9209,-0.0051
test,2013-05-16,8.54,8.089,-0.451
test,2013-05-17,9.56,8.9154,-0.6446
test,2013-05-18,7.922,8.5402,0.6182
test,2013-05-19,7.582,7.8544,0.2724
test,2013-05-20,7.45,7.7637,0.3137
test,2013-05-21,7.814,7.9476,0.1336
test,2013-05-22,10.42,9.0687,-1.3513
test,2013-05-23,10.558,9.9233,-0.6347
test,2013-05-24,9.09,9.713,0.623
test,2013-05-25,9.022,9.1985,0.1765
test,2013-05-26,8.04,9.4773,1.4373
test,2013-05-27,7.728,8.4471,0.7191
test,2013-05-28,8.178,8.1251,-0.0529
test,2013-05-29,7.698,8.1301,0.4321
test,2013-05-30,7.696,7.9952,0.2992
test,2013-05-31,7.76,7.9374,0.1774
test,2013-06-01,7.76,7.9213,0.1613
test,2013-06-02,7.54,7.8208,0.2808
test,2013-06-03,7.454,7.6569,0.2029
test,2013-06-04,7.612,7.5159,-0.0961
test,2013-06-05,7.434,7.4728,0.0388
test,2013-06-06,7.586,7.4934,-0.0926
test,2013-06-07,7.496,7.6786,0.1826
test,2013-06-08,7.506,8.3535,0.8475
test,2013-06-09,7.692,7.9973,0.3053
test,2013-06-10,7.506,7.9752,0.4692
test,2013-06-11,7.432,7.6952,0.2632
test,2013-06-12,7.36,7.5702,0.2102
test,2013-06-13,7.458,7.5048,0.0468
test,2013-06-14,7.388,7.4527,0.0647
test,2013-06-15,7.334,7.401,0.067
test,2013-06-16,7.288,7.3026,0.0146
test,2013-06-17,7.284,7.25,-0.034
test,2013-06-18,7.244,7.2238,-0.0202
test,2013-06-19,7.226,7.1968,-0.0292
test,2013-06-20,7.298,7.1759,-0.1221
test,2013-06-21,7.366,7.2483,-0.1177
test,2013-06-22,7.418,7.3651,-0.0529
test,2013-06-23,7.524,7.3294,-0.1946
test,2013-06-24,7.352,7.4039,0.0519
test,2013-06-25,7.314,7.3733,0.0593
test,2013-06-26,7.554,7.6216,0.0676
test,2013-06-27,9.2,7.7904,-1.4096
test,2013-06-28,10.25,9.2276,-1.0224
test,2013-06-29,9.9,9.8533,-0.0467
test,2013-06-30,8.964,9.7735,0.8095
test,2013-07-01,8.38,8.8564,0.4764
test,2013-07-02,7.954,8.3173,0.3633
test,2013-07-03,7.754,7.9996,0.2456
test,2013-07-04,7.638,7.9712,0.3332
test,2013-07-05,7.528,7.8818,0.3538
test,2013-07-06,7.436,7.6767,0.2407
test,2013-07-07,7.646,7.6897,0.0437
test,2013-07-08,7.858,7.7438,-0.1142
test,2013-07-09,7.54,7.7622,0.2222
test,2013-07-10,7.514,7.5858,0.0718
test,2013-07-11,7.418,7.5424,0.1244
test,2013-07-12,7.48,7.6082,0.1282
test,2013-07-13,7.552,7.832,0.28
test,2013-07-14,7.474,7.9864,0.5124
test,2013-07-15,7.454,7.6919,0.2379
test,2013-07-16,7.532,7.5293,-0.0027
test,2013-07-17,7.648,7.5177,-0.1303
test,2013-07-18,7.492,7.5372,0.0452
test,2013-07-19,7.5,7.431,-0.069
test,2013-07-20,7.418,7.445,0.027
test,2013-07-21,7.368,7.4476,0.0796
test,2013-07-22,7.312,7.3636,0.0516
test,2013-07-23,7.272,7.3027,0.0307
test,2013-07-24,7.334,7.2979,-0.0361
test,2013-07-25,7.364,7.3427,-0.0213
test,2013-07-26,7.356,7.4575,0.1015
test,2013-07-27,7.98,7.8598,-0.1202
test,2013-07-28,11.306,8.5819,-2.7241
test,2013-07-29,10.282,10.7483,0.4663
test,2013-07-30,8.386,9.3786,0.9926
test,2013-07-31,8.0,8.364,0.364
test,2013-08-01,8.004,8.3133,0.3093
test,2013-08-02,7.69,8.2241,0.5341
test,2013-08-03,7.502,7.786,0.284
test,2013-08-04,9.846,7.545,-2.301
test,2013-08-05,9.36,9.0778,-0.2822
test,2013-08-06,9.028,8.9821,-0.0459
test,2013-08-07,10.99,8.8741,-2.1159
test,2013-08-08,9.64,9.7422,0.1022
test,2013-08-09,8.244,8.8717,0.6277
test,2013-08-10,7.828,8.3313,0.5033
test,2013-08-11,8.696,8.2256,-0.4704
test,2013-08-12,8.12,8.9243,0.8043
test,2013-08-13,7.976,8.379,0.403
test,2013-08-14,7.674,8.1788,0.5048
test,2013-08-15,8.494,8.2956,-0.1984
test,2013-08-16,8.792,9.1113,0.3193
test,2013-08-17,8.04,9.0227,0.9827
test,2013-08-18,7.842,8.6611,0.8191
test,2013-08-19,7.632,8.7654,1.1334
test,2013-08-20,7.624,8.6052,0.9812
test,2013-08-21,7.816,8.9043,1.0883
test,2013-08-22,7.598,8.3631,0.7651
test,2013-08-23,7.594,7.9858,0.3918
test,2013-08-24,8.008,7.7881,-0.2199
test,2013-08-25,7.824,7.7286,-0.0954
test,2013-08-26,7.52,7.6663,0.1463
test,2013-08-27,7.456,7.713,0.257
test,2013-08-28,7.488,7.9916,0.5036
test,2013-08-29,8.32,7.8495,-0.4705
test,2013-08-30,9.454,8.1836,-1.2704
test,2013-08-31,9.466,8.8218,-0.6442
test,2013-09-01,8.068,8.7222,0.6542
test,2013-09-02,8.086,8.077,-0.009
test,2013-09-03,8.328,8.0493,-0.2787
test,2013-09-04,9.062,8.1578,-0.9042
test,2013-09-05,8.962,8.8663,-0.0957
test,2013-09-06,9.128,8.569,-0.559
test,2013-09-07,8.118,8.6597,0.5417
test,2013-09-08,8.434,8.2474,-0.1866
test,2013-09-09,9.296,8.4772,-0.8188
test,2013-09-10,8.746,9.2725,0.5265
test,2013-09-11,8.132,8.5783,0.4463
test,2013-09-12,7.802,8.1835,0.3815
test,2013-09-13,7.744,8.0156,0.2716
test,2013-09-14,7.796,8.002,0.206
test,2013-09-15,7.746,8.1263,0.3803
test,2013-09-16,7.688,7.9396,0.2516
test,2013-09-17,7.794,7.9048,0.1108
test,2013-09-18,7.774,8.1141,0.3401
test,2013-09-19,7.952,8.6595,0.7075
test,2013-09-20,7.572,8.083,0.511
test,2013-09-21,7.474,7.7954,0.3214
test,2013-09-22,8.082,7.6596,-0.4224
test,2013-09-23,8.272,7.7899,-0.4821
test,2013-09-24,7.678,7.9887,0.3107
test,2013-09-25,7.934,7.8169,-0.1171
test,2013-09-26,7.948,7.8992,-0.0488
test,2013-09-27,7.692,7.9034,0.2114
test,2013-09-28,7.83,7.7849,-0.0451
test,2013-09-29,7.592,8.0375,0.4455
test,2013-09-30,8.55,7.9789,-0.5711
test,2013-10-01,7.68,8.2801,0.6001
test,2013-10-02,7.5,7.8134,0.3134
test,2013-10-03,8.328,7.8015,-0.5265
test,2013-10-04,7.94,8.0608,0.1208
test,2013-10-05,9.702,8.1667,-1.5353
test,2013-10-06,8.256,9.3284,1.0724
test,2013-10-07,9.1,8.4534,-0.6466
test,2013-10-08,8.296,8.9184,0.6224
test,2013-10-09,7.944,8.2034,0.2594
test,2013-10-10,7.768,7.9834,0.2154
test,2013-10-11,7.668,7.8737,0.2057
test,2013-10-12,7.596,7.7046,0.1086
test,2013-10-13,7.57,7.733,0.163
test,2013-10-14,7.542,7.6516,0.1096
test,2013-10-15,7.5,7.6198,0.1198
test,2013-10-16,7.484,7.5491,0.0651
test,2013-10-17,7.456,7.49,0.034
test,2013-10-18,7.436,7.4564,0.0204
test,2013-10-19,7.426,7.4198,-0.0062
test,2013-10-20,7.406,7.4845,0.0785
test,2013-10-21,7.608,7.5134,-0.0946
test,2013-10-22,8.122,7.6703,-0.4517
test,2013-10-23,7.788,7.9315,0.1435
test,2013-10-24,7.78,7.8492,0.0692
test,2013-10-25,7.736,7.7132,-0.0228
test,2013-10-26,7.704,7.9811,0.2771
test,2013-10-27,8.136,7.9156,-0.2204
test,2013-10-28,7.794,7.9219,0.1279
test,2013-10-29,7.562,7.6794,0.1174
test,2013-10-30,7.492,7.5761,0.0841
test,2013-10-31,7.49,7.5181,0.0281
test,2013-11-01,7.428,7.4409,0.0129
test,2013-11-02,7.416,7.3728,-0.0432
test,2013-11-03,7.41,7.3232,-0.0868
test,2013-11-04,7.396,7.3283,-0.0677
test,2013-11-05,7.38,7.3275,-0.0525
test,2013-11-06,7.37,7.3262,-0.0438
test,2013-11-07,7.354,7.322,-0.032
test,2013-11-08,7.35,7.3151,-0.0349
test,2013-11-09,7.34,7.3023,-0.0377
test,2013-11-10,7.34,7.2919,-0.0481
test,2013-11-11,7.33,7.2896,-0.0404
test,2013-11-12,7.326,7.2817,-0.0443
test,2013-11-13,7.32,7.2673,-0.0527
test,2013-11-14,7.316,7.2525,-0.0635
test,2013-11-15,7.316,7.2443,-0.0717
test,2013-11-16,7.31,7.2466,-0.0634
test,2013-11-17,7.294,7.2441,-0.0499
test,2013-11-18,7.3,7.2198,-0.0802
test,2013-11-19,7.3,7.2091,-0.0909
test,2013-11-20,7.286,7.2049,-0.0811
test,2013-11-21,7.29,7.1979,-0.0921
test,2013-11-22,7.288,7.2022,-0.0858
test,2013-11-23,7.28,7.2111,-0.0689
test,2013-11-24,7.272,7.2143,-0.0577
test,2013-11-25,7.27,7.2148,-0.0552
test,2013-11-26,7.27,7.2114,-0.0586
test,2013-11-27,7.268,7.2238,-0.0442
test,2013-11-28,7.256,7.2417,-0.0143
test,2013-11-29,7.26,7.2846,0.0246
test,2013-11-30,7.26,7.2598,-0.0002
test,2013-12-01,7.25,7.2263,-0.0237
test,2013-12-02,7.24,7.1966,-0.0434
test,2013-12-03,7.25,7.1872,-0.0628
test,2013-12-04,7.24,7.1903,-0.0497
test,2013-12-05,7.24,7.215,-0.025
test,2013-12-06,7.24,7.2218,-0.0182
test,2013-12-07,7.23,7.2034,-0.0266
test,2013-12-08,7.23,7.2004,-0.0296
test,2013-12-09,7.23,7.204,-0.026
test,2013-12-10,7.21,7.2064,-0.0036
test,2013-12-11,7.188,7.1927,0.0047
test,2013-12-12,7.316,7.1734,-0.1426
test,2013-12-13,7.242,7.1895,-0.0525
test,2013-12-14,7.218,7.197,-0.021
test,2013-12-15,7.216,7.2096,-0.0064
test,2013-12-16,7.208,7.223,0.015
test,2013-12-17,7.2,7.2061,0.0061
test,2013-12-18,7.2,7.2036,0.0036
test,2013-12-19,7.2,7.2212,0.0212
test,2013-12-20,7.2,7.2637,0.0637
test,2013-12-21,7.2,7.2788,0.0788
test,2013-12-22,7.208,7.2956,0.0876
test,2013-12-23,7.2,7.2712,0.0712
test,2013-12-24,7.2,7.2502,0.0502
test,2013-12-25,7.19,7.2351,0.0451
test,2013-12-26,7.19,7.2227,0.0327
test,2013-12-27,7.19,7.2157,0.0257
test,2013-12-28,7.19,7.2211,0.0311
test,2013-12-29,7.19,7.2277,0.0377
test,2013-12-30,7.184,7.2288,0.0448
test,2013-12-31,7.18,7.226,0.046
test,2014-01-01,7.144,7.2249,0.0809
test,2014-01-02,7.12,7.2001,0.0801
test,2014-01-03,7.13,7.1891,0.0591
test,2014-01-04,7.164,7.1836,0.0196
test,2014-01-05,7.15,7.1889,0.0389
test,2014-01-06,7.15,7.2012,0.0512
test,2014-01-07,7.218,7.2352,0.0172
test,2014-01-08,7.216,7.2533,0.0373
test,2014-01-09,7.21,7.2447,0.0347
test,2014-01-10,7.196,7.2412,0.0452
test,2014-01-11,7.148,7.2425,0.0945
test,2014-01-12,7.354,7.2309,-0.1231
test,2014-01-13,7.206,7.3329,0.1269
test,2014-01-14,7.126,7.2943,0.1683
test,2014-01-15,7.116,7.246,0.13
test,2014-01-16,7.122,7.2338,0.1118
test,2014-01-17,7.124,7.2168,0.0928
test,2014-01-18,7.14,7.1968,0.0568
test,2014-01-19,7.11,7.1815,0.0715
test,2014-01-20,7.104,7.1854,0.0814
test,2014-01-21,7.074,7.1722,0.0982
test,2014-01-22,7.06,7.1498,0.0898
test,2014-01-23,7.06,7.1277,0.0677
test,2014-01-24,7.12,7.1062,-0.0138
test,2014-01-25,7.12,7.1048,-0.0152
test,2014-01-26,7.088,7.109,0.021
test,2014-01-27,7.084,7.1086,0.0246
test,2014-01-28,7.08,7.1103,0.0303
test,2014-01-29,7.098,7.1088,0.0108
test,2014-01-30,7.08,7.1106,0.0306
test,2014-01-31,7.042,7.0996,0.0576
test,2014-02-01,7.0,7.0919,0.0919
test,2014-02-02,7.12,7.0492,-0.0708
test,2014-02-03,7.092,7.0568,-0.0352
test,2014-02-04,7.076,7.0585,-0.0175
test,2014-02-05,7.056,7.0638,0.0078
test,2014-02-06,7.08,7.0732,-0.0068
test,2014-02-07,7.094,7.067,-0.027
test,2014-02-08,7.066,7.0596,-0.0064
test,2014-02-09,7.042,7.0509,0.0089
test,2014-02-10,7.076,7.0994,0.0234
test,2014-02-11,7.068,7.0978,0.0298
test,2014-02-12,7.036,7.0603,0.0243
test,2014-02-13,7.082,7.0112,-0.0708
test,2014-02-14,7.026,7.006,-0.02
test,2014-02-15,7.052,6.9883,-0.0637
test,2014-02-16,7.052,6.9897,-0.0623
test,2014-02-17,7.148,7.1785,0.0305
test,2014-02-18,7.284,7.4332,0.1492
test,2014-02-19,7.104,7.2638,0.1598
test,2014-02-20,7.07,7.1431,0.0731
test,2014-02-21,7.036,7.1077,0.0717
test,2014-02-22,7.024,7.08,0.056
test,2014-02-23,6.996,7.0466,0.0506
test,2014-02-24,7.03,7.0141,-0.0159
test,2014-02-25,7.01,7.0213,0.0113
test,2014-02-26,7.04,7.0132,-0.0268
test,2014-02-27,7.056,6.9945,-0.0615
test,2014-02-28,7.058,6.991,-0.067
test,2014-03-01,7.056,7.0002,-0.0558
test,2014-03-02,7.016,6.9778,-0.0382
test,2014-03-03,7.014,6.9566,-0.0574
test,2014-03-04,7.022,6.9488,-0.0732
test,2014-03-05,7.002,6.9437,-0.0583
test,2014-03-06,7.024,6.9513,-0.0727
test,2014-03-07,7.02,6.9369,-0.0831
test,2014-03-08,7.01,6.9324,-0.0776
test,2014-03-09,7.01,6.9309,-0.0791
test,2014-03-10,7.018,6.9253,-0.0927
test,2014-03-11,6.988,6.9258,-0.0622
test,2014-03-12,6.954,6.9219,-0.0321
test,2014-03-13,6.972,6.9022,-0.0698
test,2014-03-14,6.966,6.8963,-0.0697
test,2014-03-15,7.016,6.9072,-0.1088
test,2014-03-16,7.024,6.9042,-0.1198
test,2014-03-17,7.012,6.907,-0.105
test,2014-03-18,7.058,6.9088,-0.1492
test,2014-03-19,6.952,6.9264,-0.0256
test,2014-03-20,6.998,6.9151,-0.0829
test,2014-03-21,6.996,6.9314,-0.0646
test,2014-03-22,7.012,6.9368,-0.0752
test,2014-03-23,7.06,6.9545,-0.1055
test,2014-03-24,7.044,6.9711,-0.0729
test,2014-03-25,7.042,6.9744,-0.0676
test,2014-03-26,6.976,6.998,0.022
test,2014-03-27,6.978,6.9828,0.0048
test,2014-03-28,6.968,6.9635,-0.0045
test,2014-03-29,7.036,6.9475,-0.0885
test,2014-03-30,6.938,6.9553,0.0173
test,2014-03-31,6.946,6.9468,0.0008
test,2014-04-01,6.93,6.9462,0.0162
test,2014-04-02,7.004,6.9567,-0.0473
test,2014-04-03,7.0,6.9892,-0.0108
test,2014-04-04,7.076,6.9825,-0.0935
test,2014-04-05,7.052,7.0076,-0.0444
test,2014-04-06,7.008,7.0085,0.0005
test,2014-04-07,7.09,7.0252,-0.0648
test,2014-04-08,7.07,7.0917,0.0217
test,2014-04-09,7.076,7.0971,0.0211
test,2014-04-10,7.092,7.1023,0.0103
test,2014-04-11,7.068,7.0678,-0.0002
test,2014-04-12,7.006,7.0397,0.0337
test,2014-04-13,6.94,7.0066,0.0666
test,2014-04-14,7.014,6.9762,-0.0378
test,2014-04-15,7.036,6.9833,-0.0527
test,2014-04-16,7.01,7.0002,-0.0098
test,2014-04-17,6.966,7.0093,0.0433
test,2014-04-18,6.858,7.0311,0.1731
test,2014-04-19,6.854,7.0097,0.1557
test,2014-04-20,6.924,6.9968,0.0728
test,2014-04-21,6.912,7.002,0.09
test,2014-04-22,6.882,6.9988,0.1168
test,2014-04-23,6.89,7.0076,0.1176
test,2014-04-24,6.866,7.0148,0.1488
test,2014-04-25,6.892,7.0163,0.1243
test,2014-04-26,6.846,7.0827,0.2367
test,2014-04-27,6.94,7.0675,0.1275
test,2014-04-28,7.0,7.0879,0.0879
test,2014-04-29,6.87,7.1151,0.2451
test,2014-04-30,6.972,7.226,0.254
test,2014-05-01,6.984,7.1789,0.1949
test,2014-05-02,7.01,7.126,0.116
test,2014-05-03,7.104,7.148,0.044
test,2014-05-04,7.058,7.3517,0.2937
test,2014-05-05,7.012,7.2787,0.2667
test,2014-05-06,6.99,7.3386,0.3486
test,2014-05-07,7.034,7.2325,0.1985
test,2014-05-08,7.542,7.1931,-0.3489
test,2014-05-09,9.58,7.4815,-2.0985
test,2014-05-10,7.812,8.7748,0.9628
test,2014-05-11,7.542,7.8335,0.2915
test,2014-05-12,8.736,7.838,-0.898
test,2014-05-13,7.492,8.178,0.686
test,2014-05-14,7.282,7.5851,0.3031
test,2014-05-15,7.208,7.4619,0.2539
test,2014-05-16,7.204,7.42,0.216
test,2014-05-17,7.168,7.4097,0.2417
test,2014-05-18,7.114,7.2862,0.1722
test,2014-05-19,7.116,7.2237,0.1077
test,2014-05-20,7.1,7.2581,0.1581
test,2014-05-21,7.094,7.1919,0.0979
test,2014-05-22,7.084,7.1454,0.0614
test,2014-05-23,7.074,7.1309,0.0569
test,2014-05-24,7.09,7.2306,0.1406
test,2014-05-25,7.734,7.3987,-0.3353
test,2014-05-26,7.362,7.7119,0.3499
test,2014-05-27,7.294,7.4153,0.1213
test,2014-05-28,7.284,7.3784,0.0944
test,2014-05-29,7.586,7.4513,-0.1347
test,2014-05-30,7.754,7.6003,-0.1537
test,2014-05-31,7.966,7.5742,-0.3918
test,2014-06-01,7.938,7.7092,-0.2288
test,2014-06-02,7.902,7.9032,0.0012
test,2014-06-03,7.524,7.8286,0.3046
test,2014-06-04,7.312,7.6364,0.3244
test,2014-06-05,7.274,7.4189,0.1449
test,2014-06-06,7.228,7.3375,0.1095
test,2014-06-07,7.174,7.2711,0.0971
test,2014-06-08,7.156,7.2165,0.0605
test,2014-06-09,7.492,7.2527,-0.2393
test,2014-06-10,7.556,7.4894,-0.0666
test,2014-06-11,7.56,7.5119,-0.0481
test,2014-06-12,7.9,7.5622,-0.3378
test,2014-06-13,7.462,7.7665,0.3045
test,2014-06-14,7.7,7.5497,-0.1503
test,2014-06-15,7.342,7.7823,0.4403
test,2014-06-16,7.25,7.6296,0.3796
test,2014-06-17,7.37,7.6218,0.2518
test,2014-06-18,10.646,7.6417,-3.0043
test,2014-06-19,10.274,9.7667,-0.5073
test,2014-06-20,9.84,9.978,0.138
test,2014-06-21,10.76,9.6658,-1.0942
test,2014-06-22,11.46,10.147,-1.313
test,2014-06-23,11.36,10.3698,-0.9902
test,2014-06-24,10.93,9.877,-1.053
test,2014-06-25,9.24,9.6779,0.4379
test,2014-06-26,8.416,9.0317,0.6157
test,2014-06-27,8.324,9.1532,0.8292
test,2014-06-28,7.924,8.4476,0.5236
test,2014-06-29,7.83,8.1382,0.3082
test,2014-06-30,8.208,8.2329,0.0249
test,2014-07-01,8.204,8.5336,0.3296
test,2014-07-02,7.724,8.291,0.567
test,2014-07-03,7.616,8.1178,0.5018
test,2014-07-04,8.84,8.423,-0.417
test,2014-07-05,9.13,9.3089,0.1789
test,2014-07-06,9.204,9.1318,-0.0722
test,2014-07-07,8.874,8.8812,0.0072
test,2014-07-08,7.868,8.6701,0.8021
test,2014-07-09,7.596,8.2387,0.6427
test,2014-07-10,7.524,8.0131,0.4891
test,2014-07-11,7.48,7.8129,0.3329
test,2014-07-12,7.638,7.6408,0.0028
test,2014-07-13,7.464,7.6054,0.1414
test,2014-07-14,7.5,7.5573,0.0573
test,2014-07-15,7.476,7.553,0.077
test,2014-07-16,7.44,7.7517,0.3117
test,2014-07-17,7.48,7.9047,0.4247
test,2014-07-18,7.496,7.7855,0.2895
test,2014-07-19,7.494,7.7378,0.2438
test,2014-07-20,7.378,7.6869,0.3089
test,2014-07-21,7.388,7.6992,0.3112
test,2014-07-22,7.496,8.3381,0.8421
test,2014-07-23,7.75,8.0436,0.2936
test,2014-07-24,7.672,8.0001,0.3281
test,2014-07-25,7.438,7.7696,0.3316
test,2014-07-26,7.412,7.5352,0.1232
test,2014-07-27,10.23,7.5361,-2.6939
test,2014-07-28,8.894,9.2861,0.3921
test,2014-07-29,7.842,8.3217,0.4797
test,2014-07-30,7.57,7.819,0.249
test,2014-07-31,7.56,7.7687,0.2087
test,2014-08-01,7.528,7.7247,0.1967
test,2014-08-02,7.586,7.5653,-0.0207
test,2014-08-03,7.41,7.5163,0.1063
test,2014-08-04,7.332,7.7365,0.4045
test,2014-08-05,7.394,7.7357,0.3417
test,2014-08-06,7.43,7.731,0.301
test,2014-08-07,7.396,7.7003,0.3043
test,2014-08-08,7.422,7.5928,0.1708
test,2014-08-09,7.33,7.4857,0.1557
test,2014-08-10,7.314,7.4341,0.1201
test,2014-08-11,7.298,7.6897,0.3917
test,2014-08-12,7.724,7.6911,-0.0329
test,2014-08-13,9.574,7.8147,-1.7593
test,2014-08-14,11.346,9.4352,-1.9108
test,2014-08-15,11.664,10.3252,-1.3388
test,2014-08-16,10.55,10.5262,-0.0238
test,2014-08-17,9.214,9.8174,0.6034
test,2014-08-18,9.93,8.8514,-1.0786
test,2014-08-19,8.462,9.0632,0.6012
test,2014-08-20,8.24,8.7393,0.4993
test,2014-08-21,8.758,8.4321,-0.3259
test,2014-08-22,9.64,8.7769,-0.8631
test,2014-08-23,8.88,9.4823,0.6023
test,2014-08-24,8.622,8.7649,0.1429
test,2014-08-25,8.068,8.4308,0.3628
test,2014-08-26,7.958,8.198,0.24
test,2014-08-27,8.024,8.1463,0.1223
test,2014-08-28,8.648,8.1747,-0.4733
test,2014-08-29,9.502,8.6897,-0.8123
test,2014-08-30,8.82,9.2529,0.4329
test,2014-08-31,8.63,8.9381,0.3081
test,2014-09-01,8.164,8.7174,0.5534
test,2014-09-02,7.786,8.401,0.615
test,2014-09-03,7.656,8.1086,0.4526
test,2014-09-04,7.594,7.921,0.327
test,2014-09-05,7.676,7.7739,0.0979
test,2014-09-06,7.528,7.787,0.259
test,2014-09-07,7.476,7.7099,0.2339
test,2014-09-08,7.43,7.6249,0.1949
test,2014-09-09,7.442,7.6223,0.1803
test,2014-09-10,7.48,7.5662,0.0862
test,2014-09-11,7.428,7.5046,0.0766
test,2014-09-12,7.44,7.4612,0.0212
test,2014-09-13,7.702,7.4798,-0.2222
test,2014-09-14,7.502,7.5857,0.0837
test,2014-09-15,7.45,7.5946,0.1446
test,2014-09-16,7.416,7.5851,0.1691
test,2014-09-17,7.408,7.5722,0.1642
test,2014-09-18,7.402,7.5364,0.1344
test,2014-09-19,7.942,7.553,-0.389
test,2014-09-20,7.486,7.7819,0.2959
test,2014-09-21,8.666,7.8171,-0.8489
test,2014-09-22,9.222,8.325,-0.897
test,2014-09-23,11.342,8.9306,-2.4114
test,2014-09-24,10.94,10.2598,-0.6802
test,2014-09-25,9.02,9.3293,0.3093
test,2014-09-26,9.02,8.6627,-0.3573
test,2014-09-27,8.64,8.7271,0.0871
test,2014-09-28,8.14,8.475,0.335
test,2014-09-29,7.79,8.2492,0.4592
test,2014-09-30,7.56,8.1015,0.5415
test,2014-10-01,7.524,8.0475,0.5235
test,2014-10-02,7.542,7.9901,0.4481
test,2014-10-03,7.53,7.8448,0.3148
test,2014-10-04,7.498,7.7969,0.2989
test,2014-10-05,7.474,7.7246,0.2506
test,2014-10-06,7.432,7.671,0.239
test,2014-10-07,7.496,7.6383,0.1423
test,2014-10-08,7.498,7.7814,0.2834
test,2014-10-09,7.398,7.8175,0.4195
test,2014-10-10,7.39,7.7004,0.3104
test,2014-10-11,7.574,7.6328,0.0588
test,2014-10-12,7.864,7.8078,-0.0562
test,2014-10-13,7.672,8.0174,0.3454
test,2014-10-14,7.704,7.779,0.075
test,2014-10-15,7.664,7.7136,0.0496
test,2014-10-16,7.474,7.6977,0.2237
test,2014-10-17,7.398,7.6324,0.2344
test,2014-10-18,7.366,7.5336,0.1676
test,2014-10-19,7.348,7.4252,0.0772
test,2014-10-20,7.33,7.336,0.006
test,2014-10-21,7.32,7.2809,-0.0391
test,2014-10-22,7.298,7.2689,-0.0291
test,2014-10-23,7.296,7.2466,-0.0494
test,2014-10-24,7.284,7.2524,-0.0316
test,2014-10-25,7.268,7.2695,0.0015
test,2014-10-26,7.254,7.2881,0.0341
test,2014-10-27,7.254,7.3272,0.0732
test,2014-10-28,7.314,7.4592,0.1452
test,2014-10-29,7.366,7.5557,0.1897
test,2014-10-30,7.3,7.4147,0.1147
test,2014-10-31,7.27,7.3176,0.0476
test,2014-11-01,7.25,7.2699,0.0199
test,2014-11-02,7.24,7.2413,0.0013
test,2014-11-03,7.24,7.2159,-0.0241
test,2014-11-04,7.226,7.2022,-0.0238
test,2014-11-05,7.226,7.2016,-0.0244
test,2014-11-06,7.23,7.218,-0.012
test,2014-11-07,7.228,7.2459,0.0179
test,2014-11-08,7.22,7.2593,0.0393
test,2014-11-09,7.224,7.3017,0.0777
test,2014-11-10,7.698,7.3061,-0.3919
test,2014-11-11,7.35,7.375,0.025
test,2014-11-12,7.268,7.3059,0.0379
test,2014-11-13,7.244,7.2756,0.0316
test,2014-11-14,7.24,7.277,0.037
test,2014-11-15,7.23,7.2311,0.0011
test,2014-11-16,7.22,7.2033,-0.0167
test,2014-11-17,7.22,7.1937,-0.0263
test,2014-11-18,7.218,7.2134,-0.0046
test,2014-11-19,7.208,7.2078,-0.0002
test,2014-11-20,7.2,7.1927,-0.0073
test,2014-11-21,7.21,7.1846,-0.0254
test,2014-11-22,7.21,7.2083,-0.0017
test,2014-11-23,7.22,7.2064,-0.0136
test,2014-11-24,7.272,7.1892,-0.0828
test,2014-11-25,7.27,7.1949,-0.0751
test,2014-11-26,7.26,7.2031,-0.0569
test,2014-11-27,7.26,7.2204,-0.0396
test,2014-11-28,7.26,7.2408,-0.0192
test,2014-11-29,7.26,7.2496,-0.0104
test,2014-11-30,7.252,7.2465,-0.0055
test,2014-12-01,7.246,7.2377,-0.0083
test,2014-12-02,7.23,7.2362,0.0062
test,2014-12-03,7.238,7.2632,0.0252
test,2014-12-04,7.242,7.2899,0.0479
test,2014-12-05,7.236,7.2619,0.0259
test,2014-12-06,7.23,7.2203,-0.0097
test,2014-12-07,7.23,7.1994,-0.0306
test,2014-12-08,7.23,7.2062,-0.0238
test,2014-12-09,7.23,7.2138,-0.0162
test,2014-12-10,7.23,7.2071,-0.0229
test,2014-12-11,7.204,7.1989,-0.0051
test,2014-12-12,7.206,7.1951,-0.0109
test,2014-12-13,7.2,7.2006,0.0006
test,2014-12-14,7.2,7.2073,0.0073
test,2014-12-15,7.2,7.2106,0.0106
test,2014-12-16,7.21,7.2469,0.0369
test,2014-12-17,7.18,7.2366,0.0566
test,2014-12-18,7.17,7.2091,0.0391
test,2014-12-19,7.17,7.1972,0.0272
test,2014-12-20,7.17,7.1859,0.0159
test,2014-12-21,7.17,7.173,0.003
test,2014-12-22,7.132,7.171,0.039
test,2014-12-23,7.15,7.1654,0.0154
test,2014-12-24,7.14,7.1615,0.0215
test,2014-12-25,7.13,7.1595,0.0295
test,2014-12-26,7.104,7.1495,0.0455
test,2014-12-27,7.09,7.1437,0.0537
test,2014-12-28,7.096,7.1471,0.0511
test,2014-12-29,7.11,7.1457,0.0357
test,2014-12-30,7.1,7.1469,0.0469
test,2014-12-31,7.16,7.2346,0.0746
test,2015-01-01,7.156,7.3442,0.1882
test,2015-01-02,7.136,7.38,0.244
test,2015-01-03,7.106,7.255,0.149
test,2015-01-04,7.092,7.183,0.091
test,2015-01-05,7.09,7.1709,0.0809
test,2015-01-06,7.09,7.1319,0.0419
test,2015-01-07,7.096,7.0973,0.0013
test,2015-01-08,7.09,7.0867,-0.0033
test,2015-01-09,7.09,7.0905,0.0005
test,2015-01-10,7.096,7.106,0.01
test,2015-01-11,7.08,7.1156,0.0356
test,2015-01-12,7.08,7.1114,0.0314
test,2015-01-13,7.08,7.1065,0.0265
test,2015-01-14,7.07,7.1103,0.0403
test,2015-01-15,7.052,7.1081,0.0561
test,2015-01-16,7.11,7.1002,-0.0098
test,2015-01-17,7.136,7.1251,-0.0109
test,2015-01-18,7.132,7.1597,0.0277
test,2015-01-19,7.078,7.1577,0.0797
test,2015-01-20,7.074,7.1409,0.0669
test,2015-01-21,7.08,7.1279,0.0479
test,2015-01-22,7.07,7.1175,0.0475
test,2015-01-23,7.076,7.114,0.038
test,2015-01-24,7.064,7.1214,0.0574
test,2015-01-25,7.056,7.1034,0.0474
test,2015-01-26,7.032,7.0821,0.0501
test,2015-01-27,7.05,7.0625,0.0125
test,2015-01-28,7.036,7.0552,0.0192
test,2015-01-29,7.036,7.0514,0.0154
test,2015-01-30,7.004,7.0468,0.0428
test,2015-01-31,7.01,7.0501,0.0401
test,2015-02-01,7.024,7.0661,0.0421
test,2015-02-02,7.016,7.0398,0.0238
test,2015-02-03,7.014,7.0424,0.0284
test,2015-02-04,7.006,7.0388,0.0328
test,2015-02-05,7.0,7.0244,0.0244
test,2015-02-06,7.05,7.0139,-0.0361
test,2015-02-07,6.996,7.0204,0.0244
test,2015-02-08,7.03,7.0107,-0.0193
test,2015-02-09,7.0,7.0099,0.0099
test,2015-02-10,6.996,7.0048,0.0088
test,2015-02-11,6.98,6.9903,0.0103
test,2015-02-12,6.99,6.9744,-0.0156
test,2015-02-13,7.0,6.9714,-0.0286
test,2015-02-14,6.98,6.9742,-0.0058
test,2015-02-15,6.992,6.9807,-0.0113
test,2015-02-16,7.014,6.9926,-0.0214
test,2015-02-17,6.99,6.9869,-0.0031
test,2015-02-18,6.994,6.9691,-0.0249
test,2015-02-19,7.006,6.9529,-0.0531
test,2015-02-20,7.014,6.9846,-0.0294
test,2015-02-21,7.026,6.9898,-0.0362
test,2015-02-22,7.06,6.9733,-0.0867
test,2015-02-23,7.0,6.9933,-0.0067
test,2015-02-24,7.01,6.9741,-0.0359
test,2015-02-25,6.65,6.9499,0.2999
test,2015-02-26,6.642,6.8659,0.2239
test,2015-02-27,6.69,6.803,0.113
test,2015-02-28,6.64,6.7812,0.1412
test,2015-03-01,6.654,6.7373,0.0833
test,2015-03-02,6.658,6.6918,0.0338
test,2015-03-03,6.642,6.6903,0.0483
test,2015-03-04,6.664,6.6716,0.0076
test,2015-03-05,6.734,6.8181,0.0841
test,2015-03-06,6.75,6.7968,0.0468
test,2015-03-07,6.71,6.7511,0.0411
test,2015-03-08,6.664,6.7197,0.0557
test,2015-03-09,6.664,6.7046,0.0406
test,2015-03-10,6.654,6.6938,0.0398
test,2015-03-11,6.654,6.6803,0.0263
test,2015-03-12,6.64,6.6764,0.0364
test,2015-03-13,6.568,6.6661,0.0981
test,2015-03-14,6.574,6.6454,0.0714
test,2015-03-15,6.564,6.6431,0.0791
test,2015-03-16,6.554,6.6351,0.0811
test,2015-03-17,6.586,6.635,0.049
test,2015-03-18,6.574,6.6353,0.0613
test,2015-03-19,6.632,6.6301,-0.0019
test,2015-03-20,6.59,6.6596,0.0696
test,2015-03-21,6.58,6.657,0.077
test,2015-03-22,6.568,6.6487,0.0807
test,2015-03-23,6.54,6.651,0.111
test,2015-03-24,6.52,6.6497,0.1297
test,2015-03-25,6.58,6.6367,0.0567
test,2015-03-26,6.664,6.668,0.004
test,2015-03-27,6.658,6.7157,0.0577
test,2015-03-28,6.594,6.7498,0.1558
test,2015-03-29,6.624,6.7618,0.1378
test,2015-03-30,6.582,6.776,0.194
test,2015-03-31,6.57,6.7601,0.1901
test,2015-04-01,6.72,6.9698,0.2498
test,2015-04-02,7.152,6.9753,-0.1767
test,2015-04-03,8.63,7.7981,-0.8319
test,2015-04-04,7.512,8.4459,0.9339
test,2015-04-05,7.052,7.621,0.569
test,2015-04-06,7.244,7.4123,0.1683
test,2015-04-07,7.426,7.8488,0.4228
test,2015-04-08,7.144,7.5285,0.3845
test,2015-04-09,6.974,7.2783,0.3043
test,2015-04-10,6.836,7.1736,0.3376
test,2015-04-11,6.8,7.124,0.324
test,2015-04-12,6.764,7.0314,0.2674
test,2015-04-13,6.708,6.9348,0.2268
test,2015-04-14,6.694,6.8734,0.1794
test,2015-04-15,6.704,6.8475,0.1435
test,2015-04-16,6.674,6.8284,0.1544
test,2015-04-17,6.654,6.789,0.135
test,2015-04-18,6.66,6.8301,0.1701
test,2015-04-19,6.756,6.8243,0.0683
test,2015-04-20,6.944,6.9237,-0.0203
test,2015-04-21,6.782,6.9797,0.1977
test,2015-04-22,6.77,6.9429,0.1729
test,2015-04-23,7.196,7.1648,-0.0312
test,2015-04-24,7.412,7.6322,0.2202
test,2015-04-25,7.092,7.66,0.568
test,2015-04-26,6.908,7.2662,0.3582
test,2015-04-27,6.842,7.1712,0.3292
test,2015-04-28,6.794,7.0731,0.2791
test,2015-04-29,6.778,6.9361,0.1581
test,2015-04-30,6.756,6.9396,0.1836
test,2015-05-01,7.302,7.0041,-0.2979
test,2015-05-02,7.066,7.2019,0.1359
test,2015-05-03,7.07,7.0966,0.0266
test,2015-05-04,6.902,7.0226,0.1206
test,2015-05-05,6.83,6.9223,0.0923
test,2015-05-06,6.772,6.8519,0.0799
test,2015-05-07,6.752,6.7959,0.0439
test,2015-05-08,6.818,6.7808,-0.0372
test,2015-05-09,6.788,6.8316,0.0436
test,2015-05-10,6.776,6.8208,0.0448
test,2015-05-11,6.83,6.8701,0.0401
test,2015-05-12,6.978,6.9166,-0.0614
test,2015-05-13,7.168,7.0047,-0.1633
test,2015-05-14,6.914,7.0179,0.1039
test,2015-05-15,6.792,6.9239,0.1319
test,2015-05-16,6.778,6.9048,0.1268
test,2015-05-17,6.768,6.8843,0.1163
test,2015-05-18,6.944,6.9367,-0.0073
test,2015-05-19,7.134,7.0519,-0.0821
test,2015-05-20,6.854,7.0274,0.1734
test,2015-05-21,6.786,6.9103,0.1243
test,2015-05-22,6.748,6.8785,0.1305
test,2015-05-23,6.726,6.8524,0.1264
test,2015-05-24,7.386,6.8541,-0.5319
test,2015-05-25,7.404,7.2128,-0.1912
test,2015-05-26,6.928,7.3991,0.4711
test,2015-05-27,6.936,7.0029,0.0669
test,2015-05-28,6.916,7.0226,0.1066
test,2015-05-29,7.066,7.0182,-0.0478
test,2015-05-30,7.89,7.0597,-0.8303
test,2015-05-31,7.368,7.5117,0.1437
test,2015-06-01,6.984,7.2977,0.3137
test,2015-06-02,6.866,7.1159,0.2499
test,2015-06-03,6.812,7.0845,0.2725
test,2015-06-04,6.768,7.007,0.239
test,2015-06-05,6.744,6.9311,0.1871
test,2015-06-06,6.768,6.9108,0.1428
test,2015-06-07,6.766,6.9874,0.2214
test,2015-06-08,6.736,6.9952,0.2592
test,2015-06-09,6.72,6.9905,0.2705
test,2015-06-10,6.724,6.9916,0.2676
test,2015-06-11,7.278,7.0623,-0.2157
test,2015-06-12,7.698,7.6082,-0.0898
test,2015-06-13,7.072,7.8393,0.7673
test,2015-06-14,7.072,7.6145,0.5425
test,2015-06-15,7.136,7.6936,0.5576
test,2015-06-16,7.612,7.6427,0.0307
test,2015-06-17,7.154,7.8469,0.6929
test,2015-06-18,6.988,7.3486,0.3606
test,2015-06-19,6.886,7.1971,0.3111
test,2015-06-20,7.158,7.1293,-0.0287
test,2015-06-21,7.254,7.1474,-0.1066
test,2015-06-22,6.948,7.3042,0.3562
test,2015-06-23,7.57,7.7472,0.1772
test,2015-06-24,9.65,8.3518,-1.2982
test,2015-06-25,9.714,9.6156,-0.0984
test,2015-06-26,9.678,9.7802,0.1022
test,2015-06-27,9.506,9.7854,0.2794
test,2015-06-28,8.872,9.2276,0.3556
test,2015-06-29,7.782,8.5286,0.7466
test,2015-06-30,7.356,7.9888,0.6328
test,2015-07-01,7.126,7.6785,0.5525
test,2015-07-02,7.118,7.5061,0.3881
test,2015-07-03,8.936,7.5438,-1.3922
test,2015-07-04,8.188,8.7538,0.5658
test,2015-07-05,7.656,7.915,0.259
test,2015-07-06,7.5,7.7019,0.2019
test,2015-07-07,7.324,7.6172,0.2932
test,2015-07-08,10.376,7.5262,-2.8498
test,2015-07-09,10.504,10.1463,-0.3577
test,2015-07-10,10.184,10.3278,0.1438
test,2015-07-11,8.98,9.6693,0.6893
test,2015-07-12,7.866,8.8264,0.9604
test,2015-07-13,7.576,8.2728,0.6968
test,2015-07-14,7.352,7.9555,0.6035
test,2015-07-15,7.398,7.6242,0.2262
test,2015-07-16,7.424,7.6638,0.2398
test,2015-07-17,9.936,8.0012,-1.9348
test,2015-07-18,10.08,10.2009,0.1209
test,2015-07-19,9.67,10.1092,0.4392
test,2015-07-20,9.816,9.5723,-0.2437
test,2015-07-21,8.76,9.2305,0.4705
test,2015-07-22,7.862,8.3502,0.4882
test,2015-07-23,7.746,8.0647,0.3187
test,2015-07-24,8.756,8.1438,-0.6122
test,2015-07-25,11.92,9.2881,-2.6319
test,2015-07-26,10.418,11.259,0.841
test,2015-07-27,11.44,10.2809,-1.1591
test,2015-07-28,10.292,10.3758,0.0838
test,2015-07-29,9.57,9.8303,0.2603
test,2015-07-30,8.64,9.6184,0.9784
test,2015-07-31,10.684,9.2524,-1.4316
test,2015-08-01,10.49,10.741,0.251
test,2015-08-02,9.71,9.8354,0.1254
test,2015-08-03,8.468,9.1275,0.6595
test,2015-08-04,7.964,8.6603,0.6963
test,2015-08-05,7.81,8.4131,0.6031
test,2015-08-06,7.542,8.1353,0.5933
test,2015-08-07,7.436,7.8262,0.3902
test,2015-08-08,7.336,7.7152,0.3792
test,2015-08-09,7.37,7.7908,0.4208
test,2015-08-10,7.316,7.7366,0.4206
test,2015-08-11,7.444,7.7674,0.3234
test,2015-08-12,7.54,7.6948,0.1548
test,2015-08-13,7.408,7.6111,0.2031
test,2015-08-14,7.232,7.5033,0.2713
test,2015-08-15,7.574,7.5679,-0.0061
test,2015-08-16,7.296,7.7111,0.4151
test,2015-08-17,8.028,7.6432,-0.3848
test,2015-08-18,9.21,8.0639,-1.1461
test,2015-08-19,11.032,9.0995,-1.9326
test,2015-08-20,12.73,10.5642,-2.1658
test,2015-08-21,11.406,10.9035,-0.5025
test,2015-08-22,9.58,9.6741,0.0941
test,2015-08-23,8.66,8.8494,0.1894
test,2015-08-24,8.378,8.5084,0.1304
test,2015-08-25,7.846,8.3664,0.5204
test,2015-08-26,7.682,8.0941,0.4121
test,2015-08-27,7.576,7.9789,0.4029
test,2015-08-28,7.47,8.0072,0.5372
test,2015-08-29,8.482,7.9211,-0.5609
test,2015-08-30,8.184,8.263,0.079
test,2015-08-31,11.272,8.278,-2.994
test,2015-09-01,11.286,10.6593,-0.6267
test,2015-09-02,9.708,11.177,1.469
test,2015-09-03,9.19,9.6419,0.4519
test,2015-09-04,8.54,9.1775,0.6375
test,2015-09-05,8.352,8.8749,0.5229
test,2015-09-06,8.8,8.6307,-0.1693
test,2015-09-07,8.48,8.6285,0.1485
test,2015-09-08,7.866,8.4899,0.6239
test,2015-09-09,7.612,8.2649,0.6529
test,2015-09-10,7.538,8.1261,0.5881
test,2015-09-11,7.432,8.0141,0.5821
test,2015-09-12,8.916,7.8327,-1.0833
test,2015-09-13,8.342,8.1615,-0.1805
test,2015-09-14,8.462,8.1348,-0.3272
test,2015-09-15,7.818,8.299,0.481
test,2015-09-16,7.474,8.1222,0.6482
test,2015-09-17,7.366,7.9283,0.5623
test,2015-09-18,7.324,7.7575,0.4335
test,2015-09-19,8.29,7.6138,-0.6762
test,2015-09-20,7.93,8.3119,0.3819
test,2015-09-21,8.178,8.1297,-0.0483
test,2015-09-22,11.26,8.3657,-2.8943
test,2015-09-23,10.508,10.3202,-0.1878
test,2015-09-24,9.884,9.9253,0.0413
test,2015-09-25,9.08,9.3674,0.2874
test,2015-09-26,8.048,8.4976,0.4496
test,2015-09-27,7.706,8.3158,0.6098
test,2015-09-28,7.556,8.1294,0.5734
test,2015-09-29,7.45,7.8936,0.4436
test,2015-09-30,7.384,7.7702,0.3862
test,2015-10-01,7.314,7.679,0.365
test,2015-10-02,7.31,7.6696,0.3596
test,2015-10-03,7.278,7.6736,0.3956
test,2015-10-04,7.254,7.5952,0.3412
test,2015-10-05,7.416,7.5252,0.1092
test,2015-10-06,7.64,7.5082,-0.1318
test,2015-10-07,7.512,7.7938,0.2818
test,2015-10-08,8.86,7.9902,-0.8698
test,2015-10-09,9.906,9.6347,-0.2713
test,2015-10-10,8.314,9.2229,0.9089
test,2015-10-11,7.92,8.3368,0.4168
test,2015-10-12,7.74,8.1987,0.4587
test,2015-10-13,7.924,8.1146,0.1906
test,2015-10-14,7.516,8.025,0.509
test,2015-10-15,7.456,7.7779,0.3219
test,2015-10-16,7.398,7.6412,0.2432
test,2015-10-17,7.306,7.591,0.285
test,2015-10-18,7.256,7.45,0.194
test,2015-10-19,7.216,7.335,0.119
test,2015-10-20,7.188,7.2298,0.0418
test,2015-10-21,7.164,7.1776,0.0136
test,2015-10-22,7.144,7.1166,-0.0274
test,2015-10-23,7.132,7.1478,0.0158
test,2015-10-24,7.254,7.2607,0.0067
test,2015-10-25,7.152,7.2653,0.1133
test,2015-10-26,7.128,7.2168,0.0888
test,2015-10-27,7.104,7.1681,0.0641
test,2015-10-28,7.066,7.1391,0.0731
test,2015-10-29,7.086,7.1035,0.0175
test,2015-10-30,7.064,7.0917,0.0277
test,2015-10-31,7.11,7.1949,0.0849
test,2015-11-01,7.086,7.3846,0.2986
test,2015-11-02,7.094,7.4199,0.3259
test,2015-11-03,7.068,7.1936,0.1256
test,2015-11-04,7.046,7.0831,0.0371
test,2015-11-05,7.034,7.043,0.009
test,2015-11-06,7.02,7.0013,-0.0187
test,2015-11-07,7.02,6.9572,-0.0628
test,2015-11-08,7.02,6.9504,-0.0696
test,2015-11-09,7.0,6.9419,-0.0581
test,2015-11-10,7.01,6.9406,-0.0694
test,2015-11-11,6.992,6.9549,-0.0371
test,2015-11-12,6.99,6.9659,-0.0241
test,2015-11-13,6.982,6.9639,-0.0181
test,2015-11-14,6.978,6.9588,-0.0192
test,2015-11-15,6.974,6.9726,-0.0014
test,2015-11-16,6.98,7.007,0.027
test,2015-11-17,6.98,7.022,0.042
test,2015-11-18,6.99,7.0891,0.0991
test,2015-11-19,6.98,7.1643,0.1843
test,2015-11-20,6.916,7.0616,0.1456
test,2015-11-21,6.91,6.982,0.072
test,2015-11-22,6.928,6.9414,0.0134
test,2015-11-23,6.908,6.9219,0.0139
test,2015-11-24,6.958,6.9151,-0.0429
test,2015-11-25,6.894,6.9323,0.0383
test,2015-11-26,6.976,6.9347,-0.0413
test,2015-11-27,6.876,6.9476,0.0716
test,2015-11-28,6.902,6.9374,0.0354
test,2015-11-29,6.934,6.9308,-0.0032
test,2015-11-30,6.932,6.9355,0.0035
test,2015-12-01,6.928,6.9357,0.0077
test,2015-12-02,6.908,6.9539,0.0459
test,2015-12-03,6.926,7.0437,0.1177
test,2015-12-04,6.88,7.0913,0.2113
test,2015-12-05,6.88,7.031,0.151
test,2015-12-06,6.866,6.9593,0.0933
test,2015-12-07,6.89,6.9267,0.0367
test,2015-12-08,6.864,7.0135,0.1495
test,2015-12-09,6.886,7.0207,0.1347
test,2015-12-10,6.88,6.9962,0.1162
test,2015-12-11,6.88,6.9741,0.0941
test,2015-12-12,6.87,6.9805,0.1105
test,2015-12-13,6.88,7.0123,0.1323
test,2015-12-14,6.87,7.0416,0.1716
test,2015-12-15,6.86,7.0133,0.1533
test,2015-12-16,6.85,6.9879,0.1379
test,2015-12-17,6.89,6.9517,0.0617
test,2015-12-18,6.894,6.9427,0.0487
test,2015-12-19,6.886,7.086,0.2
test,2015-12-20,6.858,7.0656,0.2076
test,2015-12-21,6.854,7.0135,0.1595
test,2015-12-22,6.858,6.993,0.135
test,2015-12-23,6.866,6.991,0.125
test,2015-12-24,6.858,6.988,0.13
test,2015-12-25,6.838,6.9961,0.1581
test,2015-12-26,6.812,7.0453,0.2333
test,2015-12-27,6.838,7.0207,0.1827
test,2015-12-28,6.82,6.9889,0.1689
test,2015-12-29,6.812,6.9827,0.1707
test,2015-12-30,6.838,6.9902,0.1522
test,2015-12-31,6.83,6.9928,0.1628
test,2016-01-01,6.85,6.9941,0.1441
test,2016-01-02,6.84,6.9721,0.1321
test,2016-01-03,6.854,6.9537,0.0997
test,2016-01-04,6.894,6.9627,0.0687
test,2016-01-05,6.814,6.9795,0.1655
test,2016-01-06,6.774,6.9558,0.1818
test,2016-01-07,6.788,6.9349,0.1469
test,2016-01-08,6.79,6.9301,0.1401
test,2016-01-09,6.79,6.9287,0.1387
test,2016-01-10,6.794,6.9509,0.1569
test,2016-01-11,6.752,6.9671,0.2151
test,2016-01-12,6.76,6.9253,0.1653
test,2016-01-13,6.82,6.8963,0.0763
test,2016-01-14,6.79,6.9187,0.1287
test,2016-01-15,6.79,6.9325,0.1425
test,2016-01-16,6.784,6.9296,0.1456
test,2016-01-17,6.77,6.9332,0.1632
test,2016-01-18,6.788,6.9224,0.1344
test,2016-01-19,6.77,6.9121,0.1421
test,2016-01-20,6.76,6.9088,0.1488
test,2016-01-21,6.76,6.9577,0.1977
test,2016-01-22,6.764,7.076,0.312
test,2016-01-23,6.788,6.9935,0.2055
test,2016-01-24,6.768,6.9509,0.1829
test,2016-01-25,6.76,6.9345,0.1745
test,2016-01-26,6.76,6.9245,0.1645
test,2016-01-27,6.758,6.9304,0.1724
test,2016-01-28,6.732,6.9425,0.2105
test,2016-01-29,6.738,6.9393,0.2013
test,2016-01-30,6.736,6.9363,0.2003
test,2016-01-31,6.74,6.9363,0.1963
test,2016-02-01,6.74,6.9582,0.2182
test,2016-02-02,6.75,6.9491,0.1991
test,2016-02-03,6.748,6.9374,0.1894
test,2016-02-04,6.746,6.9198,0.1738
test,2016-02-05,6.744,6.8697,0.1257
test,2016-02-06,6.75,6.8289,0.0789
test,2016-02-07,6.694,6.8132,0.1192
test,2016-02-08,6.712,6.7986,0.0866
test,2016-02-09,6.736,6.793,0.057
test,2016-02-10,6.752,6.8499,0.0979
test,2016-02-11,6.744,6.8734,0.1294
test,2016-02-12,6.884,6.8667,-0.0173
test,2016-02-13,7.604,7.1706,-0.4334
test,2016-02-14,6.882,7.3248,0.4428
test,2016-02-15,6.788,7.0144,0.2264
test,2016-02-16,6.752,6.934,0.182
test,2016-02-17,6.736,6.9008,0.1648
test,2016-02-18,6.744,6.8198,0.0758
test,2016-02-19,6.794,6.79,-0.004
test,2016-02-20,6.742,6.7899,0.0479
test,2016-02-21,6.726,6.8172,0.0912
test,2016-02-22,6.744,6.8166,0.0726
test,2016-02-23,6.716,6.8844,0.1684
test,2016-02-24,6.87,6.8989,0.0289
test,2016-02-25,6.892,6.997,0.105
test,2016-02-26,6.794,6.9247,0.1307
test,2016-02-27,6.738,6.8571,0.1191
test,2016-02-28,6.702,6.8402,0.1382
test,2016-02-29,6.722,6.8166,0.0946
test,2016-03-01,6.702,6.7647,0.0627
test,2016-03-02,6.72,6.7116,-0.0084
test,2016-03-03,6.702,6.7206,0.0186
test,2016-03-04,6.734,6.7267,-0.0073
test,2016-03-05,6.72,6.7378,0.0178
test,2016-03-06,6.716,6.7369,0.0209
test,2016-03-07,6.692,6.7294,0.0374
test,2016-03-08,6.708,6.7159,0.0079
test,2016-03-09,6.772,6.7038,-0.0682
test,2016-03-10,6.696,6.7346,0.0386
test,2016-03-11,6.704,6.737,0.033
test,2016-03-12,6.71,6.7515,0.0415
test,2016-03-13,6.698,6.7481,0.0501
test,2016-03-14,6.682,6.7341,0.0521
test,2016-03-15,6.67,6.7084,0.0384
test,2016-03-16,6.67,6.7185,0.0485
test,2016-03-17,6.672,6.72,0.048
test,2016-03-18,6.636,6.722,0.086
test,2016-03-19,6.62,6.7132,0.0932
test,2016-03-20,6.642,6.7156,0.0736
test,2016-03-21,6.652,6.8196,0.1676
test,2016-03-22,6.74,6.853,0.113
test,2016-03-23,6.744,6.8287,0.0847
test,2016-03-24,6.712,6.816,0.104
test,2016-03-25,6.7,6.7772,0.0772
test,2016-03-26,6.672,6.7581,0.0861
test,2016-03-27,6.642,6.7288,0.0868
test,2016-03-28,6.62,6.7414,0.1214
test,2016-03-29,8.258,6.8058,-1.4522
test,2016-03-30,7.24,7.6985,0.4585
test,2016-03-31,6.99,7.2822,0.2922
test,2016-04-01,7.992,7.3812,-0.6108
test,2016-04-02,7.492,8.1308,0.6388
test,2016-04-03,7.082,7.5343,0.4523
test,2016-04-04,7.008,7.295,0.287
test,2016-04-05,7.148,7.358,0.21
test,2016-04-06,6.932,7.3652,0.4332
test,2016-04-07,6.852,7.1681,0.3161
test,2016-04-08,6.786,7.0413,0.2553
test,2016-04-09,6.77,6.9909,0.2209
test,2016-04-10,6.738,6.9334,0.1954
test,2016-04-11,6.708,6.8607,0.1527
test,2016-04-12,6.704,6.8408,0.1368
test,2016-04-13,6.684,6.8394,0.1554
test,2016-04-14,6.674,6.8539,0.1799
test,2016-04-15,6.686,6.84,0.154
test,2016-04-16,6.662,6.8896,0.2276
test,2016-04-17,6.636,6.8478,0.2118
test,2016-04-18,6.648,6.8484,0.2004
test,2016-04-19,6.656,6.8489,0.1929
test,2016-04-20,6.648,6.8586,0.2106
test,2016-04-21,6.598,6.8008,0.2028
test,2016-04-22,6.648,6.7871,0.1391
test,2016-04-23,6.642,6.8709,0.2289
test,2016-04-24,6.62,6.89,0.27
test,2016-04-25,6.632,6.8859,0.2539
test,2016-04-26,6.966,6.8607,-0.1053
test,2016-04-27,6.744,6.8968,0.1528
test,2016-04-28,6.7,6.8306,0.1306
test,2016-04-29,6.682,6.8352,0.1532
test,2016-04-30,6.614,6.8227,0.2087
test,2016-05-01,6.636,6.7728,0.1368
test,2016-05-02,6.76,6.8222,0.0622
test,2016-05-03,7.3,7.4494,0.1494
test,2016-05-04,6.858,7.3454,0.4874
test,2016-05-05,6.816,7.0735,0.2575
test,2016-05-06,6.772,7.0274,0.2554
test,2016-05-07,6.714,6.9718,0.2578
test,2016-05-08,6.684,6.8966,0.2126
test,2016-05-09,6.662,6.8346,0.1726
test,2016-05-10,6.664,6.7852,0.1212
test,2016-05-11,6.646,6.7807,0.1347
test,2016-05-12,6.636,6.7855,0.1495
test,2016-05-13,6.71,6.773,0.063
test,2016-05-14,6.796,6.9071,0.1111
test,2016-05-15,6.716,6.8911,0.1751
test,2016-05-16,6.67,6.8317,0.1617
test,2016-05-17,6.658,6.8364,0.1784
test,2016-05-18,6.798,6.9076,0.1096
test,2016-05-19,8.164,7.0197,-1.1443
test,2016-05-20,7.276,8.2283,0.9523
test,2016-05-21,8.466,7.9611,-0.5049
test,2016-05-22,10.17,8.9814,-1.1886
test,2016-05-23,7.936,9.2194,1.2834
test,2016-05-24,7.088,7.8594,0.7714
test,2016-05-25,8.396,7.5353,-0.8607
test,2016-05-26,7.878,8.1372,0.2592
test,2016-05-27,7.302,7.7063,0.4043
test,2016-05-28,7.266,7.3273,0.0613
test,2016-05-29,8.0,7.4383,-0.5617
test,2016-05-30,7.38,8.0734,0.6934
test,2016-05-31,7.056,7.4152,0.3592
test,2016-06-01,7.29,7.2199,-0.0701
test,2016-06-02,6.98,7.364,0.384
test,2016-06-03,6.842,7.1707,0.3287
test,2016-06-04,6.844,7.046,0.202
test,2016-06-05,6.818,7.008,0.19
test,2016-06-06,6.812,7.1461,0.3341
test,2016-06-07,7.324,7.1529,-0.1711
test,2016-06-08,7.636,7.6363,0.0003
test,2016-06-09,7.844,7.8059,-0.0381
test,2016-06-10,7.686,8.4985,0.8125
test,2016-06-11,8.392,7.86,-0.532
test,2016-06-12,8.596,8.7256,0.1296
test,2016-06-13,8.282,8.9571,0.6751
test,2016-06-14,8.096,8.5299,0.4339
test,2016-06-15,7.328,8.1545,0.8265
test,2016-06-16,7.094,7.5977,0.5037
test,2016-06-17,7.072,7.4263,0.3543
test,2016-06-18,7.194,7.3134,0.1194
test,2016-06-19,7.022,7.2366,0.2146
test,2016-06-20,6.928,7.1474,0.2194
test,2016-06-21,7.172,7.0551,-0.1169
test,2016-06-22,6.962,7.1596,0.1976
test,2016-06-23,7.018,7.1251,0.1071
test,2016-06-24,6.966,7.1536,0.1876
test,2016-06-25,6.876,7.1063,0.2303
test,2016-06-26,6.944,7.0061,0.0621
test,2016-06-27,6.918,7.0541,0.1361
test,2016-06-28,6.836,7.0045,0.1685
test,2016-06-29,6.878,6.9472,0.0692
test,2016-06-30,6.886,6.9442,0.0582
test,2016-07-01,6.836,6.9336,0.0976
test,2016-07-02,6.818,6.9923,0.1743
test,2016-07-03,7.032,7.1669,0.1349
test,2016-07-04,9.07,7.7124,-1.3576
test,2016-07-05,9.328,9.4305,0.1025
test,2016-07-06,7.938,9.3091,1.3711
test,2016-07-07,7.588,8.3814,0.7934
test,2016-07-08,7.344,7.7493,0.4053
test,2016-07-09,7.494,7.5719,0.0779
test,2016-07-10,7.252,7.6374,0.3854
test,2016-07-11,7.214,7.4928,0.2788
test,2016-07-12,7.076,7.3541,0.2781
test,2016-07-13,7.046,7.3196,0.2736
test,2016-07-14,7.124,7.3093,0.1853
test,2016-07-15,7.052,7.268,0.216
test,2016-07-16,10.624,7.3919,-3.2321
test,2016-07-17,9.54,9.8141,0.2741
test,2016-07-18,8.752,9.1729,0.4209
test,2016-07-19,8.976,8.7755,-0.2005
test,2016-07-20,9.11,9.1372,0.0272
test,2016-07-21,8.024,9.0793,1.0553
test,2016-07-22,7.504,7.9133,0.4093
test,2016-07-23,7.344,7.6477,0.3037
test,2016-07-24,7.35,7.6479,0.2979
test,2016-07-25,7.228,7.6598,0.4318
test,2016-07-26,8.046,7.7153,-0.3307
test,2016-07-27,7.37,7.9314,0.5614
test,2016-07-28,7.396,7.4369,0.0409
test,2016-07-29,7.542,7.5578,0.0158
test,2016-07-30,7.334,7.5671,0.2331
test,2016-07-31,9.002,7.6048,-1.3972
test,2016-08-01,9.854,8.7861,-1.0679
test,2016-08-02,8.56,9.3661,0.8061
test,2016-08-03,8.102,8.2897,0.1877
test,2016-08-04,7.358,8.0681,0.7101
test,2016-08-05,7.16,7.7579,0.5979
test,2016-08-06,7.076,7.4946,0.4186
test,2016-08-07,7.144,7.3731,0.2291
test,2016-08-08,7.092,7.4125,0.3205
test,2016-08-09,7.086,7.4073,0.3213
test,2016-08-10,7.14,7.7573,0.6173
test,2016-08-11,7.52,7.8755,0.3555
test,2016-08-12,7.278,7.8403,0.5623
test,2016-08-13,7.114,7.5211,0.4071
test,2016-08-14,10.04,7.3237,-2.7163
test,2016-08-15,8.928,9.0005,0.0725
test,2016-08-16,7.894,8.4355,0.5415
test,2016-08-17,8.196,8.1412,-0.0548
test,2016-08-18,7.564,8.4302,0.8662
test,2016-08-19,7.2,7.7286,0.5286
test,2016-08-20,7.096,7.4231,0.3271
test,2016-08-21,10.966,7.4547,-3.5113
test,2016-08-22,9.88,10.3468,0.4668
test,2016-08-23,8.618,8.7332,0.1152
test,2016-08-24,7.856,8.2792,0.4232
test,2016-08-25,7.494,8.1535,0.6595
test,2016-08-26,8.118,7.9268,-0.1912
test,2016-08-27,8.788,8.0502,-0.7378
test,2016-08-28,11.23,8.1428,-3.0872
test,2016-08-29,9.608,10.086,0.478
test,2016-08-30,8.726,9.0447,0.3187
test,2016-08-31,9.164,8.751,-0.413
test,2016-09-01,11.97,9.0841,-2.8859
test,2016-09-02,10.226,10.7743,0.5483
test,2016-09-03,9.416,9.4978,0.0818
test,2016-09-04,9.102,9.0761,-0.0259
test,2016-09-05,8.106,9.0683,0.9623
test,2016-09-06,7.768,8.6789,0.9109
test,2016-09-07,7.556,8.3444,0.7884
test,2016-09-08,7.41,8.0501,0.6401
test,2016-09-09,7.334,7.9339,0.5999
test,2016-09-10,7.276,7.7487,0.4727
test,2016-09-11,7.494,7.5936,0.0996
test,2016-09-12,8.388,7.7213,-0.6667
test,2016-09-13,8.4,8.2817,-0.1183
test,2016-09-14,7.86,8.1757,0.3157
test,2016-09-15,7.436,7.963,0.527
test,2016-09-16,7.298,7.9901,0.6921
test,2016-09-17,7.268,7.9185,0.6505
test,2016-09-18,7.268,7.8204,0.5524
test,2016-09-19,7.172,7.6729,0.5009
test,2016-09-20,7.14,7.5989,0.4589
test,2016-09-21,7.392,7.6066,0.2146
test,2016-09-22,7.374,7.6293,0.2553
test,2016-09-23,7.282,7.5559,0.2739
test,2016-09-24,7.114,7.428,0.314
test,2016-09-25,7.106,7.3253,0.2193
test,2016-09-26,7.026,7.2557,0.2297
test,2016-09-27,7.342,7.2166,-0.1254
test,2016-09-28,7.938,7.3621,-0.5759
test,2016-09-29,7.452,7.6649,0.2129
test,2016-09-30,7.136,7.4549,0.3189
test,2016-10-01,7.166,7.37,0.204
test,2016-10-02,7.37,7.3726,0.0026
test,2016-10-03,7.452,7.4485,-0.0035
test,2016-10-04,7.282,7.5011,0.2191
test,2016-10-05,7.862,7.4086,-0.4534
test,2016-10-06,7.6,7.6988,0.0988
test,2016-10-07,7.61,7.5221,-0.0879
test,2016-10-08,8.382,7.5233,-0.8587
test,2016-10-09,8.154,8.065,-0.089
test,2016-10-10,8.046,7.9361,-0.1099
test,2016-10-11,7.874,8.0778,0.2038
test,2016-10-12,8.204,8.4417,0.2377
test,2016-10-13,8.078,8.4964,0.4184
test,2016-10-14,7.734,8.0031,0.2691
test,2016-10-15,7.432,7.8449,0.4129
test,2016-10-16,7.246,7.6186,0.3726
test,2016-10-17,7.168,7.4506,0.2826
test,2016-10-18,7.126,7.3288,0.2028
test,2016-10-19,7.104,7.2315,0.1275
test,2016-10-20,7.07,7.1866,0.1166
test,2016-10-21,7.034,7.1424,0.1084
test,2016-10-22,7.024,7.0954,0.0714
test,2016-10-23,7.006,7.0722,0.0662
test,2016-10-24,7.0,7.0436,0.0436
test,2016-10-25,6.994,7.0296,0.0356
test,2016-10-26,6.986,7.0534,0.0674
test,2016-10-27,6.992,7.1113,0.1193
test,2016-10-28,7.15,7.2391,0.0891
test,2016-10-29,7.438,7.2289,-0.2091
test,2016-10-30,7.73,7.3222,-0.4078
test,2016-10-31,7.144,7.3953,0.2513
test,2016-11-01,7.044,7.2482,0.2042
test,2016-11-02,7.008,7.1875,0.1795
test,2016-11-03,6.986,7.1389,0.1529
test,2016-11-04,7.286,7.0785,-0.2075
test,2016-11-05,7.792,7.5732,-0.2188
test,2016-11-06,9.604,8.7395,-0.8645
test,2016-11-07,11.39,9.9727,-1.4173
test,2016-11-08,9.446,9.6875,0.2415
test,2016-11-09,8.024,8.6779,0.6539
test,2016-11-10,7.536,8.3585,0.8225
test,2016-11-11,7.36,8.1635,0.8035
test,2016-11-12,7.26,7.8881,0.6281
test,2016-11-13,7.182,7.6073,0.4253
test,2016-11-14,7.18,7.5033,0.3233
test,2016-11-15,7.138,7.5674,0.4294
test,2016-11-16,7.122,7.4823,0.3603
test,2016-11-17,7.096,7.3414,0.2454
test,2016-11-18,7.066,7.2264,0.1604
test,2016-11-19,7.054,7.1273,0.0733
test,2016-11-20,7.06,7.0604,0.0004
test,2016-11-21,7.01,7.1116,0.1016
test,2016-11-22,7.04,7.3084,0.2684
test,2016-11-23,7.02,7.2929,0.2729
test,2016-11-24,7.032,7.2049,0.1729
test,2016-11-25,7.01,7.1302,0.1202
test,2016-11-26,7.01,7.0775,0.0675
test,2016-11-27,6.988,7.0417,0.0537
test,2016-11-28,6.984,7.0198,0.0358
test,2016-11-29,6.98,7.0212,0.0412
test,2016-11-30,6.984,7.0161,0.0321
test,2016-12-01,6.978,6.9876,0.0096
test,2016-12-02,6.966,6.9471,-0.0189
test,2016-12-03,6.956,6.9205,-0.0355
test,2016-12-04,6.946,6.8973,-0.0487
test,2016-12-05,6.936,6.8673,-0.0687
test,2016-12-06,6.936,6.8455,-0.0905
test,2016-12-07,6.93,6.8494,-0.0806
test,2016-12-08,6.924,6.8686,-0.0554
test,2016-12-09,6.92,6.8879,-0.0321
test,2016-12-10,6.92,6.899,-0.021
test,2016-12-11,6.918,6.9068,-0.0112
test,2016-12-12,6.91,6.9132,0.0032
test,2016-12-13,6.932,6.9081,-0.0239
test,2016-12-14,6.934,6.9109,-0.0231
test,2016-12-15,6.928,6.9228,-0.0052
test,2016-12-16,6.92,6.9313,0.0113
test,2016-12-17,6.92,6.9402,0.0202
test,2016-12-18,6.912,6.939,0.027
test,2016-12-19,6.91,6.9352,0.0252
test,2016-12-20,6.916,6.9514,0.0354
test,2016-12-21,6.92,7.0045,0.0845
test,2016-12-22,6.91,7.0034,0.0934
test,2016-12-23,6.908,6.9696,0.0616
test,2016-12-24,6.898,6.9693,0.0713
test,2016-12-25,6.9,6.994,0.094
test,2016-12-26,6.886,6.9751,0.0891
test,2016-12-27,6.86,6.9611,0.1011
test,2016-12-28,6.844,6.9247,0.0807
test,2016-12-29,6.838,6.8954,0.0574
test,2016-12-30,6.82,6.8865,0.0665
test,2016-12-31,6.826,6.892,0.066
test,2017-01-01,6.84,6.8876,0.0476
test,2017-01-02,6.84,6.8587,0.0187
test,2017-01-03,6.84,6.8486,0.0086
test,2017-01-04,6.832,6.8464,0.0144
test,2017-01-05,6.83,6.8484,0.0184
test,2017-01-06,6.83,6.8552,0.0252
test,2017-01-07,6.828,6.8593,0.0313
test,2017-01-08,6.82,6.8619,0.0419
test,2017-01-09,6.81,6.8653,0.0553
test,2017-01-10,6.814,6.8645,0.0505
test,2017-01-11,6.804,6.8714,0.0674
test,2017-01-12,6.794,6.8707,0.0767
test,2017-01-13,6.79,6.8721,0.0821
test,2017-01-14,6.788,6.8843,0.0963
test,2017-01-15,6.794,6.8982,0.1042
test,2017-01-16,6.794,6.9037,0.1097
test,2017-01-17,6.782,6.9051,0.1231
test,2017-01-18,6.786,6.9048,0.1188
test,2017-01-19,6.772,6.907,0.135
test,2017-01-20,6.78,6.8944,0.1144
test,2017-01-21,6.78,6.8836,0.1036
test,2017-01-22,6.78,6.8822,0.1022
test,2017-01-23,6.776,6.8772,0.1012
test,2017-01-24,6.766,6.8743,0.1083
test,2017-01-25,6.778,6.87,0.092
test,2017-01-26,6.768,6.864,0.096
test,2017-01-27,6.768,6.8533,0.0853
test,2017-01-28,6.76,6.8601,0.1001
test,2017-01-29,6.76,6.8738,0.1138
test,2017-01-30,6.748,6.8505,0.1025
test,2017-01-31,6.73,6.8309,0.1009
test,2017-02-01,6.74,6.8192,0.0792
test,2017-02-02,6.762,6.7973,0.0353
test,2017-02-03,6.75,6.7984,0.0484
test,2017-02-04,6.734,6.7965,0.0625
test,2017-02-05,6.72,6.7906,0.0706
test,2017-02-06,6.72,6.7762,0.0562
test,2017-02-07,6.712,6.764,0.052
test,2017-02-08,6.716,6.7637,0.0477
test,2017-02-09,6.74,6.7597,0.0197
test,2017-02-10,6.752,6.756,0.004
test,2017-02-11,6.748,6.7614,0.0134
test,2017-02-12,6.7,6.7695,0.0695
test,2017-02-13,6.692,6.7656,0.0736
test,2017-02-14,6.682,6.7631,0.0811
test,2017-02-15,6.68,6.752,0.072
test,2017-02-16,6.68,6.742,0.062
test,2017-02-17,6.69,6.7249,0.0349
test,2017-02-18,6.704,6.723,0.019
test,2017-02-19,6.704,6.7262,0.0222
test,2017-02-20,6.702,6.7292,0.0272
test,2017-02-21,6.706,6.7933,0.0873
test,2017-02-22,6.702,6.82,0.118
test,2017-02-23,6.71,6.8227,0.1127
test,2017-02-24,6.816,6.8876,0.0716
test,2017-02-25,6.732,6.8343,0.1023
test,2017-02-26,6.69,6.7749,0.0849
test,2017-02-27,6.69,6.7432,0.0532
test,2017-02-28,6.67,6.7389,0.0689
test,2017-03-01,6.686,6.7259,0.0399
test,2017-03-02,6.684,6.6953,0.0113
test,2017-03-03,6.692,6.6912,-0.0008
test,2017-03-04,6.706,6.7037,-0.0023
test,2017-03-05,6.696,6.7107,0.0147
test,2017-03-06,7.666,6.7721,-0.8939
test,2017-03-07,7.496,7.4507,-0.0453
test,2017-03-08,6.868,7.2475,0.3795
test,2017-03-09,7.84,7.0359,-0.8041
test,2017-03-10,6.966,7.5303,0.5643
test,2017-03-11,7.912,7.2784,-0.6336
test,2017-03-12,9.112,8.2942,-0.8178
test,2017-03-13,7.414,8.3294,0.9154
test,2017-03-14,7.004,7.4775,0.4735
test,2017-03-15,6.874,7.3901,0.5161
test,2017-03-16,6.82,7.2712,0.4512
test,2017-03-17,6.774,7.0745,0.3005
test,2017-03-18,6.756,6.9205,0.1645
test,2017-03-19,7.128,6.8733,-0.2547
test,2017-03-20,6.87,7.1079,0.2379
test,2017-03-21,6.834,7.0831,0.2491
test,2017-03-22,6.8,7.0099,0.2099
test,2017-03-23,6.76,6.9181,0.1581
test,2017-03-24,6.74,6.8457,0.1057
test,2017-03-25,6.726,6.7937,0.0677
test,2017-03-26,6.776,6.8061,0.0301
test,2017-03-27,6.792,6.9106,0.1186
test,2017-03-28,6.752,6.8654,0.1134
test,2017-03-29,6.798,6.8382,0.0402
test,2017-03-30,6.862,6.9449,0.0829
test,2017-03-31,6.792,6.9531,0.1611
test,2017-04-01,6.76,6.8733,0.1133
test,2017-04-02,6.696,6.8291,0.1331
test,2017-04-03,6.768,6.8285,0.0605
test,2017-04-04,7.706,6.9379,-0.7681
test,2017-04-05,7.278,7.4338,0.1558
test,2017-04-06,7.284,7.1527,-0.1313
test,2017-04-07,6.952,7.1616,0.2096
test,2017-04-08,6.858,6.9996,0.1416
test,2017-04-09,6.812,6.9057,0.0937
test,2017-04-10,6.794,6.8491,0.0551
test,2017-04-11,6.78,6.7974,0.0174
test,2017-04-12,6.756,6.8335,0.0775
test,2017-04-13,6.73,6.806,0.076
test,2017-04-14,6.714,6.7714,0.0574
test,2017-04-15,6.684,6.7453,0.0613
test,2017-04-16,6.698,6.7351,0.0371
test,2017-04-17,6.766,6.7181,-0.0479
test,2017-04-18,6.71,6.7563,0.0463
test,2017-04-19,6.718,6.7546,0.0366
test,2017-04-20,9.074,7.1066,-1.9674
test,2017-04-21,7.78,8.5143,0.7343
test,2017-04-22,7.42,7.8964,0.4764
test,2017-04-23,8.902,7.66,-1.242
test,2017-04-24,9.06,9.2356,0.1756
test,2017-04-25,9.714,8.8291,-0.8849
test,2017-04-26,10.03,8.6081,-1.4219
test,2017-04-27,8.156,8.7716,0.6156
test,2017-04-28,7.32,8.2141,0.8941
test,2017-04-29,7.14,7.851,0.711
test,2017-04-30,7.068,7.5937,0.5257
test,2017-05-01,7.022,7.3509,0.3289
test,2017-05-02,7.192,7.2056,0.0136
test,2017-05-03,7.044,7.2709,0.2269
test,2017-05-04,6.93,7.3117,0.3817
test,2017-05-05,6.898,7.2114,0.3134
test,2017-05-06,6.826,7.1095,0.2835
test,2017-05-07,6.822,6.9913,0.1693
test,2017-05-08,6.822,6.9804,0.1584
test,2017-05-09,6.796,7.0204,0.2244
test,2017-05-10,6.998,7.0617,0.0637
test,2017-05-11,6.868,7.2106,0.3426
test,2017-05-12,6.798,7.1085,0.3105
test,2017-05-13,6.784,7.0055,0.2215
test,2017-05-14,6.952,6.9433,-0.0087
test,2017-05-15,6.924,6.9704,0.0464
test,2017-05-16,7.95,6.9518,-0.9982
test,2017-05-17,7.602,8.2983,0.6963
test,2017-05-18,7.588,7.741,0.153
test,2017-05-19,7.15,7.5581,0.4081
test,2017-05-20,7.014,7.3251,0.3111
test,2017-05-21,6.936,7.2111,0.2751
test,2017-05-22,6.874,7.0871,0.2131
test,2017-05-23,6.844,6.9762,0.1322
test,2017-05-24,6.842,6.9259,0.0839
test,2017-05-25,6.814,6.9164,0.1024
test,2017-05-26,6.796,6.9235,0.1275
test,2017-05-27,6.79,6.9402,0.1502
test,2017-05-28,6.784,6.9248,0.1408
test,2017-05-29,6.842,6.9203,0.0783
test,2017-05-30,6.842,7.1641,0.3221
test,2017-05-31,7.774,8.177,0.403
test,2017-06-01,7.626,8.1123,0.4863
test,2017-06-02,9.822,8.0598,-1.7622
test,2017-06-03,8.354,9.6334,1.2794
test,2017-06-04,8.762,8.2424,-0.5196
test,2017-06-05,10.064,8.5549,-1.5091
test,2017-06-06,7.968,8.9819,1.0139
test,2017-06-07,7.32,7.871,0.551
test,2017-06-08,7.246,7.6352,0.3892
test,2017-06-09,9.796,7.4688,-2.3272
test,2017-06-10,9.146,8.7698,-0.3762
test,2017-06-11,8.02,8.5688,0.5488
test,2017-06-12,8.248,8.3004,0.0524
test,2017-06-13,8.852,8.9915,0.1395
test,2017-06-14,8.242,8.9757,0.7337
test,2017-06-15,7.506,8.2111,0.7051
test,2017-06-16,7.53,7.9129,0.3829
test,2017-06-17,7.752,8.4536,0.7016
test,2017-06-18,8.178,8.328,0.15
test,2017-06-19,8.032,8.2535,0.2215
test,2017-06-20,9.862,8.6163,-1.2457
test,2017-06-21,8.776,9.7424,0.9664
test,2017-06-22,9.428,8.4301,-0.9979
test,2017-06-23,8.536,8.5652,0.0292
test,2017-06-24,7.788,8.227,0.439
test,2017-06-25,7.454,7.8925,0.4385
test,2017-06-26,7.362,7.6521,0.2901
test,2017-06-27,7.17,7.4392,0.2692
test,2017-06-28,7.094,7.3616,0.2676
test,2017-06-29,7.016,7.2863,0.2703
test,2017-06-30,7.124,7.2655,0.1415
test,2017-07-01,7.08,7.3145,0.2345
test,2017-07-02,7.326,7.4113,0.0853
test,2017-07-03,8.028,7.8625,-0.1655
test,2017-07-04,10.898,8.6287,-2.2693
test,2017-07-05,10.064,10.486,0.422
test,2017-07-06,8.852,9.8844,1.0324
test,2017-07-07,7.912,8.6053,0.6933
test,2017-07-08,7.496,8.0773,0.5813
test,2017-07-09,7.312,7.8171,0.5051
test,2017-07-10,7.538,7.5795,0.0415
test,2017-07-11,8.354,7.6365,-0.7175
test,2017-07-12,7.496,8.4398,0.9438
test,2017-07-13,8.112,7.8577,-0.2543
test,2017-07-14,7.876,8.2099,0.3339
test,2017-07-15,7.53,7.7907,0.2607
test,2017-07-16,7.384,7.5743,0.1903
test,2017-07-17,7.406,7.4447,0.0387
test,2017-07-18,7.47,7.4049,-0.0651
test,2017-07-19,8.114,7.6519,-0.4621
test,2017-07-20,10.284,8.6052,-1.6788
test,2017-07-21,13.222,10.4551,-2.7669
test,2017-07-22,10.764,11.4163,0.6523
test,2017-07-23,8.99,9.7948,0.8048
test,2017-07-24,9.098,9.2442,0.1462
test,2017-07-25,9.964,9.6298,-0.3342
test,2017-07-26,8.996,10.0501,1.0541
test,2017-07-27,8.802,8.8965,0.0945
test,2017-07-28,8.998,8.6755,-0.3225
test,2017-07-29,8.32,8.6603,0.3403
test,2017-07-30,8.182,8.3466,0.1646
test,2017-07-31,8.066,8.1179,0.0519
test,2017-08-01,7.654,8.0216,0.3676
test,2017-08-02,9.534,7.8434,-1.6906
test,2017-08-03,8.436,8.97,0.534
test,2017-08-04,7.834,8.3044,0.4704
test,2017-08-05,7.514,8.2319,0.7179
test,2017-08-06,7.454,8.0793,0.6253
test,2017-08-07,7.414,8.0106,0.5966
test,2017-08-08,7.502,7.8459,0.3439
test,2017-08-09,7.446,7.7644,0.3184
test,2017-08-10,7.414,7.7591,0.3451
test,2017-08-11,8.106,7.8765,-0.2295
test,2017-08-12,10.044,8.7169,-1.3271
test,2017-08-13,10.496,9.9897,-0.5063
test,2017-08-14,8.78,9.8706,1.0906
test,2017-08-15,8.41,8.4618,0.0518
test,2017-08-16,8.896,8.3131,-0.5829
test,2017-08-17,8.478,8.6378,0.1598
test,2017-08-18,7.774,8.0744,0.3004
test,2017-08-19,7.54,7.7632,0.2232
test,2017-08-20,8.018,7.7293,-0.2887
test,2017-08-21,7.544,7.8529,0.3089
test,2017-08-22,11.578,7.731,-3.847
test,2017-08-23,9.214,9.9487,0.7347
test,2017-08-24,8.39,8.7667,0.3767
test,2017-08-25,8.578,8.6265,0.0485
test,2017-08-26,8.14,8.5869,0.4469
test,2017-08-27,7.86,8.5792,0.7192
test,2017-08-28,7.928,8.1782,0.2502
test,2017-08-29,7.67,8.0462,0.3762
test,2017-08-30,7.408,7.9988,0.5908
test,2017-08-31,8.372,8.1372,-0.2348
test,2017-09-01,10.266,8.8743,-1.3917
test,2017-09-02,9.792,10.074,0.282
test,2017-09-03,8.536,9.3499,0.8139
test,2017-09-04,9.136,8.5107,-0.6253
test,2017-09-05,8.83,8.5574,-0.2726
test,2017-09-06,8.266,8.5821,0.3161
test,2017-09-07,7.714,8.3034,0.5894
test,2017-09-08,8.698,8.0676,-0.6304
test,2017-09-09,7.96,8.4867,0.5267
test,2017-09-10,7.66,8.2037,0.5437
test,2017-09-11,8.202,8.0585,-0.1435
test,2017-09-12,8.574,9.2291,0.6551
test,2017-09-13,8.93,8.8111,-0.1189
test,2017-09-14,7.96,8.6365,0.6765
test,2017-09-15,7.628,8.1537,0.5257
test,2017-09-16,7.474,8.0602,0.5862
test,2017-09-17,9.476,8.0113,-1.4647
test,2017-09-18,9.174,8.9828,-0.1912
test,2017-09-19,9.692,8.7337,-0.9583
test,2017-09-20,8.474,9.443,0.969
test,2017-09-21,7.866,8.553,0.687
test,2017-09-22,7.698,8.2478,0.5498
test,2017-09-23,7.488,8.0615,0.5735
test,2017-09-24,7.412,7.8148,0.4028
test,2017-09-25,7.508,7.6918,0.1838
test,2017-09-26,7.462,7.6736,0.2116
test,2017-09-27,7.452,7.693,0.241
test,2017-09-28,8.324,7.7872,-0.5368
test,2017-09-29,9.308,8.5645,-0.7435
test,2017-09-30,9.64,8.9172,-0.7228
test,2017-10-01,9.05,8.8797,-0.1703
test,2017-10-02,8.412,8.604,0.192
test,2017-10-03,7.716,8.4036,0.6876
test,2017-10-04,7.934,8.2118,0.2778
test,2017-10-05,7.918,8.0755,0.1575
test,2017-10-06,7.494,7.9954,0.5014
test,2017-10-07,7.448,7.839,0.391
test,2017-10-08,7.344,7.7879,0.4439
test,2017-10-09,7.354,7.7794,0.4254
test,2017-10-10,7.84,7.6561,-0.1839
test,2017-10-11,7.39,7.6285,0.2385
test,2017-10-12,7.256,7.5145,0.2585
test,2017-10-13,7.224,7.4528,0.2288
test,2017-10-14,7.2,7.4697,0.2697
test,2017-10-15,7.176,7.4478,0.2718
test,2017-10-16,7.156,7.4032,0.2472
test,2017-10-17,7.146,7.3411,0.1951
test,2017-10-18,10.404,7.3507,-3.0533
test,2017-10-19,9.164,9.0836,-0.0804
test,2017-10-20,8.984,8.8044,-0.1796
test,2017-10-21,9.872,9.2278,-0.6442
test,2017-10-22,12.972,9.9559,-3.0161
test,2017-10-23,9.844,10.0851,0.2411
test,2017-10-24,8.662,8.7478,0.0858
test,2017-10-25,8.162,8.6035,0.4415
test,2017-10-26,7.872,8.5287,0.6567
test,2017-10-27,7.678,8.301,0.623
test,2017-10-28,7.556,8.0443,0.4883
test,2017-10-29,7.49,7.893,0.403
test,2017-10-30,9.324,7.9816,-1.3424
test,2017-10-31,9.072,9.0109,-0.0611
test,2017-11-01,7.886,8.5103,0.6243
test,2017-11-02,7.666,8.2754,0.6094
test,2017-11-03,7.57,8.2345,0.6645
test,2017-11-04,7.484,8.0664,0.5824
test,2017-11-05,7.442,7.8758,0.4338
test,2017-11-06,7.392,7.9245,0.5325
test,2017-11-07,7.372,7.8567,0.4847
test,2017-11-08,7.334,7.7281,0.3941
test,2017-11-09,7.314,7.5725,0.2585
test,2017-11-10,7.302,7.4556,0.1536
test,2017-11-11,7.284,7.3687,0.0847
test,2017-11-12,7.27,7.2912,0.0212
test,2017-11-13,7.258,7.2282,-0.0298
test,2017-11-14,7.238,7.2379,-0.0001
test,2017-11-15,7.242,7.2545,0.0125
test,2017-11-16,7.268,7.27,0.002
test,2017-11-17,7.256,7.3478,0.0918
test,2017-11-18,7.24,7.3715,0.1315
test,2017-11-19,7.206,7.3203,0.1143
test,2017-11-20,7.192,7.2557,0.0637
test,2017-11-21,7.178,7.2081,0.0301
test,2017-11-22,7.166,7.1647,-0.0013
test,2017-11-23,7.16,7.1454,-0.0146
test,2017-11-24,7.158,7.1362,-0.0218
test,2017-11-25,7.15,7.1315,-0.0185
test,2017-11-26,7.144,7.1218,-0.0222
test,2017-11-27,7.134,7.113,-0.021
test,2017-11-28,7.12,7.107,-0.013
test,2017-11-29,7.12,7.1033,-0.0167
test,2017-11-30,7.116,7.1092,-0.0068
test,2017-12-01,7.108,7.1054,-0.0026
test,2017-12-02,7.082,7.1009,0.0189
test,2017-12-03,7.004,7.103,0.099
test,2017-12-04,7.024,7.0792,0.0552
test,2017-12-05,7.048,7.0569,0.0089
test,2017-12-06,7.06,7.057,-0.003
test,2017-12-07,7.072,7.0683,-0.0037
test,2017-12-08,7.09,7.0816,-0.0084
test,2017-12-09,7.142,7.5266,0.3846
test,2017-12-10,7.422,7.7199,0.2979
test,2017-12-11,9.322,7.7021,-1.6199
test,2017-12-12,7.914,8.6202,0.7062
test,2017-12-13,7.338,7.8146,0.4766
test,2017-12-14,7.244,7.5489,0.3049
test,2017-12-15,7.184,7.4954,0.3114
test,2017-12-16,7.156,7.2967,0.1407
test,2017-12-17,7.128,7.1654,0.0374
test,2017-12-18,7.126,7.1283,0.0023
test,2017-12-19,7.104,7.2438,0.1398
test,2017-12-20,7.082,7.2179,0.1359
test,2017-12-21,7.106,7.1835,0.0775
test,2017-12-22,7.058,7.1646,0.1066
test,2017-12-23,7.058,7.1382,0.0802
test,2017-12-24,7.052,7.1011,0.0491
test,2017-12-25,7.056,7.0787,0.0227
test,2017-12-26,7.024,7.1469,0.1229
test,2017-12-27,6.998,7.1495,0.1515
test,2017-12-28,6.964,7.1134,0.1494
test,2017-12-29,7.054,7.0886,0.0346
test,2017-12-30,7.032,7.0832,0.0512
test,2017-12-31,6.976,7.0599,0.0839
test,2018-01-01,6.936,7.0277,0.0917
test,2018-01-02,6.936,7.0576,0.1216
test,2018-01-03,7.172,7.1691,-0.0029
test,2018-01-04,6.968,7.1176,0.1496
test,2018-01-05,6.916,7.0304,0.1144
test,2018-01-06,6.898,6.9973,0.0993
test,2018-01-07,6.914,6.9944,0.0804
test,2018-01-08,6.916,6.9894,0.0734
test,2018-01-09,6.922,6.9961,0.0741
test,2018-01-10,6.934,7.0074,0.0734
test,2018-01-11,6.908,7.0514,0.1434
test,2018-01-12,6.904,7.0895,0.1855
test,2018-01-13,6.926,7.1482,0.2222
test,2018-01-14,6.932,7.203,0.271
test,2018-01-15,6.924,7.2164,0.2924
test,2018-01-16,6.948,7.1854,0.2374
test,2018-01-17,6.916,7.1534,0.2374
test,2018-01-18,6.898,7.1014,0.2034
test,2018-01-19,6.872,7.0528,0.1808
test,2018-01-20,6.882,7.0156,0.1336
test,2018-01-21,6.898,6.9981,0.1001
test,2018-01-22,6.874,6.9942,0.1202
test,2018-01-23,6.866,6.989,0.123
test,2018-01-24,6.86,6.9839,0.1239
test,2018-01-25,6.864,6.977,0.113
test,2018-01-26,6.856,6.9671,0.1111
test,2018-01-27,6.848,6.9429,0.0949
test,2018-01-28,6.834,6.934,0.1
test,2018-01-29,6.838,6.9434,0.1054
test,2018-01-30,6.854,6.9559,0.1019
test,2018-01-31,6.84,6.9704,0.1304
test,2018-02-01,6.836,6.987,0.151
test,2018-02-02,6.846,7.0044,0.1584
test,2018-02-03,6.844,7.0053,0.1613
test,2018-02-04,6.838,6.9737,0.1357
test,2018-02-05,6.85,6.939,0.089
test,2018-02-06,6.852,6.919,0.067
test,2018-02-07,6.852,6.9144,0.0624
test,2018-02-08,6.862,6.9148,0.0528
test,2018-02-09,6.844,6.9155,0.0715
test,2018-02-10,6.83,6.9156,0.0856
test,2018-02-11,6.83,6.9041,0.0741
test,2018-02-12,6.812,6.8783,0.0663
test,2018-02-13,6.816,6.8535,0.0375
test,2018-02-14,6.83,6.8282,-0.0018
test,2018-02-15,6.816,6.8268,0.0108
test,2018-02-16,6.78,6.8264,0.0464
test,2018-02-17,6.782,6.8097,0.0277
test,2018-02-18,6.79,6.795,0.005
test,2018-02-19,6.804,6.7943,-0.0097
test,2018-02-20,6.782,6.7913,0.0093
test,2018-02-21,6.78,6.7814,0.0014
test,2018-02-22,6.78,6.7808,0.0008
test,2018-02-23,6.78,6.7859,0.0059
test,2018-02-24,6.77,6.7833,0.0133
test,2018-02-25,6.756,6.7792,0.0232
test,2018-02-26,6.79,6.7661,-0.0239
test,2018-02-27,6.816,6.7646,-0.0514
test,2018-02-28,6.782,6.7821,0.0001
test,2018-03-01,6.764,6.77,0.006
test,2018-03-02,6.766,6.7564,-0.0096
test,2018-03-03,6.79,6.7502,-0.0398
test,2018-03-04,6.774,6.7554,-0.0186
test,2018-03-05,6.76,6.7657,0.0057
test,2018-03-06,6.764,6.7596,-0.0044
test,2018-03-07,6.762,6.7483,-0.0137
test,2018-03-08,6.78,6.7228,-0.0572
test,2018-03-09,6.742,6.7382,-0.0038
test,2018-03-10,6.736,6.7268,-0.0092
test,2018-03-11,6.744,6.7275,-0.0165
test,2018-03-12,6.726,6.7366,0.0106
test,2018-03-13,6.752,6.7268,-0.0252
test,2018-03-14,6.736,6.7701,0.0341
test,2018-03-15,6.746,6.7928,0.0468
test,2018-03-16,6.76,6.7971,0.0371
test,2018-03-17,6.754,6.878,0.124
test,2018-03-18,6.76,6.8707,0.1107
test,2018-03-19,6.75,6.8207,0.0707
test,2018-03-20,6.72,6.7812,0.0612
test,2018-03-21,6.718,6.7623,0.0443
test,2018-03-22,6.714,6.7454,0.0314
test,2018-03-23,6.706,6.74,0.034
test,2018-03-24,6.702,6.75,0.048
test,2018-03-25,6.714,6.7656,0.0516
test,2018-03-26,6.716,6.7717,0.0557
test,2018-03-27,6.732,6.7807,0.0487
test,2018-03-28,6.728,6.8303,0.1023
test,2018-03-29,6.7,6.8221,0.1221
test,2018-03-30,6.712,6.7972,0.0852
test,2018-03-31,6.792,6.8044,0.0124
test,2018-04-01,6.842,6.8136,-0.0284
test,2018-04-02,6.726,6.8194,0.0934
test,2018-04-03,6.724,6.7918,0.0678
test,2018-04-04,6.716,6.8005,0.0845
test,2018-04-05,6.706,6.7905,0.0845
test,2018-04-06,6.71,6.7817,0.0717
test,2018-04-07,6.816,6.8284,0.0124
test,2018-04-08,6.792,6.8785,0.0865
test,2018-04-09,6.746,6.9046,0.1586
test,2018-04-10,6.766,6.8671,0.1011
test,2018-04-11,6.74,6.8803,0.1403
test,2018-04-12,6.724,6.8587,0.1347
test,2018-04-13,6.72,6.8787,0.1587
test,2018-04-14,6.68,6.8631,0.1831
test,2018-04-15,6.688,6.8312,0.1432
test,2018-04-16,6.67,6.869,0.199
test,2018-04-17,6.688,6.8272,0.1392
test,2018-04-18,6.732,6.8968,0.1648
test,2018-04-19,6.858,6.9528,0.0948
test,2018-04-20,6.814,7.0681,0.2541
test,2018-04-21,7.97,7.0583,-0.9117
test,2018-04-22,9.602,7.6158,-1.9862
test,2018-04-23,8.26,8.5756,0.3156
test,2018-04-24,7.724,7.801,0.077
test,2018-04-25,7.566,7.6646,0.0986
test,2018-04-26,7.496,7.5964,0.1004
test,2018-04-27,7.49,7.5147,0.0247
test,2018-04-28,7.466,7.3844,-0.0816
test,2018-04-29,7.462,7.3876,-0.0744
test,2018-04-30,8.348,7.6889,-0.6591
test,2018-05-01,9.258,8.3252,-0.9328
test,2018-05-02,7.526,8.4647,0.9387
test,2018-05-03,7.304,7.6767,0.3727
test,2018-05-04,7.04,7.5494,0.5094
test,2018-05-05,7.214,7.4513,0.2373
test,2018-05-06,6.95,7.3854,0.4354
test,2018-05-07,9.582,7.298,-2.284
test,2018-05-08,9.26,8.8378,-0.4222
test,2018-05-09,9.008,8.7861,-0.2219
test,2018-05-10,9.61,8.4329,-1.1771
test,2018-05-11,9.164,8.7991,-0.3649
test,2018-05-12,8.344,8.7528,0.4088
test,2018-05-13,7.734,8.1496,0.4156
test,2018-05-14,8.362,7.8815,-0.4805
test,2018-05-15,7.794,8.3768,0.5828
test,2018-05-16,8.148,7.9217,-0.2263
test,2018-05-17,8.196,8.1022,-0.0938
test,2018-05-18,8.256,8.627,0.371
test,2018-05-19,8.708,8.3761,-0.3319
test,2018-05-20,9.434,8.5809,-0.8531
test,2018-05-21,9.894,8.7651,-1.1289
test,2018-05-22,8.584,9.337,0.753
test,2018-05-23,8.062,8.3496,0.2876
test,2018-05-24,8.174,8.2064,0.0324
test,2018-05-25,7.912,8.2888,0.3768
test,2018-05-26,7.608,8.0942,0.4862
test,2018-05-27,7.514,7.8645,0.3505
test,2018-05-28,7.442,7.7793,0.3373
test,2018-05-29,7.632,7.7242,0.0922
test,2018-05-30,7.506,7.6174,0.1114
test,2018-05-31,7.994,7.5314,-0.4626
test,2018-06-01,8.548,8.1986,-0.3494
test,2018-06-02,7.664,8.3784,0.7144
test,2018-06-03,7.69,7.8178,0.1278
test,2018-06-04,7.432,7.8248,0.3928
test,2018-06-05,7.536,7.7924,0.2564
test,2018-06-06,7.422,7.7337,0.3117
test,2018-06-07,7.416,7.6237,0.2077
test,2018-06-08,7.328,7.515,0.187
test,2018-06-09,7.312,7.5169,0.2049
test,2018-06-10,7.884,7.7677,-0.1163
test,2018-06-11,8.66,9.0199,0.3599
test,2018-06-12,11.15,9.4139,-1.7361
test,2018-06-13,13.966,10.9177,-3.0483
test,2018-06-14,10.876,11.2053,0.3293
test,2018-06-15,9.462,9.9917,0.5297
test,2018-06-16,8.936,9.3784,0.4424
test,2018-06-17,8.49,8.7937,0.3037
test,2018-06-18,8.5,8.7091,0.2091
test,2018-06-19,8.498,8.411,-0.087
test,2018-06-20,8.466,8.4829,0.0169
test,2018-06-21,8.19,8.4348,0.2448
test,2018-06-22,7.98,8.3068,0.3268
test,2018-06-23,7.816,8.1612,0.3452
test,2018-06-24,8.222,8.2451,0.0231
test,2018-06-25,11.468,9.0584,-2.4096
test,2018-06-26,9.63,10.9967,1.3667
test,2018-06-27,8.73,8.9403,0.2103
test,2018-06-28,8.342,8.6846,0.3426
test,2018-06-29,8.038,8.6173,0.5793
test,2018-06-30,7.868,8.3632,0.4952
test,2018-07-01,7.778,8.104,0.326
test,2018-07-02,8.542,8.0002,-0.5418
test,2018-07-03,10.16,8.6243,-1.5357
test,2018-07-04,10.31,10.4656,0.1556
test,2018-07-05,9.066,10.0061,0.9401
test,2018-07-06,8.388,8.5283,0.1403
test,2018-07-07,7.902,8.208,0.306
test,2018-07-08,7.718,8.0344,0.3164
test,2018-07-09,7.662,7.8146,0.1526
test,2018-07-10,7.61,7.8383,0.2283
test,2018-07-11,7.63,7.7427,0.1127
test,2018-07-12,7.394,7.7109,0.3169
test,2018-07-13,7.202,7.6159,0.4139
test,2018-07-14,8.114,7.5566,-0.5574
test,2018-07-15,7.634,7.8177,0.1837
test,2018-07-16,7.444,7.6567,0.2127
test,2018-07-17,7.598,7.6052,0.0072
test,2018-07-18,7.744,7.8323,0.0883
test,2018-07-19,7.424,7.8826,0.4586
test,2018-07-20,7.178,7.6734,0.4954
test,2018-07-21,7.328,7.5608,0.2328
test,2018-07-22,8.236,7.6375,-0.5985
test,2018-07-23,8.938,8.0754,-0.8626
test,2018-07-24,10.668,8.9,-1.768
test,2018-07-25,9.694,10.1926,0.4986
test,2018-07-26,8.386,9.1927,0.8067
test,2018-07-27,8.214,8.3413,0.1273
test,2018-07-28,10.212,8.1949,-2.0171
test,2018-07-29,9.37,9.7471,0.3771
test,2018-07-30,8.274,8.8447,0.5707
test,2018-07-31,7.956,8.1378,0.1818
test,2018-08-01,8.01,8.0529,0.0429
test,2018-08-02,10.98,8.5664,-2.4136
test,2018-08-03,10.072,10.6839,0.6119
test,2018-08-04,9.246,9.2558,0.0098
test,2018-08-05,8.458,8.8576,0.3996
test,2018-08-06,8.356,8.6153,0.2593
test,2018-08-07,8.064,8.6666,0.6026
test,2018-08-08,7.882,8.3244,0.4424
test,2018-08-09,7.702,8.0603,0.3583
test,2018-08-10,7.634,7.9623,0.3283
test,2018-08-11,7.538,7.8565,0.3185
test,2018-08-12,7.498,7.8782,0.3802
test,2018-08-13,7.678,7.8277,0.1497
test,2018-08-14,7.798,7.8516,0.0536
test,2018-08-15,9.564,7.9055,-1.6585
test,2018-08-16,8.192,9.0081,0.8161
test,2018-08-17,7.614,8.1702,0.5562
test,2018-08-18,8.13,8.0104,-0.1196
test,2018-08-19,7.982,8.2378,0.2558
test,2018-08-20,7.938,8.1078,0.1698
test,2018-08-21,7.98,7.9727,-0.0073
test,2018-08-22,10.104,8.1597,-1.9443
test,2018-08-23,8.892,9.3823,0.4903
test,2018-08-24,8.374,8.7271,0.3531
test,2018-08-25,8.172,8.3629,0.1909
test,2018-08-26,7.938,8.2296,0.2916
test,2018-08-27,7.946,8.0769,0.1309
test,2018-08-28,7.716,8.0156,0.2996
test,2018-08-29,7.574,7.9012,0.3272
test,2018-08-30,7.504,7.9411,0.4371
test,2018-08-31,7.456,7.9012,0.4452
test,2018-09-01,7.412,7.814,0.402
test,2018-09-02,7.546,7.8051,0.2591
test,2018-09-03,7.494,7.8939,0.3999
test,2018-09-04,7.486,7.816,0.33
test,2018-09-05,7.696,7.7504,0.0544
test,2018-09-06,7.498,7.8599,0.3619
test,2018-09-07,7.41,7.7564,0.3464
test,2018-09-08,7.404,7.6441,0.2401
test,2018-09-09,7.39,7.5836,0.1936
test,2018-09-10,7.416,7.5598,0.1438
test,2018-09-11,7.446,7.5983,0.1523
test,2018-09-12,8.02,7.5702,-0.4498
test,2018-09-13,8.298,7.8915,-0.4065
test,2018-09-14,7.904,7.9185,0.0145
test,2018-09-15,7.632,7.7826,0.1506
test,2018-09-16,7.546,7.7225,0.1765
test,2018-09-17,7.524,7.6533,0.1293
test,2018-09-18,7.502,7.5803,0.0783
test,2018-09-19,7.476,7.5609,0.0849
test,2018-09-20,7.902,7.6707,-0.2313
test,2018-09-21,7.916,7.8445,-0.0715
test,2018-09-22,7.51,7.7918,0.2818
test,2018-09-23,7.456,7.6507,0.1947
test,2018-09-24,7.454,7.6102,0.1562
test,2018-09-25,7.468,7.5704,0.1024
test,2018-09-26,7.564,7.542,-0.022
test,2018-09-27,7.476,7.5647,0.0887
test,2018-09-28,7.554,7.5388,-0.0152
test,2018-09-29,7.484,7.554,0.07
test,2018-09-30,7.49,7.5135,0.0235
test,2018-10-01,7.508,7.482,-0.026
test,2018-10-02,7.462,7.4851,0.0231
test,2018-10-03,7.406,7.4562,0.0502
test,2018-10-04,7.378,7.4407,0.0627
test,2018-10-05,7.404,7.4454,0.0414
test,2018-10-06,7.392,7.4535,0.0615
test,2018-10-07,7.388,7.4445,0.0565
test,2018-10-08,7.384,7.4274,0.0434
test,2018-10-09,7.39,7.4161,0.0261
test,2018-10-10,7.446,7.5186,0.0726
test,2018-10-11,7.55,7.8648,0.3148
test,2018-10-12,7.67,8.0671,0.3971
test,2018-10-13,7.882,8.1027,0.2207
test,2018-10-14,7.884,8.4184,0.5344
test,2018-10-15,7.616,7.972,0.356
test,2018-10-16,7.466,7.6899,0.2239
test,2018-10-17,7.424,7.5605,0.1365
test,2018-10-18,7.446,7.4357,-0.0103
test,2018-10-19,7.456,7.3627,-0.0933
test,2018-10-20,7.432,7.3275,-0.1045
test,2018-10-21,7.392,7.3231,-0.0689
test,2018-10-22,7.372,7.3207,-0.0513
test,2018-10-23,7.392,7.3017,-0.0903
test,2018-10-24,7.402,7.2875,-0.1145
test,2018-10-25,7.366,7.2796,-0.0864
test,2018-10-26,7.37,7.2773,-0.0927
test,2018-10-27,7.378,7.2839,-0.0941
test,2018-10-28,7.366,7.3294,-0.0366
test,2018-10-29,7.48,7.5542,0.0742
test,2018-10-30,7.424,7.8081,0.3841
test,2018-10-31,7.412,7.589,0.177
test,2018-11-01,7.444,7.5397,0.0957
test,2018-11-02,7.366,7.4307,0.0647
test,2018-11-03,7.382,7.3503,-0.0317
test,2018-11-04,7.436,7.3261,-0.1099
test,2018-11-05,7.358,7.3195,-0.0385
test,2018-11-06,7.362,7.3083,-0.0537
test,2018-11-07,7.524,7.3076,-0.2164
test,2018-11-08,7.364,7.3159,-0.0481
test,2018-11-09,7.4,7.2758,-0.1242
test,2018-11-10,7.352,7.2608,-0.0912
test,2018-11-11,7.332,7.2611,-0.0709
test,2018-11-12,7.32,7.2458,-0.0742
test,2018-11-13,7.342,7.2418,-0.1002
test,2018-11-14,7.336,7.2477,-0.0883
test,2018-11-15,7.338,7.2698,-0.0682
test,2018-11-16,7.326,7.2768,-0.0492
test,2018-11-17,7.346,7.2804,-0.0656
test,2018-11-18,7.428,7.2899,-0.1381
test,2018-11-19,7.332,7.3236,-0.0084
test,2018-11-20,7.328,7.2904,-0.0376
test,2018-11-21,7.348,7.277,-0.071
test,2018-11-22,7.326,7.2818,-0.0442
test,2018-11-23,7.328,7.2748,-0.0532
test,2018-11-24,7.344,7.279,-0.065
test,2018-11-25,7.374,7.2839,-0.0901
test,2018-11-26,7.334,7.2981,-0.0359
test,2018-11-27,7.35,7.2991,-0.0509
test,2018-11-28,7.312,7.2956,-0.0164
test,2018-11-29,7.318,7.2808,-0.0372
test,2018-11-30,7.324,7.2733,-0.0507
test,2018-12-01,7.342,7.2744,-0.0676
test,2018-12-02,7.352,7.2757,-0.0763
test,2018-12-03,7.312,7.2847,-0.0273
test,2018-12-04,7.296,7.2806,-0.0154
test,2018-12-05,7.34,7.2692,-0.0708
test,2018-12-06,7.326,7.2688,-0.0572
test,2018-12-07,7.328,7.286,-0.042
test,2018-12-08,7.326,7.2931,-0.0329
test,2018-12-09,7.32,7.2849,-0.0351
test,2018-12-10,7.32,7.281,-0.039
test,2018-12-11,7.33,7.2792,-0.0508
test,2018-12-12,7.31,7.2871,-0.0229
test,2018-12-13,7.388,7.2937,-0.0943
test,2018-12-14,7.31,7.3104,0.0004
test,2018-12-15,7.288,7.3029,0.0149
test,2018-12-16,7.33,7.3393,0.0093
test,2018-12-17,7.28,7.4533,0.1733
test,2018-12-18,7.354,7.5475,0.1935
test,2018-12-19,7.332,7.6964,0.3644
test,2018-12-20,7.296,7.4722,0.1762
test,2018-12-21,7.314,7.3447,0.0307
test,2018-12-22,7.302,7.3085,0.0065
test,2018-12-23,7.27,7.2833,0.0133
test,2018-12-24,7.3,7.2592,-0.0408
test,2018-12-25,7.288,7.2541,-0.0339
test,2018-12-26,7.332,7.2598,-0.0722
test,2018-12-27,7.31,7.2757,-0.0343
test,2018-12-28,7.292,7.289,-0.003
test,2018-12-29,7.272,7.2997,0.0277
test,2018-12-30,7.286,7.3146,0.0286
test,2018-12-31,7.258,7.3151,0.0571
test,2019-01-01,7.27,7.3104,0.0404
test,2019-01-02,7.29,7.2951,0.0051
test,2019-01-03,7.266,7.301,0.035
test,2019-01-04,7.274,7.2973,0.0233
test,2019-01-05,7.254,7.2984,0.0444
test,2019-01-06,7.248,7.2884,0.0404
test,2019-01-07,7.248,7.2761,0.0281
test,2019-01-08,7.246,7.2635,0.0175
test,2019-01-09,7.262,7.2602,-0.0018
test,2019-01-10,7.25,7.2667,0.0167
test,2019-01-11,7.238,7.2647,0.0267
test,2019-01-12,7.232,7.2607,0.0287
test,2019-01-13,7.254,7.2522,-0.0018
test,2019-01-14,7.246,7.2478,0.0018
test,2019-01-15,7.246,7.2447,-0.0013
test,2019-01-16,7.222,7.2481,0.0261
test,2019-01-17,7.232,7.2477,0.0157
test,2019-01-18,7.204,7.2467,0.0427
test,2019-01-19,7.226,7.2411,0.0151
test,2019-01-20,7.214,7.237,0.023
test,2019-01-21,7.21,7.2307,0.0207
test,2019-01-22,7.214,7.2225,0.0085
test,2019-01-23,7.2,7.2167,0.0167
test,2019-01-24,7.186,7.2033,0.0173
test,2019-01-25,7.206,7.1912,-0.0148
test,2019-01-26,7.192,7.1838,-0.0082
test,2019-01-27,7.198,7.1752,-0.0228
test,2019-01-28,7.186,7.1776,-0.0084
test,2019-01-29,7.192,7.216,0.024
test,2019-01-30,7.182,7.204,0.022
test,2019-01-31,7.1733,7.1886,0.0152
test,2019-02-01,7.15,7.1636,0.0136
test,2019-02-02,7.146,7.1271,-0.0189
test,2019-02-03,7.162,7.1166,-0.0454
test,2019-02-04,7.172,7.1204,-0.0516
test,2019-02-05,7.146,7.1234,-0.0226
test,2019-02-06,7.148,7.112,-0.036
test,2019-02-07,7.164,7.1075,-0.0565
test,2019-02-08,7.16,7.1104,-0.0496
test,2019-02-09,7.268,7.1047,-0.1633
test,2019-02-10,7.228,7.1301,-0.0979
test,2019-02-11,7.154,7.1403,-0.0137
test,2019-02-12,7.146,7.1331,-0.0129
test,2019-02-13,7.2,7.1299,-0.0701
test,2019-02-14,6.862,7.1237,0.2617
test,2019-02-15,6.914,7.0532,0.1392
test,2019-02-16,6.872,6.9978,0.1258
test,2019-02-17,6.9,6.9392,0.0392
test,2019-02-18,6.924,7.0148,0.0908
test,2019-02-19,6.806,7.014,0.208
test,2019-02-20,6.628,6.9501,0.3221
test,2019-02-21,6.568,6.8851,0.3171
test,2019-02-22,6.548,6.8176,0.2696
test,2019-02-23,6.57,6.7509,0.1809
test,2019-02-24,6.548,6.7013,0.1533
test,2019-02-25,6.594,6.6739,0.0799
test,2019-02-26,6.762,6.7288,-0.0332
test,2019-02-27,6.972,6.8601,-0.1119
test,2019-02-28,6.814,6.9254,0.1114
test,2019-03-01,6.74,6.9088,0.1688
test,2019-03-02,6.654,6.8193,0.1653
test,2019-03-03,6.6,6.7554,0.1554
test,2019-03-04,6.568,6.6946,0.1266
test,2019-03-05,6.62,6.6956,0.0756
test,2019-03-06,6.784,7.1544,0.3704
test,2019-03-07,6.708,7.0182,0.3102
test,2019-03-08,6.624,6.8719,0.2479
test,2019-03-09,6.592,6.7889,0.1969
test,2019-03-10,6.568,6.7186,0.1506
test,2019-03-11,6.56,6.6823,0.1223
test,2019-03-12,6.546,6.6797,0.1337
test,2019-03-13,6.542,6.6589,0.1169
test,2019-03-14,6.534,6.6582,0.1242
test,2019-03-15,6.538,6.6419,0.1039
test,2019-03-16,6.532,6.6393,0.1073
test,2019-03-17,6.524,6.6072,0.0832
test,2019-03-18,6.566,6.6081,0.0421
test,2019-03-19,6.59,6.6222,0.0322
test,2019-03-20,6.564,6.6555,0.0915
test,2019-03-21,6.54,6.643,0.103
test,2019-03-22,6.528,6.6305,0.1025
test,2019-03-23,6.522,6.6636,0.1416
test,2019-03-24,6.5,6.6584,0.1584
test,2019-03-25,6.486,6.6177,0.1317
test,2019-03-26,6.486,6.5866,0.1006
test,2019-03-27,6.47,6.5714,0.1014
test,2019-03-28,6.466,6.5588,0.0928
test,2019-03-29,6.46,6.5678,0.1078
test,2019-03-30,6.464,6.5714,0.1074
test,2019-03-31,6.48,6.5957,0.1157
test,2019-04-01,6.626,6.6292,0.0032
test,2019-04-02,6.814,6.743,-0.071
test,2019-04-03,8.628,7.3506,-1.2774
test,2019-04-04,7.006,7.9097,0.9037
test,2019-04-05,6.752,7.1369,0.3849
test,2019-04-06,6.694,7.0841,0.3901
test,2019-04-07,6.696,7.0709,0.3749
test,2019-04-08,6.77,6.9104,0.1404
test,2019-04-09,7.47,6.9564,-0.5136
test,2019-04-10,8.478,7.5017,-0.9763
test,2019-04-11,7.19,8.6398,1.4498
test,2019-04-12,6.884,7.3842,0.5002
test,2019-04-13,6.712,7.1609,0.4489
test,2019-04-14,6.648,7.0832,0.4352
test,2019-04-15,6.614,6.9162,0.3022
test,2019-04-16,6.58,6.8136,0.2336
test,2019-04-17,6.568,6.7754,0.2074
test,2019-04-18,6.538,6.8313,0.2933
test,2019-04-19,6.52,6.7587,0.2387
test,2019-04-20,6.496,6.6951,0.1991
test,2019-04-21,6.488,6.6571,0.1691
test,2019-04-22,6.486,6.6173,0.1313
test,2019-04-23,6.51,6.6008,0.0908
test,2019-04-24,6.5,6.606,0.106
test,2019-04-25,6.472,6.6305,0.1585
test,2019-04-26,6.47,6.6355,0.1655
test,2019-04-27,6.458,6.6262,0.1682
test,2019-04-28,6.472,6.62,0.148
test,2019-04-29,6.482,6.6357,0.1537
test,2019-04-30,6.48,6.6407,0.1607
test,2019-05-01,6.476,6.6363,0.1603
test,2019-05-02,6.474,6.6501,0.1761
test,2019-05-03,6.478,6.6696,0.1916
test,2019-05-04,6.682,6.7892,0.1072
test,2019-05-05,7.298,6.9728,-0.3252
test,2019-05-06,6.718,7.0597,0.3417
test,2019-05-07,6.628,6.8557,0.2277
test,2019-05-08,6.592,6.8356,0.2436
test,2019-05-09,6.566,6.8196,0.2536
test,2019-05-10,6.552,6.7922,0.2402
test,2019-05-11,6.534,6.7911,0.2571
test,2019-05-12,6.526,6.793,0.267
test,2019-05-13,6.518,6.8161,0.2981
test,2019-05-14,6.528,6.8098,0.2818
test,2019-05-15,6.534,7.0046,0.4706
test,2019-05-16,6.58,6.9019,0.3219
test,2019-05-17,7.1,6.8942,-0.2058
test,2019-05-18,6.942,7.113,0.171
test,2019-05-19,6.882,7.0382,0.1562
test,2019-05-20,6.814,7.0414,0.2274
test,2019-05-21,6.716,6.9859,0.2699
test,2019-05-22,6.682,6.9219,0.2399
test,2019-05-23,6.88,6.8894,0.0094
test,2019-05-24,6.83,7.0395,0.2095
test,2019-05-25,8.644,7.2224,-1.4216
test,2019-05-26,7.424,8.2243,0.8003
test,2019-05-27,6.826,7.4451,0.6191
test,2019-05-28,6.724,7.1422,0.4182
test,2019-05-29,6.648,7.0867,0.4387
test,2019-05-30,6.604,6.949,0.345
test,2019-05-31,6.59,6.8615,0.2715
test,2019-06-01,6.68,6.8392,0.1592
test,2019-06-02,6.804,7.0094,0.2054
test,2019-06-03,6.742,7.074,0.332
test,2019-06-04,6.776,7.0421,0.2661
test,2019-06-05,6.916,7.3194,0.4034
test,2019-06-06,6.718,7.4202,0.7022
test,2019-06-07,6.648,7.166,0.518
test,2019-06-08,6.698,7.0652,0.3672
test,2019-06-09,6.628,7.1129,0.4849
test,2019-06-10,6.622,7.0779,0.4559
test,2019-06-11,6.586,6.9736,0.3876
test,2019-06-12,6.572,6.8701,0.2981
test,2019-06-13,6.822,6.8268,0.0048
test,2019-06-14,7.014,6.9521,-0.0619
test,2019-06-15,7.082,7.2972,0.2152
test,2019-06-16,7.28,7.3719,0.0919
test,2019-06-17,6.81,7.3012,0.4912
test,2019-06-18,6.772,7.025,0.253
test,2019-06-19,6.63,7.0058,0.3758
test,2019-06-20,6.582,6.9812,0.3992
test,2019-06-21,6.582,6.9929,0.4109
test,2019-06-22,6.55,7.0296,0.4796
test,2019-06-23,6.54,6.8936,0.3536
test,2019-06-24,6.544,6.826,0.282
test,2019-06-25,6.572,6.823,0.251
test,2019-06-26,6.558,6.8344,0.2764
test,2019-06-27,6.544,6.8548,0.3108
test,2019-06-28,6.636,6.93,0.294
test,2019-06-29,6.812,6.9651,0.1531
test,2019-06-30,6.752,6.9882,0.2362
test,2019-07-01,6.612,6.9544,0.3424
test,2019-07-02,6.6,6.9717,0.3717
test,2019-07-03,6.544,6.954,0.41
test,2019-07-04,6.556,6.9102,0.3542
test,2019-07-05,6.552,6.9452,0.3932
test,2019-07-06,6.552,6.9415,0.3895
test,2019-07-07,6.728,7.2131,0.4851
test,2019-07-08,7.262,7.5627,0.3007
test,2019-07-09,10.75,7.7963,-2.9537
test,2019-07-10,11.404,9.7251,-1.6789
test,2019-07-11,9.52,10.0593,0.5393
test,2019-07-12,10.21,9.2606,-0.9494
test,2019-07-13,9.052,9.5331,0.4811
test,2019-07-14,10.304,8.9489,-1.3551
test,2019-07-15,9.968,9.8271,-0.1409
test,2019-07-16,9.38,9.0714,-0.3086
test,2019-07-17,8.118,8.8087,0.6907
test,2019-07-18,7.864,8.2564,0.3924
test,2019-07-19,8.572,8.0795,-0.4925
test,2019-07-20,7.908,8.3261,0.4181
test,2019-07-21,7.088,7.8107,0.7227
test,2019-07-22,6.804,7.5695,0.7655
test,2019-07-23,6.712,7.4523,0.7403
test,2019-07-24,6.924,7.4309,0.5069
test,2019-07-25,6.948,7.5848,0.6368
test,2019-07-26,6.986,8.0866,1.1006
test,2019-07-27,6.898,7.8253,0.9273
test,2019-07-28,6.924,7.5078,0.5838
test,2019-07-29,6.83,7.4778,0.6478
test,2019-07-30,6.872,7.4115,0.5395
test,2019-07-31,8.84,7.4506,-1.3894
test,2019-08-01,7.372,8.5491,1.1771
test,2019-08-02,6.94,7.4878,0.5478
test,2019-08-03,6.822,7.2638,0.4418
test,2019-08-04,6.758,7.2511,0.4931
test,2019-08-05,6.864,7.0927,0.2287
test,2019-08-06,6.838,7.0395,0.2015
test,2019-08-07,6.778,6.9948,0.2168
test,2019-08-08,7.008,7.1143,0.1063
test,2019-08-09,8.416,7.3284,-1.0876
test,2019-08-10,7.154,7.9096,0.7556
test,2019-08-11,6.878,7.3169,0.4389
test,2019-08-12,7.392,7.2658,-0.1262
test,2019-08-13,8.15,7.4626,-0.6874
test,2019-08-14,8.104,8.0904,-0.0136
test,2019-08-15,9.586,8.1758,-1.4102
test,2019-08-16,9.346,9.3848,0.0388
test,2019-08-17,7.738,9.3645,1.6265
test,2019-08-18,7.214,7.9264,0.7124
test,2019-08-19,7.19,7.5675,0.3775
test,2019-08-20,7.196,7.4205,0.2245
test,2019-08-21,6.926,7.2701,0.3441
test,2019-08-22,6.882,7.127,0.245
test,2019-08-23,6.884,7.1946,0.3106
test,2019-08-24,7.368,7.2924,-0.0756
test,2019-08-25,7.822,7.7163,-0.1057
test,2019-08-26,7.12,7.5776,0.4576
test,2019-08-27,6.842,7.2026,0.3606
test,2019-08-28,6.764,7.1095,0.3455
test,2019-08-29,6.72,7.1055,0.3855
test,2019-08-30,6.694,7.0655,0.3715
test,2019-08-31,7.022,7.1227,0.1007
test,2019-09-01,8.5,7.2667,-1.2333
test,2019-09-02,7.766,8.0696,0.3036
test,2019-09-03,7.966,7.5315,-0.4345
test,2019-09-04,7.136,7.6552,0.5192
test,2019-09-05,6.886,7.3805,0.4945
test,2019-09-06,6.868,7.2035,0.3355
test,2019-09-07,6.85,7.1336,0.2836
test,2019-09-08,6.782,7.0905,0.3085
test,2019-09-09,8.43,7.1656,-1.2644
test,2019-09-10,8.388,8.1636,-0.2244
test,2019-09-11,7.418,8.1998,0.7818
test,2019-09-12,7.114,7.7081,0.5941
test,2019-09-13,8.216,7.7154,-0.5006
test,2019-09-14,7.796,8.122,0.326
test,2019-09-15,7.128,7.6551,0.5271
test,2019-09-16,6.952,7.4334,0.4814
test,2019-09-17,7.034,7.3735,0.3395
test,2019-09-18,6.9,7.2887,0.3887
test,2019-09-19,6.936,7.1287,0.1927
test,2019-09-20,6.808,7.0556,0.2476
test,2019-09-21,6.766,7.0291,0.2631
test,2019-09-22,7.438,7.024,-0.414
test,2019-09-23,7.518,7.2702,-0.2478
test,2019-09-24,7.616,7.4261,-0.1899
test,2019-09-25,7.612,7.5861,-0.0259
test,2019-09-26,7.03,7.6396,0.6096
test,2019-09-27,6.888,7.3272,0.4392
test,2019-09-28,6.928,7.2139,0.2859
test,2019-09-29,6.81,7.1557,0.3457
test,2019-09-30,6.952,7.0873,0.1353
test,2019-10-01,8.152,7.1633,-0.9887
test,2019-10-02,8.488,7.9737,-0.5143
test,2019-10-03,7.424,8.076,0.652
test,2019-10-04,7.324,7.5248,0.2008
test,2019-10-05,7.098,7.4371,0.3391
test,2019-10-06,7.004,7.3293,0.3253
test,2019-10-07,7.196,7.2321,0.0361
test,2019-10-08,7.696,7.2677,-0.4283
test,2019-10-09,7.094,7.4298,0.3358
test,2019-10-10,7.68,7.3459,-0.3341
test,2019-10-11,7.426,7.8596,0.4336
test,2019-10-12,7.08,7.5415,0.4615
test,2019-10-13,6.944,7.2502,0.3062
test,2019-10-14,6.882,7.146,0.264
test,2019-10-15,6.842,7.0506,0.2086
test,2019-10-16,6.82,7.0272,0.2072
test,2019-10-17,6.766,7.0177,0.2517
test,2019-10-18,6.812,6.9732,0.1612
test,2019-10-19,6.742,6.9463,0.2043
test,2019-10-20,6.73,6.9185,0.1885
test,2019-10-21,6.72,6.8908,0.1708
test,2019-10-22,6.71,6.8672,0.1572
test,2019-10-23,6.706,6.8635,0.1575
test,2019-10-24,6.706,6.8741,0.1681
test,2019-10-25,6.698,6.8957,0.1977
test,2019-10-26,6.722,6.9314,0.2094
test,2019-10-27,6.844,7.0492,0.2052
test,2019-10-28,6.864,7.0985,0.2345
test,2019-10-29,6.696,6.9875,0.2915
test,2019-10-30,6.674,6.9029,0.2289
test,2019-10-31,6.66,6.8614,0.2014
test,2019-11-01,6.688,6.8306,0.1426
test,2019-11-02,6.678,6.8091,0.1311
test,2019-11-03,6.666,6.7934,0.1274
test,2019-11-04,6.66,6.7911,0.1311
test,2019-11-05,6.654,6.7976,0.1436
test,2019-11-06,6.66,6.7992,0.1392
test,2019-11-07,6.668,6.794,0.126
test,2019-11-08,6.642,6.8071,0.1651
test,2019-11-09,6.754,6.9806,0.2266
test,2019-11-10,7.05,7.0886,0.0386
test,2019-11-11,8.328,7.6291,-0.6989
test,2019-11-12,7.168,7.9753,0.8073
test,2019-11-13,6.834,7.3394,0.5054
test,2019-11-14,6.75,7.1837,0.4337
test,2019-11-15,6.712,7.1191,0.4071
test,2019-11-16,6.726,6.9598,0.2338
test,2019-11-17,6.716,6.8792,0.1632
test,2019-11-18,6.704,6.8506,0.1466
test,2019-11-19,6.674,6.8976,0.2236
test,2019-11-20,6.64,6.8676,0.2276
test,2019-11-21,6.674,6.8261,0.1521
test,2019-11-22,6.684,6.8026,0.1186
test,2019-11-23,6.68,6.79,0.11
test,2019-11-24,6.654,6.7928,0.1388
test,2019-11-25,6.694,6.7996,0.1056
test,2019-11-26,6.686,6.8275,0.1415
test,2019-11-27,6.638,6.8233,0.1853
test,2019-11-28,6.666,6.8014,0.1354
test,2019-11-29,6.63,6.7914,0.1614
test,2019-11-30,6.63,6.7876,0.1576
test,2019-12-01,6.63,6.7819,0.1519
test,2019-12-02,6.62,6.7614,0.1414
test,2019-12-03,6.61,6.7508,0.1408
test,2019-12-04,6.61,6.7515,0.1415
test,2019-12-05,6.61,6.7451,0.1351
test,2019-12-06,6.6,6.7417,0.1417
test,2019-12-07,6.64,6.7431,0.1031
test,2019-12-08,6.61,6.7466,0.1366
test,2019-12-09,6.64,6.7577,0.1177
test,2019-12-10,6.65,6.783,0.133
test,2019-12-11,6.63,6.8039,0.1739
test,2019-12-12,6.62,6.8179,0.1979
test,2019-12-13,6.62,6.8062,0.1862
test,2019-12-14,6.62,6.7972,0.1772
test,2019-12-15,6.61,6.7951,0.1851
test,2019-12-16,6.61,6.7891,0.1791
test,2019-12-17,6.6,6.7897,0.1897
test,2019-12-18,6.6,6.8215,0.2215
test,2019-12-19,6.6,6.8124,0.2124
test,2019-12-20,6.61,6.7946,0.1846
test,2019-12-21,6.59,6.8012,0.2112
test,2019-12-22,6.61,6.8206,0.2106
test,2019-12-23,6.59,6.8316,0.2416
test,2019-12-24,6.59,6.8384,0.2484
test,2019-12-25,6.6,6.8328,0.2328
test,2019-12-26,6.59,6.8253,0.2353
test,2019-12-27,6.6,6.8588,0.2588
test,2019-12-28,6.61,6.9338,0.3238
test,2019-12-29,6.6,6.911,0.311
test,2019-12-30,6.59,6.8652,0.2752
test,2019-12-31,6.58,6.8493,0.2693
test,2020-01-01,6.576,6.8563,0.2803
test,2020-01-02,6.576,6.8775,0.3015
test,2020-01-03,6.642,6.8825,0.2405
test,2020-01-04,7.284,7.1366,-0.1474
test,2020-01-05,6.794,7.2496,0.4556
test,2020-01-06,6.668,7.0545,0.3865
test,2020-01-07,6.616,6.9623,0.3463
test,2020-01-08,6.588,6.9162,0.3282
test,2020-01-09,6.582,6.8574,0.2754
test,2020-01-10,6.584,6.8709,0.2869
test,2020-01-11,6.592,6.8451,0.2531
test,2020-01-12,6.592,6.8616,0.2696
test,2020-01-13,6.592,6.8437,0.2517
test,2020-01-14,6.594,6.839,0.245
test,2020-01-15,6.568,6.8283,0.2603
test,2020-01-16,6.574,6.8034,0.2294
test,2020-01-17,6.572,6.7821,0.2101
test,2020-01-18,6.552,6.7662,0.2142
test,2020-01-19,6.538,6.7512,0.2132
test,2020-01-20,6.548,6.7506,0.2026
test,2020-01-21,6.568,6.7647,0.1967
test,2020-01-22,6.532,6.7717,0.2397
test,2020-01-23,6.532,6.7555,0.2235
test,2020-01-24,6.538,6.7814,0.2434
test,2020-01-25,6.522,6.779,0.257
test,2020-01-26,6.524,6.7559,0.2319
test,2020-01-27,6.544,6.7602,0.2162
test,2020-01-28,6.542,6.7967,0.2547
test,2020-01-29,6.528,6.8018,0.2738
test,2020-01-30,6.56,6.8551,0.2951
test,2020-01-31,6.53,6.8642,0.3342
test,2020-02-01,6.53,6.8402,0.3102
test,2020-02-02,6.52,6.7812,0.2612
test,2020-02-03,6.572,6.7574,0.1854
test,2020-02-04,6.552,6.7631,0.2111
test,2020-02-05,6.502,6.7686,0.2666
test,2020-02-06,6.52,6.7667,0.2467
test,2020-02-07,6.53,6.765,0.235
test,2020-02-08,6.516,6.7775,0.2615
test,2020-02-09,6.52,6.7965,0.2765
test,2020-02-10,6.514,6.8022,0.2882
test,2020-02-11,6.544,6.759,0.215
test,2020-02-12,6.526,6.7264,0.2004
test,2020-02-13,6.506,6.7068,0.2008
test,2020-02-14,6.526,6.6944,0.1684
test,2020-02-15,6.514,6.7284,0.2144
test,2020-02-16,6.52,6.7424,0.2224
test,2020-02-17,6.512,6.7227,0.2107
test,2020-02-18,6.502,6.691,0.189
test,2020-02-19,6.502,6.6642,0.1622
test,2020-02-20,6.486,6.6533,0.1673
test,2020-02-21,6.482,6.6412,0.1592
test,2020-02-22,6.482,6.6341,0.1521
test,2020-02-23,6.496,6.6248,0.1288
test,2020-02-24,6.502,6.6169,0.1149
test,2020-02-25,6.492,6.6299,0.1379
test,2020-02-26,6.502,6.6752,0.1732
test,2020-02-27,6.592,6.8046,0.2126
test,2020-02-28,6.542,6.7569,0.2149
test,2020-02-29,6.522,6.6887,0.1667
test,2020-03-01,6.5,6.6563,0.1563
test,2020-03-02,6.494,6.6225,0.1285
test,2020-03-03,6.518,6.6123,0.0943
test,2020-03-04,6.53,6.6237,0.0937
test,2020-03-05,6.536,6.6535,0.1175
test,2020-03-06,6.516,6.6565,0.1405
test,2020-03-07,6.546,6.6538,0.1078
test,2020-03-08,6.542,6.7614,0.2194
test,2020-03-09,6.522,6.738,0.216
test,2020-03-10,6.504,6.6576,0.1536
test,2020-03-11,6.484,6.6171,0.1331
test,2020-03-12,6.48,6.602,0.122
test,2020-03-13,6.458,6.6043,0.1463
test,2020-03-14,6.438,6.5942,0.1562
test,2020-03-15,6.432,6.5769,0.1449
test,2020-03-16,6.458,6.5623,0.1043
test,2020-03-17,6.462,6.5713,0.1093
test,2020-03-18,6.446,6.5716,0.1256
test,2020-03-19,6.448,6.5656,0.1176
test,2020-03-20,6.444,6.5796,0.1356
test,2020-03-21,6.446,6.5677,0.1217
test,2020-03-22,6.436,6.5791,0.1431
test,2020-03-23,6.446,6.5714,0.1254
test,2020-03-24,6.432,6.5935,0.1615
test,2020-03-25,6.408,6.59,0.182
test,2020-03-26,6.406,6.5949,0.1889
test,2020-03-27,6.398,6.5815,0.1835
test,2020-03-28,6.398,6.5919,0.1939
test,2020-03-29,6.414,6.5891,0.1751
test,2020-03-30,6.418,6.5878,0.1698
test,2020-03-31,6.384,6.5846,0.2006
test,2020-04-01,6.388,6.5801,0.1921
test,2020-04-02,6.36,6.5693,0.2093
test,2020-04-03,6.484,6.5831,0.0991
test,2020-04-04,6.56,6.6568,0.0968
test,2020-04-05,6.502,6.6964,0.1944
test,2020-04-06,6.65,6.6931,0.0431
test,2020-04-07,6.534,6.7431,0.2091
test,2020-04-08,6.504,6.7196,0.2156
test,2020-04-09,6.51,6.7234,0.2134
test,2020-04-10,6.502,6.7326,0.2306
test,2020-04-11,6.434,6.7133,0.2793
test,2020-04-12,6.444,6.6798,0.2358
test,2020-04-13,6.42,6.6822,0.2622
test,2020-04-14,6.408,6.6804,0.2724
test,2020-04-15,6.412,6.679,0.267
test,2020-04-16,6.444,6.6883,0.2443
test,2020-04-17,6.448,6.8408,0.3928
test,2020-04-18,6.478,6.8058,0.3278
test,2020-04-19,6.64,6.85,0.21
test,2020-04-20,6.564,6.9097,0.3457
test,2020-04-21,6.53,6.8389,0.3089
test,2020-04-22,6.514,6.8862,0.3722
test,2020-04-23,6.528,6.8573,0.3293
test,2020-04-24,7.478,6.8316,-0.6464
test,2020-04-25,6.892,7.5014,0.6094
test,2020-04-26,7.698,7.3596,-0.3384
test,2020-04-27,7.862,7.7115,-0.1505
test,2020-04-28,6.958,7.6098,0.6518
test,2020-04-29,6.808,7.2932,0.4852
test,2020-04-30,6.698,7.1906,0.4926
test,2020-05-01,6.788,7.0895,0.3015
test,2020-05-02,6.668,7.0445,0.3765
test,2020-05-03,6.648,6.9861,0.3381
test,2020-05-04,6.65,7.0443,0.3943
test,2020-05-05,6.716,7.0065,0.2905
test,2020-05-06,6.656,6.9445,0.2885
test,2020-05-07,6.844,6.8932,0.0492
test,2020-05-08,6.674,6.8932,0.2192
test,2020-05-09,6.588,6.8107,0.2227
test,2020-05-10,6.562,6.7524,0.1904
test,2020-05-11,6.536,6.7359,0.1999
test,2020-05-12,6.528,6.7218,0.1938
test,2020-05-13,6.514,6.6913,0.1773
test,2020-05-14,6.538,6.676,0.138
test,2020-05-15,6.518,6.6795,0.1615
test,2020-05-16,6.838,6.6777,-0.1603
test,2020-05-17,6.632,6.7969,0.1649
test,2020-05-18,6.56,6.7477,0.1877
test,2020-05-19,6.524,6.7259,0.2019
test,2020-05-20,7.568,6.8035,-0.7645
test,2020-05-21,7.304,7.4453,0.1413
test,2020-05-22,7.906,7.4501,-0.4559
test,2020-05-23,7.07,7.6933,0.6233
test,2020-05-24,6.764,7.1301,0.3661
test,2020-05-25,6.634,6.9917,0.3577
test,2020-05-26,6.594,6.9386,0.3446
test,2020-05-27,7.666,6.8918,-0.7742
test,2020-05-28,10.242,7.9178,-2.3242
test,2020-05-29,8.036,9.3486,1.3126
test,2020-05-30,7.824,7.9772,0.1532
test,2020-05-31,7.446,7.9073,0.4613
test,2020-06-01,6.952,7.7268,0.7748
test,2020-06-02,6.922,7.3066,0.3846
test,2020-06-03,6.878,7.2125,0.3345
test,2020-06-04,7.478,7.4414,-0.0366
test,2020-06-05,10.462,7.8887,-2.5733
test,2020-06-06,8.452,9.4499,0.9979
test,2020-06-07,7.812,8.1929,0.3809
test,2020-06-08,7.592,7.837,0.245
test,2020-06-09,7.466,7.6585,0.1925
test,2020-06-10,7.566,7.5108,-0.0552
test,2020-06-11,7.796,7.7281,-0.0679
test,2020-06-12,7.158,7.9822,0.8242
test,2020-06-13,7.85,7.7261,-0.1239
test,2020-06-14,7.49,7.9781,0.4881
test,2020-06-15,7.008,7.6153,0.6073
test,2020-06-16,7.024,7.3271,0.3031
test,2020-06-17,7.254,7.3812,0.1272
test,2020-06-18,9.376,8.4726,-0.9034
test,2020-06-19,9.804,9.6765,-0.1275
test,2020-06-20,8.044,9.3467,1.3027
test,2020-06-21,7.448,8.1166,0.6686
test,2020-06-22,7.186,7.8239,0.6379
test,2020-06-23,7.408,7.5712,0.1632
test,2020-06-24,7.398,7.4214,0.0234
test,2020-06-25,7.008,7.261,0.253
test,2020-06-26,6.894,7.1502,0.2562
test,2020-06-27,6.996,7.2146,0.2186
test,2020-06-28,8.472,7.4615,-1.0105
test,2020-06-29,7.922,8.8656,0.9436
test,2020-06-30,7.316,7.7689,0.4529
test,2020-07-01,7.062,7.3164,0.2544
test,2020-07-02,6.904,7.2866,0.3826
test,2020-07-03,6.884,7.3689,0.4849
test,2020-07-04,6.916,7.2766,0.3606
test,2020-07-05,7.04,7.2575,0.2175
test,2020-07-06,6.916,7.6024,0.6864
test,2020-07-07,6.866,7.3139,0.4479
test,2020-07-08,6.812,7.1819,0.3699
test,2020-07-09,7.356,7.2852,-0.0708
test,2020-07-10,7.614,7.5845,-0.0295
test,2020-07-11,8.488,7.6572,-0.8308
test,2020-07-12,11.548,8.3824,-3.1656
test,2020-07-13,11.944,10.4192,-1.5248
test,2020-07-14,9.58,10.3774,0.7974
test,2020-07-15,8.27,8.9047,0.6347
test,2020-07-16,7.652,8.2982,0.6462
test,2020-07-17,7.234,8.0237,0.7897
test,2020-07-18,7.058,7.6352,0.5772
test,2020-07-19,7.068,7.4028,0.3348
test,2020-07-20,7.238,7.683,0.445
test,2020-07-21,10.616,8.04,-2.576
test,2020-07-22,9.686,10.4127,0.7267
test,2020-07-23,8.52,9.4472,0.9272
test,2020-07-24,8.206,8.3438,0.1378
test,2020-07-25,7.64,8.1063,0.4663
test,2020-07-26,7.314,7.8445,0.5305
test,2020-07-27,7.28,7.7495,0.4695
test,2020-07-28,7.336,7.8002,0.4642
test,2020-07-29,9.162,7.7115,-1.4505
test,2020-07-30,8.228,8.9523,0.7243
test,2020-07-31,7.452,8.0612,0.6092
test,2020-08-01,7.774,7.6525,-0.1215
test,2020-08-02,7.294,7.7569,0.4629
test,2020-08-03,7.18,7.5738,0.3938
test,2020-08-04,7.084,7.5903,0.5063
test,2020-08-05,7.998,7.6883,-0.3097
test,2020-08-06,7.402,7.9708,0.5688
test,2020-08-07,7.134,7.6498,0.5158
test,2020-08-08,6.984,7.4725,0.4885
test,2020-08-09,6.93,7.3662,0.4362
test,2020-08-10,6.878,7.215,0.337
test,2020-08-11,6.836,7.1013,0.2653
test,2020-08-12,6.98,7.1523,0.1723
test,2020-08-13,6.85,7.2687,0.4187
test,2020-08-14,6.888,7.1755,0.2875
test,2020-08-15,6.928,7.1461,0.2181
test,2020-08-16,7.638,7.291,-0.347
test,2020-08-17,8.044,7.9478,-0.0962
test,2020-08-18,8.004,8.1186,0.1146
test,2020-08-19,7.482,7.9254,0.4434
test,2020-08-20,7.044,7.9307,0.8867
test,2020-08-21,6.996,7.9551,0.9591
test,2020-08-22,7.42,7.8466,0.4266
test,2020-08-23,7.394,7.8801,0.4861
test,2020-08-24,7.012,7.6477,0.6357
test,2020-08-25,7.144,7.3024,0.1584
test,2020-08-26,6.996,7.3193,0.3233
test,2020-08-27,6.872,7.2961,0.4241
test,2020-08-28,6.86,7.1366,0.2766
test,2020-08-29,7.538,7.0998,-0.4382
test,2020-08-30,7.286,7.2807,-0.0053
test,2020-08-31,7.162,7.255,0.093
test,2020-09-01,8.378,7.6,-0.778
test,2020-09-02,7.392,8.2653,0.8733
test,2020-09-03,7.174,7.3646,0.1906
test,2020-09-04,6.914,7.2109,0.2969
test,2020-09-05,6.814,7.155,0.341
test,2020-09-06,6.912,7.0272,0.1152
test,2020-09-07,6.816,6.9936,0.1776
test,2020-09-08,6.964,6.9526,-0.0114
test,2020-09-09,6.918,7.0165,0.0985
test,2020-09-10,8.614,7.1342,-1.4798
test,2020-09-11,8.77,8.0408,-0.7292
test,2020-09-12,7.622,8.0033,0.3813
test,2020-09-13,7.198,7.5869,0.3889
test,2020-09-14,7.106,7.5567,0.4507
test,2020-09-15,7.53,7.4386,-0.0914
test,2020-09-16,7.56,7.6684,0.1084
test,2020-09-17,7.056,7.5254,0.4694
test,2020-09-18,6.984,7.3066,0.3226
test,2020-09-19,6.876,7.2559,0.3799
test,2020-09-20,6.828,7.1653,0.3373
test,2020-09-21,8.548,7.0937,-1.4543
test,2020-09-22,7.884,8.1062,0.2222
test,2020-09-23,8.476,7.8586,-0.6174
test,2020-09-24,9.232,8.2527,-0.9793
test,2020-09-25,9.24,9.0269,-0.2131
test,2020-09-26,8.466,8.999,0.533
test,2020-09-27,8.972,8.3754,-0.5966
test,2020-09-28,7.98,8.4926,0.5126
test,2020-09-29,7.354,7.9624,0.6084
test,2020-09-30,7.164,7.7961,0.6321
test,2020-10-01,7.472,7.5994,0.1274
test,2020-10-02,7.602,7.5678,-0.0342
test,2020-10-03,7.146,7.5437,0.3977
test,2020-10-04,7.044,7.4064,0.3624
test,2020-10-05,7.012,7.3789,0.3669
test,2020-10-06,7.474,7.346,-0.128
test,2020-10-07,7.112,7.4796,0.3676
test,2020-10-08,7.056,7.3094,0.2534
test,2020-10-09,6.91,7.2673,0.3573
test,2020-10-10,6.88,7.2545,0.3745
test,2020-10-11,6.866,7.1704,0.3044
test,2020-10-12,6.844,7.1449,0.3009
test,2020-10-13,6.888,7.0947,0.2067
test,2020-10-14,8.302,7.0588,-1.2432
test,2020-10-15,7.162,7.5092,0.3472
test,2020-10-16,6.912,7.281,0.369
test,2020-10-17,6.846,7.1951,0.3491
test,2020-10-18,8.348,7.1918,-1.1562
test,2020-10-19,7.918,7.7968,-0.1212
test,2020-10-20,7.152,7.5811,0.4291
test,2020-10-21,7.21,7.3848,0.1748
test,2020-10-22,7.926,7.5015,-0.4245
test,2020-10-23,9.84,8.5126,-1.3274
test,2020-10-24,10.654,9.6628,-0.9912
test,2020-10-25,8.834,9.1854,0.3514
test,2020-10-26,7.764,8.4747,0.7107
test,2020-10-27,7.298,8.1636,0.8656
test,2020-10-28,7.13,7.9403,0.8103
test,2020-10-29,7.044,7.6709,0.6269
test,2020-10-30,6.99,7.4009,0.4109
test,2020-10-31,10.694,7.3499,-3.3441
test,2020-11-01,11.574,9.1238,-2.4502
test,2020-11-02,8.988,9.8515,0.8635
test,2020-11-03,8.004,8.785,0.781
test,2020-11-04,7.534,8.4882,0.9542
test,2020-11-05,7.378,8.2309,0.8529
test,2020-11-06,7.122,7.8862,0.7642
test,2020-11-07,6.99,7.6776,0.6876
test,2020-11-08,6.982,7.6625,0.6805
test,2020-11-09,6.97,7.6744,0.7044
test,2020-11-10,6.948,7.5033,0.5553
test,2020-11-11,6.914,7.3093,0.3953
test,2020-11-12,6.9,7.1791,0.2791
test,2020-11-13,6.89,7.0685,0.1785
test,2020-11-14,6.876,6.9809,0.1049
test,2020-11-15,6.856,7.0704,0.2144
test,2020-11-16,6.848,7.2278,0.3798
test,2020-11-17,6.84,7.1619,0.3219
test,2020-11-18,6.83,7.0597,0.2297
test,2020-11-19,6.826,6.9931,0.1671
test,2020-11-20,6.812,6.9329,0.1209
test,2020-11-21,6.818,6.8925,0.0745
test,2020-11-22,6.88,6.8852,0.0052
test,2020-11-23,6.808,6.9064,0.0984
test,2020-11-24,6.816,6.8852,0.0692
test,2020-11-25,6.796,6.8563,0.0603
test,2020-11-26,6.792,6.8426,0.0506
test,2020-11-27,6.788,6.827,0.039
test,2020-11-28,6.778,6.8235,0.0455
test,2020-11-29,6.77,6.8127,0.0427
test,2020-11-30,6.758,6.8149,0.0569
test,2020-12-01,6.738,6.8068,0.0688
test,2020-12-02,6.712,6.813,0.101
test,2020-12-03,6.706,6.8242,0.1182
test,2020-12-04,6.702,6.8399,0.1379
test,2020-12-05,6.702,6.8429,0.1409
test,2020-12-06,6.698,6.8434,0.1454
test,2020-12-07,6.702,6.8432,0.1412
test,2020-12-08,6.818,6.8405,0.0225
test,2020-12-09,6.762,6.867,0.105
test,2020-12-10,6.75,6.8894,0.1394
test,2020-12-11,6.744,6.9103,0.1663
test,2020-12-12,6.73,6.9076,0.1776
test,2020-12-13,6.73,6.8839,0.1539
test,2020-12-14,6.72,6.8591,0.1391
test,2020-12-15,6.72,6.8396,0.1196
test,2020-12-16,6.69,6.8378,0.1478
test,2020-12-17,6.68,6.8285,0.1485
test,2020-12-18,6.67,6.8154,0.1454
test,2020-12-19,6.66,6.8085,0.1485
test,2020-12-20,6.66,6.8082,0.1482
test,2020-12-21,6.65,6.8116,0.1616
test,2020-12-22,6.66,6.8166,0.1566
test,2020-12-23,6.68,6.8379,0.1579
test,2020-12-24,6.72,6.8609,0.1409
test,2020-12-25,6.69,6.8706,0.1806
test,2020-12-26,6.65,6.8562,0.2062
test,2020-12-27,6.66,6.8379,0.1779
test,2020-12-28,6.71,6.8337,0.1237
test,2020-12-29,6.67,6.8458,0.1758
test,2020-12-30,6.65,6.8487,0.1987
test,2020-12-31,6.64,6.8467,0.2067
test,2021-01-01,6.636,6.8448,0.2088
test,2021-01-02,6.616,6.8218,0.2058
test,2021-01-03,6.616,6.8121,0.1961
test,2021-01-04,6.6,6.8028,0.2028
test,2021-01-05,6.586,6.7955,0.2095
test,2021-01-06,6.584,6.7792,0.1952
test,2021-01-07,6.57,6.7627,0.1927
test,2021-01-08,6.574,6.7491,0.1751
test,2021-01-09,6.578,6.7389,0.1609
test,2021-01-10,6.582,6.7359,0.1539
test,2021-01-11,6.612,6.7575,0.1455
test,2021-01-12,7.048,6.7749,-0.2731
test,2021-01-13,7.734,6.8844,-0.8496
test,2021-01-14,7.702,7.2277,-0.4743
test,2021-01-15,7.742,7.3843,-0.3577
test,2021-01-16,7.746,7.4634,-0.2826
test,2021-01-17,7.688,7.4983,-0.1897
test,2021-01-18,7.686,7.4812,-0.2048
test,2021-01-19,7.736,7.4921,-0.2439
test,2021-01-20,7.702,7.5689,-0.1331
test,2021-01-21,7.708,7.7266,0.0186
test,2021-01-22,7.704,7.6295,-0.0745
test,2021-01-23,7.7,7.5914,-0.1086
test,2021-01-24,7.686,7.6104,-0.0756
test,2021-01-25,7.694,7.6161,-0.0779
test,2021-01-26,7.682,7.6109,-0.0711
test,2021-01-27,7.664,7.6245,-0.0395
test,2021-01-28,7.664,7.6531,-0.0109
test,2021-01-29,7.704,7.68,-0.024
test,2021-01-30,7.698,7.7122,0.0142
test,2021-01-31,7.702,7.7394,0.0374
test,2021-02-01,7.706,7.7368,0.0308
test,2021-02-02,7.67,7.7342,0.0642
test,2021-02-03,7.666,7.7304,0.0644
test,2021-02-04,7.64,7.7207,0.0807
test,2021-02-05,7.638,7.6973,0.0593
test,2021-02-06,7.64,7.6745,0.0345
test,2021-02-07,7.656,7.6586,0.0026
test,2021-02-08,7.668,7.6479,-0.0201
test,2021-02-09,7.668,7.6562,-0.0118
test,2021-02-10,7.662,7.6353,-0.0267
test,2021-02-11,7.656,7.6192,-0.0368
test,2021-02-12,7.654,7.6104,-0.0436
test,2021-02-13,7.654,7.6116,-0.0424
test,2021-02-14,7.648,7.6146,-0.0334
test,2021-02-15,7.68,7.6162,-0.0638
test,2021-02-16,7.68,7.6285,-0.0515
test,2021-02-17,7.654,7.6369,-0.0171
test,2021-02-18,7.634,7.6342,0.0002
test,2021-02-19,7.64,7.6265,-0.0135
test,2021-02-20,7.63,7.6185,-0.0115
test,2021-02-21,7.658,7.6118,-0.0462
test,2021-02-22,7.66,7.6346,-0.0254
test,2021-02-23,7.678,7.6172,-0.0608
test,2021-02-24,7.618,7.6171,-0.0009
test,2021-02-25,7.658,7.6141,-0.0439
test,2021-02-26,7.66,7.618,-0.042
test,2021-02-27,7.652,7.6252,-0.0268
test,2021-02-28,7.656,7.6213,-0.0347
test,2021-03-01,7.644,7.6306,-0.0134
test,2021-03-02,7.624,7.6108,-0.0132
test,2021-03-03,7.61,7.5892,-0.0208
test,2021-03-04,7.628,7.568,-0.06
test,2021-03-05,7.622,7.569,-0.053
test,2021-03-06,7.614,7.5708,-0.0432
test,2021-03-07,7.626,7.5744,-0.0516
test,2021-03-08,7.74,7.5877,-0.1523
test,2021-03-09,7.722,7.6254,-0.0966
test,2021-03-10,7.686,7.637,-0.049
test,2021-03-11,7.65,7.6316,-0.0184
test,2021-03-12,7.66,7.6417,-0.0183
test,2021-03-13,7.624,7.632,0.008
test,2021-03-14,7.634,7.6226,-0.0114
test,2021-03-15,7.608,7.6165,0.0085
test,2021-03-16,7.602,7.6135,0.0115
test,2021-03-17,7.582,7.6187,0.0367
test,2021-03-18,7.578,7.6141,0.0361
test,2021-03-19,7.568,7.6022,0.0342
test,2021-03-20,7.588,7.5926,0.0046
test,2021-03-21,7.572,7.5897,0.0177
test,2021-03-22,7.572,7.6024,0.0304
test,2021-03-23,7.612,7.6156,0.0036
test,2021-03-24,7.572,7.6305,0.0585
test,2021-03-25,7.57,7.6252,0.0552
test,2021-03-26,7.562,7.6255,0.0635
test,2021-03-27,7.556,7.6254,0.0694
test,2021-03-28,7.564,7.6361,0.0721
test,2021-03-29,7.584,7.6217,0.0377
test,2021-03-30,7.586,7.6464,0.0604
test,2021-03-31,7.622,7.7263,0.1043
test,2021-04-01,7.622,7.7999,0.1779
test,2021-04-02,7.67,7.7276,0.0576
test,2021-04-03,7.588,7.6895,0.1015
test,2021-04-04,7.57,7.6526,0.0826
test,2021-04-05,7.584,7.6199,0.0359
test,2021-04-06,7.57,7.6149,0.0449
test,2021-04-07,7.544,7.61,0.066
test,2021-04-08,7.552,7.599,0.047
test,2021-04-09,7.572,7.6147,0.0427
test,2021-04-10,7.552,7.6308,0.0788
test,2021-04-11,7.526,7.6242,0.0982
test,2021-04-12,7.532,7.6185,0.0865
test,2021-04-13,7.53,7.6065,0.0765
test,2021-04-14,7.56,7.6029,0.0429
test,2021-04-15,7.576,7.6117,0.0357
test,2021-04-16,7.574,7.6259,0.0519
test,2021-04-17,7.604,7.6351,0.0311
test,2021-04-18,7.606,7.6552,0.0492
test,2021-04-19,7.57,7.6635,0.0935
test,2021-04-20,7.566,7.6706,0.1046
test,2021-04-21,7.536,7.6699,0.1339
test,2021-04-22,7.536,7.6417,0.1057
test,2021-04-23,7.538,7.6331,0.0951
test,2021-04-24,7.526,7.6196,0.0936
test,2021-04-25,7.502,7.6186,0.1166
test,2021-04-26,7.508,7.6031,0.0951
test,2021-04-27,7.528,7.5963,0.0683
test,2021-04-28,7.516,7.6035,0.0875
test,2021-04-29,7.522,7.6169,0.0949
test,2021-04-30,7.542,7.6193,0.0773
test,2021-05-01,7.562,7.645,0.083
test,2021-05-02,7.59,7.6436,0.0536
test,2021-05-03,7.584,7.6589,0.0749
test,2021-05-04,7.618,7.7251,0.1071
test,2021-05-05,7.796,8.1281,0.3321
test,2021-05-06,7.61,7.8364,0.2264
test,2021-05-07,7.612,7.689,0.077
test,2021-05-08,7.822,7.693,-0.129
test,2021-05-09,7.744,7.7196,-0.0244
test,2021-05-10,7.64,7.7088,0.0688
test,2021-05-11,7.688,7.6628,-0.0252
test,2021-05-12,7.784,7.6899,-0.0941
test,2021-05-13,7.664,7.8776,0.2136
test,2021-05-14,7.684,7.798,0.114
test,2021-05-15,7.674,7.7457,0.0717
test,2021-05-16,7.664,7.6839,0.0199
test,2021-05-17,7.824,7.6503,-0.1737
test,2021-05-18,7.686,7.6953,0.0093
test,2021-05-19,7.642,7.6748,0.0328
test,2021-05-20,7.756,7.6752,-0.0808
test,2021-05-21,7.674,7.7027,0.0287
test,2021-05-22,7.598,7.6686,0.0706
test,2021-05-23,7.582,7.6617,0.0797
test,2021-05-24,7.6,7.6765,0.0765
test,2021-05-25,8.982,7.8308,-1.1512
test,2021-05-26,8.064,8.4834,0.4194
test,2021-05-27,7.902,7.9808,0.0788
test,2021-05-28,7.708,8.0311,0.3231
test,2021-05-29,7.672,7.8826,0.2106
test,2021-05-30,7.662,7.7638,0.1018
test,2021-05-31,7.638,7.7025,0.0645
test,2021-06-01,7.78,7.7913,0.0113
test,2021-06-02,8.442,8.348,-0.094
test,2021-06-03,7.9,8.5679,0.6679
test,2021-06-04,7.9,7.9485,0.0485
test,2021-06-05,7.948,7.945,-0.003
test,2021-06-06,10.76,8.1555,-2.6045
test,2021-06-07,9.41,10.0554,0.6454
test,2021-06-08,7.476,8.7382,1.2622
test,2021-06-09,6.908,8.0459,1.1379
test,2021-06-10,7.526,7.9098,0.3838
test,2021-06-11,7.106,7.8186,0.7126
test,2021-06-12,6.866,7.623,0.757
test,2021-06-13,6.72,7.3733,0.6533
test,2021-06-14,6.776,7.3712,0.5952
test,2021-06-15,6.65,7.3112,0.6612
test,2021-06-16,6.596,7.3224,0.7264
test,2021-06-17,6.592,7.4668,0.8748
test,2021-06-18,6.734,7.4577,0.7237
test,2021-06-19,7.074,7.93,0.856
test,2021-06-20,7.77,8.2262,0.4562
test,2021-06-21,7.376,8.6379,1.2619
test,2021-06-22,6.914,8.1552,1.2412
test,2021-06-23,6.758,7.5815,0.8235
test,2021-06-24,6.656,7.3135,0.6575
test,2021-06-25,6.606,7.1313,0.5253
test,2021-06-26,6.622,6.9702,0.3482
test,2021-06-27,6.714,6.8419,0.1279
test,2021-06-28,6.592,6.8145,0.2225
test,2021-06-29,6.81,6.8186,0.0086
test,2021-06-30,7.384,7.0169,-0.3671
test,2021-07-01,12.28,7.7398,-4.5402
test,2021-07-02,9.37,10.3557,0.9857
test,2021-07-03,8.146,9.0429,0.8969
test,2021-07-04,8.196,8.5482,0.3522
test,2021-07-05,8.59,8.3605,-0.2295
test,2021-07-06,7.53,8.5763,1.0463
test,2021-07-07,8.88,7.8003,-1.0797
test,2021-07-08,8.53,9.1407,0.6107
test,2021-07-09,7.27,8.3061,1.0361
test,2021-07-10,6.896,7.5432,0.6472
test,2021-07-11,7.284,7.3548,0.0708
test,2021-07-12,8.816,7.4161,-1.3999
test,2021-07-13,7.944,8.5267,0.5827
test,2021-07-14,7.07,7.6524,0.5824
test,2021-07-15,6.818,7.2832,0.4652
test,2021-07-16,6.772,7.519,0.747
test,2021-07-17,9.462,7.3457,-2.1163
test,2021-07-18,8.644,8.8786,0.2346
test,2021-07-19,7.396,8.2873,0.8913
test,2021-07-20,7.854,7.7,-0.154
test,2021-07-21,7.176,7.981,0.805
test,2021-07-22,8.218,7.516,-0.702
test,2021-07-23,8.012,7.9522,-0.0598
test,2021-07-24,7.44,8.0762,0.6362
test,2021-07-25,7.528,7.6293,0.1013
test,2021-07-26,7.082,7.563,0.481
test,2021-07-27,6.956,7.4476,0.4916
test,2021-07-28,6.946,7.5676,0.6216
test,2021-07-29,7.242,7.6715,0.4295
test,2021-07-30,9.024,8.2892,-0.7348
test,2021-07-31,8.822,8.9089,0.0869
test,2021-08-01,8.786,8.8327,0.0467
test,2021-08-02,7.79,9.7082,1.9182
test,2021-08-03,7.264,8.1148,0.8508
test,2021-08-04,7.022,7.7822,0.7602
test,2021-08-05,6.896,7.4798,0.5838
test,2021-08-06,7.22,7.2743,0.0543
test,2021-08-07,7.938,7.5005,-0.4375
test,2021-08-08,8.082,8.0801,-0.0019
test,2021-08-09,8.156,8.0365,-0.1195
test,2021-08-10,7.432,7.8473,0.4153
test,2021-08-11,6.662,7.4732,0.8112
test,2021-08-12,7.272,7.1812,-0.0908
test,2021-08-13,7.684,7.4529,-0.2311
test,2021-08-14,8.876,7.6689,-1.2071
test,2021-08-15,8.518,8.6832,0.1652
test,2021-08-16,7.756,8.1252,0.3692
test,2021-08-17,7.454,7.8695,0.4155
test,2021-08-18,7.54,7.8148,0.2748
test,2021-08-19,7.594,7.8142,0.2202
test,2021-08-20,7.252,7.6797,0.4277
test,2021-08-21,7.556,7.3699,-0.1861
test,2021-08-22,8.422,7.5242,-0.8978
test,2021-08-23,7.428,8.0516,0.6236
test,2021-08-24,7.708,7.4878,-0.2202
test,2021-08-25,11.1,7.6436,-3.4564
test,2021-08-26,11.422,9.6641,-1.7579
test,2021-08-27,9.288,10.0287,0.7407
test,2021-08-28,8.094,8.7134,0.6194
test,2021-08-29,7.564,8.3789,0.8149
test,2021-08-30,7.478,8.214,0.736
test,2021-08-31,7.472,7.8982,0.4262
test,2021-09-01,7.158,7.6427,0.4847
test,2021-09-02,7.326,7.6098,0.2838
test,2021-09-03,7.084,7.7105,0.6265
test,2021-09-04,7.812,7.5496,-0.2624
test,2021-09-05,11.57,7.6619,-3.9081
test,2021-09-06,12.438,9.7094,-2.7286
test,2021-09-07,9.588,10.0583,0.4703
test,2021-09-08,8.43,9.0089,0.5789
test,2021-09-09,7.846,8.7839,0.9379
test,2021-09-10,7.61,8.6465,1.0365
test,2021-09-11,7.4,8.2856,0.8856
test,2021-09-12,7.48,7.9213,0.4413
test,2021-09-13,7.102,7.8554,0.7534
test,2021-09-14,7.104,7.839,0.735
test,2021-09-15,7.044,7.6934,0.6494
test,2021-09-16,11.872,7.5757,-4.2963
test,2021-09-17,8.504,9.5941,1.0901
test,2021-09-18,8.132,8.5719,0.4399
test,2021-09-19,7.896,8.6718,0.7758
test,2021-09-20,7.59,8.5538,0.9638
test,2021-09-21,8.05,8.3108,0.2608
test,2021-09-22,7.704,8.1779,0.4739
test,2021-09-23,7.454,7.8963,0.4423
test,2021-09-24,7.33,7.8643,0.5343
test,2021-09-25,7.338,7.706,0.368
test,2021-09-26,7.454,7.5564,0.1024
test,2021-09-27,8.228,7.5677,-0.6603
test,2021-09-28,7.664,7.8145,0.1505
test,2021-09-29,7.638,7.6747,0.0367
test,2021-09-30,7.556,7.6811,0.1251
test,2021-10-01,7.332,7.8654,0.5334
test,2021-10-02,7.464,7.651,0.187
test,2021-10-03,7.662,7.5702,-0.0918
test,2021-10-04,7.33,7.572,0.242
test,2021-10-05,7.29,7.4911,0.2011
test,2021-10-06,7.458,7.4888,0.0308
test,2021-10-07,7.292,7.5312,0.2392
test,2021-10-08,7.334,7.4738,0.1398
test,2021-10-09,7.36,7.4384,0.0784
test,2021-10-10,7.266,7.4207,0.1547
test,2021-10-11,7.22,7.3801,0.1601
test,2021-10-12,7.196,7.3679,0.1719
test,2021-10-13,7.34,7.3878,0.0478
test,2021-10-14,7.312,7.3912,0.0792
test,2021-10-15,7.232,7.3629,0.1309
test,2021-10-16,7.286,7.4427,0.1567
test,2021-10-17,7.332,7.4159,0.0839
test,2021-10-18,7.416,7.5312,0.1152
test,2021-10-19,7.468,7.7232,0.2552
test,2021-10-20,8.286,7.9169,-0.3691
test,2021-10-21,8.374,8.4408,0.0668
test,2021-10-22,7.896,8.0211,0.1251
test,2021-10-23,7.424,7.7846,0.3606
test,2021-10-24,7.304,7.659,0.355
test,2021-10-25,7.258,7.5189,0.2609
test,2021-10-26,7.222,7.3684,0.1464
test,2021-10-27,7.224,7.3042,0.0802
test,2021-10-28,7.236,7.4791,0.2431
test,2021-10-29,7.2,7.4269,0.2269
test,2021-10-30,7.174,7.2998,0.1258
test,2021-10-31,7.164,7.211,0.047
test,2021-11-01,7.158,7.1559,-0.0021
test,2021-11-02,7.138,7.1241,-0.0139
test,2021-11-03,7.134,7.0944,-0.0396
test,2021-11-04,7.126,7.0968,-0.0292
test,2021-11-05,7.126,7.1243,-0.0017
test,2021-11-06,7.13,7.118,-0.012
test,2021-11-07,7.12,7.0938,-0.0262
test,2021-11-08,7.116,7.0785,-0.0375
test,2021-11-09,7.122,7.0679,-0.0541
test,2021-11-10,7.11,7.0682,-0.0418
test,2021-11-11,7.106,7.0651,-0.0409
test,2021-11-12,7.112,7.0638,-0.0482
test,2021-11-13,7.124,7.0908,-0.0332
test,2021-11-14,7.156,7.3019,0.1459
test,2021-11-15,7.324,7.4007,0.0767
test,2021-11-16,7.472,7.4504,-0.0216
test,2021-11-17,7.244,7.3334,0.0894
test,2021-11-18,7.168,7.1933,0.0253
test,2021-11-19,7.15,7.1378,-0.0122
test,2021-11-20,7.132,7.1141,-0.0179
test,2021-11-21,7.12,7.0942,-0.0258
test,2021-11-22,7.116,7.0971,-0.0189
test,2021-11-23,7.114,7.0928,-0.0212
test,2021-11-24,7.104,7.0909,-0.0131
test,2021-11-25,7.1,7.0871,-0.0129
test,2021-11-26,7.102,7.075,-0.027
test,2021-11-27,7.1,7.0599,-0.0401
test,2021-11-28,7.09,7.055,-0.035
test,2021-11-29,7.09,7.0511,-0.0389
test,2021-11-30,7.098,7.0539,-0.0441
test,2021-12-01,7.104,7.0667,-0.0373
test,2021-12-02,7.102,7.0693,-0.0327
test,2021-12-03,6.94,7.0691,0.1291
test,2021-12-04,6.512,7.0371,0.5251
test,2021-12-05,6.532,7.0137,0.4817
test,2021-12-06,7.606,7.4624,-0.1436
test,2021-12-07,9.946,8.2082,-1.7378
test,2021-12-08,7.924,8.9431,1.0191
test,2021-12-09,6.994,7.8889,0.8949
test,2021-12-10,6.796,7.6529,0.8569
test,2021-12-11,6.694,7.5374,0.8434
test,2021-12-12,6.642,7.2443,0.6023
test,2021-12-13,6.606,6.9811,0.3751
test,2021-12-14,6.596,6.8596,0.2636
test,2021-12-15,6.574,6.9579,0.3839
test,2021-12-16,6.566,6.8877,0.3217
test,2021-12-17,6.566,6.8117,0.2457
test,2021-12-18,6.544,6.767,0.223
test,2021-12-19,6.546,6.7397,0.1937
test,2021-12-20,6.54,6.7285,0.1885
test,2021-12-21,6.538,6.7333,0.1953
test,2021-12-22,6.548,6.8676,0.3196
test,2021-12-23,6.546,6.8856,0.3396
test,2021-12-24,6.546,6.8556,0.3096
test,2021-12-25,6.54,6.8177,0.2777
test,2021-12-26,6.546,6.7906,0.2446
test,2021-12-27,6.534,6.7753,0.2413
test,2021-12-28,6.54,6.7592,0.2192
test,2021-12-29,6.528,6.7432,0.2152
test,2021-12-30,6.548,6.7371,0.1891
test,2021-12-31,6.542,6.7432,0.2012
test,2022-01-01,6.534,6.7433,0.2093
test,2022-01-02,6.478,6.72,0.242
test,2022-01-03,6.458,6.7081,0.2501
test,2022-01-04,6.454,6.6908,0.2368
test,2022-01-05,6.452,6.6785,0.2265
test,2022-01-06,6.464,6.6725,0.2085
test,2022-01-07,6.464,6.6985,0.2345
test,2022-01-08,6.46,6.7155,0.2555
test,2022-01-09,6.458,6.7111,0.2531
test,2022-01-10,6.486,6.698,0.212
test,2022-01-11,6.472,6.7019,0.2299
test,2022-01-12,6.446,6.6999,0.2539
test,2022-01-13,6.452,6.7823,0.3303
test,2022-01-14,6.458,6.7912,0.3332
test,2022-01-15,6.468,6.8113,0.3433
test,2022-01-16,6.456,6.8113,0.3553
test,2022-01-17,6.442,6.7575,0.3155
test,2022-01-18,6.428,6.7158,0.2878
test,2022-01-19,6.43,6.7037,0.2737
test,2022-01-20,6.432,6.7213,0.2893
test,2022-01-21,6.436,6.7385,0.3025
test,2022-01-22,6.456,6.7309,0.2749
test,2022-01-23,6.458,6.7564,0.2984
test,2022-01-24,6.46,6.7816,0.3216
test,2022-01-25,6.476,6.9506,0.4746
test,2022-01-26,6.448,6.8644,0.4164
test,2022-01-27,6.44,6.8281,0.3881
test,2022-01-28,6.456,6.8323,0.3763
test,2022-01-29,6.436,6.7778,0.3418
test,2022-01-30,6.412,6.7457,0.3337
test,2022-01-31,6.402,6.7548,0.3528
test,2022-02-01,6.44,6.7554,0.3154
test,2022-02-02,6.404,6.7538,0.3498
test,2022-02-03,6.39,6.7605,0.3705
test,2022-02-04,6.388,6.7326,0.3446
test,2022-02-05,6.472,6.7183,0.2463
test,2022-02-06,6.466,6.7735,0.3075
test,2022-02-07,6.418,6.7543,0.3363
test,2022-02-08,6.402,6.7253,0.3233
test,2022-02-09,6.378,6.72,0.342
test,2022-02-10,6.374,6.7018,0.3278
test,2022-02-11,6.378,6.7321,0.3541
test,2022-02-12,6.452,6.7177,0.2657
test,2022-02-13,6.408,6.7052,0.2972
test,2022-02-14,6.398,6.6801,0.2821
test,2022-02-15,6.372,6.6625,0.2905
test,2022-02-16,6.324,6.6467,0.3227
test,2022-02-17,6.322,6.6242,0.3022
test,2022-02-18,6.356,6.6101,0.2541
test,2022-02-19,6.334,6.606,0.272
test,2022-02-20,6.336,6.5985,0.2625
test,2022-02-21,6.356,6.6391,0.2831
test,2022-02-22,6.34,6.6409,0.3009
test,2022-02-23,6.32,6.6237,0.3037
test,2022-02-24,6.31,6.615,0.305
test,2022-02-25,6.33,6.5957,0.2657
test,2022-02-26,6.324,6.5814,0.2574
test,2022-02-27,6.352,6.5664,0.2144
test,2022-02-28,6.316,6.5615,0.2455
test,2022-03-01,6.31,6.5515,0.2415
test,2022-03-02,6.306,6.5262,0.2202
test,2022-03-03,6.304,6.5029,0.1989
test,2022-03-04,6.306,6.4917,0.1857
test,2022-03-05,6.324,6.4835,0.1595
test,2022-03-06,6.32,6.4862,0.1662
test,2022-03-07,6.308,6.4926,0.1846
test,2022-03-08,6.308,6.4866,0.1786
test,2022-03-09,6.312,6.4884,0.1764
test,2022-03-10,6.316,6.4878,0.1718
test,2022-03-11,6.3,6.4902,0.1902
test,2022-03-12,6.294,6.4843,0.1903
test,2022-03-13,6.316,6.4806,0.1646
test,2022-03-14,6.304,6.4904,0.1864
test,2022-03-15,6.304,6.4915,0.1875
test,2022-03-16,6.28,6.4994,0.2194
test,2022-03-17,6.284,6.5032,0.2192
test,2022-03-18,6.286,6.5051,0.2191
test,2022-03-19,6.292,6.5073,0.2153
test,2022-03-20,6.296,6.5134,0.2174
test,2022-03-21,6.294,6.5142,0.2202
test,2022-03-22,6.27,6.5177,0.2477
test,2022-03-23,6.278,6.5245,0.2465
test,2022-03-24,6.29,6.5456,0.2556
test,2022-03-25,6.298,6.5658,0.2678
test,2022-03-26,6.282,6.5999,0.3179
test,2022-03-27,6.306,6.6677,0.3617
test,2022-03-28,6.296,6.671,0.375
test,2022-03-29,6.448,6.6641,0.2161
test,2022-03-30,6.406,6.7571,0.3511
test,2022-03-31,6.344,6.7314,0.3874
test,2022-04-01,6.388,6.6955,0.3075
test,2022-04-02,6.34,6.7042,0.3642
test,2022-04-03,6.338,6.7073,0.3693
test,2022-04-04,6.32,6.6985,0.3785
test,2022-04-05,6.306,6.6604,0.3544
test,2022-04-06,6.29,6.6454,0.3554
test,2022-04-07,6.276,6.6367,0.3607
test,2022-04-08,6.272,6.6173,0.3453
test,2022-04-09,6.264,6.6106,0.3466
test,2022-04-10,6.252,6.6154,0.3634
test,2022-04-11,6.266,6.6302,0.3642
test,2022-04-12,6.3,6.7228,0.4228
test,2022-04-13,6.262,6.6934,0.4314
test,2022-04-14,6.258,6.6706,0.4126
test,2022-04-15,6.286,6.724,0.438
test,2022-04-16,6.278,6.7369,0.4589
test,2022-04-17,6.252,6.7182,0.4662
test,2022-04-18,6.254,6.6741,0.4201
test,2022-04-19,6.236,6.6639,0.4279
test,2022-04-20,6.356,6.6606,0.3046
test,2022-04-21,6.868,6.8158,-0.0522
test,2022-04-22,6.488,6.9913,0.5033
test,2022-04-23,6.57,6.8425,0.2725
test,2022-04-24,6.468,6.8568,0.3888
test,2022-04-25,6.406,6.7964,0.3904
test,2022-04-26,6.382,6.7424,0.3604
test,2022-04-27,6.358,6.7164,0.3584
test,2022-04-28,6.34,6.6918,0.3518
test,2022-04-29,6.328,6.6929,0.3649
test,2022-04-30,6.322,6.6723,0.3503
test,2022-05-01,6.398,6.6767,0.2787
test,2022-05-02,6.364,6.7078,0.3438
test,2022-05-03,6.492,6.6967,0.2047
test,2022-05-04,7.258,6.8773,-0.3807
test,2022-05-05,7.028,7.355,0.327
test,2022-05-06,6.564,7.1705,0.6065
test,2022-05-07,6.478,6.9189,0.4409
test,2022-05-08,6.418,6.8615,0.4435
test,2022-05-09,7.306,6.795,-0.511
test,2022-05-10,7.48,7.5671,0.0871
test,2022-05-11,6.826,7.6105,0.7845
test,2022-05-12,7.018,7.1916,0.1736
test,2022-05-13,6.782,7.4233,0.6413
test,2022-05-14,8.196,7.3069,-0.8891
test,2022-05-15,6.908,7.8344,0.9264
test,2022-05-16,6.698,7.1787,0.4807
test,2022-05-17,6.606,7.0971,0.4911
test,2022-05-18,6.788,7.0443,0.2563
test,2022-05-19,6.644,7.0757,0.4317
test,2022-05-20,7.802,7.0423,-0.7597
test,2022-05-21,7.402,7.5564,0.1544
test,2022-05-22,7.512,7.422,-0.09
test,2022-05-23,7.296,7.5661,0.2701
test,2022-05-24,6.774,7.3707,0.5967
test,2022-05-25,7.628,7.0437,-0.5843
test,2022-05-26,9.214,7.5329,-1.6811
test,2022-05-27,8.49,8.5704,0.0804
test,2022-05-28,8.114,8.1746,0.0606
test,2022-05-29,7.09,8.1479,1.0579
test,2022-05-30,7.412,7.528,0.116
test,2022-05-31,7.042,7.6036,0.5616
test,2022-06-01,7.028,7.2917,0.2637
test,2022-06-02,6.836,7.2453,0.4093
test,2022-06-03,6.73,7.5262,0.7962
test,2022-06-04,7.012,7.4058,0.3938
test,2022-06-05,7.632,7.4886,-0.1434
test,2022-06-06,6.918,7.6701,0.7521
test,2022-06-07,6.726,7.1622,0.4362
test,2022-06-08,6.696,7.0082,0.3122
test,2022-06-09,6.748,6.978,0.23
test,2022-06-10,7.002,7.3358,0.3338
test,2022-06-11,6.714,7.3511,0.6371
test,2022-06-12,6.624,7.0101,0.3861
test,2022-06-13,6.588,6.9208,0.3328
test,2022-06-14,7.922,6.899,-1.023
test,2022-06-15,7.056,7.5655,0.5095
test,2022-06-16,8.02,7.3211,-0.6989
test,2022-06-17,7.33,8.0002,0.6702
test,2022-06-18,9.068,7.5365,-1.5315
test,2022-06-19,9.884,9.3705,-0.5135
test,2022-06-20,12.514,10.1563,-2.3577
test,2022-06-21,10.322,10.5847,0.2627
test,2022-06-22,8.778,9.2099,0.4319
test,2022-06-23,7.942,8.5217,0.5797
test,2022-06-24,7.388,8.189,0.801
test,2022-06-25,7.078,7.8202,0.7422
test,2022-06-26,6.914,7.482,0.568
test,2022-06-27,6.84,7.2642,0.4242
test,2022-06-28,6.78,7.4298,0.6498
test,2022-06-29,6.988,7.3004,0.3124
test,2022-06-30,7.828,7.4351,-0.3929
test,2022-07-01,7.308,8.3128,1.0048
test,2022-07-02,7.1,7.5854,0.4854
test,2022-07-03,6.854,7.3144,0.4604
test,2022-07-04,6.762,7.3793,0.6173
test,2022-07-05,6.904,7.5643,0.6603
test,2022-07-06,6.962,7.4388,0.4768
test,2022-07-07,6.742,7.3117,0.5697
test,2022-07-08,6.682,7.0882,0.4062
test,2022-07-09,6.684,6.9541,0.2701
test,2022-07-10,6.67,6.9016,0.2316
test,2022-07-11,6.63,6.8445,0.2145
test,2022-07-12,6.688,6.7873,0.0993
test,2022-07-13,6.742,6.7801,0.0381
test,2022-07-14,6.634,6.7823,0.1483
test,2022-07-15,7.578,6.7907,-0.7873
test,2022-07-16,6.898,7.1127,0.2147
test,2022-07-17,6.688,6.9251,0.2371
test,2022-07-18,6.58,6.8591,0.2791
test,2022-07-19,6.574,6.8657,0.2917
test,2022-07-20,7.648,6.8924,-0.7556
test,2022-07-21,7.924,7.4828,-0.4412
test,2022-07-22,6.974,7.6009,0.6269
test,2022-07-23,6.748,7.1897,0.4417
test,2022-07-24,7.388,7.1781,-0.2099
test,2022-07-25,6.93,7.5902,0.6602
test,2022-07-26,8.688,7.2621,-1.4259
test,2022-07-27,8.828,8.2336,-0.5944
test,2022-07-28,7.386,8.1889,0.8029
test,2022-07-29,7.372,7.505,0.133
test,2022-07-30,6.992,7.5069,0.5149
test,2022-07-31,6.848,7.3138,0.4658
test,2022-08-01,7.086,7.1481,0.0621
test,2022-08-02,7.014,7.2546,0.2406
test,2022-08-03,7.116,7.2636,0.1476
test,2022-08-04,7.03,7.3415,0.3115
test,2022-08-05,6.928,7.2333,0.3053
test,2022-08-06,6.78,7.1812,0.4012
test,2022-08-07,7.078,7.0933,0.0153
test,2022-08-08,6.848,7.1481,0.3001
test,2022-08-09,6.756,7.0552,0.2992
test,2022-08-10,6.716,7.0325,0.3165
test,2022-08-11,6.664,7.1543,0.4903
test,2022-08-12,6.676,7.1942,0.5182
test,2022-08-13,6.798,7.0377,0.2397
test,2022-08-14,6.766,7.0455,0.2795
test,2022-08-15,6.662,7.0761,0.4141
test,2022-08-16,6.726,6.9765,0.2505
test,2022-08-17,6.722,6.9204,0.1984
test,2022-08-18,6.6,6.8962,0.2962
test,2022-08-19,7.548,6.912,-0.636
test,2022-08-20,6.79,7.2612,0.4712
test,2022-08-21,6.654,7.0065,0.3525
test,2022-08-22,6.582,6.9516,0.3696
test,2022-08-23,9.014,7.1176,-1.8964
test,2022-08-24,8.3,8.7379,0.4379
test,2022-08-25,7.072,7.7343,0.6623
test,2022-08-26,6.82,7.3353,0.5153
test,2022-08-27,6.824,7.3824,0.5584
test,2022-08-28,6.776,7.3637,0.5877
test,2022-08-29,6.76,7.1313,0.3713
test,2022-08-30,6.626,6.9965,0.3705
test,2022-08-31,6.588,6.9773,0.3893
test,2022-09-01,6.6,6.9399,0.3399
test,2022-09-02,6.658,6.9276,0.2696
test,2022-09-03,7.588,7.0707,-0.5173
test,2022-09-04,7.95,7.4215,-0.5285
test,2022-09-05,8.658,7.672,-0.986
test,2022-09-06,7.294,8.2637,0.9697
test,2022-09-07,6.934,7.6252,0.6912
test,2022-09-08,6.738,7.4203,0.6823
test,2022-09-09,6.748,7.2778,0.5298
test,2022-09-10,7.396,7.153,-0.243
test,2022-09-11,7.276,7.392,0.116
test,2022-09-12,7.154,7.5303,0.3763
test,2022-09-13,7.534,7.9723,0.4383
test,2022-09-14,7.86,8.1313,0.2713
test,2022-09-15,7.524,8.1692,0.6452
test,2022-09-16,7.084,7.7717,0.6877
test,2022-09-17,6.968,7.5962,0.6282
test,2022-09-18,9.78,7.343,-2.437
test,2022-09-19,10.718,8.5542,-2.1638
test,2022-09-20,8.418,9.1628,0.7448
test,2022-09-21,7.408,8.1859,0.7779
test,2022-09-22,7.046,7.9594,0.9134
test,2022-09-23,6.964,7.7436,0.7796
test,2022-09-24,7.21,7.418,0.208
test,2022-09-25,7.164,7.3134,0.1494
test,2022-09-26,6.932,7.333,0.401
test,2022-09-27,7.354,7.4149,0.0609
test,2022-09-28,6.98,7.46,0.48
test,2022-09-29,6.812,7.2647,0.4527
test,2022-09-30,6.792,7.1148,0.3228
test,2022-10-01,7.662,7.069,-0.593
test,2022-10-02,6.52,7.4587,0.9387
test,2022-10-03,7.116,7.1913,0.0753
test,2022-10-04,7.046,7.4943,0.4483
test,2022-10-05,7.954,7.4871,-0.4669
test,2022-10-06,7.224,7.6778,0.4538
test,2022-10-07,6.826,7.3633,0.5373
test,2022-10-08,6.822,7.1977,0.3757
test,2022-10-09,6.872,7.1249,0.2529
test,2022-10-10,6.792,7.0188,0.2268
test,2022-10-11,6.936,6.9593,0.0233
test,2022-10-12,6.79,6.9527,0.1627
test,2022-10-13,6.792,6.9573,0.1653
test,2022-10-14,6.764,6.9261,0.1621
test,2022-10-15,6.724,6.8977,0.1737
test,2022-10-16,6.718,6.8651,0.1471
test,2022-10-17,6.706,6.8408,0.1348
test,2022-10-18,6.858,6.8506,-0.0074
test,2022-10-19,6.726,6.9374,0.2114
test,2022-10-20,6.688,6.925,0.237
test,2022-10-21,6.67,6.8963,0.2263
test,2022-10-22,6.638,6.8702,0.2322
test,2022-10-23,6.646,6.8402,0.1942
test,2022-10-24,6.9,7.0411,0.1411
test,2022-10-25,7.904,7.6082,-0.2958
test,2022-10-26,7.06,7.4876,0.4276
test,2022-10-27,6.79,7.13,0.34
test,2022-10-28,6.732,7.0407,0.3087
test,2022-10-29,6.698,6.9909,0.2929
test,2022-10-30,6.69,6.8846,0.1946
test,2022-10-31,6.682,6.8387,0.1567
test,2022-11-01,6.682,6.8268,0.1448
test,2022-11-02,6.67,6.8412,0.1712
test,2022-11-03,6.66,6.8135,0.1535
test,2022-11-04,6.656,6.8035,0.1475
test,2022-11-05,6.658,6.8056,0.1476
test,2022-11-06,6.648,6.8109,0.1629
test,2022-11-07,6.636,6.8114,0.1754
test,2022-11-08,6.636,6.8057,0.1697
test,2022-11-09,6.67,6.8157,0.1457
test,2022-11-10,6.658,6.8136,0.1556
test,2022-11-11,6.658,6.7922,0.1342
test,2022-11-12,6.664,6.7793,0.1153
test,2022-11-13,6.648,6.7752,0.1272
test,2022-11-14,6.662,6.7669,0.1049
test,2022-11-15,6.65,6.7644,0.1144
test,2022-11-16,6.646,6.7607,0.1147
test,2022-11-17,6.646,6.7592,0.1132
test,2022-11-18,6.64,6.7578,0.1178
test,2022-11-19,6.64,6.7534,0.1134
test,2022-11-20,6.63,6.7641,0.1341
test,2022-11-21,6.626,6.8242,0.1982
test,2022-11-22,6.63,6.8121,0.1821
test,2022-11-23,6.63,6.7719,0.1419
test,2022-11-24,6.63,6.7537,0.1237
test,2022-11-25,6.63,6.7573,0.1273
test,2022-11-26,6.63,6.7639,0.1339
test,2022-11-27,6.624,6.7687,0.1447
test,2022-11-28,6.63,6.7982,0.1682
test,2022-11-29,6.628,6.8854,0.2574
test,2022-11-30,6.62,6.9188,0.2988
test,2022-12-01,6.62,6.9029,0.2829
test,2022-12-02,6.62,6.8276,0.2076
test,2022-12-03,6.62,6.7842,0.1642
test,2022-12-04,6.62,6.7647,0.1447
test,2022-12-05,6.61,6.7591,0.1491
test,2022-12-06,6.608,6.7574,0.1494
test,2022-12-07,6.61,6.7527,0.1427
test,2022-12-08,6.618,6.7503,0.1323
test,2022-12-09,6.636,6.7528,0.1168
test,2022-12-10,6.622,6.76,0.138
test,2022-12-11,6.618,6.7634,0.1454
test,2022-12-12,6.618,6.7656,0.1476
test,2022-12-13,6.628,6.7671,0.1391
test,2022-12-14,6.628,6.7726,0.1446
test,2022-12-15,6.628,6.7751,0.1471
test,2022-12-16,6.634,6.7754,0.1414
test,2022-12-17,6.636,6.7808,0.1448
test,2022-12-18,6.66,6.7867,0.1267
test,2022-12-19,6.636,6.8151,0.1791
test,2022-12-20,6.628,6.8144,0.1864
test,2022-12-21,6.62,6.8008,0.1808
test,2022-12-22,6.622,6.7904,0.1684
test,2022-12-23,6.622,6.7924,0.1704
test,2022-12-24,6.626,6.7935,0.1675
test,2022-12-25,6.62,6.7956,0.1756
test,2022-12-26,6.62,6.8035,0.1835
test,2022-12-27,6.63,6.8121,0.1821
test,2022-12-28,6.648,6.872,0.224
test,2022-12-29,6.698,6.8951,0.1971
test,2022-12-30,6.66,6.874,0.214
test,2022-12-31,6.63,6.8712,0.2412
test,2023-01-01,6.62,6.8712,0.2512
test,2023-01-02,6.612,6.8407,0.2287
test,2023-01-03,6.604,6.8258,0.2218
test,2023-01-04,6.606,6.8161,0.2101
test,2023-01-05,6.606,6.8175,0.2115
test,2023-01-06,6.6,6.8241,0.2241
test,2023-01-07,6.6,6.8253,0.2253
test,2023-01-08,6.6,6.8217,0.2217
test,2023-01-09,6.598,6.8153,0.2173
test,2023-01-10,6.584,6.8036,0.2196
test,2023-01-11,6.572,6.7846,0.2126
test,2023-01-12,6.57,6.7696,0.1996
test,2023-01-13,6.558,6.7659,0.2079
test,2023-01-14,6.556,6.7694,0.2134
test,2023-01-15,6.556,6.7922,0.2362
test,2023-01-16,6.56,6.8002,0.2402
test,2023-01-17,6.548,6.7947,0.2467
test,2023-01-18,6.534,6.781,0.247
test,2023-01-19,6.534,6.777,0.243
test,2023-01-20,6.534,6.764,0.23
test,2023-01-21,6.538,6.7518,0.2138
test,2023-01-22,6.54,6.7438,0.2038
test,2023-01-23,6.53,6.7391,0.2091
test,2023-01-24,6.526,6.7338,0.2078
test,2023-01-25,6.518,6.725,0.207
test,2023-01-26,6.514,6.7121,0.1981
test,2023-01-27,6.502,6.7075,0.2055
test,2023-01-28,6.504,6.6989,0.1949
test,2023-01-29,6.484,6.685,0.201
test,2023-01-30,6.482,6.6701,0.1881
test,2023-01-31,6.464,6.6579,0.1939
test,2023-02-01,6.47,6.6535,0.1835
test,2023-02-02,6.468,6.6603,0.1923
test,2023-02-03,6.468,6.6468,0.1788
test,2023-02-04,6.454,6.6213,0.1673
test,2023-02-05,6.456,6.616,0.16
test,2023-02-06,6.502,6.6179,0.1159
test,2023-02-07,6.644,6.6312,-0.0128
test,2023-02-08,6.686,6.6849,-0.0011
test,2023-02-09,6.68,6.7369,0.0569
test,2023-02-10,6.676,6.7615,0.0855
test,2023-02-11,6.642,6.7491,0.1071
test,2023-02-12,6.604,6.7248,0.1208
test,2023-02-13,6.564,6.7262,0.1622
test,2023-02-14,6.468,6.6989,0.2309
test,2023-02-15,6.456,6.6584,0.2024
test,2023-02-16,6.416,6.6415,0.2255
test,2023-02-17,6.536,6.6288,0.0928
test,2023-02-18,6.51,6.6384,0.1284
test,2023-02-19,6.512,6.6444,0.1324
test,2023-02-20,6.536,6.656,0.12
test,2023-02-21,6.546,6.6805,0.1345
test,2023-02-22,6.544,6.6917,0.1477
test,2023-02-23,6.572,6.7011,0.1291
test,2023-02-24,6.562,6.7163,0.1543
test,2023-02-25,6.55,6.7053,0.1553
test,2023-02-26,6.534,6.6719,0.1379
test,2023-02-27,6.512,6.6607,0.1487
test,2023-02-28,6.484,6.6382,0.1542
test,2023-03-01,6.498,6.628,0.13
test,2023-03-02,6.512,6.6094,0.0974
test,2023-03-03,6.522,6.6031,0.0811
test,2023-03-04,6.476,6.6058,0.1298
test,2023-03-05,6.47,6.601,0.131
test,2023-03-06,6.49,6.5947,0.1047
test,2023-03-07,6.524,6.5899,0.0659
test,2023-03-08,6.51,6.5957,0.0857
test,2023-03-09,6.506,6.5841,0.0781
test,2023-03-10,6.528,6.6124,0.0844
test,2023-03-11,6.526,6.6141,0.0881
test,2023-03-12,6.504,6.6319,0.1279
test,2023-03-13,6.494,6.6231,0.1291
test,2023-03-14,6.476,6.6165,0.1405
test,2023-03-15,6.516,6.6071,0.0911
test,2023-03-16,6.574,6.6515,0.0775
test,2023-03-17,6.622,6.681,0.059
test,2023-03-18,6.6,6.7047,0.1047
test,2023-03-19,6.57,6.726,0.156
test,2023-03-20,6.658,6.9396,0.2816
test,2023-03-21,6.678,7.0712,0.3932
test,2023-03-22,7.008,7.0596,0.0516
test,2023-03-23,6.694,7.1423,0.4483
test,2023-03-24,6.674,6.9589,0.2849
test,2023-03-25,6.562,6.8749,0.3129
test,2023-03-26,6.538,6.8058,0.2678
test,2023-03-27,6.528,6.7521,0.2241
test,2023-03-28,6.532,6.7362,0.2042
test,2023-03-29,6.556,6.7354,0.1794
test,2023-03-30,6.574,6.7438,0.1698
test,2023-03-31,6.818,6.7754,-0.0426
test,2023-04-01,6.824,6.9318,0.1078
test,2023-04-02,6.834,7.1671,0.3331
test,2023-04-03,6.814,6.9529,0.1389
test,2023-04-04,6.882,6.9329,0.0509
test,2023-04-05,6.924,6.927,0.003
test,2023-04-06,6.806,6.9635,0.1575
test,2023-04-07,6.664,6.8578,0.1938
test,2023-04-08,6.59,6.7725,0.1825
test,2023-04-09,6.562,6.7225,0.1605
test,2023-04-10,6.532,6.6816,0.1496
test,2023-04-11,6.504,6.6461,0.1421
test,2023-04-12,6.45,6.6312,0.1812
test,2023-04-13,6.456,6.6265,0.1705
test,2023-04-14,6.45,6.6136,0.1636
test,2023-04-15,6.44,6.6062,0.1662
test,2023-04-16,6.442,6.6065,0.1645
test,2023-04-17,6.438,6.6182,0.1802
test,2023-04-18,6.442,6.6384,0.1964
test,2023-04-19,6.432,6.6434,0.2114
test,2023-04-20,6.422,6.6609,0.2389
test,2023-04-21,6.432,6.6853,0.2533
test,2023-04-22,6.47,6.7076,0.2376
test,2023-04-23,6.49,6.721,0.231
test,2023-04-24,6.452,6.8551,0.4031
test,2023-04-25,6.434,6.7575,0.3235
test,2023-04-26,6.428,6.6807,0.2527
test,2023-04-27,6.42,6.6722,0.2522
test,2023-04-28,6.36,6.6472,0.2872
test,2023-04-29,6.454,6.6251,0.1711
test,2023-04-30,6.44,6.6623,0.2223
test,2023-05-01,6.448,6.6599,0.2119
test,2023-05-02,6.468,6.6812,0.2132
test,2023-05-03,6.442,6.6958,0.2538
test,2023-05-04,6.478,6.7024,0.2244
test,2023-05-05,6.476,6.7946,0.3186
test,2023-05-06,6.478,6.7912,0.3132
test,2023-05-07,6.466,6.7881,0.3221
test,2023-05-08,6.46,6.7619,0.3019
test,2023-05-09,6.456,6.7388,0.2828
test,2023-05-10,6.466,6.7446,0.2786
test,2023-05-11,6.458,6.7498,0.2918
test,2023-05-12,6.456,6.7524,0.2964
test,2023-05-13,6.474,6.7586,0.2846
test,2023-05-14,6.4816,6.857,0.3754
test,2023-05-15,6.49,7.1019,0.6119
test,2023-05-16,6.488,6.9416,0.4536
test,2023-05-17,6.484,7.009,0.525
test,2023-05-18,6.518,7.0051,0.4871
test,2023-05-19,6.628,6.9699,0.3419
test,2023-05-20,6.538,6.9414,0.4034
test,2023-05-21,6.542,6.8748,0.3328
test,2023-05-22,6.52,6.8412,0.3212
test,2023-05-23,6.534,6.8211,0.2871
test,2023-05-24,7.34,6.8295,-0.5105
test,2023-05-25,6.76,7.7897,1.0297
test,2023-05-26,6.648,7.2479,0.5999
test,2023-05-27,6.578,6.9862,0.4082
test,2023-05-28,6.606,6.9568,0.3508
test,2023-05-29,6.562,6.8849,0.3229
test,2023-05-30,6.53,6.812,0.282
test,2023-05-31,6.512,6.7662,0.2542
test,2023-06-01,6.498,6.7621,0.2641
test,2023-06-02,6.488,6.7712,0.2832
test,2023-06-03,6.484,6.7671,0.2831
test,2023-06-04,6.478,6.7606,0.2826
test,2023-06-05,6.532,6.7581,0.2261
test,2023-06-06,6.504,6.7802,0.2762
test,2023-06-07,6.508,6.7939,0.2859
test,2023-06-08,6.528,6.8815,0.3535
test,2023-06-09,7.01,7.1436,0.1336
test,2023-06-10,6.85,7.4797,0.6297
test,2023-06-11,7.218,7.4077,0.1897
test,2023-06-12,6.882,7.5543,0.6723
test,2023-06-13,7.048,7.2347,0.1867
test,2023-06-14,6.706,7.2454,0.5394
test,2023-06-15,6.636,7.1056,0.4696
test,2023-06-16,6.598,7.0491,0.4511
test,2023-06-17,7.472,6.9891,-0.4829
test,2023-06-18,7.026,7.4727,0.4467
test,2023-06-19,7.85,7.1751,-0.6749
test,2023-06-20,7.198,7.8967,0.6987
test,2023-06-21,6.818,7.2551,0.4371
test,2023-06-22,6.786,7.0686,0.2826
test,2023-06-23,6.62,7.2028,0.5828
test,2023-06-24,6.658,7.0824,0.4244
test,2023-06-25,6.632,7.0822,0.4502
test,2023-06-26,6.592,6.9827,0.3907
test,2023-06-27,6.574,7.0568,0.4828
test,2023-06-28,6.604,7.782,1.178
test,2023-06-29,6.64,7.2245,0.5845
test,2023-06-30,6.64,7.21,0.57
test,2023-07-01,7.866,7.072,-0.794
test,2023-07-02,7.318,7.8267,0.5087
test,2023-07-03,6.886,7.3948,0.5088
test,2023-07-04,6.66,7.1255,0.4655
test,2023-07-05,7.66,7.0069,-0.6531
test,2023-07-06,7.172,7.3952,0.2232
test,2023-07-07,6.768,7.2617,0.4937
test,2023-07-08,6.712,7.0088,0.2968
test,2023-07-09,6.698,6.9801,0.2821
test,2023-07-10,6.906,7.0502,0.1442
test,2023-07-11,6.784,7.2882,0.5042
test,2023-07-12,6.676,6.9877,0.3117
test,2023-07-13,6.638,6.9154,0.2774
test,2023-07-14,6.63,6.9189,0.2889
test,2023-07-15,6.594,7.0622,0.4682
test,2023-07-16,6.586,6.9226,0.3366
test,2023-07-17,6.558,6.9145,0.3565
test,2023-07-18,6.604,6.8526,0.2486
test,2023-07-19,6.724,6.8238,0.0998
test,2023-07-20,6.598,6.8646,0.2666
test,2023-07-21,6.554,6.8324,0.2784
test,2023-07-22,6.896,6.8015,-0.0945
test,2023-07-23,6.706,6.9034,0.1974
test,2023-07-24,6.59,6.8498,0.2598
test,2023-07-25,7.198,6.8279,-0.3701
test,2023-07-26,7.42,7.0812,-0.3388
test,2023-07-27,6.984,7.2096,0.2256
test,2023-07-28,6.946,7.0642,0.1182
test,2023-07-29,6.866,7.1107,0.2447
test,2023-07-30,6.752,7.0648,0.3128
test,2023-07-31,6.652,7.042,0.39
test,2023-08-01,6.916,7.0337,0.1177
test,2023-08-02,6.866,7.286,0.42
test,2023-08-03,7.578,7.3881,-0.1899
test,2023-08-04,10.138,7.9715,-2.1665
test,2023-08-05,9.48,9.4891,0.0091
test,2023-08-06,10.148,9.0534,-1.0946
test,2023-08-07,12.516,10.1434,-2.3726
test,2023-08-08,11.63,10.6271,-1.0029
test,2023-08-09,10.114,10.1277,0.0137
test,2023-08-10,9.3,9.2272,-0.0728
test,2023-08-11,8.462,9.0801,0.6181
test,2023-08-12,7.828,8.9305,1.1025
test,2023-08-13,7.424,8.2124,0.7884
test,2023-08-14,7.73,8.2344,0.5044
test,2023-08-15,7.844,8.129,0.285
test,2023-08-16,8.644,8.1222,-0.5218
test,2023-08-17,8.424,8.3568,-0.0672
test,2023-08-18,7.444,8.1453,0.7013
test,2023-08-19,7.094,7.7896,0.6956
test,2023-08-20,6.964,7.6204,0.6564
test,2023-08-21,7.254,7.5014,0.2474
test,2023-08-22,6.97,7.7468,0.7768
test,2023-08-23,6.872,7.7839,0.9119
test,2023-08-24,6.828,7.6238,0.7958
test,2023-08-25,7.082,7.571,0.489
test,2023-08-26,7.338,7.6602,0.3222
test,2023-08-27,8.914,7.803,-1.111
test,2023-08-28,9.216,8.6883,-0.5277
test,2023-08-29,7.782,8.3853,0.6033
test,2023-08-30,7.162,7.715,0.553
test,2023-08-31,8.024,7.5763,-0.4477
test,2023-09-01,7.386,7.9365,0.5505
test,2023-09-02,8.3,7.4974,-0.8026
test,2023-09-03,9.958,7.7515,-2.2065
test,2023-09-04,8.324,8.9585,0.6345
test,2023-09-05,7.274,8.0544,0.7804
test,2023-09-06,7.002,7.7906,0.7886
test,2023-09-07,7.254,7.6884,0.4344
test,2023-09-08,7.7,7.6186,-0.0814
test,2023-09-09,7.26,7.887,0.627
test,2023-09-10,6.88,7.4615,0.5815
test,2023-09-11,6.856,7.4436,0.5876
test,2023-09-12,6.78,7.4594,0.6794
test,2023-09-13,6.746,7.2748,0.5288
test,2023-09-14,6.812,7.1194,0.3074
test,2023-09-15,6.846,7.0792,0.2332
test,2023-09-16,6.69,7.0433,0.3533
test,2023-09-17,6.736,6.9946,0.2586
test,2023-09-18,8.41,7.2913,-1.1187
test,2023-09-19,7.756,8.2263,0.4703
test,2023-09-20,7.714,7.628,-0.086
test,2023-09-21,7.264,7.8711,0.6071
test,2023-09-22,6.914,7.5153,0.6013
test,2023-09-23,6.998,7.2823,0.2843
test,2023-09-24,7.35,7.2212,-0.1288
test,2023-09-25,6.97,7.167,0.197
test,2023-09-26,6.744,7.0604,0.3164
test,2023-09-27,6.694,7.0038,0.3098
test,2023-09-28,6.7,6.9765,0.2765
test,2023-09-29,6.662,6.9474,0.2854
test,2023-09-30,6.644,6.9069,0.2629
test,2023-10-01,6.618,6.9082,0.2902
test,2023-10-02,6.598,6.8848,0.2868
test,2023-10-03,6.838,6.9105,0.0725
test,2023-10-04,6.932,7.1959,0.2639
test,2023-10-05,6.976,7.2011,0.2251
test,2023-10-06,6.994,7.3777,0.3837
test,2023-10-07,6.788,7.2648,0.4768
test,2023-10-08,6.744,7.0753,0.3313
test,2023-10-09,6.92,7.02,0.1
test,2023-10-10,6.73,7.032,0.302
test,2023-10-11,6.74,6.9464,0.2064
test,2023-10-12,6.656,6.9127,0.2567
test,2023-10-13,6.688,6.8924,0.2044
test,2023-10-14,6.598,6.8757,0.2777
test,2023-10-15,6.59,6.8369,0.2469
test,2023-10-16,6.57,6.8075,0.2375
test,2023-10-17,6.556,6.7864,0.2304
test,2023-10-18,6.552,6.7553,0.2033
test,2023-10-19,6.542,6.7432,0.2012
test,2023-10-20,6.55,6.7498,0.1998
test,2023-10-21,6.544,6.7556,0.2116
test,2023-10-22,6.54,6.7546,0.2146
test,2023-10-23,6.552,6.7766,0.2246
test,2023-10-24,6.56,6.9674,0.4074
test,2023-10-25,6.586,7.1621,0.5761
test,2023-10-26,6.65,7.0794,0.4294
test,2023-10-27,6.57,6.9408,0.3708
test,2023-10-28,6.554,6.8544,0.3004
test,2023-10-29,6.532,6.8003,0.2683
test,2023-10-30,6.522,6.7583,0.2363
test,2023-10-31,6.52,6.7317,0.2117
test,2023-11-01,6.526,6.7325,0.2065
test,2023-11-02,6.514,6.7367,0.2227
test,2023-11-03,6.514,6.7286,0.2146
test,2023-11-04,6.508,6.7268,0.2188
test,2023-11-05,6.506,6.7355,0.2295
test,2023-11-06,6.51,6.7331,0.2231
test,2023-11-07,6.504,6.7208,0.2168
test,2023-11-08,6.498,6.7131,0.2151
test,2023-11-09,6.476,6.7262,0.2502
test,2023-11-10,6.48,6.7269,0.2469
test,2023-11-11,6.466,6.7181,0.2521
test,2023-11-12,6.46,6.7103,0.2503
test,2023-11-13,6.46,6.7046,0.2446
test,2023-11-14,6.464,6.7072,0.2432
test,2023-11-15,6.462,6.72,0.258
test,2023-11-16,6.456,6.7534,0.2974
test,2023-11-17,6.682,7.0226,0.3406
test,2023-11-18,11.33,8.034,-3.296
test,2023-11-19,9.252,9.1569,-0.0951
test,2023-11-20,7.056,8.3012,1.2452
test,2023-11-21,6.796,7.8628,1.0668
test,2023-11-22,6.69,7.7672,1.0772
test,2023-11-23,6.64,7.4525,0.8125
test,2023-11-24,6.642,7.1174,0.4754
test,2023-11-25,6.632,6.9369,0.3049
test,2023-11-26,6.61,7.1294,0.5194
test,2023-11-27,6.58,7.085,0.505
test,2023-11-28,6.558,6.9358,0.3778
test,2023-11-29,6.554,6.8535,0.2995
test,2023-11-30,6.554,6.8131,0.2591
test,2023-12-01,6.552,6.7734,0.2214
test,2023-12-02,6.552,6.7218,0.1698
test,2023-12-03,6.542,6.9311,0.3891
test,2023-12-04,6.532,6.93,0.398
test,2023-12-05,6.6,6.9059,0.3059
test,2023-12-06,6.6,7.0262,0.4262
test,2023-12-07,6.588,7.0794,0.4914
test,2023-12-08,6.878,7.2609,0.3829
test,2023-12-09,6.744,7.1038,0.3598
test,2023-12-10,6.562,6.9616,0.3996
test,2023-12-11,6.53,6.8596,0.3296
test,2023-12-12,6.516,6.7907,0.2747
test,2023-12-13,6.51,6.7424,0.2324
test,2023-12-14,6.642,6.712,0.07
test,2023-12-15,6.572,6.7081,0.1361
test,2023-12-16,6.53,6.7113,0.1813
test,2023-12-17,6.524,6.7062,0.1822
test,2023-12-18,6.518,6.7058,0.1878
test,2023-12-19,6.512,6.7166,0.2046
test,2023-12-20,6.508,6.7329,0.2249
test,2023-12-21,6.566,6.7421,0.1761
test,2023-12-22,6.534,6.7826,0.2486
test,2023-12-23,6.532,6.8099,0.2779
test,2023-12-24,6.52,6.832,0.312
test,2023-12-25,6.506,6.8439,0.3379
test,2023-12-26,6.502,6.818,0.316
test,2023-12-27,6.49,6.7998,0.3098
test,2023-12-28,6.492,6.7843,0.2923
test,2023-12-29,6.484,6.7788,0.2948
test,2023-12-30,6.49,6.7608,0.2708
test,2023-12-31,6.486,6.7314,0.2454
test,2024-01-01,6.48,6.7141,0.2341
test,2024-01-02,6.472,6.6948,0.2228
test,2024-01-03,6.472,6.6977,0.2257
test,2024-01-04,6.46,6.6901,0.2301
test,2024-01-05,6.46,6.6819,0.2219
test,2024-01-06,6.46,6.6795,0.2195
test,2024-01-07,6.454,6.6842,0.2302
test,2024-01-08,6.444,6.6849,0.2409
test,2024-01-09,6.434,6.683,0.249
test,2024-01-10,6.43,6.6792,0.2492
test,2024-01-11,6.434,6.6808,0.2468
test,2024-01-12,6.434,6.688,0.254
test,2024-01-13,6.436,6.6981,0.2621
test,2024-01-14,6.44,6.7181,0.2781
test,2024-01-15,6.44,6.7449,0.3049
test,2024-01-16,6.44,6.7801,0.3401
test,2024-01-17,6.43,6.8078,0.3778
test,2024-01-18,6.43,6.7969,0.3669
test,2024-01-19,6.44,6.8044,0.3644
test,2024-01-20,6.44,6.7718,0.3318
test,2024-01-21,6.438,6.7439,0.3059
test,2024-01-22,6.436,6.7426,0.3066
test,2024-01-23,6.44,6.7495,0.3095
test,2024-01-24,6.43,6.7545,0.3245
test,2024-01-25,6.432,6.8889,0.4569
test,2024-01-26,6.44,6.8529,0.4129
test,2024-01-27,6.434,6.7997,0.3657
test,2024-01-28,6.428,6.7708,0.3428
test,2024-01-29,6.416,6.7511,0.3351
test,2024-01-30,6.398,6.7352,0.3372
test,2024-01-31,6.398,6.7317,0.3337
test,2024-02-01,6.4,6.7817,0.3817
test,2024-02-02,6.41,6.7793,0.3693
test,2024-02-03,6.418,6.7917,0.3737
test,2024-02-04,6.396,6.7547,0.3587
test,2024-02-05,6.418,6.7224,0.3044
test,2024-02-06,6.384,6.708,0.324
test,2024-02-07,6.388,6.7332,0.3452
test,2024-02-08,6.392,6.7184,0.3264
test,2024-02-09,6.384,6.6792,0.2952
test,2024-02-10,6.384,6.6557,0.2717
test,2024-02-11,6.378,6.6496,0.2716
test,2024-02-12,6.38,6.6452,0.2652
test,2024-02-13,6.4,6.6383,0.2383
test,2024-02-14,6.448,6.6312,0.1832
test,2024-02-15,6.462,6.6417,0.1797
test,2024-02-16,6.448,6.6584,0.2104
test,2024-02-17,6.454,6.6478,0.1938
test,2024-02-18,6.468,6.6308,0.1628
test,2024-02-19,6.442,6.6238,0.1818
test,2024-02-20,6.564,6.6148,0.0508
test,2024-02-21,6.506,6.6714,0.1654
test,2024-02-22,6.436,6.7448,0.3088
test,2024-02-23,6.492,6.7776,0.2856
test,2024-02-24,6.588,6.8637,0.2757
test,2024-02-25,6.496,6.7811,0.2851
test,2024-02-26,6.454,6.7042,0.2502
test,2024-02-27,6.424,6.6634,0.2394
test,2024-02-28,6.396,6.6275,0.2315
test,2024-02-29,6.388,6.6135,0.2255
test,2024-03-01,6.386,6.5853,0.1993
test,2024-03-02,6.358,6.5591,0.2011
test,2024-03-03,6.38,6.5436,0.1636
test,2024-03-04,6.414,6.5466,0.1326
test,2024-03-05,6.416,6.5673,0.1513
test,2024-03-06,6.426,6.5816,0.1556
test,2024-03-07,6.402,6.5578,0.1558
test,2024-03-08,6.394,6.5442,0.1502
test,2024-03-09,6.416,6.539,0.123
test,2024-03-10,6.396,6.5387,0.1427
test,2024-03-11,6.374,6.5388,0.1648
test,2024-03-12,6.338,6.5313,0.1933
test,2024-03-13,6.348,6.5276,0.1796
test,2024-03-14,6.338,6.5439,0.2059
test,2024-03-15,6.43,6.575,0.145
test,2024-03-16,6.508,6.5902,0.0822
test,2024-03-17,6.42,6.5989,0.1789
test,2024-03-18,6.412,6.5767,0.1647
test,2024-03-19,6.382,6.5695,0.1875
test,2024-03-20,6.384,6.5801,0.1961
test,2024-03-21,6.402,6.579,0.177
test,2024-03-22,6.422,6.6227,0.2007
test,2024-03-23,6.438,6.6675,0.2295
test,2024-03-24,6.836,6.6723,-0.1637
test,2024-03-25,6.744,6.9492,0.2052
test,2024-03-26,6.564,6.8407,0.2767
test,2024-03-27,6.48,6.7365,0.2565
test,2024-03-28,6.496,6.715,0.219
test,2024-03-29,6.864,6.7166,-0.1474
test,2024-03-30,6.66,6.8628,0.2028
test,2024-03-31,6.642,6.8296,0.1876
test,2024-04-01,6.672,6.8227,0.1507
test,2024-04-02,6.552,6.8419,0.2899
test,2024-04-03,6.5,6.8645,0.3645
test,2024-04-04,6.464,6.7566,0.2926
test,2024-04-05,6.436,6.6987,0.2627
test,2024-04-06,6.428,6.7144,0.2864
test,2024-04-07,6.434,6.6959,0.2619
test,2024-04-08,6.414,6.678,0.264
test,2024-04-09,6.404,6.659,0.255
test,2024-04-10,6.38,6.628,0.248
test,2024-04-11,6.368,6.5898,0.2218
test,2024-04-12,6.356,6.6039,0.2479
test,2024-04-13,6.336,6.5993,0.2633
test,2024-04-14,6.334,6.6043,0.2703
test,2024-04-15,6.348,6.5908,0.2428
test,2024-04-16,6.322,6.6125,0.2905
test,2024-04-17,6.338,6.6157,0.2777
test,2024-04-18,6.62,6.7038,0.0838
test,2024-04-19,6.748,6.8195,0.0715
test,2024-04-20,6.562,6.8426,0.2806
test,2024-04-21,6.468,6.8175,0.3495
test,2024-04-22,6.444,6.8098,0.3658
test,2024-04-23,6.412,6.7855,0.3735
test,2024-04-24,6.382,6.751,0.369
test,2024-04-25,6.366,6.7262,0.3602
test,2024-04-26,6.358,6.7377,0.3797
test,2024-04-27,6.364,6.7362,0.3722
test,2024-04-28,6.34,6.734,0.394
test,2024-04-29,6.354,6.7426,0.3886
test,2024-04-30,6.352,6.7432,0.3912
test,2024-05-01,6.352,6.7642,0.4122
test,2024-05-02,6.366,6.7827,0.4167
test,2024-05-03,6.764,7.3508,0.5868
test,2024-05-04,6.662,7.1119,0.4499
test,2024-05-05,6.804,6.9722,0.1682
test,2024-05-06,7.122,7.2509,0.1289
test,2024-05-07,7.072,7.4991,0.4271
test,2024-05-08,6.76,7.3052,0.5452
test,2024-05-09,6.616,7.0839,0.4679
test,2024-05-10,6.528,6.9833,0.4553
test,2024-05-11,6.506,6.9171,0.4111
test,2024-05-12,6.926,6.9077,-0.0183
test,2024-05-13,6.618,6.9943,0.3763
test,2024-05-14,6.516,6.8832,0.3672
test,2024-05-15,6.572,6.8465,0.2745
test,2024-05-16,6.454,6.8439,0.3899
test,2024-05-17,6.43,6.7674,0.3374
test,2024-05-18,6.444,6.7395,0.2955
test,2024-05-19,6.464,6.768,0.304
test,2024-05-20,6.442,6.8349,0.3929
test,2024-05-21,6.438,6.8149,0.3769
test,2024-05-22,6.432,6.7796,0.3476
test,2024-05-23,6.43,6.7534,0.3234
test,2024-05-24,6.478,6.7757,0.2977
test,2024-05-25,6.58,6.7903,0.2103
test,2024-05-26,6.536,6.8552,0.3192
test,2024-05-27,6.79,6.9016,0.1116
test,2024-05-28,11.408,8.3907,-3.0173
test,2024-05-29,9.16,10.0397,0.8797
test,2024-05-30,7.192,8.4757,1.2837
test,2024-05-31,6.766,7.9194,1.1534
test,2024-06-01,6.668,7.6971,1.0291
test,2024-06-02,6.584,7.4003,0.8163
test,2024-06-03,6.57,7.1411,0.5711
test,2024-06-04,6.846,6.9554,0.1094
test,2024-06-05,6.646,7.2972,0.6512
test,2024-06-06,6.562,7.1251,0.5631
test,2024-06-07,6.578,6.9793,0.4013
test,2024-06-08,7.406,6.9815,-0.4245
test,2024-06-09,7.4,7.2635,-0.1365
test,2024-06-10,7.972,7.247,-0.725
test,2024-06-11,7.816,7.5801,-0.2359
test,2024-06-12,6.956,7.7923,0.8363
test,2024-06-13,7.434,7.4799,0.0459
test,2024-06-14,10.532,7.7027,-2.8293
test,2024-06-15,8.472,9.5107,1.0387
test,2024-06-16,7.328,8.1792,0.8512
test,2024-06-17,7.004,7.6996,0.6956
test,2024-06-18,6.834,7.5877,0.7537
test,2024-06-19,8.58,7.445,-1.135
test,2024-06-20,8.038,8.6432,0.6052
test,2024-06-21,7.306,7.7801,0.4741
test,2024-06-22,6.938,7.6606,0.7226
test,2024-06-23,6.802,7.4206,0.6186
test,2024-06-24,6.722,7.2366,0.5146
test,2024-06-25,6.736,7.0978,0.3618
test,2024-06-26,6.724,7.0147,0.2907
test,2024-06-27,7.156,7.1185,-0.0375
test,2024-06-28,6.854,7.2984,0.4444
test,2024-06-29,7.258,7.5066,0.2486
test,2024-06-30,8.7,7.8713,-0.8287
test,2024-07-01,10.488,9.1915,-1.2965
test,2024-07-02,12.674,10.3897,-2.2843
test,2024-07-03,11.028,10.7169,-0.3111
test,2024-07-04,9.41,9.8552,0.4452
test,2024-07-05,8.668,9.2508,0.5828
test,2024-07-06,8.604,8.6734,0.0694
test,2024-07-07,7.836,8.403,0.567
test,2024-07-08,7.288,7.9732,0.6852
test,2024-07-09,7.062,7.6442,0.5822
test,2024-07-10,7.05,7.6911,0.6411
test,2024-07-11,7.002,7.6423,0.6403
test,2024-07-12,8.136,7.5114,-0.6246
test,2024-07-13,7.23,8.2358,1.0058
test,2024-07-14,6.914,7.5426,0.6286
test,2024-07-15,6.82,7.3548,0.5348
test,2024-07-16,6.736,7.4247,0.6887
test,2024-07-17,6.774,7.5929,0.8189
test,2024-07-18,6.71,7.4522,0.7422
test,2024-07-19,6.63,7.2451,0.6151
test,2024-07-20,6.62,7.1222,0.5022
test,2024-07-21,6.672,7.0635,0.3915
test,2024-07-22,6.686,7.0904,0.4044
test,2024-07-23,6.85,7.193,0.343
test,2024-07-24,6.87,7.1861,0.3161
test,2024-07-25,6.728,7.2073,0.4793
test,2024-07-26,6.63,7.0455,0.4155
test,2024-07-27,6.58,7.0483,0.4683
test,2024-07-28,6.626,7.0087,0.3827
test,2024-07-29,6.574,6.9138,0.3398
test,2024-07-30,6.598,6.8849,0.2869
test,2024-07-31,6.938,6.9457,0.0077
test,2024-08-01,8.736,7.4559,-1.2801
test,2024-08-02,12.672,9.3369,-3.3351
test,2024-08-03,12.59,10.7157,-1.8743
test,2024-08-04,10.172,10.4343,0.2623
test,2024-08-05,8.944,9.3292,0.3852
test,2024-08-06,8.436,8.809,0.373
test,2024-08-07,8.228,8.6844,0.4564
test,2024-08-08,8.13,8.422,0.292
test,2024-08-09,8.09,8.3291,0.2391
test,2024-08-10,8.374,8.2587,-0.1153
test,2024-08-11,8.44,8.7029,0.2629
test,2024-08-12,9.146,8.4542,-0.6918
test,2024-08-13,8.26,8.9707,0.7107
test,2024-08-14,7.69,8.0789,0.3889
test,2024-08-15,7.324,7.7528,0.4288
test,2024-08-16,7.258,7.6582,0.4002
test,2024-08-17,8.81,8.7334,-0.0766
test,2024-08-18,9.852,9.9118,0.0598
test,2024-08-19,10.404,10.0727,-0.3313
test,2024-08-20,13.284,10.7151,-2.5689
test,2024-08-21,13.236,11.2726,-1.9634
test,2024-08-22,13.974,10.9547,-3.0193
test,2024-08-23,12.25,11.1521,-1.0979
test,2024-08-24,11.45,10.154,-1.296
test,2024-08-25,10.708,10.1567,-0.5513
test,2024-08-26,9.744,10.3974,0.6534
test,2024-08-27,9.03,9.9002,0.8702
test,2024-08-28,8.664,9.2415,0.5775
test,2024-08-29,8.298,8.9467,0.6487
test,2024-08-30,8.686,8.7024,0.0164
test,2024-08-31,8.008,8.6071,0.5991
test,2024-09-01,7.832,8.2892,0.4572
test,2024-09-02,8.03,8.1547,0.1247
test,2024-09-03,8.456,8.401,-0.055
test,2024-09-04,7.766,8.7392,0.9732
test,2024-09-05,7.552,8.3064,0.7544
test,2024-09-06,8.476,8.2434,-0.2326
test,2024-09-07,8.974,8.3323,-0.6417
test,2024-09-08,7.92,8.5674,0.6474
test,2024-09-09,7.776,8.1928,0.4168
test,2024-09-10,7.694,8.0869,0.3929
test,2024-09-11,7.61,7.9944,0.3844
test,2024-09-12,9.156,7.881,-1.275
test,2024-09-13,8.146,8.4302,0.2842
test,2024-09-14,7.966,8.5481,0.5821
test,2024-09-15,7.95,8.8109,0.8609
test,2024-09-16,7.746,8.3857,0.6397
test,2024-09-17,7.552,8.0638,0.5118
test,2024-09-18,7.754,7.8731,0.1191
test,2024-09-19,7.512,7.7793,0.2673
test,2024-09-20,7.522,7.7015,0.1795
test,2024-09-21,7.656,7.6334,-0.0226
test,2024-09-22,7.912,7.6941,-0.2179
test,2024-09-23,7.466,7.7835,0.3175
test,2024-09-24,7.902,7.6843,-0.2177
test,2024-09-25,9.198,7.8817,-1.3163
test,2024-09-26,8.354,8.9077,0.5537
test,2024-09-27,7.838,8.1727,0.3347
test,2024-09-28,7.514,7.9001,0.3861
test,2024-09-29,7.474,7.8152,0.3412
test,2024-09-30,7.742,7.6983,-0.0437
test,2024-10-01,7.588,7.7829,0.1949
test,2024-10-02,8.144,7.7873,-0.3567
test,2024-10-03,9.312,8.8801,-0.4319
test,2024-10-04,8.46,10.1253,1.6653
test,2024-10-05,7.786,8.7047,0.9187
test,2024-10-06,7.726,8.1539,0.4279
test,2024-10-07,7.532,8.036,0.504
test,2024-10-08,7.86,7.872,0.012
test,2024-10-09,7.976,7.8479,-0.1281
test,2024-10-10,8.052,7.9506,-0.1014
test,2024-10-11,7.29,7.9824,0.6924
test,2024-10-12,7.114,7.7185,0.6045
test,2024-10-13,7.092,7.5482,0.4562
test,2024-10-14,7.012,7.3938,0.3818
test,2024-10-15,6.976,7.2245,0.2485
test,2024-10-16,6.952,7.1194,0.1674
test,2024-10-17,6.932,7.0832,0.1512
test,2024-10-18,6.914,7.1035,0.1895
test,2024-10-19,6.934,7.0917,0.1577
test,2024-10-20,7.356,7.0931,-0.2629
test,2024-10-21,6.944,7.1364,0.1924
test,2024-10-22,6.894,7.0546,0.1606
test,2024-10-23,6.872,7.0269,0.1549
test,2024-10-24,6.896,7.2482,0.3522
test,2024-10-25,7.16,7.3069,0.1469
test,2024-10-26,6.912,7.1744,0.2624
test,2024-10-27,6.85,7.0494,0.1994
test,2024-10-28,6.832,6.9939,0.1619
test,2024-10-29,6.804,6.9515,0.1475
test,2024-10-30,6.78,6.894,0.114
test,2024-10-31,6.78,6.8784,0.0984
test,2024-11-01,6.762,6.8819,0.1199
test,2024-11-02,6.77,6.879,0.109
test,2024-11-03,6.752,6.8649,0.1129
test,2024-11-04,6.738,6.8455,0.1075
test,2024-11-05,6.73,6.8457,0.1157
test,2024-11-06,7.278,6.8686,-0.4094
test,2024-11-07,6.938,6.9829,0.0449
test,2024-11-08,6.804,6.9704,0.1664
test,2024-11-09,6.792,6.9436,0.1516
test,2024-11-10,6.728,6.9435,0.2155
test,2024-11-11,6.718,6.9001,0.1821
test,2024-11-12,6.698,6.8878,0.1898
test,2024-11-13,6.69,6.8866,0.1966
test,2024-11-14,6.676,6.8595,0.1835
test,2024-11-15,6.676,6.8254,0.1494
test,2024-11-16,6.684,6.7971,0.1131
test,2024-11-17,6.628,6.7892,0.1612
test,2024-11-18,6.69,6.7765,0.0865
test,2024-11-19,6.648,6.7816,0.1336
test,2024-11-20,6.638,6.7795,0.1415
test,2024-11-21,6.638,6.7823,0.1443
test,2024-11-22,6.63,6.7904,0.1604
test,2024-11-23,6.63,6.7768,0.1468
test,2024-11-24,6.622,6.7801,0.1581
test,2024-11-25,6.614,6.7952,0.1812
test,2024-11-26,6.61,6.7845,0.1745
test,2024-11-27,6.62,6.7653,0.1453
test,2024-11-28,6.61,6.759,0.149
test,2024-11-29,6.616,6.7838,0.1678
test,2024-11-30,6.642,6.828,0.186
test,2024-12-01,6.634,6.8712,0.2372
test,2024-12-02,6.63,6.845,0.215
test,2024-12-03,6.616,6.856,0.24
test,2024-12-04,6.608,6.8166,0.2086
test,2024-12-05,6.596,6.7713,0.1753
test,2024-12-06,6.594,6.7474,0.1534
test,2024-12-07,6.592,6.7454,0.1534
test,2024-12-08,6.586,6.7506,0.1646
test,2024-12-09,6.598,6.7517,0.1537
test,2024-12-10,6.592,6.7671,0.1751
test,2024-12-11,6.59,6.7743,0.1843
test,2024-12-12,6.59,6.7698,0.1798
test,2024-12-13,6.588,6.7696,0.1816
test,2024-12-14,6.584,6.7726,0.1886
test,2024-12-15,6.576,6.7749,0.1989
test,2024-12-16,6.57,6.7746,0.2046
test,2024-12-17,6.564,6.7715,0.2075
test,2024-12-18,6.564,6.8346,0.2706
test,2024-12-19,6.56,6.8411,0.2811
test,2024-12-20,6.552,6.7941,0.2421
test,2024-12-21,6.554,6.7707,0.2167
test,2024-12-22,6.576,6.8506,0.2746
test,2024-12-23,6.554,6.819,0.265
test,2024-12-24,6.528,6.7739,0.2459
test,2024-12-25,6.532,6.7619,0.2299
test,2024-12-26,6.524,6.8642,0.3402
test,2024-12-27,6.522,6.8288,0.3068
test,2024-12-28,6.514,6.776,0.262
test,2024-12-29,6.504,6.7493,0.2453
test,2024-12-30,6.5,6.7452,0.2452
test,2024-12-31,6.494,6.7413,0.2473
test,2025-01-01,6.492,6.7414,0.2494
test,2025-01-02,6.494,6.7278,0.2338
test,2025-01-03,6.498,6.7305,0.2325
test,2025-01-04,6.504,6.7359,0.2319
test,2025-01-05,6.498,6.7457,0.2477
test,2025-01-06,6.492,6.766,0.274
test,2025-01-07,6.482,6.7521,0.2701
test,2025-01-08,6.476,6.7492,0.2732
test,2025-01-09,6.484,6.7516,0.2676
test,2025-01-10,6.488,6.7418,0.2538
test,2025-01-11,6.47,6.7267,0.2567
test,2025-01-12,6.502,6.7137,0.2117
test,2025-01-13,6.604,6.7164,0.1124
test,2025-01-14,6.578,6.7429,0.1649
test,2025-01-15,6.556,6.752,0.196
test,2025-01-16,6.554,6.7504,0.1964
test,2025-01-17,6.558,6.747,0.189
test,2025-01-18,6.558,6.7346,0.1766
test,2025-01-19,6.536,6.728,0.192
test,2025-01-20,6.49,6.721,0.231
test,2025-01-21,6.508,6.7133,0.2053
test,2025-01-22,6.536,6.7157,0.1797
test,2025-01-23,6.474,6.72,0.246
test,2025-01-24,6.462,6.7049,0.2429
test,2025-01-25,6.542,6.6976,0.1556
test,2025-01-26,6.578,6.7612,0.1832
test,2025-01-27,6.692,6.7622,0.0702
test,2025-01-28,6.658,6.7842,0.1262
test,2025-01-29,6.65,6.8104,0.1604
test,2025-01-30,6.652,6.8122,0.1602
test,2025-01-31,6.656,6.842,0.186
test,2025-02-01,6.662,6.9074,0.2454
test,2025-02-02,6.658,6.8853,0.2273
test,2025-02-03,6.654,6.8454,0.1914
test,2025-02-04,6.644,6.7964,0.1524
test,2025-02-05,6.63,6.761,0.131
test,2025-02-06,6.61,6.7476,0.1376
test,2025-02-07,6.618,6.7338,0.1158
test,2025-02-08,6.628,6.7136,0.0856
test,2025-02-09,6.598,6.7043,0.1063
test,2025-02-10,6.59,6.704,0.114
test,2025-02-11,6.616,6.7088,0.0928
test,2025-02-12,6.656,6.7259,0.0699
test,2025-02-13,6.652,6.7653,0.1133
test,2025-02-14,6.652,6.8026,0.1506
test,2025-02-15,6.52,6.7635,0.2435
test,2025-02-16,6.494,6.7027,0.2087
test,2025-02-17,6.48,6.6629,0.1829
test,2025-02-18,6.466,6.6531,0.1871
test,2025-02-19,6.456,6.6375,0.1815
test,2025-02-20,6.448,6.6343,0.1863
test,2025-02-21,6.44,6.6197,0.1797
test,2025-02-22,6.438,6.6025,0.1645
test,2025-02-23,6.43,6.5885,0.1585
test,2025-02-24,6.48,6.5798,0.0998
test,2025-02-25,6.474,6.5954,0.1214
test,2025-02-26,6.432,6.5887,0.1567
test,2025-02-27,6.432,6.5817,0.1497
test,2025-02-28,6.604,6.5671,-0.0369
test,2025-03-01,6.504,6.6059,0.1019
test,2025-03-02,6.446,6.6094,0.1634
test,2025-03-03,6.438,6.6034,0.1654
test,2025-03-04,6.428,6.609,0.181
test,2025-03-05,6.412,6.589,0.177
test,2025-03-06,6.478,6.5622,0.0842
test,2025-03-07,6.646,6.5631,-0.0829
test,2025-03-08,6.55,6.6164,0.0664
test,2025-03-09,6.586,6.6129,0.0269
test,2025-03-10,6.53,6.625,0.095
test,2025-03-11,6.538,6.6317,0.0937
test,2025-03-12,6.482,6.6115,0.1295
test,2025-03-13,6.464,6.6141,0.1501
test,2025-03-14,6.49,6.6312,0.1412
test,2025-03-15,6.616,6.6658,0.0498
test,2025-03-16,6.656,6.7206,0.0646
test,2025-03-17,6.558,6.7444,0.1864
test,2025-03-18,6.538,6.7326,0.1946
test,2025-03-19,6.514,6.7294,0.2154
test,2025-03-20,6.504,6.7062,0.2022
test,2025-03-21,6.506,6.6994,0.1934
test,2025-03-22,6.508,6.6916,0.1836
test,2025-03-23,6.506,6.7131,0.2071
test,2025-03-24,6.47,6.714,0.244
test,2025-03-25,6.41,6.658,0.248
test,2025-03-26,6.346,6.636,0.29
test,2025-03-27,6.362,6.6133,0.2513
test,2025-03-28,6.488,6.5951,0.1071
test,2025-03-29,6.478,6.6579,0.1799
test,2025-03-30,6.452,6.6705,0.2185
test,2025-03-31,6.64,6.6708,0.0308
test,2025-04-01,6.614,6.7244,0.1104
test,2025-04-02,6.584,6.7356,0.1516
test,2025-04-03,6.532,6.7354,0.2034
test,2025-04-04,6.48,6.7255,0.2455
test,2025-04-05,6.442,6.7202,0.2782
test,2025-04-06,6.46,6.7189,0.2589
test,2025-04-07,6.462,6.7025,0.2405
test,2025-04-08,6.412,6.6957,0.2837
test,2025-04-09,6.36,6.6853,0.3253
test,2025-04-10,6.334,6.6815,0.3475
test,2025-04-11,6.362,6.684,0.322
test,2025-04-12,6.34,6.7121,0.3721
test,2025-04-13,6.348,6.6881,0.3401
test,2025-04-14,6.326,6.6769,0.3509
test,2025-04-15,6.358,6.6654,0.3074
test,2025-04-16,6.362,6.6943,0.3323
test,2025-04-17,6.376,6.7757,0.3997
test,2025-04-18,6.652,6.7663,0.1143
test,2025-04-19,6.678,6.9906,0.3126
test,2025-04-20,6.804,7.0164,0.2124
test,2025-04-21,7.174,7.1347,-0.0393
test,2025-04-22,7.368,7.288,-0.08
test,2025-04-23,6.558,7.3147,0.7567
test,2025-04-24,6.472,6.9884,0.5164
test,2025-04-25,6.422,6.9069,0.4849
test,2025-04-26,6.394,6.8222,0.4282
test,2025-04-27,6.36,6.7421,0.3821
test,2025-04-28,6.364,6.7174,0.3534
test,2025-04-29,6.532,6.842,0.31
test,2025-04-30,6.504,6.9042,0.4002
test,2025-05-01,6.4,6.7902,0.3902
test,2025-05-02,7.228,6.7618,-0.4662
test,2025-05-03,6.904,7.0935,0.1895
test,2025-05-04,6.814,6.9697,0.1557
test,2025-05-05,6.616,6.9393,0.3233
test,2025-05-06,6.472,6.8591,0.3871
test,2025-05-07,6.436,6.7778,0.3418
test,2025-05-08,6.4,6.7397,0.3397
test,2025-05-09,6.376,6.6917,0.3157
test,2025-05-10,6.354,6.6849,0.3309
test,2025-05-11,6.338,6.6736,0.3356
test,2025-05-12,6.332,6.6648,0.3328
test,2025-05-13,6.366,6.675,0.309
test,2025-05-14,6.416,6.6776,0.2616
test,2025-05-15,6.374,6.6773,0.3033
test,2025-05-16,6.426,6.6693,0.2433
test,2025-05-17,6.682,6.6963,0.0143
test,2025-05-18,8.166,6.8121,-1.3539
test,2025-05-19,7.266,7.6493,0.3833
test,2025-05-20,6.762,7.2331,0.4711
test,2025-05-21,9.666,7.1496,-2.5164
test,2025-05-22,8.18,8.7541,0.5741
test,2025-05-23,7.602,7.8855,0.2835
test,2025-05-24,6.82,7.7144,0.8944
test,2025-05-25,6.642,7.4182,0.7762
test,2025-05-26,6.63,7.2507,0.6207
test,2025-05-27,6.884,7.1201,0.2361
test,2025-05-28,6.678,7.1146,0.4366
test,2025-05-29,6.572,7.4368,0.8648
test,2025-05-30,9.526,8.2201,-1.3059
test,2025-05-31,8.638,9.9513,1.3133
test,2025-06-01,10.032,8.6178,-1.4142
test,2025-06-02,10.544,9.6609,-0.8831
test,2025-06-03,9.592,9.7811,0.1891
test,2025-06-04,9.01,8.9555,-0.0545
test,2025-06-05,8.206,9.1069,0.9009
test,2025-06-06,7.358,8.3306,0.9726
test,2025-06-07,7.264,7.8545,0.5905
test,2025-06-08,7.188,7.5489,0.3609
test,2025-06-09,6.858,7.3997,0.5417
test,2025-06-10,6.77,7.3017,0.5317
test,2025-06-11,7.676,7.4836,-0.1924
test,2025-06-12,7.938,8.1292,0.1912
test,2025-06-13,6.932,7.8579,0.9259
test,2025-06-14,6.63,7.3876,0.7576
test,2025-06-15,6.614,7.2956,0.6816
test,2025-06-16,6.986,7.493,0.507
test,2025-06-17,7.416,7.7678,0.3518
test,2025-06-18,8.302,8.4314,0.1294
test,2025-06-19,11.234,9.2988,-1.9352
test,2025-06-20,10.546,10.4114,-0.1346
test,2025-06-21,9.124,9.6286,0.5046
test,2025-06-22,8.668,8.7349,0.0669
test,2025-06-23,7.642,8.3143,0.6723
test,2025-06-24,7.354,7.8838,0.5298
test,2025-06-25,7.054,7.5513,0.4973
test,2025-06-26,6.862,7.2653,0.4033
test,2025-06-27,6.98,7.3204,0.3404
test,2025-06-28,7.214,7.3885,0.1745
test,2025-06-29,6.814,7.4652,0.6512
test,2025-06-30,6.74,7.2992,0.5592
test,2025-07-01,6.714,7.1829,0.4689
test,2025-07-02,6.714,7.0909,0.3769
test,2025-07-03,6.64,7.094,0.454
test,2025-07-04,6.616,7.3382,0.7222
test,2025-07-05,6.644,7.7093,1.0653
test,2025-07-06,6.624,7.6587,1.0347
test,2025-07-07,6.602,7.7605,1.1585
test,2025-07-08,9.308,8.2582,-1.0498
test,2025-07-09,13.048,9.9324,-3.1156
test,2025-07-10,10.492,10.9769,0.4849
test,2025-07-11,9.408,9.3585,-0.0495
test,2025-07-12,8.544,8.8648,0.3208
test,2025-07-13,8.278,8.4501,0.1721
test,2025-07-14,9.1,8.3081,-0.7919
test,2025-07-15,9.214,8.8694,-0.3446
test,2025-07-16,8.112,8.5957,0.4837
test,2025-07-17,7.728,8.0172,0.2892
test,2025-07-18,7.56,7.8757,0.3157
test,2025-07-19,7.26,8.0029,0.7429
test,2025-07-20,7.136,7.6863,0.5503
test,2025-07-21,10.812,7.6951,-3.1169
test,2025-07-22,9.462,9.4808,0.0188
test,2025-07-23,8.304,8.9966,0.6926
test,2025-07-24,10.104,8.7045,-1.3995
test,2025-07-25,9.838,9.7701,-0.0679
test,2025-07-26,8.556,9.7672,1.2112
test,2025-07-27,9.808,8.6485,-1.1595
test,2025-07-28,9.064,9.6217,0.5577
test,2025-07-29,8.942,9.6542,0.7122
test,2025-07-30,8.034,8.9765,0.9425
test,2025-07-31,8.32,8.1654,-0.1546
test,2025-08-01,8.33,8.5703,0.2403
test,2025-08-02,8.042,8.4275,0.3855
test,2025-08-03,7.796,8.1731,0.3771
test,2025-08-04,9.126,8.0633,-1.0627
test,2025-08-05,9.368,9.0752,-0.2928
test,2025-08-06,9.196,9.3866,0.1906
test,2025-08-07,8.138,8.7798,0.6418
test,2025-08-08,8.184,8.2664,0.0824
test,2025-08-09,8.04,8.649,0.609
test,2025-08-10,7.316,8.3791,1.0631
test,2025-08-11,7.226,7.9132,0.6872
test,2025-08-12,7.128,7.6797,0.5517
test,2025-08-13,7.012,7.564,0.552
test,2025-08-14,8.106,7.5813,-0.5247
test,2025-08-15,7.918,7.9217,0.0037
test,2025-08-16,7.622,7.7077,0.0857
test,2025-08-17,7.586,7.6888,0.1028
test,2025-08-18,8.076,7.632,-0.444
test,2025-08-19,8.098,7.74,-0.358
test,2025-08-20,7.396,7.8377,0.4417
test,2025-08-21,7.684,7.6483,-0.0357
test,2025-08-22,7.594,8.0623,0.4683
test,2025-08-23,7.588,8.1261,0.5381
test,2025-08-24,7.862,8.2711,0.4091
test,2025-08-25,7.358,7.916,0.558
test,2025-08-26,6.964,7.4981,0.5341
test,2025-08-27,6.842,7.3149,0.4729
test,2025-08-28,6.816,7.1859,0.3699
test,2025-08-29,6.898,7.0967,0.1987
test,2025-08-30,6.962,7.0825,0.1205
test,2025-08-31,6.858,7.0586,0.2006
test,2025-09-01,6.798,6.9986,0.2006
test,2025-09-02,6.736,7.0203,0.2843
test,2025-09-03,6.764,6.9716,0.2076
test,2025-09-04,6.906,6.9239,0.0179
test,2025-09-05,6.696,6.9488,0.2528
test,2025-09-06,6.672,6.9096,0.2376
test,2025-09-07,8.39,6.9449,-1.4451
test,2025-09-08,8.364,7.7518,-0.6122
test,2025-09-09,8.684,7.8145,-0.8695
test,2025-09-10,8.584,8.1303,-0.4537
test,2025-09-11,7.48,8.0996,0.6196
test,2025-09-12,7.472,7.6702,0.1982
test,2025-09-13,7.316,7.6258,0.3098
test,2025-09-14,7.84,7.5367,-0.3033
test,2025-09-15,7.638,8.1248,0.4868
test,2025-09-16,7.556,7.9217,0.3657
test,2025-09-17,7.454,7.7879,0.3339
test,2025-09-18,6.96,7.565,0.605
test,2025-09-19,6.798,7.3166,0.5186
test,2025-09-20,8.658,7.1775,-1.4805
test,2025-09-21,7.7,7.9474,0.2474
test,2025-09-22,9.902,7.7837,-2.1183
test,2025-09-23,8.922,9.0249,0.1029
test,2025-09-24,7.758,8.5022,0.7442
test,2025-09-25,9.226,8.1199,-1.1061
test,2025-09-26,8.322,8.6153,0.2933
test,2025-09-27,7.25,8.0863,0.8363
test,2025-09-28,6.968,7.7761,0.8081
test,2025-09-29,7.528,7.5858,0.0578
test,2025-09-30,6.932,7.608,0.676
test,2025-10-01,10.988,7.425,-3.563
test,2025-10-02,10.458,9.2462,-1.2118
test,2025-10-03,9.636,9.5232,-0.1128
test,2025-10-04,8.092,8.824,0.732
test,2025-10-05,7.478,8.4963,1.0183
test,2025-10-06,7.292,8.2382,0.9462
test,2025-10-07,7.288,8.0422,0.7542
test,2025-10-08,7.65,7.7543,0.1043
test,2025-10-09,7.042,7.8314,0.7894
test,2025-10-10,6.918,7.7532,0.8352
test,2025-10-11,9.484,7.7692,-1.7148
test,2025-10-12,8.694,8.9584,0.2644
test,2025-10-13,7.266,8.2014,0.9354
test,2025-10-14,6.914,7.8763,0.9623
test,2025-10-15,6.802,7.7726,0.9706
test,2025-10-16,6.85,7.6021,0.7521
test,2025-10-17,6.848,7.4106,0.5626
test,2025-10-18,6.776,7.2807,0.5047
test,2025-10-19,6.752,7.2241,0.4721
test,2025-10-20,6.716,7.1285,0.4125
test,2025-10-21,6.632,7.0434,0.4114
test,2025-10-22,6.624,6.9714,0.3474
test,2025-10-23,6.616,6.9106,0.2946
test,2025-10-24,6.618,6.8711,0.2531
test,2025-10-25,6.638,6.8321,0.1941
test,2025-10-26,6.642,6.8956,0.2536
test,2025-10-27,6.64,6.9141,0.2741
test,2025-10-28,6.63,6.8774,0.2474
test,2025-10-29,6.63,6.8344,0.2044
test,2025-10-30,6.632,6.8099,0.1779
test,2025-10-31,6.634,6.8083,0.1743
test,2025-11-01,6.64,6.8235,0.1835
test,2025-11-02,6.642,6.8489,0.2069
test,2025-11-03,6.684,6.8808,0.1968
test,2025-11-04,6.674,6.9049,0.2309
test,2025-11-05,7.612,6.9393,-0.6727
test,2025-11-06,8.012,7.4328,-0.5792
test,2025-11-07,7.052,7.6722,0.6202
test,2025-11-08,6.666,7.253,0.587
test,2025-11-09,6.646,7.1381,0.4921
test,2025-11-10,6.642,7.035,0.393
test,2025-11-11,6.65,6.9109,0.2609
test,2025-11-12,6.65,6.8572,0.2072
test,2025-11-13,6.65,6.8721,0.2221
test,2025-11-14,6.65,6.8905,0.2405
test,2025-11-15,6.642,6.8572,0.2152
test,2025-11-16,6.646,6.829,0.183
test,2025-11-17,6.632,6.8131,0.1811
test,2025-11-18,6.624,6.8015,0.1775
test,2025-11-19,6.62,6.7892,0.1692
test,2025-11-20,6.62,6.79,0.17
test,2025-11-21,6.614,6.8126,0.1986
test,2025-11-22,6.616,6.8135,0.1975
test,2025-11-23,6.618,6.8011,0.1831
test,2025-11-24,6.612,6.7904,0.1784
test,2025-11-25,6.616,6.7731,0.1571
test,2025-11-26,6.608,6.7676,0.1596
test,2025-11-27,6.586,6.769,0.183
test,2025-11-28,6.574,6.7614,0.1874
test,2025-11-29,6.572,6.7485,0.1765
test,2025-11-30,6.56,6.7407,0.1807
test,2025-12-01,6.462,6.7391,0.2771
test,2025-12-02,6.46,6.7186,0.2586
test,2025-12-03,6.46,6.7189,0.2589
test,2025-12-04,6.46,6.7056,0.2456
test,2025-12-05,6.45,6.6769,0.2269
test,2025-12-06,6.45,6.6675,0.2175
test,2025-12-07,6.46,6.6734,0.2134
test,2025-12-08,6.458,6.682,0.224
test,2025-12-09,6.464,6.6872,0.2232
test,2025-12-10,6.458,6.6989,0.2409
test,2025-12-11,6.452,6.6996,0.2476
test,2025-12-12,6.45,6.6919,0.2419
test,2025-12-13,6.452,6.6928,0.2408
test,2025-12-14,6.446,6.696,0.25
test,2025-12-15,6.448,6.6968,0.2488
test,2025-12-16,6.442,6.6972,0.2552
test,2025-12-17,6.436,6.7106,0.2746
test,2025-12-18,6.43,6.71,0.28
test,2025-12-19,6.434,6.7019,0.2679
test,2025-12-20,6.422,6.7047,0.2827
test,2025-12-21,6.416,6.7151,0.2991
test,2025-12-22,6.414,6.706,0.292
test,2025-12-23,6.422,6.6916,0.2696
test,2025-12-24,6.42,6.7098,0.2898
test,2025-12-25,6.424,6.7231,0.2991
test,2025-12-26,6.42,6.7198,0.2998
test,2025-12-27,6.412,6.712,0.3
test,2025-12-28,6.418,6.7147,0.2967
test,2025-12-29,6.43,6.7444,0.3144
test,2025-12-30,6.43,6.7681,0.3381
test,2025-12-31,6.43,6.7732,0.3432
