split,date,obs_wl_m,pred_wl_m,error_m
train,1980-04-14,7.898,8.0346,0.1366
train,1980-04-15,8.248,8.3097,0.0617
train,1980-04-16,7.618,7.6427,0.0247
train,1980-04-17,6.938,6.9137,-0.0243
train,1980-04-18,7.928,8.0261,0.0981
train,1980-04-19,7.808,7.8194,0.0114
train,1980-04-20,7.448,7.4715,0.0235
train,1980-04-21,6.32,6.3098,-0.0102
train,1980-04-22,6.162,6.1912,0.0292
train,1980-04-23,6.998,7.0254,0.0274
train,1980-04-24,8.738,8.6796,-0.0584
train,1980-04-25,6.29,6.2836,-0.0064
train,1980-04-26,6.478,6.4413,-0.0367
train,1980-04-27,8.136,7.8468,-0.2892
train,1980-04-28,6.212,6.2912,0.0792
train,1980-04-29,6.868,6.8777,0.0097
train,1980-04-30,6.908,6.9398,0.0318
train,1980-05-01,6.514,6.4943,-0.0197
train,1980-05-02,7.058,7.0691,0.0111
train,1980-05-03,7.228,7.2452,0.0172
train,1980-05-04,7.798,7.9024,0.1044
train,1980-05-05,6.728,6.8822,0.1542
train,1980-05-06,6.812,6.8645,0.0525
train,1980-05-07,6.462,6.6014,0.1394
train,1980-05-08,7.104,7.5963,0.4923
train,1980-05-09,9.288,9.0879,-0.2001
train,1980-05-10,7.048,7.0886,0.0406
train,1980-05-11,6.908,6.9104,0.0024
train,1980-05-12,8.808,9.1668,0.3588
train,1980-05-13,6.988,7.1535,0.1655
train,1980-05-14,6.868,6.9258,0.0578
train,1980-05-15,6.898,6.8914,-0.0066
train,1980-05-16,6.86,6.7886,-0.0714
train,1980-05-17,7.758,7.6613,-0.0967
train,1980-05-18,6.152,6.0778,-0.0742
train,1980-05-19,9.188,9.1396,-0.0484
train,1980-05-20,8.09,7.5445,-0.5455
train,1980-05-21,6.938,6.9508,0.0128
train,1980-05-22,7.028,6.9145,-0.1135
train,1980-05-23,7.118,7.0808,-0.0372
train,1980-05-24,7.172,7.0903,-0.0817
train,1980-05-25,7.296,7.4334,0.1374
train,1980-05-26,9.362,9.5184,0.1564
train,1980-05-27,6.508,6.4953,-0.0127
train,1980-05-28,6.844,6.8712,0.0272
train,1980-05-29,7.414,7.9384,0.5244
train,1980-05-30,9.678,9.2569,-0.4211
train,1980-05-31,7.088,6.9469,-0.1411
train,1980-06-01,6.178,6.2467,0.0687
train,1980-06-02,8.598,8.7594,0.1614
train,1980-06-03,6.298,6.3173,0.0193
train,1980-06-04,5.776,5.8102,0.0342
train,1980-06-05,7.104,6.62,-0.484
train,1980-06-06,7.568,7.5478,-0.0202
train,1980-06-07,6.518,6.4736,-0.0444
train,1980-06-08,8.028,8.0205,-0.0075
train,1980-06-09,7.466,7.5024,0.0364
train,1980-06-10,7.238,7.3732,0.1352
train,1980-06-11,7.068,7.0926,0.0246
train,1980-06-12,6.066,6.0406,-0.0254
train,1980-06-13,8.988,8.7161,-0.2719
train,1980-06-14,6.748,6.7455,-0.0025
train,1980-06-15,6.722,6.4447,-0.2773
train,1980-06-16,8.326,7.3666,-0.9594
train,1980-06-17,6.11,6.0884,-0.0216
train,1980-06-18,6.344,6.2636,-0.0804
train,1980-06-19,10.278,9.4892,-0.7888
train,1980-06-20,6.582,6.5176,-0.0644
train,1980-06-21,9.548,9.3118,-0.2362
train,1980-06-22,7.898,7.9932,0.0952
train,1980-06-23,7.058,7.119,0.061
train,1980-06-24,7.178,7.3441,0.1661
train,1980-06-25,7.068,7.0399,-0.0281
train,1980-06-26,6.558,6.5643,0.0063
train,1980-06-27,8.888,8.6346,-0.2534
train,1980-06-28,6.544,6.5149,-0.0291
train,1980-06-29,7.748,7.628,-0.12
train,1980-06-30,6.7,6.6516,-0.0484
train,1980-07-01,6.728,6.7833,0.0553
train,1980-07-02,5.958,5.9814,0.0234
train,1980-07-03,6.368,6.3242,-0.0438
train,1980-07-04,8.188,8.3922,0.2042
train,1980-07-05,6.698,6.6708,-0.0272
train,1980-07-06,9.008,9.215,0.207
train,1980-07-07,7.228,7.0718,-0.1562
train,1980-07-08,6.948,7.0003,0.0523
train,1980-07-09,7.778,7.7781,0.0001
train,1980-07-10,7.058,7.048,-0.01
train,1980-07-11,7.026,6.9027,-0.1233
train,1980-07-12,7.128,7.2447,0.1167
train,1980-07-13,6.998,7.0421,0.0441
train,1980-07-14,7.098,7.1425,0.0445
train,1980-07-15,6.492,6.4991,0.0071
train,1980-07-16,7.108,7.1438,0.0358
train,1980-07-17,9.358,9.4761,0.1181
train,1980-07-18,7.078,7.0797,0.0017
train,1980-07-19,6.962,6.9534,-0.0086
train,1980-07-20,6.398,6.5222,0.1242
train,1980-07-21,6.998,6.988,-0.01
train,1980-07-22,6.728,6.6621,-0.0659
train,1980-07-23,6.988,6.9434,-0.0446
train,1980-07-24,6.438,6.5127,0.0747
train,1980-07-25,7.028,7.0327,0.0047
train,1980-07-26,6.808,6.868,0.06
train,1980-07-27,7.558,7.5383,-0.0197
train,1980-07-28,6.284,6.3198,0.0358
train,1980-07-29,10.438,10.5682,0.1302
train,1980-07-30,8.802,8.519,-0.283
train,1980-07-31,6.954,7.6378,0.6838
train,1980-08-01,8.858,9.0432,0.1852
train,1980-08-02,10.148,9.9026,-0.2454
train,1980-08-03,9.23,8.3285,-0.9015
train,1980-08-04,6.898,6.8644,-0.0336
train,1980-08-05,7.818,7.7588,-0.0592
train,1980-08-06,9.358,9.3762,0.0182
train,1980-08-07,6.918,6.9276,0.0096
train,1980-08-08,7.398,7.5233,0.1253
train,1980-08-09,8.088,8.1926,0.1046
train,1980-08-10,6.838,6.9069,0.0689
train,1980-08-11,7.168,7.168,-0.0
train,1980-08-12,7.554,7.5538,-0.0002
train,1980-08-13,6.858,6.8481,-0.0099
train,1980-08-14,8.548,8.4819,-0.0661
train,1980-08-15,6.948,6.8749,-0.0731
train,1980-08-16,8.622,8.7026,0.0806
train,1980-08-17,7.478,7.4974,0.0194
train,1980-08-18,8.298,8.4566,0.1586
train,1980-08-19,6.512,6.531,0.019
train,1980-08-20,6.362,6.3338,-0.0282
train,1980-08-21,7.488,7.8891,0.4011
train,1980-08-22,6.908,6.8381,-0.0699
train,1980-08-23,7.868,7.7614,-0.1066
train,1980-08-24,10.098,10.0515,-0.0465
train,1980-08-25,5.978,6.0534,0.0754
train,1980-08-26,7.958,7.9186,-0.0394
train,1980-08-27,10.26,9.916,-0.344
train,1980-08-28,6.872,6.8565,-0.0155
train,1980-08-29,5.964,6.0095,0.0455
train,1980-08-30,7.298,7.3204,0.0224
train,1980-08-31,7.158,7.1501,-0.0079
train,1980-09-01,7.268,7.0135,-0.2545
train,1980-09-02,7.418,7.3847,-0.0333
train,1980-09-03,6.988,6.9575,-0.0305
train,1980-09-04,7.788,7.9222,0.1342
train,1980-09-05,8.654,8.7981,0.1441
train,1980-09-06,6.844,6.7767,-0.0673
train,1980-09-07,7.174,7.5135,0.3395
train,1980-09-08,6.352,6.3298,-0.0222
train,1980-09-09,8.522,7.5583,-0.9637
train,1980-09-10,6.584,6.5339,-0.0501
train,1980-09-11,8.738,8.2623,-0.4757
train,1980-09-12,7.018,7.0944,0.0764
train,1980-09-13,7.068,7.0993,0.0313
train,1980-09-14,6.638,6.6849,0.0469
train,1980-09-15,7.336,6.984,-0.352
train,1980-09-16,7.138,7.1928,0.0548
train,1980-09-17,6.828,6.8879,0.0599
train,1980-09-18,6.706,6.8311,0.1251
train,1980-09-19,6.878,6.8824,0.0044
train,1980-09-20,7.188,7.2159,0.0279
train,1980-09-21,6.508,6.5302,0.0222
train,1980-09-22,11.328,10.8916,-0.4364
train,1980-09-23,6.728,6.6926,-0.0354
train,1980-09-24,6.338,6.345,0.007
train,1980-09-25,7.646,7.7304,0.0844
train,1980-09-26,8.172,8.1726,0.0006
train,1980-09-27,7.144,7.1056,-0.0384
train,1980-09-28,8.658,8.763,0.105
train,1980-09-29,7.238,7.5921,0.3541
train,1980-09-30,8.718,8.7817,0.0637
train,1980-10-01,8.748,8.6301,-0.1179
train,1980-10-02,6.628,6.8133,0.1853
train,1980-10-03,6.048,6.2067,0.1587
train,1980-10-04,6.534,6.5113,-0.0227
train,1980-10-05,7.088,7.1346,0.0466
train,1980-10-06,7.718,8.0532,0.3352
train,1980-10-07,6.688,6.6255,-0.0625
train,1980-10-08,7.448,7.5226,0.0746
train,1980-10-09,7.088,6.9613,-0.1267
train,1980-10-10,6.668,6.6042,-0.0638
train,1980-10-11,6.368,6.533,0.165
train,1980-10-12,7.058,7.092,0.034
train,1980-10-13,9.578,9.3538,-0.2242
train,1980-10-14,7.84,8.2911,0.4511
train,1980-10-15,6.38,6.4731,0.0931
train,1980-10-16,7.678,7.6832,0.0052
train,1980-10-17,8.648,7.4561,-1.1919
train,1980-10-18,7.216,6.9789,-0.2371
train,1980-10-19,8.288,7.8485,-0.4395
train,1980-10-20,8.058,8.0593,0.0013
train,1980-10-21,6.722,6.7021,-0.0199
train,1980-10-22,8.486,8.7407,0.2547
train,1980-10-23,8.068,7.8973,-0.1707
train,1980-10-24,6.808,6.8095,0.0015
train,1980-10-25,7.008,7.0517,0.0437
train,1980-10-26,7.478,7.427,-0.051
train,1980-10-27,6.978,7.0092,0.0312
train,1980-10-28,8.558,8.7043,0.1463
train,1980-10-29,8.338,8.309,-0.029
train,1980-10-30,7.078,7.0886,0.0106
train,1980-10-31,7.478,7.8419,0.3639
train,1980-11-01,6.288,6.4623,0.1743
train,1980-11-02,8.248,8.0486,-0.1994
train,1980-11-03,11.018,10.9702,-0.0478
train,1980-11-04,7.268,7.2604,-0.0076
train,1980-11-05,7.356,6.8575,-0.4985
train,1980-11-06,7.198,7.1949,-0.0031
train,1980-11-07,6.568,6.5605,-0.0075
train,1980-11-08,8.4,8.5113,0.1113
train,1980-11-09,6.094,6.1598,0.0658
train,1980-11-10,8.128,8.131,0.003
train,1980-11-11,8.398,8.5731,0.1751
train,1980-11-12,6.694,6.6704,-0.0236
train,1980-11-13,6.998,7.0245,0.0265
train,1980-11-14,6.802,6.8088,0.0068
train,1980-11-15,7.368,7.379,0.011
train,1980-11-16,6.824,7.0289,0.2049
train,1980-11-17,6.658,6.6094,-0.0486
train,1980-11-18,6.456,6.5851,0.1291
train,1980-11-19,6.158,6.2526,0.0946
train,1980-11-20,6.918,6.9229,0.0049
train,1980-11-21,6.938,6.9346,-0.0034
train,1980-11-22,6.698,6.6826,-0.0154
train,1980-11-23,5.96,5.9483,-0.0117
train,1980-11-24,7.118,7.3286,0.2106
train,1980-11-25,8.316,8.209,-0.107
train,1980-11-26,8.048,7.7841,-0.2639
train,1980-11-27,7.49,7.6392,0.1492
train,1980-11-28,6.898,6.9236,0.0256
train,1980-11-29,7.368,7.4468,0.0788
train,1980-11-30,7.308,7.3258,0.0178
train,1980-12-01,8.17,8.0319,-0.1381
train,1980-12-02,6.734,6.7353,0.0013
train,1980-12-03,7.29,7.4624,0.1724
train,1980-12-04,9.616,9.5977,-0.0183
train,1980-12-05,7.938,7.9557,0.0177
train,1980-12-06,7.828,7.7583,-0.0697
train,1980-12-07,6.958,7.0107,0.0527
train,1980-12-08,6.696,6.7498,0.0538
train,1980-12-09,6.888,6.9192,0.0312
train,1980-12-10,6.602,6.5745,-0.0275
train,1980-12-11,6.848,6.8154,-0.0326
train,1980-12-12,6.294,6.2961,0.0021
train,1980-12-13,7.242,7.0072,-0.2348
train,1980-12-14,6.546,6.4914,-0.0546
train,1980-12-15,8.19,8.4392,0.2492
train,1980-12-16,8.278,7.696,-0.582
train,1980-12-17,6.958,6.9712,0.0132
train,1980-12-18,8.952,8.7605,-0.1915
train,1980-12-19,7.548,7.4476,-0.1004
train,1980-12-20,7.368,7.1874,-0.1806
train,1980-12-21,6.208,6.2155,0.0075
train,1980-12-22,6.356,6.7527,0.3967
train,1980-12-23,9.768,9.7065,-0.0615
train,1980-12-24,8.678,8.6738,-0.0042
train,1980-12-25,6.598,6.6479,0.0499
train,1980-12-26,6.916,6.6225,-0.2935
train,1980-12-27,7.888,7.8124,-0.0756
train,1980-12-28,6.62,6.6647,0.0447
train,1980-12-29,7.048,7.3055,0.2575
train,1980-12-30,8.638,8.701,0.063
train,1980-12-31,6.278,6.2701,-0.0079
train,1981-01-01,9.148,9.0655,-0.0825
train,1981-01-02,6.868,6.8687,0.0007
train,1981-01-03,6.818,6.8285,0.0105
train,1981-01-04,7.508,7.5791,0.0711
train,1981-01-05,8.138,7.9063,-0.2317
train,1981-01-06,6.378,6.4494,0.0714
train,1981-01-07,8.268,8.2829,0.0149
train,1981-01-08,10.178,10.1984,0.0204
train,1981-01-09,7.718,7.6766,-0.0414
train,1981-01-10,7.058,7.0777,0.0197
train,1981-01-11,8.118,8.1753,0.0573
train,1981-01-12,7.578,7.5818,0.0038
train,1981-01-13,7.998,8.2485,0.2505
train,1981-01-14,6.744,6.7734,0.0294
train,1981-01-15,6.828,6.898,0.07
train,1981-01-16,6.518,6.3821,-0.1359
train,1981-01-17,7.738,8.0472,0.3092
train,1981-01-18,7.016,7.2246,0.2086
train,1981-01-19,6.918,6.8406,-0.0774
train,1981-01-20,6.938,7.0227,0.0847
train,1981-01-21,7.938,8.3575,0.4195
train,1981-01-22,6.814,6.8283,0.0143
train,1981-01-23,8.328,8.3229,-0.0051
train,1981-01-24,7.048,7.0273,-0.0207
train,1981-01-25,5.99,5.9397,-0.0503
train,1981-01-26,6.308,6.4604,0.1524
train,1981-01-27,6.968,7.0007,0.0327
train,1981-01-28,6.968,6.9643,-0.0037
train,1981-01-29,8.738,8.747,0.009
train,1981-01-30,7.688,7.6756,-0.0124
train,1981-01-31,7.088,7.0963,0.0083
train,1981-02-01,6.74,7.1909,0.4509
train,1981-02-02,6.918,6.8322,-0.0858
train,1981-02-03,7.26,7.1432,-0.1168
train,1981-02-04,6.938,6.9072,-0.0308
train,1981-02-05,8.498,8.7514,0.2534
train,1981-02-06,7.304,7.2628,-0.0412
train,1981-02-07,7.048,7.1286,0.0806
train,1981-02-08,7.338,7.7257,0.3877
train,1981-02-09,8.918,8.9851,0.0671
train,1981-02-10,6.468,6.6779,0.2099
train,1981-02-11,7.638,7.6164,-0.0216
train,1981-02-12,6.928,6.9266,-0.0014
train,1981-02-13,7.168,7.2406,0.0726
train,1981-02-14,8.348,8.2604,-0.0876
train,1981-02-15,9.578,9.3484,-0.2296
train,1981-02-16,7.788,7.9452,0.1572
train,1981-02-17,7.568,8.0813,0.5133
train,1981-02-18,6.466,6.6659,0.1999
train,1981-02-19,7.998,8.1797,0.1817
train,1981-02-20,10.418,10.5352,0.1172
train,1981-02-21,7.888,7.9234,0.0354
train,1981-02-22,5.966,6.0375,0.0715
train,1981-02-23,6.888,6.8378,-0.0502
train,1981-02-24,9.018,7.6181,-1.3999
train,1981-02-25,6.898,6.8551,-0.0429
train,1981-02-26,7.558,7.2256,-0.3324
train,1981-02-27,7.288,7.2479,-0.0401
train,1981-02-28,7.738,7.7011,-0.0369
train,1981-03-01,6.356,6.3707,0.0147
train,1981-03-02,10.068,10.3945,0.3265
train,1981-03-03,7.118,7.1487,0.0307
train,1981-03-04,6.398,6.5424,0.1444
train,1981-03-05,7.028,7.0706,0.0426
train,1981-03-06,6.268,6.571,0.303
train,1981-03-07,6.544,6.4936,-0.0504
train,1981-03-08,6.146,6.0887,-0.0573
train,1981-03-09,6.938,6.9001,-0.0379
train,1981-03-10,6.714,7.0526,0.3386
train,1981-03-11,6.878,6.7919,-0.0861
train,1981-03-12,8.548,8.5143,-0.0337
train,1981-03-13,6.602,6.619,0.017
train,1981-03-14,7.61,7.5354,-0.0746
train,1981-03-15,7.048,6.8017,-0.2463
train,1981-03-16,7.218,7.2318,0.0138
train,1981-03-17,7.678,7.6246,-0.0534
train,1981-03-18,6.096,6.0616,-0.0344
train,1981-03-19,8.318,8.544,0.226
train,1981-03-20,7.318,7.2345,-0.0835
train,1981-03-21,7.758,7.9653,0.2073
train,1981-03-22,6.922,7.0312,0.1092
train,1981-03-23,8.038,7.8515,-0.1865
train,1981-03-24,6.888,6.8738,-0.0142
train,1981-03-25,9.188,9.275,0.087
train,1981-03-26,8.738,8.634,-0.104
train,1981-03-27,8.738,8.5462,-0.1918
train,1981-03-28,7.028,6.9359,-0.0921
train,1981-03-29,9.056,9.1352,0.0792
train,1981-03-30,7.548,7.5815,0.0335
train,1981-03-31,6.432,6.5116,0.0796
train,1981-04-01,6.698,6.7068,0.0088
train,1981-04-02,7.266,7.3389,0.0729
train,1981-04-03,6.298,6.3261,0.0281
train,1981-04-04,6.708,6.7451,0.0371
train,1981-04-05,8.588,8.1686,-0.4194
train,1981-04-06,7.288,7.2918,0.0038
train,1981-04-07,6.968,7.0029,0.0349
train,1981-04-08,6.918,6.9626,0.0446
train,1981-04-09,6.968,7.046,0.078
train,1981-04-10,6.614,6.8967,0.2827
train,1981-04-11,6.464,6.5504,0.0864
train,1981-04-12,6.898,6.8279,-0.0701
train,1981-04-13,6.676,6.6723,-0.0037
train,1981-04-14,9.468,8.4457,-1.0223
train,1981-04-15,7.602,7.9788,0.3768
train,1981-04-16,9.438,9.659,0.221
train,1981-04-17,6.748,6.758,0.01
train,1981-04-18,6.616,6.9522,0.3362
train,1981-04-19,6.996,6.9157,-0.0803
train,1981-04-20,6.938,7.0634,0.1254
train,1981-04-21,6.496,6.4543,-0.0417
train,1981-04-22,8.46,8.4627,0.0027
train,1981-04-23,6.732,6.6774,-0.0546
train,1981-04-24,7.91,7.9488,0.0388
train,1981-04-25,5.936,5.9727,0.0367
train,1981-04-26,7.278,7.35,0.072
train,1981-04-27,6.968,6.9933,0.0253
train,1981-04-28,7.398,7.4416,0.0436
train,1981-04-29,6.936,6.89,-0.046
train,1981-04-30,8.718,8.3565,-0.3615
train,1981-05-01,6.622,6.6084,-0.0136
train,1981-05-02,7.008,6.9198,-0.0882
train,1981-05-03,6.686,6.6208,-0.0652
train,1981-05-04,6.468,6.5252,0.0572
train,1981-05-05,7.478,7.5051,0.0271
train,1981-05-06,6.678,6.932,0.254
train,1981-05-07,7.078,7.7206,0.6426
train,1981-05-08,7.648,7.58,-0.068
train,1981-05-09,8.298,8.3031,0.0051
train,1981-05-10,6.508,6.4906,-0.0174
train,1981-05-11,6.878,6.8905,0.0125
train,1981-05-12,5.896,5.9667,0.0707
train,1981-05-13,7.168,7.1175,-0.0505
train,1981-05-14,6.368,6.3047,-0.0633
train,1981-05-15,8.318,8.1347,-0.1833
train,1981-05-16,7.118,7.0629,-0.0551
train,1981-05-17,7.608,7.7864,0.1784
train,1981-05-18,7.968,7.9478,-0.0202
train,1981-05-19,6.782,7.0315,0.2495
train,1981-05-20,8.928,8.7254,-0.2026
train,1981-05-21,7.388,7.3612,-0.0268
train,1981-05-22,6.35,6.3614,0.0114
train,1981-05-23,6.712,6.7133,0.0013
train,1981-05-24,6.998,7.0224,0.0244
train,1981-05-25,6.944,6.9852,0.0412
train,1981-05-26,7.108,7.0854,-0.0226
train,1981-05-27,6.758,6.8054,0.0474
train,1981-05-28,6.918,6.9196,0.0016
train,1981-05-29,7.148,7.1884,0.0404
train,1981-05-30,7.628,7.5744,-0.0536
train,1981-05-31,7.958,7.8262,-0.1318
train,1981-06-01,6.844,6.7242,-0.1198
train,1981-06-02,6.628,6.6268,-0.0012
train,1981-06-03,6.63,6.6894,0.0594
train,1981-06-04,6.608,6.5403,-0.0677
train,1981-06-05,7.948,8.0699,0.1219
train,1981-06-06,6.328,6.3827,0.0547
train,1981-06-07,7.796,8.0192,0.2232
train,1981-06-08,7.318,7.2951,-0.0229
train,1981-06-09,6.734,6.8636,0.1296
train,1981-06-10,7.782,7.189,-0.593
train,1981-06-11,6.484,6.4484,-0.0356
train,1981-06-12,6.298,6.3631,0.0651
train,1981-06-13,6.83,6.5861,-0.2439
train,1981-06-14,6.33,6.3639,0.0339
train,1981-06-15,6.918,6.9213,0.0033
train,1981-06-16,6.368,6.4818,0.1138
train,1981-06-17,6.748,6.968,0.22
train,1981-06-18,6.704,6.7728,0.0688
train,1981-06-19,7.888,7.8127,-0.0753
train,1981-06-20,6.708,6.7564,0.0484
train,1981-06-21,6.82,6.9676,0.1476
train,1981-06-22,7.118,7.1563,0.0383
train,1981-06-23,6.07,6.0714,0.0014
train,1981-06-24,8.222,7.3028,-0.9192
train,1981-06-25,8.116,8.1342,0.0182
train,1981-06-26,6.978,7.0086,0.0306
train,1981-06-27,6.35,6.3744,0.0244
train,1981-06-28,8.208,8.3547,0.1467
train,1981-06-29,7.238,7.3779,0.1399
train,1981-06-30,10.078,9.7412,-0.3368
train,1981-07-01,6.422,6.4882,0.0662
train,1981-07-02,7.266,7.2789,0.0129
train,1981-07-03,6.948,6.9617,0.0137
train,1981-07-04,6.978,6.9433,-0.0347
train,1981-07-05,8.09,8.3355,0.2455
train,1981-07-06,6.818,6.8112,-0.0068
train,1981-07-07,6.478,6.3961,-0.0819
train,1981-07-08,6.868,6.8526,-0.0154
train,1981-07-09,6.402,6.3904,-0.0116
train,1981-07-10,7.508,7.3867,-0.1213
train,1981-07-11,7.828,7.8625,0.0345
train,1981-07-12,9.958,9.7624,-0.1956
train,1981-07-13,7.038,7.0408,0.0028
train,1981-07-14,7.018,6.8834,-0.1346
train,1981-07-15,7.66,7.7343,0.0743
train,1981-07-16,7.808,7.9654,0.1574
train,1981-07-17,8.49,8.275,-0.215
train,1981-07-18,8.074,8.0587,-0.0153
train,1981-07-19,7.048,7.0762,0.0282
train,1981-07-20,7.364,7.9839,0.6199
train,1981-07-21,7.452,7.4033,-0.0487
train,1981-07-22,6.968,6.9801,0.0121
train,1981-07-23,6.17,6.2662,0.0962
train,1981-07-24,10.028,9.9603,-0.0677
train,1981-07-25,6.478,6.4263,-0.0517
train,1981-07-26,7.258,7.4249,0.1669
train,1981-07-27,7.268,7.3849,0.1169
train,1981-07-28,8.158,8.1176,-0.0404
train,1981-07-29,6.858,6.8491,-0.0089
train,1981-07-30,6.974,6.9887,0.0147
train,1981-07-31,7.11,7.0744,-0.0356
train,1981-08-01,6.528,6.5453,0.0173
train,1981-08-02,6.968,6.9727,0.0047
train,1981-08-03,7.49,7.609,0.119
train,1981-08-04,6.994,6.9976,0.0036
train,1981-08-05,6.806,6.8655,0.0595
train,1981-08-06,7.048,7.0497,0.0017
train,1981-08-07,8.832,8.7767,-0.0553
train,1981-08-08,6.728,6.7385,0.0105
train,1981-08-09,7.27,7.2086,-0.0614
train,1981-08-10,6.024,6.0269,0.0029
train,1981-08-11,6.26,6.3352,0.0752
train,1981-08-12,8.358,8.3981,0.0401
train,1981-08-13,6.914,6.979,0.065
train,1981-08-14,7.078,7.0123,-0.0657
train,1981-08-15,9.008,8.6682,-0.3398
train,1981-08-16,6.482,6.4036,-0.0784
train,1981-08-17,5.906,5.9951,0.0891
train,1981-08-18,8.368,8.2913,-0.0767
train,1981-08-19,6.344,6.2721,-0.0719
train,1981-08-20,6.868,6.8938,0.0258
train,1981-08-21,9.342,9.2081,-0.1339
train,1981-08-22,6.956,6.9769,0.0209
train,1981-08-23,7.168,7.1309,-0.0371
train,1981-08-24,7.828,7.8243,-0.0037
train,1981-08-25,6.966,7.3297,0.3637
train,1981-08-26,7.688,7.3049,-0.3831
train,1981-08-27,7.108,7.1245,0.0165
train,1981-08-28,6.648,6.7267,0.0787
train,1981-08-29,6.838,7.0455,0.2075
train,1981-08-30,7.358,7.4497,0.0917
train,1981-08-31,7.458,7.3218,-0.1362
train,1981-09-01,6.818,6.8547,0.0367
train,1981-09-02,7.658,7.7563,0.0983
train,1981-09-03,6.704,6.6673,-0.0367
train,1981-09-04,8.968,8.9702,0.0022
train,1981-09-05,6.434,6.4191,-0.0149
train,1981-09-06,6.292,6.3881,0.0961
train,1981-09-07,8.09,7.9503,-0.1397
train,1981-09-08,7.968,7.9861,0.0181
train,1981-09-09,6.684,6.5812,-0.1028
train,1981-09-10,9.058,8.77,-0.288
train,1981-09-11,6.778,6.839,0.061
train,1981-09-12,8.678,8.7625,0.0845
train,1981-09-13,7.908,8.0472,0.1392
train,1981-09-14,6.64,6.6671,0.0271
train,1981-09-15,7.98,7.323,-0.657
train,1981-09-16,6.628,6.7247,0.0967
train,1981-09-17,7.188,7.1987,0.0107
train,1981-09-18,5.996,5.9834,-0.0126
train,1981-09-19,8.698,8.7742,0.0762
train,1981-09-20,7.368,7.4573,0.0893
train,1981-09-21,7.078,7.1234,0.0454
train,1981-09-22,6.912,6.9518,0.0398
train,1981-09-23,6.558,6.7037,0.1457
train,1981-09-24,6.848,6.7621,-0.0859
train,1981-09-25,6.808,6.7593,-0.0487
train,1981-09-26,8.008,7.9661,-0.0419
train,1981-09-27,7.338,7.4053,0.0673
train,1981-09-28,9.368,9.4341,0.0661
train,1981-09-29,7.278,7.18,-0.098
train,1981-09-30,8.588,8.5719,-0.0161
train,1981-10-01,6.746,6.8716,0.1256
train,1981-10-02,7.368,7.2905,-0.0775
train,1981-10-03,6.788,6.8001,0.0121
train,1981-10-04,6.868,6.7464,-0.1216
train,1981-10-05,6.608,6.5381,-0.0699
train,1981-10-06,7.098,7.1095,0.0115
train,1981-10-07,7.488,7.5639,0.0759
train,1981-10-08,7.258,7.1706,-0.0874
train,1981-10-09,6.768,6.7173,-0.0507
train,1981-10-10,7.258,7.3037,0.0457
train,1981-10-11,7.806,8.0183,0.2123
train,1981-10-12,7.088,7.0808,-0.0072
train,1981-10-13,6.818,6.6118,-0.2062
train,1981-10-14,7.608,7.9159,0.3079
train,1981-10-15,8.394,7.5504,-0.8436
train,1981-10-16,6.608,6.5359,-0.0721
train,1981-10-17,7.938,8.0337,0.0957
train,1981-10-18,6.552,6.6624,0.1104
train,1981-10-19,6.548,6.4767,-0.0713
train,1981-10-20,6.088,6.1447,0.0567
train,1981-10-21,7.078,7.085,0.007
train,1981-10-22,7.536,7.7487,0.2127
train,1981-10-23,7.328,7.3192,-0.0088
train,1981-10-24,7.898,7.9063,0.0083
train,1981-10-25,7.688,7.4309,-0.2571
train,1981-10-26,10.178,9.8131,-0.3649
train,1981-10-27,6.904,7.2156,0.3116
train,1981-10-28,6.904,6.9743,0.0703
train,1981-10-29,8.046,8.5543,0.5083
train,1981-10-30,9.184,9.1993,0.0153
train,1981-10-31,9.892,9.4193,-0.4727
train,1981-11-01,8.738,8.5505,-0.1875
train,1981-11-02,8.1,8.103,0.003
train,1981-11-03,7.858,7.5422,-0.3158
train,1981-11-04,8.83,8.8683,0.0383
train,1981-11-05,6.968,7.0498,0.0818
train,1981-11-06,6.364,6.3683,0.0043
train,1981-11-07,6.872,6.9039,0.0319
train,1981-11-08,8.918,8.7698,-0.1482
train,1981-11-09,8.068,8.3668,0.2988
train,1981-11-10,8.418,8.4184,0.0004
train,1981-11-11,6.788,6.7515,-0.0365
train,1981-11-12,6.066,6.0449,-0.0211
train,1981-11-13,9.188,8.5498,-0.6382
train,1981-11-14,6.958,6.8909,-0.0671
train,1981-11-15,7.358,7.4123,0.0543
train,1981-11-16,6.988,7.2344,0.2464
train,1981-11-17,7.118,7.2143,0.0963
train,1981-11-18,7.668,7.7429,0.0749
train,1981-11-19,6.958,7.0334,0.0754
train,1981-11-20,6.706,6.6759,-0.0301
train,1981-11-21,7.068,7.0278,-0.0402
train,1981-11-22,6.968,7.0008,0.0328
train,1981-11-23,8.094,8.3277,0.2337
train,1981-11-24,7.31,7.3076,-0.0024
train,1981-11-25,6.948,6.9701,0.0221
train,1981-11-26,6.348,6.3572,0.0092
train,1981-11-27,7.868,7.9428,0.0748
train,1981-11-28,7.318,7.5012,0.1832
train,1981-11-29,7.074,7.0838,0.0098
train,1981-11-30,7.048,7.0967,0.0487
train,1981-12-01,7.828,7.9267,0.0987
train,1981-12-02,6.598,6.6509,0.0529
train,1981-12-03,7.828,7.5646,-0.2634
train,1981-12-04,6.868,6.8539,-0.0141
train,1981-12-05,8.598,8.3436,-0.2544
train,1981-12-06,5.908,6.0085,0.1005
train,1981-12-07,6.928,6.9751,0.0471
train,1981-12-08,7.858,7.8458,-0.0122
train,1981-12-09,7.458,7.4364,-0.0216
train,1981-12-10,6.392,6.4116,0.0196
train,1981-12-11,7.286,7.1375,-0.1485
train,1981-12-12,8.842,8.7888,-0.0532
train,1981-12-13,9.888,9.8928,0.0048
train,1981-12-14,6.914,6.8977,-0.0163
train,1981-12-15,6.888,6.8664,-0.0216
train,1981-12-16,7.338,7.4778,0.1398
train,1981-12-17,6.948,6.9243,-0.0237
train,1981-12-18,6.858,6.8626,0.0046
train,1981-12-19,6.288,6.3657,0.0777
train,1981-12-20,6.978,6.814,-0.164
train,1981-12-21,7.668,7.6926,0.0246
train,1981-12-22,7.138,7.0888,-0.0492
train,1981-12-23,7.624,7.7113,0.0873
train,1981-12-24,6.768,6.723,-0.045
train,1981-12-25,6.382,6.2814,-0.1006
train,1981-12-26,7.668,7.7808,0.1128
train,1981-12-27,7.088,6.9884,-0.0996
train,1981-12-28,6.958,7.0398,0.0818
train,1981-12-29,9.238,8.8437,-0.3943
train,1981-12-30,6.728,6.6515,-0.0765
train,1981-12-31,7.058,6.9685,-0.0895
train,1982-01-01,7.598,7.9793,0.3813
train,1982-01-02,6.878,6.8787,0.0007
train,1982-01-03,7.952,7.908,-0.044
train,1982-01-04,6.856,6.8947,0.0387
train,1982-01-05,7.028,7.054,0.026
train,1982-01-06,7.138,7.1141,-0.0239
train,1982-01-07,6.918,6.9341,0.0161
train,1982-01-08,7.178,7.3487,0.1707
train,1982-01-09,8.708,8.7644,0.0564
train,1982-01-10,7.248,7.1333,-0.1147
train,1982-01-11,7.778,7.8391,0.0611
train,1982-01-12,6.918,6.9523,0.0343
train,1982-01-13,7.338,7.1898,-0.1482
train,1982-01-14,7.268,7.3481,0.0801
train,1982-01-15,7.008,7.0097,0.0017
train,1982-01-16,8.458,8.4892,0.0312
train,1982-01-17,7.138,7.1468,0.0088
train,1982-01-18,7.054,7.563,0.509
train,1982-01-19,7.838,7.4122,-0.4258
train,1982-01-20,6.71,6.6478,-0.0622
train,1982-01-21,7.608,7.3999,-0.2081
train,1982-01-22,7.218,7.2363,0.0183
train,1982-01-23,6.988,7.0422,0.0542
train,1982-01-24,7.378,7.6124,0.2344
train,1982-01-25,6.862,6.8119,-0.0501
train,1982-01-26,5.9,5.8966,-0.0034
train,1982-01-27,7.128,7.1796,0.0516
train,1982-01-28,7.81,8.4337,0.6237
train,1982-01-29,9.298,9.1502,-0.1478
train,1982-01-30,7.068,7.0508,-0.0172
train,1982-01-31,6.808,6.8086,0.0006
train,1982-02-01,6.884,6.9279,0.0439
train,1982-02-02,7.008,7.0165,0.0085
train,1982-02-03,7.138,7.1497,0.0117
train,1982-02-04,7.468,7.6405,0.1725
train,1982-02-05,6.948,7.1088,0.1608
train,1982-02-06,6.778,6.7886,0.0106
train,1982-02-07,6.256,6.099,-0.157
train,1982-02-08,6.698,6.7676,0.0696
train,1982-02-09,6.582,6.6026,0.0206
train,1982-02-10,6.96,7.0775,0.1175
train,1982-02-11,8.548,8.604,0.056
train,1982-02-12,11.828,11.3914,-0.4366
train,1982-02-13,6.818,7.0747,0.2567
train,1982-02-14,7.098,7.3682,0.2702
train,1982-02-15,6.788,6.7734,-0.0146
train,1982-02-16,6.3,6.3303,0.0303
train,1982-02-17,7.758,7.7055,-0.0525
train,1982-02-18,6.628,6.6167,-0.0113
train,1982-02-19,6.988,7.0302,0.0422
train,1982-02-20,6.802,6.857,0.055
train,1982-02-21,9.478,9.4828,0.0048
train,1982-02-22,9.238,8.8916,-0.3464
train,1982-02-23,7.738,7.8202,0.0822
train,1982-02-24,6.8,6.7962,-0.0038
train,1982-02-25,6.898,6.8736,-0.0244
train,1982-02-26,6.788,6.7892,0.0012
train,1982-02-27,6.044,6.1781,0.1341
train,1982-02-28,7.102,7.2827,0.1807
train,1982-03-01,7.308,7.2975,-0.0105
train,1982-03-02,9.748,9.6354,-0.1126
train,1982-03-03,6.906,6.7074,-0.1986
train,1982-03-04,6.558,6.7256,0.1676
train,1982-03-05,6.948,6.9713,0.0233
train,1982-03-06,6.732,6.919,0.187
train,1982-03-07,7.238,7.2178,-0.0202
train,1982-03-08,8.258,8.2013,-0.0567
train,1982-03-09,5.992,5.9102,-0.0818
train,1982-03-10,7.468,7.7604,0.2924
train,1982-03-11,7.078,6.814,-0.264
train,1982-03-12,7.108,7.1499,0.0419
train,1982-03-13,8.098,7.3286,-0.7694
train,1982-03-14,6.884,6.9507,0.0667
train,1982-03-15,8.338,8.338,0.0
train,1982-03-16,7.426,7.1236,-0.3024
train,1982-03-17,7.018,7.0583,0.0403
train,1982-03-18,9.028,9.0149,-0.0131
train,1982-03-19,8.518,8.5264,0.0084
train,1982-03-20,6.798,6.7825,-0.0155
train,1982-03-21,7.598,7.4897,-0.1083
train,1982-03-22,7.428,7.4292,0.0012
train,1982-03-23,8.048,7.7995,-0.2485
train,1982-03-24,6.408,6.3587,-0.0493
train,1982-03-25,7.478,7.5209,0.0429
train,1982-03-26,7.548,7.7784,0.2304
train,1982-03-27,7.098,7.3582,0.2602
train,1982-03-28,7.018,7.0121,-0.0059
train,1982-03-29,7.248,7.2025,-0.0455
train,1982-03-30,8.488,8.1793,-0.3087
train,1982-03-31,7.142,7.1741,0.0321
train,1982-04-01,7.058,7.0556,-0.0024
train,1982-04-02,12.14,11.7916,-0.3484
train,1982-04-03,6.748,6.7726,0.0246
train,1982-04-04,6.678,6.7493,0.0713
train,1982-04-05,6.882,6.9069,0.0249
train,1982-04-06,7.328,7.3781,0.0501
train,1982-04-07,8.096,7.4826,-0.6134
train,1982-04-08,6.256,6.3525,0.0965
train,1982-04-09,6.618,6.5254,-0.0926
train,1982-04-10,8.258,9.2234,0.9654
train,1982-04-11,7.734,6.5892,-1.1448
train,1982-04-12,7.468,7.5185,0.0505
train,1982-04-13,5.73,5.8974,0.1674
train,1982-04-14,7.458,7.5781,0.1201
train,1982-04-15,8.012,7.8573,-0.1547
train,1982-04-16,7.068,7.0977,0.0297
train,1982-04-17,6.788,7.0898,0.3018
train,1982-04-18,9.666,9.7396,0.0736
train,1982-04-19,7.97,8.1486,0.1786
train,1982-04-20,7.434,7.4345,0.0005
train,1982-04-21,7.862,7.9304,0.0684
train,1982-04-22,8.884,8.3114,-0.5726
train,1982-04-23,6.878,6.8401,-0.0379
train,1982-04-24,8.136,8.0705,-0.0655
train,1982-04-25,7.864,7.9193,0.0553
train,1982-04-26,7.088,7.0815,-0.0065
train,1982-04-27,7.312,7.4311,0.1191
train,1982-04-28,7.428,6.9408,-0.4872
train,1982-04-29,7.388,7.3363,-0.0517
train,1982-04-30,6.732,6.7757,0.0437
train,1982-05-01,6.856,6.7048,-0.1512
train,1982-05-02,7.198,7.1898,-0.0082
train,1982-05-03,8.188,8.4193,0.2313
train,1982-05-04,6.758,6.8266,0.0686
train,1982-05-05,6.938,6.9358,-0.0022
train,1982-05-06,6.918,6.8989,-0.0191
train,1982-05-07,9.608,9.735,0.127
train,1982-05-08,7.068,7.1518,0.0838
train,1982-05-09,7.318,7.33,0.012
train,1982-05-10,8.696,8.8455,0.1495
train,1982-05-11,6.93,7.0313,0.1013
train,1982-05-12,7.078,7.0719,-0.0061
train,1982-05-13,6.162,6.1025,-0.0595
train,1982-05-14,7.198,7.2374,0.0394
train,1982-05-15,8.096,8.7349,0.6389
train,1982-05-16,6.648,6.7055,0.0575
train,1982-05-17,6.978,7.0016,0.0236
train,1982-05-18,7.446,7.3155,-0.1305
train,1982-05-19,6.708,6.51,-0.198
train,1982-05-20,8.878,8.2211,-0.6569
train,1982-05-21,7.798,7.7113,-0.0867
train,1982-05-22,9.818,9.5364,-0.2816
train,1982-05-23,8.228,8.3293,0.1013
train,1982-05-24,7.298,7.0425,-0.2555
train,1982-05-25,7.608,7.6187,0.0107
train,1982-05-26,9.748,9.4849,-0.2631
train,1982-05-27,7.216,7.2103,-0.0057
train,1982-05-28,6.968,6.9824,0.0144
train,1982-05-29,7.578,7.6546,0.0766
train,1982-05-30,6.884,7.0582,0.1742
train,1982-05-31,7.338,7.6327,0.2947
train,1982-06-01,6.898,6.8938,-0.0042
train,1982-06-02,7.208,7.2869,0.0789
train,1982-06-03,7.098,7.0617,-0.0363
train,1982-06-04,6.968,7.0827,0.1147
train,1982-06-05,6.468,6.4534,-0.0146
train,1982-06-06,9.218,9.3127,0.0947
train,1982-06-07,6.256,6.2909,0.0349
train,1982-06-08,6.896,6.9192,0.0232
train,1982-06-09,6.428,6.5018,0.0738
train,1982-06-10,7.248,7.2499,0.0019
train,1982-06-11,10.548,10.7739,0.2259
train,1982-06-12,7.96,7.8971,-0.0629
train,1982-06-13,10.146,9.1807,-0.9653
train,1982-06-14,5.94,6.0946,0.1546
train,1982-06-15,7.448,7.375,-0.073
train,1982-06-16,7.078,7.1151,0.0371
train,1982-06-17,8.248,8.4314,0.1834
train,1982-06-18,6.998,7.029,0.031
train,1982-06-19,7.868,8.0288,0.1608
train,1982-06-20,6.504,6.5314,0.0274
train,1982-06-21,8.238,7.2737,-0.9643
train,1982-06-22,6.6,6.7367,0.1367
train,1982-06-23,6.738,6.8423,0.1043
train,1982-06-24,7.068,7.0492,-0.0188
train,1982-06-25,6.978,6.993,0.015
train,1982-06-26,7.138,7.0807,-0.0573
train,1982-06-27,5.968,6.1278,0.1598
train,1982-06-28,6.888,6.8331,-0.0549
train,1982-06-29,6.77,6.5334,-0.2366
train,1982-06-30,6.888,6.8822,-0.0058
train,1982-07-01,7.346,7.5468,0.2008
train,1982-07-02,7.248,7.2551,0.0071
train,1982-07-03,8.184,8.2841,0.1001
train,1982-07-04,7.918,7.9262,0.0082
train,1982-07-05,6.64,6.7271,0.0871
train,1982-07-06,7.038,7.0634,0.0254
train,1982-07-07,7.838,7.9488,0.1108
train,1982-07-08,7.228,7.3039,0.0759
train,1982-07-09,8.678,8.7573,0.0793
train,1982-07-10,6.206,6.2094,0.0034
train,1982-07-11,7.248,7.3063,0.0583
train,1982-07-12,7.178,7.2009,0.0229
train,1982-07-13,5.914,5.9305,0.0165
train,1982-07-14,8.368,8.4276,0.0596
train,1982-07-15,8.218,8.1337,-0.0843
train,1982-07-16,7.378,7.3796,0.0016
train,1982-07-17,8.308,8.4123,0.1043
train,1982-07-18,7.468,7.4506,-0.0174
train,1982-07-19,7.188,7.2146,0.0266
train,1982-07-20,6.968,7.0416,0.0736
train,1982-07-21,10.918,11.1687,0.2507
train,1982-07-22,6.728,6.7358,0.0078
train,1982-07-23,6.882,7.0176,0.1356
train,1982-07-24,6.832,6.9403,0.1083
train,1982-07-25,7.068,7.1335,0.0655
train,1982-07-26,7.11,7.1363,0.0263
train,1982-07-27,6.978,7.0125,0.0345
train,1982-07-28,6.898,7.1395,0.2415
train,1982-07-29,7.496,7.532,0.036
train,1982-07-30,7.158,7.1778,0.0198
train,1982-07-31,6.616,6.7703,0.1543
train,1982-08-01,8.588,8.6976,0.1096
train,1982-08-02,7.878,7.851,-0.027
train,1982-08-03,7.512,7.5241,0.0121
train,1982-08-04,8.498,8.7859,0.2879
train,1982-08-05,6.828,6.8252,-0.0028
train,1982-08-06,8.222,8.2514,0.0294
train,1982-08-07,8.384,8.7958,0.4118
train,1982-08-08,6.418,6.2465,-0.1715
train,1982-08-09,7.108,7.2246,0.1166
train,1982-08-10,8.038,7.281,-0.757
train,1982-08-11,7.018,7.0321,0.0141
train,1982-08-12,6.958,6.9205,-0.0375
train,1982-08-13,6.888,6.8116,-0.0764
train,1982-08-14,7.838,7.9229,0.0849
train,1982-08-15,6.85,6.4519,-0.3981
train,1982-08-16,7.038,7.0481,0.0101
train,1982-08-17,7.018,6.9928,-0.0252
train,1982-08-18,7.234,7.0196,-0.2144
train,1982-08-19,8.16,8.158,-0.002
train,1982-08-20,7.138,7.2536,0.1156
train,1982-08-21,8.658,8.6219,-0.0361
train,1982-08-22,8.018,8.0439,0.0259
train,1982-08-23,6.958,7.0147,0.0567
train,1982-08-24,7.358,7.3455,-0.0125
train,1982-08-25,6.678,6.3547,-0.3233
train,1982-08-26,6.908,7.0328,0.1248
train,1982-08-27,6.192,6.2218,0.0298
train,1982-08-28,10.446,10.0853,-0.3607
train,1982-08-29,6.292,6.3376,0.0456
train,1982-08-30,6.648,6.5318,-0.1162
train,1982-08-31,7.18,7.2168,0.0368
train,1982-09-01,7.038,6.9724,-0.0656
train,1982-09-02,6.648,6.6369,-0.0111
train,1982-09-03,6.638,6.5997,-0.0383
train,1982-09-04,7.118,7.1768,0.0588
train,1982-09-05,6.748,6.7346,-0.0134
train,1982-09-06,7.078,7.0692,-0.0088
train,1982-09-07,6.41,6.4786,0.0686
train,1982-09-08,6.744,6.6866,-0.0574
train,1982-09-09,9.418,8.5622,-0.8558
train,1982-09-10,6.562,6.6032,0.0412
train,1982-09-11,7.914,7.6581,-0.2559
train,1982-09-12,7.19,7.2721,0.0821
train,1982-09-13,6.542,6.6245,0.0825
train,1982-09-14,6.766,6.7954,0.0294
train,1982-09-15,7.148,7.1527,0.0047
train,1982-09-16,7.768,7.877,0.109
train,1982-09-17,6.038,6.2955,0.2575
train,1982-09-18,7.658,7.7625,0.1045
train,1982-09-19,7.898,8.2557,0.3577
train,1982-09-20,8.708,8.7014,-0.0066
train,1982-09-21,8.748,8.5913,-0.1567
train,1982-09-22,7.328,7.5888,0.2608
train,1982-09-23,5.892,5.9409,0.0489
train,1982-09-24,6.668,6.9454,0.2774
train,1982-09-25,7.638,7.7122,0.0742
train,1982-09-26,8.064,7.6331,-0.4309
train,1982-09-27,7.538,7.2476,-0.2904
train,1982-09-28,8.028,7.816,-0.212
train,1982-09-29,8.794,8.8765,0.0825
train,1982-09-30,6.494,6.6951,0.2011
train,1982-10-01,6.71,6.7379,0.0279
train,1982-10-02,7.118,7.1233,0.0053
train,1982-10-03,7.708,7.6761,-0.0319
train,1982-10-04,7.34,7.3797,0.0397
train,1982-10-05,10.212,10.3814,0.1694
train,1982-10-06,6.882,6.9223,0.0403
train,1982-10-07,6.684,6.671,-0.013
train,1982-10-08,7.058,7.0454,-0.0126
train,1982-10-09,6.578,6.5889,0.0109
train,1982-10-10,6.768,6.6776,-0.0904
train,1982-10-11,7.536,7.6897,0.1537
train,1982-10-12,6.978,7.0043,0.0263
train,1982-10-13,6.208,6.1978,-0.0102
train,1982-10-14,6.708,6.7454,0.0374
train,1982-10-15,7.118,7.0843,-0.0337
train,1982-10-16,7.218,7.1789,-0.0391
train,1982-10-17,7.088,7.1056,0.0176
train,1982-10-18,10.408,10.3573,-0.0507
train,1982-10-19,10.014,9.8861,-0.1279
train,1982-10-20,7.518,7.4819,-0.0361
train,1982-10-21,9.098,9.095,-0.003
train,1982-10-22,7.948,7.9337,-0.0143
train,1982-10-23,8.148,8.237,0.089
train,1982-10-24,7.498,7.0811,-0.4169
train,1982-10-25,7.198,7.2142,0.0162
train,1982-10-26,7.198,7.3032,0.1052
train,1982-10-27,7.896,7.9712,0.0752
train,1982-10-28,7.178,7.1807,0.0027
train,1982-10-29,7.878,7.9038,0.0258
train,1982-10-30,6.496,6.4528,-0.0432
train,1982-10-31,8.506,8.4383,-0.0677
train,1982-11-01,6.908,6.8611,-0.0469
train,1982-11-02,9.108,9.0615,-0.0465
train,1982-11-03,7.108,7.5689,0.4609
train,1982-11-04,6.628,6.6783,0.0503
train,1982-11-05,7.048,7.0646,0.0166
train,1982-11-06,8.038,7.7302,-0.3078
train,1982-11-07,7.988,7.775,-0.213
train,1982-11-08,7.418,7.5564,0.1384
train,1982-11-09,6.938,7.0586,0.1206
train,1982-11-10,7.16,7.3027,0.1427
train,1982-11-11,7.208,7.4255,0.2175
train,1982-11-12,6.938,6.9046,-0.0334
train,1982-11-13,7.828,7.91,0.082
train,1982-11-14,6.786,6.8482,0.0622
train,1982-11-15,7.838,7.8411,0.0031
train,1982-11-16,6.718,6.7631,0.0451
train,1982-11-17,6.458,6.4171,-0.0409
train,1982-11-18,7.178,7.194,0.016
train,1982-11-19,7.01,7.0764,0.0664
train,1982-11-20,7.226,7.2905,0.0645
train,1982-11-21,7.622,7.6994,0.0774
train,1982-11-22,7.288,7.4323,0.1443
train,1982-11-23,9.15,9.0594,-0.0906
train,1982-11-24,7.658,7.7653,0.1073
train,1982-11-25,7.85,7.8521,0.0021
train,1982-11-26,10.178,8.3399,-1.8381
train,1982-11-27,7.198,7.3684,0.1704
train,1982-11-28,6.544,6.5244,-0.0196
train,1982-11-29,7.648,6.9392,-0.7088
train,1982-11-30,6.332,6.3133,-0.0187
train,1982-12-01,7.198,7.2259,0.0279
train,1982-12-02,7.098,6.8602,-0.2378
train,1982-12-03,9.748,9.7507,0.0027
train,1982-12-04,6.788,6.813,0.025
train,1982-12-05,7.088,7.1486,0.0606
train,1982-12-06,6.978,6.9292,-0.0488
train,1982-12-07,6.968,6.974,0.006
train,1982-12-08,8.128,7.4881,-0.6399
train,1982-12-09,7.288,7.3156,0.0276
train,1982-12-10,6.988,6.9777,-0.0103
train,1982-12-11,7.408,7.5083,0.1003
train,1982-12-12,7.138,7.1349,-0.0031
train,1982-12-13,7.59,7.5217,-0.0683
train,1982-12-14,6.36,6.4045,0.0445
train,1982-12-15,7.048,7.2526,0.2046
train,1982-12-16,9.058,9.0806,0.0226
train,1982-12-17,6.888,6.8623,-0.0257
train,1982-12-18,7.208,6.9176,-0.2904
train,1982-12-19,8.678,8.921,0.243
train,1982-12-20,6.554,6.7574,0.2034
train,1982-12-21,7.878,7.9892,0.1112
train,1982-12-22,7.068,6.9836,-0.0844
train,1982-12-23,7.578,7.5377,-0.0403
train,1982-12-24,6.608,6.5222,-0.0858
train,1982-12-25,10.408,10.665,0.257
train,1982-12-26,6.486,6.4081,-0.0779
train,1982-12-27,6.948,6.9188,-0.0292
train,1982-12-28,9.098,9.0105,-0.0875
train,1982-12-29,7.088,7.0846,-0.0034
train,1982-12-30,6.512,6.5008,-0.0112
train,1982-12-31,6.522,6.536,0.014
train,1983-01-01,7.008,7.0198,0.0118
train,1983-01-02,7.828,7.8199,-0.0081
train,1983-01-03,8.12,8.3781,0.2581
train,1983-01-04,7.018,6.9896,-0.0284
train,1983-01-05,6.868,6.9228,0.0548
train,1983-01-06,7.048,7.0833,0.0353
train,1983-01-07,7.928,7.9081,-0.0199
train,1983-01-08,7.358,7.4202,0.0622
train,1983-01-09,6.968,6.9943,0.0263
train,1983-01-10,10.042,8.8423,-1.1997
train,1983-01-11,7.782,7.877,0.095
train,1983-01-12,6.638,6.8025,0.1645
train,1983-01-13,8.748,8.9032,0.1552
train,1983-01-14,8.128,8.2053,0.0773
train,1983-01-15,7.788,7.7841,-0.0039
train,1983-01-16,10.648,10.4213,-0.2267
train,1983-01-17,7.318,6.6787,-0.6393
train,1983-01-18,9.008,8.9071,-0.1009
train,1983-01-19,6.918,6.92,0.002
train,1983-01-20,6.558,6.5841,0.0261
train,1983-01-21,7.008,7.0318,0.0238
train,1983-01-22,6.668,6.6127,-0.0553
train,1983-01-23,6.968,7.0911,0.1231
train,1983-01-24,7.038,7.0697,0.0317
train,1983-01-25,6.946,6.9213,-0.0247
train,1983-01-26,7.098,7.1557,0.0577
train,1983-01-27,6.456,6.3028,-0.1532
train,1983-01-28,7.058,7.0993,0.0413
train,1983-01-29,6.408,6.4609,0.0529
train,1983-01-30,6.988,7.0154,0.0274
train,1983-01-31,7.248,7.2769,0.0289
train,1983-02-01,6.968,6.9457,-0.0223
train,1983-02-02,7.032,6.9475,-0.0845
train,1983-02-03,6.908,6.831,-0.077
train,1983-02-04,8.272,8.363,0.091
train,1983-02-05,8.688,8.0278,-0.6602
train,1983-02-06,8.418,8.7539,0.3359
train,1983-02-07,9.03,9.0777,0.0477
train,1983-02-08,7.494,7.3494,-0.1446
train,1983-02-09,6.658,6.6727,0.0147
train,1983-02-10,7.626,7.918,0.292
train,1983-02-11,6.358,6.2948,-0.0632
train,1983-02-12,6.928,6.9688,0.0408
train,1983-02-13,8.238,8.6012,0.3632
train,1983-02-14,6.918,6.9261,0.0081
train,1983-02-15,8.776,9.0501,0.2741
train,1983-02-16,7.626,7.6475,0.0215
train,1983-02-17,7.358,7.5414,0.1834
train,1983-02-18,11.286,11.0563,-0.2297
train,1983-02-19,6.818,6.7804,-0.0376
train,1983-02-20,6.586,6.5553,-0.0307
train,1983-02-21,7.858,7.8124,-0.0456
train,1983-02-22,7.528,8.0723,0.5443
train,1983-02-23,7.438,6.9694,-0.4686
train,1983-02-24,6.898,6.8862,-0.0118
train,1983-02-25,6.898,6.8783,-0.0197
train,1983-02-26,6.746,6.7085,-0.0375
train,1983-02-27,7.148,7.1852,0.0372
train,1983-02-28,7.528,7.4463,-0.0817
train,1983-03-01,6.102,6.0811,-0.0209
train,1983-03-02,6.496,6.4025,-0.0935
train,1983-03-03,6.858,6.8094,-0.0486
train,1983-03-04,6.498,6.59,0.092
train,1983-03-05,6.042,6.2101,0.1681
train,1983-03-06,7.618,7.7084,0.0904
train,1983-03-07,7.028,7.0269,-0.0011
train,1983-03-08,8.082,8.2017,0.1197
train,1983-03-09,6.198,6.1837,-0.0143
train,1983-03-10,9.698,9.7686,0.0706
train,1983-03-11,6.408,6.4757,0.0677
train,1983-03-12,6.978,6.9828,0.0048
train,1983-03-13,7.718,7.8974,0.1794
train,1983-03-14,6.392,6.3516,-0.0404
train,1983-03-15,6.988,7.0406,0.0526
train,1983-03-16,7.218,7.2382,0.0202
train,1983-03-17,7.428,7.426,-0.002
train,1983-03-18,7.346,7.5603,0.2143
train,1983-03-19,8.038,8.0194,-0.0186
train,1983-03-20,10.518,10.2574,-0.2606
train,1983-03-21,7.398,7.5147,0.1167
train,1983-03-22,7.238,7.2337,-0.0043
train,1983-03-23,8.008,8.0628,0.0548
train,1983-03-24,7.008,7.0665,0.0585
train,1983-03-25,7.028,7.0932,0.0652
train,1983-03-26,8.018,8.1286,0.1106
train,1983-03-27,6.3,6.3465,0.0465
train,1983-03-28,6.838,6.847,0.009
train,1983-03-29,8.578,8.9015,0.3235
train,1983-03-30,7.338,7.3271,-0.0109
train,1983-03-31,8.542,8.4804,-0.0616
train,1983-04-01,6.196,6.0715,-0.1245
train,1983-04-02,6.238,6.3785,0.1405
train,1983-04-03,6.844,6.8322,-0.0118
train,1983-04-04,7.386,7.4218,0.0358
train,1983-04-05,6.772,6.7333,-0.0387
train,1983-04-06,7.252,6.6658,-0.5862
train,1983-04-07,6.702,6.6956,-0.0064
train,1983-04-08,6.642,6.6765,0.0345
train,1983-04-09,6.874,6.9054,0.0314
train,1983-04-10,7.028,6.9134,-0.1146
train,1983-04-11,7.108,7.1175,0.0095
train,1983-04-12,7.008,6.9955,-0.0125
train,1983-04-13,6.608,6.6325,0.0245
train,1983-04-14,6.92,6.8693,-0.0507
train,1983-04-15,7.408,7.182,-0.226
train,1983-04-16,6.69,6.7192,0.0292
train,1983-04-17,6.632,6.4225,-0.2095
train,1983-04-18,7.028,6.9474,-0.0806
train,1983-04-19,6.764,6.6548,-0.1092
train,1983-04-20,6.576,6.4584,-0.1176
train,1983-04-21,9.828,9.1236,-0.7044
train,1983-04-22,7.468,7.483,0.015
train,1983-04-23,6.846,6.9704,0.1244
train,1983-04-24,6.608,6.497,-0.111
train,1983-04-25,7.408,7.4654,0.0574
train,1983-04-26,9.438,9.3359,-0.1021
train,1983-04-27,7.828,7.8446,0.0166
train,1983-04-28,7.588,7.2289,-0.3591
train,1983-04-29,7.358,7.5522,0.1942
train,1983-04-30,7.198,7.3489,0.1509
train,1983-05-01,8.14,8.2784,0.1384
train,1983-05-02,6.94,6.7333,-0.2067
train,1983-05-03,7.908,7.8092,-0.0988
train,1983-05-04,9.348,9.242,-0.106
train,1983-05-05,8.838,8.8678,0.0298
train,1983-05-06,7.748,7.5476,-0.2004
train,1983-05-07,9.084,9.9578,0.8738
train,1983-05-08,6.66,6.7054,0.0454
train,1983-05-09,6.402,6.3984,-0.0036
train,1983-05-10,7.648,7.8659,0.2179
train,1983-05-11,7.728,7.917,0.189
train,1983-05-12,6.968,6.6437,-0.3243
train,1983-05-13,7.018,6.9297,-0.0883
train,1983-05-14,6.646,6.6747,0.0287
train,1983-05-15,6.818,6.8599,0.0419
train,1983-05-16,7.608,6.9124,-0.6956
train,1983-05-17,6.868,6.8624,-0.0056
train,1983-05-18,6.812,6.8155,0.0035
train,1983-05-19,7.268,7.2157,-0.0523
train,1983-05-20,7.436,7.4609,0.0249
train,1983-05-21,7.478,7.582,0.104
train,1983-05-22,6.488,6.3594,-0.1286
train,1983-05-23,6.554,6.4794,-0.0746
train,1983-05-24,8.688,8.7927,0.1047
train,1983-05-25,7.518,7.2483,-0.2697
train,1983-05-26,7.398,7.1425,-0.2555
train,1983-05-27,6.638,7.1375,0.4995
train,1983-05-28,6.928,6.9396,0.0116
train,1983-05-29,7.298,7.1988,-0.0992
train,1983-05-30,6.062,6.1379,0.0759
train,1983-05-31,7.428,7.5363,0.1083
train,1983-06-01,6.848,6.8557,0.0077
train,1983-06-02,6.978,6.9881,0.0101
train,1983-06-03,6.928,6.8721,-0.0559
train,1983-06-04,8.668,8.6111,-0.0569
train,1983-06-05,6.472,6.4953,0.0233
train,1983-06-06,6.394,6.4064,0.0124
train,1983-06-07,7.208,7.375,0.167
train,1983-06-08,6.958,6.9784,0.0204
train,1983-06-09,8.09,8.2016,0.1116
train,1983-06-10,7.048,7.0661,0.0181
train,1983-06-11,7.018,7.0865,0.0685
train,1983-06-12,6.928,6.9978,0.0698
train,1983-06-13,7.138,7.2263,0.0883
train,1983-06-14,6.998,6.9926,-0.0054
train,1983-06-15,7.414,7.2915,-0.1225
train,1983-06-16,9.858,9.5922,-0.2658
train,1983-06-17,6.992,6.9943,0.0023
train,1983-06-18,6.262,6.2748,0.0128
train,1983-06-19,8.228,8.2932,0.0652
train,1983-06-20,7.488,7.4819,-0.0061
train,1983-06-21,7.626,7.8902,0.2642
train,1983-06-22,7.668,7.6172,-0.0508
train,1983-06-23,8.508,8.4888,-0.0192
train,1983-06-24,6.328,6.4162,0.0882
train,1983-06-25,7.526,7.584,0.058
train,1983-06-26,8.818,9.1719,0.3539
train,1983-06-27,8.072,8.1207,0.0487
train,1983-06-28,9.868,9.7799,-0.0881
train,1983-06-29,7.088,7.0333,-0.0547
train,1983-06-30,8.138,8.15,0.012
train,1983-07-01,9.518,10.1785,0.6605
train,1983-07-02,7.348,7.4708,0.1228
train,1983-07-03,7.028,7.0859,0.0579
train,1983-07-04,7.358,7.3281,-0.0299
train,1983-07-05,7.898,8.113,0.215
train,1983-07-06,6.114,6.1031,-0.0109
train,1983-07-07,7.138,7.0524,-0.0856
train,1983-07-08,7.088,7.0625,-0.0255
train,1983-07-09,8.108,8.0894,-0.0186
train,1983-07-10,10.508,10.0572,-0.4508
train,1983-07-11,6.838,6.8418,0.0038
train,1983-07-12,6.306,6.3463,0.0403
train,1983-07-13,10.398,10.5162,0.1182
train,1983-07-14,6.558,6.619,0.061
train,1983-07-15,8.648,8.8989,0.2509
train,1983-07-16,6.25,6.2332,-0.0168
train,1983-07-17,7.118,7.1077,-0.0103
train,1983-07-18,7.028,7.0368,0.0088
train,1983-07-19,9.968,10.245,0.277
train,1983-07-20,7.278,7.2608,-0.0172
train,1983-07-21,6.372,6.3558,-0.0162
train,1983-07-22,6.968,7.1142,0.1462
train,1983-07-23,6.808,6.8604,0.0524
train,1983-07-24,8.208,7.5803,-0.6277
train,1983-07-25,7.18,6.4949,-0.6851
train,1983-07-26,7.738,7.8105,0.0725
train,1983-07-27,7.908,7.997,0.089
train,1983-07-28,7.648,6.8473,-0.8007
train,1983-07-29,7.028,7.0703,0.0423
train,1983-07-30,6.548,6.6996,0.1516
train,1983-07-31,8.122,7.2989,-0.8231
train,1983-08-01,6.758,6.8449,0.0869
train,1983-08-02,7.138,7.1606,0.0226
train,1983-08-03,7.368,7.0425,-0.3255
train,1983-08-04,7.378,7.1934,-0.1846
train,1983-08-05,6.308,6.31,0.002
train,1983-08-06,7.148,7.1689,0.0209
train,1983-08-07,6.588,6.5131,-0.0749
train,1983-08-08,7.378,7.2745,-0.1035
train,1983-08-09,6.418,6.5694,0.1514
train,1983-08-10,8.544,8.4361,-0.1079
train,1983-08-11,7.118,7.3605,0.2425
train,1983-08-12,9.858,9.9784,0.1204
train,1983-08-13,6.448,6.3593,-0.0887
train,1983-08-14,9.248,8.6468,-0.6012
train,1983-08-15,8.108,7.8987,-0.2093
train,1983-08-16,6.958,7.1064,0.1484
train,1983-08-17,6.678,6.7306,0.0526
train,1983-08-18,7.688,7.5698,-0.1182
train,1983-08-19,6.988,6.9798,-0.0082
train,1983-08-20,7.198,7.0597,-0.1383
train,1983-08-21,6.302,6.3038,0.0018
train,1983-08-22,6.856,6.7279,-0.1281
train,1983-08-23,9.474,9.136,-0.338
train,1983-08-24,6.788,6.7743,-0.0137
train,1983-08-25,6.878,6.8807,0.0027
train,1983-08-26,7.068,7.0068,-0.0612
train,1983-08-27,9.34,9.3971,0.0571
train,1983-08-28,6.144,6.1519,0.0079
train,1983-08-29,6.846,6.8671,0.0211
train,1983-08-30,8.656,7.4716,-1.1844
train,1983-08-31,6.898,6.8392,-0.0588
train,1983-09-01,7.048,7.2554,0.2074
train,1983-09-02,6.6,6.639,0.039
train,1983-09-03,6.818,6.8877,0.0697
train,1983-09-04,7.998,8.0095,0.0115
train,1983-09-05,6.332,6.3316,-0.0004
train,1983-09-06,7.098,7.2088,0.1108
train,1983-09-07,6.808,6.747,-0.061
train,1983-09-08,6.268,6.3774,0.1094
train,1983-09-09,8.208,8.4334,0.2254
train,1983-09-10,6.642,6.5708,-0.0712
train,1983-09-11,6.524,6.5799,0.0559
train,1983-09-12,7.158,7.1544,-0.0036
train,1983-09-13,8.028,7.9257,-0.1023
train,1983-09-14,7.088,7.0505,-0.0375
train,1983-09-15,8.648,8.2019,-0.4461
train,1983-09-16,7.158,7.2216,0.0636
train,1983-09-17,7.128,7.1274,-0.0006
train,1983-09-18,7.028,7.094,0.066
train,1983-09-19,7.562,7.2324,-0.3296
train,1983-09-20,6.378,6.3777,-0.0003
train,1983-09-21,6.308,6.3419,0.0339
train,1983-09-22,7.228,7.2002,-0.0278
train,1983-09-23,6.788,6.6394,-0.1486
train,1983-09-24,6.982,7.0377,0.0557
train,1983-09-25,7.098,7.1175,0.0195
train,1983-09-26,8.328,8.2374,-0.0906
train,1983-09-27,8.402,8.9296,0.5276
train,1983-09-28,6.968,6.9609,-0.0071
train,1983-09-29,6.868,6.8637,-0.0043
train,1983-09-30,8.088,8.064,-0.024
train,1983-10-01,7.868,8.242,0.374
train,1983-10-02,8.278,8.2711,-0.0069
train,1983-10-03,7.358,7.3733,0.0153
train,1983-10-04,10.668,9.8046,-0.8634
train,1983-10-05,6.278,6.3692,0.0912
train,1983-10-06,8.338,8.1237,-0.2143
train,1983-10-07,6.578,6.5573,-0.0207
train,1983-10-08,6.888,6.9109,0.0229
train,1983-10-09,6.578,6.5694,-0.0086
train,1983-10-10,6.418,6.4654,0.0474
train,1983-10-11,8.518,8.2007,-0.3173
train,1983-10-12,6.948,6.9913,0.0433
train,1983-10-13,8.334,8.3006,-0.0334
train,1983-10-14,8.144,8.0492,-0.0948
train,1983-10-15,6.958,6.9904,0.0324
train,1983-10-16,6.28,6.3113,0.0313
train,1983-10-17,7.658,7.684,0.026
train,1983-10-18,7.538,7.5655,0.0275
train,1983-10-19,6.968,6.9994,0.0314
train,1983-10-20,7.198,7.1489,-0.0491
train,1983-10-21,8.338,8.4048,0.0668
train,1983-10-22,7.024,6.6978,-0.3262
train,1983-10-23,9.198,9.2093,0.0113
train,1983-10-24,6.898,6.9032,0.0052
train,1983-10-25,7.298,7.5868,0.2888
train,1983-10-26,8.778,8.8068,0.0288
train,1983-10-27,6.998,7.0418,0.0438
train,1983-10-28,8.658,8.5154,-0.1426
train,1983-10-29,7.598,7.1461,-0.4519
train,1983-10-30,6.278,6.3216,0.0436
train,1983-10-31,6.868,6.8945,0.0265
train,1983-11-01,6.308,6.2514,-0.0566
train,1983-11-02,8.416,8.3851,-0.0309
train,1983-11-03,6.698,6.6771,-0.0209
train,1983-11-04,7.048,7.0335,-0.0145
train,1983-11-05,6.888,6.819,-0.069
train,1983-11-06,6.368,6.4448,0.0768
train,1983-11-07,8.768,8.9606,0.1926
train,1983-11-08,6.854,6.8958,0.0418
train,1983-11-09,7.108,7.3685,0.2605
train,1983-11-10,6.988,6.9776,-0.0104
train,1983-11-11,7.088,7.324,0.236
train,1983-11-12,7.146,7.3012,0.1552
train,1983-11-13,7.598,7.3234,-0.2746
train,1983-11-14,7.59,7.5493,-0.0407
train,1983-11-15,11.452,10.6593,-0.7927
train,1983-11-16,7.488,7.4975,0.0095
train,1983-11-17,6.868,6.8863,0.0183
train,1983-11-18,7.138,7.1259,-0.0121
train,1983-11-19,6.418,6.4163,-0.0017
train,1983-11-20,6.858,6.9289,0.0709
train,1983-11-21,7.048,6.9645,-0.0835
train,1983-11-22,6.768,6.7093,-0.0587
train,1983-11-23,7.028,7.0483,0.0203
train,1983-11-24,8.778,9.0397,0.2617
train,1983-11-25,6.6,6.5075,-0.0925
train,1983-11-26,6.698,6.7442,0.0462
train,1983-11-27,6.718,6.6763,-0.0417
train,1983-11-28,6.668,6.6546,-0.0134
train,1983-11-29,7.058,7.0297,-0.0283
train,1983-11-30,6.988,7.2253,0.2373
train,1983-12-01,8.068,8.2862,0.2182
train,1983-12-02,8.588,8.551,-0.037
train,1983-12-03,6.928,6.9859,0.0579
train,1983-12-04,6.788,6.7965,0.0085
train,1983-12-05,8.578,8.5013,-0.0767
train,1983-12-06,7.618,7.393,-0.225
train,1983-12-07,6.668,6.7137,0.0457
train,1983-12-08,6.804,6.7996,-0.0044
train,1983-12-09,8.482,8.4148,-0.0672
train,1983-12-10,7.438,7.4679,0.0299
train,1983-12-11,6.594,6.6294,0.0354
train,1983-12-12,6.504,6.5244,0.0204
train,1983-12-13,7.384,7.4075,0.0235
train,1983-12-14,7.216,7.3508,0.1348
train,1983-12-15,7.758,7.7573,-0.0007
train,1983-12-16,7.518,7.778,0.26
train,1983-12-17,7.028,7.1474,0.1194
train,1983-12-18,6.688,6.4965,-0.1915
train,1983-12-19,6.368,6.5623,0.1943
train,1983-12-20,7.388,7.3583,-0.0297
train,1983-12-21,7.958,7.9142,-0.0438
train,1983-12-22,8.478,8.3783,-0.0997
train,1983-12-23,6.178,6.2975,0.1195
train,1983-12-24,6.708,6.7206,0.0126
train,1983-12-25,9.128,7.9015,-1.2265
train,1983-12-26,6.418,6.2976,-0.1204
train,1983-12-27,8.818,8.8444,0.0264
train,1983-12-28,6.838,6.8457,0.0077
train,1983-12-29,6.918,6.9258,0.0078
train,1983-12-30,6.448,6.8871,0.4391
train,1983-12-31,6.668,6.6807,0.0127
train,1984-01-01,9.558,9.3236,-0.2344
train,1984-01-02,6.904,6.8515,-0.0525
train,1984-01-03,7.008,7.4043,0.3963
train,1984-01-04,8.138,8.2297,0.0917
train,1984-01-05,7.388,7.4184,0.0304
train,1984-01-06,6.498,6.5022,0.0042
train,1984-01-07,8.048,7.9146,-0.1334
train,1984-01-08,7.148,7.1543,0.0063
train,1984-01-09,6.652,6.5778,-0.0742
train,1984-01-10,6.838,6.8344,-0.0036
train,1984-01-11,6.808,6.8792,0.0712
train,1984-01-12,6.958,7.0135,0.0555
train,1984-01-13,7.028,7.038,0.01
train,1984-01-14,6.77,6.792,0.022
train,1984-01-15,8.068,8.0281,-0.0399
train,1984-01-16,6.51,6.5573,0.0473
train,1984-01-17,7.148,7.1671,0.0191
train,1984-01-18,8.788,7.9289,-0.8591
train,1984-01-19,7.058,7.0462,-0.0118
train,1984-01-20,6.628,6.6995,0.0715
train,1984-01-21,6.338,6.3281,-0.0099
train,1984-01-22,7.978,7.965,-0.013
train,1984-01-23,6.678,6.5892,-0.0888
train,1984-01-24,6.304,6.3611,0.0571
train,1984-01-25,6.612,6.5768,-0.0352
train,1984-01-26,6.958,7.2408,0.2828
train,1984-01-27,6.858,6.9335,0.0755
train,1984-01-28,8.554,9.061,0.507
train,1984-01-29,7.688,7.6077,-0.0803
train,1984-01-30,9.308,9.2014,-0.1066
train,1984-01-31,6.704,6.6947,-0.0093
train,1984-02-01,6.924,6.3622,-0.5618
train,1984-02-02,8.488,8.5517,0.0637
train,1984-02-03,6.508,6.4933,-0.0147
train,1984-02-04,6.454,6.378,-0.076
train,1984-02-05,6.948,6.9661,0.0181
train,1984-02-06,9.568,9.3938,-0.1742
train,1984-02-07,6.35,6.3892,0.0392
train,1984-02-08,6.752,6.727,-0.025
train,1984-02-09,8.008,8.0651,0.0571
train,1984-02-10,7.178,7.1918,0.0138
train,1984-02-11,7.428,7.4555,0.0275
train,1984-02-12,8.208,8.3764,0.1684
train,1984-02-13,7.858,7.7429,-0.1151
train,1984-02-14,7.248,7.339,0.091
train,1984-02-15,6.758,6.8119,0.0539
train,1984-02-16,8.728,8.7275,-0.0005
train,1984-02-17,6.498,6.3401,-0.1579
train,1984-02-18,8.128,8.5371,0.4091
train,1984-02-19,6.478,6.5153,0.0373
train,1984-02-20,6.936,7.0997,0.1637
train,1984-02-21,6.778,6.8001,0.0221
train,1984-02-22,9.194,8.5272,-0.6668
train,1984-02-23,7.718,7.8324,0.1144
train,1984-02-24,7.58,7.6156,0.0356
train,1984-02-25,8.038,8.2343,0.1963
train,1984-02-26,7.366,7.2991,-0.0669
train,1984-02-27,9.508,8.1684,-1.3396
train,1984-02-28,6.918,6.9001,-0.0179
train,1984-02-29,7.258,7.7807,0.5227
train,1984-03-01,8.368,8.376,0.008
train,1984-03-02,6.988,6.9768,-0.0112
train,1984-03-03,6.918,6.9725,0.0545
train,1984-03-04,7.318,7.5739,0.2559
train,1984-03-05,6.858,6.9085,0.0505
train,1984-03-06,7.328,7.3422,0.0142
train,1984-03-07,8.118,8.1325,0.0145
train,1984-03-08,11.672,11.0843,-0.5877
train,1984-03-09,6.948,6.895,-0.053
train,1984-03-10,7.588,7.8991,0.3111
train,1984-03-11,6.742,6.5924,-0.1496
train,1984-03-12,7.028,7.0367,0.0087
train,1984-03-13,7.668,7.6471,-0.0209
train,1984-03-14,8.248,8.1694,-0.0786
train,1984-03-15,9.108,9.0308,-0.0772
train,1984-03-16,7.278,7.2612,-0.0168
train,1984-03-17,8.048,8.1356,0.0876
train,1984-03-18,6.612,6.7609,0.1489
train,1984-03-19,8.498,7.5166,-0.9814
train,1984-03-20,7.618,7.2362,-0.3818
train,1984-03-21,6.868,6.9493,0.0813
train,1984-03-22,7.048,7.1325,0.0845
train,1984-03-23,7.248,7.1327,-0.1153
train,1984-03-24,6.02,6.0704,0.0504
train,1984-03-25,7.038,7.0448,0.0068
train,1984-03-26,9.228,9.3663,0.1383
train,1984-03-27,7.178,7.3588,0.1808
train,1984-03-28,7.178,7.197,0.019
train,1984-03-29,6.84,6.9205,0.0805
train,1984-03-30,7.478,7.456,-0.022
train,1984-03-31,7.108,7.1271,0.0191
train,1984-04-01,6.418,6.4416,0.0236
train,1984-04-02,7.962,8.0093,0.0473
train,1984-04-03,7.118,7.1443,0.0263
train,1984-04-04,6.804,6.997,0.193
train,1984-04-05,7.178,7.2971,0.1191
train,1984-04-06,7.648,7.7401,0.0921
train,1984-04-07,6.298,6.3085,0.0105
train,1984-04-08,6.748,6.7999,0.0519
train,1984-04-09,7.068,7.0945,0.0265
train,1984-04-10,6.196,6.195,-0.001
train,1984-04-11,6.938,6.9913,0.0533
train,1984-04-12,7.99,7.9323,-0.0577
train,1984-04-13,8.578,8.6335,0.0555
train,1984-04-14,6.528,6.4884,-0.0396
train,1984-04-15,7.268,7.2676,-0.0004
train,1984-04-16,6.892,6.92,0.028
train,1984-04-17,6.82,6.8432,0.0232
train,1984-04-18,7.098,7.1159,0.0179
train,1984-04-19,8.708,8.8634,0.1554
train,1984-04-20,6.278,6.2308,-0.0472
train,1984-04-21,6.528,6.5669,0.0389
train,1984-04-22,7.476,7.3855,-0.0905
train,1984-04-23,7.168,7.2069,0.0389
train,1984-04-24,6.61,6.5466,-0.0634
train,1984-04-25,7.898,7.6607,-0.2373
train,1984-04-26,8.218,8.1624,-0.0556
train,1984-04-27,7.018,7.1362,0.1182
train,1984-04-28,7.098,7.0873,-0.0107
train,1984-04-29,7.824,7.9816,0.1576
train,1984-04-30,6.888,7.0133,0.1253
train,1984-05-01,6.764,6.9507,0.1867
train,1984-05-02,6.32,6.421,0.101
train,1984-05-03,9.808,9.8503,0.0423
train,1984-05-04,7.278,7.2957,0.0177
train,1984-05-05,6.848,6.8671,0.0191
train,1984-05-06,7.028,7.0541,0.0261
train,1984-05-07,7.28,7.4705,0.1905
train,1984-05-08,8.988,8.9304,-0.0576
train,1984-05-09,6.534,6.6054,0.0714
train,1984-05-10,7.118,7.164,0.046
train,1984-05-11,7.058,7.1805,0.1225
train,1984-05-12,6.376,6.3612,-0.0148
train,1984-05-13,7.528,7.4098,-0.1182
train,1984-05-14,7.418,7.4447,0.0267
train,1984-05-15,6.524,6.5443,0.0203
train,1984-05-16,8.218,8.4388,0.2208
train,1984-05-17,7.208,7.1431,-0.0649
train,1984-05-18,6.858,6.9377,0.0797
train,1984-05-19,7.618,7.6366,0.0186
train,1984-05-20,6.708,6.4398,-0.2682
train,1984-05-21,6.434,6.4672,0.0332
train,1984-05-22,7.118,7.1432,0.0252
train,1984-05-23,6.674,6.6884,0.0144
train,1984-05-24,7.348,7.4,0.052
train,1984-05-25,6.688,6.7603,0.0723
train,1984-05-26,6.308,6.2281,-0.0799
train,1984-05-27,8.318,8.1234,-0.1946
train,1984-05-28,7.126,7.2068,0.0808
train,1984-05-29,6.752,6.7561,0.0041
train,1984-05-30,8.718,7.7232,-0.9948
train,1984-05-31,7.128,7.1179,-0.0101
train,1984-06-01,7.788,7.7871,-0.0009
train,1984-06-02,9.468,9.4942,0.0262
train,1984-06-03,6.992,7.022,0.03
train,1984-06-04,7.912,7.4565,-0.4555
train,1984-06-05,6.808,6.8556,0.0476
train,1984-06-06,7.048,7.0821,0.0341
train,1984-06-07,7.128,7.3099,0.1819
train,1984-06-08,7.8,7.8969,0.0969
train,1984-06-09,8.608,8.694,0.086
train,1984-06-10,6.868,6.8852,0.0172
train,1984-06-11,6.97,7.212,0.242
train,1984-06-12,8.048,8.0774,0.0294
train,1984-06-13,6.784,6.9202,0.1362
train,1984-06-14,6.548,6.5312,-0.0168
train,1984-06-15,7.008,7.0196,0.0116
train,1984-06-16,7.268,7.2809,0.0129
train,1984-06-17,6.938,6.9148,-0.0232
train,1984-06-18,6.458,6.5943,0.1363
train,1984-06-19,6.548,6.5272,-0.0208
train,1984-06-20,7.428,7.5511,0.1231
train,1984-06-21,7.366,7.5844,0.2184
train,1984-06-22,7.134,6.9267,-0.2073
train,1984-06-23,9.058,9.0265,-0.0315
train,1984-06-24,7.018,6.9919,-0.0261
train,1984-06-25,6.678,7.0258,0.3478
train,1984-06-26,7.038,7.1546,0.1166
train,1984-06-27,7.458,7.4397,-0.0183
train,1984-06-28,7.978,8.0068,0.0288
train,1984-06-29,7.122,7.175,0.053
train,1984-06-30,7.168,7.1704,0.0024
train,1984-07-01,7.018,7.0128,-0.0052
train,1984-07-02,8.088,7.6549,-0.4331
train,1984-07-03,6.318,6.4462,0.1282
train,1984-07-04,8.24,9.0035,0.7635
train,1984-07-05,6.438,6.4392,0.0012
train,1984-07-06,7.076,7.006,-0.07
train,1984-07-07,7.018,7.0314,0.0134
train,1984-07-08,7.698,7.8069,0.1089
train,1984-07-09,6.58,6.027,-0.553
train,1984-07-10,6.786,6.8081,0.0221
train,1984-07-11,8.918,8.8882,-0.0298
train,1984-07-12,6.448,6.406,-0.042
train,1984-07-13,7.328,7.3693,0.0413
train,1984-07-14,7.272,7.1406,-0.1314
train,1984-07-15,7.468,7.5903,0.1223
train,1984-07-16,7.328,7.3377,0.0097
train,1984-07-17,6.908,6.9084,0.0004
train,1984-07-18,7.228,7.3786,0.1506
train,1984-07-19,7.238,7.1542,-0.0838
train,1984-07-20,6.198,6.1889,-0.0091
train,1984-07-21,9.078,8.8968,-0.1812
train,1984-07-22,6.634,6.6712,0.0372
train,1984-07-23,8.744,8.2398,-0.5042
train,1984-07-24,6.21,6.1874,-0.0226
train,1984-07-25,6.47,6.4957,0.0257
train,1984-07-26,10.658,9.7454,-0.9126
train,1984-07-27,7.228,7.2373,0.0093
train,1984-07-28,7.388,7.2028,-0.1852
train,1984-07-29,6.864,6.992,0.128
train,1984-07-30,7.038,7.0447,0.0067
train,1984-07-31,9.552,9.2827,-0.2693
train,1984-08-01,7.202,7.0424,-0.1596
train,1984-08-02,7.078,7.5039,0.4259
train,1984-08-03,6.466,6.4536,-0.0124
train,1984-08-04,6.988,7.0042,0.0162
train,1984-08-05,7.488,7.4609,-0.0271
train,1984-08-06,6.768,6.7531,-0.0149
train,1984-08-07,7.358,7.2777,-0.0803
train,1984-08-08,8.458,8.2526,-0.2054
train,1984-08-09,6.378,6.6357,0.2577
train,1984-08-10,7.328,7.3618,0.0338
train,1984-08-11,6.512,6.5705,0.0585
train,1984-08-12,6.878,6.885,0.007
train,1984-08-13,9.708,9.564,-0.144
train,1984-08-14,7.638,7.6616,0.0236
train,1984-08-15,8.468,8.5178,0.0498
train,1984-08-16,6.578,6.5224,-0.0556
train,1984-08-17,6.428,6.3854,-0.0426
train,1984-08-18,8.908,8.7807,-0.1273
train,1984-08-19,7.068,7.1484,0.0804
train,1984-08-20,6.858,6.7805,-0.0775
train,1984-08-21,7.108,7.004,-0.104
train,1984-08-22,6.688,6.6749,-0.0131
train,1984-08-23,6.978,7.0546,0.0766
train,1984-08-24,6.372,6.26,-0.112
train,1984-08-25,11.478,11.3634,-0.1146
train,1984-08-26,6.684,6.646,-0.038
train,1984-08-27,8.128,8.2153,0.0873
train,1984-08-28,6.652,6.641,-0.011
train,1984-08-29,6.978,6.9823,0.0043
train,1984-08-30,7.628,7.9229,0.2949
train,1984-08-31,7.188,7.1963,0.0083
train,1984-09-01,7.058,7.0942,0.0362
train,1984-09-02,6.948,6.9231,-0.0249
train,1984-09-03,8.418,8.5559,0.1379
train,1984-09-04,6.618,6.4512,-0.1668
train,1984-09-05,7.208,7.5752,0.3672
train,1984-09-06,7.638,7.7178,0.0798
train,1984-09-07,6.988,6.8901,-0.0979
train,1984-09-08,6.998,7.0307,0.0327
train,1984-09-09,6.108,6.2272,0.1192
train,1984-09-10,8.69,8.7006,0.0106
train,1984-09-11,6.888,6.8593,-0.0287
train,1984-09-12,8.192,8.2771,0.0851
train,1984-09-13,6.306,6.3331,0.0271
train,1984-09-14,6.846,6.8047,-0.0413
train,1984-09-15,8.088,8.2656,0.1776
train,1984-09-16,6.518,6.5096,-0.0084
train,1984-09-17,7.978,8.002,0.024
train,1984-09-18,8.338,8.5872,0.2492
train,1984-09-19,7.158,7.1902,0.0322
train,1984-09-20,8.832,9.419,0.587
train,1984-09-21,8.008,8.0517,0.0437
train,1984-09-22,6.908,6.9043,-0.0037
train,1984-09-23,7.21,7.1701,-0.0399
train,1984-09-24,7.278,7.2703,-0.0077
train,1984-09-25,8.948,8.9558,0.0078
train,1984-09-26,7.468,7.4611,-0.0069
train,1984-09-27,6.736,6.7219,-0.0141
train,1984-09-28,7.038,7.0862,0.0482
train,1984-09-29,6.578,6.5381,-0.0399
train,1984-09-30,9.408,9.3987,-0.0093
train,1984-10-01,6.702,6.7301,0.0281
train,1984-10-02,6.488,6.4834,-0.0046
train,1984-10-03,6.924,6.9685,0.0445
train,1984-10-04,9.098,8.9394,-0.1586
train,1984-10-05,7.128,7.1585,0.0305
train,1984-10-06,6.334,6.2857,-0.0483
train,1984-10-07,6.892,7.003,0.111
train,1984-10-08,6.774,6.7448,-0.0292
train,1984-10-09,7.178,7.1997,0.0217
train,1984-10-10,8.318,8.3352,0.0172
train,1984-10-11,6.738,6.7128,-0.0252
train,1984-10-12,7.072,7.1027,0.0307
train,1984-10-13,6.668,6.908,0.24
train,1984-10-14,10.896,10.7906,-0.1054
train,1984-10-15,7.298,6.9943,-0.3037
train,1984-10-16,6.878,6.8814,0.0034
train,1984-10-17,7.638,7.7818,0.1438
train,1984-10-18,9.258,9.2619,0.0039
train,1984-10-19,8.878,8.536,-0.342
train,1984-10-20,6.698,6.6933,-0.0047
train,1984-10-21,6.898,6.8631,-0.0349
train,1984-10-22,8.938,8.9451,0.0071
train,1984-10-23,7.218,7.2359,0.0179
train,1984-10-24,7.808,7.8876,0.0796
train,1984-10-25,8.038,8.0953,0.0573
train,1984-10-26,6.728,6.7074,-0.0206
train,1984-10-27,6.848,6.7768,-0.0712
train,1984-10-28,6.338,6.3635,0.0255
train,1984-10-29,7.028,7.0879,0.0599
train,1984-10-30,6.998,7.0188,0.0208
train,1984-10-31,7.21,7.2266,0.0166
train,1984-11-01,7.826,7.7184,-0.1076
train,1984-11-02,6.978,6.9731,-0.0049
train,1984-11-03,6.938,7.0513,0.1133
train,1984-11-04,6.746,6.8453,0.0993
train,1984-11-05,8.232,8.2455,0.0135
train,1984-11-06,8.218,8.2108,-0.0072
train,1984-11-07,6.404,6.3743,-0.0297
train,1984-11-08,9.708,9.4429,-0.2651
train,1984-11-09,6.868,6.8851,0.0171
train,1984-11-10,6.342,6.3624,0.0204
train,1984-11-11,6.156,6.203,0.047
train,1984-11-12,8.958,8.9542,-0.0038
train,1984-11-13,7.558,7.4676,-0.0904
train,1984-11-14,7.888,7.8102,-0.0778
train,1984-11-15,6.088,6.2703,0.1823
train,1984-11-16,7.168,7.1453,-0.0227
train,1984-11-17,6.114,6.3341,0.2201
train,1984-11-18,6.228,6.3034,0.0754
train,1984-11-19,6.948,6.947,-0.001
train,1984-11-20,6.978,7.0802,0.1022
train,1984-11-21,8.268,8.1016,-0.1664
train,1984-11-22,7.41,7.535,0.125
train,1984-11-23,6.898,6.8332,-0.0648
train,1984-11-24,7.398,7.445,0.047
train,1984-11-25,6.748,6.778,0.03
train,1984-11-26,7.208,7.2891,0.0811
train,1984-11-27,7.688,8.045,0.357
train,1984-11-28,8.218,7.4677,-0.7503
train,1984-11-29,7.008,6.8077,-0.2003
train,1984-11-30,7.518,7.4752,-0.0428
train,1984-12-01,9.378,9.0101,-0.3679
train,1984-12-02,6.728,6.6943,-0.0337
train,1984-12-03,6.888,6.9052,0.0172
train,1984-12-04,10.02,9.8725,-0.1475
train,1984-12-05,7.412,7.3604,-0.0516
train,1984-12-06,7.758,7.5989,-0.1591
train,1984-12-07,8.98,7.9837,-0.9963
train,1984-12-08,6.868,6.8688,0.0008
train,1984-12-09,6.84,6.8661,0.0261
train,1984-12-10,6.908,7.099,0.191
train,1984-12-11,7.058,7.0301,-0.0279
train,1984-12-12,7.038,7.0405,0.0025
train,1984-12-13,6.868,6.6852,-0.1828
train,1984-12-14,6.718,6.8094,0.0914
train,1984-12-15,6.634,6.2799,-0.3541
train,1984-12-16,6.448,6.4011,-0.0469
train,1984-12-17,7.318,7.4066,0.0886
train,1984-12-18,7.038,7.1293,0.0913
train,1984-12-19,7.168,7.649,0.481
train,1984-12-20,8.266,8.2782,0.0122
train,1984-12-21,6.878,6.8509,-0.0271
train,1984-12-22,7.358,7.4336,0.0756
train,1984-12-23,7.008,7.0823,0.0743
train,1984-12-24,8.89,9.1311,0.2411
train,1984-12-25,8.128,8.1627,0.0347
train,1984-12-26,12.108,11.9037,-0.2043
train,1984-12-27,7.028,6.9361,-0.0919
train,1984-12-28,7.128,7.1512,0.0232
train,1984-12-29,7.238,7.2706,0.0326
train,1984-12-30,6.928,6.9839,0.0559
train,1984-12-31,7.538,7.5788,0.0408
train,1985-01-01,7.408,7.3894,-0.0186
train,1985-01-02,7.298,7.315,0.017
train,1985-01-03,7.108,7.1296,0.0216
train,1985-01-04,6.714,7.0096,0.2956
train,1985-01-05,8.608,7.9568,-0.6512
train,1985-01-06,7.038,7.0418,0.0038
train,1985-01-07,7.028,7.0389,0.0109
train,1985-01-08,6.92,7.0213,0.1013
train,1985-01-09,7.148,7.3902,0.2422
train,1985-01-10,7.656,7.6936,0.0376
train,1985-01-11,6.608,6.4896,-0.1184
train,1985-01-12,6.774,6.7934,0.0194
train,1985-01-13,7.288,7.2793,-0.0087
train,1985-01-14,7.036,7.1229,0.0869
train,1985-01-15,10.298,10.2084,-0.0896
train,1985-01-16,9.842,10.0862,0.2442
train,1985-01-17,6.396,6.7096,0.3136
train,1985-01-18,7.188,7.1842,-0.0038
train,1985-01-19,6.784,6.7886,0.0046
train,1985-01-20,6.92,6.6309,-0.2891
train,1985-01-21,6.688,6.7265,0.0385
train,1985-01-22,6.978,6.9829,0.0049
train,1985-01-23,7.068,7.0851,0.0171
train,1985-01-24,6.442,6.4403,-0.0017
train,1985-01-25,7.148,7.1395,-0.0085
train,1985-01-26,7.118,7.2655,0.1475
train,1985-01-27,6.958,7.0643,0.1063
train,1985-01-28,6.79,6.6505,-0.1395
train,1985-01-29,6.668,6.7105,0.0425
train,1985-01-30,8.658,8.5404,-0.1176
train,1985-01-31,7.128,7.1207,-0.0073
train,1985-02-01,7.108,6.9977,-0.1103
train,1985-02-02,8.908,8.2976,-0.6104
train,1985-02-03,8.338,8.3645,0.0265
train,1985-02-04,6.088,6.2445,0.1565
train,1985-02-05,7.108,7.3227,0.2147
train,1985-02-06,9.048,8.8693,-0.1787
train,1985-02-07,7.306,7.5496,0.2436
train,1985-02-08,6.938,6.829,-0.109
train,1985-02-09,10.188,10.2876,0.0996
train,1985-02-10,7.188,7.1936,0.0056
train,1985-02-11,6.878,6.8213,-0.0567
train,1985-02-12,10.028,9.3596,-0.6684
train,1985-02-13,8.448,8.3896,-0.0584
train,1985-02-14,6.666,6.8083,0.1423
train,1985-02-15,7.798,7.8986,0.1006
train,1985-02-16,6.708,6.6731,-0.0349
train,1985-02-17,7.908,7.8067,-0.1013
train,1985-02-18,6.508,6.5685,0.0605
train,1985-02-19,7.058,7.0903,0.0323
train,1985-02-20,7.028,6.9113,-0.1167
train,1985-02-21,6.508,6.3749,-0.1331
train,1985-02-22,6.558,6.8627,0.3047
train,1985-02-23,6.868,6.8834,0.0154
train,1985-02-24,6.968,6.502,-0.466
train,1985-02-25,8.024,7.9553,-0.0687
train,1985-02-26,8.48,7.2777,-1.2023
train,1985-02-27,7.06,7.0806,0.0206
train,1985-02-28,7.148,7.4012,0.2532
train,1985-03-01,8.204,8.3601,0.1561
train,1985-03-02,6.994,7.0563,0.0623
train,1985-03-03,6.874,6.9219,0.0479
train,1985-03-04,6.908,6.9431,0.0351
train,1985-03-05,6.102,6.1768,0.0748
train,1985-03-06,7.058,7.0896,0.0316
train,1985-03-07,6.382,6.5507,0.1687
train,1985-03-08,7.018,7.0309,0.0129
train,1985-03-09,6.968,6.9472,-0.0208
train,1985-03-10,6.518,6.5399,0.0219
train,1985-03-11,7.318,7.165,-0.153
train,1985-03-12,6.668,6.7919,0.1239
train,1985-03-13,7.018,7.0144,-0.0036
train,1985-03-14,7.378,7.3891,0.0111
train,1985-03-15,7.048,7.071,0.023
train,1985-03-16,9.148,9.3316,0.1836
train,1985-03-17,6.816,6.749,-0.067
train,1985-03-18,7.088,7.1016,0.0136
train,1985-03-19,6.998,7.0207,0.0227
train,1985-03-20,6.332,6.3293,-0.0027
train,1985-03-21,6.788,6.8291,0.0411
train,1985-03-22,10.446,9.7931,-0.6529
train,1985-03-23,6.638,6.7433,0.1053
train,1985-03-24,6.918,7.0747,0.1567
train,1985-03-25,8.138,7.8111,-0.3269
train,1985-03-26,6.658,6.6226,-0.0354
train,1985-03-27,7.116,7.6151,0.4991
train,1985-03-28,7.072,7.0901,0.0181
train,1985-03-29,11.094,10.6686,-0.4254
train,1985-03-30,6.828,6.8437,0.0157
train,1985-03-31,7.826,7.5531,-0.2729
train,1985-04-01,6.802,6.9839,0.1819
train,1985-04-02,6.52,6.7603,0.2403
train,1985-04-03,6.848,6.6697,-0.1783
train,1985-04-04,6.888,6.8984,0.0104
train,1985-04-05,6.562,6.5649,0.0029
train,1985-04-06,6.918,6.8924,-0.0256
train,1985-04-07,8.028,8.2326,0.2046
train,1985-04-08,6.868,6.9132,0.0452
train,1985-04-09,6.918,6.8834,-0.0346
train,1985-04-10,7.938,8.0247,0.0867
train,1985-04-11,6.188,6.1911,0.0031
train,1985-04-12,6.738,6.7178,-0.0202
train,1985-04-13,7.986,8.3574,0.3714
train,1985-04-14,6.358,6.3878,0.0298
train,1985-04-15,6.038,6.2341,0.1961
train,1985-04-16,7.218,7.3165,0.0985
train,1985-04-17,9.514,9.3122,-0.2018
train,1985-04-18,6.838,6.8568,0.0188
train,1985-04-19,6.344,6.2725,-0.0715
train,1985-04-20,6.388,6.5045,0.1165
train,1985-04-21,7.168,7.25,0.082
train,1985-04-22,7.118,7.1431,0.0251
train,1985-04-23,6.162,6.2281,0.0661
train,1985-04-24,7.128,7.0793,-0.0487
train,1985-04-25,9.118,9.6833,0.5653
train,1985-04-26,6.938,6.8911,-0.0469
train,1985-04-27,6.978,7.0134,0.0354
train,1985-04-28,8.508,8.5201,0.0121
train,1985-04-29,7.046,7.2499,0.2039
train,1985-04-30,6.738,6.8795,0.1415
train,1985-05-01,7.458,7.4605,0.0025
train,1985-05-02,7.058,7.1188,0.0608
train,1985-05-03,6.958,6.8974,-0.0606
train,1985-05-04,7.97,7.9358,-0.0342
train,1985-05-05,5.808,5.8831,0.0751
train,1985-05-06,8.228,8.2546,0.0266
train,1985-05-07,7.488,7.5372,0.0492
train,1985-05-08,6.808,6.6748,-0.1332
train,1985-05-09,7.774,8.1508,0.3768
train,1985-05-10,9.708,9.6314,-0.0766
train,1985-05-11,8.248,8.2606,0.0126
train,1985-05-12,7.408,7.4052,-0.0028
train,1985-05-13,7.008,6.9707,-0.0373
train,1985-05-14,6.778,6.9511,0.1731
train,1985-05-15,6.644,6.672,0.028
train,1985-05-16,7.768,7.7383,-0.0297
train,1985-05-17,7.198,7.1717,-0.0263
train,1985-05-18,6.778,6.7603,-0.0177
train,1985-05-19,6.958,7.0086,0.0506
train,1985-05-20,7.908,8.4315,0.5235
train,1985-05-21,8.932,7.5942,-1.3378
train,1985-05-22,7.798,7.8527,0.0547
train,1985-05-23,6.182,6.1368,-0.0452
train,1985-05-24,7.648,7.6669,0.0189
train,1985-05-25,6.14,6.1252,-0.0148
train,1985-05-26,6.788,6.7432,-0.0448
train,1985-05-27,6.938,6.9668,0.0288
train,1985-05-28,6.448,6.7916,0.3436
train,1985-05-29,6.794,6.8956,0.1016
train,1985-05-30,9.5,9.487,-0.013
train,1985-05-31,9.788,9.7957,0.0077
train,1985-06-01,6.93,6.9118,-0.0182
train,1985-06-02,6.928,6.8879,-0.0401
train,1985-06-03,7.628,7.6396,0.0116
train,1985-06-04,6.828,6.8868,0.0588
train,1985-06-05,7.568,7.5608,-0.0072
train,1985-06-06,6.214,6.1967,-0.0173
train,1985-06-07,6.398,6.3033,-0.0947
train,1985-06-08,6.816,6.8983,0.0823
train,1985-06-09,7.168,7.1946,0.0266
train,1985-06-10,6.848,6.957,0.109
train,1985-06-11,9.668,9.7158,0.0478
train,1985-06-12,9.878,9.6819,-0.1961
train,1985-06-13,6.688,6.641,-0.047
train,1985-06-14,7.478,7.5511,0.0731
train,1985-06-15,6.968,6.9759,0.0079
train,1985-06-16,8.87,8.3414,-0.5286
train,1985-06-17,8.858,8.8528,-0.0052
train,1985-06-18,6.748,6.7426,-0.0054
train,1985-06-19,7.118,7.0888,-0.0292
train,1985-06-20,9.358,9.4493,0.0913
train,1985-06-21,7.128,7.1499,0.0219
train,1985-06-22,6.412,6.4481,0.0361
train,1985-06-23,6.498,6.4817,-0.0163
train,1985-06-24,8.568,8.5811,0.0131
train,1985-06-25,7.098,7.0906,-0.0074
train,1985-06-26,7.568,7.5699,0.0019
train,1985-06-27,6.294,6.3356,0.0416
train,1985-06-28,6.558,6.5452,-0.0128
train,1985-06-29,6.528,6.6259,0.0979
train,1985-06-30,7.268,7.5454,0.2774
train,1985-07-01,11.148,11.1084,-0.0396
train,1985-07-02,6.712,6.778,0.066
train,1985-07-03,8.306,8.8756,0.5696
train,1985-07-04,8.008,8.0573,0.0493
train,1985-07-05,7.348,7.3377,-0.0103
train,1985-07-06,7.028,7.0352,0.0072
train,1985-07-07,7.118,7.1091,-0.0089
train,1985-07-08,7.328,7.3154,-0.0126
train,1985-07-09,7.638,7.1781,-0.4599
train,1985-07-10,6.978,6.9869,0.0089
train,1985-07-11,6.608,6.7092,0.1012
train,1985-07-12,7.208,7.2046,-0.0034
train,1985-07-13,6.808,6.9196,0.1116
train,1985-07-14,6.928,6.9281,0.0001
train,1985-07-15,5.764,5.8057,0.0417
train,1985-07-16,7.058,7.08,0.022
train,1985-07-17,6.632,6.6274,-0.0046
train,1985-07-18,11.42,11.1934,-0.2266
train,1985-07-19,8.888,9.1574,0.2694
train,1985-07-20,6.624,6.7052,0.0812
train,1985-07-21,9.658,9.8576,0.1996
train,1985-07-22,6.274,6.2704,-0.0036
train,1985-07-23,6.688,6.6827,-0.0053
train,1985-07-24,6.958,6.9674,0.0094
train,1985-07-25,7.598,7.598,0.0
train,1985-07-26,7.078,7.0565,-0.0215
train,1985-07-27,6.652,6.7705,0.1185
train,1985-07-28,6.302,6.2223,-0.0797
train,1985-07-29,7.138,7.1238,-0.0142
train,1985-07-30,7.338,7.3253,-0.0127
train,1985-07-31,6.876,6.829,-0.047
train,1985-08-01,6.906,7.0942,0.1882
train,1985-08-02,6.968,6.9418,-0.0262
train,1985-08-03,6.898,6.9121,0.0141
train,1985-08-04,8.448,8.6667,0.2187
train,1985-08-05,8.544,8.216,-0.328
train,1985-08-06,7.562,7.5887,0.0267
train,1985-08-07,6.6,6.858,0.258
train,1985-08-08,6.968,7.0627,0.0947
train,1985-08-09,6.878,6.8085,-0.0695
train,1985-08-10,7.048,7.0941,0.0461
train,1985-08-11,6.898,6.8492,-0.0488
train,1985-08-12,6.664,6.7837,0.1197
train,1985-08-13,6.688,6.9192,0.2312
train,1985-08-14,7.028,7.0395,0.0115
train,1985-08-15,6.312,6.2476,-0.0644
train,1985-08-16,6.536,6.538,0.002
train,1985-08-17,6.37,6.3317,-0.0383
train,1985-08-18,6.888,6.8797,-0.0083
train,1985-08-19,8.408,8.439,0.031
train,1985-08-20,6.608,6.5365,-0.0715
train,1985-08-21,5.91,5.9457,0.0357
train,1985-08-22,7.068,7.0539,-0.0141
train,1985-08-23,7.038,7.0285,-0.0095
train,1985-08-24,6.898,6.8674,-0.0306
train,1985-08-25,7.128,7.1475,0.0195
train,1985-08-26,7.28,6.228,-1.052
train,1985-08-27,6.968,6.9715,0.0035
train,1985-08-28,6.02,6.1028,0.0828
train,1985-08-29,6.878,6.8486,-0.0294
train,1985-08-30,7.038,7.0278,-0.0102
train,1985-08-31,10.182,10.4978,0.3158
train,1985-09-01,7.268,7.4289,0.1609
train,1985-09-02,8.998,9.2277,0.2297
train,1985-09-03,6.302,6.3856,0.0836
train,1985-09-04,6.572,6.8515,0.2795
train,1985-09-05,6.87,6.9408,0.0708
train,1985-09-06,6.668,6.8032,0.1352
train,1985-09-07,7.258,7.1678,-0.0902
train,1985-09-08,7.062,7.0725,0.0105
train,1985-09-09,7.768,7.3112,-0.4568
train,1985-09-10,9.978,9.8919,-0.0861
train,1985-09-11,6.878,6.8536,-0.0244
train,1985-09-12,7.198,7.2052,0.0072
train,1985-09-13,8.238,8.6437,0.4057
train,1985-09-14,7.848,8.2193,0.3713
train,1985-09-15,6.358,6.3996,0.0416
train,1985-09-16,10.508,10.4537,-0.0543
train,1985-09-17,7.718,7.7415,0.0235
train,1985-09-18,6.848,6.8462,-0.0018
train,1985-09-19,11.378,11.169,-0.209
train,1985-09-20,8.246,8.4538,0.2078
train,1985-09-21,7.758,7.7094,-0.0486
train,1985-09-22,11.284,11.1372,-0.1468
train,1985-09-23,8.938,8.9884,0.0504
train,1985-09-24,7.936,7.5448,-0.3912
train,1985-09-25,10.756,10.6618,-0.0942
train,1985-09-26,8.508,8.4358,-0.0722
train,1985-09-27,6.712,6.5421,-0.1699
train,1985-09-28,6.618,6.5565,-0.0615
train,1985-09-29,7.068,7.0878,0.0198
train,1985-09-30,6.918,6.8668,-0.0512
train,1985-10-01,7.448,7.4396,-0.0084
train,1985-10-02,7.398,7.3593,-0.0387
train,1985-10-03,6.684,6.4111,-0.2729
train,1985-10-04,7.114,7.1842,0.0702
train,1985-10-05,6.574,6.6076,0.0336
train,1985-10-06,6.292,6.3167,0.0247
train,1985-10-07,6.956,6.903,-0.053
train,1985-10-08,7.708,7.2388,-0.4692
train,1985-10-09,7.108,7.1196,0.0116
train,1985-10-10,7.008,7.0116,0.0036
train,1985-10-11,7.078,7.4477,0.3697
train,1985-10-12,6.486,6.4604,-0.0256
train,1985-10-13,10.388,9.217,-1.171
train,1985-10-14,6.718,6.7455,0.0275
train,1985-10-15,6.948,7.1186,0.1706
train,1985-10-16,7.348,7.4195,0.0715
train,1985-10-17,6.73,6.6839,-0.0461
train,1985-10-18,7.038,7.0608,0.0228
train,1985-10-19,6.372,6.3803,0.0083
train,1985-10-20,8.008,8.2156,0.2076
train,1985-10-21,6.96,6.9815,0.0215
train,1985-10-22,7.47,7.5664,0.0964
train,1985-10-23,6.132,6.1421,0.0101
train,1985-10-24,7.138,7.1131,-0.0249
train,1985-10-25,6.968,6.8611,-0.1069
train,1985-10-26,6.908,6.9348,0.0268
train,1985-10-27,7.236,7.4366,0.2006
train,1985-10-28,6.31,6.3378,0.0278
train,1985-10-29,8.57,8.8283,0.2583
train,1985-10-30,6.958,7.1012,0.1432
train,1985-10-31,7.298,7.3662,0.0682
train,1985-11-01,7.078,6.9863,-0.0917
train,1985-11-02,8.62,8.7201,0.1001
train,1985-11-03,8.238,8.2995,0.0615
train,1985-11-04,7.916,7.8184,-0.0976
train,1985-11-05,7.704,7.945,0.241
train,1985-11-06,7.058,7.0336,-0.0244
train,1985-11-07,7.158,7.1286,-0.0294
train,1985-11-08,6.554,6.6891,0.1351
train,1985-11-09,7.838,7.8697,0.0317
train,1985-11-10,8.556,8.4924,-0.0636
train,1985-11-11,6.848,7.0702,0.2222
train,1985-11-12,7.068,7.1358,0.0678
train,1985-11-13,7.018,6.9971,-0.0209
train,1985-11-14,6.968,6.9704,0.0024
train,1985-11-15,6.344,6.3196,-0.0244
train,1985-11-16,6.656,6.6338,-0.0222
train,1985-11-17,6.918,7.037,0.119
train,1985-11-18,6.388,6.3887,0.0007
train,1985-11-19,7.948,8.0271,0.0791
train,1985-11-20,7.388,7.4115,0.0235
train,1985-11-21,8.0,8.1245,0.1245
train,1985-11-22,6.356,6.4227,0.0667
train,1985-11-23,7.318,7.3776,0.0596
train,1985-11-24,6.522,6.5143,-0.0077
train,1985-11-25,6.458,6.5338,0.0758
train,1985-11-26,7.448,7.4153,-0.0327
train,1985-11-27,8.688,8.8482,0.1602
train,1985-11-28,9.848,9.4867,-0.3613
train,1985-11-29,6.728,6.7037,-0.0243
train,1985-11-30,5.778,5.7819,0.0039
train,1985-12-01,9.528,8.9194,-0.6086
train,1985-12-02,5.768,5.9248,0.1568
train,1985-12-03,9.08,9.0853,0.0053
train,1985-12-04,6.79,6.8885,0.0985
train,1985-12-05,7.028,7.048,0.02
train,1985-12-06,6.492,6.4569,-0.0351
train,1985-12-07,6.598,6.5915,-0.0065
train,1985-12-08,6.302,6.39,0.088
train,1985-12-09,7.008,7.2546,0.2466
train,1985-12-10,7.196,7.2855,0.0895
train,1985-12-11,7.842,7.6981,-0.1439
train,1985-12-12,6.698,6.6901,-0.0079
train,1985-12-13,7.748,7.7747,0.0267
train,1985-12-14,8.128,8.0795,-0.0485
train,1985-12-15,6.338,6.3931,0.0551
train,1985-12-16,6.632,6.645,0.013
train,1985-12-17,8.208,8.3183,0.1103
train,1985-12-18,6.244,6.4212,0.1772
train,1985-12-19,7.992,8.171,0.179
train,1985-12-20,6.938,6.9016,-0.0364
train,1985-12-21,7.888,8.5926,0.7046
train,1985-12-22,7.968,7.9099,-0.0581
train,1985-12-23,7.188,7.1734,-0.0146
train,1985-12-24,7.158,7.3028,0.1448
train,1985-12-25,7.308,7.395,0.087
train,1985-12-26,8.198,8.093,-0.105
train,1985-12-27,7.302,7.0281,-0.2739
train,1985-12-28,6.504,6.4903,-0.0137
train,1985-12-29,6.348,6.3121,-0.0359
train,1985-12-30,6.858,6.9527,0.0947
train,1985-12-31,7.192,7.3786,0.1866
train,1986-01-01,7.228,7.2628,0.0348
train,1986-01-02,7.198,7.1831,-0.0149
train,1986-01-03,7.922,7.8791,-0.0429
train,1986-01-04,7.018,6.9453,-0.0727
train,1986-01-05,7.158,7.3052,0.1472
train,1986-01-06,8.008,7.9026,-0.1054
train,1986-01-07,7.528,7.0797,-0.4483
train,1986-01-08,8.64,8.3286,-0.3114
train,1986-01-09,7.158,7.1613,0.0033
train,1986-01-10,6.192,6.1914,-0.0006
train,1986-01-11,7.368,7.3967,0.0287
train,1986-01-12,7.178,7.2382,0.0602
train,1986-01-13,6.814,6.8325,0.0185
train,1986-01-14,7.068,7.0944,0.0264
train,1986-01-15,8.848,8.1171,-0.7309
train,1986-01-16,7.258,7.4756,0.2176
train,1986-01-17,6.998,6.9991,0.0011
train,1986-01-18,6.876,7.0099,0.1339
train,1986-01-19,7.078,7.0969,0.0189
train,1986-01-20,7.228,7.2595,0.0315
train,1986-01-21,7.518,7.5253,0.0073
train,1986-01-22,8.958,8.6252,-0.3328
train,1986-01-23,8.538,8.0113,-0.5267
train,1986-01-24,9.334,7.9857,-1.3483
train,1986-01-25,6.338,6.4668,0.1288
train,1986-01-26,7.238,7.2042,-0.0338
train,1986-01-27,6.786,6.569,-0.217
train,1986-01-28,7.804,7.7,-0.104
train,1986-01-29,7.444,6.9865,-0.4575
train,1986-01-30,7.366,7.5079,0.1419
train,1986-01-31,6.268,6.2692,0.0012
train,1986-02-01,7.892,8.1008,0.2088
train,1986-02-02,7.474,7.5733,0.0993
train,1986-02-03,6.328,6.2851,-0.0429
train,1986-02-04,8.358,8.487,0.129
train,1986-02-05,6.796,6.784,-0.012
train,1986-02-06,8.418,8.4511,0.0331
train,1986-02-07,6.834,6.8918,0.0578
train,1986-02-08,6.088,6.0889,0.0009
train,1986-02-09,6.416,6.4028,-0.0132
train,1986-02-10,8.698,8.8565,0.1585
train,1986-02-11,7.128,7.1146,-0.0134
train,1986-02-12,7.678,7.6282,-0.0498
train,1986-02-13,6.288,6.3592,0.0712
train,1986-02-14,6.752,6.7007,-0.0513
train,1986-02-15,8.118,8.1855,0.0675
train,1986-02-16,6.374,6.4233,0.0493
train,1986-02-17,8.048,7.9669,-0.0811
train,1986-02-18,6.268,6.2555,-0.0125
train,1986-02-19,8.9,9.0678,0.1678
train,1986-02-20,7.228,7.3416,0.1136
train,1986-02-21,6.648,6.6228,-0.0252
train,1986-02-22,6.838,6.8165,-0.0215
train,1986-02-23,9.764,9.5509,-0.2131
train,1986-02-24,7.058,7.0859,0.0279
train,1986-02-25,10.028,10.175,0.147
train,1986-02-26,6.534,6.8075,0.2735
train,1986-02-27,6.858,7.0357,0.1777
train,1986-02-28,6.878,6.9322,0.0542
train,1986-03-01,7.498,7.4892,-0.0088
train,1986-03-02,7.088,7.2159,0.1279
train,1986-03-03,7.098,6.9693,-0.1287
train,1986-03-04,6.838,6.8688,0.0308
train,1986-03-05,7.268,7.2523,-0.0157
train,1986-03-06,6.296,6.5073,0.2113
train,1986-03-07,7.338,7.4492,0.1112
train,1986-03-08,7.068,7.1017,0.0337
train,1986-03-09,7.228,7.421,0.193
train,1986-03-10,9.818,9.9803,0.1623
train,1986-03-11,6.998,7.0221,0.0241
train,1986-03-12,6.63,6.8456,0.2156
train,1986-03-13,6.27,6.429,0.159
train,1986-03-14,6.248,6.3984,0.1504
train,1986-03-15,7.898,7.9567,0.0587
train,1986-03-16,7.178,7.1046,-0.0734
train,1986-03-17,6.906,6.9668,0.0608
train,1986-03-18,6.958,6.9911,0.0331
train,1986-03-19,6.418,6.4393,0.0213
train,1986-03-20,7.198,7.0944,-0.1036
train,1986-03-21,6.004,6.3583,0.3543
train,1986-03-22,6.418,6.3977,-0.0203
train,1986-03-23,9.758,9.8208,0.0628
train,1986-03-24,5.916,5.9241,0.0081
train,1986-03-25,10.258,9.2219,-1.0361
train,1986-03-26,7.318,7.4174,0.0994
train,1986-03-27,8.768,8.4704,-0.2976
train,1986-03-28,6.838,7.1949,0.3569
train,1986-03-29,6.68,6.7913,0.1113
train,1986-03-30,8.668,8.566,-0.102
train,1986-03-31,6.064,6.033,-0.031
train,1986-04-01,8.818,9.1672,0.3492
train,1986-04-02,8.09,7.994,-0.096
train,1986-04-03,7.118,7.1395,0.0215
train,1986-04-04,7.722,7.5464,-0.1756
train,1986-04-05,7.404,7.4825,0.0785
train,1986-04-06,8.258,8.1592,-0.0988
train,1986-04-07,7.406,7.7633,0.3573
train,1986-04-08,6.646,6.8027,0.1567
train,1986-04-09,6.504,6.5435,0.0395
train,1986-04-10,7.228,7.1854,-0.0426
train,1986-04-11,6.738,6.4811,-0.2569
train,1986-04-12,6.898,6.8764,-0.0216
train,1986-04-13,7.988,8.1775,0.1895
train,1986-04-14,9.168,9.3435,0.1755
train,1986-04-15,6.978,7.0174,0.0394
train,1986-04-16,6.18,6.2807,0.1007
train,1986-04-17,6.806,6.8277,0.0217
train,1986-04-18,7.128,7.1464,0.0184
train,1986-04-19,7.248,7.5547,0.3067
train,1986-04-20,6.888,6.8941,0.0061
train,1986-04-21,6.458,6.4128,-0.0452
train,1986-04-22,7.958,7.978,0.02
train,1986-04-23,8.098,8.1103,0.0123
train,1986-04-24,6.988,7.0151,0.0271
train,1986-04-25,5.888,5.9097,0.0217
train,1986-04-26,6.798,6.7175,-0.0805
train,1986-04-27,7.788,7.6952,-0.0928
train,1986-04-28,7.078,7.1051,0.0271
train,1986-04-29,8.868,8.6845,-0.1835
train,1986-04-30,6.858,6.896,0.038
train,1986-05-01,6.224,6.1896,-0.0344
train,1986-05-02,7.788,7.778,-0.01
train,1986-05-03,6.698,6.6706,-0.0274
train,1986-05-04,8.268,8.0851,-0.1829
train,1986-05-05,9.178,9.2766,0.0986
train,1986-05-06,8.348,7.8344,-0.5136
train,1986-05-07,7.798,7.7073,-0.0907
train,1986-05-08,6.938,6.9353,-0.0027
train,1986-05-09,7.342,7.5762,0.2342
train,1986-05-10,7.728,7.7347,0.0067
train,1986-05-11,8.574,8.6512,0.0772
train,1986-05-12,6.898,6.8975,-0.0005
train,1986-05-13,6.798,6.8846,0.0866
train,1986-05-14,7.208,7.0717,-0.1363
train,1986-05-15,7.806,7.6794,-0.1266
train,1986-05-16,7.018,6.9929,-0.0251
train,1986-05-17,6.512,6.5845,0.0725
train,1986-05-18,7.088,7.0075,-0.0805
train,1986-05-19,6.55,6.1818,-0.3682
train,1986-05-20,6.868,6.8222,-0.0458
train,1986-05-21,8.978,8.9254,-0.0526
train,1986-05-22,6.484,6.506,0.022
train,1986-05-23,7.454,7.4754,0.0214
train,1986-05-24,7.528,7.1256,-0.4024
train,1986-05-25,6.738,6.7615,0.0235
train,1986-05-26,6.366,6.2002,-0.1658
train,1986-05-27,6.162,6.1013,-0.0607
train,1986-05-28,9.298,9.2908,-0.0072
train,1986-05-29,6.598,6.7521,0.1541
train,1986-05-30,6.916,7.1163,0.2003
train,1986-05-31,7.728,7.5118,-0.2162
train,1986-06-01,6.888,6.867,-0.021
train,1986-06-02,7.418,7.3776,-0.0404
train,1986-06-03,7.008,7.0236,0.0156
train,1986-06-04,7.878,7.8525,-0.0255
train,1986-06-05,7.586,7.6692,0.0832
train,1986-06-06,6.778,6.7903,0.0123
train,1986-06-07,7.938,8.0121,0.0741
train,1986-06-08,7.408,7.4108,0.0028
train,1986-06-09,7.088,7.1077,0.0197
train,1986-06-10,6.968,6.9703,0.0023
train,1986-06-11,6.418,6.4524,0.0344
train,1986-06-12,6.928,6.9473,0.0193
train,1986-06-13,7.428,7.3749,-0.0531
train,1986-06-14,7.078,7.3072,0.2292
train,1986-06-15,7.218,7.3354,0.1174
train,1986-06-16,8.252,7.8017,-0.4503
train,1986-06-17,7.038,7.032,-0.006
train,1986-06-18,6.938,7.0687,0.1307
train,1986-06-19,6.826,6.9723,0.1463
train,1986-06-20,6.768,6.7548,-0.0132
train,1986-06-21,6.702,6.8509,0.1489
train,1986-06-22,9.32,8.7482,-0.5718
train,1986-06-23,6.768,6.7635,-0.0045
train,1986-06-24,9.388,9.2939,-0.0941
train,1986-06-25,9.756,9.821,0.065
train,1986-06-26,6.45,6.3826,-0.0674
train,1986-06-27,6.31,6.3192,0.0092
train,1986-06-28,8.108,8.0681,-0.0399
train,1986-06-29,10.298,10.212,-0.086
train,1986-06-30,6.908,6.5551,-0.3529
train,1986-07-01,6.922,6.9006,-0.0214
train,1986-07-02,8.038,8.0918,0.0538
train,1986-07-03,7.048,7.0023,-0.0457
train,1986-07-04,10.052,9.6335,-0.4185
train,1986-07-05,6.38,6.3954,0.0154
train,1986-07-06,6.302,6.2129,-0.0891
train,1986-07-07,7.678,7.8549,0.1769
train,1986-07-08,7.174,7.1375,-0.0365
train,1986-07-09,6.818,6.8557,0.0377
train,1986-07-10,10.128,10.0151,-0.1129
train,1986-07-11,6.404,6.4097,0.0057
train,1986-07-12,7.118,7.3322,0.2142
train,1986-07-13,7.558,8.1342,0.5762
train,1986-07-14,8.328,8.3052,-0.0228
train,1986-07-15,7.108,7.1192,0.0112
train,1986-07-16,7.428,7.5302,0.1022
train,1986-07-17,6.856,6.9113,0.0553
train,1986-07-18,11.148,10.8763,-0.2717
train,1986-07-19,6.496,6.5516,0.0556
train,1986-07-20,9.028,9.05,0.022
train,1986-07-21,9.688,9.7594,0.0714
train,1986-07-22,6.798,6.7815,-0.0165
train,1986-07-23,6.778,6.7482,-0.0298
train,1986-07-24,8.308,8.4514,0.1434
train,1986-07-25,7.388,7.2715,-0.1165
train,1986-07-26,6.988,6.9635,-0.0245
train,1986-07-27,7.758,7.9145,0.1565
train,1986-07-28,7.078,7.1738,0.0958
train,1986-07-29,7.088,7.386,0.298
train,1986-07-30,7.13,7.1888,0.0588
train,1986-07-31,7.698,7.5313,-0.1667
train,1986-08-01,6.094,6.3131,0.2191
train,1986-08-02,7.178,7.1766,-0.0014
train,1986-08-03,7.788,7.7232,-0.0648
train,1986-08-04,6.998,6.9016,-0.0964
train,1986-08-05,7.108,6.6435,-0.4645
train,1986-08-06,7.298,7.2421,-0.0559
train,1986-08-07,6.47,6.3865,-0.0835
train,1986-08-08,7.548,7.5749,0.0269
train,1986-08-09,7.518,7.6225,0.1045
train,1986-08-10,6.938,6.8815,-0.0565
train,1986-08-11,6.428,6.5335,0.1055
train,1986-08-12,8.558,8.6993,0.1413
train,1986-08-13,7.448,7.5944,0.1464
train,1986-08-14,7.756,7.7674,0.0114
train,1986-08-15,6.084,6.042,-0.042
train,1986-08-16,8.208,7.7222,-0.4858
train,1986-08-17,8.878,8.9825,0.1045
train,1986-08-18,7.068,6.9479,-0.1201
train,1986-08-19,7.398,7.43,0.032
train,1986-08-20,7.248,7.3189,0.0709
train,1986-08-21,6.708,6.8378,0.1298
train,1986-08-22,7.97,8.001,0.031
train,1986-08-23,7.208,7.3708,0.1628
train,1986-08-24,6.558,6.3608,-0.1972
train,1986-08-25,7.678,7.7262,0.0482
train,1986-08-26,6.678,6.6504,-0.0276
train,1986-08-27,6.248,6.4779,0.2299
train,1986-08-28,7.278,7.2376,-0.0404
train,1986-08-29,7.038,6.9443,-0.0937
train,1986-08-30,6.978,6.9767,-0.0013
train,1986-08-31,6.344,6.3946,0.0506
train,1986-09-01,6.978,7.0081,0.0301
train,1986-09-02,8.386,8.5425,0.1565
train,1986-09-03,6.366,6.3257,-0.0403
train,1986-09-04,7.098,7.1118,0.0138
train,1986-09-05,7.618,7.6387,0.0207
train,1986-09-06,6.336,6.4532,0.1172
train,1986-09-07,6.948,6.9693,0.0213
train,1986-09-08,6.698,6.7064,0.0084
train,1986-09-09,6.908,6.9325,0.0245
train,1986-09-10,6.888,6.8055,-0.0825
train,1986-09-11,6.81,7.1289,0.3189
train,1986-09-12,6.628,7.0612,0.4332
train,1986-09-13,8.168,8.141,-0.027
train,1986-09-14,6.548,6.6004,0.0524
train,1986-09-15,6.486,6.5932,0.1072
train,1986-09-16,5.848,5.8011,-0.0469
train,1986-09-17,6.938,6.9558,0.0178
train,1986-09-18,6.536,6.4936,-0.0424
train,1986-09-19,10.138,9.8894,-0.2486
train,1986-09-20,7.138,7.1453,0.0073
train,1986-09-21,6.468,6.4226,-0.0454
train,1986-09-22,6.632,6.6575,0.0255
train,1986-09-23,7.178,7.1732,-0.0048
train,1986-09-24,7.098,7.0762,-0.0218
train,1986-09-25,7.248,7.2633,0.0153
train,1986-09-26,6.498,6.4199,-0.0781
train,1986-09-27,7.888,7.9492,0.0612
train,1986-09-28,6.708,6.6638,-0.0442
train,1986-09-29,9.428,9.5606,0.1326
train,1986-09-30,7.198,7.1641,-0.0339
train,1986-10-01,6.428,6.3691,-0.0589
train,1986-10-02,7.118,6.8824,-0.2356
train,1986-10-03,7.098,7.1088,0.0108
train,1986-10-04,9.498,9.0149,-0.4831
train,1986-10-05,6.504,6.6018,0.0978
train,1986-10-06,7.428,7.5253,0.0973
train,1986-10-07,6.408,6.4095,0.0015
train,1986-10-08,7.038,6.9769,-0.0611
train,1986-10-09,9.058,9.383,0.325
train,1986-10-10,7.08,7.2258,0.1458
train,1986-10-11,7.904,7.6295,-0.2745
train,1986-10-12,9.212,8.3392,-0.8728
train,1986-10-13,6.656,6.7603,0.1043
train,1986-10-14,8.468,8.1942,-0.2738
train,1986-10-15,7.434,7.8728,0.4388
train,1986-10-16,7.598,7.5247,-0.0733
train,1986-10-17,6.638,6.6498,0.0118
train,1986-10-18,7.298,7.6583,0.3603
train,1986-10-19,7.328,7.8098,0.4818
train,1986-10-20,6.578,6.5418,-0.0362
train,1986-10-21,9.454,9.2163,-0.2377
train,1986-10-22,7.008,7.0307,0.0227
train,1986-10-23,7.108,7.1798,0.0718
train,1986-10-24,9.158,8.8754,-0.2826
train,1986-10-25,10.274,10.4943,0.2203
train,1986-10-26,6.678,6.6348,-0.0432
train,1986-10-27,6.808,6.7888,-0.0192
train,1986-10-28,7.208,7.2132,0.0052
train,1986-10-29,9.228,9.2658,0.0378
train,1986-10-30,7.018,6.9886,-0.0294
train,1986-10-31,7.478,7.4702,-0.0078
train,1986-11-01,6.598,6.766,0.168
train,1986-11-02,7.058,6.9296,-0.1284
train,1986-11-03,6.768,6.7753,0.0073
train,1986-11-04,8.562,7.8158,-0.7462
train,1986-11-05,7.878,8.1597,0.2817
train,1986-11-06,6.308,6.3683,0.0603
train,1986-11-07,6.936,6.9737,0.0377
train,1986-11-08,8.642,8.2174,-0.4246
train,1986-11-09,6.908,6.8446,-0.0634
train,1986-11-10,6.748,6.7567,0.0087
train,1986-11-11,6.708,6.9033,0.1953
train,1986-11-12,6.542,6.6761,0.1341
train,1986-11-13,6.538,6.3602,-0.1778
train,1986-11-14,6.658,6.7392,0.0812
train,1986-11-15,6.068,6.0254,-0.0426
train,1986-11-16,5.878,5.9223,0.0443
train,1986-11-17,7.182,7.2401,0.0581
train,1986-11-18,7.418,7.467,0.049
train,1986-11-19,7.618,7.5915,-0.0265
train,1986-11-20,7.158,7.3857,0.2277
train,1986-11-21,6.288,6.3912,0.1032
train,1986-11-22,6.908,6.8656,-0.0424
train,1986-11-23,6.54,6.5953,0.0553
train,1986-11-24,7.656,7.5114,-0.1446
train,1986-11-25,7.138,7.1361,-0.0019
train,1986-11-26,7.298,7.3008,0.0028
train,1986-11-27,7.008,6.815,-0.193
train,1986-11-28,7.078,7.0121,-0.0659
train,1986-11-29,6.688,6.7621,0.0741
train,1986-11-30,7.078,7.0817,0.0037
train,1986-12-01,7.34,7.2685,-0.0715
train,1986-12-02,5.914,5.9006,-0.0134
train,1986-12-03,6.828,6.8608,0.0328
train,1986-12-04,6.778,6.9748,0.1968
train,1986-12-05,7.2,7.238,0.038
train,1986-12-06,6.408,6.2873,-0.1207
train,1986-12-07,7.878,7.015,-0.863
train,1986-12-08,6.628,6.7307,0.1027
train,1986-12-09,8.718,8.8309,0.1129
train,1986-12-10,7.088,7.1078,0.0198
train,1986-12-11,6.418,6.5571,0.1391
train,1986-12-12,8.156,8.14,-0.016
train,1986-12-13,6.72,6.7884,0.0684
train,1986-12-14,6.36,6.3964,0.0364
train,1986-12-15,8.778,9.0856,0.3076
train,1986-12-16,8.018,8.0901,0.0721
train,1986-12-17,9.708,9.9715,0.2635
train,1986-12-18,6.908,6.9078,-0.0002
train,1986-12-19,8.878,8.6126,-0.2654
train,1986-12-20,8.438,8.5689,0.1309
train,1986-12-21,7.638,8.105,0.467
train,1986-12-22,7.048,7.0731,0.0251
train,1986-12-23,7.488,7.4743,-0.0137
train,1986-12-24,6.904,7.0249,0.1209
train,1986-12-25,8.2,7.778,-0.422
train,1986-12-26,6.828,6.7214,-0.1066
train,1986-12-27,9.042,9.1175,0.0755
train,1986-12-28,7.722,6.4332,-1.2888
train,1986-12-29,7.448,7.4386,-0.0094
train,1986-12-30,6.338,6.7702,0.4322
train,1986-12-31,6.438,6.4339,-0.0041
train,1987-01-01,7.008,6.5263,-0.4817
train,1987-01-02,8.108,8.2262,0.1182
train,1987-01-03,10.388,9.8912,-0.4968
train,1987-01-04,7.308,7.2188,-0.0892
train,1987-01-05,7.138,7.055,-0.083
train,1987-01-06,7.148,7.0685,-0.0795
train,1987-01-07,7.222,7.851,0.629
train,1987-01-08,9.594,9.2872,-0.3068
train,1987-01-09,6.9,6.8979,-0.0021
train,1987-01-10,7.228,7.2378,0.0098
train,1987-01-11,8.638,8.5658,-0.0722
train,1987-01-12,6.958,7.0236,0.0656
train,1987-01-13,7.852,7.8951,0.0431
train,1987-01-14,6.438,6.3167,-0.1213
train,1987-01-15,8.898,9.482,0.584
train,1987-01-16,7.018,7.0925,0.0745
train,1987-01-17,6.72,6.7518,0.0318
train,1987-01-18,6.378,6.3165,-0.0615
train,1987-01-19,8.656,8.369,-0.287
train,1987-01-20,6.904,6.9509,0.0469
train,1987-01-21,8.138,7.8603,-0.2777
train,1987-01-22,9.598,9.7938,0.1958
train,1987-01-23,6.744,6.7073,-0.0367
train,1987-01-24,6.366,6.4446,0.0786
train,1987-01-25,8.812,7.8712,-0.9408
train,1987-01-26,6.908,6.9243,0.0163
train,1987-01-27,6.334,6.2879,-0.0461
train,1987-01-28,7.108,7.0649,-0.0431
train,1987-01-29,8.438,8.3618,-0.0762
train,1987-01-30,6.778,6.7402,-0.0378
train,1987-01-31,6.708,6.7092,0.0012
train,1987-02-01,6.828,6.8365,0.0085
train,1987-02-02,6.364,6.4304,0.0664
train,1987-02-03,7.808,7.7475,-0.0605
train,1987-02-04,6.798,6.7693,-0.0287
train,1987-02-05,7.108,7.0681,-0.0399
train,1987-02-06,8.922,8.8714,-0.0506
train,1987-02-07,6.608,6.8562,0.2482
train,1987-02-08,7.218,7.1948,-0.0232
train,1987-02-09,6.708,6.6587,-0.0493
train,1987-02-10,7.538,7.6746,0.1366
train,1987-02-11,8.688,8.4853,-0.2027
train,1987-02-12,7.008,6.9909,-0.0171
train,1987-02-13,9.196,8.3797,-0.8163
train,1987-02-14,8.42,8.5046,0.0846
train,1987-02-15,7.148,7.1262,-0.0218
train,1987-02-16,7.236,7.26,0.024
train,1987-02-17,6.788,6.7563,-0.0317
train,1987-02-18,6.706,6.8138,0.1078
train,1987-02-19,6.908,6.8995,-0.0085
train,1987-02-20,6.82,6.8068,-0.0132
train,1987-02-21,8.914,9.0303,0.1163
train,1987-02-22,7.228,7.2564,0.0284
train,1987-02-23,6.226,6.4481,0.2221
train,1987-02-24,7.698,7.9226,0.2246
train,1987-02-25,10.588,9.8647,-0.7233
train,1987-02-26,6.956,6.9363,-0.0197
train,1987-02-27,6.618,6.739,0.121
train,1987-02-28,7.234,7.4492,0.2152
train,1987-03-01,8.048,7.7507,-0.2973
train,1987-03-02,6.828,6.8887,0.0607
train,1987-03-03,6.45,6.4691,0.0191
train,1987-03-04,7.576,7.6941,0.1181
train,1987-03-05,6.988,7.1569,0.1689
train,1987-03-06,6.378,6.4055,0.0275
train,1987-03-07,6.988,7.0287,0.0407
train,1987-03-08,7.308,7.3311,0.0231
train,1987-03-09,7.088,7.1159,0.0279
train,1987-03-10,10.768,10.5337,-0.2343
train,1987-03-11,7.308,7.1731,-0.1349
train,1987-03-12,6.858,6.952,0.094
train,1987-03-13,7.168,7.1705,0.0025
train,1987-03-14,7.088,7.086,-0.002
train,1987-03-15,7.018,7.01,-0.008
train,1987-03-16,6.612,6.7453,0.1333
train,1987-03-17,8.468,7.7606,-0.7074
train,1987-03-18,6.148,6.103,-0.045
train,1987-03-19,7.494,7.5516,0.0576
train,1987-03-20,7.692,7.6013,-0.0907
train,1987-03-21,7.268,7.2733,0.0053
train,1987-03-22,6.424,6.3702,-0.0538
train,1987-03-23,6.898,6.9782,0.0802
train,1987-03-24,6.222,6.2903,0.0683
train,1987-03-25,8.988,9.5805,0.5925
train,1987-03-26,6.988,7.0118,0.0238
train,1987-03-27,6.948,6.8971,-0.0509
train,1987-03-28,5.912,5.9986,0.0866
train,1987-03-29,6.938,6.9286,-0.0094
train,1987-03-30,6.192,6.206,0.014
train,1987-03-31,6.958,6.9736,0.0156
train,1987-04-01,7.586,7.4855,-0.1005
train,1987-04-02,6.608,6.6624,0.0544
train,1987-04-03,8.488,7.4007,-1.0873
train,1987-04-04,7.532,7.2345,-0.2975
train,1987-04-05,6.996,7.1229,0.1269
train,1987-04-06,7.998,8.1459,0.1479
train,1987-04-07,6.888,7.0699,0.1819
train,1987-04-08,11.504,11.1044,-0.3996
train,1987-04-09,6.938,6.9539,0.0159
train,1987-04-10,6.938,6.9572,0.0192
train,1987-04-11,10.088,9.7171,-0.3709
train,1987-04-12,6.546,6.515,-0.031
train,1987-04-13,6.59,6.6115,0.0215
train,1987-04-14,6.878,6.9748,0.0968
train,1987-04-15,6.432,6.4907,0.0587
train,1987-04-16,6.998,6.9621,-0.0359
train,1987-04-17,6.868,6.8876,0.0196
train,1987-04-18,7.888,7.7283,-0.1597
train,1987-04-19,6.45,6.3834,-0.0666
train,1987-04-20,6.822,6.8095,-0.0125
train,1987-04-21,7.786,7.6825,-0.1035
train,1987-04-22,6.72,6.7352,0.0152
train,1987-04-23,7.468,7.4098,-0.0582
train,1987-04-24,7.008,6.8498,-0.1582
train,1987-04-25,7.028,7.038,0.01
train,1987-04-26,8.078,8.3581,0.2801
train,1987-04-27,8.708,8.5528,-0.1552
train,1987-04-28,7.048,7.0825,0.0345
train,1987-04-29,7.418,7.576,0.158
train,1987-04-30,7.89,7.5094,-0.3806
train,1987-05-01,6.222,6.2188,-0.0032
train,1987-05-02,7.628,7.609,-0.019
train,1987-05-03,7.012,6.8892,-0.1228
train,1987-05-04,6.916,6.9796,0.0636
train,1987-05-05,7.208,7.2238,0.0158
train,1987-05-06,7.094,6.9895,-0.1045
train,1987-05-07,6.998,7.0261,0.0281
train,1987-05-08,7.008,7.0182,0.0102
train,1987-05-09,7.018,7.0266,0.0086
train,1987-05-10,7.308,7.2901,-0.0179
train,1987-05-11,6.768,6.7046,-0.0634
train,1987-05-12,8.302,8.3212,0.0192
train,1987-05-13,6.638,6.6206,-0.0174
train,1987-05-14,7.338,7.3696,0.0316
train,1987-05-15,7.706,7.8298,0.1238
train,1987-05-16,7.058,7.1018,0.0438
train,1987-05-17,8.118,8.0558,-0.0622
train,1987-05-18,6.938,6.9626,0.0246
train,1987-05-19,6.918,6.9606,0.0426
train,1987-05-20,6.14,6.2413,0.1013
train,1987-05-21,7.314,6.8246,-0.4894
train,1987-05-22,6.232,6.1141,-0.1179
train,1987-05-23,6.708,6.8887,0.1807
train,1987-05-24,8.188,8.3209,0.1329
train,1987-05-25,7.308,7.5886,0.2806
train,1987-05-26,7.06,7.1239,0.0639
train,1987-05-27,8.068,8.1567,0.0887
train,1987-05-28,8.868,7.874,-0.994
train,1987-05-29,7.018,7.0406,0.0226
train,1987-05-30,6.908,6.9002,-0.0078
train,1987-05-31,6.116,6.1164,0.0004
train,1987-06-01,5.924,6.0638,0.1398
train,1987-06-02,8.398,8.3841,-0.0139
train,1987-06-03,7.198,7.1863,-0.0117
train,1987-06-04,6.828,6.7642,-0.0638
train,1987-06-05,9.508,9.8114,0.3034
train,1987-06-06,6.992,7.0501,0.0581
train,1987-06-07,6.888,6.8821,-0.0059
train,1987-06-08,6.324,6.3641,0.0401
train,1987-06-09,7.086,7.061,-0.025
train,1987-06-10,7.068,7.0576,-0.0104
train,1987-06-11,7.434,7.5297,0.0957
train,1987-06-12,6.958,6.9895,0.0315
train,1987-06-13,6.998,7.0198,0.0218
train,1987-06-14,7.028,7.0293,0.0013
train,1987-06-15,6.526,6.6804,0.1544
train,1987-06-16,6.724,6.6892,-0.0348
train,1987-06-17,9.938,9.8258,-0.1122
train,1987-06-18,7.548,8.3402,0.7922
train,1987-06-19,8.048,8.2716,0.2236
train,1987-06-20,6.724,6.6793,-0.0447
train,1987-06-21,6.666,6.7379,0.0719
train,1987-06-22,6.288,6.2367,-0.0513
train,1987-06-23,7.468,7.5098,0.0418
train,1987-06-24,6.132,6.1178,-0.0142
train,1987-06-25,6.918,6.948,0.03
train,1987-06-26,7.718,7.8215,0.1035
train,1987-06-27,9.018,7.7819,-1.2361
train,1987-06-28,6.768,6.5689,-0.1991
train,1987-06-29,6.12,6.1319,0.0119
train,1987-06-30,6.918,6.9019,-0.0161
train,1987-07-01,7.008,7.0319,0.0239
train,1987-07-02,7.828,7.8591,0.0311
train,1987-07-03,7.238,7.5637,0.3257
train,1987-07-04,7.768,7.4713,-0.2967
train,1987-07-05,6.176,6.0928,-0.0832
train,1987-07-06,6.884,6.9125,0.0285
train,1987-07-07,6.928,6.9129,-0.0151
train,1987-07-08,6.768,6.7016,-0.0664
train,1987-07-09,6.248,6.2148,-0.0332
train,1987-07-10,6.07,6.1682,0.0982
train,1987-07-11,8.258,8.3314,0.0734
train,1987-07-12,7.778,8.0749,0.2969
train,1987-07-13,7.238,7.2959,0.0579
train,1987-07-14,7.308,7.4128,0.1048
train,1987-07-15,6.388,6.3732,-0.0148
train,1987-07-16,6.388,6.4653,0.0773
train,1987-07-17,6.828,6.8595,0.0315
train,1987-07-18,6.628,6.7181,0.0901
train,1987-07-19,6.898,6.3201,-0.5779
train,1987-07-20,6.088,6.24,0.152
train,1987-07-21,6.828,6.8383,0.0103
train,1987-07-22,7.168,7.2355,0.0675
train,1987-07-23,7.138,7.1275,-0.0105
train,1987-07-24,10.998,10.7463,-0.2517
train,1987-07-25,7.408,7.1742,-0.2338
train,1987-07-26,7.334,7.3782,0.0442
train,1987-07-27,6.716,6.6828,-0.0332
train,1987-07-28,7.038,7.0647,0.0267
train,1987-07-29,5.978,6.1653,0.1873
train,1987-07-30,9.408,8.8935,-0.5145
train,1987-07-31,7.988,8.3747,0.3867
train,1987-08-01,7.088,7.1221,0.0341
train,1987-08-02,6.938,6.9969,0.0589
train,1987-08-03,7.308,7.4367,0.1287
train,1987-08-04,10.268,9.9766,-0.2914
train,1987-08-05,7.064,7.095,0.031
train,1987-08-06,7.908,7.8562,-0.0518
train,1987-08-07,7.088,7.0856,-0.0024
train,1987-08-08,6.938,7.0006,0.0626
train,1987-08-09,6.5,6.5046,0.0046
train,1987-08-10,6.818,7.2073,0.3893
train,1987-08-11,6.796,6.7344,-0.0616
train,1987-08-12,7.98,7.8964,-0.0836
train,1987-08-13,8.048,7.9412,-0.1068
train,1987-08-14,7.538,7.5853,0.0473
train,1987-08-15,6.848,6.9213,0.0733
train,1987-08-16,6.96,6.9895,0.0295
train,1987-08-17,7.678,7.8257,0.1477
train,1987-08-18,5.998,6.1244,0.1264
train,1987-08-19,8.238,8.1115,-0.1265
train,1987-08-20,7.868,8.3398,0.4718
train,1987-08-21,7.598,7.5815,-0.0165
train,1987-08-22,6.478,6.5849,0.1069
train,1987-08-23,6.988,6.8474,-0.1406
train,1987-08-24,6.948,7.007,0.059
train,1987-08-25,7.452,7.3555,-0.0965
train,1987-08-26,7.158,7.2354,0.0774
train,1987-08-27,7.018,6.9169,-0.1011
train,1987-08-28,6.664,6.5996,-0.0644
train,1987-08-29,7.048,7.0871,0.0391
train,1987-08-30,6.698,6.6702,-0.0278
train,1987-08-31,6.228,6.2705,0.0425
train,1987-09-01,6.998,7.0207,0.0227
train,1987-09-02,7.26,7.3445,0.0845
train,1987-09-03,6.888,6.7955,-0.0925
train,1987-09-04,7.288,7.4097,0.1217
train,1987-09-05,6.818,6.8375,0.0195
train,1987-09-06,8.308,8.362,0.054
train,1987-09-07,7.288,7.2884,0.0004
train,1987-09-08,7.208,7.213,0.005
train,1987-09-09,8.438,8.6428,0.2048
train,1987-09-10,7.028,7.0209,-0.0071
train,1987-09-11,7.648,7.6698,0.0218
train,1987-09-12,7.188,7.3561,0.1681
train,1987-09-13,6.54,6.4755,-0.0645
train,1987-09-14,6.978,6.9919,0.0139
train,1987-09-15,7.408,7.4621,0.0541
train,1987-09-16,8.108,8.0257,-0.0823
train,1987-09-17,9.798,9.7365,-0.0615
train,1987-09-18,9.728,9.8574,0.1294
train,1987-09-19,6.948,6.9719,0.0239
train,1987-09-20,9.256,8.3568,-0.8992
train,1987-09-21,7.778,7.3541,-0.4239
train,1987-09-22,6.888,6.893,0.005
train,1987-09-23,6.9,6.9928,0.0928
train,1987-09-24,7.088,7.1007,0.0127
train,1987-09-25,6.708,6.7105,0.0025
train,1987-09-26,9.848,8.6006,-1.2474
train,1987-09-27,6.41,6.3787,-0.0313
train,1987-09-28,8.938,8.0721,-0.8659
train,1987-09-29,6.938,6.7482,-0.1898
train,1987-09-30,6.322,6.3277,0.0057
train,1987-10-01,7.928,7.8786,-0.0494
train,1987-10-02,7.638,7.7046,0.0666
train,1987-10-03,9.848,9.8308,-0.0172
train,1987-10-04,7.898,7.0624,-0.8356
train,1987-10-05,9.928,9.078,-0.85
train,1987-10-06,8.138,8.2869,0.1489
train,1987-10-07,8.836,8.2477,-0.5883
train,1987-10-08,8.288,8.37,0.082
train,1987-10-09,7.288,7.2999,0.0119
train,1987-10-10,6.568,6.4044,-0.1636
train,1987-10-11,7.108,7.2549,0.1469
train,1987-10-12,8.926,9.0642,0.1382
train,1987-10-13,7.788,7.7021,-0.0859
train,1987-10-14,6.938,6.948,0.01
train,1987-10-15,7.498,7.2933,-0.2047
train,1987-10-16,6.192,6.1939,0.0019
train,1987-10-17,9.052,7.7843,-1.2677
train,1987-10-18,6.512,6.488,-0.024
train,1987-10-19,9.894,9.1748,-0.7192
train,1987-10-20,6.908,6.8392,-0.0688
train,1987-10-21,6.498,6.4872,-0.0108
train,1987-10-22,7.438,7.3851,-0.0529
train,1987-10-23,7.308,7.3078,-0.0002
train,1987-10-24,6.304,6.2729,-0.0311
train,1987-10-25,6.288,6.3464,0.0584
train,1987-10-26,8.178,8.2597,0.0817
train,1987-10-27,6.602,6.6428,0.0408
train,1987-10-28,9.266,9.3807,0.1147
train,1987-10-29,6.288,6.2333,-0.0547
train,1987-10-30,7.136,7.2037,0.0677
train,1987-10-31,5.76,5.781,0.021
train,1987-11-01,9.848,9.7777,-0.0703
train,1987-11-02,8.768,7.8983,-0.8697
train,1987-11-03,8.026,8.0825,0.0565
train,1987-11-04,6.076,6.1616,0.0856
train,1987-11-05,7.288,7.2969,0.0089
train,1987-11-06,6.818,6.8203,0.0023
train,1987-11-07,7.878,7.8343,-0.0437
train,1987-11-08,6.898,6.8963,-0.0017
train,1987-11-09,8.438,8.6628,0.2248
train,1987-11-10,7.998,8.0849,0.0869
train,1987-11-11,7.34,7.2929,-0.0471
train,1987-11-12,7.068,7.0537,-0.0143
train,1987-11-13,7.238,7.2581,0.0201
train,1987-11-14,6.878,6.8472,-0.0308
train,1987-11-15,8.564,8.8233,0.2593
train,1987-11-16,7.588,7.5814,-0.0066
train,1987-11-17,7.008,6.9926,-0.0154
train,1987-11-18,6.31,6.3075,-0.0025
train,1987-11-19,6.716,6.7404,0.0244
train,1987-11-20,6.504,6.4581,-0.0459
train,1987-11-21,6.798,6.79,-0.008
train,1987-11-22,7.008,7.0729,0.0649
train,1987-11-23,6.668,6.8463,0.1783
train,1987-11-24,8.992,8.4618,-0.5302
train,1987-11-25,7.268,7.272,0.004
train,1987-11-26,8.474,8.5311,0.0571
train,1987-11-27,6.716,6.7108,-0.0052
train,1987-11-28,6.68,6.6642,-0.0158
train,1987-11-29,6.258,6.1887,-0.0693
train,1987-11-30,8.148,8.5827,0.4347
train,1987-12-01,7.164,7.292,0.128
train,1987-12-02,7.938,7.9207,-0.0173
train,1987-12-03,6.384,6.5447,0.1607
train,1987-12-04,6.66,6.6931,0.0331
train,1987-12-05,7.788,7.8281,0.0401
train,1987-12-06,7.438,7.4649,0.0269
train,1987-12-07,6.308,6.2946,-0.0134
train,1987-12-08,6.408,6.3718,-0.0362
train,1987-12-09,8.148,8.3523,0.2043
train,1987-12-10,6.564,6.5281,-0.0359
train,1987-12-11,6.61,6.6007,-0.0093
train,1987-12-12,7.148,7.1301,-0.0179
train,1987-12-13,7.208,7.2125,0.0045
train,1987-12-14,7.528,7.5166,-0.0114
train,1987-12-15,7.338,7.418,0.08
train,1987-12-16,6.908,6.9276,0.0196
train,1987-12-17,7.468,7.448,-0.02
train,1987-12-18,7.498,6.9387,-0.5593
train,1987-12-19,7.446,7.4214,-0.0246
train,1987-12-20,7.358,7.6415,0.2835
train,1987-12-21,7.128,7.0944,-0.0336
train,1987-12-22,6.638,6.3549,-0.2831
train,1987-12-23,7.708,7.4902,-0.2178
train,1987-12-24,9.468,9.5194,0.0514
train,1987-12-25,9.998,9.9105,-0.0875
train,1987-12-26,7.438,7.383,-0.055
train,1987-12-27,6.04,6.0884,0.0484
train,1987-12-28,6.908,6.9422,0.0342
train,1987-12-29,7.158,7.2159,0.0579
train,1987-12-30,7.368,7.389,0.021
train,1987-12-31,8.758,8.445,-0.313
train,1988-01-01,6.676,6.7294,0.0534
train,1988-01-02,6.828,6.8338,0.0058
train,1988-01-03,8.348,8.4189,0.0709
train,1988-01-04,6.48,6.4539,-0.0261
train,1988-01-05,6.378,6.368,-0.01
train,1988-01-06,6.872,6.7128,-0.1592
train,1988-01-07,7.008,7.0006,-0.0074
train,1988-01-08,7.078,7.0742,-0.0038
train,1988-01-09,6.304,6.2362,-0.0678
train,1988-01-10,8.948,9.0977,0.1497
train,1988-01-11,6.77,7.0893,0.3193
train,1988-01-12,8.218,8.5085,0.2905
train,1988-01-13,7.208,7.2153,0.0073
train,1988-01-14,7.53,7.4142,-0.1158
train,1988-01-15,7.018,7.0212,0.0032
train,1988-01-16,7.688,7.9792,0.2912
train,1988-01-17,7.788,7.7923,0.0043
train,1988-01-18,6.012,6.0026,-0.0094
train,1988-01-19,7.42,7.0706,-0.3494
train,1988-01-20,6.968,6.9129,-0.0551
train,1988-01-21,6.45,6.4598,0.0098
train,1988-01-22,9.338,9.3652,0.0272
train,1988-01-23,8.728,8.6802,-0.0478
train,1988-01-24,6.598,6.3045,-0.2935
train,1988-01-25,8.518,8.6142,0.0962
train,1988-01-26,6.468,6.5285,0.0605
train,1988-01-27,7.048,7.0588,0.0108
train,1988-01-28,7.088,7.079,-0.009
train,1988-01-29,8.428,8.3877,-0.0403
train,1988-01-30,7.318,7.2371,-0.0809
train,1988-01-31,6.516,6.4928,-0.0232
train,1988-02-01,7.314,7.3702,0.0562
train,1988-02-02,6.438,6.4737,0.0357
train,1988-02-03,6.386,6.2499,-0.1361
train,1988-02-04,8.088,7.5604,-0.5276
train,1988-02-05,6.858,6.8758,0.0178
train,1988-02-06,6.602,6.6037,0.0017
train,1988-02-07,8.608,8.8294,0.2214
train,1988-02-08,6.768,6.8931,0.1251
train,1988-02-09,7.336,7.3811,0.0451
train,1988-02-10,7.434,7.4755,0.0415
train,1988-02-11,6.698,6.6224,-0.0756
train,1988-02-12,6.968,6.9711,0.0031
train,1988-02-13,10.414,9.7645,-0.6495
train,1988-02-14,9.168,9.2364,0.0684
train,1988-02-15,7.078,7.0675,-0.0105
train,1988-02-16,10.678,10.4416,-0.2364
train,1988-02-17,7.378,7.1577,-0.2203
train,1988-02-18,7.092,7.2242,0.1322
train,1988-02-19,6.906,6.8916,-0.0144
train,1988-02-20,6.248,6.3378,0.0898
train,1988-02-21,6.426,6.4904,0.0644
train,1988-02-22,6.858,6.8199,-0.0381
train,1988-02-23,6.292,6.2507,-0.0413
train,1988-02-24,6.748,6.8045,0.0565
train,1988-02-25,7.598,7.5127,-0.0853
train,1988-02-26,6.728,7.0939,0.3659
train,1988-02-27,7.108,7.1209,0.0129
train,1988-02-28,7.018,7.034,0.016
train,1988-02-29,6.224,6.1817,-0.0423
train,1988-03-01,6.254,6.2817,0.0277
train,1988-03-02,8.608,8.2288,-0.3792
train,1988-03-03,8.534,7.9224,-0.6116
train,1988-03-04,7.018,7.1245,0.1065
train,1988-03-05,6.968,6.971,0.003
train,1988-03-06,7.848,8.0815,0.2335
train,1988-03-07,8.188,8.2028,0.0148
train,1988-03-08,7.462,7.5226,0.0606
train,1988-03-09,6.978,6.9544,-0.0236
train,1988-03-10,7.318,8.1588,0.8408
train,1988-03-11,7.57,7.6833,0.1133
train,1988-03-12,7.548,7.6053,0.0573
train,1988-03-13,6.544,6.1117,-0.4323
train,1988-03-14,7.76,7.8108,0.0508
train,1988-03-15,6.888,7.0373,0.1493
train,1988-03-16,6.358,6.4091,0.0511
train,1988-03-17,9.168,9.979,0.811
train,1988-03-18,6.948,6.8089,-0.1391
train,1988-03-19,7.168,7.2053,0.0373
train,1988-03-20,6.728,6.5961,-0.1319
train,1988-03-21,6.208,6.2852,0.0772
train,1988-03-22,6.858,6.9028,0.0448
train,1988-03-23,6.21,6.2198,0.0098
train,1988-03-24,7.278,7.4508,0.1728
train,1988-03-25,6.678,6.7567,0.0787
train,1988-03-26,9.778,9.6471,-0.1309
train,1988-03-27,6.804,7.0015,0.1975
train,1988-03-28,6.7,6.6976,-0.0024
train,1988-03-29,7.098,7.1551,0.0571
train,1988-03-30,6.218,6.2052,-0.0128
train,1988-03-31,9.228,8.2797,-0.9483
train,1988-04-01,6.304,6.2631,-0.0409
train,1988-04-02,6.288,6.3109,0.0229
train,1988-04-03,6.386,6.5558,0.1698
train,1988-04-04,8.718,8.8641,0.1461
train,1988-04-05,8.678,6.7667,-1.9113
train,1988-04-06,7.988,8.176,0.188
train,1988-04-07,7.178,7.2362,0.0582
train,1988-04-08,6.738,6.7005,-0.0375
train,1988-04-09,7.038,7.0345,-0.0035
train,1988-04-10,6.898,7.0136,0.1156
train,1988-04-11,6.648,6.5426,-0.1054
train,1988-04-12,6.788,6.9185,0.1305
train,1988-04-13,6.808,6.7619,-0.0461
train,1988-04-14,7.308,7.3725,0.0645
train,1988-04-15,7.166,7.1416,-0.0244
train,1988-04-16,6.97,7.0425,0.0725
train,1988-04-17,8.358,8.2436,-0.1144
train,1988-04-18,7.078,7.1116,0.0336
train,1988-04-19,7.068,7.1205,0.0525
train,1988-04-20,6.908,6.871,-0.037
train,1988-04-21,7.254,7.1607,-0.0933
train,1988-04-22,6.816,6.8172,0.0012
train,1988-04-23,6.468,6.506,0.038
train,1988-04-24,7.076,6.9319,-0.1441
train,1988-04-25,11.186,11.0975,-0.0885
train,1988-04-26,7.098,7.1059,0.0079
train,1988-04-27,7.978,8.0383,0.0603
train,1988-04-28,7.438,7.7059,0.2679
train,1988-04-29,6.284,6.3036,0.0196
train,1988-04-30,10.398,8.0312,-2.3668
train,1988-05-01,6.558,6.6328,0.0748
train,1988-05-02,6.838,6.7339,-0.1041
train,1988-05-03,6.592,6.6579,0.0659
train,1988-05-04,9.7,9.8237,0.1237
train,1988-05-05,6.548,6.6218,0.0738
train,1988-05-06,7.238,7.2421,0.0041
train,1988-05-07,7.778,8.0729,0.2949
train,1988-05-08,6.446,6.4563,0.0103
train,1988-05-09,6.958,6.9879,0.0299
train,1988-05-10,8.458,8.418,-0.04
train,1988-05-11,8.184,7.5307,-0.6533
train,1988-05-12,8.652,8.5546,-0.0974
train,1988-05-13,7.008,6.9889,-0.0191
train,1988-05-14,6.888,6.8428,-0.0452
train,1988-05-15,8.748,8.8104,0.0624
train,1988-05-16,6.818,6.8377,0.0197
train,1988-05-17,7.316,7.3723,0.0563
train,1988-05-18,6.718,6.8324,0.1144
train,1988-05-19,7.848,7.8093,-0.0387
train,1988-05-20,7.558,7.6567,0.0987
train,1988-05-21,7.078,7.3438,0.2658
train,1988-05-22,8.882,8.7319,-0.1501
train,1988-05-23,9.198,9.3387,0.1407
train,1988-05-24,6.382,6.3963,0.0143
train,1988-05-25,6.628,6.7147,0.0867
train,1988-05-26,7.942,8.0961,0.1541
train,1988-05-27,8.226,7.5467,-0.6793
train,1988-05-28,8.798,9.1589,0.3609
train,1988-05-29,9.558,9.6334,0.0754
train,1988-05-30,6.214,6.3139,0.0999
train,1988-05-31,7.202,7.2291,0.0271
train,1988-06-01,6.108,5.9834,-0.1246
train,1988-06-02,7.458,8.0117,0.5537
train,1988-06-03,6.938,6.9636,0.0256
train,1988-06-04,7.118,7.1011,-0.0169
train,1988-06-05,6.608,6.6702,0.0622
train,1988-06-06,9.048,8.9658,-0.0822
train,1988-06-07,7.64,7.4742,-0.1658
train,1988-06-08,6.848,6.8441,-0.0039
train,1988-06-09,7.6,7.6225,0.0225
train,1988-06-10,7.088,7.4144,0.3264
train,1988-06-11,6.772,6.6826,-0.0894
train,1988-06-12,9.05,9.4358,0.3858
train,1988-06-13,6.998,7.0224,0.0244
train,1988-06-14,6.524,6.62,0.096
train,1988-06-15,7.758,7.8263,0.0683
train,1988-06-16,6.634,6.6207,-0.0133
train,1988-06-17,7.328,7.3346,0.0066
train,1988-06-18,7.878,7.8261,-0.0519
train,1988-06-19,8.658,8.2253,-0.4327
train,1988-06-20,9.128,7.7203,-1.4077
train,1988-06-21,8.19,7.94,-0.25
train,1988-06-22,7.358,7.4608,0.1028
train,1988-06-23,6.788,6.7335,-0.0545
train,1988-06-24,9.018,9.1423,0.1243
train,1988-06-25,7.078,7.0777,-0.0003
train,1988-06-26,7.318,7.3146,-0.0034
train,1988-06-27,6.498,6.5841,0.0861
train,1988-06-28,6.788,6.7906,0.0026
train,1988-06-29,8.33,8.2673,-0.0627
train,1988-06-30,8.322,8.1746,-0.1474
train,1988-07-01,6.642,6.6391,-0.0029
train,1988-07-02,7.016,7.1058,0.0898
train,1988-07-03,9.548,9.291,-0.257
train,1988-07-04,7.094,7.1729,0.0789
train,1988-07-05,7.148,7.16,0.012
train,1988-07-06,7.872,7.8889,0.0169
train,1988-07-07,11.878,11.5441,-0.3339
train,1988-07-08,9.244,8.6578,-0.5862
train,1988-07-09,6.646,6.6981,0.0521
train,1988-07-10,6.568,6.6529,0.0849
train,1988-07-11,6.888,6.9167,0.0287
train,1988-07-12,7.268,7.2677,-0.0003
train,1988-07-13,6.646,6.6493,0.0033
train,1988-07-14,7.486,7.528,0.042
train,1988-07-15,6.778,6.8098,0.0318
train,1988-07-16,6.338,6.3233,-0.0147
train,1988-07-17,9.598,9.444,-0.154
train,1988-07-18,7.898,7.8934,-0.0046
train,1988-07-19,6.996,7.2886,0.2926
train,1988-07-20,6.748,6.7971,0.0491
train,1988-07-21,7.658,7.8872,0.2292
train,1988-07-22,7.198,7.2102,0.0122
train,1988-07-23,6.196,6.1897,-0.0063
train,1988-07-24,8.378,8.2852,-0.0928
train,1988-07-25,6.858,6.92,0.062
train,1988-07-26,8.258,8.6025,0.3445
train,1988-07-27,7.168,7.1737,0.0057
train,1988-07-28,7.078,6.9632,-0.1148
train,1988-07-29,6.898,6.8868,-0.0112
train,1988-07-30,6.524,6.6769,0.1529
train,1988-07-31,8.268,8.1961,-0.0719
train,1988-08-01,8.148,8.0996,-0.0484
train,1988-08-02,7.508,7.4709,-0.0371
train,1988-08-03,6.5,6.5074,0.0074
train,1988-08-04,6.898,6.9082,0.0102
train,1988-08-05,7.928,8.1354,0.2074
train,1988-08-06,7.156,7.1167,-0.0393
train,1988-08-07,7.578,7.3798,-0.1982
train,1988-08-08,7.438,7.4771,0.0391
train,1988-08-09,8.778,9.1943,0.4163
train,1988-08-10,8.368,8.4581,0.0901
train,1988-08-11,6.658,6.6635,0.0055
train,1988-08-12,6.86,6.7355,-0.1245
train,1988-08-13,7.008,7.0541,0.0461
train,1988-08-14,7.628,7.572,-0.056
train,1988-08-15,7.218,7.2615,0.0435
train,1988-08-16,7.548,7.6774,0.1294
train,1988-08-17,8.498,8.4827,-0.0153
train,1988-08-18,6.698,6.9657,0.2677
train,1988-08-19,7.008,7.0817,0.0737
train,1988-08-20,6.364,6.3524,-0.0116
train,1988-08-21,6.088,6.0653,-0.0227
train,1988-08-22,9.588,9.6007,0.0127
train,1988-08-23,6.758,6.7284,-0.0296
train,1988-08-24,6.408,6.3934,-0.0146
train,1988-08-25,7.148,7.2122,0.0642
train,1988-08-26,6.688,7.0242,0.3362
train,1988-08-27,6.546,6.5479,0.0019
train,1988-08-28,7.248,7.0032,-0.2448
train,1988-08-29,6.908,7.0039,0.0959
train,1988-08-30,6.848,7.0941,0.2461
train,1988-08-31,8.168,8.1899,0.0219
train,1988-09-01,7.696,7.8166,0.1206
train,1988-09-02,7.788,7.694,-0.094
train,1988-09-03,8.888,8.0211,-0.8669
train,1988-09-04,6.898,6.8733,-0.0247
train,1988-09-05,7.288,7.5836,0.2956
train,1988-09-06,6.218,6.327,0.109
train,1988-09-07,7.488,7.3972,-0.0908
train,1988-09-08,6.958,6.9855,0.0275
train,1988-09-09,6.978,6.978,-0.0
train,1988-09-10,6.368,6.4646,0.0966
train,1988-09-11,7.118,7.09,-0.028
train,1988-09-12,6.958,7.0185,0.0605
train,1988-09-13,6.884,6.8863,0.0023
train,1988-09-14,7.568,7.5481,-0.0199
train,1988-09-15,6.596,6.5912,-0.0048
train,1988-09-16,6.394,6.3718,-0.0222
train,1988-09-17,8.058,7.825,-0.233
train,1988-09-18,8.286,8.3405,0.0545
train,1988-09-19,7.268,7.4174,0.1494
train,1988-09-20,9.918,8.3513,-1.5667
train,1988-09-21,7.538,7.5381,0.0001
train,1988-09-22,7.356,7.3245,-0.0315
train,1988-09-23,7.438,7.3671,-0.0709
train,1988-09-24,7.348,7.1313,-0.2167
train,1988-09-25,7.688,7.1475,-0.5405
train,1988-09-26,7.008,6.6943,-0.3137
train,1988-09-27,7.038,7.0166,-0.0214
train,1988-09-28,7.098,7.1374,0.0394
train,1988-09-29,7.258,7.5263,0.2683
train,1988-09-30,6.308,6.319,0.011
train,1988-10-01,9.938,9.9555,0.0175
train,1988-10-02,6.948,6.9535,0.0055
train,1988-10-03,7.228,7.1933,-0.0347
train,1988-10-04,7.098,7.2958,0.1978
train,1988-10-05,7.088,7.275,0.187
train,1988-10-06,7.098,7.1357,0.0377
train,1988-10-07,6.846,6.8264,-0.0196
train,1988-10-08,12.098,11.5159,-0.5821
train,1988-10-09,6.882,7.0245,0.1425
train,1988-10-10,8.718,8.906,0.188
train,1988-10-11,6.78,6.7923,0.0123
train,1988-10-12,7.868,7.8906,0.0226
train,1988-10-13,7.428,7.6404,0.2124
train,1988-10-14,7.66,7.7743,0.1143
train,1988-10-15,8.638,8.973,0.335
train,1988-10-16,7.342,7.5244,0.1824
train,1988-10-17,6.386,6.4586,0.0726
train,1988-10-18,6.994,7.0099,0.0159
train,1988-10-19,6.9,6.8654,-0.0346
train,1988-10-20,7.098,7.0972,-0.0008
train,1988-10-21,7.028,7.0,-0.028
train,1988-10-22,6.868,6.856,-0.012
train,1988-10-23,7.118,7.1355,0.0175
train,1988-10-24,7.684,7.9636,0.2796
train,1988-10-25,8.568,8.6009,0.0329
train,1988-10-26,8.998,9.3619,0.3639
train,1988-10-27,6.298,6.2718,-0.0262
train,1988-10-28,7.33,7.3344,0.0044
train,1988-10-29,7.728,7.7551,0.0271
train,1988-10-30,7.528,7.9906,0.4626
train,1988-10-31,6.918,6.8896,-0.0284
train,1988-11-01,6.308,6.3094,0.0014
train,1988-11-02,7.028,7.0716,0.0436
train,1988-11-03,6.896,7.0324,0.1364
train,1988-11-04,6.688,6.6975,0.0095
train,1988-11-05,8.172,8.1064,-0.0656
train,1988-11-06,7.154,7.3756,0.2216
train,1988-11-07,7.248,7.2011,-0.0469
train,1988-11-08,6.798,6.8407,0.0427
train,1988-11-09,7.298,7.3453,0.0473
train,1988-11-10,6.714,6.7127,-0.0013
train,1988-11-11,7.538,7.6747,0.1367
train,1988-11-12,8.328,8.1792,-0.1488
train,1988-11-13,7.166,7.2001,0.0341
train,1988-11-14,8.47,8.2621,-0.2079
train,1988-11-15,6.898,6.9041,0.0061
train,1988-11-16,7.958,7.9668,0.0088
train,1988-11-17,7.928,7.3044,-0.6236
train,1988-11-18,7.668,7.7233,0.0553
train,1988-11-19,6.8,6.9452,0.1452
train,1988-11-20,8.298,8.4511,0.1531
train,1988-11-21,9.958,10.0532,0.0952
train,1988-11-22,6.32,6.3418,0.0218
train,1988-11-23,9.548,9.2442,-0.3038
train,1988-11-24,9.068,9.3285,0.2605
train,1988-11-25,7.718,7.8036,0.0856
train,1988-11-26,6.292,6.3172,0.0252
train,1988-11-27,7.006,7.0596,0.0536
train,1988-11-28,6.696,6.753,0.057
train,1988-11-29,7.648,7.6548,0.0068
train,1988-11-30,7.358,7.3606,0.0026
train,1988-12-01,9.196,9.6335,0.4375
train,1988-12-02,7.718,7.755,0.037
train,1988-12-03,7.298,7.3548,0.0568
train,1988-12-04,6.688,6.6768,-0.0112
train,1988-12-05,7.398,7.3275,-0.0705
train,1988-12-06,7.988,7.9387,-0.0493
train,1988-12-07,7.728,7.6373,-0.0907
train,1988-12-08,8.528,8.531,0.003
train,1988-12-09,7.158,7.1536,-0.0044
train,1988-12-10,6.412,6.5039,0.0919
train,1988-12-11,7.328,7.3129,-0.0151
train,1988-12-12,6.79,6.8199,0.0299
train,1988-12-13,6.348,6.3567,0.0087
train,1988-12-14,7.138,7.2185,0.0805
train,1988-12-15,7.36,7.309,-0.051
train,1988-12-16,7.848,8.0059,0.1579
train,1988-12-17,6.604,6.6205,0.0165
train,1988-12-18,6.858,7.2387,0.3807
train,1988-12-19,6.948,6.9093,-0.0387
train,1988-12-20,7.358,7.3665,0.0085
train,1988-12-21,6.456,6.5908,0.1348
train,1988-12-22,7.388,7.3803,-0.0077
train,1988-12-23,7.198,7.2205,0.0225
train,1988-12-24,7.89,7.7859,-0.1041
train,1988-12-25,6.888,6.9397,0.0517
train,1988-12-26,8.178,8.088,-0.09
train,1988-12-27,6.644,6.5522,-0.0918
train,1988-12-28,6.29,6.2401,-0.0499
train,1988-12-29,7.052,7.2363,0.1843
train,1988-12-30,5.702,5.8014,0.0994
train,1988-12-31,7.218,7.2562,0.0382
train,1989-01-01,7.194,7.187,-0.007
train,1989-01-02,10.098,10.0068,-0.0912
train,1989-01-03,6.108,6.095,-0.013
train,1989-01-04,7.422,7.4844,0.0624
train,1989-01-05,8.818,8.7548,-0.0632
train,1989-01-06,7.452,8.4177,0.9657
train,1989-01-07,7.498,7.1134,-0.3846
train,1989-01-08,6.376,6.3144,-0.0616
train,1989-01-09,7.208,7.1918,-0.0162
train,1989-01-10,8.27,7.6019,-0.6681
train,1989-01-11,6.796,6.8224,0.0264
train,1989-01-12,6.864,6.9658,0.1018
train,1989-01-13,7.018,7.037,0.019
train,1989-01-14,7.156,7.2259,0.0699
train,1989-01-15,7.738,7.7209,-0.0171
train,1989-01-16,7.128,7.1235,-0.0045
train,1989-01-17,7.096,6.9956,-0.1004
train,1989-01-18,6.968,6.8864,-0.0816
train,1989-01-19,7.186,7.0765,-0.1095
train,1989-01-20,7.718,7.2645,-0.4535
train,1989-01-21,9.008,9.1744,0.1664
train,1989-01-22,6.182,6.1286,-0.0534
train,1989-01-23,11.466,11.0524,-0.4136
train,1989-01-24,6.278,6.3567,0.0787
train,1989-01-25,6.588,6.5875,-0.0005
train,1989-01-26,7.238,7.2605,0.0225
train,1989-01-27,8.088,8.3073,0.2193
train,1989-01-28,6.34,6.3862,0.0462
train,1989-01-29,6.648,6.6276,-0.0204
train,1989-01-30,6.918,6.92,0.002
train,1989-01-31,7.088,7.1388,0.0508
train,1989-02-01,6.738,6.6527,-0.0853
train,1989-02-02,7.721,7.6895,-0.0315
train,1989-02-03,6.988,7.0099,0.0219
train,1989-02-04,6.848,6.7194,-0.1286
train,1989-02-05,5.702,5.8203,0.1183
train,1989-02-06,6.596,6.6159,0.0199
train,1989-02-07,6.624,6.4341,-0.1899
train,1989-02-08,6.17,6.2391,0.0691
train,1989-02-09,6.388,6.4128,0.0248
train,1989-02-10,7.298,7.3712,0.0732
train,1989-02-11,7.236,7.3039,0.0679
train,1989-02-12,6.354,6.4768,0.1228
train,1989-02-13,7.836,7.6046,-0.2314
train,1989-02-14,6.858,6.8719,0.0139
train,1989-02-15,6.788,6.6988,-0.0892
train,1989-02-16,6.098,6.1605,0.0625
train,1989-02-17,6.658,6.6209,-0.0371
train,1989-02-18,8.448,8.3686,-0.0794
train,1989-02-19,6.846,6.7838,-0.0622
train,1989-02-20,6.908,6.9477,0.0397
train,1989-02-21,9.086,9.0064,-0.0796
train,1989-02-22,8.288,8.5329,0.2449
train,1989-02-23,7.038,7.0588,0.0208
train,1989-02-24,10.678,10.5971,-0.0809
train,1989-02-25,8.472,8.4133,-0.0587
train,1989-02-26,6.282,6.2528,-0.0292
train,1989-02-27,7.588,7.6965,0.1085
train,1989-02-28,8.288,8.4277,0.1397
train,1989-03-01,6.818,6.8166,-0.0014
train,1989-03-02,6.848,6.8375,-0.0105
train,1989-03-03,9.696,9.8321,0.1361
train,1989-03-04,7.424,6.9779,-0.4461
train,1989-03-05,7.13,7.0899,-0.0401
train,1989-03-06,8.658,8.6669,0.0089
train,1989-03-07,8.748,8.717,-0.031
train,1989-03-08,10.268,9.5707,-0.6973
train,1989-03-09,8.068,8.3278,0.2598
train,1989-03-10,7.088,7.12,0.032
train,1989-03-11,6.808,6.8388,0.0308
train,1989-03-12,7.038,7.0929,0.0549
train,1989-03-13,7.822,7.8589,0.0369
train,1989-03-14,5.814,5.8711,0.0571
train,1989-03-15,6.818,6.8004,-0.0176
train,1989-03-16,8.168,8.3412,0.1732
train,1989-03-17,6.34,6.3184,-0.0216
train,1989-03-18,6.646,6.6608,0.0148
train,1989-03-19,6.978,6.9094,-0.0686
train,1989-03-20,7.228,7.4465,0.2185
train,1989-03-21,7.448,7.4598,0.0118
train,1989-03-22,7.068,7.0041,-0.0639
train,1989-03-23,6.778,6.8321,0.0541
train,1989-03-24,6.578,6.5638,-0.0142
train,1989-03-25,6.908,6.8069,-0.1011
train,1989-03-26,8.978,9.0014,0.0234
train,1989-03-27,6.702,6.666,-0.036
train,1989-03-28,6.348,6.314,-0.034
train,1989-03-29,7.148,7.1598,0.0118
train,1989-03-30,7.29,7.3571,0.0671
train,1989-03-31,7.008,7.0448,0.0368
train,1989-04-01,6.888,6.5832,-0.3048
train,1989-04-02,6.968,6.8872,-0.0808
train,1989-04-03,6.812,6.8141,0.0021
train,1989-04-04,7.408,7.3598,-0.0482
train,1989-04-05,6.832,6.8308,-0.0012
train,1989-04-06,6.938,7.0821,0.1441
train,1989-04-07,6.938,6.9364,-0.0016
train,1989-04-08,6.788,6.8921,0.1041
train,1989-04-09,6.738,6.7304,-0.0076
train,1989-04-10,11.962,11.3759,-0.5861
train,1989-04-11,7.008,6.9853,-0.0227
train,1989-04-12,8.638,8.6511,0.0131
train,1989-04-13,6.848,6.8312,-0.0168
train,1989-04-14,10.65,10.6987,0.0487
train,1989-04-15,7.816,8.1127,0.2967
train,1989-04-16,7.488,7.524,0.036
train,1989-04-17,7.508,7.5549,0.0469
train,1989-04-18,6.828,6.9724,0.1444
train,1989-04-19,6.498,6.2819,-0.2161
train,1989-04-20,6.828,7.0187,0.1907
train,1989-04-21,7.908,8.3345,0.4265
train,1989-04-22,7.118,7.1538,0.0358
train,1989-04-23,9.278,9.2604,-0.0176
train,1989-04-24,7.84,7.7101,-0.1299
train,1989-04-25,6.602,6.6503,0.0483
train,1989-04-26,6.908,7.1717,0.2637
train,1989-04-27,7.588,7.6652,0.0772
train,1989-04-28,10.318,9.9603,-0.3577
train,1989-04-29,6.322,6.4181,0.0961
train,1989-04-30,7.604,7.4253,-0.1787
train,1989-05-01,7.678,7.6433,-0.0347
train,1989-05-02,6.318,6.288,-0.03
train,1989-05-03,6.358,6.3821,0.0241
train,1989-05-04,6.112,6.0609,-0.0511
train,1989-05-05,6.484,6.5431,0.0591
train,1989-05-06,6.808,6.7482,-0.0598
train,1989-05-07,7.018,6.9823,-0.0357
train,1989-05-08,6.118,6.1549,0.0369
train,1989-05-09,8.278,8.2544,-0.0236
train,1989-05-10,6.778,6.8958,0.1178
train,1989-05-11,6.55,6.571,0.021
train,1989-05-12,6.348,6.6612,0.3132
train,1989-05-13,7.058,7.3442,0.2862
train,1989-05-14,7.178,7.1627,-0.0153
train,1989-05-15,6.23,6.1745,-0.0555
train,1989-05-16,7.02,7.1856,0.1656
train,1989-05-17,6.684,6.7267,0.0427
train,1989-05-18,8.278,8.1974,-0.0806
train,1989-05-19,8.638,8.1009,-0.5371
train,1989-05-20,8.492,8.2084,-0.2836
train,1989-05-21,12.208,12.1706,-0.0374
train,1989-05-22,11.844,11.6729,-0.1711
train,1989-05-23,6.818,6.8126,-0.0054
train,1989-05-24,7.362,7.3898,0.0278
train,1989-05-25,7.122,7.2436,0.1216
train,1989-05-26,6.282,6.2723,-0.0097
train,1989-05-27,6.878,6.8838,0.0058
train,1989-05-28,7.77,8.013,0.243
train,1989-05-29,6.948,6.9641,0.0161
train,1989-05-30,7.818,8.0925,0.2745
train,1989-05-31,6.424,6.3924,-0.0316
train,1989-06-01,9.288,9.246,-0.042
train,1989-06-02,6.498,6.628,0.13
train,1989-06-03,7.008,7.0227,0.0147
train,1989-06-04,6.52,6.5413,0.0213
train,1989-06-05,7.048,7.0461,-0.0019
train,1989-06-06,8.048,8.0755,0.0275
train,1989-06-07,7.488,7.498,0.01
train,1989-06-08,7.028,7.0195,-0.0085
train,1989-06-09,6.352,6.2789,-0.0731
train,1989-06-10,6.928,6.9383,0.0103
train,1989-06-11,6.804,6.8633,0.0593
train,1989-06-12,9.618,9.4955,-0.1225
train,1989-06-13,6.448,6.4146,-0.0334
train,1989-06-14,7.158,7.1854,0.0274
train,1989-06-15,8.208,8.0555,-0.1525
train,1989-06-16,6.998,6.9998,0.0018
train,1989-06-17,7.812,7.7799,-0.0321
train,1989-06-18,7.038,7.0435,0.0055
train,1989-06-19,8.188,8.0522,-0.1358
train,1989-06-20,7.168,7.1641,-0.0039
train,1989-06-21,7.346,7.3699,0.0239
train,1989-06-22,6.948,6.9264,-0.0216
train,1989-06-23,6.772,6.7995,0.0275
train,1989-06-24,7.018,7.0514,0.0334
train,1989-06-25,7.088,7.0239,-0.0641
train,1989-06-26,6.802,6.8243,0.0223
train,1989-06-27,7.928,8.2528,0.3248
train,1989-06-28,7.308,7.2162,-0.0918
train,1989-06-29,6.292,6.2728,-0.0192
train,1989-06-30,7.648,7.6995,0.0515
train,1989-07-01,6.558,6.6498,0.0918
train,1989-07-02,5.92,5.9698,0.0498
train,1989-07-03,8.008,7.8688,-0.1392
train,1989-07-04,7.016,6.999,-0.017
train,1989-07-05,8.068,8.1767,0.1087
train,1989-07-06,6.736,6.6269,-0.1091
train,1989-07-07,6.696,6.666,-0.03
train,1989-07-08,6.968,7.6796,0.7116
train,1989-07-09,6.49,6.481,-0.009
train,1989-07-10,6.978,6.9793,0.0013
train,1989-07-11,7.278,7.205,-0.073
train,1989-07-12,7.278,7.1759,-0.1021
train,1989-07-13,7.508,7.3126,-0.1954
train,1989-07-14,7.722,7.8877,0.1657
train,1989-07-15,6.918,6.9745,0.0565
train,1989-07-16,8.348,7.8989,-0.4491
train,1989-07-17,6.868,6.8651,-0.0029
train,1989-07-18,6.744,6.7211,-0.0229
train,1989-07-19,7.138,7.2075,0.0695
train,1989-07-20,7.558,7.4762,-0.0818
train,1989-07-21,6.988,6.9793,-0.0087
train,1989-07-22,8.088,7.8259,-0.2621
train,1989-07-23,7.108,7.0865,-0.0215
train,1989-07-24,7.018,7.0342,0.0162
train,1989-07-25,6.58,6.7288,0.1488
train,1989-07-26,6.492,6.6344,0.1424
train,1989-07-27,6.516,6.6561,0.1401
train,1989-07-28,6.778,6.744,-0.034
train,1989-07-29,8.208,8.053,-0.155
train,1989-07-30,7.238,7.2915,0.0535
train,1989-07-31,7.118,7.1688,0.0508
train,1989-08-01,7.052,7.3781,0.3261
train,1989-08-02,7.018,7.0522,0.0342
train,1989-08-03,7.57,6.9012,-0.6688
train,1989-08-04,7.588,7.5506,-0.0374
train,1989-08-05,7.498,7.523,0.025
train,1989-08-06,9.278,9.4643,0.1863
train,1989-08-07,6.988,7.0147,0.0267
train,1989-08-08,7.228,7.1805,-0.0475
train,1989-08-09,6.54,6.5006,-0.0394
train,1989-08-10,7.428,7.0539,-0.3741
train,1989-08-11,7.988,7.9679,-0.0201
train,1989-08-12,8.168,8.3238,0.1558
train,1989-08-13,6.858,6.8339,-0.0241
train,1989-08-14,6.638,6.7512,0.1132
train,1989-08-15,7.268,7.239,-0.029
train,1989-08-16,6.548,6.5404,-0.0076
train,1989-08-17,9.588,9.3992,-0.1888
train,1989-08-18,7.088,7.0289,-0.0591
train,1989-08-19,7.378,7.3853,0.0073
train,1989-08-20,6.696,6.7655,0.0695
train,1989-08-21,6.728,6.8322,0.1042
train,1989-08-22,6.998,7.0048,0.0068
train,1989-08-23,6.938,7.0431,0.1051
train,1989-08-24,6.874,6.6897,-0.1843
train,1989-08-25,7.114,7.2415,0.1275
train,1989-08-26,6.918,6.9163,-0.0017
train,1989-08-27,6.968,6.9556,-0.0124
train,1989-08-28,7.388,7.4095,0.0215
train,1989-08-29,7.008,7.0112,0.0032
train,1989-08-30,7.368,7.3785,0.0105
train,1989-08-31,6.528,6.6182,0.0902
train,1989-09-01,7.628,7.7677,0.1397
train,1989-09-02,7.588,7.5953,0.0073
train,1989-09-03,6.958,6.9738,0.0158
train,1989-09-04,6.266,6.2357,-0.0303
train,1989-09-05,7.128,7.2111,0.0831
train,1989-09-06,10.018,9.8545,-0.1635
train,1989-09-07,7.048,6.9977,-0.0503
train,1989-09-08,8.648,8.6378,-0.0102
train,1989-09-09,7.198,7.4108,0.2128
train,1989-09-10,9.598,9.56,-0.038
train,1989-09-11,6.746,6.7868,0.0408
train,1989-09-12,6.64,6.7203,0.0803
train,1989-09-13,7.798,7.7278,-0.0702
train,1989-09-14,6.47,6.4972,0.0272
train,1989-09-15,7.228,7.2449,0.0169
train,1989-09-16,7.802,7.8886,0.0866
train,1989-09-17,7.92,8.1973,0.2773
train,1989-09-18,7.428,7.4959,0.0679
train,1989-09-19,6.918,7.0274,0.1094
train,1989-09-20,6.338,6.4277,0.0897
train,1989-09-21,8.454,8.4569,0.0029
train,1989-09-22,6.744,6.7033,-0.0407
train,1989-09-23,6.938,6.9811,0.0431
train,1989-09-24,6.968,6.951,-0.017
train,1989-09-25,6.758,6.861,0.103
train,1989-09-26,7.138,7.2155,0.0775
train,1989-09-27,6.51,6.506,-0.004
train,1989-09-28,6.44,6.4521,0.0121
train,1989-09-29,7.65,7.8172,0.1672
train,1989-09-30,8.868,8.8488,-0.0192
train,1989-10-01,9.888,10.3622,0.4742
train,1989-10-02,7.248,7.3718,0.1238
train,1989-10-03,6.418,6.5278,0.1098
train,1989-10-04,7.958,8.4774,0.5194
train,1989-10-05,9.068,8.8703,-0.1977
train,1989-10-06,7.318,7.2423,-0.0757
train,1989-10-07,6.376,6.4101,0.0341
train,1989-10-08,6.802,6.8107,0.0087
train,1989-10-09,7.352,7.1041,-0.2479
train,1989-10-10,7.874,7.6391,-0.2349
train,1989-10-11,7.358,7.5707,0.2127
train,1989-10-12,6.884,6.8188,-0.0652
train,1989-10-13,6.998,7.0343,0.0363
train,1989-10-14,7.958,8.0372,0.0792
train,1989-10-15,9.708,9.3493,-0.3587
train,1989-10-16,6.43,6.4672,0.0372
train,1989-10-17,7.418,7.166,-0.252
train,1989-10-18,6.658,6.6452,-0.0128
train,1989-10-19,6.774,6.588,-0.186
train,1989-10-20,6.948,6.9517,0.0037
train,1989-10-21,6.476,6.3393,-0.1367
train,1989-10-22,8.698,8.104,-0.594
train,1989-10-23,8.688,9.1099,0.4219
train,1989-10-24,7.988,8.2264,0.2384
train,1989-10-25,7.918,7.849,-0.069
train,1989-10-26,7.118,7.1403,0.0223
train,1989-10-27,7.372,7.5031,0.1311
train,1989-10-28,7.158,7.1765,0.0185
train,1989-10-29,7.646,7.7687,0.1227
train,1989-10-30,6.938,7.0246,0.0866
train,1989-10-31,6.888,6.8541,-0.0339
train,1989-11-01,6.406,6.3392,-0.0668
train,1989-11-02,7.498,7.6219,0.1239
train,1989-11-03,6.352,6.369,0.017
train,1989-11-04,8.112,8.6292,0.5172
train,1989-11-05,6.832,6.9457,0.1137
train,1989-11-06,8.498,8.5362,0.0382
train,1989-11-07,6.284,6.2905,0.0065
train,1989-11-08,8.838,8.9615,0.1235
train,1989-11-09,7.856,7.9869,0.1309
train,1989-11-10,7.588,7.7892,0.2012
train,1989-11-11,8.988,9.2389,0.2509
train,1989-11-12,7.798,8.3095,0.5115
train,1989-11-13,7.938,8.214,0.276
train,1989-11-14,7.898,8.0501,0.1521
train,1989-11-15,5.79,5.814,0.024
train,1989-11-16,7.988,8.053,0.065
train,1989-11-17,7.658,7.804,0.146
train,1989-11-18,7.972,7.4807,-0.4913
train,1989-11-19,7.262,7.3204,0.0584
train,1989-11-20,6.734,6.9113,0.1773
train,1989-11-21,8.478,8.2939,-0.1841
train,1989-11-22,6.988,6.9385,-0.0495
train,1989-11-23,7.55,7.1858,-0.3642
train,1989-11-24,6.18,6.1157,-0.0643
train,1989-11-25,7.748,7.784,0.036
train,1989-11-26,8.078,8.0644,-0.0136
train,1989-11-27,11.368,10.8042,-0.5638
train,1989-11-28,6.618,6.6378,0.0198
train,1989-11-29,6.478,6.5686,0.0906
train,1989-11-30,7.708,7.6877,-0.0203
train,1989-12-01,7.688,7.6389,-0.0491
train,1989-12-02,8.348,8.3373,-0.0107
train,1989-12-03,8.348,8.2435,-0.1045
train,1989-12-04,8.364,8.5696,0.2056
train,1989-12-05,7.078,7.0767,-0.0013
train,1989-12-06,6.518,6.4463,-0.0717
train,1989-12-07,7.228,7.3786,0.1506
train,1989-12-08,8.558,8.5828,0.0248
train,1989-12-09,6.684,6.6639,-0.0201
train,1989-12-10,6.298,6.3563,0.0583
train,1989-12-11,6.862,6.9013,0.0393
train,1989-12-12,7.008,7.0253,0.0173
train,1989-12-13,6.238,6.2358,-0.0022
train,1989-12-14,6.414,6.4273,0.0133
train,1989-12-15,5.92,5.9478,0.0278
train,1989-12-16,8.004,7.1781,-0.8259
train,1989-12-17,6.548,6.6175,0.0695
train,1989-12-18,6.958,6.9575,-0.0005
train,1989-12-19,8.008,7.9967,-0.0113
train,1989-12-20,9.948,9.7341,-0.2139
train,1989-12-21,7.428,7.5026,0.0746
train,1989-12-22,7.108,7.0745,-0.0335
train,1989-12-23,6.828,6.8443,0.0163
train,1989-12-24,9.148,9.3407,0.1927
train,1989-12-25,7.23,7.4722,0.2422
train,1989-12-26,7.268,7.2793,0.0113
train,1989-12-27,6.358,6.3673,0.0093
train,1989-12-28,6.728,6.6956,-0.0324
train,1989-12-29,8.648,8.998,0.35
train,1989-12-30,6.134,6.1112,-0.0228
train,1989-12-31,6.124,6.2085,0.0845
train,1990-01-01,6.768,6.6258,-0.1422
train,1990-01-02,9.078,7.5831,-1.4949
train,1990-01-03,7.438,8.1513,0.7133
train,1990-01-04,6.728,6.9091,0.1811
train,1990-01-05,6.918,6.6405,-0.2775
train,1990-01-06,6.72,6.8111,0.0911
train,1990-01-07,7.27,7.4382,0.1682
train,1990-01-08,6.184,6.1726,-0.0114
train,1990-01-09,8.248,8.3305,0.0825
train,1990-01-10,7.328,7.333,0.005
train,1990-01-11,7.078,7.1031,0.0251
train,1990-01-12,7.38,7.5173,0.1373
train,1990-01-13,6.964,7.2394,0.2754
train,1990-01-14,8.29,8.3277,0.0377
train,1990-01-15,7.018,7.194,0.176
train,1990-01-16,7.258,7.1761,-0.0819
train,1990-01-17,6.492,6.4888,-0.0032
train,1990-01-18,7.068,7.0858,0.0178
train,1990-01-19,7.378,7.687,0.309
train,1990-01-20,6.34,6.2922,-0.0478
train,1990-01-21,6.908,6.9017,-0.0063
train,1990-01-22,6.828,6.8731,0.0451
train,1990-01-23,8.318,7.5965,-0.7215
train,1990-01-24,6.958,6.8745,-0.0835
train,1990-01-25,6.938,6.8941,-0.0439
train,1990-01-26,6.258,6.2536,-0.0044
train,1990-01-27,6.858,6.9124,0.0544
train,1990-01-28,8.258,8.0774,-0.1806
train,1990-01-29,8.528,8.5275,-0.0005
train,1990-01-30,6.948,6.953,0.005
train,1990-01-31,6.57,6.7132,0.1432
train,1990-02-01,6.578,6.4148,-0.1632
train,1990-02-02,7.978,7.923,-0.055
train,1990-02-03,9.018,9.1801,0.1621
train,1990-02-04,7.708,7.7439,0.0359
train,1990-02-05,7.088,7.0662,-0.0218
train,1990-02-06,6.278,6.3643,0.0863
train,1990-02-07,7.058,7.0676,0.0096
train,1990-02-08,6.44,6.4818,0.0418
train,1990-02-09,6.378,6.3661,-0.0119
train,1990-02-10,8.088,7.9853,-0.1027
train,1990-02-11,7.978,7.9903,0.0123
train,1990-02-12,6.028,6.1369,0.1089
train,1990-02-13,8.852,8.9788,0.1268
train,1990-02-14,7.088,7.08,-0.008
train,1990-02-15,6.328,6.7112,0.3832
train,1990-02-16,7.008,7.0021,-0.0059
train,1990-02-17,7.128,7.1993,0.0713
train,1990-02-18,7.648,7.6663,0.0183
train,1990-02-19,9.248,9.1699,-0.0781
train,1990-02-20,8.38,8.4273,0.0473
train,1990-02-21,6.358,6.3373,-0.0207
train,1990-02-22,7.398,7.3789,-0.0191
train,1990-02-23,6.124,6.2011,0.0771
train,1990-02-24,8.308,7.9238,-0.3842
train,1990-02-25,8.288,8.1224,-0.1656
train,1990-02-26,8.338,8.3677,0.0297
train,1990-02-27,7.248,7.3188,0.0708
train,1990-02-28,6.558,6.2858,-0.2722
train,1990-03-01,6.75,6.7899,0.0399
train,1990-03-02,9.392,8.2202,-1.1718
train,1990-03-03,8.938,8.8156,-0.1224
train,1990-03-04,8.318,8.246,-0.072
train,1990-03-05,6.71,6.7236,0.0136
train,1990-03-06,7.248,7.2914,0.0434
train,1990-03-07,7.004,7.028,0.024
train,1990-03-08,7.758,7.7744,0.0164
train,1990-03-09,7.428,7.2728,-0.1552
train,1990-03-10,6.868,6.8668,-0.0012
train,1990-03-11,6.708,6.6827,-0.0253
train,1990-03-12,6.856,6.7296,-0.1264
train,1990-03-13,6.378,6.4013,0.0233
train,1990-03-14,9.748,9.7161,-0.0319
train,1990-03-15,7.018,7.0635,0.0455
train,1990-03-16,7.318,7.2871,-0.0309
train,1990-03-17,6.958,6.967,0.009
train,1990-03-18,7.138,7.1372,-0.0008
train,1990-03-19,6.788,6.7851,-0.0029
train,1990-03-20,7.058,6.9489,-0.1091
train,1990-03-21,7.282,7.5133,0.2313
train,1990-03-22,6.958,6.9689,0.0109
train,1990-03-23,7.028,7.0126,-0.0154
train,1990-03-24,8.448,8.1645,-0.2835
train,1990-03-25,6.994,6.8359,-0.1581
train,1990-03-26,9.084,8.8122,-0.2718
train,1990-03-27,7.176,7.1794,0.0034
train,1990-03-28,7.186,7.2332,0.0472
train,1990-03-29,7.238,7.1395,-0.0985
train,1990-03-30,6.848,6.9332,0.0852
train,1990-03-31,8.118,8.1911,0.0731
train,1990-04-01,6.808,6.882,0.074
train,1990-04-02,9.092,8.6005,-0.4915
train,1990-04-03,7.398,7.5461,0.1481
train,1990-04-04,9.198,8.2707,-0.9273
train,1990-04-05,7.268,7.2394,-0.0286
train,1990-04-06,6.728,6.6962,-0.0318
train,1990-04-07,6.626,6.6005,-0.0255
train,1990-04-08,6.87,6.9805,0.1105
train,1990-04-09,7.578,7.9337,0.3557
train,1990-04-10,7.3,7.353,0.053
train,1990-04-11,6.874,6.928,0.054
train,1990-04-12,7.028,7.0308,0.0028
train,1990-04-13,7.168,7.0608,-0.1072
train,1990-04-14,8.348,8.6966,0.3486
train,1990-04-15,6.718,6.7748,0.0568
train,1990-04-16,6.954,6.9774,0.0234
train,1990-04-17,6.488,6.5543,0.0663
train,1990-04-18,7.448,7.4695,0.0215
train,1990-04-19,7.118,7.2159,0.0979
train,1990-04-20,8.726,8.8271,0.1011
train,1990-04-21,6.58,6.646,0.066
train,1990-04-22,7.038,7.1541,0.1161
train,1990-04-23,10.544,8.6732,-1.8708
train,1990-04-24,6.918,6.9084,-0.0096
train,1990-04-25,8.808,8.6837,-0.1243
train,1990-04-26,9.508,9.7977,0.2897
train,1990-04-27,8.888,8.2144,-0.6736
train,1990-04-28,8.648,8.1813,-0.4667
train,1990-04-29,7.428,7.3869,-0.0411
train,1990-04-30,6.438,6.4243,-0.0137
train,1990-05-01,7.926,7.9955,0.0695
train,1990-05-02,6.758,6.6611,-0.0969
train,1990-05-03,7.958,8.1196,0.1616
train,1990-05-04,7.348,7.3496,0.0016
train,1990-05-05,5.952,6.2232,0.2712
train,1990-05-06,7.008,7.1525,0.1445
train,1990-05-07,8.086,8.1242,0.0382
train,1990-05-08,6.98,7.1041,0.1241
train,1990-05-09,6.328,6.3391,0.0111
train,1990-05-10,6.978,7.1362,0.1582
train,1990-05-11,7.078,7.1162,0.0382
train,1990-05-12,7.388,7.3163,-0.0717
train,1990-05-13,7.088,7.5114,0.4234
train,1990-05-14,6.808,6.7839,-0.0241
train,1990-05-15,7.158,7.1244,-0.0336
train,1990-05-16,6.542,6.5291,-0.0129
train,1990-05-17,8.388,8.2921,-0.0959
train,1990-05-18,6.136,6.2863,0.1503
train,1990-05-19,6.868,6.8993,0.0313
train,1990-05-20,7.028,7.0102,-0.0178
train,1990-05-21,6.688,6.6408,-0.0472
train,1990-05-22,10.058,10.2436,0.1856
train,1990-05-23,8.99,8.4599,-0.5301
train,1990-05-24,7.448,7.4662,0.0182
train,1990-05-25,6.928,6.9294,0.0014
train,1990-05-26,7.438,7.6143,0.1763
train,1990-05-27,7.326,7.3421,0.0161
train,1990-05-28,7.138,7.1813,0.0433
train,1990-05-29,7.308,7.3594,0.0514
train,1990-05-30,6.788,6.7736,-0.0144
train,1990-05-31,7.468,7.4489,-0.0191
train,1990-06-01,7.258,7.3306,0.0726
train,1990-06-02,7.1,7.0917,-0.0083
train,1990-06-03,6.684,6.7144,0.0304
train,1990-06-04,7.088,7.0847,-0.0033
train,1990-06-05,7.468,7.7276,0.2596
train,1990-06-06,11.228,11.0399,-0.1881
train,1990-06-07,6.404,6.5289,0.1249
train,1990-06-08,6.264,6.3934,0.1294
train,1990-06-09,6.698,6.629,-0.069
train,1990-06-10,7.294,7.3572,0.0632
train,1990-06-11,7.058,7.0804,0.0224
train,1990-06-12,6.62,6.6042,-0.0158
train,1990-06-13,6.868,6.8899,0.0219
train,1990-06-14,8.802,8.7725,-0.0295
train,1990-06-15,8.508,8.666,0.158
train,1990-06-16,9.898,9.9401,0.0421
train,1990-06-17,7.398,7.4166,0.0186
train,1990-06-18,6.242,6.2227,-0.0193
train,1990-06-19,6.978,7.0157,0.0377
train,1990-06-20,6.856,6.9869,0.1309
train,1990-06-21,6.246,6.2638,0.0178
train,1990-06-22,7.008,7.0286,0.0206
train,1990-06-23,7.718,7.7471,0.0291
train,1990-06-24,6.678,6.6372,-0.0408
train,1990-06-25,8.998,9.1563,0.1583
train,1990-06-26,6.998,7.0559,0.0579
train,1990-06-27,6.654,6.7032,0.0492
train,1990-06-28,7.388,7.3584,-0.0296
train,1990-06-29,7.098,7.1031,0.0051
train,1990-06-30,7.058,7.0584,0.0004
train,1990-07-01,7.008,7.0252,0.0172
train,1990-07-02,7.048,7.0558,0.0078
train,1990-07-03,5.712,5.8175,0.1055
train,1990-07-04,6.638,6.5363,-0.1017
train,1990-07-05,6.488,6.6406,0.1526
train,1990-07-06,8.098,8.0427,-0.0553
train,1990-07-07,6.528,6.5491,0.0211
train,1990-07-08,6.938,6.9662,0.0282
train,1990-07-09,8.418,8.6352,0.2172
train,1990-07-10,6.888,6.818,-0.07
train,1990-07-11,6.978,6.8828,-0.0952
train,1990-07-12,10.85,10.8903,0.0403
train,1990-07-13,6.898,6.8704,-0.0276
train,1990-07-14,6.608,6.9488,0.3408
train,1990-07-15,6.848,6.8923,0.0443
train,1990-07-16,7.338,7.349,0.011
train,1990-07-17,6.88,6.975,0.095
train,1990-07-18,10.168,10.2371,0.0691
train,1990-07-19,7.268,7.3307,0.0627
train,1990-07-20,6.826,6.9157,0.0897
train,1990-07-21,8.208,8.3396,0.1316
train,1990-07-22,10.988,11.3553,0.3673
train,1990-07-23,7.138,7.1589,0.0209
train,1990-07-24,6.928,6.865,-0.063
train,1990-07-25,8.718,8.832,0.114
train,1990-07-26,8.298,7.2764,-1.0216
train,1990-07-27,6.24,6.1912,-0.0488
train,1990-07-28,8.558,9.1354,0.5774
train,1990-07-29,7.448,7.4524,0.0044
train,1990-07-30,6.908,6.91,0.002
train,1990-07-31,9.086,7.9845,-1.1015
train,1990-08-01,10.558,10.3203,-0.2377
train,1990-08-02,6.958,6.9277,-0.0303
train,1990-08-03,7.898,7.8016,-0.0964
train,1990-08-04,6.428,6.5649,0.1369
train,1990-08-05,7.286,7.3163,0.0303
train,1990-08-06,6.956,7.1062,0.1502
train,1990-08-07,8.274,7.4999,-0.7741
train,1990-08-08,6.916,6.7894,-0.1266
train,1990-08-09,6.75,6.6934,-0.0566
train,1990-08-10,6.858,6.8431,-0.0149
train,1990-08-11,7.448,7.4323,-0.0157
train,1990-08-12,6.414,6.4622,0.0482
train,1990-08-13,7.546,7.3463,-0.1997
train,1990-08-14,7.178,7.1125,-0.0655
train,1990-08-15,6.54,6.53,-0.01
train,1990-08-16,7.118,7.2443,0.1263
train,1990-08-17,6.648,6.4206,-0.2274
train,1990-08-18,7.078,7.0585,-0.0195
train,1990-08-19,7.068,7.0652,-0.0028
train,1990-08-20,8.372,8.5465,0.1745
train,1990-08-21,6.988,7.0395,0.0515
train,1990-08-22,8.608,8.4754,-0.1326
train,1990-08-23,8.378,8.2796,-0.0984
train,1990-08-24,7.498,7.5325,0.0345
train,1990-08-25,7.538,7.4584,-0.0796
train,1990-08-26,7.908,8.0166,0.1086
train,1990-08-27,7.148,7.2735,0.1255
train,1990-08-28,6.944,7.063,0.119
train,1990-08-29,5.628,5.841,0.213
train,1990-08-30,9.408,8.8895,-0.5185
train,1990-08-31,7.28,7.3079,0.0279
train,1990-09-01,9.028,9.308,0.28
train,1990-09-02,7.268,7.2041,-0.0639
train,1990-09-03,6.988,7.0264,0.0384
train,1990-09-04,8.258,8.2024,-0.0556
train,1990-09-05,7.198,7.1967,-0.0013
train,1990-09-06,7.946,8.0727,0.1267
train,1990-09-07,6.73,6.7228,-0.0072
train,1990-09-08,7.49,7.5289,0.0389
train,1990-09-09,6.888,6.8426,-0.0454
train,1990-09-10,8.234,7.3977,-0.8363
train,1990-09-11,6.218,6.2542,0.0362
train,1990-09-12,8.738,8.7402,0.0022
train,1990-09-13,6.298,6.2489,-0.0491
train,1990-09-14,7.468,7.5099,0.0419
train,1990-09-15,6.67,6.6589,-0.0111
train,1990-09-16,8.868,8.6631,-0.2049
train,1990-09-17,7.38,7.5854,0.2054
train,1990-09-18,7.228,7.5456,0.3176
train,1990-09-19,7.118,7.1283,0.0103
train,1990-09-20,9.938,9.8626,-0.0754
train,1990-09-21,7.618,7.8196,0.2016
train,1990-09-22,6.838,6.8324,-0.0056
train,1990-09-23,7.428,7.4258,-0.0022
train,1990-09-24,6.908,6.9358,0.0278
train,1990-09-25,6.25,6.3123,0.0623
train,1990-09-26,6.478,6.7667,0.2887
train,1990-09-27,6.93,7.1116,0.1816
train,1990-09-28,7.538,7.5255,-0.0125
train,1990-09-29,7.406,7.6734,0.2674
train,1990-09-30,6.03,6.1436,0.1136
train,1990-10-01,10.586,9.5824,-1.0036
train,1990-10-02,6.358,6.3065,-0.0515
train,1990-10-03,7.058,7.0918,0.0338
train,1990-10-04,6.362,6.306,-0.056
train,1990-10-05,7.496,7.6057,0.1097
train,1990-10-06,9.378,9.4604,0.0824
train,1990-10-07,7.258,7.2666,0.0086
train,1990-10-08,7.26,7.5598,0.2998
train,1990-10-09,8.028,8.0548,0.0268
train,1990-10-10,6.968,6.9172,-0.0508
train,1990-10-11,8.388,8.4618,0.0738
train,1990-10-12,8.438,7.7379,-0.7001
train,1990-10-13,6.928,6.9545,0.0265
train,1990-10-14,6.988,7.2504,0.2624
train,1990-10-15,6.928,6.8987,-0.0293
train,1990-10-16,8.654,8.6593,0.0053
train,1990-10-17,7.868,6.8589,-1.0091
train,1990-10-18,8.3,8.2626,-0.0374
train,1990-10-19,6.39,6.4126,0.0226
train,1990-10-20,6.88,7.0535,0.1735
train,1990-10-21,6.32,6.3621,0.0421
train,1990-10-22,6.508,6.4807,-0.0273
train,1990-10-23,6.99,6.8012,-0.1888
train,1990-10-24,6.898,6.7334,-0.1646
train,1990-10-25,6.298,6.269,-0.029
train,1990-10-26,6.85,6.8174,-0.0326
train,1990-10-27,8.126,8.2466,0.1206
train,1990-10-28,7.048,7.0657,0.0177
train,1990-10-29,6.536,6.5055,-0.0305
train,1990-10-30,5.95,5.891,-0.059
train,1990-10-31,9.25,9.0671,-0.1829
train,1990-11-01,6.698,6.769,0.071
train,1990-11-02,6.658,6.616,-0.042
train,1990-11-03,7.228,7.2436,0.0156
train,1990-11-04,6.458,6.544,0.086
train,1990-11-05,6.978,6.922,-0.056
train,1990-11-06,6.462,6.3996,-0.0624
train,1990-11-07,7.158,7.8083,0.6503
train,1990-11-08,8.348,8.4696,0.1216
train,1990-11-09,7.138,7.123,-0.015
train,1990-11-10,6.434,6.4795,0.0455
train,1990-11-11,6.958,6.903,-0.055
train,1990-11-12,6.702,6.4316,-0.2704
train,1990-11-13,7.178,7.2008,0.0228
train,1990-11-14,6.858,6.8357,-0.0223
train,1990-11-15,7.098,7.1512,0.0532
train,1990-11-16,8.508,9.0922,0.5842
train,1990-11-17,6.532,6.5357,0.0037
train,1990-11-18,7.608,7.5826,-0.0254
train,1990-11-19,6.422,6.4299,0.0079
train,1990-11-20,7.526,6.5329,-0.9931
train,1990-11-21,6.078,6.2418,0.1638
train,1990-11-22,6.212,6.2697,0.0577
train,1990-11-23,6.558,6.5145,-0.0435
train,1990-11-24,7.208,7.3387,0.1307
train,1990-11-25,7.608,7.4594,-0.1486
train,1990-11-26,7.008,7.0144,0.0064
train,1990-11-27,7.488,7.6079,0.1199
train,1990-11-28,6.668,6.7037,0.0357
train,1990-11-29,7.438,7.4252,-0.0128
train,1990-11-30,8.298,8.3133,0.0153
train,1990-12-01,7.148,7.1102,-0.0378
train,1990-12-02,6.998,7.0581,0.0601
train,1990-12-03,7.758,7.7749,0.0169
train,1990-12-04,7.978,8.1446,0.1666
train,1990-12-05,7.178,7.1865,0.0085
train,1990-12-06,6.958,6.9302,-0.0278
train,1990-12-07,7.516,7.5785,0.0625
train,1990-12-08,7.278,7.6235,0.3455
train,1990-12-09,8.758,8.6989,-0.0591
train,1990-12-10,5.708,5.8271,0.1191
train,1990-12-11,6.53,6.6786,0.1486
train,1990-12-12,5.948,6.0155,0.0675
train,1990-12-13,7.374,7.5472,0.1732
train,1990-12-14,6.374,6.3789,0.0049
train,1990-12-15,8.84,8.6672,-0.1728
train,1990-12-16,6.388,6.2,-0.188
train,1990-12-17,6.652,6.6508,-0.0012
train,1990-12-18,7.87,7.7135,-0.1565
train,1990-12-19,7.498,7.4753,-0.0227
train,1990-12-20,10.25,10.2371,-0.0129
train,1990-12-21,6.518,6.4455,-0.0725
train,1990-12-22,8.128,8.2812,0.1532
train,1990-12-23,6.734,6.6549,-0.0791
train,1990-12-24,6.918,6.9557,0.0377
train,1990-12-25,6.518,6.5551,0.0371
train,1990-12-26,6.938,6.9686,0.0306
train,1990-12-27,6.862,6.8858,0.0238
train,1990-12-28,6.964,6.9756,0.0116
train,1990-12-29,6.684,6.6474,-0.0366
train,1990-12-30,8.224,8.3377,0.1137
train,1990-12-31,6.738,6.6441,-0.0939
train,1991-01-01,8.528,8.7183,0.1903
train,1991-01-02,7.708,8.1685,0.4605
train,1991-01-03,8.198,8.3205,0.1225
train,1991-01-04,6.748,6.748,-0.0
train,1991-01-05,8.136,8.0366,-0.0994
train,1991-01-06,7.128,7.0871,-0.0409
train,1991-01-07,7.418,7.3832,-0.0348
train,1991-01-08,8.956,9.5993,0.6433
train,1991-01-09,6.948,6.9666,0.0186
train,1991-01-10,9.448,8.9182,-0.5298
train,1991-01-11,9.348,9.4523,0.1043
train,1991-01-12,6.958,7.0855,0.1275
train,1991-01-13,6.608,6.5896,-0.0184
train,1991-01-14,7.678,8.1663,0.4883
train,1991-01-15,8.228,8.5268,0.2988
train,1991-01-16,6.646,6.6208,-0.0252
train,1991-01-17,7.024,7.085,0.061
train,1991-01-18,6.758,6.8025,0.0445
train,1991-01-19,6.33,6.1728,-0.1572
train,1991-01-20,6.998,7.0895,0.0915
train,1991-01-21,7.218,7.3801,0.1621
train,1991-01-22,7.008,7.0941,0.0861
train,1991-01-23,7.248,7.5617,0.3137
train,1991-01-24,6.266,6.3146,0.0486
train,1991-01-25,6.368,6.2696,-0.0984
train,1991-01-26,6.68,6.7602,0.0802
train,1991-01-27,7.058,7.0456,-0.0124
train,1991-01-28,8.478,8.4308,-0.0472
train,1991-01-29,7.048,7.095,0.047
train,1991-01-30,6.888,6.8222,-0.0658
train,1991-01-31,6.968,7.0743,0.1063
train,1991-02-01,7.31,7.1657,-0.1443
train,1991-02-02,6.788,6.6118,-0.1762
train,1991-02-03,6.938,6.9379,-0.0001
train,1991-02-04,6.752,6.8346,0.0826
train,1991-02-05,6.978,6.9957,0.0177
train,1991-02-06,8.938,8.7328,-0.2052
train,1991-02-07,7.428,7.4476,0.0196
train,1991-02-08,6.588,6.5997,0.0117
train,1991-02-09,7.248,7.3118,0.0638
train,1991-02-10,7.728,7.7413,0.0133
train,1991-02-11,7.008,7.0041,-0.0039
train,1991-02-12,9.312,8.9296,-0.3824
train,1991-02-13,6.478,6.4618,-0.0162
train,1991-02-14,7.388,7.3855,-0.0025
train,1991-02-15,7.348,7.3504,0.0024
train,1991-02-16,7.418,7.4366,0.0186
train,1991-02-17,6.228,6.2414,0.0134
train,1991-02-18,6.958,6.9841,0.0261
train,1991-02-19,8.188,7.9969,-0.1911
train,1991-02-20,8.938,8.7311,-0.2069
train,1991-02-21,8.588,8.693,0.105
train,1991-02-22,7.114,7.2948,0.1808
train,1991-02-23,6.948,6.9505,0.0025
train,1991-02-24,6.918,6.9009,-0.0171
train,1991-02-25,6.878,6.919,0.041
train,1991-02-26,7.438,7.4547,0.0167
train,1991-02-27,6.546,6.5206,-0.0254
train,1991-02-28,7.308,7.3371,0.0291
train,1991-03-01,11.288,10.9159,-0.3721
train,1991-03-02,7.018,7.0158,-0.0022
train,1991-03-03,7.408,7.3842,-0.0238
train,1991-03-04,9.164,9.3402,0.1762
train,1991-03-05,7.108,7.0495,-0.0585
train,1991-03-06,7.558,7.5214,-0.0366
train,1991-03-07,6.958,6.9605,0.0025
train,1991-03-08,6.364,6.378,0.014
train,1991-03-09,6.71,6.7867,0.0767
train,1991-03-10,6.728,6.6719,-0.0561
train,1991-03-11,7.148,7.138,-0.01
train,1991-03-12,6.742,6.7172,-0.0248
train,1991-03-13,6.22,6.2588,0.0388
train,1991-03-14,6.998,7.0013,0.0033
train,1991-03-15,6.668,6.6764,0.0084
train,1991-03-16,7.288,7.294,0.006
train,1991-03-17,6.48,6.4303,-0.0497
train,1991-03-18,6.512,6.505,-0.007
train,1991-03-19,6.668,6.7146,0.0466
train,1991-03-20,7.606,7.9601,0.3541
train,1991-03-21,9.408,9.5231,0.1151
train,1991-03-22,8.998,8.6466,-0.3514
train,1991-03-23,7.588,7.6147,0.0267
train,1991-03-24,7.77,7.884,0.114
train,1991-03-25,6.01,5.987,-0.023
train,1991-03-26,6.572,6.554,-0.018
train,1991-03-27,8.748,7.7329,-1.0151
train,1991-03-28,6.638,6.5174,-0.1206
train,1991-03-29,7.608,7.6727,0.0647
train,1991-03-30,6.726,6.7089,-0.0171
train,1991-03-31,7.338,7.0216,-0.3164
train,1991-04-01,8.308,8.1378,-0.1702
train,1991-04-02,8.578,8.3526,-0.2254
train,1991-04-03,6.358,6.3807,0.0227
train,1991-04-04,9.058,8.8969,-0.1611
train,1991-04-05,6.96,6.871,-0.089
train,1991-04-06,7.62,7.7214,0.1014
train,1991-04-07,7.898,7.8073,-0.0907
train,1991-04-08,6.59,6.5025,-0.0875
train,1991-04-09,9.708,9.7549,0.0469
train,1991-04-10,6.95,6.8881,-0.0619
train,1991-04-11,10.088,8.749,-1.339
train,1991-04-12,8.458,8.288,-0.17
train,1991-04-13,7.038,7.0484,0.0104
train,1991-04-14,6.664,6.2319,-0.4321
train,1991-04-15,7.008,6.9749,-0.0331
train,1991-04-16,6.758,6.5153,-0.2427
train,1991-04-17,6.45,6.5842,0.1342
train,1991-04-18,6.424,6.4915,0.0675
train,1991-04-19,6.708,6.6544,-0.0536
train,1991-04-20,9.218,8.994,-0.224
train,1991-04-21,6.37,6.3916,0.0216
train,1991-04-22,7.67,7.5227,-0.1473
train,1991-04-23,8.328,8.5368,0.2088
train,1991-04-24,6.696,6.5133,-0.1827
train,1991-04-25,6.868,6.8568,-0.0112
train,1991-04-26,8.776,8.4232,-0.3528
train,1991-04-27,7.504,7.7489,0.2449
train,1991-04-28,7.094,7.134,0.04
train,1991-04-29,7.568,7.5966,0.0286
train,1991-04-30,7.888,7.8645,-0.0235
train,1991-05-01,7.088,7.0996,0.0116
train,1991-05-02,6.928,6.9896,0.0616
train,1991-05-03,7.168,7.2012,0.0332
train,1991-05-04,9.448,9.326,-0.122
train,1991-05-05,7.148,7.1659,0.0179
train,1991-05-06,6.648,6.8013,0.1533
train,1991-05-07,7.868,7.9439,0.0759
train,1991-05-08,6.716,6.6704,-0.0456
train,1991-05-09,7.108,7.1468,0.0388
train,1991-05-10,7.398,7.4312,0.0332
train,1991-05-11,6.988,6.4639,-0.5241
train,1991-05-12,6.514,6.5121,-0.0019
train,1991-05-13,7.268,7.2337,-0.0343
train,1991-05-14,6.896,6.9566,0.0606
train,1991-05-15,7.088,7.1247,0.0367
train,1991-05-16,7.488,7.521,0.033
train,1991-05-17,6.286,6.3077,0.0217
train,1991-05-18,6.608,6.8269,0.2189
train,1991-05-19,8.228,7.8872,-0.3408
train,1991-05-20,7.508,7.4082,-0.0998
train,1991-05-21,8.038,8.5509,0.5129
train,1991-05-22,6.758,6.5988,-0.1592
train,1991-05-23,6.58,6.7081,0.1281
train,1991-05-24,8.018,8.2821,0.2641
train,1991-05-25,7.676,7.3479,-0.3281
train,1991-05-26,7.542,7.5284,-0.0136
train,1991-05-27,7.188,7.1273,-0.0607
train,1991-05-28,7.068,7.1105,0.0425
train,1991-05-29,7.678,7.6361,-0.0419
train,1991-05-30,7.008,7.0032,-0.0048
train,1991-05-31,7.058,7.046,-0.012
train,1991-06-01,7.422,7.3399,-0.0821
train,1991-06-02,7.118,7.1487,0.0307
train,1991-06-03,6.298,6.2796,-0.0184
train,1991-06-04,7.118,7.1051,-0.0129
train,1991-06-05,7.578,7.6556,0.0776
train,1991-06-06,7.932,7.4206,-0.5114
train,1991-06-07,7.248,7.241,-0.007
train,1991-06-08,7.298,7.3442,0.0462
train,1991-06-09,7.198,7.1979,-0.0001
train,1991-06-10,6.27,6.244,-0.026
train,1991-06-11,6.508,6.5342,0.0262
train,1991-06-12,6.828,6.8731,0.0451
train,1991-06-13,6.644,6.6276,-0.0164
train,1991-06-14,6.478,6.4111,-0.0669
train,1991-06-15,7.028,7.1222,0.0942
train,1991-06-16,7.068,6.9267,-0.1413
train,1991-06-17,7.818,7.5676,-0.2504
train,1991-06-18,8.042,7.9673,-0.0747
train,1991-06-19,6.698,6.8495,0.1515
train,1991-06-20,8.842,8.2681,-0.5739
train,1991-06-21,7.328,7.3312,0.0032
train,1991-06-22,7.148,7.18,0.032
train,1991-06-23,6.218,6.0363,-0.1817
train,1991-06-24,7.442,7.5544,0.1124
train,1991-06-25,7.078,7.4338,0.3558
train,1991-06-26,6.488,6.5078,0.0198
train,1991-06-27,7.168,7.2216,0.0536
train,1991-06-28,10.948,11.0872,0.1392
train,1991-06-29,6.828,7.0218,0.1938
train,1991-06-30,6.288,6.2378,-0.0502
train,1991-07-01,7.508,7.6809,0.1729
train,1991-07-02,5.906,5.8167,-0.0893
train,1991-07-03,8.344,8.4072,0.0632
train,1991-07-04,9.808,9.7085,-0.0995
train,1991-07-05,6.778,6.7997,0.0217
train,1991-07-06,8.816,8.6423,-0.1737
train,1991-07-07,9.34,9.724,0.384
train,1991-07-08,8.384,8.427,0.043
train,1991-07-09,7.198,7.7079,0.5099
train,1991-07-10,8.278,8.0537,-0.2243
train,1991-07-11,6.778,6.7298,-0.0482
train,1991-07-12,7.64,7.795,0.155
train,1991-07-13,7.058,7.2476,0.1896
train,1991-07-14,7.202,7.195,-0.007
train,1991-07-15,7.178,7.3408,0.1628
train,1991-07-16,6.858,6.8647,0.0067
train,1991-07-17,7.938,8.0798,0.1418
train,1991-07-18,8.176,8.2234,0.0474
train,1991-07-19,8.408,8.4893,0.0813
train,1991-07-20,12.238,12.2847,0.0467
train,1991-07-21,8.23,8.3571,0.1271
train,1991-07-22,7.498,7.5459,0.0479
train,1991-07-23,7.918,7.7349,-0.1831
train,1991-07-24,7.448,7.4582,0.0102
train,1991-07-25,8.806,9.2737,0.4677
train,1991-07-26,6.978,6.9588,-0.0192
train,1991-07-27,7.038,6.9356,-0.1024
train,1991-07-28,8.96,8.4811,-0.4789
train,1991-07-29,8.0,8.0807,0.0807
train,1991-07-30,9.778,9.6359,-0.1421
train,1991-07-31,9.498,9.4518,-0.0462
train,1991-08-01,6.998,6.9466,-0.0514
train,1991-08-02,7.128,7.1594,0.0314
train,1991-08-03,7.098,7.1416,0.0436
train,1991-08-04,7.298,7.3108,0.0128
train,1991-08-05,7.338,7.36,0.022
train,1991-08-06,7.308,7.2918,-0.0162
train,1991-08-07,6.388,6.3982,0.0102
train,1991-08-08,7.058,7.0211,-0.0369
train,1991-08-09,7.768,8.0417,0.2737
train,1991-08-10,6.64,6.5872,-0.0528
train,1991-08-11,7.018,6.9875,-0.0305
train,1991-08-12,7.088,7.083,-0.005
train,1991-08-13,10.408,9.7114,-0.6966
train,1991-08-14,9.07,9.3645,0.2945
train,1991-08-15,6.618,6.8152,0.1972
train,1991-08-16,6.804,6.8603,0.0563
train,1991-08-17,6.838,6.8857,0.0476
train,1991-08-18,7.336,7.3875,0.0515
train,1991-08-19,7.248,7.2576,0.0096
train,1991-08-20,6.868,6.8578,-0.0102
train,1991-08-21,7.648,7.6739,0.0259
train,1991-08-22,7.294,7.2553,-0.0387
train,1991-08-23,8.196,8.9497,0.7537
train,1991-08-24,7.108,7.1072,-0.0008
train,1991-08-25,6.378,6.3705,-0.0075
train,1991-08-26,6.644,6.7579,0.1139
train,1991-08-27,6.768,6.8191,0.0511
train,1991-08-28,8.998,8.9596,-0.0384
train,1991-08-29,8.918,8.5824,-0.3356
train,1991-08-30,8.818,8.6771,-0.1409
train,1991-08-31,6.704,6.6417,-0.0623
train,1991-09-01,7.048,6.9985,-0.0495
train,1991-09-02,6.582,6.7316,0.1496
train,1991-09-03,11.488,11.5476,0.0596
train,1991-09-04,6.828,6.8533,0.0253
train,1991-09-05,6.948,6.9688,0.0208
train,1991-09-06,8.248,8.2682,0.0202
train,1991-09-07,10.178,9.5167,-0.6613
train,1991-09-08,7.358,7.5225,0.1645
train,1991-09-09,7.588,7.4399,-0.1481
train,1991-09-10,6.978,6.9719,-0.0061
train,1991-09-11,6.392,6.3824,-0.0096
train,1991-09-12,6.466,6.7219,0.2559
train,1991-09-13,6.738,6.8971,0.1591
train,1991-09-14,7.008,6.9666,-0.0414
train,1991-09-15,6.55,6.5624,0.0124
train,1991-09-16,6.888,6.8117,-0.0763
train,1991-09-17,6.608,6.8131,0.2051
train,1991-09-18,7.018,6.9516,-0.0664
train,1991-09-19,9.058,8.5512,-0.5068
train,1991-09-20,6.408,6.397,-0.011
train,1991-09-21,8.148,8.3953,0.2473
train,1991-09-22,6.998,7.0275,0.0295
train,1991-09-23,7.068,6.9949,-0.0731
train,1991-09-24,6.506,6.5572,0.0512
train,1991-09-25,6.868,6.8786,0.0106
train,1991-09-26,7.978,8.0677,0.0897
train,1991-09-27,7.698,7.7513,0.0533
train,1991-09-28,7.128,7.1339,0.0059
train,1991-09-29,8.648,8.7377,0.0897
train,1991-09-30,9.388,8.8549,-0.5331
train,1991-10-01,6.948,6.9573,0.0093
train,1991-10-02,7.728,8.0326,0.3046
train,1991-10-03,6.456,6.196,-0.26
train,1991-10-04,7.108,7.1619,0.0539
train,1991-10-05,6.504,6.4963,-0.0077
train,1991-10-06,7.478,7.8702,0.3922
train,1991-10-07,8.008,8.1385,0.1305
train,1991-10-08,8.368,7.5817,-0.7863
train,1991-10-09,6.664,6.4183,-0.2457
train,1991-10-10,9.948,9.9747,0.0267
train,1991-10-11,6.698,6.827,0.129
train,1991-10-12,6.884,6.8922,0.0082
train,1991-10-13,6.448,6.4432,-0.0048
train,1991-10-14,6.938,6.889,-0.049
train,1991-10-15,6.918,6.9777,0.0597
train,1991-10-16,6.998,7.097,0.099
train,1991-10-17,6.588,6.5855,-0.0025
train,1991-10-18,9.278,8.606,-0.672
train,1991-10-19,6.866,6.8977,0.0317
train,1991-10-20,6.382,6.3824,0.0004
train,1991-10-21,6.958,6.995,0.037
train,1991-10-22,10.138,9.8214,-0.3166
train,1991-10-23,7.128,7.134,0.006
train,1991-10-24,7.548,7.5185,-0.0295
train,1991-10-25,6.93,6.9597,0.0297
train,1991-10-26,5.96,6.1652,0.2052
train,1991-10-27,7.238,7.1549,-0.0831
train,1991-10-28,8.398,8.3874,-0.0106
train,1991-10-29,7.988,8.0075,0.0195
train,1991-10-30,6.93,6.9104,-0.0196
train,1991-10-31,8.248,8.2302,-0.0178
train,1991-11-01,6.388,6.5774,0.1894
train,1991-11-02,6.548,6.5303,-0.0177
train,1991-11-03,5.6,5.7421,0.1421
train,1991-11-04,8.648,8.6638,0.0158
train,1991-11-05,7.658,7.6215,-0.0365
train,1991-11-06,6.848,6.8522,0.0042
train,1991-11-07,6.848,6.8408,-0.0072
train,1991-11-08,6.568,6.477,-0.091
train,1991-11-09,8.068,7.8945,-0.1735
train,1991-11-10,6.836,6.9851,0.1491
train,1991-11-11,8.938,8.9203,-0.0177
train,1991-11-12,8.698,8.7462,0.0482
train,1991-11-13,6.068,6.0544,-0.0136
train,1991-11-14,6.782,6.8742,0.0922
train,1991-11-15,6.978,6.988,0.01
train,1991-11-16,6.584,6.7234,0.1394
train,1991-11-17,6.648,6.9486,0.3006
train,1991-11-18,8.588,8.4868,-0.1012
train,1991-11-19,6.08,6.0759,-0.0041
train,1991-11-20,6.78,6.7796,-0.0004
train,1991-11-21,6.432,6.5166,0.0846
train,1991-11-22,11.844,11.1647,-0.6793
train,1991-11-23,6.998,6.9634,-0.0346
train,1991-11-24,8.168,8.1941,0.0261
train,1991-11-25,7.408,7.3674,-0.0406
train,1991-11-26,6.556,6.5257,-0.0303
train,1991-11-27,8.228,8.6005,0.3725
train,1991-11-28,6.444,6.6941,0.2501
train,1991-11-29,7.558,7.4981,-0.0599
train,1991-11-30,6.046,6.1353,0.0893
train,1991-12-01,8.788,9.0093,0.2213
train,1991-12-02,6.738,6.7921,0.0541
train,1991-12-03,8.478,8.3611,-0.1169
train,1991-12-04,9.578,8.9098,-0.6682
train,1991-12-05,7.138,7.1396,0.0016
train,1991-12-06,9.948,8.2351,-1.7129
train,1991-12-07,10.278,10.2383,-0.0397
train,1991-12-08,6.574,6.525,-0.049
train,1991-12-09,8.698,8.9125,0.2145
train,1991-12-10,6.868,6.7651,-0.1029
train,1991-12-11,6.364,6.372,0.008
train,1991-12-12,7.038,7.0746,0.0366
train,1991-12-13,6.424,6.4432,0.0192
train,1991-12-14,8.468,8.1754,-0.2926
train,1991-12-15,7.116,7.2062,0.0902
train,1991-12-16,6.838,7.0371,0.1991
train,1991-12-17,7.698,7.6738,-0.0242
train,1991-12-18,9.59,9.2425,-0.3475
train,1991-12-19,6.498,6.514,0.016
train,1991-12-20,8.928,8.8799,-0.0481
train,1991-12-21,6.268,6.2598,-0.0082
train,1991-12-22,8.258,8.1168,-0.1412
train,1991-12-23,7.118,6.8951,-0.2229
train,1991-12-24,8.178,8.0322,-0.1458
train,1991-12-25,7.688,7.647,-0.041
train,1991-12-26,7.068,7.1932,0.1252
train,1991-12-27,7.063,7.0866,0.0236
train,1991-12-28,10.592,10.7551,0.1631
train,1991-12-29,7.018,6.9912,-0.0268
train,1991-12-30,6.668,6.7106,0.0426
train,1991-12-31,6.508,6.559,0.051
train,1992-01-01,7.354,7.4948,0.1408
train,1992-01-02,7.168,7.1604,-0.0076
train,1992-01-03,7.218,7.1602,-0.0578
train,1992-01-04,6.878,7.0328,0.1548
train,1992-01-05,6.332,6.3263,-0.0057
train,1992-01-06,6.556,6.5903,0.0343
train,1992-01-07,6.016,5.9794,-0.0366
train,1992-01-08,8.018,8.2628,0.2448
train,1992-01-09,6.518,6.4933,-0.0247
train,1992-01-10,8.448,8.3974,-0.0506
train,1992-01-11,10.078,9.454,-0.624
train,1992-01-12,6.656,6.7805,0.1245
train,1992-01-13,7.008,7.1833,0.1753
train,1992-01-14,6.596,6.6325,0.0365
train,1992-01-15,6.966,7.0296,0.0636
train,1992-01-16,6.972,6.9982,0.0262
train,1992-01-17,9.328,9.1544,-0.1736
train,1992-01-18,6.538,6.5243,-0.0137
train,1992-01-19,6.926,6.6239,-0.3021
train,1992-01-20,6.808,6.8211,0.0131
train,1992-01-21,6.338,6.4552,0.1172
train,1992-01-22,7.746,7.7904,0.0444
train,1992-01-23,6.288,6.2599,-0.0281
train,1992-01-24,7.278,7.2526,-0.0254
train,1992-01-25,6.928,6.9256,-0.0024
train,1992-01-26,8.248,8.1856,-0.0624
train,1992-01-27,6.804,6.7775,-0.0265
train,1992-01-28,9.248,9.7413,0.4933
train,1992-01-29,8.228,8.1593,-0.0687
train,1992-01-30,8.148,8.2536,0.1056
train,1992-01-31,8.418,8.4157,-0.0023
train,1992-02-01,6.698,6.7388,0.0408
train,1992-02-02,7.058,7.0629,0.0049
train,1992-02-03,6.63,6.6775,0.0475
train,1992-02-04,6.908,6.8866,-0.0214
train,1992-02-05,7.898,7.8995,0.0015
train,1992-02-06,8.568,8.609,0.041
train,1992-02-07,8.518,8.5406,0.0226
train,1992-02-08,8.798,8.8314,0.0334
train,1992-02-09,7.632,7.7891,0.1571
train,1992-02-10,7.188,7.3217,0.1337
train,1992-02-11,7.258,7.2385,-0.0195
train,1992-02-12,6.824,6.8686,0.0446
train,1992-02-13,7.548,7.5791,0.0311
train,1992-02-14,8.128,8.2093,0.0813
train,1992-02-15,7.178,7.188,0.01
train,1992-02-16,8.998,9.4216,0.4236
train,1992-02-17,7.198,7.2859,0.0879
train,1992-02-18,6.858,6.84,-0.018
train,1992-02-19,8.108,8.1452,0.0372
train,1992-02-20,7.338,7.3564,0.0184
train,1992-02-21,6.348,6.3737,0.0257
train,1992-02-22,6.356,6.327,-0.029
train,1992-02-23,8.514,7.8124,-0.7016
train,1992-02-24,6.568,6.5256,-0.0424
train,1992-02-25,7.158,7.1267,-0.0313
train,1992-02-26,7.522,7.6593,0.1373
train,1992-02-27,6.364,6.2956,-0.0684
train,1992-02-28,6.828,6.8618,0.0338
train,1992-02-29,7.44,7.6084,0.1684
train,1992-03-01,6.738,6.6832,-0.0548
train,1992-03-02,9.258,9.4809,0.2229
train,1992-03-03,7.128,7.1233,-0.0047
train,1992-03-04,6.948,6.9676,0.0196
train,1992-03-05,6.968,6.9743,0.0063
train,1992-03-06,6.408,6.4393,0.0313
train,1992-03-07,7.078,7.0686,-0.0094
train,1992-03-08,10.552,9.9176,-0.6344
train,1992-03-09,7.068,7.0569,-0.0111
train,1992-03-10,8.148,8.1799,0.0319
train,1992-03-11,8.298,8.4401,0.1421
train,1992-03-12,8.018,8.4411,0.4231
train,1992-03-13,6.408,6.5898,0.1818
train,1992-03-14,8.778,8.7771,-0.0009
train,1992-03-15,8.348,8.4854,0.1374
train,1992-03-16,6.928,6.9686,0.0406
train,1992-03-17,6.788,6.7987,0.0107
train,1992-03-18,8.118,7.5444,-0.5736
train,1992-03-19,8.848,9.2373,0.3893
train,1992-03-20,8.238,7.2466,-0.9914
train,1992-03-21,8.164,8.2452,0.0812
train,1992-03-22,10.088,10.2996,0.2116
train,1992-03-23,7.958,7.8771,-0.0809
train,1992-03-24,8.248,8.2428,-0.0052
train,1992-03-25,7.618,7.7422,0.1242
train,1992-03-26,6.808,6.8575,0.0495
train,1992-03-27,6.07,6.1406,0.0706
train,1992-03-28,6.488,6.4721,-0.0159
train,1992-03-29,7.18,6.9323,-0.2477
train,1992-03-30,6.178,6.1477,-0.0303
train,1992-03-31,7.418,7.5442,0.1262
train,1992-04-01,7.318,7.4022,0.0842
train,1992-04-02,6.818,6.8367,0.0187
train,1992-04-03,7.078,7.0676,-0.0104
train,1992-04-04,6.212,6.2226,0.0106
train,1992-04-05,6.878,6.8296,-0.0484
train,1992-04-06,8.03,8.0521,0.0221
train,1992-04-07,6.778,6.7006,-0.0774
train,1992-04-08,6.852,7.3173,0.4653
train,1992-04-09,6.888,6.9194,0.0314
train,1992-04-10,6.538,6.5264,-0.0116
train,1992-04-11,7.608,7.7885,0.1805
train,1992-04-12,8.628,8.0396,-0.5884
train,1992-04-13,6.462,6.4868,0.0248
train,1992-04-14,7.328,7.2102,-0.1178
train,1992-04-15,8.558,8.3386,-0.2194
train,1992-04-16,8.958,8.8432,-0.1148
train,1992-04-17,8.548,9.0104,0.4624
train,1992-04-18,6.302,6.2493,-0.0527
train,1992-04-19,7.538,7.4852,-0.0528
train,1992-04-20,7.088,7.2636,0.1756
train,1992-04-21,8.348,8.2969,-0.0511
train,1992-04-22,10.228,10.2995,0.0715
train,1992-04-23,7.028,7.0901,0.0621
train,1992-04-24,6.722,6.5164,-0.2056
train,1992-04-25,6.362,6.4099,0.0479
train,1992-04-26,7.418,6.9532,-0.4648
train,1992-04-27,7.258,7.3966,0.1386
train,1992-04-28,7.098,7.0716,-0.0264
train,1992-04-29,7.708,7.7623,0.0543
train,1992-04-30,8.178,8.1066,-0.0714
train,1992-05-01,6.838,6.8029,-0.0351
train,1992-05-02,6.688,6.6629,-0.0251
train,1992-05-03,7.108,7.11,0.002
train,1992-05-04,9.808,8.8064,-1.0016
train,1992-05-05,6.818,6.8846,0.0666
train,1992-05-06,7.028,6.9985,-0.0295
train,1992-05-07,9.292,9.4363,0.1443
train,1992-05-08,7.494,7.3457,-0.1483
train,1992-05-09,10.438,10.1012,-0.3368
train,1992-05-10,7.308,7.1312,-0.1768
train,1992-05-11,7.238,7.232,-0.006
train,1992-05-12,7.202,6.947,-0.255
train,1992-05-13,7.188,7.1326,-0.0554
train,1992-05-14,7.118,7.1187,0.0007
train,1992-05-15,7.808,7.1815,-0.6265
train,1992-05-16,8.138,8.3251,0.1871
train,1992-05-17,7.048,7.0768,0.0288
train,1992-05-18,7.038,7.2226,0.1846
train,1992-05-19,7.178,7.1216,-0.0564
train,1992-05-20,8.54,8.445,-0.095
train,1992-05-21,7.918,8.1206,0.2026
train,1992-05-22,6.908,6.9459,0.0379
train,1992-05-23,5.99,6.3627,0.3727
train,1992-05-24,6.918,6.9958,0.0778
train,1992-05-25,8.938,8.7657,-0.1723
train,1992-05-26,7.166,7.3259,0.1599
train,1992-05-27,6.362,6.3339,-0.0281
train,1992-05-28,9.268,8.2778,-0.9902
train,1992-05-29,7.128,7.1565,0.0285
train,1992-05-30,8.448,8.4411,-0.0069
train,1992-05-31,8.598,8.6071,0.0091
train,1992-06-01,6.938,6.895,-0.043
train,1992-06-02,6.968,7.0451,0.0771
train,1992-06-03,7.496,7.7432,0.2472
train,1992-06-04,7.108,7.1293,0.0213
train,1992-06-05,8.508,8.7693,0.2613
train,1992-06-06,6.878,6.8167,-0.0613
train,1992-06-07,6.848,6.8645,0.0165
train,1992-06-08,7.008,7.0347,0.0267
train,1992-06-09,7.796,8.1356,0.3396
train,1992-06-10,6.82,6.8754,0.0554
train,1992-06-11,7.448,7.4751,0.0271
train,1992-06-12,9.438,9.5006,0.0626
train,1992-06-13,7.14,7.5181,0.3781
train,1992-06-14,7.308,7.3057,-0.0023
train,1992-06-15,7.406,7.448,0.042
train,1992-06-16,9.028,9.0237,-0.0043
train,1992-06-17,6.888,6.839,-0.049
train,1992-06-18,6.202,6.103,-0.099
train,1992-06-19,6.744,6.9806,0.2366
train,1992-06-20,7.058,7.0443,-0.0137
train,1992-06-21,6.508,6.5411,0.0331
train,1992-06-22,9.008,8.4561,-0.5519
train,1992-06-23,6.208,6.0204,-0.1876
train,1992-06-24,7.026,6.9855,-0.0405
train,1992-06-25,7.48,7.5298,0.0498
train,1992-06-26,8.034,7.9636,-0.0704
train,1992-06-27,7.148,7.1558,0.0078
train,1992-06-28,7.008,7.008,0.0
train,1992-06-29,6.818,6.8344,0.0164
train,1992-06-30,5.904,5.9129,0.0089
train,1992-07-01,7.058,7.3231,0.2651
train,1992-07-02,9.018,8.6565,-0.3615
train,1992-07-03,7.028,7.0471,0.0191
train,1992-07-04,7.168,7.1938,0.0258
train,1992-07-05,7.062,7.3729,0.3109
train,1992-07-06,6.888,6.8928,0.0048
train,1992-07-07,6.888,6.8711,-0.0169
train,1992-07-08,7.428,7.4983,0.0703
train,1992-07-09,10.138,9.9206,-0.2174
train,1992-07-10,8.848,8.7926,-0.0554
train,1992-07-11,6.858,6.8454,-0.0126
train,1992-07-12,7.368,7.3961,0.0281
train,1992-07-13,7.494,8.0205,0.5265
train,1992-07-14,7.496,7.7431,0.2471
train,1992-07-15,7.378,7.131,-0.247
train,1992-07-16,6.818,6.8029,-0.0151
train,1992-07-17,7.268,7.2677,-0.0003
train,1992-07-18,7.348,7.8997,0.5517
train,1992-07-19,6.658,6.8196,0.1616
train,1992-07-20,8.538,8.7002,0.1622
train,1992-07-21,6.596,6.6057,0.0097
train,1992-07-22,6.75,6.8528,0.1028
train,1992-07-23,10.128,10.1508,0.0228
train,1992-07-24,7.514,7.0943,-0.4197
train,1992-07-25,7.308,7.257,-0.051
train,1992-07-26,6.998,7.0475,0.0495
train,1992-07-27,8.47,8.3798,-0.0902
train,1992-07-28,7.774,7.6,-0.174
train,1992-07-29,7.848,8.1043,0.2563
train,1992-07-30,6.618,6.6013,-0.0167
train,1992-07-31,6.318,6.4098,0.0918
train,1992-08-01,8.592,8.7142,0.1222
train,1992-08-02,9.178,9.1881,0.0101
train,1992-08-03,6.298,6.3737,0.0757
train,1992-08-04,6.382,6.3443,-0.0377
train,1992-08-05,8.618,8.5944,-0.0236
train,1992-08-06,6.268,6.2863,0.0183
train,1992-08-07,7.778,7.5957,-0.1823
train,1992-08-08,9.858,9.2563,-0.6017
train,1992-08-09,6.454,6.4929,0.0389
train,1992-08-10,6.224,6.2084,-0.0156
train,1992-08-11,6.778,6.7778,-0.0002
train,1992-08-12,5.818,5.867,0.049
train,1992-08-13,8.338,8.5962,0.2582
train,1992-08-14,7.048,7.0484,0.0004
train,1992-08-15,6.868,6.9023,0.0343
train,1992-08-16,6.708,6.6972,-0.0108
train,1992-08-17,6.808,6.8551,0.0471
train,1992-08-18,10.008,9.7496,-0.2584
train,1992-08-19,6.698,6.7039,0.0059
train,1992-08-20,7.768,7.3307,-0.4373
train,1992-08-21,7.318,7.3817,0.0637
train,1992-08-22,9.808,9.6958,-0.1122
train,1992-08-23,8.748,8.6435,-0.1045
train,1992-08-24,6.988,7.0181,0.0301
train,1992-08-25,6.518,6.6429,0.1249
train,1992-08-26,6.948,7.0314,0.0834
train,1992-08-27,7.308,7.2927,-0.0153
train,1992-08-28,12.138,11.8362,-0.3018
train,1992-08-29,7.828,7.9352,0.1072
train,1992-08-30,6.092,6.0226,-0.0694
train,1992-08-31,6.678,6.7252,0.0472
train,1992-09-01,6.378,6.4159,0.0379
train,1992-09-02,7.178,7.4502,0.2722
train,1992-09-03,8.094,8.0323,-0.0617
train,1992-09-04,6.364,6.4078,0.0438
train,1992-09-05,6.388,6.63,0.242
train,1992-09-06,6.998,6.9946,-0.0034
train,1992-09-07,8.596,8.6179,0.0219
train,1992-09-08,8.568,8.4709,-0.0971
train,1992-09-09,5.894,5.8859,-0.0081
train,1992-09-10,7.008,6.9887,-0.0193
train,1992-09-11,6.918,6.8862,-0.0318
train,1992-09-12,8.314,8.4928,0.1788
train,1992-09-13,6.76,6.724,-0.036
train,1992-09-14,8.518,8.2977,-0.2203
train,1992-09-15,7.492,7.4182,-0.0738
train,1992-09-16,7.458,7.1794,-0.2786
train,1992-09-17,8.274,8.0186,-0.2554
train,1992-09-18,6.418,6.2972,-0.1208
train,1992-09-19,6.72,6.7298,0.0098
train,1992-09-20,6.998,6.9391,-0.0589
train,1992-09-21,7.828,7.8521,0.0241
train,1992-09-22,6.898,6.8801,-0.0179
train,1992-09-23,8.496,8.6789,0.1829
train,1992-09-24,7.018,6.9579,-0.0601
train,1992-09-25,6.996,6.8789,-0.1171
train,1992-09-26,9.468,9.4078,-0.0602
train,1992-09-27,8.248,8.3789,0.1309
train,1992-09-28,6.748,6.6246,-0.1234
train,1992-09-29,7.206,7.1926,-0.0134
train,1992-09-30,8.108,7.9944,-0.1136
train,1992-10-01,6.888,7.0193,0.1313
train,1992-10-02,7.538,7.5361,-0.0019
train,1992-10-03,7.552,7.4214,-0.1306
train,1992-10-04,6.278,6.2098,-0.0682
train,1992-10-05,6.808,6.6694,-0.1386
train,1992-10-06,6.808,6.7767,-0.0313
train,1992-10-07,7.978,8.2332,0.2552
train,1992-10-08,8.678,8.6617,-0.0163
train,1992-10-09,6.658,6.5838,-0.0742
train,1992-10-10,9.485,9.3932,-0.0918
train,1992-10-11,7.208,7.2762,0.0682
train,1992-10-12,7.928,8.3897,0.4617
train,1992-10-13,6.818,6.7348,-0.0832
train,1992-10-14,9.038,8.489,-0.549
train,1992-10-15,6.878,6.9584,0.0804
train,1992-10-16,7.158,7.3048,0.1468
train,1992-10-17,7.028,7.0359,0.0079
train,1992-10-18,6.728,6.8785,0.1505
train,1992-10-19,6.75,6.6867,-0.0633
train,1992-10-20,7.028,7.0354,0.0074
train,1992-10-21,6.918,6.8799,-0.0381
train,1992-10-22,6.948,6.9387,-0.0093
train,1992-10-23,6.884,6.8555,-0.0285
train,1992-10-24,8.718,9.2337,0.5157
train,1992-10-25,7.548,7.4862,-0.0618
train,1992-10-26,6.854,6.9265,0.0725
train,1992-10-27,7.228,7.2568,0.0288
train,1992-10-28,8.318,8.0876,-0.2304
train,1992-10-29,7.758,7.3614,-0.3966
train,1992-10-30,6.728,6.6642,-0.0638
train,1992-10-31,6.408,6.4181,0.0101
train,1992-11-01,7.648,7.7039,0.0559
train,1992-11-02,9.928,8.9589,-0.9691
train,1992-11-03,7.232,7.2189,-0.0131
train,1992-11-04,6.608,6.5765,-0.0315
train,1992-11-05,6.538,6.5318,-0.0062
train,1992-11-06,7.108,7.1383,0.0303
train,1992-11-07,7.368,7.2941,-0.0739
train,1992-11-08,7.034,6.8785,-0.1555
train,1992-11-09,7.148,7.1369,-0.0111
train,1992-11-10,6.878,7.0753,0.1973
train,1992-11-11,6.998,7.1191,0.1211
train,1992-11-12,7.028,7.0574,0.0294
train,1992-11-13,8.388,8.4451,0.0571
train,1992-11-14,6.988,7.0804,0.0924
train,1992-11-15,6.662,6.6899,0.0279
train,1992-11-16,7.008,6.9906,-0.0174
train,1992-11-17,7.622,7.0023,-0.6197
train,1992-11-18,7.548,7.5884,0.0404
train,1992-11-19,7.374,7.3205,-0.0535
train,1992-11-20,8.808,8.8021,-0.0059
train,1992-11-21,7.168,7.1552,-0.0128
train,1992-11-22,7.428,7.7577,0.3297
train,1992-11-23,7.688,7.3204,-0.3676
train,1992-11-24,6.838,6.8484,0.0104
train,1992-11-25,6.978,7.0021,0.0241
train,1992-11-26,6.978,6.9931,0.0151
train,1992-11-27,6.836,6.6219,-0.2141
train,1992-11-28,7.058,7.0304,-0.0276
train,1992-11-29,8.33,8.6319,0.3019
train,1992-11-30,7.788,7.764,-0.024
train,1992-12-01,8.308,7.435,-0.873
train,1992-12-02,7.368,7.3916,0.0236
train,1992-12-03,8.698,8.9974,0.2994
train,1992-12-04,9.578,9.4968,-0.0812
train,1992-12-05,6.658,6.7451,0.0871
train,1992-12-06,7.048,7.0532,0.0052
train,1992-12-07,7.048,7.0384,-0.0096
train,1992-12-08,6.438,6.7023,0.2643
train,1992-12-09,6.438,6.5577,0.1197
train,1992-12-10,11.826,11.514,-0.312
train,1992-12-11,6.948,6.9152,-0.0328
train,1992-12-12,7.458,7.5265,0.0685
train,1992-12-13,8.158,7.8932,-0.2648
train,1992-12-14,8.726,8.1428,-0.5832
train,1992-12-15,7.164,7.3286,0.1646
train,1992-12-16,7.608,7.7141,0.1061
train,1992-12-17,7.722,7.7309,0.0089
train,1992-12-18,6.196,6.1847,-0.0113
train,1992-12-19,9.11,9.1702,0.0602
train,1992-12-20,7.368,7.076,-0.292
train,1992-12-21,9.79,9.7326,-0.0574
train,1992-12-22,6.788,6.7896,0.0016
train,1992-12-23,7.068,7.1145,0.0465
train,1992-12-24,6.322,6.0504,-0.2716
train,1992-12-25,8.218,8.0727,-0.1453
train,1992-12-26,6.928,6.9287,0.0007
train,1992-12-27,8.028,7.9678,-0.0602
train,1992-12-28,6.478,6.4694,-0.0086
train,1992-12-29,6.078,6.0258,-0.0522
train,1992-12-30,7.652,7.743,0.091
train,1992-12-31,7.74,7.8494,0.1094
train,1993-01-01,7.338,7.34,0.002
train,1993-01-02,9.168,9.0586,-0.1094
train,1993-01-03,5.988,6.0582,0.0702
train,1993-01-04,6.728,6.8705,0.1425
train,1993-01-05,11.578,11.3148,-0.2632
train,1993-01-06,6.858,6.9533,0.0953
train,1993-01-07,7.3,7.7141,0.4141
train,1993-01-08,8.718,8.7896,0.0716
train,1993-01-09,7.108,7.1116,0.0036
train,1993-01-10,7.158,7.0962,-0.0618
train,1993-01-11,6.41,6.3732,-0.0368
train,1993-01-12,6.968,6.8436,-0.1244
train,1993-01-13,6.094,6.0946,0.0006
train,1993-01-14,7.674,7.9199,0.2459
train,1993-01-15,6.126,6.1117,-0.0143
train,1993-01-16,6.468,6.4328,-0.0352
train,1993-01-17,7.178,7.2909,0.1129
train,1993-01-18,7.458,7.5607,0.1027
train,1993-01-19,6.244,6.2557,0.0117
train,1993-01-20,6.544,6.7007,0.1567
train,1993-01-21,6.66,6.6499,-0.0101
train,1993-01-22,7.056,7.0894,0.0334
train,1993-01-23,6.908,6.8323,-0.0757
train,1993-01-24,8.518,8.7095,0.1915
train,1993-01-25,6.806,6.9889,0.1829
train,1993-01-26,6.042,6.0536,0.0116
train,1993-01-27,7.432,7.4098,-0.0222
train,1993-01-28,8.288,8.2617,-0.0263
train,1993-01-29,7.008,6.7428,-0.2652
train,1993-01-30,6.988,7.027,0.039
train,1993-01-31,9.608,9.554,-0.054
train,1993-02-01,6.878,6.8794,0.0014
train,1993-02-02,11.358,11.0409,-0.3171
train,1993-02-03,6.572,6.6009,0.0289
train,1993-02-04,8.678,8.687,0.009
train,1993-02-05,6.188,6.199,0.011
train,1993-02-06,11.154,10.7177,-0.4363
train,1993-02-07,6.734,6.6963,-0.0377
train,1993-02-08,6.372,6.3821,0.0101
train,1993-02-09,7.068,7.0881,0.0201
train,1993-02-10,7.438,7.4884,0.0504
train,1993-02-11,6.924,6.9736,0.0496
train,1993-02-12,7.298,7.384,0.086
train,1993-02-13,5.878,5.9299,0.0519
train,1993-02-14,8.168,8.497,0.329
train,1993-02-15,7.448,7.5587,0.1107
train,1993-02-16,7.028,7.0632,0.0352
train,1993-02-17,7.088,7.0719,-0.0161
train,1993-02-18,6.724,6.7274,0.0034
train,1993-02-19,6.354,6.3165,-0.0375
train,1993-02-20,8.108,7.9812,-0.1268
train,1993-02-21,7.098,7.0579,-0.0401
train,1993-02-22,6.226,6.2379,0.0119
train,1993-02-23,9.348,9.2651,-0.0829
train,1993-02-24,8.188,7.8641,-0.3239
train,1993-02-25,8.648,8.7343,0.0863
train,1993-02-26,7.738,7.835,0.097
train,1993-02-27,6.314,6.2859,-0.0281
train,1993-02-28,9.018,9.0905,0.0725
train,1993-03-01,7.198,7.2186,0.0206
train,1993-03-02,7.718,7.8576,0.1396
train,1993-03-03,7.238,7.2169,-0.0211
train,1993-03-04,6.052,6.0611,0.0091
train,1993-03-05,6.338,6.1888,-0.1492
train,1993-03-06,6.308,6.2886,-0.0194
train,1993-03-07,6.394,6.3887,-0.0053
train,1993-03-08,9.368,9.2969,-0.0711
train,1993-03-09,7.068,7.303,0.235
train,1993-03-10,7.188,7.172,-0.016
train,1993-03-11,6.538,6.5303,-0.0077
train,1993-03-12,6.768,6.4039,-0.3641
train,1993-03-13,8.078,8.2258,0.1478
train,1993-03-14,6.694,6.8319,0.1379
train,1993-03-15,9.048,9.0763,0.0283
train,1993-03-16,9.858,9.8165,-0.0415
train,1993-03-17,7.828,7.8225,-0.0055
train,1993-03-18,9.228,7.6561,-1.5719
train,1993-03-19,7.008,6.9804,-0.0276
train,1993-03-20,6.998,6.9164,-0.0816
train,1993-03-21,9.758,9.8751,0.1171
train,1993-03-22,6.388,6.4601,0.0721
train,1993-03-23,6.898,6.8805,-0.0175
train,1993-03-24,6.618,6.5108,-0.1072
train,1993-03-25,8.698,8.5315,-0.1665
train,1993-03-26,7.64,7.6002,-0.0398
train,1993-03-27,7.216,7.216,-0.0
train,1993-03-28,5.878,5.9091,0.0311
train,1993-03-29,7.588,7.5683,-0.0197
train,1993-03-30,7.058,7.2422,0.1842
train,1993-03-31,8.498,8.6246,0.1266
train,1993-04-01,8.298,7.7912,-0.5068
train,1993-04-02,6.968,6.991,0.023
train,1993-04-03,7.138,7.1246,-0.0134
train,1993-04-04,7.39,7.4784,0.0884
train,1993-04-05,6.766,6.8147,0.0487
train,1993-04-06,6.574,6.549,-0.025
train,1993-04-07,7.968,8.0638,0.0958
train,1993-04-08,7.278,7.4555,0.1775
train,1993-04-09,6.318,6.3703,0.0523
train,1993-04-10,8.218,8.0931,-0.1249
train,1993-04-11,7.076,7.0877,0.0117
train,1993-04-12,6.79,6.9266,0.1366
train,1993-04-13,6.842,7.3694,0.5274
train,1993-04-14,6.66,6.5669,-0.0931
train,1993-04-15,9.528,9.2386,-0.2894
train,1993-04-16,6.224,6.2056,-0.0184
train,1993-04-17,8.964,8.5728,-0.3912
train,1993-04-18,9.424,8.856,-0.568
train,1993-04-19,6.998,7.003,0.005
train,1993-04-20,8.688,8.6931,0.0051
train,1993-04-21,6.434,6.3507,-0.0833
train,1993-04-22,6.338,6.2313,-0.1067
train,1993-04-23,6.388,6.6052,0.2172
train,1993-04-24,6.848,6.8426,-0.0054
train,1993-04-25,7.168,7.1873,0.0193
train,1993-04-26,6.918,6.8392,-0.0788
train,1993-04-27,8.406,8.4722,0.0662
train,1993-04-28,10.974,10.8639,-0.1101
train,1993-04-29,6.546,6.5979,0.0519
train,1993-04-30,6.388,6.6578,0.2698
train,1993-05-01,7.668,7.6338,-0.0342
train,1993-05-02,7.198,7.1609,-0.0371
train,1993-05-03,7.318,7.3193,0.0013
train,1993-05-04,6.378,6.6897,0.3117
train,1993-05-05,6.268,6.3571,0.0891
train,1993-05-06,6.584,6.443,-0.141
train,1993-05-07,6.742,6.7268,-0.0152
train,1993-05-08,7.188,7.1881,0.0001
train,1993-05-09,7.018,7.11,0.092
train,1993-05-10,7.188,7.2015,0.0135
train,1993-05-11,6.57,6.3975,-0.1725
train,1993-05-12,8.138,8.3206,0.1826
train,1993-05-13,7.346,7.2552,-0.0908
train,1993-05-14,6.758,6.7739,0.0159
train,1993-05-15,6.998,7.0065,0.0085
train,1993-05-16,8.418,8.6848,0.2668
train,1993-05-17,7.306,7.4857,0.1797
train,1993-05-18,6.738,6.8265,0.0885
train,1993-05-19,6.818,6.8922,0.0742
train,1993-05-20,6.908,6.9304,0.0224
train,1993-05-21,7.108,7.0867,-0.0213
train,1993-05-22,8.048,7.6901,-0.3579
train,1993-05-23,9.29,9.5174,0.2274
train,1993-05-24,7.474,7.2399,-0.2341
train,1993-05-25,7.098,7.0917,-0.0063
train,1993-05-26,8.756,8.3707,-0.3853
train,1993-05-27,7.098,7.017,-0.081
train,1993-05-28,6.836,6.8294,-0.0066
train,1993-05-29,7.388,7.3506,-0.0374
train,1993-05-30,8.846,8.7362,-0.1098
train,1993-05-31,6.918,7.3801,0.4621
train,1993-06-01,7.028,7.0242,-0.0038
train,1993-06-02,6.916,6.8846,-0.0314
train,1993-06-03,6.998,7.039,0.041
train,1993-06-04,6.888,6.881,-0.007
train,1993-06-05,9.49,9.187,-0.303
train,1993-06-06,6.65,6.7569,0.1069
train,1993-06-07,7.508,7.762,0.254
train,1993-06-08,7.358,7.3904,0.0324
train,1993-06-09,8.142,7.6873,-0.4547
train,1993-06-10,6.784,6.7464,-0.0376
train,1993-06-11,7.54,7.4795,-0.0605
train,1993-06-12,9.008,8.4746,-0.5334
train,1993-06-13,7.974,8.0188,0.0448
train,1993-06-14,8.238,8.192,-0.046
train,1993-06-15,7.418,7.4168,-0.0012
train,1993-06-16,6.408,6.3208,-0.0872
train,1993-06-17,6.608,6.2969,-0.3111
train,1993-06-18,7.058,6.9034,-0.1546
train,1993-06-19,6.688,6.466,-0.222
train,1993-06-20,7.748,7.7606,0.0126
train,1993-06-21,7.408,7.4706,0.0626
train,1993-06-22,7.158,7.0845,-0.0735
train,1993-06-23,7.068,7.1147,0.0467
train,1993-06-24,7.104,7.1226,0.0186
train,1993-06-25,10.538,10.5528,0.0148
train,1993-06-26,6.878,6.8953,0.0173
train,1993-06-27,6.988,6.9801,-0.0079
train,1993-06-28,6.794,6.8386,0.0446
train,1993-06-29,7.078,6.9677,-0.1103
train,1993-06-30,7.636,7.6582,0.0222
train,1993-07-01,6.506,6.4235,-0.0825
train,1993-07-02,8.358,8.3928,0.0348
train,1993-07-03,8.146,8.1854,0.0394
train,1993-07-04,6.67,6.8146,0.1446
train,1993-07-05,6.69,6.6274,-0.0626
train,1993-07-06,7.328,7.489,0.161
train,1993-07-07,7.518,7.3931,-0.1249
train,1993-07-08,6.808,6.7994,-0.0086
train,1993-07-09,9.062,9.035,-0.027
train,1993-07-10,6.286,6.306,0.02
train,1993-07-11,6.132,6.0857,-0.0463
train,1993-07-12,7.308,7.4021,0.0941
train,1993-07-13,7.542,7.6586,0.1166
train,1993-07-14,7.938,7.8909,-0.0471
train,1993-07-15,6.618,6.6383,0.0203
train,1993-07-16,8.708,8.7276,0.0196
train,1993-07-17,9.138,8.9741,-0.1639
train,1993-07-18,9.938,10.4796,0.5416
train,1993-07-19,7.168,7.2589,0.0909
train,1993-07-20,7.854,7.8103,-0.0437
train,1993-07-21,7.148,7.1125,-0.0355
train,1993-07-22,6.558,6.72,0.162
train,1993-07-23,6.5,6.4439,-0.0561
train,1993-07-24,6.808,6.7991,-0.0089
train,1993-07-25,6.768,6.6423,-0.1257
train,1993-07-26,8.918,8.9504,0.0324
train,1993-07-27,6.928,6.9499,0.0219
train,1993-07-28,7.118,7.1508,0.0328
train,1993-07-29,7.846,7.0534,-0.7926
train,1993-07-30,6.434,6.3848,-0.0492
train,1993-07-31,7.148,6.8259,-0.3221
train,1993-08-01,6.844,6.8197,-0.0243
train,1993-08-02,8.618,8.7338,0.1158
train,1993-08-03,7.308,7.2932,-0.0148
train,1993-08-04,6.178,6.2772,0.0992
train,1993-08-05,6.416,6.5157,0.0997
train,1993-08-06,6.204,6.1746,-0.0294
train,1993-08-07,6.836,7.2204,0.3844
train,1993-08-08,6.958,6.981,0.023
train,1993-08-09,6.828,6.8398,0.0118
train,1993-08-10,8.042,8.1847,0.1427
train,1993-08-11,6.816,6.8367,0.0207
train,1993-08-12,7.108,7.0705,-0.0375
train,1993-08-13,6.542,6.5358,-0.0062
train,1993-08-14,6.468,6.4784,0.0104
train,1993-08-15,7.788,7.7711,-0.0169
train,1993-08-16,10.218,10.0102,-0.2078
train,1993-08-17,7.588,7.5805,-0.0075
train,1993-08-18,8.828,8.9291,0.1011
train,1993-08-19,6.656,6.6157,-0.0403
train,1993-08-20,6.16,6.1944,0.0344
train,1993-08-21,7.848,7.7109,-0.1371
train,1993-08-22,6.476,6.4018,-0.0742
train,1993-08-23,6.958,6.841,-0.117
train,1993-08-24,6.728,6.8377,0.1097
train,1993-08-25,7.5,7.2501,-0.2499
train,1993-08-26,6.638,6.689,0.051
train,1993-08-27,7.218,7.1679,-0.0501
train,1993-08-28,7.518,7.5281,0.0101
train,1993-08-29,8.416,8.1112,-0.3048
train,1993-08-30,6.518,6.4783,-0.0397
train,1993-08-31,8.658,8.4327,-0.2253
train,1993-09-01,6.528,6.5175,-0.0105
train,1993-09-02,6.294,6.2966,0.0026
train,1993-09-03,6.342,6.4972,0.1552
train,1993-09-04,9.288,9.4869,0.1989
train,1993-09-05,6.564,6.7769,0.2129
train,1993-09-06,7.378,7.4261,0.0481
train,1993-09-07,9.868,10.0056,0.1376
train,1993-09-08,7.758,7.6217,-0.1363
train,1993-09-09,7.198,7.1972,-0.0008
train,1993-09-10,6.988,7.0215,0.0335
train,1993-09-11,7.382,7.4498,0.0678
train,1993-09-12,7.948,7.3769,-0.5711
train,1993-09-13,7.738,7.702,-0.036
train,1993-09-14,6.818,6.9726,0.1546
train,1993-09-15,7.868,7.8617,-0.0063
train,1993-09-16,7.288,7.0251,-0.2629
train,1993-09-17,7.118,7.1013,-0.0167
train,1993-09-18,6.678,7.0477,0.3697
train,1993-09-19,6.818,6.8223,0.0043
train,1993-09-20,6.658,6.6423,-0.0157
train,1993-09-21,6.838,6.8073,-0.0307
train,1993-09-22,5.69,5.8112,0.1212
train,1993-09-23,6.658,6.7216,0.0636
train,1993-09-24,8.272,8.1695,-0.1025
train,1993-09-25,7.128,7.1838,0.0558
train,1993-09-26,6.788,6.9543,0.1663
train,1993-09-27,7.198,7.1483,-0.0497
train,1993-09-28,7.254,6.9916,-0.2624
train,1993-09-29,7.728,7.7787,0.0507
train,1993-09-30,8.098,8.0817,-0.0163
train,1993-10-01,7.16,7.4269,0.2669
train,1993-10-02,7.098,7.1177,0.0197
train,1993-10-03,6.918,6.9056,-0.0124
train,1993-10-04,6.748,6.764,0.016
train,1993-10-05,6.678,6.6645,-0.0135
train,1993-10-06,5.716,5.8442,0.1282
train,1993-10-07,6.968,6.9897,0.0217
train,1993-10-08,6.918,6.9118,-0.0062
train,1993-10-09,7.838,7.8629,0.0249
train,1993-10-10,7.318,7.2869,-0.0311
train,1993-10-11,9.058,9.1794,0.1214
train,1993-10-12,7.138,7.1548,0.0168
train,1993-10-13,7.088,7.1476,0.0596
train,1993-10-14,7.278,7.2197,-0.0583
train,1993-10-15,8.418,9.1834,0.7654
train,1993-10-16,7.428,7.3589,-0.0691
train,1993-10-17,8.934,8.9729,0.0389
train,1993-10-18,7.448,7.2544,-0.1936
train,1993-10-19,10.358,10.6184,0.2604
train,1993-10-20,6.09,6.1246,0.0346
train,1993-10-21,7.398,7.4582,0.0602
train,1993-10-22,8.294,8.1235,-0.1705
train,1993-10-23,6.528,6.5989,0.0709
train,1993-10-24,6.596,6.6995,0.1035
train,1993-10-25,6.988,6.9723,-0.0157
train,1993-10-26,6.798,6.8025,0.0045
train,1993-10-27,7.328,7.3771,0.0491
train,1993-10-28,7.218,7.2718,0.0538
train,1993-10-29,7.968,8.184,0.216
train,1993-10-30,6.968,7.025,0.057
train,1993-10-31,7.078,7.0378,-0.0402
train,1993-11-01,6.778,6.9025,0.1245
train,1993-11-02,7.918,8.355,0.437
train,1993-11-03,6.728,6.733,0.005
train,1993-11-04,6.918,6.8548,-0.0632
train,1993-11-05,7.908,7.484,-0.424
train,1993-11-06,7.088,7.3351,0.2471
train,1993-11-07,7.158,7.1823,0.0243
train,1993-11-08,8.428,8.5094,0.0814
train,1993-11-09,6.748,6.8022,0.0542
train,1993-11-10,6.956,7.0074,0.0514
train,1993-11-11,7.098,7.2411,0.1431
train,1993-11-12,7.088,7.1376,0.0496
train,1993-11-13,6.312,6.3493,0.0373
train,1993-11-14,7.058,7.0364,-0.0216
train,1993-11-15,7.998,7.8995,-0.0985
train,1993-11-16,9.088,8.6868,-0.4012
train,1993-11-17,7.098,7.0939,-0.0041
train,1993-11-18,6.178,6.1726,-0.0054
train,1993-11-19,7.2,7.4393,0.2393
train,1993-11-20,6.908,6.8494,-0.0586
train,1993-11-21,7.066,7.0315,-0.0345
train,1993-11-22,8.058,7.7824,-0.2756
train,1993-11-23,7.038,7.0671,0.0291
train,1993-11-24,6.346,6.4013,0.0553
train,1993-11-25,8.168,8.1362,-0.0318
train,1993-11-26,7.438,7.27,-0.168
train,1993-11-27,6.838,6.8281,-0.0099
train,1993-11-28,6.472,6.4977,0.0257
train,1993-11-29,6.598,6.5976,-0.0004
train,1993-11-30,6.918,6.9005,-0.0175
train,1993-12-01,7.382,7.3324,-0.0496
train,1993-12-02,7.678,7.6014,-0.0766
train,1993-12-03,9.918,9.9198,0.0018
train,1993-12-04,9.032,8.9601,-0.0719
train,1993-12-05,8.608,8.6857,0.0777
train,1993-12-06,9.488,9.5879,0.0999
train,1993-12-07,6.848,6.8877,0.0397
train,1993-12-08,7.428,7.5451,0.1171
train,1993-12-09,6.984,6.9056,-0.0784
train,1993-12-10,7.098,7.168,0.07
train,1993-12-11,7.448,7.4678,0.0198
train,1993-12-12,7.278,7.312,0.034
train,1993-12-13,7.596,8.1518,0.5558
train,1993-12-14,7.678,7.6556,-0.0224
train,1993-12-15,6.226,6.2275,0.0015
train,1993-12-16,9.626,9.0545,-0.5715
train,1993-12-17,7.018,7.0417,0.0237
train,1993-12-18,11.686,11.3568,-0.3292
train,1993-12-19,6.978,6.9112,-0.0668
train,1993-12-20,8.228,8.1996,-0.0284
train,1993-12-21,8.508,8.4415,-0.0665
train,1993-12-22,7.718,7.7581,0.0401
train,1993-12-23,7.978,7.971,-0.007
train,1993-12-24,6.868,6.9335,0.0655
train,1993-12-25,7.314,7.1461,-0.1679
train,1993-12-26,6.268,6.2669,-0.0011
train,1993-12-27,8.056,7.9853,-0.0707
train,1993-12-28,6.398,6.3584,-0.0396
train,1993-12-29,6.652,6.6308,-0.0212
train,1993-12-30,6.768,6.7815,0.0135
train,1993-12-31,6.718,6.558,-0.16
train,1994-01-01,7.358,7.4062,0.0482
train,1994-01-02,6.968,6.9856,0.0176
train,1994-01-03,7.378,7.4131,0.0351
train,1994-01-04,11.808,11.5695,-0.2385
train,1994-01-05,9.048,9.0186,-0.0294
train,1994-01-06,6.778,6.791,0.013
train,1994-01-07,7.376,7.5816,0.2056
train,1994-01-08,7.568,7.5802,0.0122
train,1994-01-09,6.282,6.3272,0.0452
train,1994-01-10,8.548,8.4714,-0.0766
train,1994-01-11,5.816,6.0324,0.2164
train,1994-01-12,7.718,7.7336,0.0156
train,1994-01-13,7.128,7.1187,-0.0093
train,1994-01-14,9.058,8.9174,-0.1406
train,1994-01-15,8.598,8.1807,-0.4173
train,1994-01-16,7.16,7.211,0.051
train,1994-01-17,6.58,6.6898,0.1098
train,1994-01-18,7.488,7.7625,0.2745
train,1994-01-19,6.838,6.841,0.003
train,1994-01-20,7.428,7.4526,0.0246
train,1994-01-21,6.516,6.4994,-0.0166
train,1994-01-22,6.918,6.9262,0.0082
train,1994-01-23,6.568,6.3836,-0.1844
train,1994-01-24,7.988,8.0066,0.0186
train,1994-01-25,6.518,6.5169,-0.0011
train,1994-01-26,9.148,9.3821,0.2341
train,1994-01-27,8.18,8.146,-0.034
train,1994-01-28,9.008,8.9977,-0.0103
train,1994-01-29,7.008,6.9892,-0.0188
train,1994-01-30,10.628,9.8804,-0.7476
train,1994-01-31,8.398,8.428,0.03
train,1994-02-01,7.696,7.6675,-0.0285
train,1994-02-02,7.068,7.0351,-0.0329
train,1994-02-03,9.588,9.5653,-0.0227
train,1994-02-04,6.534,6.5529,0.0189
train,1994-02-05,6.002,6.0531,0.0511
train,1994-02-06,7.008,6.9674,-0.0406
train,1994-02-07,7.018,7.0777,0.0597
train,1994-02-08,7.178,7.2753,0.0973
train,1994-02-09,8.508,8.5312,0.0232
train,1994-02-10,8.678,9.0855,0.4075
train,1994-02-11,7.068,7.117,0.049
train,1994-02-12,10.408,10.3731,-0.0349
train,1994-02-13,6.612,6.6878,0.0758
train,1994-02-14,6.1,6.1164,0.0164
train,1994-02-15,8.878,8.8378,-0.0402
train,1994-02-16,8.464,8.8076,0.3436
train,1994-02-17,6.318,6.2922,-0.0258
train,1994-02-18,7.808,8.0402,0.2322
train,1994-02-19,7.258,7.2945,0.0365
train,1994-02-20,8.042,8.0894,0.0474
train,1994-02-21,7.828,7.8353,0.0073
train,1994-02-22,7.008,7.0667,0.0587
train,1994-02-23,7.948,7.9486,0.0006
train,1994-02-24,6.838,6.796,-0.042
train,1994-02-25,6.434,6.4065,-0.0275
train,1994-02-26,6.362,6.3443,-0.0177
train,1994-02-27,6.998,7.0051,0.0071
train,1994-02-28,9.138,9.1171,-0.0209
train,1994-03-01,9.228,9.1697,-0.0583
train,1994-03-02,7.188,7.1856,-0.0024
train,1994-03-03,6.288,6.282,-0.006
train,1994-03-04,6.96,6.9747,0.0147
train,1994-03-05,7.608,7.5359,-0.0721
train,1994-03-06,7.788,8.0026,0.2146
train,1994-03-07,6.938,6.9951,0.0571
train,1994-03-08,6.71,6.6828,-0.0272
train,1994-03-09,6.57,6.7468,0.1768
train,1994-03-10,7.22,7.7209,0.5009
train,1994-03-11,6.532,6.4186,-0.1134
train,1994-03-12,8.464,8.4839,0.0199
train,1994-03-13,8.002,7.952,-0.05
train,1994-03-14,6.758,6.808,0.05
train,1994-03-15,9.408,8.4197,-0.9883
train,1994-03-16,7.486,7.5712,0.0852
train,1994-03-17,8.048,7.8834,-0.1646
train,1994-03-18,6.438,6.6381,0.2001
train,1994-03-19,6.994,6.6557,-0.3383
train,1994-03-20,7.598,7.6508,0.0528
train,1994-03-21,8.908,8.8732,-0.0348
train,1994-03-22,6.908,6.9987,0.0907
train,1994-03-23,9.198,8.6322,-0.5658
train,1994-03-24,8.426,7.6006,-0.8254
train,1994-03-25,7.558,7.6558,0.0978
train,1994-03-26,7.318,7.4871,0.1691
train,1994-03-27,6.718,6.734,0.016
train,1994-03-28,7.314,7.3557,0.0417
train,1994-03-29,6.184,6.5423,0.3583
train,1994-03-30,6.502,6.5278,0.0258
train,1994-03-31,6.956,6.9407,-0.0153
train,1994-04-01,8.202,8.2345,0.0325
train,1994-04-02,6.748,6.7439,-0.0041
train,1994-04-03,6.646,6.6185,-0.0275
train,1994-04-04,8.104,8.6609,0.5569
train,1994-04-05,7.138,7.1496,0.0116
train,1994-04-06,8.798,8.7204,-0.0776
train,1994-04-07,7.098,7.0764,-0.0216
train,1994-04-08,6.858,7.0081,0.1501
train,1994-04-09,6.888,6.872,-0.016
train,1994-04-10,6.946,6.8859,-0.0601
train,1994-04-11,6.288,6.2576,-0.0304
train,1994-04-12,8.098,8.1749,0.0769
train,1994-04-13,9.188,9.2841,0.0961
train,1994-04-14,7.058,7.0825,0.0245
train,1994-04-15,6.228,6.2455,0.0175
train,1994-04-16,7.458,7.4341,-0.0239
train,1994-04-17,6.708,6.6988,-0.0092
train,1994-04-18,7.828,7.838,0.01
train,1994-04-19,7.028,7.073,0.045
train,1994-04-20,8.09,7.514,-0.576
train,1994-04-21,7.148,7.0028,-0.1452
train,1994-04-22,6.206,6.5972,0.3912
train,1994-04-23,7.128,7.1511,0.0231
train,1994-04-24,7.108,7.1433,0.0353
train,1994-04-25,6.96,6.8955,-0.0645
train,1994-04-26,7.028,7.0452,0.0172
train,1994-04-27,6.508,6.5124,0.0044
train,1994-04-28,6.948,6.9326,-0.0154
train,1994-04-29,6.778,6.7917,0.0137
train,1994-04-30,6.828,6.8776,0.0496
train,1994-05-01,10.218,8.0365,-2.1815
train,1994-05-02,6.88,7.0121,0.1321
train,1994-05-03,8.078,8.4625,0.3845
train,1994-05-04,6.672,6.6875,0.0155
train,1994-05-05,7.468,7.3126,-0.1554
train,1994-05-06,6.878,6.8622,-0.0158
train,1994-05-07,7.518,7.5034,-0.0146
train,1994-05-08,9.208,9.2463,0.0383
train,1994-05-09,8.626,8.3073,-0.3187
train,1994-05-10,8.048,8.107,0.059
train,1994-05-11,7.308,7.3404,0.0324
train,1994-05-12,7.168,7.0254,-0.1426
train,1994-05-13,6.53,6.5807,0.0507
train,1994-05-14,7.248,7.2799,0.0319
train,1994-05-15,7.428,7.1716,-0.2564
train,1994-05-16,6.452,6.5557,0.1037
train,1994-05-17,8.328,8.5029,0.1749
train,1994-05-18,6.838,6.8822,0.0442
train,1994-05-19,8.698,8.655,-0.043
train,1994-05-20,7.22,7.4931,0.2731
train,1994-05-21,6.978,6.9854,0.0074
train,1994-05-22,6.636,6.7787,0.1427
train,1994-05-23,7.808,7.9612,0.1532
train,1994-05-24,6.238,6.2119,-0.0261
train,1994-05-25,6.788,6.9216,0.1336
train,1994-05-26,6.948,6.917,-0.031
train,1994-05-27,6.618,7.1003,0.4823
train,1994-05-28,6.268,6.2896,0.0216
train,1994-05-29,8.238,7.8675,-0.3705
train,1994-05-30,7.058,7.0212,-0.0368
train,1994-05-31,8.558,8.1728,-0.3852
train,1994-06-01,6.868,6.8988,0.0308
train,1994-06-02,6.984,6.9785,-0.0055
train,1994-06-03,7.368,7.2797,-0.0883
train,1994-06-04,6.532,6.3242,-0.2078
train,1994-06-05,6.848,6.8287,-0.0193
train,1994-06-06,6.788,6.7138,-0.0742
train,1994-06-07,7.042,6.56,-0.482
train,1994-06-08,7.168,7.1146,-0.0534
train,1994-06-09,8.198,8.2839,0.0859
train,1994-06-10,6.548,6.4643,-0.0837
train,1994-06-11,6.518,6.5515,0.0335
train,1994-06-12,7.628,7.6344,0.0064
train,1994-06-13,7.776,7.8372,0.0612
train,1994-06-14,6.948,6.9901,0.0421
train,1994-06-15,7.018,7.026,0.008
train,1994-06-16,7.448,7.7051,0.2571
train,1994-06-17,7.796,8.09,0.294
train,1994-06-18,7.318,7.3474,0.0294
train,1994-06-19,6.528,6.6659,0.1379
train,1994-06-20,6.718,6.7233,0.0053
train,1994-06-21,7.328,7.2781,-0.0499
train,1994-06-22,7.346,7.0688,-0.2772
train,1994-06-23,8.428,8.4984,0.0704
train,1994-06-24,6.908,6.9821,0.0741
train,1994-06-25,6.988,6.9776,-0.0104
train,1994-06-26,9.49,9.1138,-0.3762
train,1994-06-27,7.388,7.4813,0.0933
train,1994-06-28,7.528,7.776,0.248
train,1994-06-29,6.77,6.8414,0.0714
train,1994-06-30,9.108,9.1802,0.0722
train,1994-07-01,10.666,11.2645,0.5985
train,1994-07-02,8.744,9.263,0.519
train,1994-07-03,6.748,6.9012,0.1532
train,1994-07-04,9.522,8.6156,-0.9064
train,1994-07-05,7.708,7.6794,-0.0286
train,1994-07-06,7.768,7.8489,0.0809
train,1994-07-07,6.878,7.0171,0.1391
train,1994-07-08,8.658,8.3664,-0.2916
train,1994-07-09,7.166,7.3349,0.1689
train,1994-07-10,7.848,7.9244,0.0764
train,1994-07-11,7.45,7.5745,0.1245
train,1994-07-12,8.188,8.2173,0.0293
train,1994-07-13,7.568,7.2672,-0.3008
train,1994-07-14,7.298,7.27,-0.028
train,1994-07-15,6.682,6.6846,0.0026
train,1994-07-16,6.998,6.9813,-0.0167
train,1994-07-17,8.128,8.1145,-0.0135
train,1994-07-18,7.798,7.6922,-0.1058
train,1994-07-19,6.56,6.5375,-0.0225
train,1994-07-20,7.278,7.2954,0.0174
train,1994-07-21,8.548,8.5894,0.0414
train,1994-07-22,8.438,8.5335,0.0955
train,1994-07-23,7.628,7.7005,0.0725
train,1994-07-24,7.278,7.2157,-0.0623
train,1994-07-25,6.958,7.123,0.165
train,1994-07-26,8.128,8.4391,0.3111
train,1994-07-27,7.178,7.186,0.008
train,1994-07-28,6.648,6.7919,0.1439
train,1994-07-29,7.118,7.1122,-0.0058
train,1994-07-30,8.868,8.9221,0.0541
train,1994-07-31,10.148,9.5099,-0.6381
train,1994-08-01,6.358,6.3579,-0.0001
train,1994-08-02,6.008,6.0176,0.0096
train,1994-08-03,7.038,7.0518,0.0138
train,1994-08-04,10.748,10.6873,-0.0607
train,1994-08-05,7.088,7.0073,-0.0807
train,1994-08-06,9.658,9.9739,0.3159
train,1994-08-07,6.728,6.7212,-0.0068
train,1994-08-08,7.824,7.5309,-0.2931
train,1994-08-09,6.696,6.8009,0.1049
train,1994-08-10,6.438,6.4307,-0.0073
train,1994-08-11,6.878,7.0377,0.1597
train,1994-08-12,6.968,6.9532,-0.0148
train,1994-08-13,7.748,7.7398,-0.0082
train,1994-08-14,8.108,7.8848,-0.2232
train,1994-08-15,8.148,8.1035,-0.0445
train,1994-08-16,6.488,6.5266,0.0386
train,1994-08-17,7.998,7.9748,-0.0232
train,1994-08-18,6.688,6.4827,-0.2053
train,1994-08-19,7.106,7.094,-0.012
train,1994-08-20,7.088,7.076,-0.012
train,1994-08-21,7.478,7.5844,0.1064
train,1994-08-22,12.128,11.5065,-0.6215
train,1994-08-23,6.968,7.0133,0.0453
train,1994-08-24,6.072,6.0553,-0.0167
train,1994-08-25,7.228,7.2869,0.0589
train,1994-08-26,7.398,7.6293,0.2313
train,1994-08-27,6.408,6.3955,-0.0125
train,1994-08-28,6.704,6.6582,-0.0458
train,1994-08-29,6.704,6.6073,-0.0967
train,1994-08-30,6.858,6.867,0.009
train,1994-08-31,7.638,7.4553,-0.1827
train,1994-09-01,6.678,6.6455,-0.0325
train,1994-09-02,6.438,6.42,-0.018
train,1994-09-03,7.128,7.3704,0.2424
train,1994-09-04,7.518,7.6674,0.1494
train,1994-09-05,6.686,6.7098,0.0238
train,1994-09-06,6.508,6.5551,0.0471
train,1994-09-07,8.148,8.3294,0.1814
train,1994-09-08,7.478,7.5198,0.0418
train,1994-09-09,9.188,9.5781,0.3901
train,1994-09-10,6.372,6.3631,-0.0089
train,1994-09-11,7.808,7.7847,-0.0233
train,1994-09-12,7.428,7.4012,-0.0268
train,1994-09-13,7.038,7.1344,0.0964
train,1994-09-14,6.542,6.5893,0.0473
train,1994-09-15,6.37,6.3729,0.0029
train,1994-09-16,7.988,8.5156,0.5276
train,1994-09-17,6.618,6.6498,0.0318
train,1994-09-18,6.608,6.6072,-0.0008
train,1994-09-19,6.408,6.394,-0.014
train,1994-09-20,6.998,6.9991,0.0011
train,1994-09-21,6.764,7.123,0.359
train,1994-09-22,6.708,6.8297,0.1217
train,1994-09-23,6.41,6.6977,0.2877
train,1994-09-24,7.858,8.016,0.158
train,1994-09-25,6.848,6.8444,-0.0036
train,1994-09-26,6.926,6.9722,0.0462
train,1994-09-27,6.798,6.8859,0.0879
train,1994-09-28,9.614,9.5483,-0.0657
train,1994-09-29,9.358,9.1952,-0.1628
train,1994-09-30,8.398,8.41,0.012
train,1994-10-01,7.048,6.9371,-0.1109
train,1994-10-02,7.008,6.9074,-0.1006
train,1994-10-03,6.622,6.6222,0.0002
train,1994-10-04,6.09,6.0238,-0.0662
train,1994-10-05,6.348,6.3222,-0.0258
train,1994-10-06,6.928,6.903,-0.025
train,1994-10-07,8.808,8.863,0.055
train,1994-10-08,6.778,6.8431,0.0651
train,1994-10-09,7.718,7.7356,0.0176
train,1994-10-10,6.878,6.9352,0.0572
train,1994-10-11,6.688,6.7133,0.0253
train,1994-10-12,7.346,7.3258,-0.0202
train,1994-10-13,7.258,7.1461,-0.1119
train,1994-10-14,6.88,6.8069,-0.0731
train,1994-10-15,7.568,7.7281,0.1601
train,1994-10-16,8.588,8.152,-0.436
train,1994-10-17,6.768,6.9051,0.1371
train,1994-10-18,8.048,8.1047,0.0567
train,1994-10-19,6.858,6.7927,-0.0653
train,1994-10-20,7.098,7.1152,0.0172
train,1994-10-21,8.364,8.6965,0.3325
train,1994-10-22,9.714,9.2807,-0.4333
train,1994-10-23,7.164,7.2257,0.0617
train,1994-10-24,6.038,6.0108,-0.0272
train,1994-10-25,8.378,8.9536,0.5756
train,1994-10-26,7.096,7.0732,-0.0228
train,1994-10-27,6.406,6.2456,-0.1604
train,1994-10-28,7.128,7.0672,-0.0608
train,1994-10-29,9.114,8.4509,-0.6631
train,1994-10-30,9.018,9.622,0.604
train,1994-10-31,9.548,9.5124,-0.0356
train,1994-11-01,6.828,6.8295,0.0015
train,1994-11-02,6.338,6.3108,-0.0272
train,1994-11-03,9.828,10.1344,0.3064
train,1994-11-04,6.522,6.535,0.013
train,1994-11-05,6.196,6.1885,-0.0075
train,1994-11-06,8.718,8.7099,-0.0081
train,1994-11-07,6.808,6.7875,-0.0205
train,1994-11-08,7.008,6.9988,-0.0092
train,1994-11-09,7.198,7.227,0.029
train,1994-11-10,7.838,7.9302,0.0922
train,1994-11-11,7.108,7.0525,-0.0555
train,1994-11-12,6.716,6.7484,0.0324
train,1994-11-13,6.778,6.7671,-0.0109
train,1994-11-14,7.24,7.3083,0.0683
train,1994-11-15,6.878,7.3776,0.4996
train,1994-11-16,11.288,10.9271,-0.3609
train,1994-11-17,6.928,6.9139,-0.0141
train,1994-11-18,9.014,9.4479,0.4339
train,1994-11-19,7.408,7.4276,0.0196
train,1994-11-20,6.31,6.3585,0.0485
train,1994-11-21,6.686,6.8236,0.1376
train,1994-11-22,6.778,6.9814,0.2034
train,1994-11-23,8.96,8.3349,-0.6251
train,1994-11-24,7.106,6.7704,-0.3356
train,1994-11-25,6.968,6.9175,-0.0505
train,1994-11-26,7.146,7.2057,0.0597
train,1994-11-27,6.678,6.6962,0.0182
train,1994-11-28,7.178,7.1146,-0.0634
train,1994-11-29,6.504,6.4829,-0.0211
train,1994-11-30,6.664,6.6246,-0.0394
train,1994-12-01,7.088,6.9806,-0.1074
train,1994-12-02,8.056,7.2481,-0.8079
train,1994-12-03,6.768,6.6117,-0.1563
train,1994-12-04,5.998,6.2154,0.2174
train,1994-12-05,6.656,6.7692,0.1132
train,1994-12-06,7.078,7.0704,-0.0076
train,1994-12-07,6.792,6.8205,0.0285
train,1994-12-08,8.068,8.1659,0.0979
train,1994-12-09,7.008,7.0168,0.0088
train,1994-12-10,7.278,7.3459,0.0679
train,1994-12-11,6.908,6.9629,0.0549
train,1994-12-12,7.978,8.0315,0.0535
train,1994-12-13,8.018,8.1055,0.0875
train,1994-12-14,6.748,6.9361,0.1881
train,1994-12-15,6.844,6.8376,-0.0064
train,1994-12-16,9.098,9.2574,0.1594
train,1994-12-17,7.96,8.0774,0.1174
train,1994-12-18,6.696,6.5452,-0.1508
train,1994-12-19,8.092,8.079,-0.013
train,1994-12-20,6.828,6.855,0.027
train,1994-12-21,6.884,6.9082,0.0242
train,1994-12-22,7.598,7.7069,0.1089
train,1994-12-23,9.722,8.4882,-1.2338
train,1994-12-24,6.284,6.3351,0.0511
train,1994-12-25,7.338,7.3602,0.0222
train,1994-12-26,6.526,6.514,-0.012
train,1994-12-27,6.808,6.8301,0.0221
train,1994-12-28,7.748,7.6973,-0.0507
train,1994-12-29,5.928,5.9661,0.0381
train,1994-12-30,7.05,7.0864,0.0364
train,1994-12-31,8.648,8.4764,-0.1716
train,1995-01-01,7.058,7.067,0.009
train,1995-01-02,6.438,6.7466,0.3086
train,1995-01-03,6.798,6.7754,-0.0226
train,1995-01-04,7.564,8.1217,0.5577
train,1995-01-05,7.538,7.4119,-0.1261
train,1995-01-06,10.368,10.4459,0.0779
train,1995-01-07,6.828,6.9353,0.1073
train,1995-01-08,6.978,6.9823,0.0043
train,1995-01-09,9.572,9.6134,0.0414
train,1995-01-10,8.528,8.4625,-0.0655
train,1995-01-11,6.978,6.9449,-0.0331
train,1995-01-12,7.918,7.8399,-0.0781
train,1995-01-13,6.458,6.5808,0.1228
train,1995-01-14,6.458,6.5678,0.1098
train,1995-01-15,6.912,7.0114,0.0994
train,1995-01-16,7.0,6.8515,-0.1485
train,1995-01-17,7.098,7.1412,0.0432
train,1995-01-18,7.038,7.0496,0.0116
train,1995-01-19,6.978,7.002,0.024
train,1995-01-20,8.976,8.2314,-0.7446
train,1995-01-21,8.218,8.1037,-0.1143
train,1995-01-22,10.008,9.0228,-0.9852
train,1995-01-23,6.488,6.5171,0.0291
train,1995-01-24,6.328,6.3774,0.0494
train,1995-01-25,6.208,6.2184,0.0104
train,1995-01-26,8.248,8.2816,0.0336
train,1995-01-27,6.828,6.8224,-0.0056
train,1995-01-28,7.088,7.091,0.003
train,1995-01-29,7.568,7.5527,-0.0153
train,1995-01-30,8.888,8.8592,-0.0288
train,1995-01-31,6.708,6.8797,0.1717
train,1995-02-01,7.238,7.2061,-0.0319
train,1995-02-02,7.376,7.4638,0.0878
train,1995-02-03,6.818,6.9562,0.1382
train,1995-02-04,7.778,7.8964,0.1184
train,1995-02-05,8.718,9.075,0.357
train,1995-02-06,8.73,8.79,0.06
train,1995-02-07,10.432,10.1355,-0.2965
train,1995-02-08,6.988,6.942,-0.046
train,1995-02-09,8.068,8.2896,0.2216
train,1995-02-10,7.982,7.9541,-0.0279
train,1995-02-11,10.02,9.6412,-0.3788
train,1995-02-12,7.078,7.0744,-0.0036
train,1995-02-13,8.478,7.825,-0.653
train,1995-02-14,9.956,10.015,0.059
train,1995-02-15,9.318,9.1938,-0.1242
train,1995-02-16,6.868,6.9076,0.0396
train,1995-02-17,7.388,7.5867,0.1987
train,1995-02-18,6.868,6.8685,0.0005
train,1995-02-19,7.158,7.3287,0.1707
train,1995-02-20,7.128,7.2223,0.0943
train,1995-02-21,5.938,6.1853,0.2473
train,1995-02-22,6.336,6.241,-0.095
train,1995-02-23,7.668,7.7198,0.0518
train,1995-02-24,7.478,7.4457,-0.0323
train,1995-02-25,9.398,9.422,0.024
train,1995-02-26,7.038,7.0581,0.0201
train,1995-02-27,7.478,7.5423,0.0643
train,1995-02-28,8.132,7.6933,-0.4387
train,1995-03-01,6.948,6.9826,0.0346
train,1995-03-02,6.45,6.4576,0.0076
train,1995-03-03,7.038,7.0384,0.0004
train,1995-03-04,8.846,8.5236,-0.3224
train,1995-03-05,6.716,6.7794,0.0634
train,1995-03-06,7.244,7.2867,0.0427
train,1995-03-07,8.238,8.303,0.065
train,1995-03-08,6.33,6.1368,-0.1932
train,1995-03-09,7.858,7.5508,-0.3072
train,1995-03-10,7.168,7.4188,0.2508
train,1995-03-11,7.138,7.0933,-0.0447
train,1995-03-12,7.358,7.3655,0.0075
train,1995-03-13,6.778,6.7213,-0.0567
train,1995-03-14,6.838,6.852,0.014
train,1995-03-15,7.078,7.0795,0.0015
train,1995-03-16,7.33,7.4259,0.0959
train,1995-03-17,6.604,6.5554,-0.0486
train,1995-03-18,7.132,7.4276,0.2956
train,1995-03-19,8.448,8.7064,0.2584
train,1995-03-20,6.818,6.8433,0.0253
train,1995-03-21,7.368,7.4636,0.0956
train,1995-03-22,8.338,8.4488,0.1108
train,1995-03-23,7.178,7.5246,0.3466
train,1995-03-24,6.282,6.2626,-0.0194
train,1995-03-25,6.714,6.8955,0.1815
train,1995-03-26,6.828,6.8117,-0.0163
train,1995-03-27,6.968,6.9471,-0.0209
train,1995-03-28,6.948,7.0117,0.0637
train,1995-03-29,8.26,8.2095,-0.0505
train,1995-03-30,7.206,7.2631,0.0571
train,1995-03-31,6.586,6.5392,-0.0468
train,1995-04-01,7.758,7.917,0.159
train,1995-04-02,6.908,6.9197,0.0117
train,1995-04-03,6.928,6.9755,0.0475
train,1995-04-04,8.728,8.264,-0.464
train,1995-04-05,8.108,7.3754,-0.7326
train,1995-04-06,7.152,7.0918,-0.0602
train,1995-04-07,7.238,7.2569,0.0189
train,1995-04-08,7.918,8.0499,0.1319
train,1995-04-09,7.908,8.03,0.122
train,1995-04-10,7.498,7.4772,-0.0208
train,1995-04-11,7.708,7.7934,0.0854
train,1995-04-12,8.898,9.0595,0.1615
train,1995-04-13,6.348,6.4179,0.0699
train,1995-04-14,7.288,7.299,0.011
train,1995-04-15,8.086,8.1239,0.0379
train,1995-04-16,7.23,7.244,0.014
train,1995-04-17,7.648,7.6784,0.0304
train,1995-04-18,6.188,6.0881,-0.0999
train,1995-04-19,6.652,6.6844,0.0324
train,1995-04-20,7.09,7.203,0.113
train,1995-04-21,6.888,6.8921,0.0041
train,1995-04-22,7.028,7.0253,-0.0027
train,1995-04-23,6.482,6.5152,0.0332
train,1995-04-24,7.678,7.6655,-0.0125
train,1995-04-25,6.928,7.0229,0.0949
train,1995-04-26,7.808,7.9448,0.1368
train,1995-04-27,6.718,6.7113,-0.0067
train,1995-04-28,8.248,8.2724,0.0244
train,1995-04-29,6.778,6.7953,0.0173
train,1995-04-30,6.838,6.9266,0.0886
train,1995-05-01,6.988,6.9579,-0.0301
train,1995-05-02,8.008,7.7658,-0.2422
train,1995-05-03,6.208,6.2129,0.0049
train,1995-05-04,6.888,6.8902,0.0022
train,1995-05-05,10.338,9.9924,-0.3456
train,1995-05-06,6.738,6.6595,-0.0785
train,1995-05-07,8.688,7.6618,-1.0262
train,1995-05-08,6.93,6.9113,-0.0187
train,1995-05-09,7.228,7.2141,-0.0139
train,1995-05-10,7.21,7.0425,-0.1675
train,1995-05-11,8.098,8.4148,0.3168
train,1995-05-12,7.048,7.0968,0.0488
train,1995-05-13,6.658,6.288,-0.37
train,1995-05-14,7.108,7.153,0.045
train,1995-05-15,6.858,6.852,-0.006
train,1995-05-16,7.026,7.1311,0.1051
train,1995-05-17,7.178,7.122,-0.056
train,1995-05-18,7.668,7.6404,-0.0276
train,1995-05-19,7.718,7.7309,0.0129
train,1995-05-20,7.26,7.3345,0.0745
train,1995-05-21,7.064,7.0604,-0.0036
train,1995-05-22,5.778,5.8876,0.1096
train,1995-05-23,8.328,8.2333,-0.0947
train,1995-05-24,9.948,9.6936,-0.2544
train,1995-05-25,7.028,7.0112,-0.0168
train,1995-05-26,7.998,8.0253,0.0273
train,1995-05-27,6.874,6.9866,0.1126
train,1995-05-28,7.158,7.0828,-0.0752
train,1995-05-29,6.5,6.3494,-0.1506
train,1995-05-30,7.948,7.6884,-0.2596
train,1995-05-31,7.018,7.0759,0.0579
train,1995-06-01,5.828,6.0409,0.2129
train,1995-06-02,7.148,7.267,0.119
train,1995-06-03,6.344,6.3699,0.0259
train,1995-06-04,6.648,6.7408,0.0928
train,1995-06-05,6.748,6.8005,0.0525
train,1995-06-06,6.568,6.154,-0.414
train,1995-06-07,8.628,8.4831,-0.1449
train,1995-06-08,7.298,7.3471,0.0491
train,1995-06-09,8.268,8.2987,0.0307
train,1995-06-10,7.028,7.0423,0.0143
train,1995-06-11,6.688,6.6621,-0.0259
train,1995-06-12,7.068,7.0367,-0.0313
train,1995-06-13,6.778,6.8023,0.0243
train,1995-06-14,7.278,6.7711,-0.5069
train,1995-06-15,10.708,11.1536,0.4456
train,1995-06-16,8.018,8.0124,-0.0056
train,1995-06-17,6.216,6.1858,-0.0302
train,1995-06-18,6.808,6.6945,-0.1135
train,1995-06-19,7.748,7.8237,0.0757
train,1995-06-20,6.988,7.012,0.024
train,1995-06-21,7.302,7.3608,0.0588
train,1995-06-22,7.178,7.1939,0.0159
train,1995-06-23,6.384,6.4195,0.0355
train,1995-06-24,7.138,7.1373,-0.0007
train,1995-06-25,6.368,6.3429,-0.0251
train,1995-06-26,6.908,6.8908,-0.0172
train,1995-06-27,6.92,7.198,0.278
train,1995-06-28,7.968,8.1493,0.1813
train,1995-06-29,10.478,10.6547,0.1767
train,1995-06-30,6.764,6.7683,0.0043
train,1995-07-01,8.448,8.4475,-0.0005
train,1995-07-02,7.348,7.3965,0.0485
train,1995-07-03,9.098,9.2358,0.1378
train,1995-07-04,9.758,9.7739,0.0159
train,1995-07-05,6.988,7.1032,0.1152
train,1995-07-06,6.732,6.7037,-0.0283
train,1995-07-07,6.978,7.0256,0.0476
train,1995-07-08,6.918,7.0444,0.1264
train,1995-07-09,6.528,6.5204,-0.0076
train,1995-07-10,6.978,6.936,-0.042
train,1995-07-11,6.558,6.4646,-0.0934
train,1995-07-12,11.558,11.2809,-0.2771
train,1995-07-13,6.958,6.9454,-0.0126
train,1995-07-14,7.108,7.0958,-0.0122
train,1995-07-15,8.636,8.5744,-0.0616
train,1995-07-16,7.028,7.0264,-0.0016
train,1995-07-17,8.578,8.3488,-0.2292
train,1995-07-18,7.068,7.0234,-0.0446
train,1995-07-19,6.588,6.5696,-0.0184
train,1995-07-20,6.926,6.9872,0.0612
train,1995-07-21,7.118,7.2404,0.1224
train,1995-07-22,6.478,6.4366,-0.0414
train,1995-07-23,8.368,8.2015,-0.1665
train,1995-07-24,6.958,7.048,0.09
train,1995-07-25,6.958,6.9455,-0.0125
train,1995-07-26,6.738,6.7871,0.0491
train,1995-07-27,7.248,7.4397,0.1917
train,1995-07-28,7.222,7.2163,-0.0057
train,1995-07-29,10.198,9.721,-0.477
train,1995-07-30,6.198,6.1115,-0.0865
train,1995-07-31,7.918,7.9248,0.0068
train,1995-08-01,8.598,8.7104,0.1124
train,1995-08-02,6.838,6.7986,-0.0394
train,1995-08-03,7.408,7.7085,0.3005
train,1995-08-04,7.048,7.167,0.119
train,1995-08-05,6.398,6.4833,0.0853
train,1995-08-06,7.754,7.8924,0.1384
train,1995-08-07,6.298,6.1748,-0.1232
train,1995-08-08,6.974,7.3283,0.3543
train,1995-08-09,8.168,8.1572,-0.0108
train,1995-08-10,6.658,6.7946,0.1366
train,1995-08-11,10.388,8.8743,-1.5137
train,1995-08-12,6.312,6.3372,0.0252
train,1995-08-13,7.518,7.4696,-0.0484
train,1995-08-14,7.408,7.478,0.07
train,1995-08-15,8.748,8.4172,-0.3308
train,1995-08-16,7.648,7.5471,-0.1009
train,1995-08-17,9.334,8.761,-0.573
train,1995-08-18,6.878,7.2227,0.3447
train,1995-08-19,10.542,10.5334,-0.0086
train,1995-08-20,11.028,10.6753,-0.3527
train,1995-08-21,6.934,6.977,0.043
train,1995-08-22,6.038,6.0603,0.0223
train,1995-08-23,7.048,6.9386,-0.1094
train,1995-08-24,7.068,7.0656,-0.0024
train,1995-08-25,8.428,8.54,0.112
train,1995-08-26,8.018,8.1483,0.1303
train,1995-08-27,7.072,7.3608,0.2888
train,1995-08-28,7.994,7.859,-0.135
train,1995-08-29,6.048,6.2007,0.1527
train,1995-08-30,7.388,7.2833,-0.1047
train,1995-08-31,6.948,6.939,-0.009
train,1995-09-01,8.838,8.6852,-0.1528
train,1995-09-02,7.428,7.4803,0.0523
train,1995-09-03,6.668,6.6619,-0.0061
train,1995-09-04,7.368,7.4135,0.0455
train,1995-09-05,7.9,7.9932,0.0932
train,1995-09-06,6.508,6.4736,-0.0344
train,1995-09-07,8.348,8.4549,0.1069
train,1995-09-08,6.708,6.6716,-0.0364
train,1995-09-09,6.898,6.9062,0.0082
train,1995-09-10,7.078,7.1451,0.0671
train,1995-09-11,7.098,7.1755,0.0775
train,1995-09-12,6.328,6.3677,0.0397
train,1995-09-13,7.118,7.1067,-0.0113
train,1995-09-14,7.602,7.349,-0.253
train,1995-09-15,7.078,7.1197,0.0417
train,1995-09-16,7.388,7.5188,0.1308
train,1995-09-17,7.148,7.1946,0.0466
train,1995-09-18,7.968,7.9636,-0.0044
train,1995-09-19,6.968,6.992,0.024
train,1995-09-20,9.668,9.264,-0.404
train,1995-09-21,6.878,6.8526,-0.0254
train,1995-09-22,6.768,6.7491,-0.0189
train,1995-09-23,7.108,7.1212,0.0132
train,1995-09-24,6.828,6.772,-0.056
train,1995-09-25,6.918,6.853,-0.065
train,1995-09-26,9.138,9.1798,0.0418
train,1995-09-27,6.688,6.5546,-0.1334
train,1995-09-28,8.908,8.8442,-0.0638
train,1995-09-29,6.508,6.9085,0.4005
train,1995-09-30,6.848,6.8661,0.0181
train,1995-10-01,7.118,7.2959,0.1779
train,1995-10-02,10.668,10.2976,-0.3704
train,1995-10-03,6.898,6.9036,0.0056
train,1995-10-04,7.188,7.2197,0.0317
train,1995-10-05,5.908,5.9414,0.0334
train,1995-10-06,6.928,6.9083,-0.0197
train,1995-10-07,7.008,7.015,0.007
train,1995-10-08,7.268,7.2892,0.0212
train,1995-10-09,6.808,6.7825,-0.0255
train,1995-10-10,8.348,8.4356,0.0876
train,1995-10-11,7.668,7.6613,-0.0067
train,1995-10-12,6.3,6.3309,0.0309
train,1995-10-13,6.768,6.6938,-0.0742
train,1995-10-14,6.388,6.4049,0.0169
train,1995-10-15,7.498,7.6127,0.1147
train,1995-10-16,7.798,7.7467,-0.0513
train,1995-10-17,7.548,7.4573,-0.0907
train,1995-10-18,7.096,7.1863,0.0903
train,1995-10-19,7.148,7.1617,0.0137
train,1995-10-20,8.708,8.5535,-0.1545
train,1995-10-21,6.478,6.5412,0.0632
train,1995-10-22,8.248,8.2495,0.0015
train,1995-10-23,8.298,8.3858,0.0878
train,1995-10-24,7.84,7.9561,0.1161
train,1995-10-25,6.382,6.3979,0.0159
train,1995-10-26,8.304,8.3454,0.0414
train,1995-10-27,6.848,6.8103,-0.0377
train,1995-10-28,6.71,6.6894,-0.0206
train,1995-10-29,7.114,7.0432,-0.0708
train,1995-10-30,6.29,6.2528,-0.0372
train,1995-10-31,6.286,6.2103,-0.0757
train,1995-11-01,6.786,7.219,0.433
train,1995-11-02,7.768,7.8923,0.1243
train,1995-11-03,7.394,7.4169,0.0229
train,1995-11-04,8.268,8.2636,-0.0044
train,1995-11-05,9.786,9.1079,-0.6781
train,1995-11-06,7.046,7.0592,0.0132
train,1995-11-07,7.268,7.3525,0.0845
train,1995-11-08,7.458,7.4203,-0.0377
train,1995-11-09,6.7,6.7407,0.0407
train,1995-11-10,6.886,6.8252,-0.0608
train,1995-11-11,6.684,6.8481,0.1641
train,1995-11-12,8.518,9.1172,0.5992
train,1995-11-13,7.85,7.8797,0.0297
train,1995-11-14,8.668,7.9194,-0.7486
train,1995-11-15,6.998,6.968,-0.03
train,1995-11-16,6.448,6.5257,0.0777
train,1995-11-17,9.698,8.2859,-1.4121
train,1995-11-18,8.508,8.6581,0.1501
train,1995-11-19,7.686,7.9065,0.2205
train,1995-11-20,8.218,8.2568,0.0388
train,1995-11-21,7.088,7.0547,-0.0333
train,1995-11-22,7.258,7.1611,-0.0969
train,1995-11-23,7.058,7.0884,0.0304
train,1995-11-24,8.258,7.492,-0.766
train,1995-11-25,6.698,6.6069,-0.0911
train,1995-11-26,6.178,6.1971,0.0191
train,1995-11-27,7.128,7.1063,-0.0217
train,1995-11-28,6.342,6.2933,-0.0487
train,1995-11-29,8.732,8.6954,-0.0366
train,1995-11-30,6.198,6.1933,-0.0047
train,1995-12-01,7.408,7.5476,0.1396
train,1995-12-02,7.638,7.598,-0.04
train,1995-12-03,6.548,6.5193,-0.0287
train,1995-12-04,6.03,6.0205,-0.0095
train,1995-12-05,7.11,7.3275,0.2175
train,1995-12-06,6.938,6.9139,-0.0241
train,1995-12-07,7.868,8.0116,0.1436
train,1995-12-08,7.938,7.9625,0.0245
train,1995-12-09,7.16,7.2777,0.1177
train,1995-12-10,8.142,7.8363,-0.3057
train,1995-12-11,6.702,6.7331,0.0311
train,1995-12-12,6.328,6.588,0.26
train,1995-12-13,7.088,7.1157,0.0277
train,1995-12-14,7.338,7.7101,0.3721
train,1995-12-15,9.068,8.8271,-0.2409
train,1995-12-16,9.148,9.0049,-0.1431
train,1995-12-17,7.428,7.3319,-0.0961
train,1995-12-18,8.138,8.1043,-0.0337
train,1995-12-19,9.378,9.4719,0.0939
train,1995-12-20,10.498,9.5006,-0.9974
train,1995-12-21,6.68,6.7292,0.0492
train,1995-12-22,6.96,7.1666,0.2066
train,1995-12-23,6.732,6.7307,-0.0013
train,1995-12-24,7.968,8.0783,0.1103
train,1995-12-25,7.988,8.0222,0.0342
train,1995-12-26,6.298,6.2365,-0.0615
train,1995-12-27,8.198,8.4713,0.2733
train,1995-12-28,7.348,7.3588,0.0108
train,1995-12-29,6.998,7.0242,0.0262
train,1995-12-30,7.038,7.0106,-0.0274
train,1995-12-31,8.908,8.957,0.049
train,1996-01-01,7.028,7.0904,0.0624
train,1996-01-02,6.338,6.4911,0.1531
train,1996-01-03,6.688,6.7895,0.1015
train,1996-01-04,6.738,6.7837,0.0457
train,1996-01-05,6.968,6.9558,-0.0122
train,1996-01-06,9.558,9.5147,-0.0433
train,1996-01-07,7.568,7.5245,-0.0435
train,1996-01-08,6.338,6.582,0.244
train,1996-01-09,7.35,7.3092,-0.0408
train,1996-01-10,7.068,7.2637,0.1957
train,1996-01-11,7.838,7.7894,-0.0486
train,1996-01-12,5.958,6.0797,0.1217
train,1996-01-13,6.594,6.7225,0.1285
train,1996-01-14,6.398,6.3871,-0.0109
train,1996-01-15,6.368,6.3028,-0.0652
train,1996-01-16,6.938,6.9699,0.0319
train,1996-01-17,6.304,6.2815,-0.0225
train,1996-01-18,9.022,9.2276,0.2056
train,1996-01-19,7.698,7.6886,-0.0094
train,1996-01-20,6.658,6.7202,0.0622
train,1996-01-21,6.988,7.0574,0.0694
train,1996-01-22,7.268,7.1841,-0.0839
train,1996-01-23,8.382,8.0975,-0.2845
train,1996-01-24,6.738,6.8003,0.0623
train,1996-01-25,7.008,7.0179,0.0099
train,1996-01-26,9.518,8.9967,-0.5213
train,1996-01-27,8.538,8.8978,0.3598
train,1996-01-28,7.018,6.8539,-0.1641
train,1996-01-29,6.562,6.6064,0.0444
train,1996-01-30,7.098,7.0709,-0.0271
train,1996-01-31,6.79,6.7954,0.0054
train,1996-02-01,6.436,6.4699,0.0339
train,1996-02-02,6.488,6.5849,0.0969
train,1996-02-03,8.218,7.873,-0.345
train,1996-02-04,6.818,6.869,0.051
train,1996-02-05,9.038,9.1395,0.1015
train,1996-02-06,9.698,9.8487,0.1507
train,1996-02-07,8.128,8.1435,0.0155
train,1996-02-08,6.888,6.8171,-0.0709
train,1996-02-09,6.518,6.5474,0.0294
train,1996-02-10,7.088,7.0951,0.0071
train,1996-02-11,6.508,6.4119,-0.0961
train,1996-02-12,6.068,6.1857,0.1177
train,1996-02-13,6.168,6.2415,0.0735
train,1996-02-14,6.936,6.9931,0.0571
train,1996-02-15,6.588,6.7663,0.1783
train,1996-02-16,7.992,8.0706,0.0786
train,1996-02-17,7.494,7.3228,-0.1712
train,1996-02-18,7.348,7.5039,0.1559
train,1996-02-19,7.124,6.735,-0.389
train,1996-02-20,7.028,7.0232,-0.0048
train,1996-02-21,8.348,8.1702,-0.1778
train,1996-02-22,9.568,9.606,0.038
train,1996-02-23,6.788,6.7447,-0.0433
train,1996-02-24,7.048,6.9298,-0.1182
train,1996-02-25,6.728,6.6763,-0.0517
train,1996-02-26,6.282,6.3179,0.0359
train,1996-02-27,7.418,7.4632,0.0452
train,1996-02-28,9.518,9.8641,0.3461
train,1996-02-29,7.01,7.0646,0.0546
train,1996-03-01,8.898,8.8584,-0.0396
train,1996-03-02,7.126,7.2713,0.1453
train,1996-03-03,6.73,6.9455,0.2155
train,1996-03-04,6.792,6.7101,-0.0819
train,1996-03-05,6.736,6.8418,0.1058
train,1996-03-06,6.338,6.3803,0.0423
train,1996-03-07,6.828,6.8298,0.0018
train,1996-03-08,7.208,7.2936,0.0856
train,1996-03-09,7.128,7.1758,0.0478
train,1996-03-10,6.198,6.5516,0.3536
train,1996-03-11,7.518,7.5949,0.0769
train,1996-03-12,6.428,6.4091,-0.0189
train,1996-03-13,7.192,7.3126,0.1206
train,1996-03-14,6.72,6.7277,0.0077
train,1996-03-15,7.948,8.0423,0.0943
train,1996-03-16,8.226,8.0027,-0.2233
train,1996-03-17,6.13,6.1277,-0.0023
train,1996-03-18,7.138,7.3292,0.1912
train,1996-03-19,6.72,6.7168,-0.0032
train,1996-03-20,7.118,7.1082,-0.0098
train,1996-03-21,6.518,6.5477,0.0297
train,1996-03-22,6.998,6.9404,-0.0576
train,1996-03-23,7.358,7.4868,0.1288
train,1996-03-24,7.378,7.417,0.039
train,1996-03-25,6.708,6.5421,-0.1659
train,1996-03-26,7.86,7.6879,-0.1721
train,1996-03-27,7.538,7.5306,-0.0074
train,1996-03-28,6.702,6.6216,-0.0804
train,1996-03-29,6.248,6.2871,0.0391
train,1996-03-30,7.06,7.2269,0.1669
train,1996-03-31,8.748,8.7363,-0.0117
train,1996-04-01,9.898,7.5781,-2.3199
train,1996-04-02,8.138,8.0882,-0.0498
train,1996-04-03,6.718,7.2001,0.4821
train,1996-04-04,7.268,7.2799,0.0119
train,1996-04-05,6.808,6.7885,-0.0195
train,1996-04-06,7.388,7.4008,0.0128
train,1996-04-07,7.736,7.955,0.219
train,1996-04-08,6.864,6.9409,0.0769
train,1996-04-09,7.608,7.9157,0.3077
train,1996-04-10,7.438,7.7177,0.2797
train,1996-04-11,8.888,8.9802,0.0922
train,1996-04-12,6.98,7.1262,0.1462
train,1996-04-13,6.768,6.8356,0.0676
train,1996-04-14,6.14,6.0778,-0.0622
train,1996-04-15,7.978,8.0229,0.0449
train,1996-04-16,6.252,6.2262,-0.0258
train,1996-04-17,6.836,6.7813,-0.0547
train,1996-04-18,7.006,7.0713,0.0653
train,1996-04-19,9.028,8.4169,-0.6111
train,1996-04-20,6.438,6.5646,0.1266
train,1996-04-21,7.218,7.2602,0.0422
train,1996-04-22,7.768,7.6264,-0.1416
train,1996-04-23,7.318,7.2598,-0.0582
train,1996-04-24,9.388,9.4125,0.0245
train,1996-04-25,6.566,6.7745,0.2085
train,1996-04-26,6.73,6.7812,0.0512
train,1996-04-27,6.338,6.7639,0.4259
train,1996-04-28,6.968,6.99,0.022
train,1996-04-29,8.288,8.2826,-0.0054
train,1996-04-30,7.978,8.1765,0.1985
train,1996-05-01,7.838,7.8276,-0.0104
train,1996-05-02,7.954,8.1489,0.1949
train,1996-05-03,7.178,7.1743,-0.0037
train,1996-05-04,9.938,9.9723,0.0343
train,1996-05-05,6.61,6.7494,0.1394
train,1996-05-06,6.948,6.9913,0.0433
train,1996-05-07,6.508,6.4907,-0.0173
train,1996-05-08,8.95,8.471,-0.479
train,1996-05-09,6.086,6.1561,0.0701
train,1996-05-10,6.692,6.6536,-0.0384
train,1996-05-11,7.454,6.87,-0.584
train,1996-05-12,7.028,7.2494,0.2214
train,1996-05-13,6.388,6.5691,0.1811
train,1996-05-14,6.148,6.0509,-0.0971
train,1996-05-15,7.188,7.2032,0.0152
train,1996-05-16,6.768,6.8498,0.0818
train,1996-05-17,6.894,6.9656,0.0716
train,1996-05-18,8.068,8.2416,0.1736
train,1996-05-19,6.338,6.3734,0.0354
train,1996-05-20,6.838,6.7855,-0.0525
train,1996-05-21,8.108,8.29,0.182
train,1996-05-22,7.138,7.1742,0.0362
train,1996-05-23,7.168,7.1181,-0.0499
train,1996-05-24,8.638,8.0428,-0.5952
train,1996-05-25,8.3,8.3384,0.0384
train,1996-05-26,7.288,7.2784,-0.0096
train,1996-05-27,8.508,8.5411,0.0331
train,1996-05-28,8.018,7.968,-0.05
train,1996-05-29,6.168,6.1262,-0.0418
train,1996-05-30,6.216,6.212,-0.004
train,1996-05-31,7.198,7.147,-0.051
train,1996-06-01,7.708,7.7216,0.0136
train,1996-06-02,7.438,7.4199,-0.0181
train,1996-06-03,7.128,7.1902,0.0622
train,1996-06-04,6.878,6.863,-0.015
train,1996-06-05,7.23,7.2804,0.0504
train,1996-06-06,6.848,6.8921,0.0441
train,1996-06-07,6.25,6.3575,0.1075
train,1996-06-08,6.538,6.6004,0.0624
train,1996-06-09,6.64,6.4692,-0.1708
train,1996-06-10,7.068,7.0026,-0.0654
train,1996-06-11,6.036,6.0253,-0.0107
train,1996-06-12,7.838,7.878,0.04
train,1996-06-13,7.068,7.0656,-0.0024
train,1996-06-14,6.968,7.0279,0.0599
train,1996-06-15,11.108,10.7469,-0.3611
train,1996-06-16,7.888,8.0514,0.1634
train,1996-06-17,6.818,6.7501,-0.0679
train,1996-06-18,6.998,6.9382,-0.0598
train,1996-06-19,6.348,6.5866,0.2386
train,1996-06-20,6.998,7.0455,0.0475
train,1996-06-21,6.808,6.8326,0.0246
train,1996-06-22,8.838,8.8512,0.0132
train,1996-06-23,6.968,7.0418,0.0738
train,1996-06-24,6.502,6.439,-0.063
train,1996-06-25,7.158,7.2096,0.0516
train,1996-06-26,7.806,7.7789,-0.0271
train,1996-06-27,8.122,8.3666,0.2446
train,1996-06-28,7.202,7.2474,0.0454
train,1996-06-29,7.918,7.944,0.026
train,1996-06-30,6.628,6.4939,-0.1341
train,1996-07-01,6.938,7.0916,0.1536
train,1996-07-02,6.638,6.5946,-0.0434
train,1996-07-03,6.788,6.9592,0.1712
train,1996-07-04,7.728,7.8356,0.1076
train,1996-07-05,6.768,6.7803,0.0123
train,1996-07-06,11.802,10.7433,-1.0587
train,1996-07-07,7.098,7.0537,-0.0443
train,1996-07-08,7.076,7.0946,0.0186
train,1996-07-09,6.04,6.5097,0.4697
train,1996-07-10,6.314,6.3332,0.0192
train,1996-07-11,7.228,7.1839,-0.0441
train,1996-07-12,6.398,6.399,0.001
train,1996-07-13,6.854,6.9731,0.1191
train,1996-07-14,6.378,6.3683,-0.0097
train,1996-07-15,7.948,7.9908,0.0428
train,1996-07-16,7.168,7.1781,0.0101
train,1996-07-17,7.618,7.6441,0.0261
train,1996-07-18,7.158,7.3259,0.1679
train,1996-07-19,8.864,8.0846,-0.7794
train,1996-07-20,10.11,10.6147,0.5047
train,1996-07-21,7.328,7.2746,-0.0534
train,1996-07-22,6.878,6.9438,0.0658
train,1996-07-23,7.288,7.2643,-0.0237
train,1996-07-24,7.168,7.2698,0.1018
train,1996-07-25,6.328,6.3454,0.0174
train,1996-07-26,7.056,7.1153,0.0593
train,1996-07-27,6.798,6.7466,-0.0514
train,1996-07-28,8.188,8.1071,-0.0809
train,1996-07-29,6.988,6.852,-0.136
train,1996-07-30,6.038,6.0583,0.0203
train,1996-07-31,9.878,9.4139,-0.4641
train,1996-08-01,6.562,6.6168,0.0548
train,1996-08-02,10.378,10.4907,0.1127
train,1996-08-03,7.128,7.2281,0.1001
train,1996-08-04,6.534,6.3761,-0.1579
train,1996-08-05,9.238,9.5192,0.2812
train,1996-08-06,7.088,7.2211,0.1331
train,1996-08-07,8.494,8.1214,-0.3726
train,1996-08-08,7.036,6.9351,-0.1009
train,1996-08-09,6.438,6.7077,0.2697
train,1996-08-10,6.368,6.4153,0.0473
train,1996-08-11,8.368,8.5026,0.1346
train,1996-08-12,7.208,7.2112,0.0032
train,1996-08-13,6.352,6.2457,-0.1063
train,1996-08-14,7.028,7.0167,-0.0113
train,1996-08-15,6.398,6.3559,-0.0421
train,1996-08-16,7.708,7.5203,-0.1877
train,1996-08-17,6.708,6.8295,0.1215
train,1996-08-18,7.598,7.55,-0.048
train,1996-08-19,6.788,6.8047,0.0167
train,1996-08-20,7.348,7.4391,0.0911
train,1996-08-21,7.206,7.3517,0.1457
train,1996-08-22,6.86,6.8677,0.0077
train,1996-08-23,6.788,6.8631,0.0751
train,1996-08-24,6.948,7.0427,0.0947
train,1996-08-25,7.738,7.7241,-0.0139
train,1996-08-26,7.018,7.1581,0.1401
train,1996-08-27,6.982,7.2729,0.2909
train,1996-08-28,6.196,6.1818,-0.0142
train,1996-08-29,6.508,6.7937,0.2857
train,1996-08-30,8.938,8.9686,0.0306
train,1996-08-31,6.598,6.616,0.018
train,1996-09-01,7.456,7.5235,0.0675
train,1996-09-02,7.348,7.51,0.162
train,1996-09-03,6.82,6.8342,0.0142
train,1996-09-04,9.218,9.4168,0.1988
train,1996-09-05,7.008,7.1843,0.1763
train,1996-09-06,7.908,7.267,-0.641
train,1996-09-07,7.168,7.2235,0.0555
train,1996-09-08,9.048,8.9542,-0.0938
train,1996-09-09,7.398,7.4699,0.0719
train,1996-09-10,8.538,7.621,-0.917
train,1996-09-11,7.088,7.0759,-0.0121
train,1996-09-12,7.038,7.0388,0.0008
train,1996-09-13,7.002,7.8211,0.8191
train,1996-09-14,6.574,6.6082,0.0342
train,1996-09-15,6.998,6.9973,-0.0007
train,1996-09-16,7.118,7.1121,-0.0059
train,1996-09-17,6.268,6.3298,0.0618
train,1996-09-18,7.058,6.8511,-0.2069
train,1996-09-19,9.598,9.1212,-0.4768
train,1996-09-20,6.848,6.8851,0.0371
train,1996-09-21,7.006,7.1174,0.1114
train,1996-09-22,6.38,6.3637,-0.0163
train,1996-09-23,6.878,6.8889,0.0109
train,1996-09-24,7.188,7.2428,0.0548
train,1996-09-25,8.778,8.8791,0.1011
train,1996-09-26,7.078,7.095,0.017
train,1996-09-27,6.988,6.9782,-0.0098
train,1996-09-28,7.188,7.2037,0.0157
train,1996-09-29,9.548,9.6282,0.0802
train,1996-09-30,8.53,8.4384,-0.0916
train,1996-10-01,6.908,6.9005,-0.0075
train,1996-10-02,7.208,6.8787,-0.3293
train,1996-10-03,6.678,6.9509,0.2729
train,1996-10-04,6.888,6.8958,0.0078
train,1996-10-05,7.128,7.1387,0.0107
train,1996-10-06,7.308,7.0435,-0.2645
train,1996-10-07,6.916,6.876,-0.04
train,1996-10-08,7.306,7.3788,0.0728
train,1996-10-09,5.786,5.8172,0.0312
train,1996-10-10,7.118,7.1144,-0.0036
train,1996-10-11,8.538,8.7155,0.1775
train,1996-10-12,6.472,6.4215,-0.0505
train,1996-10-13,8.118,8.1602,0.0422
train,1996-10-14,7.318,7.3143,-0.0037
train,1996-10-15,10.738,10.2236,-0.5144
train,1996-10-16,6.398,6.4586,0.0606
train,1996-10-17,7.016,7.0629,0.0469
train,1996-10-18,7.138,7.0979,-0.0401
train,1996-10-19,7.548,7.4713,-0.0767
train,1996-10-20,6.608,6.6862,0.0782
train,1996-10-21,9.614,9.8838,0.2698
train,1996-10-22,7.644,7.6218,-0.0222
train,1996-10-23,7.75,7.8299,0.0799
train,1996-10-24,8.748,8.867,0.119
train,1996-10-25,6.3,6.2719,-0.0281
train,1996-10-26,8.336,8.457,0.121
train,1996-10-27,7.058,7.2626,0.2046
train,1996-10-28,6.276,6.4805,0.2045
train,1996-10-29,6.638,6.7,0.062
train,1996-10-30,7.728,7.75,0.022
train,1996-10-31,6.798,6.7865,-0.0115
train,1996-11-01,8.898,8.4114,-0.4866
train,1996-11-02,6.858,6.8507,-0.0073
train,1996-11-03,8.298,8.2537,-0.0443
train,1996-11-04,8.006,8.2472,0.2412
train,1996-11-05,7.658,7.8043,0.1463
train,1996-11-06,6.868,6.8533,-0.0147
train,1996-11-07,7.998,7.9091,-0.0889
train,1996-11-08,6.512,6.5107,-0.0013
train,1996-11-09,7.098,7.3972,0.2992
train,1996-11-10,6.988,7.0508,0.0628
train,1996-11-11,6.878,6.8011,-0.0769
train,1996-11-12,8.096,8.0746,-0.0214
train,1996-11-13,6.568,6.6549,0.0869
train,1996-11-14,7.028,6.9978,-0.0302
train,1996-11-15,7.068,7.0956,0.0276
train,1996-11-16,6.436,6.4575,0.0215
train,1996-11-17,6.828,6.8001,-0.0279
train,1996-11-18,6.804,6.8013,-0.0027
train,1996-11-19,6.978,6.9833,0.0053
train,1996-11-20,6.598,6.8545,0.2565
train,1996-11-21,6.458,6.4711,0.0131
train,1996-11-22,7.234,7.3526,0.1186
train,1996-11-23,6.768,6.6952,-0.0728
train,1996-11-24,7.548,7.4976,-0.0504
train,1996-11-25,8.988,9.2629,0.2749
train,1996-11-26,9.888,10.0893,0.2013
train,1996-11-27,7.38,7.2033,-0.1767
train,1996-11-28,10.928,10.736,-0.192
train,1996-11-29,6.178,6.2364,0.0584
train,1996-11-30,7.218,7.2401,0.0221
train,1996-12-01,6.918,6.9325,0.0145
train,1996-12-02,6.16,6.2129,0.0529
train,1996-12-03,6.848,6.8108,-0.0372
train,1996-12-04,7.638,7.6484,0.0104
train,1996-12-05,7.868,7.7945,-0.0735
train,1996-12-06,6.906,6.9122,0.0062
train,1996-12-07,6.25,6.2586,0.0086
train,1996-12-08,8.278,8.3729,0.0949
train,1996-12-09,7.138,7.0928,-0.0452
train,1996-12-10,6.618,6.6039,-0.0141
train,1996-12-11,8.516,8.3914,-0.1246
train,1996-12-12,7.468,7.4858,0.0178
train,1996-12-13,6.374,6.3331,-0.0409
train,1996-12-14,6.458,6.4249,-0.0331
train,1996-12-15,7.052,7.0865,0.0345
train,1996-12-16,7.068,7.0755,0.0075
train,1996-12-17,7.648,7.6619,0.0139
train,1996-12-18,7.798,8.0101,0.2121
train,1996-12-19,6.482,6.3954,-0.0866
train,1996-12-20,7.158,7.4445,0.2865
train,1996-12-21,7.218,7.2861,0.0681
train,1996-12-22,7.016,7.1652,0.1492
train,1996-12-23,7.168,7.2403,0.0723
train,1996-12-24,9.718,9.7894,0.0714
train,1996-12-25,7.828,7.8657,0.0377
train,1996-12-26,8.53,8.7322,0.2022
train,1996-12-27,7.398,7.3458,-0.0522
train,1996-12-28,10.158,9.9965,-0.1615
train,1996-12-29,7.038,7.178,0.14
train,1996-12-30,7.218,7.4817,0.2637
train,1996-12-31,7.208,7.1385,-0.0695
train,1997-01-01,6.874,6.8397,-0.0343
train,1997-01-02,6.668,6.7206,0.0526
train,1997-01-03,7.018,7.0668,0.0488
train,1997-01-04,7.532,7.5476,0.0156
train,1997-01-05,10.098,10.0044,-0.0936
train,1997-01-06,8.948,8.9526,0.0046
train,1997-01-07,6.918,6.9435,0.0255
train,1997-01-08,7.528,7.581,0.053
train,1997-01-09,6.788,6.745,-0.043
train,1997-01-10,6.918,6.9297,0.0117
train,1997-01-11,6.978,6.9757,-0.0023
train,1997-01-12,6.21,6.286,0.076
train,1997-01-13,8.408,8.3761,-0.0319
train,1997-01-14,8.068,8.063,-0.005
train,1997-01-15,7.238,7.2848,0.0468
train,1997-01-16,10.488,10.4624,-0.0256
train,1997-01-17,8.848,8.866,0.018
train,1997-01-18,6.468,6.4441,-0.0239
train,1997-01-19,7.028,6.9298,-0.0982
train,1997-01-20,8.388,8.6174,0.2294
train,1997-01-21,7.016,7.4157,0.3997
train,1997-01-22,9.198,9.6142,0.4162
train,1997-01-23,7.038,6.9187,-0.1193
train,1997-01-24,8.974,8.9341,-0.0399
train,1997-01-25,7.368,7.413,0.045
train,1997-01-26,7.138,7.1509,0.0129
train,1997-01-27,7.258,7.2239,-0.0341
train,1997-01-28,6.748,6.7287,-0.0193
train,1997-01-29,7.848,7.8421,-0.0059
train,1997-01-30,6.878,6.8427,-0.0353
train,1997-01-31,6.768,6.7464,-0.0216
train,1997-02-01,6.422,6.346,-0.076
train,1997-02-02,6.668,6.6318,-0.0362
train,1997-02-03,10.028,10.1416,0.1136
train,1997-02-04,6.502,6.3672,-0.1348
train,1997-02-05,6.658,6.6213,-0.0367
train,1997-02-06,8.508,8.7284,0.2204
train,1997-02-07,9.108,9.368,0.26
train,1997-02-08,6.518,6.5795,0.0615
train,1997-02-09,7.358,7.4345,0.0765
train,1997-02-10,5.76,5.9937,0.2337
train,1997-02-11,6.586,6.6464,0.0604
train,1997-02-12,8.806,8.7709,-0.0351
train,1997-02-13,6.898,6.8848,-0.0132
train,1997-02-14,7.74,7.7725,0.0325
train,1997-02-15,6.348,6.3708,0.0228
train,1997-02-16,7.648,7.7781,0.1301
train,1997-02-17,8.568,8.5059,-0.0621
train,1997-02-18,6.658,6.5941,-0.0639
train,1997-02-19,6.704,6.7261,0.0221
train,1997-02-20,9.288,9.217,-0.071
train,1997-02-21,7.056,7.4453,0.3893
train,1997-02-22,8.294,8.2829,-0.0111
train,1997-02-23,10.648,10.6466,-0.0014
train,1997-02-24,9.048,8.9242,-0.1238
train,1997-02-25,7.188,7.1557,-0.0323
train,1997-02-26,6.866,6.4995,-0.3665
train,1997-02-27,8.51,8.6245,0.1145
train,1997-02-28,8.798,8.7696,-0.0284
train,1997-03-01,7.948,8.0882,0.1402
train,1997-03-02,6.042,6.3858,0.3438
train,1997-03-03,7.988,8.2427,0.2547
train,1997-03-04,6.348,6.2981,-0.0499
train,1997-03-05,7.002,7.0444,0.0424
train,1997-03-06,7.028,6.973,-0.055
train,1997-03-07,6.416,6.335,-0.081
train,1997-03-08,7.848,7.6362,-0.2118
train,1997-03-09,6.938,6.9597,0.0217
train,1997-03-10,8.308,8.5227,0.2147
train,1997-03-11,7.008,6.9938,-0.0142
train,1997-03-12,6.348,6.3444,-0.0036
train,1997-03-13,6.998,7.0021,0.0041
train,1997-03-14,6.968,7.027,0.059
train,1997-03-15,7.018,7.0623,0.0443
train,1997-03-16,7.396,7.4455,0.0495
train,1997-03-17,6.358,6.3767,0.0187
train,1997-03-18,6.31,6.2938,-0.0162
train,1997-03-19,7.562,7.5341,-0.0279
train,1997-03-20,6.538,6.3125,-0.2255
train,1997-03-21,7.158,7.2864,0.1284
train,1997-03-22,7.008,7.0192,0.0112
train,1997-03-23,6.49,6.3641,-0.1259
train,1997-03-24,8.182,8.3342,0.1522
train,1997-03-25,7.988,7.7818,-0.2062
train,1997-03-26,7.588,7.4783,-0.1097
train,1997-03-27,6.808,6.7094,-0.0986
train,1997-03-28,7.094,7.2091,0.1151
train,1997-03-29,7.318,7.378,0.06
train,1997-03-30,8.358,8.2873,-0.0707
train,1997-03-31,8.038,8.1448,0.1068
train,1997-04-01,8.34,7.8667,-0.4733
train,1997-04-02,7.698,6.9264,-0.7716
train,1997-04-03,9.91,9.5845,-0.3255
train,1997-04-04,10.218,10.2292,0.0112
train,1997-04-05,7.104,7.1192,0.0152
train,1997-04-06,8.448,8.5259,0.0779
train,1997-04-07,8.438,8.2649,-0.1731
train,1997-04-08,6.4,6.4949,0.0949
train,1997-04-09,6.768,6.7309,-0.0371
train,1997-04-10,6.878,6.9056,0.0276
train,1997-04-11,7.728,7.8049,0.0769
train,1997-04-12,6.738,6.8615,0.1235
train,1997-04-13,6.522,6.3357,-0.1863
train,1997-04-14,8.038,7.8806,-0.1574
train,1997-04-15,6.808,6.8956,0.0876
train,1997-04-16,6.918,6.9314,0.0134
train,1997-04-17,7.288,7.3002,0.0122
train,1997-04-18,6.778,6.7335,-0.0445
train,1997-04-19,6.748,6.6772,-0.0708
train,1997-04-20,6.764,6.7295,-0.0345
train,1997-04-21,7.208,7.2533,0.0453
train,1997-04-22,7.018,7.2372,0.2192
train,1997-04-23,7.732,7.5621,-0.1699
train,1997-04-24,8.826,8.3424,-0.4836
train,1997-04-25,6.518,6.5805,0.0625
train,1997-04-26,6.536,6.6418,0.1058
train,1997-04-27,6.296,6.32,0.024
train,1997-04-28,6.948,6.9291,-0.0189
train,1997-04-29,6.768,6.6056,-0.1624
train,1997-04-30,8.548,8.5082,-0.0398
train,1997-05-01,7.752,7.6816,-0.0704
train,1997-05-02,7.438,7.3921,-0.0459
train,1997-05-03,6.588,6.8721,0.2841
train,1997-05-04,7.568,7.5484,-0.0196
train,1997-05-05,6.338,6.2975,-0.0405
train,1997-05-06,6.166,6.1355,-0.0305
train,1997-05-07,8.508,8.2771,-0.2309
train,1997-05-08,8.568,9.0126,0.4446
train,1997-05-09,7.898,8.0185,0.1205
train,1997-05-10,8.328,8.4349,0.1069
train,1997-05-11,7.148,7.1461,-0.0019
train,1997-05-12,8.308,8.3316,0.0236
train,1997-05-13,7.612,7.7475,0.1355
train,1997-05-14,7.358,7.4074,0.0494
train,1997-05-15,7.188,7.1863,-0.0017
train,1997-05-16,7.68,7.6936,0.0136
train,1997-05-17,6.614,6.5804,-0.0336
train,1997-05-18,7.088,7.1745,0.0865
train,1997-05-19,8.068,7.7691,-0.2989
train,1997-05-20,6.566,6.5762,0.0102
train,1997-05-21,8.338,8.2822,-0.0558
train,1997-05-22,6.726,6.4654,-0.2606
train,1997-05-23,6.314,6.3265,0.0125
train,1997-05-24,6.998,6.9885,-0.0095
train,1997-05-25,6.916,7.0484,0.1324
train,1997-05-26,6.748,6.7587,0.0107
train,1997-05-27,6.678,6.7229,0.0449
train,1997-05-28,6.988,6.9827,-0.0053
train,1997-05-29,8.858,8.835,-0.023
train,1997-05-30,8.758,8.8051,0.0471
train,1997-05-31,6.288,6.2256,-0.0624
train,1997-06-01,6.988,7.1685,0.1805
train,1997-06-02,6.832,6.8547,0.0227
train,1997-06-03,7.048,7.1048,0.0568
train,1997-06-04,6.338,6.3745,0.0365
train,1997-06-05,6.878,6.849,-0.029
train,1997-06-06,9.068,8.1665,-0.9015
train,1997-06-07,6.988,6.662,-0.326
train,1997-06-08,7.188,7.1314,-0.0566
train,1997-06-09,9.518,9.2924,-0.2256
train,1997-06-10,6.6,6.6358,0.0358
train,1997-06-11,6.978,7.0337,0.0557
train,1997-06-12,6.204,6.2027,-0.0013
train,1997-06-13,8.048,8.4,0.352
train,1997-06-14,6.788,6.7061,-0.0819
train,1997-06-15,6.678,6.7528,0.0748
train,1997-06-16,6.718,6.7172,-0.0008
train,1997-06-17,7.108,7.1328,0.0248
train,1997-06-18,9.548,7.9141,-1.6339
train,1997-06-19,7.568,7.5272,-0.0408
train,1997-06-20,7.088,7.0686,-0.0194
train,1997-06-21,6.778,6.7859,0.0079
train,1997-06-22,9.678,9.2641,-0.4139
train,1997-06-23,8.888,9.4012,0.5132
train,1997-06-24,7.074,7.1477,0.0737
train,1997-06-25,7.608,7.6431,0.0351
train,1997-06-26,6.938,6.9997,0.0617
train,1997-06-27,6.344,6.3839,0.0399
train,1997-06-28,6.894,6.8486,-0.0454
train,1997-06-29,9.458,7.8534,-1.6046
train,1997-06-30,6.358,6.3819,0.0239
train,1997-07-01,7.128,7.1541,0.0261
train,1997-07-02,6.7,6.6846,-0.0154
train,1997-07-03,7.028,7.0388,0.0108
train,1997-07-04,7.008,7.0864,0.0784
train,1997-07-05,6.202,6.2555,0.0535
train,1997-07-06,7.044,6.8829,-0.1611
train,1997-07-07,7.068,7.163,0.095
train,1997-07-08,8.648,8.7286,0.0806
train,1997-07-09,7.378,7.445,0.067
train,1997-07-10,7.168,7.1845,0.0165
train,1997-07-11,8.192,8.2171,0.0251
train,1997-07-12,7.008,6.9964,-0.0116
train,1997-07-13,7.018,7.0038,-0.0142
train,1997-07-14,7.108,7.0795,-0.0285
train,1997-07-15,7.228,7.2396,0.0116
train,1997-07-16,8.792,8.4359,-0.3561
train,1997-07-17,7.178,7.2176,0.0396
train,1997-07-18,6.664,6.3653,-0.2987
train,1997-07-19,6.738,6.5452,-0.1928
train,1997-07-20,6.574,6.6627,0.0887
train,1997-07-21,7.398,7.4247,0.0267
train,1997-07-22,7.118,7.0837,-0.0343
train,1997-07-23,7.778,7.5292,-0.2488
train,1997-07-24,7.488,7.5209,0.0329
train,1997-07-25,6.738,6.7759,0.0379
train,1997-07-26,8.448,8.6143,0.1663
train,1997-07-27,6.69,6.6866,-0.0034
train,1997-07-28,7.24,7.8155,0.5755
train,1997-07-29,6.698,6.615,-0.083
train,1997-07-30,7.858,7.8763,0.0183
train,1997-07-31,6.938,6.8976,-0.0404
train,1997-08-01,8.528,8.4652,-0.0628
train,1997-08-02,7.358,7.2677,-0.0903
train,1997-08-03,7.158,7.2716,0.1136
train,1997-08-04,8.988,9.061,0.073
train,1997-08-05,6.442,6.394,-0.048
train,1997-08-06,7.008,7.043,0.035
train,1997-08-07,6.438,6.5764,0.1384
train,1997-08-08,7.726,7.7264,0.0004
train,1997-08-09,8.308,8.3185,0.0105
train,1997-08-10,7.018,7.0156,-0.0024
train,1997-08-11,7.848,7.9726,0.1246
train,1997-08-12,6.678,6.6424,-0.0356
train,1997-08-13,7.328,7.2827,-0.0453
train,1997-08-14,7.228,7.2603,0.0323
train,1997-08-15,6.46,6.5648,0.1048
train,1997-08-16,6.504,6.4903,-0.0137
train,1997-08-17,7.128,7.0642,-0.0638
train,1997-08-18,9.948,9.867,-0.081
train,1997-08-19,7.308,7.3151,0.0071
train,1997-08-20,7.468,7.499,0.031
train,1997-08-21,8.058,8.1383,0.0803
train,1997-08-22,8.082,8.0668,-0.0152
train,1997-08-23,7.838,7.957,0.119
train,1997-08-24,7.048,7.055,0.007
train,1997-08-25,6.638,6.8629,0.2249
train,1997-08-26,6.568,6.4768,-0.0912
train,1997-08-27,9.454,9.7934,0.3394
train,1997-08-28,7.678,8.1615,0.4835
train,1997-08-29,6.442,6.5312,0.0892
train,1997-08-30,7.054,7.5058,0.4518
train,1997-08-31,7.628,7.6212,-0.0068
train,1997-09-01,6.224,6.3005,0.0765
train,1997-09-02,6.956,6.9137,-0.0423
train,1997-09-03,7.878,7.9741,0.0961
train,1997-09-04,6.464,6.4674,0.0034
train,1997-09-05,8.738,8.8909,0.1529
train,1997-09-06,6.436,6.3889,-0.0471
train,1997-09-07,9.688,8.7931,-0.8949
train,1997-09-08,8.998,9.2664,0.2684
train,1997-09-09,6.688,6.7089,0.0209
train,1997-09-10,6.29,6.2966,0.0066
train,1997-09-11,6.688,6.6741,-0.0139
train,1997-09-12,6.888,6.8339,-0.0541
train,1997-09-13,9.738,9.6027,-0.1353
train,1997-09-14,10.468,8.7948,-1.6732
train,1997-09-15,8.948,9.0696,0.1216
train,1997-09-16,7.698,7.8739,0.1759
train,1997-09-17,8.478,8.4026,-0.0754
train,1997-09-18,7.448,7.4776,0.0296
train,1997-09-19,9.508,9.5397,0.0317
train,1997-09-20,7.138,7.1183,-0.0197
train,1997-09-21,7.568,7.7525,0.1845
train,1997-09-22,6.404,6.4038,-0.0002
train,1997-09-23,8.354,8.2827,-0.0713
train,1997-09-24,7.346,7.4836,0.1376
train,1997-09-25,7.428,7.4254,-0.0026
train,1997-09-26,7.038,7.054,0.016
train,1997-09-27,8.152,7.992,-0.16
train,1997-09-28,7.382,7.8773,0.4953
train,1997-09-29,6.688,6.8928,0.2048
train,1997-09-30,6.754,6.9019,0.1479
train,1997-10-01,10.378,10.1998,-0.1782
train,1997-10-02,8.458,8.8779,0.4199
train,1997-10-03,6.788,6.7689,-0.0191
train,1997-10-04,6.928,6.9299,0.0019
train,1997-10-05,8.008,7.914,-0.094
train,1997-10-06,6.572,6.5506,-0.0214
train,1997-10-07,10.178,10.2583,0.0803
train,1997-10-08,6.174,6.1951,0.0211
train,1997-10-09,8.338,8.421,0.083
train,1997-10-10,6.968,7.0584,0.0904
train,1997-10-11,9.688,9.6228,-0.0652
train,1997-10-12,10.518,10.5903,0.0723
train,1997-10-13,7.118,7.4557,0.3377
train,1997-10-14,6.648,6.7605,0.1125
train,1997-10-15,6.054,6.0658,0.0118
train,1997-10-16,7.378,7.4098,0.0318
train,1997-10-17,6.792,6.7874,-0.0046
train,1997-10-18,7.158,7.1868,0.0288
train,1997-10-19,7.896,8.0963,0.2003
train,1997-10-20,8.198,8.2744,0.0764
train,1997-10-21,9.302,9.0997,-0.2023
train,1997-10-22,6.948,6.9379,-0.0101
train,1997-10-23,6.888,6.9151,0.0271
train,1997-10-24,6.958,6.8585,-0.0995
train,1997-10-25,8.008,7.8343,-0.1737
train,1997-10-26,6.084,6.0988,0.0148
train,1997-10-27,8.128,8.1298,0.0018
train,1997-10-28,6.728,6.7738,0.0458
train,1997-10-29,6.938,6.8895,-0.0485
train,1997-10-30,6.444,6.5482,0.1042
train,1997-10-31,7.038,6.9084,-0.1296
train,1997-11-01,7.388,7.3185,-0.0695
train,1997-11-02,6.334,6.3819,0.0479
train,1997-11-03,5.732,5.7843,0.0523
train,1997-11-04,6.304,6.3272,0.0232
train,1997-11-05,9.468,9.5106,0.0426
train,1997-11-06,6.648,6.6384,-0.0096
train,1997-11-07,6.868,6.8984,0.0304
train,1997-11-08,6.784,6.8529,0.0689
train,1997-11-09,6.758,6.7327,-0.0253
train,1997-11-10,7.368,7.1738,-0.1942
train,1997-11-11,7.428,7.1163,-0.3117
train,1997-11-12,6.356,6.3404,-0.0156
train,1997-11-13,6.424,6.4342,0.0102
train,1997-11-14,7.096,6.6006,-0.4954
train,1997-11-15,6.828,6.9258,0.0978
train,1997-11-16,6.828,6.8295,0.0015
train,1997-11-17,6.878,6.8835,0.0055
train,1997-11-18,6.598,6.5353,-0.0627
train,1997-11-19,6.858,7.0163,0.1583
train,1997-11-20,7.648,7.5922,-0.0558
train,1997-11-21,9.318,9.1618,-0.1562
train,1997-11-22,6.724,6.6743,-0.0497
train,1997-11-23,6.868,6.8647,-0.0033
train,1997-11-24,6.716,6.8592,0.1432
train,1997-11-25,10.328,8.8652,-1.4628
train,1997-11-26,6.898,6.9922,0.0942
train,1997-11-27,6.696,6.6059,-0.0901
train,1997-11-28,10.338,9.8091,-0.5289
train,1997-11-29,7.318,7.3655,0.0475
train,1997-11-30,7.348,7.4246,0.0766
train,1997-12-01,8.028,8.36,0.332
train,1997-12-02,6.654,6.6338,-0.0202
train,1997-12-03,7.496,6.8312,-0.6648
train,1997-12-04,7.086,7.1925,0.1065
train,1997-12-05,7.778,7.634,-0.144
train,1997-12-06,6.034,6.0182,-0.0158
train,1997-12-07,6.866,6.9587,0.0927
train,1997-12-08,8.632,8.2726,-0.3594
train,1997-12-09,8.578,8.3454,-0.2326
train,1997-12-10,6.888,6.862,-0.026
train,1997-12-11,7.808,7.8605,0.0525
train,1997-12-12,6.188,6.3926,0.2046
train,1997-12-13,8.238,7.84,-0.398
train,1997-12-14,8.228,8.104,-0.124
train,1997-12-15,7.88,8.1918,0.3118
train,1997-12-16,6.738,6.8407,0.1027
train,1997-12-17,11.768,11.4027,-0.3653
train,1997-12-18,6.798,6.7789,-0.0191
train,1997-12-19,6.438,6.533,0.095
train,1997-12-20,8.564,8.7012,0.1372
train,1997-12-21,6.368,6.402,0.034
train,1997-12-22,7.642,7.2925,-0.3495
train,1997-12-23,7.998,8.2319,0.2339
train,1997-12-24,6.614,6.5467,-0.0673
train,1997-12-25,6.708,6.7857,0.0777
train,1997-12-26,6.646,6.7864,0.1404
train,1997-12-27,7.688,7.9577,0.2697
train,1997-12-28,8.248,8.2564,0.0084
train,1997-12-29,6.444,6.5768,0.1328
train,1997-12-30,7.094,7.0884,-0.0056
train,1997-12-31,6.944,6.9741,0.0301
train,1998-01-01,8.944,8.6207,-0.3233
train,1998-01-02,7.028,7.0665,0.0385
train,1998-01-03,9.338,9.4578,0.1198
train,1998-01-04,7.238,7.2432,0.0052
train,1998-01-05,8.168,8.1,-0.068
train,1998-01-06,8.078,8.0894,0.0114
train,1998-01-07,6.968,7.1085,0.1405
train,1998-01-08,6.948,7.221,0.273
train,1998-01-09,6.708,6.6693,-0.0387
train,1998-01-10,6.968,7.0132,0.0452
train,1998-01-11,8.602,8.6172,0.0152
train,1998-01-12,8.32,8.4652,0.1452
train,1998-01-13,9.808,9.7712,-0.0368
train,1998-01-14,6.572,6.6175,0.0455
train,1998-01-15,6.682,6.6822,0.0002
train,1998-01-16,7.576,7.5227,-0.0533
train,1998-01-17,8.168,8.2262,0.0582
train,1998-01-18,7.208,7.2216,0.0136
train,1998-01-19,6.868,6.9956,0.1276
train,1998-01-20,6.496,6.5232,0.0272
train,1998-01-21,8.018,8.0931,0.0751
train,1998-01-22,7.664,7.1505,-0.5135
train,1998-01-23,9.288,8.8488,-0.4392
train,1998-01-24,8.196,7.8816,-0.3144
train,1998-01-25,7.228,7.2539,0.0259
train,1998-01-26,7.008,6.9126,-0.0954
train,1998-01-27,7.028,7.0568,0.0288
train,1998-01-28,6.692,6.6791,-0.0129
train,1998-01-29,6.448,6.4953,0.0473
train,1998-01-30,7.118,7.148,0.03
train,1998-01-31,7.648,7.567,-0.081
train,1998-02-01,6.518,6.5414,0.0234
train,1998-02-02,8.364,8.7321,0.3681
train,1998-02-03,8.342,8.673,0.331
train,1998-02-04,6.312,6.2785,-0.0335
train,1998-02-05,7.258,7.4331,0.1751
train,1998-02-06,10.396,10.436,0.04
train,1998-02-07,7.698,7.662,-0.036
train,1998-02-08,7.058,7.0747,0.0167
train,1998-02-09,6.04,5.9842,-0.0558
train,1998-02-10,6.488,6.5006,0.0126
train,1998-02-11,7.778,7.85,0.072
train,1998-02-12,8.216,8.3312,0.1152
train,1998-02-13,11.978,11.5658,-0.4122
train,1998-02-14,7.218,7.1741,-0.0439
train,1998-02-15,9.342,9.6914,0.3494
train,1998-02-16,9.368,8.7866,-0.5814
train,1998-02-17,6.488,6.4939,0.0059
train,1998-02-18,7.788,7.7677,-0.0203
train,1998-02-19,8.288,8.5942,0.3062
train,1998-02-20,5.748,5.83,0.082
train,1998-02-21,7.078,7.1246,0.0466
train,1998-02-22,6.958,6.9592,0.0012
train,1998-02-23,6.898,6.8757,-0.0223
train,1998-02-24,9.398,9.072,-0.326
train,1998-02-25,7.018,7.2008,0.1828
train,1998-02-26,6.368,6.4081,0.0401
train,1998-02-27,6.746,6.7429,-0.0031
train,1998-02-28,7.158,7.2398,0.0818
train,1998-03-01,7.088,7.1201,0.0321
train,1998-03-02,6.588,6.6169,0.0289
train,1998-03-03,6.806,6.9858,0.1798
train,1998-03-04,6.918,6.9439,0.0259
train,1998-03-05,7.156,7.0034,-0.1526
train,1998-03-06,6.322,6.3133,-0.0087
train,1998-03-07,9.008,9.1028,0.0948
train,1998-03-08,8.228,8.0634,-0.1646
train,1998-03-09,6.788,6.764,-0.024
train,1998-03-10,8.002,8.4828,0.4808
train,1998-03-11,6.556,6.5538,-0.0022
train,1998-03-12,7.268,7.2495,-0.0185
train,1998-03-13,7.154,7.2679,0.1139
train,1998-03-14,7.148,7.2188,0.0708
train,1998-03-15,6.948,6.9142,-0.0338
train,1998-03-16,6.882,6.8692,-0.0128
train,1998-03-17,7.274,7.2773,0.0033
train,1998-03-18,6.258,6.2642,0.0062
train,1998-03-19,6.688,6.5754,-0.1126
train,1998-03-20,6.838,6.8232,-0.0148
train,1998-03-21,7.098,7.0739,-0.0241
train,1998-03-22,6.91,6.898,-0.012
train,1998-03-23,6.636,6.6019,-0.0341
train,1998-03-24,9.358,9.3504,-0.0076
train,1998-03-25,6.858,6.8621,0.0041
train,1998-03-26,7.268,7.2108,-0.0572
train,1998-03-27,7.18,7.4082,0.2282
train,1998-03-28,7.238,7.227,-0.011
train,1998-03-29,9.108,8.8517,-0.2563
train,1998-03-30,7.558,7.6128,0.0548
train,1998-03-31,8.358,8.3951,0.0371
train,1998-04-01,6.868,6.9697,0.1017
train,1998-04-02,6.668,6.5795,-0.0885
train,1998-04-03,6.808,6.8604,0.0524
train,1998-04-04,9.238,9.1102,-0.1278
train,1998-04-05,9.758,9.9198,0.1618
train,1998-04-06,9.288,9.3283,0.0403
train,1998-04-07,6.332,6.3584,0.0264
train,1998-04-08,7.488,7.5355,0.0475
train,1998-04-09,7.578,7.8075,0.2295
train,1998-04-10,7.368,7.5598,0.1918
train,1998-04-11,7.028,6.9177,-0.1103
train,1998-04-12,6.692,6.6783,-0.0137
train,1998-04-13,9.188,8.541,-0.647
train,1998-04-14,6.968,7.0026,0.0346
train,1998-04-15,6.932,6.9352,0.0032
train,1998-04-16,6.738,6.6848,-0.0532
train,1998-04-17,6.19,6.3403,0.1503
train,1998-04-18,6.382,6.4321,0.0501
train,1998-04-19,7.148,7.6272,0.4792
train,1998-04-20,7.548,7.5145,-0.0335
train,1998-04-21,7.928,7.7462,-0.1818
train,1998-04-22,7.066,7.201,0.135
train,1998-04-23,7.258,7.2852,0.0272
train,1998-04-24,7.198,7.2333,0.0353
train,1998-04-25,6.81,6.8357,0.0257
train,1998-04-26,7.734,7.9439,0.2099
train,1998-04-27,8.468,8.4998,0.0318
train,1998-04-28,7.168,6.9648,-0.2032
train,1998-04-29,6.792,6.8425,0.0505
train,1998-04-30,6.504,6.499,-0.005
train,1998-05-01,7.018,7.0893,0.0713
train,1998-05-02,8.948,8.0559,-0.8921
train,1998-05-03,7.82,7.7934,-0.0266
train,1998-05-04,7.946,8.1519,0.2059
train,1998-05-05,7.45,7.4425,-0.0075
train,1998-05-06,9.428,9.4187,-0.0093
train,1998-05-07,7.008,7.2467,0.2387
train,1998-05-08,8.778,8.8166,0.0386
train,1998-05-09,10.196,10.0241,-0.1719
train,1998-05-10,6.572,6.5835,0.0115
train,1998-05-11,7.658,7.6119,-0.0461
train,1998-05-12,8.448,8.4307,-0.0173
train,1998-05-13,6.758,6.7969,0.0389
train,1998-05-14,6.594,6.5954,0.0014
train,1998-05-15,6.728,6.6578,-0.0702
train,1998-05-16,6.21,6.1832,-0.0268
train,1998-05-17,6.9,6.9026,0.0026
train,1998-05-18,7.852,7.8051,-0.0469
train,1998-05-19,7.598,7.6267,0.0287
train,1998-05-20,6.758,7.0727,0.3147
train,1998-05-21,6.978,7.0791,0.1011
train,1998-05-22,7.554,7.6914,0.1374
train,1998-05-23,6.838,6.8301,-0.0079
train,1998-05-24,7.244,7.4605,0.2165
train,1998-05-25,7.078,7.049,-0.029
train,1998-05-26,7.298,7.4093,0.1113
train,1998-05-27,7.292,7.4665,0.1745
train,1998-05-28,6.008,6.1245,0.1165
train,1998-05-29,7.018,7.0474,0.0294
train,1998-05-30,6.998,7.0064,0.0084
train,1998-05-31,8.178,8.0795,-0.0985
train,1998-06-01,8.808,8.9449,0.1369
train,1998-06-02,6.762,6.8907,0.1287
train,1998-06-03,8.538,8.9703,0.4323
train,1998-06-04,7.848,7.8481,0.0001
train,1998-06-05,7.308,7.26,-0.048
train,1998-06-06,5.968,6.1163,0.1483
train,1998-06-07,6.528,6.4681,-0.0599
train,1998-06-08,8.488,8.2418,-0.2462
train,1998-06-09,7.018,7.0264,0.0084
train,1998-06-10,7.478,7.355,-0.123
train,1998-06-11,7.148,7.226,0.078
train,1998-06-12,7.478,7.4637,-0.0143
train,1998-06-13,6.708,6.6712,-0.0368
train,1998-06-14,7.008,6.9948,-0.0132
train,1998-06-15,10.028,9.8928,-0.1352
train,1998-06-16,7.064,7.0735,0.0095
train,1998-06-17,7.768,7.7279,-0.0401
train,1998-06-18,6.778,6.7567,-0.0213
train,1998-06-19,6.916,6.9265,0.0105
train,1998-06-20,6.348,6.3443,-0.0037
train,1998-06-21,6.648,6.819,0.171
train,1998-06-22,6.578,6.7015,0.1235
train,1998-06-23,6.818,6.8303,0.0123
train,1998-06-24,7.138,7.1693,0.0313
train,1998-06-25,7.124,7.1214,-0.0026
train,1998-06-26,8.658,8.7899,0.1319
train,1998-06-27,6.922,6.9595,0.0375
train,1998-06-28,8.882,8.607,-0.275
train,1998-06-29,8.218,8.252,0.034
train,1998-06-30,6.828,6.8166,-0.0114
train,1998-07-01,7.048,7.0577,0.0097
train,1998-07-02,7.268,7.3294,0.0614
train,1998-07-03,8.528,8.4792,-0.0488
train,1998-07-04,7.308,7.3495,0.0415
train,1998-07-05,8.77,9.0005,0.2305
train,1998-07-06,7.376,7.446,0.07
train,1998-07-07,7.028,7.0557,0.0277
train,1998-07-08,6.988,7.0241,0.0361
train,1998-07-09,7.098,7.2104,0.1124
train,1998-07-10,7.718,8.0183,0.3003
train,1998-07-11,8.058,8.1205,0.0625
train,1998-07-12,7.138,7.1582,0.0202
train,1998-07-13,6.668,6.6032,-0.0648
train,1998-07-14,7.478,7.5888,0.1108
train,1998-07-15,6.8,6.9484,0.1484
train,1998-07-16,6.45,6.4838,0.0338
train,1998-07-17,7.478,7.2829,-0.1951
train,1998-07-18,6.438,6.5351,0.0971
train,1998-07-19,8.428,8.5112,0.0832
train,1998-07-20,8.812,8.6724,-0.1396
train,1998-07-21,8.162,7.9092,-0.2528
train,1998-07-22,7.956,8.128,0.172
train,1998-07-23,7.286,7.4014,0.1154
train,1998-07-24,7.118,7.1275,0.0095
train,1998-07-25,7.258,7.2757,0.0177
train,1998-07-26,6.528,6.6062,0.0782
train,1998-07-27,6.42,6.3595,-0.0605
train,1998-07-28,8.988,8.3491,-0.6389
train,1998-07-29,6.72,6.3965,-0.3235
train,1998-07-30,6.928,6.8901,-0.0379
train,1998-07-31,6.898,6.8753,-0.0227
train,1998-08-01,9.248,9.4183,0.1703
train,1998-08-02,7.028,6.9685,-0.0595
train,1998-08-03,10.936,10.6565,-0.2795
train,1998-08-04,6.704,6.6829,-0.0211
train,1998-08-05,7.368,7.4466,0.0786
train,1998-08-06,8.388,8.3646,-0.0234
train,1998-08-07,6.648,6.7637,0.1157
train,1998-08-08,7.572,7.4731,-0.0989
train,1998-08-09,7.328,7.4584,0.1304
train,1998-08-10,5.774,5.9546,0.1806
train,1998-08-11,8.058,8.2118,0.1538
train,1998-08-12,11.034,10.3099,-0.7241
train,1998-08-13,7.698,7.7466,0.0486
train,1998-08-14,7.538,7.7069,0.1689
train,1998-08-15,6.4,6.3255,-0.0745
train,1998-08-16,8.488,8.4177,-0.0703
train,1998-08-17,8.788,8.6213,-0.1667
train,1998-08-18,6.906,6.8797,-0.0263
train,1998-08-19,6.548,6.558,0.01
train,1998-08-20,6.538,6.5451,0.0071
train,1998-08-21,6.908,6.825,-0.083
train,1998-08-22,7.038,6.9823,-0.0557
train,1998-08-23,7.404,7.6485,0.2445
train,1998-08-24,7.598,7.5969,-0.0011
train,1998-08-25,6.568,6.2638,-0.3042
train,1998-08-26,7.048,7.0018,-0.0462
train,1998-08-27,7.658,7.9197,0.2617
train,1998-08-28,6.762,6.945,0.183
train,1998-08-29,7.658,7.6056,-0.0524
train,1998-08-30,6.998,7.0094,0.0114
train,1998-08-31,7.908,7.2933,-0.6147
train,1998-09-01,8.088,8.0874,-0.0006
train,1998-09-02,8.588,8.6626,0.0746
train,1998-09-03,6.478,6.4614,-0.0166
train,1998-09-04,7.538,7.5078,-0.0302
train,1998-09-05,6.588,6.6652,0.0772
train,1998-09-06,8.378,8.2281,-0.1499
train,1998-09-07,7.048,7.0494,0.0014
train,1998-09-08,8.288,7.9048,-0.3832
train,1998-09-09,8.46,8.3532,-0.1068
train,1998-09-10,7.298,7.0015,-0.2965
train,1998-09-11,6.202,6.1905,-0.0115
train,1998-09-12,8.118,8.1408,0.0228
train,1998-09-13,7.018,7.0018,-0.0162
train,1998-09-14,8.232,8.4474,0.2154
train,1998-09-15,6.858,6.7778,-0.0802
train,1998-09-16,7.428,7.5405,0.1125
train,1998-09-17,7.036,7.3947,0.3587
train,1998-09-18,7.558,7.5775,0.0195
train,1998-09-19,9.348,9.7185,0.3705
train,1998-09-20,7.118,7.1995,0.0815
train,1998-09-21,7.038,6.9881,-0.0499
train,1998-09-22,6.838,6.8446,0.0066
train,1998-09-23,7.968,8.166,0.198
train,1998-09-24,7.328,6.9819,-0.3461
train,1998-09-25,6.858,6.8603,0.0023
train,1998-09-26,6.516,6.5221,0.0061
train,1998-09-27,10.026,10.0332,0.0072
train,1998-09-28,7.448,7.498,0.05
train,1998-09-29,6.928,7.1289,0.2009
train,1998-09-30,6.488,6.5106,0.0226
train,1998-10-01,8.748,8.8195,0.0715
train,1998-10-02,7.722,7.8182,0.0962
train,1998-10-03,6.324,6.3377,0.0137
train,1998-10-04,8.818,8.7814,-0.0366
train,1998-10-05,6.748,6.6673,-0.0807
train,1998-10-06,7.228,7.2557,0.0277
train,1998-10-07,5.964,6.0406,0.0766
train,1998-10-08,7.528,7.6254,0.0974
train,1998-10-09,7.058,7.1007,0.0427
train,1998-10-10,6.652,6.7903,0.1383
train,1998-10-11,7.238,7.3099,0.0719
train,1998-10-12,6.524,6.4804,-0.0436
train,1998-10-13,6.488,6.6098,0.1218
train,1998-10-14,6.282,6.2416,-0.0404
train,1998-10-15,8.608,8.6628,0.0548
train,1998-10-16,6.792,6.841,0.049
train,1998-10-17,6.918,6.9119,-0.0061
train,1998-10-18,7.198,7.2432,0.0452
train,1998-10-19,6.968,7.0067,0.0387
train,1998-10-20,6.912,6.9408,0.0288
train,1998-10-21,8.38,8.1597,-0.2203
train,1998-10-22,7.038,7.0703,0.0323
train,1998-10-23,7.038,7.1086,0.0706
train,1998-10-24,7.128,7.0816,-0.0464
train,1998-10-25,7.168,7.3762,0.2082
train,1998-10-26,7.078,7.0716,-0.0064
train,1998-10-27,7.594,7.8233,0.2293
train,1998-10-28,9.618,9.6569,0.0389
train,1998-10-29,9.578,9.9968,0.4188
train,1998-10-30,6.978,7.0216,0.0436
train,1998-10-31,9.274,8.6905,-0.5835
train,1998-11-01,6.738,6.7106,-0.0274
train,1998-11-02,7.208,7.1207,-0.0873
train,1998-11-03,8.278,8.0135,-0.2645
train,1998-11-04,6.678,6.4092,-0.2688
train,1998-11-05,7.888,7.8984,0.0104
train,1998-11-06,6.758,7.001,0.243
train,1998-11-07,6.79,6.7911,0.0011
train,1998-11-08,8.518,8.5167,-0.0013
train,1998-11-09,7.042,7.2286,0.1866
train,1998-11-10,7.28,7.3422,0.0622
train,1998-11-11,7.428,7.2151,-0.2129
train,1998-11-12,7.988,8.137,0.149
train,1998-11-13,7.028,7.4322,0.4042
train,1998-11-14,9.658,9.9784,0.3204
train,1998-11-15,5.712,5.9095,0.1975
train,1998-11-16,6.916,6.9581,0.0421
train,1998-11-17,6.342,6.3662,0.0242
train,1998-11-18,6.332,6.3421,0.0101
train,1998-11-19,6.478,6.5386,0.0606
train,1998-11-20,7.798,7.861,0.063
train,1998-11-21,7.388,7.8012,0.4132
train,1998-11-22,7.688,6.9262,-0.7618
train,1998-11-23,6.384,6.3509,-0.0331
train,1998-11-24,6.558,6.578,0.02
train,1998-11-25,8.938,8.122,-0.816
train,1998-11-26,7.768,7.8842,0.1162
train,1998-11-27,8.288,7.7932,-0.4948
train,1998-11-28,6.898,6.8951,-0.0029
train,1998-11-29,7.118,7.1102,-0.0078
train,1998-11-30,7.138,7.1991,0.0611
train,1998-12-01,7.986,8.12,0.134
train,1998-12-02,6.364,6.1222,-0.2418
train,1998-12-03,7.35,7.1895,-0.1605
train,1998-12-04,7.608,7.4135,-0.1945
train,1998-12-05,7.078,7.1864,0.1084
train,1998-12-06,6.758,6.8286,0.0706
train,1998-12-07,7.008,6.7748,-0.2332
train,1998-12-08,6.862,6.857,-0.005
train,1998-12-09,7.798,8.1099,0.3119
train,1998-12-10,7.968,8.129,0.161
train,1998-12-11,6.788,6.774,-0.014
train,1998-12-12,7.688,7.7818,0.0938
train,1998-12-13,6.658,6.7,0.042
train,1998-12-14,7.158,7.0844,-0.0736
train,1998-12-15,6.978,6.9919,0.0139
train,1998-12-16,9.198,9.1846,-0.0134
train,1998-12-17,7.138,7.1152,-0.0228
train,1998-12-18,6.718,6.7895,0.0715
train,1998-12-19,6.004,6.1096,0.1056
train,1998-12-20,7.518,7.5065,-0.0115
train,1998-12-21,9.084,9.1053,0.0213
train,1998-12-22,7.148,7.6096,0.4616
train,1998-12-23,7.218,7.0943,-0.1237
train,1998-12-24,6.502,6.5124,0.0104
train,1998-12-25,7.348,7.2361,-0.1119
train,1998-12-26,7.068,7.0508,-0.0172
train,1998-12-27,6.642,6.6032,-0.0388
train,1998-12-28,6.898,6.8748,-0.0232
train,1998-12-29,6.418,6.4267,0.0087
train,1998-12-30,6.918,6.9077,-0.0103
train,1998-12-31,8.422,8.0697,-0.3523
train,1999-01-01,8.688,8.7441,0.0561
train,1999-01-02,6.918,6.9305,0.0125
train,1999-01-03,10.118,10.3426,0.2246
train,1999-01-04,8.648,8.6752,0.0272
train,1999-01-05,6.656,6.6156,-0.0404
train,1999-01-06,9.578,9.5316,-0.0464
train,1999-01-07,7.088,7.1169,0.0289
train,1999-01-08,6.578,6.5844,0.0064
train,1999-01-09,7.478,7.469,-0.009
train,1999-01-10,7.888,7.7094,-0.1786
train,1999-01-11,9.078,9.1904,0.1124
train,1999-01-12,6.468,6.4803,0.0123
train,1999-01-13,6.488,6.5635,0.0755
train,1999-01-14,7.018,7.0278,0.0098
train,1999-01-15,6.888,6.942,0.054
train,1999-01-16,6.896,6.827,-0.069
train,1999-01-17,7.388,7.4156,0.0276
train,1999-01-18,6.868,6.8314,-0.0366
train,1999-01-19,7.448,7.5963,0.1483
train,1999-01-20,7.568,7.5389,-0.0291
train,1999-01-21,6.948,6.9468,-0.0012
train,1999-01-22,6.898,6.8339,-0.0641
train,1999-01-23,7.748,7.6082,-0.1398
train,1999-01-24,7.328,7.2129,-0.1151
train,1999-01-25,7.994,8.3277,0.3337
train,1999-01-26,8.338,8.2404,-0.0976
train,1999-01-27,6.298,6.3275,0.0295
train,1999-01-28,6.878,6.853,-0.025
train,1999-01-29,7.138,7.1393,0.0013
train,1999-01-30,8.268,8.3653,0.0973
train,1999-01-31,6.824,6.8197,-0.0043
train,1999-02-01,6.708,6.7874,0.0794
train,1999-02-02,6.688,6.5237,-0.1643
train,1999-02-03,6.77,6.7893,0.0193
train,1999-02-04,5.928,5.9447,0.0167
train,1999-02-05,6.044,6.1156,0.0716
train,1999-02-06,8.778,8.059,-0.719
train,1999-02-07,7.478,7.5518,0.0738
train,1999-02-08,6.528,6.6486,0.1206
train,1999-02-09,7.364,7.5486,0.1846
train,1999-02-10,7.66,7.5273,-0.1327
train,1999-02-11,7.568,7.5524,-0.0156
train,1999-02-12,6.668,6.6765,0.0085
train,1999-02-13,9.068,8.883,-0.185
train,1999-02-14,6.608,6.6793,0.0713
train,1999-02-15,7.068,6.9865,-0.0815
train,1999-02-16,7.098,7.1277,0.0297
train,1999-02-17,10.92,10.6153,-0.3047
train,1999-02-18,11.004,10.8615,-0.1425
train,1999-02-19,6.836,6.811,-0.025
train,1999-02-20,8.492,8.9865,0.4945
train,1999-02-21,6.888,6.7526,-0.1354
train,1999-02-22,7.018,7.1013,0.0833
train,1999-02-23,6.608,6.5843,-0.0237
train,1999-02-24,6.936,7.0,0.064
train,1999-02-25,6.202,6.2421,0.0401
train,1999-02-26,5.748,5.9489,0.2009
train,1999-02-27,6.462,6.5154,0.0534
train,1999-02-28,6.614,6.8086,0.1946
train,1999-03-01,5.894,5.9641,0.0701
train,1999-03-02,6.788,6.7852,-0.0028
train,1999-03-03,7.088,7.0443,-0.0437
train,1999-03-04,6.598,6.6489,0.0509
train,1999-03-05,6.778,6.7966,0.0186
train,1999-03-06,8.118,7.9073,-0.2107
train,1999-03-07,6.346,6.3179,-0.0281
train,1999-03-08,7.188,7.3839,0.1959
train,1999-03-09,6.246,6.1882,-0.0578
train,1999-03-10,7.832,8.0507,0.2187
train,1999-03-11,6.988,6.9936,0.0056
train,1999-03-12,6.928,6.8985,-0.0295
train,1999-03-13,6.898,6.7991,-0.0989
train,1999-03-14,8.862,8.2461,-0.6159
train,1999-03-15,7.248,6.8849,-0.3631
train,1999-03-16,7.898,7.9473,0.0493
train,1999-03-17,6.768,6.7179,-0.0501
train,1999-03-18,7.008,6.8818,-0.1262
train,1999-03-19,7.768,7.1943,-0.5737
train,1999-03-20,7.218,7.1115,-0.1065
train,1999-03-21,7.078,7.0973,0.0193
train,1999-03-22,7.808,7.4245,-0.3835
train,1999-03-23,7.278,7.3263,0.0483
train,1999-03-24,8.688,8.9687,0.2807
train,1999-03-25,10.098,10.0469,-0.0511
train,1999-03-26,8.168,8.0324,-0.1356
train,1999-03-27,9.128,9.4654,0.3374
train,1999-03-28,7.738,7.7785,0.0405
train,1999-03-29,6.738,6.6638,-0.0742
train,1999-03-30,7.988,7.9266,-0.0614
train,1999-03-31,7.868,7.9674,0.0994
train,1999-04-01,6.374,6.3855,0.0115
train,1999-04-02,6.482,6.4463,-0.0357
train,1999-04-03,7.048,7.3492,0.3012
train,1999-04-04,6.484,6.457,-0.027
train,1999-04-05,7.298,7.2169,-0.0811
train,1999-04-06,6.362,6.38,0.018
train,1999-04-07,6.908,7.2708,0.3628
train,1999-04-08,7.488,7.5215,0.0335
train,1999-04-09,6.89,6.9099,0.0199
train,1999-04-10,7.608,7.5818,-0.0262
train,1999-04-11,6.938,6.8227,-0.1153
train,1999-04-12,6.608,6.7751,0.1671
train,1999-04-13,7.978,7.9134,-0.0646
train,1999-04-14,6.838,6.8859,0.0479
train,1999-04-15,6.568,6.5419,-0.0261
train,1999-04-16,7.948,7.7248,-0.2232
train,1999-04-17,8.716,8.8765,0.1605
train,1999-04-18,6.824,6.8289,0.0049
train,1999-04-19,8.528,7.8931,-0.6349
train,1999-04-20,6.304,6.3457,0.0417
train,1999-04-21,6.538,6.572,0.034
train,1999-04-22,8.608,8.7334,0.1254
train,1999-04-23,6.486,6.6962,0.2102
train,1999-04-24,7.868,7.8622,-0.0058
train,1999-04-25,7.412,7.2992,-0.1128
train,1999-04-26,6.268,6.1803,-0.0877
train,1999-04-27,6.938,6.9953,0.0573
train,1999-04-28,6.818,6.9511,0.1331
train,1999-04-29,6.188,6.0741,-0.1139
train,1999-04-30,7.184,7.0668,-0.1172
train,1999-05-01,6.688,6.671,-0.017
train,1999-05-02,7.128,7.1376,0.0096
train,1999-05-03,7.888,8.0127,0.1247
train,1999-05-04,7.598,7.5772,-0.0208
train,1999-05-05,6.552,6.6041,0.0521
train,1999-05-06,7.09,7.1222,0.0322
train,1999-05-07,6.838,6.786,-0.052
train,1999-05-08,7.138,7.0315,-0.1065
train,1999-05-09,6.968,6.9425,-0.0255
train,1999-05-10,6.364,6.3245,-0.0395
train,1999-05-11,5.966,6.0867,0.1207
train,1999-05-12,7.148,7.1641,0.0161
train,1999-05-13,6.652,6.5861,-0.0659
train,1999-05-14,6.268,6.5307,0.2627
train,1999-05-15,6.528,6.5297,0.0017
train,1999-05-16,6.748,6.7187,-0.0293
train,1999-05-17,7.034,7.0559,0.0219
train,1999-05-18,6.648,6.6672,0.0192
train,1999-05-19,7.53,7.3154,-0.2146
train,1999-05-20,8.638,8.0772,-0.5608
train,1999-05-21,6.758,6.8971,0.1391
train,1999-05-22,6.808,6.7794,-0.0286
train,1999-05-23,9.948,9.8958,-0.0522
train,1999-05-24,6.966,6.9807,0.0147
train,1999-05-25,8.304,7.8478,-0.4562
train,1999-05-26,9.018,8.3275,-0.6905
train,1999-05-27,6.978,7.0344,0.0564
train,1999-05-28,7.068,7.1585,0.0905
train,1999-05-29,6.968,6.9622,-0.0058
train,1999-05-30,8.848,8.0582,-0.7898
train,1999-05-31,6.988,6.8966,-0.0914
train,1999-06-01,8.058,8.0534,-0.0046
train,1999-06-02,6.368,6.3649,-0.0031
train,1999-06-03,6.77,6.7873,0.0173
train,1999-06-04,6.668,6.6202,-0.0478
train,1999-06-05,7.208,7.1659,-0.0421
train,1999-06-06,8.048,7.7689,-0.2791
train,1999-06-07,6.708,6.5491,-0.1589
train,1999-06-08,7.53,7.6102,0.0802
train,1999-06-09,6.552,6.7677,0.2157
train,1999-06-10,7.088,7.4647,0.3767
train,1999-06-11,6.918,6.907,-0.011
train,1999-06-12,6.808,6.8246,0.0166
train,1999-06-13,7.602,7.691,0.089
train,1999-06-14,6.658,6.8043,0.1463
train,1999-06-15,6.432,6.3301,-0.1019
train,1999-06-16,7.278,7.3389,0.0609
train,1999-06-17,7.158,7.1512,-0.0068
train,1999-06-18,6.956,6.9526,-0.0034
train,1999-06-19,7.098,7.0725,-0.0255
train,1999-06-20,6.258,6.2275,-0.0305
train,1999-06-21,8.188,7.8564,-0.3316
train,1999-06-22,6.822,6.8205,-0.0015
train,1999-06-23,7.2,7.3387,0.1387
train,1999-06-24,6.638,6.741,0.103
train,1999-06-25,7.008,6.9949,-0.0131
train,1999-06-26,7.968,8.1054,0.1374
train,1999-06-27,6.858,6.8368,-0.0212
train,1999-06-28,6.138,6.0766,-0.0614
train,1999-06-29,6.832,6.8742,0.0422
train,1999-06-30,7.008,7.0076,-0.0004
train,1999-07-01,8.118,8.0639,-0.0541
train,1999-07-02,6.528,6.5721,0.0441
train,1999-07-03,6.228,6.5157,0.2877
train,1999-07-04,6.528,6.5253,-0.0027
train,1999-07-05,8.018,7.3429,-0.6751
train,1999-07-06,6.746,6.7346,-0.0114
train,1999-07-07,7.388,7.4286,0.0406
train,1999-07-08,6.848,6.8335,-0.0145
train,1999-07-09,6.808,6.8361,0.0281
train,1999-07-10,7.098,8.089,0.991
train,1999-07-11,6.618,6.7301,0.1121
train,1999-07-12,6.888,6.9177,0.0297
train,1999-07-13,7.128,7.1589,0.0309
train,1999-07-14,6.344,6.3422,-0.0018
train,1999-07-15,6.858,6.8265,-0.0315
train,1999-07-16,7.828,7.888,0.06
train,1999-07-17,6.506,6.4947,-0.0113
train,1999-07-18,9.268,9.3988,0.1308
train,1999-07-19,6.266,6.3123,0.0463
train,1999-07-20,6.37,6.2762,-0.0938
train,1999-07-21,6.33,6.3274,-0.0026
train,1999-07-22,8.848,8.9146,0.0666
train,1999-07-23,7.688,7.864,0.176
train,1999-07-24,7.508,7.7348,0.2268
train,1999-07-25,7.668,7.5224,-0.1456
train,1999-07-26,7.118,7.1716,0.0536
train,1999-07-27,7.338,7.3442,0.0062
train,1999-07-28,7.108,7.0508,-0.0572
train,1999-07-29,8.262,8.0783,-0.1837
train,1999-07-30,7.018,6.9171,-0.1009
train,1999-07-31,6.548,6.6923,0.1443
train,1999-08-01,7.012,7.0395,0.0275
train,1999-08-02,7.078,7.11,0.032
train,1999-08-03,7.748,8.0553,0.3073
train,1999-08-04,7.358,7.0379,-0.3201
train,1999-08-05,6.602,6.6513,0.0493
train,1999-08-06,7.468,7.4693,0.0013
train,1999-08-07,9.118,9.0848,-0.0332
train,1999-08-08,8.648,8.8562,0.2082
train,1999-08-09,7.448,7.4597,0.0117
train,1999-08-10,6.198,6.0888,-0.1092
train,1999-08-11,7.078,7.0819,0.0039
train,1999-08-12,6.958,6.9665,0.0085
train,1999-08-13,7.098,7.0024,-0.0956
train,1999-08-14,7.908,8.0015,0.0935
train,1999-08-15,7.918,8.1829,0.2649
train,1999-08-16,6.658,6.5778,-0.0802
train,1999-08-17,9.258,7.8787,-1.3793
train,1999-08-18,9.768,10.273,0.505
train,1999-08-19,7.188,7.1943,0.0063
train,1999-08-20,8.128,8.076,-0.052
train,1999-08-21,7.084,7.1477,0.0637
train,1999-08-22,7.058,7.0826,0.0246
train,1999-08-23,6.928,6.9608,0.0328
train,1999-08-24,6.928,7.0094,0.0814
train,1999-08-25,7.058,7.0914,0.0334
train,1999-08-26,6.5,6.4973,-0.0027
train,1999-08-27,7.708,7.7639,0.0559
train,1999-08-28,10.158,10.2714,0.1134
train,1999-08-29,6.888,6.9807,0.0927
train,1999-08-30,7.708,7.8474,0.1394
train,1999-08-31,6.328,6.3143,-0.0137
train,1999-09-01,7.096,6.8612,-0.2348
train,1999-09-02,8.188,8.3551,0.1671
train,1999-09-03,7.374,7.5895,0.2155
train,1999-09-04,6.278,6.3264,0.0484
train,1999-09-05,6.148,6.3213,0.1733
train,1999-09-06,7.298,7.1318,-0.1662
train,1999-09-07,8.974,8.2192,-0.7548
train,1999-09-08,6.928,6.8989,-0.0291
train,1999-09-09,6.908,6.9264,0.0184
train,1999-09-10,6.954,6.8828,-0.0712
train,1999-09-11,9.428,9.4832,0.0552
train,1999-09-12,8.33,9.0017,0.6717
train,1999-09-13,6.724,6.7116,-0.0124
train,1999-09-14,7.868,7.7897,-0.0783
train,1999-09-15,6.318,6.4732,0.1552
train,1999-09-16,7.368,7.3564,-0.0116
train,1999-09-17,7.028,7.018,-0.01
train,1999-09-18,6.168,6.1974,0.0294
train,1999-09-19,5.924,6.1075,0.1835
train,1999-09-20,7.042,6.8965,-0.1455
train,1999-09-21,6.268,6.4038,0.1358
train,1999-09-22,6.938,6.9105,-0.0275
train,1999-09-23,6.538,6.5745,0.0365
train,1999-09-24,7.808,7.7729,-0.0351
train,1999-09-25,8.024,7.805,-0.219
train,1999-09-26,8.518,8.6003,0.0823
train,1999-09-27,6.658,6.4496,-0.2084
train,1999-09-28,11.228,10.804,-0.424
train,1999-09-29,8.018,8.2121,0.1941
train,1999-09-30,7.578,7.6405,0.0625
train,1999-10-01,7.038,7.1701,0.1321
train,1999-10-02,7.028,6.989,-0.039
train,1999-10-03,6.898,6.8757,-0.0223
train,1999-10-04,9.388,9.2113,-0.1767
train,1999-10-05,7.698,7.5105,-0.1875
train,1999-10-06,6.918,6.885,-0.033
train,1999-10-07,11.564,11.0871,-0.4769
train,1999-10-08,7.068,7.0786,0.0106
train,1999-10-09,7.038,7.0756,0.0376
train,1999-10-10,6.492,6.4935,0.0015
train,1999-10-11,8.328,8.2311,-0.0969
train,1999-10-12,8.528,8.529,0.001
train,1999-10-13,6.358,6.2748,-0.0832
train,1999-10-14,8.562,7.9127,-0.6493
train,1999-10-15,8.678,8.77,0.092
train,1999-10-16,7.058,7.133,0.075
train,1999-10-17,9.248,8.9377,-0.3103
train,1999-10-18,6.306,6.2632,-0.0428
train,1999-10-19,6.238,6.3657,0.1277
train,1999-10-20,7.868,7.9106,0.0426
train,1999-10-21,7.538,7.4788,-0.0592
train,1999-10-22,7.038,7.0085,-0.0295
train,1999-10-23,8.666,7.8496,-0.8164
train,1999-10-24,8.512,8.4514,-0.0606
train,1999-10-25,7.488,7.6314,0.1434
train,1999-10-26,6.684,6.5755,-0.1085
train,1999-10-27,10.088,10.0292,-0.0588
train,1999-10-28,7.768,7.7761,0.0081
train,1999-10-29,7.818,7.4515,-0.3665
train,1999-10-30,6.818,6.9944,0.1764
train,1999-10-31,6.868,6.8744,0.0064
train,1999-11-01,6.12,6.1444,0.0244
train,1999-11-02,6.178,6.1268,-0.0512
train,1999-11-03,6.988,6.8881,-0.0999
train,1999-11-04,7.008,6.9896,-0.0184
train,1999-11-05,6.79,6.8503,0.0603
train,1999-11-06,7.748,7.8088,0.0608
train,1999-11-07,7.088,7.1231,0.0351
train,1999-11-08,6.258,6.2475,-0.0105
train,1999-11-09,7.138,7.0558,-0.0822
train,1999-11-10,6.616,6.625,0.009
train,1999-11-11,7.298,7.3186,0.0206
train,1999-11-12,7.958,7.8905,-0.0675
train,1999-11-13,6.258,6.2905,0.0325
train,1999-11-14,8.628,8.5585,-0.0695
train,1999-11-15,7.538,7.4844,-0.0536
train,1999-11-16,6.518,6.514,-0.004
train,1999-11-17,7.198,6.9657,-0.2323
train,1999-11-18,6.908,6.9572,0.0492
train,1999-11-19,6.782,6.3855,-0.3965
train,1999-11-20,6.958,7.037,0.079
train,1999-11-21,6.544,6.5324,-0.0116
train,1999-11-22,7.468,6.8534,-0.6146
train,1999-11-23,6.598,6.7225,0.1245
train,1999-11-24,6.638,6.6675,0.0295
train,1999-11-25,7.754,7.8925,0.1385
train,1999-11-26,6.988,6.9965,0.0085
train,1999-11-27,7.788,7.6869,-0.1011
train,1999-11-28,7.088,7.1888,0.1008
train,1999-11-29,7.088,7.2669,0.1789
train,1999-11-30,7.768,7.831,0.063
train,1999-12-01,6.424,6.488,0.064
train,1999-12-02,6.788,6.7886,0.0006
train,1999-12-03,6.818,6.8917,0.0737
train,1999-12-04,6.928,6.9069,-0.0211
train,1999-12-05,6.958,6.9717,0.0137
train,1999-12-06,6.978,7.0353,0.0573
train,1999-12-07,6.72,6.6798,-0.0402
train,1999-12-08,6.928,6.8664,-0.0616
train,1999-12-09,7.248,7.5171,0.2691
train,1999-12-10,7.258,7.254,-0.004
train,1999-12-11,8.128,7.7953,-0.3327
train,1999-12-12,7.8,7.4801,-0.3199
train,1999-12-13,7.354,7.402,0.048
train,1999-12-14,6.208,6.2657,0.0577
train,1999-12-15,7.898,7.9089,0.0109
train,1999-12-16,6.928,6.9372,0.0092
train,1999-12-17,6.808,6.837,0.029
train,1999-12-18,6.778,6.8387,0.0607
train,1999-12-19,7.118,7.1106,-0.0074
train,1999-12-20,8.258,8.4829,0.2249
train,1999-12-21,6.792,6.5411,-0.2509
train,1999-12-22,9.378,10.2654,0.8874
train,1999-12-23,6.172,6.1094,-0.0626
train,1999-12-24,6.61,6.6251,0.0151
train,1999-12-25,7.068,6.9846,-0.0834
train,1999-12-26,7.528,7.46,-0.068
train,1999-12-27,8.008,8.3316,0.3236
train,1999-12-28,6.878,7.0668,0.1888
train,1999-12-29,6.898,6.9134,0.0154
train,1999-12-30,6.844,6.8813,0.0373
train,1999-12-31,6.08,6.062,-0.018
train,2000-01-01,6.898,6.8727,-0.0253
train,2000-01-02,6.838,6.831,-0.007
train,2000-01-03,6.708,6.7613,0.0533
train,2000-01-04,6.848,6.8605,0.0125
train,2000-01-05,6.488,6.3977,-0.0903
train,2000-01-06,6.954,6.9523,-0.0017
train,2000-01-07,7.15,7.1534,0.0034
train,2000-01-08,6.478,6.4106,-0.0674
train,2000-01-09,7.384,7.4596,0.0756
train,2000-01-10,9.142,9.4796,0.3376
train,2000-01-11,10.708,10.2762,-0.4318
train,2000-01-12,6.322,6.2955,-0.0265
train,2000-01-13,7.418,7.4429,0.0249
train,2000-01-14,7.068,7.0733,0.0053
train,2000-01-15,6.938,6.9085,-0.0295
train,2000-01-16,6.758,6.8384,0.0804
train,2000-01-17,6.674,6.6896,0.0156
train,2000-01-18,6.796,6.7953,-0.0007
train,2000-01-19,7.178,7.3375,0.1595
train,2000-01-20,7.948,8.1474,0.1994
train,2000-01-21,6.808,6.7735,-0.0345
train,2000-01-22,6.718,6.7681,0.0501
train,2000-01-23,6.624,6.6721,0.0481
train,2000-01-24,6.194,6.0059,-0.1881
train,2000-01-25,9.376,9.4509,0.0749
train,2000-01-26,7.578,7.8074,0.2294
train,2000-01-27,6.782,6.7863,0.0043
train,2000-01-28,8.418,8.5161,0.0981
train,2000-01-29,6.302,6.292,-0.01
train,2000-01-30,6.628,6.631,0.003
train,2000-01-31,6.73,6.8465,0.1165
train,2000-02-01,6.888,6.8438,-0.0442
train,2000-02-02,6.278,6.3975,0.1195
train,2000-02-03,7.058,7.0319,-0.0261
train,2000-02-04,8.304,7.9286,-0.3754
train,2000-02-05,9.62,9.8332,0.2132
train,2000-02-06,6.838,6.9333,0.0953
train,2000-02-07,6.748,6.6904,-0.0576
train,2000-02-08,6.808,6.8154,0.0074
train,2000-02-09,8.088,8.2752,0.1872
train,2000-02-10,8.678,7.8282,-0.8498
train,2000-02-11,6.278,6.3094,0.0314
train,2000-02-12,6.968,7.0172,0.0492
train,2000-02-13,6.916,6.99,0.074
train,2000-02-14,7.018,7.109,0.091
train,2000-02-15,8.778,8.9348,0.1568
train,2000-02-16,8.658,8.4927,-0.1653
train,2000-02-17,6.808,6.9291,0.1211
train,2000-02-18,7.008,6.7672,-0.2408
train,2000-02-19,7.038,6.6616,-0.3764
train,2000-02-20,8.918,8.9264,0.0084
train,2000-02-21,7.208,7.1989,-0.0091
train,2000-02-22,11.038,11.2291,0.1911
train,2000-02-23,8.028,7.9007,-0.1273
train,2000-02-24,7.308,7.3049,-0.0031
train,2000-02-25,7.998,7.9359,-0.0621
train,2000-02-26,7.634,7.2898,-0.3442
train,2000-02-27,7.578,7.5171,-0.0609
train,2000-02-28,6.808,6.8119,0.0039
train,2000-02-29,6.542,6.4867,-0.0553
train,2000-03-01,6.924,7.0243,0.1003
train,2000-03-02,6.76,6.864,0.104
train,2000-03-03,6.52,6.5547,0.0347
train,2000-03-04,7.216,7.3195,0.1035
train,2000-03-05,7.308,7.0109,-0.2971
train,2000-03-06,7.088,7.0779,-0.0101
train,2000-03-07,8.026,7.7649,-0.2611
train,2000-03-08,6.336,6.3353,-0.0007
train,2000-03-09,7.114,7.6055,0.4915
train,2000-03-10,7.124,6.4988,-0.6252
train,2000-03-11,8.248,8.3142,0.0662
train,2000-03-12,6.382,6.4111,0.0291
train,2000-03-13,5.928,6.0303,0.1023
train,2000-03-14,6.288,6.3282,0.0402
train,2000-03-15,8.628,8.7038,0.0758
train,2000-03-16,7.28,7.2407,-0.0393
train,2000-03-17,7.176,7.3765,0.2005
train,2000-03-18,8.068,8.003,-0.065
train,2000-03-19,7.088,7.1265,0.0385
train,2000-03-20,8.698,8.6275,-0.0705
train,2000-03-21,7.098,7.1595,0.0615
train,2000-03-22,6.758,6.7662,0.0082
train,2000-03-23,9.69,9.4267,-0.2633
train,2000-03-24,7.428,7.4844,0.0564
train,2000-03-25,6.608,6.5279,-0.0801
train,2000-03-26,7.568,7.7329,0.1649
train,2000-03-27,6.84,7.0176,0.1776
train,2000-03-28,10.168,9.245,-0.923
train,2000-03-29,6.978,7.0358,0.0578
train,2000-03-30,7.878,8.2072,0.3292
train,2000-03-31,6.728,6.5712,-0.1568
train,2000-04-01,7.138,7.1313,-0.0067
train,2000-04-02,8.248,8.2414,-0.0066
train,2000-04-03,7.168,7.1279,-0.0401
train,2000-04-04,7.318,7.3319,0.0139
train,2000-04-05,6.698,6.5346,-0.1634
train,2000-04-06,8.758,8.3168,-0.4412
train,2000-04-07,9.678,9.6903,0.0123
train,2000-04-08,6.39,6.286,-0.104
train,2000-04-09,7.028,6.9807,-0.0473
train,2000-04-10,7.158,7.2697,0.1117
train,2000-04-11,6.794,6.7393,-0.0547
train,2000-04-12,6.998,7.0217,0.0237
train,2000-04-13,7.798,8.0355,0.2375
train,2000-04-14,8.318,8.5205,0.2025
train,2000-04-15,7.422,7.5076,0.0856
train,2000-04-16,7.028,6.9691,-0.0589
train,2000-04-17,8.358,8.3641,0.0061
train,2000-04-18,7.084,7.0556,-0.0284
train,2000-04-19,7.834,7.8776,0.0436
train,2000-04-20,7.458,7.6275,0.1695
train,2000-04-21,7.918,7.9975,0.0795
train,2000-04-22,7.428,7.4536,0.0256
train,2000-04-23,7.058,7.0381,-0.0199
train,2000-04-24,8.928,8.9929,0.0649
train,2000-04-25,7.248,7.4525,0.2045
train,2000-04-26,8.488,8.7176,0.2296
train,2000-04-27,7.708,7.8689,0.1609
train,2000-04-28,6.828,6.8086,-0.0194
train,2000-04-29,7.238,7.3381,0.1001
train,2000-04-30,6.988,6.9508,-0.0372
train,2000-05-01,7.068,7.1082,0.0402
train,2000-05-02,7.316,6.6221,-0.6939
train,2000-05-03,6.328,6.3801,0.0521
train,2000-05-04,8.808,8.9639,0.1559
train,2000-05-05,7.01,7.4095,0.3995
train,2000-05-06,6.816,6.8293,0.0133
train,2000-05-07,10.768,10.7013,-0.0667
train,2000-05-08,6.778,6.7171,-0.0609
train,2000-05-09,6.878,6.8087,-0.0693
train,2000-05-10,9.038,9.1375,0.0995
train,2000-05-11,6.876,6.8177,-0.0583
train,2000-05-12,9.214,9.285,0.071
train,2000-05-13,6.598,6.6277,0.0297
train,2000-05-14,6.558,6.7877,0.2297
train,2000-05-15,6.838,6.843,0.005
train,2000-05-16,7.078,7.077,-0.001
train,2000-05-17,7.648,7.7017,0.0537
train,2000-05-18,6.998,6.9121,-0.0859
train,2000-05-19,6.822,6.8385,0.0165
train,2000-05-20,7.048,7.0567,0.0087
train,2000-05-21,7.228,7.2685,0.0405
train,2000-05-22,8.506,8.5661,0.0601
train,2000-05-23,7.418,7.4294,0.0114
train,2000-05-24,7.588,7.5883,0.0003
train,2000-05-25,8.008,7.9074,-0.1006
train,2000-05-26,7.858,7.8378,-0.0202
train,2000-05-27,6.716,6.7853,0.0693
train,2000-05-28,7.558,7.6046,0.0466
train,2000-05-29,6.918,6.9351,0.0171
train,2000-05-30,7.388,7.4114,0.0234
train,2000-05-31,6.398,6.5202,0.1222
train,2000-06-01,6.626,6.636,0.01
train,2000-06-02,8.296,8.1946,-0.1014
train,2000-06-03,7.098,7.0686,-0.0294
train,2000-06-04,7.118,6.9919,-0.1261
train,2000-06-05,7.018,7.0502,0.0322
train,2000-06-06,10.618,9.4756,-1.1424
train,2000-06-07,7.618,7.7653,0.1473
train,2000-06-08,7.832,7.3055,-0.5265
train,2000-06-09,8.038,8.0315,-0.0065
train,2000-06-10,7.1,7.0499,-0.0501
train,2000-06-11,7.138,7.1518,0.0138
train,2000-06-12,6.928,6.9752,0.0472
train,2000-06-13,6.19,6.1894,-0.0006
train,2000-06-14,7.708,7.6584,-0.0496
train,2000-06-15,6.618,6.7079,0.0899
train,2000-06-16,6.908,6.9305,0.0225
train,2000-06-17,7.598,7.8328,0.2348
train,2000-06-18,6.002,5.9867,-0.0153
train,2000-06-19,6.906,6.8848,-0.0212
train,2000-06-20,8.058,7.8777,-0.1803
train,2000-06-21,6.958,6.9757,0.0177
train,2000-06-22,8.128,8.1546,0.0266
train,2000-06-23,8.868,8.9283,0.0603
train,2000-06-24,6.614,6.5659,-0.0481
train,2000-06-25,8.348,8.2565,-0.0915
train,2000-06-26,7.918,7.8345,-0.0835
train,2000-06-27,9.178,9.3939,0.2159
train,2000-06-28,7.198,7.2387,0.0407
train,2000-06-29,8.508,8.8501,0.3421
train,2000-06-30,6.738,6.7451,0.0071
train,2000-07-01,6.794,6.85,0.056
train,2000-07-02,6.894,6.9293,0.0353
train,2000-07-03,9.658,9.7997,0.1417
train,2000-07-04,7.052,7.0901,0.0381
train,2000-07-05,5.792,6.0449,0.2529
train,2000-07-06,8.578,8.9533,0.3753
train,2000-07-07,7.008,7.0183,0.0103
train,2000-07-08,6.508,6.566,0.058
train,2000-07-09,6.688,6.6962,0.0082
train,2000-07-10,7.328,7.2629,-0.0651
train,2000-07-11,7.148,7.115,-0.033
train,2000-07-12,7.228,7.1774,-0.0506
train,2000-07-13,10.74,10.2954,-0.4446
train,2000-07-14,7.188,7.728,0.54
train,2000-07-15,6.288,6.357,0.069
train,2000-07-16,6.766,6.7795,0.0135
train,2000-07-17,7.728,7.7735,0.0455
train,2000-07-18,6.808,6.8578,0.0498
train,2000-07-19,6.468,6.4599,-0.0081
train,2000-07-20,7.108,7.1499,0.0419
train,2000-07-21,9.258,9.3345,0.0765
train,2000-07-22,6.678,6.7208,0.0428
train,2000-07-23,7.118,7.0309,-0.0871
train,2000-07-24,9.128,9.0955,-0.0325
train,2000-07-25,6.338,6.3002,-0.0378
train,2000-07-26,6.594,6.612,0.018
train,2000-07-27,9.078,9.3478,0.2698
train,2000-07-28,6.928,6.9245,-0.0035
train,2000-07-29,7.118,7.1148,-0.0032
train,2000-07-30,7.078,7.0773,-0.0007
train,2000-07-31,6.818,6.7428,-0.0752
train,2000-08-01,10.28,10.0234,-0.2566
train,2000-08-02,7.958,7.4909,-0.4671
train,2000-08-03,7.51,7.4372,-0.0728
train,2000-08-04,7.584,7.5284,-0.0556
train,2000-08-05,7.808,7.6919,-0.1161
train,2000-08-06,7.108,7.1073,-0.0007
train,2000-08-07,8.248,8.0601,-0.1879
train,2000-08-08,9.138,9.1927,0.0547
train,2000-08-09,7.338,7.3981,0.0601
train,2000-08-10,8.89,9.4607,0.5707
train,2000-08-11,7.388,7.4043,0.0163
train,2000-08-12,7.468,6.9985,-0.4695
train,2000-08-13,7.794,7.6516,-0.1424
train,2000-08-14,7.45,7.5341,0.0841
train,2000-08-15,6.366,6.4752,0.1092
train,2000-08-16,5.934,5.9721,0.0381
train,2000-08-17,8.366,8.6307,0.2647
train,2000-08-18,7.728,7.8354,0.1074
train,2000-08-19,6.5,6.568,0.068
train,2000-08-20,7.278,7.3185,0.0405
train,2000-08-21,6.348,6.3234,-0.0246
train,2000-08-22,7.278,7.2954,0.0174
train,2000-08-23,7.918,7.8917,-0.0263
train,2000-08-24,6.76,6.7798,0.0198
train,2000-08-25,7.028,7.0151,-0.0129
train,2000-08-26,10.448,10.329,-0.119
train,2000-08-27,6.886,6.8957,0.0097
train,2000-08-28,6.328,6.382,0.054
train,2000-08-29,6.304,6.3014,-0.0026
train,2000-08-30,8.928,9.2039,0.2759
train,2000-08-31,7.398,7.6674,0.2694
train,2000-09-01,8.838,8.983,0.145
train,2000-09-02,7.89,7.9555,0.0655
train,2000-09-03,6.658,6.6312,-0.0268
train,2000-09-04,7.18,7.3104,0.1304
train,2000-09-05,7.854,8.0286,0.1746
train,2000-09-06,6.798,6.8333,0.0353
train,2000-09-07,7.288,7.3816,0.0936
train,2000-09-08,7.988,7.8905,-0.0975
train,2000-09-09,7.298,7.3694,0.0714
train,2000-09-10,7.778,7.3913,-0.3867
train,2000-09-11,7.376,7.5809,0.2049
train,2000-09-12,9.548,9.2884,-0.2596
train,2000-09-13,6.038,6.151,0.113
train,2000-09-14,7.018,7.0139,-0.0041
train,2000-09-15,8.618,8.4045,-0.2135
train,2000-09-16,6.818,6.8415,0.0235
train,2000-09-17,9.308,8.3761,-0.9319
train,2000-09-18,7.198,7.1538,-0.0442
train,2000-09-19,6.818,6.9203,0.1023
train,2000-09-20,8.668,8.4461,-0.2219
train,2000-09-21,6.748,6.7206,-0.0274
train,2000-09-22,6.898,7.1155,0.2175
train,2000-09-23,6.514,6.6225,0.1085
train,2000-09-24,7.33,7.3958,0.0658
train,2000-09-25,8.858,9.0176,0.1596
train,2000-09-26,7.15,7.2364,0.0864
train,2000-09-27,7.208,7.2228,0.0148
train,2000-09-28,7.044,7.1561,0.1121
train,2000-09-29,7.116,7.1199,0.0039
train,2000-09-30,6.69,7.0076,0.3176
train,2000-10-01,6.848,6.8915,0.0435
train,2000-10-02,7.286,7.3651,0.0791
train,2000-10-03,9.304,9.3515,0.0475
train,2000-10-04,7.118,7.1382,0.0202
train,2000-10-05,7.198,7.2748,0.0768
train,2000-10-06,7.168,7.1183,-0.0497
train,2000-10-07,6.838,7.0275,0.1895
train,2000-10-08,7.658,7.7204,0.0624
train,2000-10-09,6.878,6.8562,-0.0218
train,2000-10-10,6.968,6.9482,-0.0198
train,2000-10-11,7.108,7.0675,-0.0405
train,2000-10-12,6.692,6.6974,0.0054
train,2000-10-13,8.158,8.0773,-0.0807
train,2000-10-14,7.448,7.2381,-0.2099
train,2000-10-15,7.914,7.9161,0.0021
train,2000-10-16,11.06,10.8758,-0.1842
train,2000-10-17,8.108,8.0245,-0.0835
train,2000-10-18,9.788,9.794,0.006
train,2000-10-19,9.168,9.346,0.178
train,2000-10-20,7.278,7.2631,-0.0149
train,2000-10-21,6.568,6.6435,0.0755
train,2000-10-22,6.958,6.9933,0.0353
train,2000-10-23,6.426,6.5656,0.1396
train,2000-10-24,7.222,7.3857,0.1637
train,2000-10-25,9.258,9.5236,0.2656
train,2000-10-26,6.318,6.2943,-0.0237
train,2000-10-27,7.278,7.2627,-0.0153
train,2000-10-28,7.198,7.1492,-0.0488
train,2000-10-29,8.616,8.3165,-0.2995
train,2000-10-30,7.048,7.0869,0.0389
train,2000-10-31,6.478,6.6206,0.1426
train,2000-11-01,7.388,7.3448,-0.0432
train,2000-11-02,6.38,6.4283,0.0483
train,2000-11-03,7.938,7.9837,0.0457
train,2000-11-04,6.636,6.6716,0.0356
train,2000-11-05,7.422,6.6643,-0.7577
train,2000-11-06,6.02,6.2046,0.1846
train,2000-11-07,9.318,9.406,0.088
train,2000-11-08,7.008,7.0374,0.0294
train,2000-11-09,8.378,8.5011,0.1231
train,2000-11-10,6.288,6.2353,-0.0527
train,2000-11-11,7.192,7.0514,-0.1406
train,2000-11-12,7.458,7.5084,0.0504
train,2000-11-13,10.58,10.6168,0.0368
train,2000-11-14,6.978,6.9644,-0.0136
train,2000-11-15,5.988,6.276,0.288
train,2000-11-16,8.348,8.3649,0.0169
train,2000-11-17,7.414,7.4346,0.0206
train,2000-11-18,6.898,6.9036,0.0056
train,2000-11-19,6.78,6.8851,0.1051
train,2000-11-20,8.938,8.9231,-0.0149
train,2000-11-21,8.018,7.6046,-0.4134
train,2000-11-22,6.408,6.4183,0.0103
train,2000-11-23,6.294,6.2936,-0.0004
train,2000-11-24,7.438,7.0214,-0.4166
train,2000-11-25,7.36,7.3671,0.0071
train,2000-11-26,8.268,8.3135,0.0455
train,2000-11-27,6.316,6.1206,-0.1954
train,2000-11-28,9.218,8.4647,-0.7533
train,2000-11-29,6.808,6.7766,-0.0314
train,2000-11-30,6.066,6.0587,-0.0073
train,2000-12-01,9.894,9.8431,-0.0509
train,2000-12-02,7.748,7.7002,-0.0478
train,2000-12-03,7.628,7.5659,-0.0621
train,2000-12-04,6.198,6.2198,0.0218
train,2000-12-05,6.618,6.7365,0.1185
train,2000-12-06,8.25,8.217,-0.033
train,2000-12-07,6.518,6.5758,0.0578
train,2000-12-08,7.338,7.3084,-0.0296
train,2000-12-09,7.408,7.4684,0.0604
train,2000-12-10,7.898,7.8482,-0.0498
train,2000-12-11,6.974,6.996,0.022
train,2000-12-12,7.318,7.2922,-0.0258
train,2000-12-13,8.648,8.6867,0.0387
train,2000-12-14,8.748,8.7564,0.0084
train,2000-12-15,7.28,7.0518,-0.2282
train,2000-12-16,7.058,7.0863,0.0283
train,2000-12-17,8.018,7.6479,-0.3701
train,2000-12-18,7.978,8.3375,0.3595
train,2000-12-19,6.564,6.6234,0.0594
train,2000-12-20,7.018,6.9685,-0.0495
train,2000-12-21,7.498,7.2381,-0.2599
train,2000-12-22,8.208,7.9232,-0.2848
train,2000-12-23,7.118,7.1415,0.0235
train,2000-12-24,7.194,7.2767,0.0827
train,2000-12-25,7.384,7.2727,-0.1113
train,2000-12-26,11.624,11.5521,-0.0719
train,2000-12-27,7.228,7.2546,0.0266
train,2000-12-28,7.466,7.8714,0.4054
train,2000-12-29,6.868,6.8628,-0.0052
train,2000-12-30,6.918,6.8805,-0.0375
train,2000-12-31,9.018,8.9923,-0.0257
train,2001-01-01,7.058,7.2551,0.1971
train,2001-01-02,6.776,6.7884,0.0124
train,2001-01-03,7.308,7.2952,-0.0128
train,2001-01-04,7.028,7.0606,0.0326
train,2001-01-05,8.428,7.3149,-1.1131
train,2001-01-06,9.412,9.0647,-0.3473
train,2001-01-07,6.196,6.1931,-0.0029
train,2001-01-08,8.192,7.7696,-0.4224
train,2001-01-09,6.05,6.0537,0.0037
train,2001-01-10,8.538,8.3062,-0.2318
train,2001-01-11,7.268,7.3951,0.1271
train,2001-01-12,7.318,7.2329,-0.0851
train,2001-01-13,7.018,6.9802,-0.0378
train,2001-01-14,7.118,7.1344,0.0164
train,2001-01-15,6.978,6.9748,-0.0032
train,2001-01-16,6.938,6.9162,-0.0218
train,2001-01-17,6.998,6.9844,-0.0136
train,2001-01-18,7.108,7.1086,0.0006
train,2001-01-19,6.324,6.3044,-0.0196
train,2001-01-20,7.278,7.2449,-0.0331
train,2001-01-21,8.718,8.5742,-0.1438
train,2001-01-22,7.768,7.8731,0.1051
train,2001-01-23,6.788,6.9149,0.1269
train,2001-01-24,6.12,6.275,0.155
train,2001-01-25,6.54,6.552,0.012
train,2001-01-26,7.054,7.2845,0.2305
train,2001-01-27,6.948,6.9339,-0.0141
train,2001-01-28,10.868,10.6559,-0.2121
train,2001-01-29,7.42,7.4012,-0.0188
train,2001-01-30,6.232,6.217,-0.015
train,2001-01-31,6.948,6.9983,0.0503
train,2001-02-01,6.558,6.5198,-0.0382
train,2001-02-02,8.138,8.1295,-0.0085
train,2001-02-03,7.858,7.7112,-0.1468
train,2001-02-04,6.888,7.0566,0.1686
train,2001-02-05,7.248,7.2883,0.0403
train,2001-02-06,6.65,6.6467,-0.0033
train,2001-02-07,6.938,6.9758,0.0378
train,2001-02-08,7.258,7.349,0.091
train,2001-02-09,7.118,7.1071,-0.0109
train,2001-02-10,7.128,7.0997,-0.0283
train,2001-02-11,7.438,7.409,-0.029
train,2001-02-12,8.364,8.5981,0.2341
train,2001-02-13,8.128,8.0435,-0.0845
train,2001-02-14,6.352,6.4088,0.0568
train,2001-02-15,6.998,6.958,-0.04
train,2001-02-16,6.848,6.8269,-0.0211
train,2001-02-17,10.008,9.7716,-0.2364
train,2001-02-18,7.178,7.1347,-0.0433
train,2001-02-19,6.66,6.6462,-0.0138
train,2001-02-20,6.298,6.3048,0.0068
train,2001-02-21,6.988,7.1615,0.1735
train,2001-02-22,9.186,8.6846,-0.5014
train,2001-02-23,6.308,6.3511,0.0431
train,2001-02-24,7.023,6.9822,-0.0408
train,2001-02-25,7.748,7.6906,-0.0574
train,2001-02-26,6.968,6.9163,-0.0517
train,2001-02-27,6.738,6.8968,0.1588
train,2001-02-28,6.938,6.8892,-0.0488
train,2001-03-01,7.398,7.4141,0.0161
train,2001-03-02,7.178,7.2115,0.0335
train,2001-03-03,7.398,7.223,-0.175
train,2001-03-04,6.238,6.2283,-0.0097
train,2001-03-05,8.81,8.7272,-0.0828
train,2001-03-06,6.812,6.9217,0.1097
train,2001-03-07,7.178,7.1703,-0.0077
train,2001-03-08,6.858,6.9965,0.1385
train,2001-03-09,7.128,7.1155,-0.0125
train,2001-03-10,7.078,7.1282,0.0502
train,2001-03-11,6.278,6.4279,0.1499
train,2001-03-12,6.878,6.8196,-0.0584
train,2001-03-13,7.068,7.0472,-0.0208
train,2001-03-14,6.978,7.0269,0.0489
train,2001-03-15,7.338,7.1987,-0.1393
train,2001-03-16,7.838,8.0814,0.2434
train,2001-03-17,7.144,7.4986,0.3546
train,2001-03-18,7.818,7.7547,-0.0633
train,2001-03-19,6.944,6.7066,-0.2374
train,2001-03-20,7.598,7.2629,-0.3351
train,2001-03-21,7.648,7.5227,-0.1253
train,2001-03-22,6.318,6.3331,0.0151
train,2001-03-23,7.798,8.1101,0.3121
train,2001-03-24,8.136,8.2047,0.0687
train,2001-03-25,6.838,6.8199,-0.0181
train,2001-03-26,8.496,8.5483,0.0523
train,2001-03-27,7.922,7.8406,-0.0814
train,2001-03-28,7.658,7.3823,-0.2757
train,2001-03-29,8.126,7.4985,-0.6275
train,2001-03-30,7.968,7.8909,-0.0771
train,2001-03-31,7.038,7.0401,0.0021
train,2001-04-01,7.228,7.1554,-0.0726
train,2001-04-02,7.178,7.1746,-0.0034
train,2001-04-03,6.338,6.3516,0.0136
train,2001-04-04,6.448,6.462,0.014
train,2001-04-05,7.008,6.9368,-0.0712
train,2001-04-06,7.008,6.9746,-0.0334
train,2001-04-07,7.858,7.9248,0.0668
train,2001-04-08,8.586,8.6078,0.0218
train,2001-04-09,10.078,9.5271,-0.5509
train,2001-04-10,6.866,6.8404,-0.0256
train,2001-04-11,7.808,7.8884,0.0804
train,2001-04-12,6.834,6.8328,-0.0012
train,2001-04-13,6.828,6.8443,0.0163
train,2001-04-14,6.258,6.3215,0.0635
train,2001-04-15,9.118,8.864,-0.254
train,2001-04-16,9.578,9.6621,0.0841
train,2001-04-17,7.268,7.3378,0.0698
train,2001-04-18,7.288,7.3305,0.0425
train,2001-04-19,8.256,8.1763,-0.0797
train,2001-04-20,7.878,7.9536,0.0756
train,2001-04-21,9.178,9.0337,-0.1443
train,2001-04-22,7.188,7.1466,-0.0414
train,2001-04-23,7.478,7.0401,-0.4379
train,2001-04-24,6.898,6.9024,0.0044
train,2001-04-25,7.478,7.642,0.164
train,2001-04-26,6.668,6.4823,-0.1857
train,2001-04-27,7.048,7.0597,0.0117
train,2001-04-28,8.848,8.8849,0.0369
train,2001-04-29,7.368,7.1221,-0.2459
train,2001-04-30,9.8,9.7017,-0.0983
train,2001-05-01,7.294,7.1232,-0.1708
train,2001-05-02,6.336,6.3767,0.0407
train,2001-05-03,6.93,6.9814,0.0514
train,2001-05-04,6.588,6.5599,-0.0281
train,2001-05-05,8.778,7.9043,-0.8737
train,2001-05-06,6.778,6.8027,0.0247
train,2001-05-07,7.628,7.6225,-0.0055
train,2001-05-08,7.052,7.0955,0.0435
train,2001-05-09,6.426,6.5942,0.1682
train,2001-05-10,6.808,6.7771,-0.0309
train,2001-05-11,8.168,8.1938,0.0258
train,2001-05-12,7.118,7.11,-0.008
train,2001-05-13,7.398,7.3702,-0.0278
train,2001-05-14,8.522,8.6581,0.1361
train,2001-05-15,6.328,6.3166,-0.0114
train,2001-05-16,6.618,6.4539,-0.1641
train,2001-05-17,8.426,8.2931,-0.1329
train,2001-05-18,6.58,6.7012,0.1212
train,2001-05-19,7.998,7.947,-0.051
train,2001-05-20,7.128,7.1452,0.0172
train,2001-05-21,7.4,7.5348,0.1348
train,2001-05-22,11.688,11.3442,-0.3438
train,2001-05-23,8.228,8.2966,0.0686
train,2001-05-24,7.088,7.0778,-0.0102
train,2001-05-25,6.768,6.84,0.072
train,2001-05-26,10.028,9.9343,-0.0937
train,2001-05-27,7.498,7.6884,0.1904
train,2001-05-28,7.128,7.1575,0.0295
train,2001-05-29,7.014,6.9618,-0.0522
train,2001-05-30,7.788,7.7242,-0.0638
train,2001-05-31,6.26,6.2693,0.0093
train,2001-06-01,7.308,7.3355,0.0275
train,2001-06-02,7.104,7.1337,0.0297
train,2001-06-03,6.898,6.7134,-0.1846
train,2001-06-04,8.018,8.0522,0.0342
train,2001-06-05,6.554,6.577,0.023
train,2001-06-06,6.544,6.6512,0.1072
train,2001-06-07,10.038,10.25,0.212
train,2001-06-08,7.088,7.2894,0.2014
train,2001-06-09,8.028,7.9011,-0.1269
train,2001-06-10,8.138,8.2256,0.0876
train,2001-06-11,7.678,7.5104,-0.1676
train,2001-06-12,6.408,6.5161,0.1081
train,2001-06-13,9.088,8.7536,-0.3344
train,2001-06-14,7.228,7.2516,0.0236
train,2001-06-15,7.088,7.2968,0.2088
train,2001-06-16,7.818,7.7646,-0.0534
train,2001-06-17,7.0,6.8221,-0.1779
train,2001-06-18,6.72,6.7665,0.0465
train,2001-06-19,6.898,6.8601,-0.0379
train,2001-06-20,7.738,8.0556,0.3176
train,2001-06-21,7.488,7.3406,-0.1474
train,2001-06-22,7.068,7.083,0.015
train,2001-06-23,6.824,6.8125,-0.0115
train,2001-06-24,7.018,7.0441,0.0261
train,2001-06-25,7.328,7.3267,-0.0013
train,2001-06-26,7.368,7.2279,-0.1401
train,2001-06-27,8.818,8.6171,-0.2009
train,2001-06-28,7.018,6.982,-0.036
train,2001-06-29,9.498,9.433,-0.065
train,2001-06-30,7.978,7.981,0.003
train,2001-07-01,7.818,7.6539,-0.1641
train,2001-07-02,7.148,7.2963,0.1483
train,2001-07-03,8.158,8.2002,0.0422
train,2001-07-04,8.248,8.418,0.17
train,2001-07-05,6.39,6.3843,-0.0057
train,2001-07-06,7.138,7.1677,0.0297
train,2001-07-07,6.664,6.6291,-0.0349
train,2001-07-08,7.518,7.9511,0.4331
train,2001-07-09,6.374,6.3998,0.0258
train,2001-07-10,8.278,8.1292,-0.1488
train,2001-07-11,7.332,7.51,0.178
train,2001-07-12,6.962,6.8779,-0.0841
train,2001-07-13,7.638,7.7679,0.1299
train,2001-07-14,7.028,7.0505,0.0225
train,2001-07-15,7.218,7.2296,0.0116
train,2001-07-16,6.888,6.9148,0.0268
train,2001-07-17,6.728,6.7041,-0.0239
train,2001-07-18,7.788,7.7542,-0.0338
train,2001-07-19,8.218,8.1609,-0.0571
train,2001-07-20,6.768,6.6929,-0.0751
train,2001-07-21,8.748,8.9301,0.1821
train,2001-07-22,12.208,11.3521,-0.8559
train,2001-07-23,7.058,6.7825,-0.2755
train,2001-07-24,6.768,6.8967,0.1287
train,2001-07-25,8.176,8.2274,0.0514
train,2001-07-26,7.218,7.2174,-0.0006
train,2001-07-27,7.178,7.2286,0.0506
train,2001-07-28,7.138,7.1707,0.0327
train,2001-07-29,6.95,6.9781,0.0281
train,2001-07-30,8.388,8.7442,0.3562
train,2001-07-31,6.408,6.4578,0.0498
train,2001-08-01,7.096,7.0978,0.0018
train,2001-08-02,6.918,6.9674,0.0494
train,2001-08-03,6.888,6.9092,0.0212
train,2001-08-04,7.048,7.0359,-0.0121
train,2001-08-05,6.568,6.6968,0.1288
train,2001-08-06,9.126,8.6534,-0.4726
train,2001-08-07,7.3,6.8928,-0.4072
train,2001-08-08,6.978,6.9005,-0.0775
train,2001-08-09,7.468,7.5431,0.0751
train,2001-08-10,7.018,6.9637,-0.0543
train,2001-08-11,6.508,6.3795,-0.1285
train,2001-08-12,7.098,7.3709,0.2729
train,2001-08-13,7.368,7.3954,0.0274
train,2001-08-14,7.938,7.895,-0.043
train,2001-08-15,6.798,6.8252,0.0272
train,2001-08-16,7.438,7.779,0.341
train,2001-08-17,7.084,7.1139,0.0299
train,2001-08-18,7.238,7.2654,0.0274
train,2001-08-19,6.66,6.7436,0.0836
train,2001-08-20,8.726,8.3241,-0.4019
train,2001-08-21,8.348,7.941,-0.407
train,2001-08-22,9.568,9.0273,-0.5407
train,2001-08-23,6.502,6.4837,-0.0183
train,2001-08-24,6.632,6.7035,0.0715
train,2001-08-25,8.444,8.9884,0.5444
train,2001-08-26,6.888,6.9167,0.0287
train,2001-08-27,6.888,6.9897,0.1017
train,2001-08-28,7.078,6.9939,-0.0841
train,2001-08-29,9.616,8.5575,-1.0585
train,2001-08-30,6.318,6.307,-0.011
train,2001-08-31,7.648,7.6537,0.0057
train,2001-09-01,8.428,7.9408,-0.4872
train,2001-09-02,7.058,7.0474,-0.0106
train,2001-09-03,7.278,7.2851,0.0071
train,2001-09-04,7.788,7.7667,-0.0213
train,2001-09-05,5.718,5.8021,0.0841
train,2001-09-06,6.998,7.0206,0.0226
train,2001-09-07,7.766,7.8046,0.0386
train,2001-09-08,7.406,6.8908,-0.5152
train,2001-09-09,6.758,6.7464,-0.0116
train,2001-09-10,6.304,6.3398,0.0358
train,2001-09-11,7.888,7.7558,-0.1322
train,2001-09-12,7.928,7.8874,-0.0406
train,2001-09-13,7.408,7.4317,0.0237
train,2001-09-14,7.218,7.1904,-0.0276
train,2001-09-15,7.214,7.1709,-0.0431
train,2001-09-16,8.062,8.346,0.284
train,2001-09-17,7.558,7.2632,-0.2948
train,2001-09-18,6.21,6.3461,0.1361
train,2001-09-19,6.998,7.0108,0.0128
train,2001-09-20,6.568,6.7341,0.1661
train,2001-09-21,7.228,7.3377,0.1097
train,2001-09-22,6.848,6.8564,0.0084
train,2001-09-23,6.678,6.7651,0.0871
train,2001-09-24,7.938,7.9117,-0.0263
train,2001-09-25,6.518,6.4262,-0.0918
train,2001-09-26,6.568,6.9984,0.4304
train,2001-09-27,7.708,7.8662,0.1582
train,2001-09-28,8.594,8.5223,-0.0717
train,2001-09-29,6.738,6.7689,0.0309
train,2001-09-30,7.866,7.8475,-0.0185
train,2001-10-01,9.338,9.2437,-0.0943
train,2001-10-02,7.278,7.1381,-0.1399
train,2001-10-03,7.058,7.0727,0.0147
train,2001-10-04,7.328,7.1395,-0.1885
train,2001-10-05,7.828,7.8212,-0.0068
train,2001-10-06,6.308,6.2394,-0.0686
train,2001-10-07,7.138,7.0848,-0.0532
train,2001-10-08,6.858,6.8647,0.0067
train,2001-10-09,6.802,6.8261,0.0241
train,2001-10-10,6.586,6.6481,0.0621
train,2001-10-11,8.154,7.8778,-0.2762
train,2001-10-12,6.892,6.8254,-0.0666
train,2001-10-13,7.248,7.3143,0.0663
train,2001-10-14,6.878,6.8628,-0.0152
train,2001-10-15,6.888,6.9039,0.0159
train,2001-10-16,7.034,7.056,0.022
train,2001-10-17,7.858,7.8381,-0.0199
train,2001-10-18,6.756,6.6679,-0.0881
train,2001-10-19,6.988,6.9938,0.0058
train,2001-10-20,6.368,6.5965,0.2285
train,2001-10-21,6.894,6.9463,0.0523
train,2001-10-22,7.048,7.0562,0.0082
train,2001-10-23,6.322,6.2738,-0.0482
train,2001-10-24,7.522,7.5464,0.0244
train,2001-10-25,7.334,7.6542,0.3202
train,2001-10-26,9.368,9.4392,0.0712
train,2001-10-27,6.448,6.5522,0.1042
train,2001-10-28,7.788,7.9089,0.1209
train,2001-10-29,6.984,6.987,0.003
train,2001-10-30,7.128,7.115,-0.013
train,2001-10-31,9.168,9.1765,0.0085
train,2001-11-01,6.888,6.7862,-0.1018
train,2001-11-02,6.178,6.3879,0.2099
train,2001-11-03,6.824,6.7494,-0.0746
train,2001-11-04,6.688,6.6823,-0.0057
train,2001-11-05,6.978,6.995,0.017
train,2001-11-06,5.878,5.9383,0.0603
train,2001-11-07,7.718,7.7149,-0.0031
train,2001-11-08,6.418,6.6555,0.2375
train,2001-11-09,7.098,7.1215,0.0235
train,2001-11-10,6.618,6.9369,0.3189
train,2001-11-11,6.748,6.8089,0.0609
train,2001-11-12,7.194,7.1596,-0.0344
train,2001-11-13,6.808,6.7997,-0.0083
train,2001-11-14,10.332,9.9192,-0.4128
train,2001-11-15,7.068,7.0819,0.0139
train,2001-11-16,7.166,7.4743,0.3083
train,2001-11-17,5.81,6.0112,0.2012
train,2001-11-18,6.898,6.9047,0.0067
train,2001-11-19,6.428,6.5087,0.0807
train,2001-11-20,6.918,7.0794,0.1614
train,2001-11-21,6.476,6.4642,-0.0118
train,2001-11-22,6.588,6.5773,-0.0107
train,2001-11-23,6.818,6.838,0.02
train,2001-11-24,6.786,6.7972,0.0112
train,2001-11-25,6.51,6.6972,0.1872
train,2001-11-26,6.948,6.8792,-0.0688
train,2001-11-27,6.964,7.0033,0.0393
train,2001-11-28,6.2,6.1511,-0.0489
train,2001-11-29,7.838,7.8227,-0.0153
train,2001-11-30,6.958,6.8705,-0.0875
train,2001-12-01,7.232,7.2713,0.0393
train,2001-12-02,6.772,6.7594,-0.0126
train,2001-12-03,7.078,7.0781,0.0001
train,2001-12-04,8.834,8.8557,0.0217
train,2001-12-05,7.158,7.661,0.503
train,2001-12-06,7.388,7.4339,0.0459
train,2001-12-07,7.038,7.0246,-0.0134
train,2001-12-08,8.364,7.9113,-0.4527
train,2001-12-09,6.102,6.0937,-0.0083
train,2001-12-10,7.138,7.3403,0.2023
train,2001-12-11,6.65,6.6304,-0.0196
train,2001-12-12,7.764,6.7358,-1.0282
train,2001-12-13,7.118,7.1574,0.0394
train,2001-12-14,7.058,7.0553,-0.0027
train,2001-12-15,9.618,9.5437,-0.0743
train,2001-12-16,8.284,8.583,0.299
train,2001-12-17,7.088,7.2224,0.1344
train,2001-12-18,7.568,7.4968,-0.0712
train,2001-12-19,6.658,6.6517,-0.0063
train,2001-12-20,7.078,7.137,0.059
train,2001-12-21,7.558,7.2889,-0.2691
train,2001-12-22,7.788,7.8469,0.0589
train,2001-12-23,6.948,6.9994,0.0514
train,2001-12-24,6.928,6.9336,0.0056
train,2001-12-25,8.008,8.1596,0.1516
train,2001-12-26,7.118,7.1625,0.0445
train,2001-12-27,6.518,6.5661,0.0481
train,2001-12-28,7.988,7.9722,-0.0158
train,2001-12-29,7.08,7.221,0.141
train,2001-12-30,6.308,6.2469,-0.0611
train,2001-12-31,6.354,6.3613,0.0073
train,2002-01-01,7.068,7.0607,-0.0073
train,2002-01-02,7.298,7.139,-0.159
train,2002-01-03,6.708,6.6698,-0.0382
train,2002-01-04,8.786,9.0248,0.2388
train,2002-01-05,6.344,6.3125,-0.0315
train,2002-01-06,6.568,6.6534,0.0854
train,2002-01-07,6.312,6.4202,0.1082
train,2002-01-08,8.354,8.1493,-0.2047
train,2002-01-09,8.266,8.2096,-0.0564
train,2002-01-10,7.904,7.9584,0.0544
train,2002-01-11,6.606,6.731,0.125
train,2002-01-12,8.962,9.3072,0.3452
train,2002-01-13,5.794,5.9323,0.1383
train,2002-01-14,6.486,6.521,0.035
train,2002-01-15,7.468,7.6168,0.1488
train,2002-01-16,6.628,6.5973,-0.0307
train,2002-01-17,6.196,6.2123,0.0163
train,2002-01-18,7.248,7.2378,-0.0102
train,2002-01-19,6.798,6.9357,0.1377
train,2002-01-20,6.868,6.8666,-0.0014
train,2002-01-21,7.208,7.2349,0.0269
train,2002-01-22,7.008,7.0487,0.0407
train,2002-01-23,7.388,7.229,-0.159
train,2002-01-24,6.674,6.6437,-0.0303
train,2002-01-25,7.218,7.2244,0.0064
train,2002-01-26,7.434,7.3379,-0.0961
train,2002-01-27,9.658,9.7578,0.0998
train,2002-01-28,7.23,7.3253,0.0953
train,2002-01-29,7.038,7.0487,0.0107
train,2002-01-30,6.458,6.4619,0.0039
train,2002-01-31,8.578,8.7053,0.1273
train,2002-02-01,7.688,7.6222,-0.0658
train,2002-02-02,6.798,6.6667,-0.1313
train,2002-02-03,7.57,7.7573,0.1873
train,2002-02-04,9.668,9.745,0.077
train,2002-02-05,7.91,8.1113,0.2013
train,2002-02-06,6.758,6.8668,0.1088
train,2002-02-07,6.05,6.0359,-0.0141
train,2002-02-08,9.518,8.7821,-0.7359
train,2002-02-09,9.408,9.362,-0.046
train,2002-02-10,6.858,6.9228,0.0648
train,2002-02-11,7.056,7.3224,0.2664
train,2002-02-12,7.128,7.1068,-0.0212
train,2002-02-13,6.972,7.1511,0.1791
train,2002-02-14,6.328,6.3033,-0.0247
train,2002-02-15,6.868,6.8827,0.0147
train,2002-02-16,8.138,8.167,0.029
train,2002-02-17,6.992,7.0599,0.0679
train,2002-02-18,6.672,6.89,0.218
train,2002-02-19,6.658,6.6145,-0.0435
train,2002-02-20,8.098,8.4034,0.3054
train,2002-02-21,7.038,7.0425,0.0045
train,2002-02-22,9.838,9.8998,0.0618
train,2002-02-23,7.888,7.9896,0.1016
train,2002-02-24,8.368,8.4196,0.0516
train,2002-02-25,11.53,10.8194,-0.7106
train,2002-02-26,7.098,7.0996,0.0016
train,2002-02-27,8.998,9.0603,0.0623
train,2002-02-28,6.938,6.9918,0.0538
train,2002-03-01,6.928,6.9899,0.0619
train,2002-03-02,6.418,6.4202,0.0022
train,2002-03-03,6.908,6.9313,0.0233
train,2002-03-04,7.178,7.1848,0.0068
train,2002-03-05,7.078,7.0943,0.0163
train,2002-03-06,7.178,6.9387,-0.2393
train,2002-03-07,8.714,8.0889,-0.6251
train,2002-03-08,7.018,6.9699,-0.0481
train,2002-03-09,7.154,7.2706,0.1166
train,2002-03-10,6.324,6.4557,0.1317
train,2002-03-11,8.898,8.9031,0.0051
train,2002-03-12,6.738,6.7532,0.0152
train,2002-03-13,6.858,6.8755,0.0175
train,2002-03-14,6.714,6.7739,0.0599
train,2002-03-15,6.878,7.1333,0.2553
train,2002-03-16,6.39,6.4683,0.0783
train,2002-03-17,8.318,8.296,-0.022
train,2002-03-18,7.26,7.6674,0.4074
train,2002-03-19,11.424,11.5638,0.1398
train,2002-03-20,7.028,7.1464,0.1184
train,2002-03-21,6.868,6.9232,0.0552
train,2002-03-22,6.15,6.2269,0.0769
train,2002-03-23,6.608,6.4361,-0.1719
train,2002-03-24,8.188,8.3961,0.2081
train,2002-03-25,7.816,7.789,-0.027
train,2002-03-26,7.078,7.106,0.028
train,2002-03-27,7.388,7.4706,0.0826
train,2002-03-28,9.998,9.6274,-0.3706
train,2002-03-29,6.028,6.4856,0.4576
train,2002-03-30,6.412,6.35,-0.062
train,2002-03-31,7.328,7.3997,0.0717
train,2002-04-01,7.408,7.3094,-0.0986
train,2002-04-02,7.898,7.9465,0.0485
train,2002-04-03,7.028,7.0291,0.0011
train,2002-04-04,7.598,7.6153,0.0173
train,2002-04-05,6.808,6.8369,0.0289
train,2002-04-06,6.888,6.9275,0.0395
train,2002-04-07,7.514,7.5235,0.0095
train,2002-04-08,6.342,6.3881,0.0461
train,2002-04-09,6.842,6.7833,-0.0587
train,2002-04-10,7.268,7.2897,0.0217
train,2002-04-11,5.944,6.1497,0.2057
train,2002-04-12,7.028,7.0615,0.0335
train,2002-04-13,6.878,6.8497,-0.0283
train,2002-04-14,6.732,6.693,-0.039
train,2002-04-15,6.336,6.2856,-0.0504
train,2002-04-16,6.658,6.5807,-0.0773
train,2002-04-17,7.248,7.1762,-0.0718
train,2002-04-18,6.958,6.9405,-0.0175
train,2002-04-19,6.516,6.4866,-0.0294
train,2002-04-20,6.38,6.2589,-0.1211
train,2002-04-21,7.598,7.726,0.128
train,2002-04-22,6.892,6.8058,-0.0862
train,2002-04-23,7.232,7.5905,0.3585
train,2002-04-24,7.508,8.1772,0.6692
train,2002-04-25,6.828,6.8533,0.0253
train,2002-04-26,7.058,7.1524,0.0944
train,2002-04-27,6.198,6.4309,0.2329
train,2002-04-28,11.148,10.8281,-0.3199
train,2002-04-29,8.298,8.3132,0.0152
train,2002-04-30,6.686,6.6942,0.0082
train,2002-05-01,8.208,7.8123,-0.3957
train,2002-05-02,7.788,8.004,0.216
train,2002-05-03,8.948,9.021,0.073
train,2002-05-04,7.968,7.9846,0.0166
train,2002-05-05,6.406,6.575,0.169
train,2002-05-06,7.018,7.0086,-0.0094
train,2002-05-07,7.048,7.0567,0.0087
train,2002-05-08,6.958,6.9487,-0.0093
train,2002-05-09,6.788,6.8153,0.0273
train,2002-05-10,8.534,8.5197,-0.0143
train,2002-05-11,7.518,7.3881,-0.1299
train,2002-05-12,6.544,6.5873,0.0433
train,2002-05-13,7.382,7.3696,-0.0124
train,2002-05-14,6.528,6.5392,0.0112
train,2002-05-15,8.558,8.8074,0.2494
train,2002-05-16,6.816,6.6431,-0.1729
train,2002-05-17,7.078,7.0595,-0.0185
train,2002-05-18,8.856,8.8194,-0.0366
train,2002-05-19,8.828,8.8951,0.0671
train,2002-05-20,7.366,7.4489,0.0829
train,2002-05-21,9.668,9.6881,0.0201
train,2002-05-22,7.018,6.9922,-0.0258
train,2002-05-23,6.504,6.4355,-0.0685
train,2002-05-24,7.998,7.9682,-0.0298
train,2002-05-25,9.096,8.3559,-0.7401
train,2002-05-26,8.092,8.2147,0.1227
train,2002-05-27,6.808,7.0044,0.1964
train,2002-05-28,6.848,6.8234,-0.0246
train,2002-05-29,7.798,7.8525,0.0545
train,2002-05-30,8.098,8.0098,-0.0882
train,2002-05-31,9.128,8.9701,-0.1579
train,2002-06-01,8.848,8.8597,0.0117
train,2002-06-02,6.494,6.5542,0.0602
train,2002-06-03,7.318,7.4177,0.0997
train,2002-06-04,6.846,6.9655,0.1195
train,2002-06-05,11.368,10.8822,-0.4858
train,2002-06-06,7.268,7.3289,0.0609
train,2002-06-07,7.108,7.1078,-0.0002
train,2002-06-08,8.348,8.394,0.046
train,2002-06-09,6.418,6.4258,0.0078
train,2002-06-10,6.31,6.3061,-0.0039
train,2002-06-11,7.526,7.7952,0.2692
train,2002-06-12,7.368,7.317,-0.051
train,2002-06-13,10.488,10.3846,-0.1034
train,2002-06-14,6.578,6.4311,-0.1469
train,2002-06-15,6.558,6.5277,-0.0303
train,2002-06-16,8.566,8.9827,0.4167
train,2002-06-17,6.36,6.271,-0.089
train,2002-06-18,6.93,6.8712,-0.0588
train,2002-06-19,7.118,7.2332,0.1152
train,2002-06-20,7.048,7.3177,0.2697
train,2002-06-21,6.984,7.073,0.089
train,2002-06-22,6.988,6.9969,0.0089
train,2002-06-23,8.058,7.9975,-0.0605
train,2002-06-24,6.748,6.7382,-0.0098
train,2002-06-25,7.158,7.1367,-0.0213
train,2002-06-26,7.402,7.4778,0.0758
train,2002-06-27,7.838,7.8853,0.0473
train,2002-06-28,7.002,6.9928,-0.0092
train,2002-06-29,7.408,7.4247,0.0167
train,2002-06-30,6.836,6.9759,0.1399
train,2002-07-01,6.838,6.838,-0.0
train,2002-07-02,8.728,8.5009,-0.2271
train,2002-07-03,11.5,11.2223,-0.2777
train,2002-07-04,6.884,6.9046,0.0206
train,2002-07-05,7.028,7.0731,0.0451
train,2002-07-06,6.478,6.4675,-0.0105
train,2002-07-07,7.048,7.0463,-0.0017
train,2002-07-08,7.158,7.1055,-0.0525
train,2002-07-09,7.038,7.0344,-0.0036
train,2002-07-10,7.458,7.5234,0.0654
train,2002-07-11,7.278,7.4133,0.1353
train,2002-07-12,10.768,10.8082,0.0402
train,2002-07-13,7.258,7.2407,-0.0173
train,2002-07-14,7.176,7.0311,-0.1449
train,2002-07-15,7.108,7.1297,0.0217
train,2002-07-16,6.434,6.4293,-0.0047
train,2002-07-17,6.346,6.2956,-0.0504
train,2002-07-18,6.914,6.9007,-0.0133
train,2002-07-19,6.788,6.2541,-0.5339
train,2002-07-20,7.498,7.8175,0.3195
train,2002-07-21,7.8,7.8444,0.0444
train,2002-07-22,8.768,8.8852,0.1172
train,2002-07-23,7.048,7.0751,0.0271
train,2002-07-24,7.048,7.0617,0.0137
train,2002-07-25,6.192,6.1849,-0.0071
train,2002-07-26,7.474,7.656,0.182
train,2002-07-27,6.908,6.9085,0.0005
train,2002-07-28,7.048,7.0723,0.0243
train,2002-07-29,7.178,7.205,0.027
train,2002-07-30,6.242,6.2699,0.0279
train,2002-07-31,8.836,7.1792,-1.6568
train,2002-08-01,6.848,6.8107,-0.0373
train,2002-08-02,7.408,7.3586,-0.0494
train,2002-08-03,7.428,7.511,0.083
train,2002-08-04,8.348,8.4188,0.0708
train,2002-08-05,8.11,7.5131,-0.5969
train,2002-08-06,7.078,7.1059,0.0279
train,2002-08-07,6.712,6.7805,0.0685
train,2002-08-08,7.738,7.8091,0.0711
train,2002-08-09,9.708,8.6944,-1.0136
train,2002-08-10,8.978,8.4651,-0.5129
train,2002-08-11,8.522,7.8346,-0.6874
train,2002-08-12,6.378,6.3613,-0.0167
train,2002-08-13,7.478,7.5288,0.0508
train,2002-08-14,6.844,6.8577,0.0137
train,2002-08-15,6.988,7.0259,0.0379
train,2002-08-16,6.858,6.8239,-0.0341
train,2002-08-17,6.928,7.0294,0.1014
train,2002-08-18,7.558,7.6571,0.0991
train,2002-08-19,8.538,8.4711,-0.0669
train,2002-08-20,7.308,7.3447,0.0367
train,2002-08-21,6.516,6.6877,0.1717
train,2002-08-22,8.59,8.7904,0.2004
train,2002-08-23,6.48,6.7117,0.2317
train,2002-08-24,7.6,7.4789,-0.1211
train,2002-08-25,7.028,7.0792,0.0512
train,2002-08-26,6.888,6.9502,0.0622
train,2002-08-27,7.37,7.5437,0.1737
train,2002-08-28,8.598,8.7763,0.1783
train,2002-08-29,8.798,8.7583,-0.0397
train,2002-08-30,7.738,7.7889,0.0509
train,2002-08-31,6.968,6.9558,-0.0122
train,2002-09-01,6.808,6.7848,-0.0232
train,2002-09-02,6.388,6.3654,-0.0226
train,2002-09-03,10.058,10.1391,0.0811
train,2002-09-04,7.218,7.2604,0.0424
train,2002-09-05,9.898,9.833,-0.065
train,2002-09-06,7.5,7.6613,0.1613
train,2002-09-07,6.988,6.9849,-0.0031
train,2002-09-08,6.828,6.8152,-0.0128
train,2002-09-09,6.998,7.1753,0.1773
train,2002-09-10,7.084,7.0915,0.0075
train,2002-09-11,7.018,7.0267,0.0087
train,2002-09-12,8.138,8.0824,-0.0556
train,2002-09-13,6.968,7.0248,0.0568
train,2002-09-14,7.418,7.3872,-0.0308
train,2002-09-15,6.988,7.0121,0.0241
train,2002-09-16,9.078,9.3788,0.3008
train,2002-09-17,6.818,6.8134,-0.0046
train,2002-09-18,6.938,6.9329,-0.0051
train,2002-09-19,7.728,7.7997,0.0717
train,2002-09-20,6.918,6.9035,-0.0145
train,2002-09-21,7.308,7.3075,-0.0005
train,2002-09-22,8.204,8.3085,0.1045
train,2002-09-23,8.348,7.9435,-0.4045
train,2002-09-24,8.098,8.3211,0.2231
train,2002-09-25,9.508,9.5029,-0.0051
train,2002-09-26,8.238,8.407,0.169
train,2002-09-27,8.968,8.9608,-0.0072
train,2002-09-28,7.048,7.0168,-0.0312
train,2002-09-29,9.228,9.4294,0.2014
train,2002-09-30,7.018,7.1766,0.1586
train,2002-10-01,6.186,6.3671,0.1811
train,2002-10-02,7.328,7.3728,0.0448
train,2002-10-03,7.878,7.7806,-0.0974
train,2002-10-04,7.648,7.5754,-0.0726
train,2002-10-05,7.948,8.1403,0.1923
train,2002-10-06,6.618,6.5138,-0.1042
train,2002-10-07,7.148,7.183,0.035
train,2002-10-08,6.112,6.1734,0.0614
train,2002-10-09,6.858,6.8056,-0.0524
train,2002-10-10,5.744,5.8523,0.1083
train,2002-10-11,7.094,7.233,0.139
train,2002-10-12,6.988,7.019,0.031
train,2002-10-13,6.918,6.8946,-0.0234
train,2002-10-14,7.348,7.2746,-0.0734
train,2002-10-15,6.716,6.6986,-0.0174
train,2002-10-16,6.728,6.7978,0.0698
train,2002-10-17,6.928,6.9058,-0.0222
train,2002-10-18,11.162,10.9924,-0.1696
train,2002-10-19,7.378,7.4464,0.0684
train,2002-10-20,7.438,7.5243,0.0863
train,2002-10-21,7.598,7.6054,0.0074
train,2002-10-22,6.788,6.7954,0.0074
train,2002-10-23,8.358,8.2595,-0.0985
train,2002-10-24,6.258,6.3573,0.0993
train,2002-10-25,6.55,6.5899,0.0399
train,2002-10-26,6.468,6.3213,-0.1467
train,2002-10-27,7.078,7.1479,0.0699
train,2002-10-28,7.178,7.245,0.067
train,2002-10-29,6.948,6.9093,-0.0387
train,2002-10-30,6.648,6.6567,0.0087
train,2002-10-31,9.678,9.3192,-0.3588
train,2002-11-01,11.488,10.7775,-0.7105
train,2002-11-02,7.738,7.6892,-0.0488
train,2002-11-03,7.208,7.1934,-0.0146
train,2002-11-04,8.198,8.3119,0.1139
train,2002-11-05,6.884,6.9864,0.1024
train,2002-11-06,8.616,8.6768,0.0608
train,2002-11-07,8.566,7.4535,-1.1125
train,2002-11-08,7.568,7.5058,-0.0622
train,2002-11-09,6.692,6.6599,-0.0321
train,2002-11-10,7.514,7.7349,0.2209
train,2002-11-11,6.918,7.0216,0.1036
train,2002-11-12,7.308,7.087,-0.221
train,2002-11-13,6.598,6.5741,-0.0239
train,2002-11-14,7.328,7.6126,0.2846
train,2002-11-15,6.788,6.7753,-0.0127
train,2002-11-16,7.88,8.0939,0.2139
train,2002-11-17,6.908,6.8733,-0.0347
train,2002-11-18,7.078,7.0911,0.0131
train,2002-11-19,6.362,6.2393,-0.1227
train,2002-11-20,6.956,6.9812,0.0252
train,2002-11-21,8.278,7.8976,-0.3804
train,2002-11-22,7.438,7.4863,0.0483
train,2002-11-23,6.928,6.8689,-0.0591
train,2002-11-24,8.328,8.2972,-0.0308
train,2002-11-25,6.32,6.2833,-0.0367
train,2002-11-26,8.198,8.4128,0.2148
train,2002-11-27,7.268,7.3912,0.1232
train,2002-11-28,6.788,6.7207,-0.0673
train,2002-11-29,10.278,10.1013,-0.1767
train,2002-11-30,7.958,8.041,0.083
train,2002-12-01,6.842,6.8867,0.0447
train,2002-12-02,6.938,6.9428,0.0048
train,2002-12-03,7.428,7.1476,-0.2804
train,2002-12-04,6.696,6.7029,0.0069
train,2002-12-05,7.608,7.6323,0.0243
train,2002-12-06,7.418,7.303,-0.115
train,2002-12-07,8.374,8.1205,-0.2535
train,2002-12-08,7.86,7.9503,0.0903
train,2002-12-09,8.628,8.6246,-0.0034
train,2002-12-10,7.048,7.0577,0.0097
train,2002-12-11,7.368,7.5292,0.1612
train,2002-12-12,6.598,6.6076,0.0096
train,2002-12-13,7.158,7.1447,-0.0133
train,2002-12-14,6.798,6.8189,0.0209
train,2002-12-15,6.042,6.2869,0.2449
train,2002-12-16,7.876,7.7363,-0.1397
train,2002-12-17,6.448,6.4133,-0.0347
train,2002-12-18,6.478,6.5349,0.0569
train,2002-12-19,6.728,6.7148,-0.0132
train,2002-12-20,6.84,6.9485,0.1085
train,2002-12-21,7.568,7.7817,0.2137
train,2002-12-22,6.868,6.8636,-0.0044
train,2002-12-23,7.088,7.0397,-0.0483
train,2002-12-24,7.498,7.4808,-0.0172
train,2002-12-25,7.088,6.9267,-0.1613
train,2002-12-26,6.202,6.1979,-0.0041
train,2002-12-27,6.674,6.6411,-0.0329
train,2002-12-28,6.868,6.8608,-0.0072
train,2002-12-29,6.57,6.5623,-0.0077
train,2002-12-30,6.998,7.0141,0.0161
train,2002-12-31,6.572,6.6028,0.0308
train,2003-01-01,6.74,6.7517,0.0117
train,2003-01-02,7.018,7.2083,0.1903
train,2003-01-03,7.038,7.0027,-0.0353
train,2003-01-04,8.108,8.0487,-0.0593
train,2003-01-05,8.208,7.4978,-0.7102
train,2003-01-06,6.006,6.0251,0.0191
train,2003-01-07,8.2,8.0966,-0.1034
train,2003-01-08,10.228,10.5524,0.3244
train,2003-01-09,7.738,7.904,0.166
train,2003-01-10,8.258,8.356,0.098
train,2003-01-11,6.918,7.1542,0.2362
train,2003-01-12,7.388,7.3621,-0.0259
train,2003-01-13,7.358,7.4274,0.0694
train,2003-01-14,8.168,8.5369,0.3689
train,2003-01-15,6.968,6.9888,0.0208
train,2003-01-16,7.088,7.0798,-0.0082
train,2003-01-17,8.656,8.0883,-0.5677
train,2003-01-18,6.954,6.5153,-0.4387
train,2003-01-19,6.738,6.6615,-0.0765
train,2003-01-20,8.388,8.1962,-0.1918
train,2003-01-21,6.57,6.6229,0.0529
train,2003-01-22,7.054,6.9897,-0.0643
train,2003-01-23,8.502,8.574,0.072
train,2003-01-24,5.73,5.7814,0.0514
train,2003-01-25,6.896,6.4036,-0.4924
train,2003-01-26,6.388,6.5705,0.1825
train,2003-01-27,6.942,6.9826,0.0406
train,2003-01-28,7.514,7.1496,-0.3644
train,2003-01-29,6.988,6.98,-0.008
train,2003-01-30,6.718,6.7255,0.0075
train,2003-01-31,7.368,7.3537,-0.0143
train,2003-02-01,7.408,7.3685,-0.0395
train,2003-02-02,7.448,7.4376,-0.0104
train,2003-02-03,7.048,7.0729,0.0249
train,2003-02-04,9.568,9.4226,-0.1454
train,2003-02-05,10.248,9.2994,-0.9486
train,2003-02-06,6.928,6.9572,0.0292
train,2003-02-07,9.492,9.5392,0.0472
train,2003-02-08,6.928,6.961,0.033
train,2003-02-09,6.398,6.4492,0.0512
train,2003-02-10,7.146,7.2358,0.0898
train,2003-02-11,6.986,6.9753,-0.0107
train,2003-02-12,7.622,7.6494,0.0274
train,2003-02-13,6.968,6.958,-0.01
train,2003-02-14,8.268,8.1168,-0.1512
train,2003-02-15,7.068,7.0683,0.0003
train,2003-02-16,7.568,7.6457,0.0777
train,2003-02-17,8.144,7.7159,-0.4281
train,2003-02-18,6.928,6.948,0.02
train,2003-02-19,7.18,6.9628,-0.2172
train,2003-02-20,7.658,7.6714,0.0134
train,2003-02-21,7.038,7.0326,-0.0054
train,2003-02-22,7.618,7.7433,0.1253
train,2003-02-23,6.612,6.6125,0.0005
train,2003-02-24,6.798,6.7378,-0.0602
train,2003-02-25,6.284,6.3011,0.0171
train,2003-02-26,6.888,6.9008,0.0128
train,2003-02-27,6.704,6.6279,-0.0761
train,2003-02-28,7.308,7.3634,0.0554
train,2003-03-01,6.698,6.8708,0.1728
train,2003-03-02,7.5,7.9311,0.4311
train,2003-03-03,6.844,6.4127,-0.4313
train,2003-03-04,7.288,7.1583,-0.1297
train,2003-03-05,6.938,6.9032,-0.0348
train,2003-03-06,7.998,7.964,-0.034
train,2003-03-07,6.758,6.759,0.001
train,2003-03-08,7.458,7.4714,0.0134
train,2003-03-09,6.868,6.8538,-0.0142
train,2003-03-10,7.148,7.1135,-0.0345
train,2003-03-11,6.288,6.255,-0.033
train,2003-03-12,8.658,8.2296,-0.4284
train,2003-03-13,9.948,9.6019,-0.3461
train,2003-03-14,6.958,6.9795,0.0215
train,2003-03-15,7.544,7.177,-0.367
train,2003-03-16,8.158,8.0237,-0.1343
train,2003-03-17,6.856,6.9114,0.0554
train,2003-03-18,7.218,7.2959,0.0779
train,2003-03-19,6.87,6.9177,0.0477
train,2003-03-20,7.768,7.8286,0.0606
train,2003-03-21,6.53,6.58,0.05
train,2003-03-22,7.058,7.0702,0.0122
train,2003-03-23,7.548,7.5145,-0.0335
train,2003-03-24,6.644,6.7013,0.0573
train,2003-03-25,6.778,6.774,-0.004
train,2003-03-26,9.348,9.241,-0.107
train,2003-03-27,8.338,8.4282,0.0902
train,2003-03-28,7.192,7.4521,0.2601
train,2003-03-29,6.728,6.6978,-0.0302
train,2003-03-30,6.968,7.0018,0.0338
train,2003-03-31,7.898,7.8807,-0.0173
train,2003-04-01,6.838,6.8959,0.0579
train,2003-04-02,6.978,6.9958,0.0178
train,2003-04-03,7.998,7.8644,-0.1336
train,2003-04-04,6.978,7.0641,0.0861
train,2003-04-05,6.998,7.0347,0.0367
train,2003-04-06,7.156,7.264,0.108
train,2003-04-07,7.408,7.2033,-0.2047
train,2003-04-08,6.894,6.9445,0.0505
train,2003-04-09,8.178,8.2374,0.0594
train,2003-04-10,9.788,9.7439,-0.0441
train,2003-04-11,7.858,7.9324,0.0744
train,2003-04-12,7.108,7.1007,-0.0073
train,2003-04-13,6.704,6.7394,0.0354
train,2003-04-14,7.038,7.0383,0.0003
train,2003-04-15,6.976,6.9549,-0.0211
train,2003-04-16,10.748,10.8171,0.0691
train,2003-04-17,6.976,7.3386,0.3626
train,2003-04-18,7.114,7.2225,0.1085
train,2003-04-19,6.576,6.536,-0.04
train,2003-04-20,6.358,6.3379,-0.0201
train,2003-04-21,7.63,6.8332,-0.7968
train,2003-04-22,7.766,7.8202,0.0542
train,2003-04-23,7.448,7.5249,0.0769
train,2003-04-24,9.868,9.5276,-0.3404
train,2003-04-25,7.018,7.0744,0.0564
train,2003-04-26,8.938,8.6548,-0.2832
train,2003-04-27,8.172,8.3201,0.1481
train,2003-04-28,8.568,8.685,0.117
train,2003-04-29,9.436,9.3022,-0.1338
train,2003-04-30,7.06,7.1156,0.0556
train,2003-05-01,6.598,6.6516,0.0536
train,2003-05-02,9.228,9.3795,0.1515
train,2003-05-03,6.488,6.4174,-0.0706
train,2003-05-04,7.498,7.5149,0.0169
train,2003-05-05,6.502,6.5112,0.0092
train,2003-05-06,7.748,7.5888,-0.1592
train,2003-05-07,7.78,7.7637,-0.0163
train,2003-05-08,7.178,7.1769,-0.0011
train,2003-05-09,6.868,6.8999,0.0319
train,2003-05-10,9.738,10.1149,0.3769
train,2003-05-11,7.198,7.2187,0.0207
train,2003-05-12,7.148,7.1614,0.0134
train,2003-05-13,8.648,9.1122,0.4642
train,2003-05-14,6.648,6.6579,0.0099
train,2003-05-15,7.682,7.6608,-0.0212
train,2003-05-16,6.998,6.9744,-0.0236
train,2003-05-17,6.888,6.925,0.037
train,2003-05-18,6.548,6.7023,0.1543
train,2003-05-19,6.378,6.6125,0.2345
train,2003-05-20,7.068,7.0283,-0.0397
train,2003-05-21,10.368,9.4554,-0.9126
train,2003-05-22,7.958,8.0447,0.0867
train,2003-05-23,6.478,6.9104,0.4324
train,2003-05-24,7.148,7.1889,0.0409
train,2003-05-25,6.57,6.6411,0.0711
train,2003-05-26,9.328,8.6196,-0.7084
train,2003-05-27,7.288,7.2309,-0.0571
train,2003-05-28,6.49,6.6244,0.1344
train,2003-05-29,7.72,7.9001,0.1801
train,2003-05-30,7.088,7.0978,0.0098
train,2003-05-31,6.748,7.0473,0.2993
train,2003-06-01,7.142,6.9417,-0.2003
train,2003-06-02,6.818,6.7945,-0.0235
train,2003-06-03,6.396,6.4069,0.0109
train,2003-06-04,7.7,7.728,0.028
train,2003-06-05,8.988,8.8883,-0.0997
train,2003-06-06,9.638,9.6255,-0.0125
train,2003-06-07,7.668,7.9556,0.2876
train,2003-06-08,6.608,6.6224,0.0144
train,2003-06-09,7.888,7.4761,-0.4119
train,2003-06-10,7.498,7.3016,-0.1964
train,2003-06-11,6.988,7.0796,0.0916
train,2003-06-12,9.026,8.2068,-0.8192
train,2003-06-13,6.758,6.4939,-0.2641
train,2003-06-14,7.57,7.4799,-0.0901
train,2003-06-15,10.308,9.8454,-0.4626
train,2003-06-16,7.684,7.343,-0.341
train,2003-06-17,7.384,7.6098,0.2258
train,2003-06-18,7.268,7.2903,0.0223
train,2003-06-19,7.7,7.7095,0.0095
train,2003-06-20,8.312,8.1891,-0.1229
train,2003-06-21,7.168,7.1753,0.0073
train,2003-06-22,6.582,6.6311,0.0491
train,2003-06-23,6.736,6.7427,0.0067
train,2003-06-24,8.348,8.3167,-0.0313
train,2003-06-25,9.818,9.8614,0.0434
train,2003-06-26,7.728,8.0563,0.3283
train,2003-06-27,10.518,9.1486,-1.3694
train,2003-06-28,6.886,6.9327,0.0467
train,2003-06-29,7.778,7.6592,-0.1188
train,2003-06-30,6.678,6.7116,0.0336
train,2003-07-01,7.258,7.2495,-0.0085
train,2003-07-02,6.822,6.8529,0.0309
train,2003-07-03,6.858,6.8513,-0.0067
train,2003-07-04,6.798,6.6728,-0.1252
train,2003-07-05,6.432,6.3592,-0.0728
train,2003-07-06,7.8,7.8429,0.0429
train,2003-07-07,6.918,6.8538,-0.0642
train,2003-07-08,7.168,7.1858,0.0178
train,2003-07-09,7.238,7.2909,0.0529
train,2003-07-10,6.898,6.8768,-0.0212
train,2003-07-11,9.128,8.8968,-0.2312
train,2003-07-12,7.238,7.1888,-0.0492
train,2003-07-13,6.376,6.3401,-0.0359
train,2003-07-14,8.448,8.7058,0.2578
train,2003-07-15,7.548,7.512,-0.036
train,2003-07-16,9.468,9.3071,-0.1609
train,2003-07-17,7.816,7.6998,-0.1162
train,2003-07-18,7.726,7.7483,0.0223
train,2003-07-19,6.878,6.8441,-0.0339
train,2003-07-20,7.338,7.412,0.074
train,2003-07-21,8.588,8.6141,0.0261
train,2003-07-22,6.848,6.8964,0.0484
train,2003-07-23,6.368,6.2875,-0.0805
train,2003-07-24,6.438,6.4333,-0.0047
train,2003-07-25,6.978,7.0417,0.0637
train,2003-07-26,11.6,11.2146,-0.3854
train,2003-07-27,8.668,8.5541,-0.1139
train,2003-07-28,7.088,7.0009,-0.0871
train,2003-07-29,7.108,7.0998,-0.0082
train,2003-07-30,6.824,6.7629,-0.0611
train,2003-07-31,10.538,10.4654,-0.0726
train,2003-08-01,6.938,6.9667,0.0287
train,2003-08-02,7.788,7.8383,0.0503
train,2003-08-03,7.248,7.2483,0.0003
train,2003-08-04,9.448,9.6906,0.2426
train,2003-08-05,6.568,6.5174,-0.0506
train,2003-08-06,7.108,7.1388,0.0308
train,2003-08-07,6.738,6.6686,-0.0694
train,2003-08-08,7.594,7.5736,-0.0204
train,2003-08-09,6.908,6.8428,-0.0652
train,2003-08-10,6.362,6.3713,0.0093
train,2003-08-11,7.228,7.2482,0.0202
train,2003-08-12,9.384,9.2275,-0.1565
train,2003-08-13,8.758,8.8561,0.0981
train,2003-08-14,7.408,7.2985,-0.1095
train,2003-08-15,6.468,6.4823,0.0143
train,2003-08-16,7.458,7.4253,-0.0327
train,2003-08-17,7.058,7.1713,0.1133
train,2003-08-18,7.158,7.1305,-0.0275
train,2003-08-19,6.86,6.8727,0.0127
train,2003-08-20,7.82,7.6728,-0.1472
train,2003-08-21,6.814,6.853,0.039
train,2003-08-22,7.938,7.8681,-0.0699
train,2003-08-23,7.498,7.6208,0.1228
train,2003-08-24,7.858,8.0434,0.1854
train,2003-08-25,6.36,6.2995,-0.0605
train,2003-08-26,7.158,7.1292,-0.0288
train,2003-08-27,6.768,7.0537,0.2857
train,2003-08-28,7.694,7.3457,-0.3483
train,2003-08-29,9.418,8.3047,-1.1133
train,2003-08-30,6.978,7.0004,0.0224
train,2003-08-31,7.928,7.4363,-0.4917
train,2003-09-01,9.028,9.131,0.103
train,2003-09-02,6.71,6.6479,-0.0621
train,2003-09-03,7.168,7.1794,0.0114
train,2003-09-04,6.104,6.1297,0.0257
train,2003-09-05,6.508,6.7392,0.2312
train,2003-09-06,7.008,7.2188,0.2108
train,2003-09-07,7.392,7.1433,-0.2487
train,2003-09-08,6.938,6.9441,0.0061
train,2003-09-09,6.998,6.987,-0.011
train,2003-09-10,6.478,6.4158,-0.0622
train,2003-09-11,7.048,7.2139,0.1659
train,2003-09-12,6.748,7.0803,0.3323
train,2003-09-13,6.514,6.3951,-0.1189
train,2003-09-14,6.978,7.0171,0.0391
train,2003-09-15,6.392,6.3546,-0.0374
train,2003-09-16,6.888,6.8815,-0.0065
train,2003-09-17,7.214,7.2001,-0.0139
train,2003-09-18,7.468,7.3803,-0.0877
train,2003-09-19,7.208,6.9262,-0.2818
train,2003-09-20,7.132,7.1868,0.0548
train,2003-09-21,6.51,6.3971,-0.1129
train,2003-09-22,6.318,6.2944,-0.0236
train,2003-09-23,9.836,9.7618,-0.0742
train,2003-09-24,8.098,8.1414,0.0434
train,2003-09-25,7.348,7.3892,0.0412
train,2003-09-26,6.668,6.7132,0.0452
train,2003-09-27,7.578,7.6778,0.0998
train,2003-09-28,7.318,7.4074,0.0894
train,2003-09-29,6.486,6.5085,0.0225
train,2003-09-30,5.744,6.0293,0.2853
train,2003-10-01,8.758,8.5745,-0.1835
train,2003-10-02,7.678,7.5337,-0.1443
train,2003-10-03,7.068,7.1694,0.1014
train,2003-10-04,7.346,7.3417,-0.0043
train,2003-10-05,6.988,7.0332,0.0452
train,2003-10-06,6.826,6.9239,0.0979
train,2003-10-07,6.138,6.0869,-0.0511
train,2003-10-08,7.758,8.3023,0.5443
train,2003-10-09,7.078,6.8064,-0.2716
train,2003-10-10,8.628,8.7197,0.0917
train,2003-10-11,7.108,7.0407,-0.0673
train,2003-10-12,6.978,6.9993,0.0213
train,2003-10-13,7.118,7.1291,0.0111
train,2003-10-14,6.768,6.9216,0.1536
train,2003-10-15,7.058,7.0622,0.0042
train,2003-10-16,7.318,7.3443,0.0263
train,2003-10-17,7.108,7.0944,-0.0136
train,2003-10-18,7.078,7.1136,0.0356
train,2003-10-19,9.608,9.3644,-0.2436
train,2003-10-20,8.388,8.5006,0.1126
train,2003-10-21,6.848,6.9018,0.0538
train,2003-10-22,7.398,7.3632,-0.0348
train,2003-10-23,7.098,7.0931,-0.0049
train,2003-10-24,7.138,7.4112,0.2732
train,2003-10-25,7.618,7.688,0.07
train,2003-10-26,6.888,6.8942,0.0062
train,2003-10-27,6.808,6.8434,0.0354
train,2003-10-28,6.596,6.6187,0.0227
train,2003-10-29,6.36,6.2771,-0.0829
train,2003-10-30,8.106,8.0953,-0.0107
train,2003-10-31,9.128,9.1644,0.0364
train,2003-11-01,5.558,5.7798,0.2218
train,2003-11-02,7.488,7.5425,0.0545
train,2003-11-03,9.308,9.1998,-0.1082
train,2003-11-04,7.728,7.4486,-0.2794
train,2003-11-05,6.39,6.5207,0.1307
train,2003-11-06,7.792,8.5391,0.7471
train,2003-11-07,6.688,6.6668,-0.0212
train,2003-11-08,6.768,6.7227,-0.0453
train,2003-11-09,7.476,6.9321,-0.5439
train,2003-11-10,7.8,7.6893,-0.1107
train,2003-11-11,6.994,6.9392,-0.0548
train,2003-11-12,6.268,6.4831,0.2151
train,2003-11-13,7.128,7.2937,0.1657
train,2003-11-14,6.294,6.242,-0.052
train,2003-11-15,8.666,8.5321,-0.1339
train,2003-11-16,7.608,7.5658,-0.0422
train,2003-11-17,7.148,7.1286,-0.0194
train,2003-11-18,7.02,7.2583,0.2383
train,2003-11-19,6.778,6.8296,0.0516
train,2003-11-20,6.208,6.5171,0.3091
train,2003-11-21,6.686,6.6816,-0.0044
train,2003-11-22,6.556,6.5432,-0.0128
train,2003-11-23,6.488,6.5411,0.0531
train,2003-11-24,6.75,6.7415,-0.0085
train,2003-11-25,7.596,7.3819,-0.2141
train,2003-11-26,6.658,6.7286,0.0706
train,2003-11-27,6.066,6.1204,0.0544
train,2003-11-28,8.518,8.3485,-0.1695
train,2003-11-29,6.638,6.6677,0.0297
train,2003-11-30,7.098,7.1239,0.0259
train,2003-12-01,8.132,8.0626,-0.0694
train,2003-12-02,7.178,7.1766,-0.0014
train,2003-12-03,8.008,8.1281,0.1201
train,2003-12-04,6.798,6.8894,0.0914
train,2003-12-05,8.298,8.3474,0.0494
train,2003-12-06,8.068,8.0183,-0.0497
train,2003-12-07,8.938,8.7126,-0.2254
train,2003-12-08,8.358,8.2965,-0.0615
train,2003-12-09,6.848,6.8384,-0.0096
train,2003-12-10,8.708,8.6802,-0.0278
train,2003-12-11,6.878,6.9033,0.0253
train,2003-12-12,6.968,6.9806,0.0126
train,2003-12-13,8.478,7.908,-0.57
train,2003-12-14,6.128,6.2087,0.0807
train,2003-12-15,6.898,6.895,-0.003
train,2003-12-16,9.328,9.1608,-0.1672
train,2003-12-17,8.058,8.1227,0.0647
train,2003-12-18,7.468,7.3821,-0.0859
train,2003-12-19,10.418,10.2216,-0.1964
train,2003-12-20,6.658,6.6479,-0.0101
train,2003-12-21,6.958,6.9644,0.0064
train,2003-12-22,7.818,7.8858,0.0678
train,2003-12-23,11.824,11.3174,-0.5066
train,2003-12-24,6.698,6.5844,-0.1136
train,2003-12-25,6.528,6.602,0.074
train,2003-12-26,6.53,6.582,0.052
train,2003-12-27,6.278,6.2443,-0.0337
train,2003-12-28,6.988,7.0163,0.0283
train,2003-12-29,6.612,6.5889,-0.0231
train,2003-12-30,6.738,7.0077,0.2697
train,2003-12-31,6.968,7.0303,0.0623
train,2004-01-01,7.078,7.1036,0.0256
train,2004-01-02,7.926,7.9206,-0.0054
train,2004-01-03,7.078,7.1137,0.0357
train,2004-01-04,6.96,6.9649,0.0049
train,2004-01-05,6.434,6.3455,-0.0885
train,2004-01-06,7.114,7.0959,-0.0181
train,2004-01-07,7.628,7.8243,0.1963
train,2004-01-08,10.078,10.3017,0.2237
train,2004-01-09,7.008,7.0669,0.0589
train,2004-01-10,8.028,8.023,-0.005
train,2004-01-11,7.038,7.0951,0.0571
train,2004-01-12,6.318,6.3573,0.0393
train,2004-01-13,10.908,10.0491,-0.8589
train,2004-01-14,8.058,7.9483,-0.1097
train,2004-01-15,6.898,6.8669,-0.0311
train,2004-01-16,6.532,6.5875,0.0555
train,2004-01-17,8.738,8.081,-0.657
train,2004-01-18,7.128,7.2265,0.0985
train,2004-01-19,6.788,6.8223,0.0343
train,2004-01-20,6.568,6.5425,-0.0255
train,2004-01-21,6.968,7.0061,0.0381
train,2004-01-22,7.186,7.2035,0.0175
train,2004-01-23,7.568,7.5897,0.0217
train,2004-01-24,6.874,6.8665,-0.0075
train,2004-01-25,7.068,7.0882,0.0202
train,2004-01-26,8.048,8.1925,0.1445
train,2004-01-27,7.398,7.4264,0.0284
train,2004-01-28,8.508,8.4917,-0.0163
train,2004-01-29,8.838,9.6655,0.8275
train,2004-01-30,8.788,8.8239,0.0359
train,2004-01-31,7.068,7.064,-0.004
train,2004-02-01,6.498,6.5382,0.0402
train,2004-02-02,6.538,6.5587,0.0207
train,2004-02-03,7.068,7.0509,-0.0171
train,2004-02-04,6.048,6.0054,-0.0426
train,2004-02-05,8.654,8.1645,-0.4895
train,2004-02-06,7.326,7.4099,0.0839
train,2004-02-07,8.008,8.0516,0.0436
train,2004-02-08,8.128,8.1529,0.0249
train,2004-02-09,9.508,9.1107,-0.3973
train,2004-02-10,7.518,7.514,-0.004
train,2004-02-11,7.008,7.3166,0.3086
train,2004-02-12,6.448,6.4559,0.0079
train,2004-02-13,7.018,7.1085,0.0905
train,2004-02-14,7.828,7.8708,0.0428
train,2004-02-15,6.656,6.6106,-0.0454
train,2004-02-16,7.58,7.7602,0.1802
train,2004-02-17,7.118,7.1422,0.0242
train,2004-02-18,7.688,7.9419,0.2539
train,2004-02-19,10.108,9.9783,-0.1297
train,2004-02-20,9.458,9.0585,-0.3995
train,2004-02-21,7.498,7.5259,0.0279
train,2004-02-22,5.894,6.0277,0.1337
train,2004-02-23,9.146,9.2079,0.0619
train,2004-02-24,7.178,7.3394,0.1614
train,2004-02-25,6.888,6.9437,0.0557
train,2004-02-26,7.308,7.3878,0.0798
train,2004-02-27,7.808,8.1815,0.3735
train,2004-02-28,8.188,8.5542,0.3662
train,2004-02-29,6.928,6.98,0.052
train,2004-03-01,6.896,6.998,0.102
train,2004-03-02,7.554,7.9972,0.4432
train,2004-03-03,6.35,6.4067,0.0567
train,2004-03-04,6.572,6.5641,-0.0079
train,2004-03-05,6.898,6.9604,0.0624
train,2004-03-06,6.498,6.4185,-0.0795
train,2004-03-07,6.45,6.39,-0.06
train,2004-03-08,6.536,6.5958,0.0598
train,2004-03-09,6.538,6.5381,0.0001
train,2004-03-10,6.974,6.9387,-0.0353
train,2004-03-11,6.868,6.8527,-0.0153
train,2004-03-12,8.468,8.35,-0.118
train,2004-03-13,6.968,7.1086,0.1406
train,2004-03-14,7.008,6.9855,-0.0225
train,2004-03-15,7.352,7.3388,-0.0132
train,2004-03-16,10.806,10.7779,-0.0281
train,2004-03-17,6.938,6.968,0.03
train,2004-03-18,6.938,6.9199,-0.0181
train,2004-03-19,6.362,6.3007,-0.0613
train,2004-03-20,7.248,7.2735,0.0255
train,2004-03-21,6.668,6.5946,-0.0734
train,2004-03-22,8.958,8.927,-0.031
train,2004-03-23,7.308,7.2639,-0.0441
train,2004-03-24,7.438,7.4837,0.0457
train,2004-03-25,6.798,6.7781,-0.0199
train,2004-03-26,6.146,6.3016,0.1556
train,2004-03-27,7.798,7.8092,0.0112
train,2004-03-28,6.932,7.1316,0.1996
train,2004-03-29,6.396,6.3646,-0.0314
train,2004-03-30,7.13,7.7287,0.5987
train,2004-03-31,6.282,6.3254,0.0434
train,2004-04-01,8.824,8.9474,0.1234
train,2004-04-02,7.188,7.1669,-0.0211
train,2004-04-03,7.268,7.2492,-0.0188
train,2004-04-04,6.708,6.6105,-0.0975
train,2004-04-05,7.028,7.1031,0.0751
train,2004-04-06,6.798,7.0217,0.2237
train,2004-04-07,6.948,6.9723,0.0243
train,2004-04-08,7.278,7.3566,0.0786
train,2004-04-09,9.318,9.5015,0.1835
train,2004-04-10,6.958,6.9431,-0.0149
train,2004-04-11,6.432,6.4076,-0.0244
train,2004-04-12,7.368,7.7226,0.3546
train,2004-04-13,6.598,6.6473,0.0493
train,2004-04-14,8.678,8.8837,0.2057
train,2004-04-15,6.414,6.4861,0.0721
train,2004-04-16,6.278,6.3241,0.0461
train,2004-04-17,9.008,8.6796,-0.3284
train,2004-04-18,6.858,6.8536,-0.0044
train,2004-04-19,6.758,6.9914,0.2334
train,2004-04-20,6.908,6.9806,0.0726
train,2004-04-21,6.748,6.9529,0.2049
train,2004-04-22,7.448,7.5412,0.0932
train,2004-04-23,6.34,6.3548,0.0148
train,2004-04-24,6.958,6.9687,0.0107
train,2004-04-25,8.778,8.3188,-0.4592
train,2004-04-26,6.718,6.4069,-0.3111
train,2004-04-27,7.402,7.5067,0.1047
train,2004-04-28,7.608,7.5994,-0.0086
train,2004-04-29,6.55,6.6774,0.1274
train,2004-04-30,10.242,9.5085,-0.7335
train,2004-05-01,5.888,5.9034,0.0154
train,2004-05-02,6.51,6.5394,0.0294
train,2004-05-03,6.888,6.7657,-0.1223
train,2004-05-04,7.086,7.1768,0.0908
train,2004-05-05,7.902,8.0337,0.1317
train,2004-05-06,6.998,7.0307,0.0327
train,2004-05-07,7.828,7.7977,-0.0303
train,2004-05-08,7.342,7.1126,-0.2294
train,2004-05-09,9.028,9.3215,0.2935
train,2004-05-10,6.538,6.6919,0.1539
train,2004-05-11,6.768,6.7275,-0.0405
train,2004-05-12,6.928,6.9721,0.0441
train,2004-05-13,8.468,8.4364,-0.0316
train,2004-05-14,7.568,7.751,0.183
train,2004-05-15,6.878,6.8882,0.0102
train,2004-05-16,7.128,7.2464,0.1184
train,2004-05-17,6.598,6.6776,0.0796
train,2004-05-18,6.73,6.7598,0.0298
train,2004-05-19,6.708,6.8395,0.1315
train,2004-05-20,7.008,7.1159,0.1079
train,2004-05-21,6.468,6.6643,0.1963
train,2004-05-22,6.688,6.8732,0.1852
train,2004-05-23,6.628,6.738,0.11
train,2004-05-24,6.842,6.8406,-0.0014
train,2004-05-25,7.188,7.1982,0.0102
train,2004-05-26,7.03,7.119,0.089
train,2004-05-27,8.524,8.4144,-0.1096
train,2004-05-28,10.378,10.7178,0.3398
train,2004-05-29,7.638,7.7013,0.0633
train,2004-05-30,7.248,7.2098,-0.0382
train,2004-05-31,7.928,6.7368,-1.1912
train,2004-06-01,7.616,7.5683,-0.0477
train,2004-06-02,6.506,6.5299,0.0239
train,2004-06-03,6.318,6.2981,-0.0199
train,2004-06-04,6.302,6.8421,0.5401
train,2004-06-05,6.13,6.3395,0.2095
train,2004-06-06,6.212,6.2025,-0.0095
train,2004-06-07,6.334,6.3574,0.0234
train,2004-06-08,6.448,6.4516,0.0036
train,2004-06-09,7.468,7.5162,0.0482
train,2004-06-10,6.948,6.9247,-0.0233
train,2004-06-11,7.488,7.4988,0.0108
train,2004-06-12,6.466,6.42,-0.046
train,2004-06-13,7.894,7.8734,-0.0206
train,2004-06-14,7.448,7.2958,-0.1522
train,2004-06-15,6.938,7.097,0.159
train,2004-06-16,8.222,8.2582,0.0362
train,2004-06-17,7.988,7.9759,-0.0121
train,2004-06-18,7.248,7.2535,0.0055
train,2004-06-19,7.776,8.1604,0.3844
train,2004-06-20,6.682,6.6998,0.0178
train,2004-06-21,7.312,7.4823,0.1703
train,2004-06-22,8.218,8.2198,0.0018
train,2004-06-23,8.228,8.3488,0.1208
train,2004-06-24,7.758,7.7008,-0.0572
train,2004-06-25,6.786,6.858,0.072
train,2004-06-26,8.422,8.79,0.368
train,2004-06-27,7.248,7.1563,-0.0917
train,2004-06-28,6.806,7.1108,0.3048
train,2004-06-29,7.388,7.348,-0.04
train,2004-06-30,7.938,7.7915,-0.1465
train,2004-07-01,7.148,7.1766,0.0286
train,2004-07-02,8.372,8.2672,-0.1048
train,2004-07-03,6.748,6.8638,0.1158
train,2004-07-04,6.988,7.014,0.026
train,2004-07-05,6.538,6.4118,-0.1262
train,2004-07-06,7.278,6.9841,-0.2939
train,2004-07-07,6.938,6.9927,0.0547
train,2004-07-08,6.93,7.0852,0.1552
train,2004-07-09,7.788,7.8323,0.0443
train,2004-07-10,6.458,6.3738,-0.0842
train,2004-07-11,6.274,6.2652,-0.0088
train,2004-07-12,7.448,7.5184,0.0704
train,2004-07-13,5.928,6.1435,0.2155
train,2004-07-14,6.778,6.8088,0.0308
train,2004-07-15,6.35,6.5879,0.2379
train,2004-07-16,7.318,7.2653,-0.0527
train,2004-07-17,6.828,6.9857,0.1577
train,2004-07-18,8.228,8.0824,-0.1456
train,2004-07-19,7.856,7.1482,-0.7078
train,2004-07-20,7.548,7.5904,0.0424
train,2004-07-21,6.818,6.7783,-0.0397
train,2004-07-22,6.932,7.0082,0.0762
train,2004-07-23,9.458,9.1553,-0.3027
train,2004-07-24,7.388,7.4018,0.0138
train,2004-07-25,7.818,7.8199,0.0019
train,2004-07-26,6.256,6.5875,0.3315
train,2004-07-27,7.72,7.6421,-0.0779
train,2004-07-28,8.768,8.7822,0.0142
train,2004-07-29,6.978,7.0101,0.0321
train,2004-07-30,7.078,7.0913,0.0133
train,2004-07-31,8.014,8.3423,0.3283
train,2004-08-01,7.738,7.7587,0.0207
train,2004-08-02,6.158,6.1594,0.0014
train,2004-08-03,6.818,6.8621,0.0441
train,2004-08-04,6.998,7.0086,0.0106
train,2004-08-05,8.908,8.997,0.089
train,2004-08-06,8.626,8.8042,0.1782
train,2004-08-07,7.108,7.1149,0.0069
train,2004-08-08,7.058,7.046,-0.012
train,2004-08-09,8.488,8.1815,-0.3065
train,2004-08-10,6.868,6.8495,-0.0185
train,2004-08-11,6.778,6.7799,0.0019
train,2004-08-12,8.002,8.1767,0.1747
train,2004-08-13,6.888,6.8906,0.0026
train,2004-08-14,6.364,6.3611,-0.0029
train,2004-08-15,7.608,7.5565,-0.0515
train,2004-08-16,6.932,6.892,-0.04
train,2004-08-17,6.968,6.8812,-0.0868
train,2004-08-18,7.458,7.6093,0.1513
train,2004-08-19,6.878,7.0169,0.1389
train,2004-08-20,8.508,8.429,-0.079
train,2004-08-21,6.968,7.0665,0.0985
train,2004-08-22,7.838,8.0035,0.1655
train,2004-08-23,7.908,7.9605,0.0525
train,2004-08-24,7.178,7.0607,-0.1173
train,2004-08-25,6.364,6.3779,0.0139
train,2004-08-26,9.628,9.3923,-0.2357
train,2004-08-27,7.14,7.1941,0.0541
train,2004-08-28,6.716,6.7313,0.0153
train,2004-08-29,7.032,7.1326,0.1006
train,2004-08-30,8.988,9.0233,0.0353
train,2004-08-31,6.298,6.1194,-0.1786
train,2004-09-01,6.786,6.6818,-0.1042
train,2004-09-02,9.288,9.2316,-0.0564
train,2004-09-03,7.118,7.0113,-0.1067
train,2004-09-04,8.178,8.4676,0.2896
train,2004-09-05,7.998,7.9682,-0.0298
train,2004-09-06,6.738,6.7417,0.0037
train,2004-09-07,6.262,6.2445,-0.0175
train,2004-09-08,6.938,6.8902,-0.0478
train,2004-09-09,7.768,7.8557,0.0877
train,2004-09-10,8.698,8.6778,-0.0202
train,2004-09-11,6.988,6.9429,-0.0451
train,2004-09-12,7.088,6.7227,-0.3653
train,2004-09-13,6.044,6.2233,0.1793
train,2004-09-14,7.288,7.3705,0.0825
train,2004-09-15,7.288,7.1739,-0.1141
train,2004-09-16,7.128,7.1491,0.0211
train,2004-09-17,9.288,8.5734,-0.7146
train,2004-09-18,7.018,7.0011,-0.0169
train,2004-09-19,6.358,6.4427,0.0847
train,2004-09-20,7.068,7.0094,-0.0586
train,2004-09-21,7.476,7.5178,0.0418
train,2004-09-22,7.788,7.7301,-0.0579
train,2004-09-23,7.128,7.0991,-0.0289
train,2004-09-24,7.088,7.0707,-0.0173
train,2004-09-25,8.28,8.0232,-0.2568
train,2004-09-26,7.29,7.3319,0.0419
train,2004-09-27,6.678,6.7308,0.0528
train,2004-09-28,7.634,7.9307,0.2967
train,2004-09-29,6.28,6.2551,-0.0249
train,2004-09-30,9.324,8.9116,-0.4124
train,2004-10-01,9.806,10.072,0.266
train,2004-10-02,10.218,10.6562,0.4382
train,2004-10-03,8.748,8.6798,-0.0682
train,2004-10-04,6.878,6.8811,0.0031
train,2004-10-05,11.218,10.8521,-0.3659
train,2004-10-06,9.036,7.9693,-1.0667
train,2004-10-07,6.74,6.7402,0.0002
train,2004-10-08,8.118,8.2088,0.0908
train,2004-10-09,6.678,6.676,-0.002
train,2004-10-10,5.808,5.9054,0.0974
train,2004-10-11,6.748,6.7202,-0.0278
train,2004-10-12,8.58,8.8564,0.2764
train,2004-10-13,8.08,7.5736,-0.5064
train,2004-10-14,6.918,6.9275,0.0095
train,2004-10-15,6.838,6.9683,0.1303
train,2004-10-16,6.94,7.0302,0.0902
train,2004-10-17,6.59,6.6291,0.0391
train,2004-10-18,6.94,6.3959,-0.5441
train,2004-10-19,7.098,7.1657,0.0677
train,2004-10-20,6.314,6.3676,0.0536
train,2004-10-21,8.628,8.8114,0.1834
train,2004-10-22,6.908,6.9343,0.0263
train,2004-10-23,7.118,7.1147,-0.0033
train,2004-10-24,7.788,7.8078,0.0198
train,2004-10-25,10.5,10.5013,0.0013
train,2004-10-26,6.488,6.5069,0.0189
train,2004-10-27,6.826,7.3152,0.4892
train,2004-10-28,8.178,8.2284,0.0504
train,2004-10-29,8.608,8.4225,-0.1855
train,2004-10-30,9.092,8.7549,-0.3371
train,2004-10-31,8.258,8.4615,0.2035
train,2004-11-01,6.84,6.3387,-0.5013
train,2004-11-02,6.6,6.716,0.116
train,2004-11-03,8.028,8.1017,0.0737
train,2004-11-04,6.382,6.3563,-0.0257
train,2004-11-05,8.302,6.6668,-1.6352
train,2004-11-06,6.258,6.2991,0.0411
train,2004-11-07,6.778,7.2688,0.4908
train,2004-11-08,6.988,7.0434,0.0554
train,2004-11-09,8.328,8.34,0.012
train,2004-11-10,6.988,7.4011,0.4131
train,2004-11-11,8.948,8.7756,-0.1724
train,2004-11-12,6.604,6.5784,-0.0256
train,2004-11-13,8.068,8.3254,0.2574
train,2004-11-14,7.448,7.3398,-0.1082
train,2004-11-15,6.668,6.6454,-0.0226
train,2004-11-16,6.976,7.0955,0.1195
train,2004-11-17,7.518,7.5383,0.0203
train,2004-11-18,7.278,7.2202,-0.0578
train,2004-11-19,7.438,7.4465,0.0085
train,2004-11-20,6.834,6.8851,0.0511
train,2004-11-21,6.722,6.6691,-0.0529
train,2004-11-22,7.1,7.1922,0.0922
train,2004-11-23,7.968,7.8825,-0.0855
train,2004-11-24,7.258,7.239,-0.019
train,2004-11-25,6.958,6.9806,0.0226
train,2004-11-26,7.198,7.172,-0.026
train,2004-11-27,6.952,6.9556,0.0036
train,2004-11-28,6.41,6.5396,0.1296
train,2004-11-29,8.528,8.3503,-0.1777
train,2004-11-30,6.954,7.0527,0.0987
train,2004-12-01,6.348,6.3525,0.0045
train,2004-12-02,6.492,6.4793,-0.0127
train,2004-12-03,7.046,7.1345,0.0885
train,2004-12-04,6.262,6.1488,-0.1132
train,2004-12-05,10.578,10.423,-0.155
train,2004-12-06,6.344,6.2499,-0.0941
train,2004-12-07,6.098,6.1851,0.0871
train,2004-12-08,8.888,8.6179,-0.2701
train,2004-12-09,6.358,6.6932,0.3352
train,2004-12-10,6.358,6.3,-0.058
train,2004-12-11,10.016,9.9955,-0.0205
train,2004-12-12,6.636,6.7818,0.1458
train,2004-12-13,7.028,7.0566,0.0286
train,2004-12-14,6.502,6.8816,0.3796
train,2004-12-15,8.048,8.066,0.018
train,2004-12-16,7.268,7.2929,0.0249
train,2004-12-17,7.508,7.5382,0.0302
train,2004-12-18,7.168,7.0791,-0.0889
train,2004-12-19,7.368,7.4417,0.0737
train,2004-12-20,8.298,7.4831,-0.8149
train,2004-12-21,7.396,7.3769,-0.0191
train,2004-12-22,7.804,7.9463,0.1423
train,2004-12-23,7.558,7.5266,-0.0314
train,2004-12-24,6.734,6.7843,0.0503
train,2004-12-25,6.798,6.8761,0.0781
train,2004-12-26,7.878,8.1225,0.2445
train,2004-12-27,6.828,6.8354,0.0074
train,2004-12-28,6.614,6.6347,0.0207
train,2004-12-29,6.024,6.0591,0.0351
train,2004-12-30,6.974,7.0058,0.0318
train,2004-12-31,8.998,9.2102,0.2122
train,2005-01-01,7.438,6.859,-0.579
train,2005-01-02,7.688,7.7752,0.0872
train,2005-01-03,7.098,7.1922,0.0942
train,2005-01-04,6.408,6.3825,-0.0255
train,2005-01-05,7.288,7.2626,-0.0254
train,2005-01-06,6.482,6.4999,0.0179
train,2005-01-07,11.032,11.0394,0.0074
train,2005-01-08,6.176,6.2496,0.0736
train,2005-01-09,6.978,6.9864,0.0084
train,2005-01-10,6.912,6.8925,-0.0195
train,2005-01-11,7.102,7.3183,0.2163
train,2005-01-12,7.278,7.3273,0.0493
train,2005-01-13,6.922,6.9567,0.0347
train,2005-01-14,6.124,6.2384,0.1144
train,2005-01-15,6.778,6.9276,0.1496
train,2005-01-16,6.538,6.6295,0.0915
train,2005-01-17,6.728,6.9667,0.2387
train,2005-01-18,7.718,7.7737,0.0557
train,2005-01-19,6.988,7.0021,0.0141
train,2005-01-20,6.344,6.343,-0.001
train,2005-01-21,7.138,7.1435,0.0055
train,2005-01-22,8.54,8.6698,0.1298
train,2005-01-23,6.998,7.0317,0.0337
train,2005-01-24,7.028,7.029,0.001
train,2005-01-25,7.976,8.0426,0.0666
train,2005-01-26,7.32,6.9957,-0.3243
train,2005-01-27,7.128,7.1462,0.0182
train,2005-01-28,6.838,6.8561,0.0181
train,2005-01-29,6.312,6.325,0.013
train,2005-01-30,6.758,6.7195,-0.0385
train,2005-01-31,8.118,8.2199,0.1019
train,2005-02-01,7.678,7.3362,-0.3418
train,2005-02-02,8.576,8.488,-0.088
train,2005-02-03,7.248,7.1562,-0.0918
train,2005-02-04,6.96,7.0319,0.0719
train,2005-02-05,6.532,6.5275,-0.0045
train,2005-02-06,6.958,6.9862,0.0282
train,2005-02-07,7.918,7.9264,0.0084
train,2005-02-08,8.408,8.4522,0.0442
train,2005-02-09,9.288,8.9506,-0.3374
train,2005-02-10,6.516,6.4948,-0.0212
train,2005-02-11,8.038,7.769,-0.269
train,2005-02-12,9.148,9.1305,-0.0175
train,2005-02-13,6.89,7.0485,0.1585
train,2005-02-14,7.96,7.9733,0.0133
train,2005-02-15,6.98,7.0466,0.0666
train,2005-02-16,7.938,7.683,-0.255
train,2005-02-17,7.828,7.8858,0.0578
train,2005-02-18,6.878,6.7953,-0.0827
train,2005-02-19,7.328,7.1945,-0.1335
train,2005-02-20,7.428,7.4363,0.0083
train,2005-02-21,7.218,7.4458,0.2278
train,2005-02-22,9.138,8.8062,-0.3318
train,2005-02-23,7.85,8.2602,0.4102
train,2005-02-24,7.138,7.1981,0.0601
train,2005-02-25,6.954,6.6738,-0.2802
train,2005-02-26,6.378,6.288,-0.09
train,2005-02-27,6.948,6.9508,0.0028
train,2005-02-28,7.128,7.3582,0.2302
train,2005-03-01,6.398,6.3692,-0.0288
train,2005-03-02,6.818,6.8602,0.0422
train,2005-03-03,6.528,6.551,0.023
train,2005-03-04,5.882,5.9093,0.0273
train,2005-03-05,7.768,7.6648,-0.1032
train,2005-03-06,8.398,8.5652,0.1672
train,2005-03-07,7.484,7.4084,-0.0756
train,2005-03-08,6.688,6.8025,0.1145
train,2005-03-09,6.494,6.4879,-0.0061
train,2005-03-10,10.718,10.6312,-0.0868
train,2005-03-11,6.958,6.8671,-0.0909
train,2005-03-12,6.984,6.9271,-0.0569
train,2005-03-13,6.858,6.8071,-0.0509
train,2005-03-14,5.856,5.8509,-0.0051
train,2005-03-15,6.718,7.0368,0.3188
train,2005-03-16,9.048,9.2089,0.1609
train,2005-03-17,6.892,6.9121,0.0201
train,2005-03-18,7.738,7.8751,0.1371
train,2005-03-19,8.118,8.279,0.161
train,2005-03-20,6.852,7.0795,0.2275
train,2005-03-21,7.114,7.1105,-0.0035
train,2005-03-22,6.878,6.9091,0.0311
train,2005-03-23,6.998,7.0502,0.0522
train,2005-03-24,7.438,7.3664,-0.0716
train,2005-03-25,7.358,7.3909,0.0329
train,2005-03-26,6.348,6.3406,-0.0074
train,2005-03-27,7.118,6.5216,-0.5964
train,2005-03-28,8.298,8.0254,-0.2726
train,2005-03-29,7.268,7.339,0.071
train,2005-03-30,6.758,6.7472,-0.0108
train,2005-03-31,7.604,7.5959,-0.0081
train,2005-04-01,6.358,6.3418,-0.0162
train,2005-04-02,7.628,7.8208,0.1928
train,2005-04-03,6.788,6.8101,0.0221
train,2005-04-04,7.388,7.6622,0.2742
train,2005-04-05,6.37,6.4935,0.1235
train,2005-04-06,7.238,7.5495,0.3115
train,2005-04-07,6.918,6.9385,0.0205
train,2005-04-08,6.504,6.5344,0.0304
train,2005-04-09,7.188,7.224,0.036
train,2005-04-10,6.552,6.6022,0.0502
train,2005-04-11,8.578,8.5073,-0.0707
train,2005-04-12,6.508,6.7477,0.2397
train,2005-04-13,7.448,7.7362,0.2882
train,2005-04-14,6.694,6.8555,0.1615
train,2005-04-15,7.098,7.1213,0.0233
train,2005-04-16,6.95,7.009,0.059
train,2005-04-17,7.288,7.4301,0.1421
train,2005-04-18,6.978,6.8915,-0.0865
train,2005-04-19,7.118,7.2485,0.1305
train,2005-04-20,7.358,7.4412,0.0832
train,2005-04-21,7.208,7.2366,0.0286
train,2005-04-22,7.406,7.6726,0.2666
train,2005-04-23,6.206,6.827,0.621
train,2005-04-24,7.118,7.1149,-0.0031
train,2005-04-25,8.4,8.3649,-0.0351
train,2005-04-26,6.898,6.9177,0.0197
train,2005-04-27,7.188,7.1934,0.0054
train,2005-04-28,7.308,7.4373,0.1293
train,2005-04-29,6.886,6.9079,0.0219
train,2005-04-30,8.746,9.2522,0.5062
train,2005-05-01,6.828,6.826,-0.002
train,2005-05-02,6.178,6.0925,-0.0855
train,2005-05-03,7.58,7.9235,0.3435
train,2005-05-04,6.348,6.3445,-0.0035
train,2005-05-05,9.548,9.4915,-0.0565
train,2005-05-06,10.648,10.5887,-0.0593
train,2005-05-07,7.134,7.1727,0.0387
train,2005-05-08,6.674,6.6433,-0.0307
train,2005-05-09,6.83,6.9176,0.0876
train,2005-05-10,6.1,6.1073,0.0073
train,2005-05-11,7.368,7.2639,-0.1041
train,2005-05-12,9.498,9.501,0.003
train,2005-05-13,8.196,8.2665,0.0705
train,2005-05-14,6.38,6.3319,-0.0481
train,2005-05-15,8.598,8.653,0.055
train,2005-05-16,10.528,10.4463,-0.0817
train,2005-05-17,7.298,7.3759,0.0779
train,2005-05-18,8.462,8.5059,0.0439
train,2005-05-19,6.048,6.2306,0.1826
train,2005-05-20,7.468,7.5293,0.0613
train,2005-05-21,11.912,11.3427,-0.5693
train,2005-05-22,6.988,7.0488,0.0608
train,2005-05-23,7.038,7.0567,0.0187
train,2005-05-24,7.218,7.2198,0.0018
train,2005-05-25,6.638,6.8409,0.2029
train,2005-05-26,6.988,7.0227,0.0347
train,2005-05-27,7.758,7.9385,0.1805
train,2005-05-28,6.554,6.5324,-0.0216
train,2005-05-29,7.118,7.1527,0.0347
train,2005-05-30,7.438,7.3215,-0.1165
train,2005-05-31,7.098,7.1381,0.0401
train,2005-06-01,6.578,6.7183,0.1403
train,2005-06-02,6.592,6.8317,0.2397
train,2005-06-03,7.158,7.0699,-0.0881
train,2005-06-04,6.942,6.9644,0.0224
train,2005-06-05,6.838,6.8765,0.0385
train,2005-06-06,7.288,7.2399,-0.0481
train,2005-06-07,7.088,7.1123,0.0243
train,2005-06-08,6.308,6.2827,-0.0253
train,2005-06-09,6.942,6.8449,-0.0971
train,2005-06-10,7.224,7.2981,0.0741
train,2005-06-11,7.868,7.8752,0.0072
train,2005-06-12,6.758,6.7626,0.0046
train,2005-06-13,8.846,6.8909,-1.9551
train,2005-06-14,9.344,8.8223,-0.5217
train,2005-06-15,7.23,7.2219,-0.0081
train,2005-06-16,7.438,7.6506,0.2126
train,2005-06-17,7.356,7.003,-0.353
train,2005-06-18,6.818,6.8663,0.0483
train,2005-06-19,8.526,8.1665,-0.3595
train,2005-06-20,7.178,7.1548,-0.0232
train,2005-06-21,7.018,7.0501,0.0321
train,2005-06-22,7.938,7.7399,-0.1981
train,2005-06-23,6.938,6.949,0.011
train,2005-06-24,7.328,7.5616,0.2336
train,2005-06-25,7.348,7.0239,-0.3241
train,2005-06-26,8.338,8.1512,-0.1868
train,2005-06-27,7.348,7.6635,0.3155
train,2005-06-28,8.432,8.5956,0.1636
train,2005-06-29,10.614,10.57,-0.044
train,2005-06-30,7.158,7.1945,0.0365
train,2005-07-01,7.018,6.9767,-0.0413
train,2005-07-02,7.268,7.2195,-0.0485
train,2005-07-03,7.574,7.7113,0.1373
train,2005-07-04,7.578,7.6845,0.1065
train,2005-07-05,6.238,6.2379,-0.0001
train,2005-07-06,7.388,6.8704,-0.5176
train,2005-07-07,6.682,6.6678,-0.0142
train,2005-07-08,7.258,7.2546,-0.0034
train,2005-07-09,7.028,7.0451,0.0171
train,2005-07-10,6.43,6.3727,-0.0573
train,2005-07-11,8.588,8.5666,-0.0214
train,2005-07-12,6.948,6.9049,-0.0431
train,2005-07-13,8.318,8.3114,-0.0066
train,2005-07-14,7.308,7.2823,-0.0257
train,2005-07-15,7.088,7.0408,-0.0472
train,2005-07-16,11.554,11.377,-0.177
train,2005-07-17,6.224,6.1724,-0.0516
train,2005-07-18,6.958,6.9541,-0.0039
train,2005-07-19,6.31,6.2969,-0.0131
train,2005-07-20,6.728,6.7198,-0.0082
train,2005-07-21,8.056,8.1626,0.1066
train,2005-07-22,6.346,6.3298,-0.0162
train,2005-07-23,9.108,9.0734,-0.0346
train,2005-07-24,6.586,6.5653,-0.0207
train,2005-07-25,6.958,6.9539,-0.0041
train,2005-07-26,7.248,7.2609,0.0129
train,2005-07-27,7.208,7.1781,-0.0299
train,2005-07-28,7.538,7.5884,0.0504
train,2005-07-29,6.328,6.3866,0.0586
train,2005-07-30,6.998,7.016,0.018
train,2005-07-31,6.63,6.7848,0.1548
train,2005-08-01,7.008,6.949,-0.059
train,2005-08-02,6.408,6.4886,0.0806
train,2005-08-03,6.868,6.7413,-0.1267
train,2005-08-04,7.798,7.8483,0.0503
train,2005-08-05,6.94,6.9208,-0.0192
train,2005-08-06,7.514,7.5031,-0.0109
train,2005-08-07,8.442,8.1499,-0.2921
train,2005-08-08,7.878,7.9051,0.0271
train,2005-08-09,7.648,7.5518,-0.0962
train,2005-08-10,8.058,7.5186,-0.5394
train,2005-08-11,6.848,6.7433,-0.1047
train,2005-08-12,7.778,7.9493,0.1713
train,2005-08-13,7.288,7.5743,0.2863
train,2005-08-14,7.338,7.3826,0.0446
train,2005-08-15,9.148,9.2141,0.0661
train,2005-08-16,9.098,9.0326,-0.0654
train,2005-08-17,7.778,7.777,-0.001
train,2005-08-18,6.668,6.3597,-0.3083
train,2005-08-19,7.17,7.3766,0.2066
train,2005-08-20,6.132,5.96,-0.172
train,2005-08-21,7.078,7.0829,0.0049
train,2005-08-22,7.138,7.1735,0.0355
train,2005-08-23,6.902,6.9634,0.0614
train,2005-08-24,11.178,10.5595,-0.6185
train,2005-08-25,6.878,6.713,-0.165
train,2005-08-26,6.514,6.5112,-0.0028
train,2005-08-27,7.288,7.3143,0.0263
train,2005-08-28,6.438,6.4309,-0.0071
train,2005-08-29,6.83,6.8295,-0.0005
train,2005-08-30,6.918,6.9292,0.0112
train,2005-08-31,6.876,6.9318,0.0558
train,2005-09-01,8.108,8.0574,-0.0506
train,2005-09-02,6.418,6.362,-0.056
train,2005-09-03,7.978,7.9764,-0.0016
train,2005-09-04,6.908,6.9405,0.0325
train,2005-09-05,7.068,7.0517,-0.0163
train,2005-09-06,7.728,7.9845,0.2565
train,2005-09-07,6.688,6.7152,0.0272
train,2005-09-08,6.892,7.2025,0.3105
train,2005-09-09,6.758,6.5267,-0.2313
train,2005-09-10,6.288,6.3966,0.1086
train,2005-09-11,6.754,6.7658,0.0118
train,2005-09-12,8.058,8.1956,0.1376
train,2005-09-13,8.298,8.6138,0.3158
train,2005-09-14,7.328,7.3179,-0.0101
train,2005-09-15,7.128,7.1661,0.0381
train,2005-09-16,10.268,10.2628,-0.0052
train,2005-09-17,7.178,7.4974,0.3194
train,2005-09-18,7.582,7.692,0.11
train,2005-09-19,8.208,8.2271,0.0191
train,2005-09-20,8.298,8.4302,0.1322
train,2005-09-21,7.478,7.3682,-0.1098
train,2005-09-22,6.908,6.9079,-0.0001
train,2005-09-23,8.528,8.7978,0.2698
train,2005-09-24,7.81,7.9387,0.1287
train,2005-09-25,6.978,7.0183,0.0403
train,2005-09-26,6.418,6.4031,-0.0149
train,2005-09-27,9.258,9.0655,-0.1925
train,2005-09-28,7.054,7.2274,0.1734
train,2005-09-29,7.436,7.3144,-0.1216
train,2005-09-30,6.234,6.1742,-0.0598
train,2005-10-01,8.168,7.561,-0.607
train,2005-10-02,7.868,7.7692,-0.0988
train,2005-10-03,6.998,7.0017,0.0037
train,2005-10-04,8.478,8.5127,0.0347
train,2005-10-05,8.644,8.7907,0.1467
train,2005-10-06,7.108,7.0157,-0.0923
train,2005-10-07,7.828,7.7558,-0.0722
train,2005-10-08,9.658,9.7044,0.0464
train,2005-10-09,9.078,8.7465,-0.3315
train,2005-10-10,6.43,6.4299,-0.0001
train,2005-10-11,6.376,6.3569,-0.0191
train,2005-10-12,6.798,6.8801,0.0821
train,2005-10-13,8.258,8.6059,0.3479
train,2005-10-14,8.648,8.6107,-0.0373
train,2005-10-15,6.754,6.7546,0.0006
train,2005-10-16,7.846,7.6902,-0.1558
train,2005-10-17,9.908,9.3964,-0.5116
train,2005-10-18,6.648,6.5023,-0.1457
train,2005-10-19,6.948,6.9813,0.0333
train,2005-10-20,6.364,6.3279,-0.0361
train,2005-10-21,5.92,6.0495,0.1295
train,2005-10-22,6.734,6.7677,0.0337
train,2005-10-23,7.478,7.4437,-0.0343
train,2005-10-24,8.338,8.4235,0.0855
train,2005-10-25,7.268,7.253,-0.015
train,2005-10-26,6.112,6.1392,0.0272
train,2005-10-27,7.038,7.0441,0.0061
train,2005-10-28,8.712,9.1158,0.4038
train,2005-10-29,7.208,7.2348,0.0268
train,2005-10-30,6.968,6.9182,-0.0498
train,2005-10-31,7.42,7.5041,0.0841
train,2005-11-01,6.234,6.2654,0.0314
train,2005-11-02,8.368,8.3228,-0.0452
train,2005-11-03,7.938,7.9473,0.0093
train,2005-11-04,7.298,7.3089,0.0109
train,2005-11-05,6.614,6.6627,0.0487
train,2005-11-06,6.998,6.9852,-0.0128
train,2005-11-07,9.558,9.6447,0.0867
train,2005-11-08,6.99,6.9655,-0.0245
train,2005-11-09,8.028,7.9392,-0.0888
train,2005-11-10,6.948,6.8566,-0.0914
train,2005-11-11,6.838,6.865,0.027
train,2005-11-12,7.668,7.8184,0.1504
train,2005-11-13,6.49,6.6555,0.1655
train,2005-11-14,7.588,7.5791,-0.0089
train,2005-11-15,6.876,7.0777,0.2017
train,2005-11-16,6.848,6.9248,0.0768
train,2005-11-17,7.268,7.1119,-0.1561
train,2005-11-18,7.08,7.2011,0.1211
train,2005-11-19,7.25,7.3345,0.0845
train,2005-11-20,6.682,6.6644,-0.0176
train,2005-11-21,6.898,6.9955,0.0975
train,2005-11-22,7.178,7.1697,-0.0083
train,2005-11-23,6.628,6.7781,0.1501
train,2005-11-24,7.778,7.7832,0.0052
train,2005-11-25,6.878,6.9658,0.0878
train,2005-11-26,7.048,7.154,0.106
train,2005-11-27,5.898,6.064,0.166
train,2005-11-28,6.686,6.6861,0.0001
train,2005-11-29,6.668,6.6895,0.0215
train,2005-11-30,7.6,7.8707,0.2707
train,2005-12-01,7.868,7.7761,-0.0919
train,2005-12-02,6.626,6.9009,0.2749
train,2005-12-03,7.308,7.4889,0.1809
train,2005-12-04,7.828,7.8213,-0.0067
train,2005-12-05,8.088,8.1167,0.0287
train,2005-12-06,7.044,7.0417,-0.0023
train,2005-12-07,7.148,7.1938,0.0458
train,2005-12-08,7.278,7.3181,0.0401
train,2005-12-09,9.058,8.5546,-0.5034
train,2005-12-10,6.978,7.0399,0.0619
train,2005-12-11,6.298,6.2405,-0.0575
train,2005-12-12,10.23,9.9645,-0.2655
train,2005-12-13,6.608,6.6615,0.0535
train,2005-12-14,6.918,6.9518,0.0338
train,2005-12-15,8.528,8.6603,0.1323
train,2005-12-16,9.238,8.9885,-0.2495
train,2005-12-17,8.268,7.7207,-0.5473
train,2005-12-18,7.388,7.4421,0.0541
train,2005-12-19,6.428,6.5856,0.1576
train,2005-12-20,11.188,10.5864,-0.6016
train,2005-12-21,7.098,7.1774,0.0794
train,2005-12-22,6.878,7.1415,0.2635
train,2005-12-23,7.058,7.0844,0.0264
train,2005-12-24,6.998,7.0393,0.0413
train,2005-12-25,7.148,7.161,0.013
train,2005-12-26,6.908,6.9412,0.0332
train,2005-12-27,5.718,5.8769,0.1589
train,2005-12-28,6.938,6.9943,0.0563
train,2005-12-29,8.958,8.4788,-0.4792
train,2005-12-30,7.434,7.3344,-0.0996
train,2005-12-31,7.478,7.417,-0.061
train,2006-01-01,8.628,8.7872,0.1592
train,2006-01-02,7.098,7.165,0.067
train,2006-01-03,7.168,7.2344,0.0664
train,2006-01-04,6.404,6.3721,-0.0319
train,2006-01-05,8.218,8.2006,-0.0174
train,2006-01-06,7.622,7.2562,-0.3658
train,2006-01-07,7.938,7.3032,-0.6348
train,2006-01-08,7.878,8.0451,0.1671
train,2006-01-09,8.888,8.4333,-0.4547
train,2006-01-10,6.836,6.5895,-0.2465
train,2006-01-11,6.454,6.5759,0.1219
train,2006-01-12,8.988,9.0253,0.0373
train,2006-01-13,6.25,6.2813,0.0313
train,2006-01-14,6.1,6.094,-0.006
train,2006-01-15,6.948,6.9478,-0.0002
train,2006-01-16,7.038,7.0295,-0.0085
train,2006-01-17,9.078,9.3376,0.2596
train,2006-01-18,7.398,7.4119,0.0139
train,2006-01-19,7.114,7.0305,-0.0835
train,2006-01-20,5.844,5.9002,0.0562
train,2006-01-21,8.058,8.1003,0.0423
train,2006-01-22,7.228,7.2864,0.0584
train,2006-01-23,8.988,9.1016,0.1136
train,2006-01-24,6.824,6.821,-0.003
train,2006-01-25,6.48,6.7539,0.2739
train,2006-01-26,6.336,6.3037,-0.0323
train,2006-01-27,7.458,7.3645,-0.0935
train,2006-01-28,8.254,8.4578,0.2038
train,2006-01-29,6.748,6.7841,0.0361
train,2006-01-30,8.878,8.8965,0.0185
train,2006-01-31,6.844,6.9231,0.0791
train,2006-02-01,7.048,7.0332,-0.0148
train,2006-02-02,7.998,7.8666,-0.1314
train,2006-02-03,6.862,6.8955,0.0335
train,2006-02-04,6.114,6.162,0.048
train,2006-02-05,7.334,7.5769,0.2429
train,2006-02-06,6.988,7.1306,0.1426
train,2006-02-07,6.908,6.9907,0.0827
train,2006-02-08,6.59,6.5346,-0.0554
train,2006-02-09,6.858,6.8404,-0.0176
train,2006-02-10,7.232,7.1578,-0.0742
train,2006-02-11,8.018,8.2603,0.2423
train,2006-02-12,6.948,6.9719,0.0239
train,2006-02-13,6.978,6.7709,-0.2071
train,2006-02-14,8.156,8.1172,-0.0388
train,2006-02-15,7.428,7.456,0.028
train,2006-02-16,6.208,6.1783,-0.0297
train,2006-02-17,10.92,11.142,0.222
train,2006-02-18,5.904,5.9854,0.0814
train,2006-02-19,6.504,6.4708,-0.0332
train,2006-02-20,6.888,6.8809,-0.0071
train,2006-02-21,6.5,6.7023,0.2023
train,2006-02-22,9.156,9.055,-0.101
train,2006-02-23,6.458,6.3184,-0.1396
train,2006-02-24,6.838,6.8294,-0.0086
train,2006-02-25,8.07,8.349,0.279
train,2006-02-26,7.058,7.1951,0.1371
train,2006-02-27,7.378,7.4847,0.1067
train,2006-02-28,7.118,6.8881,-0.2299
train,2006-03-01,7.048,6.9987,-0.0493
train,2006-03-02,8.652,8.5939,-0.0581
train,2006-03-03,6.568,6.5443,-0.0237
train,2006-03-04,6.748,6.704,-0.044
train,2006-03-05,7.128,7.0957,-0.0323
train,2006-03-06,6.868,6.8952,0.0272
train,2006-03-07,6.936,7.0475,0.1115
train,2006-03-08,7.244,7.3065,0.0625
train,2006-03-09,7.904,8.2044,0.3004
train,2006-03-10,6.828,6.8527,0.0247
train,2006-03-11,7.168,7.2821,0.1141
train,2006-03-12,6.398,6.4277,0.0297
train,2006-03-13,7.058,7.1322,0.0742
train,2006-03-14,7.614,7.8547,0.2407
train,2006-03-15,7.168,7.1046,-0.0634
train,2006-03-16,6.96,6.8971,-0.0629
train,2006-03-17,7.218,7.1012,-0.1168
train,2006-03-18,6.384,6.3858,0.0018
train,2006-03-19,7.408,7.1789,-0.2291
train,2006-03-20,6.476,6.3983,-0.0777
train,2006-03-21,6.658,6.7225,0.0645
train,2006-03-22,6.938,6.873,-0.065
train,2006-03-23,7.142,7.0678,-0.0742
train,2006-03-24,7.008,6.9921,-0.0159
train,2006-03-25,7.768,7.6682,-0.0998
train,2006-03-26,7.658,7.6161,-0.0419
train,2006-03-27,6.858,6.887,0.029
train,2006-03-28,7.038,7.0343,-0.0037
train,2006-03-29,6.118,6.4052,0.2872
train,2006-03-30,7.962,8.3869,0.4249
train,2006-03-31,6.898,7.1113,0.2133
train,2006-04-01,7.038,6.9828,-0.0552
train,2006-04-02,8.172,8.2923,0.1203
train,2006-04-03,7.798,7.5984,-0.1996
train,2006-04-04,8.694,8.6118,-0.0822
train,2006-04-05,9.358,8.8779,-0.4801
train,2006-04-06,9.148,9.0412,-0.1068
train,2006-04-07,7.378,7.4377,0.0597
train,2006-04-08,8.448,7.5992,-0.8488
train,2006-04-09,6.858,6.8469,-0.0111
train,2006-04-10,7.896,7.9401,0.0441
train,2006-04-11,7.788,7.7229,-0.0651
train,2006-04-12,6.848,6.7782,-0.0698
train,2006-04-13,7.562,7.7994,0.2374
train,2006-04-14,7.104,7.0968,-0.0072
train,2006-04-15,7.308,7.4242,0.1162
train,2006-04-16,7.028,6.9856,-0.0424
train,2006-04-17,6.938,6.9574,0.0194
train,2006-04-18,6.838,6.8491,0.0111
train,2006-04-19,7.718,7.6761,-0.0419
train,2006-04-20,6.838,6.8374,-0.0006
train,2006-04-21,6.708,6.6964,-0.0116
train,2006-04-22,6.828,6.8062,-0.0218
train,2006-04-23,8.378,7.5338,-0.8442
train,2006-04-24,6.788,6.7637,-0.0243
train,2006-04-25,6.514,6.5264,0.0124
train,2006-04-26,9.268,9.507,0.239
train,2006-04-27,8.188,8.3508,0.1628
train,2006-04-28,7.918,8.0551,0.1371
train,2006-04-29,7.058,7.0538,-0.0042
train,2006-04-30,8.788,9.0922,0.3042
train,2006-05-01,11.178,10.727,-0.451
train,2006-05-02,8.748,8.6155,-0.1325
train,2006-05-03,6.428,6.4191,-0.0089
train,2006-05-04,7.478,7.4764,-0.0016
train,2006-05-05,9.148,9.1484,0.0004
train,2006-05-06,7.166,7.4822,0.3162
train,2006-05-07,7.448,7.5085,0.0605
train,2006-05-08,6.516,6.4125,-0.1035
train,2006-05-09,7.998,7.3241,-0.6739
train,2006-05-10,8.868,9.017,0.149
train,2006-05-11,7.108,7.2244,0.1164
train,2006-05-12,6.788,6.7904,0.0024
train,2006-05-13,7.858,8.0758,0.2178
train,2006-05-14,6.528,6.6746,0.1466
train,2006-05-15,7.376,7.4036,0.0276
train,2006-05-16,10.048,10.0178,-0.0302
train,2006-05-17,6.938,6.9947,0.0567
train,2006-05-18,7.098,7.2498,0.1518
train,2006-05-19,7.008,7.0299,0.0219
train,2006-05-20,7.088,7.0007,-0.0873
train,2006-05-21,6.662,6.6357,-0.0263
train,2006-05-22,7.64,7.6606,0.0206
train,2006-05-23,7.038,6.9732,-0.0648
train,2006-05-24,7.468,7.8157,0.3477
train,2006-05-25,7.318,7.3671,0.0491
train,2006-05-26,7.158,7.207,0.049
train,2006-05-27,6.246,6.2343,-0.0117
train,2006-05-28,6.798,6.7805,-0.0175
train,2006-05-29,8.378,8.3751,-0.0029
train,2006-05-30,8.158,7.8809,-0.2771
train,2006-05-31,9.758,9.4747,-0.2833
train,2006-06-01,7.62,7.6338,0.0138
train,2006-06-02,7.02,7.0505,0.0305
train,2006-06-03,6.494,6.5624,0.0684
train,2006-06-04,6.948,6.716,-0.232
train,2006-06-05,8.898,8.511,-0.387
train,2006-06-06,7.596,7.6607,0.0647
train,2006-06-07,7.848,8.001,0.153
train,2006-06-08,8.328,8.2996,-0.0284
train,2006-06-09,8.418,8.3264,-0.0916
train,2006-06-10,6.268,6.2683,0.0003
train,2006-06-11,6.924,6.7349,-0.1891
train,2006-06-12,7.048,6.999,-0.049
train,2006-06-13,6.634,6.6306,-0.0034
train,2006-06-14,9.058,9.2278,0.1698
train,2006-06-15,6.898,6.9152,0.0172
train,2006-06-16,6.708,6.7135,0.0055
train,2006-06-17,7.218,7.2334,0.0154
train,2006-06-18,6.202,6.1795,-0.0225
train,2006-06-19,7.138,7.1618,0.0238
train,2006-06-20,6.638,6.6929,0.0549
train,2006-06-21,6.968,7.0317,0.0637
train,2006-06-22,8.438,8.4541,0.0161
train,2006-06-23,7.068,7.1035,0.0355
train,2006-06-24,8.074,7.6505,-0.4235
train,2006-06-25,6.948,6.8717,-0.0763
train,2006-06-26,6.418,6.5508,0.1328
train,2006-06-27,7.56,7.5981,0.0381
train,2006-06-28,7.168,7.1806,0.0126
train,2006-06-29,7.488,7.4611,-0.0269
train,2006-06-30,6.928,6.9143,-0.0137
train,2006-07-01,7.458,7.0075,-0.4505
train,2006-07-02,6.334,6.5421,0.2081
train,2006-07-03,8.548,8.2754,-0.2726
train,2006-07-04,7.098,7.0804,-0.0176
train,2006-07-05,6.49,6.4308,-0.0592
train,2006-07-06,7.138,7.1325,-0.0055
train,2006-07-07,8.318,7.4825,-0.8355
train,2006-07-08,7.042,6.9401,-0.1019
train,2006-07-09,7.548,7.3802,-0.1678
train,2006-07-10,6.536,7.2214,0.6854
train,2006-07-11,6.442,6.3632,-0.0788
train,2006-07-12,6.378,6.3673,-0.0107
train,2006-07-13,7.248,7.303,0.055
train,2006-07-14,7.818,8.4535,0.6355
train,2006-07-15,8.098,7.9635,-0.1345
train,2006-07-16,7.438,7.3867,-0.0513
train,2006-07-17,7.296,7.5647,0.2687
train,2006-07-18,6.728,6.6556,-0.0724
train,2006-07-19,7.062,7.1452,0.0832
train,2006-07-20,6.678,6.6336,-0.0444
train,2006-07-21,7.128,7.1596,0.0316
train,2006-07-22,5.708,5.8407,0.1327
train,2006-07-23,8.958,8.7641,-0.1939
train,2006-07-24,7.37,7.3337,-0.0363
train,2006-07-25,7.922,7.6108,-0.3112
train,2006-07-26,6.822,6.8723,0.0503
train,2006-07-27,6.212,6.2238,0.0118
train,2006-07-28,6.638,6.6202,-0.0178
train,2006-07-29,7.508,7.5542,0.0462
train,2006-07-30,6.858,6.815,-0.043
train,2006-07-31,8.858,9.1083,0.2503
train,2006-08-01,9.308,9.4143,0.1063
train,2006-08-02,6.468,6.5374,0.0694
train,2006-08-03,7.144,7.3528,0.2088
train,2006-08-04,6.928,7.0267,0.0987
train,2006-08-05,7.808,7.4797,-0.3283
train,2006-08-06,6.532,6.6499,0.1179
train,2006-08-07,6.978,6.9123,-0.0657
train,2006-08-08,8.636,8.7594,0.1234
train,2006-08-09,6.446,6.4548,0.0088
train,2006-08-10,7.038,7.0286,-0.0094
train,2006-08-11,6.29,6.2272,-0.0628
train,2006-08-12,6.868,6.8604,-0.0076
train,2006-08-13,7.736,7.8795,0.1435
train,2006-08-14,6.52,6.5911,0.0711
train,2006-08-15,8.26,8.2924,0.0324
train,2006-08-16,7.638,7.5752,-0.0628
train,2006-08-17,6.982,7.0538,0.0718
train,2006-08-18,7.858,7.4043,-0.4537
train,2006-08-19,6.948,7.0051,0.0571
train,2006-08-20,6.354,6.3015,-0.0525
train,2006-08-21,7.818,7.6097,-0.2083
train,2006-08-22,7.608,7.3636,-0.2444
train,2006-08-23,7.138,7.095,-0.043
train,2006-08-24,6.508,6.5143,0.0063
train,2006-08-25,8.09,7.4053,-0.6847
train,2006-08-26,6.214,6.233,0.019
train,2006-08-27,6.312,6.3555,0.0435
train,2006-08-28,8.362,8.435,0.073
train,2006-08-29,9.322,9.5685,0.2465
train,2006-08-30,8.012,8.3787,0.3667
train,2006-08-31,7.018,7.103,0.085
train,2006-09-01,7.728,7.6777,-0.0503
train,2006-09-02,7.368,7.3133,-0.0547
train,2006-09-03,9.008,9.0033,-0.0047
train,2006-09-04,7.078,7.0699,-0.0081
train,2006-09-05,7.138,7.0951,-0.0429
train,2006-09-06,7.692,7.8592,0.1672
train,2006-09-07,6.502,6.5018,-0.0002
train,2006-09-08,7.478,7.2895,-0.1885
train,2006-09-09,6.668,7.0231,0.3551
train,2006-09-10,7.438,7.4386,0.0006
train,2006-09-11,6.788,6.7798,-0.0082
train,2006-09-12,6.498,6.473,-0.025
train,2006-09-13,7.058,7.0626,0.0046
train,2006-09-14,8.99,9.0478,0.0578
train,2006-09-15,6.516,6.4508,-0.0652
train,2006-09-16,6.738,6.753,0.015
train,2006-09-17,6.628,6.5783,-0.0497
train,2006-09-18,6.698,6.6573,-0.0407
train,2006-09-19,6.108,6.1942,0.0862
train,2006-09-20,7.108,7.1141,0.0061
train,2006-09-21,7.228,7.3064,0.0784
train,2006-09-22,7.218,7.2421,0.0241
train,2006-09-23,8.408,8.3167,-0.0913
train,2006-09-24,6.788,6.7353,-0.0527
train,2006-09-25,7.776,8.593,0.817
train,2006-09-26,7.14,7.2575,0.1175
train,2006-09-27,6.958,6.7294,-0.2286
train,2006-09-28,7.038,7.0436,0.0056
train,2006-09-29,6.898,6.9413,0.0433
train,2006-09-30,7.098,7.0853,-0.0127
train,2006-10-01,8.458,8.3716,-0.0864
train,2006-10-02,8.288,8.0752,-0.2128
train,2006-10-03,6.128,6.1726,0.0446
train,2006-10-04,7.038,6.9038,-0.1342
train,2006-10-05,7.028,7.0212,-0.0068
train,2006-10-06,7.228,7.2372,0.0092
train,2006-10-07,7.758,7.7735,0.0155
train,2006-10-08,7.268,7.2732,0.0052
train,2006-10-09,7.258,7.272,0.014
train,2006-10-10,6.808,6.7863,-0.0217
train,2006-10-11,6.046,6.2036,0.1576
train,2006-10-12,6.688,6.4177,-0.2703
train,2006-10-13,6.888,6.8816,-0.0064
train,2006-10-14,6.598,6.5772,-0.0208
train,2006-10-15,8.188,8.3479,0.1599
train,2006-10-16,6.848,7.111,0.263
train,2006-10-17,8.892,8.8569,-0.0351
train,2006-10-18,7.43,7.6871,0.2571
train,2006-10-19,7.848,7.7451,-0.1029
train,2006-10-20,7.556,7.7404,0.1844
train,2006-10-21,6.56,6.5626,0.0026
train,2006-10-22,7.148,7.2514,0.1034
train,2006-10-23,6.428,6.4192,-0.0088
train,2006-10-24,7.258,7.2353,-0.0227
train,2006-10-25,6.048,5.9822,-0.0658
train,2006-10-26,9.018,8.8896,-0.1284
train,2006-10-27,8.892,9.2197,0.3277
train,2006-10-28,8.008,7.7675,-0.2405
train,2006-10-29,6.894,6.9067,0.0127
train,2006-10-30,8.098,8.2517,0.1537
train,2006-10-31,7.128,7.1602,0.0322
train,2006-11-01,6.948,6.8993,-0.0487
train,2006-11-02,7.558,7.599,0.041
train,2006-11-03,7.018,7.046,0.028
train,2006-11-04,6.908,6.8912,-0.0168
train,2006-11-05,6.758,7.058,0.3
train,2006-11-06,6.978,6.9938,0.0158
train,2006-11-07,6.948,6.9666,0.0186
train,2006-11-08,9.258,9.1544,-0.1036
train,2006-11-09,5.912,5.9331,0.0211
train,2006-11-10,6.566,6.4864,-0.0796
train,2006-11-11,8.528,8.536,0.008
train,2006-11-12,6.888,6.8722,-0.0158
train,2006-11-13,6.322,6.3022,-0.0198
train,2006-11-14,6.498,6.5375,0.0395
train,2006-11-15,7.958,7.6818,-0.2762
train,2006-11-16,8.668,8.6401,-0.0279
train,2006-11-17,6.576,6.4808,-0.0952
train,2006-11-18,8.378,8.1729,-0.2051
train,2006-11-19,6.646,6.3538,-0.2922
train,2006-11-20,6.958,6.8925,-0.0655
train,2006-11-21,6.674,6.6643,-0.0097
train,2006-11-22,7.038,7.0338,-0.0042
train,2006-11-23,7.418,7.5719,0.1539
train,2006-11-24,7.438,7.5866,0.1486
train,2006-11-25,8.78,8.5333,-0.2467
train,2006-11-26,9.062,8.7819,-0.2801
train,2006-11-27,7.038,7.0503,0.0123
train,2006-11-28,8.068,8.1989,0.1309
train,2006-11-29,8.154,8.2762,0.1222
train,2006-11-30,7.618,7.4453,-0.1727
train,2006-12-01,9.458,9.3713,-0.0867
train,2006-12-02,9.668,10.9951,1.3271
train,2006-12-03,7.508,7.2304,-0.2776
train,2006-12-04,6.668,6.6653,-0.0027
train,2006-12-05,6.298,6.3133,0.0153
train,2006-12-06,9.774,9.6472,-0.1268
train,2006-12-07,6.138,6.0936,-0.0444
train,2006-12-08,6.29,6.3343,0.0443
train,2006-12-09,6.958,6.9816,0.0236
train,2006-12-10,8.428,8.0048,-0.4232
train,2006-12-11,6.968,7.0001,0.0321
train,2006-12-12,6.988,6.9819,-0.0061
train,2006-12-13,7.238,7.3308,0.0928
train,2006-12-14,6.748,6.7808,0.0328
train,2006-12-15,6.834,6.8291,-0.0049
train,2006-12-16,6.338,6.4139,0.0759
train,2006-12-17,8.238,8.4133,0.1753
train,2006-12-18,8.242,8.3206,0.0786
train,2006-12-19,5.854,6.072,0.218
train,2006-12-20,6.236,6.4786,0.2426
train,2006-12-21,8.698,8.8736,0.1756
train,2006-12-22,8.158,8.1988,0.0408
train,2006-12-23,8.248,8.1621,-0.0859
train,2006-12-24,6.184,6.4965,0.3125
train,2006-12-25,6.328,6.3059,-0.0221
train,2006-12-26,6.568,6.5172,-0.0508
train,2006-12-27,6.968,7.0721,0.1041
train,2006-12-28,6.556,6.5998,0.0438
train,2006-12-29,8.508,9.0111,0.5031
train,2006-12-30,7.098,7.1023,0.0043
train,2006-12-31,11.028,10.9799,-0.0481
train,2007-01-01,8.06,7.9855,-0.0745
train,2007-01-02,6.798,6.7869,-0.0111
train,2007-01-03,8.408,8.7105,0.3025
train,2007-01-04,6.276,6.2638,-0.0122
train,2007-01-05,8.938,8.9199,-0.0181
train,2007-01-06,6.738,6.741,0.003
train,2007-01-07,7.508,7.4873,-0.0207
train,2007-01-08,6.402,6.442,0.04
train,2007-01-09,7.718,7.8577,0.1397
train,2007-01-10,6.812,6.9333,0.1213
train,2007-01-11,8.388,8.2573,-0.1307
train,2007-01-12,6.108,6.346,0.238
train,2007-01-13,8.494,8.5522,0.0582
train,2007-01-14,6.918,6.9266,0.0086
train,2007-01-15,6.154,6.1795,0.0255
train,2007-01-16,8.192,8.398,0.206
train,2007-01-17,7.628,7.7393,0.1113
train,2007-01-18,7.218,7.3549,0.1369
train,2007-01-19,6.382,6.3959,0.0139
train,2007-01-20,7.01,7.1473,0.1373
train,2007-01-21,6.798,6.7806,-0.0174
train,2007-01-22,6.696,6.7412,0.0452
train,2007-01-23,7.494,7.1686,-0.3254
train,2007-01-24,6.988,6.8995,-0.0885
train,2007-01-25,6.192,6.1006,-0.0914
train,2007-01-26,6.498,6.3707,-0.1273
train,2007-01-27,5.998,6.0831,0.0851
train,2007-01-28,7.938,7.4703,-0.4677
train,2007-01-29,6.44,6.3802,-0.0598
train,2007-01-30,8.168,8.6057,0.4377
train,2007-01-31,7.726,7.6777,-0.0483
train,2007-02-01,6.944,6.9622,0.0182
train,2007-02-02,7.828,7.8133,-0.0147
train,2007-02-03,9.248,9.3801,0.1321
train,2007-02-04,6.998,7.1976,0.1996
train,2007-02-05,7.108,7.1288,0.0208
train,2007-02-06,7.338,7.034,-0.304
train,2007-02-07,6.772,6.7879,0.0159
train,2007-02-08,8.148,8.1313,-0.0167
train,2007-02-09,6.828,6.7758,-0.0522
train,2007-02-10,6.898,6.9281,0.0301
train,2007-02-11,5.808,5.8253,0.0173
train,2007-02-12,6.848,6.8467,-0.0013
train,2007-02-13,6.96,7.2047,0.2447
train,2007-02-14,9.342,9.3938,0.0518
train,2007-02-15,9.276,9.5803,0.3043
train,2007-02-16,7.068,7.0296,-0.0384
train,2007-02-17,8.918,9.0297,0.1117
train,2007-02-18,7.058,7.1007,0.0427
train,2007-02-19,9.798,10.0089,0.2109
train,2007-02-20,6.684,6.627,-0.057
train,2007-02-21,7.496,6.9518,-0.5442
train,2007-02-22,7.068,7.1023,0.0343
train,2007-02-23,6.918,6.8987,-0.0193
train,2007-02-24,7.292,7.4335,0.1415
train,2007-02-25,10.108,9.8453,-0.2627
train,2007-02-26,7.038,7.0512,0.0132
train,2007-02-27,5.746,5.9209,0.1749
train,2007-02-28,8.138,8.4037,0.2657
train,2007-03-01,7.898,8.1723,0.2743
train,2007-03-02,6.438,6.4965,0.0585
train,2007-03-03,6.854,7.093,0.239
train,2007-03-04,6.958,6.9954,0.0374
train,2007-03-05,7.596,7.7328,0.1368
train,2007-03-06,6.558,6.6444,0.0864
train,2007-03-07,8.168,8.4126,0.2446
train,2007-03-08,8.43,8.3385,-0.0915
train,2007-03-09,7.82,7.5311,-0.2889
train,2007-03-10,6.288,6.3814,0.0934
train,2007-03-11,6.818,6.8144,-0.0036
train,2007-03-12,6.986,6.8585,-0.1275
train,2007-03-13,6.898,6.9494,0.0514
train,2007-03-14,9.128,9.166,0.038
train,2007-03-15,10.008,10.1584,0.1504
train,2007-03-16,7.528,7.6295,0.1015
train,2007-03-17,9.062,9.1521,0.0901
train,2007-03-18,7.548,7.6109,0.0629
train,2007-03-19,6.442,6.4519,0.0099
train,2007-03-20,6.918,6.9263,0.0083
train,2007-03-21,9.634,10.0599,0.4259
train,2007-03-22,7.078,7.1756,0.0976
train,2007-03-23,7.398,7.5531,0.1551
train,2007-03-24,7.028,7.0318,0.0038
train,2007-03-25,6.244,6.2598,0.0158
train,2007-03-26,9.788,10.0823,0.2943
train,2007-03-27,7.288,7.2971,0.0091
train,2007-03-28,5.978,6.1649,0.1869
train,2007-03-29,8.188,8.2591,0.0711
train,2007-03-30,6.462,6.5703,0.1083
train,2007-03-31,6.988,6.8982,-0.0898
train,2007-04-01,12.078,11.5173,-0.5607
train,2007-04-02,7.028,7.0014,-0.0266
train,2007-04-03,8.494,8.2911,-0.2029
train,2007-04-04,6.288,6.2711,-0.0169
train,2007-04-05,7.648,7.6155,-0.0325
train,2007-04-06,7.306,7.3831,0.0771
train,2007-04-07,7.308,7.3679,0.0599
train,2007-04-08,6.288,6.2742,-0.0138
train,2007-04-09,7.908,7.8139,-0.0941
train,2007-04-10,9.028,8.9939,-0.0341
train,2007-04-11,6.708,6.7725,0.0645
train,2007-04-12,7.368,7.3908,0.0228
train,2007-04-13,7.078,7.0452,-0.0328
train,2007-04-14,6.926,6.9477,0.0217
train,2007-04-15,9.988,9.8315,-0.1565
train,2007-04-16,8.988,9.2831,0.2951
train,2007-04-17,8.07,7.8508,-0.2192
train,2007-04-18,6.318,6.2516,-0.0664
train,2007-04-19,6.828,6.9253,0.0973
train,2007-04-20,6.574,6.5446,-0.0294
train,2007-04-21,6.638,6.6438,0.0058
train,2007-04-22,6.618,6.5249,-0.0931
train,2007-04-23,6.402,6.3323,-0.0697
train,2007-04-24,7.868,7.875,0.007
train,2007-04-25,6.912,6.9242,0.0122
train,2007-04-26,7.072,7.1304,0.0584
train,2007-04-27,6.888,6.8803,-0.0077
train,2007-04-28,7.048,7.0167,-0.0313
train,2007-04-29,7.038,7.1084,0.0704
train,2007-04-30,6.958,6.9118,-0.0462
train,2007-05-01,6.792,6.8482,0.0562
train,2007-05-02,6.878,6.8575,-0.0205
train,2007-05-03,6.372,6.3637,-0.0083
train,2007-05-04,8.298,8.1988,-0.0992
train,2007-05-05,7.058,7.0852,0.0272
train,2007-05-06,7.198,7.2514,0.0534
train,2007-05-07,6.778,6.794,0.016
train,2007-05-08,6.33,6.5333,0.2033
train,2007-05-09,8.552,9.1688,0.6168
train,2007-05-10,6.37,6.4028,0.0328
train,2007-05-11,7.526,7.6104,0.0844
train,2007-05-12,6.4,6.4348,0.0348
train,2007-05-13,7.174,7.6339,0.4599
train,2007-05-14,8.018,8.22,0.202
train,2007-05-15,6.798,6.8315,0.0335
train,2007-05-16,8.688,7.6728,-1.0152
train,2007-05-17,6.342,6.3334,-0.0086
train,2007-05-18,7.168,7.097,-0.071
train,2007-05-19,7.038,7.5276,0.4896
train,2007-05-20,7.388,7.4321,0.0441
train,2007-05-21,7.184,7.2654,0.0814
train,2007-05-22,8.058,7.9873,-0.0707
train,2007-05-23,7.698,7.6375,-0.0605
train,2007-05-24,6.998,7.0575,0.0595
train,2007-05-25,7.416,7.6519,0.2359
train,2007-05-26,7.458,7.4548,-0.0032
train,2007-05-27,7.064,7.116,0.052
train,2007-05-28,6.808,6.8059,-0.0021
train,2007-05-29,6.808,6.7924,-0.0156
train,2007-05-30,6.6,6.5805,-0.0195
train,2007-05-31,7.53,7.8442,0.3142
train,2007-06-01,7.248,7.2158,-0.0322
train,2007-06-02,7.378,7.3451,-0.0329
train,2007-06-03,6.808,6.8089,0.0009
train,2007-06-04,8.368,8.4692,0.1012
train,2007-06-05,6.808,6.7913,-0.0167
train,2007-06-06,9.558,9.6094,0.0514
train,2007-06-07,7.078,7.0586,-0.0194
train,2007-06-08,8.378,8.2377,-0.1403
train,2007-06-09,6.298,6.2231,-0.0749
train,2007-06-10,10.368,10.2867,-0.0813
train,2007-06-11,7.988,7.9094,-0.0786
train,2007-06-12,6.77,6.8744,0.1044
train,2007-06-13,6.828,6.7345,-0.0935
train,2007-06-14,6.488,6.4138,-0.0742
train,2007-06-15,7.748,7.6558,-0.0922
train,2007-06-16,6.928,6.9919,0.0639
train,2007-06-17,9.818,9.8155,-0.0025
train,2007-06-18,9.498,9.6376,0.1396
train,2007-06-19,9.148,8.9014,-0.2466
train,2007-06-20,6.536,6.456,-0.08
train,2007-06-21,8.618,8.288,-0.33
train,2007-06-22,9.018,8.5972,-0.4208
train,2007-06-23,6.392,6.7157,0.3237
train,2007-06-24,6.474,6.5838,0.1098
train,2007-06-25,6.848,6.9097,0.0617
train,2007-06-26,9.728,9.7764,0.0484
train,2007-06-27,6.608,6.8557,0.2477
train,2007-06-28,6.308,6.353,0.045
train,2007-06-29,7.788,7.7419,-0.0461
train,2007-06-30,8.526,8.4993,-0.0267
train,2007-07-01,8.088,8.0754,-0.0126
train,2007-07-02,8.418,8.3465,-0.0715
train,2007-07-03,6.554,6.6285,0.0745
train,2007-07-04,8.204,6.6427,-1.5613
train,2007-07-05,6.988,6.9139,-0.0741
train,2007-07-06,8.018,7.9367,-0.0813
train,2007-07-07,8.528,8.6076,0.0796
train,2007-07-08,5.994,6.2053,0.2113
train,2007-07-09,8.942,8.6608,-0.2812
train,2007-07-10,8.388,8.4823,0.0943
train,2007-07-11,7.188,7.2165,0.0285
train,2007-07-12,7.268,7.3469,0.0789
train,2007-07-13,6.81,6.7884,-0.0216
train,2007-07-14,6.258,6.2295,-0.0285
train,2007-07-15,7.07,7.185,0.115
train,2007-07-16,6.618,6.5692,-0.0488
train,2007-07-17,6.492,6.4979,0.0059
train,2007-07-18,6.488,6.5662,0.0782
train,2007-07-19,6.314,6.3575,0.0435
train,2007-07-20,7.906,7.8287,-0.0773
train,2007-07-21,8.918,8.6572,-0.2608
train,2007-07-22,7.778,7.9919,0.2139
train,2007-07-23,7.138,7.6636,0.5256
train,2007-07-24,6.874,6.9605,0.0865
train,2007-07-25,6.766,6.6811,-0.0849
train,2007-07-26,6.838,6.8106,-0.0274
train,2007-07-27,8.768,9.2609,0.4929
train,2007-07-28,7.622,8.1134,0.4914
train,2007-07-29,6.482,6.5459,0.0639
train,2007-07-30,8.038,8.0398,0.0018
train,2007-07-31,7.618,7.7061,0.0881
train,2007-08-01,6.586,6.6427,0.0567
train,2007-08-02,9.318,9.3257,0.0077
train,2007-08-03,8.288,8.1867,-0.1013
train,2007-08-04,8.218,7.9925,-0.2255
train,2007-08-05,7.166,7.1603,-0.0057
train,2007-08-06,8.188,8.3234,0.1354
train,2007-08-07,6.378,6.5247,0.1467
train,2007-08-08,6.908,6.9056,-0.0024
train,2007-08-09,6.608,6.5676,-0.0404
train,2007-08-10,7.688,6.9945,-0.6935
train,2007-08-11,7.948,7.9615,0.0135
train,2007-08-12,8.858,9.197,0.339
train,2007-08-13,9.248,8.5387,-0.7093
train,2007-08-14,6.646,6.6282,-0.0178
train,2007-08-15,6.36,6.3948,0.0348
train,2007-08-16,7.078,7.1226,0.0446
train,2007-08-17,6.358,6.2926,-0.0654
train,2007-08-18,10.678,10.0614,-0.6166
train,2007-08-19,7.008,6.9924,-0.0156
train,2007-08-20,6.858,6.8767,0.0187
train,2007-08-21,6.726,6.9144,0.1884
train,2007-08-22,6.808,6.8735,0.0655
train,2007-08-23,5.908,5.9351,0.0271
train,2007-08-24,6.638,6.5712,-0.0668
train,2007-08-25,6.94,6.9805,0.0405
train,2007-08-26,6.978,6.8967,-0.0813
train,2007-08-27,6.764,6.7688,0.0048
train,2007-08-28,7.458,7.3753,-0.0827
train,2007-08-29,7.118,7.1872,0.0692
train,2007-08-30,7.578,7.7183,0.1403
train,2007-08-31,7.806,7.7077,-0.0983
train,2007-09-01,6.642,5.9212,-0.7208
train,2007-09-02,8.018,7.8047,-0.2133
train,2007-09-03,7.298,7.3958,0.0978
train,2007-09-04,7.446,7.4591,0.0131
train,2007-09-05,6.998,6.9075,-0.0905
train,2007-09-06,7.878,7.9479,0.0699
train,2007-09-07,6.728,6.8044,0.0764
train,2007-09-08,6.838,6.8705,0.0325
train,2007-09-09,6.778,6.7349,-0.0431
train,2007-09-10,7.628,7.6502,0.0222
train,2007-09-11,7.198,7.163,-0.035
train,2007-09-12,7.028,7.0137,-0.0143
train,2007-09-13,6.548,6.557,0.009
train,2007-09-14,7.288,7.2259,-0.0621
train,2007-09-15,6.998,7.0215,0.0235
train,2007-09-16,6.904,6.9059,0.0019
train,2007-09-17,6.948,6.8665,-0.0815
train,2007-09-18,6.094,6.309,0.215
train,2007-09-19,6.678,6.696,0.018
train,2007-09-20,6.242,6.1543,-0.0877
train,2007-09-21,8.478,8.4649,-0.0131
train,2007-09-22,7.478,7.4538,-0.0242
train,2007-09-23,6.908,6.9124,0.0044
train,2007-09-24,7.006,7.0555,0.0495
train,2007-09-25,8.246,8.2423,-0.0037
train,2007-09-26,7.508,7.5516,0.0436
train,2007-09-27,6.824,6.8257,0.0017
train,2007-09-28,6.454,6.5934,0.1394
train,2007-09-29,8.342,8.1506,-0.1914
train,2007-09-30,6.794,6.8101,0.0161
train,2007-10-01,6.838,6.8433,0.0053
train,2007-10-02,8.078,8.3111,0.2331
train,2007-10-03,8.688,8.9849,0.2969
train,2007-10-04,8.408,8.4728,0.0648
train,2007-10-05,9.378,8.8211,-0.5569
train,2007-10-06,7.048,7.1747,0.1267
train,2007-10-07,6.348,6.2305,-0.1175
train,2007-10-08,7.148,7.128,-0.02
train,2007-10-09,7.438,7.4413,0.0033
train,2007-10-10,5.776,5.8141,0.0381
train,2007-10-11,7.888,8.0029,0.1149
train,2007-10-12,6.878,6.901,0.023
train,2007-10-13,6.302,6.248,-0.054
train,2007-10-14,7.188,7.1274,-0.0606
train,2007-10-15,6.628,6.7852,0.1572
train,2007-10-16,7.028,7.1089,0.0809
train,2007-10-17,8.574,8.5985,0.0245
train,2007-10-18,7.618,7.6587,0.0407
train,2007-10-19,6.744,6.7925,0.0485
train,2007-10-20,7.068,7.0037,-0.0643
train,2007-10-21,7.048,6.977,-0.071
train,2007-10-22,6.458,6.5318,0.0738
train,2007-10-23,6.738,7.1653,0.4273
train,2007-10-24,7.302,7.3395,0.0375
train,2007-10-25,6.61,6.5969,-0.0131
train,2007-10-26,7.868,7.7995,-0.0685
train,2007-10-27,8.168,7.7015,-0.4665
train,2007-10-28,7.678,7.9083,0.2303
train,2007-10-29,11.098,10.9308,-0.1672
train,2007-10-30,8.234,8.5128,0.2788
train,2007-10-31,6.918,6.9594,0.0414
train,2007-11-01,8.038,8.0432,0.0052
train,2007-11-02,6.588,6.5358,-0.0522
train,2007-11-03,7.256,7.2751,0.0191
train,2007-11-04,8.088,8.1512,0.0632
train,2007-11-05,7.818,8.3513,0.5333
train,2007-11-06,6.668,6.6885,0.0205
train,2007-11-07,7.026,7.5404,0.5144
train,2007-11-08,8.848,9.0569,0.2089
train,2007-11-09,6.524,6.4997,-0.0243
train,2007-11-10,6.382,6.4463,0.0643
train,2007-11-11,7.628,7.7344,0.1064
train,2007-11-12,6.998,7.0783,0.0803
train,2007-11-13,6.928,7.0151,0.0871
train,2007-11-14,7.668,7.5569,-0.1111
train,2007-11-15,6.768,6.8228,0.0548
train,2007-11-16,7.726,7.8316,0.1056
train,2007-11-17,6.588,6.4725,-0.1155
train,2007-11-18,6.768,6.7505,-0.0175
train,2007-11-19,8.408,8.4346,0.0266
train,2007-11-20,8.334,8.5824,0.2484
train,2007-11-21,7.128,7.1313,0.0033
train,2007-11-22,8.288,8.4434,0.1554
train,2007-11-23,8.378,8.1069,-0.2711
train,2007-11-24,6.988,7.0112,0.0232
train,2007-11-25,8.086,7.9158,-0.1702
train,2007-11-26,7.168,7.1407,-0.0273
train,2007-11-27,9.098,9.2039,0.1059
train,2007-11-28,7.436,7.7835,0.3475
train,2007-11-29,6.518,6.5917,0.0737
train,2007-11-30,6.48,6.4323,-0.0477
train,2007-12-01,6.948,6.8656,-0.0824
train,2007-12-02,7.128,7.2629,0.1349
train,2007-12-03,9.478,9.9326,0.4546
train,2007-12-04,6.698,6.7013,0.0033
train,2007-12-05,6.404,6.4371,0.0331
train,2007-12-06,8.578,8.5436,-0.0344
train,2007-12-07,6.848,6.8845,0.0365
train,2007-12-08,6.356,6.2431,-0.1129
train,2007-12-09,6.2,6.2938,0.0938
train,2007-12-10,6.738,6.7603,0.0223
train,2007-12-11,7.238,7.2626,0.0246
train,2007-12-12,7.448,7.511,0.063
train,2007-12-13,6.638,6.5439,-0.0941
train,2007-12-14,7.498,7.5191,0.0211
train,2007-12-15,9.648,9.8964,0.2484
train,2007-12-16,8.968,9.0862,0.1182
train,2007-12-17,7.068,7.0836,0.0156
train,2007-12-18,7.048,7.0838,0.0358
train,2007-12-19,9.668,10.4888,0.8208
train,2007-12-20,7.828,7.5973,-0.2307
train,2007-12-21,9.278,9.364,0.086
train,2007-12-22,6.73,6.742,0.012
train,2007-12-23,7.018,7.0586,0.0406
train,2007-12-24,7.138,7.1064,-0.0316
train,2007-12-25,7.138,7.1356,-0.0024
train,2007-12-26,6.86,7.0648,0.2048
train,2007-12-27,7.548,7.2683,-0.2797
train,2007-12-28,7.448,7.4042,-0.0438
train,2007-12-29,10.828,10.8325,0.0045
train,2007-12-30,6.368,6.4275,0.0595
train,2007-12-31,7.318,7.0385,-0.2795
train,2008-01-01,6.848,6.6554,-0.1926
train,2008-01-02,6.468,6.388,-0.08
train,2008-01-03,6.76,6.7862,0.0262
train,2008-01-04,7.398,7.4232,0.0252
train,2008-01-05,6.328,6.2891,-0.0389
train,2008-01-06,7.678,7.8667,0.1887
train,2008-01-07,6.968,6.9508,-0.0172
train,2008-01-08,6.858,6.9586,0.1006
train,2008-01-09,8.238,8.1608,-0.0772
train,2008-01-10,7.338,7.3689,0.0309
train,2008-01-11,7.098,7.0944,-0.0036
train,2008-01-12,7.894,7.9543,0.0603
train,2008-01-13,6.902,6.9229,0.0209
train,2008-01-14,6.46,6.4505,-0.0095
train,2008-01-15,8.958,9.1162,0.1582
train,2008-01-16,8.218,8.7763,0.5583
train,2008-01-17,7.298,7.3057,0.0077
train,2008-01-18,8.158,8.4232,0.2652
train,2008-01-19,8.028,8.1398,0.1118
train,2008-01-20,6.948,7.0877,0.1397
train,2008-01-21,6.948,7.1019,0.1539
train,2008-01-22,7.178,7.2308,0.0528
train,2008-01-23,7.058,7.117,0.059
train,2008-01-24,7.972,8.2707,0.2987
train,2008-01-25,7.288,7.3283,0.0403
train,2008-01-26,7.498,7.5273,0.0293
train,2008-01-27,7.856,7.7802,-0.0758
train,2008-01-28,6.286,6.34,0.054
train,2008-01-29,6.482,6.2002,-0.2818
train,2008-01-30,8.436,6.8514,-1.5846
train,2008-01-31,6.43,6.4688,0.0388
train,2008-02-01,6.64,6.6726,0.0326
train,2008-02-02,7.808,7.8511,0.0431
train,2008-02-03,7.568,7.8333,0.2653
train,2008-02-04,6.398,6.5474,0.1494
train,2008-02-05,6.076,6.0823,0.0063
train,2008-02-06,6.524,6.5898,0.0658
train,2008-02-07,8.248,8.5352,0.2872
train,2008-02-08,6.354,6.3371,-0.0169
train,2008-02-09,7.788,7.8205,0.0325
train,2008-02-10,8.438,8.4187,-0.0193
train,2008-02-11,8.648,8.7907,0.1427
train,2008-02-12,8.738,8.7324,-0.0056
train,2008-02-13,7.938,8.4291,0.4911
train,2008-02-14,6.948,7.0671,0.1191
train,2008-02-15,6.488,6.4787,-0.0093
train,2008-02-16,9.126,7.9931,-1.1329
train,2008-02-17,6.358,6.3004,-0.0576
train,2008-02-18,8.268,8.1241,-0.1439
train,2008-02-19,7.228,6.9649,-0.2631
train,2008-02-20,8.588,8.5818,-0.0062
train,2008-02-21,6.624,6.8137,0.1897
train,2008-02-22,6.828,6.8459,0.0179
train,2008-02-23,6.252,6.3026,0.0506
train,2008-02-24,6.502,6.472,-0.03
train,2008-02-25,7.048,7.1128,0.0648
train,2008-02-26,8.818,8.7912,-0.0268
train,2008-02-27,6.988,7.0119,0.0239
train,2008-02-28,8.598,8.6776,0.0796
train,2008-02-29,6.598,6.6488,0.0508
train,2008-03-01,7.092,7.0374,-0.0546
train,2008-03-02,8.008,8.0788,0.0708
train,2008-03-03,9.628,9.8237,0.1957
train,2008-03-04,7.288,7.3391,0.0511
train,2008-03-05,6.788,6.77,-0.018
train,2008-03-06,7.688,7.7317,0.0437
train,2008-03-07,7.658,7.656,-0.002
train,2008-03-08,6.712,6.705,-0.007
train,2008-03-09,6.676,6.664,-0.012
train,2008-03-10,6.67,6.7547,0.0847
train,2008-03-11,7.428,7.4152,-0.0128
train,2008-03-12,7.268,7.2856,0.0176
train,2008-03-13,6.208,6.3093,0.1013
train,2008-03-14,6.198,6.2015,0.0035
train,2008-03-15,8.028,8.0065,-0.0215
train,2008-03-16,6.518,6.5415,0.0235
train,2008-03-17,6.362,6.3103,-0.0517
train,2008-03-18,7.302,7.5378,0.2358
train,2008-03-19,6.598,6.6409,0.0429
train,2008-03-20,6.938,6.8954,-0.0426
train,2008-03-21,6.878,6.8567,-0.0213
train,2008-03-22,7.038,7.0397,0.0017
train,2008-03-23,6.874,6.8743,0.0003
train,2008-03-24,7.044,7.1011,0.0571
train,2008-03-25,6.908,6.8965,-0.0115
train,2008-03-26,7.218,7.2417,0.0237
train,2008-03-27,6.222,6.2304,0.0084
train,2008-03-28,6.552,6.5343,-0.0177
train,2008-03-29,6.202,6.629,0.427
train,2008-03-30,7.588,7.4198,-0.1682
train,2008-03-31,6.428,6.395,-0.033
train,2008-04-01,7.808,7.2744,-0.5336
train,2008-04-02,7.048,7.027,-0.021
train,2008-04-03,6.888,6.5746,-0.3134
train,2008-04-04,6.574,6.5566,-0.0174
train,2008-04-05,7.026,7.043,0.017
train,2008-04-06,7.768,7.4082,-0.3598
train,2008-04-07,6.878,6.8501,-0.0279
train,2008-04-08,9.078,8.8883,-0.1897
train,2008-04-09,10.194,7.3589,-2.8351
train,2008-04-10,9.408,9.0916,-0.3164
train,2008-04-11,7.968,7.9589,-0.0091
train,2008-04-12,8.748,8.7077,-0.0403
train,2008-04-13,7.338,7.3916,0.0536
train,2008-04-14,8.038,7.9346,-0.1034
train,2008-04-15,6.494,6.5113,0.0173
train,2008-04-16,7.598,7.5632,-0.0348
train,2008-04-17,6.438,6.4949,0.0569
train,2008-04-18,6.55,6.6137,0.0637
train,2008-04-19,6.484,6.4851,0.0011
train,2008-04-20,6.566,6.2502,-0.3158
train,2008-04-21,7.878,7.9091,0.0311
train,2008-04-22,6.578,6.4254,-0.1526
train,2008-04-23,8.218,8.3729,0.1549
train,2008-04-24,7.138,7.165,0.027
train,2008-04-25,6.886,6.8206,-0.0654
train,2008-04-26,7.098,7.1019,0.0039
train,2008-04-27,6.578,6.279,-0.299
train,2008-04-28,7.008,6.9662,-0.0418
train,2008-04-29,6.508,6.4409,-0.0671
train,2008-04-30,8.318,8.29,-0.028
train,2008-05-01,6.378,6.3728,-0.0052
train,2008-05-02,6.448,6.6277,0.1797
train,2008-05-03,7.308,7.1408,-0.1672
train,2008-05-04,6.724,6.7365,0.0125
train,2008-05-05,6.628,6.5848,-0.0432
train,2008-05-06,6.798,6.7743,-0.0237
train,2008-05-07,7.248,7.2907,0.0427
train,2008-05-08,7.638,7.8225,0.1845
train,2008-05-09,6.658,6.7869,0.1289
train,2008-05-10,7.188,7.2044,0.0164
train,2008-05-11,7.908,7.9381,0.0301
train,2008-05-12,7.048,7.0764,0.0284
train,2008-05-13,11.258,11.0332,-0.2248
train,2008-05-14,6.596,6.4653,-0.1307
train,2008-05-15,7.068,7.119,0.051
train,2008-05-16,6.888,6.8132,-0.0748
train,2008-05-17,6.77,6.7116,-0.0584
train,2008-05-18,7.858,7.8366,-0.0214
train,2008-05-19,6.508,6.5419,0.0339
train,2008-05-20,8.438,8.3742,-0.0638
train,2008-05-21,6.716,6.8221,0.1061
train,2008-05-22,6.24,6.177,-0.063
train,2008-05-23,5.908,5.9648,0.0568
train,2008-05-24,7.128,7.081,-0.047
train,2008-05-25,7.874,7.0202,-0.8538
train,2008-05-26,6.548,6.6125,0.0645
train,2008-05-27,6.988,6.9747,-0.0133
train,2008-05-28,6.908,6.9194,0.0114
train,2008-05-29,8.178,8.0296,-0.1484
train,2008-05-30,6.938,7.0018,0.0638
train,2008-05-31,6.968,6.7572,-0.2108
train,2008-06-01,7.338,7.2988,-0.0392
train,2008-06-02,7.428,7.4629,0.0349
train,2008-06-03,8.262,8.1869,-0.0751
train,2008-06-04,6.868,6.8379,-0.0301
train,2008-06-05,6.746,6.8549,0.1089
train,2008-06-06,7.646,7.5605,-0.0855
train,2008-06-07,7.558,7.5,-0.058
train,2008-06-08,8.748,8.9548,0.2068
train,2008-06-09,6.698,6.7053,0.0073
train,2008-06-10,7.258,7.2659,0.0079
train,2008-06-11,7.622,6.9323,-0.6897
train,2008-06-12,6.738,6.723,-0.015
train,2008-06-13,7.528,7.4563,-0.0717
train,2008-06-14,7.228,7.2412,0.0132
train,2008-06-15,8.808,8.7874,-0.0206
train,2008-06-16,7.928,7.9677,0.0397
train,2008-06-17,7.318,7.3175,-0.0005
train,2008-06-18,7.668,7.6282,-0.0398
train,2008-06-19,6.958,6.9777,0.0197
train,2008-06-20,7.798,7.9398,0.1418
train,2008-06-21,8.082,8.2021,0.1201
train,2008-06-22,7.078,7.0813,0.0033
train,2008-06-23,6.868,6.8957,0.0277
train,2008-06-24,7.218,7.2907,0.0727
train,2008-06-25,8.55,7.2222,-1.3278
train,2008-06-26,7.736,8.0313,0.2953
train,2008-06-27,8.382,8.4063,0.0243
val,2008-12-25,6.478,6.4379,-0.0401
val,2008-12-26,6.516,6.4435,-0.0725
val,2008-12-27,6.524,6.4615,-0.0625
val,2008-12-28,6.512,6.5007,-0.0113
val,2008-12-29,6.476,6.4935,0.0175
val,2008-12-30,6.434,6.4637,0.0297
val,2008-12-31,6.416,6.4367,0.0207
val,2009-01-01,6.374,6.4221,0.0481
val,2009-01-02,6.362,6.3875,0.0255
val,2009-01-03,6.352,6.3779,0.0259
val,2009-01-04,6.316,6.3714,0.0554
val,2009-01-05,6.24,6.3535,0.1135
val,2009-01-06,6.234,6.3219,0.0879
val,2009-01-07,6.256,6.2953,0.0393
val,2009-01-08,6.198,6.2828,0.0848
val,2009-01-09,6.21,6.2577,0.0477
val,2009-01-10,6.288,6.2494,-0.0386
val,2009-01-11,6.368,6.2629,-0.1051
val,2009-01-12,6.338,6.2999,-0.0381
val,2009-01-13,6.284,6.3219,0.0379
val,2009-01-14,6.348,6.3198,-0.0282
val,2009-01-15,6.328,6.3326,0.0046
val,2009-01-16,6.284,6.3262,0.0422
val,2009-01-17,6.328,6.308,-0.02
val,2009-01-18,6.324,6.3104,-0.0136
val,2009-01-19,6.318,6.306,-0.012
val,2009-01-20,6.344,6.295,-0.049
val,2009-01-21,6.28,6.2968,0.0168
val,2009-01-22,6.278,6.2893,0.0113
val,2009-01-23,6.31,6.2675,-0.0425
val,2009-01-24,6.308,6.2677,-0.0403
val,2009-01-25,6.304,6.2834,-0.0206
val,2009-01-26,6.278,6.3128,0.0348
val,2009-01-27,6.282,6.3032,0.0212
val,2009-01-28,6.248,6.2836,0.0356
val,2009-01-29,6.238,6.2589,0.0209
val,2009-01-30,6.228,6.2479,0.0199
val,2009-01-31,6.228,6.2173,-0.0107
val,2009-02-01,6.214,6.2062,-0.0078
val,2009-02-02,6.15,6.1994,0.0494
val,2009-02-03,6.188,6.1829,-0.0051
val,2009-02-04,6.208,6.1782,-0.0298
val,2009-02-05,6.256,6.1803,-0.0757
val,2009-02-06,6.202,6.1891,-0.0129
val,2009-02-07,6.168,6.1813,0.0133
val,2009-02-08,6.172,6.1658,-0.0062
val,2009-02-09,6.188,6.1616,-0.0264
val,2009-02-10,6.182,6.156,-0.026
val,2009-02-11,6.176,6.1483,-0.0277
val,2009-02-12,6.19,6.1387,-0.0513
val,2009-02-13,6.188,6.1386,-0.0494
val,2009-02-14,6.138,6.1443,0.0063
val,2009-02-15,5.9,6.1366,0.2366
val,2009-02-16,5.958,6.0627,0.1047
val,2009-02-17,6.088,6.0242,-0.0638
val,2009-02-18,6.114,6.0194,-0.0946
val,2009-02-19,6.08,6.0248,-0.0552
val,2009-02-20,6.14,6.039,-0.101
val,2009-02-21,6.01,6.0696,0.0596
val,2009-02-22,6.058,6.0421,-0.0159
val,2009-02-23,6.112,6.022,-0.09
val,2009-02-24,6.048,6.0284,-0.0196
val,2009-02-25,6.096,6.013,-0.083
val,2009-02-26,6.064,6.0706,0.0066
val,2009-02-27,6.086,6.0734,-0.0126
val,2009-02-28,6.036,6.0683,0.0323
val,2009-03-01,5.948,6.0348,0.0868
val,2009-03-02,5.914,5.9747,0.0607
val,2009-03-03,5.908,5.9578,0.0498
val,2009-03-04,5.898,5.9071,0.0091
val,2009-03-05,5.898,5.9147,0.0167
val,2009-03-06,5.926,5.935,0.009
val,2009-03-07,5.956,5.9486,-0.0074
val,2009-03-08,6.158,5.9448,-0.2132
val,2009-03-09,6.188,5.9917,-0.1963
val,2009-03-10,6.178,6.0238,-0.1542
val,2009-03-11,6.166,6.0757,-0.0903
val,2009-03-12,6.114,6.0953,-0.0187
val,2009-03-13,6.11,6.069,-0.041
val,2009-03-14,6.178,6.0692,-0.1088
val,2009-03-15,6.192,6.0652,-0.1268
val,2009-03-16,6.148,6.0805,-0.0675
val,2009-03-17,6.128,6.1018,-0.0262
val,2009-03-18,6.048,6.1037,0.0557
val,2009-03-19,6.086,6.0564,-0.0296
val,2009-03-20,6.086,6.0457,-0.0403
val,2009-03-21,6.028,6.0427,0.0147
val,2009-03-22,5.98,6.0271,0.0471
val,2009-03-23,6.068,6.0211,-0.0469
val,2009-03-24,6.078,6.0421,-0.0359
val,2009-03-25,6.028,6.0445,0.0165
val,2009-03-26,5.974,6.0282,0.0542
val,2009-03-27,5.972,6.0178,0.0458
val,2009-03-28,6.136,6.0497,-0.0863
val,2009-03-29,6.04,6.1433,0.1033
val,2009-03-30,6.054,6.107,0.053
val,2009-03-31,6.148,6.1847,0.0367
val,2009-04-01,6.278,6.2939,0.0159
val,2009-04-02,6.27,6.3412,0.0712
val,2009-04-03,5.99,6.2423,0.2523
val,2009-04-04,6.018,6.1097,0.0917
val,2009-04-05,6.276,6.074,-0.202
val,2009-04-06,6.258,6.1603,-0.0977
val,2009-04-07,6.148,6.158,0.01
val,2009-04-08,6.108,6.099,-0.009
val,2009-04-09,6.026,6.0858,0.0598
val,2009-04-10,6.028,6.059,0.031
val,2009-04-11,6.288,6.0331,-0.2549
val,2009-04-12,6.008,6.0999,0.0919
val,2009-04-13,5.934,6.0429,0.1089
val,2009-04-14,6.036,6.0008,-0.0352
val,2009-04-15,6.018,5.9939,-0.0241
val,2009-04-16,5.948,5.9755,0.0275
val,2009-04-17,5.988,5.9834,-0.0046
val,2009-04-18,6.762,6.2388,-0.5232
val,2009-04-19,7.104,6.6151,-0.4889
val,2009-04-20,6.404,6.8503,0.4463
val,2009-04-21,6.194,6.4916,0.2976
val,2009-04-22,6.168,6.3438,0.1758
val,2009-04-23,6.148,6.2352,0.0872
val,2009-04-24,6.132,6.1375,0.0055
val,2009-04-25,6.05,6.0493,-0.0007
val,2009-04-26,5.888,6.0128,0.1248
val,2009-04-27,5.878,5.9762,0.0982
val,2009-04-28,5.912,5.9249,0.0129
val,2009-04-29,5.952,5.9033,-0.0487
val,2009-04-30,5.934,5.9101,-0.0239
val,2009-05-01,5.928,5.9371,0.0091
val,2009-05-02,5.97,6.0152,0.0452
val,2009-05-03,6.342,6.1928,-0.1492
val,2009-05-04,6.424,6.4052,-0.0188
val,2009-05-05,6.648,6.4474,-0.2006
val,2009-05-06,6.268,6.4618,0.1938
val,2009-05-07,6.178,6.2726,0.0946
val,2009-05-08,6.128,6.2143,0.0863
val,2009-05-09,6.048,6.1441,0.0961
val,2009-05-10,6.006,6.0599,0.0539
val,2009-05-11,5.958,6.0205,0.0625
val,2009-05-12,5.938,5.9963,0.0583
val,2009-05-13,5.888,5.9882,0.1002
val,2009-05-14,5.926,5.9711,0.0451
val,2009-05-15,6.178,6.0629,-0.1151
val,2009-05-16,6.186,6.1629,-0.0231
val,2009-05-17,6.268,6.1725,-0.0955
val,2009-05-18,6.252,6.2868,0.0348
val,2009-05-19,6.354,6.3898,0.0358
val,2009-05-20,6.51,6.4133,-0.0967
val,2009-05-21,6.318,6.3671,0.0491
val,2009-05-22,6.218,6.2621,0.0441
val,2009-05-23,6.15,6.2191,0.0691
val,2009-05-24,6.374,6.1798,-0.1942
val,2009-05-25,6.794,6.4274,-0.3666
val,2009-05-26,6.594,7.1015,0.5075
val,2009-05-27,9.358,6.9676,-2.3904
val,2009-05-28,8.662,8.6719,0.0099
val,2009-05-29,7.728,8.0611,0.3331
val,2009-05-30,7.298,7.5301,0.2321
val,2009-05-31,6.988,7.2733,0.2853
val,2009-06-01,6.84,7.0563,0.2163
val,2009-06-02,6.948,7.0097,0.0617
val,2009-06-03,7.018,6.9159,-0.1021
val,2009-06-04,6.942,6.8963,-0.0457
val,2009-06-05,6.68,6.8397,0.1597
val,2009-06-06,6.59,6.6409,0.0509
val,2009-06-07,6.654,6.7187,0.0647
val,2009-06-08,7.016,6.9711,-0.0449
val,2009-06-09,6.78,6.9126,0.1326
val,2009-06-10,6.708,6.574,-0.134
val,2009-06-11,7.26,6.669,-0.591
val,2009-06-12,6.88,7.2058,0.3258
val,2009-06-13,6.73,6.8486,0.1186
val,2009-06-14,6.654,6.7315,0.0775
val,2009-06-15,6.544,6.6627,0.1187
val,2009-06-16,6.908,6.6174,-0.2906
val,2009-06-17,7.022,6.8432,-0.1788
val,2009-06-18,6.608,6.8519,0.2439
val,2009-06-19,6.488,6.5987,0.1107
val,2009-06-20,6.47,6.6359,0.1659
val,2009-06-21,6.58,6.5687,-0.0113
val,2009-06-22,6.564,6.5056,-0.0584
val,2009-06-23,6.386,6.462,0.076
val,2009-06-24,6.238,6.3389,0.1009
val,2009-06-25,6.104,6.2509,0.1469
val,2009-06-26,6.39,6.2064,-0.1836
val,2009-06-27,6.492,6.3122,-0.1798
val,2009-06-28,6.368,6.4585,0.0905
val,2009-06-29,6.718,6.4355,-0.2825
val,2009-06-30,7.088,6.8281,-0.2599
val,2009-07-01,9.324,7.3105,-2.0135
val,2009-07-02,10.268,9.7729,-0.4951
val,2009-07-03,9.788,10.5029,0.7149
val,2009-07-04,9.536,9.6563,0.1203
val,2009-07-05,8.91,9.1582,0.2482
val,2009-07-06,8.198,8.6271,0.4291
val,2009-07-07,7.86,8.1175,0.2575
val,2009-07-08,7.708,7.7967,0.0887
val,2009-07-09,7.508,7.604,0.096
val,2009-07-10,7.386,7.4289,0.0429
val,2009-07-11,7.182,7.3146,0.1326
val,2009-07-12,6.962,7.184,0.222
val,2009-07-13,6.906,7.0199,0.1139
val,2009-07-14,6.884,6.9177,0.0337
val,2009-07-15,6.96,6.8364,-0.1236
val,2009-07-16,7.008,6.9453,-0.0627
val,2009-07-17,6.928,7.0729,0.1449
val,2009-07-18,6.898,6.9992,0.1012
val,2009-07-19,6.844,6.9725,0.1285
val,2009-07-20,7.314,6.9045,-0.4095
val,2009-07-21,6.974,7.1318,0.1578
val,2009-07-22,6.816,6.899,0.083
val,2009-07-23,6.84,6.8594,0.0194
val,2009-07-24,6.824,6.8917,0.0677
val,2009-07-25,6.678,6.7964,0.1184
val,2009-07-26,6.588,6.6657,0.0777
val,2009-07-27,6.5,6.5858,0.0858
val,2009-07-28,6.8,6.6823,-0.1177
val,2009-07-29,8.764,7.2259,-1.5381
val,2009-07-30,9.358,9.2131,-0.1449
val,2009-07-31,8.804,9.3893,0.5853
val,2009-08-01,8.808,8.6139,-0.1941
val,2009-08-02,8.476,8.6938,0.2178
val,2009-08-03,8.358,8.3211,-0.0369
val,2009-08-04,8.406,8.281,-0.125
val,2009-08-05,7.908,8.3329,0.4249
val,2009-08-06,7.546,7.8663,0.3203
val,2009-08-07,7.578,7.5574,-0.0206
val,2009-08-08,8.834,7.6039,-1.2301
val,2009-08-09,8.548,8.7149,0.1669
val,2009-08-10,7.94,8.128,0.188
val,2009-08-11,7.594,7.5373,-0.0567
val,2009-08-12,7.44,7.45,0.01
val,2009-08-13,7.354,7.5092,0.1552
val,2009-08-14,7.328,7.5409,0.2129
val,2009-08-15,7.242,7.4363,0.1943
val,2009-08-16,7.262,7.5502,0.2882
val,2009-08-17,7.394,7.3687,-0.0253
val,2009-08-18,7.592,7.3937,-0.1983
val,2009-08-19,7.828,7.6577,-0.1703
val,2009-08-20,8.188,8.0245,-0.1635
val,2009-08-21,8.184,8.5946,0.4106
val,2009-08-22,9.514,8.4389,-1.0751
val,2009-08-23,8.688,9.9006,1.2126
val,2009-08-24,8.294,8.2629,-0.0311
val,2009-08-25,8.364,8.016,-0.348
val,2009-08-26,7.978,8.1044,0.1264
val,2009-08-27,7.728,7.8055,0.0775
val,2009-08-28,7.536,7.8373,0.3013
val,2009-08-29,7.322,7.4314,0.1094
val,2009-08-30,7.658,7.2652,-0.3928
val,2009-08-31,7.754,7.5814,-0.1726
val,2009-09-01,8.012,7.6789,-0.3331
val,2009-09-02,7.738,7.809,0.071
val,2009-09-03,8.104,7.705,-0.399
val,2009-09-04,8.14,8.0359,-0.1041
val,2009-09-05,8.268,8.0329,-0.2351
val,2009-09-06,8.022,8.1723,0.1503
val,2009-09-07,7.72,7.796,0.076
val,2009-09-08,7.51,7.7057,0.1957
val,2009-09-09,8.184,7.9611,-0.2229
val,2009-09-10,7.672,8.8177,1.1457
val,2009-09-11,7.99,7.6102,-0.3798
val,2009-09-12,7.768,7.8003,0.0323
val,2009-09-13,7.398,7.5315,0.1335
val,2009-09-14,7.174,7.3717,0.1977
val,2009-09-15,7.42,7.322,-0.098
val,2009-09-16,7.718,7.6637,-0.0543
val,2009-09-17,7.582,7.7208,0.1388
val,2009-09-18,7.512,7.45,-0.062
val,2009-09-19,7.268,7.4989,0.2309
val,2009-09-20,7.056,7.3537,0.2977
val,2009-09-21,6.91,7.2291,0.3191
val,2009-09-22,6.952,7.1864,0.2344
val,2009-09-23,6.978,7.528,0.55
val,2009-09-24,7.146,7.4032,0.2572
val,2009-09-25,6.984,7.2599,0.2759
val,2009-09-26,6.85,6.9747,0.1247
val,2009-09-27,6.818,6.8684,0.0504
val,2009-09-28,6.758,6.8544,0.0964
val,2009-09-29,6.752,6.7957,0.0437
val,2009-09-30,6.744,6.716,-0.028
val,2009-10-01,6.99,6.6782,-0.3118
val,2009-10-02,6.748,6.7639,0.0159
val,2009-10-03,6.728,6.7119,-0.0161
val,2009-10-04,6.838,6.8273,-0.0107
val,2009-10-05,7.014,7.0603,0.0463
val,2009-10-06,7.048,7.2629,0.2149
val,2009-10-07,7.14,7.2073,0.0673
val,2009-10-08,6.93,7.1768,0.2468
val,2009-10-09,7.418,7.0719,-0.3461
val,2009-10-10,9.09,7.7806,-1.3094
val,2009-10-11,8.09,8.6618,0.5718
val,2009-10-12,7.592,7.564,-0.028
val,2009-10-13,7.256,7.4037,0.1477
val,2009-10-14,7.092,7.2372,0.1452
val,2009-10-15,6.978,7.1006,0.1226
val,2009-10-16,6.88,7.1281,0.2481
val,2009-10-17,6.79,7.0783,0.2883
val,2009-10-18,6.778,7.0129,0.2349
val,2009-10-19,6.866,6.9032,0.0372
val,2009-10-20,6.812,6.855,0.043
val,2009-10-21,6.702,6.7518,0.0498
val,2009-10-22,6.63,6.6719,0.0419
val,2009-10-23,6.584,6.6145,0.0305
val,2009-10-24,6.53,6.5681,0.0381
val,2009-10-25,6.48,6.5875,0.1075
val,2009-10-26,6.438,6.5635,0.1255
val,2009-10-27,6.488,6.5224,0.0344
val,2009-10-28,6.478,6.4994,0.0214
val,2009-10-29,6.464,6.4752,0.0112
val,2009-10-30,6.442,6.4501,0.0081
val,2009-10-31,6.432,6.4206,-0.0114
val,2009-11-01,6.424,6.3967,-0.0273
val,2009-11-02,6.382,6.3622,-0.0198
val,2009-11-03,6.278,6.3343,0.0563
val,2009-11-04,6.386,6.3006,-0.0854
val,2009-11-05,6.372,6.3231,-0.0489
val,2009-11-06,6.332,6.3615,0.0295
val,2009-11-07,6.312,6.3522,0.0402
val,2009-11-08,6.354,6.3023,-0.0517
val,2009-11-09,6.338,6.287,-0.051
val,2009-11-10,6.318,6.2892,-0.0288
val,2009-11-11,6.354,6.3007,-0.0533
val,2009-11-12,6.374,6.3211,-0.0529
val,2009-11-13,6.368,6.3275,-0.0405
val,2009-11-14,6.408,6.3366,-0.0714
val,2009-11-15,6.428,6.3813,-0.0467
val,2009-11-16,6.418,6.4429,0.0249
val,2009-11-17,6.438,6.5013,0.0633
val,2009-11-18,6.458,6.5396,0.0816
val,2009-11-19,6.446,6.734,0.288
val,2009-11-20,6.414,6.5929,0.1789
val,2009-11-21,6.44,6.4467,0.0067
val,2009-11-22,6.606,6.4175,-0.1885
val,2009-11-23,6.508,6.4778,-0.0302
val,2009-11-24,6.428,6.4658,0.0378
val,2009-11-25,6.388,6.4441,0.0561
val,2009-11-26,6.368,6.4248,0.0568
val,2009-11-27,6.388,6.4018,0.0138
val,2009-11-28,6.378,6.3939,0.0159
val,2009-11-29,6.372,6.3906,0.0186
val,2009-11-30,6.368,6.3983,0.0303
val,2009-12-01,6.328,6.3984,0.0704
val,2009-12-02,6.334,6.3659,0.0319
val,2009-12-03,6.368,6.3592,-0.0088
val,2009-12-04,6.362,6.3639,0.0019
val,2009-12-05,6.348,6.374,0.026
val,2009-12-06,6.348,6.3816,0.0336
val,2009-12-07,6.376,6.3774,0.0014
val,2009-12-08,6.36,6.3832,0.0232
val,2009-12-09,6.344,6.3671,0.0231
val,2009-12-10,6.338,6.3476,0.0096
val,2009-12-11,6.34,6.3457,0.0057
val,2009-12-12,6.348,6.3467,-0.0013
val,2009-12-13,6.344,6.3404,-0.0036
val,2009-12-14,6.338,6.3345,-0.0035
val,2009-12-15,6.328,6.3346,0.0066
val,2009-12-16,6.326,6.3318,0.0058
val,2009-12-17,6.318,6.3286,0.0106
val,2009-12-18,6.308,6.3249,0.0169
val,2009-12-19,6.304,6.3233,0.0193
val,2009-12-20,6.304,6.3234,0.0194
val,2009-12-21,6.338,6.3294,-0.0086
val,2009-12-22,6.326,6.341,0.015
val,2009-12-23,6.312,6.343,0.031
val,2009-12-24,6.308,6.3405,0.0325
val,2009-12-25,6.312,6.3404,0.0284
val,2009-12-26,6.312,6.3432,0.0312
val,2009-12-27,6.308,6.3409,0.0329
val,2009-12-28,6.308,6.3403,0.0323
val,2009-12-29,6.298,6.3416,0.0436
val,2009-12-30,6.298,6.3389,0.0409
val,2009-12-31,6.298,6.33,0.032
val,2010-01-01,6.292,6.3219,0.0299
val,2010-01-02,6.288,6.3179,0.0299
val,2010-01-03,6.3,6.303,0.003
val,2010-01-04,6.338,6.2948,-0.0432
val,2010-01-05,6.332,6.3081,-0.0239
val,2010-01-06,6.298,6.3162,0.0182
val,2010-01-07,6.298,6.3127,0.0147
val,2010-01-08,6.288,6.3019,0.0139
val,2010-01-09,6.288,6.2843,-0.0037
val,2010-01-10,6.266,6.2805,0.0145
val,2010-01-11,6.228,6.2738,0.0458
val,2010-01-12,6.218,6.266,0.048
val,2010-01-13,6.208,6.2639,0.0559
val,2010-01-14,6.226,6.254,0.028
val,2010-01-15,6.228,6.2488,0.0208
val,2010-01-16,6.298,6.2573,-0.0407
val,2010-01-17,6.318,6.2726,-0.0454
val,2010-01-18,6.302,6.2843,-0.0177
val,2010-01-19,6.294,6.2851,-0.0089
val,2010-01-20,6.288,6.2941,0.0061
val,2010-01-21,6.278,6.295,0.017
val,2010-01-22,6.256,6.2729,0.0169
val,2010-01-23,6.218,6.2561,0.0381
val,2010-01-24,6.2,6.2367,0.0367
val,2010-01-25,6.174,6.2192,0.0452
val,2010-01-26,6.128,6.1926,0.0646
val,2010-01-27,6.088,6.1726,0.0846
val,2010-01-28,6.078,6.1518,0.0738
val,2010-01-29,6.062,6.1341,0.0721
val,2010-01-30,6.042,6.113,0.071
val,2010-01-31,6.042,6.0986,0.0566
val,2010-02-01,6.078,6.0946,0.0166
val,2010-02-02,6.008,6.084,0.076
val,2010-02-03,6.028,6.0662,0.0382
val,2010-02-04,6.042,6.0595,0.0175
val,2010-02-05,6.002,6.0675,0.0655
val,2010-02-06,5.968,6.0631,0.0951
val,2010-02-07,6.008,6.0525,0.0445
val,2010-02-08,6.022,6.0345,0.0125
val,2010-02-09,5.982,6.023,0.041
val,2010-02-10,5.974,5.9996,0.0256
val,2010-02-11,5.962,6.0056,0.0436
val,2010-02-12,5.948,5.9859,0.0379
val,2010-02-13,5.934,5.9689,0.0349
val,2010-02-14,5.928,5.9425,0.0145
val,2010-02-15,5.934,5.9288,-0.0052
val,2010-02-16,5.974,5.9405,-0.0335
val,2010-02-17,5.968,5.9407,-0.0273
val,2010-02-18,5.962,5.957,-0.005
val,2010-02-19,5.954,5.9773,0.0233
val,2010-02-20,5.944,5.9784,0.0344
val,2010-02-21,5.93,5.9587,0.0287
val,2010-02-22,5.954,5.9556,0.0016
val,2010-02-23,6.032,5.9474,-0.0846
val,2010-02-24,5.948,5.9522,0.0042
val,2010-02-25,5.892,5.9642,0.0722
val,2010-02-26,6.01,5.994,-0.016
val,2010-02-27,6.112,6.0342,-0.0778
val,2010-02-28,6.054,6.028,-0.026
val,2010-03-01,5.98,6.0139,0.0339
val,2010-03-02,6.03,5.9821,-0.0479
val,2010-03-03,6.038,5.9805,-0.0575
val,2010-03-04,5.986,5.9825,-0.0035
val,2010-03-05,5.97,5.986,0.016
val,2010-03-06,5.986,6.0076,0.0216
val,2010-03-07,5.936,6.0854,0.1494
val,2010-03-08,5.928,6.0296,0.1016
val,2010-03-09,5.936,5.9676,0.0316
val,2010-03-10,5.912,5.9504,0.0384
val,2010-03-11,5.898,5.9296,0.0316
val,2010-03-12,5.878,5.9167,0.0387
val,2010-03-13,5.86,5.9032,0.0432
val,2010-03-14,5.836,5.88,0.044
val,2010-03-15,5.844,5.871,0.027
val,2010-03-16,5.854,5.8916,0.0376
val,2010-03-17,5.9,5.9001,0.0001
val,2010-03-18,5.958,5.8897,-0.0683
val,2010-03-19,5.918,5.9041,-0.0139
val,2010-03-20,5.86,5.9017,0.0417
val,2010-03-21,5.85,5.8933,0.0433
val,2010-03-22,5.894,5.8713,-0.0227
val,2010-03-23,5.852,5.8705,0.0185
val,2010-03-24,5.838,5.8916,0.0536
val,2010-03-25,5.828,5.892,0.064
val,2010-03-26,5.814,5.886,0.072
val,2010-03-27,5.786,5.8704,0.0844
val,2010-03-28,5.754,5.879,0.125
val,2010-03-29,5.864,5.9648,0.1008
val,2010-03-30,6.008,6.1585,0.1505
val,2010-03-31,6.156,6.5222,0.3662
val,2010-04-01,6.334,6.8583,0.5243
val,2010-04-02,6.138,6.5567,0.4187
val,2010-04-03,5.914,6.287,0.373
val,2010-04-04,5.828,6.1805,0.3525
val,2010-04-05,5.778,6.081,0.303
val,2010-04-06,5.772,6.0009,0.2289
val,2010-04-07,5.748,5.9214,0.1734
val,2010-04-08,5.688,5.8755,0.1875
val,2010-04-09,5.682,5.856,0.174
val,2010-04-10,5.658,5.8432,0.1852
val,2010-04-11,5.612,5.8396,0.2276
val,2010-04-12,5.574,5.8188,0.2448
val,2010-04-13,5.558,5.805,0.247
val,2010-04-14,5.552,5.7765,0.2245
val,2010-04-15,5.566,5.7593,0.1933
val,2010-04-16,5.708,5.7382,0.0302
val,2010-04-17,5.618,5.7628,0.1448
val,2010-04-18,5.61,5.7526,0.1426
val,2010-04-19,5.76,5.8238,0.0638
val,2010-04-20,5.91,5.9389,0.0289
val,2010-04-21,5.862,6.0783,0.2163
val,2010-04-22,6.248,6.0334,-0.2146
val,2010-04-23,6.12,6.183,0.063
val,2010-04-24,5.74,6.1212,0.3812
val,2010-04-25,5.638,5.9561,0.3181
val,2010-04-26,5.676,5.8649,0.1889
val,2010-04-27,5.886,5.8544,-0.0316
val,2010-04-28,5.818,5.9758,0.1578
val,2010-04-29,5.738,5.9427,0.2047
val,2010-04-30,5.948,6.0051,0.0571
val,2010-05-01,6.07,6.059,-0.011
val,2010-05-02,5.978,6.0603,0.0823
val,2010-05-03,5.804,6.0546,0.2506
val,2010-05-04,5.738,5.975,0.237
val,2010-05-05,5.72,5.939,0.219
val,2010-05-06,5.67,5.9076,0.2376
val,2010-05-07,5.628,5.8673,0.2393
val,2010-05-08,5.626,5.8486,0.2226
val,2010-05-09,5.748,5.8727,0.1247
val,2010-05-10,5.818,5.9545,0.1365
val,2010-05-11,6.228,5.9631,-0.2649
val,2010-05-12,5.948,6.1609,0.2129
val,2010-05-13,5.854,6.048,0.194
val,2010-05-14,5.836,5.9881,0.1521
val,2010-05-15,5.83,5.9497,0.1197
val,2010-05-16,5.902,5.9151,0.0131
val,2010-05-17,5.898,5.9323,0.0343
val,2010-05-18,6.21,5.9181,-0.2919
val,2010-05-19,5.926,6.0501,0.1241
val,2010-05-20,5.742,6.0291,0.2871
val,2010-05-21,6.084,6.0003,-0.0837
val,2010-05-22,7.102,6.4382,-0.6638
val,2010-05-23,6.948,7.3248,0.3768
val,2010-05-24,6.568,6.9482,0.3802
val,2010-05-25,6.382,6.8496,0.4676
val,2010-05-26,6.286,6.615,0.329
val,2010-05-27,7.122,6.6767,-0.4453
val,2010-05-28,7.9,7.2877,-0.6123
val,2010-05-29,9.116,8.0009,-1.1151
val,2010-05-30,9.316,8.5571,-0.7589
val,2010-05-31,8.548,8.7676,0.2196
val,2010-06-01,8.562,8.2765,-0.2855
val,2010-06-02,7.962,8.3929,0.4309
val,2010-06-03,7.908,7.7945,-0.1135
val,2010-06-04,8.468,7.8128,-0.6552
val,2010-06-05,9.56,8.3908,-1.1692
val,2010-06-06,9.788,9.4462,-0.3418
val,2010-06-07,9.224,9.1637,-0.0603
val,2010-06-08,8.128,8.6245,0.4965
val,2010-06-09,7.852,7.8898,0.0378
val,2010-06-10,7.668,7.7492,0.0812
val,2010-06-11,7.542,7.5826,0.0406
val,2010-06-12,7.268,7.4771,0.2091
val,2010-06-13,7.888,7.4014,-0.4866
val,2010-06-14,7.878,8.4063,0.5283
val,2010-06-15,7.584,8.2431,0.6591
val,2010-06-16,7.692,7.6068,-0.0852
val,2010-06-17,7.156,7.6492,0.4932
val,2010-06-18,6.92,7.07,0.15
val,2010-06-19,7.088,7.0645,-0.0235
val,2010-06-20,6.958,7.4416,0.4836
val,2010-06-21,6.89,7.2121,0.3221
val,2010-06-22,6.978,6.9983,0.0203
val,2010-06-23,7.02,7.0331,0.0131
val,2010-06-24,6.864,7.1069,0.2429
val,2010-06-25,6.75,7.0361,0.2861
val,2010-06-26,6.862,6.918,0.056
val,2010-06-27,7.69,6.9378,-0.7522
val,2010-06-28,8.064,7.46,-0.604
val,2010-06-29,7.91,8.141,0.231
val,2010-06-30,9.796,8.2957,-1.5003
val,2010-07-01,9.234,9.7898,0.5558
val,2010-07-02,8.558,8.7538,0.1958
val,2010-07-03,8.182,8.1237,-0.0583
val,2010-07-04,7.934,7.8622,-0.0718
val,2010-07-05,7.736,7.6784,-0.0576
val,2010-07-06,7.99,7.6496,-0.3404
val,2010-07-07,7.876,7.8842,0.0082
val,2010-07-08,7.434,7.7564,0.3224
val,2010-07-09,7.326,7.3991,0.0731
val,2010-07-10,7.166,7.3908,0.2248
val,2010-07-11,7.062,7.2596,0.1976
val,2010-07-12,7.224,7.566,0.342
val,2010-07-13,7.468,8.0438,0.5758
val,2010-07-14,7.208,7.6168,0.4088
val,2010-07-15,7.014,7.1743,0.1603
val,2010-07-16,6.904,7.0549,0.1509
val,2010-07-17,6.848,6.9573,0.1093
val,2010-07-18,6.81,6.8643,0.0543
val,2010-07-19,6.656,6.8339,0.1779
val,2010-07-20,6.528,6.7407,0.2127
val,2010-07-21,6.64,6.6666,0.0266
val,2010-07-22,6.792,6.7389,-0.0531
val,2010-07-23,6.736,6.7578,0.0218
val,2010-07-24,6.676,6.7524,0.0764
val,2010-07-25,6.794,6.6854,-0.1086
val,2010-07-26,6.614,6.6925,0.0785
val,2010-07-27,6.568,6.56,-0.008
val,2010-07-28,6.542,6.5136,-0.0284
val,2010-07-29,6.112,6.4671,0.3551
val,2010-07-30,7.006,6.2825,-0.7235
val,2010-07-31,6.846,7.0542,0.2082
val,2010-08-01,7.398,7.0473,-0.3507
val,2010-08-02,6.882,7.5475,0.6655
val,2010-08-03,6.38,6.8315,0.4515
val,2010-08-04,6.554,6.5498,-0.0042
val,2010-08-05,6.54,6.6506,0.1106
val,2010-08-06,7.258,6.5732,-0.6848
val,2010-08-07,6.414,7.0041,0.5901
val,2010-08-08,6.274,6.4679,0.1939
val,2010-08-09,6.528,6.4376,-0.0904
val,2010-08-10,6.53,6.5235,-0.0065
val,2010-08-11,6.522,6.4743,-0.0477
val,2010-08-12,7.352,6.5877,-0.7643
val,2010-08-13,7.382,7.2717,-0.1103
val,2010-08-14,7.224,7.5771,0.3531
val,2010-08-15,7.028,7.4128,0.3848
val,2010-08-16,6.954,7.1175,0.1635
val,2010-08-17,6.896,7.065,0.169
val,2010-08-18,6.818,7.0199,0.2019
val,2010-08-19,6.704,6.789,0.085
val,2010-08-20,6.718,6.7785,0.0605
val,2010-08-21,6.976,6.9175,-0.0585
val,2010-08-22,6.818,7.0618,0.2438
val,2010-08-23,6.728,6.751,0.023
val,2010-08-24,6.644,6.7106,0.0666
val,2010-08-25,6.876,6.8312,-0.0448
val,2010-08-26,6.94,6.9773,0.0373
val,2010-08-27,7.084,6.8701,-0.2139
val,2010-08-28,7.062,7.1639,0.1019
val,2010-08-29,7.01,7.1724,0.1624
val,2010-08-30,7.022,6.9332,-0.0888
val,2010-08-31,7.088,6.9075,-0.1805
val,2010-09-01,6.848,7.0002,0.1522
val,2010-09-02,6.666,6.7898,0.1238
val,2010-09-03,6.348,6.6541,0.3061
val,2010-09-04,6.528,6.4811,-0.0469
val,2010-09-05,6.452,6.582,0.13
val,2010-09-06,6.458,6.4973,0.0393
val,2010-09-07,6.456,6.4674,0.0114
val,2010-09-08,6.298,6.4307,0.1327
val,2010-09-09,6.348,6.3507,0.0027
val,2010-09-10,6.328,6.4576,0.1296
val,2010-09-11,6.328,6.4846,0.1566
val,2010-09-12,6.754,6.4437,-0.3103
val,2010-09-13,6.76,6.7961,0.0361
val,2010-09-14,6.768,6.8566,0.0886
val,2010-09-15,7.256,7.0333,-0.2227
val,2010-09-16,6.812,7.3867,0.5747
val,2010-09-17,6.748,6.8059,0.0579
val,2010-09-18,6.67,6.8108,0.1408
val,2010-09-19,6.816,6.7586,-0.0574
val,2010-09-20,6.892,6.8498,-0.0422
val,2010-09-21,6.706,6.9915,0.2855
val,2010-09-22,7.27,6.8133,-0.4567
val,2010-09-23,6.972,7.2266,0.2546
val,2010-09-24,6.682,6.8668,0.1848
val,2010-09-25,6.59,6.7369,0.1469
val,2010-09-26,6.588,6.7551,0.1671
val,2010-09-27,6.66,6.8306,0.1706
val,2010-09-28,6.828,6.7948,-0.0332
val,2010-09-29,7.952,6.8685,-1.0835
val,2010-09-30,7.682,7.5845,-0.0975
val,2010-10-01,7.098,7.4877,0.3897
val,2010-10-02,6.892,7.0191,0.1271
val,2010-10-03,6.628,6.8975,0.2695
val,2010-10-04,6.588,6.7168,0.1288
val,2010-10-05,6.592,6.6589,0.0669
val,2010-10-06,7.24,6.6525,-0.5875
val,2010-10-07,7.28,7.5448,0.2648
val,2010-10-08,8.16,7.8442,-0.3158
val,2010-10-09,10.218,8.8192,-1.3988
val,2010-10-10,9.798,9.5023,-0.2957
val,2010-10-11,9.288,9.0639,-0.2241
val,2010-10-12,8.64,8.6886,0.0486
val,2010-10-13,8.226,8.3046,0.0786
val,2010-10-14,7.818,8.2402,0.4222
val,2010-10-15,7.75,7.9729,0.2229
val,2010-10-16,7.678,7.8365,0.1585
val,2010-10-17,7.442,7.5829,0.1409
val,2010-10-18,7.306,7.4877,0.1817
val,2010-10-19,7.178,7.3301,0.1521
val,2010-10-20,7.072,7.1895,0.1175
val,2010-10-21,7.034,7.1207,0.0867
val,2010-10-22,7.344,7.0426,-0.3014
val,2010-10-23,7.356,7.2367,-0.1193
val,2010-10-24,7.226,7.2842,0.0582
val,2010-10-25,7.45,7.2397,-0.2103
val,2010-10-26,7.238,7.3674,0.1294
val,2010-10-27,7.042,7.203,0.161
val,2010-10-28,6.932,7.09,0.158
val,2010-10-29,6.848,7.0024,0.1544
val,2010-10-30,6.758,6.9311,0.1731
val,2010-10-31,6.734,6.8633,0.1293
val,2010-11-01,6.686,6.8068,0.1208
val,2010-11-02,6.638,6.7456,0.1076
val,2010-11-03,6.634,6.6907,0.0567
val,2010-11-04,6.628,6.6468,0.0188
val,2010-11-05,6.644,6.6038,-0.0402
val,2010-11-06,6.616,6.569,-0.047
val,2010-11-07,6.548,6.5524,0.0044
val,2010-11-08,6.532,6.541,0.009
val,2010-11-09,6.496,6.5512,0.0552
val,2010-11-10,6.618,6.5439,-0.0741
val,2010-11-11,6.544,6.5796,0.0356
val,2010-11-12,6.53,6.5766,0.0466
val,2010-11-13,6.49,6.5819,0.0919
val,2010-11-14,6.458,6.5555,0.0975
val,2010-11-15,6.47,6.5184,0.0484
val,2010-11-16,6.452,6.491,0.039
val,2010-11-17,6.448,6.4652,0.0172
val,2010-11-18,6.448,6.4662,0.0182
val,2010-11-19,6.46,6.4564,-0.0036
val,2010-11-20,6.476,6.4814,0.0054
val,2010-11-21,6.476,6.5194,0.0434
val,2010-11-22,6.518,6.535,0.017
val,2010-11-23,6.532,6.4953,-0.0367
val,2010-11-24,6.506,6.4802,-0.0258
val,2010-11-25,6.468,6.4748,0.0068
val,2010-11-26,6.46,6.4624,0.0024
val,2010-11-27,6.454,6.4808,0.0268
val,2010-11-28,6.448,6.478,0.03
val,2010-11-29,6.458,6.4628,0.0048
val,2010-11-30,6.454,6.4533,-0.0007
val,2010-12-01,6.438,6.4399,0.0019
val,2010-12-02,6.428,6.4114,-0.0166
val,2010-12-03,6.428,6.3955,-0.0325
val,2010-12-04,6.418,6.3888,-0.0292
val,2010-12-05,6.412,6.38,-0.032
val,2010-12-06,6.428,6.4401,0.0121
val,2010-12-07,6.418,6.4851,0.0671
val,2010-12-08,6.428,6.4905,0.0625
val,2010-12-09,6.424,6.5198,0.0958
val,2010-12-10,6.536,6.7925,0.2565
val,2010-12-11,6.6,6.8223,0.2223
val,2010-12-12,6.458,6.5936,0.1356
val,2010-12-13,6.438,6.433,-0.005
val,2010-12-14,6.434,6.3984,-0.0356
val,2010-12-15,6.428,6.3851,-0.0429
val,2010-12-16,6.418,6.3782,-0.0398
val,2010-12-17,6.414,6.3743,-0.0397
val,2010-12-18,6.408,6.3842,-0.0238
val,2010-12-19,6.394,6.3942,0.0002
val,2010-12-20,6.378,6.3921,0.0141
val,2010-12-21,6.372,6.3898,0.0178
val,2010-12-22,6.358,6.3862,0.0282
val,2010-12-23,6.348,6.3878,0.0398
val,2010-12-24,6.362,6.3882,0.0262
val,2010-12-25,6.358,6.3896,0.0316
val,2010-12-26,6.348,6.3872,0.0392
val,2010-12-27,6.348,6.3787,0.0307
val,2010-12-28,6.344,6.3762,0.0322
val,2010-12-29,6.338,6.3723,0.0343
val,2010-12-30,6.35,6.3639,0.0139
val,2010-12-31,6.352,6.3597,0.0077
val,2011-01-01,6.34,6.3608,0.0208
val,2011-01-02,6.328,6.3438,0.0158
val,2011-01-03,6.328,6.3345,0.0065
val,2011-01-04,6.318,6.3363,0.0183
val,2011-01-05,6.318,6.316,-0.002
val,2011-01-06,6.308,6.3065,-0.0015
val,2011-01-07,6.288,6.2986,0.0106
val,2011-01-08,6.288,6.2885,0.0005
val,2011-01-09,6.284,6.2781,-0.0059
val,2011-01-10,6.342,6.2843,-0.0577
val,2011-01-11,6.332,6.3293,-0.0027
val,2011-01-12,6.338,6.3349,-0.0031
val,2011-01-13,6.348,6.3412,-0.0068
val,2011-01-14,6.332,6.3501,0.0181
val,2011-01-15,6.328,6.3442,0.0162
val,2011-01-16,6.334,6.3344,0.0004
val,2011-01-17,6.332,6.3564,0.0244
val,2011-01-18,6.348,6.3811,0.0331
val,2011-01-19,6.338,6.3683,0.0303
val,2011-01-20,6.314,6.3526,0.0386
val,2011-01-21,6.302,6.3377,0.0357
val,2011-01-22,6.302,6.3201,0.0181
val,2011-01-23,6.314,6.3149,0.0009
val,2011-01-24,6.348,6.3134,-0.0346
val,2011-01-25,6.312,6.3192,0.0072
val,2011-01-26,6.348,6.3109,-0.0371
val,2011-01-27,6.338,6.3186,-0.0194
val,2011-01-28,6.342,6.3154,-0.0266
val,2011-01-29,6.328,6.3249,-0.0031
val,2011-01-30,6.284,6.3228,0.0388
val,2011-01-31,6.272,6.2978,0.0258
val,2011-02-01,6.248,6.2771,0.0291
val,2011-02-02,6.252,6.2563,0.0043
val,2011-02-03,6.298,6.2429,-0.0551
val,2011-02-04,6.268,6.2449,-0.0231
val,2011-02-05,6.228,6.233,0.005
val,2011-02-06,6.17,6.2153,0.0453
val,2011-02-07,6.198,6.1874,-0.0106
val,2011-02-08,6.228,6.1721,-0.0559
val,2011-02-09,6.228,6.1664,-0.0616
val,2011-02-10,6.268,6.1659,-0.1021
val,2011-02-11,6.276,6.201,-0.075
val,2011-02-12,6.22,6.211,-0.009
val,2011-02-13,6.196,6.1995,0.0035
val,2011-02-14,6.178,6.1813,0.0033
val,2011-02-15,6.168,6.1587,-0.0093
val,2011-02-16,6.198,6.1448,-0.0532
val,2011-02-17,6.228,6.1495,-0.0785
val,2011-02-18,6.242,6.1792,-0.0628
val,2011-02-19,6.268,6.2191,-0.0489
val,2011-02-20,6.248,6.222,-0.026
val,2011-02-21,6.23,6.1987,-0.0313
val,2011-02-22,6.204,6.2419,0.0379
val,2011-02-23,6.248,6.2254,-0.0226
val,2011-02-24,6.238,6.1853,-0.0527
val,2011-02-25,6.218,6.1669,-0.0511
val,2011-02-26,6.198,6.1584,-0.0396
val,2011-02-27,6.182,6.154,-0.028
val,2011-02-28,6.17,6.1504,-0.0196
val,2011-03-01,6.2,6.1581,-0.0419
val,2011-03-02,6.228,6.1457,-0.0823
val,2011-03-03,6.222,6.1517,-0.0703
val,2011-03-04,6.198,6.1527,-0.0453
val,2011-03-05,6.148,6.1468,-0.0012
val,2011-03-06,6.178,6.1333,-0.0447
val,2011-03-07,6.194,6.1298,-0.0642
val,2011-03-08,6.188,6.1375,-0.0505
val,2011-03-09,6.178,6.1321,-0.0459
val,2011-03-10,6.168,6.1341,-0.0339
val,2011-03-11,6.162,6.1281,-0.0339
val,2011-03-12,6.158,6.1285,-0.0295
val,2011-03-13,6.164,6.1493,-0.0147
val,2011-03-14,6.168,6.1376,-0.0304
val,2011-03-15,6.158,6.1182,-0.0398
val,2011-03-16,6.16,6.1147,-0.0453
val,2011-03-17,6.172,6.1205,-0.0515
val,2011-03-18,6.172,6.1248,-0.0472
val,2011-03-19,6.178,6.1421,-0.0359
val,2011-03-20,6.168,6.1748,0.0068
val,2011-03-21,6.158,6.1885,0.0305
val,2011-03-22,6.148,6.1815,0.0335
val,2011-03-23,6.172,6.1646,-0.0074
val,2011-03-24,6.172,6.1383,-0.0337
val,2011-03-25,6.158,6.1202,-0.0378
val,2011-03-26,6.154,6.1284,-0.0256
val,2011-03-27,6.16,6.177,0.017
val,2011-03-28,6.208,6.1789,-0.0291
val,2011-03-29,6.192,6.1579,-0.0341
val,2011-03-30,6.22,6.2434,0.0234
val,2011-03-31,6.518,6.3337,-0.1843
val,2011-04-01,7.042,6.6392,-0.4028
val,2011-04-02,6.774,6.7085,-0.0655
val,2011-04-03,6.47,6.5382,0.0682
val,2011-04-04,6.398,6.4104,0.0124
val,2011-04-05,6.228,6.3445,0.1165
val,2011-04-06,6.034,6.2351,0.2011
val,2011-04-07,6.118,6.1424,0.0244
val,2011-04-08,5.988,6.0955,0.1075
val,2011-04-09,5.918,6.0636,0.1456
val,2011-04-10,5.894,6.0326,0.1386
val,2011-04-11,5.874,5.9963,0.1223
val,2011-04-12,5.968,5.9789,0.0109
val,2011-04-13,5.958,5.945,-0.013
val,2011-04-14,5.908,5.9403,0.0323
val,2011-04-15,5.94,5.9347,-0.0053
val,2011-04-16,5.958,5.9756,0.0176
val,2011-04-17,5.918,6.0029,0.0849
val,2011-04-18,5.828,5.9727,0.1447
val,2011-04-19,5.758,5.9286,0.1706
val,2011-04-20,5.796,5.9195,0.1235
val,2011-04-21,5.948,5.9611,0.0131
val,2011-04-22,5.988,6.0018,0.0138
val,2011-04-23,5.878,5.9877,0.1097
val,2011-04-24,5.898,5.9382,0.0402
val,2011-04-25,5.858,5.942,0.084
val,2011-04-26,5.788,5.9174,0.1294
val,2011-04-27,5.828,5.886,0.058
val,2011-04-28,5.994,5.8808,-0.1132
val,2011-04-29,6.128,6.0155,-0.1125
val,2011-04-30,6.028,6.1029,0.0749
val,2011-05-01,5.938,6.0473,0.1093
val,2011-05-02,5.848,6.0225,0.1745
val,2011-05-03,5.828,5.9827,0.1547
val,2011-05-04,5.898,5.9706,0.0726
val,2011-05-05,5.998,6.0931,0.0951
val,2011-05-06,6.202,6.2001,-0.0019
val,2011-05-07,6.242,6.2376,-0.0044
val,2011-05-08,6.018,6.2306,0.2126
val,2011-05-09,5.82,6.1481,0.3281
val,2011-05-10,5.808,5.9924,0.1844
val,2011-05-11,5.888,5.9157,0.0277
val,2011-05-12,6.134,5.9494,-0.1846
val,2011-05-13,6.342,6.0901,-0.2519
val,2011-05-14,6.338,6.1936,-0.1444
val,2011-05-15,6.238,6.2714,0.0334
val,2011-05-16,6.128,6.2422,0.1142
val,2011-05-17,6.078,6.1893,0.1113
val,2011-05-18,5.994,6.1888,0.1948
val,2011-05-19,5.998,6.1841,0.1861
val,2011-05-20,6.196,6.2578,0.0618
val,2011-05-21,6.078,6.6471,0.5691
val,2011-05-22,6.104,6.4188,0.3148
val,2011-05-23,6.79,6.4759,-0.3141
val,2011-05-24,6.478,7.1034,0.6254
val,2011-05-25,6.866,6.5225,-0.3435
val,2011-05-26,6.952,6.8793,-0.0727
val,2011-05-27,6.678,6.7403,0.0623
val,2011-05-28,6.3,6.5771,0.2771
val,2011-05-29,6.848,6.3752,-0.4728
val,2011-05-30,6.928,6.8129,-0.1151
val,2011-05-31,6.848,7.1066,0.2586
val,2011-06-01,6.93,6.9101,-0.0199
val,2011-06-02,7.066,6.8759,-0.1901
val,2011-06-03,7.168,6.8464,-0.3216
val,2011-06-04,6.948,6.8848,-0.0632
val,2011-06-05,6.604,6.7181,0.1141
val,2011-06-06,6.4,6.5248,0.1248
val,2011-06-07,6.188,6.4242,0.2362
val,2011-06-08,6.146,6.2951,0.1491
val,2011-06-09,6.388,6.3984,0.0104
val,2011-06-10,6.826,6.9436,0.1176
val,2011-06-11,7.022,7.0388,0.0168
val,2011-06-12,6.958,7.0818,0.1238
val,2011-06-13,6.8,6.8512,0.0512
val,2011-06-14,6.438,6.7282,0.2902
val,2011-06-15,6.41,6.5208,0.1108
val,2011-06-16,6.41,6.5314,0.1214
val,2011-06-17,6.426,6.5942,0.1682
val,2011-06-18,6.37,6.6926,0.3226
val,2011-06-19,6.482,6.6045,0.1225
val,2011-06-20,6.354,6.5247,0.1707
val,2011-06-21,6.244,6.3958,0.1518
val,2011-06-22,6.152,6.3222,0.1702
val,2011-06-23,6.136,6.2584,0.1224
val,2011-06-24,6.098,6.2823,0.1843
val,2011-06-25,6.118,6.5729,0.4549
val,2011-06-26,6.714,6.5051,-0.2089
val,2011-06-27,6.448,7.0212,0.5732
val,2011-06-28,6.566,6.6761,0.1101
val,2011-06-29,6.778,7.0377,0.2597
val,2011-06-30,8.358,7.4045,-0.9535
val,2011-07-01,8.71,9.2029,0.4929
val,2011-07-02,9.698,9.3265,-0.3715
val,2011-07-03,9.114,9.7278,0.6138
val,2011-07-04,8.3,8.94,0.64
val,2011-07-05,7.726,8.0263,0.3003
val,2011-07-06,7.39,7.5948,0.2048
val,2011-07-07,7.122,7.348,0.226
val,2011-07-08,6.902,7.1762,0.2742
val,2011-07-09,6.866,6.9611,0.0951
val,2011-07-10,6.806,6.9361,0.1301
val,2011-07-11,6.746,6.8983,0.1523
val,2011-07-12,6.628,6.8337,0.2057
val,2011-07-13,6.514,6.6906,0.1766
val,2011-07-14,6.466,6.5741,0.1081
val,2011-07-15,6.418,6.589,0.171
val,2011-07-16,6.436,6.6376,0.2016
val,2011-07-17,6.548,6.7581,0.2101
val,2011-07-18,6.51,6.8313,0.3213
val,2011-07-19,6.68,6.8545,0.1745
val,2011-07-20,6.628,7.0975,0.4695
val,2011-07-21,6.588,7.0305,0.4425
val,2011-07-22,6.724,7.2114,0.4874
val,2011-07-23,6.748,7.0065,0.2585
val,2011-07-24,6.716,6.7478,0.0318
val,2011-07-25,6.628,6.6421,0.0141
val,2011-07-26,6.608,6.5703,-0.0377
val,2011-07-27,6.916,6.6592,-0.2568
val,2011-07-28,6.63,6.782,0.152
val,2011-07-29,6.398,6.506,0.108
val,2011-07-30,5.982,6.3851,0.4031
val,2011-07-31,6.2,6.2192,0.0192
val,2011-08-01,6.26,6.2545,-0.0055
val,2011-08-02,6.356,6.272,-0.084
val,2011-08-03,6.582,6.3875,-0.1945
val,2011-08-04,6.428,6.6143,0.1863
val,2011-08-05,6.362,6.6401,0.2781
val,2011-08-06,6.972,6.6931,-0.2789
val,2011-08-07,7.224,7.2685,0.0445
val,2011-08-08,7.122,7.4965,0.3745
val,2011-08-09,7.106,7.7187,0.6127
val,2011-08-10,7.462,8.1311,0.6691
val,2011-08-11,7.962,8.5354,0.5734
val,2011-08-12,7.814,8.5779,0.7639
val,2011-08-13,7.424,7.5039,0.0799
val,2011-08-14,7.16,7.2877,0.1277
val,2011-08-15,6.988,7.1661,0.1781
val,2011-08-16,6.894,7.1099,0.2159
val,2011-08-17,7.616,7.2181,-0.3979
val,2011-08-18,9.052,7.8427,-1.2093
val,2011-08-19,8.336,8.8665,0.5305
val,2011-08-20,7.846,7.7766,-0.0694
val,2011-08-21,8.236,7.7439,-0.4921
val,2011-08-22,9.146,8.3875,-0.7585
val,2011-08-23,8.962,9.7929,0.8309
val,2011-08-24,8.842,8.9606,0.1186
val,2011-08-25,8.69,8.9849,0.2949
val,2011-08-26,8.112,8.736,0.624
val,2011-08-27,7.8,8.1748,0.3748
val,2011-08-28,7.926,7.8043,-0.1217
val,2011-08-29,7.35,7.8459,0.4959
val,2011-08-30,6.9,7.2546,0.3546
val,2011-08-31,6.886,7.017,0.131
val,2011-09-01,6.788,6.9702,0.1822
val,2011-09-02,6.614,6.8863,0.2723
val,2011-09-03,6.642,6.7563,0.1143
val,2011-09-04,6.558,6.6648,0.1068
val,2011-09-05,6.506,6.5566,0.0506
val,2011-09-06,6.448,6.5008,0.0528
val,2011-09-07,6.522,6.4942,-0.0278
val,2011-09-08,6.508,6.7591,0.2511
val,2011-09-09,6.602,6.691,0.089
val,2011-09-10,6.53,6.647,0.117
val,2011-09-11,6.518,6.5706,0.0526
val,2011-09-12,6.54,6.5166,-0.0234
val,2011-09-13,6.338,6.4995,0.1615
val,2011-09-14,6.552,6.3958,-0.1562
val,2011-09-15,6.66,6.5374,-0.1226
val,2011-09-16,6.756,6.7937,0.0377
val,2011-09-17,7.396,6.9506,-0.4454
val,2011-09-18,8.146,7.5696,-0.5764
val,2011-09-19,7.968,8.0452,0.0772
val,2011-09-20,7.45,7.5836,0.1336
val,2011-09-21,7.54,7.2847,-0.2553
val,2011-09-22,7.95,7.4966,-0.4534
val,2011-09-23,7.412,7.7637,0.3517
val,2011-09-24,7.168,7.3145,0.1465
val,2011-09-25,6.968,7.2083,0.2403
val,2011-09-26,6.772,7.0346,0.2626
val,2011-09-27,6.688,6.8868,0.1988
val,2011-09-28,6.784,6.799,0.015
val,2011-09-29,6.728,6.8062,0.0782
val,2011-09-30,6.666,6.7401,0.0741
val,2011-10-01,6.764,6.7462,-0.0178
val,2011-10-02,7.432,6.8072,-0.6248
val,2011-10-03,7.454,7.3909,-0.0631
val,2011-10-04,7.548,7.3875,-0.1605
val,2011-10-05,7.168,7.4333,0.2653
val,2011-10-06,7.028,7.1055,0.0775
val,2011-10-07,6.972,7.0364,0.0644
val,2011-10-08,6.802,6.9832,0.1812
val,2011-10-09,6.856,6.8293,-0.0267
val,2011-10-10,6.776,6.8193,0.0433
val,2011-10-11,6.628,6.7565,0.1285
val,2011-10-12,6.512,6.6677,0.1557
val,2011-10-13,6.432,6.5782,0.1462
val,2011-10-14,6.332,6.4857,0.1537
val,2011-10-15,6.002,6.3841,0.3821
val,2011-10-16,6.238,6.2403,0.0023
val,2011-10-17,6.274,6.2354,-0.0386
val,2011-10-18,6.23,6.2468,0.0168
val,2011-10-19,6.272,6.3102,0.0382
val,2011-10-20,6.338,6.4184,0.0804
val,2011-10-21,6.258,6.3927,0.1347
val,2011-10-22,6.278,6.3525,0.0745
val,2011-10-23,6.404,6.3827,-0.0213
val,2011-10-24,6.49,6.4228,-0.0672
val,2011-10-25,6.388,6.4134,0.0254
val,2011-10-26,6.298,6.3735,0.0755
val,2011-10-27,6.22,6.3483,0.1283
val,2011-10-28,6.298,6.2985,0.0005
val,2011-10-29,6.336,6.2763,-0.0597
val,2011-10-30,6.398,6.2633,-0.1347
val,2011-10-31,6.344,6.301,-0.043
val,2011-11-01,6.288,6.3135,0.0255
val,2011-11-02,6.228,6.2936,0.0656
val,2011-11-03,6.258,6.2692,0.0112
val,2011-11-04,6.218,6.27,0.052
val,2011-11-05,6.13,6.252,0.122
val,2011-11-06,6.14,6.218,0.078
val,2011-11-07,6.208,6.2155,0.0075
val,2011-11-08,6.228,6.2424,0.0144
val,2011-11-09,6.252,6.2481,-0.0039
val,2011-11-10,6.266,6.2497,-0.0163
val,2011-11-11,6.168,6.2656,0.0976
val,2011-11-12,6.198,6.2473,0.0493
val,2011-11-13,6.272,6.2569,-0.0151
val,2011-11-14,6.292,6.2776,-0.0144
val,2011-11-15,6.258,6.2906,0.0326
val,2011-11-16,6.274,6.3003,0.0263
val,2011-11-17,6.282,6.3191,0.0371
val,2011-11-18,6.248,6.3129,0.0649
val,2011-11-19,6.218,6.283,0.065
val,2011-11-20,6.178,6.2589,0.0809
val,2011-11-21,6.224,6.236,0.012
val,2011-11-22,6.284,6.2441,-0.0399
val,2011-11-23,6.228,6.2605,0.0325
val,2011-11-24,6.22,6.2521,0.0321
val,2011-11-25,6.276,6.2516,-0.0244
val,2011-11-26,6.228,6.2668,0.0388
val,2011-11-27,6.224,6.2542,0.0302
val,2011-11-28,6.258,6.2562,-0.0018
val,2011-11-29,6.228,6.2735,0.0455
val,2011-11-30,6.224,6.2784,0.0544
val,2011-12-01,6.208,6.2758,0.0678
val,2011-12-02,6.232,6.242,0.01
val,2011-12-03,6.23,6.2376,0.0076
val,2011-12-04,6.212,6.261,0.049
val,2011-12-05,6.242,6.2766,0.0346
val,2011-12-06,6.24,6.273,0.033
val,2011-12-07,6.238,6.2502,0.0122
val,2011-12-08,6.228,6.237,0.009
val,2011-12-09,6.158,6.2285,0.0705
val,2011-12-10,6.088,6.2044,0.1164
val,2011-12-11,6.054,6.1751,0.1211
val,2011-12-12,6.118,6.1542,0.0362
val,2011-12-13,6.142,6.1862,0.0442
val,2011-12-14,6.224,6.2034,-0.0206
val,2011-12-15,6.158,6.2274,0.0694
test,2012-06-13,5.88,6.1209,0.2409
test,2012-06-14,5.878,6.0262,0.1482
test,2012-06-15,5.948,6.0528,0.1048
test,2012-06-16,6.086,6.2285,0.1425
test,2012-06-17,8.574,6.3926,-2.1814
test,2012-06-18,8.248,8.0738,-0.1742
test,2012-06-19,7.228,7.9387,0.7107
test,2012-06-20,6.838,7.1973,0.3593
test,2012-06-21,6.736,6.9661,0.2301
test,2012-06-22,6.644,6.8418,0.1978
test,2012-06-23,6.788,6.7623,-0.0257
test,2012-06-24,7.592,6.9705,-0.6215
test,2012-06-25,9.39,7.9678,-1.4222
test,2012-06-26,9.304,9.4547,0.1507
test,2012-06-27,8.804,9.0162,0.2122
test,2012-06-28,8.566,8.3066,-0.2594
test,2012-06-29,8.34,8.0976,-0.2424
test,2012-06-30,7.716,8.0639,0.3479
test,2012-07-01,7.31,7.4241,0.1141
test,2012-07-02,7.206,7.1766,-0.0294
test,2012-07-03,7.464,7.1378,-0.3262
test,2012-07-04,7.03,7.3932,0.3632
test,2012-07-05,6.944,6.9681,0.0241
test,2012-07-06,6.872,6.9508,0.0788
test,2012-07-07,6.8,6.9235,0.1235
test,2012-07-08,6.78,6.8799,0.0999
test,2012-07-09,6.73,6.852,0.122
test,2012-07-10,6.606,6.8444,0.2384
test,2012-07-11,6.536,6.8213,0.2853
test,2012-07-12,6.472,6.7655,0.2935
test,2012-07-13,6.42,6.7394,0.3194
test,2012-07-14,6.52,6.7343,0.2143
test,2012-07-15,6.704,6.7504,0.0464
test,2012-07-16,7.526,6.8015,-0.7245
test,2012-07-17,7.514,7.3871,-0.1269
test,2012-07-18,7.0,7.5072,0.5072
test,2012-07-19,7.836,7.1121,-0.7239
test,2012-07-20,7.656,7.7891,0.1331
test,2012-07-21,7.378,7.3371,-0.0409
test,2012-07-22,7.31,7.1773,-0.1327
test,2012-07-23,7.142,7.2191,0.0771
test,2012-07-24,7.202,7.1567,-0.0453
test,2012-07-25,7.504,7.2792,-0.2248
test,2012-07-26,7.15,7.4724,0.3224
test,2012-07-27,6.73,7.1663,0.4363
test,2012-07-28,6.688,7.0125,0.3245
test,2012-07-29,6.708,7.0251,0.3171
test,2012-07-30,6.948,7.0717,0.1237
test,2012-07-31,6.848,7.1198,0.2718
test,2012-08-01,6.686,6.9417,0.2557
test,2012-08-02,6.65,6.8501,0.2001
test,2012-08-03,6.558,6.9387,0.3807
test,2012-08-04,7.206,6.7951,-0.4109
test,2012-08-05,7.386,7.379,-0.007
test,2012-08-06,6.976,7.3609,0.3849
test,2012-08-07,6.788,6.9063,0.1183
test,2012-08-08,6.718,6.935,0.217
test,2012-08-09,6.832,7.0928,0.2608
test,2012-08-10,6.728,6.9039,0.1759
test,2012-08-11,6.614,6.762,0.148
test,2012-08-12,6.58,6.7188,0.1388
test,2012-08-13,6.944,7.0698,0.1258
test,2012-08-14,7.712,7.3716,-0.3404
test,2012-08-15,7.302,7.604,0.302
test,2012-08-16,7.138,7.083,-0.055
test,2012-08-17,7.612,7.0313,-0.5807
test,2012-08-18,8.138,7.3489,-0.7891
test,2012-08-19,7.414,7.7988,0.3848
test,2012-08-20,7.108,7.3023,0.1943
test,2012-08-21,7.088,7.3054,0.2174
test,2012-08-22,7.028,7.2205,0.1925
test,2012-08-23,6.864,7.0643,0.2003
test,2012-08-24,6.712,6.9796,0.2676
test,2012-08-25,6.696,6.8227,0.1267
test,2012-08-26,6.718,6.8497,0.1317
test,2012-08-27,6.904,6.813,-0.091
test,2012-08-28,7.35,6.8759,-0.4741
test,2012-08-29,6.976,7.2217,0.2457
test,2012-08-30,6.794,6.9087,0.1147
test,2012-08-31,6.658,6.8368,0.1788
test,2012-09-01,6.568,6.7529,0.1849
test,2012-09-02,6.484,6.6829,0.1989
test,2012-09-03,6.468,6.5855,0.1175
test,2012-09-04,6.604,6.6075,0.0035
test,2012-09-05,6.59,7.3748,0.7848
test,2012-09-06,6.658,7.4962,0.8382
test,2012-09-07,6.646,6.9445,0.2985
test,2012-09-08,6.538,6.6614,0.1234
test,2012-09-09,6.448,6.6126,0.1646
test,2012-09-10,6.46,6.6105,0.1505
test,2012-09-11,6.578,6.5245,-0.0535
test,2012-09-12,6.488,6.6998,0.2118
test,2012-09-13,6.424,6.6336,0.2096
test,2012-09-14,6.976,6.6115,-0.3645
test,2012-09-15,6.778,6.974,0.196
test,2012-09-16,6.502,6.8308,0.3288
test,2012-09-17,6.478,6.6498,0.1718
test,2012-09-18,6.542,6.6357,0.0937
test,2012-09-19,6.962,6.5956,-0.3664
test,2012-09-20,6.658,6.8385,0.1805
test,2012-09-21,6.468,6.6223,0.1543
test,2012-09-22,6.42,6.5377,0.1177
test,2012-09-23,6.328,6.5109,0.1829
test,2012-09-24,6.34,6.4776,0.1376
test,2012-09-25,6.502,6.5378,0.0358
test,2012-09-26,6.718,6.5572,-0.1608
test,2012-09-27,6.904,6.7204,-0.1836
test,2012-09-28,7.06,6.8381,-0.2219
test,2012-09-29,6.89,7.0022,0.1122
test,2012-09-30,6.89,6.9044,0.0144
test,2012-10-01,6.696,6.9035,0.2075
test,2012-10-02,6.83,6.7793,-0.0507
test,2012-10-03,6.59,6.8933,0.3033
test,2012-10-04,6.578,6.8535,0.2755
test,2012-10-05,6.612,6.9481,0.3361
test,2012-10-06,7.458,6.9673,-0.4907
test,2012-10-07,7.46,7.2841,-0.1759
test,2012-10-08,7.024,7.1276,0.1036
test,2012-10-09,6.848,7.0319,0.1839
test,2012-10-10,6.808,6.9357,0.1277
test,2012-10-11,6.826,6.8742,0.0482
test,2012-10-12,8.292,7.4799,-0.8121
test,2012-10-13,8.262,8.6086,0.3466
test,2012-10-14,7.734,7.9438,0.2098
test,2012-10-15,7.512,7.5348,0.0228
test,2012-10-16,7.168,7.3779,0.2099
test,2012-10-17,6.988,7.1331,0.1451
test,2012-10-18,6.808,6.9698,0.1618
test,2012-10-19,6.668,6.8154,0.1474
test,2012-10-20,6.516,6.7422,0.2262
test,2012-10-21,6.452,6.6812,0.2292
test,2012-10-22,6.458,6.6174,0.1594
test,2012-10-23,6.446,6.5555,0.1095
test,2012-10-24,6.428,6.4834,0.0554
test,2012-10-25,6.418,6.429,0.011
test,2012-10-26,6.398,6.3923,-0.0057
test,2012-10-27,6.39,6.3915,0.0015
test,2012-10-28,6.378,6.4061,0.0281
test,2012-10-29,6.368,6.3978,0.0298
test,2012-10-30,6.322,6.383,0.061
test,2012-10-31,6.298,6.3537,0.0557
test,2012-11-01,6.288,6.324,0.036
test,2012-11-02,6.278,6.2838,0.0058
test,2012-11-03,6.268,6.2651,-0.0029
test,2012-11-04,6.264,6.3506,0.0866
test,2012-11-05,6.368,6.5166,0.1486
test,2012-11-06,6.44,6.5897,0.1497
test,2012-11-07,6.788,6.5787,-0.2093
test,2012-11-08,6.888,6.8367,-0.0513
test,2012-11-09,6.782,6.7534,-0.0286
test,2012-11-10,6.638,6.6242,-0.0138
test,2012-11-11,6.568,6.549,-0.019
test,2012-11-12,6.478,6.5238,0.0458
test,2012-11-13,6.422,6.4963,0.0743
test,2012-11-14,6.358,6.4619,0.1039
test,2012-11-15,6.332,6.4274,0.0954
test,2012-11-16,6.306,6.4014,0.0954
test,2012-11-17,6.282,6.3662,0.0842
test,2012-11-18,6.258,6.3467,0.0887
test,2012-11-19,6.248,6.3265,0.0785
test,2012-11-20,6.242,6.2998,0.0578
test,2012-11-21,6.238,6.3089,0.0709
test,2012-11-22,6.228,6.3095,0.0815
test,2012-11-23,6.228,6.2887,0.0607
test,2012-11-24,6.234,6.2762,0.0422
test,2012-11-25,6.264,6.2656,0.0016
test,2012-11-26,6.248,6.2769,0.0289
test,2012-11-27,6.242,6.2727,0.0307
test,2012-11-28,6.238,6.2739,0.0359
test,2012-11-29,6.228,6.2705,0.0425
test,2012-11-30,6.246,6.2598,0.0138
test,2012-12-01,6.248,6.2564,0.0084
test,2012-12-02,6.238,6.2356,-0.0024
test,2012-12-03,6.238,6.2285,-0.0095
test,2012-12-04,6.238,6.2228,-0.0152
test,2012-12-05,6.23,6.2203,-0.0097
test,2012-12-06,6.23,6.2217,-0.0083
test,2012-12-07,6.228,6.2246,-0.0034
test,2012-12-08,6.218,6.2395,0.0215
test,2012-12-09,6.218,6.2495,0.0315
test,2012-12-10,6.218,6.2549,0.0369
test,2012-12-11,6.218,6.2591,0.0411
test,2012-12-12,6.208,6.2575,0.0495
test,2012-12-13,6.208,6.2902,0.0822
test,2012-12-14,6.208,6.288,0.08
test,2012-12-15,6.208,6.2614,0.0534
test,2012-12-16,6.208,6.2438,0.0358
test,2012-12-17,6.198,6.2381,0.0401
test,2012-12-18,6.198,6.2307,0.0327
test,2012-12-19,6.198,6.2349,0.0369
test,2012-12-20,6.198,6.2445,0.0465
test,2012-12-21,6.19,6.2512,0.0612
test,2012-12-22,6.188,6.2495,0.0615
test,2012-12-23,6.188,6.2414,0.0534
test,2012-12-24,6.094,6.2329,0.1389
test,2012-12-25,6.078,6.1951,0.1171
test,2012-12-26,6.068,6.1805,0.1125
test,2012-12-27,6.058,6.177,0.119
test,2012-12-28,6.048,6.1676,0.1196
test,2012-12-29,5.992,6.1576,0.1656
test,2012-12-30,6.028,6.1411,0.1131
test,2012-12-31,6.078,6.1407,0.0627
test,2013-01-01,6.072,6.151,0.079
test,2013-01-02,6.008,6.1437,0.1357
test,2013-01-03,5.988,6.1251,0.1371
test,2013-01-04,5.948,6.1379,0.1899
test,2013-01-05,5.86,6.1251,0.2651
test,2013-01-06,5.868,6.0578,0.1898
test,2013-01-07,5.938,6.0284,0.0904
test,2013-01-08,5.998,6.0542,0.0562
test,2013-01-09,5.952,6.1224,0.1704
test,2013-01-10,6.058,6.1184,0.0604
test,2013-01-11,6.144,6.1416,-0.0024
test,2013-01-12,6.068,6.1845,0.1165
test,2013-01-13,6.028,6.1736,0.1456
test,2013-01-14,6.048,6.1468,0.0988
test,2013-01-15,6.078,6.1427,0.0647
test,2013-01-16,6.038,6.1426,0.1046
test,2013-01-17,6.01,6.1236,0.1136
test,2013-01-18,6.092,6.1057,0.0137
test,2013-01-19,6.086,6.1169,0.0309
test,2013-01-20,6.014,6.1089,0.0949
test,2013-01-21,6.014,6.0879,0.0739
test,2013-01-22,6.066,6.1004,0.0344
test,2013-01-23,6.054,6.1115,0.0575
test,2013-01-24,6.038,6.104,0.066
test,2013-01-25,6.022,6.1018,0.0798
test,2013-01-26,6.008,6.1111,0.1031
test,2013-01-27,5.994,6.1134,0.1194
test,2013-01-28,5.972,6.1024,0.1304
test,2013-01-29,5.946,6.0688,0.1228
test,2013-01-30,5.918,6.0704,0.1524
test,2013-01-31,5.888,6.0467,0.1587
test,2013-02-01,5.862,6.0226,0.1606
test,2013-02-02,5.798,5.9717,0.1737
test,2013-02-03,5.78,5.9648,0.1848
test,2013-02-04,5.758,5.9133,0.1553
test,2013-02-05,5.748,5.9094,0.1614
test,2013-02-06,5.742,5.88,0.138
test,2013-02-07,5.738,5.8455,0.1075
test,2013-02-08,5.726,5.8163,0.0903
test,2013-02-09,5.708,5.8175,0.1095
test,2013-02-10,5.686,5.8362,0.1502
test,2013-02-11,5.628,5.826,0.198
test,2013-02-12,5.624,5.7978,0.1738
test,2013-02-13,5.57,5.7585,0.1885
test,2013-02-14,5.588,5.7097,0.1217
test,2013-02-15,5.616,5.7383,0.1223
test,2013-02-16,5.578,5.729,0.151
test,2013-02-17,5.558,5.6917,0.1337
test,2013-02-18,5.56,5.7064,0.1464
test,2013-02-19,5.598,5.7751,0.1771
test,2013-02-20,5.582,5.7822,0.2002
test,2013-02-21,5.508,5.753,0.245
test,2013-02-22,5.44,5.7321,0.2921
test,2013-02-23,5.428,5.7008,0.2728
test,2013-02-24,5.422,5.6668,0.2448
test,2013-02-25,5.416,5.6347,0.2187
test,2013-02-26,5.408,5.6183,0.2103
test,2013-02-27,5.408,5.615,0.207
test,2013-02-28,5.398,5.61,0.212
test,2013-03-01,5.388,5.594,0.206
test,2013-03-02,5.378,5.5961,0.2181
test,2013-03-03,5.378,5.6028,0.2248
test,2013-03-04,5.368,5.5972,0.2292
test,2013-03-05,5.368,5.5949,0.2269
test,2013-03-06,5.362,5.5957,0.2337
test,2013-03-07,5.346,5.5936,0.2476
test,2013-03-08,5.338,5.5887,0.2507
test,2013-03-09,5.328,5.5774,0.2494
test,2013-03-10,5.322,5.5661,0.2441
test,2013-03-11,5.292,5.5599,0.2679
test,2013-03-12,5.278,5.5541,0.2761
test,2013-03-13,5.268,5.5506,0.2826
test,2013-03-14,5.268,5.5475,0.2795
test,2013-03-15,5.262,5.5666,0.3046
test,2013-03-16,5.246,5.5435,0.2975
test,2013-03-17,5.238,5.539,0.301
test,2013-03-18,5.262,5.528,0.266
test,2013-03-19,5.262,5.5413,0.2793
test,2013-03-20,5.228,5.5306,0.3026
test,2013-03-21,5.198,5.5298,0.3318
test,2013-03-22,5.198,5.513,0.315
test,2013-03-23,5.226,5.5154,0.2894
test,2013-03-24,5.222,5.5403,0.3183
test,2013-03-25,5.208,5.5329,0.3249
test,2013-03-26,5.206,5.5314,0.3254
test,2013-03-27,5.198,5.5377,0.3397
test,2013-03-28,5.198,5.5284,0.3304
test,2013-03-29,5.198,5.5251,0.3271
test,2013-03-30,5.188,5.5145,0.3265
test,2013-03-31,5.204,5.5087,0.3047
test,2013-04-01,5.22,5.5271,0.3071
test,2013-04-02,5.346,5.54,0.194
test,2013-04-03,5.324,5.603,0.279
test,2013-04-04,5.308,5.609,0.301
test,2013-04-05,5.304,5.61,0.306
test,2013-04-06,5.298,5.599,0.301
test,2013-04-07,5.292,5.5831,0.2911
test,2013-04-08,5.288,5.5852,0.2972
test,2013-04-09,5.284,5.5894,0.3054
test,2013-04-10,5.278,5.5941,0.3161
test,2013-04-11,5.272,5.5955,0.3235
test,2013-04-12,5.264,5.6007,0.3367
test,2013-04-13,5.258,5.5962,0.3382
test,2013-04-14,5.248,5.5931,0.3451
test,2013-04-15,5.234,5.5798,0.3458
test,2013-04-16,5.218,5.5859,0.3679
test,2013-04-17,5.22,5.6422,0.4222
test,2013-04-18,5.208,5.8195,0.6115
test,2013-04-19,5.208,5.8735,0.6655
test,2013-04-20,5.208,5.7636,0.5556
test,2013-04-21,5.208,5.6624,0.4544
test,2013-04-22,5.208,5.6558,0.4478
test,2013-04-23,5.198,5.6449,0.4469
test,2013-04-24,5.198,5.639,0.441
test,2013-04-25,5.198,5.575,0.377
test,2013-04-26,5.21,5.5542,0.3442
test,2013-04-27,5.254,5.5511,0.2971
test,2013-04-28,5.264,5.5915,0.3275
test,2013-04-29,5.334,5.6547,0.3207
test,2013-04-30,5.378,5.7214,0.3434
test,2013-05-01,5.348,5.7504,0.4024
test,2013-05-02,5.34,5.7683,0.4283
test,2013-05-03,5.308,5.7619,0.4539
test,2013-05-04,5.322,5.7544,0.4324
test,2013-05-05,5.628,5.9892,0.3612
test,2013-05-06,6.824,6.2742,-0.5498
test,2013-05-07,7.516,7.491,-0.025
test,2013-05-08,7.694,8.1218,0.4278
test,2013-05-09,8.296,7.6962,-0.5998
test,2013-05-10,8.552,8.1044,-0.4476
test,2013-05-11,8.404,7.921,-0.483
test,2013-05-12,8.282,8.1075,-0.1745
test,2013-05-13,7.604,7.9647,0.3607
test,2013-05-14,7.378,7.6728,0.2948
test,2013-05-15,7.062,7.6024,0.5404
test,2013-05-16,6.914,7.3913,0.4773
test,2013-05-17,8.544,7.5439,-1.0001
test,2013-05-18,8.192,8.0975,-0.0945
test,2013-05-19,7.426,7.7071,0.2811
test,2013-05-20,6.948,7.2287,0.2807
test,2013-05-21,6.796,7.2336,0.4376
test,2013-05-22,7.0,7.7352,0.7352
test,2013-05-23,7.34,7.9158,0.5758
test,2013-05-24,7.104,7.7747,0.6707
test,2013-05-25,7.65,7.2814,-0.3686
test,2013-05-26,7.636,7.946,0.31
test,2013-05-27,7.014,7.3749,0.3609
test,2013-05-28,6.72,7.0552,0.3352
test,2013-05-29,6.634,6.9414,0.3074
test,2013-05-30,6.516,6.8551,0.3391
test,2013-05-31,6.408,6.733,0.325
test,2013-06-01,6.308,6.6194,0.3114
test,2013-06-02,6.24,6.5381,0.2981
test,2013-06-03,6.222,6.457,0.235
test,2013-06-04,6.208,6.3591,0.1511
test,2013-06-05,6.208,6.2329,0.0249
test,2013-06-06,6.198,6.1353,-0.0627
test,2013-06-07,6.188,6.1248,-0.0632
test,2013-06-08,6.176,6.2411,0.0651
test,2013-06-09,6.172,6.4411,0.2691
test,2013-06-10,6.336,6.394,0.058
test,2013-06-11,6.152,6.44,0.288
test,2013-06-12,6.028,6.3031,0.2751
test,2013-06-13,6.06,6.2213,0.1613
test,2013-06-14,6.128,6.2183,0.0903
test,2013-06-15,6.096,6.1898,0.0938
test,2013-06-16,6.208,6.1591,-0.0489
test,2013-06-17,6.126,6.1678,0.0418
test,2013-06-18,5.94,6.1555,0.2155
test,2013-06-19,5.81,6.0873,0.2773
test,2013-06-20,5.798,6.0198,0.2218
test,2013-06-21,5.794,5.9585,0.1645
test,2013-06-22,6.074,5.9626,-0.1114
test,2013-06-23,7.14,6.0792,-1.0608
test,2013-06-24,6.664,6.6868,0.0228
test,2013-06-25,6.99,6.5708,-0.4192
test,2013-06-26,6.51,7.1665,0.6565
test,2013-06-27,6.452,6.7432,0.2912
test,2013-06-28,7.368,6.7908,-0.5772
test,2013-06-29,7.746,7.6393,-0.1067
test,2013-06-30,7.32,7.8878,0.5678
test,2013-07-01,7.038,7.4248,0.3868
test,2013-07-02,6.804,7.1516,0.3476
test,2013-07-03,6.638,6.9203,0.2823
test,2013-07-04,6.488,6.7897,0.3017
test,2013-07-05,6.396,6.6779,0.2819
test,2013-07-06,6.266,6.5258,0.2598
test,2013-07-07,6.248,6.4663,0.2183
test,2013-07-08,6.266,6.4615,0.1955
test,2013-07-09,6.416,6.4158,-0.0002
test,2013-07-10,6.25,6.5132,0.2632
test,2013-07-11,6.23,6.3609,0.1309
test,2013-07-12,6.228,6.3403,0.1123
test,2013-07-13,6.218,6.3859,0.1679
test,2013-07-14,6.208,6.4465,0.2385
test,2013-07-15,6.198,6.397,0.199
test,2013-07-16,6.188,6.3171,0.1291
test,2013-07-17,6.228,6.2728,0.0448
test,2013-07-18,6.252,6.2838,0.0318
test,2013-07-19,6.41,6.2666,-0.1434
test,2013-07-20,6.298,6.3458,0.0478
test,2013-07-21,6.328,6.3061,-0.0219
test,2013-07-22,6.348,6.2942,-0.0538
test,2013-07-23,6.276,6.2598,-0.0162
test,2013-07-24,6.082,6.2472,0.1652
test,2013-07-25,6.034,6.1777,0.1437
test,2013-07-26,6.028,6.199,0.171
test,2013-07-27,6.194,6.3318,0.1378
test,2013-07-28,7.012,6.6808,-0.3312
test,2013-07-29,7.508,7.6909,0.1829
test,2013-07-30,7.166,7.4885,0.3225
test,2013-07-31,6.764,7.0073,0.2433
test,2013-08-01,6.574,6.9199,0.3459
test,2013-08-02,6.548,6.7647,0.2167
test,2013-08-03,6.492,6.6262,0.1342
test,2013-08-04,6.436,6.5227,0.0867
test,2013-08-05,7.48,6.4748,-1.0052
test,2013-08-06,7.21,7.4056,0.1956
test,2013-08-07,7.022,7.2349,0.2129
test,2013-08-08,7.988,6.9842,-1.0038
test,2013-08-09,7.654,7.7155,0.0615
test,2013-08-10,6.968,7.3304,0.3624
test,2013-08-11,6.704,7.0132,0.3092
test,2013-08-12,6.694,6.8925,0.1985
test,2013-08-13,6.638,6.8436,0.2056
test,2013-08-14,6.568,6.7307,0.1627
test,2013-08-15,6.606,6.7663,0.1603
test,2013-08-16,6.688,6.9509,0.2629
test,2013-08-17,7.098,7.1091,0.0111
test,2013-08-18,7.326,7.4495,0.1235
test,2013-08-19,6.818,7.7234,0.9054
test,2013-08-20,6.64,7.124,0.484
test,2013-08-21,6.62,7.3847,0.7647
test,2013-08-22,6.568,6.9444,0.3764
test,2013-08-23,6.488,6.6054,0.1174
test,2013-08-24,6.408,6.5281,0.1201
test,2013-08-25,6.31,6.4557,0.1457
test,2013-08-26,6.248,6.371,0.123
test,2013-08-27,6.158,6.3673,0.2093
test,2013-08-28,6.138,6.5206,0.3826
test,2013-08-29,6.188,6.468,0.28
test,2013-08-30,6.638,6.4201,-0.2179
test,2013-08-31,6.932,6.6559,-0.2761
test,2013-09-01,6.98,6.8231,-0.1569
test,2013-09-02,6.688,6.9246,0.2366
test,2013-09-03,6.568,6.758,0.19
test,2013-09-04,6.73,6.6582,-0.0718
test,2013-09-05,7.284,6.899,-0.385
test,2013-09-06,9.708,7.2894,-2.4186
test,2013-09-07,8.87,8.9078,0.0378
test,2013-09-08,7.888,8.4323,0.5443
test,2013-09-09,7.9,7.8644,-0.0356
test,2013-09-10,7.652,8.0567,0.4047
test,2013-09-11,7.18,7.7412,0.5612
test,2013-09-12,7.018,7.1799,0.1619
test,2013-09-13,6.83,6.9494,0.1194
test,2013-09-14,6.668,6.8731,0.2051
test,2013-09-15,6.458,6.873,0.415
test,2013-09-16,6.438,6.6961,0.2581
test,2013-09-17,6.456,6.647,0.191
test,2013-09-18,6.424,6.683,0.259
test,2013-09-19,6.686,6.7819,0.0959
test,2013-09-20,6.506,6.7859,0.2799
test,2013-09-21,6.414,6.6345,0.2205
test,2013-09-22,6.582,6.5901,0.0081
test,2013-09-23,7.262,6.6428,-0.6192
test,2013-09-24,6.874,7.0999,0.2259
test,2013-09-25,6.796,6.829,0.033
test,2013-09-26,7.024,6.8323,-0.1917
test,2013-09-27,7.132,7.0006,-0.1314
test,2013-09-28,6.838,7.0649,0.2269
test,2013-09-29,6.818,6.9374,0.1194
test,2013-09-30,6.93,7.041,0.111
test,2013-10-01,7.094,7.0239,-0.0701
test,2013-10-02,6.848,6.9919,0.1439
test,2013-10-03,6.746,6.8051,0.0591
test,2013-10-04,7.298,6.7976,-0.5004
test,2013-10-05,7.698,7.4729,-0.2251
test,2013-10-06,7.91,7.778,-0.132
test,2013-10-07,8.012,8.1537,0.1417
test,2013-10-08,7.96,8.0683,0.1083
test,2013-10-09,7.466,7.779,0.313
test,2013-10-10,7.108,7.3191,0.2111
test,2013-10-11,6.968,7.0783,0.1103
test,2013-10-12,6.808,6.9817,0.1737
test,2013-10-13,6.716,6.9233,0.2073
test,2013-10-14,6.658,6.8674,0.2094
test,2013-10-15,6.638,6.7552,0.1172
test,2013-10-16,6.38,6.6961,0.3161
test,2013-10-17,6.328,6.5397,0.2117
test,2013-10-18,6.298,6.4438,0.1458
test,2013-10-19,6.282,6.3687,0.0867
test,2013-10-20,6.278,6.3281,0.0501
test,2013-10-21,6.328,6.3426,0.0146
test,2013-10-22,6.388,6.4272,0.0392
test,2013-10-23,6.376,6.5202,0.1442
test,2013-10-24,6.302,6.5336,0.2316
test,2013-10-25,6.268,6.418,0.15
test,2013-10-26,6.254,6.483,0.229
test,2013-10-27,6.28,6.5535,0.2735
test,2013-10-28,6.366,6.4504,0.0844
test,2013-10-29,6.288,6.3778,0.0898
test,2013-10-30,6.238,6.3091,0.0711
test,2013-10-31,6.228,6.2688,0.0408
test,2013-11-01,6.212,6.2448,0.0328
test,2013-11-02,6.198,6.1961,-0.0019
test,2013-11-03,6.188,6.1596,-0.0284
test,2013-11-04,6.178,6.1526,-0.0254
test,2013-11-05,6.15,6.165,0.015
test,2013-11-06,6.114,6.1691,0.0551
test,2013-11-07,6.078,6.1699,0.0919
test,2013-11-08,6.068,6.1599,0.0919
test,2013-11-09,6.058,6.143,0.085
test,2013-11-10,6.058,6.1248,0.0668
test,2013-11-11,6.048,6.1086,0.0606
test,2013-11-12,6.076,6.1026,0.0266
test,2013-11-13,6.044,6.1102,0.0662
test,2013-11-14,6.038,6.1046,0.0666
test,2013-11-15,6.058,6.0991,0.0411
test,2013-11-16,6.102,6.0984,-0.0036
test,2013-11-17,6.162,6.1111,-0.0509
test,2013-11-18,6.188,6.135,-0.053
test,2013-11-19,6.134,6.1671,0.0331
test,2013-11-20,6.068,6.1686,0.1006
test,2013-11-21,6.092,6.1508,0.0588
test,2013-11-22,6.078,6.1442,0.0662
test,2013-11-23,6.07,6.1307,0.0607
test,2013-11-24,6.068,6.1275,0.0595
test,2013-11-25,6.068,6.1329,0.0649
test,2013-11-26,6.058,6.1295,0.0715
test,2013-11-27,6.058,6.1278,0.0698
test,2013-11-28,6.04,6.1262,0.0862
test,2013-11-29,6.064,6.145,0.081
test,2013-11-30,6.084,6.1464,0.0624
test,2013-12-01,6.088,6.1417,0.0537
test,2013-12-02,6.038,6.1241,0.0861
test,2013-12-03,5.968,6.1051,0.1371
test,2013-12-04,5.958,6.0732,0.1152
test,2013-12-05,5.97,6.0615,0.0915
test,2013-12-06,5.988,6.0569,0.0689
test,2013-12-07,5.988,6.0504,0.0624
test,2013-12-08,5.99,6.052,0.062
test,2013-12-09,5.978,6.0587,0.0807
test,2013-12-10,5.968,6.0575,0.0895
test,2013-12-11,5.928,6.0445,0.1165
test,2013-12-12,5.888,6.0248,0.1368
test,2013-12-13,5.888,6.0046,0.1166
test,2013-12-14,5.938,6.0002,0.0622
test,2013-12-15,5.988,6.0141,0.0261
test,2013-12-16,5.988,6.0558,0.0678
test,2013-12-17,5.978,6.0619,0.0839
test,2013-12-18,5.968,6.0672,0.0992
test,2013-12-19,5.978,6.07,0.092
test,2013-12-20,5.978,6.092,0.114
test,2013-12-21,5.988,6.1079,0.1199
test,2013-12-22,5.978,6.1254,0.1474
test,2013-12-23,5.968,6.1199,0.1519
test,2013-12-24,5.958,6.103,0.145
test,2013-12-25,5.948,6.0891,0.1411
test,2013-12-26,5.948,6.0819,0.1339
test,2013-12-27,5.938,6.0764,0.1384
test,2013-12-28,5.928,6.0685,0.1405
test,2013-12-29,5.918,6.064,0.146
test,2013-12-30,5.908,6.0558,0.1478
test,2013-12-31,5.908,6.0556,0.1476
test,2014-01-01,5.898,6.0523,0.1543
test,2014-01-02,5.898,6.0272,0.1292
test,2014-01-03,5.898,6.0172,0.1192
test,2014-01-04,5.888,6.022,0.134
test,2014-01-05,5.88,6.0174,0.1374
test,2014-01-06,5.878,6.0141,0.1361
test,2014-01-07,5.878,6.0173,0.1393
test,2014-01-08,5.902,6.036,0.134
test,2014-01-09,5.918,6.0408,0.1228
test,2014-01-10,5.928,6.0355,0.1075
test,2014-01-11,5.938,6.0341,0.0961
test,2014-01-12,5.938,6.0312,0.0932
test,2014-01-13,5.928,6.047,0.119
test,2014-01-14,5.918,6.0599,0.1419
test,2014-01-15,5.908,6.0356,0.1276
test,2014-01-16,5.908,6.0315,0.1235
test,2014-01-17,5.918,6.0323,0.1143
test,2014-01-18,5.938,6.0318,0.0938
test,2014-01-19,5.958,6.0214,0.0634
test,2014-01-20,5.958,6.0319,0.0739
test,2014-01-21,5.948,6.043,0.095
test,2014-01-22,5.938,6.0396,0.1016
test,2014-01-23,5.938,6.0249,0.0869
test,2014-01-24,5.928,6.0109,0.0829
test,2014-01-25,5.928,6.0019,0.0739
test,2014-01-26,5.918,6.001,0.083
test,2014-01-27,5.918,6.0066,0.0886
test,2014-01-28,5.908,6.0083,0.1003
test,2014-01-29,5.908,6.006,0.098
test,2014-01-30,5.908,6.0022,0.0942
test,2014-01-31,5.898,5.9885,0.0905
test,2014-02-01,5.898,5.9853,0.0873
test,2014-02-02,5.898,5.9678,0.0698
test,2014-02-03,5.924,5.9621,0.0381
test,2014-02-04,5.938,5.9666,0.0286
test,2014-02-05,5.928,5.978,0.05
test,2014-02-06,5.918,5.9785,0.0605
test,2014-02-07,5.908,5.9714,0.0634
test,2014-02-08,5.898,5.9607,0.0627
test,2014-02-09,5.878,5.9398,0.0618
test,2014-02-10,5.794,5.9494,0.1554
test,2014-02-11,5.778,5.9335,0.1555
test,2014-02-12,5.778,5.906,0.128
test,2014-02-13,5.768,5.886,0.118
test,2014-02-14,5.774,5.8758,0.1018
test,2014-02-15,5.842,5.8557,0.0137
test,2014-02-16,5.828,5.8592,0.0312
test,2014-02-17,5.848,5.9482,0.1002
test,2014-02-18,5.888,6.1308,0.2428
test,2014-02-19,5.888,6.0903,0.2023
test,2014-02-20,5.888,6.0014,0.1134
test,2014-02-21,5.926,5.9704,0.0444
test,2014-02-22,5.938,5.9706,0.0326
test,2014-02-23,5.918,5.9761,0.0581
test,2014-02-24,5.908,5.9587,0.0507
test,2014-02-25,5.898,5.9652,0.0672
test,2014-02-26,5.888,5.9623,0.0743
test,2014-02-27,5.858,5.9517,0.0937
test,2014-02-28,5.798,5.9264,0.1284
test,2014-03-01,5.788,5.9122,0.1242
test,2014-03-02,5.798,5.8929,0.0949
test,2014-03-03,5.818,5.8722,0.0542
test,2014-03-04,5.788,5.88,0.092
test,2014-03-05,5.728,5.8573,0.1293
test,2014-03-06,5.728,5.8684,0.1404
test,2014-03-07,5.718,5.85,0.132
test,2014-03-08,5.708,5.8395,0.1315
test,2014-03-09,5.708,5.8364,0.1284
test,2014-03-10,5.698,5.8224,0.1244
test,2014-03-11,5.688,5.8018,0.1138
test,2014-03-12,5.678,5.8037,0.1257
test,2014-03-13,5.666,5.7827,0.1167
test,2014-03-14,5.632,5.7486,0.1166
test,2014-03-15,5.6,5.7641,0.1641
test,2014-03-16,5.578,5.7499,0.1719
test,2014-03-17,5.576,5.7258,0.1498
test,2014-03-18,5.548,5.7084,0.1604
test,2014-03-19,5.548,5.6885,0.1405
test,2014-03-20,5.538,5.6635,0.1255
test,2014-03-21,5.528,5.6722,0.1442
test,2014-03-22,5.522,5.6588,0.1368
test,2014-03-23,5.498,5.6709,0.1729
test,2014-03-24,5.498,5.692,0.194
test,2014-03-25,5.532,5.675,0.143
test,2014-03-26,5.538,5.6916,0.1536
test,2014-03-27,5.538,5.6879,0.1499
test,2014-03-28,5.488,5.6777,0.1897
test,2014-03-29,5.408,5.6572,0.2492
test,2014-03-30,5.334,5.6219,0.2879
test,2014-03-31,5.328,5.5831,0.2551
test,2014-04-01,5.318,5.5471,0.2291
test,2014-04-02,5.318,5.5471,0.2291
test,2014-04-03,5.318,5.5702,0.2522
test,2014-04-04,5.358,5.5874,0.2294
test,2014-04-05,5.428,5.5887,0.1607
test,2014-04-06,5.408,5.6198,0.2118
test,2014-04-07,5.324,5.6389,0.3149
test,2014-04-08,5.408,5.6572,0.2492
test,2014-04-09,5.432,5.6772,0.2452
test,2014-04-10,5.502,5.697,0.195
test,2014-04-11,5.44,5.6943,0.2543
test,2014-04-12,5.304,5.6588,0.3548
test,2014-04-13,5.304,5.61,0.306
test,2014-04-14,5.358,5.5821,0.2241
test,2014-04-15,5.328,5.5725,0.2445
test,2014-04-16,5.308,5.5619,0.2539
test,2014-04-17,5.308,5.5549,0.2469
test,2014-04-18,5.298,5.5756,0.2776
test,2014-04-19,5.298,5.5789,0.2809
test,2014-04-20,5.288,5.5767,0.2887
test,2014-04-21,5.288,5.567,0.279
test,2014-04-22,5.288,5.5674,0.2794
test,2014-04-23,5.288,5.5678,0.2798
test,2014-04-24,5.248,5.5589,0.3109
test,2014-04-25,5.248,5.5547,0.3067
test,2014-04-26,5.248,5.5687,0.3207
test,2014-04-27,5.238,5.6189,0.3809
test,2014-04-28,5.238,5.6073,0.3693
test,2014-04-29,5.228,5.6017,0.3737
test,2014-04-30,5.228,5.638,0.41
test,2014-05-01,5.218,5.7005,0.4825
test,2014-05-02,5.208,5.6374,0.4294
test,2014-05-03,5.208,5.6343,0.4263
test,2014-05-04,5.208,5.6553,0.4473
test,2014-05-05,5.198,5.7111,0.5131
test,2014-05-06,5.208,5.7418,0.5338
test,2014-05-07,5.208,5.7022,0.4942
test,2014-05-08,5.324,5.6364,0.3124
test,2014-05-09,7.552,5.7356,-1.8164
test,2014-05-10,7.42,7.1382,-0.2818
test,2014-05-11,6.538,7.2593,0.7213
test,2014-05-12,6.938,6.925,-0.013
test,2014-05-13,7.034,6.9223,-0.1117
test,2014-05-14,6.294,6.8067,0.5127
test,2014-05-15,5.968,6.4001,0.4321
test,2014-05-16,5.748,6.1989,0.4509
test,2014-05-17,5.532,6.0229,0.4909
test,2014-05-18,5.448,5.8545,0.4065
test,2014-05-19,5.408,5.7521,0.3441
test,2014-05-20,5.402,5.6926,0.2906
test,2014-05-21,5.358,5.6749,0.3169
test,2014-05-22,5.348,5.6286,0.2806
test,2014-05-23,5.338,5.5986,0.2606
test,2014-05-24,5.338,5.6208,0.2828
test,2014-05-25,5.366,5.725,0.359
test,2014-05-26,5.462,5.808,0.346
test,2014-05-27,5.528,5.8042,0.2762
test,2014-05-28,5.498,5.798,0.3
test,2014-05-29,5.546,5.8359,0.2899
test,2014-05-30,6.054,5.8701,-0.1839
test,2014-05-31,6.5,6.0538,-0.4462
test,2014-06-01,6.612,6.3118,-0.3002
test,2014-06-02,6.384,6.6369,0.2529
test,2014-06-03,6.284,6.507,0.223
test,2014-06-04,6.22,6.4476,0.2276
test,2014-06-05,6.202,6.2846,0.0826
test,2014-06-06,6.168,6.1664,-0.0016
test,2014-06-07,6.148,6.1162,-0.0318
test,2014-06-08,6.13,6.0961,-0.0339
test,2014-06-09,6.088,6.1421,0.0541
test,2014-06-10,6.048,6.1945,0.1465
test,2014-06-11,6.008,6.1675,0.1595
test,2014-06-12,6.0,6.1638,0.1638
test,2014-06-13,6.06,6.1584,0.0984
test,2014-06-14,6.036,6.2126,0.1766
test,2014-06-15,5.968,6.2155,0.2475
test,2014-06-16,5.862,6.3161,0.4541
test,2014-06-17,5.82,6.2207,0.4007
test,2014-06-18,6.078,6.1254,0.0474
test,2014-06-19,7.354,6.2984,-1.0556
test,2014-06-20,7.218,7.836,0.618
test,2014-06-21,7.268,7.7134,0.4454
test,2014-06-22,9.068,7.7412,-1.3268
test,2014-06-23,10.148,9.5219,-0.6261
test,2014-06-24,10.098,9.69,-0.408
test,2014-06-25,9.654,9.5025,-0.1515
test,2014-06-26,8.906,9.218,0.312
test,2014-06-27,8.3,9.2044,0.9044
test,2014-06-28,8.01,8.294,0.284
test,2014-06-29,7.612,7.9157,0.3037
test,2014-06-30,7.392,7.6483,0.2563
test,2014-07-01,7.048,7.4461,0.3981
test,2014-07-02,6.978,7.0674,0.0894
test,2014-07-03,6.928,7.0448,0.1168
test,2014-07-04,6.886,7.1841,0.2981
test,2014-07-05,7.056,7.1012,0.0452
test,2014-07-06,7.008,7.1607,0.1527
test,2014-07-07,6.942,6.9911,0.0491
test,2014-07-08,6.872,6.9656,0.0936
test,2014-07-09,6.664,6.9184,0.2544
test,2014-07-10,6.566,6.7461,0.1801
test,2014-07-11,6.49,6.6308,0.1408
test,2014-07-12,6.428,6.5256,0.0976
test,2014-07-13,6.398,6.4394,0.0414
test,2014-07-14,6.356,6.3691,0.0131
test,2014-07-15,6.308,6.3232,0.0152
test,2014-07-16,6.288,6.3085,0.0205
test,2014-07-17,6.282,6.503,0.221
test,2014-07-18,6.248,6.3976,0.1496
test,2014-07-19,6.222,6.2966,0.0746
test,2014-07-20,6.188,6.238,0.05
test,2014-07-21,6.168,6.2029,0.0349
test,2014-07-22,6.158,6.3307,0.1727
test,2014-07-23,6.146,6.4741,0.3281
test,2014-07-24,6.108,6.457,0.349
test,2014-07-25,6.088,6.3136,0.2256
test,2014-07-26,6.078,6.2353,0.1573
test,2014-07-27,6.2,6.2158,0.0158
test,2014-07-28,6.95,6.3304,-0.6196
test,2014-07-29,6.72,6.7901,0.0701
test,2014-07-30,6.522,6.6215,0.0995
test,2014-07-31,6.472,6.5094,0.0374
test,2014-08-01,6.428,6.5207,0.0927
test,2014-08-02,6.358,6.4839,0.1259
test,2014-08-03,6.29,6.4006,0.1106
test,2014-08-04,6.268,6.4027,0.1347
test,2014-08-05,6.208,6.4235,0.2155
test,2014-08-06,6.268,6.3893,0.1213
test,2014-08-07,6.288,6.4355,0.1475
test,2014-08-08,6.272,6.3872,0.1152
test,2014-08-09,6.204,6.3198,0.1158
test,2014-08-10,6.188,6.2794,0.0914
test,2014-08-11,6.188,6.3279,0.1399
test,2014-08-12,6.168,6.3756,0.2076
test,2014-08-13,6.346,6.3773,0.0313
test,2014-08-14,7.106,6.6673,-0.4387
test,2014-08-15,8.232,7.5016,-0.7304
test,2014-08-16,8.692,8.8155,0.1235
test,2014-08-17,8.016,9.0009,0.9849
test,2014-08-18,7.39,8.0347,0.6447
test,2014-08-19,7.22,7.3855,0.1655
test,2014-08-20,7.19,7.5642,0.3742
test,2014-08-21,7.432,7.382,-0.05
test,2014-08-22,7.238,7.4734,0.2354
test,2014-08-23,7.47,7.2125,-0.2575
test,2014-08-24,7.02,7.4891,0.4691
test,2014-08-25,6.628,6.8969,0.2689
test,2014-08-26,6.628,6.6769,0.0489
test,2014-08-27,6.598,6.7019,0.1039
test,2014-08-28,6.472,6.6333,0.1613
test,2014-08-29,7.408,6.5546,-0.8534
test,2014-08-30,7.644,7.36,-0.284
test,2014-08-31,7.768,7.7497,-0.0183
test,2014-09-01,7.674,7.7306,0.0566
test,2014-09-02,7.088,7.447,0.359
test,2014-09-03,6.644,7.018,0.374
test,2014-09-04,6.614,6.7715,0.1575
test,2014-09-05,6.688,6.7074,0.0194
test,2014-09-06,6.588,6.6721,0.0841
test,2014-09-07,6.418,6.5775,0.1595
test,2014-09-08,6.358,6.4901,0.1321
test,2014-09-09,6.172,6.4692,0.2972
test,2014-09-10,6.128,6.3493,0.2213
test,2014-09-11,6.186,6.2413,0.0553
test,2014-09-12,6.138,6.175,0.037
test,2014-09-13,6.104,6.1233,0.0193
test,2014-09-14,6.078,6.1254,0.0474
test,2014-09-15,6.064,6.1515,0.0875
test,2014-09-16,6.054,6.1767,0.1227
test,2014-09-17,6.066,6.1752,0.1092
test,2014-09-18,5.95,6.1454,0.1954
test,2014-09-19,5.926,6.0974,0.1714
test,2014-09-20,7.208,6.1401,-1.0679
test,2014-09-21,6.76,7.1943,0.4343
test,2014-09-22,7.024,6.7178,-0.3062
test,2014-09-23,7.748,7.1805,-0.5675
test,2014-09-24,8.814,8.093,-0.721
test,2014-09-25,8.466,8.3679,-0.0981
test,2014-09-26,7.828,8.0702,0.2422
test,2014-09-27,7.448,7.6169,0.1689
test,2014-09-28,7.286,7.3139,0.0279
test,2014-09-29,7.052,7.14,0.088
test,2014-09-30,6.84,6.9759,0.1359
test,2014-10-01,6.668,6.8514,0.1834
test,2014-10-02,6.518,6.7598,0.2418
test,2014-10-03,6.428,6.6661,0.2381
test,2014-10-04,6.348,6.5787,0.2307
test,2014-10-05,6.27,6.5003,0.2303
test,2014-10-06,6.224,6.4168,0.1928
test,2014-10-07,6.192,6.3526,0.1606
test,2014-10-08,6.178,6.3281,0.1501
test,2014-10-09,6.16,6.3565,0.1965
test,2014-10-10,6.13,6.3396,0.2096
test,2014-10-11,6.118,6.3051,0.1871
test,2014-10-12,6.168,6.3363,0.1683
test,2014-10-13,6.25,6.4652,0.2152
test,2014-10-14,6.614,6.4115,-0.2025
test,2014-10-15,6.47,6.5191,0.0491
test,2014-10-16,6.358,6.4622,0.1042
test,2014-10-17,6.228,6.4376,0.2096
test,2014-10-18,6.18,6.3393,0.1593
test,2014-10-19,6.138,6.2285,0.0905
test,2014-10-20,6.148,6.1503,0.0023
test,2014-10-21,6.166,6.1259,-0.0401
test,2014-10-22,6.158,6.1338,-0.0242
test,2014-10-23,6.146,6.1283,-0.0177
test,2014-10-24,6.112,6.143,0.031
test,2014-10-25,6.09,6.1613,0.0713
test,2014-10-26,6.048,6.1756,0.1276
test,2014-10-27,6.038,6.1978,0.1598
test,2014-10-28,6.008,6.3297,0.3217
test,2014-10-29,6.018,6.3533,0.3353
test,2014-10-30,6.036,6.2384,0.2024
test,2014-10-31,6.058,6.1654,0.1074
test,2014-11-01,6.038,6.1404,0.1024
test,2014-11-02,5.962,6.1066,0.1446
test,2014-11-03,5.446,6.0718,0.6258
test,2014-11-04,5.568,5.9432,0.3752
test,2014-11-05,5.498,5.8596,0.3616
test,2014-11-06,5.478,5.7927,0.3147
test,2014-11-07,5.468,5.7489,0.2809
test,2014-11-08,5.464,5.7606,0.2966
test,2014-11-09,5.48,5.7793,0.2993
test,2014-11-10,5.636,5.8139,0.1779
test,2014-11-11,5.788,5.8253,0.0373
test,2014-11-12,5.668,5.849,0.181
test,2014-11-13,5.558,5.8412,0.2832
test,2014-11-14,5.518,5.8253,0.3073
test,2014-11-15,5.518,5.8093,0.2913
test,2014-11-16,5.508,5.7887,0.2807
test,2014-11-17,5.548,5.7787,0.2307
test,2014-11-18,5.574,5.7829,0.2089
test,2014-11-19,5.548,5.7971,0.2491
test,2014-11-20,5.538,5.793,0.255
test,2014-11-21,5.528,5.7929,0.2649
test,2014-11-22,5.528,5.8073,0.2793
test,2014-11-23,5.522,5.8147,0.2927
test,2014-11-24,5.518,5.8056,0.2876
test,2014-11-25,5.504,5.7992,0.2952
test,2014-11-26,5.488,5.7926,0.3046
test,2014-11-27,5.478,5.7942,0.3162
test,2014-11-28,5.468,5.8044,0.3364
test,2014-11-29,5.458,5.8049,0.3469
test,2014-11-30,5.448,5.799,0.351
test,2014-12-01,5.438,5.7914,0.3534
test,2014-12-02,5.428,5.7746,0.3466
test,2014-12-03,5.418,5.7868,0.3688
test,2014-12-04,5.418,5.8023,0.3843
test,2014-12-05,5.418,5.7975,0.3795
test,2014-12-06,5.448,5.7674,0.3194
test,2014-12-07,5.506,5.7491,0.2431
test,2014-12-08,5.468,5.7731,0.3051
test,2014-12-09,5.458,5.7887,0.3307
test,2014-12-10,5.448,5.7921,0.3441
test,2014-12-11,5.448,5.7784,0.3304
test,2014-12-12,5.438,5.7732,0.3352
test,2014-12-13,5.428,5.774,0.346
test,2014-12-14,5.424,5.766,0.342
test,2014-12-15,5.392,5.7592,0.3672
test,2014-12-16,5.368,5.7721,0.4041
test,2014-12-17,5.348,5.7736,0.4256
test,2014-12-18,5.338,5.7518,0.4138
test,2014-12-19,5.328,5.7493,0.4213
test,2014-12-20,5.328,5.731,0.403
test,2014-12-21,5.312,5.7085,0.3965
test,2014-12-22,5.27,5.6961,0.4261
test,2014-12-23,5.236,5.6918,0.4558
test,2014-12-24,5.21,5.6741,0.4641
test,2014-12-25,5.194,5.6612,0.4672
test,2014-12-26,5.18,5.6456,0.4656
test,2014-12-27,5.148,5.6384,0.4904
test,2014-12-28,5.138,5.6453,0.5073
test,2014-12-29,5.128,5.6352,0.5072
test,2014-12-30,5.118,5.6174,0.4994
test,2014-12-31,5.108,5.6093,0.5013
test,2015-01-01,5.098,5.6778,0.5798
test,2015-01-02,5.088,5.691,0.603
test,2015-01-03,5.078,5.6661,0.5881
test,2015-01-04,5.068,5.6057,0.5377
test,2015-01-05,5.068,5.5826,0.5146
test,2015-01-06,5.058,5.5961,0.5381
test,2015-01-07,5.056,5.5939,0.5379
test,2015-01-08,5.048,5.5844,0.5364
test,2015-01-09,5.038,5.5783,0.5403
test,2015-01-10,5.038,5.5793,0.5413
test,2015-01-11,5.022,5.5887,0.5667
test,2015-01-12,4.958,5.5913,0.6333
test,2015-01-13,4.926,5.5699,0.6439
test,2015-01-14,4.878,5.5469,0.6689
test,2015-01-15,4.868,5.5171,0.6491
test,2015-01-16,4.868,5.5045,0.6365
test,2015-01-17,4.868,5.4801,0.6121
test,2015-01-18,4.868,5.4965,0.6285
test,2015-01-19,4.886,5.5249,0.6389
test,2015-01-20,4.878,5.5334,0.6554
test,2015-01-21,4.868,5.5453,0.6773
test,2015-01-22,4.898,5.5392,0.6412
test,2015-01-23,4.902,5.5199,0.6179
test,2015-01-24,4.93,5.5228,0.5928
test,2015-01-25,4.946,5.5379,0.5919
test,2015-01-26,4.928,5.5445,0.6165
test,2015-01-27,4.918,5.5377,0.6197
test,2015-01-28,4.91,5.5197,0.6097
test,2015-01-29,4.948,5.5088,0.5608
test,2015-01-30,5.01,5.5137,0.5037
test,2015-01-31,5.066,5.5413,0.4753
test,2015-02-01,5.088,5.6128,0.5248
test,2015-02-02,5.088,5.6157,0.5277
test,2015-02-03,5.078,5.6221,0.5441
test,2015-02-04,5.078,5.614,0.536
test,2015-02-05,5.068,5.5936,0.5256
test,2015-02-06,5.068,5.5779,0.5099
test,2015-02-07,5.062,5.5819,0.5199
test,2015-02-08,5.058,5.593,0.535
test,2015-02-09,5.048,5.5847,0.5367
test,2015-02-10,5.038,5.5779,0.5399
test,2015-02-11,5.028,5.5632,0.5352
test,2015-02-12,5.028,5.5575,0.5295
test,2015-02-13,5.018,5.5551,0.5371
test,2015-02-14,5.008,5.5394,0.5314
test,2015-02-15,5.008,5.5301,0.5221
test,2015-02-16,5.018,5.5409,0.5229
test,2015-02-17,5.028,5.5379,0.5099
test,2015-02-18,5.038,5.5303,0.4923
test,2015-02-19,5.048,5.5093,0.4613
test,2015-02-20,5.064,5.533,0.469
test,2015-02-21,5.038,5.5554,0.5174
test,2015-02-22,4.998,5.5303,0.5323
test,2015-02-23,4.958,5.5212,0.5632
test,2015-02-24,4.948,5.5027,0.5547
test,2015-02-25,4.938,5.4593,0.5213
test,2015-02-26,4.928,5.4452,0.5172
test,2015-02-27,4.908,5.4302,0.5222
test,2015-02-28,4.898,5.4371,0.5391
test,2015-03-01,4.918,5.4226,0.5046
test,2015-03-02,4.858,5.4001,0.5421
test,2015-03-03,4.848,5.4032,0.5552
test,2015-03-04,4.856,5.3893,0.5333
test,2015-03-05,4.934,5.4661,0.5321
test,2015-03-06,5.0,5.5196,0.5196
test,2015-03-07,4.978,5.5159,0.5379
test,2015-03-08,4.968,5.5012,0.5332
test,2015-03-09,4.958,5.4886,0.5306
test,2015-03-10,4.958,5.4737,0.5157
test,2015-03-11,4.948,5.4619,0.5139
test,2015-03-12,4.948,5.466,0.518
test,2015-03-13,4.938,5.4613,0.5233
test,2015-03-14,4.938,5.446,0.508
test,2015-03-15,4.908,5.4387,0.5307
test,2015-03-16,4.848,5.4301,0.5821
test,2015-03-17,4.808,5.428,0.62
test,2015-03-18,4.808,5.3946,0.5866
test,2015-03-19,4.82,5.3745,0.5545
test,2015-03-20,4.858,5.3954,0.5374
test,2015-03-21,4.822,5.4082,0.5862
test,2015-03-22,4.788,5.395,0.607
test,2015-03-23,4.788,5.3788,0.5908
test,2015-03-24,4.788,5.366,0.578
test,2015-03-25,4.778,5.3527,0.5747
test,2015-03-26,4.818,5.3756,0.5576
test,2015-03-27,4.908,5.4016,0.4936
test,2015-03-28,4.968,5.4288,0.4608
test,2015-03-29,4.946,5.4888,0.5428
test,2015-03-30,4.858,5.5041,0.6461
test,2015-03-31,4.76,5.4734,0.7134
test,2015-04-01,4.758,5.4712,0.7132
test,2015-04-02,4.946,5.504,0.558
test,2015-04-03,5.24,5.7448,0.5048
test,2015-04-04,5.806,6.012,0.206
test,2015-04-05,5.756,6.1543,0.3983
test,2015-04-06,5.538,6.1242,0.5862
test,2015-04-07,5.948,6.1977,0.2497
test,2015-04-08,5.724,6.2347,0.5107
test,2015-04-09,5.646,5.9823,0.3363
test,2015-04-10,5.496,5.9186,0.4226
test,2015-04-11,5.31,5.8466,0.5366
test,2015-04-12,5.118,5.783,0.665
test,2015-04-13,5.008,5.6939,0.6859
test,2015-04-14,4.918,5.6108,0.6928
test,2015-04-15,4.838,5.5564,0.7184
test,2015-04-16,4.748,5.5156,0.7676
test,2015-04-17,4.708,5.4311,0.7231
test,2015-04-18,4.71,5.3968,0.6868
test,2015-04-19,4.866,5.3781,0.5121
test,2015-04-20,5.472,5.4273,-0.0447
test,2015-04-21,5.268,5.6899,0.4219
test,2015-04-22,5.182,5.6843,0.5023
test,2015-04-23,5.212,5.7473,0.5353
test,2015-04-24,6.192,5.9422,-0.2498
test,2015-04-25,5.788,6.9008,1.1128
test,2015-04-26,5.47,6.3042,0.8342
test,2015-04-27,5.252,6.0333,0.7813
test,2015-04-28,5.172,5.9307,0.7587
test,2015-04-29,5.204,5.8128,0.6088
test,2015-04-30,5.118,5.7439,0.6259
test,2015-05-01,5.76,5.7104,-0.0496
test,2015-05-02,5.592,5.9764,0.3844
test,2015-05-03,5.35,5.9301,0.5801
test,2015-05-04,5.218,5.8452,0.6272
test,2015-05-05,5.132,5.7601,0.6281
test,2015-05-06,5.072,5.6871,0.6151
test,2015-05-07,5.034,5.618,0.584
test,2015-05-08,5.026,5.5576,0.5316
test,2015-05-09,5.268,5.5572,0.2892
test,2015-05-10,5.14,5.6092,0.4692
test,2015-05-11,5.05,5.607,0.557
test,2015-05-12,5.232,5.6104,0.3784
test,2015-05-13,5.282,5.666,0.384
test,2015-05-14,5.204,5.6672,0.4632
test,2015-05-15,5.108,5.6222,0.5142
test,2015-05-16,5.062,5.6099,0.5479
test,2015-05-17,5.236,5.5869,0.3509
test,2015-05-18,5.148,5.6486,0.5006
test,2015-05-19,6.018,5.631,-0.387
test,2015-05-20,6.038,5.9613,-0.0767
test,2015-05-21,5.352,6.0388,0.6868
test,2015-05-22,5.136,5.8309,0.6949
test,2015-05-23,5.036,5.7187,0.6827
test,2015-05-24,5.372,5.6074,0.2354
test,2015-05-25,6.21,5.7045,-0.5055
test,2015-05-26,5.75,6.2533,0.5033
test,2015-05-27,5.382,6.0295,0.6475
test,2015-05-28,5.29,5.8923,0.6023
test,2015-05-29,5.494,5.8089,0.3149
test,2015-05-30,5.866,5.818,-0.048
test,2015-05-31,6.166,5.972,-0.194
test,2015-06-01,5.868,6.2072,0.3392
test,2015-06-02,5.556,6.1149,0.5589
test,2015-06-03,5.37,5.9856,0.6156
test,2015-06-04,5.334,5.8617,0.5277
test,2015-06-05,5.198,5.7567,0.5587
test,2015-06-06,5.088,5.6593,0.5713
test,2015-06-07,5.062,5.6144,0.5524
test,2015-06-08,5.03,5.5993,0.5693
test,2015-06-09,4.982,5.5819,0.5999
test,2015-06-10,4.948,5.5736,0.6256
test,2015-06-11,5.018,5.5785,0.5605
test,2015-06-12,6.616,5.6914,-0.9246
test,2015-06-13,6.184,6.812,0.628
test,2015-06-14,5.652,6.5793,0.9273
test,2015-06-15,5.616,6.2974,0.6814
test,2015-06-16,5.574,6.2477,0.6737
test,2015-06-17,5.78,6.1129,0.3329
test,2015-06-18,5.49,6.1,0.61
test,2015-06-19,5.326,5.8849,0.5589
test,2015-06-20,5.526,5.8153,0.2893
test,2015-06-21,6.124,5.8698,-0.2542
test,2015-06-22,5.732,6.2055,0.4735
test,2015-06-23,5.828,6.2008,0.3728
test,2015-06-24,6.292,6.492,0.2
test,2015-06-25,6.726,6.8863,0.1603
test,2015-06-26,6.68,7.3862,0.7062
test,2015-06-27,7.19,7.4106,0.2206
test,2015-06-28,7.35,7.4696,0.1196
test,2015-06-29,6.912,7.1839,0.2719
test,2015-06-30,6.572,6.8613,0.2893
test,2015-07-01,6.264,6.6592,0.3952
test,2015-07-02,6.034,6.5247,0.4907
test,2015-07-03,5.834,6.4018,0.5678
test,2015-07-04,5.816,6.212,0.396
test,2015-07-05,5.696,6.1227,0.4267
test,2015-07-06,5.868,6.0486,0.1806
test,2015-07-07,5.662,6.1367,0.4747
test,2015-07-08,6.94,5.9867,-0.9533
test,2015-07-09,7.992,7.3754,-0.6166
test,2015-07-10,8.044,8.6053,0.5613
test,2015-07-11,7.996,7.9227,-0.0733
test,2015-07-12,7.336,7.7949,0.4589
test,2015-07-13,6.844,7.2728,0.4288
test,2015-07-14,6.548,6.9988,0.4508
test,2015-07-15,6.276,6.7286,0.4526
test,2015-07-16,6.732,6.4965,-0.2355
test,2015-07-17,6.868,7.0909,0.2229
test,2015-07-18,7.624,7.1973,-0.4267
test,2015-07-19,8.538,8.0818,-0.4562
test,2015-07-20,9.33,9.0657,-0.2643
test,2015-07-21,8.782,9.3415,0.5595
test,2015-07-22,8.316,8.3062,-0.0098
test,2015-07-23,7.748,8.1691,0.4211
test,2015-07-24,7.624,7.8763,0.2523
test,2015-07-25,8.736,8.1925,-0.5435
test,2015-07-26,8.716,9.7222,1.0062
test,2015-07-27,8.514,9.3072,0.7932
test,2015-07-28,8.43,8.7014,0.2714
test,2015-07-29,8.622,8.6269,0.0049
test,2015-07-30,8.7,8.8798,0.1798
test,2015-07-31,7.924,9.3376,1.4136
test,2015-08-01,8.642,8.4382,-0.2038
test,2015-08-02,8.838,9.0581,0.2201
test,2015-08-03,8.352,8.4678,0.1158
test,2015-08-04,7.596,7.9154,0.3194
test,2015-08-05,7.208,7.426,0.218
test,2015-08-06,6.922,7.2306,0.3086
test,2015-08-07,6.646,6.9924,0.3464
test,2015-08-08,6.448,6.758,0.31
test,2015-08-09,6.17,6.6235,0.4535
test,2015-08-10,6.066,6.48,0.414
test,2015-08-11,6.008,6.3841,0.3761
test,2015-08-12,5.988,6.2672,0.2792
test,2015-08-13,5.966,6.1966,0.2306
test,2015-08-14,5.948,6.1259,0.1779
test,2015-08-15,5.932,6.0642,0.1322
test,2015-08-16,6.178,6.0633,-0.1147
test,2015-08-17,6.034,6.1461,0.1121
test,2015-08-18,6.514,6.1831,-0.3309
test,2015-08-19,7.272,6.5644,-0.7076
test,2015-08-20,7.996,7.6235,-0.3725
test,2015-08-21,8.936,8.3618,-0.5742
test,2015-08-22,8.576,8.846,0.27
test,2015-08-23,7.78,8.1384,0.3584
test,2015-08-24,7.23,7.4509,0.2209
test,2015-08-25,6.908,7.1519,0.2439
test,2015-08-26,6.626,6.9792,0.3532
test,2015-08-27,6.4,6.7548,0.3548
test,2015-08-28,6.288,6.589,0.301
test,2015-08-29,6.19,6.5302,0.3402
test,2015-08-30,6.286,6.4833,0.1973
test,2015-08-31,6.67,6.5231,-0.1469
test,2015-09-01,8.684,7.0358,-1.6482
test,2015-09-02,9.41,9.7023,0.2923
test,2015-09-03,8.878,9.9925,1.1145
test,2015-09-04,8.548,9.0749,0.5269
test,2015-09-05,7.978,8.5437,0.5657
test,2015-09-06,7.582,7.9707,0.3887
test,2015-09-07,7.288,7.6411,0.3531
test,2015-09-08,7.108,7.3427,0.2347
test,2015-09-09,7.146,7.124,-0.022
test,2015-09-10,6.878,7.1657,0.2877
test,2015-09-11,7.18,7.0239,-0.1561
test,2015-09-12,6.828,7.1728,0.3448
test,2015-09-13,8.284,6.8893,-1.3947
test,2015-09-14,7.96,8.053,0.093
test,2015-09-15,8.67,7.5581,-1.1119
test,2015-09-16,8.294,8.2594,-0.0346
test,2015-09-17,8.058,7.8439,-0.2141
test,2015-09-18,7.77,7.8168,0.0468
test,2015-09-19,7.636,7.6706,0.0346
test,2015-09-20,7.588,7.8299,0.2419
test,2015-09-21,7.322,7.7325,0.4105
test,2015-09-22,7.558,7.4327,-0.1253
test,2015-09-23,8.894,7.8797,-1.0143
test,2015-09-24,9.918,9.5977,-0.3203
test,2015-09-25,9.678,10.2238,0.5458
test,2015-09-26,9.304,9.2137,-0.0903
test,2015-09-27,8.86,8.7129,-0.1471
test,2015-09-28,8.44,8.4071,-0.0329
test,2015-09-29,7.954,8.093,0.139
test,2015-09-30,7.788,7.7538,-0.0342
test,2015-10-01,7.424,7.6251,0.2011
test,2015-10-02,7.194,7.4908,0.2968
test,2015-10-03,7.124,7.4444,0.3204
test,2015-10-04,6.94,7.3586,0.4186
test,2015-10-05,6.876,7.1794,0.3034
test,2015-10-06,6.748,7.0792,0.3312
test,2015-10-07,6.674,6.9495,0.2755
test,2015-10-08,6.868,6.881,0.013
test,2015-10-09,7.216,7.6061,0.3901
test,2015-10-10,7.212,7.5317,0.3197
test,2015-10-11,6.964,7.1703,0.2063
test,2015-10-12,6.78,7.0196,0.2396
test,2015-10-13,6.75,6.98,0.23
test,2015-10-14,6.682,7.0011,0.3191
test,2015-10-15,6.542,6.9055,0.3635
test,2015-10-16,6.4,6.755,0.355
test,2015-10-17,6.33,6.6325,0.3025
test,2015-10-18,6.186,6.537,0.351
test,2015-10-19,6.068,6.4253,0.3573
test,2015-10-20,5.998,6.2952,0.2972
test,2015-10-21,5.946,6.2034,0.2574
test,2015-10-22,5.914,6.0994,0.1854
test,2015-10-23,5.888,6.0344,0.1464
test,2015-10-24,5.886,5.9893,0.1033
test,2015-10-25,5.85,6.0059,0.1559
test,2015-10-26,5.816,5.9998,0.1838
test,2015-10-27,5.794,5.972,0.178
test,2015-10-28,5.776,5.9467,0.1707
test,2015-10-29,5.758,5.9256,0.1676
test,2015-10-30,5.758,5.9146,0.1566
test,2015-10-31,5.738,5.955,0.217
test,2015-11-01,5.728,6.0878,0.3598
test,2015-11-02,5.728,6.066,0.338
test,2015-11-03,5.716,5.995,0.279
test,2015-11-04,5.698,5.9181,0.2201
test,2015-11-05,5.694,5.8847,0.1907
test,2015-11-06,5.678,5.8608,0.1828
test,2015-11-07,5.68,5.8291,0.1491
test,2015-11-08,5.712,5.8381,0.1261
test,2015-11-09,5.718,5.838,0.12
test,2015-11-10,5.708,5.8435,0.1355
test,2015-11-11,5.702,5.8525,0.1505
test,2015-11-12,5.688,5.8707,0.1827
test,2015-11-13,5.678,5.8804,0.2024
test,2015-11-14,5.656,5.8798,0.2238
test,2015-11-15,5.58,5.8813,0.3013
test,2015-11-16,5.564,5.8731,0.3091
test,2015-11-17,5.548,5.8677,0.3197
test,2015-11-18,5.548,5.8917,0.3437
test,2015-11-19,5.538,5.9545,0.4165
test,2015-11-20,5.528,5.9006,0.3726
test,2015-11-21,5.518,5.8306,0.3126
test,2015-11-22,5.508,5.7979,0.2899
test,2015-11-23,5.52,5.783,0.263
test,2015-11-24,5.556,5.7842,0.2282
test,2015-11-25,5.558,5.7995,0.2415
test,2015-11-26,5.538,5.8129,0.2749
test,2015-11-27,5.508,5.8133,0.3053
test,2015-11-28,5.508,5.8051,0.2971
test,2015-11-29,5.536,5.8087,0.2727
test,2015-11-30,5.558,5.8103,0.2523
test,2015-12-01,5.558,5.8146,0.2566
test,2015-12-02,5.548,5.8114,0.2634
test,2015-12-03,5.548,5.8633,0.3153
test,2015-12-04,5.548,5.8891,0.3411
test,2015-12-05,5.558,5.8896,0.3316
test,2015-12-06,5.558,5.85,0.292
test,2015-12-07,5.558,5.8238,0.2658
test,2015-12-08,5.548,5.8639,0.3159
test,2015-12-09,5.548,5.8824,0.3344
test,2015-12-10,5.548,5.8669,0.3189
test,2015-12-11,5.528,5.8474,0.3194
test,2015-12-12,5.528,5.8337,0.3057
test,2015-12-13,5.528,5.8498,0.3218
test,2015-12-14,5.518,5.8837,0.3657
test,2015-12-15,5.518,5.8686,0.3506
test,2015-12-16,5.518,5.8478,0.3298
test,2015-12-17,5.508,5.8403,0.3323
test,2015-12-18,5.508,5.8269,0.3189
test,2015-12-19,5.508,5.8667,0.3587
test,2015-12-20,5.498,5.8872,0.3892
test,2015-12-21,5.498,5.8609,0.3629
test,2015-12-22,5.498,5.8513,0.3533
test,2015-12-23,5.498,5.849,0.351
test,2015-12-24,5.488,5.8386,0.3506
test,2015-12-25,5.488,5.8314,0.3434
test,2015-12-26,5.488,5.8441,0.3561
test,2015-12-27,5.488,5.8667,0.3787
test,2015-12-28,5.488,5.8403,0.3523
test,2015-12-29,5.478,5.8307,0.3527
test,2015-12-30,5.478,5.8228,0.3448
test,2015-12-31,5.468,5.82,0.352
test,2016-01-01,5.48,5.8116,0.3316
test,2016-01-02,5.578,5.8067,0.2287
test,2016-01-03,5.608,5.8109,0.2029
test,2016-01-04,5.602,5.8304,0.2284
test,2016-01-05,5.598,5.8523,0.2543
test,2016-01-06,5.598,5.8533,0.2553
test,2016-01-07,5.62,5.8512,0.2312
test,2016-01-08,5.658,5.8521,0.1941
test,2016-01-09,5.658,5.8629,0.2049
test,2016-01-10,5.658,5.88,0.222
test,2016-01-11,5.648,5.902,0.254
test,2016-01-12,5.648,5.8925,0.2445
test,2016-01-13,5.676,5.8784,0.2024
test,2016-01-14,5.68,5.8843,0.2043
test,2016-01-15,5.728,5.8954,0.1674
test,2016-01-16,5.728,5.9093,0.1813
test,2016-01-17,5.738,5.9093,0.1713
test,2016-01-18,5.738,5.9266,0.1886
test,2016-01-19,5.728,5.9238,0.1958
test,2016-01-20,5.728,5.9121,0.1841
test,2016-01-21,5.706,5.9359,0.2299
test,2016-01-22,5.618,6.0018,0.3838
test,2016-01-23,5.556,5.9647,0.4087
test,2016-01-24,5.528,5.9043,0.3763
test,2016-01-25,5.518,5.8721,0.3541
test,2016-01-26,5.518,5.8389,0.3209
test,2016-01-27,5.518,5.8236,0.3056
test,2016-01-28,5.518,5.8168,0.2988
test,2016-01-29,5.518,5.7968,0.2788
test,2016-01-30,5.508,5.7994,0.2914
test,2016-01-31,5.508,5.785,0.277
test,2016-02-01,5.508,5.788,0.28
test,2016-02-02,5.508,5.7845,0.2765
test,2016-02-03,5.498,5.7909,0.2929
test,2016-02-04,5.498,5.7768,0.2788
test,2016-02-05,5.492,5.7687,0.2767
test,2016-02-06,5.478,5.7506,0.2726
test,2016-02-07,5.468,5.7275,0.2595
test,2016-02-08,5.468,5.714,0.246
test,2016-02-09,5.468,5.7001,0.2321
test,2016-02-10,5.468,5.6872,0.2192
test,2016-02-11,5.458,5.7119,0.2539
test,2016-02-12,5.458,5.7049,0.2469
test,2016-02-13,5.458,5.7617,0.3037
test,2016-02-14,5.466,5.7967,0.3307
test,2016-02-15,5.478,5.7447,0.2667
test,2016-02-16,5.472,5.7217,0.2497
test,2016-02-17,5.468,5.7074,0.2394
test,2016-02-18,5.468,5.6876,0.2196
test,2016-02-19,5.468,5.6813,0.2133
test,2016-02-20,5.468,5.6711,0.2031
test,2016-02-21,5.458,5.6655,0.2075
test,2016-02-22,5.458,5.6741,0.2161
test,2016-02-23,5.458,5.7093,0.2513
test,2016-02-24,5.53,5.752,0.222
test,2016-02-25,5.67,5.8596,0.1896
test,2016-02-26,5.588,5.8944,0.3064
test,2016-02-27,5.488,5.8191,0.3311
test,2016-02-28,5.338,5.773,0.435
test,2016-02-29,5.318,5.7297,0.4117
test,2016-03-01,5.33,5.6628,0.3328
test,2016-03-02,5.406,5.605,0.199
test,2016-03-03,5.394,5.6132,0.2192
test,2016-03-04,5.196,5.6238,0.4278
test,2016-03-05,5.296,5.5949,0.2989
test,2016-03-06,5.312,5.5892,0.2772
test,2016-03-07,5.254,5.58,0.326
test,2016-03-08,5.388,5.5649,0.1769
test,2016-03-09,5.262,5.5699,0.3079
test,2016-03-10,5.322,5.5619,0.2399
test,2016-03-11,5.344,5.5781,0.2341
test,2016-03-12,5.33,5.5952,0.2652
test,2016-03-13,5.374,5.5837,0.2097
test,2016-03-14,5.368,5.5967,0.2287
test,2016-03-15,5.332,5.5907,0.2587
test,2016-03-16,5.242,5.5889,0.3469
test,2016-03-17,5.184,5.5586,0.3746
test,2016-03-18,5.142,5.5546,0.4126
test,2016-03-19,5.108,5.5202,0.4122
test,2016-03-20,5.094,5.4547,0.3607
test,2016-03-21,5.084,5.5153,0.4313
test,2016-03-22,5.182,5.5372,0.3552
test,2016-03-23,5.844,5.5387,-0.3053
test,2016-03-24,5.334,5.7595,0.4255
test,2016-03-25,5.348,5.6744,0.3264
test,2016-03-26,5.198,5.6508,0.4528
test,2016-03-27,5.048,5.5833,0.5353
test,2016-03-28,5.066,5.5336,0.4676
test,2016-03-29,5.858,5.5082,-0.3498
test,2016-03-30,5.868,5.9091,0.0411
test,2016-03-31,5.568,6.0028,0.4348
test,2016-04-01,5.448,6.038,0.59
test,2016-04-02,5.848,6.0337,0.1857
test,2016-04-03,5.566,6.0902,0.5242
test,2016-04-04,5.67,5.9071,0.2371
test,2016-04-05,6.564,6.0135,-0.5505
test,2016-04-06,6.06,6.4931,0.4331
test,2016-04-07,5.728,6.1391,0.4111
test,2016-04-08,5.48,5.9808,0.5008
test,2016-04-09,5.5,5.8187,0.3187
test,2016-04-10,5.4,5.7462,0.3462
test,2016-04-11,5.21,5.6731,0.4631
test,2016-04-12,5.114,5.6085,0.4945
test,2016-04-13,5.082,5.5586,0.4766
test,2016-04-14,5.068,5.5417,0.4737
test,2016-04-15,5.042,5.5141,0.4721
test,2016-04-16,4.966,5.4978,0.5318
test,2016-04-17,4.862,5.5238,0.6618
test,2016-04-18,4.824,5.4487,0.6247
test,2016-04-19,4.808,5.4643,0.6563
test,2016-04-20,4.788,5.4105,0.6225
test,2016-04-21,4.802,5.4452,0.6432
test,2016-04-22,4.826,5.3777,0.5517
test,2016-04-23,4.89,5.4024,0.5124
test,2016-04-24,4.992,5.4367,0.4447
test,2016-04-25,4.97,5.4707,0.5007
test,2016-04-26,4.918,5.4889,0.5709
test,2016-04-27,4.9,5.4514,0.5514
test,2016-04-28,4.862,5.4219,0.5599
test,2016-04-29,4.83,5.4126,0.5826
test,2016-04-30,4.9,5.4034,0.5034
test,2016-05-01,4.91,5.396,0.486
test,2016-05-02,4.886,5.4146,0.5286
test,2016-05-03,5.57,5.5749,0.0049
test,2016-05-04,5.248,5.9408,0.6928
test,2016-05-05,5.184,5.7539,0.5699
test,2016-05-06,5.448,5.7393,0.2913
test,2016-05-07,5.158,5.8083,0.6503
test,2016-05-08,5.288,5.7102,0.4222
test,2016-05-09,5.242,5.7101,0.4681
test,2016-05-10,5.214,5.6588,0.4448
test,2016-05-11,5.176,5.6431,0.4671
test,2016-05-12,5.118,5.6353,0.5173
test,2016-05-13,5.106,5.6108,0.5048
test,2016-05-14,5.174,5.6695,0.4955
test,2016-05-15,5.532,5.6968,0.1648
test,2016-05-16,5.316,5.8025,0.4865
test,2016-05-17,5.244,5.7538,0.5098
test,2016-05-18,5.228,5.7408,0.5128
test,2016-05-19,5.352,5.7776,0.4256
test,2016-05-20,5.634,5.9365,0.3025
test,2016-05-21,5.96,6.3807,0.4207
test,2016-05-22,7.41,6.8123,-0.5977
test,2016-05-23,7.32,7.2999,-0.0201
test,2016-05-24,7.09,7.078,-0.012
test,2016-05-25,6.736,7.0081,0.2721
test,2016-05-26,6.556,6.9263,0.3703
test,2016-05-27,6.422,6.591,0.169
test,2016-05-28,6.308,6.4396,0.1316
test,2016-05-29,6.218,6.4334,0.2154
test,2016-05-30,6.184,6.3666,0.1826
test,2016-05-31,5.976,6.2741,0.2981
test,2016-06-01,5.676,6.1405,0.4645
test,2016-06-02,5.614,6.0235,0.4095
test,2016-06-03,5.574,5.9389,0.3649
test,2016-06-04,5.542,5.8666,0.3246
test,2016-06-05,5.508,5.7908,0.2828
test,2016-06-06,5.502,5.7928,0.2908
test,2016-06-07,5.478,5.8505,0.3725
test,2016-06-08,5.556,5.9275,0.3715
test,2016-06-09,5.952,5.9893,0.0373
test,2016-06-10,5.894,6.4564,0.5624
test,2016-06-11,5.846,6.2445,0.3985
test,2016-06-12,6.124,6.2606,0.1366
test,2016-06-13,6.584,6.6534,0.0694
test,2016-06-14,6.366,7.1121,0.7461
test,2016-06-15,6.03,6.6212,0.5912
test,2016-06-16,5.952,6.3493,0.3973
test,2016-06-17,5.54,6.3224,0.7824
test,2016-06-18,5.454,6.0137,0.5597
test,2016-06-19,5.4,5.9261,0.5261
test,2016-06-20,5.39,5.8118,0.4218
test,2016-06-21,5.438,5.763,0.325
test,2016-06-22,5.568,5.7425,0.1745
test,2016-06-23,5.46,5.8346,0.3746
test,2016-06-24,5.46,5.8404,0.3804
test,2016-06-25,5.424,5.8373,0.4133
test,2016-06-26,5.408,5.7831,0.3751
test,2016-06-27,5.362,5.7448,0.3828
test,2016-06-28,5.332,5.7424,0.4104
test,2016-06-29,5.466,5.7122,0.2462
test,2016-06-30,5.44,5.7509,0.3109
test,2016-07-01,5.628,5.7546,0.1266
test,2016-07-02,5.442,5.8758,0.4338
test,2016-07-03,5.37,5.8987,0.5287
test,2016-07-04,5.724,5.9823,0.2583
test,2016-07-05,6.916,6.4955,-0.4205
test,2016-07-06,6.89,7.458,0.568
test,2016-07-07,6.574,7.3104,0.7364
test,2016-07-08,6.576,6.7027,0.1267
test,2016-07-09,6.678,6.7442,0.0662
test,2016-07-10,6.708,6.7896,0.0816
test,2016-07-11,6.538,6.8106,0.2726
test,2016-07-12,6.636,6.6155,-0.0205
test,2016-07-13,6.678,6.7276,0.0496
test,2016-07-14,6.664,6.8335,0.1695
test,2016-07-15,6.652,6.7377,0.0857
test,2016-07-16,6.63,6.8955,0.2655
test,2016-07-17,6.816,7.1376,0.3216
test,2016-07-18,7.248,7.2095,-0.0385
test,2016-07-19,8.582,7.4972,-1.0848
test,2016-07-20,8.568,8.8484,0.2804
test,2016-07-21,7.874,8.4973,0.6233
test,2016-07-22,7.31,7.7153,0.4053
test,2016-07-23,6.94,7.439,0.499
test,2016-07-24,6.92,7.1729,0.2529
test,2016-07-25,6.806,7.1546,0.3486
test,2016-07-26,6.47,6.9367,0.4667
test,2016-07-27,6.364,6.5519,0.1879
test,2016-07-28,6.27,6.4787,0.2087
test,2016-07-29,6.136,6.4373,0.3013
test,2016-07-30,6.078,6.3664,0.2884
test,2016-07-31,6.05,6.2346,0.1846
test,2016-08-01,6.76,6.194,-0.566
test,2016-08-02,6.78,6.6773,-0.1027
test,2016-08-03,6.53,6.626,0.096
test,2016-08-04,6.208,6.5003,0.2923
test,2016-08-05,6.014,6.3643,0.3503
test,2016-08-06,5.886,6.2282,0.3422
test,2016-08-07,5.806,6.1157,0.3097
test,2016-08-08,5.732,6.0552,0.3232
test,2016-08-09,5.712,5.9981,0.2861
test,2016-08-10,5.68,5.9937,0.3137
test,2016-08-11,5.688,6.2576,0.5696
test,2016-08-12,5.742,6.1293,0.3873
test,2016-08-13,5.686,6.0202,0.3342
test,2016-08-14,5.48,5.9357,0.4557
test,2016-08-15,5.422,5.8323,0.4103
test,2016-08-16,6.332,5.7736,-0.5584
test,2016-08-17,6.22,6.1191,-0.1009
test,2016-08-18,6.484,6.2809,-0.2031
test,2016-08-19,6.244,6.4361,0.1921
test,2016-08-20,5.838,6.3008,0.4628
test,2016-08-21,5.988,6.1842,0.1962
test,2016-08-22,7.304,6.8493,-0.4547
test,2016-08-23,7.292,7.2555,-0.0365
test,2016-08-24,7.002,7.0304,0.0284
test,2016-08-25,6.47,6.8845,0.4145
test,2016-08-26,6.178,6.6647,0.4867
test,2016-08-27,7.064,6.5191,-0.5449
test,2016-08-28,7.456,7.0061,-0.4499
test,2016-08-29,7.798,7.2296,-0.5684
test,2016-08-30,7.524,7.4467,-0.0773
test,2016-08-31,7.212,7.3868,0.1748
test,2016-09-01,7.39,7.3037,-0.0863
test,2016-09-02,7.38,7.6959,0.3159
test,2016-09-03,7.628,7.4057,-0.2223
test,2016-09-04,7.346,7.5103,0.1643
test,2016-09-05,6.986,7.164,0.178
test,2016-09-06,6.656,7.0268,0.3708
test,2016-09-07,6.336,6.7868,0.4508
test,2016-09-08,6.11,6.5303,0.4203
test,2016-09-09,6.016,6.3402,0.3242
test,2016-09-10,5.942,6.2169,0.2749
test,2016-09-11,5.894,6.1247,0.2307
test,2016-09-12,6.16,6.0985,-0.0615
test,2016-09-13,6.074,6.3699,0.2959
test,2016-09-14,5.968,6.2929,0.3249
test,2016-09-15,6.254,6.1635,-0.0905
test,2016-09-16,6.54,6.2402,-0.2998
test,2016-09-17,6.394,6.4711,0.0771
test,2016-09-18,6.132,6.5604,0.4284
test,2016-09-19,5.918,6.3591,0.4411
test,2016-09-20,5.844,6.257,0.413
test,2016-09-21,6.138,6.2579,0.1199
test,2016-09-22,6.492,6.3127,-0.1793
test,2016-09-23,6.24,6.4603,0.2203
test,2016-09-24,6.066,6.2824,0.2164
test,2016-09-25,5.864,6.1983,0.3343
test,2016-09-26,5.702,6.1145,0.4125
test,2016-09-27,5.872,6.0104,0.1384
test,2016-09-28,6.066,6.0456,-0.0204
test,2016-09-29,5.808,6.1804,0.3724
test,2016-09-30,5.658,6.049,0.391
test,2016-10-01,5.648,5.9992,0.3512
test,2016-10-02,5.634,5.985,0.351
test,2016-10-03,5.92,5.9686,0.0486
test,2016-10-04,6.036,6.1284,0.0924
test,2016-10-05,5.75,6.1945,0.4445
test,2016-10-06,5.606,6.0773,0.4713
test,2016-10-07,5.77,6.0133,0.2433
test,2016-10-08,5.726,6.0359,0.3099
test,2016-10-09,6.216,6.0453,-0.1707
test,2016-10-10,5.912,6.3275,0.4155
test,2016-10-11,5.78,6.2,0.42
test,2016-10-12,5.644,6.4062,0.7622
test,2016-10-13,5.874,6.4516,0.5776
test,2016-10-14,5.806,6.2825,0.4765
test,2016-10-15,5.7,6.1389,0.4389
test,2016-10-16,5.626,6.0431,0.4171
test,2016-10-17,5.546,5.9648,0.4188
test,2016-10-18,5.67,5.9004,0.2304
test,2016-10-19,5.386,5.9121,0.5261
test,2016-10-20,5.252,5.8067,0.5547
test,2016-10-21,5.184,5.7273,0.5433
test,2016-10-22,5.168,5.6743,0.5063
test,2016-10-23,5.158,5.6344,0.4764
test,2016-10-24,5.148,5.6117,0.4637
test,2016-10-25,5.148,5.5927,0.4447
test,2016-10-26,5.142,5.5904,0.4484
test,2016-10-27,5.21,5.624,0.414
test,2016-10-28,5.248,5.6893,0.4413
test,2016-10-29,5.36,5.7543,0.3943
test,2016-10-30,5.376,5.7886,0.4126
test,2016-10-31,5.748,5.7937,0.0457
test,2016-11-01,5.544,5.9008,0.3568
test,2016-11-02,5.328,5.8519,0.5239
test,2016-11-03,5.28,5.7897,0.5097
test,2016-11-04,5.248,5.7488,0.5008
test,2016-11-05,6.064,5.8866,-0.1774
test,2016-11-06,6.686,6.9938,0.3078
test,2016-11-07,8.954,8.0633,-0.8907
test,2016-11-08,9.656,8.6646,-0.9914
test,2016-11-09,8.948,8.8172,-0.1308
test,2016-11-10,8.12,8.4061,0.2861
test,2016-11-11,7.462,7.9444,0.4824
test,2016-11-12,6.854,7.5477,0.6937
test,2016-11-13,6.502,7.2122,0.7102
test,2016-11-14,6.42,6.915,0.495
test,2016-11-15,6.326,6.7591,0.4331
test,2016-11-16,6.052,6.6565,0.6045
test,2016-11-17,5.876,6.5155,0.6395
test,2016-11-18,5.808,6.3862,0.5782
test,2016-11-19,5.804,6.2537,0.4497
test,2016-11-20,5.782,6.1254,0.3434
test,2016-11-21,5.726,6.0252,0.2992
test,2016-11-22,5.704,6.0186,0.3146
test,2016-11-23,5.64,6.0777,0.4377
test,2016-11-24,5.718,6.0728,0.3548
test,2016-11-25,5.688,6.042,0.354
test,2016-11-26,5.62,5.9872,0.3672
test,2016-11-27,5.558,5.9273,0.3693
test,2016-11-28,5.548,5.8598,0.3118
test,2016-11-29,5.5,5.8101,0.3101
test,2016-11-30,5.488,5.7974,0.3094
test,2016-12-01,5.436,5.7711,0.3351
test,2016-12-02,5.372,5.7132,0.3412
test,2016-12-03,5.338,5.6625,0.3245
test,2016-12-04,5.308,5.6322,0.3242
test,2016-12-05,5.32,5.5939,0.2739
test,2016-12-06,5.35,5.5701,0.2201
test,2016-12-07,5.348,5.5721,0.2241
test,2016-12-08,5.348,5.5741,0.2261
test,2016-12-09,5.328,5.5858,0.2578
test,2016-12-10,5.318,5.6035,0.2855
test,2016-12-11,5.364,5.6213,0.2573
test,2016-12-12,5.356,5.644,0.288
test,2016-12-13,5.328,5.6698,0.3418
test,2016-12-14,5.318,5.6796,0.3616
test,2016-12-15,5.308,5.687,0.379
test,2016-12-16,5.306,5.6927,0.3867
test,2016-12-17,5.288,5.6902,0.4022
test,2016-12-18,5.278,5.6786,0.4006
test,2016-12-19,5.308,5.6844,0.3764
test,2016-12-20,5.288,5.6873,0.3993
test,2016-12-21,5.288,5.7166,0.4286
test,2016-12-22,5.278,5.7318,0.4538
test,2016-12-23,5.318,5.7112,0.3932
test,2016-12-24,5.368,5.6993,0.3313
test,2016-12-25,5.368,5.7332,0.3652
test,2016-12-26,5.358,5.7474,0.3894
test,2016-12-27,5.358,5.7481,0.3901
test,2016-12-28,5.348,5.7384,0.3904
test,2016-12-29,5.338,5.7282,0.3902
test,2016-12-30,5.328,5.7122,0.3842
test,2016-12-31,5.318,5.7169,0.3989
test,2017-01-01,5.324,5.7178,0.3938
test,2017-01-02,5.334,5.6958,0.3618
test,2017-01-03,5.332,5.6819,0.3499
test,2017-01-04,5.334,5.6716,0.3376
test,2017-01-05,5.328,5.6712,0.3432
test,2017-01-06,5.36,5.6716,0.3116
test,2017-01-07,5.366,5.6841,0.3181
test,2017-01-08,5.354,5.6894,0.3354
test,2017-01-09,5.342,5.6931,0.3511
test,2017-01-10,5.326,5.6855,0.3595
test,2017-01-11,5.308,5.6833,0.3753
test,2017-01-12,5.256,5.6853,0.4293
test,2017-01-13,5.194,5.6779,0.4839
test,2017-01-14,5.122,5.6758,0.5538
test,2017-01-15,5.168,5.6621,0.4941
test,2017-01-16,5.27,5.6439,0.3739
test,2017-01-17,5.192,5.6491,0.4571
test,2017-01-18,5.224,5.6488,0.4248
test,2017-01-19,5.192,5.6596,0.4676
test,2017-01-20,5.142,5.6464,0.5044
test,2017-01-21,5.182,5.6247,0.4427
test,2017-01-22,5.212,5.6223,0.4103
test,2017-01-23,5.228,5.6196,0.3916
test,2017-01-24,5.238,5.6247,0.3867
test,2017-01-25,5.226,5.6341,0.4081
test,2017-01-26,5.218,5.6313,0.4133
test,2017-01-27,5.206,5.6135,0.4075
test,2017-01-28,5.19,5.5953,0.4053
test,2017-01-29,5.136,5.611,0.475
test,2017-01-30,5.19,5.5965,0.4065
test,2017-01-31,5.172,5.5912,0.4192
test,2017-02-01,5.2,5.5878,0.3878
test,2017-02-02,5.192,5.5941,0.4021
test,2017-02-03,5.136,5.5979,0.4619
test,2017-02-04,5.088,5.5851,0.4971
test,2017-02-05,5.032,5.5586,0.5266
test,2017-02-06,5.016,5.5219,0.5059
test,2017-02-07,5.118,5.4937,0.3757
test,2017-02-08,5.138,5.5006,0.3626
test,2017-02-09,5.194,5.5279,0.3339
test,2017-02-10,5.198,5.5506,0.3526
test,2017-02-11,5.174,5.5655,0.3915
test,2017-02-12,5.142,5.5695,0.4275
test,2017-02-13,5.118,5.5731,0.4551
test,2017-02-14,5.112,5.5694,0.4574
test,2017-02-15,5.098,5.5607,0.4627
test,2017-02-16,5.092,5.5613,0.4693
test,2017-02-17,5.124,5.5382,0.4142
test,2017-02-18,5.108,5.531,0.423
test,2017-02-19,5.088,5.5241,0.4361
test,2017-02-20,5.078,5.4989,0.4209
test,2017-02-21,5.072,5.5111,0.4391
test,2017-02-22,5.088,5.5416,0.4536
test,2017-02-23,5.204,5.5409,0.3369
test,2017-02-24,5.41,5.6244,0.2144
test,2017-02-25,5.342,5.6845,0.3425
test,2017-02-26,5.172,5.6603,0.4883
test,2017-02-27,5.092,5.6219,0.5299
test,2017-02-28,5.064,5.587,0.523
test,2017-03-01,5.102,5.5447,0.4427
test,2017-03-02,5.07,5.5069,0.4369
test,2017-03-03,5.032,5.482,0.45
test,2017-03-04,5.078,5.4643,0.3863
test,2017-03-05,5.1,5.4697,0.3697
test,2017-03-06,5.284,5.5013,0.2173
test,2017-03-07,5.63,5.6661,0.0361
test,2017-03-08,5.482,5.7828,0.3008
test,2017-03-09,5.378,5.7868,0.4088
test,2017-03-10,5.344,5.75,0.406
test,2017-03-11,5.558,5.8066,0.2486
test,2017-03-12,6.256,6.1417,-0.1143
test,2017-03-13,6.11,6.2978,0.1878
test,2017-03-14,5.674,6.0775,0.4035
test,2017-03-15,5.234,5.9679,0.7339
test,2017-03-16,5.188,5.8328,0.6448
test,2017-03-17,5.178,5.7034,0.5254
test,2017-03-18,5.204,5.6044,0.4004
test,2017-03-19,5.308,5.5407,0.2327
test,2017-03-20,5.258,5.6087,0.3507
test,2017-03-21,5.306,5.6714,0.3654
test,2017-03-22,5.216,5.7236,0.5076
test,2017-03-23,5.164,5.6431,0.4791
test,2017-03-24,5.15,5.5808,0.4308
test,2017-03-25,5.15,5.5361,0.3861
test,2017-03-26,5.282,5.5122,0.2302
test,2017-03-27,5.2,5.6159,0.4159
test,2017-03-28,5.216,5.5841,0.3681
test,2017-03-29,5.23,5.6001,0.3701
test,2017-03-30,5.246,5.6439,0.3979
test,2017-03-31,5.234,5.7116,0.4776
test,2017-04-01,5.202,5.6574,0.4554
test,2017-04-02,5.104,5.6179,0.5139
test,2017-04-03,5.042,5.5768,0.5348
test,2017-04-04,5.024,5.5834,0.5594
test,2017-04-05,5.036,5.6707,0.6347
test,2017-04-06,5.468,5.6488,0.1808
test,2017-04-07,5.432,5.7288,0.2968
test,2017-04-08,5.36,5.7099,0.3499
test,2017-04-09,5.212,5.6859,0.4739
test,2017-04-10,5.174,5.6316,0.4576
test,2017-04-11,5.128,5.5755,0.4475
test,2017-04-12,5.036,5.5338,0.4978
test,2017-04-13,4.992,5.5139,0.5219
test,2017-04-14,5.028,5.4793,0.4513
test,2017-04-15,5.05,5.4614,0.4114
test,2017-04-16,5.082,5.4688,0.3868
test,2017-04-17,5.254,5.4754,0.2214
test,2017-04-18,5.11,5.5369,0.4269
test,2017-04-19,5.08,5.5092,0.4292
test,2017-04-20,5.344,5.5549,0.2109
test,2017-04-21,6.162,5.8227,-0.3393
test,2017-04-22,5.616,6.446,0.83
test,2017-04-23,6.252,6.0838,-0.1682
test,2017-04-24,7.332,6.9539,-0.3781
test,2017-04-25,8.24,7.5824,-0.6576
test,2017-04-26,7.872,7.5581,-0.3139
test,2017-04-27,7.574,7.4145,-0.1595
test,2017-04-28,7.182,7.3926,0.2106
test,2017-04-29,6.358,7.1529,0.7949
test,2017-04-30,5.964,6.5629,0.5989
test,2017-05-01,5.854,6.2826,0.4286
test,2017-05-02,6.004,6.1084,0.1044
test,2017-05-03,6.182,6.1152,-0.0668
test,2017-05-04,5.722,6.1615,0.4395
test,2017-05-05,5.594,6.0145,0.4205
test,2017-05-06,5.518,5.9345,0.4165
test,2017-05-07,5.468,5.8358,0.3678
test,2017-05-08,5.404,5.7369,0.3329
test,2017-05-09,5.354,5.7145,0.3605
test,2017-05-10,5.326,5.7092,0.3832
test,2017-05-11,5.268,5.7313,0.4633
test,2017-05-12,5.23,5.688,0.458
test,2017-05-13,5.194,5.649,0.455
test,2017-05-14,5.208,5.5353,0.3273
test,2017-05-15,5.356,5.557,0.201
test,2017-05-16,6.07,5.5751,-0.4949
test,2017-05-17,6.296,6.2119,-0.0841
test,2017-05-18,5.884,6.4441,0.5601
test,2017-05-19,5.636,6.0956,0.4596
test,2017-05-20,5.522,5.9673,0.4453
test,2017-05-21,5.91,5.8421,-0.0679
test,2017-05-22,5.556,5.8784,0.3224
test,2017-05-23,5.746,5.755,0.009
test,2017-05-24,5.678,5.7954,0.1174
test,2017-05-25,5.638,5.8031,0.1651
test,2017-05-26,5.61,5.8084,0.1984
test,2017-05-27,5.584,5.817,0.233
test,2017-05-28,5.564,5.8243,0.2603
test,2017-05-29,5.528,5.8203,0.2923
test,2017-05-30,5.586,5.8976,0.3116
test,2017-05-31,5.778,6.4021,0.6241
test,2017-06-01,6.176,6.5501,0.3741
test,2017-06-02,7.088,6.6822,-0.4058
test,2017-06-03,6.91,7.3281,0.4181
test,2017-06-04,7.206,6.9973,-0.2087
test,2017-06-05,8.712,7.3471,-1.3649
test,2017-06-06,7.602,8.172,0.57
test,2017-06-07,6.576,7.2806,0.7046
test,2017-06-08,6.322,6.7832,0.4612
test,2017-06-09,5.898,6.5735,0.6755
test,2017-06-10,5.724,6.2112,0.4872
test,2017-06-11,6.13,6.023,-0.107
test,2017-06-12,6.752,6.4719,-0.2801
test,2017-06-13,7.396,7.7523,0.3563
test,2017-06-14,7.732,7.952,0.22
test,2017-06-15,7.12,7.5774,0.4574
test,2017-06-16,6.578,7.1164,0.5384
test,2017-06-17,6.262,7.2503,0.9883
test,2017-06-18,6.586,6.8151,0.2291
test,2017-06-19,6.892,6.9136,0.0216
test,2017-06-20,7.936,7.5471,-0.3889
test,2017-06-21,8.014,8.3957,0.3817
test,2017-06-22,7.59,7.7077,0.1177
test,2017-06-23,7.176,7.3064,0.1304
test,2017-06-24,6.796,7.0611,0.2651
test,2017-06-25,6.564,6.7956,0.2316
test,2017-06-26,6.334,6.6063,0.2723
test,2017-06-27,6.098,6.409,0.311
test,2017-06-28,5.824,6.263,0.439
test,2017-06-29,5.616,6.1291,0.5131
test,2017-06-30,5.556,6.0277,0.4717
test,2017-07-01,5.578,5.8934,0.3154
test,2017-07-02,5.644,5.8665,0.2225
test,2017-07-03,5.788,5.8921,0.1041
test,2017-07-04,6.542,6.1137,-0.4283
test,2017-07-05,7.094,6.7764,-0.3176
test,2017-07-06,7.328,7.347,0.019
test,2017-07-07,7.192,7.2567,0.0647
test,2017-07-08,6.338,7.0869,0.7489
test,2017-07-09,5.888,6.5351,0.6471
test,2017-07-10,6.006,6.3143,0.3083
test,2017-07-11,6.186,6.2653,0.0793
test,2017-07-12,6.14,6.3259,0.1859
test,2017-07-13,6.004,6.3136,0.3096
test,2017-07-14,5.802,6.266,0.464
test,2017-07-15,6.254,6.1297,-0.1243
test,2017-07-16,6.206,6.2617,0.0557
test,2017-07-17,6.146,6.1837,0.0377
test,2017-07-18,5.952,6.1338,0.1818
test,2017-07-19,6.186,6.0876,-0.0984
test,2017-07-20,6.294,6.4397,0.1457
test,2017-07-21,7.35,6.6869,-0.6631
test,2017-07-22,8.484,8.0559,-0.4281
test,2017-07-23,7.786,8.4641,0.6781
test,2017-07-24,7.202,8.0754,0.8734
test,2017-07-25,7.654,7.9055,0.2515
test,2017-07-26,7.974,8.2938,0.3198
test,2017-07-27,8.1,8.0256,-0.0744
test,2017-07-28,7.638,7.7489,0.1109
test,2017-07-29,7.626,7.3093,-0.3167
test,2017-07-30,7.598,7.5486,-0.0494
test,2017-07-31,7.476,7.3385,-0.1375
test,2017-08-01,6.988,7.2465,0.2585
test,2017-08-02,6.528,6.8506,0.3226
test,2017-08-03,7.034,6.6505,-0.3835
test,2017-08-04,6.784,7.0209,0.2369
test,2017-08-05,6.442,6.7967,0.3547
test,2017-08-06,6.468,6.6337,0.1657
test,2017-08-07,6.38,6.7973,0.4173
test,2017-08-08,6.194,6.7309,0.5369
test,2017-08-09,6.122,6.4187,0.2967
test,2017-08-10,6.056,6.3596,0.3036
test,2017-08-11,6.258,6.3988,0.1408
test,2017-08-12,8.9,6.7479,-2.1521
test,2017-08-13,9.504,9.3055,-0.1985
test,2017-08-14,9.012,9.4629,0.4509
test,2017-08-15,8.58,8.8486,0.2686
test,2017-08-16,9.272,8.5386,-0.7334
test,2017-08-17,9.136,9.1104,-0.0256
test,2017-08-18,8.622,8.521,-0.101
test,2017-08-19,8.046,8.0703,0.0243
test,2017-08-20,7.73,7.6483,-0.0817
test,2017-08-21,7.486,7.5219,0.0359
test,2017-08-22,7.584,7.4505,-0.1335
test,2017-08-23,8.46,7.6004,-0.8596
test,2017-08-24,8.0,8.2951,0.2951
test,2017-08-25,7.708,7.8347,0.1267
test,2017-08-26,7.412,7.5628,0.1508
test,2017-08-27,7.112,7.5968,0.4848
test,2017-08-28,6.84,7.2519,0.4119
test,2017-08-29,6.712,7.005,0.293
test,2017-08-30,6.61,6.8779,0.2679
test,2017-08-31,6.738,6.9537,0.2157
test,2017-09-01,6.814,7.2994,0.4854
test,2017-09-02,7.482,7.1893,-0.2927
test,2017-09-03,8.31,7.6116,-0.6984
test,2017-09-04,8.492,8.3085,-0.1835
test,2017-09-05,8.764,8.0863,-0.6777
test,2017-09-06,8.042,8.2454,0.2034
test,2017-09-07,8.012,7.6619,-0.3501
test,2017-09-08,7.962,7.7422,-0.2198
test,2017-09-09,7.78,7.7515,-0.0285
test,2017-09-10,7.698,7.5548,-0.1432
test,2017-09-11,7.862,7.5762,-0.2858
test,2017-09-12,9.19,8.2181,-0.9719
test,2017-09-13,8.814,9.3399,0.5259
test,2017-09-14,8.602,8.4537,-0.1483
test,2017-09-15,8.328,8.2804,-0.0476
test,2017-09-16,7.786,8.0248,0.2388
test,2017-09-17,7.352,7.8024,0.4504
test,2017-09-18,7.102,7.5392,0.4372
test,2017-09-19,7.19,7.3045,0.1145
test,2017-09-20,7.136,7.5125,0.3765
test,2017-09-21,7.05,7.4012,0.3512
test,2017-09-22,6.88,7.2621,0.3821
test,2017-09-23,6.71,7.0934,0.3834
test,2017-09-24,6.424,6.9267,0.5027
test,2017-09-25,6.206,6.7504,0.5444
test,2017-09-26,6.484,6.5773,0.0933
test,2017-09-27,6.808,6.6548,-0.1532
test,2017-09-28,6.802,6.8646,0.0626
test,2017-09-29,7.018,7.017,-0.001
test,2017-09-30,6.86,7.2273,0.3673
test,2017-10-01,6.77,6.9069,0.1369
test,2017-10-02,7.004,6.7914,-0.2126
test,2017-10-03,7.22,6.8192,-0.4008
test,2017-10-04,6.744,6.901,0.157
test,2017-10-05,6.46,6.713,0.253
test,2017-10-06,6.292,6.6238,0.3318
test,2017-10-07,6.452,6.5465,0.0945
test,2017-10-08,6.41,6.5332,0.1232
test,2017-10-09,6.352,6.5048,0.1528
test,2017-10-10,6.338,6.4624,0.1244
test,2017-10-11,6.32,6.3824,0.0624
test,2017-10-12,6.246,6.3248,0.0788
test,2017-10-13,6.104,6.2871,0.1831
test,2017-10-14,6.01,6.2519,0.2419
test,2017-10-15,5.954,6.1929,0.2389
test,2017-10-16,5.872,6.1385,0.2665
test,2017-10-17,5.642,6.0855,0.4435
test,2017-10-18,5.514,5.9802,0.4662
test,2017-10-19,5.58,5.9591,0.3791
test,2017-10-20,6.554,6.025,-0.529
test,2017-10-21,7.206,7.1213,-0.0847
test,2017-10-22,10.468,8.368,-2.1
test,2017-10-23,10.748,9.7827,-0.9653
test,2017-10-24,10.44,9.7603,-0.6797
test,2017-10-25,9.956,9.5455,-0.4105
test,2017-10-26,9.332,9.1428,-0.1892
test,2017-10-27,8.766,8.7166,-0.0494
test,2017-10-28,8.174,8.4675,0.2935
test,2017-10-29,7.754,8.0801,0.3261
test,2017-10-30,7.438,7.8251,0.3871
test,2017-10-31,7.05,7.6247,0.5747
test,2017-11-01,6.768,7.2213,0.4533
test,2017-11-02,6.52,7.0202,0.5002
test,2017-11-03,6.36,6.8451,0.4851
test,2017-11-04,6.25,6.6873,0.4373
test,2017-11-05,6.284,6.5349,0.2509
test,2017-11-06,6.354,6.5116,0.1576
test,2017-11-07,6.328,6.5743,0.2463
test,2017-11-08,6.264,6.5792,0.3152
test,2017-11-09,6.196,6.5427,0.3467
test,2017-11-10,6.138,6.4817,0.3437
test,2017-11-11,6.07,6.4045,0.3345
test,2017-11-12,6.008,6.3112,0.3032
test,2017-11-13,5.944,6.2131,0.2691
test,2017-11-14,5.9,6.1229,0.2229
test,2017-11-15,5.888,6.0503,0.1623
test,2017-11-16,5.884,5.9564,0.0724
test,2017-11-17,5.872,6.0116,0.1396
test,2017-11-18,5.856,5.9885,0.1325
test,2017-11-19,5.848,5.9591,0.1111
test,2017-11-20,5.816,5.9078,0.0918
test,2017-11-21,5.792,5.8914,0.0994
test,2017-11-22,5.73,5.8518,0.1218
test,2017-11-23,5.674,5.8378,0.1638
test,2017-11-24,5.608,5.8296,0.2216
test,2017-11-25,5.546,5.8266,0.2806
test,2017-11-26,5.516,5.8183,0.3023
test,2017-11-27,5.504,5.8001,0.2961
test,2017-11-28,5.482,5.7789,0.2969
test,2017-11-29,5.468,5.7751,0.3071
test,2017-11-30,5.46,5.7863,0.3263
test,2017-12-01,5.448,5.7668,0.3188
test,2017-12-02,5.438,5.7449,0.3069
test,2017-12-03,5.428,5.74,0.312
test,2017-12-04,5.424,5.735,0.311
test,2017-12-05,5.412,5.7256,0.3136
test,2017-12-06,5.398,5.7199,0.3219
test,2017-12-07,5.426,5.7244,0.2984
test,2017-12-08,5.45,5.725,0.275
test,2017-12-09,5.484,5.8604,0.3764
test,2017-12-10,5.57,6.2089,0.6389
test,2017-12-11,6.318,6.3376,0.0196
test,2017-12-12,6.542,6.6443,0.1023
test,2017-12-13,6.176,6.5569,0.3809
test,2017-12-14,5.906,6.3079,0.4019
test,2017-12-15,5.772,6.1654,0.3934
test,2017-12-16,5.68,6.0489,0.3689
test,2017-12-17,5.602,5.9505,0.3485
test,2017-12-18,5.574,5.8931,0.3191
test,2017-12-19,5.552,5.8814,0.3294
test,2017-12-20,5.534,5.884,0.35
test,2017-12-21,5.52,5.8846,0.3646
test,2017-12-22,5.508,5.8741,0.3661
test,2017-12-23,5.496,5.8511,0.3551
test,2017-12-24,5.482,5.8163,0.3343
test,2017-12-25,5.47,5.7918,0.3218
test,2017-12-26,5.454,5.7831,0.3291
test,2017-12-27,5.43,5.7908,0.3608
test,2017-12-28,5.396,5.7782,0.3822
test,2017-12-29,5.372,5.76,0.388
test,2017-12-30,5.34,5.7387,0.3987
test,2017-12-31,5.304,5.7095,0.4055
test,2018-01-01,5.298,5.6704,0.3724
test,2018-01-02,5.292,5.6402,0.3482
test,2018-01-03,5.288,5.6772,0.3892
test,2018-01-04,5.278,5.7128,0.4348
test,2018-01-05,5.278,5.6868,0.4088
test,2018-01-06,5.268,5.6598,0.3918
test,2018-01-07,5.266,5.6554,0.3894
test,2018-01-08,5.258,5.679,0.421
test,2018-01-09,5.258,5.697,0.439
test,2018-01-10,5.248,5.6997,0.4517
test,2018-01-11,5.248,5.7025,0.4545
test,2018-01-12,5.246,5.7045,0.4585
test,2018-01-13,5.238,5.731,0.493
test,2018-01-14,5.238,5.7661,0.5281
test,2018-01-15,5.228,5.7803,0.5523
test,2018-01-16,5.204,5.774,0.57
test,2018-01-17,5.184,5.746,0.562
test,2018-01-18,5.166,5.7193,0.5533
test,2018-01-19,5.15,5.6804,0.5304
test,2018-01-20,5.136,5.6527,0.5167
test,2018-01-21,5.1,5.6325,0.5325
test,2018-01-22,5.118,5.6183,0.5003
test,2018-01-23,5.178,5.61,0.432
test,2018-01-24,5.172,5.6133,0.4413
test,2018-01-25,5.156,5.6152,0.4592
test,2018-01-26,5.138,5.615,0.477
test,2018-01-27,5.128,5.6196,0.4916
test,2018-01-28,5.118,5.6189,0.5009
test,2018-01-29,5.118,5.6316,0.5136
test,2018-01-30,5.108,5.6336,0.5256
test,2018-01-31,5.104,5.6263,0.5223
test,2018-02-01,5.098,5.6095,0.5115
test,2018-02-02,5.108,5.6086,0.5006
test,2018-02-03,5.128,5.6237,0.4957
test,2018-02-04,5.128,5.6288,0.5008
test,2018-02-05,5.138,5.6228,0.4848
test,2018-02-06,5.148,5.6068,0.4588
test,2018-02-07,5.148,5.5883,0.4403
test,2018-02-08,5.128,5.5991,0.4711
test,2018-02-09,5.118,5.5769,0.4589
test,2018-02-10,5.108,5.5847,0.4767
test,2018-02-11,5.108,5.5853,0.4773
test,2018-02-12,5.108,5.5768,0.4688
test,2018-02-13,5.098,5.5867,0.4887
test,2018-02-14,5.098,5.5623,0.4643
test,2018-02-15,5.098,5.5574,0.4594
test,2018-02-16,5.088,5.5663,0.4783
test,2018-02-17,5.088,5.5535,0.4655
test,2018-02-18,5.088,5.5319,0.4439
test,2018-02-19,5.078,5.5307,0.4527
test,2018-02-20,5.078,5.5247,0.4467
test,2018-02-21,5.078,5.5104,0.4324
test,2018-02-22,5.088,5.4976,0.4096
test,2018-02-23,5.098,5.4995,0.4015
test,2018-02-24,5.108,5.5036,0.3956
test,2018-02-25,5.118,5.5144,0.3964
test,2018-02-26,5.098,5.5094,0.4114
test,2018-02-27,5.078,5.5083,0.4303
test,2018-02-28,5.058,5.5174,0.4594
test,2018-03-01,5.048,5.4881,0.4401
test,2018-03-02,5.038,5.4796,0.4416
test,2018-03-03,5.028,5.4684,0.4404
test,2018-03-04,5.018,5.4532,0.4352
test,2018-03-05,5.008,5.4613,0.4533
test,2018-03-06,5.018,5.4583,0.4403
test,2018-03-07,5.038,5.4521,0.4141
test,2018-03-08,5.058,5.4507,0.3927
test,2018-03-09,5.028,5.4727,0.4447
test,2018-03-10,5.008,5.459,0.451
test,2018-03-11,4.988,5.4555,0.4675
test,2018-03-12,4.998,5.4609,0.4629
test,2018-03-13,5.018,5.4384,0.4204
test,2018-03-14,5.018,5.4545,0.4365
test,2018-03-15,5.008,5.4863,0.4783
test,2018-03-16,5.008,5.4822,0.4742
test,2018-03-17,4.998,5.4976,0.4996
test,2018-03-18,4.998,5.5212,0.5232
test,2018-03-19,4.988,5.5096,0.5216
test,2018-03-20,4.998,5.4749,0.4769
test,2018-03-21,5.008,5.4586,0.4506
test,2018-03-22,5.018,5.4489,0.4309
test,2018-03-23,5.028,5.4366,0.4086
test,2018-03-24,5.028,5.4564,0.4284
test,2018-03-25,5.018,5.4768,0.4588
test,2018-03-26,5.008,5.4783,0.4703
test,2018-03-27,4.998,5.4705,0.4725
test,2018-03-28,4.988,5.4898,0.5018
test,2018-03-29,5.038,5.5017,0.4637
test,2018-03-30,5.372,5.4942,0.1222
test,2018-03-31,5.396,5.5912,0.1952
test,2018-04-01,5.064,5.6533,0.5893
test,2018-04-02,5.022,5.5839,0.5619
test,2018-04-03,5.014,5.5292,0.5152
test,2018-04-04,5.008,5.5024,0.4944
test,2018-04-05,4.998,5.4744,0.4764
test,2018-04-06,5.12,5.4695,0.3495
test,2018-04-07,5.028,5.5289,0.5009
test,2018-04-08,5.058,5.5622,0.5042
test,2018-04-09,5.048,5.5729,0.5249
test,2018-04-10,5.024,5.5755,0.5515
test,2018-04-11,5.008,5.5311,0.5231
test,2018-04-12,4.998,5.5317,0.5337
test,2018-04-13,5.004,5.5171,0.5131
test,2018-04-14,4.994,5.5347,0.5407
test,2018-04-15,4.962,5.5183,0.5563
test,2018-04-16,4.948,5.5045,0.5565
test,2018-04-17,4.944,5.5179,0.5739
test,2018-04-18,5.026,5.4831,0.4571
test,2018-04-19,5.116,5.5565,0.4405
test,2018-04-20,5.284,5.6718,0.3878
test,2018-04-21,5.636,5.7457,0.1097
test,2018-04-22,6.188,5.8797,-0.3083
test,2018-04-23,6.476,6.2298,-0.2462
test,2018-04-24,5.782,6.3123,0.5303
test,2018-04-25,5.426,6.0214,0.5954
test,2018-04-26,5.328,5.848,0.52
test,2018-04-27,5.274,5.7082,0.4342
test,2018-04-28,5.26,5.6391,0.3791
test,2018-04-29,5.046,5.5907,0.5447
test,2018-04-30,5.506,5.5647,0.0587
test,2018-05-01,5.932,5.9284,-0.0036
test,2018-05-02,5.926,6.0447,0.1187
test,2018-05-03,5.582,6.0813,0.4993
test,2018-05-04,5.362,5.9416,0.5796
test,2018-05-05,5.658,5.8274,0.1694
test,2018-05-06,5.908,6.0202,0.1122
test,2018-05-07,5.89,6.1183,0.2283
test,2018-05-08,7.24,6.1493,-1.0907
test,2018-05-09,7.628,7.1713,-0.4567
test,2018-05-10,7.784,7.2267,-0.5573
test,2018-05-11,8.174,7.4574,-0.7166
test,2018-05-12,7.358,7.9162,0.5582
test,2018-05-13,6.75,7.1894,0.4394
test,2018-05-14,6.61,6.855,0.245
test,2018-05-15,6.766,6.7196,-0.0464
test,2018-05-16,6.572,6.6743,0.1023
test,2018-05-17,6.642,6.4951,-0.1469
test,2018-05-18,6.588,6.7935,0.2055
test,2018-05-19,7.314,6.6521,-0.6619
test,2018-05-20,8.856,7.2739,-1.5821
test,2018-05-21,10.032,8.3579,-1.6741
test,2018-05-22,9.036,9.3516,0.3156
test,2018-05-23,8.384,8.5271,0.1431
test,2018-05-24,7.616,8.4129,0.7969
test,2018-05-25,7.196,7.7359,0.5399
test,2018-05-26,6.816,7.3654,0.5494
test,2018-05-27,6.498,6.9002,0.4022
test,2018-05-28,6.088,6.6357,0.5477
test,2018-05-29,5.92,6.463,0.543
test,2018-05-30,5.828,6.2848,0.4568
test,2018-05-31,5.98,6.1455,0.1655
test,2018-06-01,6.294,6.0518,-0.2422
test,2018-06-02,6.442,6.3057,-0.1363
test,2018-06-03,6.142,6.362,0.22
test,2018-06-04,5.898,6.2933,0.3953
test,2018-06-05,5.76,6.2489,0.4889
test,2018-06-06,5.676,6.1985,0.5225
test,2018-06-07,5.634,6.0991,0.4651
test,2018-06-08,5.604,5.996,0.392
test,2018-06-09,5.642,5.8671,0.2251
test,2018-06-10,5.608,5.9411,0.3331
test,2018-06-11,5.934,6.2839,0.3499
test,2018-06-12,7.718,6.7086,-1.0094
test,2018-06-13,9.466,8.5704,-0.8956
test,2018-06-14,9.736,9.7962,0.0602
test,2018-06-15,9.312,9.8018,0.4898
test,2018-06-16,9.284,9.2485,-0.0355
test,2018-06-17,9.014,8.9759,-0.0381
test,2018-06-18,8.3,8.7205,0.4205
test,2018-06-19,7.976,7.9306,-0.0454
test,2018-06-20,8.132,8.0367,-0.0953
test,2018-06-21,7.92,7.9604,0.0404
test,2018-06-22,7.642,7.7114,0.0694
test,2018-06-23,7.384,7.4932,0.1092
test,2018-06-24,7.308,7.4895,0.1815
test,2018-06-25,7.156,7.7036,0.5476
test,2018-06-26,7.918,7.6525,-0.2655
test,2018-06-27,7.606,8.0082,0.4022
test,2018-06-28,7.138,7.4022,0.2642
test,2018-06-29,6.706,7.0882,0.3822
test,2018-06-30,6.376,6.8622,0.4862
test,2018-07-01,6.302,6.6601,0.3581
test,2018-07-02,6.278,6.552,0.274
test,2018-07-03,6.602,6.4727,-0.1293
test,2018-07-04,7.558,6.9276,-0.6304
test,2018-07-05,8.326,7.9804,-0.3456
test,2018-07-06,7.796,8.2355,0.4395
test,2018-07-07,7.348,7.274,-0.074
test,2018-07-08,7.152,7.0612,-0.0908
test,2018-07-09,7.022,6.9929,-0.0291
test,2018-07-10,6.826,6.8585,0.0325
test,2018-07-11,6.636,6.6948,0.0588
test,2018-07-12,6.516,6.5944,0.0784
test,2018-07-13,6.29,6.5341,0.2441
test,2018-07-14,6.056,6.4676,0.4116
test,2018-07-15,6.61,6.332,-0.278
test,2018-07-16,6.552,6.4443,-0.1077
test,2018-07-17,6.24,6.4288,0.1888
test,2018-07-18,6.026,6.3234,0.2974
test,2018-07-19,6.064,6.2517,0.1877
test,2018-07-20,5.91,6.2306,0.3206
test,2018-07-21,5.826,6.1403,0.3143
test,2018-07-22,6.22,6.1206,-0.0994
test,2018-07-23,6.416,6.3137,-0.1023
test,2018-07-24,6.326,6.5275,0.2015
test,2018-07-25,7.096,6.6546,-0.4414
test,2018-07-26,7.016,7.3208,0.3048
test,2018-07-27,6.502,7.1231,0.6211
test,2018-07-28,6.088,6.6985,0.6105
test,2018-07-29,6.838,6.4271,-0.4109
test,2018-07-30,6.338,6.9359,0.5979
test,2018-07-31,6.06,6.4321,0.3721
test,2018-08-01,5.978,6.2779,0.2999
test,2018-08-02,6.256,6.3751,0.1191
test,2018-08-03,6.732,6.6286,-0.1034
test,2018-08-04,6.442,6.7941,0.3521
test,2018-08-05,6.346,6.4607,0.1147
test,2018-08-06,6.158,6.5078,0.3498
test,2018-08-07,6.352,6.4132,0.0612
test,2018-08-08,5.984,6.4175,0.4335
test,2018-08-09,5.842,6.1754,0.3334
test,2018-08-10,5.766,6.0981,0.3321
test,2018-08-11,5.718,6.0345,0.3165
test,2018-08-12,5.67,5.9684,0.2984
test,2018-08-13,5.626,5.9798,0.3538
test,2018-08-14,5.602,5.9306,0.3286
test,2018-08-15,5.578,5.9011,0.3231
test,2018-08-16,5.68,5.8656,0.1856
test,2018-08-17,5.86,5.8623,0.0023
test,2018-08-18,6.05,5.9274,-0.1226
test,2018-08-19,6.348,6.0649,-0.2831
test,2018-08-20,6.246,6.3754,0.1294
test,2018-08-21,6.02,6.3104,0.2904
test,2018-08-22,6.206,6.289,0.083
test,2018-08-23,6.476,6.3644,-0.1116
test,2018-08-24,6.632,6.5711,-0.0609
test,2018-08-25,6.184,6.6978,0.5138
test,2018-08-26,5.914,6.3482,0.4342
test,2018-08-27,5.782,6.2027,0.4207
test,2018-08-28,5.702,6.0966,0.3946
test,2018-08-29,5.646,6.0076,0.3616
test,2018-08-30,5.69,5.9766,0.2866
test,2018-08-31,5.77,5.9964,0.2264
test,2018-09-01,5.652,6.0108,0.3588
test,2018-09-02,5.57,5.9769,0.4069
test,2018-09-03,5.538,5.9875,0.4495
test,2018-09-04,5.516,5.947,0.431
test,2018-09-05,5.882,5.9023,0.0203
test,2018-09-06,5.988,6.0335,0.0455
test,2018-09-07,5.896,6.0847,0.1887
test,2018-09-08,5.572,6.1163,0.5443
test,2018-09-09,5.406,5.9859,0.5799
test,2018-09-10,5.352,5.885,0.533
test,2018-09-11,5.362,5.8725,0.5105
test,2018-09-12,5.422,5.8434,0.4214
test,2018-09-13,5.912,5.8495,-0.0625
test,2018-09-14,5.686,6.0398,0.3538
test,2018-09-15,5.46,5.9505,0.4905
test,2018-09-16,5.394,5.8701,0.4761
test,2018-09-17,5.354,5.8143,0.4603
test,2018-09-18,5.298,5.7551,0.4571
test,2018-09-19,5.268,5.7095,0.4415
test,2018-09-20,5.254,5.7113,0.4573
test,2018-09-21,5.23,5.7944,0.5644
test,2018-09-22,5.188,5.8105,0.6225
test,2018-09-23,5.152,5.7613,0.6093
test,2018-09-24,5.132,5.7327,0.6007
test,2018-09-25,5.234,5.7062,0.4722
test,2018-09-26,5.402,5.7307,0.3287
test,2018-09-27,5.52,5.7858,0.2658
test,2018-09-28,5.456,5.8563,0.4003
test,2018-09-29,5.402,5.8525,0.4505
test,2018-09-30,5.314,5.8365,0.5225
test,2018-10-01,5.246,5.795,0.549
test,2018-10-02,5.18,5.7447,0.5647
test,2018-10-03,5.128,5.6957,0.5677
test,2018-10-04,5.112,5.6588,0.5468
test,2018-10-05,5.098,5.6449,0.5469
test,2018-10-06,5.098,5.6351,0.5371
test,2018-10-07,5.15,5.6367,0.4867
test,2018-10-08,5.178,5.646,0.468
test,2018-10-09,5.168,5.6539,0.4859
test,2018-10-10,5.158,5.6874,0.5294
test,2018-10-11,5.08,5.8569,0.7769
test,2018-10-12,5.19,5.9193,0.7293
test,2018-10-13,5.318,6.0213,0.7033
test,2018-10-14,5.328,6.2814,0.9534
test,2018-10-15,5.292,6.1008,0.8088
test,2018-10-16,5.282,5.9073,0.6253
test,2018-10-17,5.268,5.8359,0.5679
test,2018-10-18,5.258,5.7898,0.5318
test,2018-10-19,5.248,5.7661,0.5181
test,2018-10-20,5.236,5.7439,0.5079
test,2018-10-21,5.212,5.7271,0.5151
test,2018-10-22,5.194,5.7162,0.5222
test,2018-10-23,5.17,5.7045,0.5345
test,2018-10-24,5.142,5.6971,0.5551
test,2018-10-25,5.124,5.6838,0.5598
test,2018-10-26,5.094,5.6765,0.5825
test,2018-10-27,5.076,5.6613,0.5853
test,2018-10-28,5.05,5.6477,0.5977
test,2018-10-29,5.024,5.7579,0.7339
test,2018-10-30,5.018,5.8216,0.8036
test,2018-10-31,5.03,5.7985,0.7685
test,2018-11-01,5.018,5.7558,0.7378
test,2018-11-02,5.008,5.6881,0.6801
test,2018-11-03,4.998,5.6342,0.6362
test,2018-11-04,4.986,5.6248,0.6388
test,2018-11-05,4.978,5.604,0.626
test,2018-11-06,4.98,5.5941,0.6141
test,2018-11-07,5.032,5.5969,0.5649
test,2018-11-08,5.074,5.6087,0.5347
test,2018-11-09,5.088,5.6057,0.5177
test,2018-11-10,5.078,5.6116,0.5336
test,2018-11-11,5.068,5.6211,0.5531
test,2018-11-12,5.058,5.621,0.563
test,2018-11-13,5.038,5.6129,0.5749
test,2018-11-14,5.028,5.6063,0.5783
test,2018-11-15,5.018,5.6075,0.5895
test,2018-11-16,5.008,5.6092,0.6012
test,2018-11-17,4.998,5.6011,0.6031
test,2018-11-18,4.988,5.6024,0.6144
test,2018-11-19,4.978,5.616,0.638
test,2018-11-20,4.968,5.6129,0.6449
test,2018-11-21,4.958,5.6023,0.6443
test,2018-11-22,4.948,5.5971,0.6491
test,2018-11-23,4.948,5.5936,0.6456
test,2018-11-24,4.938,5.5956,0.6576
test,2018-11-25,4.928,5.5938,0.6658
test,2018-11-26,4.928,5.5891,0.6611
test,2018-11-27,4.928,5.5876,0.6596
test,2018-11-28,4.918,5.5899,0.6719
test,2018-11-29,4.908,5.583,0.675
test,2018-11-30,4.898,5.5821,0.6841
test,2018-12-01,4.888,5.5766,0.6886
test,2018-12-02,4.888,5.5552,0.6672
test,2018-12-03,4.888,5.5417,0.6537
test,2018-12-04,4.888,5.5507,0.6627
test,2018-12-05,4.888,5.5458,0.6578
test,2018-12-06,4.888,5.5354,0.6474
test,2018-12-07,4.878,5.5362,0.6582
test,2018-12-08,4.878,5.5545,0.6765
test,2018-12-09,4.878,5.5532,0.6752
test,2018-12-10,4.878,5.5501,0.6721
test,2018-12-11,4.878,5.5416,0.6636
test,2018-12-12,4.878,5.5354,0.6574
test,2018-12-13,4.878,5.5406,0.6626
test,2018-12-14,4.878,5.5436,0.6656
test,2018-12-15,4.868,5.5448,0.6768
test,2018-12-16,4.868,5.5688,0.7008
test,2018-12-17,4.868,5.6244,0.7564
test,2018-12-18,4.868,5.7072,0.8392
test,2018-12-19,4.868,5.7657,0.8977
test,2018-12-20,4.858,5.7356,0.8776
test,2018-12-21,4.858,5.6389,0.7809
test,2018-12-22,4.858,5.5969,0.7389
test,2018-12-23,4.858,5.5838,0.7258
test,2018-12-24,4.858,5.5633,0.7053
test,2018-12-25,4.858,5.5527,0.6947
test,2018-12-26,4.848,5.5494,0.7014
test,2018-12-27,4.848,5.5526,0.7046
test,2018-12-28,4.848,5.5594,0.7114
test,2018-12-29,4.848,5.5702,0.7222
test,2018-12-30,4.848,5.5907,0.7427
test,2018-12-31,4.848,5.5829,0.7349
test,2019-01-01,4.848,5.5751,0.7271
test,2019-01-02,4.848,5.5605,0.7125
test,2019-01-03,4.848,5.5562,0.7082
test,2019-01-04,4.838,5.5591,0.7211
test,2019-01-05,4.838,5.5617,0.7237
test,2019-01-06,4.828,5.5496,0.7216
test,2019-01-07,4.828,5.5309,0.7029
test,2019-01-08,4.818,5.5125,0.6945
test,2019-01-09,4.808,5.5071,0.6991
test,2019-01-10,4.798,5.5131,0.7151
test,2019-01-11,4.788,5.5169,0.7289
test,2019-01-12,4.808,5.5167,0.7087
test,2019-01-13,4.838,5.5111,0.6731
test,2019-01-14,4.868,5.5075,0.6395
test,2019-01-15,4.888,5.5119,0.6239
test,2019-01-16,4.868,5.5329,0.6649
test,2019-01-17,4.848,5.5362,0.6882
test,2019-01-18,4.828,5.527,0.699
test,2019-01-19,4.818,5.5222,0.7042
test,2019-01-20,4.808,5.5155,0.7075
test,2019-01-21,4.798,5.5072,0.7092
test,2019-01-22,4.788,5.4998,0.7118
test,2019-01-23,4.788,5.4904,0.7024
test,2019-01-24,4.778,5.4794,0.7014
test,2019-01-25,4.778,5.4692,0.6912
test,2019-01-26,4.768,5.4602,0.6922
test,2019-01-27,4.768,5.4512,0.6832
test,2019-01-28,4.768,5.4422,0.6742
test,2019-01-29,4.758,5.4681,0.7101
test,2019-01-30,4.758,5.4968,0.7388
test,2019-01-31,4.718,5.5144,0.7964
test,2019-02-01,4.748,5.479,0.731
test,2019-02-02,4.748,5.4463,0.6983
test,2019-02-03,4.748,5.4398,0.6918
test,2019-02-04,4.748,5.4489,0.7009
test,2019-02-05,4.748,5.4588,0.7108
test,2019-02-06,4.748,5.4474,0.6994
test,2019-02-07,4.748,5.44,0.692
test,2019-02-08,4.748,5.434,0.686
test,2019-02-09,4.738,5.414,0.676
test,2019-02-10,4.738,5.4109,0.6729
test,2019-02-11,4.738,5.4488,0.7108
test,2019-02-12,4.738,5.4587,0.7207
test,2019-02-13,4.728,5.4576,0.7296
test,2019-02-14,4.728,5.4357,0.7077
test,2019-02-15,4.728,5.4133,0.6853
test,2019-02-16,4.718,5.4027,0.6847
test,2019-02-17,4.718,5.3921,0.6741
test,2019-02-18,4.718,5.4314,0.7134
test,2019-02-19,4.728,5.4611,0.7331
test,2019-02-20,4.738,5.4561,0.7181
test,2019-02-21,4.738,5.4477,0.7097
test,2019-02-22,4.748,5.444,0.696
test,2019-02-23,4.748,5.4192,0.6712
test,2019-02-24,4.758,5.3969,0.6389
test,2019-02-25,4.768,5.3953,0.6273
test,2019-02-26,4.806,5.4454,0.6394
test,2019-02-27,4.846,5.5073,0.6613
test,2019-02-28,4.9,5.5332,0.6332
test,2019-03-01,4.85,5.5624,0.7124
test,2019-03-02,4.798,5.557,0.759
test,2019-03-03,4.788,5.5197,0.7317
test,2019-03-04,4.778,5.4725,0.6945
test,2019-03-05,4.778,5.4495,0.6715
test,2019-03-06,4.816,5.5525,0.7365
test,2019-03-07,4.844,5.6001,0.7561
test,2019-03-08,4.808,5.5387,0.7307
test,2019-03-09,4.77,5.5148,0.7448
test,2019-03-10,4.744,5.4785,0.7345
test,2019-03-11,4.728,5.4468,0.7188
test,2019-03-12,4.728,5.4343,0.7063
test,2019-03-13,4.728,5.4103,0.6823
test,2019-03-14,4.728,5.4056,0.6776
test,2019-03-15,4.728,5.3932,0.6652
test,2019-03-16,4.728,5.3882,0.6602
test,2019-03-17,4.73,5.37,0.64
test,2019-03-18,4.748,5.371,0.623
test,2019-03-19,4.738,5.3798,0.6418
test,2019-03-20,4.728,5.398,0.67
test,2019-03-21,4.718,5.393,0.675
test,2019-03-22,4.708,5.3777,0.6697
test,2019-03-23,4.698,5.3711,0.6731
test,2019-03-24,4.674,5.3781,0.7041
test,2019-03-25,4.648,5.382,0.734
test,2019-03-26,4.66,5.3512,0.6912
test,2019-03-27,4.714,5.3247,0.6107
test,2019-03-28,4.846,5.3384,0.4924
test,2019-03-29,4.734,5.3695,0.6355
test,2019-03-30,4.7,5.3529,0.6529
test,2019-03-31,4.6,5.3571,0.7571
test,2019-04-01,4.606,5.3513,0.7453
test,2019-04-02,4.588,5.3649,0.7769
test,2019-04-03,4.842,5.4806,0.6386
test,2019-04-04,4.822,5.5973,0.7753
test,2019-04-05,4.87,5.5452,0.6752
test,2019-04-06,4.65,5.5744,0.9244
test,2019-04-07,4.728,5.5004,0.7724
test,2019-04-08,4.688,5.5229,0.8349
test,2019-04-09,5.116,5.4729,0.3569
test,2019-04-10,5.478,5.6986,0.2206
test,2019-04-11,5.308,6.0573,0.7493
test,2019-04-12,5.04,5.8763,0.8363
test,2019-04-13,4.832,5.7175,0.8855
test,2019-04-14,4.898,5.6121,0.7141
test,2019-04-15,4.718,5.5591,0.8411
test,2019-04-16,4.928,5.487,0.559
test,2019-04-17,4.87,5.4747,0.6047
test,2019-04-18,4.806,5.4863,0.6803
test,2019-04-19,4.768,5.4556,0.6876
test,2019-04-20,4.734,5.4382,0.7042
test,2019-04-21,4.716,5.4144,0.6984
test,2019-04-22,4.702,5.3845,0.6824
test,2019-04-23,4.746,5.3735,0.6275
test,2019-04-24,4.758,5.3775,0.6195
test,2019-04-25,4.748,5.3663,0.6183
test,2019-04-26,4.738,5.3719,0.6339
test,2019-04-27,4.726,5.3708,0.6448
test,2019-04-28,4.704,5.3709,0.6669
test,2019-04-29,4.684,5.3784,0.6944
test,2019-04-30,4.652,5.3803,0.7283
test,2019-05-01,4.638,5.3574,0.7194
test,2019-05-02,4.64,5.3656,0.7256
test,2019-05-03,4.68,5.3835,0.7035
test,2019-05-04,4.834,5.4228,0.5888
test,2019-05-05,5.536,5.5664,0.0304
test,2019-05-06,5.27,5.7401,0.4701
test,2019-05-07,4.988,5.6811,0.6931
test,2019-05-08,4.828,5.6204,0.7924
test,2019-05-09,4.706,5.5464,0.8404
test,2019-05-10,4.672,5.4672,0.7952
test,2019-05-11,4.656,5.4222,0.7662
test,2019-05-12,4.736,5.4047,0.6687
test,2019-05-13,4.738,5.4307,0.6927
test,2019-05-14,4.738,5.4471,0.7091
test,2019-05-15,4.728,5.4807,0.7527
test,2019-05-16,4.728,5.558,0.83
test,2019-05-17,4.758,5.528,0.77
test,2019-05-18,5.058,5.5277,0.4697
test,2019-05-19,4.926,5.5971,0.6711
test,2019-05-20,4.772,5.5811,0.8091
test,2019-05-21,4.738,5.5326,0.7946
test,2019-05-22,4.728,5.486,0.758
test,2019-05-23,4.714,5.4599,0.7459
test,2019-05-24,4.73,5.447,0.717
test,2019-05-25,4.982,5.541,0.559
test,2019-05-26,4.912,5.6967,0.7847
test,2019-05-27,4.866,5.6399,0.7739
test,2019-05-28,4.992,5.6056,0.6136
test,2019-05-29,4.878,5.5981,0.7201
test,2019-05-30,4.974,5.5408,0.5668
test,2019-05-31,4.92,5.545,0.625
test,2019-06-01,4.916,5.5329,0.6169
test,2019-06-02,4.908,5.595,0.687
test,2019-06-03,5.058,5.6138,0.5558
test,2019-06-04,5.318,5.7137,0.3957
test,2019-06-05,5.33,5.9951,0.6651
test,2019-06-06,5.478,6.0317,0.5537
test,2019-06-07,5.274,6.0458,0.7718
test,2019-06-08,5.052,5.8958,0.8438
test,2019-06-09,4.86,5.7735,0.9135
test,2019-06-10,4.948,5.6651,0.7171
test,2019-06-11,4.854,5.6393,0.7853
test,2019-06-12,4.778,5.559,0.781
test,2019-06-13,4.902,5.5133,0.6113
test,2019-06-14,5.512,5.5487,0.0367
test,2019-06-15,5.228,6.0345,0.8065
test,2019-06-16,5.48,5.9476,0.4676
test,2019-06-17,5.008,5.995,0.987
test,2019-06-18,4.748,5.7404,0.9924
test,2019-06-19,4.722,5.5915,0.8695
test,2019-06-20,4.65,5.5312,0.8812
test,2019-06-21,4.602,5.4992,0.8972
test,2019-06-22,4.526,5.4774,0.9514
test,2019-06-23,4.526,5.4577,0.9317
test,2019-06-24,4.514,5.4098,0.8958
test,2019-06-25,4.502,5.3902,0.8882
test,2019-06-26,4.636,5.3722,0.7362
test,2019-06-27,4.712,5.4048,0.6928
test,2019-06-28,4.792,5.4826,0.6906
test,2019-06-29,4.872,5.5366,0.6646
test,2019-06-30,5.096,5.5695,0.4735
test,2019-07-01,4.854,5.6505,0.7965
test,2019-07-02,4.848,5.6162,0.7682
test,2019-07-03,4.77,5.636,0.866
test,2019-07-04,4.754,5.5856,0.8316
test,2019-07-05,4.734,5.5811,0.8471
test,2019-07-06,4.728,5.5721,0.8441
test,2019-07-07,4.724,5.6597,0.9357
test,2019-07-08,4.922,5.7544,0.8324
test,2019-07-09,5.314,5.9303,0.6163
test,2019-07-10,7.218,6.2078,-1.0102
test,2019-07-11,7.014,7.4789,0.4649
test,2019-07-12,7.322,7.493,0.171
test,2019-07-13,8.138,7.8004,-0.3376
test,2019-07-14,9.084,8.3793,-0.7047
test,2019-07-15,9.548,9.0016,-0.5464
test,2019-07-16,9.584,8.9659,-0.6181
test,2019-07-17,8.756,8.8877,0.1317
test,2019-07-18,7.686,8.5313,0.8453
test,2019-07-19,7.04,7.9743,0.9343
test,2019-07-20,7.22,7.4107,0.1907
test,2019-07-21,6.788,7.3121,0.5241
test,2019-07-22,6.454,6.8588,0.4048
test,2019-07-23,5.936,6.6382,0.7022
test,2019-07-24,5.688,6.3567,0.6687
test,2019-07-25,5.558,6.1882,0.6302
test,2019-07-26,5.524,6.0613,0.5373
test,2019-07-27,5.66,6.1544,0.4944
test,2019-07-28,5.536,6.0954,0.5594
test,2019-07-29,5.332,5.9853,0.6533
test,2019-07-30,5.172,5.9319,0.7599
test,2019-07-31,5.554,5.8975,0.3435
test,2019-08-01,6.052,6.0243,-0.0277
test,2019-08-02,5.726,6.1117,0.3857
test,2019-08-03,5.476,5.9199,0.4439
test,2019-08-04,4.992,5.8247,0.8327
test,2019-08-05,4.81,5.7026,0.8926
test,2019-08-06,5.09,5.5617,0.4717
test,2019-08-07,5.352,5.5006,0.1486
test,2019-08-08,5.048,5.5468,0.4988
test,2019-08-09,5.372,5.5456,0.1736
test,2019-08-10,5.582,5.6249,0.0429
test,2019-08-11,5.182,5.6546,0.4726
test,2019-08-12,5.042,5.5828,0.5408
test,2019-08-13,5.348,5.5725,0.2245
test,2019-08-14,5.79,5.7146,-0.0754
test,2019-08-15,6.074,6.0131,-0.0609
test,2019-08-16,6.682,6.4197,-0.2623
test,2019-08-17,6.522,7.1165,0.5945
test,2019-08-18,5.862,6.8103,0.9483
test,2019-08-19,5.64,6.2587,0.6187
test,2019-08-20,5.486,6.121,0.635
test,2019-08-21,5.32,5.9906,0.6706
test,2019-08-22,5.166,5.8642,0.6982
test,2019-08-23,5.288,5.7731,0.4851
test,2019-08-24,5.348,5.8332,0.4852
test,2019-08-25,5.258,5.9463,0.6883
test,2019-08-26,5.278,5.8277,0.5497
test,2019-08-27,5.184,5.7803,0.5963
test,2019-08-28,4.862,5.7318,0.8698
test,2019-08-29,4.746,5.6297,0.8837
test,2019-08-30,4.716,5.595,0.879
test,2019-08-31,4.932,5.4892,0.5572
test,2019-09-01,5.126,5.5915,0.4655
test,2019-09-02,5.536,5.6977,0.1617
test,2019-09-03,5.304,5.8476,0.5436
test,2019-09-04,5.022,5.7935,0.7715
test,2019-09-05,4.676,5.7043,1.0283
test,2019-09-06,4.514,5.5883,1.0743
test,2019-09-07,4.412,5.4902,1.0782
test,2019-09-08,4.346,5.4055,1.0595
test,2019-09-09,4.246,5.3925,1.1465
test,2019-09-10,4.46,5.3555,0.8955
test,2019-09-11,4.416,5.4324,1.0164
test,2019-09-12,4.632,5.4341,0.8021
test,2019-09-13,4.89,5.5951,0.7051
test,2019-09-14,4.514,5.731,1.217
test,2019-09-15,4.51,5.5684,1.0584
test,2019-09-16,4.412,5.5266,1.1146
test,2019-09-17,4.282,5.4892,1.2072
test,2019-09-18,4.228,5.4438,1.2158
test,2019-09-19,4.192,5.405,1.213
test,2019-09-20,4.164,5.371,1.207
test,2019-09-21,4.138,5.3519,1.2139
test,2019-09-22,4.144,5.3291,1.1851
test,2019-09-23,4.682,5.3702,0.6882
test,2019-09-24,4.684,5.5853,0.9013
test,2019-09-25,4.836,5.6429,0.8069
test,2019-09-26,4.66,5.7975,1.1375
test,2019-09-27,4.38,5.717,1.337
test,2019-09-28,4.322,5.6059,1.2839
test,2019-09-29,4.244,5.5459,1.3019
test,2019-09-30,4.224,5.5009,1.2769
test,2019-10-01,4.514,5.4799,0.9659
test,2019-10-02,4.436,5.6414,1.2054
test,2019-10-03,4.966,5.6122,0.6462
test,2019-10-04,4.564,5.7535,1.1895
test,2019-10-05,4.37,5.6457,1.2757
test,2019-10-06,4.562,5.5724,1.0104
test,2019-10-07,4.584,5.6158,1.0318
test,2019-10-08,4.976,5.6238,0.6478
test,2019-10-09,4.794,5.7458,0.9518
test,2019-10-10,4.626,5.7078,1.0818
test,2019-10-11,4.452,5.7856,1.3336
test,2019-10-12,4.398,5.6798,1.2818
test,2019-10-13,4.486,5.5733,1.0873
test,2019-10-14,4.454,5.5239,1.0699
test,2019-10-15,4.424,5.4948,1.0708
test,2019-10-16,4.386,5.4799,1.0939
test,2019-10-17,4.196,5.4939,1.2979
test,2019-10-18,4.168,5.4468,1.2788
test,2019-10-19,4.156,5.4146,1.2586
test,2019-10-20,4.094,5.4,1.306
test,2019-10-21,4.078,5.3728,1.2948
test,2019-10-22,4.058,5.3509,1.2929
test,2019-10-23,4.056,5.3312,1.2752
test,2019-10-24,4.006,5.3325,1.3265
test,2019-10-25,3.984,5.3673,1.3833
test,2019-10-26,3.95,5.3649,1.4149
test,2019-10-27,4.048,5.3762,1.3282
test,2019-10-28,4.244,5.4326,1.1886
test,2019-10-29,4.062,5.4534,1.3914
test,2019-10-30,4.022,5.4103,1.3883
test,2019-10-31,3.974,5.3848,1.4108
test,2019-11-01,3.948,5.364,1.416
test,2019-11-02,3.936,5.3266,1.3906
test,2019-11-03,3.918,5.3021,1.3841
test,2019-11-04,3.908,5.2883,1.3803
test,2019-11-05,3.908,5.2914,1.3834
test,2019-11-06,3.898,5.294,1.396
test,2019-11-07,3.898,5.2929,1.3949
test,2019-11-08,3.888,5.2993,1.4113
test,2019-11-09,3.892,5.3202,1.4282
test,2019-11-10,4.044,5.41,1.366
test,2019-11-11,4.316,5.5379,1.2219
test,2019-11-12,4.672,5.6621,0.9901
test,2019-11-13,4.448,5.666,1.218
test,2019-11-14,4.292,5.6001,1.3081
test,2019-11-15,4.252,5.5479,1.2959
test,2019-11-16,4.216,5.5055,1.2895
test,2019-11-17,3.996,5.4688,1.4728
test,2019-11-18,3.978,5.4087,1.4307
test,2019-11-19,3.968,5.3862,1.4182
test,2019-11-20,3.958,5.3762,1.4182
test,2019-11-21,3.948,5.3666,1.4186
test,2019-11-22,3.938,5.366,1.428
test,2019-11-23,3.938,5.3584,1.4204
test,2019-11-24,3.928,5.353,1.425
test,2019-11-25,3.918,5.3484,1.4304
test,2019-11-26,3.918,5.3459,1.4279
test,2019-11-27,3.908,5.3312,1.4232
test,2019-11-28,3.908,5.3266,1.4186
test,2019-11-29,3.902,5.3216,1.4196
test,2019-11-30,3.898,5.3226,1.4246
test,2019-12-01,3.888,5.3261,1.4381
test,2019-12-02,3.888,5.316,1.428
test,2019-12-03,3.888,5.3066,1.4186
test,2019-12-04,3.882,5.3151,1.4331
test,2019-12-05,3.878,5.3161,1.4381
test,2019-12-06,3.888,5.3068,1.4188
test,2019-12-07,3.898,5.3066,1.4086
test,2019-12-08,3.918,5.3006,1.3826
test,2019-12-09,3.928,5.3086,1.3806
test,2019-12-10,3.948,5.319,1.371
test,2019-12-11,3.928,5.3343,1.4063
test,2019-12-12,3.908,5.3427,1.4347
test,2019-12-13,3.878,5.3484,1.4704
test,2019-12-14,3.858,5.3415,1.4835
test,2019-12-15,3.838,5.3295,1.4915
test,2019-12-16,3.818,5.3183,1.5003
test,2019-12-17,3.808,5.3123,1.5043
test,2019-12-18,3.828,5.3194,1.4914
test,2019-12-19,3.848,5.3438,1.4958
test,2019-12-20,3.868,5.3381,1.4701
test,2019-12-21,3.848,5.3432,1.4952
test,2019-12-22,3.828,5.3498,1.5218
test,2019-12-23,3.808,5.3569,1.5489
test,2019-12-24,3.798,5.3403,1.5423
test,2019-12-25,3.798,5.356,1.558
test,2019-12-26,3.798,5.3396,1.5416
test,2019-12-27,3.798,5.3249,1.5269
test,2019-12-28,3.798,5.3517,1.5537
test,2019-12-29,3.808,5.3825,1.5745
test,2019-12-30,3.818,5.3585,1.5405
test,2019-12-31,3.828,5.3388,1.5108
test,2020-01-01,3.842,5.3396,1.4976
test,2020-01-02,3.88,5.3373,1.4573
test,2020-01-03,4.028,5.3553,1.3273
test,2020-01-04,4.22,5.4151,1.1951
test,2020-01-05,4.072,5.5208,1.4488
test,2020-01-06,3.944,5.4749,1.5309
test,2020-01-07,3.906,5.4635,1.5575
test,2020-01-08,3.898,5.415,1.517
test,2020-01-09,3.888,5.376,1.488
test,2020-01-10,3.888,5.3532,1.4652
test,2020-01-11,3.898,5.3698,1.4718
test,2020-01-12,3.918,5.3592,1.4412
test,2020-01-13,3.908,5.3562,1.4482
test,2020-01-14,3.888,5.3488,1.4608
test,2020-01-15,3.888,5.3496,1.4616
test,2020-01-16,3.888,5.3402,1.4522
test,2020-01-17,3.878,5.3213,1.4433
test,2020-01-18,3.878,5.3016,1.4236
test,2020-01-19,3.878,5.2891,1.4111
test,2020-01-20,3.878,5.2836,1.4056
test,2020-01-21,3.868,5.3007,1.4327
test,2020-01-22,3.868,5.3311,1.4631
test,2020-01-23,3.858,5.3279,1.4699
test,2020-01-24,3.848,5.3054,1.4574
test,2020-01-25,3.838,5.3325,1.4945
test,2020-01-26,3.828,5.3181,1.4901
test,2020-01-27,3.818,5.3043,1.4863
test,2020-01-28,3.798,5.2988,1.5008
test,2020-01-29,3.798,5.3193,1.5213
test,2020-01-30,3.812,5.2941,1.4821
test,2020-01-31,3.852,5.3096,1.4576
test,2020-02-01,3.882,5.3093,1.4273
test,2020-02-02,3.84,5.3231,1.4831
test,2020-02-03,3.808,5.3349,1.5269
test,2020-02-04,3.824,5.3293,1.5053
test,2020-02-05,3.838,5.3104,1.4724
test,2020-02-06,3.838,5.2873,1.4493
test,2020-02-07,3.828,5.3061,1.4781
test,2020-02-08,3.812,5.2961,1.4841
test,2020-02-09,3.786,5.2979,1.5119
test,2020-02-10,3.768,5.2999,1.5319
test,2020-02-11,3.758,5.3051,1.5471
test,2020-02-12,3.758,5.2822,1.5242
test,2020-02-13,3.748,5.2623,1.5143
test,2020-02-14,3.748,5.2438,1.4958
test,2020-02-15,3.738,5.2215,1.4835
test,2020-02-16,3.728,5.2356,1.5076
test,2020-02-17,3.728,5.2369,1.5089
test,2020-02-18,3.738,5.2392,1.5012
test,2020-02-19,3.752,5.2246,1.4726
test,2020-02-20,3.772,5.2248,1.4528
test,2020-02-21,3.778,5.2269,1.4489
test,2020-02-22,3.768,5.2331,1.4651
test,2020-02-23,3.752,5.2228,1.4708
test,2020-02-24,3.748,5.2097,1.4617
test,2020-02-25,3.738,5.1965,1.4585
test,2020-02-26,3.738,5.2,1.462
test,2020-02-27,3.738,5.2529,1.5149
test,2020-02-28,3.738,5.2803,1.5423
test,2020-02-29,3.728,5.2414,1.5134
test,2020-03-01,3.728,5.2141,1.4861
test,2020-03-02,3.728,5.1916,1.4636
test,2020-03-03,3.728,5.1826,1.4546
test,2020-03-04,3.728,5.176,1.448
test,2020-03-05,3.718,5.1953,1.4773
test,2020-03-06,3.718,5.2072,1.4892
test,2020-03-07,3.718,5.2068,1.4888
test,2020-03-08,3.718,5.239,1.521
test,2020-03-09,3.718,5.2481,1.5301
test,2020-03-10,3.718,5.2361,1.5181
test,2020-03-11,3.728,5.2151,1.4871
test,2020-03-12,3.768,5.1933,1.4253
test,2020-03-13,3.768,5.1878,1.4198
test,2020-03-14,3.748,5.1872,1.4392
test,2020-03-15,3.738,5.1743,1.4363
test,2020-03-16,3.738,5.1712,1.4332
test,2020-03-17,3.738,5.1807,1.4427
test,2020-03-18,3.738,5.1795,1.4415
test,2020-03-19,3.728,5.1691,1.4411
test,2020-03-20,3.728,5.1849,1.4569
test,2020-03-21,3.728,5.1622,1.4342
test,2020-03-22,3.728,5.1776,1.4496
test,2020-03-23,3.728,5.1774,1.4494
test,2020-03-24,3.728,5.1884,1.4604
test,2020-03-25,3.728,5.1755,1.4475
test,2020-03-26,3.728,5.177,1.449
test,2020-03-27,3.718,5.1613,1.4433
test,2020-03-28,3.718,5.1664,1.4484
test,2020-03-29,3.698,5.1543,1.4563
test,2020-03-30,3.688,5.1549,1.4669
test,2020-03-31,3.678,5.1558,1.4778
test,2020-04-01,3.668,5.1519,1.4839
test,2020-04-02,3.658,5.1428,1.4848
test,2020-04-03,3.648,5.1397,1.4917
test,2020-04-04,3.648,5.1607,1.5127
test,2020-04-05,3.638,5.1877,1.5497
test,2020-04-06,3.638,5.1863,1.5483
test,2020-04-07,3.628,5.1757,1.5477
test,2020-04-08,3.618,5.1652,1.5472
test,2020-04-09,3.618,5.1699,1.5519
test,2020-04-10,3.618,5.1794,1.5614
test,2020-04-11,3.608,5.1803,1.5723
test,2020-04-12,3.608,5.1677,1.5597
test,2020-04-13,3.608,5.1694,1.5614
test,2020-04-14,3.608,5.1607,1.5527
test,2020-04-15,3.598,5.1614,1.5634
test,2020-04-16,3.598,5.1668,1.5688
test,2020-04-17,3.598,5.1668,1.5688
test,2020-04-18,3.588,5.2688,1.6808
test,2020-04-19,3.594,5.2509,1.6569
test,2020-04-20,3.646,5.268,1.622
test,2020-04-21,3.684,5.2654,1.5814
test,2020-04-22,3.688,5.3084,1.6204
test,2020-04-23,3.712,5.3093,1.5973
test,2020-04-24,3.752,5.2801,1.5281
test,2020-04-25,3.886,5.3263,1.4403
test,2020-04-26,4.05,5.4517,1.4017
test,2020-04-27,3.918,5.5278,1.6098
test,2020-04-28,3.856,5.4642,1.6082
test,2020-04-29,3.806,5.4226,1.6166
test,2020-04-30,3.774,5.4357,1.6617
test,2020-05-01,3.752,5.3975,1.6455
test,2020-05-02,3.73,5.3626,1.6326
test,2020-05-03,3.768,5.3157,1.5477
test,2020-05-04,3.806,5.3459,1.5399
test,2020-05-05,4.082,5.3562,1.2742
test,2020-05-06,4.006,5.3882,1.3822
test,2020-05-07,3.974,5.3916,1.4176
test,2020-05-08,3.97,5.3782,1.4082
test,2020-05-09,3.886,5.3443,1.4583
test,2020-05-10,3.802,5.2981,1.4961
test,2020-05-11,3.75,5.263,1.513
test,2020-05-12,3.72,5.2404,1.5204
test,2020-05-13,3.686,5.2181,1.5321
test,2020-05-14,3.668,5.2003,1.5323
test,2020-05-15,3.658,5.2001,1.5421
test,2020-05-16,3.658,5.1818,1.5238
test,2020-05-17,3.682,5.1957,1.5137
test,2020-05-18,3.79,5.191,1.401
test,2020-05-19,3.646,5.2093,1.5633
test,2020-05-20,3.706,5.1999,1.4939
test,2020-05-21,4.29,5.2595,0.9695
test,2020-05-22,4.112,5.4937,1.3817
test,2020-05-23,4.076,5.4542,1.3782
test,2020-05-24,4.378,5.4147,1.0367
test,2020-05-25,4.448,5.4691,1.0211
test,2020-05-26,4.106,5.5112,1.4052
test,2020-05-27,3.842,5.4458,1.6038
test,2020-05-28,5.61,5.3682,-0.2418
test,2020-05-29,6.006,6.1771,0.1711
test,2020-05-30,4.914,6.4211,1.5071
test,2020-05-31,4.684,5.9567,1.2727
test,2020-06-01,4.616,5.8396,1.2236
test,2020-06-02,4.264,5.7181,1.4541
test,2020-06-03,4.208,5.5399,1.3319
test,2020-06-04,4.876,5.5367,0.6607
test,2020-06-05,5.886,5.8888,0.0028
test,2020-06-06,5.846,6.2805,0.4345
test,2020-06-07,5.236,6.3325,1.0965
test,2020-06-08,5.136,6.049,0.913
test,2020-06-09,5.098,5.9518,0.8538
test,2020-06-10,4.988,5.8385,0.8505
test,2020-06-11,6.65,5.8054,-0.8446
test,2020-06-12,6.19,6.922,0.732
test,2020-06-13,4.946,6.6876,1.7416
test,2020-06-14,5.74,5.8857,0.1457
test,2020-06-15,5.322,6.2152,0.8932
test,2020-06-16,4.816,5.9106,1.0946
test,2020-06-17,4.83,5.6886,0.8586
test,2020-06-18,5.504,5.8953,0.3913
test,2020-06-19,6.87,6.5702,-0.2998
test,2020-06-20,6.14,7.1468,1.0068
test,2020-06-21,5.322,6.4113,1.0893
test,2020-06-22,4.878,6.0845,1.2065
test,2020-06-23,4.644,5.8421,1.1981
test,2020-06-24,4.748,5.65,0.902
test,2020-06-25,4.398,5.5503,1.1523
test,2020-06-26,4.284,5.4117,1.1277
test,2020-06-27,4.23,5.3504,1.1204
test,2020-06-28,4.572,5.3794,0.8074
test,2020-06-29,6.24,5.6077,-0.6323
test,2020-06-30,5.44,6.3486,0.9086
test,2020-07-01,4.874,5.9054,1.0314
test,2020-07-02,4.652,5.7486,1.0966
test,2020-07-03,4.682,5.6225,0.9405
test,2020-07-04,4.566,5.5689,1.0029
test,2020-07-05,5.1,5.4526,0.3526
test,2020-07-06,5.0,5.7779,0.7779
test,2020-07-07,4.486,5.711,1.225
test,2020-07-08,4.264,5.5462,1.2822
test,2020-07-09,4.134,5.4576,1.3236
test,2020-07-10,4.334,5.4272,1.0932
test,2020-07-11,4.334,5.4472,1.1132
test,2020-07-12,5.276,5.4738,0.1978
test,2020-07-13,8.208,6.0731,-2.1349
test,2020-07-14,7.834,7.9922,0.1582
test,2020-07-15,6.402,7.8914,1.4894
test,2020-07-16,5.626,6.8815,1.2555
test,2020-07-17,5.144,6.4019,1.2579
test,2020-07-18,4.836,6.0473,1.2113
test,2020-07-19,4.77,5.7894,1.0194
test,2020-07-20,4.752,5.6937,0.9417
test,2020-07-21,5.75,5.7992,0.0492
test,2020-07-22,7.794,6.7029,-1.0911
test,2020-07-23,7.698,8.036,0.338
test,2020-07-24,6.862,7.5752,0.7132
test,2020-07-25,6.45,6.9587,0.5087
test,2020-07-26,5.858,6.7136,0.8556
test,2020-07-27,5.528,6.3695,0.8415
test,2020-07-28,5.252,6.2074,0.9554
test,2020-07-29,5.38,5.984,0.604
test,2020-07-30,6.04,6.0484,0.0084
test,2020-07-31,5.37,6.3288,0.9588
test,2020-08-01,5.012,5.9284,0.9164
test,2020-08-02,4.89,5.7881,0.8981
test,2020-08-03,4.878,5.6355,0.7575
test,2020-08-04,4.764,5.5996,0.8356
test,2020-08-05,4.638,5.6064,0.9684
test,2020-08-06,4.39,5.5665,1.1765
test,2020-08-07,4.372,5.4959,1.1239
test,2020-08-08,4.132,5.4782,1.3462
test,2020-08-09,4.046,5.4132,1.3672
test,2020-08-10,3.96,5.3483,1.3883
test,2020-08-11,3.896,5.2842,1.3882
test,2020-08-12,3.798,5.2075,1.4095
test,2020-08-13,3.838,5.2416,1.4036
test,2020-08-14,3.704,5.2194,1.5154
test,2020-08-15,3.664,5.2021,1.5381
test,2020-08-16,4.154,5.1825,1.0285
test,2020-08-17,4.272,5.2559,0.9839
test,2020-08-18,4.652,5.3837,0.7317
test,2020-08-19,4.246,5.5072,1.2612
test,2020-08-20,4.07,5.4411,1.3711
test,2020-08-21,3.976,5.4953,1.5193
test,2020-08-22,4.0,5.5498,1.5498
test,2020-08-23,4.0,5.5792,1.5792
test,2020-08-24,3.91,5.4997,1.5897
test,2020-08-25,4.526,5.4597,0.9337
test,2020-08-26,5.116,5.5747,0.4587
test,2020-08-27,4.448,5.8252,1.3772
test,2020-08-28,4.112,5.6619,1.5499
test,2020-08-29,4.174,5.5799,1.4059
test,2020-08-30,4.658,5.5503,0.8923
test,2020-08-31,4.634,5.6282,0.9942
test,2020-09-01,4.916,5.7404,0.8244
test,2020-09-02,4.82,5.9447,1.1247
test,2020-09-03,4.354,5.8028,1.4488
test,2020-09-04,4.13,5.648,1.518
test,2020-09-05,3.99,5.5466,1.5566
test,2020-09-06,4.06,5.4538,1.3938
test,2020-09-07,4.044,5.4116,1.3676
test,2020-09-08,3.996,5.3829,1.3869
test,2020-09-09,3.984,5.3758,1.3918
test,2020-09-10,4.522,5.3553,0.8333
test,2020-09-11,5.98,5.5853,-0.3947
test,2020-09-12,5.198,6.1272,0.9292
test,2020-09-13,4.582,5.9832,1.4012
test,2020-09-14,4.16,5.8206,1.6606
test,2020-09-15,4.468,5.6408,1.1728
test,2020-09-16,4.488,5.6328,1.1448
test,2020-09-17,4.462,5.5937,1.1317
test,2020-09-18,4.526,5.5619,1.0359
test,2020-09-19,4.454,5.5762,1.1222
test,2020-09-20,4.332,5.5495,1.2175
test,2020-09-21,4.762,5.4972,0.7352
test,2020-09-22,5.092,5.7366,0.6446
test,2020-09-23,5.228,5.9187,0.6907
test,2020-09-24,5.358,5.9887,0.6307
test,2020-09-25,5.814,6.229,0.415
test,2020-09-26,6.836,6.5784,-0.2576
test,2020-09-27,6.248,7.1794,0.9314
test,2020-09-28,6.02,6.6863,0.6663
test,2020-09-29,5.808,6.4589,0.6509
test,2020-09-30,5.022,6.4564,1.4344
test,2020-10-01,4.984,5.967,0.983
test,2020-10-02,5.082,5.8575,0.7755
test,2020-10-03,4.992,5.8052,0.8132
test,2020-10-04,4.82,5.7442,0.9242
test,2020-10-05,4.688,5.6909,1.0029
test,2020-10-06,4.964,5.637,0.673
test,2020-10-07,5.054,5.6941,0.6401
test,2020-10-08,4.588,5.7124,1.1244
test,2020-10-09,4.558,5.5775,1.0195
test,2020-10-10,4.464,5.5053,1.0413
test,2020-10-11,4.386,5.4712,1.0852
test,2020-10-12,4.356,5.4357,1.0797
test,2020-10-13,4.23,5.4072,1.1772
test,2020-10-14,4.396,5.3839,0.9879
test,2020-10-15,5.04,5.3699,0.3299
test,2020-10-16,4.484,5.5119,1.0279
test,2020-10-17,4.302,5.4495,1.1475
test,2020-10-18,4.644,5.4001,0.7561
test,2020-10-19,8.194,5.4955,-2.6985
test,2020-10-20,7.244,7.0594,-0.1846
test,2020-10-21,6.564,7.0359,0.4719
test,2020-10-22,6.228,7.048,0.82
test,2020-10-23,6.484,7.134,0.65
test,2020-10-24,8.004,7.3265,-0.6775
test,2020-10-25,7.484,7.583,0.099
test,2020-10-26,6.634,7.1366,0.5026
test,2020-10-27,5.96,6.9025,0.9425
test,2020-10-28,5.356,6.5157,1.1597
test,2020-10-29,5.016,6.1808,1.1648
test,2020-10-30,4.714,5.9151,1.2011
test,2020-10-31,4.528,5.669,1.141
test,2020-11-01,5.106,5.6261,0.5201
test,2020-11-02,4.886,5.8239,0.9379
test,2020-11-03,4.592,5.7312,1.1392
test,2020-11-04,4.934,5.6627,0.7287
test,2020-11-05,4.79,5.7224,0.9324
test,2020-11-06,4.772,5.6395,0.8675
test,2020-11-07,4.744,5.5898,0.8458
test,2020-11-08,4.738,5.5605,0.8225
test,2020-11-09,4.718,5.5349,0.8169
test,2020-11-10,4.7,5.5011,0.8011
test,2020-11-11,4.8,5.4645,0.6645
test,2020-11-12,4.908,5.4496,0.5416
test,2020-11-13,4.88,5.4469,0.5669
test,2020-11-14,4.854,5.4452,0.5912
test,2020-11-15,4.814,5.4465,0.6325
test,2020-11-16,4.788,5.4326,0.6446
test,2020-11-17,4.768,5.414,0.646
test,2020-11-18,4.758,5.4052,0.6472
test,2020-11-19,4.738,5.4146,0.6766
test,2020-11-20,4.738,5.4229,0.6849
test,2020-11-21,4.718,5.4311,0.7131
test,2020-11-22,4.708,5.4487,0.7407
test,2020-11-23,4.698,5.5114,0.8134
test,2020-11-24,4.69,5.51,0.82
test,2020-11-25,4.75,5.5047,0.7547
test,2020-11-26,4.82,5.5134,0.6934
test,2020-11-27,4.776,5.5427,0.7667
test,2020-11-28,4.788,5.5597,0.7717
test,2020-11-29,4.81,5.5648,0.7548
test,2020-11-30,4.828,5.572,0.744
test,2020-12-01,3.818,5.5672,1.7492
test,2020-12-02,3.808,5.4732,1.6652
test,2020-12-03,3.798,5.3331,1.5351
test,2020-12-04,3.798,5.2683,1.4703
test,2020-12-05,3.788,5.2245,1.4365
test,2020-12-06,3.778,5.2239,1.4459
test,2020-12-07,3.778,5.2324,1.4544
test,2020-12-08,3.768,5.2388,1.4708
test,2020-12-09,3.758,5.2292,1.4712
test,2020-12-10,3.758,5.2114,1.4534
test,2020-12-11,3.758,5.2311,1.4731
test,2020-12-12,3.758,5.2359,1.4779
test,2020-12-13,3.758,5.2397,1.4817
test,2020-12-14,3.748,5.2383,1.4903
test,2020-12-15,3.748,5.2433,1.4953
test,2020-12-16,3.748,5.2511,1.5031
test,2020-12-17,3.748,5.2479,1.4999
test,2020-12-18,3.748,5.2461,1.4981
test,2020-12-19,3.738,5.2619,1.5239
test,2020-12-20,3.738,5.2775,1.5395
test,2020-12-21,3.738,5.2773,1.5393
test,2020-12-22,3.728,5.2668,1.5388
test,2020-12-23,3.728,5.2702,1.5422
test,2020-12-24,3.718,5.2777,1.5597
test,2020-12-25,3.718,5.2807,1.5627
test,2020-12-26,3.718,5.2831,1.5651
test,2020-12-27,3.708,5.2858,1.5778
test,2020-12-28,3.698,5.2879,1.5899
test,2020-12-29,3.698,5.2924,1.5944
test,2020-12-30,3.688,5.2994,1.6114
test,2020-12-31,3.688,5.3026,1.6146
test,2021-01-01,3.678,5.3025,1.6245
test,2021-01-02,3.678,5.2843,1.6063
test,2021-01-03,3.68,5.2748,1.5948
test,2021-01-04,3.702,5.2662,1.5642
test,2021-01-05,3.688,5.2658,1.5778
test,2021-01-06,3.678,5.2587,1.5807
test,2021-01-07,3.678,5.2428,1.5648
test,2021-01-08,3.668,5.2319,1.5639
test,2021-01-09,3.668,5.2308,1.5628
test,2021-01-10,3.654,5.23,1.576
test,2021-01-11,3.636,5.2257,1.5897
test,2021-01-12,4.632,5.2349,0.6029
test,2021-01-13,4.61,5.4197,0.8097
test,2021-01-14,4.61,5.5396,0.9296
test,2021-01-15,4.628,5.6273,0.9993
test,2021-01-16,4.656,5.6578,1.0018
test,2021-01-17,4.63,5.6519,1.0219
test,2021-01-18,4.63,5.6311,1.0011
test,2021-01-19,4.63,5.6055,0.9755
test,2021-01-20,4.622,5.6131,0.9911
test,2021-01-21,4.65,5.647,0.997
test,2021-01-22,4.64,5.6314,0.9914
test,2021-01-23,4.63,5.6016,0.9716
test,2021-01-24,4.63,5.587,0.957
test,2021-01-25,4.656,5.5823,0.9263
test,2021-01-26,4.64,5.5697,0.9297
test,2021-01-27,4.63,5.5588,0.9288
test,2021-01-28,4.61,5.5614,0.9514
test,2021-01-29,4.6,5.5489,0.9489
test,2021-01-30,4.6,5.532,0.932
test,2021-01-31,4.6,5.5191,0.9191
test,2021-02-01,4.6,5.5455,0.9455
test,2021-02-02,4.59,5.5364,0.9464
test,2021-02-03,4.59,5.5184,0.9284
test,2021-02-04,4.59,5.4976,0.9076
test,2021-02-05,4.59,5.4735,0.8835
test,2021-02-06,4.58,5.4478,0.8678
test,2021-02-07,4.58,5.4311,0.8511
test,2021-02-08,4.57,5.4244,0.8544
test,2021-02-09,4.57,5.4392,0.8692
test,2021-02-10,4.57,5.4117,0.8417
test,2021-02-11,4.56,5.3905,0.8305
test,2021-02-12,4.56,5.3804,0.8204
test,2021-02-13,4.56,5.3797,0.8197
test,2021-02-14,4.56,5.38,0.82
test,2021-02-15,4.56,5.3725,0.8125
test,2021-02-16,4.56,5.3664,0.8064
test,2021-02-17,4.55,5.365,0.815
test,2021-02-18,4.566,5.3632,0.7972
test,2021-02-19,4.55,5.3607,0.8107
test,2021-02-20,4.55,5.3512,0.8012
test,2021-02-21,4.55,5.3555,0.8055
test,2021-02-22,4.55,5.3894,0.8394
test,2021-02-23,4.55,5.366,0.816
test,2021-02-24,4.54,5.3477,0.8077
test,2021-02-25,4.54,5.3337,0.7937
test,2021-02-26,4.53,5.3239,0.7939
test,2021-02-27,4.53,5.3206,0.7906
test,2021-02-28,4.53,5.3186,0.7886
test,2021-03-01,4.52,5.3198,0.7998
test,2021-03-02,4.52,5.3254,0.8054
test,2021-03-03,4.52,5.3211,0.8011
test,2021-03-04,4.51,5.3127,0.8027
test,2021-03-05,4.51,5.3227,0.8127
test,2021-03-06,4.51,5.3185,0.8085
test,2021-03-07,4.54,5.3213,0.7813
test,2021-03-08,4.53,5.3426,0.8126
test,2021-03-09,4.652,5.3523,0.7003
test,2021-03-10,4.614,5.3667,0.7527
test,2021-03-11,4.57,5.3679,0.7979
test,2021-03-12,4.546,5.3655,0.8195
test,2021-03-13,4.546,5.3465,0.8005
test,2021-03-14,4.558,5.3392,0.7812
test,2021-03-15,4.548,5.3392,0.7912
test,2021-03-16,4.528,5.3293,0.8013
test,2021-03-17,4.51,5.3268,0.8168
test,2021-03-18,4.51,5.317,0.807
test,2021-03-19,4.52,5.3049,0.7849
test,2021-03-20,4.51,5.2951,0.7851
test,2021-03-21,4.51,5.2829,0.7729
test,2021-03-22,4.5,5.2924,0.7924
test,2021-03-23,4.5,5.3024,0.8024
test,2021-03-24,4.49,5.3018,0.8118
test,2021-03-25,4.48,5.2888,0.8088
test,2021-03-26,4.48,5.2967,0.8167
test,2021-03-27,4.47,5.2939,0.8239
test,2021-03-28,4.5,5.2945,0.7945
test,2021-03-29,4.49,5.2863,0.7963
test,2021-03-30,4.484,5.2909,0.8069
test,2021-03-31,4.504,5.3285,0.8245
test,2021-04-01,4.526,5.4029,0.8769
test,2021-04-02,4.5,5.3907,0.8907
test,2021-04-03,4.52,5.3642,0.8442
test,2021-04-04,4.48,5.3555,0.8755
test,2021-04-05,4.48,5.3272,0.8472
test,2021-04-06,4.47,5.3274,0.8574
test,2021-04-07,4.47,5.3195,0.8495
test,2021-04-08,4.45,5.3086,0.8586
test,2021-04-09,4.45,5.3228,0.8728
test,2021-04-10,4.45,5.3253,0.8753
test,2021-04-11,4.48,5.3289,0.8489
test,2021-04-12,4.44,5.3328,0.8928
test,2021-04-13,4.43,5.3194,0.8894
test,2021-04-14,4.468,5.3142,0.8462
test,2021-04-15,4.49,5.316,0.826
test,2021-04-16,4.466,5.321,0.855
test,2021-04-17,4.464,5.3321,0.8681
test,2021-04-18,4.494,5.347,0.853
test,2021-04-19,4.5,5.3418,0.8418
test,2021-04-20,4.48,5.3469,0.8669
test,2021-04-21,4.456,5.3552,0.8992
test,2021-04-22,4.436,5.3368,0.9008
test,2021-04-23,4.406,5.3324,0.9264
test,2021-04-24,4.406,5.3221,0.9161
test,2021-04-25,4.434,5.3091,0.8751
test,2021-04-26,4.406,5.287,0.881
test,2021-04-27,4.43,5.2813,0.8513
test,2021-04-28,4.41,5.2955,0.8855
test,2021-04-29,4.458,5.3097,0.8517
test,2021-04-30,4.42,5.3159,0.8959
test,2021-05-01,4.418,5.329,0.911
test,2021-05-02,4.498,5.3485,0.8505
test,2021-05-03,4.612,5.3725,0.7605
test,2021-05-04,4.53,5.459,0.929
test,2021-05-05,4.472,5.6078,1.1358
test,2021-05-06,4.42,5.5522,1.1322
test,2021-05-07,4.416,5.4348,1.0188
test,2021-05-08,4.464,5.4208,0.9568
test,2021-05-09,4.518,5.3987,0.8807
test,2021-05-10,4.486,5.409,0.923
test,2021-05-11,4.636,5.4048,0.7688
test,2021-05-12,4.504,5.4541,0.9501
test,2021-05-13,4.608,5.4648,0.8568
test,2021-05-14,4.538,5.5317,0.9937
test,2021-05-15,4.508,5.5304,1.0224
test,2021-05-16,4.612,5.4614,0.8494
test,2021-05-17,4.772,5.4533,0.6813
test,2021-05-18,4.792,5.4881,0.6961
test,2021-05-19,4.6,5.5138,0.9138
test,2021-05-20,4.536,5.497,0.961
test,2021-05-21,4.506,5.4516,0.9456
test,2021-05-22,4.496,5.4059,0.9099
test,2021-05-23,4.486,5.3899,0.9039
test,2021-05-24,4.474,5.3864,0.9124
test,2021-05-25,4.648,5.3741,0.7261
test,2021-05-26,4.86,5.5052,0.6452
test,2021-05-27,4.844,5.5679,0.7239
test,2021-05-28,4.578,5.647,1.069
test,2021-05-29,4.51,5.5274,1.0174
test,2021-05-30,4.5,5.4486,0.9486
test,2021-05-31,4.534,5.4047,0.8707
test,2021-06-01,4.576,5.411,0.835
test,2021-06-02,4.648,5.6466,0.9986
test,2021-06-03,4.636,5.7118,1.0758
test,2021-06-04,4.626,5.6162,0.9902
test,2021-06-05,4.73,5.5816,0.8516
test,2021-06-06,4.964,5.7342,0.7702
test,2021-06-07,6.044,6.0613,0.0173
test,2021-06-08,5.322,6.5996,1.2776
test,2021-06-09,4.896,6.1617,1.2657
test,2021-06-10,4.818,5.8535,1.0355
test,2021-06-11,5.54,5.7812,0.2412
test,2021-06-12,5.048,6.1622,1.1142
test,2021-06-13,4.84,5.7971,0.9571
test,2021-06-14,4.93,5.7232,0.7932
test,2021-06-15,4.824,5.7542,0.9302
test,2021-06-16,4.738,5.7076,0.9696
test,2021-06-17,4.678,5.7008,1.0228
test,2021-06-18,4.658,5.6638,1.0058
test,2021-06-19,4.816,5.7783,0.9623
test,2021-06-20,5.038,5.981,0.943
test,2021-06-21,5.07,6.0956,1.0256
test,2021-06-22,5.148,6.0318,0.8838
test,2021-06-23,4.986,5.926,0.94
test,2021-06-24,4.802,5.7974,0.9954
test,2021-06-25,4.738,5.717,0.979
test,2021-06-26,4.716,5.6434,0.9274
test,2021-06-27,4.696,5.574,0.878
test,2021-06-28,4.676,5.5429,0.8669
test,2021-06-29,4.836,5.5436,0.7076
test,2021-06-30,5.472,5.658,0.186
test,2021-07-01,8.776,6.1959,-2.5801
test,2021-07-02,8.77,8.7174,-0.0526
test,2021-07-03,7.998,9.1036,1.1056
test,2021-07-04,7.37,8.4662,1.0962
test,2021-07-05,7.358,7.6965,0.3385
test,2021-07-06,6.994,7.6816,0.6876
test,2021-07-07,6.812,7.2303,0.4183
test,2021-07-08,7.932,7.4329,-0.4991
test,2021-07-09,7.314,7.8902,0.5762
test,2021-07-10,6.722,7.0745,0.3525
test,2021-07-11,6.38,6.8182,0.4382
test,2021-07-12,6.528,6.5948,0.0668
test,2021-07-13,7.172,6.7726,-0.3994
test,2021-07-14,6.554,7.07,0.516
test,2021-07-15,6.036,6.4782,0.4422
test,2021-07-16,5.718,6.3988,0.6808
test,2021-07-17,6.028,6.2781,0.2501
test,2021-07-18,6.036,6.4355,0.3995
test,2021-07-19,6.038,6.2585,0.2205
test,2021-07-20,6.168,6.2642,0.0962
test,2021-07-21,6.22,6.3707,0.1507
test,2021-07-22,5.882,6.2898,0.4078
test,2021-07-23,6.07,6.1242,0.0542
test,2021-07-24,5.994,6.3012,0.3072
test,2021-07-25,5.806,6.1974,0.3914
test,2021-07-26,5.674,6.0309,0.3569
test,2021-07-27,5.478,5.934,0.456
test,2021-07-28,5.346,5.8426,0.4966
test,2021-07-29,5.32,5.8401,0.5201
test,2021-07-30,5.614,6.0097,0.3957
test,2021-07-31,5.71,6.154,0.444
test,2021-08-01,5.856,6.0547,0.1987
test,2021-08-02,5.766,6.4323,0.6663
test,2021-08-03,5.488,6.4419,0.9539
test,2021-08-04,5.486,6.1659,0.6799
test,2021-08-05,5.3,6.0597,0.7597
test,2021-08-06,5.266,5.868,0.602
test,2021-08-07,5.862,5.8444,-0.0176
test,2021-08-08,6.496,6.2687,-0.2273
test,2021-08-09,5.972,6.589,0.617
test,2021-08-10,5.934,6.2254,0.2914
test,2021-08-11,5.862,6.2725,0.4105
test,2021-08-12,5.828,6.2179,0.3899
test,2021-08-13,5.762,6.2816,0.5196
test,2021-08-14,6.26,6.1963,-0.0637
test,2021-08-15,7.034,6.5821,-0.4519
test,2021-08-16,6.422,6.9412,0.5192
test,2021-08-17,6.154,6.6251,0.4711
test,2021-08-18,5.84,6.5985,0.7585
test,2021-08-19,5.66,6.3983,0.7383
test,2021-08-20,5.67,6.2024,0.5324
test,2021-08-21,5.476,6.1101,0.6341
test,2021-08-22,5.43,5.9495,0.5195
test,2021-08-23,5.458,5.8956,0.4376
test,2021-08-24,5.344,5.8768,0.5328
test,2021-08-25,5.794,5.81,0.016
test,2021-08-26,6.816,6.1014,-0.7146
test,2021-08-27,6.598,6.799,0.201
test,2021-08-28,5.976,6.5917,0.6157
test,2021-08-29,5.528,6.3022,0.7742
test,2021-08-30,5.432,6.1199,0.6879
test,2021-08-31,6.052,5.9934,-0.0586
test,2021-09-01,5.696,6.1367,0.4407
test,2021-09-02,5.7,5.9777,0.2777
test,2021-09-03,5.52,6.002,0.482
test,2021-09-04,5.346,5.9186,0.5726
test,2021-09-05,6.054,5.8157,-0.2383
test,2021-09-06,8.192,6.0623,-2.1297
test,2021-09-07,8.152,7.3308,-0.8212
test,2021-09-08,7.218,7.6337,0.4157
test,2021-09-09,6.446,7.2449,0.7989
test,2021-09-10,6.674,6.8994,0.2254
test,2021-09-11,6.236,6.8891,0.6531
test,2021-09-12,6.338,6.4523,0.1143
test,2021-09-13,6.0,6.3894,0.3894
test,2021-09-14,5.646,6.2393,0.5933
test,2021-09-15,5.448,6.114,0.666
test,2021-09-16,5.702,6.0048,0.3028
test,2021-09-17,6.76,6.0369,-0.7231
test,2021-09-18,6.054,6.7891,0.7351
test,2021-09-19,5.88,6.4915,0.6115
test,2021-09-20,5.742,6.5419,0.7999
test,2021-09-21,5.572,6.3497,0.7777
test,2021-09-22,5.474,6.1616,0.6876
test,2021-09-23,5.346,6.0169,0.6709
test,2021-09-24,5.152,5.886,0.734
test,2021-09-25,5.148,5.7606,0.6126
test,2021-09-26,5.326,5.6761,0.3501
test,2021-09-27,5.38,5.6924,0.3124
test,2021-09-28,5.534,5.7615,0.2275
test,2021-09-29,5.332,5.8223,0.4903
test,2021-09-30,5.262,5.8018,0.5398
test,2021-10-01,5.154,5.7529,0.5989
test,2021-10-02,5.058,5.682,0.624
test,2021-10-03,5.04,5.6072,0.5672
test,2021-10-04,5.088,5.5966,0.5086
test,2021-10-05,5.042,5.5709,0.5289
test,2021-10-06,5.572,5.5643,-0.0077
test,2021-10-07,5.274,5.7213,0.4473
test,2021-10-08,5.014,5.6943,0.6803
test,2021-10-09,4.866,5.6468,0.7808
test,2021-10-10,5.14,5.592,0.452
test,2021-10-11,4.94,5.6,0.66
test,2021-10-12,4.896,5.5625,0.6665
test,2021-10-13,4.946,5.533,0.587
test,2021-10-14,4.958,5.5875,0.6295
test,2021-10-15,4.936,5.5803,0.6443
test,2021-10-16,4.924,5.5611,0.6371
test,2021-10-17,4.916,5.5987,0.6827
test,2021-10-18,5.084,5.5934,0.5094
test,2021-10-19,5.412,5.7941,0.3821
test,2021-10-20,5.292,6.1167,0.8247
test,2021-10-21,5.282,6.1754,0.8934
test,2021-10-22,5.354,5.9757,0.6217
test,2021-10-23,5.166,5.9006,0.7346
test,2021-10-24,5.016,5.8124,0.7964
test,2021-10-25,4.962,5.7344,0.7724
test,2021-10-26,4.854,5.6709,0.8169
test,2021-10-27,4.826,5.6191,0.7931
test,2021-10-28,4.884,5.6593,0.7753
test,2021-10-29,4.872,5.7046,0.8326
test,2021-10-30,4.812,5.6458,0.8338
test,2021-10-31,4.774,5.6011,0.8271
test,2021-11-01,4.758,5.5749,0.8169
test,2021-11-02,4.744,5.5492,0.8052
test,2021-11-03,4.73,5.5185,0.7885
test,2021-11-04,4.73,5.4876,0.7576
test,2021-11-05,4.72,5.4828,0.7628
test,2021-11-06,4.72,5.481,0.761
test,2021-11-07,4.71,5.476,0.766
test,2021-11-08,4.706,5.477,0.771
test,2021-11-09,4.696,5.4667,0.7707
test,2021-11-10,4.69,5.4643,0.7743
test,2021-11-11,4.69,5.4615,0.7715
test,2021-11-12,4.704,5.4613,0.7573
test,2021-11-13,4.7,5.4782,0.7782
test,2021-11-14,4.692,5.5772,0.8852
test,2021-11-15,4.712,5.6292,0.9172
test,2021-11-16,4.886,5.6369,0.7509
test,2021-11-17,4.982,5.6284,0.6464
test,2021-11-18,4.83,5.6094,0.7794
test,2021-11-19,4.778,5.5735,0.7955
test,2021-11-20,4.728,5.5549,0.8269
test,2021-11-21,4.704,5.5365,0.8325
test,2021-11-22,4.7,5.5212,0.8212
test,2021-11-23,4.69,5.5112,0.8212
test,2021-11-24,4.69,5.5006,0.8106
test,2021-11-25,4.688,5.5067,0.8187
test,2021-11-26,4.68,5.5185,0.8385
test,2021-11-27,4.68,5.5117,0.8317
test,2021-11-28,4.67,5.5142,0.8442
test,2021-11-29,4.66,5.5086,0.8486
test,2021-11-30,4.66,5.4997,0.8397
test,2021-12-01,4.65,5.4929,0.8429
test,2021-12-02,4.64,5.4739,0.8339
test,2021-12-03,4.628,5.4682,0.8402
test,2021-12-04,4.62,5.4656,0.8456
test,2021-12-05,4.612,5.5105,0.8985
test,2021-12-06,4.76,5.7052,0.9452
test,2021-12-07,6.972,6.0867,-0.8853
test,2021-12-08,7.128,7.0874,-0.0406
test,2021-12-09,6.418,6.9992,0.5812
test,2021-12-10,5.94,6.6957,0.7557
test,2021-12-11,5.436,6.5006,1.0646
test,2021-12-12,5.164,6.1461,0.9821
test,2021-12-13,5.086,5.9162,0.8302
test,2021-12-14,5.01,5.7616,0.7516
test,2021-12-15,4.932,5.7039,0.7719
test,2021-12-16,4.858,5.6805,0.8225
test,2021-12-17,4.824,5.6478,0.8238
test,2021-12-18,4.804,5.6122,0.8082
test,2021-12-19,4.746,5.58,0.834
test,2021-12-20,4.726,5.5513,0.8253
test,2021-12-21,4.71,5.5227,0.8127
test,2021-12-22,4.7,5.5021,0.8021
test,2021-12-23,4.7,5.5277,0.8277
test,2021-12-24,4.7,5.538,0.838
test,2021-12-25,4.69,5.5255,0.8355
test,2021-12-26,4.69,5.5033,0.8133
test,2021-12-27,4.69,5.4955,0.8055
test,2021-12-28,4.69,5.4835,0.7935
test,2021-12-29,4.68,5.4684,0.7884
test,2021-12-30,4.68,5.4557,0.7757
test,2021-12-31,4.67,5.4614,0.7914
test,2022-01-01,4.67,5.464,0.794
test,2022-01-02,4.66,5.4428,0.7828
test,2022-01-03,4.652,5.4285,0.7765
test,2022-01-04,4.64,5.4166,0.7766
test,2022-01-05,4.64,5.4215,0.7815
test,2022-01-06,4.63,5.4222,0.7922
test,2022-01-07,4.63,5.4257,0.7957
test,2022-01-08,4.63,5.4381,0.8081
test,2022-01-09,4.628,5.4416,0.8136
test,2022-01-10,4.618,5.4403,0.8223
test,2022-01-11,4.6,5.4443,0.8443
test,2022-01-12,4.59,5.4403,0.8503
test,2022-01-13,4.59,5.4504,0.8604
test,2022-01-14,4.59,5.4932,0.9032
test,2022-01-15,4.59,5.4959,0.9059
test,2022-01-16,4.59,5.5126,0.9226
test,2022-01-17,4.59,5.5172,0.9272
test,2022-01-18,4.58,5.4872,0.9072
test,2022-01-19,4.58,5.4527,0.8727
test,2022-01-20,4.57,5.4512,0.8812
test,2022-01-21,4.57,5.4561,0.8861
test,2022-01-22,4.56,5.4736,0.9136
test,2022-01-23,4.56,5.4477,0.8877
test,2022-01-24,4.526,5.4675,0.9415
test,2022-01-25,4.496,5.4952,0.9992
test,2022-01-26,4.482,5.5113,1.0293
test,2022-01-27,4.56,5.4635,0.9035
test,2022-01-28,4.58,5.4859,0.9059
test,2022-01-29,4.58,5.5203,0.9403
test,2022-01-30,4.57,5.5126,0.9426
test,2022-01-31,4.57,5.4902,0.9202
test,2022-02-01,4.57,5.496,0.926
test,2022-02-02,4.57,5.4629,0.8929
test,2022-02-03,4.56,5.4816,0.9216
test,2022-02-04,4.56,5.4643,0.9043
test,2022-02-05,4.56,5.4455,0.8855
test,2022-02-06,4.56,5.4503,0.8903
test,2022-02-07,4.54,5.5139,0.9739
test,2022-02-08,4.53,5.4881,0.9581
test,2022-02-09,4.53,5.4775,0.9475
test,2022-02-10,4.56,5.4602,0.9002
test,2022-02-11,4.56,5.4446,0.8846
test,2022-02-12,4.55,5.478,0.928
test,2022-02-13,4.54,5.4743,0.9343
test,2022-02-14,4.53,5.4481,0.9181
test,2022-02-15,4.53,5.4303,0.9003
test,2022-02-16,4.52,5.4159,0.8959
test,2022-02-17,4.52,5.4049,0.8849
test,2022-02-18,4.52,5.4031,0.8831
test,2022-02-19,4.52,5.4052,0.8852
test,2022-02-20,4.51,5.4014,0.8914
test,2022-02-21,4.51,5.3722,0.8622
test,2022-02-22,4.53,5.4087,0.8787
test,2022-02-23,4.51,5.3986,0.8886
test,2022-02-24,4.5,5.4091,0.9091
test,2022-02-25,4.5,5.3963,0.8963
test,2022-02-26,4.49,5.3715,0.8815
test,2022-02-27,4.49,5.37,0.88
test,2022-02-28,4.48,5.3624,0.8824
test,2022-03-01,4.48,5.3378,0.8578
test,2022-03-02,4.48,5.357,0.877
test,2022-03-03,4.47,5.344,0.874
test,2022-03-04,4.46,5.3347,0.8747
test,2022-03-05,4.45,5.3257,0.8757
test,2022-03-06,4.45,5.3101,0.8601
test,2022-03-07,4.47,5.3116,0.8416
test,2022-03-08,4.47,5.294,0.824
test,2022-03-09,4.46,5.2888,0.8288
test,2022-03-10,4.45,5.2888,0.8388
test,2022-03-11,4.44,5.2875,0.8475
test,2022-03-12,4.44,5.2825,0.8425
test,2022-03-13,4.44,5.2762,0.8362
test,2022-03-14,4.44,5.2781,0.8381
test,2022-03-15,4.43,5.2715,0.8415
test,2022-03-16,4.42,5.2639,0.8439
test,2022-03-17,4.41,5.2672,0.8572
test,2022-03-18,4.4,5.2656,0.8656
test,2022-03-19,4.4,5.261,0.861
test,2022-03-20,4.4,5.2555,0.8555
test,2022-03-21,4.4,5.2644,0.8644
test,2022-03-22,4.41,5.2726,0.8626
test,2022-03-23,4.4,5.2635,0.8635
test,2022-03-24,4.4,5.2623,0.8623
test,2022-03-25,4.4,5.2841,0.8841
test,2022-03-26,4.41,5.2994,0.8894
test,2022-03-27,4.41,5.3357,0.9257
test,2022-03-28,4.43,5.3538,0.9238
test,2022-03-29,4.43,5.3542,0.9242
test,2022-03-30,4.45,5.3733,0.9233
test,2022-03-31,4.45,5.387,0.937
test,2022-04-01,4.44,5.3729,0.9329
test,2022-04-02,4.43,5.3677,0.9377
test,2022-04-03,4.43,5.3812,0.9512
test,2022-04-04,4.43,5.378,0.948
test,2022-04-05,4.436,5.3654,0.9294
test,2022-04-06,4.42,5.3568,0.9368
test,2022-04-07,4.406,5.35,0.944
test,2022-04-08,4.38,5.3367,0.9567
test,2022-04-09,4.38,5.329,0.949
test,2022-04-10,4.392,5.3196,0.9276
test,2022-04-11,4.428,5.3279,0.8999
test,2022-04-12,4.388,5.3492,0.9612
test,2022-04-13,4.37,5.3908,1.0208
test,2022-04-14,4.37,5.3548,0.9848
test,2022-04-15,4.36,5.3703,1.0103
test,2022-04-16,4.362,5.3642,1.0022
test,2022-04-17,4.378,5.3562,0.9782
test,2022-04-18,4.35,5.3464,0.9964
test,2022-04-19,4.372,5.3303,0.9583
test,2022-04-20,4.434,5.3396,0.9056
test,2022-04-21,5.004,5.4089,0.4049
test,2022-04-22,4.75,5.6125,0.8625
test,2022-04-23,4.668,5.564,0.896
test,2022-04-24,4.58,5.5328,0.9528
test,2022-04-25,4.524,5.4669,0.9429
test,2022-04-26,4.488,5.4055,0.9175
test,2022-04-27,4.382,5.3732,0.9912
test,2022-04-28,4.37,5.3315,0.9615
test,2022-04-29,4.372,5.3196,0.9476
test,2022-04-30,4.382,5.3053,0.9233
test,2022-05-01,4.484,5.3092,0.8252
test,2022-05-02,4.52,5.3555,0.8355
test,2022-05-03,4.562,5.3842,0.8222
test,2022-05-04,5.168,5.4375,0.2695
test,2022-05-05,5.124,5.8158,0.6918
test,2022-05-06,4.83,5.7758,0.9458
test,2022-05-07,4.694,5.6369,0.9429
test,2022-05-08,4.662,5.5526,0.8906
test,2022-05-09,4.486,5.4866,1.0006
test,2022-05-10,4.458,5.4986,1.0406
test,2022-05-11,4.592,5.5389,0.9469
test,2022-05-12,4.686,5.5283,0.8423
test,2022-05-13,4.826,5.5864,0.7604
test,2022-05-14,4.756,5.6762,0.9202
test,2022-05-15,4.934,5.6153,0.6813
test,2022-05-16,4.696,5.654,0.958
test,2022-05-17,4.588,5.5707,0.9827
test,2022-05-18,4.668,5.4954,0.8274
test,2022-05-19,4.794,5.4958,0.7018
test,2022-05-20,4.796,5.5606,0.7646
test,2022-05-21,5.84,5.5562,-0.2838
test,2022-05-22,6.17,6.0301,-0.1399
test,2022-05-23,5.578,6.3952,0.8172
test,2022-05-24,4.936,6.0954,1.1594
test,2022-05-25,4.792,5.7582,0.9662
test,2022-05-26,5.314,5.6245,0.3105
test,2022-05-27,5.306,5.7558,0.4498
test,2022-05-28,5.086,5.7739,0.6879
test,2022-05-29,4.898,5.7123,0.8143
test,2022-05-30,4.95,5.6712,0.7212
test,2022-05-31,4.948,5.702,0.754
test,2022-06-01,4.778,5.6417,0.8637
test,2022-06-02,4.708,5.5697,0.8617
test,2022-06-03,4.714,5.5891,0.8751
test,2022-06-04,4.706,5.6631,0.9571
test,2022-06-05,5.262,5.6317,0.3697
test,2022-06-06,5.28,5.8241,0.5441
test,2022-06-07,4.898,5.8082,0.9102
test,2022-06-08,4.766,5.6616,0.8956
test,2022-06-09,4.938,5.5917,0.6537
test,2022-06-10,4.916,5.6863,0.7703
test,2022-06-11,4.994,5.6912,0.6972
test,2022-06-12,5.116,5.6343,0.5183
test,2022-06-13,4.722,5.6656,0.9436
test,2022-06-14,4.928,5.5473,0.6193
test,2022-06-15,4.844,5.5974,0.7534
test,2022-06-16,5.162,5.6211,0.4591
test,2022-06-17,5.834,5.876,0.042
test,2022-06-18,7.168,6.319,-0.849
test,2022-06-19,7.63,7.8808,0.2508
test,2022-06-20,9.902,8.6172,-1.2848
test,2022-06-21,10.424,9.701,-0.723
test,2022-06-22,9.63,9.5571,-0.0729
test,2022-06-23,8.672,9.1353,0.4633
test,2022-06-24,7.69,8.585,0.895
test,2022-06-25,7.12,7.8851,0.7651
test,2022-06-26,6.456,7.5634,1.1074
test,2022-06-27,5.972,6.8836,0.9116
test,2022-06-28,5.544,6.4882,0.9442
test,2022-06-29,5.398,6.2624,0.8644
test,2022-06-30,5.596,6.1377,0.5417
test,2022-07-01,5.77,6.2822,0.5122
test,2022-07-02,5.566,6.2358,0.6698
test,2022-07-03,5.314,5.9662,0.6522
test,2022-07-04,5.174,5.8061,0.6321
test,2022-07-05,5.062,5.8231,0.7611
test,2022-07-06,5.008,5.8166,0.8086
test,2022-07-07,5.372,5.7519,0.3799
test,2022-07-08,5.106,5.8109,0.7049
test,2022-07-09,4.894,5.6668,0.7728
test,2022-07-10,4.778,5.5894,0.8114
test,2022-07-11,4.932,5.5247,0.5927
test,2022-07-12,4.838,5.4357,0.5977
test,2022-07-13,4.816,5.4141,0.5981
test,2022-07-14,4.792,5.3637,0.5717
test,2022-07-15,4.622,5.3259,0.7039
test,2022-07-16,4.688,5.3277,0.6397
test,2022-07-17,4.618,5.3207,0.7027
test,2022-07-18,4.692,5.3065,0.6145
test,2022-07-19,4.66,5.2878,0.6278
test,2022-07-20,4.64,5.3092,0.6692
test,2022-07-21,4.834,5.3516,0.5176
test,2022-07-22,4.834,5.4246,0.5906
test,2022-07-23,4.784,5.4653,0.6813
test,2022-07-24,4.762,5.5018,0.7398
test,2022-07-25,4.812,5.5946,0.7826
test,2022-07-26,4.946,5.6549,0.7089
test,2022-07-27,6.24,5.6999,-0.5401
test,2022-07-28,5.39,6.2032,0.8132
test,2022-07-29,4.922,5.9246,1.0026
test,2022-07-30,5.196,5.7909,0.5949
test,2022-07-31,5.008,5.8319,0.8239
test,2022-08-01,4.896,5.7234,0.8274
test,2022-08-02,4.982,5.6793,0.6973
test,2022-08-03,5.276,5.7143,0.4383
test,2022-08-04,5.214,5.8644,0.6504
test,2022-08-05,4.966,5.8176,0.8516
test,2022-08-06,4.916,5.7287,0.8127
test,2022-08-07,5.072,5.7277,0.6557
test,2022-08-08,5.04,5.7302,0.6902
test,2022-08-09,5.322,5.6961,0.3741
test,2022-08-10,4.908,5.7897,0.8817
test,2022-08-11,4.802,5.6944,0.8924
test,2022-08-12,4.72,5.6784,0.9584
test,2022-08-13,4.706,5.631,0.925
test,2022-08-14,5.282,5.5751,0.2931
test,2022-08-15,5.014,5.7945,0.7805
test,2022-08-16,4.744,5.6978,0.9538
test,2022-08-17,4.776,5.6142,0.8382
test,2022-08-18,4.832,5.5807,0.7487
test,2022-08-19,4.796,5.5575,0.7615
test,2022-08-20,5.206,5.5659,0.3599
test,2022-08-21,4.856,5.6818,0.8258
test,2022-08-22,4.778,5.6093,0.8313
test,2022-08-23,4.862,5.5866,0.7246
test,2022-08-24,5.67,5.7978,0.1278
test,2022-08-25,5.184,6.0272,0.8432
test,2022-08-26,5.044,5.7826,0.7386
test,2022-08-27,4.912,5.782,0.87
test,2022-08-28,5.25,5.8201,0.5701
test,2022-08-29,4.848,5.8639,1.0159
test,2022-08-30,4.726,5.6714,0.9454
test,2022-08-31,4.632,5.5959,0.9639
test,2022-09-01,4.6,5.5455,0.9455
test,2022-09-02,4.61,5.5034,0.8934
test,2022-09-03,4.612,5.5161,0.9041
test,2022-09-04,5.182,5.5552,0.3732
test,2022-09-05,5.824,5.7976,-0.0264
test,2022-09-06,5.734,6.2212,0.4872
test,2022-09-07,5.078,6.1877,1.1097
test,2022-09-08,5.516,5.8839,0.3679
test,2022-09-09,5.316,5.9967,0.6807
test,2022-09-10,5.368,5.9151,0.5471
test,2022-09-11,5.296,5.9819,0.6859
test,2022-09-12,5.198,5.9917,0.7937
test,2022-09-13,5.154,6.0887,0.9347
test,2022-09-14,5.514,6.1749,0.6609
test,2022-09-15,5.642,6.3319,0.6899
test,2022-09-16,5.514,6.2714,0.7574
test,2022-09-17,5.234,6.1877,0.9537
test,2022-09-18,5.138,5.9475,0.8095
test,2022-09-19,5.276,5.8623,0.5863
test,2022-09-20,5.426,5.8873,0.4613
test,2022-09-21,5.048,5.8958,0.8478
test,2022-09-22,4.95,5.7565,0.8065
test,2022-09-23,4.846,5.7143,0.8683
test,2022-09-24,4.786,5.6677,0.8817
test,2022-09-25,5.126,5.6201,0.4941
test,2022-09-26,4.926,5.7378,0.8118
test,2022-09-27,5.03,5.6637,0.6337
test,2022-09-28,5.572,5.7256,0.1536
test,2022-09-29,5.136,5.9238,0.7878
test,2022-09-30,5.002,5.765,0.763
test,2022-10-01,4.932,5.7021,0.7701
test,2022-10-02,5.226,5.6742,0.4482
test,2022-10-03,6.78,5.8088,-0.9712
test,2022-10-04,6.284,6.6023,0.3183
test,2022-10-05,6.468,6.3751,-0.0929
test,2022-10-06,6.658,6.7123,0.0543
test,2022-10-07,5.822,6.6758,0.8538
test,2022-10-08,5.418,6.2435,0.8255
test,2022-10-09,5.252,6.0502,0.7982
test,2022-10-10,5.16,5.9051,0.7451
test,2022-10-11,5.462,5.8081,0.3461
test,2022-10-12,5.078,5.8543,0.7763
test,2022-10-13,5.036,5.7388,0.7028
test,2022-10-14,5.134,5.7285,0.5945
test,2022-10-15,5.03,5.7058,0.6758
test,2022-10-16,4.81,5.6511,0.8411
test,2022-10-17,4.682,5.5862,0.9042
test,2022-10-18,4.656,5.5089,0.8529
test,2022-10-19,4.746,5.5075,0.7615
test,2022-10-20,4.642,5.5182,0.8762
test,2022-10-21,4.596,5.5006,0.9046
test,2022-10-22,4.548,5.4752,0.9272
test,2022-10-23,4.574,5.4378,0.8638
test,2022-10-24,4.72,5.4083,0.6883
test,2022-10-25,5.454,5.6856,0.2316
test,2022-10-26,5.456,5.9037,0.4477
test,2022-10-27,4.942,5.797,0.855
test,2022-10-28,4.812,5.7012,0.8892
test,2022-10-29,4.75,5.6334,0.8834
test,2022-10-30,4.762,5.562,0.8
test,2022-10-31,4.672,5.5098,0.8378
test,2022-11-01,4.584,5.4761,0.8921
test,2022-11-02,4.528,5.448,0.92
test,2022-11-03,4.51,5.4096,0.8996
test,2022-11-04,4.5,5.4037,0.9037
test,2022-11-05,4.5,5.4254,0.9254
test,2022-11-06,4.496,5.4297,0.9337
test,2022-11-07,4.486,5.4347,0.9487
test,2022-11-08,4.486,5.4289,0.9429
test,2022-11-09,4.496,5.4305,0.9345
test,2022-11-10,4.676,5.4389,0.7629
test,2022-11-11,4.67,5.4615,0.7915
test,2022-11-12,4.67,5.477,0.807
test,2022-11-13,4.67,5.4894,0.8194
test,2022-11-14,4.67,5.4975,0.8275
test,2022-11-15,4.66,5.4975,0.8375
test,2022-11-16,4.66,5.4934,0.8334
test,2022-11-17,4.66,5.4876,0.8276
test,2022-11-18,4.66,5.4862,0.8262
test,2022-11-19,4.65,5.4895,0.8395
test,2022-11-20,4.65,5.4804,0.8304
test,2022-11-21,4.65,5.4986,0.8486
test,2022-11-22,4.64,5.5046,0.8646
test,2022-11-23,4.64,5.4958,0.8558
test,2022-11-24,4.63,5.4872,0.8572
test,2022-11-25,4.62,5.4869,0.8669
test,2022-11-26,4.62,5.4852,0.8652
test,2022-11-27,4.62,5.4797,0.8597
test,2022-11-28,4.61,5.4816,0.8716
test,2022-11-29,4.61,5.5187,0.9087
test,2022-11-30,4.812,5.5564,0.7444
test,2022-12-01,4.664,5.6137,0.9497
test,2022-12-02,4.65,5.5429,0.8929
test,2022-12-03,4.65,5.5057,0.8557
test,2022-12-04,4.63,5.4879,0.8579
test,2022-12-05,4.62,5.4697,0.8497
test,2022-12-06,4.61,5.4586,0.8486
test,2022-12-07,4.668,5.4501,0.7821
test,2022-12-08,4.602,5.4586,0.8566
test,2022-12-09,4.6,5.4518,0.8518
test,2022-12-10,4.6,5.449,0.849
test,2022-12-11,4.594,5.4456,0.8516
test,2022-12-12,4.59,5.4477,0.8577
test,2022-12-13,4.59,5.4489,0.8589
test,2022-12-14,4.592,5.4501,0.8581
test,2022-12-15,4.712,5.4524,0.7404
test,2022-12-16,4.668,5.4737,0.8057
test,2022-12-17,4.648,5.4842,0.8362
test,2022-12-18,4.626,5.4883,0.8623
test,2022-12-19,4.618,5.4754,0.8574
test,2022-12-20,4.584,5.4694,0.8854
test,2022-12-21,4.58,5.4673,0.8873
test,2022-12-22,4.58,5.455,0.875
test,2022-12-23,4.582,5.4492,0.8672
test,2022-12-24,4.604,5.4539,0.8499
test,2022-12-25,4.58,5.4617,0.8817
test,2022-12-26,4.57,5.4609,0.8909
test,2022-12-27,4.56,5.4576,0.8976
test,2022-12-28,4.58,5.4668,0.8868
test,2022-12-29,4.67,5.5127,0.8427
test,2022-12-30,4.608,5.5334,0.9254
test,2022-12-31,4.584,5.5284,0.9444
test,2023-01-01,4.534,5.5342,1.0002
test,2023-01-02,4.612,5.5055,0.8935
test,2023-01-03,4.598,5.4956,0.8976
test,2023-01-04,4.574,5.4911,0.9171
test,2023-01-05,4.53,5.4894,0.9594
test,2023-01-06,4.53,5.4851,0.9551
test,2023-01-07,4.53,5.4757,0.9457
test,2023-01-08,4.52,5.4554,0.9354
test,2023-01-09,4.52,5.4418,0.9218
test,2023-01-10,4.536,5.4335,0.8975
test,2023-01-11,4.518,5.4266,0.9086
test,2023-01-12,4.466,5.421,0.955
test,2023-01-13,4.454,5.4158,0.9618
test,2023-01-14,4.44,5.4126,0.9726
test,2023-01-15,4.454,5.3898,0.9358
test,2023-01-16,4.45,5.3985,0.9485
test,2023-01-17,4.45,5.4069,0.9569
test,2023-01-18,4.46,5.4243,0.9643
test,2023-01-19,4.468,5.4399,0.9719
test,2023-01-20,4.454,5.4428,0.9888
test,2023-01-21,4.522,5.4325,0.9105
test,2023-01-22,4.478,5.4235,0.9455
test,2023-01-23,4.446,5.4135,0.9675
test,2023-01-24,4.484,5.3971,0.9131
test,2023-01-25,4.46,5.3922,0.9322
test,2023-01-26,4.45,5.3807,0.9307
test,2023-01-27,4.46,5.3709,0.9109
test,2023-01-28,4.48,5.3698,0.8898
test,2023-01-29,4.48,5.3687,0.8887
test,2023-01-30,4.47,5.3782,0.9082
test,2023-01-31,4.47,5.3703,0.9003
test,2023-02-01,4.46,5.3575,0.8975
test,2023-02-02,4.458,5.3461,0.8881
test,2023-02-03,4.44,5.3846,0.9446
test,2023-02-04,4.43,5.3672,0.9372
test,2023-02-05,4.44,5.3538,0.9138
test,2023-02-06,4.45,5.3546,0.9046
test,2023-02-07,4.454,5.3566,0.9026
test,2023-02-08,4.468,5.3487,0.8807
test,2023-02-09,4.434,5.3606,0.9266
test,2023-02-10,4.432,5.3578,0.9258
test,2023-02-11,4.458,5.3563,0.8983
test,2023-02-12,4.42,5.3468,0.9268
test,2023-02-13,4.42,5.3281,0.9081
test,2023-02-14,4.43,5.3687,0.9387
test,2023-02-15,4.43,5.3595,0.9295
test,2023-02-16,4.43,5.3523,0.9223
test,2023-02-17,4.42,5.3516,0.9316
test,2023-02-18,4.42,5.3449,0.9249
test,2023-02-19,4.42,5.3285,0.9085
test,2023-02-20,4.42,5.316,0.896
test,2023-02-21,4.42,5.3269,0.9069
test,2023-02-22,4.432,5.3316,0.8996
test,2023-02-23,4.46,5.3361,0.8761
test,2023-02-24,4.448,5.345,0.897
test,2023-02-25,4.43,5.3532,0.9232
test,2023-02-26,4.42,5.3435,0.9235
test,2023-02-27,4.418,5.3463,0.9283
test,2023-02-28,4.39,5.3211,0.9311
test,2023-03-01,4.38,5.3174,0.9374
test,2023-03-02,4.38,5.3172,0.9372
test,2023-03-03,4.38,5.3063,0.9263
test,2023-03-04,4.38,5.3013,0.9213
test,2023-03-05,4.4,5.2951,0.8951
test,2023-03-06,4.41,5.2909,0.8809
test,2023-03-07,4.388,5.2943,0.9063
test,2023-03-08,4.37,5.2994,0.9294
test,2023-03-09,4.36,5.28,0.92
test,2023-03-10,4.36,5.2914,0.9314
test,2023-03-11,4.38,5.2703,0.8903
test,2023-03-12,4.36,5.287,0.927
test,2023-03-13,4.37,5.2801,0.9101
test,2023-03-14,4.37,5.272,0.902
test,2023-03-15,4.38,5.2629,0.8829
test,2023-03-16,4.39,5.2898,0.8998
test,2023-03-17,4.41,5.3234,0.9134
test,2023-03-18,4.398,5.3138,0.9158
test,2023-03-19,4.372,5.326,0.954
test,2023-03-20,4.454,5.384,0.93
test,2023-03-21,4.47,5.4727,1.0027
test,2023-03-22,4.472,5.5087,1.0367
test,2023-03-23,4.51,5.4834,0.9734
test,2023-03-24,4.488,5.4595,0.9715
test,2023-03-25,4.456,5.4184,0.9624
test,2023-03-26,4.424,5.3841,0.9601
test,2023-03-27,4.4,5.353,0.953
test,2023-03-28,4.402,5.3241,0.9221
test,2023-03-29,4.426,5.3342,0.9082
test,2023-03-30,4.434,5.3352,0.9012
test,2023-03-31,4.486,5.3404,0.8544
test,2023-04-01,4.524,5.3936,0.8696
test,2023-04-02,4.586,5.4937,0.9077
test,2023-04-03,4.56,5.4919,0.9319
test,2023-04-04,4.828,5.4336,0.6056
test,2023-04-05,4.588,5.5019,0.9139
test,2023-04-06,4.57,5.4509,0.8809
test,2023-04-07,4.546,5.4338,0.8878
test,2023-04-08,4.542,5.3953,0.8533
test,2023-04-09,4.572,5.3622,0.7902
test,2023-04-10,4.412,5.3454,0.9334
test,2023-04-11,4.37,5.3099,0.9399
test,2023-04-12,4.36,5.2821,0.9221
test,2023-04-13,4.36,5.2732,0.9132
test,2023-04-14,4.36,5.2594,0.8994
test,2023-04-15,4.35,5.2503,0.9003
test,2023-04-16,4.37,5.241,0.871
test,2023-04-17,4.376,5.2509,0.8749
test,2023-04-18,4.332,5.27,0.938
test,2023-04-19,4.37,5.2762,0.9062
test,2023-04-20,4.384,5.287,0.903
test,2023-04-21,4.328,5.3024,0.9744
test,2023-04-22,4.426,5.2924,0.8664
test,2023-04-23,4.454,5.3388,0.8848
test,2023-04-24,4.448,5.3806,0.9326
test,2023-04-25,4.374,5.4134,1.0394
test,2023-04-26,4.35,5.3392,0.9892
test,2023-04-27,4.34,5.3115,0.9715
test,2023-04-28,4.334,5.2845,0.9505
test,2023-04-29,4.408,5.2782,0.8702
test,2023-04-30,4.39,5.2961,0.9061
test,2023-05-01,4.366,5.2927,0.9267
test,2023-05-02,4.29,5.3195,1.0295
test,2023-05-03,4.27,5.3252,1.0552
test,2023-05-04,4.272,5.3007,1.0287
test,2023-05-05,4.312,5.36,1.048
test,2023-05-06,4.36,5.3621,1.0021
test,2023-05-07,4.394,5.3533,0.9593
test,2023-05-08,4.32,5.3485,1.0285
test,2023-05-09,4.31,5.3208,1.0108
test,2023-05-10,4.312,5.3068,0.9948
test,2023-05-11,4.342,5.309,0.967
test,2023-05-12,4.39,5.3214,0.9314
test,2023-05-13,4.684,5.3329,0.6489
test,2023-05-14,4.412,5.4793,1.0673
test,2023-05-15,4.35,5.5854,1.2354
test,2023-05-16,4.33,5.4839,1.1539
test,2023-05-17,4.33,5.4485,1.1185
test,2023-05-18,4.364,5.4485,1.0845
test,2023-05-19,4.416,5.4672,1.0512
test,2023-05-20,4.398,5.4505,1.0525
test,2023-05-21,4.364,5.4205,1.0565
test,2023-05-22,4.364,5.4078,1.0438
test,2023-05-23,4.352,5.3946,1.0426
test,2023-05-24,4.51,5.3877,0.8777
test,2023-05-25,4.602,5.5743,0.9723
test,2023-05-26,4.432,5.7546,1.3226
test,2023-05-27,4.368,5.6007,1.2327
test,2023-05-28,4.36,5.5119,1.1519
test,2023-05-29,4.354,5.4768,1.1228
test,2023-05-30,4.362,5.4357,1.0737
test,2023-05-31,4.33,5.4022,1.0722
test,2023-06-01,4.31,5.3429,1.0329
test,2023-06-02,4.33,5.3488,1.0188
test,2023-06-03,4.32,5.3647,1.0447
test,2023-06-04,4.302,5.3663,1.0643
test,2023-06-05,4.33,5.364,1.034
test,2023-06-06,4.318,5.3719,1.0539
test,2023-06-07,4.3,5.3719,1.0719
test,2023-06-08,4.302,5.3759,1.0739
test,2023-06-09,4.396,5.4493,1.0533
test,2023-06-10,4.598,5.4994,0.9014
test,2023-06-11,4.54,5.6515,1.1115
test,2023-06-12,4.634,5.6649,1.0309
test,2023-06-13,4.566,5.639,1.073
test,2023-06-14,4.618,5.5745,0.9565
test,2023-06-15,4.528,5.6007,1.0727
test,2023-06-16,4.508,5.5618,1.0538
test,2023-06-17,5.482,5.555,0.073
test,2023-06-18,5.45,5.9513,0.5013
test,2023-06-19,5.512,5.9909,0.4789
test,2023-06-20,5.77,6.1943,0.4243
test,2023-06-21,5.15,6.2088,1.0588
test,2023-06-22,4.828,5.9172,1.0892
test,2023-06-23,4.6,5.7883,1.1883
test,2023-06-24,4.512,5.6498,1.1378
test,2023-06-25,4.478,5.556,1.078
test,2023-06-26,4.55,5.4974,0.9474
test,2023-06-27,4.584,5.4946,0.9106
test,2023-06-28,4.538,5.7307,1.1927
test,2023-06-29,4.584,5.701,1.117
test,2023-06-30,4.554,5.6158,1.0618
test,2023-07-01,5.496,5.597,0.101
test,2023-07-02,5.838,6.0514,0.2134
test,2023-07-03,5.436,6.252,0.816
test,2023-07-04,5.02,6.0495,1.0295
test,2023-07-05,4.95,5.8599,0.9099
test,2023-07-06,6.148,5.7703,-0.3777
test,2023-07-07,5.346,6.3413,0.9953
test,2023-07-08,4.906,5.9136,1.0076
test,2023-07-09,4.786,5.7631,0.9771
test,2023-07-10,4.754,5.7015,0.9475
test,2023-07-11,4.798,5.6974,0.8994
test,2023-07-12,4.672,5.6405,0.9685
test,2023-07-13,4.6,5.5453,0.9453
test,2023-07-14,4.564,5.5227,0.9587
test,2023-07-15,4.56,5.5203,0.9603
test,2023-07-16,4.55,5.5111,0.9611
test,2023-07-17,4.53,5.4703,0.9403
test,2023-07-18,4.528,5.4657,0.9377
test,2023-07-19,4.886,5.4407,0.5547
test,2023-07-20,4.702,5.5221,0.8201
test,2023-07-21,4.596,5.5132,0.9172
test,2023-07-22,4.442,5.5074,1.0654
test,2023-07-23,4.522,5.4642,0.9422
test,2023-07-24,4.548,5.4378,0.8898
test,2023-07-25,4.612,5.4275,0.8155
test,2023-07-26,5.294,5.4385,0.1445
test,2023-07-27,4.962,5.6773,0.7153
test,2023-07-28,4.758,5.6422,0.8842
test,2023-07-29,4.814,5.6147,0.8007
test,2023-07-30,4.73,5.6132,0.8832
test,2023-07-31,4.652,5.5425,0.8905
test,2023-08-01,5.32,5.5352,0.2152
test,2023-08-02,4.834,5.86,1.026
test,2023-08-03,4.81,5.7562,0.9462
test,2023-08-04,5.418,5.8151,0.3971
test,2023-08-05,5.882,6.2099,0.3279
test,2023-08-06,5.676,6.4238,0.7478
test,2023-08-07,6.968,6.6807,-0.2873
test,2023-08-08,8.354,7.9746,-0.3794
test,2023-08-09,9.212,8.7807,-0.4313
test,2023-08-10,8.506,8.7347,0.2287
test,2023-08-11,7.226,8.6582,1.4322
test,2023-08-12,6.48,7.7375,1.2575
test,2023-08-13,6.01,7.0549,1.0449
test,2023-08-14,5.736,6.8306,1.0946
test,2023-08-15,5.672,6.4147,0.7427
test,2023-08-16,5.812,6.2432,0.4312
test,2023-08-17,7.02,6.2785,-0.7415
test,2023-08-18,6.244,6.9164,0.6724
test,2023-08-19,5.71,6.3573,0.6473
test,2023-08-20,5.42,6.1982,0.7782
test,2023-08-21,5.296,6.0409,0.7449
test,2023-08-22,5.172,5.8695,0.6975
test,2023-08-23,5.072,5.8409,0.7689
test,2023-08-24,5.02,5.8764,0.8564
test,2023-08-25,4.952,5.845,0.893
test,2023-08-26,4.94,5.7988,0.8588
test,2023-08-27,5.454,5.7957,0.3417
test,2023-08-28,7.046,6.0249,-1.0211
test,2023-08-29,6.488,6.693,0.205
test,2023-08-30,5.726,6.352,0.626
test,2023-08-31,5.414,6.0947,0.6807
test,2023-09-01,6.022,6.0014,-0.0206
test,2023-09-02,5.468,6.2133,0.7453
test,2023-09-03,5.518,5.8553,0.3373
test,2023-09-04,5.966,5.8748,-0.0912
test,2023-09-05,5.378,6.0196,0.6416
test,2023-09-06,5.09,5.8013,0.7113
test,2023-09-07,5.244,5.7006,0.4566
test,2023-09-08,5.74,5.7631,0.0231
test,2023-09-09,5.404,6.0721,0.6681
test,2023-09-10,5.126,5.8819,0.7559
test,2023-09-11,5.028,5.7478,0.7198
test,2023-09-12,5.272,5.7613,0.4893
test,2023-09-13,5.15,5.822,0.672
test,2023-09-14,5.328,5.734,0.406
test,2023-09-15,5.028,5.7602,0.7322
test,2023-09-16,4.982,5.6867,0.7047
test,2023-09-17,4.826,5.6486,0.8226
test,2023-09-18,4.838,5.5711,0.7331
test,2023-09-19,5.098,5.6998,0.6018
test,2023-09-20,5.194,5.7436,0.5496
test,2023-09-21,5.04,5.8406,0.8006
test,2023-09-22,5.258,5.8003,0.5423
test,2023-09-23,5.008,5.8356,0.8276
test,2023-09-24,5.066,5.7492,0.6832
test,2023-09-25,5.098,5.727,0.629
test,2023-09-26,4.938,5.6813,0.7433
test,2023-09-27,4.89,5.6219,0.7319
test,2023-09-28,4.84,5.6202,0.7802
test,2023-09-29,4.838,5.6004,0.7624
test,2023-09-30,4.926,5.5909,0.6649
test,2023-10-01,4.83,5.6379,0.8079
test,2023-10-02,4.772,5.607,0.835
test,2023-10-03,4.73,5.5795,0.8495
test,2023-10-04,4.716,5.5946,0.8786
test,2023-10-05,4.89,5.6086,0.7186
test,2023-10-06,5.096,5.7446,0.6486
test,2023-10-07,4.896,5.8549,0.9589
test,2023-10-08,4.854,5.7043,0.8503
test,2023-10-09,5.098,5.677,0.579
test,2023-10-10,4.908,5.7492,0.8412
test,2023-10-11,4.922,5.6597,0.7377
test,2023-10-12,4.872,5.6401,0.7681
test,2023-10-13,4.84,5.6235,0.7835
test,2023-10-14,4.854,5.6142,0.7602
test,2023-10-15,4.832,5.6061,0.7741
test,2023-10-16,4.814,5.5878,0.7738
test,2023-10-17,4.776,5.5754,0.7994
test,2023-10-18,4.638,5.5574,0.9194
test,2023-10-19,4.614,5.5199,0.9059
test,2023-10-20,4.604,5.4982,0.8942
test,2023-10-21,4.65,5.486,0.836
test,2023-10-22,4.672,5.4787,0.8067
test,2023-10-23,4.554,5.4909,0.9369
test,2023-10-24,4.538,5.5506,1.0126
test,2023-10-25,4.592,5.6153,1.0233
test,2023-10-26,4.576,5.6568,1.0808
test,2023-10-27,4.68,5.6052,0.9252
test,2023-10-28,4.634,5.5575,0.9235
test,2023-10-29,4.612,5.5362,0.9242
test,2023-10-30,4.564,5.5149,0.9509
test,2023-10-31,4.546,5.4944,0.9484
test,2023-11-01,4.506,5.4736,0.9676
test,2023-11-02,4.488,5.4496,0.9616
test,2023-11-03,4.478,5.4258,0.9478
test,2023-11-04,4.47,5.415,0.945
test,2023-11-05,4.47,5.4195,0.9495
test,2023-11-06,4.49,5.4302,0.9402
test,2023-11-07,4.48,5.435,0.955
test,2023-11-08,4.48,5.428,0.948
test,2023-11-09,4.48,5.4307,0.9507
test,2023-11-10,4.48,5.4412,0.9612
test,2023-11-11,4.468,5.4388,0.9708
test,2023-11-12,4.436,5.4373,1.0013
test,2023-11-13,4.39,5.4311,1.0411
test,2023-11-14,4.38,5.4225,1.0425
test,2023-11-15,4.37,5.4154,1.0454
test,2023-11-16,4.36,5.4161,1.0561
test,2023-11-17,4.746,5.4776,0.7316
test,2023-11-18,6.656,6.1372,-0.5188
test,2023-11-19,6.718,7.0696,0.3516
test,2023-11-20,5.698,6.7821,1.0841
test,2023-11-21,5.16,6.3912,1.2312
test,2023-11-22,4.902,6.1719,1.2699
test,2023-11-23,4.854,5.9349,1.0809
test,2023-11-24,4.838,5.7726,0.9346
test,2023-11-25,4.792,5.6474,0.8554
test,2023-11-26,4.73,5.6337,0.9037
test,2023-11-27,4.692,5.6286,0.9366
test,2023-11-28,4.628,5.5905,0.9625
test,2023-11-29,4.594,5.5565,0.9625
test,2023-11-30,4.58,5.533,0.953
test,2023-12-01,4.556,5.5165,0.9605
test,2023-12-02,4.53,5.4459,0.9159
test,2023-12-03,4.53,5.4218,0.8918
test,2023-12-04,4.52,5.4211,0.9011
test,2023-12-05,4.52,5.4231,0.9031
test,2023-12-06,4.532,5.5067,0.9747
test,2023-12-07,4.708,5.5595,0.8515
test,2023-12-08,4.85,5.7308,0.8808
test,2023-12-09,4.982,5.7935,0.8115
test,2023-12-10,4.724,5.6854,0.9614
test,2023-12-11,4.61,5.601,0.991
test,2023-12-12,4.566,5.5345,0.9685
test,2023-12-13,4.55,5.4795,0.9295
test,2023-12-14,4.54,5.4562,0.9162
test,2023-12-15,4.53,5.4419,0.9119
test,2023-12-16,4.53,5.4313,0.9013
test,2023-12-17,4.504,5.4282,0.9242
test,2023-12-18,4.5,5.4413,0.9413
test,2023-12-19,4.5,5.4478,0.9478
test,2023-12-20,4.49,5.456,0.966
test,2023-12-21,4.49,5.4535,0.9635
test,2023-12-22,4.49,5.4404,0.9504
test,2023-12-23,4.528,5.4597,0.9317
test,2023-12-24,4.494,5.4822,0.9882
test,2023-12-25,4.48,5.4941,1.0141
test,2023-12-26,4.48,5.4877,1.0077
test,2023-12-27,4.47,5.4806,1.0106
test,2023-12-28,4.45,5.4697,1.0197
test,2023-12-29,4.45,5.454,1.004
test,2023-12-30,4.45,5.4435,0.9935
test,2023-12-31,4.45,5.4266,0.9766
test,2024-01-01,4.44,5.4161,0.9761
test,2024-01-02,4.44,5.4048,0.9648
test,2024-01-03,4.44,5.4015,0.9615
test,2024-01-04,4.44,5.4093,0.9693
test,2024-01-05,4.43,5.4085,0.9785
test,2024-01-06,4.43,5.4119,0.9819
test,2024-01-07,4.42,5.4162,0.9962
test,2024-01-08,4.42,5.4164,0.9964
test,2024-01-09,4.42,5.4198,0.9998
test,2024-01-10,4.42,5.4197,0.9997
test,2024-01-11,4.42,5.4212,1.0012
test,2024-01-12,4.42,5.4344,1.0144
test,2024-01-13,4.42,5.4387,1.0187
test,2024-01-14,4.41,5.4456,1.0356
test,2024-01-15,4.41,5.4539,1.0439
test,2024-01-16,4.4,5.4614,1.0614
test,2024-01-17,4.4,5.4747,1.0747
test,2024-01-18,4.4,5.4864,1.0864
test,2024-01-19,4.39,5.4631,1.0731
test,2024-01-20,4.39,5.4482,1.0582
test,2024-01-21,4.446,5.4402,0.9942
test,2024-01-22,4.43,5.4399,1.0099
test,2024-01-23,4.43,5.458,1.028
test,2024-01-24,4.41,5.4591,1.0491
test,2024-01-25,4.4,5.4587,1.0587
test,2024-01-26,4.4,5.4926,1.0926
test,2024-01-27,4.39,5.467,1.077
test,2024-01-28,4.39,5.4584,1.0684
test,2024-01-29,4.38,5.4489,1.0689
test,2024-01-30,4.38,5.4329,1.0529
test,2024-01-31,4.37,5.4227,1.0527
test,2024-02-01,4.36,5.4006,1.0406
test,2024-02-02,4.36,5.4117,1.0517
test,2024-02-03,4.358,5.4042,1.0462
test,2024-02-04,4.324,5.4211,1.0971
test,2024-02-05,4.31,5.4113,1.1013
test,2024-02-06,4.266,5.3855,1.1195
test,2024-02-07,4.246,5.3602,1.1142
test,2024-02-08,4.32,5.3638,1.0438
test,2024-02-09,4.348,5.3856,1.0376
test,2024-02-10,4.296,5.3908,1.0948
test,2024-02-11,4.258,5.3808,1.1228
test,2024-02-12,4.342,5.3696,1.0276
test,2024-02-13,4.304,5.3626,1.0586
test,2024-02-14,4.324,5.353,1.029
test,2024-02-15,4.31,5.3327,1.0227
test,2024-02-16,4.33,5.3387,1.0087
test,2024-02-17,4.33,5.3318,1.0018
test,2024-02-18,4.324,5.327,1.003
test,2024-02-19,4.356,5.3267,0.9707
test,2024-02-20,4.32,5.3246,1.0046
test,2024-02-21,4.32,5.3001,0.9801
test,2024-02-22,4.346,5.3176,0.9716
test,2024-02-23,4.408,5.3472,0.9392
test,2024-02-24,4.702,5.4363,0.7343
test,2024-02-25,4.408,5.4979,1.0899
test,2024-02-26,4.362,5.4437,1.0817
test,2024-02-27,4.344,5.4154,1.0714
test,2024-02-28,4.31,5.3617,1.0517
test,2024-02-29,4.32,5.3391,1.0191
test,2024-03-01,4.32,5.3108,0.9908
test,2024-03-02,4.31,5.3152,1.0052
test,2024-03-03,4.284,5.3081,1.0241
test,2024-03-04,4.272,5.2948,1.0228
test,2024-03-05,4.306,5.2839,0.9779
test,2024-03-06,4.308,5.315,1.007
test,2024-03-07,4.27,5.311,1.041
test,2024-03-08,4.272,5.2987,1.0267
test,2024-03-09,4.3,5.2926,0.9926
test,2024-03-10,4.276,5.2932,1.0172
test,2024-03-11,4.26,5.3051,1.0451
test,2024-03-12,4.26,5.2824,1.0224
test,2024-03-13,4.26,5.2575,0.9975
test,2024-03-14,4.272,5.2464,0.9744
test,2024-03-15,4.3,5.2731,0.9731
test,2024-03-16,4.3,5.2743,0.9743
test,2024-03-17,4.31,5.2828,0.9728
test,2024-03-18,4.31,5.2708,0.9608
test,2024-03-19,4.294,5.2579,0.9639
test,2024-03-20,4.28,5.259,0.979
test,2024-03-21,4.28,5.2938,1.0138
test,2024-03-22,4.272,5.3152,1.0432
test,2024-03-23,4.304,5.3259,1.0219
test,2024-03-24,4.31,5.2942,0.9842
test,2024-03-25,4.654,5.3307,0.6767
test,2024-03-26,4.422,5.429,1.007
test,2024-03-27,4.38,5.3837,1.0037
test,2024-03-28,4.356,5.3691,1.0131
test,2024-03-29,4.356,5.3375,0.9815
test,2024-03-30,4.418,5.3565,0.9385
test,2024-03-31,4.468,5.36,0.892
test,2024-04-01,4.606,5.3742,0.7682
test,2024-04-02,4.624,5.4038,0.7798
test,2024-04-03,4.508,5.4526,0.9446
test,2024-04-04,4.488,5.4299,0.9419
test,2024-04-05,4.446,5.3953,0.9493
test,2024-04-06,4.358,5.3786,1.0206
test,2024-04-07,4.34,5.3433,1.0033
test,2024-04-08,4.392,5.318,0.926
test,2024-04-09,4.344,5.3205,0.9765
test,2024-04-10,4.266,5.298,1.032
test,2024-04-11,4.268,5.2588,0.9908
test,2024-04-12,4.328,5.2643,0.9363
test,2024-04-13,4.308,5.2648,0.9568
test,2024-04-14,4.274,5.268,0.994
test,2024-04-15,4.218,5.257,1.039
test,2024-04-16,4.21,5.2494,1.0394
test,2024-04-17,4.23,5.2337,1.0037
test,2024-04-18,4.29,5.2301,0.9401
test,2024-04-19,4.746,5.3384,0.5924
test,2024-04-20,4.596,5.439,0.843
test,2024-04-21,4.424,5.4375,1.0135
test,2024-04-22,4.448,5.4184,0.9704
test,2024-04-23,4.398,5.4016,1.0036
test,2024-04-24,4.344,5.3666,1.0226
test,2024-04-25,4.32,5.32,1.0
test,2024-04-26,4.32,5.3108,0.9908
test,2024-04-27,4.31,5.3169,1.0069
test,2024-04-28,4.3,5.3133,1.0133
test,2024-04-29,4.26,5.3192,1.0592
test,2024-04-30,4.258,5.3095,1.0515
test,2024-05-01,4.22,5.3159,1.0959
test,2024-05-02,4.21,5.3137,1.1037
test,2024-05-03,4.552,5.403,0.851
test,2024-05-04,5.374,5.7335,0.3595
test,2024-05-05,5.042,5.8528,0.8108
test,2024-05-06,4.77,5.8965,1.1265
test,2024-05-07,4.928,5.8395,0.9115
test,2024-05-08,4.776,5.8216,1.0456
test,2024-05-09,4.638,5.686,1.048
test,2024-05-10,4.578,5.5621,0.9841
test,2024-05-11,4.508,5.5073,0.9993
test,2024-05-12,4.648,5.494,0.846
test,2024-05-13,4.766,5.515,0.749
test,2024-05-14,4.5,5.5059,1.0059
test,2024-05-15,4.428,5.462,1.034
test,2024-05-16,4.362,5.4364,1.0744
test,2024-05-17,4.25,5.3679,1.1179
test,2024-05-18,4.304,5.3174,1.0134
test,2024-05-19,4.346,5.2802,0.9342
test,2024-05-20,4.314,5.3457,1.0317
test,2024-05-21,4.32,5.3528,1.0328
test,2024-05-22,4.3,5.3499,1.0499
test,2024-05-23,4.27,5.3214,1.0514
test,2024-05-24,4.26,5.3091,1.0491
test,2024-05-25,4.266,5.3121,1.0461
test,2024-05-26,4.578,5.2973,0.7193
test,2024-05-27,4.428,5.4236,0.9956
test,2024-05-28,6.112,5.9041,-0.2079
test,2024-05-29,7.182,7.4682,0.2862
test,2024-05-30,5.998,7.2029,1.2049
test,2024-05-31,5.246,6.5461,1.3001
test,2024-06-01,4.87,6.2611,1.3911
test,2024-06-02,4.738,6.0187,1.2807
test,2024-06-03,4.596,5.8802,1.2842
test,2024-06-04,4.568,5.6589,1.0909
test,2024-06-05,4.924,5.6099,0.6859
test,2024-06-06,4.596,5.7186,1.1226
test,2024-06-07,4.562,5.6208,1.0588
test,2024-06-08,5.85,5.6316,-0.2184
test,2024-06-09,6.182,6.1016,-0.0804
test,2024-06-10,5.436,6.3406,0.9046
test,2024-06-11,5.406,6.0253,0.6193
test,2024-06-12,5.258,6.0283,0.7703
test,2024-06-13,4.878,5.9781,1.1001
test,2024-06-14,5.358,5.7542,0.3962
test,2024-06-15,5.638,5.9397,0.3017
test,2024-06-16,5.066,6.063,0.997
test,2024-06-17,4.908,5.8036,0.8956
test,2024-06-18,4.928,5.7323,0.8043
test,2024-06-19,5.118,5.703,0.585
test,2024-06-20,6.18,5.8262,-0.3538
test,2024-06-21,5.77,6.3252,0.5552
test,2024-06-22,5.28,6.1564,0.8764
test,2024-06-23,4.984,5.9283,0.9443
test,2024-06-24,4.82,5.7608,0.9408
test,2024-06-25,4.702,5.6086,0.9066
test,2024-06-26,4.636,5.5036,0.8676
test,2024-06-27,5.494,5.3989,-0.0951
test,2024-06-28,5.186,5.8351,0.6491
test,2024-06-29,4.996,5.8129,0.8169
test,2024-06-30,5.216,5.8279,0.6119
test,2024-07-01,6.046,6.0495,0.0035
test,2024-07-02,8.018,6.8514,-1.1666
test,2024-07-03,9.096,8.267,-0.829
test,2024-07-04,8.648,8.7649,0.1169
test,2024-07-05,7.516,8.9575,1.4415
test,2024-07-06,6.668,7.9761,1.3081
test,2024-07-07,6.262,7.0499,0.7879
test,2024-07-08,5.846,6.6876,0.8416
test,2024-07-09,5.654,6.2758,0.6218
test,2024-07-10,5.538,6.1262,0.5882
test,2024-07-11,5.486,6.1222,0.6362
test,2024-07-12,5.412,6.0824,0.6704
test,2024-07-13,5.444,6.0436,0.5996
test,2024-07-14,5.182,5.9525,0.7705
test,2024-07-15,5.112,5.7543,0.6423
test,2024-07-16,4.914,5.6686,0.7546
test,2024-07-17,4.864,5.5879,0.7239
test,2024-07-18,4.838,5.6223,0.7843
test,2024-07-19,4.778,5.597,0.819
test,2024-07-20,4.74,5.5463,0.8063
test,2024-07-21,4.842,5.4994,0.6574
test,2024-07-22,4.812,5.4803,0.6683
test,2024-07-23,4.774,5.5428,0.7688
test,2024-07-24,4.804,5.529,0.725
test,2024-07-25,4.92,5.5196,0.5996
test,2024-07-26,4.778,5.5478,0.7698
test,2024-07-27,4.682,5.4525,0.7705
test,2024-07-28,4.656,5.4492,0.7932
test,2024-07-29,4.602,5.4171,0.8151
test,2024-07-30,4.526,5.3702,0.8442
test,2024-07-31,4.298,5.3782,1.0802
test,2024-08-01,4.716,5.3109,0.5949
test,2024-08-02,6.66,5.8227,-0.8373
test,2024-08-03,9.462,7.2703,-2.1917
test,2024-08-04,9.534,8.9123,-0.6217
test,2024-08-05,8.75,9.1142,0.3642
test,2024-08-06,7.364,9.0053,1.6413
test,2024-08-07,6.226,7.872,1.646
test,2024-08-08,5.84,6.9641,1.1241
test,2024-08-09,5.728,6.6231,0.8951
test,2024-08-10,5.792,6.3472,0.5552
test,2024-08-11,5.686,6.4264,0.7404
test,2024-08-12,5.922,6.297,0.375
test,2024-08-13,5.938,6.458,0.52
test,2024-08-14,5.9,6.3113,0.4113
test,2024-08-15,5.566,6.193,0.627
test,2024-08-16,5.428,6.016,0.588
test,2024-08-17,5.298,6.1477,0.8497
test,2024-08-18,6.148,6.7414,0.5934
test,2024-08-19,6.234,7.5297,1.2957
test,2024-08-20,9.868,7.6567,-2.2113
test,2024-08-21,11.194,10.3555,-0.8385
test,2024-08-22,12.184,10.6967,-1.4873
test,2024-08-23,12.438,11.1757,-1.2623
test,2024-08-24,12.252,11.053,-1.199
test,2024-08-25,12.042,10.8019,-1.2401
test,2024-08-26,11.722,11.0095,-0.7125
test,2024-08-27,11.394,10.6505,-0.7435
test,2024-08-28,11.014,10.4315,-0.5825
test,2024-08-29,10.598,10.0892,-0.5088
test,2024-08-30,10.266,9.563,-0.703
test,2024-08-31,9.852,9.3402,-0.5118
test,2024-09-01,9.334,8.9316,-0.4024
test,2024-09-02,8.92,8.7521,-0.1679
test,2024-09-03,8.77,8.6438,-0.1262
test,2024-09-04,8.61,8.9235,0.3135
test,2024-09-05,7.968,8.6278,0.6598
test,2024-09-06,7.536,8.1043,0.5683
test,2024-09-07,7.3,7.7912,0.4912
test,2024-09-08,7.022,7.5882,0.5662
test,2024-09-09,6.76,7.3052,0.5452
test,2024-09-10,6.5,7.0432,0.5432
test,2024-09-11,6.152,6.837,0.685
test,2024-09-12,6.114,6.6359,0.5219
test,2024-09-13,6.046,6.5082,0.4622
test,2024-09-14,6.032,6.4832,0.4512
test,2024-09-15,5.948,6.6758,0.7278
test,2024-09-16,5.83,6.5915,0.7615
test,2024-09-17,5.67,6.4214,0.7514
test,2024-09-18,5.548,6.2555,0.7075
test,2024-09-19,5.574,6.1056,0.5316
test,2024-09-20,5.438,6.0415,0.6035
test,2024-09-21,5.268,5.9829,0.7149
test,2024-09-22,5.094,5.8693,0.7753
test,2024-09-23,5.022,5.8642,0.8422
test,2024-09-24,4.954,5.7417,0.7877
test,2024-09-25,5.886,5.6843,-0.2017
test,2024-09-26,6.518,5.8528,-0.6652
test,2024-09-27,6.022,6.1833,0.1613
test,2024-09-28,5.56,6.0682,0.5082
test,2024-09-29,5.17,5.9999,0.8299
test,2024-09-30,5.294,5.8743,0.5803
test,2024-10-01,5.72,5.8036,0.0836
test,2024-10-02,5.27,5.9685,0.6985
test,2024-10-03,5.624,5.9398,0.3158
test,2024-10-04,6.022,6.9201,0.8981
test,2024-10-05,5.826,7.0357,1.2097
test,2024-10-06,6.324,6.4262,0.1022
test,2024-10-07,6.188,6.4812,0.2932
test,2024-10-08,6.006,6.4254,0.4194
test,2024-10-09,5.76,6.3796,0.6196
test,2024-10-10,6.266,6.2725,0.0065
test,2024-10-11,6.086,6.5014,0.4154
test,2024-10-12,5.708,6.3332,0.6252
test,2024-10-13,5.496,6.1629,0.6669
test,2024-10-14,5.374,6.0655,0.6915
test,2024-10-15,5.326,5.954,0.628
test,2024-10-16,5.124,5.8741,0.7501
test,2024-10-17,5.052,5.7791,0.7271
test,2024-10-18,4.932,5.6888,0.7568
test,2024-10-19,5.014,5.6251,0.6111
test,2024-10-20,4.984,5.599,0.615
test,2024-10-21,5.012,5.6125,0.6005
test,2024-10-22,4.852,5.5796,0.7276
test,2024-10-23,4.794,5.5385,0.7445
test,2024-10-24,4.788,5.526,0.738
test,2024-10-25,5.094,5.6542,0.5602
test,2024-10-26,5.032,5.6746,0.6426
test,2024-10-27,4.908,5.6097,0.7017
test,2024-10-28,4.742,5.5801,0.8381
test,2024-10-29,4.682,5.532,0.85
test,2024-10-30,4.618,5.4797,0.8617
test,2024-10-31,4.584,5.4375,0.8535
test,2024-11-01,4.582,5.429,0.847
test,2024-11-02,5.3,5.4087,0.1087
test,2024-11-03,4.948,5.5225,0.5745
test,2024-11-04,4.624,5.536,0.912
test,2024-11-05,4.574,5.5023,0.9283
test,2024-11-06,4.544,5.4629,0.9189
test,2024-11-07,4.652,5.4648,0.8128
test,2024-11-08,4.576,5.4382,0.8622
test,2024-11-09,4.476,5.4398,0.9638
test,2024-11-10,4.446,5.4313,0.9853
test,2024-11-11,4.496,5.418,0.922
test,2024-11-12,4.474,5.4093,0.9353
test,2024-11-13,4.464,5.4142,0.9502
test,2024-11-14,4.46,5.4138,0.9538
test,2024-11-15,4.454,5.4124,0.9584
test,2024-11-16,4.45,5.3987,0.9487
test,2024-11-17,4.44,5.3931,0.9531
test,2024-11-18,4.428,5.4035,0.9755
test,2024-11-19,4.41,5.415,1.005
test,2024-11-20,4.4,5.406,1.006
test,2024-11-21,4.39,5.3944,1.0044
test,2024-11-22,4.39,5.404,1.014
test,2024-11-23,4.38,5.4045,1.0245
test,2024-11-24,4.374,5.4142,1.0402
test,2024-11-25,4.37,5.4234,1.0534
test,2024-11-26,4.37,5.4264,1.0564
test,2024-11-27,4.392,5.4182,1.0262
test,2024-11-28,4.38,5.4167,1.0367
test,2024-11-29,4.38,5.4173,1.0373
test,2024-11-30,4.444,5.4312,0.9872
test,2024-12-01,4.43,5.4613,1.0313
test,2024-12-02,4.42,5.445,1.025
test,2024-12-03,4.418,5.4412,1.0232
test,2024-12-04,4.386,5.4365,1.0505
test,2024-12-05,4.36,5.4241,1.0641
test,2024-12-06,4.35,5.4055,1.0555
test,2024-12-07,4.39,5.4,1.01
test,2024-12-08,4.38,5.4118,1.0318
test,2024-12-09,4.38,5.4136,1.0336
test,2024-12-10,4.366,5.4097,1.0437
test,2024-12-11,4.35,5.4188,1.0688
test,2024-12-12,4.34,5.4208,1.0808
test,2024-12-13,4.34,5.4195,1.0795
test,2024-12-14,4.34,5.4193,1.0793
test,2024-12-15,4.33,5.426,1.096
test,2024-12-16,4.33,5.423,1.093
test,2024-12-17,4.32,5.4075,1.0875
test,2024-12-18,4.364,5.4036,1.0396
test,2024-12-19,4.358,5.4245,1.0665
test,2024-12-20,4.32,5.4276,1.1076
test,2024-12-21,4.31,5.4056,1.0956
test,2024-12-22,4.31,5.4177,1.1077
test,2024-12-23,4.31,5.4315,1.1215
test,2024-12-24,4.3,5.4067,1.1067
test,2024-12-25,4.29,5.3949,1.1049
test,2024-12-26,4.284,5.4112,1.1272
test,2024-12-27,4.272,5.4326,1.1606
test,2024-12-28,4.238,5.4091,1.1711
test,2024-12-29,4.22,5.3819,1.1619
test,2024-12-30,4.22,5.3677,1.1477
test,2024-12-31,4.21,5.3672,1.1572
test,2025-01-01,4.284,5.3602,1.0762
test,2025-01-02,4.28,5.3637,1.0837
test,2025-01-03,4.28,5.3779,1.0979
test,2025-01-04,4.28,5.3821,1.1021
test,2025-01-05,4.288,5.3759,1.0879
test,2025-01-06,4.252,5.3797,1.1277
test,2025-01-07,4.232,5.3639,1.1319
test,2025-01-08,4.176,5.3569,1.1809
test,2025-01-09,4.126,5.3694,1.2434
test,2025-01-10,4.172,5.3776,1.2056
test,2025-01-11,4.174,5.37,1.196
test,2025-01-12,4.252,5.3558,1.1038
test,2025-01-13,4.26,5.3471,1.0871
test,2025-01-14,4.246,5.3536,1.1076
test,2025-01-15,4.174,5.3687,1.1947
test,2025-01-16,4.116,5.3594,1.2434
test,2025-01-17,4.084,5.3368,1.2528
test,2025-01-18,4.118,5.3127,1.1947
test,2025-01-19,4.202,5.2997,1.0977
test,2025-01-20,4.22,5.3076,1.0876
test,2025-01-21,4.2,5.3227,1.1227
test,2025-01-22,4.18,5.3322,1.1522
test,2025-01-23,4.206,5.3359,1.1299
test,2025-01-24,4.216,5.3424,1.1264
test,2025-01-25,4.23,5.3432,1.1132
test,2025-01-26,4.238,5.3426,1.1046
test,2025-01-27,4.206,5.3768,1.1708
test,2025-01-28,4.188,5.3517,1.1637
test,2025-01-29,4.164,5.3535,1.1895
test,2025-01-30,4.158,5.3614,1.2034
test,2025-01-31,4.13,5.3218,1.1918
test,2025-02-01,4.132,5.3351,1.2031
test,2025-02-02,4.162,5.3407,1.1787
test,2025-02-03,4.214,5.3249,1.1109
test,2025-02-04,4.216,5.3295,1.1135
test,2025-02-05,4.188,5.3226,1.1346
test,2025-02-06,4.124,5.3071,1.1831
test,2025-02-07,4.162,5.2917,1.1297
test,2025-02-08,4.188,5.3062,1.1182
test,2025-02-09,4.154,5.3112,1.1572
test,2025-02-10,4.15,5.306,1.156
test,2025-02-11,4.14,5.3016,1.1616
test,2025-02-12,4.142,5.2834,1.1414
test,2025-02-13,4.174,5.2839,1.1099
test,2025-02-14,4.2,5.2875,1.0875
test,2025-02-15,4.2,5.3044,1.1044
test,2025-02-16,4.19,5.3089,1.1189
test,2025-02-17,4.17,5.2903,1.1203
test,2025-02-18,4.17,5.2845,1.1145
test,2025-02-19,4.17,5.2798,1.1098
test,2025-02-20,4.15,5.2857,1.1357
test,2025-02-21,4.15,5.2788,1.1288
test,2025-02-22,4.14,5.269,1.129
test,2025-02-23,4.16,5.2625,1.1025
test,2025-02-24,4.17,5.2639,1.0939
test,2025-02-25,4.16,5.2882,1.1282
test,2025-02-26,4.16,5.2877,1.1277
test,2025-02-27,4.15,5.2893,1.1393
test,2025-02-28,4.14,5.2685,1.1285
test,2025-03-01,4.142,5.2412,1.0992
test,2025-03-02,4.17,5.242,1.072
test,2025-03-03,4.17,5.2366,1.0666
test,2025-03-04,4.19,5.2386,1.0486
test,2025-03-05,4.16,5.2643,1.1043
test,2025-03-06,4.17,5.2525,1.0825
test,2025-03-07,4.176,5.2473,1.0713
test,2025-03-08,4.13,5.2662,1.1362
test,2025-03-09,4.13,5.2502,1.1202
test,2025-03-10,4.12,5.2437,1.1237
test,2025-03-11,4.11,5.2511,1.1411
test,2025-03-12,4.102,5.2111,1.1091
test,2025-03-13,4.12,5.2131,1.0931
test,2025-03-14,4.12,5.2198,1.0998
test,2025-03-15,4.128,5.2371,1.1091
test,2025-03-16,4.11,5.2577,1.1477
test,2025-03-17,4.114,5.2491,1.1351
test,2025-03-18,4.158,5.2427,1.0847
test,2025-03-19,4.13,5.2546,1.1246
test,2025-03-20,4.12,5.2645,1.1445
test,2025-03-21,4.1,5.2652,1.1652
test,2025-03-22,4.11,5.274,1.164
test,2025-03-23,4.112,5.2989,1.1869
test,2025-03-24,4.154,5.3055,1.1515
test,2025-03-25,4.084,5.2597,1.1757
test,2025-03-26,4.1,5.2354,1.1354
test,2025-03-27,4.09,5.2172,1.1272
test,2025-03-28,4.08,5.1944,1.1144
test,2025-03-29,4.07,5.2191,1.1491
test,2025-03-30,4.08,5.2218,1.1418
test,2025-03-31,4.08,5.2253,1.1453
test,2025-04-01,4.078,5.2214,1.1434
test,2025-04-02,4.054,5.2311,1.1771
test,2025-04-03,4.074,5.2427,1.1687
test,2025-04-04,4.08,5.2356,1.1556
test,2025-04-05,4.06,5.2403,1.1803
test,2025-04-06,4.06,5.2538,1.1938
test,2025-04-07,4.07,5.2554,1.1854
test,2025-04-08,4.07,5.2505,1.1805
test,2025-04-09,4.064,5.2576,1.1936
test,2025-04-10,4.132,5.2559,1.1239
test,2025-04-11,4.08,5.255,1.175
test,2025-04-12,4.072,5.2924,1.2204
test,2025-04-13,4.092,5.2867,1.1947
test,2025-04-14,4.064,5.2718,1.2078
test,2025-04-15,4.042,5.2594,1.2174
test,2025-04-16,4.062,5.259,1.197
test,2025-04-17,4.118,5.2818,1.1638
test,2025-04-18,4.318,5.3417,1.0237
test,2025-04-19,4.38,5.4119,1.0319
test,2025-04-20,4.766,5.4652,0.6992
test,2025-04-21,4.486,5.6618,1.1758
test,2025-04-22,4.392,5.5883,1.1963
test,2025-04-23,4.744,5.5156,0.7716
test,2025-04-24,4.432,5.5814,1.1494
test,2025-04-25,4.334,5.4811,1.1471
test,2025-04-26,4.254,5.4211,1.1671
test,2025-04-27,4.2,5.366,1.166
test,2025-04-28,4.176,5.3305,1.1545
test,2025-04-29,4.236,5.3279,1.0919
test,2025-04-30,4.328,5.388,1.06
test,2025-05-01,4.198,5.3806,1.1826
test,2025-05-02,4.058,5.3571,1.2991
test,2025-05-03,4.324,5.3335,1.0095
test,2025-05-04,4.256,5.351,1.095
test,2025-05-05,4.212,5.3447,1.1327
test,2025-05-06,4.176,5.3232,1.1472
test,2025-05-07,4.136,5.3027,1.1667
test,2025-05-08,4.162,5.288,1.126
test,2025-05-09,4.138,5.2809,1.1429
test,2025-05-10,4.11,5.2668,1.1568
test,2025-05-11,4.12,5.2616,1.1416
test,2025-05-12,4.116,5.2609,1.1449
test,2025-05-13,4.41,5.2567,0.8467
test,2025-05-14,4.372,5.3503,0.9783
test,2025-05-15,4.26,5.3616,1.1016
test,2025-05-16,4.184,5.3461,1.1621
test,2025-05-17,4.176,5.3303,1.1543
test,2025-05-18,4.548,5.3206,0.7726
test,2025-05-19,5.346,5.4125,0.0665
test,2025-05-20,4.896,5.751,0.855
test,2025-05-21,5.724,5.7456,0.0216
test,2025-05-22,5.5,6.2486,0.7486
test,2025-05-23,5.108,6.096,0.988
test,2025-05-24,4.862,5.923,1.061
test,2025-05-25,4.512,5.8089,1.2969
test,2025-05-26,4.59,5.5852,0.9952
test,2025-05-27,4.674,5.5455,0.8715
test,2025-05-28,4.89,5.544,0.654
test,2025-05-29,4.538,5.7719,1.2339
test,2025-05-30,5.706,5.8918,0.1858
test,2025-05-31,7.474,7.2687,-0.2053
test,2025-06-01,6.724,7.8009,1.0769
test,2025-06-02,7.29,7.1464,-0.1436
test,2025-06-03,7.34,7.713,0.373
test,2025-06-04,7.28,7.3532,0.0732
test,2025-06-05,6.712,7.7902,1.0782
test,2025-06-06,5.954,7.0371,1.0831
test,2025-06-07,5.378,6.5478,1.1698
test,2025-06-08,5.162,6.152,0.99
test,2025-06-09,5.102,5.9247,0.8227
test,2025-06-10,5.32,5.7985,0.4785
test,2025-06-11,5.2,5.9109,0.7109
test,2025-06-12,4.918,6.0797,1.1617
test,2025-06-13,4.858,5.8644,1.0064
test,2025-06-14,4.718,5.7042,0.9862
test,2025-06-15,4.726,5.5966,0.8706
test,2025-06-16,4.766,5.6247,0.8587
test,2025-06-17,4.582,5.6718,1.0898
test,2025-06-18,4.906,5.64,0.734
test,2025-06-19,5.126,5.9671,0.8411
test,2025-06-20,6.48,6.0188,-0.4612
test,2025-06-21,5.894,6.705,0.811
test,2025-06-22,5.45,6.2661,0.8161
test,2025-06-23,5.118,6.065,0.947
test,2025-06-24,4.964,5.8923,0.9283
test,2025-06-25,4.858,5.7364,0.8784
test,2025-06-26,4.788,5.5901,0.8021
test,2025-06-27,4.736,5.5293,0.7933
test,2025-06-28,4.792,5.5217,0.7297
test,2025-06-29,4.684,5.5336,0.8496
test,2025-06-30,4.56,5.4914,0.9314
test,2025-07-01,4.536,5.4495,0.9135
test,2025-07-02,4.458,5.4608,1.0028
test,2025-07-03,4.496,5.3877,0.8917
test,2025-07-04,4.432,5.444,1.012
test,2025-07-05,4.42,5.4737,1.0537
test,2025-07-06,4.364,5.5415,1.1775
test,2025-07-07,4.34,5.5469,1.2069
test,2025-07-08,4.496,5.7366,1.2406
test,2025-07-09,8.554,6.1813,-2.3727
test,2025-07-10,9.598,8.6418,-0.9562
test,2025-07-11,8.838,9.0797,0.2417
test,2025-07-12,7.644,8.5559,0.9119
test,2025-07-13,6.772,7.9798,1.2078
test,2025-07-14,6.23,7.3019,1.0719
test,2025-07-15,6.564,6.969,0.405
test,2025-07-16,6.18,6.8689,0.6889
test,2025-07-17,5.786,6.4767,0.6907
test,2025-07-18,5.936,6.3361,0.4001
test,2025-07-19,5.638,6.536,0.898
test,2025-07-20,5.398,6.2969,0.8989
test,2025-07-21,6.776,6.1257,-0.6503
test,2025-07-22,7.734,6.715,-1.019
test,2025-07-23,7.0,7.2858,0.2858
test,2025-07-24,7.416,7.3615,-0.0545
test,2025-07-25,8.422,7.8479,-0.5741
test,2025-07-26,7.702,8.5074,0.8054
test,2025-07-27,7.624,7.754,0.13
test,2025-07-28,7.684,7.8842,0.2002
test,2025-07-29,7.282,8.1023,0.8203
test,2025-07-30,6.684,7.353,0.669
test,2025-07-31,6.132,6.7518,0.6198
test,2025-08-01,6.032,6.4443,0.4123
test,2025-08-02,5.712,6.4322,0.7202
test,2025-08-03,5.496,6.1993,0.7033
test,2025-08-04,5.5,6.0705,0.5705
test,2025-08-05,6.872,5.9517,-0.9203
test,2025-08-06,7.946,6.7772,-1.1688
test,2025-08-07,7.64,7.5505,-0.0895
test,2025-08-08,7.294,7.2854,-0.0086
test,2025-08-09,6.79,7.4444,0.6544
test,2025-08-10,6.282,7.0542,0.7722
test,2025-08-11,5.992,6.668,0.676
test,2025-08-12,5.802,6.4162,0.6142
test,2025-08-13,5.716,6.2015,0.4855
test,2025-08-14,6.474,6.1596,-0.3144
test,2025-08-15,6.372,6.5595,0.1875
test,2025-08-16,7.39,6.3363,-1.0537
test,2025-08-17,7.378,7.0942,-0.2838
test,2025-08-18,6.738,7.0793,0.3413
test,2025-08-19,6.804,6.5743,-0.2297
test,2025-08-20,6.268,6.7124,0.4444
test,2025-08-21,5.96,6.4431,0.4831
test,2025-08-22,5.798,6.354,0.556
test,2025-08-23,5.712,6.3622,0.6502
test,2025-08-24,5.694,6.2845,0.5905
test,2025-08-25,5.622,6.227,0.605
test,2025-08-26,5.44,6.0446,0.6046
test,2025-08-27,5.284,5.9039,0.6199
test,2025-08-28,5.242,5.804,0.562
test,2025-08-29,5.19,5.7145,0.5245
test,2025-08-30,5.21,5.6985,0.4885
test,2025-08-31,5.296,5.6761,0.3801
test,2025-09-01,5.756,5.6773,-0.0787
test,2025-09-02,5.178,5.8052,0.6272
test,2025-09-03,5.1,5.698,0.598
test,2025-09-04,5.264,5.6511,0.3871
test,2025-09-05,5.308,5.6301,0.3221
test,2025-09-06,5.052,5.6234,0.5714
test,2025-09-07,6.146,5.572,-0.574
test,2025-09-08,7.896,6.0319,-1.8641
test,2025-09-09,6.736,7.2211,0.4851
test,2025-09-10,5.994,6.7619,0.7679
test,2025-09-11,5.962,6.4274,0.4654
test,2025-09-12,5.972,6.3467,0.3747
test,2025-09-13,5.9,6.2451,0.3451
test,2025-09-14,5.888,6.1536,0.2656
test,2025-09-15,6.314,6.3375,0.0235
test,2025-09-16,6.49,6.7814,0.2914
test,2025-09-17,6.168,6.733,0.565
test,2025-09-18,5.842,6.3828,0.5408
test,2025-09-19,5.656,6.2316,0.5756
test,2025-09-20,5.578,6.1039,0.5259
test,2025-09-21,5.878,6.0094,0.1314
test,2025-09-22,5.834,6.1631,0.3291
test,2025-09-23,5.948,6.1862,0.2382
test,2025-09-24,5.674,6.2084,0.5344
test,2025-09-25,5.498,6.0722,0.5742
test,2025-09-26,5.454,5.9741,0.5201
test,2025-09-27,5.378,5.9004,0.5224
test,2025-09-28,5.538,5.8087,0.2707
test,2025-09-29,5.66,5.8489,0.1889
test,2025-09-30,5.376,5.8989,0.5229
test,2025-10-01,6.488,5.8172,-0.6708
test,2025-10-02,7.808,6.4761,-1.3319
test,2025-10-03,7.384,7.5978,0.2138
test,2025-10-04,6.752,7.0974,0.3454
test,2025-10-05,6.272,6.8436,0.5716
test,2025-10-06,6.04,6.5685,0.5285
test,2025-10-07,6.02,6.3979,0.3779
test,2025-10-08,5.888,6.2598,0.3718
test,2025-10-09,6.206,6.1689,-0.0371
test,2025-10-10,6.15,6.3824,0.2324
test,2025-10-11,6.212,6.5044,0.2924
test,2025-10-12,6.762,6.7115,-0.0505
test,2025-10-13,6.334,6.7315,0.3975
test,2025-10-14,5.846,6.3654,0.5194
test,2025-10-15,5.612,6.1768,0.5648
test,2025-10-16,5.46,6.0546,0.5946
test,2025-10-17,5.408,5.9579,0.5499
test,2025-10-18,5.232,5.8904,0.6584
test,2025-10-19,5.166,5.79,0.624
test,2025-10-20,5.12,5.7202,0.6002
test,2025-10-21,5.072,5.6744,0.6024
test,2025-10-22,5.122,5.6275,0.5055
test,2025-10-23,5.07,5.5954,0.5254
test,2025-10-24,5.018,5.5683,0.5503
test,2025-10-25,5.154,5.5475,0.3935
test,2025-10-26,5.024,5.5622,0.5382
test,2025-10-27,4.948,5.5533,0.6053
test,2025-10-28,4.902,5.5309,0.6289
test,2025-10-29,4.822,5.5031,0.6811
test,2025-10-30,4.79,5.465,0.675
test,2025-10-31,4.86,5.4472,0.5872
test,2025-11-01,4.772,5.4478,0.6758
test,2025-11-02,4.762,5.4326,0.6706
test,2025-11-03,4.852,5.4282,0.5762
test,2025-11-04,4.928,5.4708,0.5428
test,2025-11-05,4.772,5.4938,0.7218
test,2025-11-06,5.174,5.5293,0.3553
test,2025-11-07,4.968,5.6806,0.7126
test,2025-11-08,4.83,5.6087,0.7787
test,2025-11-09,4.758,5.5441,0.7861
test,2025-11-10,4.724,5.5106,0.7866
test,2025-11-11,4.694,5.4844,0.7904
test,2025-11-12,4.732,5.4708,0.7388
test,2025-11-13,4.764,5.4908,0.7268
test,2025-11-14,4.728,5.5062,0.7782
test,2025-11-15,4.696,5.5099,0.8139
test,2025-11-16,4.666,5.5111,0.8451
test,2025-11-17,4.636,5.5031,0.8671
test,2025-11-18,4.614,5.4833,0.8693
test,2025-11-19,4.59,5.4623,0.8723
test,2025-11-20,4.514,5.4549,0.9409
test,2025-11-21,4.524,5.4481,0.9241
test,2025-11-22,4.506,5.45,0.944
test,2025-11-23,4.506,5.4432,0.9372
test,2025-11-24,4.488,5.4464,0.9584
test,2025-11-25,4.476,5.4403,0.9643
test,2025-11-26,4.46,5.4303,0.9703
test,2025-11-27,4.444,5.4321,0.9881
test,2025-11-28,4.432,5.4209,0.9889
test,2025-11-29,4.416,5.4086,0.9926
test,2025-11-30,4.41,5.403,0.993
test,2025-12-01,4.402,5.4021,1.0001
test,2025-12-02,4.398,5.3865,0.9885
test,2025-12-03,4.394,5.3884,0.9944
test,2025-12-04,4.358,5.4021,1.0441
test,2025-12-05,4.35,5.3948,1.0448
test,2025-12-06,4.352,5.3846,1.0326
test,2025-12-07,4.366,5.3863,1.0203
test,2025-12-08,4.356,5.3897,1.0337
test,2025-12-09,4.35,5.3886,1.0386
test,2025-12-10,4.346,5.3902,1.0442
test,2025-12-11,4.338,5.3919,1.0539
test,2025-12-12,4.334,5.3868,1.0528
test,2025-12-13,4.312,5.3835,1.0715
test,2025-12-14,4.3,5.3786,1.0786
test,2025-12-15,4.298,5.3754,1.0774
test,2025-12-16,4.3,5.3748,1.0748
test,2025-12-17,4.306,5.3813,1.0753
test,2025-12-18,4.288,5.3867,1.0987
test,2025-12-19,4.286,5.3833,1.0973
test,2025-12-20,4.284,5.3751,1.0911
test,2025-12-21,4.292,5.3742,1.0822
test,2025-12-22,4.286,5.3912,1.1052
test,2025-12-23,4.278,5.3769,1.0989
test,2025-12-24,4.282,5.3763,1.0943
test,2025-12-25,4.284,5.394,1.11
test,2025-12-26,4.292,5.4079,1.1159
test,2025-12-27,4.29,5.4111,1.1211
test,2025-12-28,4.286,5.4056,1.1196
test,2025-12-29,4.338,5.4107,1.0727
test,2025-12-30,4.35,5.4398,1.0898
test,2025-12-31,4.416,5.462,1.046
